2025-04-21 21:39:09,005 - INFO - Loaded config file: configs/generated_configs/crimeData/crimeData_anon_k20_sl0p3_l2.yaml
2025-04-21 21:39:09,005 - INFO -  Benchmarking started for dataset: crimeData
2025-04-21 21:39:09,005 - INFO - Using dataset path: /mnt/NVMETank/Projects/Students/Dele/A-STUDY-INTO-THE-QUALITY-AND-USABILITY-OF-PRIVACY-FRIENDLY-SYNTHETIC-DATA/datasets/original/crimeData.csv
2025-04-21 21:39:09,005 - INFO - Target column: Status, separator: ','
2025-04-21 21:39:09,005 - INFO - Configuration loaded: enable_anonymization = True, enable_synthesis = False, enable_hybrid = True, enable_utility = True, delete_after_evaluation = True
2025-04-21 21:39:09,005 - INFO - Running preprocessing...
2025-04-21 21:39:09,009 - INFO -  [PREPROCESSING] Preprocessed files found. Skipping preprocessing.
2025-04-21 21:39:11,334 - INFO - Preprocessing completed. Rows before: 974477, after: 260402
2025-04-21 21:39:11,335 - INFO - Preprocessed data saved to: outputs/batch/crimeData_batch_2025-04-20_21-30-12/crimeData_anon_k20_sl0p3_l2/preprocessing_report.txt
2025-04-21 21:39:11,335 - INFO - enable_anonymization = True
2025-04-21 21:39:11,335 - INFO - Starting Anonymization Pipeline with output path: /mnt/NVMETank/Projects/Students/Dele/A-STUDY-INTO-THE-QUALITY-AND-USABILITY-OF-PRIVACY-FRIENDLY-SYNTHETIC-DATA/datasets/anonymized/crimeData_k20_l2_sup30_anonymized.csv.......
2025-04-21 21:39:11,340 - INFO -  [ANONYMIZATION] Executing run_anonymization, config_path : configs/generated_configs/crimeData/crimeData_anon_k20_sl0p3_l2.yaml...........
2025-04-21 21:39:11,340 - INFO -  [ANONYMIZATION] Using JAR file at /mnt/NVMETank/Projects/Students/Dele/A-STUDY-INTO-THE-QUALITY-AND-USABILITY-OF-PRIVACY-FRIENDLY-SYNTHETIC-DATA/src/anonymization/anonymARXij/bin/anonymARXij.jar to anonymize the dataset.
2025-04-21 21:39:18,747 - INFO -  [ANONYMIZATION] Anonimized file saved to : /mnt/NVMETank/Projects/Students/Dele/A-STUDY-INTO-THE-QUALITY-AND-USABILITY-OF-PRIVACY-FRIENDLY-SYNTHETIC-DATA/datasets/anonymized/crimeData_k20_l2_sup30_anonymized.csv
2025-04-21 21:39:18,747 - INFO -  [ANONYMIZATION] Java anonymization completed successfully.
2025-04-21 21:39:18,747 - INFO -  [ANONYMIZATION] Java STDOUT:
📄 Java received config path: /mnt/NVMETank/Projects/Students/Dele/A-STUDY-INTO-THE-QUALITY-AND-USABILITY-OF-PRIVACY-FRIENDLY-SYNTHETIC-DATA/configs/generated_configs/crimeData/crimeData_anon_k20_sl0p3_l2.yaml
🔹 Loading config from: /mnt/NVMETank/Projects/Students/Dele/A-STUDY-INTO-THE-QUALITY-AND-USABILITY-OF-PRIVACY-FRIENDLY-SYNTHETIC-DATA/configs/generated_configs/crimeData/crimeData_anon_k20_sl0p3_l2.yaml
Loading config from: /mnt/NVMETank/Projects/Students/Dele/A-STUDY-INTO-THE-QUALITY-AND-USABILITY-OF-PRIVACY-FRIENDLY-SYNTHETIC-DATA/configs/generated_configs/crimeData/crimeData_anon_k20_sl0p3_l2.yaml
📂 Dataset Path (from args): /mnt/NVMETank/Projects/Students/Dele/A-STUDY-INTO-THE-QUALITY-AND-USABILITY-OF-PRIVACY-FRIENDLY-SYNTHETIC-DATA/datasets/train/crimeData_train_raw.csv
🔹 Dataset Separator: ,
🔹 Suppression Limit: 0.3

🔹 Configured Attributes:
  ✅ Quasi-Identifier: Victim_age
  ✅ Quasi-Identifier: Victim_sex
  ✅ Quasi-Identifier: Victim_descent
  ✅ Quasi-Identifier: LAT
  ✅ Quasi-Identifier: LON
  ✅ Sensitive Attribute: Crime_Code
  ✅ Insensitive Attribute: DR_NO
  ✅ Insensitive Attribute: Time_occured
  ✅ Insensitive Attribute: Premis
  ✅ Insensitive Attribute: Weapon
  ✅ Insensitive Attribute: Status

🔹 Defined Hierarchies:
  ✅ Victim_sex -> /mnt/NVMETank/Projects/Students/Dele/A-STUDY-INTO-THE-QUALITY-AND-USABILITY-OF-PRIVACY-FRIENDLY-SYNTHETIC-DATA/src/anonymization/anonymARXij/src/hierarchies/hierarchy_sex.csv
  ✅ Victim_descent -> /mnt/NVMETank/Projects/Students/Dele/A-STUDY-INTO-THE-QUALITY-AND-USABILITY-OF-PRIVACY-FRIENDLY-SYNTHETIC-DATA/src/anonymization/anonymARXij/src/hierarchies/hierarchy_descent.csv
  ✅ Victim_age -> /mnt/NVMETank/Projects/Students/Dele/A-STUDY-INTO-THE-QUALITY-AND-USABILITY-OF-PRIVACY-FRIENDLY-SYNTHETIC-DATA/src/anonymization/anonymARXij/src/hierarchies/hierarchy_age_4.csv
Java is searching for hierarchy file at: /mnt/NVMETank/Projects/Students/Dele/A-STUDY-INTO-THE-QUALITY-AND-USABILITY-OF-PRIVACY-FRIENDLY-SYNTHETIC-DATA/src/anonymization/anonymARXij/src/hierarchies/hierarchy_sex.csv
Java is searching for hierarchy file at: /mnt/NVMETank/Projects/Students/Dele/A-STUDY-INTO-THE-QUALITY-AND-USABILITY-OF-PRIVACY-FRIENDLY-SYNTHETIC-DATA/src/anonymization/anonymARXij/src/hierarchies/hierarchy_descent.csv
Java is searching for hierarchy file at: /mnt/NVMETank/Projects/Students/Dele/A-STUDY-INTO-THE-QUALITY-AND-USABILITY-OF-PRIVACY-FRIENDLY-SYNTHETIC-DATA/src/anonymization/anonymARXij/src/hierarchies/hierarchy_age_4.csv
Interval-based hierarchy created for: LAT
Interval-based hierarchy created for: LON
🔹 Privacy Models Configured
📂 Anonymized Output Path (from args): /mnt/NVMETank/Projects/Students/Dele/A-STUDY-INTO-THE-QUALITY-AND-USABILITY-OF-PRIVACY-FRIENDLY-SYNTHETIC-DATA/datasets/anonymized/crimeData_k20_l2_sup30_anonymized.csv
📂 Anonymized Output Path: /mnt/NVMETank/Projects/Students/Dele/A-STUDY-INTO-THE-QUALITY-AND-USABILITY-OF-PRIVACY-FRIENDLY-SYNTHETIC-DATA/datasets/anonymized/crimeData_k20_l2_sup30_anonymized.csv
✅ Anonymization completed. Output saved to: /mnt/NVMETank/Projects/Students/Dele/A-STUDY-INTO-THE-QUALITY-AND-USABILITY-OF-PRIVACY-FRIENDLY-SYNTHETIC-DATA/datasets/anonymized/crimeData_k20_l2_sup30_anonymized.csv
Anonymized Data Quality Metrics:
 - Ambiguity: 0.9933790594614015
 - AECS: 0.9954466152030195
 - Discernibility: 0.9769607463894333
 - Granularity: 0.5762291012591171
 - MSE: 7.690860915718911E-4
 - Non-Uniform Entropy: 0.22732248291841084
 - Precision: 0.8445455488053087
 - Record-level SE: 0.7401746034454025
Equivalence Class Statistics:
 - Number of Classes: 218
 - Average Class Size: 1186.8394495412845
Suppression Statistics:
 - Suppressed Records: 1671
 - Suppression Percentage: 0.64%
2025-04-21 21:39:18,748 - INFO - Anonymized data saved to: /mnt/NVMETank/Projects/Students/Dele/A-STUDY-INTO-THE-QUALITY-AND-USABILITY-OF-PRIVACY-FRIENDLY-SYNTHETIC-DATA/datasets/anonymized/crimeData_k20_l2_sup30_anonymized.csv
2025-04-21 21:39:20,027 - INFO - Anonymous data report saved at: outputs/batch/crimeData_batch_2025-04-20_21-30-12/crimeData_anon_k20_sl0p3_l2/anonymous_data_report.txt
2025-04-21 21:39:20,028 - INFO -  [POSTPROCESSING] Postprocessing anonymized data: /mnt/NVMETank/Projects/Students/Dele/A-STUDY-INTO-THE-QUALITY-AND-USABILITY-OF-PRIVACY-FRIENDLY-SYNTHETIC-DATA/datasets/anonymized/crimeData_k20_l2_sup30_anonymized.csv
2025-04-21 21:39:20,378 - INFO -  [POSTPROCESSING] Loaded anonymized data: (260402, 12)
2025-04-21 21:39:20,935 - INFO -  [POSTPROCESSING] Loaded fallback maps from training data. Categorical cols: 7, Numeric cols: 5
2025-04-21 21:39:20,935 - INFO -  [POSTPROCESSING] Normalizing anonymized data using ARX artifact cleaning and fallback values.
2025-04-21 21:39:25,202 - INFO -  [POSTPROCESSING] Normalized anonymized data saved to: /mnt/NVMETank/Projects/Students/Dele/A-STUDY-INTO-THE-QUALITY-AND-USABILITY-OF-PRIVACY-FRIENDLY-SYNTHETIC-DATA/datasets/anonymized/crimeData_k20_l2_sup30_anonymized_processed.csv
2025-04-21 21:39:25,867 - INFO -  [POSTPROCESSING] Binary Encoding applied to anonymized data. Encoded shape: (260402, 47)
2025-04-21 21:39:27,536 - INFO -  [POSTPROCESSING] Encoded anonymized dataset saved to: /mnt/NVMETank/Projects/Students/Dele/A-STUDY-INTO-THE-QUALITY-AND-USABILITY-OF-PRIVACY-FRIENDLY-SYNTHETIC-DATA/datasets/anonymized/crimeData_k20_l2_sup30_anonymized_encoded.csv
2025-04-21 21:39:27,536 - INFO -  [POSTPROCESSING] Encoding map generated for anonymized data: 0 original categorical columns.
2025-04-21 21:39:27,548 - INFO - Postprocessing report saved at: outputs/batch/crimeData_batch_2025-04-20_21-30-12/crimeData_anon_k20_sl0p3_l2/postprocessing_report.txt
2025-04-21 21:39:27,549 - INFO - enable_synthetic_generation = False
2025-04-21 21:39:27,549 - INFO - Synthetic Data Generation Skipped (Disabled in Configuration).
2025-04-21 21:39:27,549 - INFO - Running Hybrid Pipeline...
2025-04-21 21:39:27,549 - INFO -  [HYBRID] Executing run_hybrid...
2025-04-21 21:39:27,549 - INFO -  [HYBRID] Looking for encoded anonymized data in /mnt/NVMETank/Projects/Students/Dele/A-STUDY-INTO-THE-QUALITY-AND-USABILITY-OF-PRIVACY-FRIENDLY-SYNTHETIC-DATA/datasets/anonymized/crimeData_k20_l2_sup30_anonymized_encoded.csv
2025-04-21 21:39:27,549 - INFO -  [HYBRID ] Loaded cached encoded anonymous data from /mnt/NVMETank/Projects/Students/Dele/A-STUDY-INTO-THE-QUALITY-AND-USABILITY-OF-PRIVACY-FRIENDLY-SYNTHETIC-DATA/datasets/anonymized/crimeData_k20_l2_sup30_anonymized_encoded.csv
2025-04-21 21:39:27,992 - INFO -  [HYBRID] Starting synthetic generation for hybrid pipeline...
2025-04-21 21:39:27,993 - INFO - Executing run_synthetic.....
2025-04-21 21:39:27,993 - INFO - [SYNTHETIC PIPELINE] executing run_synthetic for crimeData_k20_l2_sup30...
2025-04-21 21:39:27,993 - INFO - [SYNTHETIC] Processing dataset: crimeData_k20_l2_sup30
2025-04-21 21:39:27,993 - INFO - [SYNTHETIC] Original dataset size: 260402 rows
2025-04-21 21:39:28,264 - INFO - Detected metadata:
2025-04-21 21:39:28,264 - INFO - {
    "primary_key": "DR_NO",
    "columns": {
        "DR_NO": {
            "sdtype": "id"
        },
        "Date_occured_0": {
            "sdtype": "categorical"
        },
        "Date_occured_1": {
            "sdtype": "categorical"
        },
        "Date_occured_2": {
            "sdtype": "categorical"
        },
        "Date_occured_3": {
            "sdtype": "categorical"
        },
        "Date_occured_4": {
            "sdtype": "categorical"
        },
        "Date_occured_5": {
            "sdtype": "categorical"
        },
        "Date_occured_6": {
            "sdtype": "categorical"
        },
        "Date_occured_7": {
            "sdtype": "categorical"
        },
        "Date_occured_8": {
            "sdtype": "categorical"
        },
        "Date_occured_9": {
            "sdtype": "categorical"
        },
        "Date_occured_10": {
            "sdtype": "categorical"
        },
        "Time_occured": {
            "sdtype": "numerical"
        },
        "Crime_Code_0": {
            "sdtype": "categorical"
        },
        "Crime_Code_1": {
            "sdtype": "categorical"
        },
        "Crime_Code_2": {
            "sdtype": "categorical"
        },
        "Crime_Code_3": {
            "sdtype": "categorical"
        },
        "Crime_Code_4": {
            "sdtype": "categorical"
        },
        "Crime_Code_5": {
            "sdtype": "categorical"
        },
        "Crime_Code_6": {
            "sdtype": "categorical"
        },
        "Victim_age": {
            "sdtype": "numerical"
        },
        "Victim_sex_1": {
            "sdtype": "categorical"
        },
        "Victim_sex_2": {
            "sdtype": "categorical"
        },
        "Victim_descent_0": {
            "sdtype": "categorical"
        },
        "Victim_descent_1": {
            "sdtype": "categorical"
        },
        "Victim_descent_2": {
            "sdtype": "categorical"
        },
        "Victim_descent_3": {
            "sdtype": "categorical"
        },
        "Victim_descent_4": {
            "sdtype": "categorical"
        },
        "Premis_0": {
            "sdtype": "categorical"
        },
        "Premis_1": {
            "sdtype": "categorical"
        },
        "Premis_2": {
            "sdtype": "categorical"
        },
        "Premis_3": {
            "sdtype": "categorical"
        },
        "Premis_4": {
            "sdtype": "categorical"
        },
        "Premis_5": {
            "sdtype": "categorical"
        },
        "Premis_6": {
            "sdtype": "categorical"
        },
        "Premis_7": {
            "sdtype": "categorical"
        },
        "Premis_8": {
            "sdtype": "categorical"
        },
        "Weapon_0": {
            "sdtype": "categorical"
        },
        "Weapon_1": {
            "sdtype": "categorical"
        },
        "Weapon_2": {
            "sdtype": "categorical"
        },
        "Weapon_3": {
            "sdtype": "categorical"
        },
        "Weapon_4": {
            "sdtype": "categorical"
        },
        "Weapon_5": {
            "sdtype": "categorical"
        },
        "Weapon_6": {
            "sdtype": "categorical"
        },
        "Status": {
            "sdtype": "categorical"
        },
        "LAT": {
            "sdtype": "numerical"
        },
        "LON": {
            "sdtype": "numerical"
        }
    },
    "METADATA_SPEC_VERSION": "SINGLE_TABLE_V1"
}
2025-04-21 21:39:28,264 - INFO - [SYNTHETIC] Preparing synthesizer: CTGAN
2025-04-21 21:39:28,264 - INFO - [SYNTHETIC] Params from config: {'epochs': 300}
2025-04-21 21:39:28,264 - INFO -  [SYNTHETIC] No pre-trained synthesizer found
2025-04-21 21:39:28,265 - INFO - [SYNTHETIC] Training new CTGAN synthesizer from scratch...
2025-04-21 21:39:28,265 - WARNING - [FutureWarning] The 'SingleTableMetadata' is deprecated. Please use the new 'Metadata' class for synthesizers. (from /mnt/NVMETank/Projects/Students/Dele/A-STUDY-INTO-THE-QUALITY-AND-USABILITY-OF-PRIVACY-FRIENDLY-SYNTHETIC-DATA/.venv/lib/python3.12/site-packages/sdv/single_table/base.py:119)
2025-04-21 21:39:28,265 - WARNING - [UserWarning] We strongly recommend saving the metadata using 'save_to_json' for replicability in future SDV versions. (from /mnt/NVMETank/Projects/Students/Dele/A-STUDY-INTO-THE-QUALITY-AND-USABILITY-OF-PRIVACY-FRIENDLY-SYNTHETIC-DATA/.venv/lib/python3.12/site-packages/sdv/single_table/base.py:104)
2025-04-21 21:39:28,269 - INFO - {'EVENT': 'Instance', 'TIMESTAMP': datetime.datetime(2025, 4, 21, 21, 39, 28, 269717), 'SYNTHESIZER CLASS NAME': 'CTGANSynthesizer', 'SYNTHESIZER ID': 'CTGANSynthesizer_1.18.0_65bde37a968344cc83041884614a8fc2'}
2025-04-21 21:39:28,269 - INFO - [SYNTHETIC] CTGAN initialized with epochs: 300
2025-04-21 21:39:28,269 - INFO - [SYNTHETIC] Training parameters for CTGAN: {}
2025-04-21 21:39:28,269 - INFO - [SYNTHETIC] fitting CTGAN 
2025-04-21 21:39:28,269 - INFO - {'EVENT': 'Fit', 'TIMESTAMP': datetime.datetime(2025, 4, 21, 21, 39, 28, 269941), 'SYNTHESIZER CLASS NAME': 'CTGANSynthesizer', 'SYNTHESIZER ID': 'CTGANSynthesizer_1.18.0_65bde37a968344cc83041884614a8fc2', 'TOTAL NUMBER OF TABLES': 1, 'TOTAL NUMBER OF ROWS': 260402, 'TOTAL NUMBER OF COLUMNS': 47}
2025-04-21 21:39:28,577 - INFO - Fitting table  metadata
2025-04-21 21:39:28,608 - INFO - Fitting formatters for table 
2025-04-21 21:39:28,615 - INFO - No rounding scheme detected for column 'LAT'. Data will not be rounded.
2025-04-21 21:39:28,619 - INFO - No rounding scheme detected for column 'LON'. Data will not be rounded.
2025-04-21 21:39:28,619 - INFO - Fitting constraints for table 
2025-04-21 21:39:28,619 - INFO - Setting the configuration for the ``HyperTransformer`` for table 
2025-04-21 21:39:28,622 - INFO - Fitting HyperTransformer for table 
2025-04-21 21:39:28,891 - INFO - No rounding scheme detected for column 'LAT'. Data will not be rounded.
2025-04-21 21:39:28,987 - INFO - No rounding scheme detected for column 'LON'. Data will not be rounded.
2025-04-21 21:39:29,839 - INFO - {'EVENT': 'Fit processed data', 'TIMESTAMP': datetime.datetime(2025, 4, 21, 21, 39, 29, 839691), 'SYNTHESIZER CLASS NAME': 'CTGANSynthesizer', 'SYNTHESIZER ID': 'CTGANSynthesizer_1.18.0_65bde37a968344cc83041884614a8fc2', 'TOTAL NUMBER OF TABLES': 1, 'TOTAL NUMBER OF ROWS': 260402, 'TOTAL NUMBER OF COLUMNS': 46}
2025-04-21 21:39:29,954 - INFO - Guidance: There are no missing values in column Time_occured. Extra column not created.
2025-04-21 21:40:07,612 - INFO - Guidance: There are no missing values in column Victim_age. Extra column not created.
2025-04-21 21:40:47,783 - INFO - Guidance: There are no missing values in column LAT. Extra column not created.
2025-04-21 21:40:49,300 - INFO - Guidance: There are no missing values in column LON. Extra column not created.
2025-04-22 00:58:18,152 - INFO - [SYNTHETIC] Fitting complete for CTGAN. Duration: 11929.88 seconds.
2025-04-22 00:58:18,153 - INFO - [SYNTHETIC] CONFIRMATION CTGAN actually trained with epochs = 300
2025-04-22 00:58:18,153 - INFO - {'EVENT': 'Save', 'TIMESTAMP': datetime.datetime(2025, 4, 22, 0, 58, 18, 153121), 'SYNTHESIZER CLASS NAME': 'CTGANSynthesizer', 'SYNTHESIZER ID': 'CTGANSynthesizer_1.18.0_65bde37a968344cc83041884614a8fc2'}
2025-04-22 00:58:18,219 - INFO - [SYNTHETIC] CTGAN trained and saved.
2025-04-22 00:58:18,219 - INFO - [SYNTHETIC] Preparing synthesizer: GaussianCopula
2025-04-22 00:58:18,220 - INFO - [SYNTHETIC] Params from config: {}
2025-04-22 00:58:18,220 - INFO -  [SYNTHETIC] No pre-trained synthesizer found
2025-04-22 00:58:18,220 - INFO - [SYNTHETIC] Training new GaussianCopula synthesizer from scratch...
2025-04-22 00:58:18,220 - WARNING - [FutureWarning] The 'SingleTableMetadata' is deprecated. Please use the new 'Metadata' class for synthesizers. (from /mnt/NVMETank/Projects/Students/Dele/A-STUDY-INTO-THE-QUALITY-AND-USABILITY-OF-PRIVACY-FRIENDLY-SYNTHETIC-DATA/.venv/lib/python3.12/site-packages/sdv/single_table/base.py:119)
2025-04-22 00:58:18,225 - INFO - {'EVENT': 'Instance', 'TIMESTAMP': datetime.datetime(2025, 4, 22, 0, 58, 18, 225470), 'SYNTHESIZER CLASS NAME': 'GaussianCopulaSynthesizer', 'SYNTHESIZER ID': 'GaussianCopulaSynthesizer_1.18.0_abccf8564a02408cb6d30a0d6a0fe0c7'}
2025-04-22 00:58:18,225 - INFO - [SYNTHETIC] fitting GaussianCopula 
2025-04-22 00:58:18,225 - INFO - {'EVENT': 'Fit', 'TIMESTAMP': datetime.datetime(2025, 4, 22, 0, 58, 18, 225711), 'SYNTHESIZER CLASS NAME': 'GaussianCopulaSynthesizer', 'SYNTHESIZER ID': 'GaussianCopulaSynthesizer_1.18.0_abccf8564a02408cb6d30a0d6a0fe0c7', 'TOTAL NUMBER OF TABLES': 1, 'TOTAL NUMBER OF ROWS': 260402, 'TOTAL NUMBER OF COLUMNS': 47}
2025-04-22 00:58:18,587 - INFO - Fitting table  metadata
2025-04-22 00:58:18,611 - INFO - Fitting formatters for table 
2025-04-22 00:58:18,617 - INFO - No rounding scheme detected for column 'LAT'. Data will not be rounded.
2025-04-22 00:58:18,619 - INFO - No rounding scheme detected for column 'LON'. Data will not be rounded.
2025-04-22 00:58:18,619 - INFO - Fitting constraints for table 
2025-04-22 00:58:18,619 - INFO - Setting the configuration for the ``HyperTransformer`` for table 
2025-04-22 00:58:18,634 - INFO - Fitting HyperTransformer for table 
2025-04-22 00:58:41,698 - INFO - No rounding scheme detected for column 'LAT'. Data will not be rounded.
2025-04-22 00:58:41,797 - INFO - No rounding scheme detected for column 'LON'. Data will not be rounded.
2025-04-22 00:59:03,428 - INFO - {'EVENT': 'Fit processed data', 'TIMESTAMP': datetime.datetime(2025, 4, 22, 0, 59, 3, 428309), 'SYNTHESIZER CLASS NAME': 'GaussianCopulaSynthesizer', 'SYNTHESIZER ID': 'GaussianCopulaSynthesizer_1.18.0_abccf8564a02408cb6d30a0d6a0fe0c7', 'TOTAL NUMBER OF TABLES': 1, 'TOTAL NUMBER OF ROWS': 260402, 'TOTAL NUMBER OF COLUMNS': 46}
2025-04-22 00:59:03,436 - INFO - Fitting GaussianMultivariate(distribution="{'Date_occured_0': <class 'copulas.univariate.beta.BetaUnivariate'>, 'Date_occured_1': <class 'copulas.univariate.beta.BetaUnivariate'>, 'Date_occured_2': <class 'copulas.univariate.beta.BetaUnivariate'>, 'Date_occured_3': <class 'copulas.univariate.beta.BetaUnivariate'>, 'Date_occured_4': <class 'copulas.univariate.beta.BetaUnivariate'>, 'Date_occured_5': <class 'copulas.univariate.beta.BetaUnivariate'>, 'Date_occured_6': <class 'copulas.univariate.beta.BetaUnivariate'>, 'Date_occured_7': <class 'copulas.univariate.beta.BetaUnivariate'>, 'Date_occured_8': <class 'copulas.univariate.beta.BetaUnivariate'>, 'Date_occured_9': <class 'copulas.univariate.beta.BetaUnivariate'>, 'Date_occured_10': <class 'copulas.univariate.beta.BetaUnivariate'>, 'Time_occured': <class 'copulas.univariate.beta.BetaUnivariate'>, 'Crime_Code_0': <class 'copulas.univariate.beta.BetaUnivariate'>, 'Crime_Code_1': <class 'copulas.univariate.beta.BetaUnivariate'>, 'Crime_Code_2': <class 'copulas.univariate.beta.BetaUnivariate'>, 'Crime_Code_3': <class 'copulas.univariate.beta.BetaUnivariate'>, 'Crime_Code_4': <class 'copulas.univariate.beta.BetaUnivariate'>, 'Crime_Code_5': <class 'copulas.univariate.beta.BetaUnivariate'>, 'Crime_Code_6': <class 'copulas.univariate.beta.BetaUnivariate'>, 'Victim_age': <class 'copulas.univariate.beta.BetaUnivariate'>, 'Victim_sex_1': <class 'copulas.univariate.beta.BetaUnivariate'>, 'Victim_sex_2': <class 'copulas.univariate.beta.BetaUnivariate'>, 'Victim_descent_0': <class 'copulas.univariate.beta.BetaUnivariate'>, 'Victim_descent_1': <class 'copulas.univariate.beta.BetaUnivariate'>, 'Victim_descent_2': <class 'copulas.univariate.beta.BetaUnivariate'>, 'Victim_descent_3': <class 'copulas.univariate.beta.BetaUnivariate'>, 'Victim_descent_4': <class 'copulas.univariate.beta.BetaUnivariate'>, 'Premis_0': <class 'copulas.univariate.beta.BetaUnivariate'>, 'Premis_1': <class 'copulas.univariate.beta.BetaUnivariate'>, 'Premis_2': <class 'copulas.univariate.beta.BetaUnivariate'>, 'Premis_3': <class 'copulas.univariate.beta.BetaUnivariate'>, 'Premis_4': <class 'copulas.univariate.beta.BetaUnivariate'>, 'Premis_5': <class 'copulas.univariate.beta.BetaUnivariate'>, 'Premis_6': <class 'copulas.univariate.beta.BetaUnivariate'>, 'Premis_7': <class 'copulas.univariate.beta.BetaUnivariate'>, 'Premis_8': <class 'copulas.univariate.beta.BetaUnivariate'>, 'Weapon_0': <class 'copulas.univariate.beta.BetaUnivariate'>, 'Weapon_1': <class 'copulas.univariate.beta.BetaUnivariate'>, 'Weapon_2': <class 'copulas.univariate.beta.BetaUnivariate'>, 'Weapon_3': <class 'copulas.univariate.beta.BetaUnivariate'>, 'Weapon_4': <class 'copulas.univariate.beta.BetaUnivariate'>, 'Weapon_5': <class 'copulas.univariate.beta.BetaUnivariate'>, 'Weapon_6': <class 'copulas.univariate.beta.BetaUnivariate'>, 'Status': <class 'copulas.univariate.beta.BetaUnivariate'>, 'LAT': <class 'copulas.univariate.beta.BetaUnivariate'>, 'LON': <class 'copulas.univariate.beta.BetaUnivariate'>}")
2025-04-22 01:01:05,672 - INFO - [SYNTHETIC] Fitting complete for GaussianCopula. Duration: 167.45 seconds.
2025-04-22 01:01:05,672 - WARNING - [SYNTHETIC] WARNING Could not determine actual epochs used for GaussianCopula
2025-04-22 01:01:05,672 - INFO - {'EVENT': 'Save', 'TIMESTAMP': datetime.datetime(2025, 4, 22, 1, 1, 5, 672402), 'SYNTHESIZER CLASS NAME': 'GaussianCopulaSynthesizer', 'SYNTHESIZER ID': 'GaussianCopulaSynthesizer_1.18.0_abccf8564a02408cb6d30a0d6a0fe0c7'}
2025-04-22 01:01:05,691 - INFO - [SYNTHETIC] GaussianCopula trained and saved.
2025-04-22 01:01:05,691 - INFO - [SYNTHETIC] Preparing synthesizer: TVAE
2025-04-22 01:01:05,691 - INFO - [SYNTHETIC] Params from config: {'epochs': 300}
2025-04-22 01:01:05,691 - INFO -  [SYNTHETIC] No pre-trained synthesizer found
2025-04-22 01:01:05,691 - INFO - [SYNTHETIC] Training new TVAE synthesizer from scratch...
2025-04-22 01:01:05,691 - WARNING - [FutureWarning] The 'SingleTableMetadata' is deprecated. Please use the new 'Metadata' class for synthesizers. (from /mnt/NVMETank/Projects/Students/Dele/A-STUDY-INTO-THE-QUALITY-AND-USABILITY-OF-PRIVACY-FRIENDLY-SYNTHETIC-DATA/.venv/lib/python3.12/site-packages/sdv/single_table/base.py:119)
2025-04-22 01:01:05,694 - INFO - {'EVENT': 'Instance', 'TIMESTAMP': datetime.datetime(2025, 4, 22, 1, 1, 5, 694569), 'SYNTHESIZER CLASS NAME': 'TVAESynthesizer', 'SYNTHESIZER ID': 'TVAESynthesizer_1.18.0_b11747840f0a487eacbd2fa12180b2ad'}
2025-04-22 01:01:05,694 - INFO - [SYNTHETIC] TVAE initialized with epochs: 300
2025-04-22 01:01:05,694 - INFO - [SYNTHETIC] Training parameters for TVAE: {}
2025-04-22 01:01:05,694 - INFO - [SYNTHETIC] fitting TVAE 
2025-04-22 01:01:05,694 - INFO - {'EVENT': 'Fit', 'TIMESTAMP': datetime.datetime(2025, 4, 22, 1, 1, 5, 694834), 'SYNTHESIZER CLASS NAME': 'TVAESynthesizer', 'SYNTHESIZER ID': 'TVAESynthesizer_1.18.0_b11747840f0a487eacbd2fa12180b2ad', 'TOTAL NUMBER OF TABLES': 1, 'TOTAL NUMBER OF ROWS': 260402, 'TOTAL NUMBER OF COLUMNS': 47}
2025-04-22 01:01:05,998 - INFO - Fitting table  metadata
2025-04-22 01:01:06,018 - INFO - Fitting formatters for table 
2025-04-22 01:01:06,024 - INFO - No rounding scheme detected for column 'LAT'. Data will not be rounded.
2025-04-22 01:01:06,026 - INFO - No rounding scheme detected for column 'LON'. Data will not be rounded.
2025-04-22 01:01:06,026 - INFO - Fitting constraints for table 
2025-04-22 01:01:06,026 - INFO - Setting the configuration for the ``HyperTransformer`` for table 
2025-04-22 01:01:06,029 - INFO - Fitting HyperTransformer for table 
2025-04-22 01:01:06,202 - INFO - No rounding scheme detected for column 'LAT'. Data will not be rounded.
2025-04-22 01:01:06,268 - INFO - No rounding scheme detected for column 'LON'. Data will not be rounded.
2025-04-22 01:01:06,717 - INFO - {'EVENT': 'Fit processed data', 'TIMESTAMP': datetime.datetime(2025, 4, 22, 1, 1, 6, 717953), 'SYNTHESIZER CLASS NAME': 'TVAESynthesizer', 'SYNTHESIZER ID': 'TVAESynthesizer_1.18.0_b11747840f0a487eacbd2fa12180b2ad', 'TOTAL NUMBER OF TABLES': 1, 'TOTAL NUMBER OF ROWS': 260402, 'TOTAL NUMBER OF COLUMNS': 46}
2025-04-22 01:01:06,774 - INFO - Guidance: There are no missing values in column Time_occured. Extra column not created.
2025-04-22 01:01:41,349 - INFO - Guidance: There are no missing values in column Victim_age. Extra column not created.
2025-04-22 01:02:17,403 - INFO - Guidance: There are no missing values in column LAT. Extra column not created.
2025-04-22 01:02:18,567 - INFO - Guidance: There are no missing values in column LON. Extra column not created.
2025-04-22 01:35:07,963 - INFO - [SYNTHETIC] Fitting complete for TVAE. Duration: 2042.27 seconds.
2025-04-22 01:35:07,964 - INFO - [SYNTHETIC] CONFIRMATION TVAE actually trained with epochs = 300
2025-04-22 01:35:07,964 - INFO - {'EVENT': 'Save', 'TIMESTAMP': datetime.datetime(2025, 4, 22, 1, 35, 7, 964312), 'SYNTHESIZER CLASS NAME': 'TVAESynthesizer', 'SYNTHESIZER ID': 'TVAESynthesizer_1.18.0_b11747840f0a487eacbd2fa12180b2ad'}
2025-04-22 01:35:07,996 - INFO - [SYNTHETIC] TVAE trained and saved.
2025-04-22 01:35:07,996 - INFO - [SYNTHETIC] Using CTGAN to generate 260402 rows...
2025-04-22 01:35:28,056 - INFO - {'EVENT': 'Sample', 'TIMESTAMP': datetime.datetime(2025, 4, 22, 1, 35, 7, 996814), 'SYNTHESIZER CLASS NAME': 'CTGANSynthesizer', 'SYNTHESIZER ID': 'CTGANSynthesizer_1.18.0_65bde37a968344cc83041884614a8fc2', 'TOTAL NUMBER OF TABLES': 1, 'TOTAL NUMBER OF ROWS': 260402, 'TOTAL NUMBER OF COLUMNS': 47}
2025-04-22 01:35:28,056 - INFO - [SYNTHETIC] CTGAN completed: 260402 rows generated.
2025-04-22 01:35:28,065 - INFO - [SYNTHETIC] Target class distribution for CTGAN: {'Invest Cont': 139124, 'Adult Other': 77473, 'Adult Arrest': 39045, 'Juv Arrest': 3214, 'Juv Other': 1414, 'UNK': 132}
2025-04-22 01:35:28,065 - INFO - [SYNTHETIC] Using GaussianCopula to generate 260402 rows...
2025-04-22 01:35:41,928 - INFO - {'EVENT': 'Sample', 'TIMESTAMP': datetime.datetime(2025, 4, 22, 1, 35, 28, 65884), 'SYNTHESIZER CLASS NAME': 'GaussianCopulaSynthesizer', 'SYNTHESIZER ID': 'GaussianCopulaSynthesizer_1.18.0_abccf8564a02408cb6d30a0d6a0fe0c7', 'TOTAL NUMBER OF TABLES': 1, 'TOTAL NUMBER OF ROWS': 260402, 'TOTAL NUMBER OF COLUMNS': 47}
2025-04-22 01:35:41,928 - INFO - [SYNTHETIC] GaussianCopula completed: 260402 rows generated.
2025-04-22 01:35:41,937 - INFO - [SYNTHETIC] Target class distribution for GaussianCopula: {'Invest Cont': 153456, 'Adult Other': 61448, 'Adult Arrest': 42552, 'Juv Arrest': 1947, 'Juv Other': 997, 'UNK': 2}
2025-04-22 01:35:41,937 - INFO - [SYNTHETIC] Using TVAE to generate 260402 rows...
2025-04-22 01:35:48,078 - INFO - {'EVENT': 'Sample', 'TIMESTAMP': datetime.datetime(2025, 4, 22, 1, 35, 41, 937413), 'SYNTHESIZER CLASS NAME': 'TVAESynthesizer', 'SYNTHESIZER ID': 'TVAESynthesizer_1.18.0_b11747840f0a487eacbd2fa12180b2ad', 'TOTAL NUMBER OF TABLES': 1, 'TOTAL NUMBER OF ROWS': 260402, 'TOTAL NUMBER OF COLUMNS': 47}
2025-04-22 01:35:48,078 - INFO - [SYNTHETIC] TVAE completed: 260402 rows generated.
2025-04-22 01:35:48,087 - INFO - [SYNTHETIC] Target class distribution for TVAE: {'Invest Cont': 179525, 'Adult Other': 44102, 'Adult Arrest': 36544, 'Juv Other': 130, 'Juv Arrest': 101}
2025-04-22 01:35:48,089 - INFO - [SYNTHETIC PIPELINE] Synthetic Data Generation Completed.
2025-04-22 01:35:48,090 - INFO - [SYNTHETIC PIPELINE] Synthesizers used: ['CTGAN', 'GaussianCopula', 'TVAE']
2025-04-22 01:35:48,090 - INFO - [SYNTHETIC PIPELINE] Evaluating synthetic dataset generated by CTGAN...
2025-04-22 01:35:48,090 - INFO - [SYNTHETIC EVAL] Real data columns     (47): ['DR_NO', 'Date_occured_0', 'Date_occured_1', 'Date_occured_2', 'Date_occured_3', 'Date_occured_4', 'Date_occured_5', 'Date_occured_6', 'Date_occured_7', 'Date_occured_8', 'Date_occured_9', 'Date_occured_10', 'Time_occured', 'Crime_Code_0', 'Crime_Code_1', 'Crime_Code_2', 'Crime_Code_3', 'Crime_Code_4', 'Crime_Code_5', 'Crime_Code_6', 'Victim_age', 'Victim_sex_1', 'Victim_sex_2', 'Victim_descent_0', 'Victim_descent_1', 'Victim_descent_2', 'Victim_descent_3', 'Victim_descent_4', 'Premis_0', 'Premis_1', 'Premis_2', 'Premis_3', 'Premis_4', 'Premis_5', 'Premis_6', 'Premis_7', 'Premis_8', 'Weapon_0', 'Weapon_1', 'Weapon_2', 'Weapon_3', 'Weapon_4', 'Weapon_5', 'Weapon_6', 'Status', 'LAT', 'LON']
2025-04-22 01:35:48,090 - INFO - [SYNTHETIC EVAL] Synthetic data columns (47): ['DR_NO', 'Date_occured_0', 'Date_occured_1', 'Date_occured_2', 'Date_occured_3', 'Date_occured_4', 'Date_occured_5', 'Date_occured_6', 'Date_occured_7', 'Date_occured_8', 'Date_occured_9', 'Date_occured_10', 'Time_occured', 'Crime_Code_0', 'Crime_Code_1', 'Crime_Code_2', 'Crime_Code_3', 'Crime_Code_4', 'Crime_Code_5', 'Crime_Code_6', 'Victim_age', 'Victim_sex_1', 'Victim_sex_2', 'Victim_descent_0', 'Victim_descent_1', 'Victim_descent_2', 'Victim_descent_3', 'Victim_descent_4', 'Premis_0', 'Premis_1', 'Premis_2', 'Premis_3', 'Premis_4', 'Premis_5', 'Premis_6', 'Premis_7', 'Premis_8', 'Weapon_0', 'Weapon_1', 'Weapon_2', 'Weapon_3', 'Weapon_4', 'Weapon_5', 'Weapon_6', 'Status', 'LAT', 'LON']
2025-04-22 01:35:48,090 - INFO - [SYNTHETIC EVAL] Metadata columns      (47): ['DR_NO', 'Date_occured_0', 'Date_occured_1', 'Date_occured_2', 'Date_occured_3', 'Date_occured_4', 'Date_occured_5', 'Date_occured_6', 'Date_occured_7', 'Date_occured_8', 'Date_occured_9', 'Date_occured_10', 'Time_occured', 'Crime_Code_0', 'Crime_Code_1', 'Crime_Code_2', 'Crime_Code_3', 'Crime_Code_4', 'Crime_Code_5', 'Crime_Code_6', 'Victim_age', 'Victim_sex_1', 'Victim_sex_2', 'Victim_descent_0', 'Victim_descent_1', 'Victim_descent_2', 'Victim_descent_3', 'Victim_descent_4', 'Premis_0', 'Premis_1', 'Premis_2', 'Premis_3', 'Premis_4', 'Premis_5', 'Premis_6', 'Premis_7', 'Premis_8', 'Weapon_0', 'Weapon_1', 'Weapon_2', 'Weapon_3', 'Weapon_4', 'Weapon_5', 'Weapon_6', 'Status', 'LAT', 'LON']
2025-04-22 01:35:48,090 - INFO - [SYNTHETIC EVAL] Shape — Real: (260402, 47), Synthetic: (260402, 47)
2025-04-22 01:35:48,090 - INFO - [SYNTHETIC EVAL] Metadata structure:
{
  "primary_key": "DR_NO",
  "columns": {
    "DR_NO": {
      "sdtype": "id"
    },
    "Date_occured_0": {
      "sdtype": "categorical"
    },
    "Date_occured_1": {
      "sdtype": "categorical"
    },
    "Date_occured_2": {
      "sdtype": "categorical"
    },
    "Date_occured_3": {
      "sdtype": "categorical"
    },
    "Date_occured_4": {
      "sdtype": "categorical"
    },
    "Date_occured_5": {
      "sdtype": "categorical"
    },
    "Date_occured_6": {
      "sdtype": "categorical"
    },
    "Date_occured_7": {
      "sdtype": "categorical"
    },
    "Date_occured_8": {
      "sdtype": "categorical"
    },
    "Date_occured_9": {
      "sdtype": "categorical"
    },
    "Date_occured_10": {
      "sdtype": "categorical"
    },
    "Time_occured": {
      "sdtype": "numerical"
    },
    "Crime_Code_0": {
      "sdtype": "categorical"
    },
    "Crime_Code_1": {
      "sdtype": "categorical"
    },
    "Crime_Code_2": {
      "sdtype": "categorical"
    },
    "Crime_Code_3": {
      "sdtype": "categorical"
    },
    "Crime_Code_4": {
      "sdtype": "categorical"
    },
    "Crime_Code_5": {
      "sdtype": "categorical"
    },
    "Crime_Code_6": {
      "sdtype": "categorical"
    },
    "Victim_age": {
      "sdtype": "numerical"
    },
    "Victim_sex_1": {
      "sdtype": "categorical"
    },
    "Victim_sex_2": {
      "sdtype": "categorical"
    },
    "Victim_descent_0": {
      "sdtype": "categorical"
    },
    "Victim_descent_1": {
      "sdtype": "categorical"
    },
    "Victim_descent_2": {
      "sdtype": "categorical"
    },
    "Victim_descent_3": {
      "sdtype": "categorical"
    },
    "Victim_descent_4": {
      "sdtype": "categorical"
    },
    "Premis_0": {
      "sdtype": "categorical"
    },
    "Premis_1": {
      "sdtype": "categorical"
    },
    "Premis_2": {
      "sdtype": "categorical"
    },
    "Premis_3": {
      "sdtype": "categorical"
    },
    "Premis_4": {
      "sdtype": "categorical"
    },
    "Premis_5": {
      "sdtype": "categorical"
    },
    "Premis_6": {
      "sdtype": "categorical"
    },
    "Premis_7": {
      "sdtype": "categorical"
    },
    "Premis_8": {
      "sdtype": "categorical"
    },
    "Weapon_0": {
      "sdtype": "categorical"
    },
    "Weapon_1": {
      "sdtype": "categorical"
    },
    "Weapon_2": {
      "sdtype": "categorical"
    },
    "Weapon_3": {
      "sdtype": "categorical"
    },
    "Weapon_4": {
      "sdtype": "categorical"
    },
    "Weapon_5": {
      "sdtype": "categorical"
    },
    "Weapon_6": {
      "sdtype": "categorical"
    },
    "Status": {
      "sdtype": "categorical"
    },
    "LAT": {
      "sdtype": "numerical"
    },
    "LON": {
      "sdtype": "numerical"
    }
  },
  "METADATA_SPEC_VERSION": "SINGLE_TABLE_V1"
}
2025-04-22 01:36:06,167 - INFO - [SYNTHETIC PIPELINE] Evaluating synthetic dataset generated by GaussianCopula...
2025-04-22 01:36:06,167 - INFO - [SYNTHETIC EVAL] Real data columns     (47): ['DR_NO', 'Date_occured_0', 'Date_occured_1', 'Date_occured_2', 'Date_occured_3', 'Date_occured_4', 'Date_occured_5', 'Date_occured_6', 'Date_occured_7', 'Date_occured_8', 'Date_occured_9', 'Date_occured_10', 'Time_occured', 'Crime_Code_0', 'Crime_Code_1', 'Crime_Code_2', 'Crime_Code_3', 'Crime_Code_4', 'Crime_Code_5', 'Crime_Code_6', 'Victim_age', 'Victim_sex_1', 'Victim_sex_2', 'Victim_descent_0', 'Victim_descent_1', 'Victim_descent_2', 'Victim_descent_3', 'Victim_descent_4', 'Premis_0', 'Premis_1', 'Premis_2', 'Premis_3', 'Premis_4', 'Premis_5', 'Premis_6', 'Premis_7', 'Premis_8', 'Weapon_0', 'Weapon_1', 'Weapon_2', 'Weapon_3', 'Weapon_4', 'Weapon_5', 'Weapon_6', 'Status', 'LAT', 'LON']
2025-04-22 01:36:06,167 - INFO - [SYNTHETIC EVAL] Synthetic data columns (47): ['DR_NO', 'Date_occured_0', 'Date_occured_1', 'Date_occured_2', 'Date_occured_3', 'Date_occured_4', 'Date_occured_5', 'Date_occured_6', 'Date_occured_7', 'Date_occured_8', 'Date_occured_9', 'Date_occured_10', 'Time_occured', 'Crime_Code_0', 'Crime_Code_1', 'Crime_Code_2', 'Crime_Code_3', 'Crime_Code_4', 'Crime_Code_5', 'Crime_Code_6', 'Victim_age', 'Victim_sex_1', 'Victim_sex_2', 'Victim_descent_0', 'Victim_descent_1', 'Victim_descent_2', 'Victim_descent_3', 'Victim_descent_4', 'Premis_0', 'Premis_1', 'Premis_2', 'Premis_3', 'Premis_4', 'Premis_5', 'Premis_6', 'Premis_7', 'Premis_8', 'Weapon_0', 'Weapon_1', 'Weapon_2', 'Weapon_3', 'Weapon_4', 'Weapon_5', 'Weapon_6', 'Status', 'LAT', 'LON']
2025-04-22 01:36:06,167 - INFO - [SYNTHETIC EVAL] Metadata columns      (47): ['DR_NO', 'Date_occured_0', 'Date_occured_1', 'Date_occured_2', 'Date_occured_3', 'Date_occured_4', 'Date_occured_5', 'Date_occured_6', 'Date_occured_7', 'Date_occured_8', 'Date_occured_9', 'Date_occured_10', 'Time_occured', 'Crime_Code_0', 'Crime_Code_1', 'Crime_Code_2', 'Crime_Code_3', 'Crime_Code_4', 'Crime_Code_5', 'Crime_Code_6', 'Victim_age', 'Victim_sex_1', 'Victim_sex_2', 'Victim_descent_0', 'Victim_descent_1', 'Victim_descent_2', 'Victim_descent_3', 'Victim_descent_4', 'Premis_0', 'Premis_1', 'Premis_2', 'Premis_3', 'Premis_4', 'Premis_5', 'Premis_6', 'Premis_7', 'Premis_8', 'Weapon_0', 'Weapon_1', 'Weapon_2', 'Weapon_3', 'Weapon_4', 'Weapon_5', 'Weapon_6', 'Status', 'LAT', 'LON']
2025-04-22 01:36:06,167 - INFO - [SYNTHETIC EVAL] Shape — Real: (260402, 47), Synthetic: (260402, 47)
2025-04-22 01:36:06,167 - INFO - [SYNTHETIC EVAL] Metadata structure:
{
  "primary_key": "DR_NO",
  "columns": {
    "DR_NO": {
      "sdtype": "id"
    },
    "Date_occured_0": {
      "sdtype": "categorical"
    },
    "Date_occured_1": {
      "sdtype": "categorical"
    },
    "Date_occured_2": {
      "sdtype": "categorical"
    },
    "Date_occured_3": {
      "sdtype": "categorical"
    },
    "Date_occured_4": {
      "sdtype": "categorical"
    },
    "Date_occured_5": {
      "sdtype": "categorical"
    },
    "Date_occured_6": {
      "sdtype": "categorical"
    },
    "Date_occured_7": {
      "sdtype": "categorical"
    },
    "Date_occured_8": {
      "sdtype": "categorical"
    },
    "Date_occured_9": {
      "sdtype": "categorical"
    },
    "Date_occured_10": {
      "sdtype": "categorical"
    },
    "Time_occured": {
      "sdtype": "numerical"
    },
    "Crime_Code_0": {
      "sdtype": "categorical"
    },
    "Crime_Code_1": {
      "sdtype": "categorical"
    },
    "Crime_Code_2": {
      "sdtype": "categorical"
    },
    "Crime_Code_3": {
      "sdtype": "categorical"
    },
    "Crime_Code_4": {
      "sdtype": "categorical"
    },
    "Crime_Code_5": {
      "sdtype": "categorical"
    },
    "Crime_Code_6": {
      "sdtype": "categorical"
    },
    "Victim_age": {
      "sdtype": "numerical"
    },
    "Victim_sex_1": {
      "sdtype": "categorical"
    },
    "Victim_sex_2": {
      "sdtype": "categorical"
    },
    "Victim_descent_0": {
      "sdtype": "categorical"
    },
    "Victim_descent_1": {
      "sdtype": "categorical"
    },
    "Victim_descent_2": {
      "sdtype": "categorical"
    },
    "Victim_descent_3": {
      "sdtype": "categorical"
    },
    "Victim_descent_4": {
      "sdtype": "categorical"
    },
    "Premis_0": {
      "sdtype": "categorical"
    },
    "Premis_1": {
      "sdtype": "categorical"
    },
    "Premis_2": {
      "sdtype": "categorical"
    },
    "Premis_3": {
      "sdtype": "categorical"
    },
    "Premis_4": {
      "sdtype": "categorical"
    },
    "Premis_5": {
      "sdtype": "categorical"
    },
    "Premis_6": {
      "sdtype": "categorical"
    },
    "Premis_7": {
      "sdtype": "categorical"
    },
    "Premis_8": {
      "sdtype": "categorical"
    },
    "Weapon_0": {
      "sdtype": "categorical"
    },
    "Weapon_1": {
      "sdtype": "categorical"
    },
    "Weapon_2": {
      "sdtype": "categorical"
    },
    "Weapon_3": {
      "sdtype": "categorical"
    },
    "Weapon_4": {
      "sdtype": "categorical"
    },
    "Weapon_5": {
      "sdtype": "categorical"
    },
    "Weapon_6": {
      "sdtype": "categorical"
    },
    "Status": {
      "sdtype": "categorical"
    },
    "LAT": {
      "sdtype": "numerical"
    },
    "LON": {
      "sdtype": "numerical"
    }
  },
  "METADATA_SPEC_VERSION": "SINGLE_TABLE_V1"
}
2025-04-22 01:36:23,419 - INFO - [SYNTHETIC PIPELINE] Evaluating synthetic dataset generated by TVAE...
2025-04-22 01:36:23,419 - INFO - [SYNTHETIC EVAL] Real data columns     (47): ['DR_NO', 'Date_occured_0', 'Date_occured_1', 'Date_occured_2', 'Date_occured_3', 'Date_occured_4', 'Date_occured_5', 'Date_occured_6', 'Date_occured_7', 'Date_occured_8', 'Date_occured_9', 'Date_occured_10', 'Time_occured', 'Crime_Code_0', 'Crime_Code_1', 'Crime_Code_2', 'Crime_Code_3', 'Crime_Code_4', 'Crime_Code_5', 'Crime_Code_6', 'Victim_age', 'Victim_sex_1', 'Victim_sex_2', 'Victim_descent_0', 'Victim_descent_1', 'Victim_descent_2', 'Victim_descent_3', 'Victim_descent_4', 'Premis_0', 'Premis_1', 'Premis_2', 'Premis_3', 'Premis_4', 'Premis_5', 'Premis_6', 'Premis_7', 'Premis_8', 'Weapon_0', 'Weapon_1', 'Weapon_2', 'Weapon_3', 'Weapon_4', 'Weapon_5', 'Weapon_6', 'Status', 'LAT', 'LON']
2025-04-22 01:36:23,419 - INFO - [SYNTHETIC EVAL] Synthetic data columns (47): ['DR_NO', 'Date_occured_0', 'Date_occured_1', 'Date_occured_2', 'Date_occured_3', 'Date_occured_4', 'Date_occured_5', 'Date_occured_6', 'Date_occured_7', 'Date_occured_8', 'Date_occured_9', 'Date_occured_10', 'Time_occured', 'Crime_Code_0', 'Crime_Code_1', 'Crime_Code_2', 'Crime_Code_3', 'Crime_Code_4', 'Crime_Code_5', 'Crime_Code_6', 'Victim_age', 'Victim_sex_1', 'Victim_sex_2', 'Victim_descent_0', 'Victim_descent_1', 'Victim_descent_2', 'Victim_descent_3', 'Victim_descent_4', 'Premis_0', 'Premis_1', 'Premis_2', 'Premis_3', 'Premis_4', 'Premis_5', 'Premis_6', 'Premis_7', 'Premis_8', 'Weapon_0', 'Weapon_1', 'Weapon_2', 'Weapon_3', 'Weapon_4', 'Weapon_5', 'Weapon_6', 'Status', 'LAT', 'LON']
2025-04-22 01:36:23,419 - INFO - [SYNTHETIC EVAL] Metadata columns      (47): ['DR_NO', 'Date_occured_0', 'Date_occured_1', 'Date_occured_2', 'Date_occured_3', 'Date_occured_4', 'Date_occured_5', 'Date_occured_6', 'Date_occured_7', 'Date_occured_8', 'Date_occured_9', 'Date_occured_10', 'Time_occured', 'Crime_Code_0', 'Crime_Code_1', 'Crime_Code_2', 'Crime_Code_3', 'Crime_Code_4', 'Crime_Code_5', 'Crime_Code_6', 'Victim_age', 'Victim_sex_1', 'Victim_sex_2', 'Victim_descent_0', 'Victim_descent_1', 'Victim_descent_2', 'Victim_descent_3', 'Victim_descent_4', 'Premis_0', 'Premis_1', 'Premis_2', 'Premis_3', 'Premis_4', 'Premis_5', 'Premis_6', 'Premis_7', 'Premis_8', 'Weapon_0', 'Weapon_1', 'Weapon_2', 'Weapon_3', 'Weapon_4', 'Weapon_5', 'Weapon_6', 'Status', 'LAT', 'LON']
2025-04-22 01:36:23,419 - INFO - [SYNTHETIC EVAL] Shape — Real: (260402, 47), Synthetic: (260402, 47)
2025-04-22 01:36:23,420 - INFO - [SYNTHETIC EVAL] Metadata structure:
{
  "primary_key": "DR_NO",
  "columns": {
    "DR_NO": {
      "sdtype": "id"
    },
    "Date_occured_0": {
      "sdtype": "categorical"
    },
    "Date_occured_1": {
      "sdtype": "categorical"
    },
    "Date_occured_2": {
      "sdtype": "categorical"
    },
    "Date_occured_3": {
      "sdtype": "categorical"
    },
    "Date_occured_4": {
      "sdtype": "categorical"
    },
    "Date_occured_5": {
      "sdtype": "categorical"
    },
    "Date_occured_6": {
      "sdtype": "categorical"
    },
    "Date_occured_7": {
      "sdtype": "categorical"
    },
    "Date_occured_8": {
      "sdtype": "categorical"
    },
    "Date_occured_9": {
      "sdtype": "categorical"
    },
    "Date_occured_10": {
      "sdtype": "categorical"
    },
    "Time_occured": {
      "sdtype": "numerical"
    },
    "Crime_Code_0": {
      "sdtype": "categorical"
    },
    "Crime_Code_1": {
      "sdtype": "categorical"
    },
    "Crime_Code_2": {
      "sdtype": "categorical"
    },
    "Crime_Code_3": {
      "sdtype": "categorical"
    },
    "Crime_Code_4": {
      "sdtype": "categorical"
    },
    "Crime_Code_5": {
      "sdtype": "categorical"
    },
    "Crime_Code_6": {
      "sdtype": "categorical"
    },
    "Victim_age": {
      "sdtype": "numerical"
    },
    "Victim_sex_1": {
      "sdtype": "categorical"
    },
    "Victim_sex_2": {
      "sdtype": "categorical"
    },
    "Victim_descent_0": {
      "sdtype": "categorical"
    },
    "Victim_descent_1": {
      "sdtype": "categorical"
    },
    "Victim_descent_2": {
      "sdtype": "categorical"
    },
    "Victim_descent_3": {
      "sdtype": "categorical"
    },
    "Victim_descent_4": {
      "sdtype": "categorical"
    },
    "Premis_0": {
      "sdtype": "categorical"
    },
    "Premis_1": {
      "sdtype": "categorical"
    },
    "Premis_2": {
      "sdtype": "categorical"
    },
    "Premis_3": {
      "sdtype": "categorical"
    },
    "Premis_4": {
      "sdtype": "categorical"
    },
    "Premis_5": {
      "sdtype": "categorical"
    },
    "Premis_6": {
      "sdtype": "categorical"
    },
    "Premis_7": {
      "sdtype": "categorical"
    },
    "Premis_8": {
      "sdtype": "categorical"
    },
    "Weapon_0": {
      "sdtype": "categorical"
    },
    "Weapon_1": {
      "sdtype": "categorical"
    },
    "Weapon_2": {
      "sdtype": "categorical"
    },
    "Weapon_3": {
      "sdtype": "categorical"
    },
    "Weapon_4": {
      "sdtype": "categorical"
    },
    "Weapon_5": {
      "sdtype": "categorical"
    },
    "Weapon_6": {
      "sdtype": "categorical"
    },
    "Status": {
      "sdtype": "categorical"
    },
    "LAT": {
      "sdtype": "numerical"
    },
    "LON": {
      "sdtype": "numerical"
    }
  },
  "METADATA_SPEC_VERSION": "SINGLE_TABLE_V1"
}
2025-04-22 01:36:41,692 - INFO -  [SYNTHETIC PIPELINE]  Synthetic Data Evaluation Completed.
2025-04-22 01:36:41,704 - INFO -  [SYNTHETIC PIPELINE] Synthetic Data Report Generated Successfully.
2025-04-22 01:36:43,076 - INFO - [HYBRID] Generated hybrid dataset shape for CTGAN: (260402, 47)
2025-04-22 01:36:43,085 - INFO - [HYBRID] Target distribution for CTGAN: {'Invest Cont': 139124, 'Adult Other': 77473, 'Adult Arrest': 39045, 'Juv Arrest': 3214, 'Juv Other': 1414, 'UNK': 132}
2025-04-22 01:36:45,105 - INFO -  [HYBRID] Saved hybrid dataset to /mnt/NVMETank/Projects/Students/Dele/A-STUDY-INTO-THE-QUALITY-AND-USABILITY-OF-PRIVACY-FRIENDLY-SYNTHETIC-DATA/datasets/hybrid/crimeData_k20_l2_sup30_CTGAN_HYBRID.csv
2025-04-22 01:36:45,106 - INFO - [HYBRID] Generated hybrid dataset shape for GaussianCopula: (260402, 47)
2025-04-22 01:36:45,114 - INFO - [HYBRID] Target distribution for GaussianCopula: {'Invest Cont': 153456, 'Adult Other': 61448, 'Adult Arrest': 42552, 'Juv Arrest': 1947, 'Juv Other': 997, 'UNK': 2}
2025-04-22 01:36:47,213 - INFO -  [HYBRID] Saved hybrid dataset to /mnt/NVMETank/Projects/Students/Dele/A-STUDY-INTO-THE-QUALITY-AND-USABILITY-OF-PRIVACY-FRIENDLY-SYNTHETIC-DATA/datasets/hybrid/crimeData_k20_l2_sup30_GaussianCopula_HYBRID.csv
2025-04-22 01:36:47,213 - INFO - [HYBRID] Generated hybrid dataset shape for TVAE: (260402, 47)
2025-04-22 01:36:47,222 - INFO - [HYBRID] Target distribution for TVAE: {'Invest Cont': 179525, 'Adult Other': 44102, 'Adult Arrest': 36544, 'Juv Other': 130, 'Juv Arrest': 101}
2025-04-22 01:36:49,315 - INFO -  [HYBRID] Saved hybrid dataset to /mnt/NVMETank/Projects/Students/Dele/A-STUDY-INTO-THE-QUALITY-AND-USABILITY-OF-PRIVACY-FRIENDLY-SYNTHETIC-DATA/datasets/hybrid/crimeData_k20_l2_sup30_TVAE_HYBRID.csv
2025-04-22 01:36:49,315 - INFO -  [HYBRID] Hybrid pipeline complete — 3 dataset(s) ready.
2025-04-22 01:36:49,315 - INFO - [HYBRID] Total rows across all hybrid datasets: 781206
2025-04-22 01:36:49,317 - INFO - Hybrid pipeline completed successfully.
2025-04-22 01:36:49,317 - INFO - Hybrid pipeline duration: 14241.77 seconds
2025-04-22 01:36:49,317 - INFO - Starting Utility...
2025-04-22 01:36:49,317 - INFO - [UTILITY] Preparing datasets for machine learning...
2025-04-22 01:36:49,339 - INFO - [UTILITY] Original Data - Training Size: 260402, Testing Size: 65101
2025-04-22 01:36:49,349 - INFO - [UTILITY] Target class distribution (Original): {'Invest Cont': 153331, 'Adult Other': 61489, 'Adult Arrest': 42625, 'Juv Arrest': 1937, 'Juv Other': 1018, 'UNK': 2}
2025-04-22 01:36:49,356 - INFO - [UTILITY] Processing anonymized dataset...
2025-04-22 01:36:49,382 - INFO - [UTILITY] Anonymized Data - Training Size: 260402
2025-04-22 01:36:49,392 - INFO - [UTILITY] Target class distribution (Anonymous): {'Invest Cont': 153331, 'Adult Other': 61489, 'Adult Arrest': 42625, 'Juv Arrest': 1937, 'Juv Other': 1018, 'UNK': 2}
2025-04-22 01:36:49,399 - INFO - [UTILITY] Processing hybrid dataset generated by CTGAN...
2025-04-22 01:36:49,418 - INFO - [UTILITY] Hybrid Data (CTGAN_HYBRID) - Training Size: 260402
2025-04-22 01:36:49,427 - INFO - [UTILITY] Target class distribution (CTGAN_HYBRID): {'Invest Cont': 139124, 'Adult Other': 77473, 'Adult Arrest': 39045, 'Juv Arrest': 3214, 'Juv Other': 1414, 'UNK': 132}
2025-04-22 01:36:49,433 - INFO - [UTILITY] Processing hybrid dataset generated by GaussianCopula...
2025-04-22 01:36:49,458 - INFO - [UTILITY] Hybrid Data (GaussianCopula_HYBRID) - Training Size: 260402
2025-04-22 01:36:49,467 - INFO - [UTILITY] Target class distribution (GaussianCopula_HYBRID): {'Invest Cont': 153456, 'Adult Other': 61448, 'Adult Arrest': 42552, 'Juv Arrest': 1947, 'Juv Other': 997, 'UNK': 2}
2025-04-22 01:36:49,474 - INFO - [UTILITY] Processing hybrid dataset generated by TVAE...
2025-04-22 01:36:49,534 - INFO - [UTILITY] Hybrid Data (TVAE_HYBRID) - Training Size: 260402
2025-04-22 01:36:49,542 - INFO - [UTILITY] Target class distribution (TVAE_HYBRID): {'Invest Cont': 179525, 'Adult Other': 44102, 'Adult Arrest': 36544, 'Juv Other': 130, 'Juv Arrest': 101}
2025-04-22 01:36:49,542 - INFO - [UTILITY] Training models on all datasets...
2025-04-22 01:36:49,543 - INFO - [UTILITY] Total datasets used for training: 5
2025-04-22 01:36:49,543 - INFO - [TRAINING] Training models from scratch...
2025-04-22 01:36:49,543 - INFO - [TRAINING] Starting training for dataset: Original — Rows: 260402, Features: 46
2025-04-22 01:36:49,543 - INFO - [TRAINING] Training DecisionTree on Original...
2025-04-22 01:36:54,066 - INFO - [TRAINING] DecisionTree trained successfully on Original in 4.52 sec
2025-04-22 01:36:54,066 - INFO - [TRAINING] Training KNN on Original...
2025-04-22 01:36:54,326 - INFO - [TRAINING] KNN trained successfully on Original in 0.26 sec
2025-04-22 01:36:54,326 - INFO - [TRAINING] Training LogisticRegression on Original...
2025-04-22 01:37:12,620 - INFO - [TRAINING] LogisticRegression trained successfully on Original in 18.29 sec
2025-04-22 01:37:12,620 - INFO - [TRAINING] Training RandomForest on Original...
2025-04-22 01:38:03,908 - INFO - [TRAINING] RandomForest trained successfully on Original in 51.29 sec
2025-04-22 01:38:03,908 - INFO - [TRAINING] Training SVM on Original...
2025-04-22 04:43:29,618 - INFO - [TRAINING] SVM trained successfully on Original in 11125.71 sec
2025-04-22 04:43:29,618 - INFO - [TRAINING] Finished training 5 model(s) for dataset: Original
2025-04-22 04:43:29,618 - INFO - [TRAINING] Starting training for dataset: Anonymous — Rows: 260402, Features: 46
2025-04-22 04:43:29,618 - INFO - [TRAINING] Training DecisionTree on Anonymous...
2025-04-22 04:43:33,604 - INFO - [TRAINING] DecisionTree trained successfully on Anonymous in 3.99 sec
2025-04-22 04:43:33,604 - INFO - [TRAINING] Training KNN on Anonymous...
2025-04-22 04:43:34,968 - INFO - [TRAINING] KNN trained successfully on Anonymous in 1.36 sec
2025-04-22 04:43:34,968 - INFO - [TRAINING] Training LogisticRegression on Anonymous...
2025-04-22 04:43:54,500 - INFO - [TRAINING] LogisticRegression trained successfully on Anonymous in 19.53 sec
2025-04-22 04:43:54,501 - INFO - [TRAINING] Training RandomForest on Anonymous...
2025-04-22 04:44:38,419 - INFO - [TRAINING] RandomForest trained successfully on Anonymous in 43.92 sec
2025-04-22 04:44:38,420 - INFO - [TRAINING] Training SVM on Anonymous...
2025-04-22 08:10:12,919 - INFO - [TRAINING] SVM trained successfully on Anonymous in 12334.50 sec
2025-04-22 08:10:12,919 - INFO - [TRAINING] Finished training 5 model(s) for dataset: Anonymous
2025-04-22 08:10:12,919 - INFO - [TRAINING] Starting training for dataset: CTGAN_HYBRID — Rows: 260402, Features: 46
2025-04-22 08:10:12,919 - INFO - [TRAINING] Training DecisionTree on CTGAN_HYBRID...
2025-04-22 08:10:16,402 - INFO - [TRAINING] DecisionTree trained successfully on CTGAN_HYBRID in 3.48 sec
2025-04-22 08:10:16,402 - INFO - [TRAINING] Training KNN on CTGAN_HYBRID...
2025-04-22 08:10:16,614 - INFO - [TRAINING] KNN trained successfully on CTGAN_HYBRID in 0.21 sec
2025-04-22 08:10:16,614 - INFO - [TRAINING] Training LogisticRegression on CTGAN_HYBRID...
2025-04-22 08:10:28,297 - INFO - [TRAINING] LogisticRegression trained successfully on CTGAN_HYBRID in 11.68 sec
2025-04-22 08:10:28,297 - INFO - [TRAINING] Training RandomForest on CTGAN_HYBRID...
2025-04-22 08:11:20,403 - INFO - [TRAINING] RandomForest trained successfully on CTGAN_HYBRID in 52.11 sec
2025-04-22 08:11:20,403 - INFO - [TRAINING] Training SVM on CTGAN_HYBRID...
2025-04-22 11:38:27,785 - INFO - [TRAINING] SVM trained successfully on CTGAN_HYBRID in 8889.06 sec
2025-04-22 11:38:27,785 - INFO - [TRAINING] Finished training 5 model(s) for dataset: CTGAN_HYBRID
2025-04-22 11:38:27,785 - INFO - [TRAINING] Starting training for dataset: GaussianCopula_HYBRID — Rows: 260402, Features: 46
2025-04-22 11:38:27,786 - INFO - [TRAINING] Training DecisionTree on GaussianCopula_HYBRID...
2025-04-22 11:38:37,648 - INFO - [TRAINING] DecisionTree trained successfully on GaussianCopula_HYBRID in 9.86 sec
2025-04-22 11:38:37,649 - INFO - [TRAINING] Training KNN on GaussianCopula_HYBRID...
2025-04-22 11:38:38,069 - INFO - [TRAINING] KNN trained successfully on GaussianCopula_HYBRID in 0.42 sec
2025-04-22 11:38:38,071 - INFO - [TRAINING] Training LogisticRegression on GaussianCopula_HYBRID...
2025-04-22 11:39:14,567 - INFO - [TRAINING] LogisticRegression trained successfully on GaussianCopula_HYBRID in 36.50 sec
2025-04-22 11:39:14,571 - INFO - [TRAINING] Training RandomForest on GaussianCopula_HYBRID...
2025-04-22 11:40:49,628 - INFO - [TRAINING] RandomForest trained successfully on GaussianCopula_HYBRID in 95.05 sec
2025-04-22 11:40:49,629 - INFO - [TRAINING] Training SVM on GaussianCopula_HYBRID...
2025-04-22 14:11:10,414 - INFO - [TRAINING] SVM trained successfully on GaussianCopula_HYBRID in 9020.78 sec
2025-04-22 14:11:10,414 - INFO - [TRAINING] Finished training 5 model(s) for dataset: GaussianCopula_HYBRID
2025-04-22 14:11:10,414 - INFO - [TRAINING] Starting training for dataset: TVAE_HYBRID — Rows: 260402, Features: 46
2025-04-22 14:11:10,415 - INFO - [TRAINING] Training DecisionTree on TVAE_HYBRID...
2025-04-22 14:11:13,414 - INFO - [TRAINING] DecisionTree trained successfully on TVAE_HYBRID in 3.00 sec
2025-04-22 14:11:13,415 - INFO - [TRAINING] Training KNN on TVAE_HYBRID...
2025-04-22 14:11:13,634 - INFO - [TRAINING] KNN trained successfully on TVAE_HYBRID in 0.22 sec
2025-04-22 14:11:13,634 - INFO - [TRAINING] Training LogisticRegression on TVAE_HYBRID...
2025-04-22 14:11:20,698 - INFO - [TRAINING] LogisticRegression trained successfully on TVAE_HYBRID in 7.06 sec
2025-04-22 14:11:20,698 - INFO - [TRAINING] Training RandomForest on TVAE_HYBRID...
2025-04-22 14:11:57,643 - INFO - [TRAINING] RandomForest trained successfully on TVAE_HYBRID in 36.94 sec
2025-04-22 14:11:57,643 - INFO - [TRAINING] Training SVM on TVAE_HYBRID...
2025-04-22 15:37:07,957 - INFO - [TRAINING] SVM trained successfully on TVAE_HYBRID in 5110.31 sec
2025-04-22 15:37:07,957 - INFO - [TRAINING] Finished training 5 model(s) for dataset: TVAE_HYBRID
2025-04-22 15:37:07,957 - INFO - [TRAINING] Total models trained across all datasets: 25
2025-04-22 15:37:07,957 - INFO - [UTILITY] Trained model names: ['Original', 'Anonymous', 'CTGAN_HYBRID', 'GaussianCopula_HYBRID', 'TVAE_HYBRID']
2025-04-22 15:37:07,957 - INFO - [UTILITY] Model Training Completed.
2025-04-22 15:37:07,957 - INFO - Starting the Evaluating of models...
2025-04-22 15:37:07,958 - INFO - Preparing evaluation for model 'DecisionTree' across all datasets...
2025-04-22 15:37:07,958 - INFO - Evaluating DecisionTree on Original...
2025-04-22 15:37:08,049 - INFO - Predictions completed for DecisionTree on Original
2025-04-22 15:37:08,053 - INFO - Prediction distribution for DecisionTree on Original: {'Invest Cont': 37350, 'Adult Other': 15755, 'Adult Arrest': 11167, 'Juv Arrest': 537, 'Juv Other': 291, 'UNK': 1}
2025-04-22 15:37:08,221 - WARNING - [UndefinedMetricWarning] Recall is ill-defined and being set to 0.0 in labels with no true samples. Use `zero_division` parameter to control this behavior. (from /mnt/NVMETank/Projects/Students/Dele/A-STUDY-INTO-THE-QUALITY-AND-USABILITY-OF-PRIVACY-FRIENDLY-SYNTHETIC-DATA/.venv/lib/python3.12/site-packages/sklearn/metrics/_classification.py:1565)
2025-04-22 15:37:08,352 - WARNING - [UndefinedMetricWarning] Recall is ill-defined and being set to 0.0 in labels with no true samples. Use `zero_division` parameter to control this behavior. (from /mnt/NVMETank/Projects/Students/Dele/A-STUDY-INTO-THE-QUALITY-AND-USABILITY-OF-PRIVACY-FRIENDLY-SYNTHETIC-DATA/.venv/lib/python3.12/site-packages/sklearn/metrics/_classification.py:1565)
2025-04-22 15:37:08,482 - WARNING - [UndefinedMetricWarning] Recall is ill-defined and being set to 0.0 in labels with no true samples. Use `zero_division` parameter to control this behavior. (from /mnt/NVMETank/Projects/Students/Dele/A-STUDY-INTO-THE-QUALITY-AND-USABILITY-OF-PRIVACY-FRIENDLY-SYNTHETIC-DATA/.venv/lib/python3.12/site-packages/sklearn/metrics/_classification.py:1565)
2025-04-22 15:37:08,530 - WARNING -  Failed to compute AUC-ROC for DecisionTree on Original: Number of classes in y_true not equal to the number of columns in 'y_score'
2025-04-22 15:37:08,653 - WARNING -  Failed to compute LogLoss for DecisionTree on Original: y_true and y_pred contain different number of classes 5, 6. Please provide the true labels explicitly through the labels argument. Classes found in y_true: ['Adult Arrest' 'Adult Other' 'Invest Cont' 'Juv Arrest' 'Juv Other']
2025-04-22 15:37:08,756 - INFO - Computed 8 metric(s) for DecisionTree on Original
2025-04-22 15:37:08,756 - INFO - Evaluating DecisionTree on Anonymous...
2025-04-22 15:37:08,805 - INFO - Predictions completed for DecisionTree on Anonymous
2025-04-22 15:37:08,808 - INFO - Prediction distribution for DecisionTree on Anonymous: {'Invest Cont': 36893, 'Adult Other': 15745, 'Adult Arrest': 11740, 'Juv Arrest': 466, 'Juv Other': 255, 'UNK': 2}
2025-04-22 15:37:08,970 - WARNING - [UndefinedMetricWarning] Recall is ill-defined and being set to 0.0 in labels with no true samples. Use `zero_division` parameter to control this behavior. (from /mnt/NVMETank/Projects/Students/Dele/A-STUDY-INTO-THE-QUALITY-AND-USABILITY-OF-PRIVACY-FRIENDLY-SYNTHETIC-DATA/.venv/lib/python3.12/site-packages/sklearn/metrics/_classification.py:1565)
2025-04-22 15:37:09,100 - WARNING - [UndefinedMetricWarning] Recall is ill-defined and being set to 0.0 in labels with no true samples. Use `zero_division` parameter to control this behavior. (from /mnt/NVMETank/Projects/Students/Dele/A-STUDY-INTO-THE-QUALITY-AND-USABILITY-OF-PRIVACY-FRIENDLY-SYNTHETIC-DATA/.venv/lib/python3.12/site-packages/sklearn/metrics/_classification.py:1565)
2025-04-22 15:37:09,230 - WARNING - [UndefinedMetricWarning] Recall is ill-defined and being set to 0.0 in labels with no true samples. Use `zero_division` parameter to control this behavior. (from /mnt/NVMETank/Projects/Students/Dele/A-STUDY-INTO-THE-QUALITY-AND-USABILITY-OF-PRIVACY-FRIENDLY-SYNTHETIC-DATA/.venv/lib/python3.12/site-packages/sklearn/metrics/_classification.py:1565)
2025-04-22 15:37:09,278 - WARNING -  Failed to compute AUC-ROC for DecisionTree on Anonymous: Number of classes in y_true not equal to the number of columns in 'y_score'
2025-04-22 15:37:09,399 - WARNING -  Failed to compute LogLoss for DecisionTree on Anonymous: y_true and y_pred contain different number of classes 5, 6. Please provide the true labels explicitly through the labels argument. Classes found in y_true: ['Adult Arrest' 'Adult Other' 'Invest Cont' 'Juv Arrest' 'Juv Other']
2025-04-22 15:37:09,500 - INFO - Computed 8 metric(s) for DecisionTree on Anonymous
2025-04-22 15:37:09,501 - INFO - Evaluating DecisionTree on CTGAN_HYBRID...
2025-04-22 15:37:09,522 - INFO - Predictions completed for DecisionTree on CTGAN_HYBRID
2025-04-22 15:37:09,524 - INFO - Prediction distribution for DecisionTree on CTGAN_HYBRID: {'Invest Cont': 23384, 'Adult Other': 19756, 'Adult Arrest': 14105, 'UNK': 4334, 'Juv Other': 1917, 'Juv Arrest': 1605}
2025-04-22 15:37:09,688 - WARNING - [UndefinedMetricWarning] Recall is ill-defined and being set to 0.0 in labels with no true samples. Use `zero_division` parameter to control this behavior. (from /mnt/NVMETank/Projects/Students/Dele/A-STUDY-INTO-THE-QUALITY-AND-USABILITY-OF-PRIVACY-FRIENDLY-SYNTHETIC-DATA/.venv/lib/python3.12/site-packages/sklearn/metrics/_classification.py:1565)
2025-04-22 15:37:09,819 - WARNING - [UndefinedMetricWarning] Recall is ill-defined and being set to 0.0 in labels with no true samples. Use `zero_division` parameter to control this behavior. (from /mnt/NVMETank/Projects/Students/Dele/A-STUDY-INTO-THE-QUALITY-AND-USABILITY-OF-PRIVACY-FRIENDLY-SYNTHETIC-DATA/.venv/lib/python3.12/site-packages/sklearn/metrics/_classification.py:1565)
2025-04-22 15:37:09,950 - WARNING - [UndefinedMetricWarning] Recall is ill-defined and being set to 0.0 in labels with no true samples. Use `zero_division` parameter to control this behavior. (from /mnt/NVMETank/Projects/Students/Dele/A-STUDY-INTO-THE-QUALITY-AND-USABILITY-OF-PRIVACY-FRIENDLY-SYNTHETIC-DATA/.venv/lib/python3.12/site-packages/sklearn/metrics/_classification.py:1565)
2025-04-22 15:37:09,985 - WARNING -  Failed to compute AUC-ROC for DecisionTree on CTGAN_HYBRID: Number of classes in y_true not equal to the number of columns in 'y_score'
2025-04-22 15:37:10,093 - WARNING -  Failed to compute LogLoss for DecisionTree on CTGAN_HYBRID: y_true and y_pred contain different number of classes 5, 6. Please provide the true labels explicitly through the labels argument. Classes found in y_true: ['Adult Arrest' 'Adult Other' 'Invest Cont' 'Juv Arrest' 'Juv Other']
2025-04-22 15:37:10,196 - INFO - Computed 8 metric(s) for DecisionTree on CTGAN_HYBRID
2025-04-22 15:37:10,196 - INFO - Evaluating DecisionTree on GaussianCopula_HYBRID...
2025-04-22 15:37:10,215 - INFO - Predictions completed for DecisionTree on GaussianCopula_HYBRID
2025-04-22 15:37:10,218 - INFO - Prediction distribution for DecisionTree on GaussianCopula_HYBRID: {'Invest Cont': 29616, 'Adult Other': 19023, 'Adult Arrest': 16035, 'Juv Arrest': 334, 'Juv Other': 93}
2025-04-22 15:37:10,675 - WARNING -  Failed to compute AUC-ROC for DecisionTree on GaussianCopula_HYBRID: Number of classes in y_true not equal to the number of columns in 'y_score'
2025-04-22 15:37:10,782 - WARNING -  Failed to compute LogLoss for DecisionTree on GaussianCopula_HYBRID: y_true and y_pred contain different number of classes 5, 6. Please provide the true labels explicitly through the labels argument. Classes found in y_true: ['Adult Arrest' 'Adult Other' 'Invest Cont' 'Juv Arrest' 'Juv Other']
2025-04-22 15:37:10,882 - INFO - Computed 8 metric(s) for DecisionTree on GaussianCopula_HYBRID
2025-04-22 15:37:10,882 - INFO - Evaluating DecisionTree on TVAE_HYBRID...
2025-04-22 15:37:10,902 - INFO - Predictions completed for DecisionTree on TVAE_HYBRID
2025-04-22 15:37:10,905 - INFO - Prediction distribution for DecisionTree on TVAE_HYBRID: {'Invest Cont': 37508, 'Adult Other': 14082, 'Adult Arrest': 13488, 'Juv Arrest': 23}
2025-04-22 15:37:11,068 - WARNING - [UndefinedMetricWarning] Precision is ill-defined and being set to 0.0 in labels with no predicted samples. Use `zero_division` parameter to control this behavior. (from /mnt/NVMETank/Projects/Students/Dele/A-STUDY-INTO-THE-QUALITY-AND-USABILITY-OF-PRIVACY-FRIENDLY-SYNTHETIC-DATA/.venv/lib/python3.12/site-packages/sklearn/metrics/_classification.py:1565)
2025-04-22 15:37:11,198 - WARNING - [UndefinedMetricWarning] Precision is ill-defined and being set to 0.0 in labels with no predicted samples. Use `zero_division` parameter to control this behavior. (from /mnt/NVMETank/Projects/Students/Dele/A-STUDY-INTO-THE-QUALITY-AND-USABILITY-OF-PRIVACY-FRIENDLY-SYNTHETIC-DATA/.venv/lib/python3.12/site-packages/sklearn/metrics/_classification.py:1565)
2025-04-22 15:37:11,329 - WARNING - [UndefinedMetricWarning] Precision is ill-defined and being set to 0.0 in labels with no predicted samples. Use `zero_division` parameter to control this behavior. (from /mnt/NVMETank/Projects/Students/Dele/A-STUDY-INTO-THE-QUALITY-AND-USABILITY-OF-PRIVACY-FRIENDLY-SYNTHETIC-DATA/.venv/lib/python3.12/site-packages/sklearn/metrics/_classification.py:1565)
2025-04-22 15:37:11,615 - INFO - Computed 8 metric(s) for DecisionTree on TVAE_HYBRID
2025-04-22 15:37:11,616 - INFO - Preparing evaluation for model 'KNN' across all datasets...
2025-04-22 15:37:11,616 - INFO - Evaluating KNN on Original...
2025-04-22 15:37:18,770 - INFO - Predictions completed for KNN on Original
2025-04-22 15:37:18,773 - INFO - Prediction distribution for KNN on Original: {'Invest Cont': 42030, 'Adult Other': 13073, 'Adult Arrest': 9928, 'Juv Arrest': 51, 'Juv Other': 19}
2025-04-22 15:37:25,407 - WARNING -  Failed to compute AUC-ROC for KNN on Original: Number of classes in y_true not equal to the number of columns in 'y_score'
2025-04-22 15:37:31,707 - WARNING -  Failed to compute LogLoss for KNN on Original: y_true and y_pred contain different number of classes 5, 6. Please provide the true labels explicitly through the labels argument. Classes found in y_true: ['Adult Arrest' 'Adult Other' 'Invest Cont' 'Juv Arrest' 'Juv Other']
2025-04-22 15:37:31,809 - INFO - Computed 8 metric(s) for KNN on Original
2025-04-22 15:37:31,810 - INFO - Evaluating KNN on Anonymous...
2025-04-22 15:37:38,896 - INFO - Predictions completed for KNN on Anonymous
2025-04-22 15:37:38,899 - INFO - Prediction distribution for KNN on Anonymous: {'Invest Cont': 42088, 'Adult Other': 13037, 'Adult Arrest': 9906, 'Juv Arrest': 51, 'Juv Other': 19}
2025-04-22 15:37:45,286 - WARNING -  Failed to compute AUC-ROC for KNN on Anonymous: Number of classes in y_true not equal to the number of columns in 'y_score'
2025-04-22 15:37:51,512 - WARNING -  Failed to compute LogLoss for KNN on Anonymous: y_true and y_pred contain different number of classes 5, 6. Please provide the true labels explicitly through the labels argument. Classes found in y_true: ['Adult Arrest' 'Adult Other' 'Invest Cont' 'Juv Arrest' 'Juv Other']
2025-04-22 15:37:51,614 - INFO - Computed 8 metric(s) for KNN on Anonymous
2025-04-22 15:37:51,614 - INFO - Evaluating KNN on CTGAN_HYBRID...
2025-04-22 15:37:58,759 - INFO - Predictions completed for KNN on CTGAN_HYBRID
2025-04-22 15:37:58,762 - INFO - Prediction distribution for KNN on CTGAN_HYBRID: {'Invest Cont': 65101}
2025-04-22 15:37:58,763 - WARNING -  [WARNING] :KNN on CTGAN_HYBRID predicted only one class: {'Invest Cont'}
2025-04-22 15:37:58,925 - WARNING - [UndefinedMetricWarning] Precision is ill-defined and being set to 0.0 in labels with no predicted samples. Use `zero_division` parameter to control this behavior. (from /mnt/NVMETank/Projects/Students/Dele/A-STUDY-INTO-THE-QUALITY-AND-USABILITY-OF-PRIVACY-FRIENDLY-SYNTHETIC-DATA/.venv/lib/python3.12/site-packages/sklearn/metrics/_classification.py:1565)
2025-04-22 15:37:59,054 - WARNING - [UndefinedMetricWarning] Precision is ill-defined and being set to 0.0 in labels with no predicted samples. Use `zero_division` parameter to control this behavior. (from /mnt/NVMETank/Projects/Students/Dele/A-STUDY-INTO-THE-QUALITY-AND-USABILITY-OF-PRIVACY-FRIENDLY-SYNTHETIC-DATA/.venv/lib/python3.12/site-packages/sklearn/metrics/_classification.py:1565)
2025-04-22 15:37:59,184 - WARNING - [UndefinedMetricWarning] Precision is ill-defined and being set to 0.0 in labels with no predicted samples. Use `zero_division` parameter to control this behavior. (from /mnt/NVMETank/Projects/Students/Dele/A-STUDY-INTO-THE-QUALITY-AND-USABILITY-OF-PRIVACY-FRIENDLY-SYNTHETIC-DATA/.venv/lib/python3.12/site-packages/sklearn/metrics/_classification.py:1565)
2025-04-22 15:38:05,217 - WARNING -  Failed to compute AUC-ROC for KNN on CTGAN_HYBRID: Number of classes in y_true not equal to the number of columns in 'y_score'
2025-04-22 15:38:11,026 - WARNING -  Failed to compute LogLoss for KNN on CTGAN_HYBRID: y_true and y_pred contain different number of classes 5, 6. Please provide the true labels explicitly through the labels argument. Classes found in y_true: ['Adult Arrest' 'Adult Other' 'Invest Cont' 'Juv Arrest' 'Juv Other']
2025-04-22 15:38:11,127 - INFO - Computed 8 metric(s) for KNN on CTGAN_HYBRID
2025-04-22 15:38:11,127 - INFO - Evaluating KNN on GaussianCopula_HYBRID...
2025-04-22 15:38:18,238 - INFO - Predictions completed for KNN on GaussianCopula_HYBRID
2025-04-22 15:38:18,241 - INFO - Prediction distribution for KNN on GaussianCopula_HYBRID: {'Adult Other': 65101}
2025-04-22 15:38:18,242 - WARNING -  [WARNING] :KNN on GaussianCopula_HYBRID predicted only one class: {'Adult Other'}
2025-04-22 15:38:18,402 - WARNING - [UndefinedMetricWarning] Precision is ill-defined and being set to 0.0 in labels with no predicted samples. Use `zero_division` parameter to control this behavior. (from /mnt/NVMETank/Projects/Students/Dele/A-STUDY-INTO-THE-QUALITY-AND-USABILITY-OF-PRIVACY-FRIENDLY-SYNTHETIC-DATA/.venv/lib/python3.12/site-packages/sklearn/metrics/_classification.py:1565)
2025-04-22 15:38:18,530 - WARNING - [UndefinedMetricWarning] Precision is ill-defined and being set to 0.0 in labels with no predicted samples. Use `zero_division` parameter to control this behavior. (from /mnt/NVMETank/Projects/Students/Dele/A-STUDY-INTO-THE-QUALITY-AND-USABILITY-OF-PRIVACY-FRIENDLY-SYNTHETIC-DATA/.venv/lib/python3.12/site-packages/sklearn/metrics/_classification.py:1565)
2025-04-22 15:38:18,659 - WARNING - [UndefinedMetricWarning] Precision is ill-defined and being set to 0.0 in labels with no predicted samples. Use `zero_division` parameter to control this behavior. (from /mnt/NVMETank/Projects/Students/Dele/A-STUDY-INTO-THE-QUALITY-AND-USABILITY-OF-PRIVACY-FRIENDLY-SYNTHETIC-DATA/.venv/lib/python3.12/site-packages/sklearn/metrics/_classification.py:1565)
2025-04-22 15:38:24,693 - WARNING -  Failed to compute AUC-ROC for KNN on GaussianCopula_HYBRID: Number of classes in y_true not equal to the number of columns in 'y_score'
2025-04-22 15:38:30,529 - WARNING -  Failed to compute LogLoss for KNN on GaussianCopula_HYBRID: y_true and y_pred contain different number of classes 5, 6. Please provide the true labels explicitly through the labels argument. Classes found in y_true: ['Adult Arrest' 'Adult Other' 'Invest Cont' 'Juv Arrest' 'Juv Other']
2025-04-22 15:38:30,630 - INFO - Computed 8 metric(s) for KNN on GaussianCopula_HYBRID
2025-04-22 15:38:30,630 - INFO - Evaluating KNN on TVAE_HYBRID...
2025-04-22 15:38:37,819 - INFO - Predictions completed for KNN on TVAE_HYBRID
2025-04-22 15:38:37,822 - INFO - Prediction distribution for KNN on TVAE_HYBRID: {'Adult Arrest': 65101}
2025-04-22 15:38:37,823 - WARNING -  [WARNING] :KNN on TVAE_HYBRID predicted only one class: {'Adult Arrest'}
2025-04-22 15:38:37,983 - WARNING - [UndefinedMetricWarning] Precision is ill-defined and being set to 0.0 in labels with no predicted samples. Use `zero_division` parameter to control this behavior. (from /mnt/NVMETank/Projects/Students/Dele/A-STUDY-INTO-THE-QUALITY-AND-USABILITY-OF-PRIVACY-FRIENDLY-SYNTHETIC-DATA/.venv/lib/python3.12/site-packages/sklearn/metrics/_classification.py:1565)
2025-04-22 15:38:38,112 - WARNING - [UndefinedMetricWarning] Precision is ill-defined and being set to 0.0 in labels with no predicted samples. Use `zero_division` parameter to control this behavior. (from /mnt/NVMETank/Projects/Students/Dele/A-STUDY-INTO-THE-QUALITY-AND-USABILITY-OF-PRIVACY-FRIENDLY-SYNTHETIC-DATA/.venv/lib/python3.12/site-packages/sklearn/metrics/_classification.py:1565)
2025-04-22 15:38:38,240 - WARNING - [UndefinedMetricWarning] Precision is ill-defined and being set to 0.0 in labels with no predicted samples. Use `zero_division` parameter to control this behavior. (from /mnt/NVMETank/Projects/Students/Dele/A-STUDY-INTO-THE-QUALITY-AND-USABILITY-OF-PRIVACY-FRIENDLY-SYNTHETIC-DATA/.venv/lib/python3.12/site-packages/sklearn/metrics/_classification.py:1565)
2025-04-22 15:38:50,515 - INFO - Computed 8 metric(s) for KNN on TVAE_HYBRID
2025-04-22 15:38:50,516 - INFO - Preparing evaluation for model 'LogisticRegression' across all datasets...
2025-04-22 15:38:50,516 - INFO - Evaluating LogisticRegression on Original...
2025-04-22 15:38:50,548 - INFO - Predictions completed for LogisticRegression on Original
2025-04-22 15:38:50,552 - INFO - Prediction distribution for LogisticRegression on Original: {'Invest Cont': 57031, 'Adult Other': 7631, 'Adult Arrest': 439}
2025-04-22 15:38:50,737 - WARNING - [UndefinedMetricWarning] Precision is ill-defined and being set to 0.0 in labels with no predicted samples. Use `zero_division` parameter to control this behavior. (from /mnt/NVMETank/Projects/Students/Dele/A-STUDY-INTO-THE-QUALITY-AND-USABILITY-OF-PRIVACY-FRIENDLY-SYNTHETIC-DATA/.venv/lib/python3.12/site-packages/sklearn/metrics/_classification.py:1565)
2025-04-22 15:38:50,869 - WARNING - [UndefinedMetricWarning] Precision is ill-defined and being set to 0.0 in labels with no predicted samples. Use `zero_division` parameter to control this behavior. (from /mnt/NVMETank/Projects/Students/Dele/A-STUDY-INTO-THE-QUALITY-AND-USABILITY-OF-PRIVACY-FRIENDLY-SYNTHETIC-DATA/.venv/lib/python3.12/site-packages/sklearn/metrics/_classification.py:1565)
2025-04-22 15:38:51,000 - WARNING - [UndefinedMetricWarning] Precision is ill-defined and being set to 0.0 in labels with no predicted samples. Use `zero_division` parameter to control this behavior. (from /mnt/NVMETank/Projects/Students/Dele/A-STUDY-INTO-THE-QUALITY-AND-USABILITY-OF-PRIVACY-FRIENDLY-SYNTHETIC-DATA/.venv/lib/python3.12/site-packages/sklearn/metrics/_classification.py:1565)
2025-04-22 15:38:51,060 - WARNING -  Failed to compute AUC-ROC for LogisticRegression on Original: Number of classes in y_true not equal to the number of columns in 'y_score'
2025-04-22 15:38:51,207 - WARNING -  Failed to compute LogLoss for LogisticRegression on Original: y_true and y_pred contain different number of classes 5, 6. Please provide the true labels explicitly through the labels argument. Classes found in y_true: ['Adult Arrest' 'Adult Other' 'Invest Cont' 'Juv Arrest' 'Juv Other']
2025-04-22 15:38:51,310 - INFO - Computed 8 metric(s) for LogisticRegression on Original
2025-04-22 15:38:51,311 - INFO - Evaluating LogisticRegression on Anonymous...
2025-04-22 15:38:51,336 - INFO - Predictions completed for LogisticRegression on Anonymous
2025-04-22 15:38:51,340 - INFO - Prediction distribution for LogisticRegression on Anonymous: {'Invest Cont': 62094, 'Adult Other': 2933, 'Adult Arrest': 74}
2025-04-22 15:38:51,527 - WARNING - [UndefinedMetricWarning] Precision is ill-defined and being set to 0.0 in labels with no predicted samples. Use `zero_division` parameter to control this behavior. (from /mnt/NVMETank/Projects/Students/Dele/A-STUDY-INTO-THE-QUALITY-AND-USABILITY-OF-PRIVACY-FRIENDLY-SYNTHETIC-DATA/.venv/lib/python3.12/site-packages/sklearn/metrics/_classification.py:1565)
2025-04-22 15:38:51,657 - WARNING - [UndefinedMetricWarning] Precision is ill-defined and being set to 0.0 in labels with no predicted samples. Use `zero_division` parameter to control this behavior. (from /mnt/NVMETank/Projects/Students/Dele/A-STUDY-INTO-THE-QUALITY-AND-USABILITY-OF-PRIVACY-FRIENDLY-SYNTHETIC-DATA/.venv/lib/python3.12/site-packages/sklearn/metrics/_classification.py:1565)
2025-04-22 15:38:51,787 - WARNING - [UndefinedMetricWarning] Precision is ill-defined and being set to 0.0 in labels with no predicted samples. Use `zero_division` parameter to control this behavior. (from /mnt/NVMETank/Projects/Students/Dele/A-STUDY-INTO-THE-QUALITY-AND-USABILITY-OF-PRIVACY-FRIENDLY-SYNTHETIC-DATA/.venv/lib/python3.12/site-packages/sklearn/metrics/_classification.py:1565)
2025-04-22 15:38:51,846 - WARNING -  Failed to compute AUC-ROC for LogisticRegression on Anonymous: Number of classes in y_true not equal to the number of columns in 'y_score'
2025-04-22 15:38:51,993 - WARNING -  Failed to compute LogLoss for LogisticRegression on Anonymous: y_true and y_pred contain different number of classes 5, 6. Please provide the true labels explicitly through the labels argument. Classes found in y_true: ['Adult Arrest' 'Adult Other' 'Invest Cont' 'Juv Arrest' 'Juv Other']
2025-04-22 15:38:52,096 - INFO - Computed 8 metric(s) for LogisticRegression on Anonymous
2025-04-22 15:38:52,096 - INFO - Evaluating LogisticRegression on CTGAN_HYBRID...
2025-04-22 15:38:52,122 - INFO - Predictions completed for LogisticRegression on CTGAN_HYBRID
2025-04-22 15:38:52,126 - INFO - Prediction distribution for LogisticRegression on CTGAN_HYBRID: {'UNK': 30004, 'Invest Cont': 24990, 'Adult Other': 9206, 'Adult Arrest': 727, 'Juv Arrest': 174}
2025-04-22 15:38:52,315 - WARNING - [UndefinedMetricWarning] Precision is ill-defined and being set to 0.0 in labels with no predicted samples. Use `zero_division` parameter to control this behavior. (from /mnt/NVMETank/Projects/Students/Dele/A-STUDY-INTO-THE-QUALITY-AND-USABILITY-OF-PRIVACY-FRIENDLY-SYNTHETIC-DATA/.venv/lib/python3.12/site-packages/sklearn/metrics/_classification.py:1565)
2025-04-22 15:38:52,315 - WARNING - [UndefinedMetricWarning] Recall is ill-defined and being set to 0.0 in labels with no true samples. Use `zero_division` parameter to control this behavior. (from /mnt/NVMETank/Projects/Students/Dele/A-STUDY-INTO-THE-QUALITY-AND-USABILITY-OF-PRIVACY-FRIENDLY-SYNTHETIC-DATA/.venv/lib/python3.12/site-packages/sklearn/metrics/_classification.py:1565)
2025-04-22 15:38:52,447 - WARNING - [UndefinedMetricWarning] Precision is ill-defined and being set to 0.0 in labels with no predicted samples. Use `zero_division` parameter to control this behavior. (from /mnt/NVMETank/Projects/Students/Dele/A-STUDY-INTO-THE-QUALITY-AND-USABILITY-OF-PRIVACY-FRIENDLY-SYNTHETIC-DATA/.venv/lib/python3.12/site-packages/sklearn/metrics/_classification.py:1565)
2025-04-22 15:38:52,448 - WARNING - [UndefinedMetricWarning] Recall is ill-defined and being set to 0.0 in labels with no true samples. Use `zero_division` parameter to control this behavior. (from /mnt/NVMETank/Projects/Students/Dele/A-STUDY-INTO-THE-QUALITY-AND-USABILITY-OF-PRIVACY-FRIENDLY-SYNTHETIC-DATA/.venv/lib/python3.12/site-packages/sklearn/metrics/_classification.py:1565)
2025-04-22 15:38:52,579 - WARNING - [UndefinedMetricWarning] Precision is ill-defined and being set to 0.0 in labels with no predicted samples. Use `zero_division` parameter to control this behavior. (from /mnt/NVMETank/Projects/Students/Dele/A-STUDY-INTO-THE-QUALITY-AND-USABILITY-OF-PRIVACY-FRIENDLY-SYNTHETIC-DATA/.venv/lib/python3.12/site-packages/sklearn/metrics/_classification.py:1565)
2025-04-22 15:38:52,580 - WARNING - [UndefinedMetricWarning] Recall is ill-defined and being set to 0.0 in labels with no true samples. Use `zero_division` parameter to control this behavior. (from /mnt/NVMETank/Projects/Students/Dele/A-STUDY-INTO-THE-QUALITY-AND-USABILITY-OF-PRIVACY-FRIENDLY-SYNTHETIC-DATA/.venv/lib/python3.12/site-packages/sklearn/metrics/_classification.py:1565)
2025-04-22 15:38:52,639 - WARNING -  Failed to compute AUC-ROC for LogisticRegression on CTGAN_HYBRID: Number of classes in y_true not equal to the number of columns in 'y_score'
2025-04-22 15:38:52,786 - WARNING -  Failed to compute LogLoss for LogisticRegression on CTGAN_HYBRID: y_true and y_pred contain different number of classes 5, 6. Please provide the true labels explicitly through the labels argument. Classes found in y_true: ['Adult Arrest' 'Adult Other' 'Invest Cont' 'Juv Arrest' 'Juv Other']
2025-04-22 15:38:52,890 - INFO - Computed 8 metric(s) for LogisticRegression on CTGAN_HYBRID
2025-04-22 15:38:52,890 - INFO - Evaluating LogisticRegression on GaussianCopula_HYBRID...
2025-04-22 15:38:52,915 - INFO - Predictions completed for LogisticRegression on GaussianCopula_HYBRID
2025-04-22 15:38:52,919 - INFO - Prediction distribution for LogisticRegression on GaussianCopula_HYBRID: {'Invest Cont': 64927, 'Juv Arrest': 174}
2025-04-22 15:38:53,106 - WARNING - [UndefinedMetricWarning] Precision is ill-defined and being set to 0.0 in labels with no predicted samples. Use `zero_division` parameter to control this behavior. (from /mnt/NVMETank/Projects/Students/Dele/A-STUDY-INTO-THE-QUALITY-AND-USABILITY-OF-PRIVACY-FRIENDLY-SYNTHETIC-DATA/.venv/lib/python3.12/site-packages/sklearn/metrics/_classification.py:1565)
2025-04-22 15:38:53,237 - WARNING - [UndefinedMetricWarning] Precision is ill-defined and being set to 0.0 in labels with no predicted samples. Use `zero_division` parameter to control this behavior. (from /mnt/NVMETank/Projects/Students/Dele/A-STUDY-INTO-THE-QUALITY-AND-USABILITY-OF-PRIVACY-FRIENDLY-SYNTHETIC-DATA/.venv/lib/python3.12/site-packages/sklearn/metrics/_classification.py:1565)
2025-04-22 15:38:53,367 - WARNING - [UndefinedMetricWarning] Precision is ill-defined and being set to 0.0 in labels with no predicted samples. Use `zero_division` parameter to control this behavior. (from /mnt/NVMETank/Projects/Students/Dele/A-STUDY-INTO-THE-QUALITY-AND-USABILITY-OF-PRIVACY-FRIENDLY-SYNTHETIC-DATA/.venv/lib/python3.12/site-packages/sklearn/metrics/_classification.py:1565)
2025-04-22 15:38:53,426 - WARNING -  Failed to compute AUC-ROC for LogisticRegression on GaussianCopula_HYBRID: Number of classes in y_true not equal to the number of columns in 'y_score'
2025-04-22 15:38:53,573 - WARNING -  Failed to compute LogLoss for LogisticRegression on GaussianCopula_HYBRID: y_true and y_pred contain different number of classes 5, 6. Please provide the true labels explicitly through the labels argument. Classes found in y_true: ['Adult Arrest' 'Adult Other' 'Invest Cont' 'Juv Arrest' 'Juv Other']
2025-04-22 15:38:53,674 - INFO - Computed 8 metric(s) for LogisticRegression on GaussianCopula_HYBRID
2025-04-22 15:38:53,675 - INFO - Evaluating LogisticRegression on TVAE_HYBRID...
2025-04-22 15:38:53,699 - INFO - Predictions completed for LogisticRegression on TVAE_HYBRID
2025-04-22 15:38:53,703 - INFO - Prediction distribution for LogisticRegression on TVAE_HYBRID: {'Invest Cont': 55646, 'Adult Other': 7920, 'Juv Arrest': 1520, 'Adult Arrest': 15}
2025-04-22 15:38:53,891 - WARNING - [UndefinedMetricWarning] Precision is ill-defined and being set to 0.0 in labels with no predicted samples. Use `zero_division` parameter to control this behavior. (from /mnt/NVMETank/Projects/Students/Dele/A-STUDY-INTO-THE-QUALITY-AND-USABILITY-OF-PRIVACY-FRIENDLY-SYNTHETIC-DATA/.venv/lib/python3.12/site-packages/sklearn/metrics/_classification.py:1565)
2025-04-22 15:38:54,023 - WARNING - [UndefinedMetricWarning] Precision is ill-defined and being set to 0.0 in labels with no predicted samples. Use `zero_division` parameter to control this behavior. (from /mnt/NVMETank/Projects/Students/Dele/A-STUDY-INTO-THE-QUALITY-AND-USABILITY-OF-PRIVACY-FRIENDLY-SYNTHETIC-DATA/.venv/lib/python3.12/site-packages/sklearn/metrics/_classification.py:1565)
2025-04-22 15:38:54,155 - WARNING - [UndefinedMetricWarning] Precision is ill-defined and being set to 0.0 in labels with no predicted samples. Use `zero_division` parameter to control this behavior. (from /mnt/NVMETank/Projects/Students/Dele/A-STUDY-INTO-THE-QUALITY-AND-USABILITY-OF-PRIVACY-FRIENDLY-SYNTHETIC-DATA/.venv/lib/python3.12/site-packages/sklearn/metrics/_classification.py:1565)
2025-04-22 15:38:54,537 - INFO - Computed 8 metric(s) for LogisticRegression on TVAE_HYBRID
2025-04-22 15:38:54,537 - INFO - Preparing evaluation for model 'RandomForest' across all datasets...
2025-04-22 15:38:54,537 - INFO - Evaluating RandomForest on Original...
2025-04-22 15:38:58,927 - INFO - Predictions completed for RandomForest on Original
2025-04-22 15:38:58,929 - INFO - Prediction distribution for RandomForest on Original: {'Invest Cont': 50803, 'Adult Other': 11330, 'Adult Arrest': 2921, 'Juv Other': 25, 'Juv Arrest': 22}
2025-04-22 15:39:01,429 - WARNING -  Failed to compute AUC-ROC for RandomForest on Original: Number of classes in y_true not equal to the number of columns in 'y_score'
2025-04-22 15:39:03,564 - WARNING -  Failed to compute LogLoss for RandomForest on Original: y_true and y_pred contain different number of classes 5, 6. Please provide the true labels explicitly through the labels argument. Classes found in y_true: ['Adult Arrest' 'Adult Other' 'Invest Cont' 'Juv Arrest' 'Juv Other']
2025-04-22 15:39:03,667 - INFO - Computed 8 metric(s) for RandomForest on Original
2025-04-22 15:39:03,667 - INFO - Evaluating RandomForest on Anonymous...
2025-04-22 15:39:06,148 - INFO - Predictions completed for RandomForest on Anonymous
2025-04-22 15:39:06,150 - INFO - Prediction distribution for RandomForest on Anonymous: {'Invest Cont': 50234, 'Adult Other': 10087, 'Adult Arrest': 4692, 'Juv Other': 46, 'Juv Arrest': 42}
2025-04-22 15:39:08,331 - WARNING -  Failed to compute AUC-ROC for RandomForest on Anonymous: Number of classes in y_true not equal to the number of columns in 'y_score'
2025-04-22 15:39:10,155 - WARNING -  Failed to compute LogLoss for RandomForest on Anonymous: y_true and y_pred contain different number of classes 5, 6. Please provide the true labels explicitly through the labels argument. Classes found in y_true: ['Adult Arrest' 'Adult Other' 'Invest Cont' 'Juv Arrest' 'Juv Other']
2025-04-22 15:39:10,257 - INFO - Computed 8 metric(s) for RandomForest on Anonymous
2025-04-22 15:39:10,258 - INFO - Evaluating RandomForest on CTGAN_HYBRID...
2025-04-22 15:39:11,320 - INFO - Predictions completed for RandomForest on CTGAN_HYBRID
2025-04-22 15:39:11,323 - INFO - Prediction distribution for RandomForest on CTGAN_HYBRID: {'Invest Cont': 49733, 'Adult Other': 14468, 'Adult Arrest': 859, 'UNK': 40, 'Juv Arrest': 1}
2025-04-22 15:39:11,486 - WARNING - [UndefinedMetricWarning] Precision is ill-defined and being set to 0.0 in labels with no predicted samples. Use `zero_division` parameter to control this behavior. (from /mnt/NVMETank/Projects/Students/Dele/A-STUDY-INTO-THE-QUALITY-AND-USABILITY-OF-PRIVACY-FRIENDLY-SYNTHETIC-DATA/.venv/lib/python3.12/site-packages/sklearn/metrics/_classification.py:1565)
2025-04-22 15:39:11,486 - WARNING - [UndefinedMetricWarning] Recall is ill-defined and being set to 0.0 in labels with no true samples. Use `zero_division` parameter to control this behavior. (from /mnt/NVMETank/Projects/Students/Dele/A-STUDY-INTO-THE-QUALITY-AND-USABILITY-OF-PRIVACY-FRIENDLY-SYNTHETIC-DATA/.venv/lib/python3.12/site-packages/sklearn/metrics/_classification.py:1565)
2025-04-22 15:39:11,616 - WARNING - [UndefinedMetricWarning] Precision is ill-defined and being set to 0.0 in labels with no predicted samples. Use `zero_division` parameter to control this behavior. (from /mnt/NVMETank/Projects/Students/Dele/A-STUDY-INTO-THE-QUALITY-AND-USABILITY-OF-PRIVACY-FRIENDLY-SYNTHETIC-DATA/.venv/lib/python3.12/site-packages/sklearn/metrics/_classification.py:1565)
2025-04-22 15:39:11,617 - WARNING - [UndefinedMetricWarning] Recall is ill-defined and being set to 0.0 in labels with no true samples. Use `zero_division` parameter to control this behavior. (from /mnt/NVMETank/Projects/Students/Dele/A-STUDY-INTO-THE-QUALITY-AND-USABILITY-OF-PRIVACY-FRIENDLY-SYNTHETIC-DATA/.venv/lib/python3.12/site-packages/sklearn/metrics/_classification.py:1565)
2025-04-22 15:39:11,747 - WARNING - [UndefinedMetricWarning] Precision is ill-defined and being set to 0.0 in labels with no predicted samples. Use `zero_division` parameter to control this behavior. (from /mnt/NVMETank/Projects/Students/Dele/A-STUDY-INTO-THE-QUALITY-AND-USABILITY-OF-PRIVACY-FRIENDLY-SYNTHETIC-DATA/.venv/lib/python3.12/site-packages/sklearn/metrics/_classification.py:1565)
2025-04-22 15:39:11,747 - WARNING - [UndefinedMetricWarning] Recall is ill-defined and being set to 0.0 in labels with no true samples. Use `zero_division` parameter to control this behavior. (from /mnt/NVMETank/Projects/Students/Dele/A-STUDY-INTO-THE-QUALITY-AND-USABILITY-OF-PRIVACY-FRIENDLY-SYNTHETIC-DATA/.venv/lib/python3.12/site-packages/sklearn/metrics/_classification.py:1565)
2025-04-22 15:39:12,797 - WARNING -  Failed to compute AUC-ROC for RandomForest on CTGAN_HYBRID: Number of classes in y_true not equal to the number of columns in 'y_score'
2025-04-22 15:39:13,923 - WARNING -  Failed to compute LogLoss for RandomForest on CTGAN_HYBRID: y_true and y_pred contain different number of classes 5, 6. Please provide the true labels explicitly through the labels argument. Classes found in y_true: ['Adult Arrest' 'Adult Other' 'Invest Cont' 'Juv Arrest' 'Juv Other']
2025-04-22 15:39:14,025 - INFO - Computed 8 metric(s) for RandomForest on CTGAN_HYBRID
2025-04-22 15:39:14,026 - INFO - Evaluating RandomForest on GaussianCopula_HYBRID...
2025-04-22 15:39:14,960 - INFO - Predictions completed for RandomForest on GaussianCopula_HYBRID
2025-04-22 15:39:14,962 - INFO - Prediction distribution for RandomForest on GaussianCopula_HYBRID: {'Invest Cont': 59394, 'Adult Other': 3359, 'Adult Arrest': 2348}
2025-04-22 15:39:15,125 - WARNING - [UndefinedMetricWarning] Precision is ill-defined and being set to 0.0 in labels with no predicted samples. Use `zero_division` parameter to control this behavior. (from /mnt/NVMETank/Projects/Students/Dele/A-STUDY-INTO-THE-QUALITY-AND-USABILITY-OF-PRIVACY-FRIENDLY-SYNTHETIC-DATA/.venv/lib/python3.12/site-packages/sklearn/metrics/_classification.py:1565)
2025-04-22 15:39:15,256 - WARNING - [UndefinedMetricWarning] Precision is ill-defined and being set to 0.0 in labels with no predicted samples. Use `zero_division` parameter to control this behavior. (from /mnt/NVMETank/Projects/Students/Dele/A-STUDY-INTO-THE-QUALITY-AND-USABILITY-OF-PRIVACY-FRIENDLY-SYNTHETIC-DATA/.venv/lib/python3.12/site-packages/sklearn/metrics/_classification.py:1565)
2025-04-22 15:39:15,387 - WARNING - [UndefinedMetricWarning] Precision is ill-defined and being set to 0.0 in labels with no predicted samples. Use `zero_division` parameter to control this behavior. (from /mnt/NVMETank/Projects/Students/Dele/A-STUDY-INTO-THE-QUALITY-AND-USABILITY-OF-PRIVACY-FRIENDLY-SYNTHETIC-DATA/.venv/lib/python3.12/site-packages/sklearn/metrics/_classification.py:1565)
2025-04-22 15:39:16,340 - WARNING -  Failed to compute AUC-ROC for RandomForest on GaussianCopula_HYBRID: Number of classes in y_true not equal to the number of columns in 'y_score'
2025-04-22 15:39:17,358 - WARNING -  Failed to compute LogLoss for RandomForest on GaussianCopula_HYBRID: y_true and y_pred contain different number of classes 5, 6. Please provide the true labels explicitly through the labels argument. Classes found in y_true: ['Adult Arrest' 'Adult Other' 'Invest Cont' 'Juv Arrest' 'Juv Other']
2025-04-22 15:39:17,460 - INFO - Computed 8 metric(s) for RandomForest on GaussianCopula_HYBRID
2025-04-22 15:39:17,460 - INFO - Evaluating RandomForest on TVAE_HYBRID...
2025-04-22 15:39:18,514 - INFO - Predictions completed for RandomForest on TVAE_HYBRID
2025-04-22 15:39:18,517 - INFO - Prediction distribution for RandomForest on TVAE_HYBRID: {'Invest Cont': 53118, 'Adult Other': 7169, 'Adult Arrest': 4814}
2025-04-22 15:39:18,681 - WARNING - [UndefinedMetricWarning] Precision is ill-defined and being set to 0.0 in labels with no predicted samples. Use `zero_division` parameter to control this behavior. (from /mnt/NVMETank/Projects/Students/Dele/A-STUDY-INTO-THE-QUALITY-AND-USABILITY-OF-PRIVACY-FRIENDLY-SYNTHETIC-DATA/.venv/lib/python3.12/site-packages/sklearn/metrics/_classification.py:1565)
2025-04-22 15:39:18,811 - WARNING - [UndefinedMetricWarning] Precision is ill-defined and being set to 0.0 in labels with no predicted samples. Use `zero_division` parameter to control this behavior. (from /mnt/NVMETank/Projects/Students/Dele/A-STUDY-INTO-THE-QUALITY-AND-USABILITY-OF-PRIVACY-FRIENDLY-SYNTHETIC-DATA/.venv/lib/python3.12/site-packages/sklearn/metrics/_classification.py:1565)
2025-04-22 15:39:18,942 - WARNING - [UndefinedMetricWarning] Precision is ill-defined and being set to 0.0 in labels with no predicted samples. Use `zero_division` parameter to control this behavior. (from /mnt/NVMETank/Projects/Students/Dele/A-STUDY-INTO-THE-QUALITY-AND-USABILITY-OF-PRIVACY-FRIENDLY-SYNTHETIC-DATA/.venv/lib/python3.12/site-packages/sklearn/metrics/_classification.py:1565)
2025-04-22 15:39:21,302 - INFO - Computed 8 metric(s) for RandomForest on TVAE_HYBRID
2025-04-22 15:39:21,303 - INFO - Preparing evaluation for model 'SVM' across all datasets...
2025-04-22 15:39:21,303 - INFO - Evaluating SVM on Original...
2025-04-22 15:49:31,037 - INFO - Predictions completed for SVM on Original
2025-04-22 15:49:31,040 - INFO - Prediction distribution for SVM on Original: {'Invest Cont': 65101}
2025-04-22 15:49:31,041 - WARNING -  [WARNING] :SVM on Original predicted only one class: {'Invest Cont'}
2025-04-22 15:49:31,203 - WARNING - [UndefinedMetricWarning] Precision is ill-defined and being set to 0.0 in labels with no predicted samples. Use `zero_division` parameter to control this behavior. (from /mnt/NVMETank/Projects/Students/Dele/A-STUDY-INTO-THE-QUALITY-AND-USABILITY-OF-PRIVACY-FRIENDLY-SYNTHETIC-DATA/.venv/lib/python3.12/site-packages/sklearn/metrics/_classification.py:1565)
2025-04-22 15:49:31,332 - WARNING - [UndefinedMetricWarning] Precision is ill-defined and being set to 0.0 in labels with no predicted samples. Use `zero_division` parameter to control this behavior. (from /mnt/NVMETank/Projects/Students/Dele/A-STUDY-INTO-THE-QUALITY-AND-USABILITY-OF-PRIVACY-FRIENDLY-SYNTHETIC-DATA/.venv/lib/python3.12/site-packages/sklearn/metrics/_classification.py:1565)
2025-04-22 15:49:31,462 - WARNING - [UndefinedMetricWarning] Precision is ill-defined and being set to 0.0 in labels with no predicted samples. Use `zero_division` parameter to control this behavior. (from /mnt/NVMETank/Projects/Students/Dele/A-STUDY-INTO-THE-QUALITY-AND-USABILITY-OF-PRIVACY-FRIENDLY-SYNTHETIC-DATA/.venv/lib/python3.12/site-packages/sklearn/metrics/_classification.py:1565)
2025-04-22 15:49:31,562 - INFO - Computed 8 metric(s) for SVM on Original
2025-04-22 15:49:31,563 - INFO - Evaluating SVM on Anonymous...
2025-04-22 15:59:26,386 - INFO - Predictions completed for SVM on Anonymous
2025-04-22 15:59:26,389 - INFO - Prediction distribution for SVM on Anonymous: {'Invest Cont': 65101}
2025-04-22 15:59:26,391 - WARNING -  [WARNING] :SVM on Anonymous predicted only one class: {'Invest Cont'}
2025-04-22 15:59:26,552 - WARNING - [UndefinedMetricWarning] Precision is ill-defined and being set to 0.0 in labels with no predicted samples. Use `zero_division` parameter to control this behavior. (from /mnt/NVMETank/Projects/Students/Dele/A-STUDY-INTO-THE-QUALITY-AND-USABILITY-OF-PRIVACY-FRIENDLY-SYNTHETIC-DATA/.venv/lib/python3.12/site-packages/sklearn/metrics/_classification.py:1565)
2025-04-22 15:59:26,681 - WARNING - [UndefinedMetricWarning] Precision is ill-defined and being set to 0.0 in labels with no predicted samples. Use `zero_division` parameter to control this behavior. (from /mnt/NVMETank/Projects/Students/Dele/A-STUDY-INTO-THE-QUALITY-AND-USABILITY-OF-PRIVACY-FRIENDLY-SYNTHETIC-DATA/.venv/lib/python3.12/site-packages/sklearn/metrics/_classification.py:1565)
2025-04-22 15:59:26,810 - WARNING - [UndefinedMetricWarning] Precision is ill-defined and being set to 0.0 in labels with no predicted samples. Use `zero_division` parameter to control this behavior. (from /mnt/NVMETank/Projects/Students/Dele/A-STUDY-INTO-THE-QUALITY-AND-USABILITY-OF-PRIVACY-FRIENDLY-SYNTHETIC-DATA/.venv/lib/python3.12/site-packages/sklearn/metrics/_classification.py:1565)
2025-04-22 15:59:26,911 - INFO - Computed 8 metric(s) for SVM on Anonymous
2025-04-22 15:59:26,911 - INFO - Evaluating SVM on CTGAN_HYBRID...
2025-04-22 16:11:07,964 - INFO - Predictions completed for SVM on CTGAN_HYBRID
2025-04-22 16:11:07,967 - INFO - Prediction distribution for SVM on CTGAN_HYBRID: {'Invest Cont': 65101}
2025-04-22 16:11:07,969 - WARNING -  [WARNING] :SVM on CTGAN_HYBRID predicted only one class: {'Invest Cont'}
2025-04-22 16:11:08,120 - WARNING - [UndefinedMetricWarning] Precision is ill-defined and being set to 0.0 in labels with no predicted samples. Use `zero_division` parameter to control this behavior. (from /mnt/NVMETank/Projects/Students/Dele/A-STUDY-INTO-THE-QUALITY-AND-USABILITY-OF-PRIVACY-FRIENDLY-SYNTHETIC-DATA/.venv/lib/python3.12/site-packages/sklearn/metrics/_classification.py:1565)
2025-04-22 16:11:08,249 - WARNING - [UndefinedMetricWarning] Precision is ill-defined and being set to 0.0 in labels with no predicted samples. Use `zero_division` parameter to control this behavior. (from /mnt/NVMETank/Projects/Students/Dele/A-STUDY-INTO-THE-QUALITY-AND-USABILITY-OF-PRIVACY-FRIENDLY-SYNTHETIC-DATA/.venv/lib/python3.12/site-packages/sklearn/metrics/_classification.py:1565)
2025-04-22 16:11:08,377 - WARNING - [UndefinedMetricWarning] Precision is ill-defined and being set to 0.0 in labels with no predicted samples. Use `zero_division` parameter to control this behavior. (from /mnt/NVMETank/Projects/Students/Dele/A-STUDY-INTO-THE-QUALITY-AND-USABILITY-OF-PRIVACY-FRIENDLY-SYNTHETIC-DATA/.venv/lib/python3.12/site-packages/sklearn/metrics/_classification.py:1565)
2025-04-22 16:11:08,477 - INFO - Computed 8 metric(s) for SVM on CTGAN_HYBRID
2025-04-22 16:11:08,478 - INFO - Evaluating SVM on GaussianCopula_HYBRID...
2025-04-22 16:21:18,416 - INFO - Predictions completed for SVM on GaussianCopula_HYBRID
2025-04-22 16:21:18,419 - INFO - Prediction distribution for SVM on GaussianCopula_HYBRID: {'Invest Cont': 65101}
2025-04-22 16:21:18,421 - WARNING -  [WARNING] :SVM on GaussianCopula_HYBRID predicted only one class: {'Invest Cont'}
2025-04-22 16:21:18,581 - WARNING - [UndefinedMetricWarning] Precision is ill-defined and being set to 0.0 in labels with no predicted samples. Use `zero_division` parameter to control this behavior. (from /mnt/NVMETank/Projects/Students/Dele/A-STUDY-INTO-THE-QUALITY-AND-USABILITY-OF-PRIVACY-FRIENDLY-SYNTHETIC-DATA/.venv/lib/python3.12/site-packages/sklearn/metrics/_classification.py:1565)
2025-04-22 16:21:18,709 - WARNING - [UndefinedMetricWarning] Precision is ill-defined and being set to 0.0 in labels with no predicted samples. Use `zero_division` parameter to control this behavior. (from /mnt/NVMETank/Projects/Students/Dele/A-STUDY-INTO-THE-QUALITY-AND-USABILITY-OF-PRIVACY-FRIENDLY-SYNTHETIC-DATA/.venv/lib/python3.12/site-packages/sklearn/metrics/_classification.py:1565)
2025-04-22 16:21:18,836 - WARNING - [UndefinedMetricWarning] Precision is ill-defined and being set to 0.0 in labels with no predicted samples. Use `zero_division` parameter to control this behavior. (from /mnt/NVMETank/Projects/Students/Dele/A-STUDY-INTO-THE-QUALITY-AND-USABILITY-OF-PRIVACY-FRIENDLY-SYNTHETIC-DATA/.venv/lib/python3.12/site-packages/sklearn/metrics/_classification.py:1565)
2025-04-22 16:21:18,936 - INFO - Computed 8 metric(s) for SVM on GaussianCopula_HYBRID
2025-04-22 16:21:18,936 - INFO - Evaluating SVM on TVAE_HYBRID...
2025-04-22 16:29:17,647 - INFO - Predictions completed for SVM on TVAE_HYBRID
2025-04-22 16:29:17,650 - INFO - Prediction distribution for SVM on TVAE_HYBRID: {'Invest Cont': 65101}
2025-04-22 16:29:17,651 - WARNING -  [WARNING] :SVM on TVAE_HYBRID predicted only one class: {'Invest Cont'}
2025-04-22 16:29:17,803 - WARNING - [UndefinedMetricWarning] Precision is ill-defined and being set to 0.0 in labels with no predicted samples. Use `zero_division` parameter to control this behavior. (from /mnt/NVMETank/Projects/Students/Dele/A-STUDY-INTO-THE-QUALITY-AND-USABILITY-OF-PRIVACY-FRIENDLY-SYNTHETIC-DATA/.venv/lib/python3.12/site-packages/sklearn/metrics/_classification.py:1565)
2025-04-22 16:29:17,932 - WARNING - [UndefinedMetricWarning] Precision is ill-defined and being set to 0.0 in labels with no predicted samples. Use `zero_division` parameter to control this behavior. (from /mnt/NVMETank/Projects/Students/Dele/A-STUDY-INTO-THE-QUALITY-AND-USABILITY-OF-PRIVACY-FRIENDLY-SYNTHETIC-DATA/.venv/lib/python3.12/site-packages/sklearn/metrics/_classification.py:1565)
2025-04-22 16:29:18,061 - WARNING - [UndefinedMetricWarning] Precision is ill-defined and being set to 0.0 in labels with no predicted samples. Use `zero_division` parameter to control this behavior. (from /mnt/NVMETank/Projects/Students/Dele/A-STUDY-INTO-THE-QUALITY-AND-USABILITY-OF-PRIVACY-FRIENDLY-SYNTHETIC-DATA/.venv/lib/python3.12/site-packages/sklearn/metrics/_classification.py:1565)
2025-04-22 16:29:18,162 - INFO - Computed 8 metric(s) for SVM on TVAE_HYBRID
2025-04-22 16:29:18,169 - INFO - Evaluation completed for all models.
2025-04-22 16:29:18,169 - INFO - Model evaluation completed in 3130.21 seconds.
2025-04-22 16:29:18,177 - INFO - Evaluated models: ['DecisionTree', 'KNN', 'LogisticRegression', 'RandomForest', 'SVM']
2025-04-22 16:29:18,177 - INFO - Model Training and Evaluation completed.
2025-04-22 16:29:18,728 - INFO -  Visualizations saved.
2025-04-22 16:29:18,728 - INFO -  Benchmarking Completed. Results saved in output folder.
