2025-04-20 21:30:20,156 - INFO - Loaded config file: configs/generated_configs/crimeData/crimeData_anon_k5_sl0p5_l2.yaml
2025-04-20 21:30:20,156 - INFO -  Benchmarking started for dataset: crimeData
2025-04-20 21:30:20,156 - INFO - Using dataset path: /mnt/NVMETank/Projects/Students/Dele/A-STUDY-INTO-THE-QUALITY-AND-USABILITY-OF-PRIVACY-FRIENDLY-SYNTHETIC-DATA/datasets/original/crimeData.csv
2025-04-20 21:30:20,156 - INFO - Target column: Status, separator: ','
2025-04-20 21:30:20,156 - INFO - Configuration loaded: enable_anonymization = True, enable_synthesis = False, enable_hybrid = True, enable_utility = True, delete_after_evaluation = True
2025-04-20 21:30:20,156 - INFO - Running preprocessing...
2025-04-20 21:30:20,160 - INFO - [PREPROCESSING] No preprocessed files found. Starting full preprocessing pipeline...
2025-04-20 21:30:22,143 - INFO - [PREPROCESSING] Missing value handling strategy: 'drop' applied.
2025-04-20 21:30:22,383 - INFO - [PREPROCESSING] Split data into train (260402 rows) and test (65101 rows). Test size: 0.2
2025-04-20 21:30:29,015 - INFO -  [PREPROCESSING] Saved raw train set to: datasets/train/crimeData_train_raw.csv
2025-04-20 21:30:29,015 - INFO -  [PREPROCESSING] Saved encoder to: artifacts/crimeData_binary_encoder.pkl
2025-04-20 21:30:29,015 - INFO -  [PREPROCESSING]Saved encoded train set to: datasets/cleaned/crimeData_cleaned.csv
2025-04-20 21:30:29,015 - INFO -  [PREPROCESSING] Saved encoded test set to: datasets/test/crimeData_test_set.csv
2025-04-20 21:30:29,015 - INFO - [PREPROCESSING] run_preprocessing finished executing.
2025-04-20 21:30:29,386 - INFO - Preprocessing completed. Rows before: 974477, after: 260402
2025-04-20 21:30:29,386 - INFO - Preprocessed data saved to: outputs/batch/crimeData_batch_2025-04-20_21-30-12/crimeData_anon_k5_sl0p5_l2/preprocessing_report.txt
2025-04-20 21:30:29,386 - INFO - enable_anonymization = True
2025-04-20 21:30:29,386 - INFO - Starting Anonymization Pipeline with output path: /mnt/NVMETank/Projects/Students/Dele/A-STUDY-INTO-THE-QUALITY-AND-USABILITY-OF-PRIVACY-FRIENDLY-SYNTHETIC-DATA/datasets/anonymized/crimeData_k5_l2_sup50_anonymized.csv.......
2025-04-20 21:30:29,391 - INFO -  [ANONYMIZATION] Executing run_anonymization, config_path : configs/generated_configs/crimeData/crimeData_anon_k5_sl0p5_l2.yaml...........
2025-04-20 21:30:29,391 - INFO -  [ANONYMIZATION] Using JAR file at /mnt/NVMETank/Projects/Students/Dele/A-STUDY-INTO-THE-QUALITY-AND-USABILITY-OF-PRIVACY-FRIENDLY-SYNTHETIC-DATA/src/anonymization/anonymARXij/bin/anonymARXij.jar to anonymize the dataset.
2025-04-20 21:30:52,509 - INFO -  [ANONYMIZATION] Anonimized file saved to : /mnt/NVMETank/Projects/Students/Dele/A-STUDY-INTO-THE-QUALITY-AND-USABILITY-OF-PRIVACY-FRIENDLY-SYNTHETIC-DATA/datasets/anonymized/crimeData_k5_l2_sup50_anonymized.csv
2025-04-20 21:30:52,509 - INFO -  [ANONYMIZATION] Java anonymization completed successfully.
2025-04-20 21:30:52,509 - INFO -  [ANONYMIZATION] Java STDOUT:
📄 Java received config path: /mnt/NVMETank/Projects/Students/Dele/A-STUDY-INTO-THE-QUALITY-AND-USABILITY-OF-PRIVACY-FRIENDLY-SYNTHETIC-DATA/configs/generated_configs/crimeData/crimeData_anon_k5_sl0p5_l2.yaml
🔹 Loading config from: /mnt/NVMETank/Projects/Students/Dele/A-STUDY-INTO-THE-QUALITY-AND-USABILITY-OF-PRIVACY-FRIENDLY-SYNTHETIC-DATA/configs/generated_configs/crimeData/crimeData_anon_k5_sl0p5_l2.yaml
Loading config from: /mnt/NVMETank/Projects/Students/Dele/A-STUDY-INTO-THE-QUALITY-AND-USABILITY-OF-PRIVACY-FRIENDLY-SYNTHETIC-DATA/configs/generated_configs/crimeData/crimeData_anon_k5_sl0p5_l2.yaml
📂 Dataset Path (from args): /mnt/NVMETank/Projects/Students/Dele/A-STUDY-INTO-THE-QUALITY-AND-USABILITY-OF-PRIVACY-FRIENDLY-SYNTHETIC-DATA/datasets/train/crimeData_train_raw.csv
🔹 Dataset Separator: ,
🔹 Suppression Limit: 0.5

🔹 Configured Attributes:
  ✅ Quasi-Identifier: Victim_age
  ✅ Quasi-Identifier: Victim_sex
  ✅ Quasi-Identifier: Victim_descent
  ✅ Quasi-Identifier: LAT
  ✅ Quasi-Identifier: LON
  ✅ Sensitive Attribute: Crime_Code
  ✅ Insensitive Attribute: DR_NO
  ✅ Insensitive Attribute: Time_occured
  ✅ Insensitive Attribute: Premis
  ✅ Insensitive Attribute: Weapon
  ✅ Insensitive Attribute: Status

🔹 Defined Hierarchies:
  ✅ Victim_sex -> /mnt/NVMETank/Projects/Students/Dele/A-STUDY-INTO-THE-QUALITY-AND-USABILITY-OF-PRIVACY-FRIENDLY-SYNTHETIC-DATA/src/anonymization/anonymARXij/src/hierarchies/hierarchy_sex.csv
  ✅ Victim_descent -> /mnt/NVMETank/Projects/Students/Dele/A-STUDY-INTO-THE-QUALITY-AND-USABILITY-OF-PRIVACY-FRIENDLY-SYNTHETIC-DATA/src/anonymization/anonymARXij/src/hierarchies/hierarchy_descent.csv
  ✅ Victim_age -> /mnt/NVMETank/Projects/Students/Dele/A-STUDY-INTO-THE-QUALITY-AND-USABILITY-OF-PRIVACY-FRIENDLY-SYNTHETIC-DATA/src/anonymization/anonymARXij/src/hierarchies/hierarchy_age_4.csv
Java is searching for hierarchy file at: /mnt/NVMETank/Projects/Students/Dele/A-STUDY-INTO-THE-QUALITY-AND-USABILITY-OF-PRIVACY-FRIENDLY-SYNTHETIC-DATA/src/anonymization/anonymARXij/src/hierarchies/hierarchy_sex.csv
Java is searching for hierarchy file at: /mnt/NVMETank/Projects/Students/Dele/A-STUDY-INTO-THE-QUALITY-AND-USABILITY-OF-PRIVACY-FRIENDLY-SYNTHETIC-DATA/src/anonymization/anonymARXij/src/hierarchies/hierarchy_descent.csv
Java is searching for hierarchy file at: /mnt/NVMETank/Projects/Students/Dele/A-STUDY-INTO-THE-QUALITY-AND-USABILITY-OF-PRIVACY-FRIENDLY-SYNTHETIC-DATA/src/anonymization/anonymARXij/src/hierarchies/hierarchy_age_4.csv
Interval-based hierarchy created for: LAT
Interval-based hierarchy created for: LON
🔹 Privacy Models Configured
📂 Anonymized Output Path (from args): /mnt/NVMETank/Projects/Students/Dele/A-STUDY-INTO-THE-QUALITY-AND-USABILITY-OF-PRIVACY-FRIENDLY-SYNTHETIC-DATA/datasets/anonymized/crimeData_k5_l2_sup50_anonymized.csv
📂 Anonymized Output Path: /mnt/NVMETank/Projects/Students/Dele/A-STUDY-INTO-THE-QUALITY-AND-USABILITY-OF-PRIVACY-FRIENDLY-SYNTHETIC-DATA/datasets/anonymized/crimeData_k5_l2_sup50_anonymized.csv
✅ Anonymization completed. Output saved to: /mnt/NVMETank/Projects/Students/Dele/A-STUDY-INTO-THE-QUALITY-AND-USABILITY-OF-PRIVACY-FRIENDLY-SYNTHETIC-DATA/datasets/anonymized/crimeData_k5_l2_sup50_anonymized.csv
Anonymized Data Quality Metrics:
 - Ambiguity: 0.99376178384258
 - AECS: 0.9990542536820255
 - Discernibility: 0.9883067097776335
 - Granularity: 0.5831931147420754
 - MSE: 0.0011622291233436277
 - Non-Uniform Entropy: 0.2959143704346695
 - Precision: 0.894421701830247
 - Record-level SE: 0.7405330751667614
Equivalence Class Statistics:
 - Number of Classes: 1046
 - Average Class Size: 247.40726577437857
Suppression Statistics:
 - Suppressed Records: 1614
 - Suppression Percentage: 0.62%
2025-04-20 21:30:52,509 - INFO - Anonymized data saved to: /mnt/NVMETank/Projects/Students/Dele/A-STUDY-INTO-THE-QUALITY-AND-USABILITY-OF-PRIVACY-FRIENDLY-SYNTHETIC-DATA/datasets/anonymized/crimeData_k5_l2_sup50_anonymized.csv
2025-04-20 21:30:54,380 - INFO - Anonymous data report saved at: outputs/batch/crimeData_batch_2025-04-20_21-30-12/crimeData_anon_k5_sl0p5_l2/anonymous_data_report.txt
2025-04-20 21:30:54,384 - INFO -  [POSTPROCESSING] Postprocessing anonymized data: /mnt/NVMETank/Projects/Students/Dele/A-STUDY-INTO-THE-QUALITY-AND-USABILITY-OF-PRIVACY-FRIENDLY-SYNTHETIC-DATA/datasets/anonymized/crimeData_k5_l2_sup50_anonymized.csv
2025-04-20 21:30:54,873 - INFO -  [POSTPROCESSING] Loaded anonymized data: (260402, 12)
2025-04-20 21:30:56,083 - INFO -  [POSTPROCESSING] Loaded fallback maps from training data. Categorical cols: 7, Numeric cols: 5
2025-04-20 21:30:56,087 - INFO -  [POSTPROCESSING] Normalizing anonymized data using ARX artifact cleaning and fallback values.
2025-04-20 21:31:11,877 - INFO -  [POSTPROCESSING] Normalized anonymized data saved to: /mnt/NVMETank/Projects/Students/Dele/A-STUDY-INTO-THE-QUALITY-AND-USABILITY-OF-PRIVACY-FRIENDLY-SYNTHETIC-DATA/datasets/anonymized/crimeData_k5_l2_sup50_anonymized_processed.csv
2025-04-20 21:31:14,219 - INFO -  [POSTPROCESSING] Binary Encoding applied to anonymized data. Encoded shape: (260402, 47)
2025-04-20 21:31:37,560 - INFO -  [POSTPROCESSING] Encoded anonymized dataset saved to: /mnt/NVMETank/Projects/Students/Dele/A-STUDY-INTO-THE-QUALITY-AND-USABILITY-OF-PRIVACY-FRIENDLY-SYNTHETIC-DATA/datasets/anonymized/crimeData_k5_l2_sup50_anonymized_encoded.csv
2025-04-20 21:31:37,561 - INFO -  [POSTPROCESSING] Encoding map generated for anonymized data: 0 original categorical columns.
2025-04-20 21:31:37,733 - INFO - Postprocessing report saved at: outputs/batch/crimeData_batch_2025-04-20_21-30-12/crimeData_anon_k5_sl0p5_l2/postprocessing_report.txt
2025-04-20 21:31:37,733 - INFO - enable_synthetic_generation = False
2025-04-20 21:31:37,733 - INFO - Synthetic Data Generation Skipped (Disabled in Configuration).
2025-04-20 21:31:37,733 - INFO - Running Hybrid Pipeline...
2025-04-20 21:31:37,733 - INFO -  [HYBRID] Executing run_hybrid...
2025-04-20 21:31:37,733 - INFO -  [HYBRID] Looking for encoded anonymized data in /mnt/NVMETank/Projects/Students/Dele/A-STUDY-INTO-THE-QUALITY-AND-USABILITY-OF-PRIVACY-FRIENDLY-SYNTHETIC-DATA/datasets/anonymized/crimeData_k5_l2_sup50_anonymized_encoded.csv
2025-04-20 21:31:37,733 - INFO -  [HYBRID ] Loaded cached encoded anonymous data from /mnt/NVMETank/Projects/Students/Dele/A-STUDY-INTO-THE-QUALITY-AND-USABILITY-OF-PRIVACY-FRIENDLY-SYNTHETIC-DATA/datasets/anonymized/crimeData_k5_l2_sup50_anonymized_encoded.csv
2025-04-20 21:31:41,487 - INFO -  [HYBRID] Starting synthetic generation for hybrid pipeline...
2025-04-20 21:31:41,488 - INFO - Executing run_synthetic.....
2025-04-20 21:31:41,488 - INFO - [SYNTHETIC PIPELINE] executing run_synthetic for crimeData_k5_l2_sup50...
2025-04-20 21:31:41,488 - INFO - [SYNTHETIC] Processing dataset: crimeData_k5_l2_sup50
2025-04-20 21:31:41,488 - INFO - [SYNTHETIC] Original dataset size: 260402 rows
2025-04-20 21:31:44,984 - INFO - Detected metadata:
2025-04-20 21:31:44,988 - INFO - {
    "METADATA_SPEC_VERSION": "SINGLE_TABLE_V1",
    "columns": {
        "DR_NO": {
            "sdtype": "id"
        },
        "Date_occured_0": {
            "sdtype": "categorical"
        },
        "Date_occured_1": {
            "sdtype": "categorical"
        },
        "Date_occured_2": {
            "sdtype": "categorical"
        },
        "Date_occured_3": {
            "sdtype": "categorical"
        },
        "Date_occured_4": {
            "sdtype": "categorical"
        },
        "Date_occured_5": {
            "sdtype": "categorical"
        },
        "Date_occured_6": {
            "sdtype": "categorical"
        },
        "Date_occured_7": {
            "sdtype": "categorical"
        },
        "Date_occured_8": {
            "sdtype": "categorical"
        },
        "Date_occured_9": {
            "sdtype": "categorical"
        },
        "Date_occured_10": {
            "sdtype": "categorical"
        },
        "Time_occured": {
            "sdtype": "numerical"
        },
        "Crime_Code_0": {
            "sdtype": "categorical"
        },
        "Crime_Code_1": {
            "sdtype": "categorical"
        },
        "Crime_Code_2": {
            "sdtype": "categorical"
        },
        "Crime_Code_3": {
            "sdtype": "categorical"
        },
        "Crime_Code_4": {
            "sdtype": "categorical"
        },
        "Crime_Code_5": {
            "sdtype": "categorical"
        },
        "Crime_Code_6": {
            "sdtype": "categorical"
        },
        "Victim_age": {
            "sdtype": "numerical"
        },
        "Victim_sex_1": {
            "sdtype": "categorical"
        },
        "Victim_sex_2": {
            "sdtype": "categorical"
        },
        "Victim_descent_0": {
            "sdtype": "categorical"
        },
        "Victim_descent_1": {
            "sdtype": "categorical"
        },
        "Victim_descent_2": {
            "sdtype": "categorical"
        },
        "Victim_descent_3": {
            "sdtype": "categorical"
        },
        "Victim_descent_4": {
            "sdtype": "categorical"
        },
        "Premis_0": {
            "sdtype": "categorical"
        },
        "Premis_1": {
            "sdtype": "categorical"
        },
        "Premis_2": {
            "sdtype": "categorical"
        },
        "Premis_3": {
            "sdtype": "categorical"
        },
        "Premis_4": {
            "sdtype": "categorical"
        },
        "Premis_5": {
            "sdtype": "categorical"
        },
        "Premis_6": {
            "sdtype": "categorical"
        },
        "Premis_7": {
            "sdtype": "categorical"
        },
        "Premis_8": {
            "sdtype": "categorical"
        },
        "Weapon_0": {
            "sdtype": "categorical"
        },
        "Weapon_1": {
            "sdtype": "categorical"
        },
        "Weapon_2": {
            "sdtype": "categorical"
        },
        "Weapon_3": {
            "sdtype": "categorical"
        },
        "Weapon_4": {
            "sdtype": "categorical"
        },
        "Weapon_5": {
            "sdtype": "categorical"
        },
        "Weapon_6": {
            "sdtype": "categorical"
        },
        "Status": {
            "sdtype": "categorical"
        },
        "LAT": {
            "sdtype": "numerical"
        },
        "LON": {
            "sdtype": "numerical"
        }
    },
    "primary_key": "DR_NO"
}
2025-04-20 21:31:44,999 - INFO - [SYNTHETIC] Preparing synthesizer: CTGAN
2025-04-20 21:31:45,003 - INFO - [SYNTHETIC] Params from config: {'epochs': 300}
2025-04-20 21:31:45,003 - INFO -  [SYNTHETIC] No pre-trained synthesizer found
2025-04-20 21:31:45,010 - INFO - [SYNTHETIC] Training new CTGAN synthesizer from scratch...
2025-04-20 21:31:45,010 - WARNING - [FutureWarning] The 'SingleTableMetadata' is deprecated. Please use the new 'Metadata' class for synthesizers. (from /mnt/NVMETank/Projects/Students/Dele/A-STUDY-INTO-THE-QUALITY-AND-USABILITY-OF-PRIVACY-FRIENDLY-SYNTHETIC-DATA/.venv/lib/python3.12/site-packages/sdv/single_table/base.py:119)
2025-04-20 21:31:45,014 - WARNING - [UserWarning] We strongly recommend saving the metadata using 'save_to_json' for replicability in future SDV versions. (from /mnt/NVMETank/Projects/Students/Dele/A-STUDY-INTO-THE-QUALITY-AND-USABILITY-OF-PRIVACY-FRIENDLY-SYNTHETIC-DATA/.venv/lib/python3.12/site-packages/sdv/single_table/base.py:104)
2025-04-20 21:31:45,088 - INFO - {'EVENT': 'Instance', 'TIMESTAMP': datetime.datetime(2025, 4, 20, 21, 31, 45, 88322), 'SYNTHESIZER CLASS NAME': 'CTGANSynthesizer', 'SYNTHESIZER ID': 'CTGANSynthesizer_1.18.0_68fcfe2730184f4b9fcd000ea7e9f48a'}
2025-04-20 21:31:45,099 - INFO - [SYNTHETIC] CTGAN initialized with epochs: 300
2025-04-20 21:31:45,103 - INFO - [SYNTHETIC] Training parameters for CTGAN: {}
2025-04-20 21:31:45,103 - INFO - [SYNTHETIC] fitting CTGAN 
2025-04-20 21:31:45,107 - INFO - {'EVENT': 'Fit', 'TIMESTAMP': datetime.datetime(2025, 4, 20, 21, 31, 45, 107083), 'SYNTHESIZER CLASS NAME': 'CTGANSynthesizer', 'SYNTHESIZER ID': 'CTGANSynthesizer_1.18.0_68fcfe2730184f4b9fcd000ea7e9f48a', 'TOTAL NUMBER OF TABLES': 1, 'TOTAL NUMBER OF ROWS': 260402, 'TOTAL NUMBER OF COLUMNS': 47}
2025-04-20 21:31:50,302 - INFO - Fitting table  metadata
2025-04-20 21:31:50,472 - INFO - Fitting formatters for table 
2025-04-20 21:31:50,597 - INFO - No rounding scheme detected for column 'LAT'. Data will not be rounded.
2025-04-20 21:31:50,636 - INFO - No rounding scheme detected for column 'LON'. Data will not be rounded.
2025-04-20 21:31:50,637 - INFO - Fitting constraints for table 
2025-04-20 21:31:50,637 - INFO - Setting the configuration for the ``HyperTransformer`` for table 
2025-04-20 21:31:50,663 - INFO - Fitting HyperTransformer for table 
2025-04-20 21:31:52,884 - INFO - No rounding scheme detected for column 'LAT'. Data will not be rounded.
2025-04-20 21:31:53,445 - INFO - No rounding scheme detected for column 'LON'. Data will not be rounded.
2025-04-20 21:31:58,299 - INFO - {'EVENT': 'Fit processed data', 'TIMESTAMP': datetime.datetime(2025, 4, 20, 21, 31, 58, 299571), 'SYNTHESIZER CLASS NAME': 'CTGANSynthesizer', 'SYNTHESIZER ID': 'CTGANSynthesizer_1.18.0_68fcfe2730184f4b9fcd000ea7e9f48a', 'TOTAL NUMBER OF TABLES': 1, 'TOTAL NUMBER OF ROWS': 260402, 'TOTAL NUMBER OF COLUMNS': 46}
2025-04-20 21:31:59,809 - INFO - Guidance: There are no missing values in column Time_occured. Extra column not created.
2025-04-20 21:36:19,771 - INFO - Guidance: There are no missing values in column Victim_age. Extra column not created.
2025-04-20 21:39:32,718 - INFO - Guidance: There are no missing values in column LAT. Extra column not created.
2025-04-20 21:39:39,002 - INFO - Guidance: There are no missing values in column LON. Extra column not created.
2025-04-21 05:06:38,494 - INFO - [SYNTHETIC] Fitting complete for CTGAN. Duration: 27293.39 seconds.
2025-04-21 05:06:38,495 - INFO - [SYNTHETIC] CONFIRMATION CTGAN actually trained with epochs = 300
2025-04-21 05:06:38,495 - INFO - {'EVENT': 'Save', 'TIMESTAMP': datetime.datetime(2025, 4, 21, 5, 6, 38, 495875), 'SYNTHESIZER CLASS NAME': 'CTGANSynthesizer', 'SYNTHESIZER ID': 'CTGANSynthesizer_1.18.0_68fcfe2730184f4b9fcd000ea7e9f48a'}
2025-04-21 05:06:38,570 - INFO - [SYNTHETIC] CTGAN trained and saved.
2025-04-21 05:06:38,570 - INFO - [SYNTHETIC] Preparing synthesizer: GaussianCopula
2025-04-21 05:06:38,570 - INFO - [SYNTHETIC] Params from config: {}
2025-04-21 05:06:38,571 - INFO -  [SYNTHETIC] No pre-trained synthesizer found
2025-04-21 05:06:38,571 - INFO - [SYNTHETIC] Training new GaussianCopula synthesizer from scratch...
2025-04-21 05:06:38,571 - WARNING - [FutureWarning] The 'SingleTableMetadata' is deprecated. Please use the new 'Metadata' class for synthesizers. (from /mnt/NVMETank/Projects/Students/Dele/A-STUDY-INTO-THE-QUALITY-AND-USABILITY-OF-PRIVACY-FRIENDLY-SYNTHETIC-DATA/.venv/lib/python3.12/site-packages/sdv/single_table/base.py:119)
2025-04-21 05:06:38,576 - INFO - {'EVENT': 'Instance', 'TIMESTAMP': datetime.datetime(2025, 4, 21, 5, 6, 38, 576651), 'SYNTHESIZER CLASS NAME': 'GaussianCopulaSynthesizer', 'SYNTHESIZER ID': 'GaussianCopulaSynthesizer_1.18.0_d874cb97a02743659d238b679d59a328'}
2025-04-21 05:06:38,576 - INFO - [SYNTHETIC] fitting GaussianCopula 
2025-04-21 05:06:38,576 - INFO - {'EVENT': 'Fit', 'TIMESTAMP': datetime.datetime(2025, 4, 21, 5, 6, 38, 576864), 'SYNTHESIZER CLASS NAME': 'GaussianCopulaSynthesizer', 'SYNTHESIZER ID': 'GaussianCopulaSynthesizer_1.18.0_d874cb97a02743659d238b679d59a328', 'TOTAL NUMBER OF TABLES': 1, 'TOTAL NUMBER OF ROWS': 260402, 'TOTAL NUMBER OF COLUMNS': 47}
2025-04-21 05:06:38,905 - INFO - Fitting table  metadata
2025-04-21 05:06:39,011 - INFO - Fitting formatters for table 
2025-04-21 05:06:39,021 - INFO - No rounding scheme detected for column 'LAT'. Data will not be rounded.
2025-04-21 05:06:39,023 - INFO - No rounding scheme detected for column 'LON'. Data will not be rounded.
2025-04-21 05:06:39,023 - INFO - Fitting constraints for table 
2025-04-21 05:06:39,023 - INFO - Setting the configuration for the ``HyperTransformer`` for table 
2025-04-21 05:06:39,039 - INFO - Fitting HyperTransformer for table 
2025-04-21 05:07:01,204 - INFO - No rounding scheme detected for column 'LAT'. Data will not be rounded.
2025-04-21 05:07:01,319 - INFO - No rounding scheme detected for column 'LON'. Data will not be rounded.
2025-04-21 05:07:24,437 - INFO - {'EVENT': 'Fit processed data', 'TIMESTAMP': datetime.datetime(2025, 4, 21, 5, 7, 24, 437422), 'SYNTHESIZER CLASS NAME': 'GaussianCopulaSynthesizer', 'SYNTHESIZER ID': 'GaussianCopulaSynthesizer_1.18.0_d874cb97a02743659d238b679d59a328', 'TOTAL NUMBER OF TABLES': 1, 'TOTAL NUMBER OF ROWS': 260402, 'TOTAL NUMBER OF COLUMNS': 46}
2025-04-21 05:07:24,444 - INFO - Fitting GaussianMultivariate(distribution="{'Date_occured_0': <class 'copulas.univariate.beta.BetaUnivariate'>, 'Date_occured_1': <class 'copulas.univariate.beta.BetaUnivariate'>, 'Date_occured_2': <class 'copulas.univariate.beta.BetaUnivariate'>, 'Date_occured_3': <class 'copulas.univariate.beta.BetaUnivariate'>, 'Date_occured_4': <class 'copulas.univariate.beta.BetaUnivariate'>, 'Date_occured_5': <class 'copulas.univariate.beta.BetaUnivariate'>, 'Date_occured_6': <class 'copulas.univariate.beta.BetaUnivariate'>, 'Date_occured_7': <class 'copulas.univariate.beta.BetaUnivariate'>, 'Date_occured_8': <class 'copulas.univariate.beta.BetaUnivariate'>, 'Date_occured_9': <class 'copulas.univariate.beta.BetaUnivariate'>, 'Date_occured_10': <class 'copulas.univariate.beta.BetaUnivariate'>, 'Time_occured': <class 'copulas.univariate.beta.BetaUnivariate'>, 'Crime_Code_0': <class 'copulas.univariate.beta.BetaUnivariate'>, 'Crime_Code_1': <class 'copulas.univariate.beta.BetaUnivariate'>, 'Crime_Code_2': <class 'copulas.univariate.beta.BetaUnivariate'>, 'Crime_Code_3': <class 'copulas.univariate.beta.BetaUnivariate'>, 'Crime_Code_4': <class 'copulas.univariate.beta.BetaUnivariate'>, 'Crime_Code_5': <class 'copulas.univariate.beta.BetaUnivariate'>, 'Crime_Code_6': <class 'copulas.univariate.beta.BetaUnivariate'>, 'Victim_age': <class 'copulas.univariate.beta.BetaUnivariate'>, 'Victim_sex_1': <class 'copulas.univariate.beta.BetaUnivariate'>, 'Victim_sex_2': <class 'copulas.univariate.beta.BetaUnivariate'>, 'Victim_descent_0': <class 'copulas.univariate.beta.BetaUnivariate'>, 'Victim_descent_1': <class 'copulas.univariate.beta.BetaUnivariate'>, 'Victim_descent_2': <class 'copulas.univariate.beta.BetaUnivariate'>, 'Victim_descent_3': <class 'copulas.univariate.beta.BetaUnivariate'>, 'Victim_descent_4': <class 'copulas.univariate.beta.BetaUnivariate'>, 'Premis_0': <class 'copulas.univariate.beta.BetaUnivariate'>, 'Premis_1': <class 'copulas.univariate.beta.BetaUnivariate'>, 'Premis_2': <class 'copulas.univariate.beta.BetaUnivariate'>, 'Premis_3': <class 'copulas.univariate.beta.BetaUnivariate'>, 'Premis_4': <class 'copulas.univariate.beta.BetaUnivariate'>, 'Premis_5': <class 'copulas.univariate.beta.BetaUnivariate'>, 'Premis_6': <class 'copulas.univariate.beta.BetaUnivariate'>, 'Premis_7': <class 'copulas.univariate.beta.BetaUnivariate'>, 'Premis_8': <class 'copulas.univariate.beta.BetaUnivariate'>, 'Weapon_0': <class 'copulas.univariate.beta.BetaUnivariate'>, 'Weapon_1': <class 'copulas.univariate.beta.BetaUnivariate'>, 'Weapon_2': <class 'copulas.univariate.beta.BetaUnivariate'>, 'Weapon_3': <class 'copulas.univariate.beta.BetaUnivariate'>, 'Weapon_4': <class 'copulas.univariate.beta.BetaUnivariate'>, 'Weapon_5': <class 'copulas.univariate.beta.BetaUnivariate'>, 'Weapon_6': <class 'copulas.univariate.beta.BetaUnivariate'>, 'Status': <class 'copulas.univariate.beta.BetaUnivariate'>, 'LAT': <class 'copulas.univariate.beta.BetaUnivariate'>, 'LON': <class 'copulas.univariate.beta.BetaUnivariate'>}")
2025-04-21 05:09:23,092 - INFO - [SYNTHETIC] Fitting complete for GaussianCopula. Duration: 164.52 seconds.
2025-04-21 05:09:23,093 - WARNING - [SYNTHETIC] WARNING Could not determine actual epochs used for GaussianCopula
2025-04-21 05:09:23,093 - INFO - {'EVENT': 'Save', 'TIMESTAMP': datetime.datetime(2025, 4, 21, 5, 9, 23, 93777), 'SYNTHESIZER CLASS NAME': 'GaussianCopulaSynthesizer', 'SYNTHESIZER ID': 'GaussianCopulaSynthesizer_1.18.0_d874cb97a02743659d238b679d59a328'}
2025-04-21 05:09:23,119 - INFO - [SYNTHETIC] GaussianCopula trained and saved.
2025-04-21 05:09:23,119 - INFO - [SYNTHETIC] Preparing synthesizer: TVAE
2025-04-21 05:09:23,119 - INFO - [SYNTHETIC] Params from config: {'epochs': 300}
2025-04-21 05:09:23,120 - INFO -  [SYNTHETIC] No pre-trained synthesizer found
2025-04-21 05:09:23,120 - INFO - [SYNTHETIC] Training new TVAE synthesizer from scratch...
2025-04-21 05:09:23,120 - WARNING - [FutureWarning] The 'SingleTableMetadata' is deprecated. Please use the new 'Metadata' class for synthesizers. (from /mnt/NVMETank/Projects/Students/Dele/A-STUDY-INTO-THE-QUALITY-AND-USABILITY-OF-PRIVACY-FRIENDLY-SYNTHETIC-DATA/.venv/lib/python3.12/site-packages/sdv/single_table/base.py:119)
2025-04-21 05:09:23,124 - INFO - {'EVENT': 'Instance', 'TIMESTAMP': datetime.datetime(2025, 4, 21, 5, 9, 23, 124466), 'SYNTHESIZER CLASS NAME': 'TVAESynthesizer', 'SYNTHESIZER ID': 'TVAESynthesizer_1.18.0_205643928fc548e3b0da05cf2ecf22c6'}
2025-04-21 05:09:23,124 - INFO - [SYNTHETIC] TVAE initialized with epochs: 300
2025-04-21 05:09:23,125 - INFO - [SYNTHETIC] Training parameters for TVAE: {}
2025-04-21 05:09:23,125 - INFO - [SYNTHETIC] fitting TVAE 
2025-04-21 05:09:23,125 - INFO - {'EVENT': 'Fit', 'TIMESTAMP': datetime.datetime(2025, 4, 21, 5, 9, 23, 125477), 'SYNTHESIZER CLASS NAME': 'TVAESynthesizer', 'SYNTHESIZER ID': 'TVAESynthesizer_1.18.0_205643928fc548e3b0da05cf2ecf22c6', 'TOTAL NUMBER OF TABLES': 1, 'TOTAL NUMBER OF ROWS': 260402, 'TOTAL NUMBER OF COLUMNS': 47}
2025-04-21 05:09:23,786 - INFO - Fitting table  metadata
2025-04-21 05:09:23,804 - INFO - Fitting formatters for table 
2025-04-21 05:09:23,812 - INFO - No rounding scheme detected for column 'LAT'. Data will not be rounded.
2025-04-21 05:09:23,816 - INFO - No rounding scheme detected for column 'LON'. Data will not be rounded.
2025-04-21 05:09:23,816 - INFO - Fitting constraints for table 
2025-04-21 05:09:23,816 - INFO - Setting the configuration for the ``HyperTransformer`` for table 
2025-04-21 05:09:23,819 - INFO - Fitting HyperTransformer for table 
2025-04-21 05:09:24,024 - INFO - No rounding scheme detected for column 'LAT'. Data will not be rounded.
2025-04-21 05:09:24,094 - INFO - No rounding scheme detected for column 'LON'. Data will not be rounded.
2025-04-21 05:09:24,634 - INFO - {'EVENT': 'Fit processed data', 'TIMESTAMP': datetime.datetime(2025, 4, 21, 5, 9, 24, 634140), 'SYNTHESIZER CLASS NAME': 'TVAESynthesizer', 'SYNTHESIZER ID': 'TVAESynthesizer_1.18.0_205643928fc548e3b0da05cf2ecf22c6', 'TOTAL NUMBER OF TABLES': 1, 'TOTAL NUMBER OF ROWS': 260402, 'TOTAL NUMBER OF COLUMNS': 46}
2025-04-21 05:09:24,769 - INFO - Guidance: There are no missing values in column Time_occured. Extra column not created.
2025-04-21 05:11:09,237 - INFO - Guidance: There are no missing values in column Victim_age. Extra column not created.
2025-04-21 05:13:33,521 - INFO - Guidance: There are no missing values in column LAT. Extra column not created.
2025-04-21 05:13:40,584 - INFO - Guidance: There are no missing values in column LON. Extra column not created.
2025-04-21 06:01:54,001 - INFO - [SYNTHETIC] Fitting complete for TVAE. Duration: 3150.88 seconds.
2025-04-21 06:01:54,001 - INFO - [SYNTHETIC] CONFIRMATION TVAE actually trained with epochs = 300
2025-04-21 06:01:54,001 - INFO - {'EVENT': 'Save', 'TIMESTAMP': datetime.datetime(2025, 4, 21, 6, 1, 54, 1733), 'SYNTHESIZER CLASS NAME': 'TVAESynthesizer', 'SYNTHESIZER ID': 'TVAESynthesizer_1.18.0_205643928fc548e3b0da05cf2ecf22c6'}
2025-04-21 06:01:54,139 - INFO - [SYNTHETIC] TVAE trained and saved.
2025-04-21 06:01:54,139 - INFO - [SYNTHETIC] Using CTGAN to generate 260402 rows...
2025-04-21 06:03:55,653 - INFO - {'EVENT': 'Sample', 'TIMESTAMP': datetime.datetime(2025, 4, 21, 6, 1, 54, 139914), 'SYNTHESIZER CLASS NAME': 'CTGANSynthesizer', 'SYNTHESIZER ID': 'CTGANSynthesizer_1.18.0_68fcfe2730184f4b9fcd000ea7e9f48a', 'TOTAL NUMBER OF TABLES': 1, 'TOTAL NUMBER OF ROWS': 260402, 'TOTAL NUMBER OF COLUMNS': 47}
2025-04-21 06:03:55,654 - INFO - [SYNTHETIC] CTGAN completed: 260402 rows generated.
2025-04-21 06:03:55,663 - INFO - [SYNTHETIC] Target class distribution for CTGAN: {'Invest Cont': 190686, 'Adult Other': 43089, 'Adult Arrest': 23767, 'Juv Arrest': 1744, 'Juv Other': 985, 'UNK': 131}
2025-04-21 06:03:55,663 - INFO - [SYNTHETIC] Using GaussianCopula to generate 260402 rows...
2025-04-21 06:04:10,554 - INFO - {'EVENT': 'Sample', 'TIMESTAMP': datetime.datetime(2025, 4, 21, 6, 3, 55, 663411), 'SYNTHESIZER CLASS NAME': 'GaussianCopulaSynthesizer', 'SYNTHESIZER ID': 'GaussianCopulaSynthesizer_1.18.0_d874cb97a02743659d238b679d59a328', 'TOTAL NUMBER OF TABLES': 1, 'TOTAL NUMBER OF ROWS': 260402, 'TOTAL NUMBER OF COLUMNS': 47}
2025-04-21 06:04:10,554 - INFO - [SYNTHETIC] GaussianCopula completed: 260402 rows generated.
2025-04-21 06:04:10,564 - INFO - [SYNTHETIC] Target class distribution for GaussianCopula: {'Invest Cont': 153060, 'Adult Other': 61914, 'Adult Arrest': 42474, 'Juv Arrest': 1933, 'Juv Other': 1018, 'UNK': 3}
2025-04-21 06:04:10,564 - INFO - [SYNTHETIC] Using TVAE to generate 260402 rows...
2025-04-21 06:04:19,511 - INFO - {'EVENT': 'Sample', 'TIMESTAMP': datetime.datetime(2025, 4, 21, 6, 4, 10, 564689), 'SYNTHESIZER CLASS NAME': 'TVAESynthesizer', 'SYNTHESIZER ID': 'TVAESynthesizer_1.18.0_205643928fc548e3b0da05cf2ecf22c6', 'TOTAL NUMBER OF TABLES': 1, 'TOTAL NUMBER OF ROWS': 260402, 'TOTAL NUMBER OF COLUMNS': 47}
2025-04-21 06:04:19,512 - INFO - [SYNTHETIC] TVAE completed: 260402 rows generated.
2025-04-21 06:04:19,520 - INFO - [SYNTHETIC] Target class distribution for TVAE: {'Invest Cont': 174269, 'Adult Other': 55370, 'Adult Arrest': 30416, 'Juv Other': 184, 'Juv Arrest': 163}
2025-04-21 06:04:19,522 - INFO - [SYNTHETIC PIPELINE] Synthetic Data Generation Completed.
2025-04-21 06:04:19,523 - INFO - [SYNTHETIC PIPELINE] Synthesizers used: ['CTGAN', 'GaussianCopula', 'TVAE']
2025-04-21 06:04:19,523 - INFO - [SYNTHETIC PIPELINE] Evaluating synthetic dataset generated by CTGAN...
2025-04-21 06:04:19,523 - INFO - [SYNTHETIC EVAL] Real data columns     (47): ['DR_NO', 'Date_occured_0', 'Date_occured_1', 'Date_occured_2', 'Date_occured_3', 'Date_occured_4', 'Date_occured_5', 'Date_occured_6', 'Date_occured_7', 'Date_occured_8', 'Date_occured_9', 'Date_occured_10', 'Time_occured', 'Crime_Code_0', 'Crime_Code_1', 'Crime_Code_2', 'Crime_Code_3', 'Crime_Code_4', 'Crime_Code_5', 'Crime_Code_6', 'Victim_age', 'Victim_sex_1', 'Victim_sex_2', 'Victim_descent_0', 'Victim_descent_1', 'Victim_descent_2', 'Victim_descent_3', 'Victim_descent_4', 'Premis_0', 'Premis_1', 'Premis_2', 'Premis_3', 'Premis_4', 'Premis_5', 'Premis_6', 'Premis_7', 'Premis_8', 'Weapon_0', 'Weapon_1', 'Weapon_2', 'Weapon_3', 'Weapon_4', 'Weapon_5', 'Weapon_6', 'Status', 'LAT', 'LON']
2025-04-21 06:04:19,523 - INFO - [SYNTHETIC EVAL] Synthetic data columns (47): ['DR_NO', 'Date_occured_0', 'Date_occured_1', 'Date_occured_2', 'Date_occured_3', 'Date_occured_4', 'Date_occured_5', 'Date_occured_6', 'Date_occured_7', 'Date_occured_8', 'Date_occured_9', 'Date_occured_10', 'Time_occured', 'Crime_Code_0', 'Crime_Code_1', 'Crime_Code_2', 'Crime_Code_3', 'Crime_Code_4', 'Crime_Code_5', 'Crime_Code_6', 'Victim_age', 'Victim_sex_1', 'Victim_sex_2', 'Victim_descent_0', 'Victim_descent_1', 'Victim_descent_2', 'Victim_descent_3', 'Victim_descent_4', 'Premis_0', 'Premis_1', 'Premis_2', 'Premis_3', 'Premis_4', 'Premis_5', 'Premis_6', 'Premis_7', 'Premis_8', 'Weapon_0', 'Weapon_1', 'Weapon_2', 'Weapon_3', 'Weapon_4', 'Weapon_5', 'Weapon_6', 'Status', 'LAT', 'LON']
2025-04-21 06:04:19,523 - INFO - [SYNTHETIC EVAL] Metadata columns      (47): ['DR_NO', 'Date_occured_0', 'Date_occured_1', 'Date_occured_2', 'Date_occured_3', 'Date_occured_4', 'Date_occured_5', 'Date_occured_6', 'Date_occured_7', 'Date_occured_8', 'Date_occured_9', 'Date_occured_10', 'Time_occured', 'Crime_Code_0', 'Crime_Code_1', 'Crime_Code_2', 'Crime_Code_3', 'Crime_Code_4', 'Crime_Code_5', 'Crime_Code_6', 'Victim_age', 'Victim_sex_1', 'Victim_sex_2', 'Victim_descent_0', 'Victim_descent_1', 'Victim_descent_2', 'Victim_descent_3', 'Victim_descent_4', 'Premis_0', 'Premis_1', 'Premis_2', 'Premis_3', 'Premis_4', 'Premis_5', 'Premis_6', 'Premis_7', 'Premis_8', 'Weapon_0', 'Weapon_1', 'Weapon_2', 'Weapon_3', 'Weapon_4', 'Weapon_5', 'Weapon_6', 'Status', 'LAT', 'LON']
2025-04-21 06:04:19,523 - INFO - [SYNTHETIC EVAL] Shape — Real: (260402, 47), Synthetic: (260402, 47)
2025-04-21 06:04:19,524 - INFO - [SYNTHETIC EVAL] Metadata structure:
{
  "METADATA_SPEC_VERSION": "SINGLE_TABLE_V1",
  "columns": {
    "DR_NO": {
      "sdtype": "id"
    },
    "Date_occured_0": {
      "sdtype": "categorical"
    },
    "Date_occured_1": {
      "sdtype": "categorical"
    },
    "Date_occured_2": {
      "sdtype": "categorical"
    },
    "Date_occured_3": {
      "sdtype": "categorical"
    },
    "Date_occured_4": {
      "sdtype": "categorical"
    },
    "Date_occured_5": {
      "sdtype": "categorical"
    },
    "Date_occured_6": {
      "sdtype": "categorical"
    },
    "Date_occured_7": {
      "sdtype": "categorical"
    },
    "Date_occured_8": {
      "sdtype": "categorical"
    },
    "Date_occured_9": {
      "sdtype": "categorical"
    },
    "Date_occured_10": {
      "sdtype": "categorical"
    },
    "Time_occured": {
      "sdtype": "numerical"
    },
    "Crime_Code_0": {
      "sdtype": "categorical"
    },
    "Crime_Code_1": {
      "sdtype": "categorical"
    },
    "Crime_Code_2": {
      "sdtype": "categorical"
    },
    "Crime_Code_3": {
      "sdtype": "categorical"
    },
    "Crime_Code_4": {
      "sdtype": "categorical"
    },
    "Crime_Code_5": {
      "sdtype": "categorical"
    },
    "Crime_Code_6": {
      "sdtype": "categorical"
    },
    "Victim_age": {
      "sdtype": "numerical"
    },
    "Victim_sex_1": {
      "sdtype": "categorical"
    },
    "Victim_sex_2": {
      "sdtype": "categorical"
    },
    "Victim_descent_0": {
      "sdtype": "categorical"
    },
    "Victim_descent_1": {
      "sdtype": "categorical"
    },
    "Victim_descent_2": {
      "sdtype": "categorical"
    },
    "Victim_descent_3": {
      "sdtype": "categorical"
    },
    "Victim_descent_4": {
      "sdtype": "categorical"
    },
    "Premis_0": {
      "sdtype": "categorical"
    },
    "Premis_1": {
      "sdtype": "categorical"
    },
    "Premis_2": {
      "sdtype": "categorical"
    },
    "Premis_3": {
      "sdtype": "categorical"
    },
    "Premis_4": {
      "sdtype": "categorical"
    },
    "Premis_5": {
      "sdtype": "categorical"
    },
    "Premis_6": {
      "sdtype": "categorical"
    },
    "Premis_7": {
      "sdtype": "categorical"
    },
    "Premis_8": {
      "sdtype": "categorical"
    },
    "Weapon_0": {
      "sdtype": "categorical"
    },
    "Weapon_1": {
      "sdtype": "categorical"
    },
    "Weapon_2": {
      "sdtype": "categorical"
    },
    "Weapon_3": {
      "sdtype": "categorical"
    },
    "Weapon_4": {
      "sdtype": "categorical"
    },
    "Weapon_5": {
      "sdtype": "categorical"
    },
    "Weapon_6": {
      "sdtype": "categorical"
    },
    "Status": {
      "sdtype": "categorical"
    },
    "LAT": {
      "sdtype": "numerical"
    },
    "LON": {
      "sdtype": "numerical"
    }
  },
  "primary_key": "DR_NO"
}
2025-04-21 06:04:35,545 - INFO - [SYNTHETIC PIPELINE] Evaluating synthetic dataset generated by GaussianCopula...
2025-04-21 06:04:35,546 - INFO - [SYNTHETIC EVAL] Real data columns     (47): ['DR_NO', 'Date_occured_0', 'Date_occured_1', 'Date_occured_2', 'Date_occured_3', 'Date_occured_4', 'Date_occured_5', 'Date_occured_6', 'Date_occured_7', 'Date_occured_8', 'Date_occured_9', 'Date_occured_10', 'Time_occured', 'Crime_Code_0', 'Crime_Code_1', 'Crime_Code_2', 'Crime_Code_3', 'Crime_Code_4', 'Crime_Code_5', 'Crime_Code_6', 'Victim_age', 'Victim_sex_1', 'Victim_sex_2', 'Victim_descent_0', 'Victim_descent_1', 'Victim_descent_2', 'Victim_descent_3', 'Victim_descent_4', 'Premis_0', 'Premis_1', 'Premis_2', 'Premis_3', 'Premis_4', 'Premis_5', 'Premis_6', 'Premis_7', 'Premis_8', 'Weapon_0', 'Weapon_1', 'Weapon_2', 'Weapon_3', 'Weapon_4', 'Weapon_5', 'Weapon_6', 'Status', 'LAT', 'LON']
2025-04-21 06:04:35,546 - INFO - [SYNTHETIC EVAL] Synthetic data columns (47): ['DR_NO', 'Date_occured_0', 'Date_occured_1', 'Date_occured_2', 'Date_occured_3', 'Date_occured_4', 'Date_occured_5', 'Date_occured_6', 'Date_occured_7', 'Date_occured_8', 'Date_occured_9', 'Date_occured_10', 'Time_occured', 'Crime_Code_0', 'Crime_Code_1', 'Crime_Code_2', 'Crime_Code_3', 'Crime_Code_4', 'Crime_Code_5', 'Crime_Code_6', 'Victim_age', 'Victim_sex_1', 'Victim_sex_2', 'Victim_descent_0', 'Victim_descent_1', 'Victim_descent_2', 'Victim_descent_3', 'Victim_descent_4', 'Premis_0', 'Premis_1', 'Premis_2', 'Premis_3', 'Premis_4', 'Premis_5', 'Premis_6', 'Premis_7', 'Premis_8', 'Weapon_0', 'Weapon_1', 'Weapon_2', 'Weapon_3', 'Weapon_4', 'Weapon_5', 'Weapon_6', 'Status', 'LAT', 'LON']
2025-04-21 06:04:35,546 - INFO - [SYNTHETIC EVAL] Metadata columns      (47): ['DR_NO', 'Date_occured_0', 'Date_occured_1', 'Date_occured_2', 'Date_occured_3', 'Date_occured_4', 'Date_occured_5', 'Date_occured_6', 'Date_occured_7', 'Date_occured_8', 'Date_occured_9', 'Date_occured_10', 'Time_occured', 'Crime_Code_0', 'Crime_Code_1', 'Crime_Code_2', 'Crime_Code_3', 'Crime_Code_4', 'Crime_Code_5', 'Crime_Code_6', 'Victim_age', 'Victim_sex_1', 'Victim_sex_2', 'Victim_descent_0', 'Victim_descent_1', 'Victim_descent_2', 'Victim_descent_3', 'Victim_descent_4', 'Premis_0', 'Premis_1', 'Premis_2', 'Premis_3', 'Premis_4', 'Premis_5', 'Premis_6', 'Premis_7', 'Premis_8', 'Weapon_0', 'Weapon_1', 'Weapon_2', 'Weapon_3', 'Weapon_4', 'Weapon_5', 'Weapon_6', 'Status', 'LAT', 'LON']
2025-04-21 06:04:35,546 - INFO - [SYNTHETIC EVAL] Shape — Real: (260402, 47), Synthetic: (260402, 47)
2025-04-21 06:04:35,546 - INFO - [SYNTHETIC EVAL] Metadata structure:
{
  "METADATA_SPEC_VERSION": "SINGLE_TABLE_V1",
  "columns": {
    "DR_NO": {
      "sdtype": "id"
    },
    "Date_occured_0": {
      "sdtype": "categorical"
    },
    "Date_occured_1": {
      "sdtype": "categorical"
    },
    "Date_occured_2": {
      "sdtype": "categorical"
    },
    "Date_occured_3": {
      "sdtype": "categorical"
    },
    "Date_occured_4": {
      "sdtype": "categorical"
    },
    "Date_occured_5": {
      "sdtype": "categorical"
    },
    "Date_occured_6": {
      "sdtype": "categorical"
    },
    "Date_occured_7": {
      "sdtype": "categorical"
    },
    "Date_occured_8": {
      "sdtype": "categorical"
    },
    "Date_occured_9": {
      "sdtype": "categorical"
    },
    "Date_occured_10": {
      "sdtype": "categorical"
    },
    "Time_occured": {
      "sdtype": "numerical"
    },
    "Crime_Code_0": {
      "sdtype": "categorical"
    },
    "Crime_Code_1": {
      "sdtype": "categorical"
    },
    "Crime_Code_2": {
      "sdtype": "categorical"
    },
    "Crime_Code_3": {
      "sdtype": "categorical"
    },
    "Crime_Code_4": {
      "sdtype": "categorical"
    },
    "Crime_Code_5": {
      "sdtype": "categorical"
    },
    "Crime_Code_6": {
      "sdtype": "categorical"
    },
    "Victim_age": {
      "sdtype": "numerical"
    },
    "Victim_sex_1": {
      "sdtype": "categorical"
    },
    "Victim_sex_2": {
      "sdtype": "categorical"
    },
    "Victim_descent_0": {
      "sdtype": "categorical"
    },
    "Victim_descent_1": {
      "sdtype": "categorical"
    },
    "Victim_descent_2": {
      "sdtype": "categorical"
    },
    "Victim_descent_3": {
      "sdtype": "categorical"
    },
    "Victim_descent_4": {
      "sdtype": "categorical"
    },
    "Premis_0": {
      "sdtype": "categorical"
    },
    "Premis_1": {
      "sdtype": "categorical"
    },
    "Premis_2": {
      "sdtype": "categorical"
    },
    "Premis_3": {
      "sdtype": "categorical"
    },
    "Premis_4": {
      "sdtype": "categorical"
    },
    "Premis_5": {
      "sdtype": "categorical"
    },
    "Premis_6": {
      "sdtype": "categorical"
    },
    "Premis_7": {
      "sdtype": "categorical"
    },
    "Premis_8": {
      "sdtype": "categorical"
    },
    "Weapon_0": {
      "sdtype": "categorical"
    },
    "Weapon_1": {
      "sdtype": "categorical"
    },
    "Weapon_2": {
      "sdtype": "categorical"
    },
    "Weapon_3": {
      "sdtype": "categorical"
    },
    "Weapon_4": {
      "sdtype": "categorical"
    },
    "Weapon_5": {
      "sdtype": "categorical"
    },
    "Weapon_6": {
      "sdtype": "categorical"
    },
    "Status": {
      "sdtype": "categorical"
    },
    "LAT": {
      "sdtype": "numerical"
    },
    "LON": {
      "sdtype": "numerical"
    }
  },
  "primary_key": "DR_NO"
}
2025-04-21 06:04:51,958 - INFO - [SYNTHETIC PIPELINE] Evaluating synthetic dataset generated by TVAE...
2025-04-21 06:04:51,958 - INFO - [SYNTHETIC EVAL] Real data columns     (47): ['DR_NO', 'Date_occured_0', 'Date_occured_1', 'Date_occured_2', 'Date_occured_3', 'Date_occured_4', 'Date_occured_5', 'Date_occured_6', 'Date_occured_7', 'Date_occured_8', 'Date_occured_9', 'Date_occured_10', 'Time_occured', 'Crime_Code_0', 'Crime_Code_1', 'Crime_Code_2', 'Crime_Code_3', 'Crime_Code_4', 'Crime_Code_5', 'Crime_Code_6', 'Victim_age', 'Victim_sex_1', 'Victim_sex_2', 'Victim_descent_0', 'Victim_descent_1', 'Victim_descent_2', 'Victim_descent_3', 'Victim_descent_4', 'Premis_0', 'Premis_1', 'Premis_2', 'Premis_3', 'Premis_4', 'Premis_5', 'Premis_6', 'Premis_7', 'Premis_8', 'Weapon_0', 'Weapon_1', 'Weapon_2', 'Weapon_3', 'Weapon_4', 'Weapon_5', 'Weapon_6', 'Status', 'LAT', 'LON']
2025-04-21 06:04:51,958 - INFO - [SYNTHETIC EVAL] Synthetic data columns (47): ['DR_NO', 'Date_occured_0', 'Date_occured_1', 'Date_occured_2', 'Date_occured_3', 'Date_occured_4', 'Date_occured_5', 'Date_occured_6', 'Date_occured_7', 'Date_occured_8', 'Date_occured_9', 'Date_occured_10', 'Time_occured', 'Crime_Code_0', 'Crime_Code_1', 'Crime_Code_2', 'Crime_Code_3', 'Crime_Code_4', 'Crime_Code_5', 'Crime_Code_6', 'Victim_age', 'Victim_sex_1', 'Victim_sex_2', 'Victim_descent_0', 'Victim_descent_1', 'Victim_descent_2', 'Victim_descent_3', 'Victim_descent_4', 'Premis_0', 'Premis_1', 'Premis_2', 'Premis_3', 'Premis_4', 'Premis_5', 'Premis_6', 'Premis_7', 'Premis_8', 'Weapon_0', 'Weapon_1', 'Weapon_2', 'Weapon_3', 'Weapon_4', 'Weapon_5', 'Weapon_6', 'Status', 'LAT', 'LON']
2025-04-21 06:04:51,959 - INFO - [SYNTHETIC EVAL] Metadata columns      (47): ['DR_NO', 'Date_occured_0', 'Date_occured_1', 'Date_occured_2', 'Date_occured_3', 'Date_occured_4', 'Date_occured_5', 'Date_occured_6', 'Date_occured_7', 'Date_occured_8', 'Date_occured_9', 'Date_occured_10', 'Time_occured', 'Crime_Code_0', 'Crime_Code_1', 'Crime_Code_2', 'Crime_Code_3', 'Crime_Code_4', 'Crime_Code_5', 'Crime_Code_6', 'Victim_age', 'Victim_sex_1', 'Victim_sex_2', 'Victim_descent_0', 'Victim_descent_1', 'Victim_descent_2', 'Victim_descent_3', 'Victim_descent_4', 'Premis_0', 'Premis_1', 'Premis_2', 'Premis_3', 'Premis_4', 'Premis_5', 'Premis_6', 'Premis_7', 'Premis_8', 'Weapon_0', 'Weapon_1', 'Weapon_2', 'Weapon_3', 'Weapon_4', 'Weapon_5', 'Weapon_6', 'Status', 'LAT', 'LON']
2025-04-21 06:04:51,959 - INFO - [SYNTHETIC EVAL] Shape — Real: (260402, 47), Synthetic: (260402, 47)
2025-04-21 06:04:51,959 - INFO - [SYNTHETIC EVAL] Metadata structure:
{
  "METADATA_SPEC_VERSION": "SINGLE_TABLE_V1",
  "columns": {
    "DR_NO": {
      "sdtype": "id"
    },
    "Date_occured_0": {
      "sdtype": "categorical"
    },
    "Date_occured_1": {
      "sdtype": "categorical"
    },
    "Date_occured_2": {
      "sdtype": "categorical"
    },
    "Date_occured_3": {
      "sdtype": "categorical"
    },
    "Date_occured_4": {
      "sdtype": "categorical"
    },
    "Date_occured_5": {
      "sdtype": "categorical"
    },
    "Date_occured_6": {
      "sdtype": "categorical"
    },
    "Date_occured_7": {
      "sdtype": "categorical"
    },
    "Date_occured_8": {
      "sdtype": "categorical"
    },
    "Date_occured_9": {
      "sdtype": "categorical"
    },
    "Date_occured_10": {
      "sdtype": "categorical"
    },
    "Time_occured": {
      "sdtype": "numerical"
    },
    "Crime_Code_0": {
      "sdtype": "categorical"
    },
    "Crime_Code_1": {
      "sdtype": "categorical"
    },
    "Crime_Code_2": {
      "sdtype": "categorical"
    },
    "Crime_Code_3": {
      "sdtype": "categorical"
    },
    "Crime_Code_4": {
      "sdtype": "categorical"
    },
    "Crime_Code_5": {
      "sdtype": "categorical"
    },
    "Crime_Code_6": {
      "sdtype": "categorical"
    },
    "Victim_age": {
      "sdtype": "numerical"
    },
    "Victim_sex_1": {
      "sdtype": "categorical"
    },
    "Victim_sex_2": {
      "sdtype": "categorical"
    },
    "Victim_descent_0": {
      "sdtype": "categorical"
    },
    "Victim_descent_1": {
      "sdtype": "categorical"
    },
    "Victim_descent_2": {
      "sdtype": "categorical"
    },
    "Victim_descent_3": {
      "sdtype": "categorical"
    },
    "Victim_descent_4": {
      "sdtype": "categorical"
    },
    "Premis_0": {
      "sdtype": "categorical"
    },
    "Premis_1": {
      "sdtype": "categorical"
    },
    "Premis_2": {
      "sdtype": "categorical"
    },
    "Premis_3": {
      "sdtype": "categorical"
    },
    "Premis_4": {
      "sdtype": "categorical"
    },
    "Premis_5": {
      "sdtype": "categorical"
    },
    "Premis_6": {
      "sdtype": "categorical"
    },
    "Premis_7": {
      "sdtype": "categorical"
    },
    "Premis_8": {
      "sdtype": "categorical"
    },
    "Weapon_0": {
      "sdtype": "categorical"
    },
    "Weapon_1": {
      "sdtype": "categorical"
    },
    "Weapon_2": {
      "sdtype": "categorical"
    },
    "Weapon_3": {
      "sdtype": "categorical"
    },
    "Weapon_4": {
      "sdtype": "categorical"
    },
    "Weapon_5": {
      "sdtype": "categorical"
    },
    "Weapon_6": {
      "sdtype": "categorical"
    },
    "Status": {
      "sdtype": "categorical"
    },
    "LAT": {
      "sdtype": "numerical"
    },
    "LON": {
      "sdtype": "numerical"
    }
  },
  "primary_key": "DR_NO"
}
2025-04-21 06:05:07,661 - INFO -  [SYNTHETIC PIPELINE]  Synthetic Data Evaluation Completed.
2025-04-21 06:05:07,673 - INFO -  [SYNTHETIC PIPELINE] Synthetic Data Report Generated Successfully.
2025-04-21 06:05:09,876 - INFO - [HYBRID] Generated hybrid dataset shape for CTGAN: (260402, 47)
2025-04-21 06:05:09,889 - INFO - [HYBRID] Target distribution for CTGAN: {'Invest Cont': 190686, 'Adult Other': 43089, 'Adult Arrest': 23767, 'Juv Arrest': 1744, 'Juv Other': 985, 'UNK': 131}
2025-04-21 06:05:14,010 - INFO -  [HYBRID] Saved hybrid dataset to /mnt/NVMETank/Projects/Students/Dele/A-STUDY-INTO-THE-QUALITY-AND-USABILITY-OF-PRIVACY-FRIENDLY-SYNTHETIC-DATA/datasets/hybrid/crimeData_k5_l2_sup50_CTGAN_HYBRID.csv
2025-04-21 06:05:14,010 - INFO - [HYBRID] Generated hybrid dataset shape for GaussianCopula: (260402, 47)
2025-04-21 06:05:14,024 - INFO - [HYBRID] Target distribution for GaussianCopula: {'Invest Cont': 153060, 'Adult Other': 61914, 'Adult Arrest': 42474, 'Juv Arrest': 1933, 'Juv Other': 1018, 'UNK': 3}
2025-04-21 06:05:18,081 - INFO -  [HYBRID] Saved hybrid dataset to /mnt/NVMETank/Projects/Students/Dele/A-STUDY-INTO-THE-QUALITY-AND-USABILITY-OF-PRIVACY-FRIENDLY-SYNTHETIC-DATA/datasets/hybrid/crimeData_k5_l2_sup50_GaussianCopula_HYBRID.csv
2025-04-21 06:05:18,082 - INFO - [HYBRID] Generated hybrid dataset shape for TVAE: (260402, 47)
2025-04-21 06:05:18,095 - INFO - [HYBRID] Target distribution for TVAE: {'Invest Cont': 174269, 'Adult Other': 55370, 'Adult Arrest': 30416, 'Juv Other': 184, 'Juv Arrest': 163}
2025-04-21 06:05:21,855 - INFO -  [HYBRID] Saved hybrid dataset to /mnt/NVMETank/Projects/Students/Dele/A-STUDY-INTO-THE-QUALITY-AND-USABILITY-OF-PRIVACY-FRIENDLY-SYNTHETIC-DATA/datasets/hybrid/crimeData_k5_l2_sup50_TVAE_HYBRID.csv
2025-04-21 06:05:21,856 - INFO -  [HYBRID] Hybrid pipeline complete — 3 dataset(s) ready.
2025-04-21 06:05:21,856 - INFO - [HYBRID] Total rows across all hybrid datasets: 781206
2025-04-21 06:05:21,874 - INFO - Hybrid pipeline completed successfully.
2025-04-21 06:05:21,875 - INFO - Hybrid pipeline duration: 30824.14 seconds
2025-04-21 06:05:21,875 - INFO - Starting Utility...
2025-04-21 06:05:21,876 - INFO - [UTILITY] Preparing datasets for machine learning...
2025-04-21 06:05:22,159 - INFO - [UTILITY] Original Data - Training Size: 260402, Testing Size: 65101
2025-04-21 06:05:22,180 - INFO - [UTILITY] Target class distribution (Original): {'Invest Cont': 153331, 'Adult Other': 61489, 'Adult Arrest': 42625, 'Juv Arrest': 1937, 'Juv Other': 1018, 'UNK': 2}
2025-04-21 06:05:22,192 - INFO - [UTILITY] Processing anonymized dataset...
2025-04-21 06:05:22,411 - INFO - [UTILITY] Anonymized Data - Training Size: 260402
2025-04-21 06:05:22,427 - INFO - [UTILITY] Target class distribution (Anonymous): {'Invest Cont': 153331, 'Adult Other': 61489, 'Adult Arrest': 42625, 'Juv Arrest': 1937, 'Juv Other': 1018, 'UNK': 2}
2025-04-21 06:05:22,437 - INFO - [UTILITY] Processing hybrid dataset generated by CTGAN...
2025-04-21 06:05:22,464 - INFO - [UTILITY] Hybrid Data (CTGAN_HYBRID) - Training Size: 260402
2025-04-21 06:05:22,474 - INFO - [UTILITY] Target class distribution (CTGAN_HYBRID): {'Invest Cont': 190686, 'Adult Other': 43089, 'Adult Arrest': 23767, 'Juv Arrest': 1744, 'Juv Other': 985, 'UNK': 131}
2025-04-21 06:05:22,480 - INFO - [UTILITY] Processing hybrid dataset generated by GaussianCopula...
2025-04-21 06:05:22,531 - INFO - [UTILITY] Hybrid Data (GaussianCopula_HYBRID) - Training Size: 260402
2025-04-21 06:05:22,556 - INFO - [UTILITY] Target class distribution (GaussianCopula_HYBRID): {'Invest Cont': 153060, 'Adult Other': 61914, 'Adult Arrest': 42474, 'Juv Arrest': 1933, 'Juv Other': 1018, 'UNK': 3}
2025-04-21 06:05:22,574 - INFO - [UTILITY] Processing hybrid dataset generated by TVAE...
2025-04-21 06:05:22,672 - INFO - [UTILITY] Hybrid Data (TVAE_HYBRID) - Training Size: 260402
2025-04-21 06:05:22,685 - INFO - [UTILITY] Target class distribution (TVAE_HYBRID): {'Invest Cont': 174269, 'Adult Other': 55370, 'Adult Arrest': 30416, 'Juv Other': 184, 'Juv Arrest': 163}
2025-04-21 06:05:22,685 - INFO - [UTILITY] Training models on all datasets...
2025-04-21 06:05:22,685 - INFO - [UTILITY] Total datasets used for training: 5
2025-04-21 06:05:22,685 - INFO - [TRAINING] Training models from scratch...
2025-04-21 06:05:22,685 - INFO - [TRAINING] Starting training for dataset: Original — Rows: 260402, Features: 46
2025-04-21 06:05:22,686 - INFO - [TRAINING] Training DecisionTree on Original...
2025-04-21 06:05:27,792 - INFO - [TRAINING] DecisionTree trained successfully on Original in 5.11 sec
2025-04-21 06:05:27,792 - INFO - [TRAINING] Training KNN on Original...
2025-04-21 06:05:28,044 - INFO - [TRAINING] KNN trained successfully on Original in 0.25 sec
2025-04-21 06:05:28,044 - INFO - [TRAINING] Training LogisticRegression on Original...
2025-04-21 06:05:48,585 - INFO - [TRAINING] LogisticRegression trained successfully on Original in 20.54 sec
2025-04-21 06:05:48,586 - INFO - [TRAINING] Training RandomForest on Original...
2025-04-21 06:06:52,702 - INFO - [TRAINING] RandomForest trained successfully on Original in 64.12 sec
2025-04-21 06:06:52,703 - INFO - [TRAINING] Training SVM on Original...
2025-04-21 08:42:57,926 - INFO - [TRAINING] SVM trained successfully on Original in 9365.22 sec
2025-04-21 08:42:57,927 - INFO - [TRAINING] Finished training 5 model(s) for dataset: Original
2025-04-21 08:42:57,927 - INFO - [TRAINING] Starting training for dataset: Anonymous — Rows: 260402, Features: 46
2025-04-21 08:42:57,927 - INFO - [TRAINING] Training DecisionTree on Anonymous...
2025-04-21 08:43:01,116 - INFO - [TRAINING] DecisionTree trained successfully on Anonymous in 3.19 sec
2025-04-21 08:43:01,116 - INFO - [TRAINING] Training KNN on Anonymous...
2025-04-21 08:43:01,735 - INFO - [TRAINING] KNN trained successfully on Anonymous in 0.62 sec
2025-04-21 08:43:01,735 - INFO - [TRAINING] Training LogisticRegression on Anonymous...
2025-04-21 08:43:17,364 - INFO - [TRAINING] LogisticRegression trained successfully on Anonymous in 15.63 sec
2025-04-21 08:43:17,364 - INFO - [TRAINING] Training RandomForest on Anonymous...
2025-04-21 08:43:58,365 - INFO - [TRAINING] RandomForest trained successfully on Anonymous in 41.00 sec
2025-04-21 08:43:58,365 - INFO - [TRAINING] Training SVM on Anonymous...
2025-04-21 11:36:17,822 - INFO - [TRAINING] SVM trained successfully on Anonymous in 10339.46 sec
2025-04-21 11:36:17,823 - INFO - [TRAINING] Finished training 5 model(s) for dataset: Anonymous
2025-04-21 11:36:17,823 - INFO - [TRAINING] Starting training for dataset: CTGAN_HYBRID — Rows: 260402, Features: 46
2025-04-21 11:36:17,823 - INFO - [TRAINING] Training DecisionTree on CTGAN_HYBRID...
2025-04-21 11:36:21,383 - INFO - [TRAINING] DecisionTree trained successfully on CTGAN_HYBRID in 3.56 sec
2025-04-21 11:36:21,383 - INFO - [TRAINING] Training KNN on CTGAN_HYBRID...
2025-04-21 11:36:21,596 - INFO - [TRAINING] KNN trained successfully on CTGAN_HYBRID in 0.21 sec
2025-04-21 11:36:21,596 - INFO - [TRAINING] Training LogisticRegression on CTGAN_HYBRID...
2025-04-21 11:36:39,670 - INFO - [TRAINING] LogisticRegression trained successfully on CTGAN_HYBRID in 18.07 sec
2025-04-21 11:36:39,671 - INFO - [TRAINING] Training RandomForest on CTGAN_HYBRID...
2025-04-21 11:37:27,442 - INFO - [TRAINING] RandomForest trained successfully on CTGAN_HYBRID in 47.77 sec
2025-04-21 11:37:27,443 - INFO - [TRAINING] Training SVM on CTGAN_HYBRID...
2025-04-21 13:17:57,152 - INFO - [TRAINING] SVM trained successfully on CTGAN_HYBRID in 6029.71 sec
2025-04-21 13:17:57,152 - INFO - [TRAINING] Finished training 5 model(s) for dataset: CTGAN_HYBRID
2025-04-21 13:17:57,152 - INFO - [TRAINING] Starting training for dataset: GaussianCopula_HYBRID — Rows: 260402, Features: 46
2025-04-21 13:17:57,152 - INFO - [TRAINING] Training DecisionTree on GaussianCopula_HYBRID...
2025-04-21 13:18:02,554 - INFO - [TRAINING] DecisionTree trained successfully on GaussianCopula_HYBRID in 5.40 sec
2025-04-21 13:18:02,555 - INFO - [TRAINING] Training KNN on GaussianCopula_HYBRID...
2025-04-21 13:18:02,773 - INFO - [TRAINING] KNN trained successfully on GaussianCopula_HYBRID in 0.22 sec
2025-04-21 13:18:02,774 - INFO - [TRAINING] Training LogisticRegression on GaussianCopula_HYBRID...
2025-04-21 13:18:10,451 - INFO - [TRAINING] LogisticRegression trained successfully on GaussianCopula_HYBRID in 7.68 sec
2025-04-21 13:18:10,452 - INFO - [TRAINING] Training RandomForest on GaussianCopula_HYBRID...
2025-04-21 13:19:08,502 - INFO - [TRAINING] RandomForest trained successfully on GaussianCopula_HYBRID in 58.05 sec
2025-04-21 13:19:08,503 - INFO - [TRAINING] Training SVM on GaussianCopula_HYBRID...
2025-04-21 16:05:25,014 - INFO - [TRAINING] SVM trained successfully on GaussianCopula_HYBRID in 9976.51 sec
2025-04-21 16:05:25,015 - INFO - [TRAINING] Finished training 5 model(s) for dataset: GaussianCopula_HYBRID
2025-04-21 16:05:25,015 - INFO - [TRAINING] Starting training for dataset: TVAE_HYBRID — Rows: 260402, Features: 46
2025-04-21 16:05:25,015 - INFO - [TRAINING] Training DecisionTree on TVAE_HYBRID...
2025-04-21 16:05:28,669 - INFO - [TRAINING] DecisionTree trained successfully on TVAE_HYBRID in 3.65 sec
2025-04-21 16:05:28,669 - INFO - [TRAINING] Training KNN on TVAE_HYBRID...
2025-04-21 16:05:29,587 - INFO - [TRAINING] KNN trained successfully on TVAE_HYBRID in 0.92 sec
2025-04-21 16:05:29,587 - INFO - [TRAINING] Training LogisticRegression on TVAE_HYBRID...
2025-04-21 16:05:42,051 - INFO - [TRAINING] LogisticRegression trained successfully on TVAE_HYBRID in 12.46 sec
2025-04-21 16:05:42,052 - INFO - [TRAINING] Training RandomForest on TVAE_HYBRID...
2025-04-21 16:06:32,387 - INFO - [TRAINING] RandomForest trained successfully on TVAE_HYBRID in 50.34 sec
2025-04-21 16:06:32,388 - INFO - [TRAINING] Training SVM on TVAE_HYBRID...
2025-04-21 18:12:57,962 - INFO - [TRAINING] SVM trained successfully on TVAE_HYBRID in 7585.57 sec
2025-04-21 18:12:57,963 - INFO - [TRAINING] Finished training 5 model(s) for dataset: TVAE_HYBRID
2025-04-21 18:12:57,963 - INFO - [TRAINING] Total models trained across all datasets: 25
2025-04-21 18:12:57,963 - INFO - [UTILITY] Trained model names: ['Original', 'Anonymous', 'CTGAN_HYBRID', 'GaussianCopula_HYBRID', 'TVAE_HYBRID']
2025-04-21 18:12:57,963 - INFO - [UTILITY] Model Training Completed.
2025-04-21 18:12:57,963 - INFO - Starting the Evaluating of models...
2025-04-21 18:12:57,963 - INFO - Preparing evaluation for model 'DecisionTree' across all datasets...
2025-04-21 18:12:57,963 - INFO - Evaluating DecisionTree on Original...
2025-04-21 18:12:58,143 - INFO - Predictions completed for DecisionTree on Original
2025-04-21 18:12:58,146 - INFO - Prediction distribution for DecisionTree on Original: {'Invest Cont': 37290, 'Adult Other': 15789, 'Adult Arrest': 11185, 'Juv Arrest': 538, 'Juv Other': 299}
2025-04-21 18:12:58,703 - WARNING -  Failed to compute AUC-ROC for DecisionTree on Original: Number of classes in y_true not equal to the number of columns in 'y_score'
2025-04-21 18:12:58,860 - WARNING -  Failed to compute LogLoss for DecisionTree on Original: y_true and y_pred contain different number of classes 5, 6. Please provide the true labels explicitly through the labels argument. Classes found in y_true: ['Adult Arrest' 'Adult Other' 'Invest Cont' 'Juv Arrest' 'Juv Other']
2025-04-21 18:12:58,979 - INFO - Computed 8 metric(s) for DecisionTree on Original
2025-04-21 18:12:58,980 - INFO - Evaluating DecisionTree on Anonymous...
2025-04-21 18:12:59,059 - INFO - Predictions completed for DecisionTree on Anonymous
2025-04-21 18:12:59,062 - INFO - Prediction distribution for DecisionTree on Anonymous: {'Invest Cont': 37183, 'Adult Other': 15739, 'Adult Arrest': 11376, 'Juv Arrest': 504, 'Juv Other': 298, 'UNK': 1}
2025-04-21 18:12:59,250 - WARNING - [UndefinedMetricWarning] Recall is ill-defined and being set to 0.0 in labels with no true samples. Use `zero_division` parameter to control this behavior. (from /mnt/NVMETank/Projects/Students/Dele/A-STUDY-INTO-THE-QUALITY-AND-USABILITY-OF-PRIVACY-FRIENDLY-SYNTHETIC-DATA/.venv/lib/python3.12/site-packages/sklearn/metrics/_classification.py:1565)
2025-04-21 18:12:59,398 - WARNING - [UndefinedMetricWarning] Recall is ill-defined and being set to 0.0 in labels with no true samples. Use `zero_division` parameter to control this behavior. (from /mnt/NVMETank/Projects/Students/Dele/A-STUDY-INTO-THE-QUALITY-AND-USABILITY-OF-PRIVACY-FRIENDLY-SYNTHETIC-DATA/.venv/lib/python3.12/site-packages/sklearn/metrics/_classification.py:1565)
2025-04-21 18:12:59,547 - WARNING - [UndefinedMetricWarning] Recall is ill-defined and being set to 0.0 in labels with no true samples. Use `zero_division` parameter to control this behavior. (from /mnt/NVMETank/Projects/Students/Dele/A-STUDY-INTO-THE-QUALITY-AND-USABILITY-OF-PRIVACY-FRIENDLY-SYNTHETIC-DATA/.venv/lib/python3.12/site-packages/sklearn/metrics/_classification.py:1565)
2025-04-21 18:12:59,615 - WARNING -  Failed to compute AUC-ROC for DecisionTree on Anonymous: Number of classes in y_true not equal to the number of columns in 'y_score'
2025-04-21 18:12:59,773 - WARNING -  Failed to compute LogLoss for DecisionTree on Anonymous: y_true and y_pred contain different number of classes 5, 6. Please provide the true labels explicitly through the labels argument. Classes found in y_true: ['Adult Arrest' 'Adult Other' 'Invest Cont' 'Juv Arrest' 'Juv Other']
2025-04-21 18:12:59,891 - INFO - Computed 8 metric(s) for DecisionTree on Anonymous
2025-04-21 18:12:59,891 - INFO - Evaluating DecisionTree on CTGAN_HYBRID...
2025-04-21 18:12:59,938 - INFO - Predictions completed for DecisionTree on CTGAN_HYBRID
2025-04-21 18:12:59,942 - INFO - Prediction distribution for DecisionTree on CTGAN_HYBRID: {'Invest Cont': 27473, 'Adult Other': 20941, 'Adult Arrest': 15325, 'Juv Other': 728, 'Juv Arrest': 630, 'UNK': 4}
2025-04-21 18:13:00,127 - WARNING - [UndefinedMetricWarning] Recall is ill-defined and being set to 0.0 in labels with no true samples. Use `zero_division` parameter to control this behavior. (from /mnt/NVMETank/Projects/Students/Dele/A-STUDY-INTO-THE-QUALITY-AND-USABILITY-OF-PRIVACY-FRIENDLY-SYNTHETIC-DATA/.venv/lib/python3.12/site-packages/sklearn/metrics/_classification.py:1565)
2025-04-21 18:13:00,277 - WARNING - [UndefinedMetricWarning] Recall is ill-defined and being set to 0.0 in labels with no true samples. Use `zero_division` parameter to control this behavior. (from /mnt/NVMETank/Projects/Students/Dele/A-STUDY-INTO-THE-QUALITY-AND-USABILITY-OF-PRIVACY-FRIENDLY-SYNTHETIC-DATA/.venv/lib/python3.12/site-packages/sklearn/metrics/_classification.py:1565)
2025-04-21 18:13:00,426 - WARNING - [UndefinedMetricWarning] Recall is ill-defined and being set to 0.0 in labels with no true samples. Use `zero_division` parameter to control this behavior. (from /mnt/NVMETank/Projects/Students/Dele/A-STUDY-INTO-THE-QUALITY-AND-USABILITY-OF-PRIVACY-FRIENDLY-SYNTHETIC-DATA/.venv/lib/python3.12/site-packages/sklearn/metrics/_classification.py:1565)
2025-04-21 18:13:00,474 - WARNING -  Failed to compute AUC-ROC for DecisionTree on CTGAN_HYBRID: Number of classes in y_true not equal to the number of columns in 'y_score'
2025-04-21 18:13:00,608 - WARNING -  Failed to compute LogLoss for DecisionTree on CTGAN_HYBRID: y_true and y_pred contain different number of classes 5, 6. Please provide the true labels explicitly through the labels argument. Classes found in y_true: ['Adult Arrest' 'Adult Other' 'Invest Cont' 'Juv Arrest' 'Juv Other']
2025-04-21 18:13:00,726 - INFO - Computed 8 metric(s) for DecisionTree on CTGAN_HYBRID
2025-04-21 18:13:00,726 - INFO - Evaluating DecisionTree on GaussianCopula_HYBRID...
2025-04-21 18:13:00,762 - INFO - Predictions completed for DecisionTree on GaussianCopula_HYBRID
2025-04-21 18:13:00,765 - INFO - Prediction distribution for DecisionTree on GaussianCopula_HYBRID: {'Invest Cont': 23232, 'Adult Arrest': 22178, 'Adult Other': 18488, 'Juv Other': 885, 'Juv Arrest': 318}
2025-04-21 18:13:01,297 - WARNING -  Failed to compute AUC-ROC for DecisionTree on GaussianCopula_HYBRID: Number of classes in y_true not equal to the number of columns in 'y_score'
2025-04-21 18:13:01,430 - WARNING -  Failed to compute LogLoss for DecisionTree on GaussianCopula_HYBRID: y_true and y_pred contain different number of classes 5, 6. Please provide the true labels explicitly through the labels argument. Classes found in y_true: ['Adult Arrest' 'Adult Other' 'Invest Cont' 'Juv Arrest' 'Juv Other']
2025-04-21 18:13:01,549 - INFO - Computed 8 metric(s) for DecisionTree on GaussianCopula_HYBRID
2025-04-21 18:13:01,549 - INFO - Evaluating DecisionTree on TVAE_HYBRID...
2025-04-21 18:13:01,586 - INFO - Predictions completed for DecisionTree on TVAE_HYBRID
2025-04-21 18:13:01,589 - INFO - Prediction distribution for DecisionTree on TVAE_HYBRID: {'Invest Cont': 33160, 'Adult Other': 18794, 'Adult Arrest': 12810, 'Juv Arrest': 276, 'Juv Other': 61}
2025-04-21 18:13:02,416 - INFO - Computed 8 metric(s) for DecisionTree on TVAE_HYBRID
2025-04-21 18:13:02,417 - INFO - Preparing evaluation for model 'KNN' across all datasets...
2025-04-21 18:13:02,417 - INFO - Evaluating KNN on Original...
2025-04-21 18:13:11,344 - INFO - Predictions completed for KNN on Original
2025-04-21 18:13:11,347 - INFO - Prediction distribution for KNN on Original: {'Invest Cont': 42030, 'Adult Other': 13073, 'Adult Arrest': 9928, 'Juv Arrest': 51, 'Juv Other': 19}
2025-04-21 18:13:19,645 - WARNING -  Failed to compute AUC-ROC for KNN on Original: Number of classes in y_true not equal to the number of columns in 'y_score'
2025-04-21 18:13:27,490 - WARNING -  Failed to compute LogLoss for KNN on Original: y_true and y_pred contain different number of classes 5, 6. Please provide the true labels explicitly through the labels argument. Classes found in y_true: ['Adult Arrest' 'Adult Other' 'Invest Cont' 'Juv Arrest' 'Juv Other']
2025-04-21 18:13:27,611 - INFO - Computed 8 metric(s) for KNN on Original
2025-04-21 18:13:27,612 - INFO - Evaluating KNN on Anonymous...
2025-04-21 18:13:36,297 - INFO - Predictions completed for KNN on Anonymous
2025-04-21 18:13:36,300 - INFO - Prediction distribution for KNN on Anonymous: {'Invest Cont': 42082, 'Adult Other': 13047, 'Adult Arrest': 9901, 'Juv Arrest': 51, 'Juv Other': 20}
2025-04-21 18:13:44,651 - WARNING -  Failed to compute AUC-ROC for KNN on Anonymous: Number of classes in y_true not equal to the number of columns in 'y_score'
2025-04-21 18:13:52,371 - WARNING -  Failed to compute LogLoss for KNN on Anonymous: y_true and y_pred contain different number of classes 5, 6. Please provide the true labels explicitly through the labels argument. Classes found in y_true: ['Adult Arrest' 'Adult Other' 'Invest Cont' 'Juv Arrest' 'Juv Other']
2025-04-21 18:13:52,489 - INFO - Computed 8 metric(s) for KNN on Anonymous
2025-04-21 18:13:52,489 - INFO - Evaluating KNN on CTGAN_HYBRID...
2025-04-21 18:14:01,161 - INFO - Predictions completed for KNN on CTGAN_HYBRID
2025-04-21 18:14:01,165 - INFO - Prediction distribution for KNN on CTGAN_HYBRID: {'Invest Cont': 65101}
2025-04-21 18:14:01,166 - WARNING -  [WARNING] :KNN on CTGAN_HYBRID predicted only one class: {'Invest Cont'}
2025-04-21 18:14:01,351 - WARNING - [UndefinedMetricWarning] Precision is ill-defined and being set to 0.0 in labels with no predicted samples. Use `zero_division` parameter to control this behavior. (from /mnt/NVMETank/Projects/Students/Dele/A-STUDY-INTO-THE-QUALITY-AND-USABILITY-OF-PRIVACY-FRIENDLY-SYNTHETIC-DATA/.venv/lib/python3.12/site-packages/sklearn/metrics/_classification.py:1565)
2025-04-21 18:14:01,499 - WARNING - [UndefinedMetricWarning] Precision is ill-defined and being set to 0.0 in labels with no predicted samples. Use `zero_division` parameter to control this behavior. (from /mnt/NVMETank/Projects/Students/Dele/A-STUDY-INTO-THE-QUALITY-AND-USABILITY-OF-PRIVACY-FRIENDLY-SYNTHETIC-DATA/.venv/lib/python3.12/site-packages/sklearn/metrics/_classification.py:1565)
2025-04-21 18:14:01,647 - WARNING - [UndefinedMetricWarning] Precision is ill-defined and being set to 0.0 in labels with no predicted samples. Use `zero_division` parameter to control this behavior. (from /mnt/NVMETank/Projects/Students/Dele/A-STUDY-INTO-THE-QUALITY-AND-USABILITY-OF-PRIVACY-FRIENDLY-SYNTHETIC-DATA/.venv/lib/python3.12/site-packages/sklearn/metrics/_classification.py:1565)
2025-04-21 18:14:09,300 - WARNING -  Failed to compute AUC-ROC for KNN on CTGAN_HYBRID: Number of classes in y_true not equal to the number of columns in 'y_score'
2025-04-21 18:14:16,814 - WARNING -  Failed to compute LogLoss for KNN on CTGAN_HYBRID: y_true and y_pred contain different number of classes 5, 6. Please provide the true labels explicitly through the labels argument. Classes found in y_true: ['Adult Arrest' 'Adult Other' 'Invest Cont' 'Juv Arrest' 'Juv Other']
2025-04-21 18:14:16,941 - INFO - Computed 8 metric(s) for KNN on CTGAN_HYBRID
2025-04-21 18:14:16,941 - INFO - Evaluating KNN on GaussianCopula_HYBRID...
2025-04-21 18:14:25,614 - INFO - Predictions completed for KNN on GaussianCopula_HYBRID
2025-04-21 18:14:25,617 - INFO - Prediction distribution for KNN on GaussianCopula_HYBRID: {'Invest Cont': 65101}
2025-04-21 18:14:25,619 - WARNING -  [WARNING] :KNN on GaussianCopula_HYBRID predicted only one class: {'Invest Cont'}
2025-04-21 18:14:25,802 - WARNING - [UndefinedMetricWarning] Precision is ill-defined and being set to 0.0 in labels with no predicted samples. Use `zero_division` parameter to control this behavior. (from /mnt/NVMETank/Projects/Students/Dele/A-STUDY-INTO-THE-QUALITY-AND-USABILITY-OF-PRIVACY-FRIENDLY-SYNTHETIC-DATA/.venv/lib/python3.12/site-packages/sklearn/metrics/_classification.py:1565)
2025-04-21 18:14:25,950 - WARNING - [UndefinedMetricWarning] Precision is ill-defined and being set to 0.0 in labels with no predicted samples. Use `zero_division` parameter to control this behavior. (from /mnt/NVMETank/Projects/Students/Dele/A-STUDY-INTO-THE-QUALITY-AND-USABILITY-OF-PRIVACY-FRIENDLY-SYNTHETIC-DATA/.venv/lib/python3.12/site-packages/sklearn/metrics/_classification.py:1565)
2025-04-21 18:14:26,096 - WARNING - [UndefinedMetricWarning] Precision is ill-defined and being set to 0.0 in labels with no predicted samples. Use `zero_division` parameter to control this behavior. (from /mnt/NVMETank/Projects/Students/Dele/A-STUDY-INTO-THE-QUALITY-AND-USABILITY-OF-PRIVACY-FRIENDLY-SYNTHETIC-DATA/.venv/lib/python3.12/site-packages/sklearn/metrics/_classification.py:1565)
2025-04-21 18:14:33,862 - WARNING -  Failed to compute AUC-ROC for KNN on GaussianCopula_HYBRID: Number of classes in y_true not equal to the number of columns in 'y_score'
2025-04-21 18:14:41,739 - WARNING -  Failed to compute LogLoss for KNN on GaussianCopula_HYBRID: y_true and y_pred contain different number of classes 5, 6. Please provide the true labels explicitly through the labels argument. Classes found in y_true: ['Adult Arrest' 'Adult Other' 'Invest Cont' 'Juv Arrest' 'Juv Other']
2025-04-21 18:14:41,855 - INFO - Computed 8 metric(s) for KNN on GaussianCopula_HYBRID
2025-04-21 18:14:41,855 - INFO - Evaluating KNN on TVAE_HYBRID...
2025-04-21 18:14:51,127 - INFO - Predictions completed for KNN on TVAE_HYBRID
2025-04-21 18:14:51,130 - INFO - Prediction distribution for KNN on TVAE_HYBRID: {'Invest Cont': 65101}
2025-04-21 18:14:51,131 - WARNING -  [WARNING] :KNN on TVAE_HYBRID predicted only one class: {'Invest Cont'}
2025-04-21 18:14:51,312 - WARNING - [UndefinedMetricWarning] Precision is ill-defined and being set to 0.0 in labels with no predicted samples. Use `zero_division` parameter to control this behavior. (from /mnt/NVMETank/Projects/Students/Dele/A-STUDY-INTO-THE-QUALITY-AND-USABILITY-OF-PRIVACY-FRIENDLY-SYNTHETIC-DATA/.venv/lib/python3.12/site-packages/sklearn/metrics/_classification.py:1565)
2025-04-21 18:14:51,461 - WARNING - [UndefinedMetricWarning] Precision is ill-defined and being set to 0.0 in labels with no predicted samples. Use `zero_division` parameter to control this behavior. (from /mnt/NVMETank/Projects/Students/Dele/A-STUDY-INTO-THE-QUALITY-AND-USABILITY-OF-PRIVACY-FRIENDLY-SYNTHETIC-DATA/.venv/lib/python3.12/site-packages/sklearn/metrics/_classification.py:1565)
2025-04-21 18:14:51,606 - WARNING - [UndefinedMetricWarning] Precision is ill-defined and being set to 0.0 in labels with no predicted samples. Use `zero_division` parameter to control this behavior. (from /mnt/NVMETank/Projects/Students/Dele/A-STUDY-INTO-THE-QUALITY-AND-USABILITY-OF-PRIVACY-FRIENDLY-SYNTHETIC-DATA/.venv/lib/python3.12/site-packages/sklearn/metrics/_classification.py:1565)
2025-04-21 18:15:06,967 - INFO - Computed 8 metric(s) for KNN on TVAE_HYBRID
2025-04-21 18:15:06,967 - INFO - Preparing evaluation for model 'LogisticRegression' across all datasets...
2025-04-21 18:15:06,967 - INFO - Evaluating LogisticRegression on Original...
2025-04-21 18:15:07,025 - INFO - Predictions completed for LogisticRegression on Original
2025-04-21 18:15:07,036 - INFO - Prediction distribution for LogisticRegression on Original: {'Invest Cont': 57031, 'Adult Other': 7631, 'Adult Arrest': 439}
2025-04-21 18:15:07,274 - WARNING - [UndefinedMetricWarning] Precision is ill-defined and being set to 0.0 in labels with no predicted samples. Use `zero_division` parameter to control this behavior. (from /mnt/NVMETank/Projects/Students/Dele/A-STUDY-INTO-THE-QUALITY-AND-USABILITY-OF-PRIVACY-FRIENDLY-SYNTHETIC-DATA/.venv/lib/python3.12/site-packages/sklearn/metrics/_classification.py:1565)
2025-04-21 18:15:07,423 - WARNING - [UndefinedMetricWarning] Precision is ill-defined and being set to 0.0 in labels with no predicted samples. Use `zero_division` parameter to control this behavior. (from /mnt/NVMETank/Projects/Students/Dele/A-STUDY-INTO-THE-QUALITY-AND-USABILITY-OF-PRIVACY-FRIENDLY-SYNTHETIC-DATA/.venv/lib/python3.12/site-packages/sklearn/metrics/_classification.py:1565)
2025-04-21 18:15:07,573 - WARNING - [UndefinedMetricWarning] Precision is ill-defined and being set to 0.0 in labels with no predicted samples. Use `zero_division` parameter to control this behavior. (from /mnt/NVMETank/Projects/Students/Dele/A-STUDY-INTO-THE-QUALITY-AND-USABILITY-OF-PRIVACY-FRIENDLY-SYNTHETIC-DATA/.venv/lib/python3.12/site-packages/sklearn/metrics/_classification.py:1565)
2025-04-21 18:15:07,689 - WARNING -  Failed to compute AUC-ROC for LogisticRegression on Original: Number of classes in y_true not equal to the number of columns in 'y_score'
2025-04-21 18:15:07,911 - WARNING -  Failed to compute LogLoss for LogisticRegression on Original: y_true and y_pred contain different number of classes 5, 6. Please provide the true labels explicitly through the labels argument. Classes found in y_true: ['Adult Arrest' 'Adult Other' 'Invest Cont' 'Juv Arrest' 'Juv Other']
2025-04-21 18:15:08,029 - INFO - Computed 8 metric(s) for LogisticRegression on Original
2025-04-21 18:15:08,030 - INFO - Evaluating LogisticRegression on Anonymous...
2025-04-21 18:15:08,089 - INFO - Predictions completed for LogisticRegression on Anonymous
2025-04-21 18:15:08,102 - INFO - Prediction distribution for LogisticRegression on Anonymous: {'Invest Cont': 60173, 'Adult Other': 4818, 'Adult Arrest': 110}
2025-04-21 18:15:08,320 - WARNING - [UndefinedMetricWarning] Precision is ill-defined and being set to 0.0 in labels with no predicted samples. Use `zero_division` parameter to control this behavior. (from /mnt/NVMETank/Projects/Students/Dele/A-STUDY-INTO-THE-QUALITY-AND-USABILITY-OF-PRIVACY-FRIENDLY-SYNTHETIC-DATA/.venv/lib/python3.12/site-packages/sklearn/metrics/_classification.py:1565)
2025-04-21 18:15:08,468 - WARNING - [UndefinedMetricWarning] Precision is ill-defined and being set to 0.0 in labels with no predicted samples. Use `zero_division` parameter to control this behavior. (from /mnt/NVMETank/Projects/Students/Dele/A-STUDY-INTO-THE-QUALITY-AND-USABILITY-OF-PRIVACY-FRIENDLY-SYNTHETIC-DATA/.venv/lib/python3.12/site-packages/sklearn/metrics/_classification.py:1565)
2025-04-21 18:15:08,616 - WARNING - [UndefinedMetricWarning] Precision is ill-defined and being set to 0.0 in labels with no predicted samples. Use `zero_division` parameter to control this behavior. (from /mnt/NVMETank/Projects/Students/Dele/A-STUDY-INTO-THE-QUALITY-AND-USABILITY-OF-PRIVACY-FRIENDLY-SYNTHETIC-DATA/.venv/lib/python3.12/site-packages/sklearn/metrics/_classification.py:1565)
2025-04-21 18:15:08,690 - WARNING -  Failed to compute AUC-ROC for LogisticRegression on Anonymous: Number of classes in y_true not equal to the number of columns in 'y_score'
2025-04-21 18:15:08,865 - WARNING -  Failed to compute LogLoss for LogisticRegression on Anonymous: y_true and y_pred contain different number of classes 5, 6. Please provide the true labels explicitly through the labels argument. Classes found in y_true: ['Adult Arrest' 'Adult Other' 'Invest Cont' 'Juv Arrest' 'Juv Other']
2025-04-21 18:15:08,981 - INFO - Computed 8 metric(s) for LogisticRegression on Anonymous
2025-04-21 18:15:08,981 - INFO - Evaluating LogisticRegression on CTGAN_HYBRID...
2025-04-21 18:15:09,031 - INFO - Predictions completed for LogisticRegression on CTGAN_HYBRID
2025-04-21 18:15:09,049 - INFO - Prediction distribution for LogisticRegression on CTGAN_HYBRID: {'Invest Cont': 44623, 'Adult Other': 20290, 'Juv Arrest': 174, 'Adult Arrest': 14}
2025-04-21 18:15:09,276 - WARNING - [UndefinedMetricWarning] Precision is ill-defined and being set to 0.0 in labels with no predicted samples. Use `zero_division` parameter to control this behavior. (from /mnt/NVMETank/Projects/Students/Dele/A-STUDY-INTO-THE-QUALITY-AND-USABILITY-OF-PRIVACY-FRIENDLY-SYNTHETIC-DATA/.venv/lib/python3.12/site-packages/sklearn/metrics/_classification.py:1565)
2025-04-21 18:15:09,426 - WARNING - [UndefinedMetricWarning] Precision is ill-defined and being set to 0.0 in labels with no predicted samples. Use `zero_division` parameter to control this behavior. (from /mnt/NVMETank/Projects/Students/Dele/A-STUDY-INTO-THE-QUALITY-AND-USABILITY-OF-PRIVACY-FRIENDLY-SYNTHETIC-DATA/.venv/lib/python3.12/site-packages/sklearn/metrics/_classification.py:1565)
2025-04-21 18:15:09,575 - WARNING - [UndefinedMetricWarning] Precision is ill-defined and being set to 0.0 in labels with no predicted samples. Use `zero_division` parameter to control this behavior. (from /mnt/NVMETank/Projects/Students/Dele/A-STUDY-INTO-THE-QUALITY-AND-USABILITY-OF-PRIVACY-FRIENDLY-SYNTHETIC-DATA/.venv/lib/python3.12/site-packages/sklearn/metrics/_classification.py:1565)
2025-04-21 18:15:09,648 - WARNING -  Failed to compute AUC-ROC for LogisticRegression on CTGAN_HYBRID: Number of classes in y_true not equal to the number of columns in 'y_score'
2025-04-21 18:15:09,823 - WARNING -  Failed to compute LogLoss for LogisticRegression on CTGAN_HYBRID: y_true and y_pred contain different number of classes 5, 6. Please provide the true labels explicitly through the labels argument. Classes found in y_true: ['Adult Arrest' 'Adult Other' 'Invest Cont' 'Juv Arrest' 'Juv Other']
2025-04-21 18:15:09,943 - INFO - Computed 8 metric(s) for LogisticRegression on CTGAN_HYBRID
2025-04-21 18:15:09,943 - INFO - Evaluating LogisticRegression on GaussianCopula_HYBRID...
2025-04-21 18:15:09,989 - INFO - Predictions completed for LogisticRegression on GaussianCopula_HYBRID
2025-04-21 18:15:10,002 - INFO - Prediction distribution for LogisticRegression on GaussianCopula_HYBRID: {'Invest Cont': 64951, 'Juv Other': 150}
2025-04-21 18:15:10,233 - WARNING - [UndefinedMetricWarning] Precision is ill-defined and being set to 0.0 in labels with no predicted samples. Use `zero_division` parameter to control this behavior. (from /mnt/NVMETank/Projects/Students/Dele/A-STUDY-INTO-THE-QUALITY-AND-USABILITY-OF-PRIVACY-FRIENDLY-SYNTHETIC-DATA/.venv/lib/python3.12/site-packages/sklearn/metrics/_classification.py:1565)
2025-04-21 18:15:10,379 - WARNING - [UndefinedMetricWarning] Precision is ill-defined and being set to 0.0 in labels with no predicted samples. Use `zero_division` parameter to control this behavior. (from /mnt/NVMETank/Projects/Students/Dele/A-STUDY-INTO-THE-QUALITY-AND-USABILITY-OF-PRIVACY-FRIENDLY-SYNTHETIC-DATA/.venv/lib/python3.12/site-packages/sklearn/metrics/_classification.py:1565)
2025-04-21 18:15:10,525 - WARNING - [UndefinedMetricWarning] Precision is ill-defined and being set to 0.0 in labels with no predicted samples. Use `zero_division` parameter to control this behavior. (from /mnt/NVMETank/Projects/Students/Dele/A-STUDY-INTO-THE-QUALITY-AND-USABILITY-OF-PRIVACY-FRIENDLY-SYNTHETIC-DATA/.venv/lib/python3.12/site-packages/sklearn/metrics/_classification.py:1565)
2025-04-21 18:15:10,599 - WARNING -  Failed to compute AUC-ROC for LogisticRegression on GaussianCopula_HYBRID: Number of classes in y_true not equal to the number of columns in 'y_score'
2025-04-21 18:15:10,781 - WARNING -  Failed to compute LogLoss for LogisticRegression on GaussianCopula_HYBRID: y_true and y_pred contain different number of classes 5, 6. Please provide the true labels explicitly through the labels argument. Classes found in y_true: ['Adult Arrest' 'Adult Other' 'Invest Cont' 'Juv Arrest' 'Juv Other']
2025-04-21 18:15:10,897 - INFO - Computed 8 metric(s) for LogisticRegression on GaussianCopula_HYBRID
2025-04-21 18:15:10,897 - INFO - Evaluating LogisticRegression on TVAE_HYBRID...
2025-04-21 18:15:10,944 - INFO - Predictions completed for LogisticRegression on TVAE_HYBRID
2025-04-21 18:15:10,956 - INFO - Prediction distribution for LogisticRegression on TVAE_HYBRID: {'Invest Cont': 64581, 'Juv Other': 346, 'Juv Arrest': 174}
2025-04-21 18:15:11,182 - WARNING - [UndefinedMetricWarning] Precision is ill-defined and being set to 0.0 in labels with no predicted samples. Use `zero_division` parameter to control this behavior. (from /mnt/NVMETank/Projects/Students/Dele/A-STUDY-INTO-THE-QUALITY-AND-USABILITY-OF-PRIVACY-FRIENDLY-SYNTHETIC-DATA/.venv/lib/python3.12/site-packages/sklearn/metrics/_classification.py:1565)
2025-04-21 18:15:11,328 - WARNING - [UndefinedMetricWarning] Precision is ill-defined and being set to 0.0 in labels with no predicted samples. Use `zero_division` parameter to control this behavior. (from /mnt/NVMETank/Projects/Students/Dele/A-STUDY-INTO-THE-QUALITY-AND-USABILITY-OF-PRIVACY-FRIENDLY-SYNTHETIC-DATA/.venv/lib/python3.12/site-packages/sklearn/metrics/_classification.py:1565)
2025-04-21 18:15:11,476 - WARNING - [UndefinedMetricWarning] Precision is ill-defined and being set to 0.0 in labels with no predicted samples. Use `zero_division` parameter to control this behavior. (from /mnt/NVMETank/Projects/Students/Dele/A-STUDY-INTO-THE-QUALITY-AND-USABILITY-OF-PRIVACY-FRIENDLY-SYNTHETIC-DATA/.venv/lib/python3.12/site-packages/sklearn/metrics/_classification.py:1565)
2025-04-21 18:15:11,921 - INFO - Computed 8 metric(s) for LogisticRegression on TVAE_HYBRID
2025-04-21 18:15:11,921 - INFO - Preparing evaluation for model 'RandomForest' across all datasets...
2025-04-21 18:15:11,921 - INFO - Evaluating RandomForest on Original...
2025-04-21 18:15:17,887 - INFO - Predictions completed for RandomForest on Original
2025-04-21 18:15:17,890 - INFO - Prediction distribution for RandomForest on Original: {'Invest Cont': 50734, 'Adult Other': 11336, 'Adult Arrest': 2983, 'Juv Other': 24, 'Juv Arrest': 24}
2025-04-21 18:15:21,680 - WARNING -  Failed to compute AUC-ROC for RandomForest on Original: Number of classes in y_true not equal to the number of columns in 'y_score'
2025-04-21 18:15:25,152 - WARNING -  Failed to compute LogLoss for RandomForest on Original: y_true and y_pred contain different number of classes 5, 6. Please provide the true labels explicitly through the labels argument. Classes found in y_true: ['Adult Arrest' 'Adult Other' 'Invest Cont' 'Juv Arrest' 'Juv Other']
2025-04-21 18:15:25,270 - INFO - Computed 8 metric(s) for RandomForest on Original
2025-04-21 18:15:25,271 - INFO - Evaluating RandomForest on Anonymous...
2025-04-21 18:15:30,524 - INFO - Predictions completed for RandomForest on Anonymous
2025-04-21 18:15:30,527 - INFO - Prediction distribution for RandomForest on Anonymous: {'Invest Cont': 50366, 'Adult Other': 10068, 'Adult Arrest': 4588, 'Juv Other': 42, 'Juv Arrest': 37}
2025-04-21 18:15:33,740 - WARNING -  Failed to compute AUC-ROC for RandomForest on Anonymous: Number of classes in y_true not equal to the number of columns in 'y_score'
2025-04-21 18:15:36,539 - WARNING -  Failed to compute LogLoss for RandomForest on Anonymous: y_true and y_pred contain different number of classes 5, 6. Please provide the true labels explicitly through the labels argument. Classes found in y_true: ['Adult Arrest' 'Adult Other' 'Invest Cont' 'Juv Arrest' 'Juv Other']
2025-04-21 18:15:36,656 - INFO - Computed 8 metric(s) for RandomForest on Anonymous
2025-04-21 18:15:36,657 - INFO - Evaluating RandomForest on CTGAN_HYBRID...
2025-04-21 18:15:38,065 - INFO - Predictions completed for RandomForest on CTGAN_HYBRID
2025-04-21 18:15:38,068 - INFO - Prediction distribution for RandomForest on CTGAN_HYBRID: {'Invest Cont': 59220, 'Adult Other': 5784, 'Adult Arrest': 97}
2025-04-21 18:15:38,245 - WARNING - [UndefinedMetricWarning] Precision is ill-defined and being set to 0.0 in labels with no predicted samples. Use `zero_division` parameter to control this behavior. (from /mnt/NVMETank/Projects/Students/Dele/A-STUDY-INTO-THE-QUALITY-AND-USABILITY-OF-PRIVACY-FRIENDLY-SYNTHETIC-DATA/.venv/lib/python3.12/site-packages/sklearn/metrics/_classification.py:1565)
2025-04-21 18:15:38,393 - WARNING - [UndefinedMetricWarning] Precision is ill-defined and being set to 0.0 in labels with no predicted samples. Use `zero_division` parameter to control this behavior. (from /mnt/NVMETank/Projects/Students/Dele/A-STUDY-INTO-THE-QUALITY-AND-USABILITY-OF-PRIVACY-FRIENDLY-SYNTHETIC-DATA/.venv/lib/python3.12/site-packages/sklearn/metrics/_classification.py:1565)
2025-04-21 18:15:38,541 - WARNING - [UndefinedMetricWarning] Precision is ill-defined and being set to 0.0 in labels with no predicted samples. Use `zero_division` parameter to control this behavior. (from /mnt/NVMETank/Projects/Students/Dele/A-STUDY-INTO-THE-QUALITY-AND-USABILITY-OF-PRIVACY-FRIENDLY-SYNTHETIC-DATA/.venv/lib/python3.12/site-packages/sklearn/metrics/_classification.py:1565)
2025-04-21 18:15:39,916 - WARNING -  Failed to compute AUC-ROC for RandomForest on CTGAN_HYBRID: Number of classes in y_true not equal to the number of columns in 'y_score'
2025-04-21 18:15:41,383 - WARNING -  Failed to compute LogLoss for RandomForest on CTGAN_HYBRID: y_true and y_pred contain different number of classes 5, 6. Please provide the true labels explicitly through the labels argument. Classes found in y_true: ['Adult Arrest' 'Adult Other' 'Invest Cont' 'Juv Arrest' 'Juv Other']
2025-04-21 18:15:41,499 - INFO - Computed 8 metric(s) for RandomForest on CTGAN_HYBRID
2025-04-21 18:15:41,500 - INFO - Evaluating RandomForest on GaussianCopula_HYBRID...
2025-04-21 18:15:42,729 - INFO - Predictions completed for RandomForest on GaussianCopula_HYBRID
2025-04-21 18:15:42,732 - INFO - Prediction distribution for RandomForest on GaussianCopula_HYBRID: {'Invest Cont': 57879, 'Adult Other': 6031, 'Adult Arrest': 1191}
2025-04-21 18:15:42,914 - WARNING - [UndefinedMetricWarning] Precision is ill-defined and being set to 0.0 in labels with no predicted samples. Use `zero_division` parameter to control this behavior. (from /mnt/NVMETank/Projects/Students/Dele/A-STUDY-INTO-THE-QUALITY-AND-USABILITY-OF-PRIVACY-FRIENDLY-SYNTHETIC-DATA/.venv/lib/python3.12/site-packages/sklearn/metrics/_classification.py:1565)
2025-04-21 18:15:43,061 - WARNING - [UndefinedMetricWarning] Precision is ill-defined and being set to 0.0 in labels with no predicted samples. Use `zero_division` parameter to control this behavior. (from /mnt/NVMETank/Projects/Students/Dele/A-STUDY-INTO-THE-QUALITY-AND-USABILITY-OF-PRIVACY-FRIENDLY-SYNTHETIC-DATA/.venv/lib/python3.12/site-packages/sklearn/metrics/_classification.py:1565)
2025-04-21 18:15:43,208 - WARNING - [UndefinedMetricWarning] Precision is ill-defined and being set to 0.0 in labels with no predicted samples. Use `zero_division` parameter to control this behavior. (from /mnt/NVMETank/Projects/Students/Dele/A-STUDY-INTO-THE-QUALITY-AND-USABILITY-OF-PRIVACY-FRIENDLY-SYNTHETIC-DATA/.venv/lib/python3.12/site-packages/sklearn/metrics/_classification.py:1565)
2025-04-21 18:15:44,407 - WARNING -  Failed to compute AUC-ROC for RandomForest on GaussianCopula_HYBRID: Number of classes in y_true not equal to the number of columns in 'y_score'
2025-04-21 18:15:45,729 - WARNING -  Failed to compute LogLoss for RandomForest on GaussianCopula_HYBRID: y_true and y_pred contain different number of classes 5, 6. Please provide the true labels explicitly through the labels argument. Classes found in y_true: ['Adult Arrest' 'Adult Other' 'Invest Cont' 'Juv Arrest' 'Juv Other']
2025-04-21 18:15:45,846 - INFO - Computed 8 metric(s) for RandomForest on GaussianCopula_HYBRID
2025-04-21 18:15:45,846 - INFO - Evaluating RandomForest on TVAE_HYBRID...
2025-04-21 18:15:47,159 - INFO - Predictions completed for RandomForest on TVAE_HYBRID
2025-04-21 18:15:47,162 - INFO - Prediction distribution for RandomForest on TVAE_HYBRID: {'Invest Cont': 55797, 'Adult Other': 7733, 'Adult Arrest': 1569, 'Juv Arrest': 2}
2025-04-21 18:15:47,347 - WARNING - [UndefinedMetricWarning] Precision is ill-defined and being set to 0.0 in labels with no predicted samples. Use `zero_division` parameter to control this behavior. (from /mnt/NVMETank/Projects/Students/Dele/A-STUDY-INTO-THE-QUALITY-AND-USABILITY-OF-PRIVACY-FRIENDLY-SYNTHETIC-DATA/.venv/lib/python3.12/site-packages/sklearn/metrics/_classification.py:1565)
2025-04-21 18:15:47,493 - WARNING - [UndefinedMetricWarning] Precision is ill-defined and being set to 0.0 in labels with no predicted samples. Use `zero_division` parameter to control this behavior. (from /mnt/NVMETank/Projects/Students/Dele/A-STUDY-INTO-THE-QUALITY-AND-USABILITY-OF-PRIVACY-FRIENDLY-SYNTHETIC-DATA/.venv/lib/python3.12/site-packages/sklearn/metrics/_classification.py:1565)
2025-04-21 18:15:47,639 - WARNING - [UndefinedMetricWarning] Precision is ill-defined and being set to 0.0 in labels with no predicted samples. Use `zero_division` parameter to control this behavior. (from /mnt/NVMETank/Projects/Students/Dele/A-STUDY-INTO-THE-QUALITY-AND-USABILITY-OF-PRIVACY-FRIENDLY-SYNTHETIC-DATA/.venv/lib/python3.12/site-packages/sklearn/metrics/_classification.py:1565)
2025-04-21 18:15:50,697 - INFO - Computed 8 metric(s) for RandomForest on TVAE_HYBRID
2025-04-21 18:15:50,697 - INFO - Preparing evaluation for model 'SVM' across all datasets...
2025-04-21 18:15:50,697 - INFO - Evaluating SVM on Original...
2025-04-21 18:28:21,365 - INFO - Predictions completed for SVM on Original
2025-04-21 18:28:21,369 - INFO - Prediction distribution for SVM on Original: {'Invest Cont': 65101}
2025-04-21 18:28:21,370 - WARNING -  [WARNING] :SVM on Original predicted only one class: {'Invest Cont'}
2025-04-21 18:28:21,557 - WARNING - [UndefinedMetricWarning] Precision is ill-defined and being set to 0.0 in labels with no predicted samples. Use `zero_division` parameter to control this behavior. (from /mnt/NVMETank/Projects/Students/Dele/A-STUDY-INTO-THE-QUALITY-AND-USABILITY-OF-PRIVACY-FRIENDLY-SYNTHETIC-DATA/.venv/lib/python3.12/site-packages/sklearn/metrics/_classification.py:1565)
2025-04-21 18:28:21,707 - WARNING - [UndefinedMetricWarning] Precision is ill-defined and being set to 0.0 in labels with no predicted samples. Use `zero_division` parameter to control this behavior. (from /mnt/NVMETank/Projects/Students/Dele/A-STUDY-INTO-THE-QUALITY-AND-USABILITY-OF-PRIVACY-FRIENDLY-SYNTHETIC-DATA/.venv/lib/python3.12/site-packages/sklearn/metrics/_classification.py:1565)
2025-04-21 18:28:21,856 - WARNING - [UndefinedMetricWarning] Precision is ill-defined and being set to 0.0 in labels with no predicted samples. Use `zero_division` parameter to control this behavior. (from /mnt/NVMETank/Projects/Students/Dele/A-STUDY-INTO-THE-QUALITY-AND-USABILITY-OF-PRIVACY-FRIENDLY-SYNTHETIC-DATA/.venv/lib/python3.12/site-packages/sklearn/metrics/_classification.py:1565)
2025-04-21 18:28:21,974 - INFO - Computed 8 metric(s) for SVM on Original
2025-04-21 18:28:21,974 - INFO - Evaluating SVM on Anonymous...
2025-04-21 18:39:47,392 - INFO - Predictions completed for SVM on Anonymous
2025-04-21 18:39:47,395 - INFO - Prediction distribution for SVM on Anonymous: {'Invest Cont': 65101}
2025-04-21 18:39:47,396 - WARNING -  [WARNING] :SVM on Anonymous predicted only one class: {'Invest Cont'}
2025-04-21 18:39:47,583 - WARNING - [UndefinedMetricWarning] Precision is ill-defined and being set to 0.0 in labels with no predicted samples. Use `zero_division` parameter to control this behavior. (from /mnt/NVMETank/Projects/Students/Dele/A-STUDY-INTO-THE-QUALITY-AND-USABILITY-OF-PRIVACY-FRIENDLY-SYNTHETIC-DATA/.venv/lib/python3.12/site-packages/sklearn/metrics/_classification.py:1565)
2025-04-21 18:39:47,741 - WARNING - [UndefinedMetricWarning] Precision is ill-defined and being set to 0.0 in labels with no predicted samples. Use `zero_division` parameter to control this behavior. (from /mnt/NVMETank/Projects/Students/Dele/A-STUDY-INTO-THE-QUALITY-AND-USABILITY-OF-PRIVACY-FRIENDLY-SYNTHETIC-DATA/.venv/lib/python3.12/site-packages/sklearn/metrics/_classification.py:1565)
2025-04-21 18:39:47,901 - WARNING - [UndefinedMetricWarning] Precision is ill-defined and being set to 0.0 in labels with no predicted samples. Use `zero_division` parameter to control this behavior. (from /mnt/NVMETank/Projects/Students/Dele/A-STUDY-INTO-THE-QUALITY-AND-USABILITY-OF-PRIVACY-FRIENDLY-SYNTHETIC-DATA/.venv/lib/python3.12/site-packages/sklearn/metrics/_classification.py:1565)
2025-04-21 18:39:48,018 - INFO - Computed 8 metric(s) for SVM on Anonymous
2025-04-21 18:39:48,019 - INFO - Evaluating SVM on CTGAN_HYBRID...
2025-04-21 18:48:15,311 - INFO - Predictions completed for SVM on CTGAN_HYBRID
2025-04-21 18:48:15,314 - INFO - Prediction distribution for SVM on CTGAN_HYBRID: {'Invest Cont': 65101}
2025-04-21 18:48:15,316 - WARNING -  [WARNING] :SVM on CTGAN_HYBRID predicted only one class: {'Invest Cont'}
2025-04-21 18:48:15,498 - WARNING - [UndefinedMetricWarning] Precision is ill-defined and being set to 0.0 in labels with no predicted samples. Use `zero_division` parameter to control this behavior. (from /mnt/NVMETank/Projects/Students/Dele/A-STUDY-INTO-THE-QUALITY-AND-USABILITY-OF-PRIVACY-FRIENDLY-SYNTHETIC-DATA/.venv/lib/python3.12/site-packages/sklearn/metrics/_classification.py:1565)
2025-04-21 18:48:15,644 - WARNING - [UndefinedMetricWarning] Precision is ill-defined and being set to 0.0 in labels with no predicted samples. Use `zero_division` parameter to control this behavior. (from /mnt/NVMETank/Projects/Students/Dele/A-STUDY-INTO-THE-QUALITY-AND-USABILITY-OF-PRIVACY-FRIENDLY-SYNTHETIC-DATA/.venv/lib/python3.12/site-packages/sklearn/metrics/_classification.py:1565)
2025-04-21 18:48:15,791 - WARNING - [UndefinedMetricWarning] Precision is ill-defined and being set to 0.0 in labels with no predicted samples. Use `zero_division` parameter to control this behavior. (from /mnt/NVMETank/Projects/Students/Dele/A-STUDY-INTO-THE-QUALITY-AND-USABILITY-OF-PRIVACY-FRIENDLY-SYNTHETIC-DATA/.venv/lib/python3.12/site-packages/sklearn/metrics/_classification.py:1565)
2025-04-21 18:48:15,904 - INFO - Computed 8 metric(s) for SVM on CTGAN_HYBRID
2025-04-21 18:48:15,904 - INFO - Evaluating SVM on GaussianCopula_HYBRID...
2025-04-21 19:00:57,991 - INFO - Predictions completed for SVM on GaussianCopula_HYBRID
2025-04-21 19:00:57,994 - INFO - Prediction distribution for SVM on GaussianCopula_HYBRID: {'Invest Cont': 65101}
2025-04-21 19:00:57,996 - WARNING -  [WARNING] :SVM on GaussianCopula_HYBRID predicted only one class: {'Invest Cont'}
2025-04-21 19:00:58,170 - WARNING - [UndefinedMetricWarning] Precision is ill-defined and being set to 0.0 in labels with no predicted samples. Use `zero_division` parameter to control this behavior. (from /mnt/NVMETank/Projects/Students/Dele/A-STUDY-INTO-THE-QUALITY-AND-USABILITY-OF-PRIVACY-FRIENDLY-SYNTHETIC-DATA/.venv/lib/python3.12/site-packages/sklearn/metrics/_classification.py:1565)
2025-04-21 19:00:58,317 - WARNING - [UndefinedMetricWarning] Precision is ill-defined and being set to 0.0 in labels with no predicted samples. Use `zero_division` parameter to control this behavior. (from /mnt/NVMETank/Projects/Students/Dele/A-STUDY-INTO-THE-QUALITY-AND-USABILITY-OF-PRIVACY-FRIENDLY-SYNTHETIC-DATA/.venv/lib/python3.12/site-packages/sklearn/metrics/_classification.py:1565)
2025-04-21 19:00:58,463 - WARNING - [UndefinedMetricWarning] Precision is ill-defined and being set to 0.0 in labels with no predicted samples. Use `zero_division` parameter to control this behavior. (from /mnt/NVMETank/Projects/Students/Dele/A-STUDY-INTO-THE-QUALITY-AND-USABILITY-OF-PRIVACY-FRIENDLY-SYNTHETIC-DATA/.venv/lib/python3.12/site-packages/sklearn/metrics/_classification.py:1565)
2025-04-21 19:00:58,578 - INFO - Computed 8 metric(s) for SVM on GaussianCopula_HYBRID
2025-04-21 19:00:58,578 - INFO - Evaluating SVM on TVAE_HYBRID...
2025-04-21 19:11:49,140 - INFO - Predictions completed for SVM on TVAE_HYBRID
2025-04-21 19:11:49,144 - INFO - Prediction distribution for SVM on TVAE_HYBRID: {'Invest Cont': 65101}
2025-04-21 19:11:49,146 - WARNING -  [WARNING] :SVM on TVAE_HYBRID predicted only one class: {'Invest Cont'}
2025-04-21 19:11:49,329 - WARNING - [UndefinedMetricWarning] Precision is ill-defined and being set to 0.0 in labels with no predicted samples. Use `zero_division` parameter to control this behavior. (from /mnt/NVMETank/Projects/Students/Dele/A-STUDY-INTO-THE-QUALITY-AND-USABILITY-OF-PRIVACY-FRIENDLY-SYNTHETIC-DATA/.venv/lib/python3.12/site-packages/sklearn/metrics/_classification.py:1565)
2025-04-21 19:11:49,475 - WARNING - [UndefinedMetricWarning] Precision is ill-defined and being set to 0.0 in labels with no predicted samples. Use `zero_division` parameter to control this behavior. (from /mnt/NVMETank/Projects/Students/Dele/A-STUDY-INTO-THE-QUALITY-AND-USABILITY-OF-PRIVACY-FRIENDLY-SYNTHETIC-DATA/.venv/lib/python3.12/site-packages/sklearn/metrics/_classification.py:1565)
2025-04-21 19:11:49,622 - WARNING - [UndefinedMetricWarning] Precision is ill-defined and being set to 0.0 in labels with no predicted samples. Use `zero_division` parameter to control this behavior. (from /mnt/NVMETank/Projects/Students/Dele/A-STUDY-INTO-THE-QUALITY-AND-USABILITY-OF-PRIVACY-FRIENDLY-SYNTHETIC-DATA/.venv/lib/python3.12/site-packages/sklearn/metrics/_classification.py:1565)
2025-04-21 19:11:49,736 - INFO - Computed 8 metric(s) for SVM on TVAE_HYBRID
2025-04-21 19:11:49,745 - INFO - Evaluation completed for all models.
2025-04-21 19:11:49,745 - INFO - Model evaluation completed in 3531.78 seconds.
2025-04-21 19:11:49,754 - INFO - Evaluated models: ['DecisionTree', 'KNN', 'LogisticRegression', 'RandomForest', 'SVM']
2025-04-21 19:11:49,754 - INFO - Model Training and Evaluation completed.
2025-04-21 19:11:50,434 - INFO -  Visualizations saved.
2025-04-21 19:11:50,434 - INFO -  Benchmarking Completed. Results saved in output folder.
2025-04-21 19:11:50,587 - INFO - Deleted anonymized file: /mnt/NVMETank/Projects/Students/Dele/A-STUDY-INTO-THE-QUALITY-AND-USABILITY-OF-PRIVACY-FRIENDLY-SYNTHETIC-DATA/datasets/anonymized/crimeData_k5_l2_sup30_anonymized.csv
2025-04-21 19:11:50,587 - INFO - Deleted anonymized file: /mnt/NVMETank/Projects/Students/Dele/A-STUDY-INTO-THE-QUALITY-AND-USABILITY-OF-PRIVACY-FRIENDLY-SYNTHETIC-DATA/datasets/anonymized/crimeData_k10_l2_sup30_anonymized_processed.csv
2025-04-21 19:11:50,588 - INFO - Deleted anonymized file: /mnt/NVMETank/Projects/Students/Dele/A-STUDY-INTO-THE-QUALITY-AND-USABILITY-OF-PRIVACY-FRIENDLY-SYNTHETIC-DATA/datasets/anonymized/crimeData_k5_l2_sup10_anonymized_encoded.csv
2025-04-21 19:11:50,588 - INFO - Deleted anonymized file: /mnt/NVMETank/Projects/Students/Dele/A-STUDY-INTO-THE-QUALITY-AND-USABILITY-OF-PRIVACY-FRIENDLY-SYNTHETIC-DATA/datasets/anonymized/crimeData_k10_l2_sup10_anonymized.csv
2025-04-21 19:11:50,588 - INFO - Deleted anonymized file: /mnt/NVMETank/Projects/Students/Dele/A-STUDY-INTO-THE-QUALITY-AND-USABILITY-OF-PRIVACY-FRIENDLY-SYNTHETIC-DATA/datasets/anonymized/crimeData_k5_l2_sup50_anonymized_encoded.csv
2025-04-21 19:11:50,588 - INFO - Deleted anonymized file: /mnt/NVMETank/Projects/Students/Dele/A-STUDY-INTO-THE-QUALITY-AND-USABILITY-OF-PRIVACY-FRIENDLY-SYNTHETIC-DATA/datasets/anonymized/crimeData_k10_l2_sup10_anonymized_encoded.csv
2025-04-21 19:11:50,589 - INFO - Deleted anonymized file: /mnt/NVMETank/Projects/Students/Dele/A-STUDY-INTO-THE-QUALITY-AND-USABILITY-OF-PRIVACY-FRIENDLY-SYNTHETIC-DATA/datasets/anonymized/crimeData_k20_l2_sup10_anonymized.csv
2025-04-21 19:11:50,589 - INFO - Deleted anonymized file: /mnt/NVMETank/Projects/Students/Dele/A-STUDY-INTO-THE-QUALITY-AND-USABILITY-OF-PRIVACY-FRIENDLY-SYNTHETIC-DATA/datasets/anonymized/crimeData_k5_l2_sup30_anonymized_processed.csv
2025-04-21 19:11:50,589 - INFO - Deleted anonymized file: /mnt/NVMETank/Projects/Students/Dele/A-STUDY-INTO-THE-QUALITY-AND-USABILITY-OF-PRIVACY-FRIENDLY-SYNTHETIC-DATA/datasets/anonymized/crimeData_k5_l2_sup10_anonymized.csv
2025-04-21 19:11:50,589 - INFO - Deleted anonymized file: /mnt/NVMETank/Projects/Students/Dele/A-STUDY-INTO-THE-QUALITY-AND-USABILITY-OF-PRIVACY-FRIENDLY-SYNTHETIC-DATA/datasets/anonymized/crimeData_k20_l2_sup50_anonymized_processed.csv
2025-04-21 19:11:50,589 - INFO - Deleted anonymized file: /mnt/NVMETank/Projects/Students/Dele/A-STUDY-INTO-THE-QUALITY-AND-USABILITY-OF-PRIVACY-FRIENDLY-SYNTHETIC-DATA/datasets/anonymized/crimeData_k10_l2_sup20_anonymized_encoded.csv
2025-04-21 19:11:50,590 - INFO - Deleted anonymized file: /mnt/NVMETank/Projects/Students/Dele/A-STUDY-INTO-THE-QUALITY-AND-USABILITY-OF-PRIVACY-FRIENDLY-SYNTHETIC-DATA/datasets/anonymized/crimeData_k10_l2_sup20_anonymized.csv
2025-04-21 19:11:50,590 - INFO - Deleted anonymized file: /mnt/NVMETank/Projects/Students/Dele/A-STUDY-INTO-THE-QUALITY-AND-USABILITY-OF-PRIVACY-FRIENDLY-SYNTHETIC-DATA/datasets/anonymized/crimeData_k5_l2_sup01_anonymized_processed.csv
2025-04-21 19:11:50,590 - INFO - Deleted anonymized file: /mnt/NVMETank/Projects/Students/Dele/A-STUDY-INTO-THE-QUALITY-AND-USABILITY-OF-PRIVACY-FRIENDLY-SYNTHETIC-DATA/datasets/anonymized/crimeData_k5_l2_sup50_anonymized_processed.csv
2025-04-21 19:11:50,590 - INFO - Deleted anonymized file: /mnt/NVMETank/Projects/Students/Dele/A-STUDY-INTO-THE-QUALITY-AND-USABILITY-OF-PRIVACY-FRIENDLY-SYNTHETIC-DATA/datasets/anonymized/crimeData_k10_l2_sup30_anonymized.csv
2025-04-21 19:11:50,590 - INFO - Deleted anonymized file: /mnt/NVMETank/Projects/Students/Dele/A-STUDY-INTO-THE-QUALITY-AND-USABILITY-OF-PRIVACY-FRIENDLY-SYNTHETIC-DATA/datasets/anonymized/crimeData_k5_l2_sup01_anonymized.csv
2025-04-21 19:11:50,590 - INFO - Deleted anonymized file: /mnt/NVMETank/Projects/Students/Dele/A-STUDY-INTO-THE-QUALITY-AND-USABILITY-OF-PRIVACY-FRIENDLY-SYNTHETIC-DATA/datasets/anonymized/crimeData_k20_l2_sup50_anonymized.csv
2025-04-21 19:11:50,591 - INFO - Deleted anonymized file: /mnt/NVMETank/Projects/Students/Dele/A-STUDY-INTO-THE-QUALITY-AND-USABILITY-OF-PRIVACY-FRIENDLY-SYNTHETIC-DATA/datasets/anonymized/crimeData_k20_l2_sup10_anonymized_encoded.csv
2025-04-21 19:11:50,591 - INFO - Deleted anonymized file: /mnt/NVMETank/Projects/Students/Dele/A-STUDY-INTO-THE-QUALITY-AND-USABILITY-OF-PRIVACY-FRIENDLY-SYNTHETIC-DATA/datasets/anonymized/crimeData_k20_l2_sup50_anonymized_encoded.csv
2025-04-21 19:11:50,591 - INFO - Deleted anonymized file: /mnt/NVMETank/Projects/Students/Dele/A-STUDY-INTO-THE-QUALITY-AND-USABILITY-OF-PRIVACY-FRIENDLY-SYNTHETIC-DATA/datasets/anonymized/crimeData_k10_l2_sup20_anonymized_processed.csv
2025-04-21 19:11:50,591 - INFO - Deleted anonymized file: /mnt/NVMETank/Projects/Students/Dele/A-STUDY-INTO-THE-QUALITY-AND-USABILITY-OF-PRIVACY-FRIENDLY-SYNTHETIC-DATA/datasets/anonymized/crimeData_k10_l2_sup10_anonymized_processed.csv
2025-04-21 19:11:50,591 - INFO - Deleted anonymized file: /mnt/NVMETank/Projects/Students/Dele/A-STUDY-INTO-THE-QUALITY-AND-USABILITY-OF-PRIVACY-FRIENDLY-SYNTHETIC-DATA/datasets/anonymized/crimeData_k5_l2_sup01_anonymized_encoded.csv
2025-04-21 19:11:50,592 - INFO - Deleted anonymized file: /mnt/NVMETank/Projects/Students/Dele/A-STUDY-INTO-THE-QUALITY-AND-USABILITY-OF-PRIVACY-FRIENDLY-SYNTHETIC-DATA/datasets/anonymized/crimeData_k5_l2_sup10_anonymized_processed.csv
2025-04-21 19:11:50,592 - INFO - Deleted anonymized file: /mnt/NVMETank/Projects/Students/Dele/A-STUDY-INTO-THE-QUALITY-AND-USABILITY-OF-PRIVACY-FRIENDLY-SYNTHETIC-DATA/datasets/anonymized/crimeData_k5_l2_sup30_anonymized_encoded.csv
2025-04-21 19:11:50,592 - INFO - Deleted anonymized file: /mnt/NVMETank/Projects/Students/Dele/A-STUDY-INTO-THE-QUALITY-AND-USABILITY-OF-PRIVACY-FRIENDLY-SYNTHETIC-DATA/datasets/anonymized/crimeData_k20_l2_sup10_anonymized_processed.csv
2025-04-21 19:11:50,592 - INFO - Deleted anonymized file: /mnt/NVMETank/Projects/Students/Dele/A-STUDY-INTO-THE-QUALITY-AND-USABILITY-OF-PRIVACY-FRIENDLY-SYNTHETIC-DATA/datasets/anonymized/crimeData_k10_l2_sup30_anonymized_encoded.csv
2025-04-21 19:11:50,592 - INFO - Deleted anonymized file: /mnt/NVMETank/Projects/Students/Dele/A-STUDY-INTO-THE-QUALITY-AND-USABILITY-OF-PRIVACY-FRIENDLY-SYNTHETIC-DATA/datasets/anonymized/crimeData_k5_l2_sup50_anonymized.csv
