Marital status,Application mode,Application order,Course,Daytime/evening attendance	,Previous qualification,Previous qualification (grade),Nacionality,Mother's qualification,Father's qualification,Mother's occupation,Father's occupation,Admission grade,Displaced,Educational special needs,Debtor,Tuition fees up to date,Gender,Scholarship holder,Age at enrollment,International,Curricular units 1st sem (credited),Curricular units 1st sem (enrolled),Curricular units 1st sem (evaluations),Curricular units 1st sem (approved),Curricular units 1st sem (grade),Curricular units 1st sem (without evaluations),Curricular units 2nd sem (credited),Curricular units 2nd sem (enrolled),Curricular units 2nd sem (evaluations),Curricular units 2nd sem (approved),Curricular units 2nd sem (grade),Curricular units 2nd sem (without evaluations),Unemployment rate,Inflation rate,GDP,Target
1,19,1,9018,1,1,124.1,1,5,36,8,12,125.6,1,0,0,1,1,0,17,0,0,7,7,5,11.515697193629277,0,1,6,7,6,15.239135652894598,0,7.9,3.7,0.94,Graduate
2,42,1,9595,0,40,121.0,1,36,39,2,3,149.2,0,0,0,0,1,0,22,0,9,6,5,7,8.556210870567696,0,0,5,8,5,0.0,0,12.6,-0.2,1.39,Dropout
1,3,2,9039,1,1,135.0,1,1,1,5,8,121.3,1,0,0,1,0,1,17,0,0,7,9,6,15.848226751857428,0,0,6,8,6,14.922858621038191,0,12.6,0.9,1.6,Graduate
4,41,1,9163,0,16,132.3,1,35,37,7,12,125.2,0,0,0,0,1,0,19,0,0,5,4,0,0.0,0,0,5,0,0,0.0,0,16.2,3.0,0.45,Dropout
1,19,1,9127,1,1,129.1,1,37,17,7,6,122.8,1,0,0,1,0,1,17,0,0,6,8,5,12.538942876056861,0,0,16,11,6,13.920042632587815,0,13.0,1.5,2.07,Graduate
1,16,1,9086,0,1,135.3,1,37,39,10,5,124.8,0,0,0,1,1,0,22,0,0,5,14,1,0.0,0,0,14,4,0,0.0,0,10.7,-0.5,-3.37,Dropout
1,1,1,8793,0,1,149.3,1,39,36,10,10,130.3,0,0,0,1,0,0,20,0,0,5,18,5,11.060084923814273,0,0,6,14,8,13.6287116395672,2,16.2,2.3,-3.51,Dropout
6,18,1,9991,1,1,120.8,1,3,37,10,2,126.6,0,0,0,1,0,0,19,0,0,5,7,0,9.408403410673928,0,8,5,7,4,12.40143523757931,7,8.0,1.5,1.46,Dropout
1,4,1,9159,1,1,140.2,1,38,32,11,5,124.2,0,0,0,1,0,0,19,0,0,11,6,0,11.749091500143575,0,0,8,7,8,16.10330716010089,0,7.8,1.5,2.0,Enrolled
1,18,1,9549,0,2,129.7,1,37,37,5,9,113.5,1,0,1,0,0,0,47,0,0,6,8,7,0.35445054739877346,0,0,13,8,12,0.0,4,15.8,1.5,-1.93,Dropout
1,57,2,9991,1,1,129.9,1,35,39,1,5,130.4,1,0,0,1,0,0,18,1,0,5,0,7,10.67896638903305,0,0,8,8,5,11.591784834098956,0,9.2,-0.2,-1.01,Enrolled
1,14,1,9034,1,2,149.7,1,1,36,10,0,111.3,1,0,0,1,0,0,22,0,7,0,15,0,13.895226555863527,0,14,8,16,9,10.898293575793737,3,11.2,3.0,0.59,Dropout
1,16,1,8946,1,40,154.0,1,1,35,8,0,145.1,1,0,0,1,1,0,21,0,0,6,5,5,15.666588221657435,0,0,5,10,6,11.253425701409153,0,12.8,0.3,0.37,Dropout
1,38,3,9563,1,1,138.3,1,37,2,8,5,115.4,1,0,0,1,0,1,18,0,0,8,11,7,16.52961739766424,0,0,7,5,6,11.826499103060875,0,13.9,-0.5,-2.11,Graduate
1,18,1,9137,1,17,133.6,1,18,3,10,175,173.6,0,0,0,1,0,0,19,0,1,6,14,6,11.888616800410798,0,0,5,7,2,0.0,0,7.6,3.7,-3.5,Dropout
1,2,4,9527,1,1,126.3,1,1,1,10,9,132.0,0,0,1,1,0,1,18,0,0,5,7,2,12.106098074844239,0,0,8,7,6,10.971887752184786,0,11.2,1.5,0.95,Graduate
1,20,1,9265,1,1,142.5,1,1,38,7,5,121.3,0,0,0,1,0,0,18,0,0,6,8,6,14.444985718744642,0,0,8,6,6,10.744517860244589,0,12.3,1.6,-0.73,Graduate
1,17,3,7481,0,1,142.1,1,37,38,3,8,123.5,1,0,0,1,0,1,17,0,3,6,7,7,13.565696055775256,0,1,1,5,6,14.914390793703427,0,12.7,1.5,0.53,Enrolled
1,1,1,9788,1,1,142.3,1,35,36,10,5,131.5,1,0,0,1,0,0,17,0,0,12,4,5,14.282066434781326,2,0,8,11,7,13.477130930513065,0,8.0,0.9,-0.95,Graduate
1,12,2,9134,1,24,119.5,1,1,5,11,11,116.6,0,0,0,1,0,0,23,0,0,6,18,2,9.584891816898043,0,0,8,6,4,11.445873566404275,12,14.0,-0.1,-1.97,Enrolled
1,18,1,9093,1,1,127.4,1,33,2,9,10,130.0,0,0,1,1,0,0,18,0,0,7,6,7,11.173661061888684,0,2,13,14,14,14.322617345642387,0,7.9,2.8,0.16,Dropout
2,40,5,9008,1,43,152.8,1,36,38,2,4,114.0,0,0,0,1,1,0,40,0,7,5,5,2,0.0,0,0,22,10,0,0.40277735136469434,0,8.2,1.4,0.18,Dropout
1,1,3,9446,1,1,137.2,1,3,38,11,12,130.6,1,0,0,1,0,0,18,0,0,13,7,5,10.13797774446027,0,0,8,7,9,15.22087888397056,0,9.3,3.7,-1.58,Graduate
1,18,3,9318,1,1,139.7,1,1,35,4,6,125.2,1,0,0,1,0,1,17,0,0,7,7,7,14.03259264178086,0,0,8,9,8,12.341396575827071,0,14.2,0.9,1.58,Graduate
1,19,1,9129,1,1,116.7,1,19,1,8,2,122.9,1,0,0,1,0,0,19,0,0,6,7,6,13.202739896036789,0,0,8,9,2,16.398390364991222,0,10.8,3.7,0.32,Dropout
1,18,2,9044,1,1,129.9,1,36,38,8,4,125.8,1,0,0,1,0,1,18,0,0,7,7,6,13.728659482473585,0,0,8,7,7,15.346343313700173,0,16.2,0.4,1.47,Graduate
2,39,1,9012,1,1,166.8,1,36,37,10,10,111.4,1,0,0,0,1,0,41,0,0,6,6,5,0.0,2,1,5,8,0,0.05400375163690682,0,16.2,0.5,3.27,Dropout
1,17,1,8969,1,1,108.8,1,1,4,3,4,108.6,0,0,0,1,0,0,17,0,0,7,7,7,9.652737258980961,0,0,4,9,0,14.297673406491759,0,12.7,3.7,3.51,Graduate
1,18,2,9233,1,1,132.2,1,36,35,10,10,122.3,1,0,0,1,0,1,18,0,0,4,7,5,0.0,0,0,8,7,8,9.871965847023219,0,13.9,0.9,-4.06,Graduate
1,38,1,8914,1,1,133.4,1,38,4,10,195,151.5,0,0,1,0,0,0,17,0,0,5,8,2,11.055179656057819,0,0,14,10,0,12.215028463438998,0,9.1,0.6,0.58,Enrolled
2,16,3,9271,1,1,129.9,1,38,37,2,3,105.5,1,0,0,1,0,0,20,0,0,6,7,7,10.826461664464727,0,0,5,9,7,12.869777474325902,0,9.7,0.3,-1.88,Graduate
1,12,1,9036,1,40,129.9,1,38,36,11,3,104.0,0,0,0,1,0,0,21,0,0,18,7,0,12.152742759274789,0,3,5,5,2,11.47419459324753,0,13.7,-0.5,1.64,Dropout
2,3,5,9528,0,1,141.8,1,36,1,10,4,116.5,0,0,1,0,1,0,23,0,0,5,10,1,0.0,1,0,12,0,0,0.0,5,16.2,3.6,0.36,Dropout
1,1,4,9187,1,1,150.9,1,1,19,4,9,125.8,1,0,0,1,0,0,17,0,0,7,8,7,11.276335495451125,0,0,6,9,6,15.693213810851582,0,13.0,0.6,2.04,Graduate
1,36,1,8575,1,1,159.5,1,37,19,11,6,114.9,0,0,0,1,0,0,19,0,0,5,0,0,9.030299061208106,0,0,6,12,0,12.756255582941082,0,11.1,-0.3,1.65,Enrolled
1,2,1,8988,1,11,148.6,1,39,37,8,84,151.7,0,0,0,1,1,0,26,0,0,5,17,2,9.313928296539947,0,0,6,9,0,11.400726013505254,2,8.2,1.5,1.83,Graduate
1,39,5,9089,1,4,135.1,1,17,36,7,4,97.7,0,0,1,1,1,0,37,0,0,5,0,2,11.672627516450394,0,0,7,5,0,11.647975989066229,0,16.2,1.5,-1.86,Dropout
1,40,1,8976,1,1,145.5,1,1,38,9,10,120.5,0,0,0,1,0,0,18,0,0,7,8,7,10.21532835383083,0,0,5,10,6,11.476920929920325,0,16.1,1.5,2.1,Dropout
1,16,6,9667,0,1,143.8,1,35,37,10,7,105.9,1,0,1,1,1,0,17,0,0,7,8,7,16.276903770947968,0,0,7,0,4,10.565474516405233,0,12.6,-0.0,1.95,Enrolled
1,42,1,9049,1,1,122.8,1,2,36,9,11,126.1,0,0,0,1,0,0,22,0,0,7,13,7,10.690864225307248,0,0,6,5,6,8.973966828663382,0,12.8,1.4,1.76,Graduate
1,2,1,9019,1,1,141.6,1,36,37,10,0,111.6,1,0,0,1,0,0,19,0,4,6,7,5,10.80866185728774,0,0,7,11,6,14.243786456501908,0,11.2,1.3,0.73,Enrolled
2,40,1,9008,1,2,131.2,1,35,4,89,3,116.1,0,0,1,0,1,0,28,0,0,0,5,0,0.0,0,0,5,4,0,0.0,0,11.3,-0.7,-1.86,Dropout
1,2,1,8809,1,1,133.9,1,38,36,10,7,124.3,0,0,0,1,0,0,21,0,0,5,7,5,11.235199733284377,0,3,15,8,5,13.559487535054096,0,14.2,1.4,2.11,Enrolled
2,2,4,9257,1,1,128.6,1,35,1,0,8,105.7,0,0,0,1,1,0,21,0,0,5,1,10,10.569958276042764,0,0,5,8,3,12.514414316891104,0,8.0,-0.8,1.85,Dropout
1,46,1,8865,1,1,130.3,1,1,36,6,10,117.6,1,0,0,1,0,0,18,0,0,7,8,6,10.210139172376849,0,0,8,7,6,12.902264142312003,1,11.0,3.7,-4.06,Graduate
2,41,3,9097,1,5,138.8,1,35,37,109,2,131.2,0,0,0,0,1,0,21,0,0,5,9,0,0.0,4,0,5,0,0,0.0,0,8.0,1.6,-2.16,Dropout
2,41,1,9370,1,38,127.9,1,38,28,5,6,131.9,0,0,0,0,1,0,19,0,0,5,0,0,0.0,0,0,5,9,0,0.13168216892983486,0,9.9,1.4,-3.04,Dropout
1,17,1,9466,1,1,100.0,1,1,18,10,9,124.6,0,0,1,1,1,0,21,0,7,6,7,5,0.0,0,0,7,11,0,0.0,0,16.2,1.5,1.82,Enrolled
1,2,1,9097,1,1,129.9,1,21,1,10,0,131.8,1,0,0,1,0,0,18,0,0,5,15,5,0.0,0,5,2,7,6,13.145607570306222,0,10.9,-0.5,0.84,Enrolled
1,39,1,9015,1,38,129.4,1,37,36,8,8,155.4,0,0,1,1,1,0,32,0,0,5,9,3,0.0,0,0,16,6,5,0.0,0,8.4,-0.2,-1.03,Dropout
1,17,1,9406,0,1,127.2,1,2,38,6,183,128.8,0,0,0,1,0,0,17,0,0,11,8,7,10.137984405375148,0,0,5,8,0,10.065493381657726,0,12.7,-0.7,0.69,Graduate
1,17,1,9441,1,42,104.2,1,1,2,7,7,107.5,0,0,0,0,1,0,19,0,0,5,7,5,14.833735759263801,0,0,6,24,4,9.215264459253032,12,9.5,2.9,-1.07,Dropout
1,1,1,9576,1,1,136.0,46,39,21,11,8,113.0,1,0,0,0,0,1,18,0,0,5,8,5,8.650581046848872,0,0,6,5,7,15.49023438005935,0,9.6,-0.6,1.69,Graduate
1,44,1,9628,0,1,130.0,1,1,39,10,12,107.5,1,0,0,0,0,0,29,0,0,14,7,6,12.582892602907418,0,0,8,7,3,16.045448207195307,0,12.3,-0.2,-1.47,Enrolled
2,17,1,9461,1,1,175.0,1,35,34,106,0,136.7,0,0,1,0,1,0,21,0,12,7,6,5,10.746718822606393,0,2,7,8,0,11.510626923327049,0,14.4,3.0,1.49,Dropout
1,17,3,9118,1,1,136.7,1,19,37,7,4,103.3,1,0,0,1,0,1,18,0,0,5,11,2,9.85346885397146,0,0,14,8,4,12.97698932087114,0,12.4,-0.6,1.07,Dropout
1,1,5,2229,1,1,145.1,1,37,37,7,9,134.0,0,0,0,0,1,0,48,0,0,5,0,0,0.0,0,5,9,10,0,11.855797422388752,0,7.6,3.7,0.57,Enrolled
1,43,2,9005,1,1,138.9,1,19,2,12,116,128.4,1,0,0,1,0,0,19,0,0,8,8,4,9.94955433302712,0,0,6,7,1,11.70489042022472,0,12.8,1.5,-1.18,Graduate
1,18,1,9201,1,5,129.0,1,36,1,4,11,125.4,0,0,0,1,0,0,25,0,20,5,7,5,16.3681260979251,0,0,15,5,2,15.600386783769212,0,12.9,1.5,0.28,Dropout
1,18,1,9397,0,1,96.8,1,1,19,7,4,103.7,0,0,0,1,1,0,23,0,0,7,7,0,0.15394043058421136,0,11,5,7,3,16.996168663197775,0,11.4,0.7,1.78,Graduate
1,41,1,9991,1,1,124.1,1,39,36,10,6,113.6,0,0,0,0,1,0,17,0,0,6,6,9,1.2431964933627822,0,0,5,8,0,13.485008201559632,0,7.9,1.4,0.55,Dropout
1,51,1,9386,1,7,133.7,21,39,35,6,2,99.0,0,0,0,0,1,0,17,0,0,5,8,3,12.58116438685066,0,0,2,6,0,13.622100892667794,0,15.6,3.1,-1.06,Dropout
1,19,1,8982,1,1,110.1,1,1,19,9,8,131.2,1,0,0,1,0,0,17,0,0,7,7,6,8.456772001620596,0,0,6,10,3,15.164109215364633,0,15.4,0.3,-0.75,Graduate
1,18,1,9055,1,1,120.6,1,38,1,1,5,133.4,0,0,0,1,0,0,21,1,0,7,6,6,0.0,0,0,5,0,1,12.649200773429419,0,16.2,0.0,-1.08,Dropout
1,3,6,9237,1,1,138.2,1,36,38,8,3,105.1,0,0,0,1,0,0,18,0,0,6,9,3,13.92291224391903,0,0,8,6,11,13.007123509383375,0,11.3,3.0,-2.03,Dropout
1,1,2,9057,1,1,169.9,1,38,1,6,3,127.0,0,0,0,1,1,0,18,0,0,5,0,5,13.461753493946256,0,15,6,15,19,13.890292513893776,0,12.9,-0.6,-1.76,Graduate
1,42,6,9186,1,1,130.3,1,37,1,78,10,127.4,1,0,0,1,0,1,18,0,5,6,8,6,15.439114703035631,0,0,8,7,6,13.300183923381079,0,9.5,-0.5,2.95,Graduate
2,3,5,8911,1,1,135.9,1,18,37,9,8,103.7,0,0,0,1,0,0,19,0,10,7,8,8,10.875538504514685,0,1,8,6,6,14.873882514914532,0,16.2,-0.6,0.62,Graduate
1,18,2,8947,1,2,137.1,1,39,1,5,3,146.3,1,0,0,1,0,0,36,0,0,6,7,6,9.042838440209081,0,0,5,7,6,13.843962056287717,0,14.4,-0.6,-0.87,Dropout
1,17,1,8443,0,1,128.0,1,38,3,11,4,113.9,0,0,0,1,1,0,34,0,0,0,13,5,10.014329113594531,0,0,5,10,0,0.0,1,7.6,1.5,-1.78,Dropout
1,40,1,33,1,1,117.1,1,38,37,11,11,136.2,1,0,0,1,0,0,30,0,0,7,8,7,9.659939262041853,0,0,5,9,6,14.563307683391576,0,7.6,1.5,-3.22,Enrolled
2,44,1,9021,1,1,132.9,1,38,37,11,10,131.9,0,0,0,0,1,0,19,0,2,6,10,3,10.513665950830955,0,0,6,14,8,12.147819281944104,0,8.0,3.7,-4.06,Dropout
1,40,4,9445,1,1,127.8,1,4,3,4,10,102.8,1,0,0,1,0,0,23,1,0,7,7,7,11.360328076753836,0,0,6,7,4,14.30679955121758,0,16.2,3.6,2.15,Enrolled
1,11,3,8875,1,43,129.7,1,35,36,8,5,132.9,1,0,0,1,0,0,17,0,0,8,7,9,15.134771193924992,0,0,6,10,8,9.405173442245934,4,14.0,3.0,1.8,Graduate
1,16,6,9001,1,1,131.6,1,39,37,9,7,126.6,0,0,0,1,0,0,17,0,0,10,7,0,13.757997854580506,0,0,7,10,4,17.898583555034968,0,12.6,1.4,-3.22,Enrolled
1,37,3,33,1,39,125.2,1,39,37,9,8,116.1,0,0,0,0,1,0,48,0,0,8,18,6,0.0017290523453252563,0,0,5,0,2,14.43914506858548,0,7.7,-0.8,1.94,Enrolled
1,2,4,9092,1,1,121.8,1,37,2,8,4,121.5,1,0,0,1,0,1,17,0,0,6,8,6,14.598265649761794,0,0,6,9,6,16.25961188321184,0,10.8,3.7,0.58,Graduate
1,1,4,9712,1,1,136.6,1,1,38,9,13,121.7,0,0,0,1,0,1,17,0,0,6,4,7,10.667845365591592,0,0,8,17,6,10.104912723950964,0,13.1,0.4,1.36,Graduate
1,2,2,8834,1,1,122.4,1,3,35,7,8,131.5,1,0,0,1,0,0,17,0,0,7,8,6,10.087548698389586,0,0,6,6,6,12.71696136931939,0,12.8,3.7,1.57,Graduate
1,40,3,978,1,1,157.6,1,36,36,8,5,112.9,1,0,0,1,0,1,19,0,0,5,9,3,11.735793984958779,0,0,5,4,1,12.551900236203327,0,14.1,0.6,0.55,Graduate
2,2,1,9056,1,1,133.0,1,38,37,11,10,122.9,1,0,0,1,1,0,31,0,0,7,9,4,10.086135443283483,0,0,8,0,0,14.554307791611643,0,16.2,-0.7,-1.67,Dropout
1,17,1,7492,1,1,129.7,1,18,18,0,12,120.2,0,0,0,1,0,1,17,0,0,7,7,3,10.937851926397062,0,0,7,8,0,11.31607568455986,0,16.2,1.6,3.51,Dropout
2,18,1,8053,0,1,118.0,1,35,37,11,8,159.8,0,1,0,1,0,0,25,0,6,5,7,6,0.0,0,0,8,6,0,12.740224302763083,0,8.6,3.7,3.51,Graduate
2,38,1,9200,1,1,125.6,1,37,36,10,7,119.9,0,0,0,1,1,0,17,1,0,5,7,1,11.33058836273156,0,0,6,0,4,12.97181826523076,1,16.2,1.4,-0.97,Dropout
2,38,1,327,1,1,129.3,1,36,37,5,13,126.9,0,0,1,0,1,0,20,0,3,5,4,0,0.0,0,0,5,8,0,0.44483577516441575,0,16.2,-0.3,0.2,Dropout
2,1,3,9227,1,1,130.0,1,1,19,3,8,131.1,1,0,0,1,0,0,17,1,0,8,13,7,11.687880000693074,0,1,6,9,0,13.945410662433375,0,12.9,3.5,3.51,Enrolled
1,19,1,9315,1,1,132.6,1,39,36,10,1,111.4,1,0,0,1,0,0,18,0,0,5,8,5,12.696777728621035,0,0,14,5,4,15.670482859507366,1,8.0,-0.8,0.64,Enrolled
1,1,4,9119,1,1,142.3,1,39,2,5,6,114.5,1,0,0,1,0,0,18,0,0,5,8,6,10.084837187686073,0,0,8,5,4,13.779799245499204,0,10.0,2.9,0.31,Graduate
1,17,1,9164,1,1,144.4,1,2,18,11,7,126.0,1,0,0,1,0,1,17,0,4,8,8,8,16.45655093934664,0,0,8,12,6,17.413683395615433,0,12.7,-0.1,1.81,Graduate
1,2,4,9406,1,1,148.5,1,19,37,8,91,111.4,0,0,0,0,0,0,18,0,4,5,6,5,13.240486538712773,2,0,8,8,6,11.88839327127799,0,7.6,0.5,-1.93,Dropout
1,15,3,8911,1,4,123.0,1,35,37,8,10,96.4,0,0,0,1,0,0,32,0,0,6,3,6,9.075216874626843,0,0,6,6,6,13.51034767425178,0,7.6,1.5,-3.69,Dropout
1,16,1,8967,1,1,132.5,1,36,36,8,9,122.4,1,0,0,0,0,0,33,0,0,7,8,5,15.108662252060595,0,0,23,9,6,10.19976230223835,0,8.0,0.7,-4.06,Dropout
1,17,6,9354,1,1,128.3,1,38,4,4,0,130.1,0,0,0,1,0,0,26,0,4,6,6,5,10.402503482854284,2,0,6,8,0,12.422333238866013,0,8.2,2.7,-3.23,Enrolled
1,16,3,8988,1,1,131.8,1,36,36,10,4,126.6,0,0,0,1,0,0,37,0,0,5,7,4,10.606729816633434,0,1,6,11,6,13.638944417160081,0,15.5,-0.8,1.94,Graduate
2,41,1,33,1,1,140.3,1,38,38,9,7,132.8,0,0,0,0,1,0,37,0,6,5,9,1,9.578711047529493,0,0,5,4,0,10.972213026253277,0,16.2,-0.6,2.76,Dropout
2,38,1,9057,0,1,138.1,1,34,4,9,11,98.7,0,0,1,1,1,0,50,0,0,5,5,0,0.0,0,0,5,0,0,0.0,0,11.2,1.5,0.6,Dropout
1,17,6,8985,1,1,123.4,1,37,36,12,7,104.2,1,0,0,1,0,1,17,0,0,7,7,7,14.793518637830836,0,0,6,6,6,17.685254285552517,0,10.7,0.8,1.56,Graduate
1,17,5,9348,1,2,148.4,1,37,38,11,180,121.0,0,0,0,1,0,0,17,0,0,8,7,7,10.95268624197593,0,0,7,8,6,12.303293681986995,0,12.9,0.3,2.99,Dropout
1,2,2,9095,1,1,100.4,1,36,18,9,172,126.3,1,0,0,1,0,1,17,0,0,7,8,7,10.762029778543113,0,0,8,7,6,17.920862095010182,0,13.8,0.8,1.93,Graduate
1,17,1,33,1,1,100.0,1,35,18,6,12,129.4,0,0,0,1,0,0,18,0,0,8,22,5,15.193994947542015,0,0,5,9,6,9.9783259970222,0,8.3,0.8,-1.67,Graduate
1,2,4,8920,1,1,135.3,1,37,1,11,10,120.3,1,0,0,1,0,1,17,0,0,7,8,7,12.091990019428387,0,0,8,8,6,14.752213968889178,0,7.7,0.7,-3.92,Graduate
1,18,2,8965,1,2,130.9,1,1,35,12,3,115.4,1,0,0,1,0,0,17,0,0,7,5,4,14.51976114937906,0,0,8,8,6,10.945079350369966,0,12.4,3.0,-3.18,Graduate
1,2,2,9575,1,1,130.5,1,4,1,7,11,146.9,1,0,0,1,0,1,17,0,0,6,8,7,17.041615091010495,0,0,8,14,6,14.376831408301049,0,7.9,1.6,1.78,Graduate
1,3,1,9952,0,1,140.2,1,2,35,10,195,127.9,0,0,0,1,0,0,17,0,0,6,6,5,13.268695809848381,0,0,6,4,10,12.032311980585304,0,8.0,1.5,-1.53,Graduate
1,11,3,9233,1,19,138.1,1,36,37,7,72,134.7,0,0,0,1,0,0,34,0,0,2,7,4,16.106754606512254,0,1,6,5,0,14.593433806334527,4,16.2,-0.4,0.64,Enrolled
1,2,1,9490,1,21,122.7,1,36,38,2,0,120.4,1,0,0,1,0,0,17,0,0,13,7,7,10.854855693880785,0,0,5,10,4,13.01734877659142,0,11.3,1.5,-1.7,Graduate
4,18,1,9472,0,17,136.1,1,1,38,6,1,110.7,0,0,0,1,0,0,50,0,0,7,8,0,11.925047047820836,0,2,11,14,5,11.154617154582063,0,13.8,0.7,1.52,Graduate
1,38,1,9376,1,1,135.1,1,35,37,3,7,109.8,1,0,0,0,1,0,19,0,8,1,0,0,0.3119252265434848,0,0,5,0,8,0.297072279442422,0,7.8,1.4,-3.37,Dropout
1,17,1,9647,1,18,114.8,1,3,42,11,9,97.7,0,0,0,1,1,1,31,0,0,5,5,3,12.115601290625461,0,0,5,9,0,13.16603513455197,0,8.9,1.4,0.52,Graduate
2,39,1,9202,0,1,137.1,1,39,37,5,1,143.3,0,0,0,0,0,0,50,0,0,5,0,0,0.8120437370120099,0,2,1,8,0,12.188492830701561,0,16.1,1.4,0.1,Dropout
4,52,4,8978,1,1,130.5,1,38,37,10,9,131.4,0,0,0,1,0,0,18,0,0,8,7,7,13.111541737881431,0,0,8,7,6,15.880081023059205,0,9.4,0.8,1.91,Graduate
2,40,2,9110,1,1,142.7,1,37,17,10,12,116.8,0,0,0,0,1,0,21,0,0,5,7,6,12.883119827550937,0,0,6,7,4,0.0,0,7.6,1.5,-2.82,Dropout
1,46,1,8928,1,1,135.5,1,1,35,10,9,117.4,1,0,0,1,0,1,17,0,0,6,7,7,12.242625389728826,0,0,6,8,4,13.111579419370964,0,11.5,0.9,0.34,Graduate
1,19,1,8909,1,4,112.8,1,2,19,10,2,145.8,1,0,0,1,1,0,17,0,0,6,8,4,11.503874423273057,0,4,5,9,3,0.3914418409623175,2,16.2,-0.5,3.37,Graduate
2,3,1,9143,1,1,140.0,1,36,35,9,8,162.9,0,0,0,0,1,0,20,0,0,0,6,0,15.597010416439913,0,0,6,12,1,0.0,0,12.5,1.6,1.39,Dropout
1,18,1,8870,0,1,121.4,1,1,35,9,8,123.4,1,0,0,1,0,0,17,0,0,6,7,6,15.55427424170889,0,0,6,7,6,13.399159829257199,0,12.4,-0.5,1.85,Graduate
2,41,4,33,1,2,188.4,1,36,37,1,10,123.5,0,0,0,1,0,0,28,0,0,5,13,3,10.361148176968292,0,4,8,7,4,12.615467593969717,0,10.9,3.7,-0.56,Dropout
1,40,1,8915,1,1,135.8,46,35,38,2,1,108.4,0,0,0,0,1,0,24,0,0,5,5,1,0.0,0,0,8,0,0,0.0,0,16.0,0.8,0.19,Dropout
1,44,4,9196,1,21,124.6,1,36,39,6,10,143.4,0,0,1,1,0,0,19,0,0,6,6,5,9.737895664513573,2,0,7,5,3,12.558010558107103,0,12.9,2.8,0.03,Graduate
1,1,1,8951,1,1,140.1,1,1,36,11,10,152.7,1,0,0,1,0,0,17,0,0,7,9,6,14.484122816058312,0,0,15,8,6,15.351960073932304,0,11.0,0.9,1.57,Graduate
1,19,1,9374,1,1,135.0,1,37,37,5,1,125.5,0,0,1,1,0,0,19,0,0,5,7,0,0.0,0,0,6,7,6,0.8196606311521695,0,9.5,1.5,-3.05,Dropout
1,45,1,9295,1,1,178.1,1,20,38,9,0,106.6,0,0,0,0,0,0,35,0,0,8,7,7,15.64694705222378,0,0,6,9,0,13.394912466635871,0,7.9,0.3,1.87,Graduate
1,16,3,9282,1,1,135.3,1,20,18,7,6,105.2,1,0,0,1,0,0,19,0,0,7,7,7,16.014139487533587,0,0,8,9,6,16.954527666257388,0,12.9,-0.5,1.53,Graduate
2,17,2,9453,1,1,123.7,1,37,18,10,9,123.9,0,0,0,1,0,0,41,0,0,5,8,2,8.588332481871157,0,0,8,7,0,0.0,0,7.6,1.4,-4.06,Dropout
2,36,1,8970,1,2,139.5,1,36,39,11,9,109.9,0,0,0,0,1,0,31,0,0,5,5,0,8.84744078465428,0,0,5,5,2,0.0,0,9.0,1.4,-1.27,Enrolled
1,16,2,8536,1,1,129.6,1,37,1,8,12,123.8,0,0,0,1,0,0,18,0,0,7,8,6,10.829371920743656,2,0,6,9,1,12.240954455774109,0,8.9,-0.8,0.76,Graduate
1,39,1,9461,1,39,169.2,1,37,37,10,6,131.6,0,0,0,1,0,0,37,0,0,5,0,0,0.15597281096270693,0,0,5,4,0,11.161762501859643,0,10.0,3.7,-2.12,Dropout
1,2,1,7746,1,1,129.4,1,2,38,5,10,118.9,1,0,0,0,0,0,17,0,0,6,6,4,10.521301869798336,0,0,6,8,6,10.853339036697404,0,9.9,-0.4,1.7,Graduate
1,37,1,9117,1,1,125.2,1,1,38,9,0,95.0,1,0,0,0,1,0,21,0,0,0,8,5,14.086933626408477,0,0,6,7,0,0.0,0,12.8,-0.8,0.81,Enrolled
1,3,2,9065,1,1,134.8,1,20,1,4,12,125.9,1,0,0,1,0,0,18,0,0,5,7,6,11.788410727421642,0,0,14,7,6,11.401220564869442,0,7.6,1.4,-1.12,Enrolled
2,16,1,9153,1,1,134.6,1,36,1,4,9,108.5,1,0,0,1,0,0,18,0,0,5,7,0,12.314120081995016,0,0,6,8,13,9.6693479745456,1,7.6,-0.5,0.1,Dropout
1,37,1,8979,1,1,118.2,1,35,1,9,7,126.1,0,0,0,1,0,0,19,0,0,6,8,7,14.34179540089443,0,0,6,7,5,16.047126857360723,0,9.2,0.7,1.9,Dropout
2,16,1,9366,1,1,141.9,1,1,37,11,4,122.7,1,0,0,1,0,0,27,0,0,6,6,5,10.98990863123634,0,0,6,8,6,0.0,0,10.1,-0.7,1.93,Enrolled
2,16,1,33,1,1,136.9,1,20,39,10,9,116.4,0,0,1,0,0,0,22,0,0,5,14,4,0.0,0,1,6,7,0,10.997095225166975,0,12.2,-0.5,-4.06,Dropout
1,2,4,9095,0,2,119.5,1,36,1,1,9,129.8,0,1,0,1,0,0,17,0,0,6,7,5,13.691557305260496,0,1,6,7,6,13.526499375982906,0,7.6,1.6,1.99,Graduate
2,39,1,876,1,1,134.5,1,35,1,10,11,108.3,0,0,0,0,1,0,30,0,0,5,0,0,0.0,0,0,5,0,0,0.0,0,8.3,-0.8,-1.46,Dropout
1,17,1,9161,1,1,133.4,1,39,36,7,1,106.2,1,0,0,0,0,0,19,0,8,6,1,5,9.862558252230818,0,0,8,4,1,0.9376995133133796,0,12.4,1.5,-1.99,Graduate
1,16,1,9568,1,1,149.0,1,38,3,10,8,129.2,1,0,0,1,1,0,18,0,0,5,0,1,0.13519309961440742,0,0,7,7,2,0.0,0,13.8,1.3,3.2,Dropout
1,46,1,9990,0,43,129.9,1,37,38,7,7,107.7,1,0,0,0,0,0,42,0,0,5,6,0,0.15083368327948538,0,0,15,6,0,0.03301608895670103,2,13.0,3.0,0.44,Dropout
1,41,1,9267,0,1,136.1,1,37,3,10,8,95.0,0,0,0,0,1,0,20,0,0,7,9,4,0.333447303902615,0,0,5,0,0,14.247569308966536,0,9.9,1.5,0.36,Enrolled
1,18,2,9462,1,1,115.3,1,19,1,9,8,115.2,1,0,0,1,0,1,22,0,0,6,8,6,10.470477808000204,0,1,6,10,8,13.525419105881245,0,12.5,-0.3,2.14,Graduate
1,17,1,7973,1,1,131.2,1,36,38,9,3,131.8,0,0,0,1,0,0,35,0,0,8,6,3,0.0,0,0,5,9,4,10.151880639825741,0,7.9,-0.7,0.56,Dropout
1,16,1,8917,1,1,138.4,1,37,1,5,2,117.3,1,0,0,0,1,1,17,0,0,20,9,15,15.030521045427143,0,0,5,8,10,11.659419037238846,0,7.6,3.0,0.56,Dropout
1,17,4,9217,1,1,130.7,1,37,5,9,10,115.1,1,0,0,1,0,1,17,0,0,7,7,11,11.921752999068795,0,0,8,9,6,12.43611354481832,0,11.1,0.4,2.05,Graduate
1,40,2,8898,0,6,134.2,1,38,36,6,4,99.9,0,0,1,1,1,0,28,0,0,5,4,0,9.699015833790785,0,0,6,9,0,0.0,0,16.2,-0.3,3.51,Dropout
1,18,2,9360,1,1,127.4,1,4,38,6,1,113.9,0,0,0,1,0,1,20,0,0,6,7,6,9.494978770217598,0,1,6,8,6,11.848504599817499,0,7.6,1.5,-1.92,Graduate
1,19,1,8828,1,1,150.6,1,5,39,8,12,128.2,1,0,0,0,0,0,18,0,11,6,12,6,10.215897870509187,0,0,6,8,4,14.343909317050175,0,9.3,1.4,-4.06,Graduate
1,38,1,9158,1,36,131.3,1,39,37,7,11,125.2,0,0,1,1,0,0,18,0,0,6,9,4,12.872870536509053,0,0,8,6,6,13.318397938552021,0,7.7,0.5,3.51,Enrolled
1,43,1,9259,1,1,126.4,1,39,19,108,1,131.7,0,0,0,1,0,0,32,0,0,6,6,14,0.0,0,0,17,4,0,14.947750752355425,0,15.9,0.7,0.71,Dropout
1,17,2,8827,1,1,139.1,1,2,1,8,13,128.0,1,0,0,1,0,1,18,0,0,8,6,8,14.027712722533686,0,0,8,7,6,14.532491450430486,0,13.0,-0.1,2.3,Graduate
1,16,1,9292,1,1,130.2,1,38,39,4,9,115.4,1,0,0,1,1,0,17,0,0,11,10,5,11.00871330129445,0,0,5,10,3,17.16314473514722,0,7.7,0.6,-2.98,Enrolled
1,2,2,9038,1,1,127.7,1,1,2,10,11,115.2,1,0,0,1,0,1,17,0,0,6,7,3,14.336706177561705,0,0,8,9,6,10.326828993608574,0,7.6,-0.6,1.84,Graduate
2,44,3,9039,1,1,129.7,1,36,1,2,7,136.3,1,0,0,0,1,0,23,0,0,7,6,3,14.439319017234597,0,0,6,8,2,9.801463914859399,0,12.2,1.6,-4.05,Enrolled
1,45,1,9395,1,1,132.9,1,1,36,11,1,108.1,1,0,0,1,1,0,21,0,0,7,7,0,14.768875045393209,0,0,6,9,3,12.258122804581328,0,12.3,1.4,1.89,Graduate
1,16,2,9046,1,1,138.3,1,36,3,9,11,120.7,1,0,0,1,0,0,17,0,0,7,8,6,11.7422759843858,0,0,8,7,11,11.07404445865957,0,11.3,-0.2,1.72,Graduate
1,17,2,8946,0,1,133.9,1,37,35,10,2,131.6,0,0,0,1,0,0,36,0,0,7,6,7,14.557978302553664,2,0,6,6,3,11.281957251466839,0,12.0,-0.5,-3.04,Graduate
1,40,4,8810,1,1,127.0,1,1,36,7,0,118.3,1,0,0,1,0,0,31,0,0,5,11,4,13.273692846542628,0,0,6,8,0,14.818951904035577,0,7.6,-0.5,-1.75,Graduate
1,44,1,9249,1,1,129.7,1,1,35,10,9,146.0,0,0,0,0,1,0,18,0,0,5,6,0,0.8671892296008314,0,0,5,11,0,0.0,0,16.2,3.7,0.18,Dropout
1,17,4,9052,1,1,148.2,1,38,37,7,10,125.7,1,0,0,1,0,1,20,0,0,7,7,6,13.882289013583103,0,0,8,9,6,11.98795493420412,0,11.3,0.8,-4.06,Graduate
1,20,1,9606,1,1,131.2,1,36,38,10,5,124.8,0,0,1,0,1,0,25,0,11,6,7,1,0.0,0,0,5,5,0,0.07477575469400216,0,16.0,3.7,-1.1,Dropout
1,57,1,9991,1,1,133.3,1,37,38,7,5,125.2,0,0,0,1,1,0,33,0,0,8,0,9,11.273754146564631,0,0,7,8,6,13.722621529637486,0,16.2,2.6,-3.17,Dropout
1,2,2,9010,1,1,139.4,1,3,3,7,11,116.6,1,0,0,1,0,1,17,0,0,7,7,6,10.079159823549173,0,0,6,9,7,9.134120898282532,0,11.1,0.7,1.94,Graduate
1,18,3,33,1,1,132.7,1,2,1,10,1,115.2,1,0,0,1,0,0,17,0,0,7,7,4,10.866106759483948,0,0,8,10,6,13.843748070941334,0,7.6,-0.4,1.65,Graduate
1,20,4,9132,1,1,143.2,1,35,1,4,9,115.3,1,1,0,1,0,0,18,0,0,7,7,6,14.953391964721785,0,0,8,9,6,12.915073055166458,0,12.8,3.0,1.8,Graduate
1,16,3,9811,1,1,156.5,1,38,3,9,0,134.5,1,0,0,1,0,0,18,0,0,6,8,8,14.59075907450359,0,0,13,8,6,12.646413404116199,0,9.8,-0.2,-3.53,Dropout
1,44,1,9791,1,20,122.9,1,20,38,4,7,156.7,1,0,0,1,0,0,17,0,11,7,7,4,14.355908193922378,0,0,6,11,0,13.665069805380028,0,14.2,1.4,-3.4,Graduate
2,45,5,9228,1,1,150.5,1,36,37,140,8,129.4,0,0,1,1,0,0,18,0,0,15,0,0,0.320403260730105,0,0,8,14,8,11.69346413563526,8,11.3,-0.1,-1.93,Dropout
1,17,1,9035,0,1,132.1,1,37,39,11,9,124.1,0,0,0,1,1,0,53,0,7,7,15,5,9.732956737344239,0,0,5,0,0,11.067800479713032,0,16.0,-0.6,-4.06,Dropout
1,18,1,9749,1,35,177.4,1,35,37,7,8,104.9,0,0,0,0,1,0,18,0,0,8,5,0,0.7695286504191736,0,0,5,6,0,16.073350980311904,0,16.2,3.7,-1.1,Dropout
2,1,1,9061,1,1,131.2,1,37,37,112,12,138.4,0,0,0,1,0,0,30,0,0,7,8,0,15.65513354572446,0,0,5,5,0,12.456847392961675,0,13.7,2.5,0.24,Dropout
4,19,5,8959,1,2,128.9,1,2,37,85,11,127.7,0,0,1,1,0,1,25,0,0,5,7,4,13.521639068681509,0,0,8,8,6,11.516409721470506,0,15.9,-0.0,1.63,Graduate
2,17,1,9304,1,1,129.9,1,19,39,5,2,146.8,0,1,1,0,1,0,32,0,16,5,7,0,0.0,0,0,5,9,0,0.0,1,11.4,0.6,-3.14,Dropout
1,40,1,9003,1,39,100.8,1,1,36,8,9,130.4,0,0,0,1,0,0,18,0,2,6,7,5,12.23919251062588,0,0,8,8,8,15.313401357630969,0,14.9,2.8,1.71,Graduate
4,38,9,8999,1,37,136.6,1,38,37,10,130,137.3,0,0,0,0,1,0,20,0,0,6,9,4,0.7929543294233496,0,2,8,14,6,13.719124442474541,0,10.8,2.9,3.51,Graduate
6,17,2,9169,1,37,134.2,1,37,35,9,11,96.3,0,0,0,0,0,0,19,0,1,5,5,4,11.22022145835752,0,0,5,8,7,12.363579895876141,1,15.1,0.4,-2.95,Dropout
1,7,1,9345,1,1,132.8,1,37,39,11,8,143.4,0,0,0,0,0,0,23,0,0,5,0,0,8.867111453794092,0,0,5,0,0,0.34895841395061655,1,7.6,1.6,-1.66,Dropout
1,16,1,9454,1,1,128.0,1,18,1,11,10,113.9,0,0,0,1,0,1,30,0,0,7,13,5,14.845028657296034,0,0,5,9,6,11.706120157023955,0,13.7,3.1,-4.06,Graduate
1,42,1,8976,1,2,133.5,1,18,1,11,7,105.5,0,1,0,1,0,0,18,0,0,5,8,0,14.3747815992783,0,0,8,0,2,0.0,8,11.2,3.7,2.98,Dropout
1,18,3,8784,1,1,110.4,1,1,18,9,3,134.1,1,0,0,1,0,0,17,0,0,6,8,7,14.73941507699227,0,0,6,8,6,13.128023392741845,0,9.7,0.8,1.61,Graduate
1,15,4,8994,1,1,132.6,1,1,1,10,10,143.2,1,0,0,1,1,0,28,0,0,5,5,0,0.0,0,0,16,11,5,12.577304251482515,4,12.3,2.6,-3.31,Dropout
2,16,1,8994,1,1,120.8,1,18,38,11,9,155.4,0,0,0,1,0,0,40,0,0,5,6,6,13.033633354776608,0,0,5,0,7,11.061070386023719,0,10.9,-0.7,-1.36,Dropout
1,39,2,9286,1,1,131.5,1,38,38,10,7,109.1,1,0,0,1,0,0,17,1,15,6,15,7,8.987119752679163,0,0,5,8,5,10.158335099167335,0,8.2,0.8,3.2,Enrolled
1,2,6,7792,1,43,136.0,1,3,37,10,11,130.1,1,0,0,1,0,0,18,0,0,7,7,4,13.46154026160347,0,0,8,10,11,13.732211365434846,5,8.2,3.0,-1.81,Graduate
1,18,1,8991,1,1,125.0,1,38,33,8,0,126.2,0,0,0,0,1,0,19,0,0,5,5,0,11.611418282517246,0,0,5,5,7,11.905266947167396,0,11.6,2.8,0.14,Dropout
1,17,2,9435,1,3,141.5,1,1,38,10,3,130.6,1,0,0,1,0,0,19,0,3,5,7,7,11.393321000575952,0,0,6,5,9,13.949994430417007,0,16.1,-0.6,1.84,Enrolled
2,41,1,9092,1,5,133.1,1,35,37,8,4,125.5,0,0,1,0,1,0,21,0,0,7,0,0,0.0,0,0,7,5,0,0.0,0,8.2,2.9,-4.06,Dropout
1,18,4,9784,1,1,131.8,1,1,36,7,92,109.0,1,1,0,1,0,0,27,0,0,6,6,7,11.400619974337031,0,0,6,8,5,11.775295192066048,0,10.8,-0.6,-1.58,Graduate
1,17,1,8845,1,2,134.6,1,1,1,8,8,116.1,0,0,0,1,0,0,17,0,0,7,8,5,14.336280612456225,0,0,12,7,6,10.103670743404454,0,13.8,0.8,-4.06,Enrolled
1,18,1,9547,1,3,131.2,1,39,36,10,8,109.8,1,0,0,1,1,0,19,0,0,6,7,3,12.401542789108143,0,0,10,9,6,0.3245011865197168,0,16.2,2.8,0.29,Graduate
1,1,5,9104,1,1,139.0,1,1,6,9,11,106.5,1,0,0,1,0,0,18,0,0,5,6,4,10.562815504437939,0,0,6,12,1,14.950465354644255,6,7.6,0.6,0.04,Graduate
1,17,1,9234,1,1,135.0,1,2,36,11,0,118.0,1,0,0,1,0,0,18,0,0,6,7,0,14.479538906775202,0,0,8,7,3,10.907025543391839,0,7.6,3.7,1.07,Dropout
1,48,1,9634,1,1,133.8,1,36,36,10,9,127.5,0,0,0,1,1,0,24,0,0,5,7,2,14.071822092580103,0,0,5,8,0,10.084934347180662,0,15.9,1.4,1.66,Dropout
1,1,1,8836,1,1,137.5,1,4,35,12,9,122.3,1,0,0,1,0,1,22,0,0,7,7,16,13.077922804892156,0,0,8,7,6,11.397140350195828,0,9.3,0.3,-1.9,Graduate
1,1,3,9193,1,1,127.5,1,1,19,9,9,131.7,1,0,0,1,0,1,17,0,0,7,4,8,16.43345278158358,0,0,6,10,1,14.85621672276817,0,8.1,0.7,1.98,Graduate
1,43,1,9160,0,1,133.8,1,37,39,9,5,118.2,0,0,0,1,0,0,23,0,0,5,1,6,0.0,0,2,12,0,0,11.433063867296077,0,16.2,-0.8,0.17,Graduate
1,3,2,9193,1,1,121.8,1,3,18,7,11,99.5,0,1,0,1,0,1,19,0,0,5,11,7,13.172319583767093,0,0,6,8,5,15.051050499616398,0,7.6,0.6,0.92,Graduate
1,16,3,8929,1,1,133.6,1,2,1,10,10,123.6,1,0,0,1,0,1,18,0,0,6,7,25,11.995309532438874,0,0,6,7,8,14.021307919928855,0,10.8,-0.2,-4.06,Graduate
5,18,1,9283,0,9,131.0,1,36,37,8,10,131.5,0,0,1,1,1,0,19,0,0,6,8,4,9.356647626380726,0,0,7,5,5,12.183608559320941,0,16.0,-0.3,-2.61,Dropout
1,1,1,9569,1,1,163.0,1,36,1,9,8,96.0,1,0,0,0,0,0,20,0,16,7,7,6,9.743587569741019,0,0,6,10,6,15.886580194357109,0,12.7,0.2,3.51,Graduate
2,16,1,8923,1,3,136.6,1,38,33,11,7,125.0,0,0,0,1,1,0,23,0,0,5,10,6,9.086193877871882,0,0,2,5,0,15.337595566002351,0,8.1,2.6,-1.14,Dropout
1,3,4,9036,1,1,142.6,1,1,1,8,7,100.8,1,0,0,1,0,0,17,0,0,6,8,7,11.124700553340261,0,0,14,9,4,13.13100637948542,0,12.5,0.9,-1.68,Graduate
1,39,1,9060,1,1,129.8,1,1,38,8,10,167.0,0,0,0,0,1,0,20,0,1,7,9,1,10.413800228391937,0,0,1,8,6,0.0,0,16.2,2.8,0.8,Dropout
1,17,3,8909,1,1,118.5,1,2,17,10,10,134.2,1,0,0,1,0,0,18,0,0,7,8,7,13.516191797895374,0,0,8,24,8,15.45416301811277,0,8.2,1.6,1.67,Graduate
1,20,2,8944,1,1,117.6,1,1,18,12,10,121.8,1,0,0,1,0,0,17,0,0,7,7,8,17.318611719510656,0,0,6,8,6,14.434551776373873,0,7.6,1.5,1.63,Graduate
1,2,2,9622,1,1,135.6,1,38,19,6,4,113.1,1,0,0,1,0,1,18,0,0,7,5,7,11.108535299028848,0,0,6,8,7,11.727663158272767,0,13.6,0.6,-4.06,Graduate
1,18,1,9217,0,1,130.6,1,36,1,9,2,95.0,0,0,0,1,1,0,38,0,0,5,8,7,11.632536273038315,0,2,5,9,0,13.83253218066375,0,11.0,2.6,-0.84,Dropout
1,1,1,9285,1,1,132.9,1,3,1,8,13,100.4,1,0,0,1,0,1,18,0,0,7,8,6,13.956444754378277,0,0,8,11,6,15.583459130784352,0,8.0,1.5,0.82,Graduate
1,1,1,9420,1,1,128.7,1,36,6,9,10,131.3,1,0,0,1,0,0,18,0,0,7,6,3,9.803809980641503,1,0,5,10,5,15.114309366496931,0,9.3,2.9,1.69,Dropout
1,40,1,8942,0,1,138.0,49,37,39,7,7,158.0,0,0,0,1,1,0,30,0,0,7,9,3,0.0,0,0,6,10,4,1.0374512231446127,0,9.3,3.6,-3.61,Enrolled
1,1,3,9151,1,1,124.9,1,38,36,7,8,107.3,1,0,0,1,0,0,18,0,0,7,7,8,13.538930109095011,0,1,8,8,6,15.467467375291104,0,15.5,0.7,3.29,Graduate
1,57,1,9160,1,1,143.6,1,1,36,10,3,98.6,1,0,0,1,0,0,29,0,0,9,9,0,12.265109236865822,0,0,7,4,5,10.887739200616616,0,14.1,-0.6,0.81,Graduate
1,4,3,9256,0,1,123.0,1,39,36,8,11,105.1,0,0,0,1,0,0,20,0,0,6,7,0,10.103637014385837,0,0,6,6,1,15.240511224836085,8,13.0,0.2,-1.83,Dropout
2,44,1,9395,0,43,136.7,1,35,37,10,4,119.0,0,0,1,0,1,0,20,0,0,5,0,0,0.0,0,0,5,6,0,0.0,0,15.9,-0.8,-1.82,Dropout
1,2,1,9179,1,1,127.1,1,35,36,9,9,125.8,0,0,0,0,1,0,20,0,3,5,5,3,0.0,0,0,5,13,0,8.922317117893757,2,16.1,3.0,3.51,Dropout
1,10,1,9366,0,1,144.7,1,1,36,10,5,113.4,0,0,0,1,1,1,17,0,0,5,0,3,13.452075514070858,0,0,5,8,2,8.87806383663177,0,10.7,-0.4,-1.65,Enrolled
1,12,1,9374,1,1,137.2,1,37,37,0,8,98.8,0,0,0,1,0,0,31,0,12,14,10,7,16.477461828783017,2,0,7,11,6,0.21711945018348583,0,8.0,1.5,-4.06,Dropout
4,18,1,7464,1,2,131.4,1,2,37,6,11,131.6,1,0,0,1,0,0,20,0,0,6,5,7,10.611615128620866,0,0,8,10,6,17.226369102223398,0,13.1,0.6,2.03,Graduate
1,1,3,8995,1,1,114.1,1,1,20,9,195,126.8,1,0,0,1,0,0,18,0,0,14,9,5,13.268938739832139,0,0,6,7,2,10.596820881471974,0,9.3,3.7,1.73,Graduate
1,2,3,8875,1,1,125.6,1,2,36,12,8,119.5,1,0,0,1,0,1,17,0,0,6,8,7,9.06376012965354,0,0,8,8,7,11.097458404534645,0,12.2,0.6,1.73,Graduate
2,16,5,9110,1,39,143.3,1,3,36,7,7,125.2,0,0,0,1,1,0,26,0,0,8,8,7,8.5377552553228,0,0,7,6,0,0.0,0,12.3,2.7,0.35,Dropout
1,3,2,8841,1,1,140.4,1,1,2,8,9,129.4,1,0,0,1,0,0,17,0,3,6,8,6,11.638753012588083,0,0,8,8,6,12.07305367864634,0,7.6,1.5,0.98,Graduate
1,45,1,9377,0,1,168.4,1,28,37,0,0,134.9,0,1,0,0,0,0,25,0,0,5,0,0,12.292797556006626,0,0,5,4,0,0.0,0,8.0,2.9,-4.06,Dropout
1,1,4,9812,1,1,116.5,1,2,1,6,9,126.0,0,1,0,1,0,0,31,0,0,7,5,7,13.395844701485226,0,0,5,7,7,12.62122394334563,1,14.2,0.9,1.86,Graduate
1,18,1,9073,1,2,117.0,1,35,19,3,1,113.6,0,0,0,1,0,0,18,0,0,7,6,0,13.158680341163869,0,0,5,7,2,13.384210351372175,0,15.4,1.6,0.38,Graduate
1,16,3,8898,1,1,131.7,1,17,1,8,161,124.3,1,0,0,1,0,0,17,0,0,7,7,6,15.80830432306345,0,1,8,7,9,10.76617585857754,0,12.3,0.9,1.97,Enrolled
1,1,1,8865,1,2,120.6,1,1,3,7,8,122.3,0,0,0,1,0,1,20,0,0,6,7,0,11.758772918934238,0,0,8,6,1,12.924406466117388,0,14.3,1.4,-4.06,Dropout
1,1,1,9105,1,1,131.4,1,37,38,10,3,100.3,1,0,0,1,0,0,19,0,0,8,10,4,11.445825890774397,0,0,5,11,7,17.103261122476255,0,14.4,3.7,1.76,Graduate
2,40,1,9334,1,1,134.1,1,1,3,11,9,96.5,0,0,0,0,1,0,55,0,4,5,6,5,0.0,0,0,5,8,0,0.0,0,7.6,1.4,-1.01,Dropout
1,46,1,9030,1,1,144.1,1,18,35,8,12,112.3,1,0,0,1,0,0,17,0,0,7,10,5,15.372456489021278,0,0,5,8,11,9.425209887370361,1,11.2,-0.1,2.08,Dropout
1,1,1,9006,1,1,132.9,1,38,38,12,6,123.3,1,0,0,1,1,0,20,0,0,6,8,6,11.452506742866202,0,0,14,8,4,13.542561616734709,0,7.6,1.5,0.51,Enrolled
1,17,1,9226,1,1,158.1,1,2,1,9,7,128.0,0,0,0,1,0,0,17,0,0,7,11,4,11.545571670258264,0,0,8,5,5,14.949231446988211,0,12.3,0.7,-1.1,Graduate
1,42,1,9635,0,6,134.4,1,35,37,5,6,104.2,0,0,0,0,0,0,18,0,0,5,7,4,10.180071178548687,0,1,7,0,2,10.27430016185725,0,10.7,0.7,-4.06,Dropout
1,44,1,9072,1,1,121.5,1,2,37,5,0,128.5,1,0,0,1,0,1,18,0,0,6,11,5,0.3145758428608274,0,0,8,8,2,16.00553783187112,0,13.2,0.6,-3.67,Graduate
1,2,3,9236,1,1,155.6,1,37,8,9,7,118.1,1,0,0,1,0,0,20,0,0,7,6,4,10.789532263864048,3,2,17,7,9,10.898207604361826,0,8.0,0.4,1.53,Dropout
2,17,4,8012,1,1,143.2,1,1,37,7,2,150.5,1,0,0,1,0,0,18,0,0,0,12,5,12.32105154416185,0,4,6,9,2,13.028180995956971,0,13.7,0.7,1.05,Graduate
1,15,1,9176,1,2,143.2,1,18,39,6,7,109.4,1,0,0,1,0,0,20,0,0,7,5,6,10.37550638557203,0,0,8,6,4,16.356214945348366,0,15.7,0.5,2.08,Graduate
1,18,3,9084,1,2,162.3,1,37,4,10,4,107.4,1,0,0,1,1,0,41,0,0,6,8,7,9.178374606283052,0,0,8,8,5,15.078590609715683,0,7.6,0.8,1.86,Enrolled
2,38,1,9162,0,1,138.0,1,38,39,194,6,122.8,0,0,0,1,1,0,46,0,0,5,9,4,9.995988400206002,0,0,5,0,6,9.122840134752183,0,7.8,0.3,1.6,Dropout
1,1,1,9010,1,1,134.1,1,37,1,9,4,112.6,1,0,0,1,0,0,17,0,0,7,8,6,15.2868487381302,0,0,6,8,6,14.356699320172755,0,16.2,1.5,1.94,Enrolled
1,2,3,9445,1,1,118.2,1,1,1,0,10,108.4,1,1,0,1,0,1,17,0,0,6,8,7,13.145624902983627,0,0,6,6,6,14.991496419253888,0,11.5,3.7,2.08,Graduate
1,1,1,9122,1,1,167.4,1,38,37,7,5,104.5,1,0,1,1,0,0,18,0,0,7,6,5,14.615682823558364,0,0,8,9,6,14.226367191328906,0,16.2,1.5,0.8,Enrolled
1,2,1,9164,1,1,148.4,1,3,1,9,7,130.0,1,0,0,1,0,1,17,0,0,6,8,7,14.96387460330339,0,0,8,8,6,14.658494178394028,0,10.9,-0.7,1.53,Graduate
1,38,1,9578,1,1,158.0,1,38,36,11,8,127.9,1,0,0,1,0,0,50,1,0,7,8,5,11.07198861856275,0,0,15,7,0,14.156080166587573,0,16.2,1.5,1.97,Graduate
4,40,1,7988,1,1,135.7,1,36,37,11,2,126.2,0,0,1,0,1,0,43,0,0,6,9,0,11.337764266163298,0,0,6,0,0,0.0,0,16.2,-0.3,-1.91,Dropout
1,18,1,9103,1,1,135.5,1,36,1,11,85,140.5,0,0,0,1,0,1,19,0,0,5,8,6,10.076950360407588,0,1,0,7,4,10.462550408264654,0,12.4,2.6,-4.05,Enrolled
1,39,1,8106,1,19,132.8,1,35,2,9,12,120.3,0,0,0,0,1,0,31,0,0,0,6,2,0.7118491544471498,0,0,5,9,0,14.567589930919603,1,11.0,2.8,-2.13,Dropout
4,1,5,9226,0,1,143.8,1,1,35,11,6,152.6,1,0,0,1,0,0,21,0,0,7,7,7,11.45487165044221,0,1,14,7,2,17.753434626536155,0,14.0,3.1,-1.77,Graduate
1,40,1,9454,1,1,144.7,1,18,36,8,4,144.7,1,0,0,1,0,0,17,0,0,7,11,2,11.578879131682683,0,0,8,0,13,11.68674906681552,0,10.6,0.8,1.77,Graduate
1,18,4,9430,1,1,136.3,1,1,37,11,7,126.4,1,1,0,1,0,0,17,0,0,6,8,6,12.04964612465185,0,0,6,6,6,11.627981529940177,0,12.7,3.0,1.84,Graduate
1,18,1,8912,1,1,131.0,1,18,37,5,10,148.6,1,0,0,1,1,0,18,0,0,7,16,0,13.002261664986099,0,0,5,7,5,9.845130036701264,0,7.6,1.5,-0.01,Dropout
1,18,1,8991,1,1,138.2,1,19,2,2,0,110.0,0,0,0,1,0,0,25,0,0,5,8,6,11.209469101218104,0,4,15,7,5,17.043352390297315,0,12.7,0.1,1.83,Dropout
1,17,1,9463,1,1,121.0,1,2,19,4,10,123.4,1,0,0,1,0,0,17,0,0,7,7,5,15.640569276794611,0,0,8,8,5,15.14440236589293,0,7.9,1.5,1.64,Graduate
1,16,6,8994,1,1,130.2,1,2,18,11,12,129.2,1,0,0,1,0,1,17,0,0,7,4,5,14.284875151887727,0,0,6,5,8,14.684069123501164,0,7.7,1.5,0.35,Enrolled
1,39,3,9150,1,13,136.0,1,38,36,8,11,128.4,1,0,0,0,1,0,20,0,0,5,9,4,9.367266310291441,0,0,5,8,7,15.430840151236257,0,16.2,0.6,0.42,Dropout
1,42,1,9120,1,1,133.2,1,1,38,9,11,118.3,0,0,0,0,0,0,25,0,0,8,7,0,8.813289213204149,0,2,0,8,0,12.63860367508837,0,8.2,-0.5,0.65,Dropout
2,3,1,9732,1,43,116.4,1,38,18,4,9,142.8,0,0,0,0,0,0,20,0,0,7,7,6,9.817983472498229,1,0,5,10,9,11.357566050210544,0,13.0,-0.8,3.51,Dropout
1,16,2,8996,1,1,135.5,2,38,37,7,10,126.8,0,0,0,1,0,0,19,0,0,5,9,4,9.589445527782837,0,4,6,7,7,11.002330965507756,0,15.6,1.4,-2.9,Enrolled
1,38,1,9170,1,36,133.3,1,1,35,4,8,105.8,0,0,0,1,0,0,28,0,0,8,7,7,16.481172650136838,1,0,16,7,3,9.411131442067465,1,10.4,1.5,-3.02,Graduate
1,18,6,9313,1,1,126.5,1,37,38,9,13,124.3,0,0,0,1,0,1,17,0,0,7,8,6,15.455916045092923,0,4,8,7,6,13.688375126245406,0,11.5,2.9,1.65,Graduate
1,17,3,33,1,1,133.2,1,19,38,0,3,128.2,1,0,0,1,0,1,18,0,0,5,7,5,10.324384732002338,0,1,7,16,0,13.213680224399988,7,12.6,3.7,-4.06,Dropout
1,44,1,8840,1,1,132.9,1,4,37,10,7,121.1,0,0,0,0,0,0,54,0,0,6,9,3,9.667214551122589,0,0,1,6,7,13.55846248716949,0,12.9,1.4,0.58,Dropout
2,17,5,9384,1,1,121.5,1,3,2,8,11,114.8,1,0,0,1,0,0,18,0,17,9,9,5,13.320978536173481,0,0,6,8,5,16.392746580281703,0,8.2,1.4,0.79,Dropout
1,41,1,9206,1,1,126.3,24,38,36,12,5,101.4,0,0,0,1,0,0,22,0,0,6,13,6,13.55194492637224,0,0,8,8,16,12.255698781438433,0,12.3,2.7,1.87,Dropout
1,18,3,9231,1,1,137.8,1,3,3,7,1,123.3,1,0,0,1,0,0,18,0,0,6,7,5,15.704636387062955,0,0,8,8,6,14.046699636062346,0,13.1,3.7,1.57,Graduate
1,16,1,9425,1,1,134.1,1,1,35,8,10,126.0,1,0,0,1,0,0,21,0,0,7,5,6,0.04529252561257857,0,0,8,11,6,12.084725340536203,1,7.6,1.4,0.9,Graduate
1,19,2,8891,1,1,117.4,1,1,37,7,11,120.7,1,0,0,1,0,1,18,0,0,7,7,7,15.051169259895566,0,0,8,8,6,15.374338029059329,0,12.9,3.7,2.06,Graduate
1,16,1,9828,1,1,142.9,1,1,38,7,5,119.8,1,0,0,1,0,1,17,0,0,5,7,6,16.51041982267169,0,0,8,12,6,13.801529537613352,0,12.8,-0.1,-3.65,Graduate
2,39,1,9818,1,1,130.7,1,36,38,1,7,143.1,0,0,0,0,1,0,39,0,0,5,0,0,0.0,0,0,5,4,0,0.27165861478562825,0,7.8,1.6,0.51,Dropout
1,18,1,9281,1,1,139.8,1,39,36,9,4,103.8,1,0,0,1,0,1,18,0,0,5,7,5,11.135550606461623,0,0,6,5,5,16.348277411336817,0,16.2,2.7,-3.45,Graduate
2,18,3,9076,1,2,122.7,1,35,20,2,8,169.7,0,0,0,0,1,0,23,0,0,5,11,5,0.0,1,0,16,0,0,10.083664594175207,1,16.2,-0.6,-2.08,Dropout
4,42,1,9002,0,40,134.9,1,39,38,11,4,167.8,0,0,0,0,1,0,28,0,0,5,11,3,0.0,0,0,14,4,0,18.098259533098087,0,8.2,-0.8,1.89,Dropout
5,39,1,8908,1,1,173.8,1,37,38,11,9,127.1,0,0,0,1,1,0,18,0,0,5,5,4,12.690083293610531,0,0,6,7,6,12.252132228196258,3,13.1,1.4,1.99,Graduate
2,18,1,9323,1,1,135.3,1,37,35,10,80,107.8,0,0,0,0,1,0,17,0,0,7,5,0,13.646785100433418,0,0,2,0,3,11.895080366483922,0,11.1,1.5,0.13,Dropout
5,15,1,9628,1,1,139.5,1,1,37,8,7,124.3,1,0,0,1,1,0,18,0,0,7,6,0,12.700293018701974,0,0,6,5,6,12.488869048602993,0,14.5,0.5,0.03,Dropout
1,17,3,9035,1,9,138.2,8,39,1,11,8,97.8,0,0,0,0,1,0,18,0,12,5,5,0,0.0,0,0,6,6,0,13.64712598770847,6,9.5,-0.7,0.23,Dropout
1,18,1,8863,1,1,134.3,1,4,1,7,5,139.5,0,0,0,1,0,0,19,0,0,7,17,5,12.165329913777876,0,0,6,8,9,12.388423590489747,0,12.3,1.5,-3.35,Graduate
1,1,4,8986,1,1,132.2,1,4,37,9,10,131.6,1,0,0,1,0,1,18,0,0,7,7,6,11.24318814703134,0,0,8,5,6,14.53021191419219,0,12.5,0.0,1.62,Graduate
1,39,1,7863,0,1,135.3,1,38,37,7,7,132.6,0,0,0,1,0,0,20,0,0,9,5,1,10.558978362498372,0,0,5,0,0,12.535132984997789,0,8.3,-0.6,1.78,Dropout
1,40,1,33,1,4,129.4,1,34,35,9,6,95.0,0,0,0,0,1,0,28,0,0,5,5,0,0.2948355650091058,0,0,2,0,0,0.07716846132066554,0,7.9,2.9,-4.06,Dropout
1,1,1,9233,1,42,134.6,1,38,36,7,5,128.1,1,0,0,1,0,0,19,0,9,6,14,5,14.933697285140731,0,0,6,8,1,15.043825798665688,0,12.4,2.9,-3.22,Graduate
1,19,1,7440,1,2,131.7,1,39,36,9,9,134.2,0,0,0,1,0,0,42,0,0,7,9,7,13.286079616035734,0,0,7,7,6,15.908151020203524,5,13.0,0.8,0.19,Enrolled
1,18,4,9178,1,1,126.1,1,3,1,10,8,129.2,0,0,0,1,0,0,18,0,0,5,3,7,12.508629134740199,0,0,13,5,6,10.586908081277032,0,16.2,1.5,1.96,Graduate
1,18,1,9314,1,1,129.1,1,3,36,11,5,120.2,1,0,0,1,0,0,22,0,4,6,6,6,13.1284480865795,0,0,23,6,6,15.08014357920971,0,8.8,-0.6,-1.94,Enrolled
1,2,2,9406,0,42,125.6,1,38,36,194,12,132.7,0,0,0,0,1,0,19,0,0,7,7,5,17.640306079798574,0,9,6,13,6,12.700836770770216,0,7.6,2.9,1.88,Graduate
1,17,0,9437,1,1,142.8,1,19,37,8,9,128.6,1,0,0,1,0,0,21,0,0,7,8,6,12.719926762865585,4,0,5,8,6,15.962437423521118,7,12.8,-0.4,0.63,Dropout
2,19,1,9493,1,1,168.8,1,37,37,1,78,125.3,0,0,0,0,1,1,23,0,0,7,8,0,9.716498934908511,0,0,12,9,1,11.901964615790428,0,15.8,-0.5,0.2,Graduate
1,2,2,8963,1,2,133.1,1,4,39,7,11,99.3,1,0,0,1,0,0,18,0,0,7,8,5,10.841008712965246,0,0,6,8,8,15.867013952970428,0,7.9,0.5,0.72,Enrolled
1,2,1,9076,1,1,141.7,1,37,37,8,10,136.0,1,0,0,1,0,0,17,0,0,6,5,5,16.480806276087694,0,0,8,8,6,13.331328316527676,0,16.2,0.6,-2.04,Graduate
2,18,1,9028,0,2,130.4,1,38,39,7,4,111.1,0,1,0,0,0,0,35,0,0,13,4,0,0.0,0,0,5,10,0,11.984062348856206,0,16.2,-0.6,0.51,Dropout
1,3,1,9173,1,1,104.0,1,39,20,5,12,130.3,1,0,0,1,0,0,17,0,0,5,8,3,11.176497260421389,0,0,6,11,4,13.467150530608714,3,13.1,0.7,0.09,Graduate
1,15,1,9243,1,1,127.7,1,19,38,8,8,137.4,1,0,0,1,0,0,17,0,0,7,18,7,11.244866206275002,1,0,5,7,3,14.021533604315191,0,10.9,2.6,0.1,Enrolled
1,2,1,8942,1,1,125.3,1,2,3,9,4,126.3,0,0,0,1,0,0,17,0,0,7,12,3,16.395685111033565,0,0,6,11,6,11.895007552802557,0,15.4,3.1,-1.08,Graduate
4,1,1,9035,1,42,120.2,1,10,3,7,12,113.4,0,0,0,1,1,0,32,0,0,7,6,1,9.918075674616603,0,0,5,7,0,14.2291115808585,0,16.2,-0.5,-1.64,Enrolled
1,1,1,9546,1,43,133.1,1,35,35,8,8,146.4,0,0,1,0,1,0,30,0,0,5,4,0,11.94159221360504,0,0,5,10,0,14.396997753968783,0,13.0,1.5,-0.6,Dropout
2,46,1,9283,1,16,136.6,1,37,36,194,8,117.0,0,0,0,0,0,0,24,0,0,5,4,5,0.0,0,0,6,8,0,0.0,0,7.7,3.7,1.28,Dropout
1,3,1,9068,1,2,145.2,1,1,1,9,195,126.2,1,0,0,1,0,0,17,0,0,7,8,7,0.9837556915408067,0,0,8,0,6,14.009350252641882,0,7.6,-0.3,3.51,Enrolled
1,2,2,9153,1,1,128.1,1,20,37,10,9,127.8,1,0,0,1,0,1,19,0,0,7,8,6,12.343748876316587,0,0,6,9,6,12.6513467495101,0,13.0,-0.0,1.76,Graduate
1,17,3,9387,1,1,133.5,1,39,36,6,10,124.0,0,0,0,1,1,0,29,0,0,10,8,0,14.511777082861652,0,0,5,11,4,14.280112116685423,0,16.2,2.6,-4.06,Dropout
1,1,1,8233,1,1,130.1,1,39,38,2,5,137.3,0,0,0,1,0,0,24,0,0,5,7,1,0.0,0,0,15,0,2,13.142946102198321,0,10.9,3.7,-2.19,Dropout
5,38,1,9121,1,40,133.3,1,37,37,10,10,112.0,0,0,1,1,1,0,22,0,0,5,7,0,0.0,0,0,5,6,8,0.0,0,10.2,3.2,-1.26,Dropout
1,45,1,9136,1,22,137.2,1,19,20,1,6,109.2,0,0,0,1,1,0,17,0,0,7,7,2,13.26799469230279,0,0,23,7,6,12.254013831738675,0,11.5,-0.6,-2.11,Dropout
2,38,1,9272,1,1,123.4,1,36,37,10,9,123.2,0,0,1,1,0,0,30,0,2,5,11,4,13.501909297884227,0,0,10,8,6,11.419473907626148,0,11.1,1.4,0.18,Dropout
1,1,1,9310,1,1,135.1,1,1,37,9,10,132.7,0,0,1,0,1,0,19,0,0,5,0,5,10.833127716757105,0,1,5,8,0,0.14458325868592406,0,16.2,2.6,0.37,Dropout
1,47,1,7615,1,1,132.5,1,36,19,6,11,128.8,0,0,0,1,0,0,18,0,0,6,7,7,14.58736697587794,0,0,7,7,6,9.718928468963595,0,7.6,2.7,1.7,Graduate
1,2,6,8782,1,1,128.7,1,3,19,8,8,131.1,1,0,0,1,0,1,17,0,0,6,7,5,9.766173921414907,0,0,8,7,4,13.731649829423839,0,7.6,0.8,-1.98,Graduate
1,18,1,9085,1,2,152.0,1,1,37,10,7,112.6,1,0,0,1,0,0,18,0,0,7,4,5,14.550365305327725,0,0,6,14,6,13.966021311548847,0,11.1,0.8,1.81,Graduate
1,2,1,9127,1,1,160.5,1,2,2,7,2,177.9,1,0,0,1,0,0,17,0,0,9,7,5,11.532065810733119,0,0,6,10,6,11.748129587859673,0,7.8,0.3,-0.9,Graduate
1,52,1,8907,0,1,141.6,28,39,38,175,8,136.7,1,0,0,0,0,0,19,0,0,6,8,6,12.414901775153176,0,0,6,7,4,0.0,0,13.0,0.5,1.86,Dropout
1,16,2,9138,1,1,142.1,1,1,19,11,10,101.6,1,0,0,1,0,1,19,0,0,7,8,6,13.040836836065326,0,0,8,10,3,15.859991700404118,0,12.5,0.4,1.9,Graduate
1,1,1,9874,1,17,128.5,1,36,38,10,2,123.5,0,0,0,0,1,0,21,0,0,5,7,5,11.085870122775535,0,0,16,0,5,10.262824441281738,0,15.4,0.6,0.4,Dropout
1,45,1,9130,1,39,120.5,1,37,1,5,92,124.8,1,0,0,1,0,0,18,0,4,5,12,5,0.0,0,0,14,8,7,0.0,4,16.0,2.9,3.3,Dropout
1,1,5,9067,1,1,124.4,1,1,2,4,8,123.0,1,0,1,1,0,0,17,0,7,10,5,7,15.902791428908435,0,0,8,5,3,11.763578075616424,0,13.0,0.4,1.53,Graduate
1,17,2,8912,1,1,116.7,1,1,37,7,7,131.4,1,0,0,1,0,0,18,0,0,6,8,7,14.927829999858528,0,0,22,8,6,11.115077314641999,0,12.4,1.6,-0.86,Graduate
1,1,6,9279,1,1,120.6,1,38,38,7,10,124.3,1,0,0,1,0,0,19,0,0,6,8,5,10.996433108046926,0,0,14,7,6,13.076930663072122,0,13.1,1.5,1.94,Graduate
1,17,3,9130,1,1,115.8,1,37,35,8,8,95.0,0,0,0,1,0,0,43,0,0,6,9,6,9.644586944392879,0,1,17,7,5,13.580440880561214,0,12.9,0.7,-3.15,Graduate
1,45,1,8964,1,1,144.7,1,36,36,8,8,126.2,0,0,1,1,0,1,19,0,0,8,17,3,15.776453217823812,0,0,6,14,6,0.062352835336858134,0,11.3,-0.4,1.73,Dropout
1,18,1,9034,1,1,145.1,1,37,37,9,1,135.2,1,0,0,1,0,1,19,0,0,5,9,4,10.951305773533887,0,0,6,8,3,13.621239227496213,0,8.8,0.6,1.49,Enrolled
1,46,1,9282,1,1,135.0,1,2,38,7,11,109.8,0,1,0,1,0,0,19,0,0,6,7,6,11.266230653036631,0,0,7,9,5,15.231474323134101,0,11.2,0.3,0.5,Graduate
1,2,3,9823,1,1,143.3,1,4,38,7,5,131.8,1,0,0,1,0,0,31,0,0,7,7,5,14.109251378789184,0,0,16,8,6,12.884681899475826,0,12.8,3.7,1.76,Graduate
1,45,1,8852,0,4,136.2,1,36,38,10,11,135.0,0,0,0,0,1,0,31,0,0,5,0,2,0.0,1,0,5,0,0,0.0,0,8.2,1.4,0.65,Dropout
1,48,1,9458,1,1,137.5,1,37,1,9,11,105.1,0,0,0,0,1,0,23,0,0,5,21,2,14.640615341845683,0,1,5,7,8,12.255347944198597,0,10.9,-0.7,-1.04,Dropout
1,42,1,9168,1,1,120.6,28,37,1,5,11,97.9,1,0,0,1,0,0,18,0,0,7,8,4,14.386155325211716,0,0,23,9,6,13.496780787972666,0,14.0,0.7,-1.84,Graduate
1,2,1,9153,1,1,131.7,1,19,37,2,10,116.1,1,0,0,1,0,0,17,0,0,7,6,7,13.592581221614017,0,0,8,8,2,14.626152424005355,0,16.2,3.6,1.61,Graduate
1,16,1,9330,1,1,117.1,1,5,1,9,12,124.9,1,0,0,1,0,1,17,0,0,7,8,7,13.632834207288102,0,0,8,4,6,13.519886055384381,0,15.0,-0.2,0.39,Graduate
2,17,1,8909,0,1,128.4,1,3,37,10,9,128.3,0,0,0,1,0,0,24,0,0,5,12,0,12.174976598042562,0,0,6,10,0,0.0,0,7.6,1.6,1.84,Dropout
1,1,6,9035,1,1,117.8,1,40,37,11,9,105.7,1,0,0,1,0,0,17,0,0,7,5,5,10.879948847919753,0,0,6,10,4,14.962413829926572,0,14.8,3.5,0.8,Graduate
1,1,1,8953,1,1,135.5,1,35,35,10,11,108.0,1,0,0,0,1,0,18,0,0,5,9,5,11.946953897710015,0,0,0,11,0,10.890721520254308,0,16.2,0.4,-1.55,Dropout
1,18,1,9643,1,1,126.7,1,35,19,9,10,114.9,0,0,0,1,0,0,17,0,0,6,7,24,14.245164491430268,0,0,6,13,6,11.402941292986695,0,7.9,1.5,0.44,Graduate
1,16,1,8871,1,2,123.6,1,3,39,12,124,109.1,0,0,0,1,0,0,18,0,0,5,7,6,9.8120813505924,0,0,15,7,1,16.435515357922696,0,16.2,-0.8,0.34,Enrolled
1,16,3,9330,1,1,147.9,1,39,39,10,6,110.7,1,0,0,0,0,0,19,0,0,5,6,4,14.49929372282011,0,0,8,6,5,13.448210884791155,0,8.0,-0.2,0.68,Dropout
1,2,6,9240,1,7,134.9,1,38,31,11,6,105.9,0,0,0,1,0,1,17,0,0,6,14,6,10.433554044955345,0,7,5,7,8,9.53328693942595,0,12.7,2.7,-2.14,Dropout
5,19,1,9799,1,3,132.7,1,35,37,10,3,131.3,1,0,0,0,1,0,31,0,0,5,8,0,15.447412867765411,0,0,13,0,0,0.0,0,8.3,-0.4,-1.97,Dropout
1,40,1,9111,1,1,133.5,1,36,2,10,9,103.9,0,0,1,0,1,0,34,0,0,5,0,0,0.0,0,0,5,8,0,0.0,0,13.9,1.5,0.58,Dropout
1,1,4,9347,1,40,130.0,1,34,35,10,7,117.5,0,0,0,1,0,0,17,0,10,7,8,5,16.304838560875694,0,0,16,7,6,11.057169256631001,0,12.9,1.4,0.26,Graduate
1,41,2,9042,1,1,133.7,1,4,33,12,9,119.9,1,0,0,1,0,0,19,0,0,7,8,6,12.357092487668714,0,0,7,10,6,14.831244817907825,0,10.8,-0.7,1.88,Enrolled
1,1,1,8909,1,1,128.6,1,1,1,8,11,139.7,1,0,0,1,1,0,18,0,0,6,6,4,11.591320680554363,0,0,6,9,5,11.357446064674658,0,12.8,1.5,-3.57,Graduate
1,18,9,9096,1,1,134.4,1,39,37,8,5,141.7,1,0,0,1,0,0,19,0,0,5,8,5,14.802636588675789,0,0,5,7,9,11.565181300990266,4,13.1,-0.1,0.47,Enrolled
1,18,5,9136,1,1,123.3,1,37,37,6,5,146.7,0,0,0,1,0,0,34,0,0,7,6,3,11.922843195937803,0,0,6,9,8,13.092222575824938,0,12.7,3.7,-1.0,Enrolled
1,38,1,9436,0,19,136.7,1,35,37,10,11,111.2,0,0,1,0,1,0,40,0,0,5,0,0,0.0,0,0,5,0,1,0.0,0,15.6,2.6,0.6,Dropout
1,1,1,9604,1,1,133.8,1,18,38,9,0,95.2,1,0,0,1,0,0,17,0,0,6,7,1,10.418047348910449,0,0,8,12,5,14.058396015543993,0,14.1,-0.4,-1.88,Dropout
1,44,1,9476,0,4,130.4,1,36,19,10,5,114.4,0,0,0,1,1,0,39,0,2,5,13,0,0.3538461493359184,0,0,1,0,5,0.48352449023266036,0,16.2,0.8,-1.98,Dropout
1,1,1,9329,1,1,131.6,1,18,36,8,9,125.5,1,0,0,1,0,0,18,0,0,7,7,6,16.59913546300753,0,0,6,7,2,14.575773420420946,0,12.7,1.5,1.91,Graduate
1,39,1,7660,1,1,136.6,1,1,1,9,8,122.0,0,0,0,1,1,0,19,0,0,7,1,21,11.07797293917334,0,0,6,0,0,11.828436418266346,0,12.3,-0.2,0.38,Dropout
1,47,5,8851,1,1,132.2,1,38,36,9,11,107.1,1,0,0,1,0,0,18,0,0,7,7,6,11.613197765554116,0,0,8,9,6,13.050260660132544,0,16.0,0.6,0.93,Graduate
1,17,1,7581,1,2,130.6,1,36,37,10,106,138.3,0,0,0,1,1,0,37,1,0,5,6,0,0.0,0,0,5,0,4,11.871970012344773,0,8.1,2.9,3.15,Dropout
1,36,1,9048,1,1,127.6,1,3,20,11,4,127.4,1,0,1,1,1,0,19,0,0,7,10,0,8.972413460826385,0,0,7,9,6,0.5707976963911578,0,12.8,2.6,0.7,Enrolled
1,17,1,9257,0,1,139.4,1,2,37,7,6,133.8,0,0,0,1,0,0,18,0,5,4,7,3,11.458527154349946,0,0,5,8,4,10.779041285623839,0,8.0,1.5,1.71,Dropout
1,1,3,9114,1,1,112.0,1,18,1,6,11,125.4,1,0,0,1,0,0,19,0,0,7,7,7,17.049544208073815,0,0,8,10,7,12.487557909028961,0,7.6,2.7,3.51,Enrolled
1,18,1,9005,1,1,127.7,1,2,35,4,9,110.0,1,0,0,1,0,1,19,0,2,7,8,7,14.548301719229887,0,0,17,13,7,11.869925338717028,0,9.9,1.5,1.08,Graduate
4,52,1,7823,1,15,186.4,3,2,38,4,9,128.0,0,0,0,1,0,0,20,0,0,6,7,5,9.831764908975497,0,0,7,6,3,15.163057553427603,0,12.8,1.5,0.67,Enrolled
5,40,1,9087,1,1,133.3,1,2,19,4,3,112.1,0,0,1,1,0,0,18,0,0,7,9,5,11.932875710299989,0,1,14,6,7,14.886215995986314,0,10.2,0.5,-4.06,Enrolled
4,39,1,9004,1,1,131.7,1,1,37,4,12,109.8,0,0,0,1,1,0,24,0,20,7,5,0,0.01738254781402192,0,0,5,0,0,0.22624777500975765,0,13.0,2.9,-4.06,Dropout
1,38,3,9160,0,6,129.0,1,36,37,7,12,118.7,0,0,0,0,1,0,23,0,0,5,8,0,0.0,0,1,5,5,2,10.955040714265186,0,11.4,-0.8,-1.48,Enrolled
1,17,1,9469,1,1,113.1,1,1,38,5,11,104.9,1,0,0,1,0,0,18,0,0,6,7,5,11.867482321261289,0,0,6,6,6,14.25868401627642,0,11.3,0.5,3.14,Graduate
2,38,1,8999,1,37,130.0,1,39,3,11,10,118.3,0,0,1,0,0,0,19,0,0,5,5,0,0.0,0,1,1,0,0,0.16550123124073254,0,7.6,1.5,3.5,Dropout
1,42,4,8132,1,1,144.2,1,38,36,10,3,127.0,1,0,0,1,0,0,18,0,0,7,11,0,0.0,2,0,1,8,7,13.525520311922877,0,12.7,1.5,-3.26,Graduate
1,18,4,9088,1,1,124.4,1,37,38,8,5,113.6,0,0,0,1,0,1,18,0,0,6,9,6,10.542010665841827,0,0,8,8,6,15.22774918092844,0,16.2,0.6,1.75,Graduate
1,19,1,9462,1,1,135.2,1,37,35,10,0,108.2,0,0,0,0,1,0,17,1,0,5,13,4,0.0,0,1,5,9,0,0.6364087500906667,0,16.2,2.9,1.48,Enrolled
1,15,1,9201,1,1,135.8,1,36,37,4,10,121.3,1,0,0,0,1,0,27,0,7,5,12,0,0.5795517950795681,0,0,6,7,0,0.9590487247577393,0,7.6,3.7,0.26,Dropout
1,17,2,9174,1,1,134.0,1,38,38,8,10,119.8,0,0,0,1,0,0,18,0,0,5,5,7,9.847456095281366,0,0,8,8,1,0.0,0,16.2,-0.8,-1.7,Enrolled
1,16,1,9066,1,1,124.1,1,39,19,9,8,164.6,1,0,0,1,0,0,25,0,0,7,6,6,12.602279228764377,0,0,5,12,5,14.280888712985925,0,9.7,-0.5,1.63,Enrolled
1,17,1,9048,1,35,137.6,1,37,38,11,8,111.7,1,0,0,1,0,0,20,0,0,5,6,3,11.020948269464672,0,0,6,11,8,11.139232564284494,0,12.6,1.4,-4.06,Dropout
1,16,5,9715,0,1,134.2,1,38,1,7,11,155.7,1,0,0,1,0,0,18,0,5,5,5,5,12.443233992002359,0,0,7,5,1,14.634101218505053,0,13.1,-0.8,2.13,Graduate
1,1,3,9073,1,1,125.6,1,1,1,9,7,119.9,1,0,0,1,0,0,18,1,0,8,7,5,15.143545666435552,0,0,6,7,6,12.44223089671846,0,8.1,0.6,2.06,Graduate
1,15,1,9543,1,1,107.8,1,38,37,3,8,113.3,1,0,0,1,0,0,19,0,0,7,6,7,12.682731443508706,0,0,8,10,6,14.50541287292424,0,12.7,-0.6,-1.64,Graduate
1,16,1,9957,1,1,190.0,1,37,37,8,7,136.2,1,0,0,1,0,0,17,0,10,5,13,7,10.79024482819147,0,0,7,8,6,15.965114069810115,0,12.6,-0.1,2.0,Enrolled
2,19,5,8927,1,21,173.4,1,37,36,11,7,133.8,0,0,0,0,0,0,18,0,0,5,10,1,9.380896051014718,0,0,7,8,0,0.10558456615703028,0,15.5,1.4,-1.67,Enrolled
1,5,1,8980,0,1,120.3,1,26,3,6,10,95.5,1,0,0,1,0,0,18,1,0,6,14,7,8.417662809768307,0,0,6,8,3,12.388744890458831,0,9.4,0.5,0.41,Graduate
1,41,1,9532,1,1,136.7,1,39,36,72,6,106.9,0,0,0,1,0,1,18,0,0,6,10,7,10.78732437745,0,0,0,8,6,11.390755648150934,7,16.2,1.3,-2.12,Graduate
1,41,2,9371,1,1,121.0,1,4,39,5,6,128.8,1,0,0,1,0,1,19,0,0,6,8,6,14.906011700885937,0,0,6,10,6,14.575471004672332,0,10.0,-0.7,-0.93,Graduate
1,17,1,9315,1,1,131.5,1,2,4,9,11,131.0,1,0,0,1,0,0,17,0,0,13,8,6,12.118628693725242,0,0,7,6,4,11.650057045890449,8,11.3,3.7,0.16,Graduate
1,2,1,8855,1,1,134.5,1,37,3,10,8,115.5,1,0,0,1,0,0,17,0,2,5,8,5,9.966633592747208,0,0,5,10,6,11.61064729655365,0,11.5,1.3,-3.8,Dropout
1,1,1,9344,1,1,152.7,1,2,20,10,5,124.1,1,0,0,1,0,1,17,0,0,7,8,7,15.39737341915157,0,0,8,7,6,15.095693195012338,0,7.8,1.4,-3.01,Graduate
1,38,2,9675,1,43,131.7,1,37,36,8,11,97.8,0,0,0,1,0,0,19,0,0,5,13,6,11.722832072708758,0,0,6,5,6,15.779882638793364,0,9.2,-0.3,0.89,Dropout
4,17,1,9264,1,2,129.7,1,36,31,11,12,113.3,0,0,0,1,1,0,30,0,0,5,11,5,13.09127010347878,0,0,8,8,6,11.399472011562125,0,11.0,3.7,0.41,Graduate
1,19,1,9991,1,1,131.8,1,35,37,2,8,113.5,0,0,0,0,1,0,32,1,0,5,0,0,0.0,0,0,5,7,0,0.0,0,16.2,1.5,0.24,Dropout
1,41,1,9100,1,20,130.4,1,37,1,10,9,132.3,0,0,0,1,1,0,22,0,0,5,8,0,9.843008461635506,0,0,13,4,15,10.023576888874151,0,7.6,2.9,0.05,Dropout
2,40,1,9076,1,16,120.4,1,34,3,9,95,146.8,0,0,1,0,1,0,58,0,0,5,10,0,0.0,0,0,5,5,0,0.4164457508887813,0,11.5,1.5,0.37,Enrolled
1,37,1,9052,1,1,132.7,1,1,38,7,7,131.1,1,0,0,1,0,0,20,0,0,5,5,3,8.53093518853099,0,0,7,7,4,11.523511282865524,1,12.0,2.9,-2.05,Graduate
1,15,1,8867,1,1,132.7,1,2,3,9,10,130.3,1,0,0,1,0,1,17,0,0,8,7,6,11.02310668144864,0,0,8,19,8,13.951706100884268,0,9.4,0.8,-1.98,Graduate
1,2,3,9028,1,1,120.9,1,5,36,8,8,123.9,1,0,0,1,0,0,17,0,0,6,8,5,14.957470665922504,0,0,13,7,6,15.93675348394731,0,12.9,3.7,-1.68,Graduate
2,43,1,9560,0,3,153.6,1,37,39,8,7,104.8,0,0,1,0,1,0,18,0,0,5,0,0,9.983991835773695,0,0,8,5,0,9.344734136563222,0,9.7,3.0,3.09,Dropout
5,39,3,9910,1,1,140.0,1,17,1,0,10,101.1,1,0,1,1,0,0,17,1,0,7,6,8,11.79066828907272,0,0,11,0,5,9.874510758307972,0,14.3,1.4,0.3,Graduate
1,1,3,9722,1,1,163.4,1,19,20,7,11,130.6,0,0,0,1,0,0,17,0,0,12,10,7,11.519428490744547,0,0,7,8,6,12.546463254295405,1,8.2,-0.1,0.6,Enrolled
1,38,1,33,0,20,136.2,1,1,1,11,1,106.2,0,0,1,0,1,0,39,0,0,5,10,5,0.0,0,0,5,4,0,0.0,0,13.5,2.8,0.23,Dropout
1,16,1,9767,1,1,125.1,1,36,19,6,6,99.8,0,0,0,1,0,0,18,0,0,7,7,6,13.961153541504288,0,10,5,13,6,15.484638474309207,0,13.1,1.4,1.1,Graduate
2,40,5,9380,1,1,130.4,1,36,38,91,11,102.7,0,0,0,1,0,0,31,0,2,5,5,1,0.0,0,0,8,0,2,0.0,0,12.8,-0.7,2.02,Enrolled
1,16,3,8969,1,1,124.5,1,2,36,1,9,121.0,1,0,0,1,0,0,17,0,0,6,5,6,12.071776421594555,0,0,8,7,7,11.431582217447483,0,9.8,0.2,2.16,Graduate
2,41,1,9150,0,1,119.4,1,1,39,4,8,125.8,1,0,0,1,0,0,20,0,0,6,7,5,10.212084937826656,0,1,6,5,5,11.832026459028803,0,12.2,0.8,3.13,Dropout
1,2,1,9991,1,1,163.6,1,37,39,8,5,127.9,0,0,1,0,1,0,22,0,0,5,8,3,0.0,0,0,7,4,0,0.3053921390287228,0,9.7,-0.8,-2.0,Dropout
2,46,1,9192,1,1,170.9,1,37,37,10,4,164.1,0,0,0,0,1,0,36,0,0,5,0,2,0.0,0,0,5,6,0,0.0,0,12.8,1.4,-3.07,Dropout
1,18,1,9671,1,1,127.5,1,2,5,9,2,117.0,1,0,0,1,0,0,21,0,0,7,8,5,11.14644411850819,0,0,6,8,7,13.509594132503539,0,13.0,0.6,-0.83,Graduate
1,47,3,9025,1,1,139.1,1,1,36,9,5,109.5,1,0,0,1,0,0,17,0,0,7,6,7,15.136050245381798,0,0,8,7,6,13.632091552007958,0,12.6,1.6,1.87,Graduate
1,17,1,9198,1,42,130.8,1,36,36,8,9,128.9,0,0,0,1,0,0,19,0,0,7,11,3,0.0,0,0,7,5,0,0.03580815376776358,3,12.9,-0.6,-3.65,Dropout
1,3,1,8934,0,1,134.0,1,40,4,8,11,136.8,1,1,0,1,0,0,19,0,0,7,6,9,12.043165867698876,0,0,5,7,1,0.0,2,10.9,2.9,0.22,Dropout
1,16,1,8959,1,1,121.3,1,5,39,9,5,139.9,1,0,0,1,0,0,19,0,0,7,7,6,13.1762083661025,0,14,6,7,5,12.786467357387219,0,7.6,3.7,1.62,Graduate
1,18,1,8971,1,1,134.0,1,38,36,9,7,95.9,1,0,0,1,0,1,19,1,0,6,8,6,0.1658839878395562,0,0,5,10,6,15.334562248528552,2,9.9,3.7,-3.1,Graduate
1,16,1,8812,1,1,137.1,1,20,18,11,9,118.3,0,0,0,1,0,0,17,0,0,10,7,0,9.400871333572013,3,0,6,7,8,13.819656980036138,1,7.9,3.0,1.74,Dropout
1,2,3,9393,1,2,142.2,1,4,37,4,10,100.7,1,1,0,1,0,0,17,0,10,7,8,0,15.58478264520339,0,0,8,10,6,15.85934865814494,0,8.2,1.5,1.62,Graduate
1,19,2,9529,1,1,104.7,1,1,36,6,5,116.1,1,0,0,1,0,1,17,0,0,6,7,7,11.74594278483967,0,0,8,5,13,12.613741530154922,0,9.6,1.4,-0.61,Graduate
1,2,1,9058,1,1,147.4,1,19,39,11,7,124.7,0,0,1,1,0,1,18,0,7,8,7,6,10.716424318989786,0,1,5,5,7,13.32013075075573,0,9.6,-0.2,1.42,Enrolled
1,2,1,9144,1,1,144.7,1,18,36,9,6,114.7,1,0,0,1,0,0,30,0,0,7,7,6,13.6823070850524,0,1,6,6,7,12.631192544350519,0,9.7,0.6,-3.05,Graduate
1,1,1,9673,1,4,131.4,1,18,37,103,9,116.8,0,0,0,1,0,0,18,0,0,8,6,5,11.910866157987389,0,0,8,7,4,0.0,0,8.1,2.8,1.73,Graduate
1,47,1,9087,1,1,123.9,1,38,36,11,8,121.1,0,0,0,1,0,0,41,0,2,7,13,7,13.071881438673675,1,0,8,7,16,11.345376024715392,0,11.3,-0.5,0.17,Dropout
1,45,1,8690,1,36,119.7,1,38,1,11,4,95.0,0,0,0,1,0,1,20,0,0,16,7,6,13.115256133756592,0,0,8,6,5,12.114803135853165,0,15.5,3.0,-1.05,Dropout
1,40,2,9149,1,1,120.8,1,36,1,0,5,114.9,0,1,0,1,0,0,18,0,3,7,5,5,9.57461659881611,0,0,6,0,7,14.556658603163612,0,12.3,0.5,-3.5,Graduate
1,16,2,9313,1,1,145.8,1,18,5,4,8,134.8,1,0,0,1,0,0,18,1,0,6,17,6,13.787412400530982,0,0,5,11,6,16.13674268380578,0,9.6,1.5,-4.06,Graduate
1,19,3,9147,1,9,128.4,1,20,19,8,9,121.4,0,0,0,0,0,0,21,0,0,7,8,7,10.823139500505224,0,0,8,7,6,13.813767395382559,0,11.4,1.6,1.57,Graduate
1,1,2,9171,1,1,138.1,1,17,37,0,6,112.8,0,0,0,1,0,0,49,1,0,6,8,3,9.771878542651399,0,0,2,9,6,12.305329124403302,0,13.1,1.4,-3.26,Graduate
2,42,1,9245,1,1,124.0,1,34,1,8,7,109.0,0,0,1,0,1,0,19,0,18,0,5,0,0.0,4,0,1,4,0,0.0,0,7.9,-0.8,-1.77,Dropout
1,1,3,9164,1,1,127.9,1,2,38,7,12,128.7,1,0,0,1,0,0,18,0,0,7,8,5,12.893301987504714,0,9,5,7,2,9.164287606095469,0,8.0,1.4,1.48,Enrolled
1,1,1,8988,1,1,136.0,1,4,1,8,8,120.1,1,0,0,1,0,1,17,0,0,6,8,6,14.628341834967971,0,0,8,8,6,15.814348901753611,0,13.8,0.6,0.75,Graduate
1,8,1,9029,1,1,174.6,1,19,35,11,6,114.2,1,0,0,1,0,0,19,0,0,11,13,6,11.194970469515734,0,0,1,9,5,16.212956560380366,0,14.0,1.5,-1.73,Graduate
1,42,1,9330,1,1,133.8,1,40,37,12,8,96.2,0,0,0,0,0,0,23,0,0,5,11,6,9.251794261850607,0,0,10,4,0,11.079308396068559,0,7.6,0.4,0.45,Dropout
1,40,1,9111,1,37,137.3,1,38,38,7,2,140.6,0,0,0,1,0,0,30,0,2,5,5,0,10.85253590933963,0,0,8,1,0,0.0,3,8.1,3.0,3.23,Dropout
1,17,1,8837,1,1,126.8,1,39,36,8,7,98.3,0,0,0,1,1,0,17,0,0,7,10,14,0.5203057938874431,0,0,5,17,2,0.7512830451698409,0,12.5,3.5,-3.58,Graduate
1,15,4,8897,1,6,134.8,1,28,37,9,5,138.0,0,0,0,1,1,0,20,0,8,7,7,2,0.0,5,0,5,6,0,0.6117812436623246,2,7.6,1.5,-3.6,Dropout
1,18,1,9794,0,1,139.3,1,36,37,9,7,131.4,0,0,0,1,0,0,19,0,7,5,6,2,11.897309597267455,0,0,15,10,5,11.710328517053895,0,15.9,1.5,-3.49,Enrolled
2,1,1,9330,1,1,130.5,1,37,2,9,128,148.3,0,0,0,1,1,0,19,0,15,5,11,4,10.18930014486101,0,0,13,10,2,13.88917266469841,1,11.0,-0.6,1.38,Graduate
2,51,3,9049,1,1,121.9,1,18,37,9,10,112.0,0,0,0,1,0,0,17,0,13,7,5,4,0.0,0,0,0,9,6,13.725061069326163,0,11.1,-0.5,-4.06,Dropout
1,10,3,9087,1,1,141.9,1,1,38,0,6,100.7,1,0,0,1,0,0,18,0,0,6,7,5,10.160621859144545,0,0,8,8,6,11.24323780984262,0,11.2,0.5,-2.92,Graduate
2,45,1,9127,1,36,137.2,1,1,37,12,6,95.0,0,0,0,1,1,0,18,0,0,6,9,5,0.0,0,0,7,10,8,10.108877905313136,0,7.6,1.5,1.85,Enrolled
1,2,4,9032,1,1,96.5,1,20,37,5,11,114.1,1,0,0,1,0,0,17,0,0,6,8,7,16.190832462072848,0,0,8,21,6,13.627995010133931,0,12.4,0.7,1.87,Graduate
1,2,1,9197,1,1,138.4,1,4,29,11,3,116.5,0,0,0,1,0,1,18,0,0,6,6,6,16.505883557413025,0,0,6,9,6,11.428404400447693,0,9.3,2.7,0.67,Graduate
1,17,1,9451,1,1,155.2,1,2,37,10,0,109.5,0,0,0,1,0,0,25,0,10,8,21,6,15.395604542388446,0,0,7,5,5,13.452747246895358,0,16.2,0.3,0.24,Graduate
1,16,2,9167,1,1,168.1,1,2,39,11,1,128.6,1,0,0,1,0,0,19,0,0,5,9,6,13.179784445641646,0,0,6,9,7,17.41171563799748,0,13.0,1.5,1.89,Graduate
1,2,1,9418,1,1,131.1,1,18,38,9,6,115.4,0,0,0,1,0,0,18,0,0,8,7,5,16.88106286172757,0,0,5,7,2,12.697953418215752,0,7.8,1.4,0.11,Graduate
1,2,1,8845,1,2,190.0,1,4,39,10,5,142.7,1,0,0,1,0,0,17,0,0,6,7,7,12.625962255843831,0,0,8,8,6,14.047640595003875,0,11.1,2.9,1.5,Graduate
1,39,1,8901,1,1,117.3,1,1,38,11,8,123.8,0,0,0,1,0,1,18,0,0,7,8,6,10.300934337040497,0,0,5,8,6,10.317721268369478,0,8.9,0.1,-1.4,Dropout
1,39,1,9451,1,7,132.3,1,35,1,11,12,121.3,1,0,1,0,1,1,26,0,2,5,4,22,0.5960348387251516,0,0,7,13,5,13.26550861332838,0,12.6,2.7,3.51,Dropout
1,44,1,9055,1,14,136.0,1,1,37,10,90,131.2,0,0,1,1,1,0,18,0,0,13,9,0,0.0,0,0,9,10,0,10.591622005025071,4,7.6,3.7,0.82,Dropout
1,17,5,9958,1,2,135.3,1,37,37,7,0,140.1,1,0,0,1,0,0,19,0,0,6,15,6,12.257490932416204,0,2,5,8,0,12.485566154855801,0,12.3,-0.2,-0.97,Dropout
1,16,2,8913,1,1,180.3,1,1,37,5,94,149.0,1,0,0,1,0,0,17,0,0,6,7,5,15.229253286512368,0,0,8,10,5,16.185786353822333,0,8.2,1.4,1.95,Enrolled
1,47,1,9181,1,1,134.7,1,1,37,10,6,110.8,0,0,0,1,0,0,17,0,0,6,2,5,13.216435711589835,0,0,8,5,6,10.259201180923135,0,15.7,-0.6,0.08,Enrolled
2,38,1,9991,0,1,128.1,1,35,37,11,5,110.1,0,0,0,0,1,0,25,0,0,5,9,0,0.0,0,0,1,4,0,1.070091613823788,0,9.2,2.7,-3.38,Dropout
2,17,2,9111,0,1,129.9,1,19,36,1,11,104.8,1,0,0,1,0,0,19,0,4,6,10,4,14.966284582724393,0,0,7,10,6,12.49880463124439,0,9.3,2.9,0.33,Enrolled
1,18,1,9782,1,1,132.1,1,37,1,5,9,113.7,0,0,1,1,0,1,18,0,0,8,7,4,14.375632314968428,0,0,8,7,6,8.992002898367684,0,16.1,1.5,-2.04,Graduate
1,2,2,8898,1,2,140.8,1,1,19,4,7,129.5,1,0,0,1,0,1,17,0,0,8,8,6,14.816215488150373,0,0,5,7,6,14.402127319365839,0,16.2,0.7,0.28,Graduate
2,40,1,9707,1,4,127.5,1,30,39,8,195,97.3,0,0,1,0,0,0,22,0,0,0,5,0,0.0,0,4,5,5,1,0.32730279288174413,0,15.8,-0.4,0.12,Enrolled
1,18,1,9393,1,1,127.9,1,1,37,2,10,116.4,1,0,0,1,0,1,18,0,0,5,8,7,16.486699728882684,0,1,6,7,4,12.74409379813002,0,13.0,-0.8,-1.49,Graduate
1,3,2,9235,1,2,116.5,1,3,39,5,141,150.1,1,0,1,1,0,0,18,0,0,7,5,7,12.17967130418155,0,0,6,8,8,12.892017809840036,0,8.4,-0.1,1.67,Graduate
1,18,1,9023,1,1,131.6,1,1,1,11,6,130.8,0,0,0,1,0,1,27,0,0,6,7,5,14.691090479008361,0,0,7,8,7,11.794236864101745,0,16.2,1.5,-2.04,Dropout
1,41,4,9452,1,1,142.4,1,38,36,6,9,110.1,1,0,0,1,1,1,36,0,0,6,8,0,14.843529300814613,0,0,6,6,0,13.896714248605642,0,12.8,1.4,1.93,Dropout
2,2,6,9702,1,1,133.3,1,1,38,10,6,113.2,1,0,0,1,0,1,18,0,0,5,8,4,12.089515159112718,0,0,5,7,6,11.35224472217468,0,11.2,2.8,1.38,Dropout
2,38,1,8914,1,14,132.8,1,1,36,9,11,154.4,0,0,0,0,1,0,26,0,0,7,7,11,11.795177049996571,0,3,8,13,0,0.0,0,16.1,1.4,-1.83,Dropout
1,43,1,9657,1,42,118.3,1,37,36,6,9,102.3,1,0,0,0,0,0,17,0,0,6,6,10,11.874901440706052,0,1,13,8,0,13.149253343612958,0,10.6,0.5,-1.52,Dropout
1,19,1,9785,1,1,130.8,1,1,35,0,0,134.9,1,0,0,1,0,0,17,0,0,8,7,5,15.860381984920329,7,0,16,8,2,10.428053477891329,0,16.2,0.8,-3.3,Dropout
5,39,1,9510,1,20,131.3,1,36,37,9,5,128.2,1,0,1,1,1,0,24,0,4,6,5,0,0.0,0,0,8,11,0,13.134630942748007,0,14.2,3.7,1.19,Enrolled
1,49,2,8976,0,1,142.1,1,38,36,0,6,113.7,1,0,0,1,0,0,17,0,0,5,6,7,16.03356833742878,0,0,6,8,6,11.562922696669638,0,11.3,1.5,-4.06,Graduate
1,19,3,9178,1,1,121.0,1,37,36,6,10,130.7,1,0,0,1,0,0,17,0,0,7,8,2,14.437627375328118,0,0,8,7,6,15.036587464475078,0,12.5,0.8,1.93,Enrolled
1,18,2,9243,1,1,153.3,1,1,36,7,8,103.8,1,0,0,1,0,0,30,1,0,6,6,6,11.370205202360781,0,0,6,8,10,9.634154337496483,0,12.7,0.8,-1.97,Graduate
1,19,1,9253,1,3,123.5,1,38,37,11,4,133.4,0,0,0,1,0,0,19,0,0,5,14,5,0.0,0,0,6,9,6,9.263772037126772,4,7.7,-0.6,1.92,Dropout
1,3,2,8969,1,1,111.7,1,1,1,8,162,132.2,1,0,0,1,0,1,17,0,0,7,7,7,10.727387499939162,0,0,6,10,6,9.990022382298019,0,11.2,0.9,1.39,Graduate
1,42,1,9010,1,1,169.8,1,35,36,9,12,123.1,0,0,0,0,0,0,17,0,0,5,0,0,0.0,0,0,5,9,6,9.5112232054216,0,7.9,2.7,-1.98,Dropout
1,41,3,9220,1,2,166.4,1,3,20,11,5,102.1,1,0,0,1,0,0,18,0,0,8,8,3,13.237934453584904,0,0,14,5,6,15.95466329621227,4,7.7,-0.6,-4.06,Enrolled
2,7,5,7549,0,14,127.1,1,35,36,6,6,102.3,0,0,0,1,0,1,42,0,0,7,6,9,9.960895448427408,0,0,8,11,4,10.872352834854887,0,12.4,-0.6,0.36,Dropout
1,2,4,9223,1,1,136.3,1,37,25,11,0,122.0,1,0,0,1,0,0,17,0,0,5,8,7,14.909056559821119,0,0,6,6,6,14.79357479608487,0,12.3,0.8,1.03,Graduate
1,38,1,9867,1,1,134.0,1,36,27,10,0,121.8,0,0,0,1,1,0,21,0,0,7,7,3,11.562773642647056,0,0,7,0,0,1.2051359730041145,0,9.1,2.9,1.52,Graduate
2,40,1,9295,1,19,129.8,1,36,36,10,2,169.1,0,0,1,0,1,0,25,0,0,5,7,0,0.3826767297290857,0,0,5,7,0,0.0,0,14.3,1.5,0.1,Dropout
2,38,1,8885,1,19,131.0,1,40,38,11,8,117.2,0,0,1,0,1,0,34,0,0,6,18,5,9.211708669779645,0,0,1,8,3,14.027041100532582,0,8.0,2.8,0.06,Dropout
1,1,1,8949,1,39,133.5,1,35,36,10,7,107.2,0,0,0,1,0,0,22,0,0,6,5,4,13.693527385958674,0,1,7,13,4,12.015783722350818,0,7.6,0.7,-2.03,Graduate
1,41,1,8879,1,1,125.4,1,39,37,9,10,111.9,0,0,0,1,0,0,18,1,0,7,8,5,10.935398324783993,0,0,6,8,0,13.06778784461521,0,16.2,0.5,-1.53,Enrolled
1,57,3,9100,1,1,126.8,1,2,39,11,160,106.7,1,0,0,1,0,1,18,0,0,7,8,6,14.264711654030606,0,0,7,8,6,14.363310827456429,0,13.9,0.9,-1.91,Enrolled
5,1,3,9270,1,1,170.4,1,35,16,0,8,132.1,1,0,0,1,0,0,28,0,0,7,8,5,15.17567533650691,1,0,8,7,0,13.457787187689526,2,7.9,0.7,1.71,Enrolled
1,39,1,8836,1,1,144.0,1,37,37,8,1,127.2,0,0,0,1,0,0,19,0,0,6,6,5,15.265937629610784,0,0,7,9,7,12.42279578160812,0,13.2,-0.5,-3.52,Graduate
1,18,6,9394,1,1,133.0,1,39,19,10,12,117.1,0,0,0,1,0,1,20,0,0,6,12,7,0.582327961292629,1,0,8,10,3,12.848648180330008,0,12.4,0.6,-1.33,Enrolled
6,18,1,9014,0,1,132.8,1,39,37,9,0,133.2,1,0,0,0,0,0,44,0,0,6,7,4,13.223885471966701,0,0,7,6,4,14.007744049262909,0,9.7,0.9,-3.45,Graduate
1,17,2,8858,1,1,147.6,1,2,36,3,6,95.0,1,0,0,1,0,0,17,0,0,5,8,8,11.23749632296294,0,0,6,10,6,13.163662540575757,0,12.8,-0.6,1.43,Dropout
2,38,2,8420,1,35,159.7,1,1,1,9,11,109.9,0,0,0,1,0,0,18,0,0,7,6,5,9.395131631589638,0,0,8,5,0,9.493263974026721,0,7.6,1.5,0.82,Graduate
1,18,1,33,1,42,128.4,1,38,17,9,94,164.9,0,0,0,1,1,0,18,0,0,5,13,9,9.479809015053782,0,0,1,6,8,13.782028338479803,0,9.2,1.6,1.81,Enrolled
1,2,3,9806,1,1,127.7,1,1,37,9,10,95.8,1,0,0,1,0,1,18,0,0,7,8,5,12.697412741606087,0,0,6,7,6,12.02080839834025,0,7.8,0.8,1.79,Graduate
1,18,4,9218,1,1,123.2,1,2,37,8,8,99.5,1,0,0,1,0,1,17,0,0,8,8,7,14.834526373841964,0,0,6,8,6,15.491180227041406,0,13.0,-0.1,-1.64,Graduate
1,46,1,9299,1,2,130.4,1,37,34,8,8,97.3,0,0,0,0,1,0,36,1,4,7,11,4,12.529846752468698,0,0,5,0,4,0.0,0,7.9,3.7,0.19,Dropout
5,18,1,9101,1,1,141.3,1,3,35,8,9,113.8,0,0,0,1,0,0,30,0,0,6,7,1,12.986262070276117,0,0,6,8,7,9.391483751323378,1,9.9,0.7,-3.26,Enrolled
1,16,1,8998,1,21,134.6,1,18,38,9,9,116.3,1,0,0,1,0,0,18,0,0,7,5,4,12.76366500881525,0,0,8,4,9,11.871600971551253,0,12.4,-0.3,1.64,Dropout
1,39,1,8940,1,43,126.5,1,37,37,5,12,106.9,0,0,0,0,1,0,18,0,0,5,6,1,0.0,0,0,22,5,0,0.0,0,16.2,3.7,1.64,Dropout
1,41,1,9226,1,36,130.8,1,2,19,194,5,118.2,1,0,0,1,0,0,18,0,0,7,8,7,11.49701374119147,0,0,7,8,1,15.125659047611649,0,11.1,0.7,-1.16,Graduate
1,16,1,8955,1,1,133.7,1,3,36,7,9,115.1,1,0,0,1,0,0,18,0,0,6,8,6,11.414092272469734,0,0,8,8,6,14.496370608504357,0,9.5,0.7,1.79,Enrolled
2,40,1,9395,1,38,136.2,1,36,37,10,10,125.4,0,0,1,0,1,0,36,0,0,5,8,0,0.0,0,0,5,0,0,0.5022158887540894,0,7.9,-0.5,0.13,Dropout
1,1,5,8915,0,1,126.6,1,33,36,194,9,165.8,1,0,0,1,0,0,18,0,0,6,8,6,12.267242333640464,0,0,8,7,6,14.5566617679252,0,15.5,-0.8,-3.45,Graduate
1,15,4,9172,0,1,175.0,1,2,37,9,4,123.1,1,0,0,1,0,0,18,0,0,7,7,5,13.114508637349694,0,0,6,8,6,15.374320498186886,0,10.9,3.7,1.59,Graduate
1,37,1,8896,1,1,137.4,1,3,36,10,8,121.9,0,0,0,1,1,1,32,0,0,7,0,5,0.0,0,0,6,9,1,12.610484803429816,0,9.8,-0.8,1.92,Graduate
3,3,1,9216,0,43,135.7,1,32,37,9,10,147.1,0,0,0,1,1,0,23,0,0,7,6,7,0.0,0,6,10,6,8,11.423617329021619,3,14.2,2.5,1.94,Dropout
1,40,1,9502,1,1,130.1,1,35,37,9,8,106.6,0,0,1,0,1,0,24,0,0,5,4,10,0.0,0,0,5,4,0,0.0,0,8.1,1.5,-1.92,Dropout
1,18,5,9221,1,1,132.1,1,1,35,12,8,129.5,1,0,0,1,0,0,17,0,0,8,13,5,14.142371757598621,0,0,8,5,6,16.32044789212163,0,10.9,-0.5,1.69,Enrolled
1,1,3,9506,1,1,131.9,1,39,36,8,4,131.6,1,0,0,1,0,1,17,0,0,7,6,7,15.1577785890961,0,0,6,8,6,11.823877803456542,0,10.0,-0.3,1.67,Graduate
1,40,1,8932,1,18,130.3,1,37,3,7,7,128.3,0,0,0,0,0,0,29,0,1,6,5,6,0.0,0,0,6,12,3,12.74162686186738,0,7.6,-0.5,1.87,Enrolled
1,40,1,9352,1,1,139.9,1,2,1,5,4,140.9,0,0,1,0,1,0,21,0,0,5,7,5,10.303855676831807,0,0,14,4,4,11.724878038596227,0,12.3,0.8,1.48,Enrolled
2,48,1,9386,0,12,139.3,1,36,37,10,0,129.9,0,0,0,0,1,0,66,0,0,5,5,3,12.118905155274101,0,0,5,0,0,0.0,0,16.2,2.8,-4.06,Dropout
1,2,1,9626,1,1,132.5,1,1,37,194,6,128.1,1,0,1,1,0,1,19,0,3,7,6,7,17.59974577034154,0,0,8,7,6,16.211727293525243,0,11.3,-0.1,1.58,Graduate
1,41,1,9161,1,2,129.7,1,35,1,8,1,104.5,1,0,0,1,0,0,17,0,20,6,17,1,0.06456274270877954,0,0,8,7,8,13.181120397917198,0,16.2,3.0,-0.9,Enrolled
1,57,1,8985,1,2,137.1,1,38,3,6,10,110.7,0,0,0,1,0,1,18,0,0,10,8,7,10.76706436503636,0,0,0,6,6,13.51966732651231,0,14.3,0.6,-3.75,Graduate
1,18,1,9825,1,3,138.8,1,21,3,7,12,142.6,0,0,0,1,0,0,17,0,0,5,7,4,15.989598680366772,0,0,5,10,2,13.248709525327508,0,13.9,1.4,0.6,Graduate
1,17,1,7683,1,1,131.6,1,1,37,10,11,118.3,0,0,0,1,1,0,22,0,0,5,8,0,0.0,0,0,5,0,0,0.3495708217734931,0,8.2,0.8,-3.61,Dropout
2,45,5,33,1,2,130.0,1,35,35,6,6,114.5,0,0,1,1,1,0,21,0,0,7,7,5,0.915373290382838,0,0,17,7,0,11.432627805439722,0,11.3,-0.6,1.68,Dropout
5,42,1,9182,1,1,137.3,1,18,3,7,6,130.2,0,0,0,1,0,0,43,0,0,14,7,3,14.871773426250181,4,0,2,12,7,11.866144719295518,0,16.2,1.6,-4.06,Enrolled
2,38,1,9002,1,37,133.5,1,38,37,9,10,102.1,0,0,0,0,1,0,17,0,0,5,0,0,0.0,0,0,5,4,0,0.0,0,15.7,3.7,0.54,Enrolled
1,17,1,9577,1,35,134.7,1,1,19,7,1,101.9,0,0,0,1,0,0,31,0,0,5,6,0,13.129708598152746,0,0,6,8,7,11.277832653620223,0,7.9,3.6,-1.62,Dropout
1,49,1,9918,1,2,131.7,1,1,37,11,8,151.6,0,0,0,0,0,0,19,0,0,5,7,6,0.4093829943551361,0,0,6,0,2,0.25235411415969616,0,12.4,3.1,0.44,Dropout
1,18,1,9807,1,1,118.8,1,19,36,11,5,123.2,1,0,0,1,0,0,18,0,0,6,8,4,15.512161967569769,0,0,5,6,6,14.060275422865319,0,11.2,1.6,-1.27,Graduate
2,37,4,9266,0,1,138.5,1,18,36,9,109,121.1,0,0,1,1,0,0,27,0,0,5,7,0,0.0,0,3,8,7,4,0.0,0,16.2,1.4,2.0,Dropout
3,2,4,9027,1,1,135.0,1,39,38,8,9,150.7,1,0,0,1,0,0,34,0,0,6,7,7,10.294633930683652,0,0,8,7,7,14.58745800167309,0,10.6,1.4,0.74,Graduate
1,43,1,2163,0,19,157.3,1,2,38,4,10,104.6,1,0,0,1,0,0,21,0,0,14,6,5,12.821543570192913,0,0,6,8,6,15.579737911741038,0,7.6,3.7,1.5,Graduate
1,16,1,8911,1,1,122.1,1,2,18,11,3,103.9,1,0,0,1,0,0,19,0,0,7,6,6,12.918298232293635,0,0,6,0,7,12.545051789815004,0,13.5,3.7,0.37,Graduate
1,42,1,9084,1,1,137.3,1,19,37,4,6,133.2,1,0,0,1,1,0,18,0,6,5,7,8,12.919279574408433,0,2,6,8,6,13.508092027916915,0,13.1,0.6,-4.06,Enrolled
2,1,1,9692,0,12,133.2,1,38,37,6,4,134.2,1,0,0,0,0,0,19,0,0,5,9,0,14.216916734573191,0,0,6,7,7,11.171111201215766,0,13.0,-0.5,1.53,Dropout
1,3,1,9114,1,1,135.4,1,1,18,11,12,130.8,0,0,0,1,0,0,17,0,13,6,7,3,12.065854228808707,0,0,1,8,6,11.974285372209165,0,15.4,0.6,0.19,Graduate
6,7,1,9529,1,1,131.8,1,36,19,6,12,115.5,1,0,0,1,0,0,20,0,0,7,7,6,10.572535400909286,0,0,15,8,4,14.606673594212165,0,15.8,3.7,0.65,Dropout
1,42,1,9042,1,6,129.7,1,3,37,10,12,113.3,0,0,0,1,1,0,18,0,0,5,7,3,10.04524258817593,0,0,5,7,8,11.670974533802019,0,16.2,1.4,-3.14,Dropout
1,16,1,8841,1,1,138.5,1,2,36,9,8,102.7,1,0,0,1,0,1,17,0,0,7,5,7,14.303993917497232,0,0,6,7,4,12.90710502114912,0,9.0,1.6,0.63,Graduate
1,42,1,9805,1,1,133.1,1,35,36,6,11,107.3,0,0,0,1,1,0,17,0,0,5,11,5,11.572446336588403,0,0,6,7,6,11.914089521646149,0,12.8,1.4,2.02,Dropout
2,2,1,9197,1,1,141.9,1,2,36,4,5,95.0,0,0,0,1,0,0,18,0,4,5,11,3,8.935597804669639,0,0,7,9,4,12.960867336724235,0,9.3,0.8,0.47,Dropout
1,16,1,9122,1,1,138.8,1,8,39,8,0,116.3,1,0,0,1,0,1,19,0,6,6,7,6,13.272863770213748,0,0,6,6,8,12.975611576807118,1,7.6,0.4,3.32,Graduate
1,1,3,9268,1,1,122.6,1,39,37,1,7,113.7,0,0,0,1,0,0,17,0,0,6,23,6,12.045251283149613,0,0,8,8,5,13.114536692128063,0,7.9,0.8,1.64,Graduate
1,17,2,9057,1,1,126.3,1,13,1,7,10,125.3,1,0,0,1,0,1,18,0,9,8,10,6,14.609977848801543,0,0,6,9,6,10.50856885559357,0,12.9,0.6,0.76,Graduate
1,36,1,9582,1,2,136.4,1,37,37,8,8,118.4,0,0,0,1,0,0,21,1,0,5,10,6,14.691426148255358,0,0,5,8,5,11.927092924468223,0,8.5,0.4,1.85,Graduate
2,49,1,7755,0,21,128.9,1,1,4,4,1,99.0,0,0,0,1,0,0,21,0,1,5,11,3,0.0,0,0,8,7,0,0.12424769841631213,0,8.2,0.6,2.82,Dropout
2,41,1,9084,1,39,136.0,1,17,38,10,8,157.4,0,0,0,0,1,0,29,0,0,5,10,0,9.617288163231443,0,0,1,10,0,12.656243048257137,0,14.0,-0.6,3.51,Dropout
1,1,3,8989,1,1,120.5,1,4,1,4,9,109.2,1,0,0,1,0,0,18,0,0,7,8,6,14.404904419721445,0,0,6,11,6,12.87308569271165,0,16.2,3.7,1.89,Graduate
1,18,1,9811,1,1,124.9,1,20,36,11,5,121.3,0,0,1,1,0,1,32,0,0,7,11,6,15.660113100822386,0,0,15,9,0,0.54614370440447,0,12.7,-0.6,0.76,Dropout
2,17,5,8931,1,1,133.4,1,38,39,3,9,124.8,0,0,0,1,1,0,20,0,0,8,10,5,0.0,0,0,5,6,0,0.8225558883913767,0,8.3,-0.8,-3.63,Dropout
1,1,3,8934,1,1,137.8,1,2,38,9,183,102.1,1,0,0,1,0,0,17,0,0,5,5,6,15.228626444153475,0,0,7,7,6,10.633357470052863,0,9.7,3.7,1.72,Graduate
1,18,1,9525,1,1,132.7,1,38,38,7,7,133.9,1,0,0,1,1,0,50,0,0,7,7,0,9.222985653126461,0,1,8,7,0,0.23605171300105543,0,16.2,-0.5,-3.36,Enrolled
1,1,4,9215,1,1,130.0,1,1,19,0,10,131.9,1,0,0,1,0,0,38,0,0,7,7,6,14.340414079760503,0,12,8,9,6,17.32985289853002,0,8.2,0.8,1.74,Graduate
1,1,3,9019,1,1,126.8,1,3,39,6,10,103.7,1,0,0,1,0,1,17,0,0,7,8,5,12.863139223566195,0,0,8,7,6,14.26284223744916,0,16.2,3.0,1.69,Graduate
1,17,2,9135,1,1,129.9,1,1,37,8,10,124.8,0,0,0,1,0,0,30,0,0,7,10,6,13.000081034421962,0,0,8,7,1,8.729377805542942,0,10.7,0.8,0.69,Graduate
1,17,1,9371,1,1,123.6,1,36,3,9,9,99.2,0,0,0,1,0,0,20,0,0,7,7,4,10.454055828451423,0,0,6,7,5,14.915456535506344,0,16.2,0.4,0.39,Graduate
1,40,1,9277,1,1,129.6,1,35,37,4,5,111.7,0,0,0,0,0,0,25,0,1,7,0,0,12.652928715876953,0,0,5,0,6,0.3470935992158657,0,12.3,1.4,-3.37,Dropout
1,17,2,8930,1,1,142.1,1,1,2,5,86,135.5,0,0,0,1,0,0,18,0,0,8,6,6,11.964029201918493,0,0,8,8,5,11.276659244469197,0,12.9,1.4,2.06,Graduate
1,1,2,9223,1,1,129.4,1,1,19,10,12,102.7,1,0,0,1,0,1,18,0,0,7,7,5,12.551259982693312,0,0,8,8,6,18.349115363234542,0,9.3,0.8,1.84,Enrolled
1,2,1,9164,1,1,137.1,1,37,36,8,10,105.8,0,0,0,1,0,0,18,0,9,5,8,6,10.970990334790164,0,0,6,7,0,14.522601553798554,0,11.2,1.4,2.01,Enrolled
1,1,1,9092,1,1,131.4,1,40,38,9,8,103.2,1,0,0,1,0,1,17,0,19,6,7,3,14.983347160884104,0,0,6,0,6,13.776889532218904,0,12.4,0.8,1.83,Enrolled
2,41,1,9225,0,1,132.4,1,37,36,8,12,112.9,0,0,0,0,1,0,31,0,0,5,0,0,0.10513139510603883,0,0,5,0,0,0.0,0,16.2,2.9,-1.05,Dropout
1,53,1,9223,0,40,132.3,1,36,38,9,113,129.4,0,0,0,1,1,0,31,0,0,5,7,5,11.055658999368612,0,1,5,5,0,0.19244846115401487,0,7.8,1.5,-1.21,Dropout
1,1,3,8915,1,1,136.7,34,36,37,5,10,132.8,1,0,0,1,0,1,18,0,0,6,5,6,12.706375061195185,0,0,6,12,6,14.117087360965675,0,10.8,-0.4,1.14,Graduate
1,42,1,9224,1,1,122.4,1,1,38,8,114,128.7,0,0,0,1,0,1,27,0,0,7,7,7,10.051116626983232,0,6,11,5,4,11.62617529245076,0,15.9,0.7,3.51,Dropout
2,39,2,8959,1,1,131.8,7,37,38,11,4,129.5,0,0,0,1,0,1,28,0,0,7,1,5,8.99275190270816,0,0,8,7,6,10.869557469594369,0,15.6,-0.6,-4.06,Dropout
1,2,2,9310,1,1,139.3,1,39,18,12,6,119.9,1,0,0,1,0,0,20,0,0,6,7,6,13.257067689775896,0,0,6,8,6,12.437369780875201,0,13.1,0.5,2.06,Graduate
1,1,2,8878,1,1,124.9,1,1,19,12,9,111.8,1,0,0,1,0,0,18,0,0,6,8,6,13.704150281985983,0,0,7,10,6,10.562148398152164,0,12.6,1.5,2.23,Graduate
1,19,4,9210,1,1,135.2,1,3,36,10,11,129.0,0,0,0,1,0,1,17,0,0,6,8,6,13.476836042163363,0,0,6,8,5,11.429359996842443,0,7.8,0.3,-1.65,Graduate
1,2,1,8988,1,1,139.0,1,1,1,12,7,113.6,1,0,0,0,0,1,17,0,0,6,7,5,11.04700136509583,0,4,6,12,8,15.407656076528454,0,11.1,-0.6,-3.41,Graduate
1,17,1,9016,1,1,127.5,1,2,38,9,2,123.5,1,0,0,1,0,0,17,0,8,7,11,4,11.498633047310944,0,0,8,7,4,14.306943056213175,0,12.7,1.3,-0.03,Graduate
1,38,1,33,0,1,134.4,1,1,19,10,9,130.0,0,0,1,1,1,0,23,0,0,1,6,3,11.669384853477041,0,2,23,0,6,8.029232899980325,0,7.6,0.7,3.19,Dropout
1,2,2,9497,1,1,136.7,1,2,37,2,4,107.6,1,0,0,1,0,1,20,0,0,7,14,6,13.88896357387472,0,0,6,8,7,12.9605129422154,0,12.8,0.5,-3.53,Dropout
1,16,1,8974,1,1,128.0,1,1,17,10,13,141.1,0,0,0,1,0,0,17,0,0,6,19,5,15.482261487965978,0,6,5,9,1,13.131523012470854,0,12.8,0.6,1.77,Graduate
1,37,1,7989,1,1,152.0,1,38,42,9,5,102.5,1,0,0,1,0,0,49,0,13,6,8,7,16.85041496274643,0,0,13,10,4,14.7426799311404,0,12.6,0.6,-2.21,Graduate
1,39,1,9080,0,40,128.5,1,37,1,11,4,131.5,0,0,1,0,1,0,33,0,0,7,5,0,0.0,0,0,5,9,0,0.0,0,14.1,-0.6,-3.42,Enrolled
1,18,5,9074,1,1,125.0,1,1,3,8,0,110.2,0,0,0,1,0,0,20,0,0,5,16,1,9.083361592027064,0,0,6,8,6,14.74415588630549,0,11.2,0.7,-3.09,Dropout
1,2,2,9229,1,1,143.6,1,1,36,4,6,112.7,1,0,1,1,0,0,17,0,0,6,8,6,15.186072777341648,0,0,8,9,6,14.922570610695189,0,11.2,0.8,1.97,Graduate
1,17,1,9420,1,1,113.2,1,2,38,1,9,132.4,1,0,0,1,0,0,19,0,0,8,7,6,10.398169921408849,0,0,6,6,10,11.142489417382949,0,8.0,3.0,-3.02,Graduate
1,2,2,9356,1,1,134.2,1,20,37,3,10,106.2,1,0,0,1,0,1,18,0,0,6,8,4,16.36406943431298,0,0,8,10,7,15.143438597392397,0,16.2,1.5,3.51,Graduate
2,38,4,9153,1,1,132.5,1,38,38,3,8,101.3,0,0,0,0,0,0,25,0,0,9,8,0,9.497731185710286,0,0,5,12,0,10.446048658062193,0,7.6,3.7,-3.42,Dropout
1,19,2,9314,1,1,133.6,1,35,35,9,4,115.9,1,0,0,1,0,0,17,0,7,6,8,5,13.552992847035311,0,0,8,5,1,16.92620272424953,0,14.6,-0.0,-1.63,Enrolled
1,2,1,9278,1,1,131.9,1,1,1,8,2,130.5,1,0,0,1,0,0,18,0,0,6,7,7,13.236000006227124,0,0,9,7,4,12.546705723849842,0,12.3,1.5,1.95,Graduate
1,1,3,9602,1,1,127.0,1,1,38,10,7,100.9,1,0,1,1,0,1,18,0,0,5,8,6,16.350588533275694,0,0,8,8,6,15.743217866487544,0,10.0,0.9,1.42,Enrolled
1,17,2,628,0,40,148.1,1,2,38,3,8,109.8,0,0,0,1,0,0,19,0,0,7,10,3,11.860369178463445,0,0,8,4,4,12.1333857572644,2,14.2,1.4,-3.18,Graduate
1,41,2,9222,1,43,129.3,1,38,36,4,7,124.4,0,1,1,1,0,0,22,0,0,5,5,6,13.011177953488815,0,0,8,5,4,15.061521214125483,0,16.2,0.5,1.71,Graduate
1,18,1,9133,1,1,131.6,1,1,35,9,195,121.8,1,0,0,1,0,1,19,0,0,7,8,7,13.89573078772045,0,0,8,7,5,13.343284802130794,0,8.0,0.8,-1.53,Graduate
2,41,1,8231,0,35,132.8,1,38,38,10,6,126.4,0,0,1,0,1,0,31,0,8,1,5,5,0.0,0,0,5,0,0,0.0,0,13.7,-0.6,-1.99,Dropout
1,43,1,9212,1,1,141.6,1,37,39,10,2,95.0,1,0,0,1,0,0,17,0,0,6,7,6,13.071343956039689,0,0,5,7,6,12.747269678485035,0,9.8,1.5,1.42,Dropout
1,44,1,9266,1,19,114.4,1,19,1,12,9,131.7,0,0,1,1,0,0,22,0,0,6,0,4,11.37654800104505,0,0,16,9,5,0.0,0,7.6,1.5,-4.06,Dropout
2,41,1,9581,0,9,130.2,1,36,37,8,2,105.5,0,0,0,0,0,0,37,0,0,5,7,1,10.222908835306892,0,3,6,8,0,0.0,0,8.1,-0.6,3.37,Dropout
1,40,1,9773,1,39,130.3,1,37,40,8,8,110.5,0,0,0,1,0,0,25,0,0,5,16,3,0.0,0,0,0,7,10,0.5197146142976606,0,9.7,-0.3,0.57,Dropout
1,6,1,9069,1,1,136.8,1,1,39,12,0,103.5,0,0,0,0,1,0,35,0,0,7,9,4,0.0,0,0,0,6,0,0.42766976480476276,0,10.8,3.7,1.64,Dropout
2,18,1,9803,0,1,137.5,1,36,37,9,3,127.0,0,0,0,0,1,0,21,0,0,6,5,3,0.892775635283328,0,0,5,10,1,11.135328672102851,2,16.2,0.0,0.52,Dropout
1,18,3,9342,1,1,135.3,1,1,2,5,195,115.3,1,0,0,1,0,0,19,0,0,7,11,5,14.095142269583896,0,0,6,8,6,10.139073775138316,0,9.5,0.4,-1.73,Graduate
1,3,2,9524,1,1,129.5,1,1,37,193,10,103.8,1,0,0,1,0,1,18,0,0,7,9,6,10.788848757926583,0,0,6,7,5,15.135700851245549,0,16.2,0.6,1.98,Graduate
1,17,1,33,1,1,133.2,1,38,36,194,1,134.0,1,0,0,1,1,0,19,0,0,5,7,5,15.128195554092843,4,0,15,8,6,12.334465806996905,0,12.7,3.0,0.72,Enrolled
1,3,3,9222,1,1,155.2,1,36,38,6,9,148.1,0,0,0,1,1,0,29,0,8,6,8,2,0.0,0,0,8,11,4,11.360996147227358,0,16.2,1.4,2.1,Enrolled
2,38,1,9208,1,2,129.8,1,37,37,4,12,156.2,0,0,1,0,1,0,26,0,0,5,9,0,0.0,0,0,5,0,2,0.0,0,11.2,-0.6,2.95,Dropout
1,2,3,8861,1,1,140.5,1,1,37,4,6,123.1,1,0,0,1,0,0,17,0,0,7,8,7,14.78618048878336,0,0,8,7,5,15.797747950332342,0,11.3,1.6,-2.09,Graduate
5,19,1,9630,1,1,134.5,1,35,37,11,2,113.5,0,0,0,1,0,0,28,0,0,7,7,3,11.42073557366698,0,0,7,6,9,11.231906392939957,0,7.6,1.5,0.97,Enrolled
2,39,1,9677,1,40,132.9,1,1,39,9,6,132.2,0,0,0,1,1,0,17,0,0,6,0,0,9.148172915387418,0,0,5,6,0,11.784691329567822,0,13.9,1.4,0.35,Dropout
2,1,1,9281,1,36,136.5,1,3,39,10,81,115.2,0,0,0,1,0,0,19,0,0,5,13,7,8.770691045159868,0,0,14,7,7,12.957674152645652,0,11.1,1.4,-1.46,Graduate
3,1,3,9586,1,1,117.5,1,1,3,8,10,135.7,1,0,0,1,0,0,18,0,0,5,5,5,16.265516731683682,0,0,6,8,7,14.304288546580144,0,12.9,0.6,1.8,Graduate
1,18,1,8941,1,1,132.1,1,4,1,10,6,127.0,1,0,0,1,0,1,17,0,0,7,8,5,15.788598722460955,0,0,6,8,6,13.890145402293667,0,11.2,0.8,1.4,Graduate
1,6,5,9452,1,1,127.1,1,1,2,8,6,102.2,1,0,0,1,0,0,18,0,0,6,7,4,13.609017921273622,0,1,6,11,6,12.681508386468062,0,10.7,0.7,1.38,Graduate
1,17,1,9940,0,39,138.4,1,1,36,3,5,126.2,0,0,0,0,0,0,46,0,0,5,7,0,0.6635248121972752,0,0,5,8,7,12.21032887046714,0,12.6,2.9,1.7,Dropout
2,18,1,9301,1,1,167.2,1,36,39,8,8,118.4,0,0,0,1,1,0,17,0,0,6,9,4,11.584387910317313,0,0,8,14,1,12.809167391732512,0,12.7,0.5,1.41,Graduate
1,1,1,9154,1,1,133.3,1,37,1,10,12,126.3,1,0,0,1,1,1,19,0,8,6,7,11,10.720127867748932,0,0,5,8,6,11.9425527663055,0,13.9,1.5,1.73,Graduate
1,1,3,9094,1,39,118.9,1,19,20,8,10,135.1,1,0,0,1,0,0,18,0,0,7,6,4,12.178296713869138,0,0,6,8,6,13.717417310899416,0,10.1,-0.8,0.68,Graduate
1,16,1,8864,1,1,130.4,1,1,37,8,11,120.7,0,0,0,1,0,0,18,0,0,6,5,6,11.225635346167508,0,0,8,7,6,12.045635007120724,7,8.1,2.9,-2.94,Dropout
4,18,6,9308,1,1,119.9,1,39,19,10,8,127.1,1,0,1,1,0,0,19,0,0,7,10,16,10.41118013017407,0,0,7,9,6,13.769571865980863,0,11.5,0.0,0.67,Graduate
1,2,1,9623,1,1,130.4,1,38,3,12,9,160.6,0,0,1,0,0,0,55,0,0,7,6,5,9.650144892431282,3,0,11,6,4,10.704826854136739,0,9.8,-0.4,0.93,Dropout
2,40,1,583,1,3,121.1,1,36,36,7,10,99.5,1,0,0,0,1,0,18,0,12,7,6,0,0.0,0,0,5,11,0,12.094858117603023,0,7.6,2.9,3.32,Dropout
2,40,1,8942,1,1,124.8,1,39,35,8,6,128.1,0,0,0,1,0,0,35,0,0,5,6,1,12.79823488450313,0,0,7,7,11,13.0301475070224,0,16.2,1.4,-1.27,Dropout
1,18,1,9224,1,43,144.5,1,17,17,9,92,95.1,1,0,0,1,0,0,19,0,0,7,7,6,14.694353715751813,0,0,6,11,7,11.50188320194371,0,10.6,-0.5,-3.7,Dropout
2,44,4,9232,1,1,176.1,1,38,38,11,4,130.8,1,0,0,1,0,0,17,0,0,6,15,9,15.263922070024762,0,0,6,11,0,15.145275964386506,0,11.1,-0.6,-1.14,Dropout
1,44,1,33,1,1,132.4,1,2,38,5,6,128.5,0,0,0,1,1,0,48,0,5,5,14,5,11.751107499944716,1,0,5,11,7,12.604057278637567,0,16.2,3.7,-4.06,Dropout
1,1,1,9006,1,1,178.7,1,4,38,5,0,124.2,1,0,0,1,1,0,17,1,0,13,4,7,12.822642540611282,0,0,7,10,6,0.0017234861456795446,0,9.1,0.8,-3.88,Enrolled
1,43,6,9086,1,1,128.2,1,18,1,0,8,104.6,1,0,0,1,0,0,18,0,0,6,6,7,15.02613260186537,0,0,5,9,6,11.902710246645968,0,8.9,0.4,1.88,Graduate
1,37,1,9665,1,1,124.4,1,1,2,11,1,118.6,1,0,0,1,0,0,29,0,0,7,8,5,15.025798955723724,0,0,8,8,6,12.588764004228555,0,13.1,2.8,2.04,Enrolled
1,2,2,9071,1,1,136.8,1,18,1,4,8,128.1,0,0,0,1,0,0,18,0,0,6,8,5,15.037992139623544,0,0,8,7,6,10.518553550981203,0,16.2,0.8,-3.53,Graduate
2,40,1,8921,1,1,137.4,1,18,36,11,11,166.2,0,0,1,0,0,0,29,0,0,5,4,0,0.0,0,0,8,0,0,0.0,0,13.2,-0.5,0.4,Dropout
4,17,1,9199,1,1,130.6,1,37,37,7,11,111.6,1,0,0,1,0,1,18,0,0,6,6,5,11.1779315488569,1,0,8,14,6,13.215407701901503,0,7.6,0.7,1.61,Graduate
1,2,1,9389,1,1,142.5,1,1,36,8,8,143.6,0,0,0,1,0,0,18,0,0,5,8,0,0.20158268086331793,0,0,6,11,6,14.503054553331005,0,10.1,2.9,0.17,Dropout
1,2,1,9066,1,1,184.0,1,19,36,10,1,129.3,0,0,0,1,0,0,17,0,0,7,7,2,14.273029001577072,0,2,7,8,6,13.201033435734534,0,15.7,1.6,-2.17,Graduate
1,17,2,9049,1,1,179.1,1,1,1,7,9,120.1,0,0,0,1,0,0,18,0,0,7,8,5,0.0,0,0,8,10,6,10.95553453423969,0,8.2,3.6,-1.34,Graduate
2,1,3,9122,1,1,137.1,1,20,5,12,0,131.7,0,0,0,0,0,0,18,0,0,7,7,5,9.689294454472483,0,0,8,11,2,17.840186360764065,12,10.1,-0.7,1.51,Dropout
1,10,1,7744,1,1,117.6,1,37,1,10,11,95.3,0,0,0,1,0,0,25,0,0,6,10,6,0.0,0,0,6,8,0,13.23481440705491,0,15.3,1.5,1.96,Dropout
1,45,1,9859,0,2,138.2,1,1,39,8,0,117.3,0,0,0,1,0,0,32,0,0,10,1,7,0.7828704962145929,0,0,8,8,8,10.543516119404014,0,14.6,0.6,1.57,Enrolled
1,2,1,9446,1,1,132.9,1,37,36,6,7,135.4,0,0,0,1,1,0,18,0,0,8,7,0,12.057055404204405,0,0,16,6,5,11.60739197855995,12,11.2,1.5,-4.06,Dropout
1,17,2,9550,1,33,138.4,1,37,1,7,8,135.1,1,0,0,1,0,0,17,1,4,7,8,6,11.482718799638638,0,0,8,9,0,14.311256874168034,0,8.1,0.8,0.3,Graduate
1,1,1,8991,1,1,134.0,1,18,37,1,4,100.9,1,0,0,1,0,0,17,0,0,5,8,1,15.95611007895538,0,0,5,13,5,15.430675927939845,0,16.2,0.5,0.9,Enrolled
1,45,1,9092,1,1,120.8,1,1,19,8,11,137.3,1,0,0,1,0,0,17,0,2,7,8,5,11.897408468898318,0,0,6,8,5,11.480947755347325,0,9.5,0.7,-3.82,Graduate
1,17,2,9280,1,1,127.2,1,1,36,11,10,101.2,0,1,0,0,0,0,34,0,6,7,18,7,0.0,0,3,7,4,4,10.9280583418098,0,12.2,2.9,2.01,Dropout
2,45,1,9108,1,2,138.8,1,35,36,0,3,109.7,1,0,1,0,1,0,19,0,0,5,10,0,8.86157656541111,0,0,5,8,0,0.0,0,11.2,3.7,3.51,Enrolled
1,1,2,8936,1,2,133.5,1,2,2,1,10,103.1,1,0,0,1,0,0,18,0,0,8,8,5,12.759861140988097,0,0,12,8,5,11.734841666344758,0,12.6,0.6,-3.25,Graduate
1,17,1,9577,1,1,148.3,1,3,36,9,7,98.2,1,0,0,1,0,0,18,0,6,7,5,5,12.464701414915652,0,0,8,10,6,13.717857457093961,0,16.2,-0.8,-3.25,Graduate
1,39,5,8981,1,1,142.9,1,12,39,9,2,129.5,0,0,0,1,1,0,19,0,0,5,12,7,11.517742337131061,0,0,5,9,5,9.650336451991471,0,12.8,1.5,0.1,Dropout
1,38,4,9288,1,1,128.7,1,2,38,2,11,98.3,0,0,0,1,0,0,21,0,0,7,7,6,12.666234229473346,0,0,5,4,8,14.84037500395759,4,8.3,2.9,1.57,Enrolled
1,18,1,9798,0,1,142.9,1,38,18,3,8,95.2,1,0,0,1,0,1,19,0,0,20,7,7,17.887026901597714,0,5,5,9,6,0.5550493833987643,0,8.1,1.5,1.75,Graduate
1,43,1,8967,1,41,144.3,1,2,1,7,11,144.7,1,0,0,1,0,0,25,0,11,5,5,5,11.589516717522828,0,5,5,8,1,16.87253108845188,0,7.9,3.7,2.0,Enrolled
1,12,1,9020,1,1,132.0,1,2,3,11,9,118.8,0,0,0,1,1,0,17,0,5,9,10,6,10.079199404215982,0,0,5,7,5,12.000417970217157,0,15.8,2.7,1.84,Dropout
2,39,1,450,0,1,133.0,1,38,3,8,2,110.5,0,1,0,0,1,0,25,0,0,5,6,0,9.445806119009294,0,0,5,8,0,0.44642717150898165,0,7.8,2.8,0.71,Dropout
2,40,1,9248,1,37,131.4,1,1,37,5,9,130.4,1,0,0,1,0,0,17,1,0,6,8,5,9.76034325973312,0,0,7,5,9,0.0,0,14.2,0.5,0.49,Enrolled
1,17,1,9681,1,1,95.0,1,37,39,10,195,119.4,0,0,0,1,0,1,30,0,1,5,5,0,9.807653478551043,0,6,7,13,0,0.051461366248655174,0,12.8,0.6,-3.13,Dropout
1,41,1,449,0,1,130.3,1,36,38,8,6,106.9,0,0,0,0,1,0,22,0,0,5,5,0,0.0,0,1,5,0,0,0.0,0,15.3,1.6,0.11,Dropout
2,41,1,8033,1,12,131.1,1,1,36,8,13,145.4,0,1,0,0,1,0,17,0,0,6,4,5,12.7498781354263,0,0,5,9,2,0.0,0,8.1,2.6,2.18,Dropout
1,41,2,8775,1,1,130.0,1,38,27,9,195,107.3,1,0,0,1,0,0,17,0,0,6,8,7,0.76830278757974,0,0,8,13,5,13.424421651557802,0,12.6,0.6,1.49,Graduate
1,17,1,8876,0,21,137.1,1,35,38,8,3,112.0,0,0,0,0,1,0,46,0,0,5,0,3,0.0,0,0,7,5,0,12.851020041175978,0,16.2,-0.2,0.77,Dropout
1,19,3,9046,1,1,121.6,1,36,36,9,0,108.5,1,0,0,1,0,1,18,0,0,7,7,5,13.597761903075728,0,0,6,8,6,13.810626047048869,0,11.5,1.5,1.75,Graduate
1,19,6,33,1,1,129.7,1,19,39,9,1,124.4,1,0,0,1,1,0,22,0,0,6,7,5,9.127746799847724,0,4,11,11,0,10.666091050800171,0,11.1,3.1,-4.06,Dropout
1,1,1,9197,1,1,136.2,1,38,17,5,10,114.7,0,0,0,1,0,0,19,1,0,7,9,6,9.125724228303877,0,0,5,8,4,14.687305454842038,0,16.2,-0.2,0.84,Enrolled
1,37,1,8897,1,20,131.6,1,35,40,10,10,134.3,0,0,0,0,1,0,34,0,0,5,0,0,8.978629271808073,0,0,5,4,3,0.0,0,8.1,2.9,1.73,Dropout
2,41,1,9022,0,22,130.1,1,19,2,9,11,144.5,0,0,0,0,1,0,22,0,3,0,7,0,0.0,0,0,5,8,0,13.540291886932426,0,16.2,1.4,0.08,Dropout
1,15,1,8894,1,1,117.6,1,36,1,9,4,123.7,0,0,0,1,0,1,17,0,0,7,8,5,17.06480662753604,0,0,6,7,5,14.449930121763517,0,12.6,0.5,-0.76,Graduate
1,38,2,9056,1,41,139.4,1,2,39,10,8,119.3,0,0,0,0,1,0,18,0,0,7,8,2,0.0,0,1,5,0,0,0.0,0,7.9,3.7,0.17,Enrolled
1,17,1,9310,0,1,138.4,1,17,18,3,60,105.1,0,1,0,1,0,0,23,0,0,5,5,6,12.923633026526725,4,0,8,12,0,11.909074946644745,0,14.3,-0.5,3.44,Dropout
1,3,4,8883,1,18,124.3,1,1,19,7,9,119.1,1,0,0,1,0,0,23,0,0,6,8,5,11.395156957192727,0,0,6,10,6,14.722321535971888,1,12.7,3.7,3.48,Graduate
2,37,1,9269,1,21,131.8,1,34,2,9,131,100.0,0,0,1,0,1,0,30,0,0,7,0,0,0.0,0,0,5,0,0,0.0,0,14.1,-0.8,0.13,Dropout
1,18,2,9049,1,1,136.5,1,4,19,9,11,99.3,1,0,0,1,0,0,18,0,0,6,8,5,10.709970683306647,0,1,5,8,0,11.472935132248011,0,12.1,1.6,0.89,Enrolled
1,42,1,7643,1,1,123.9,1,38,37,2,11,127.3,0,0,0,1,0,1,18,0,6,7,10,5,9.621426166835812,0,0,5,11,3,11.265557772651759,12,11.4,1.4,-3.07,Graduate
1,20,1,8950,1,2,155.9,1,1,36,8,64,118.4,1,0,0,1,0,0,20,0,3,6,7,7,9.682138021139195,0,1,10,11,6,13.81560261070941,0,14.0,1.5,2.01,Enrolled
1,17,1,9303,1,35,108.2,1,17,36,8,190,132.0,1,0,0,0,0,0,25,0,0,5,8,2,0.0,0,0,5,6,0,0.4454779342406962,1,7.6,-0.1,0.79,Dropout
1,1,1,9307,1,1,142.4,1,36,37,8,7,177.8,0,0,0,1,0,0,18,0,0,4,6,6,11.951055443308661,0,0,6,8,0,11.89058433030911,0,11.1,0.4,-0.67,Graduate
1,16,1,9755,1,1,134.9,1,35,4,1,10,123.9,1,0,0,1,0,0,18,0,0,7,8,5,9.48944970126313,0,0,6,14,6,13.78177472660049,0,11.3,-0.4,-4.06,Enrolled
1,44,2,9452,1,1,152.8,1,36,37,6,93,113.5,0,0,0,1,0,0,18,0,0,17,7,4,14.566998723320381,0,0,6,8,6,8.792931183455861,0,9.5,-0.5,-3.27,Graduate
2,40,1,9005,0,9,136.9,1,35,37,4,3,152.2,0,0,1,0,1,0,24,0,0,5,0,1,0.0,0,0,5,6,0,0.0,0,16.0,1.5,0.07,Dropout
1,18,1,9170,1,1,139.4,1,2,20,9,3,122.6,1,0,0,1,0,0,18,0,0,0,8,8,10.211965102831968,3,0,8,4,0,12.677049312873985,0,8.2,0.6,-4.06,Enrolled
1,2,2,9627,1,1,103.6,1,4,18,3,9,108.0,1,0,0,1,0,1,18,0,0,7,8,6,14.51377912934899,0,0,6,8,6,14.449986187428266,0,12.7,-0.7,-3.4,Graduate
2,38,1,9991,0,17,134.8,1,35,38,5,7,141.9,0,0,0,0,0,0,39,0,0,5,7,0,0.062024061835202794,0,0,6,8,0,10.459574636959504,0,13.8,-0.1,3.35,Dropout
1,1,2,9249,1,1,125.3,1,39,2,11,9,120.8,1,0,0,1,0,1,20,0,0,7,7,6,10.425391907270193,0,0,8,8,5,11.03368199144158,0,9.3,-0.4,-1.01,Graduate
1,16,1,9244,1,1,143.8,1,38,20,2,0,143.0,1,0,0,0,0,0,17,1,11,7,5,10,0.0,0,3,5,4,6,17.78422263358728,0,8.0,1.4,-3.85,Enrolled
1,45,1,8995,1,7,129.2,26,36,20,9,9,121.1,0,0,1,0,1,0,31,0,0,5,6,0,0.0,0,0,5,10,0,12.98918856978786,0,16.2,3.1,-1.96,Enrolled
4,40,3,9059,0,20,131.9,1,35,39,11,8,107.0,0,0,1,1,0,0,37,0,0,5,0,0,0.2596531544899299,0,0,1,9,0,0.5105041713834498,0,8.1,-0.8,-4.06,Dropout
2,1,1,9118,1,40,131.6,1,37,1,7,111,121.1,0,0,0,1,1,0,32,0,0,17,6,0,10.697469328815748,0,0,5,0,0,13.6173830957863,0,9.4,1.4,-3.34,Dropout
1,18,2,9991,1,1,146.0,1,1,36,11,6,131.3,1,0,0,1,0,1,22,0,14,6,6,6,12.520148329942701,0,8,6,7,13,15.012406187808342,0,8.1,-0.2,1.71,Graduate
2,3,2,9573,1,5,127.8,1,37,39,9,7,129.8,1,1,0,1,0,0,29,0,0,6,6,7,11.773479341809754,0,3,11,5,6,11.447115308929671,0,8.0,0.6,1.96,Graduate
1,17,1,9289,1,1,133.2,1,36,36,10,0,105.5,1,0,0,1,0,0,20,0,0,7,16,4,13.257558585682645,0,0,8,8,1,12.12218453862527,0,11.0,2.7,-1.63,Graduate
1,43,1,9951,1,1,122.4,1,37,37,9,8,120.5,0,0,0,1,1,0,24,0,0,5,0,4,9.449329964047223,0,0,7,6,12,11.547412268623205,0,8.0,-0.7,0.24,Dropout
1,2,2,9704,1,1,124.6,1,1,1,3,9,113.0,1,0,0,1,0,0,17,1,0,18,0,7,12.641743565066353,0,0,13,8,5,12.040969290870809,0,12.9,-0.5,2.1,Graduate
1,17,1,9274,1,1,128.9,1,37,38,5,7,111.5,1,0,0,1,0,0,18,0,0,13,5,7,9.786759979395779,0,0,6,18,6,11.253517498858098,0,11.1,1.4,-3.3,Graduate
1,17,1,9079,1,1,135.4,1,35,38,9,4,107.9,0,0,0,1,1,0,28,0,0,5,8,2,0.0,0,0,1,5,2,0.0,0,11.2,3.4,0.57,Dropout
1,47,1,9621,1,1,129.9,1,19,1,11,7,139.8,0,0,0,1,1,0,27,0,0,6,6,6,11.505417186841635,0,6,5,9,0,12.845547088806073,0,16.2,3.7,-3.31,Dropout
1,17,1,9389,1,43,160.9,1,38,32,5,143,126.6,0,0,0,1,0,0,37,0,0,7,7,7,13.263301724184815,2,0,6,10,6,13.8454249502751,0,12.7,-0.5,-1.94,Enrolled
1,18,1,8940,1,1,139.8,1,3,36,10,8,127.2,1,0,0,1,0,0,20,0,0,5,6,5,9.312210303430852,0,0,6,8,0,13.951403087685943,3,13.0,2.6,0.44,Enrolled
1,1,1,9239,1,1,140.1,1,4,18,8,0,100.6,1,0,0,1,0,1,20,0,0,7,7,6,11.231024662619053,0,0,6,9,8,13.431521048494753,0,11.0,0.6,-4.06,Graduate
1,45,1,9160,0,18,129.8,1,35,20,8,11,105.3,0,0,1,0,1,0,22,0,0,5,0,0,11.587887999650599,0,0,8,8,0,10.954990417023517,0,7.8,2.9,1.46,Dropout
1,47,1,33,1,42,131.8,1,18,35,7,7,111.4,1,0,0,1,0,0,32,0,2,6,15,0,0.4531354465218243,0,0,1,0,6,0.07512488192414787,0,8.0,1.5,0.15,Dropout
2,47,1,9496,0,1,104.7,1,37,39,10,0,131.8,0,0,0,1,0,0,21,0,0,6,10,0,10.13199195885607,0,0,7,9,0,16.517116551636416,0,8.4,2.7,-1.82,Enrolled
1,6,1,9011,1,36,130.9,1,30,39,9,2,142.7,0,0,0,1,0,0,31,0,0,5,17,5,0.0,0,0,15,9,2,0.025379367133980403,1,12.7,-0.6,-3.1,Dropout
1,41,1,9328,0,1,137.1,1,1,39,9,6,97.8,0,0,1,1,1,0,26,0,0,5,10,4,10.379256423495004,0,0,6,4,9,0.0,0,13.0,2.8,-3.3,Dropout
1,19,6,8925,1,2,141.3,1,2,1,10,4,119.4,1,0,0,1,0,0,18,0,0,7,7,7,14.452025798904957,0,0,8,8,6,11.973952002493167,0,15.9,0.9,1.88,Graduate
1,45,4,8983,1,1,153.9,1,18,1,8,2,116.5,1,0,0,1,0,0,18,0,0,7,6,6,13.070263809725192,0,0,7,8,4,12.227681554014541,0,10.7,-0.5,0.94,Graduate
2,38,1,9091,1,41,145.0,1,1,36,10,128,129.6,1,0,0,0,1,0,21,0,0,5,6,0,0.0,0,0,5,6,0,0.0,0,7.7,1.3,-1.94,Dropout
2,43,1,9325,0,42,134.5,1,38,37,8,9,135.0,1,0,1,1,0,0,32,0,4,7,5,3,0.0,0,0,5,9,12,11.703262636616024,0,14.0,0.5,-3.42,Dropout
2,1,1,8890,0,1,134.0,1,35,36,3,13,127.6,0,0,0,0,1,0,17,0,7,5,8,3,9.371224729734909,0,0,7,12,0,9.99392148184549,0,15.3,3.7,1.01,Dropout
1,38,1,9687,0,5,137.3,1,38,39,6,8,97.0,0,0,0,0,1,0,22,0,0,5,4,0,0.2582877885631529,0,0,23,9,3,12.582559339410585,0,12.8,-0.6,0.55,Dropout
1,18,1,8877,1,1,132.1,1,37,3,7,9,139.4,0,0,0,0,0,0,26,0,0,6,8,7,9.750286748146427,0,0,8,7,0,11.834911419827774,1,9.4,0.7,-4.06,Dropout
2,18,1,9433,1,1,134.1,1,36,35,10,11,130.7,0,0,0,1,0,0,32,0,0,0,5,1,0.0,0,0,6,0,1,0.0,0,9.8,1.5,1.03,Dropout
1,42,0,9503,0,1,139.2,1,37,18,8,5,153.2,1,0,0,1,0,0,19,0,0,5,12,6,16.297807236902326,0,0,8,8,6,13.172965665406817,0,9.9,0.7,0.27,Dropout
1,18,3,9050,1,1,130.4,1,37,37,8,1,140.2,0,0,0,1,0,0,28,0,0,6,8,7,12.574798854768968,0,0,6,0,7,14.158732746152532,0,11.2,-0.8,0.14,Enrolled
1,2,2,9226,1,1,124.0,1,36,31,6,9,122.1,1,0,0,1,0,0,18,0,0,7,7,5,13.318599843669844,0,0,8,0,6,16.14316809307434,0,12.9,0.9,-1.89,Dropout
1,1,1,9105,1,1,159.2,1,1,2,8,9,102.8,0,0,0,0,1,0,25,0,0,10,7,3,9.471562956455621,0,0,7,7,9,10.666649227991954,0,7.8,0.5,1.39,Dropout
1,17,1,9164,0,1,121.1,1,39,1,11,8,125.5,0,0,0,1,0,0,18,0,0,6,0,5,11.724166326175771,0,0,7,7,6,13.728871946976744,2,13.7,1.5,2.0,Enrolled
1,1,3,8955,1,1,138.7,1,2,4,6,11,129.5,0,0,0,1,0,0,17,0,0,6,8,6,15.589963862240321,0,3,1,8,5,15.281054471100655,0,11.2,0.5,1.7,Graduate
1,18,2,9067,1,39,127.7,1,5,36,11,10,124.6,1,0,0,1,0,0,17,0,0,7,6,6,13.517787233839368,0,0,8,8,8,12.656778389515384,0,7.6,0.4,1.85,Graduate
1,2,1,8971,1,1,132.9,1,2,37,10,0,127.2,0,0,0,1,0,1,17,0,0,7,8,6,13.460842844315092,0,0,6,8,6,13.656908908943556,0,12.0,0.1,1.74,Graduate
1,8,1,9151,1,1,130.4,1,37,18,109,8,129.4,0,0,0,1,0,0,21,0,6,5,12,0,13.135225311601832,0,0,8,7,6,14.988687856591069,4,9.9,0.0,0.09,Dropout
1,18,3,33,1,1,144.5,1,3,3,11,12,104.9,1,0,0,1,0,0,19,0,0,8,8,7,9.474217061010911,0,0,6,12,3,14.648512940092946,0,7.9,1.4,1.9,Graduate
1,12,2,9520,1,1,129.4,1,1,18,11,5,162.5,0,0,0,1,0,0,22,0,4,10,8,5,14.553331012793203,0,0,5,14,2,13.017851044076005,0,15.7,1.5,-3.66,Enrolled
1,1,1,9540,1,1,140.9,1,1,2,10,11,157.1,1,0,0,1,0,0,17,0,0,7,7,5,14.998998281561779,0,0,5,7,4,12.459243432507943,0,10.9,2.6,1.86,Graduate
1,17,2,9006,1,1,140.5,1,3,37,5,10,112.7,1,0,0,1,0,1,18,0,0,7,7,7,12.359071051170638,0,0,8,7,7,16.16233703576297,0,15.9,0.9,-1.99,Graduate
1,17,1,9082,0,6,136.3,1,36,37,6,9,150.8,0,0,1,0,1,0,42,0,0,5,0,0,0.0,6,0,5,9,0,0.0,0,9.1,3.7,0.15,Dropout
1,2,4,9101,1,2,121.5,1,2,37,7,8,107.9,0,0,0,1,0,0,20,1,0,7,6,6,13.685038067662548,0,0,6,7,7,16.53609465382089,4,8.1,3.0,-2.01,Enrolled
2,18,1,33,0,2,123.0,1,39,37,11,9,140.2,0,0,0,1,1,0,26,0,0,13,10,0,0.0,0,0,14,0,0,0.0,0,12.2,3.7,-4.06,Dropout
1,16,1,9119,1,1,100.5,1,1,1,8,7,118.9,1,0,0,1,0,1,17,0,0,6,6,5,12.863403237676962,0,0,8,8,8,15.706910025869874,0,7.6,0.8,-1.34,Graduate
1,39,1,9273,1,2,133.3,1,36,38,9,11,129.4,0,0,0,0,0,0,17,0,0,5,0,4,11.298649326345126,0,0,5,13,0,0.0,0,16.2,-0.6,0.41,Dropout
1,39,1,9096,1,19,134.4,1,36,31,8,8,133.2,0,0,1,0,1,0,27,0,0,5,7,0,8.642150568930322,0,0,5,0,0,0.0,1,12.7,2.6,0.51,Dropout
1,1,6,9358,1,1,137.9,1,2,18,8,6,124.2,0,0,0,1,0,1,19,0,0,7,8,6,12.970422350609274,0,0,8,8,6,14.02539853464392,0,16.2,3.7,1.96,Graduate
1,45,1,9033,1,1,134.6,1,36,2,10,7,123.5,1,0,0,1,0,0,18,0,0,7,13,8,0.0,0,0,6,8,5,0.0,0,7.6,-0.8,0.64,Graduate
1,16,1,9593,1,1,131.5,1,1,27,1,12,125.5,1,0,0,1,0,0,17,0,0,7,7,8,16.865927311385004,0,0,8,8,6,12.807532219514359,0,8.1,0.4,1.95,Graduate
1,1,2,8769,1,1,96.5,1,38,1,11,12,112.5,1,0,0,1,0,1,18,0,0,7,6,7,12.080550158848999,0,0,8,8,5,9.82968711740171,0,12.9,1.5,-3.42,Graduate
1,46,3,9320,1,1,141.2,1,3,3,2,5,105.0,0,0,0,1,1,0,25,0,0,5,7,4,15.876537318604415,0,0,6,7,6,1.0199040007437208,0,13.7,3.7,0.68,Dropout
1,16,1,9497,1,1,130.7,1,39,38,6,10,107.2,0,0,0,0,0,0,31,0,8,7,9,4,0.0,0,0,6,9,7,11.943859570298171,0,12.9,3.7,0.1,Dropout
2,40,1,9020,1,1,138.0,1,35,37,7,8,118.6,1,0,0,0,0,0,39,0,0,5,5,5,9.140414955719727,0,0,5,9,0,9.454423657571216,1,8.3,1.5,0.56,Dropout
1,17,4,9412,1,40,190.0,1,5,5,9,9,171.2,0,0,1,1,0,0,19,0,3,5,6,2,8.8152717234751,0,0,5,6,0,11.378900199857478,1,13.0,3.7,1.83,Enrolled
1,1,2,9447,1,1,189.2,1,2,38,8,7,100.8,0,0,0,1,0,1,17,0,0,8,8,7,14.445867566452264,0,0,8,10,4,14.422139767122374,0,7.9,-0.5,1.54,Graduate
1,1,3,9075,1,1,125.6,1,19,37,9,9,116.6,0,0,0,1,0,0,19,0,0,7,7,6,13.62887440846399,0,0,8,10,5,13.47741868945614,0,8.1,2.6,2.01,Graduate
1,40,1,8912,1,5,129.3,1,36,36,11,10,118.4,0,0,0,0,0,1,21,0,0,5,7,0,10.836037415540025,0,0,6,4,7,0.2540333757012208,0,15.0,1.5,0.84,Dropout
1,2,3,9389,1,1,155.5,1,1,18,8,8,131.4,1,1,0,1,0,1,17,0,0,7,8,6,15.145356244245653,0,0,7,8,6,11.093201146449765,0,9.3,1.6,1.71,Graduate
2,19,1,9369,0,1,130.2,1,39,18,9,11,107.6,0,0,0,0,0,0,49,0,0,6,13,0,9.157384592706197,2,0,11,9,6,12.684139140168233,0,9.9,3.6,-3.23,Dropout
1,2,1,9656,1,1,148.6,1,1,2,8,6,145.3,1,0,0,1,0,0,18,0,0,7,7,6,12.404414526591797,0,0,6,8,6,13.076806456751566,0,8.0,3.7,2.0,Graduate
1,19,2,8889,1,1,125.7,1,5,37,2,8,126.7,0,0,0,1,0,0,18,0,0,5,7,6,10.018772165941634,0,5,7,7,8,15.981634270711497,0,16.2,-0.7,-3.49,Graduate
1,2,2,9413,1,1,140.2,1,3,18,11,7,130.1,1,0,0,1,0,1,17,0,0,7,7,7,16.24310856728578,0,0,6,8,6,13.806110663414694,0,11.1,-0.5,1.69,Graduate
1,16,3,8928,1,1,139.9,1,1,20,11,163,106.9,1,0,0,1,0,0,17,0,0,7,7,6,12.930083052103733,0,6,6,28,6,14.281482831229797,0,9.2,0.0,1.64,Graduate
1,17,1,7985,1,1,134.9,1,38,1,3,5,115.9,1,0,0,1,0,0,17,0,0,5,7,7,10.44576530512492,0,0,7,11,4,11.087385666095871,0,16.2,-0.7,2.1,Graduate
1,17,3,9047,1,10,136.0,1,39,38,11,6,118.2,0,0,1,0,1,0,43,0,5,7,0,4,11.396492239864855,0,11,1,14,0,0.0,0,8.1,2.4,-1.66,Dropout
1,19,1,9523,1,1,123.5,1,20,37,109,0,135.0,0,0,0,1,1,0,17,0,0,7,6,5,15.449541763458356,0,8,7,8,4,15.52686038266555,0,7.8,1.5,-2.18,Dropout
1,17,5,9010,1,13,161.6,1,18,39,96,9,110.2,1,0,0,1,0,0,20,0,0,5,6,11,10.897255534106005,0,1,5,7,6,0.7514856211199845,0,15.8,3.7,0.71,Enrolled
1,55,1,9187,1,1,126.5,1,2,1,7,2,111.8,1,0,0,1,0,0,21,0,0,7,7,1,11.250919858309326,0,0,11,8,6,13.58717460877654,0,8.8,-0.8,0.14,Enrolled
1,39,1,9697,1,1,137.8,1,36,17,8,3,125.7,0,0,0,1,0,0,18,0,0,5,5,0,0.0,0,0,5,6,7,0.0,0,16.0,-0.4,0.08,Dropout
1,57,1,9408,0,1,119.2,1,38,1,2,8,132.9,0,0,0,1,0,0,17,0,0,16,12,3,12.527430236217805,2,4,7,8,10,16.80468629387105,0,10.9,2.8,-4.06,Dropout
4,40,1,8918,1,23,127.7,1,35,39,8,6,113.5,0,0,0,0,1,0,21,0,3,5,0,0,0.0,0,0,5,7,0,0.0,0,11.2,1.5,0.23,Dropout
1,17,1,9074,1,2,143.5,1,39,38,1,9,111.2,0,0,0,1,1,0,20,0,19,5,7,3,0.0,0,0,17,9,5,0.664606406927481,0,11.2,0.5,0.0,Enrolled
2,40,1,33,0,43,117.9,1,19,2,8,12,99.0,0,0,0,0,1,0,24,0,0,5,9,0,0.0,0,0,5,0,0,0.0,0,8.0,0.5,3.15,Dropout
1,16,1,9167,0,1,142.2,1,1,4,4,6,126.2,0,0,0,1,0,0,17,0,0,8,8,5,12.684912375863647,0,0,8,8,6,14.871843504396605,0,11.1,1.4,1.44,Graduate
1,37,1,9237,1,9,134.5,1,36,1,10,3,104.9,0,0,1,1,1,0,24,0,1,5,0,1,0.8851661872753752,2,0,5,8,0,0.9078282263304559,0,8.4,3.7,1.72,Dropout
2,40,1,9205,1,1,133.0,1,34,36,9,7,95.0,0,0,1,0,1,0,23,0,0,5,4,0,0.1868670943432556,0,0,5,18,0,0.19790221047235607,0,14.3,-0.2,0.08,Dropout
1,42,1,8911,0,1,131.6,1,1,1,10,6,106.9,0,0,0,1,0,0,17,1,0,13,8,10,11.51240531250837,0,0,8,14,6,12.303766889330555,0,10.9,0.5,-4.06,Enrolled
2,44,1,9167,1,1,128.7,1,38,37,11,4,161.8,0,0,1,1,0,0,53,0,0,6,4,3,10.639773925608361,0,1,8,8,5,11.424684825049159,0,16.0,1.5,-1.97,Enrolled
1,18,1,9487,1,1,148.1,1,36,1,4,9,108.7,1,0,1,1,0,0,18,0,0,5,0,4,9.521377142041759,1,0,7,9,6,0.9167516480774285,0,16.2,3.7,0.98,Dropout
1,15,1,9396,0,1,161.7,1,1,20,9,4,133.6,1,0,0,1,1,0,22,0,0,10,8,3,9.70800607515931,0,0,5,8,6,11.966768711832044,0,10.8,-0.6,1.66,Enrolled
1,2,1,9578,1,21,118.4,1,35,38,109,77,133.2,0,0,0,1,0,0,22,0,0,5,11,5,11.658667487957905,0,0,6,7,11,13.64980093527319,0,15.5,-0.6,-3.19,Dropout
1,17,1,9297,1,1,131.9,1,1,38,9,6,99.3,1,0,0,1,0,0,17,0,0,5,6,12,12.204697297191487,0,0,6,5,1,14.737394975623285,1,11.1,2.9,-3.69,Enrolled
1,40,1,9020,0,1,139.7,1,36,1,108,7,115.0,0,0,1,1,1,0,19,0,0,6,13,7,14.768407644197813,0,0,2,4,3,12.514454805915765,0,8.0,-0.5,3.31,Dropout
1,16,1,8930,1,1,132.9,1,3,18,5,1,120.2,1,0,0,1,0,1,17,0,0,6,10,5,10.055686858296564,0,0,8,7,7,13.0289244048058,0,10.9,-0.6,-3.13,Dropout
1,46,1,9045,1,1,130.5,1,17,37,5,4,159.7,0,0,1,0,1,0,21,0,0,5,11,1,0.6654895599568603,1,0,5,1,0,0.0,0,15.6,1.5,3.15,Dropout
1,1,4,9409,1,1,173.1,1,37,4,7,8,112.9,1,0,0,1,0,1,18,0,3,6,6,5,14.15498973255534,0,0,6,6,4,9.97794848494895,0,12.8,0.8,0.92,Graduate
2,53,1,9088,1,1,131.4,1,35,37,11,3,109.8,1,0,0,0,0,0,26,0,4,6,5,0,0.0,0,0,5,0,0,12.384771111233553,0,11.2,0.4,0.87,Enrolled
1,1,2,9657,1,1,135.6,1,1,9,10,10,132.9,1,0,0,1,0,1,17,0,0,8,8,5,14.865809470822008,0,0,6,6,6,12.507008600482916,0,12.4,-0.2,-4.06,Graduate
1,3,3,9742,1,42,136.5,1,38,19,3,4,122.4,1,0,0,1,0,0,17,0,0,7,5,7,14.638064834108505,0,0,13,8,2,13.975688500481578,0,8.1,0.7,1.79,Graduate
1,57,1,8931,1,1,142.0,1,1,38,10,89,121.1,0,0,0,1,0,0,18,0,0,6,26,5,12.239679033365006,5,10,6,8,0,11.407922876690874,1,16.2,0.8,1.52,Dropout
1,40,1,9887,1,1,114.3,1,39,36,10,6,121.9,1,0,0,1,0,0,17,0,0,6,5,5,13.643057559683404,0,0,6,8,5,0.2733841103406535,0,7.6,-0.4,-2.98,Graduate
1,19,1,9306,1,1,131.8,1,37,36,10,10,134.5,0,0,0,1,0,0,19,0,7,6,12,7,11.440020298399736,0,6,6,6,4,13.717113740459139,0,7.9,1.6,-2.96,Dropout
1,2,3,8904,1,1,142.3,1,35,35,9,10,120.8,1,0,0,1,0,1,19,0,0,6,5,6,14.69542392473397,0,0,8,7,6,11.824850840788795,0,8.7,1.6,-3.94,Graduate
1,1,5,9458,1,1,116.0,1,1,37,9,1,131.0,1,1,0,1,0,0,17,0,0,7,8,6,14.106772278283852,0,0,6,8,6,12.805020253866916,0,11.2,0.6,1.0,Graduate
1,43,2,7777,1,37,144.9,1,1,1,4,10,122.3,1,0,0,1,1,0,23,1,0,7,7,0,14.202028718713132,0,0,14,7,2,9.79684692629255,3,15.3,-0.1,0.97,Enrolled
2,16,1,9044,1,1,121.7,1,35,36,9,7,129.9,0,0,0,1,0,0,20,0,0,5,6,5,10.857392623632581,0,0,17,17,6,15.828832726776355,0,11.2,1.4,-1.85,Graduate
1,46,1,9154,1,1,130.1,1,37,35,10,10,147.7,0,0,0,1,0,0,17,0,0,6,8,5,11.268418552163514,0,0,8,8,6,9.633016651080055,0,11.0,0.8,-1.01,Dropout
2,38,1,9195,0,1,129.9,1,39,39,11,10,149.4,0,0,0,0,1,0,24,0,0,5,0,0,0.0,0,0,5,0,0,0.3053177223240115,0,13.0,3.4,3.1,Dropout
1,15,1,9770,1,1,125.1,1,1,3,2,7,110.4,0,0,0,0,0,0,18,1,0,7,8,0,16.150610317025745,0,0,6,0,0,15.494653958705008,0,16.2,-0.0,0.11,Dropout
1,1,1,9239,1,1,139.2,1,1,38,7,5,118.0,1,0,0,1,0,0,19,0,0,5,8,7,12.065482809837459,0,0,6,5,5,15.330566051285007,0,10.6,-0.8,2.12,Dropout
1,16,1,8944,1,1,140.7,1,1,6,9,9,112.1,0,0,0,1,0,1,17,0,0,5,8,4,8.6060026884248,0,0,14,7,5,11.344023078547911,0,12.4,0.4,0.63,Dropout
1,43,3,9214,1,1,142.7,1,18,19,10,6,107.4,1,0,0,1,0,1,19,0,2,17,8,6,11.128239039924578,0,4,7,20,6,10.461134620724211,0,12.6,1.6,1.63,Graduate
2,16,1,9422,0,1,138.8,1,38,38,8,10,139.2,0,0,0,1,0,0,20,1,0,5,5,3,10.19294329962762,0,0,5,4,0,0.0,0,11.2,1.5,0.25,Dropout
1,6,1,9349,1,18,135.9,1,36,39,8,1,102.8,0,0,1,1,1,0,21,0,0,5,4,0,12.84044797237061,0,0,5,8,0,0.0,0,11.5,2.6,1.69,Enrolled
1,3,1,9328,0,1,127.9,47,37,37,0,2,110.4,0,0,0,1,1,0,18,0,0,5,11,0,0.0,0,0,5,8,5,0.5507794999672775,0,8.1,-0.5,1.7,Graduate
1,1,3,9214,1,1,120.9,1,1,38,11,7,114.3,1,0,0,1,0,0,18,0,0,8,8,5,12.663926134883523,0,0,8,8,6,9.13896338281112,0,13.1,-0.7,1.46,Graduate
1,19,3,9024,1,1,127.4,1,39,35,9,2,147.5,1,0,0,1,0,1,18,0,2,6,7,5,13.894004411499205,0,0,5,8,20,13.24448865216674,0,12.5,-0.6,-3.55,Graduate
2,5,1,9007,1,1,133.3,1,37,37,8,8,115.8,0,0,1,0,1,0,19,0,0,1,8,0,10.220090073850542,4,0,5,8,0,0.08744720437357983,0,8.3,-0.8,0.56,Dropout
1,18,2,9457,0,1,138.6,1,37,38,11,0,119.6,0,0,0,1,0,0,27,0,0,6,1,7,8.30498466165174,0,0,6,5,6,10.247221524681922,0,7.6,0.9,3.17,Dropout
1,2,2,8954,1,1,137.3,1,2,36,2,8,106.9,1,0,0,1,0,0,17,0,0,6,7,6,12.118599625172621,0,0,6,9,7,11.60699387550935,0,12.4,1.5,3.48,Graduate
1,36,1,9622,1,1,95.0,1,4,20,12,11,130.8,0,0,0,0,0,0,36,0,1,5,13,0,0.19577005222400667,5,0,5,7,0,13.63906970846305,0,15.8,2.9,-4.06,Enrolled
1,18,1,8968,0,1,130.9,1,37,1,7,10,106.8,0,0,0,1,1,0,19,0,0,5,6,4,8.392435972930176,0,0,8,10,5,12.669659277726693,0,7.8,1.6,-1.37,Enrolled
1,45,1,9991,1,1,173.5,1,36,1,8,9,152.2,0,0,0,0,1,0,25,0,0,11,7,0,11.723687652310778,0,0,5,0,0,13.804436336336229,0,7.8,2.5,2.02,Dropout
1,4,1,9648,1,1,133.7,1,36,2,7,5,99.6,0,0,0,0,1,0,23,0,0,18,13,4,13.240716300146627,0,0,5,0,1,15.396761404355157,0,7.6,-0.7,0.12,Dropout
1,42,1,9124,1,40,136.1,1,36,31,9,5,107.9,0,0,1,0,1,0,30,0,0,5,0,0,0.35564665880482443,0,0,5,0,0,0.0,0,16.2,3.0,-1.69,Dropout
3,18,1,8801,1,1,125.0,1,2,38,11,10,129.9,1,0,0,1,0,0,18,0,0,9,8,7,16.52160265647615,0,0,7,9,6,12.549485685550977,0,11.2,1.5,0.18,Graduate
2,1,1,8909,1,1,132.2,1,1,37,6,3,123.9,1,0,0,1,1,0,17,1,0,5,5,5,13.404524588574882,0,0,6,10,6,13.662597050270437,0,11.3,1.6,0.09,Graduate
1,41,3,8888,1,1,134.2,1,38,18,8,8,137.0,1,0,0,1,0,0,18,0,0,6,7,6,11.587144314234036,0,0,6,5,3,15.852764326530103,0,16.2,3.7,1.93,Enrolled
1,38,1,9053,1,1,132.5,1,36,35,4,156,136.6,0,0,1,0,0,0,21,0,0,5,10,3,0.0,0,0,1,0,4,9.922478747767062,0,15.3,0.0,0.67,Dropout
1,1,3,8979,1,1,143.5,1,39,38,101,3,113.7,1,0,0,1,0,0,18,0,0,7,7,5,9.27534119107633,0,7,6,11,2,13.761497568314404,0,7.6,-0.7,0.28,Enrolled
2,18,1,33,1,1,129.6,1,20,5,2,10,123.5,0,0,0,1,0,1,31,0,0,7,7,7,11.44131202017818,0,0,11,5,4,10.912801771819598,0,12.9,1.6,0.2,Dropout
1,18,2,9100,1,1,130.1,1,38,1,10,9,114.2,1,0,0,1,0,1,17,0,0,6,6,7,13.026161690658165,0,0,8,10,6,13.102677184065012,0,11.1,1.5,-1.75,Graduate
1,19,1,9202,0,1,121.0,1,37,3,0,6,127.4,1,0,0,1,1,0,18,0,0,6,5,6,10.524614486000402,0,8,8,0,9,10.30664426955941,0,12.6,1.5,1.92,Graduate
1,3,5,9157,1,1,133.9,1,3,2,10,9,108.8,0,0,0,1,0,1,17,0,0,6,8,8,13.600999537248926,0,0,6,7,6,13.386414250080403,0,10.2,0.4,1.99,Graduate
1,16,6,9315,1,22,133.1,1,35,39,5,7,109.4,0,0,0,0,0,0,18,0,0,7,8,21,0.9236831078894314,0,0,7,10,5,17.741381781288034,0,8.0,1.4,0.08,Graduate
1,3,5,9357,1,1,124.1,1,38,1,4,7,95.0,1,0,0,1,1,0,17,1,0,7,8,6,11.807298091438973,0,0,6,0,2,13.721430003580359,0,12.6,-0.2,0.64,Enrolled
1,16,1,8928,1,1,134.6,1,39,36,10,8,113.5,0,0,0,0,1,0,18,0,0,5,0,1,0.0,0,0,6,11,1,0.617393559189927,0,9.3,2.5,-3.33,Dropout
1,15,2,9123,1,1,127.3,1,1,38,6,1,124.9,0,0,0,1,1,0,23,0,0,7,9,6,14.120466841091904,0,0,8,9,0,10.721138826413501,0,10.8,1.4,-1.51,Graduate
1,18,1,9354,1,1,133.6,1,35,5,8,3,124.4,1,0,0,1,0,0,19,0,0,5,17,3,15.09789689210174,0,2,6,12,0,0.0,0,7.8,0.0,0.79,Dropout
6,40,1,9083,1,1,130.9,1,1,36,1,8,95.0,0,0,0,1,1,0,22,0,0,13,8,1,0.4688585024863686,0,0,15,0,0,0.14554127733107852,0,9.3,-0.8,-3.06,Dropout
1,1,5,9252,1,1,136.5,1,1,19,9,8,107.8,1,0,0,1,0,0,19,0,0,8,7,4,13.287676192143069,0,0,6,8,5,8.85999039371328,0,16.0,1.5,1.84,Graduate
1,17,1,7649,1,1,128.8,1,36,1,10,6,98.3,1,0,0,1,0,0,17,0,0,7,7,5,13.672922396297471,0,0,7,12,4,14.2654834783036,0,10.7,-0.4,2.99,Enrolled
2,39,1,9112,0,42,143.9,1,1,40,6,4,125.0,0,0,0,0,0,0,37,0,0,5,4,0,10.113795011139246,0,0,14,9,0,12.206885277279513,0,15.8,1.4,0.63,Dropout
1,16,1,8942,1,1,120.1,1,40,19,9,9,121.4,1,0,0,1,0,1,17,0,0,6,9,14,13.124434539713782,0,0,5,7,8,16.595361382661633,0,12.8,1.4,1.7,Graduate
1,52,1,9387,1,1,132.0,32,39,4,4,6,120.3,1,0,1,1,0,0,19,0,0,6,8,6,11.978826432270544,0,0,6,8,5,14.404918202593946,0,7.9,1.5,1.64,Enrolled
1,19,4,8980,1,2,131.5,1,4,1,4,7,141.1,1,0,0,1,0,1,18,0,0,6,7,5,12.758054520467184,0,2,8,10,6,12.24017360560512,0,12.8,0.4,2.9,Graduate
1,16,1,8875,1,2,129.9,1,3,37,9,7,103.1,1,0,0,1,0,0,18,0,0,7,9,5,12.78117077016036,0,3,8,10,6,14.552506057192028,0,14.0,1.5,0.44,Enrolled
1,3,2,8848,1,1,154.2,1,1,18,9,7,129.3,1,0,0,1,0,0,17,0,13,6,7,6,11.17065147749123,0,0,5,6,3,12.167510111580604,0,9.6,1.5,1.9,Graduate
1,44,4,9361,1,1,163.3,1,36,35,10,6,114.1,0,0,0,0,0,0,20,0,0,6,7,3,13.597409714903963,0,7,6,5,6,12.490042261353825,0,12.5,3.0,0.56,Graduate
1,2,2,9111,1,1,145.9,1,5,19,10,9,117.0,1,0,0,1,0,1,17,0,12,6,5,5,12.288192208463359,0,0,8,8,7,13.842858206068641,0,10.1,1.4,0.23,Graduate
1,19,9,9247,1,1,120.7,1,37,36,6,7,121.7,1,1,0,1,0,0,17,1,0,0,10,4,0.0,0,0,5,5,6,12.707358877464426,0,7.6,1.4,-3.59,Graduate
1,43,2,8864,1,1,142.8,1,2,36,10,9,126.9,0,0,0,1,0,1,23,0,4,7,5,6,11.338132515559053,0,0,6,6,6,14.536047233484227,0,8.1,3.6,-3.81,Graduate
1,19,4,9259,1,1,145.7,1,4,1,6,9,135.4,1,1,0,1,0,0,18,0,4,13,8,5,11.691018947675513,0,0,6,9,7,15.407206763440204,0,7.9,1.5,-1.34,Graduate
2,19,1,9412,1,1,138.5,18,38,37,9,9,117.6,1,0,0,1,0,0,18,0,0,7,7,7,11.858535277809098,0,2,6,8,2,13.12161984348367,0,14.4,0.5,1.58,Graduate
1,16,2,9088,0,4,134.1,1,1,38,3,11,132.7,0,0,1,0,1,0,24,0,0,6,0,0,10.751277861308582,0,0,5,5,9,0.4043759733810031,0,16.2,1.5,-4.06,Dropout
1,39,1,9219,1,18,144.6,1,38,38,11,6,122.9,0,0,0,1,1,0,18,0,0,5,8,0,11.207586915404764,0,1,6,0,0,11.931879676108101,0,8.3,2.8,-2.1,Enrolled
1,18,1,9575,1,1,141.9,1,36,37,8,0,117.9,1,0,0,1,1,0,20,0,0,7,7,5,0.8405536246290647,0,0,14,5,4,13.026597986571828,0,16.2,-0.6,1.7,Dropout
1,18,1,8924,1,17,133.7,1,18,38,7,8,112.0,0,0,0,0,1,0,62,0,0,6,6,0,0.0,0,2,6,0,0,12.494936296688623,0,15.1,3.0,-1.94,Dropout
2,40,1,9003,1,1,131.9,1,35,36,10,8,132.5,1,0,0,1,0,0,21,0,0,5,18,0,9.445731749351015,0,0,14,4,11,0.0,0,13.8,1.4,-3.66,Dropout
1,41,1,8985,1,43,130.7,1,1,38,11,9,127.2,0,0,0,0,1,0,33,0,0,6,0,0,0.0,0,0,5,12,0,0.7450772474222186,0,16.2,2.7,0.6,Dropout
1,39,1,9233,1,15,135.0,1,38,35,9,10,138.2,0,0,0,1,1,0,20,0,0,6,6,0,13.7446502506683,0,0,5,9,0,11.109795259332207,0,16.2,3.7,0.38,Dropout
1,16,2,8953,1,1,119.6,1,1,1,11,12,118.5,1,0,0,1,0,0,17,0,0,7,9,7,12.800520267126899,1,0,7,8,6,14.636052982757235,0,11.5,-0.1,1.92,Graduate
1,16,1,9184,1,1,130.0,1,35,36,0,6,130.9,0,0,0,1,0,1,22,0,0,5,7,5,13.307237295295705,0,0,16,12,0,13.365268686198437,0,14.5,-0.3,0.81,Dropout
2,17,3,9284,1,1,127.2,1,1,1,8,8,126.9,1,0,0,1,0,0,26,0,0,0,10,5,13.502955519868554,0,0,7,8,6,15.596015165915752,0,11.2,1.4,0.69,Enrolled
1,1,2,9111,1,1,97.7,1,2,1,3,12,127.6,1,0,0,1,0,0,18,0,0,6,5,7,13.567648265843054,0,0,8,8,6,15.350036170809828,0,11.3,1.4,1.94,Graduate
1,17,1,9058,1,19,133.2,1,19,36,5,9,120.8,0,0,0,1,0,1,19,0,0,1,7,3,13.75069939313939,0,0,8,8,8,13.548724329761827,0,7.6,1.5,-1.93,Graduate
1,1,1,7604,1,1,157.6,1,13,2,9,1,122.3,0,0,0,1,0,0,18,0,0,7,5,6,9.596377081573381,0,0,6,7,3,13.764570018621784,0,13.4,-0.5,0.68,Dropout
1,2,1,9439,1,1,119.8,1,1,39,4,9,113.9,1,0,0,1,0,1,18,0,0,7,8,6,13.056449454945435,0,0,8,10,6,10.790431994649262,0,8.2,1.5,-3.11,Graduate
1,40,1,9073,1,2,137.6,1,1,36,9,9,120.2,0,0,0,0,1,0,18,0,0,6,7,6,10.936449881690656,0,0,8,12,6,10.822506083505527,0,16.2,-0.8,2.16,Dropout
1,2,6,9426,1,1,127.3,1,3,37,2,4,101.6,0,0,1,1,0,1,17,0,0,7,7,8,16.37288621237428,0,0,7,8,6,13.50240068428907,0,12.9,-0.4,-2.02,Graduate
2,19,1,8935,0,41,133.3,1,37,38,10,5,135.3,0,0,0,0,1,0,36,0,0,5,9,1,0.0,0,0,5,5,0,0.3093423957706583,5,8.2,1.4,-0.79,Dropout
1,41,1,9124,1,1,127.2,1,38,38,11,10,125.4,1,0,0,0,1,0,34,0,0,6,0,0,9.32908856971411,0,0,23,13,3,12.685269822660077,0,11.1,-0.6,-1.87,Dropout
1,17,1,8901,1,16,136.4,1,37,1,6,1,127.7,0,0,0,1,0,0,40,0,0,8,24,4,13.220134953930678,0,3,15,6,0,11.330459833151554,6,8.2,1.3,0.18,Dropout
1,16,3,9746,1,1,132.4,1,38,37,4,3,129.9,1,0,0,1,0,0,17,0,0,5,19,5,10.707906148215049,2,0,8,7,5,13.994948346309958,0,8.2,1.5,0.19,Graduate
2,36,1,9339,1,20,135.5,1,36,19,5,6,111.6,0,0,1,1,0,0,29,0,0,6,10,0,0.0,0,0,5,0,0,12.626774327072019,0,13.1,2.8,-1.04,Dropout
1,18,2,9549,1,1,138.1,1,36,38,9,8,115.9,0,0,0,1,0,0,18,0,0,6,6,4,13.971537040230164,0,0,5,5,0,13.910907718658187,1,8.1,-0.6,1.1,Enrolled
1,15,3,9229,1,1,120.7,1,3,19,5,3,124.1,1,0,0,1,0,1,19,0,0,6,7,6,13.70426502639092,0,0,16,7,6,14.362444038580437,0,11.3,-0.4,3.13,Graduate
1,17,1,8958,1,1,135.5,1,4,38,11,11,116.1,1,0,0,1,0,0,18,0,0,7,7,6,9.712234277020713,0,0,6,8,8,13.254506159412173,1,13.6,0.3,-3.2,Graduate
2,19,0,9291,1,1,133.2,1,36,37,8,7,114.5,0,0,0,1,0,0,21,0,0,11,11,5,0.0,0,2,6,8,7,0.0,0,10.0,3.7,-3.36,Graduate
1,18,2,9190,1,1,118.9,1,3,39,11,5,110.5,1,0,0,1,0,1,18,0,0,5,7,6,10.039252842319605,0,0,6,6,6,14.738073717956802,0,10.9,2.8,2.01,Graduate
2,3,1,8360,0,1,139.3,1,37,3,1,8,116.3,0,0,0,0,1,0,21,0,0,5,5,5,0.19821632923920196,0,0,8,9,9,15.986750737301572,0,16.2,-0.7,0.73,Dropout
1,1,6,8880,1,1,134.5,1,1,19,5,11,128.8,1,0,0,1,0,1,17,0,0,6,7,8,13.644469540026169,0,0,6,8,8,16.25103948635549,0,13.0,0.9,1.59,Graduate
2,17,1,7910,1,1,138.0,1,20,1,10,119,118.9,0,0,0,0,1,0,24,0,0,8,6,7,10.714248417124274,0,2,13,9,0,13.309178876675636,0,9.7,3.7,1.03,Enrolled
1,40,1,9991,1,1,139.3,1,36,39,10,0,115.2,1,0,0,1,0,0,18,0,0,5,5,1,10.56951739257769,0,0,6,6,6,9.421419617493545,0,12.3,1.3,-2.96,Dropout
2,41,1,9674,1,1,132.2,1,34,37,7,12,126.8,0,0,1,0,1,0,25,0,0,7,5,0,0.0,0,0,5,0,0,0.0,0,7.6,3.7,-4.06,Dropout
1,1,1,9356,0,1,115.2,1,37,6,7,7,98.2,1,0,0,1,0,1,18,0,0,7,8,7,13.371871707844623,0,0,6,5,6,10.734056803548016,0,9.9,1.4,0.71,Graduate
2,47,1,8979,0,43,131.2,1,1,36,9,1,95.0,0,0,0,1,1,0,24,0,0,5,8,3,0.0,0,0,5,0,1,0.46817623774195943,0,16.2,-0.6,-1.9,Dropout
1,19,1,9271,1,35,132.6,1,36,36,9,2,95.0,0,0,0,1,0,0,41,0,0,5,1,1,0.0,0,0,8,5,3,0.0,1,7.6,-0.6,0.64,Dropout
1,36,1,9110,1,1,133.1,1,36,38,8,170,133.4,1,0,0,1,0,0,19,0,1,6,7,7,10.722391785066192,0,0,6,8,0,14.024712913226221,0,13.0,1.5,0.01,Enrolled
1,10,1,9192,1,1,132.8,1,1,39,4,5,131.1,1,0,0,1,0,0,19,0,0,7,0,0,13.20402390906817,0,0,7,15,1,14.158642200714127,0,7.8,1.5,1.68,Graduate
1,45,1,9032,0,6,140.5,1,38,37,12,6,100.6,0,0,0,0,1,0,19,0,0,6,1,6,12.554319960513691,0,0,6,7,7,14.289954713025317,0,11.2,-0.8,1.57,Dropout
2,41,1,9031,0,33,136.7,1,36,39,10,7,111.4,0,0,1,0,1,0,23,0,0,5,0,0,0.0,0,0,5,6,5,0.0,0,15.5,1.5,0.23,Dropout
1,46,1,9544,1,38,125.0,1,37,37,6,11,97.3,0,0,1,0,1,0,20,0,0,5,0,0,0.0,0,0,15,10,0,0.0,0,9.1,2.7,1.68,Dropout
1,1,3,8908,1,1,128.8,1,37,4,7,9,190.0,1,0,0,1,0,0,19,0,0,5,7,6,10.009240067693199,4,0,6,6,6,15.699802320235772,0,7.9,0.9,-4.06,Enrolled
4,15,1,9287,1,3,140.5,1,1,38,167,8,126.7,0,0,0,1,1,0,54,0,0,7,5,0,10.875335586139249,0,0,8,8,2,15.119438692207222,0,16.2,2.8,-1.35,Dropout
2,40,1,9309,1,39,132.4,1,35,38,7,2,130.7,0,0,0,1,0,0,28,0,0,13,7,5,12.281379562497529,0,0,8,15,0,10.8472452310207,0,15.4,2.7,-0.7,Graduate
1,1,1,8937,1,1,168.9,1,1,37,8,11,107.1,1,0,0,0,0,0,18,0,0,5,3,5,8.679585683968266,0,5,15,10,3,11.670621682199593,0,11.2,-0.8,3.24,Dropout
2,18,3,8917,1,1,100.9,1,37,18,9,1,129.3,1,0,0,1,0,0,19,0,0,5,1,5,15.636260045496645,0,0,5,7,6,13.03826270345797,0,13.9,0.9,0.79,Enrolled
1,40,1,9028,1,36,122.1,1,38,18,10,2,111.6,0,0,0,1,1,0,18,1,0,6,7,3,13.62100295619418,0,0,5,8,6,17.767645502793407,0,13.8,3.7,-4.06,Enrolled
2,44,2,8960,1,1,124.2,1,4,36,7,1,101.8,0,0,0,1,0,1,18,0,0,6,7,6,13.320858836500738,0,0,8,7,6,13.466116302915946,0,12.9,-0.6,0.4,Graduate
1,2,2,9083,1,1,157.9,1,38,37,10,10,124.8,1,0,0,1,0,1,18,0,0,7,7,8,10.947310902308402,0,0,6,13,5,15.17198912297706,0,12.7,1.5,0.48,Graduate
1,40,1,9991,1,1,130.2,1,37,37,107,6,95.0,0,0,0,0,1,0,19,0,4,5,6,0,0.16811621021050166,0,3,5,8,0,0.40411101494100815,0,12.8,1.5,-4.06,Dropout
1,47,1,9834,0,1,126.3,1,35,37,11,7,125.2,0,1,0,0,0,0,17,0,0,10,9,3,14.388038219887191,1,0,5,12,0,12.899494531895554,0,12.3,3.0,2.07,Dropout
1,19,1,8988,1,1,123.8,1,2,2,6,5,96.6,1,0,0,1,0,0,17,0,0,7,13,25,13.326681980576414,0,0,5,9,7,12.733870308504335,1,15.2,3.0,1.88,Enrolled
1,16,1,9039,1,1,136.4,1,36,36,10,6,96.2,1,0,0,1,0,0,18,0,0,5,8,6,15.766090740701332,0,0,8,13,8,15.71216747626951,0,13.3,0.8,-1.79,Graduate
1,39,1,9235,1,1,96.7,1,17,36,6,3,95.0,0,0,0,0,1,0,28,0,0,5,5,4,0.0,0,0,2,6,0,0.0,0,14.4,3.6,1.51,Dropout
1,41,1,9497,1,1,122.5,1,36,38,10,4,105.2,0,0,0,1,1,0,50,0,0,5,7,5,8.506980686519157,1,0,8,0,0,11.937278707326964,6,16.2,-0.4,-3.58,Dropout
1,17,1,9081,1,1,114.4,1,4,38,11,7,132.2,1,0,0,1,0,0,28,0,0,5,0,5,10.832664656373865,0,0,8,8,3,11.989062532391344,0,9.2,2.9,-3.46,Dropout
1,39,2,33,1,1,104.3,1,1,18,8,2,137.1,0,0,0,1,0,0,17,1,0,0,7,5,12.526635455939957,0,0,6,18,6,12.593233331542223,0,12.9,3.7,-1.77,Graduate
2,46,1,9403,1,41,129.2,1,2,4,7,6,113.6,0,0,0,1,0,0,19,0,0,5,4,7,10.703467256713912,0,1,5,4,7,10.989961906359252,0,10.6,-0.2,-2.14,Graduate
1,18,1,9046,1,1,135.5,1,35,36,9,5,96.9,1,0,0,1,1,0,17,0,0,10,9,1,10.49631716101317,0,0,5,0,12,11.108661365203835,0,10.8,1.5,1.67,Dropout
1,41,1,7797,0,1,133.2,1,38,38,9,1,96.7,0,0,0,1,1,0,27,1,0,7,10,5,0.0,0,1,5,5,0,13.618477246246327,2,16.2,3.0,-3.34,Enrolled
1,41,2,9345,1,1,135.5,1,1,35,11,8,112.9,0,0,1,0,0,0,20,0,0,5,13,5,13.141367617703674,0,12,5,5,4,13.094504624592531,0,12.2,-0.8,3.51,Dropout
2,19,1,8899,1,1,132.1,1,38,1,5,2,130.7,0,0,0,1,0,0,21,0,0,5,7,9,12.336710760941031,0,0,5,9,0,0.0,0,8.0,-0.8,-3.3,Dropout
2,40,1,9201,1,1,128.4,1,1,1,10,11,96.6,0,0,0,1,1,0,35,1,0,5,9,0,0.0,0,0,6,9,0,9.792797243905099,0,7.8,1.5,0.16,Graduate
2,18,1,9844,0,4,132.3,1,37,36,8,6,127.3,0,0,0,0,1,0,23,0,0,5,8,0,12.538286463959048,4,0,5,5,0,0.0,2,7.7,-0.6,1.58,Dropout
4,2,1,9444,1,1,114.4,1,36,37,7,6,131.0,1,0,0,1,0,0,19,0,0,7,9,5,12.265594542205438,0,2,8,8,5,11.512791804469764,0,16.2,1.4,1.61,Graduate
1,2,6,9155,1,2,139.0,1,1,3,9,11,133.1,1,0,0,1,0,1,17,0,0,6,7,7,17.707916274964894,0,0,6,7,6,16.165504072023637,0,14.2,1.6,1.84,Graduate
1,18,2,9257,1,1,129.3,1,3,1,9,9,122.3,1,0,0,1,0,1,17,0,0,5,7,6,11.348643387598596,0,0,8,8,6,14.097367253056037,1,7.6,1.5,0.76,Graduate
1,18,1,7954,0,1,136.4,1,39,19,9,6,125.9,0,0,0,1,0,1,18,0,0,12,8,7,13.235811087904674,0,0,6,7,0,11.125998923654555,2,9.1,0.5,0.27,Dropout
2,2,2,9011,1,1,174.3,1,1,36,6,5,116.7,0,0,0,1,0,0,29,0,0,6,7,3,16.65522863491709,0,0,7,9,6,14.195717536600764,0,12.2,-0.4,1.96,Graduate
1,47,1,9991,0,1,132.2,1,37,39,10,195,106.2,0,0,0,0,0,0,18,0,0,7,9,6,10.77049966954399,0,0,8,10,0,10.01694018877748,12,11.4,-0.5,-3.17,Dropout
1,1,1,7409,0,1,132.5,1,1,1,9,10,119.5,1,0,0,1,0,0,19,0,0,5,7,6,10.224380600923169,0,0,12,9,7,12.285722958015954,0,13.7,0.6,-3.58,Graduate
1,46,5,9864,1,1,129.1,1,20,36,6,9,125.2,0,0,0,1,0,0,17,0,0,7,8,6,18.408667152793235,0,0,8,5,7,14.951707389722628,0,13.1,1.5,1.04,Enrolled
1,1,4,9053,1,40,139.6,1,38,37,11,6,123.0,1,0,0,1,0,0,21,0,0,5,6,6,12.898566124411024,0,1,6,14,3,14.361782952062207,0,12.6,0.4,0.7,Dropout
2,40,1,8893,1,1,136.4,1,36,4,10,0,123.0,0,0,1,0,0,0,18,0,0,5,0,3,0.0,0,2,5,8,1,0.0,0,9.2,1.5,0.09,Dropout
1,1,1,9497,1,1,140.6,1,37,18,11,0,121.6,1,0,0,1,0,0,20,0,0,7,7,7,15.205826586035277,0,0,8,9,6,11.834109108957659,0,11.0,1.5,1.72,Dropout
1,17,2,9290,1,37,121.8,1,1,5,7,9,126.2,1,0,0,1,0,0,17,0,0,7,8,5,8.289694639953282,0,0,6,8,0,11.875440745623852,0,12.8,-0.8,0.22,Graduate
1,43,1,9975,1,1,139.2,1,1,35,11,11,106.1,1,0,0,1,0,0,21,0,0,5,8,7,0.5291155046642445,0,0,16,5,5,9.311932650105922,1,15.8,0.8,-2.09,Enrolled
1,3,2,9000,1,1,126.0,1,5,38,8,8,136.3,1,0,0,1,0,0,19,0,0,7,7,7,12.640149323142573,0,1,8,7,6,14.995492237906968,0,7.8,0.6,1.88,Graduate
1,18,4,7921,1,1,129.4,1,1,39,8,11,95.0,0,0,0,1,0,0,17,0,0,7,8,3,10.365668374091264,0,0,6,1,4,12.818161919295253,5,11.3,-0.1,-3.87,Enrolled
2,48,1,9046,0,39,138.7,1,18,1,10,104,130.9,0,0,0,1,0,0,19,0,0,5,8,4,13.759260586398595,0,0,11,7,2,0.0,0,12.4,2.8,3.51,Enrolled
1,17,1,8816,0,1,136.4,1,3,19,12,0,162.4,1,0,0,1,0,0,19,0,0,7,8,6,9.605386678158288,0,0,8,8,1,13.015170134692834,0,15.3,-0.5,1.45,Graduate
1,40,1,9799,0,1,179.6,1,38,36,10,0,111.4,0,0,0,1,0,0,40,0,0,6,0,3,16.485672511954625,0,0,5,7,0,12.792275517420798,0,8.0,0.7,0.46,Dropout
1,40,1,9090,1,1,129.2,1,38,37,1,12,148.9,0,0,0,1,0,0,20,0,0,5,5,0,0.0,0,0,6,0,0,0.0,2,9.7,3.7,-4.06,Dropout
2,38,1,8529,1,1,121.9,1,38,2,8,7,114.4,0,0,0,1,0,0,20,0,0,6,8,3,15.477828581627339,0,1,5,10,3,16.726299134367498,0,15.7,0.7,1.84,Dropout
1,43,1,8574,1,1,136.6,1,1,35,9,9,107.0,1,0,0,1,0,0,22,0,1,7,8,5,10.73804182561419,0,0,8,6,2,11.45742977777355,0,12.4,3.0,0.67,Enrolled
1,18,6,8970,0,1,124.3,1,36,35,4,6,113.1,0,0,0,1,0,0,17,0,6,5,6,7,14.774066374657435,0,0,6,7,6,11.99585232882143,0,8.0,-0.8,3.11,Graduate
1,18,4,9991,1,1,118.0,1,36,37,0,8,116.1,1,0,1,1,0,0,18,0,0,7,4,2,11.417641150108894,0,0,11,5,6,0.0,0,12.8,0.8,-1.73,Dropout
1,1,1,9261,1,1,137.8,1,2,1,8,11,108.6,1,0,0,1,0,1,17,0,0,7,8,7,12.933877806016937,0,0,8,8,6,17.583162971369227,0,11.0,-0.0,1.4,Graduate
1,15,5,8875,0,1,135.8,1,36,38,11,5,151.0,0,0,1,1,1,0,26,0,0,6,9,1,9.986120383478454,0,0,21,7,0,0.0,0,7.7,-0.7,1.49,Dropout
1,16,1,9304,1,1,131.3,1,4,37,10,1,132.9,1,0,0,1,0,0,18,0,0,6,9,8,14.02536953816573,0,0,8,10,6,14.440651187277519,0,10.9,0.3,-3.17,Graduate
1,46,1,9737,1,1,136.6,1,36,1,7,10,129.7,1,0,0,1,1,0,18,0,0,5,7,3,11.068232199293362,0,0,7,5,0,12.747053368106759,0,12.5,1.4,-4.06,Graduate
1,18,3,9818,1,1,133.6,31,1,38,10,9,135.6,1,0,0,1,1,0,17,0,0,5,7,5,11.439155746228625,0,0,6,8,6,11.637040301220711,0,7.7,3.6,0.62,Dropout
1,1,2,9163,1,1,138.6,1,4,1,10,10,104.4,1,0,0,1,0,1,19,0,0,7,7,5,10.742249204099453,0,0,8,6,1,16.532965671684494,0,8.5,1.4,0.6,Graduate
1,41,3,9554,1,1,114.1,1,37,38,2,106,113.6,0,0,0,1,0,0,19,0,2,7,6,4,12.624810508082835,0,0,8,9,4,0.700319585229183,0,13.0,1.4,-3.35,Graduate
1,2,3,8857,1,1,134.5,1,2,20,9,8,122.7,1,0,0,1,0,0,18,0,0,6,7,6,12.754787106379409,0,0,6,7,4,16.50816740974588,0,9.6,0.9,0.09,Graduate
1,2,2,9319,0,1,149.8,1,20,1,8,10,182.1,1,0,0,1,0,0,19,1,1,7,6,5,14.229694600422603,0,0,7,5,4,11.667771942166908,1,13.0,-0.7,-3.53,Graduate
1,15,1,9265,1,1,139.1,1,1,39,4,195,118.4,0,0,0,1,0,0,17,0,0,7,5,12,12.497162929584615,0,0,8,4,8,13.414910491937457,0,12.1,0.7,-2.75,Dropout
1,19,6,9361,1,1,130.5,1,6,39,3,10,125.0,1,0,0,1,0,1,17,0,0,6,7,6,14.694474950736542,0,0,8,8,8,13.093300842142197,0,13.1,0.5,-1.69,Graduate
1,18,2,8928,1,1,143.6,1,37,1,11,10,119.1,1,0,0,1,0,0,18,0,0,7,7,5,17.47473808894674,0,0,8,7,8,11.42705151673292,0,12.7,3.7,-3.26,Graduate
1,2,2,9082,0,1,145.6,1,38,35,8,11,105.1,0,0,0,1,1,0,35,0,0,5,0,7,1.167887774008328,0,0,5,8,0,0.8410692936750684,2,16.2,2.9,0.38,Dropout
1,19,4,9809,1,1,128.3,1,18,36,6,11,113.9,0,0,0,1,0,0,19,0,0,7,10,8,13.663909778516182,0,0,8,7,6,10.102525031936437,0,13.5,1.5,-3.77,Graduate
2,41,1,8968,1,11,121.4,1,35,37,66,11,113.4,0,0,1,0,1,0,25,0,0,5,0,3,0.0,0,0,5,0,0,0.0,0,16.2,1.4,0.25,Dropout
1,19,1,8632,1,2,161.6,1,1,37,10,6,95.0,1,0,0,1,0,0,34,0,0,6,8,6,12.070173685482796,0,0,12,10,0,13.896340805383689,0,11.2,0.8,1.67,Graduate
1,18,1,9766,1,38,128.9,1,1,1,0,3,124.4,1,0,0,1,0,0,18,0,0,6,8,7,13.874362724411624,0,0,8,7,5,13.72818090790969,0,12.9,-0.1,0.73,Graduate
2,16,1,8970,1,1,133.9,1,18,36,137,12,128.4,0,0,0,1,0,0,18,0,0,7,7,5,11.940765919086928,0,4,5,0,6,10.573011158741908,0,8.0,-0.5,1.48,Dropout
1,2,3,8873,1,1,153.4,1,1,38,7,7,116.1,1,0,0,1,0,1,20,0,0,7,7,3,13.545027054738984,0,0,6,8,6,9.588529889990335,0,12.6,0.6,0.57,Graduate
1,17,2,9059,0,1,144.8,1,5,39,9,12,136.2,1,0,0,1,0,0,18,0,0,5,8,7,0.0502715825841796,0,0,6,6,6,11.377339255353785,0,14.5,2.8,0.5,Enrolled
2,40,1,9486,1,5,154.3,1,1,36,8,4,104.9,0,0,0,0,1,0,27,0,0,5,0,0,0.7959329898884255,0,8,8,6,0,13.146498938584235,0,7.6,3.0,-3.71,Dropout
1,18,3,9902,1,1,131.1,1,1,20,3,11,98.1,1,0,0,1,0,1,17,0,0,7,8,3,11.547132962540408,0,0,5,7,5,14.788271091231703,0,13.0,3.7,-1.88,Graduate
1,4,4,9025,1,1,147.9,1,37,37,6,7,123.9,1,0,0,1,0,1,22,0,0,6,7,6,15.890172556586162,0,1,6,7,6,14.357529530281505,0,12.9,3.7,1.48,Graduate
2,53,5,8831,0,43,137.6,1,1,36,9,102,116.5,1,0,0,1,0,0,18,0,0,5,0,4,13.893225878183635,0,0,12,8,0,14.566715636465009,0,16.1,1.5,-1.7,Graduate
1,1,2,7395,1,1,136.7,1,35,36,7,4,106.9,0,0,0,0,0,0,19,0,0,7,7,7,12.381767017503517,0,0,6,12,10,12.388826022739712,0,15.3,-0.3,0.67,Graduate
1,41,1,8961,1,16,142.3,1,40,37,9,9,118.1,0,0,0,0,0,0,27,0,0,5,4,5,9.676954241388737,0,0,5,8,6,14.024489988527467,0,9.3,-0.3,-1.44,Dropout
2,36,1,8868,1,1,134.1,1,2,37,106,8,132.6,0,0,1,1,1,0,23,0,0,5,13,0,0.0,0,0,5,4,0,13.338618192508468,2,7.6,1.4,0.51,Dropout
1,3,1,9360,1,1,118.5,1,40,37,9,9,133.8,1,0,0,1,0,0,22,0,0,6,6,6,10.234019666705015,0,0,6,10,6,11.270358568548886,0,8.1,1.5,-1.62,Graduate
1,39,1,8853,1,1,127.7,1,1,36,6,9,131.0,0,0,0,1,0,0,28,0,0,7,5,5,15.839788898249033,0,0,8,8,3,15.486272350713492,4,12.9,-0.6,1.82,Enrolled
1,18,3,8969,1,1,137.8,1,4,19,7,2,132.7,1,0,0,1,0,0,18,0,6,7,8,6,14.852592191488439,0,0,5,7,8,15.676939560993901,0,11.0,1.5,-4.04,Enrolled
1,40,1,8907,1,1,124.9,1,36,19,11,9,128.3,0,0,0,0,0,0,25,0,0,5,4,0,0.0,0,0,5,5,3,0.0,0,7.6,1.5,0.03,Dropout
1,17,1,8948,0,1,123.1,1,19,3,5,8,134.9,0,1,0,1,0,0,45,0,0,5,5,0,12.262695223228228,0,0,12,7,3,14.64886582005595,0,7.9,-0.6,0.18,Graduate
1,19,4,9657,1,1,131.1,1,36,28,0,11,133.1,0,1,0,1,0,0,28,0,0,5,7,6,14.09325525741138,0,0,6,8,3,11.046352212938604,0,11.0,-0.2,0.91,Graduate
2,39,1,9102,1,4,112.8,1,38,2,8,7,113.8,0,0,1,0,1,0,46,0,0,5,6,0,11.55196240602449,0,0,6,9,0,0.4108782036690234,0,12.5,1.4,-1.15,Dropout
1,2,1,8886,1,1,136.5,1,37,1,6,11,125.5,1,0,0,1,0,0,18,0,0,7,7,5,13.227147149989014,0,0,14,9,6,13.98220037543522,0,12.9,0.8,1.69,Graduate
1,44,5,8989,1,1,141.8,1,17,1,9,10,95.0,1,0,1,1,1,0,24,0,0,5,7,4,9.243032630378224,0,0,8,5,1,14.934435079032728,0,16.1,-0.8,0.23,Dropout
1,6,1,9277,1,34,181.6,1,18,2,11,1,125.4,1,0,0,1,0,0,21,0,0,5,12,3,12.33658904644744,0,3,5,9,6,10.280602808072537,0,8.8,-0.4,1.77,Enrolled
2,2,2,9012,1,1,153.3,1,19,39,7,7,100.0,0,0,0,1,1,0,18,0,3,6,5,3,12.14036193380084,0,0,8,12,8,13.045155878752238,0,12.3,1.6,-1.66,Dropout
1,46,1,9486,1,1,131.6,1,35,36,9,6,134.1,0,0,0,0,1,0,17,0,0,0,20,2,0.5038635143182191,0,0,0,6,0,0.0,0,15.7,3.7,3.51,Dropout
1,17,1,8950,1,1,135.4,1,1,37,10,10,127.8,1,0,0,1,0,0,18,0,0,7,8,6,10.80875172073227,0,0,6,7,4,11.782388365708245,0,12.2,3.7,2.06,Graduate
1,18,3,8874,1,1,124.1,1,2,1,5,12,110.7,1,0,0,1,0,1,17,0,0,7,7,7,11.80275123736527,0,0,8,8,6,14.06410346926145,0,14.0,0.1,0.09,Graduate
1,17,3,9134,1,1,136.5,13,38,38,8,8,130.5,1,0,0,1,0,1,19,0,3,7,5,7,12.20576596134241,0,0,8,8,7,13.74306931042257,0,11.3,0.8,1.62,Graduate
1,17,3,9348,1,1,119.6,1,1,38,9,9,130.7,1,0,0,1,0,0,17,0,5,5,12,5,10.849240288723685,0,6,8,7,3,15.348022776981031,0,14.0,3.6,0.24,Graduate
1,1,1,9090,1,41,138.4,11,1,37,8,9,102.9,1,0,0,1,0,0,20,0,0,6,7,7,16.451296526075097,0,0,8,5,7,9.534378977832942,0,14.1,1.5,3.43,Enrolled
1,43,1,941,1,1,142.8,1,14,39,10,6,107.7,0,0,0,1,0,0,17,0,0,8,7,6,11.604651508572664,0,0,8,10,2,11.408963308371135,0,9.6,-0.6,0.18,Graduate
1,38,3,9172,1,2,131.5,1,37,19,9,0,141.3,0,0,1,0,1,0,21,1,0,8,9,0,9.933121005264661,5,1,5,14,0,11.138911908394551,0,16.2,3.7,0.55,Enrolled
1,3,2,9292,1,1,131.3,1,1,36,9,81,122.3,0,1,0,1,0,0,17,0,0,6,13,7,11.20163232391086,0,2,5,9,6,15.367850306257877,4,8.1,0.8,1.71,Enrolled
1,40,1,9253,1,43,130.9,1,37,39,10,9,95.0,0,0,0,1,1,0,19,0,0,11,7,5,15.368660084318874,0,0,7,0,2,15.49500723908583,0,7.9,0.5,0.67,Dropout
2,40,1,9005,1,5,132.7,1,19,38,10,7,104.2,0,0,0,1,1,0,24,0,0,5,0,1,0.0,0,0,5,11,0,0.0,0,14.4,1.4,-1.94,Dropout
1,39,1,9024,1,1,114.7,1,38,19,4,10,134.7,0,0,0,0,1,0,19,0,1,5,7,0,9.354766429678445,0,0,1,0,0,0.0,0,7.6,3.7,0.09,Dropout
1,38,1,9636,1,42,185.5,1,1,1,2,6,128.5,0,0,1,0,1,0,22,0,5,5,4,3,0.0,0,0,5,8,0,0.0,0,16.2,0.4,-1.25,Dropout
1,18,4,9672,1,1,183.7,1,1,1,10,5,104.2,1,0,0,1,0,1,19,0,0,6,21,6,14.647445758108592,0,0,8,8,6,10.399981026283873,0,11.1,0.8,1.81,Graduate
1,18,4,9122,1,2,129.3,1,35,18,136,4,124.0,0,0,0,1,0,0,17,0,0,6,8,3,14.907065435904034,0,1,5,9,4,13.909421489125764,0,7.6,2.9,0.45,Dropout
1,1,1,8788,1,1,132.0,1,1,20,9,6,125.9,1,0,0,1,0,0,17,0,0,7,7,8,10.617657789972878,0,0,8,7,6,16.38380627105742,0,12.9,-0.3,1.81,Graduate
2,43,1,8858,0,5,136.2,1,36,38,12,0,190.0,0,0,1,0,0,0,34,0,0,7,5,0,0.0,0,0,5,10,0,11.179488002960985,0,12.9,1.4,-4.06,Dropout
1,39,3,9132,1,15,132.2,34,2,38,10,7,129.5,1,0,0,1,0,0,18,0,0,7,8,7,16.331127752058368,0,0,8,10,6,15.52870211050817,0,12.9,-0.7,1.41,Enrolled
1,18,1,33,1,1,147.0,1,40,37,10,3,133.0,0,0,0,1,0,0,18,0,0,6,7,8,14.005181844640646,0,0,6,8,7,11.749561663164979,0,9.5,0.5,-0.7,Graduate
1,18,2,8936,1,1,117.3,1,19,21,1,13,100.4,0,0,0,0,0,0,17,0,0,6,8,5,11.960132482511327,0,0,13,10,6,16.30130501871378,0,16.2,-0.2,-4.06,Graduate
1,41,1,9408,1,38,138.3,1,38,38,10,5,95.0,0,0,0,0,1,0,43,0,0,3,4,6,11.604918510980083,2,0,6,0,0,12.365638626729487,0,8.2,2.7,-4.06,Dropout
1,1,4,9019,1,40,132.7,1,1,37,11,95,128.1,0,0,0,1,0,0,20,0,0,6,7,0,12.172635666782426,0,0,8,6,7,13.75988858400257,0,11.0,-0.1,-1.58,Enrolled
2,17,1,9339,1,1,141.6,1,1,19,8,8,175.0,0,0,0,1,0,0,29,0,0,8,7,4,10.237138803354416,5,0,17,10,6,9.940567600617964,0,14.0,2.8,0.1,Graduate
1,1,1,7942,1,1,126.9,1,20,39,9,3,119.8,1,0,0,1,1,0,24,0,0,5,8,0,8.81859326323454,0,0,5,0,8,0.0,0,11.3,0.7,0.05,Dropout
1,2,6,9256,1,1,139.3,1,36,37,11,6,122.1,1,0,0,1,0,1,17,0,0,7,8,5,12.869662105740801,0,0,8,8,6,10.179726809500671,0,8.3,2.9,-0.91,Dropout
2,18,2,9108,1,1,147.8,1,1,19,8,9,129.2,0,0,0,1,0,1,38,0,0,13,19,3,14.626017789795553,0,0,6,5,8,14.901657699966856,0,9.9,-0.8,1.85,Graduate
1,1,1,9056,1,1,130.4,1,4,37,9,1,142.7,1,0,0,1,0,0,48,0,0,7,28,5,11.9546183086388,1,5,15,5,0,15.944230737688816,0,12.3,0.7,0.64,Enrolled
1,38,1,138,1,1,130.5,1,1,36,11,7,113.0,1,0,0,0,0,0,19,0,5,5,12,4,0.0,0,0,8,7,0,10.285325836742235,0,15.0,0.7,1.52,Enrolled
1,17,1,9431,1,1,136.1,1,38,20,4,64,109.3,0,0,0,1,0,1,20,0,0,5,9,11,11.520527912688738,0,1,8,8,6,13.85862369837374,0,16.2,-0.7,1.55,Graduate
2,41,1,9001,1,6,132.2,1,37,36,9,7,154.1,0,0,0,1,1,0,30,0,0,5,5,0,0.0,0,0,5,0,0,0.0,0,9.9,-0.6,-1.08,Enrolled
1,1,3,9384,1,1,99.7,1,3,38,9,8,111.2,1,0,0,1,0,1,17,0,6,5,7,3,12.045371692742837,0,0,8,7,4,13.59382724514536,0,9.4,0.6,-4.06,Graduate
1,16,1,8983,1,1,138.5,1,2,20,10,7,131.0,1,0,0,1,0,0,23,0,0,7,4,7,14.567984370084915,0,0,8,8,6,15.357858582929763,0,13.9,1.5,-4.06,Dropout
1,16,1,8829,0,1,176.2,52,1,19,6,8,106.2,1,0,0,1,0,1,24,0,3,6,7,5,14.637246885330795,1,4,8,9,6,14.787644536040311,0,7.7,1.5,3.26,Graduate
1,1,3,9062,1,2,150.1,1,35,1,3,8,122.3,1,0,0,1,0,0,17,0,0,0,7,6,16.862241273591266,0,0,8,8,7,13.098211948613365,0,12.4,3.7,1.78,Graduate
2,3,1,8902,0,43,114.6,1,20,1,8,8,109.4,1,0,0,1,0,0,18,0,8,6,13,8,12.825673768918303,0,0,9,9,3,13.44497566198005,0,7.8,1.5,-0.86,Graduate
1,1,3,9352,1,1,132.5,1,20,3,5,9,120.7,1,0,0,1,0,0,22,0,6,7,8,5,14.772957949154751,0,1,14,8,6,14.774136922774703,0,16.2,-0.6,1.64,Graduate
1,40,1,9303,1,17,126.3,1,38,37,11,110,129.8,0,0,1,1,1,0,25,0,0,5,0,4,0.0,0,0,5,0,0,10.630854768598248,0,12.9,2.7,-1.4,Dropout
4,19,1,9309,1,40,135.7,1,35,19,94,195,123.8,1,0,0,1,1,0,21,0,17,5,9,3,0.0,0,2,5,0,6,9.783059310502159,0,10.8,1.5,3.15,Dropout
1,16,1,8123,1,1,132.5,1,36,39,3,3,120.2,0,0,0,1,1,0,25,0,2,6,8,0,8.909408774580708,0,0,6,5,0,10.997912825633248,0,7.6,2.8,1.81,Enrolled
1,18,2,9571,1,37,127.7,1,1,4,0,10,112.6,1,1,0,1,0,0,17,0,0,7,8,7,15.243532277613197,1,0,6,7,6,10.46155148710199,0,14.6,1.5,1.91,Graduate
2,17,2,8997,1,37,126.3,1,1,38,10,9,113.4,0,0,0,1,0,0,22,0,10,6,7,7,0.0,0,0,6,16,6,9.896259200658498,0,12.4,0.5,-4.06,Graduate
1,1,1,8930,1,1,134.4,1,3,36,11,8,125.2,1,0,0,1,0,1,17,0,0,6,7,6,9.415309501869999,0,0,6,5,4,11.774865248743236,0,12.5,3.4,2.19,Graduate
1,17,2,9327,1,1,137.2,1,39,39,9,7,124.3,1,0,0,1,0,1,19,0,0,6,8,6,10.352446181012738,0,0,8,8,8,12.233358924165769,0,13.0,1.5,0.56,Enrolled
1,40,1,9107,1,1,110.5,1,1,2,3,2,119.3,1,0,0,1,0,0,19,0,0,5,8,4,11.246742281252292,0,0,6,8,6,13.328194080742993,0,11.3,-0.6,1.61,Enrolled
6,1,3,9234,1,1,126.8,1,3,1,3,9,109.3,1,0,0,1,0,1,17,0,0,5,8,6,11.988698379417905,0,0,7,7,5,16.29123458923805,0,12.8,0.3,0.81,Graduate
2,41,1,9152,1,1,131.3,1,18,37,8,8,168.1,0,0,0,1,0,0,25,0,6,8,8,1,10.646474094148846,0,0,5,8,0,0.0,8,16.2,3.0,0.73,Enrolled
1,17,1,9104,1,1,155.1,1,3,4,10,5,177.6,0,0,0,1,0,0,19,1,0,7,8,0,9.782219692421714,0,0,14,8,9,13.349690214118521,0,12.7,1.4,1.66,Enrolled
1,3,2,9104,1,1,129.5,1,39,1,7,13,126.4,1,0,0,1,0,0,17,0,0,7,8,4,11.825213680326344,0,0,15,12,6,10.838733747258626,3,10.2,2.7,0.65,Graduate
1,8,1,9003,1,4,127.8,1,39,36,3,2,109.9,0,0,0,1,1,0,29,1,0,6,0,5,11.907007579504498,0,0,16,7,3,0.0,0,8.3,-0.2,1.43,Dropout
1,45,1,33,1,1,108.3,1,18,36,6,5,95.0,0,0,0,1,1,0,24,0,0,6,6,15,10.772135849401849,0,0,5,5,8,1.0673024531027697,2,16.2,1.4,0.51,Dropout
1,16,4,9555,1,1,133.1,1,4,38,9,8,110.4,0,0,0,1,0,0,21,0,0,7,8,6,11.010912999239052,0,0,6,10,2,14.847188078450412,0,16.2,-0.1,-4.02,Enrolled
1,17,1,9224,1,1,123.0,1,39,3,8,7,104.5,1,0,0,1,0,0,19,0,0,5,5,7,12.89448165698568,2,0,12,6,0,15.207821429547167,0,13.0,-0.7,1.57,Dropout
1,17,5,9008,1,1,136.8,1,37,1,3,0,123.2,1,0,0,1,0,0,31,0,0,8,8,0,10.52884807026744,0,0,8,0,2,13.409963065191981,0,8.2,1.5,-4.05,Graduate
1,38,1,9146,1,38,125.6,1,35,18,11,4,155.0,0,0,1,1,0,0,31,0,0,6,0,5,11.340794446679759,0,0,5,9,4,14.685374914660935,0,8.3,2.9,1.61,Enrolled
1,1,2,9123,1,1,142.4,1,39,36,8,195,105.3,1,0,0,1,0,1,18,0,0,7,8,8,12.07780349451009,0,0,2,5,6,12.057318218935514,0,16.2,3.7,3.03,Graduate
1,2,1,8833,1,1,115.6,1,36,37,5,6,132.6,0,0,0,1,0,0,23,0,0,6,8,4,14.798154295634726,0,0,6,5,2,15.452355970250558,0,16.2,-0.3,1.77,Graduate
1,40,1,9479,1,43,129.7,1,37,1,8,11,111.7,0,0,0,0,1,0,23,0,0,7,0,0,0.0,0,0,15,0,0,0.3283611866502022,0,9.6,1.5,-3.79,Dropout
2,38,1,8999,1,11,122.0,1,35,36,9,10,106.8,0,0,1,0,1,0,25,0,0,5,0,0,0.0,0,0,5,0,0,0.0,0,7.8,3.0,0.25,Dropout
1,17,1,9361,1,1,129.0,1,1,10,7,11,120.1,1,0,0,1,0,1,17,0,0,7,8,6,11.86023604978322,0,0,6,8,9,14.492500602508606,0,12.5,3.7,-2.22,Graduate
1,8,2,8984,1,36,120.8,1,2,38,12,7,134.6,0,0,0,0,0,0,20,1,0,7,7,7,10.866372294011628,0,2,16,8,7,13.488562172058149,0,11.1,0.7,-1.97,Enrolled
1,15,3,9456,1,1,129.9,1,38,2,4,8,124.2,1,0,0,1,0,0,20,0,0,6,5,7,16.36735418836258,0,0,8,9,4,15.82593627348659,0,7.9,-0.5,1.86,Graduate
5,39,1,9296,1,36,130.2,1,1,36,9,3,106.3,0,0,1,1,1,0,19,0,0,5,0,0,0.0,0,0,5,0,0,0.0,0,12.8,-0.8,0.27,Dropout
5,37,1,9723,1,2,131.6,1,18,38,4,10,117.0,0,0,0,1,1,0,29,0,0,5,0,3,0.0,0,0,5,0,4,0.0,0,7.6,1.4,0.19,Dropout
2,45,1,8919,0,40,185.3,1,35,38,10,6,128.3,0,0,1,0,1,0,24,0,0,0,0,0,0.0,0,1,5,5,0,0.46008482252492444,0,16.0,1.4,-4.06,Dropout
1,18,5,9033,1,1,136.8,1,39,19,10,9,106.7,1,0,1,1,0,1,19,0,0,6,8,6,10.563839379447334,0,5,16,8,6,14.53607401875771,0,8.2,0.8,3.13,Graduate
4,40,1,7531,1,1,136.2,1,34,37,10,11,122.6,0,0,0,0,1,0,22,0,0,5,7,4,0.0,0,0,5,8,0,9.535169247729154,0,10.4,2.7,0.29,Graduate
2,38,1,9201,1,1,138.1,1,36,1,11,10,103.3,0,0,1,1,1,0,18,0,0,7,7,5,0.9241042405821187,0,0,6,0,6,12.188082474583586,0,13.0,2.4,-4.06,Dropout
1,16,1,9421,1,1,134.0,1,38,37,9,11,134.9,0,0,0,1,0,0,18,0,0,5,6,4,0.0,0,2,8,7,3,11.306713832207775,0,9.5,1.4,-4.06,Dropout
1,2,4,9402,1,1,134.3,1,18,37,7,2,129.4,0,0,0,1,0,1,17,0,0,6,5,7,12.84743440234804,0,0,7,6,4,12.366247650132566,0,13.1,3.7,1.67,Graduate
1,39,1,9092,1,1,138.0,1,1,36,11,4,111.3,0,0,0,1,0,0,25,0,0,6,5,5,11.318565382691395,1,0,6,5,0,0.0,0,12.3,3.5,-4.06,Dropout
1,43,1,9214,1,1,134.4,1,38,39,6,9,105.8,0,0,0,1,0,0,19,0,0,5,27,0,13.4401548172292,0,0,16,10,0,0.0,0,8.1,0.4,-3.41,Dropout
2,41,1,8984,1,10,109.1,1,36,39,10,11,124.7,0,0,0,0,1,0,23,0,0,5,0,1,0.0,0,0,5,0,0,0.0,0,12.6,1.5,2.89,Dropout
1,46,1,9250,1,1,122.0,1,40,37,167,8,115.0,1,0,0,1,0,1,19,0,0,6,11,2,12.611210711089061,0,0,7,8,7,11.886207030689329,8,12.8,1.5,0.48,Dropout
2,42,1,7994,1,40,135.0,1,35,39,10,6,154.4,0,0,0,0,1,0,38,0,0,5,8,0,0.0,0,1,5,0,0,0.0,0,8.0,-0.5,0.24,Dropout
1,2,2,9125,1,1,138.9,1,2,1,4,8,117.5,1,1,0,1,0,0,18,0,0,20,12,6,14.496327722758517,0,0,6,7,6,16.212224570183512,0,11.3,0.1,1.01,Graduate
1,1,3,8882,1,1,127.9,1,36,18,11,4,124.0,1,0,0,1,0,0,17,0,0,6,7,6,11.845482167007384,0,0,6,9,6,13.170600034295983,0,12.3,-0.8,-1.56,Enrolled
1,2,2,9388,1,1,133.5,1,36,37,4,0,122.1,1,0,0,1,0,0,17,0,7,7,8,5,14.768335936517081,0,1,7,9,6,18.571428571428573,0,8.2,1.4,1.56,Graduate
2,10,1,8871,0,2,136.4,1,37,37,7,89,103.8,0,0,0,1,0,0,40,0,0,5,17,4,13.102887151300113,0,5,13,0,1,0.23498424214318372,0,7.9,1.4,-1.75,Dropout
2,16,1,9001,0,16,137.4,1,39,39,9,9,106.9,0,0,0,0,1,0,30,0,0,5,0,0,0.2405853397535987,0,0,5,10,0,0.0,0,16.2,-0.1,0.61,Dropout
1,18,1,8940,1,1,132.7,1,37,3,10,5,126.4,0,0,0,1,0,0,21,0,1,0,1,9,0.3997519768093064,0,0,6,10,6,0.19975281814789722,0,7.6,-0.1,-2.64,Dropout
1,13,3,8919,1,1,135.7,1,1,36,4,195,125.6,1,0,0,1,0,1,17,0,0,7,8,7,13.374961392790407,0,0,8,8,6,11.281232393181453,2,7.6,0.9,2.25,Graduate
3,39,1,9168,1,8,135.2,1,35,2,9,0,190.0,0,0,0,0,0,0,22,0,13,5,9,0,0.0,0,0,5,5,0,0.05779686930403552,0,10.2,-0.3,-4.06,Dropout
1,42,1,9572,1,1,127.3,1,37,2,8,2,113.5,0,0,0,1,0,0,19,0,0,8,9,6,11.291951397149179,0,0,6,19,3,13.700506313495367,0,11.2,-0.6,0.32,Graduate
1,43,3,9427,1,3,132.0,1,31,38,114,5,105.5,0,0,0,1,0,0,18,0,0,7,6,10,12.245212342013156,0,0,8,8,6,13.24515434895953,0,15.6,1.4,2.92,Dropout
1,19,1,8878,1,43,176.7,1,18,37,7,5,106.6,0,0,0,1,0,0,17,0,9,6,7,1,12.12124834830357,0,16,5,7,0,0.0,0,10.7,0.1,-4.04,Dropout
1,16,5,9484,1,12,131.7,1,2,4,9,5,95.0,1,0,0,1,0,0,21,0,0,7,7,3,10.375251129019963,0,0,6,10,4,13.005907142554975,0,16.1,-0.2,-4.06,Graduate
1,1,2,9336,1,1,123.1,1,38,38,7,6,135.7,1,0,0,1,0,0,19,0,0,6,11,6,11.71052929305589,0,0,6,7,9,15.842009578433963,0,12.7,1.4,1.94,Graduate
1,19,2,8829,1,1,118.3,1,1,38,9,5,124.7,1,0,0,1,0,1,17,0,0,7,7,6,13.684202081266209,0,0,8,7,6,11.974440614298668,0,16.2,0.9,1.37,Graduate
1,19,1,9268,1,1,135.7,1,38,38,11,0,127.9,0,0,0,1,1,0,18,0,0,7,8,18,11.0371251163205,0,0,8,7,1,14.935516366360462,0,12.7,0.8,-4.06,Dropout
1,8,1,7837,1,1,135.0,1,37,38,12,9,132.4,0,0,0,1,0,0,17,0,0,6,7,5,0.0,0,0,6,11,6,14.083339634145506,0,7.6,3.0,0.82,Dropout
1,17,3,9338,1,1,131.8,1,4,1,8,9,143.6,1,0,0,1,0,1,18,0,0,7,7,5,15.300366609129732,0,0,8,8,6,13.200971845763158,0,8.0,1.5,1.39,Graduate
6,38,1,9123,0,37,163.3,1,36,3,6,8,136.7,0,0,0,1,1,0,29,0,1,5,0,0,0.0,0,0,5,5,6,0.0,0,15.8,-0.8,0.32,Dropout
1,1,1,8949,0,1,127.5,1,36,36,8,9,95.0,0,0,0,0,1,0,32,1,0,5,10,2,9.4673508957369,0,0,15,13,5,9.71666125731009,1,15.4,1.5,0.51,Dropout
1,8,3,9126,1,35,121.1,1,1,19,10,8,122.8,0,0,1,1,1,0,20,0,0,5,7,0,12.281645759460073,4,0,5,11,5,14.144104704531642,0,11.1,1.5,0.13,Enrolled
1,19,4,8915,1,1,142.2,1,36,2,12,8,128.0,1,0,0,1,0,0,19,0,0,6,5,6,8.840847252565103,0,0,8,8,9,11.53021367044192,0,13.0,0.7,-4.06,Graduate
1,18,2,8059,1,1,150.4,1,37,19,79,7,95.0,0,0,0,1,0,0,23,0,0,6,11,5,10.36537671629216,0,0,8,9,6,12.442033667642088,0,16.2,-0.6,1.58,Graduate
1,1,2,9027,1,1,139.3,1,37,1,7,8,114.1,1,0,0,1,0,0,18,0,0,7,9,8,17.002954990903476,0,0,8,5,6,17.492904771108087,0,11.2,-0.8,1.78,Enrolled
1,1,1,9167,1,43,129.9,1,1,36,9,3,95.0,0,0,0,1,1,0,28,0,0,6,0,0,1.3147033716040915,0,0,6,14,0,11.577672497141272,0,9.2,1.5,-1.92,Dropout
1,18,2,9073,1,1,141.8,1,3,19,9,11,127.3,1,0,0,1,0,1,17,0,12,7,7,7,10.04078862171308,0,0,6,8,6,13.358977106199282,0,14.1,0.8,1.85,Graduate
1,17,1,9991,1,1,125.3,1,39,35,11,5,104.1,1,0,0,1,0,0,19,0,0,6,6,6,11.166955684264932,0,0,16,7,4,13.026197448719188,1,10.6,0.4,-3.07,Graduate
1,8,1,8898,1,1,145.5,1,35,37,7,10,95.6,0,0,1,0,1,0,30,0,0,5,6,3,0.0,0,0,5,8,5,0.0,0,16.2,-0.8,-0.83,Dropout
1,16,4,9372,1,1,148.9,1,3,37,10,2,111.5,0,0,0,1,0,0,22,0,2,9,9,5,0.0,0,0,8,5,4,14.929855804897082,0,16.2,1.4,0.59,Graduate
1,39,2,9263,1,1,134.2,1,2,36,7,0,127.7,0,0,0,1,0,0,19,0,0,7,8,13,14.765762122350022,0,0,16,7,6,13.640938297894174,0,11.0,0.2,2.72,Graduate
1,1,1,9212,1,1,144.9,1,1,39,9,8,118.6,1,0,0,1,0,1,18,0,0,7,5,5,9.091780389110347,0,0,8,8,9,12.762066090581552,0,7.6,0.4,0.56,Enrolled
1,42,4,2072,1,39,127.1,1,35,37,7,3,122.8,0,0,1,0,1,0,18,0,0,5,9,0,0.0,0,7,5,5,0,0.0,0,16.2,-0.4,0.52,Dropout
1,16,3,9547,1,1,127.8,1,36,20,7,9,116.2,1,0,0,1,0,0,18,0,0,7,7,5,13.856465502761777,0,0,6,8,2,13.095153476779263,0,11.1,0.7,-4.06,Enrolled
1,10,1,9524,1,38,122.8,1,19,37,133,5,124.0,0,0,0,1,0,0,28,0,0,5,0,6,11.238482998391813,0,0,5,5,5,17.243473939771334,0,7.9,-0.2,-4.06,Dropout
1,1,4,9991,1,1,162.8,1,1,30,0,10,97.8,0,0,0,1,0,0,20,0,0,7,8,5,11.580895371737796,0,0,16,6,0,14.507912463537428,0,9.7,0.6,-2.23,Graduate
1,40,1,9761,1,1,139.3,1,36,37,9,0,129.4,0,0,0,1,0,0,20,0,0,6,11,7,11.456944324344462,0,0,5,4,4,10.012866308285895,0,15.3,1.5,-1.87,Enrolled
1,1,1,8946,1,2,128.8,1,19,5,9,5,110.7,0,0,0,1,0,0,18,0,0,7,7,5,11.792621350439905,0,0,8,8,4,14.958961154220521,0,11.1,0.4,0.15,Graduate
1,16,1,9991,1,1,164.5,1,1,39,7,8,156.2,0,0,0,0,0,0,32,0,0,5,0,6,9.122882733627426,0,0,12,8,0,12.98216972486888,0,9.9,2.6,-2.93,Dropout
1,18,4,33,0,3,159.8,1,38,37,10,5,144.5,0,0,0,0,0,0,22,0,0,6,0,3,0.0,0,0,5,10,0,0.0,0,11.4,1.5,0.6,Dropout
1,19,3,9027,1,1,115.1,1,1,37,8,10,126.1,1,0,0,1,0,1,17,0,0,6,7,6,10.348282822620147,0,0,8,8,5,14.67431903294966,2,9.9,1.5,2.05,Graduate
1,19,3,8908,1,1,126.4,1,37,38,8,7,127.3,1,0,0,1,0,0,18,0,0,7,7,5,10.76838024996471,0,0,6,7,6,12.337332675883946,0,11.4,-0.2,1.66,Graduate
2,41,1,8532,1,1,127.7,1,37,38,7,4,123.0,0,0,0,1,0,0,45,1,0,7,9,3,10.27241437365365,0,0,8,7,4,0.0,0,16.2,1.5,1.77,Dropout
1,37,1,9544,0,5,145.7,1,35,38,5,7,117.0,0,0,0,0,1,0,21,0,0,5,2,5,13.974134451379598,4,0,15,15,0,13.132699371975399,0,12.5,2.9,1.85,Dropout
1,15,3,8886,1,1,136.2,1,37,4,8,11,121.0,1,0,0,1,0,1,19,0,0,7,8,5,0.0,0,0,8,10,6,14.106790965469841,0,12.5,3.7,-4.06,Graduate
1,17,1,8867,1,38,139.8,1,39,38,10,8,173.5,0,0,0,1,0,0,17,0,0,5,11,18,8.6533604198724,0,0,8,7,3,11.66102040016913,0,16.2,1.5,1.67,Enrolled
1,19,3,8828,1,1,130.1,6,2,3,7,9,134.0,1,0,0,1,0,0,17,0,0,7,8,5,13.665850691755224,0,0,8,8,7,13.011169875254202,0,8.4,0.8,1.02,Graduate
1,46,3,8238,1,1,120.4,1,36,35,7,10,110.5,0,0,0,1,0,0,18,0,0,6,6,3,11.782852437037539,0,0,8,7,5,13.286795380233574,0,10.9,1.5,0.98,Graduate
1,18,1,9156,1,1,126.1,1,21,36,10,7,140.0,0,0,0,1,0,0,19,0,0,8,7,6,12.966544611446777,0,0,8,10,12,15.65271050406205,0,11.1,0.7,1.8,Graduate
1,39,5,9291,1,1,137.7,1,37,14,12,6,128.2,0,0,0,1,1,0,20,0,0,5,4,0,0.7655639836318574,0,0,5,0,7,11.224164486534379,0,9.9,2.5,1.5,Dropout
3,17,2,9968,0,1,131.0,1,35,38,9,0,129.5,1,0,0,1,0,0,24,0,3,8,6,6,14.502531700187204,0,0,6,7,0,14.460416201619456,0,11.0,1.4,-1.79,Dropout
1,18,1,9320,1,1,129.1,1,1,1,1,5,125.5,0,0,1,1,0,0,17,0,1,8,8,11,10.044780129784547,1,1,6,10,0,12.233445422210172,0,7.6,3.6,-3.66,Enrolled
1,18,1,9791,0,1,116.3,1,37,38,53,9,96.9,0,0,0,0,0,0,19,0,3,5,11,0,13.755380286329949,0,0,5,0,0,0.0,0,8.0,1.5,-1.61,Dropout
1,18,3,9489,1,1,132.7,1,2,37,8,11,113.2,1,0,0,1,0,0,18,0,3,8,7,3,11.876510984993093,0,0,6,7,2,14.119423125748892,0,12.7,-0.2,-3.33,Graduate
1,17,1,8928,1,1,134.2,1,39,19,2,9,129.9,1,0,0,1,1,0,35,0,0,6,8,5,14.117185392265947,0,0,8,8,3,14.63493096413551,0,7.6,0.8,0.7,Enrolled
1,2,4,9018,1,1,138.4,1,40,37,8,12,125.5,1,1,0,1,0,0,17,0,0,7,9,7,9.967678505542285,0,0,8,5,8,16.955923041222082,0,7.6,1.5,-3.21,Graduate
1,2,1,9008,1,1,112.7,1,37,38,7,193,99.1,0,0,1,1,1,0,20,0,0,7,7,3,9.708354456606502,0,0,8,1,6,15.615726894082618,0,11.0,3.7,-1.83,Enrolled
2,17,1,9135,0,36,134.3,1,36,37,7,13,107.5,0,1,0,1,0,0,17,0,0,7,7,5,0.0,2,6,7,4,6,11.472754261919444,0,7.6,3.7,1.79,Dropout
1,18,1,9991,0,6,122.4,1,36,1,9,7,158.6,0,0,1,0,1,0,29,0,0,5,0,0,0.0,0,0,8,7,0,0.0,0,13.1,1.5,0.12,Dropout
1,41,1,9222,1,43,129.7,1,36,1,3,6,141.4,0,0,0,1,0,0,41,0,0,5,6,5,10.396985887403032,0,1,5,0,6,0.19577427585821383,0,12.6,1.4,1.62,Dropout
2,9,1,9377,1,1,137.4,57,36,36,9,102,100.1,0,0,1,0,1,0,22,0,0,5,11,0,0.0,0,0,23,0,1,0.0,0,11.4,1.5,-1.89,Dropout
1,15,2,9005,1,1,128.3,1,2,36,6,10,133.3,0,0,0,0,0,0,20,1,0,0,4,5,11.30494171493197,0,4,6,8,4,12.317947904278729,0,8.4,-0.6,-3.6,Enrolled
1,19,3,8998,1,1,127.6,1,20,1,10,3,107.0,1,0,0,1,0,1,17,0,0,6,27,5,12.549458712774944,0,0,6,8,6,12.311976215780934,0,11.2,1.5,1.8,Graduate
1,40,3,9222,1,1,119.0,1,1,1,10,8,123.5,0,0,0,1,0,1,19,0,0,7,5,7,10.376171796400344,0,0,6,7,6,13.688357358934761,0,16.2,-0.4,1.03,Graduate
2,18,5,9286,1,1,142.0,1,1,2,194,0,129.3,0,1,0,1,0,0,17,0,0,6,8,6,12.709110439177255,0,0,6,5,6,13.420687077750243,0,12.7,3.0,3.34,Dropout
2,40,1,9632,1,1,131.0,1,35,37,8,6,150.9,0,0,0,0,1,0,31,0,0,5,8,0,0.25501069123918474,0,0,5,5,0,12.828905468521892,0,11.2,1.3,-4.06,Dropout
1,1,2,9153,1,1,111.3,1,19,4,3,12,111.5,1,0,0,0,0,0,19,0,0,7,9,6,10.672679379550223,0,13,13,0,6,12.463699099591489,0,12.6,0.7,-1.98,Graduate
1,1,3,9482,1,1,116.0,1,1,38,7,8,112.0,0,0,0,1,0,1,17,0,4,7,9,5,12.454206012526639,0,0,0,10,0,0.0,0,12.6,1.4,0.4,Enrolled
4,39,1,9702,1,14,138.4,1,36,38,1,7,124.4,0,0,1,1,0,0,17,0,0,5,8,0,0.0,0,0,5,7,0,9.361085275127948,4,8.3,3.7,0.03,Dropout
1,19,1,9027,1,1,116.5,1,1,1,11,5,137.3,1,0,0,1,0,0,17,0,0,7,5,7,15.036133626028137,0,0,8,13,6,12.090462921875428,0,10.8,0.7,1.7,Graduate
1,2,1,9057,1,1,130.3,1,2,38,8,10,132.2,1,0,0,1,0,1,18,0,0,6,7,7,15.518558523784382,0,0,8,21,8,12.663394848660063,0,11.4,-0.6,3.51,Graduate
1,1,3,9499,1,1,136.3,1,1,20,10,0,127.2,1,0,0,1,0,0,18,0,0,6,7,5,13.37306222336855,0,0,6,7,6,16.601373135552407,0,7.8,0.7,-4.06,Enrolled
5,17,1,9301,1,10,125.0,1,38,38,8,7,108.0,0,0,1,0,0,0,18,0,0,5,0,0,9.651163273918101,0,0,6,10,2,14.278784579205244,2,8.1,-0.8,0.66,Enrolled
1,3,2,9310,1,1,125.1,1,19,38,2,8,142.7,0,0,0,0,0,0,18,0,5,5,11,2,0.41039033406953074,0,0,6,6,6,11.592257949346456,3,9.8,1.5,0.23,Enrolled
2,17,1,7969,0,1,142.8,1,1,1,11,6,123.2,0,0,0,0,1,0,40,0,0,6,7,4,0.03730391619883379,0,0,14,9,6,13.703486232821165,0,10.5,3.7,3.44,Dropout
1,2,2,9135,1,1,121.6,1,1,8,11,10,134.7,1,0,0,1,0,0,17,0,0,7,6,5,15.222582773204488,0,0,6,7,6,14.80387511943349,0,11.1,-0.4,-1.15,Graduate
2,10,3,9091,1,1,144.2,1,39,37,7,8,115.0,0,0,0,1,1,0,20,0,0,6,7,0,11.308594303679579,0,0,6,5,0,12.078362919544906,0,11.2,2.9,0.47,Enrolled
2,40,1,9037,1,1,135.6,1,36,38,10,2,160.8,0,0,1,1,0,0,40,0,1,5,5,0,0.0,0,0,5,4,0,0.0,0,9.9,2.8,0.65,Dropout
1,37,2,9177,1,1,132.7,1,36,37,9,83,123.0,0,0,0,1,1,0,18,0,2,5,11,0,0.0,0,7,5,0,0,10.595270367447728,0,15.7,3.7,-3.53,Dropout
1,19,4,9007,1,1,132.2,1,1,1,11,5,95.0,0,0,0,1,0,1,17,0,0,7,7,7,15.920218250654141,1,0,8,8,6,11.605533025571106,0,10.6,-0.6,-4.06,Graduate
1,17,1,9030,1,1,130.5,1,1,36,11,10,110.4,1,0,0,1,0,0,17,0,0,7,8,5,12.493962812496237,0,0,8,8,6,15.650445818849892,0,11.2,1.5,1.54,Enrolled
1,17,1,9352,1,1,136.3,1,35,36,7,172,136.3,0,0,0,1,1,0,17,0,0,7,7,5,13.984291787911717,0,0,6,0,4,11.205882905051952,0,12.7,0.9,-2.02,Graduate
2,38,1,9077,1,1,133.2,1,36,38,10,7,127.0,0,0,1,1,1,0,39,0,3,5,8,5,0.0,0,0,5,6,0,0.0,0,15.7,1.4,-1.96,Dropout
1,1,3,9000,1,1,140.2,1,38,19,8,7,130.4,1,0,0,1,0,1,19,0,0,6,8,6,15.366357273505008,0,0,8,8,4,13.981152405032853,0,14.4,-0.6,1.55,Graduate
1,18,1,9066,1,1,145.8,1,3,19,1,0,125.9,1,0,0,1,0,0,17,0,14,14,19,4,15.578199515510732,0,0,6,8,6,13.312254431903314,0,12.7,1.6,0.16,Graduate
1,16,1,9275,1,1,136.6,10,36,37,5,7,96.1,0,0,0,1,0,0,18,0,5,6,7,3,12.354815078317724,0,0,1,9,6,11.93521534709817,0,7.9,0.9,0.48,Dropout
1,18,3,9424,1,1,138.2,1,1,35,8,195,116.3,0,0,0,1,0,0,17,1,0,6,7,5,12.910061607437099,0,0,8,6,3,9.747168614791548,0,11.0,0.5,3.51,Graduate
1,15,2,9308,0,40,128.1,1,1,38,2,9,127.0,0,0,0,1,0,0,23,1,0,6,13,8,10.730970030067617,0,0,8,7,6,10.43788223661399,5,9.1,3.7,1.64,Dropout
1,19,1,9354,1,1,130.0,1,37,5,9,6,99.0,1,0,0,1,0,0,20,0,3,6,7,3,11.63727736965295,0,0,8,10,2,15.818849741755395,3,12.8,0.2,1.5,Enrolled
1,1,1,8891,1,1,146.5,1,20,35,4,8,116.1,1,0,0,1,0,1,18,0,0,5,5,5,12.099245077709329,0,2,6,8,6,16.374160637169744,0,8.3,0.3,-1.45,Graduate
1,19,1,9155,1,1,131.5,1,3,37,6,11,98.4,1,0,0,1,0,1,17,0,0,7,10,7,11.285324736112031,0,0,21,9,13,10.967009654760794,0,12.4,2.8,1.47,Enrolled
1,18,3,8953,1,1,137.4,1,36,40,6,6,130.5,1,0,0,1,0,0,19,0,0,7,5,5,10.743196397925157,0,8,5,10,6,13.248102545044121,0,11.4,1.4,1.95,Graduate
1,2,3,9023,1,1,135.4,1,36,1,9,7,117.6,1,0,0,1,0,0,17,0,1,7,8,7,11.745149873133338,0,0,6,8,5,12.891985410238023,0,12.1,0.9,3.51,Graduate
1,1,5,9192,1,1,134.7,1,3,37,6,9,124.1,1,0,0,1,0,1,19,0,0,7,6,7,12.244494744163333,0,0,6,7,6,11.588965776477096,0,16.2,-0.5,1.59,Graduate
2,37,5,9284,0,1,126.7,1,36,37,190,8,190.0,0,0,1,1,1,0,22,0,0,5,8,0,0.0,0,0,6,4,0,0.0,5,9.4,-0.0,-0.77,Dropout
1,16,2,8892,1,1,95.8,1,2,1,5,9,95.0,1,0,0,1,0,1,18,0,0,7,8,6,11.314223055413411,0,0,6,7,6,16.60943790151601,0,12.9,-0.8,-1.12,Graduate
1,2,2,9768,1,1,147.7,1,3,38,7,7,134.0,0,0,0,1,0,0,18,0,0,5,7,6,12.123860107700228,0,0,5,8,4,13.841604631924572,0,11.2,1.5,-3.29,Dropout
2,40,1,9106,1,1,133.4,1,36,36,8,8,111.9,0,0,1,0,1,0,21,0,0,5,8,0,0.22219918455441073,0,0,1,0,0,12.281733230202157,0,16.2,-0.8,1.84,Dropout
1,17,1,8929,1,1,141.2,1,38,28,9,1,126.2,1,0,0,1,1,0,27,0,0,5,11,7,9.433024704618195,0,0,5,5,7,13.558329741013093,0,12.7,0.4,-0.93,Enrolled
1,17,4,9041,0,1,141.0,1,2,37,9,7,130.8,0,1,0,1,0,0,25,0,0,5,11,7,12.199926660224875,3,0,8,7,6,10.965913825269016,0,12.3,-0.3,-3.41,Dropout
1,38,5,9079,0,1,142.7,1,39,37,11,9,131.5,0,0,0,1,0,1,19,0,0,6,7,4,11.69077742302169,0,0,8,7,6,16.044827382229716,0,7.7,-0.5,-3.39,Graduate
2,11,1,9129,0,1,135.0,1,36,2,193,3,139.8,0,0,0,0,1,0,24,0,0,5,0,3,10.656669514434915,0,0,6,6,0,13.445324547498918,0,9.3,-0.8,-1.94,Dropout
1,45,4,9413,0,23,129.9,1,37,3,3,8,95.0,0,0,1,1,1,1,19,0,0,5,5,0,0.0,0,0,5,8,0,0.0,0,12.6,-0.7,-3.34,Dropout
1,39,1,9113,1,18,120.6,1,37,1,6,11,129.8,1,0,0,0,0,0,17,0,0,7,7,7,12.123180692357144,0,0,8,7,6,0.0,0,7.6,2.7,-3.55,Graduate
1,17,1,9105,1,1,130.8,1,36,1,7,9,95.0,0,0,0,1,0,1,17,0,0,0,8,0,0.0,0,0,6,5,4,11.573383211610773,0,7.6,0.5,-3.69,Enrolled
1,2,2,8789,1,1,137.5,1,2,19,9,11,109.9,1,0,0,1,0,0,17,0,0,6,8,7,12.697417968716957,0,1,8,8,6,16.02308379617427,0,12.7,0.8,1.41,Graduate
1,15,4,9039,1,1,154.8,1,3,39,6,12,112.6,1,0,0,1,0,1,17,0,0,5,8,5,15.197148762044717,0,0,16,9,7,15.986057394699355,0,10.9,-0.7,1.55,Dropout
1,15,3,9470,1,1,131.6,1,38,38,10,10,138.1,1,0,0,1,0,1,18,0,0,8,8,5,14.389168644248718,0,0,6,23,8,14.300692988278673,0,16.2,-0.4,1.94,Graduate
1,2,4,9315,1,1,117.9,1,20,39,10,10,108.8,1,0,0,1,0,1,17,0,0,6,8,6,15.807861923892787,0,2,8,8,6,14.491192635449579,1,12.0,0.8,-4.06,Dropout
1,2,1,9231,1,1,134.0,1,37,36,8,10,125.2,1,0,0,1,0,0,17,0,1,5,6,9,13.425053632190748,0,0,8,9,6,12.262020345040568,0,11.4,0.6,2.23,Dropout
1,1,2,8918,1,1,129.1,1,40,20,11,8,122.7,1,0,0,1,0,0,19,0,0,6,7,5,11.494356973246038,0,0,14,8,6,11.438079272661911,0,12.6,-0.8,1.56,Graduate
1,16,1,9442,1,1,136.3,1,36,15,176,6,121.5,1,0,0,1,0,1,20,0,15,6,8,5,15.258017721179751,0,14,6,12,8,11.550115116592899,0,12.4,3.7,1.52,Dropout
1,17,2,9027,1,1,132.6,1,37,3,1,10,95.0,0,1,0,1,0,0,18,0,3,7,10,9,10.251115037554634,0,4,5,0,6,12.01734897385487,0,16.2,3.7,2.01,Graduate
1,16,2,8928,1,1,138.2,1,1,18,8,13,113.7,1,0,0,1,0,0,26,0,0,7,4,3,10.585829273010642,0,0,8,9,4,13.185570646021244,0,10.8,0.7,0.79,Graduate
1,2,1,9083,1,1,122.9,1,37,28,12,10,115.9,1,0,0,1,0,0,36,0,0,8,7,6,12.474568059851617,0,0,8,8,6,12.127408806688514,0,12.2,0.9,-1.02,Graduate
1,1,6,9329,1,1,133.8,1,1,18,3,9,120.0,1,0,0,1,0,1,19,0,0,8,6,5,10.098288036613503,0,0,6,7,6,15.52747886394264,0,8.6,-0.1,1.53,Graduate
1,15,5,8909,1,1,160.6,1,1,18,191,0,139.1,1,0,0,1,0,0,18,0,0,5,19,3,10.926313293933582,0,0,7,6,6,11.62579670649797,0,15.8,3.0,0.06,Graduate
4,17,1,9759,1,1,138.5,1,3,38,7,6,134.7,0,0,0,1,0,0,21,0,0,5,7,3,0.17432392462383622,0,0,8,8,8,10.267937430832205,0,7.6,0.6,0.47,Enrolled
1,49,1,9201,1,1,130.7,1,1,36,10,10,146.7,0,0,1,1,0,0,42,0,8,7,1,6,0.7174380995868335,0,0,6,9,0,0.5783536404751907,0,11.5,-0.5,-3.19,Dropout
2,19,1,9348,0,1,133.9,1,38,1,12,9,124.7,0,0,0,1,0,0,39,0,8,5,7,5,0.0,0,0,5,9,4,1.1480445262862755,0,7.6,1.3,0.79,Graduate
1,44,4,9068,1,42,153.1,1,36,18,8,7,122.9,0,0,1,1,0,0,21,0,0,5,6,4,13.16061981512054,0,0,6,8,8,17.323783320057963,0,8.0,1.4,0.89,Enrolled
1,47,1,9114,1,1,132.9,1,36,37,8,4,99.3,0,0,0,0,1,0,18,0,0,0,5,3,0.0,0,0,6,9,8,0.0,0,11.1,-0.2,-1.8,Graduate
1,39,1,9246,0,22,134.5,1,35,38,11,8,115.8,0,0,1,0,1,0,43,0,0,5,0,0,0.0,0,0,5,0,0,0.38964964294287574,0,16.2,2.7,0.14,Dropout
1,19,4,9991,1,40,125.2,1,36,38,3,3,102.1,1,0,0,1,0,1,18,0,8,7,5,5,9.673917112734394,0,1,8,8,5,10.663959549193397,0,13.1,-0.8,1.62,Graduate
1,9,1,9274,1,43,133.9,1,34,1,9,5,125.8,0,0,0,1,0,0,28,0,0,6,12,1,0.0,0,0,5,7,0,16.72971138233215,4,11.5,0.1,-1.6,Dropout
1,18,1,9302,1,1,143.6,1,36,36,7,7,158.3,0,0,0,1,1,0,17,1,0,6,6,5,0.0,1,0,5,6,0,0.0,4,12.6,-0.8,0.28,Enrolled
1,17,1,8918,1,1,134.4,1,1,36,5,10,111.3,1,0,0,1,0,0,28,0,0,7,7,7,16.51350390671282,0,0,8,7,8,14.563957790019256,0,12.5,0.7,-1.37,Dropout
1,38,2,9850,0,1,100.9,1,38,37,11,7,160.4,0,1,0,1,0,0,24,0,0,5,0,4,13.236638836338347,0,0,6,0,1,14.375548513105345,0,7.6,3.7,-1.8,Enrolled
1,3,2,9146,1,1,167.3,1,2,1,8,6,123.9,1,0,0,1,0,1,17,0,0,7,7,7,13.338818555840332,0,0,6,8,6,12.942040557279274,0,9.3,3.0,0.67,Graduate
1,2,3,8937,1,1,119.1,1,38,37,5,11,112.5,1,0,0,1,0,0,19,0,0,7,7,6,11.00147540226609,0,0,6,7,7,14.158480460234465,0,12.7,0.5,-0.97,Graduate
1,2,4,9114,1,1,169.5,1,36,37,9,2,127.3,0,0,0,1,0,0,17,0,0,5,8,5,14.110370839584355,0,2,5,11,11,10.012301799121172,0,12.2,-0.4,0.6,Dropout
1,2,1,9019,1,1,120.7,1,2,3,9,11,125.3,1,0,0,1,0,0,17,0,0,7,7,8,12.721873707163699,0,0,2,10,5,15.458160161263164,0,10.7,1.4,0.49,Graduate
1,18,5,33,1,39,131.5,1,37,35,7,128,101.2,0,0,0,0,1,0,21,0,0,5,5,0,11.20071372245157,0,0,5,12,0,11.638151267984693,0,7.6,1.5,-1.58,Dropout
2,6,1,8937,0,1,123.9,1,39,18,124,10,151.2,0,0,0,1,0,0,18,0,0,5,7,7,0.12131377485956264,0,0,5,0,0,0.0,1,15.1,0.8,0.78,Dropout
1,17,2,8821,1,1,124.8,1,38,37,9,7,109.7,1,0,0,1,0,0,17,0,0,6,9,5,14.693554398602302,0,0,8,8,8,15.113834084738642,0,12.9,-0.2,0.5,Graduate
2,18,1,7928,1,1,130.6,1,36,3,6,0,96.3,1,0,0,0,1,0,23,0,0,0,1,0,10.06460905371574,0,0,5,4,7,14.73877098479191,0,13.1,0.3,2.85,Dropout
1,2,1,9553,1,1,134.3,1,1,35,6,9,127.4,1,0,0,1,0,0,19,0,0,7,7,7,15.180783952865244,0,0,16,6,6,17.88368730062146,0,7.7,2.9,2.19,Graduate
1,18,1,9050,1,42,149.2,1,37,38,6,1,138.1,1,0,0,1,0,0,19,0,0,6,10,7,10.97710454351833,0,0,6,12,6,12.714313238225756,0,11.1,-0.5,-3.59,Graduate
4,16,3,9229,1,1,153.5,1,37,19,9,8,124.5,1,0,0,1,0,1,19,0,0,5,6,6,14.284799175121494,0,0,7,7,7,14.400958572304392,0,12.6,1.4,-1.76,Graduate
2,39,1,9178,1,17,132.2,1,35,1,9,11,95.0,0,0,1,0,1,0,19,0,0,5,7,0,0.0,0,0,5,0,0,0.08839246880811343,0,16.2,3.7,-3.42,Dropout
2,40,1,9282,0,18,135.9,1,37,38,10,0,120.4,0,0,1,0,1,0,22,0,0,5,0,0,0.2777469701443345,0,0,5,0,0,0.0,0,9.5,1.5,-3.63,Dropout
2,42,1,9940,1,39,135.1,1,35,35,7,195,95.0,0,0,1,0,1,0,21,0,0,8,9,0,0.6273782044250004,0,0,5,0,8,10.676230069047525,0,12.5,2.5,-0.77,Dropout
2,47,1,8844,1,5,130.8,1,40,37,7,5,119.4,1,0,1,1,0,0,22,0,0,5,11,3,9.776503960854711,0,0,5,8,6,12.342582087209523,0,13.9,-0.5,0.0,Graduate
1,39,1,702,1,38,136.6,1,17,37,4,9,127.4,0,0,0,0,1,0,22,0,0,5,6,0,0.0,0,2,5,5,0,0.0,0,16.2,1.5,0.59,Dropout
1,18,1,9084,1,1,138.2,1,35,1,2,0,104.8,1,0,0,1,0,0,29,0,0,6,5,5,16.01830101553884,0,0,5,14,3,15.069934290826854,0,12.6,-0.6,-0.9,Graduate
1,1,1,9082,1,1,190.0,1,39,36,4,6,128.0,1,0,0,1,0,1,17,0,0,7,7,9,16.408943925976242,0,0,8,8,6,11.221601883426242,0,12.8,0.8,1.72,Graduate
1,16,6,8952,1,1,135.4,1,4,3,11,6,133.3,1,0,0,1,0,1,17,0,0,6,11,9,14.23229630685771,0,0,8,8,6,11.435059821987704,0,15.4,3.7,1.77,Enrolled
1,16,3,9187,1,1,133.9,1,19,37,10,2,109.0,1,0,0,1,0,0,19,0,0,6,7,6,14.034214868482326,0,0,8,7,6,15.330898935947243,0,11.4,-0.2,-2.08,Dropout
1,18,1,9128,1,1,165.2,1,1,37,9,3,131.8,1,0,0,1,0,0,19,0,0,8,5,3,0.0,0,0,17,9,6,12.921291444455484,0,12.7,-0.5,1.75,Graduate
1,1,2,9022,1,1,128.1,1,36,37,7,109,129.2,0,0,0,1,0,1,17,0,0,7,7,5,9.267296497646209,0,0,7,8,6,13.143285936035591,0,12.7,1.5,0.49,Graduate
1,2,3,9261,1,2,146.1,1,39,20,4,1,117.4,0,0,0,1,0,0,17,0,0,5,10,4,12.100288127890195,0,0,8,8,11,12.761020361282547,0,7.6,-0.3,-1.91,Enrolled
1,18,1,8953,1,1,138.8,1,2,19,7,1,123.7,1,0,0,1,0,1,18,0,7,6,8,7,12.219371699279266,0,0,15,7,5,16.542062848011195,0,7.9,-0.5,3.51,Graduate
2,41,1,9010,1,1,134.9,1,36,37,10,94,131.7,0,0,1,0,1,0,29,0,0,7,0,0,0.0,0,0,15,5,0,0.0,0,16.2,2.8,-3.4,Dropout
1,17,1,8920,1,1,131.7,1,35,1,3,6,99.6,1,0,0,1,1,0,18,0,0,7,0,5,14.251509926221463,0,0,8,9,6,10.836601052479152,0,9.8,1.5,1.83,Graduate
2,39,1,8925,1,43,135.1,1,36,37,10,12,105.6,0,0,1,0,1,0,37,0,1,5,0,0,0.0,0,0,5,8,0,0.26067446231454905,0,8.2,-0.8,-4.06,Dropout
1,3,4,9002,1,2,144.5,1,1,37,11,0,111.6,0,0,1,1,0,0,18,0,4,8,8,6,11.776529014646027,0,0,6,6,3,13.727080389926849,0,12.5,3.7,-1.09,Dropout
1,38,1,8959,1,1,124.1,1,35,38,9,10,134.5,0,0,0,1,0,0,18,0,2,5,7,0,9.276697957761584,0,0,5,7,0,0.0,0,16.2,-0.8,-1.42,Graduate
1,42,1,9238,0,2,142.9,1,38,18,10,7,123.0,0,0,0,1,0,0,17,0,0,7,8,5,14.058464517035869,0,0,8,1,0,12.603750072148898,4,15.4,1.3,0.94,Enrolled
1,3,1,9028,1,1,135.2,1,37,38,11,3,117.1,1,0,0,1,0,0,19,0,0,0,8,5,11.73755594217804,0,0,5,7,6,13.33304267150862,0,11.3,1.4,0.63,Dropout
1,16,1,9677,0,1,131.7,1,1,37,9,83,136.7,1,0,1,1,0,1,17,0,9,6,8,4,12.762102473620084,0,0,8,9,2,10.607734364152982,0,11.2,0.7,-2.04,Enrolled
1,1,4,9251,1,1,139.4,1,1,2,9,6,109.4,1,0,0,1,0,1,18,0,0,7,8,5,11.460409384908854,0,0,8,8,6,15.4010326068223,0,12.7,0.8,1.61,Graduate
1,38,1,9991,1,40,134.4,1,35,38,9,12,108.5,0,0,0,0,1,0,18,0,0,5,5,0,10.153334574467689,0,0,5,8,0,0.0,0,15.4,1.4,0.47,Dropout
1,1,1,9591,1,1,124.0,1,19,37,9,11,121.3,1,0,0,1,0,0,18,0,0,5,6,5,11.740517894509754,0,0,6,6,7,12.380911464919537,0,15.9,1.4,1.94,Enrolled
1,2,3,8061,1,1,141.7,1,1,19,9,1,122.7,1,0,0,1,0,0,18,0,0,7,8,5,16.239795890823515,0,0,8,7,6,13.612709468735336,0,11.3,1.6,0.08,Graduate
1,2,1,8921,0,1,128.1,1,37,37,9,10,141.9,0,0,0,0,1,0,22,0,0,5,0,3,0.0,0,0,21,5,4,0.0,3,16.2,1.3,0.7,Dropout
1,1,3,8989,1,1,126.0,9,37,2,10,10,121.8,0,1,0,1,0,0,18,0,0,7,13,6,15.00254790257758,0,0,6,10,6,13.341445900277575,0,12.8,1.4,1.9,Graduate
1,39,1,9070,1,1,136.9,1,38,38,2,9,108.8,0,0,0,1,0,0,46,0,0,5,15,6,11.103045090613575,0,0,8,6,7,13.57706340570178,0,12.9,0.5,0.72,Graduate
1,18,1,8921,1,1,124.5,1,37,37,8,6,123.8,0,0,0,0,0,0,18,0,0,7,5,5,10.82326605826788,0,0,16,7,7,15.219350154608044,0,16.1,3.7,0.65,Dropout
2,17,2,9122,1,1,136.3,1,40,1,11,3,114.9,0,0,1,1,0,0,41,0,0,6,9,0,9.471562125108361,1,0,5,8,9,1.041476822300095,0,9.6,0.7,0.24,Enrolled
1,18,1,9116,0,37,136.7,1,35,37,9,6,151.0,0,0,1,0,1,0,29,0,0,5,13,0,0.3443620727357778,0,0,6,8,0,9.04152301803407,0,7.8,-0.5,-4.06,Dropout
2,37,1,9339,1,1,132.0,1,40,39,8,8,133.1,0,0,1,0,1,0,30,0,0,5,9,0,9.367671461073124,0,0,6,0,0,10.71230389150743,0,8.2,-0.6,-1.3,Dropout
1,41,1,8218,1,36,137.8,1,38,30,10,6,114.2,0,0,1,0,1,0,18,0,0,5,0,7,0.0,1,0,0,9,0,0.1862879074257221,0,14.1,0.6,1.03,Dropout
2,38,1,9184,0,3,129.0,1,36,38,10,9,132.5,0,0,0,0,1,0,22,0,0,5,0,2,8.928057523854573,0,0,22,0,0,0.19090448167312818,0,12.4,1.5,2.99,Enrolled
1,1,1,9679,1,1,137.2,1,39,38,3,4,109.9,1,0,0,1,0,0,17,0,3,6,8,6,13.43053666266832,0,0,11,5,5,14.131331059772185,0,8.1,2.8,0.55,Enrolled
1,37,3,9032,0,1,139.7,1,18,35,10,8,126.1,1,0,0,0,0,1,17,1,0,7,8,3,13.568474157684461,0,0,8,12,4,12.458927925889544,0,7.7,2.9,-2.86,Enrolled
1,39,1,9167,1,1,131.1,1,18,36,0,9,131.6,1,0,1,1,0,0,30,0,0,8,16,0,15.109893478201393,0,0,8,5,7,14.606162770260124,0,7.6,-0.6,-3.31,Dropout
5,16,3,9096,1,41,141.8,1,1,5,4,6,130.5,1,0,0,1,0,0,17,0,0,8,8,7,13.734450559526609,0,0,8,6,6,14.907230953856045,0,8.0,1.4,-1.7,Graduate
1,40,1,9089,1,1,128.0,14,1,37,3,9,111.9,0,0,0,1,0,0,26,0,0,5,5,6,11.351712748169026,0,0,6,6,6,11.458908206793026,0,13.0,-0.6,-1.02,Dropout
1,1,2,9112,1,22,108.4,1,38,35,114,8,140.7,0,0,0,1,0,0,24,0,0,9,8,3,9.984031458582296,0,0,7,9,4,11.034951514825634,0,14.0,-0.7,-2.91,Dropout
1,20,6,8863,1,43,137.1,19,39,37,10,9,116.3,1,0,0,0,0,0,19,0,3,10,6,6,13.72117267528084,0,0,7,11,3,12.202558788266947,0,14.3,-0.6,1.5,Enrolled
1,19,1,9287,1,1,135.4,1,35,36,84,7,118.4,0,0,0,0,0,0,17,0,0,6,0,5,11.7022135749915,0,0,5,8,4,12.088827866346486,0,16.2,1.4,-1.53,Enrolled
1,1,1,9409,0,1,137.4,1,38,38,9,5,125.4,1,0,0,1,0,0,19,0,0,7,6,5,0.0,0,0,8,5,3,13.755752592340755,0,11.0,-0.2,-1.92,Dropout
1,1,2,9009,1,1,127.3,1,4,36,8,9,121.3,1,0,0,1,0,1,18,0,0,8,7,6,12.353277245667913,0,0,8,7,3,11.169968577407914,0,16.2,1.4,-2.92,Graduate
1,16,1,9663,1,1,123.3,1,4,39,9,3,128.9,1,0,0,0,0,0,18,0,0,8,8,5,14.16095201939643,0,0,6,5,6,16.13658158901944,0,9.8,1.5,-2.02,Graduate
2,42,1,943,1,39,139.0,1,37,38,6,1,107.4,0,0,1,0,1,0,18,0,0,5,7,0,9.983352615423485,0,0,5,0,0,0.0,1,11.5,-0.6,-1.12,Dropout
1,2,1,9028,1,1,178.5,1,1,37,9,6,95.0,1,0,0,1,0,1,17,0,0,7,7,8,13.537719762687415,0,0,6,7,6,8.918980096550564,0,11.0,1.5,1.73,Graduate
1,16,3,8931,1,1,135.7,1,1,19,4,4,170.6,1,0,0,1,0,1,18,0,0,7,8,7,8.758123771325787,0,0,8,9,4,16.396691307896063,0,12.8,1.4,1.77,Enrolled
2,37,1,8935,0,42,134.7,1,27,35,11,6,136.2,0,0,0,0,1,0,41,0,0,5,10,3,16.012220537809092,0,0,5,11,0,0.0,0,8.1,1.3,0.59,Dropout
1,17,1,7851,1,1,129.2,1,36,3,7,11,104.0,0,0,0,1,0,0,18,0,0,8,6,7,0.5493766344025199,0,1,8,7,0,15.678578532418275,0,7.7,3.0,0.83,Dropout
1,17,1,8996,1,1,120.3,1,39,2,5,6,115.8,0,0,0,1,0,0,34,0,0,5,7,0,13.850956882772646,0,0,1,0,0,14.765056005578927,0,16.2,2.8,-0.87,Dropout
1,15,2,9372,0,1,129.7,1,4,35,9,8,131.1,1,0,0,1,1,0,19,0,0,7,8,6,12.634855347906223,0,0,8,7,8,16.200181110166366,2,12.1,-0.5,-2.01,Graduate
1,20,1,9158,1,1,132.6,1,39,1,3,8,136.5,0,0,0,1,0,0,19,0,0,6,7,3,14.377786451633007,0,0,8,0,8,10.368029072736961,8,15.9,1.5,-1.56,Dropout
1,18,2,9269,1,1,132.5,1,2,36,3,9,120.9,1,0,0,1,0,1,17,0,0,7,7,6,15.937071679410359,0,0,8,8,6,17.093381345438637,1,8.2,-0.0,0.6,Graduate
1,17,6,8939,1,14,137.8,1,2,37,10,9,102.4,0,0,0,0,0,0,34,0,0,9,10,2,13.140170771894393,0,5,10,11,0,13.206121485511526,0,9.3,1.5,-0.95,Dropout
2,36,1,8202,0,1,137.0,1,37,38,9,5,129.5,0,0,1,0,1,0,24,0,0,5,0,0,0.0,0,0,7,0,0,0.0,0,8.1,3.7,-4.06,Dropout
1,18,6,9149,1,1,137.4,1,3,39,9,5,115.0,1,0,0,1,0,1,18,0,0,6,8,4,10.962676470335362,2,0,8,8,7,14.484678327302184,7,10.0,1.5,1.61,Enrolled
1,1,1,9043,1,1,131.7,1,39,36,12,1,150.7,1,0,0,1,0,0,18,0,0,5,8,8,11.607469414888532,0,0,15,8,8,17.27696608635332,1,16.2,2.7,2.16,Enrolled
2,19,1,9216,0,1,133.9,1,37,39,8,9,158.9,0,1,1,0,0,0,38,0,0,5,0,0,0.0,0,0,17,0,0,0.0,0,12.8,1.5,0.07,Dropout
1,17,1,9588,1,11,133.6,1,35,2,5,10,123.8,0,0,0,0,0,0,17,0,0,5,6,3,16.39473516791351,0,0,6,7,5,15.894602540597827,0,7.8,-0.4,0.94,Graduate
1,38,3,9078,1,16,129.1,1,39,1,5,3,119.1,1,0,0,1,1,1,17,0,6,7,7,7,14.278493808564164,0,0,5,7,6,15.339678901008588,0,16.0,2.8,-3.62,Enrolled
1,39,1,9594,1,35,122.4,1,38,2,11,7,123.0,0,0,0,1,1,0,18,0,9,5,5,5,11.96917998349503,0,0,6,7,6,11.89292016913275,0,16.2,0.4,3.11,Dropout
1,40,1,9570,1,34,135.8,1,18,1,12,11,110.7,1,0,0,1,0,0,18,0,0,5,0,4,11.884489273164615,0,0,5,8,4,13.19547709844722,0,11.3,-0.2,-1.59,Graduate
1,1,1,8943,1,1,141.2,1,1,20,1,10,110.0,1,0,0,1,0,1,18,0,11,6,7,6,13.125338506943617,0,1,1,7,6,12.717066352149802,0,13.8,2.8,0.28,Graduate
2,18,5,8971,1,1,134.1,6,19,19,10,5,130.9,1,0,0,1,0,0,19,0,0,8,11,0,10.11689130578985,0,0,7,7,4,13.574434753288417,0,16.2,1.5,-0.76,Enrolled
1,16,4,9132,1,1,124.1,1,38,37,11,191,135.8,0,0,0,1,0,0,17,0,0,6,7,5,12.600337592898642,0,0,13,8,3,14.623345149935542,0,16.2,2.9,1.83,Graduate
1,1,3,8989,1,1,118.9,1,1,1,5,11,131.9,1,0,0,1,0,0,17,0,0,7,8,6,13.385989330450538,0,0,8,7,5,14.096228844299027,0,8.3,0.9,0.65,Graduate
1,17,3,7440,1,1,127.7,1,38,37,11,11,117.1,1,0,0,0,0,0,55,0,0,5,11,5,10.236361170866006,0,0,7,6,6,15.133263874825175,0,12.4,-0.7,-1.1,Enrolled
1,42,3,8991,1,1,124.0,1,37,38,10,4,118.4,1,0,0,1,0,0,19,0,0,15,8,5,13.495933956278634,0,0,6,0,0,10.321465326083013,0,11.2,-0.7,-1.27,Enrolled
1,40,1,9251,1,37,133.4,1,1,36,10,0,133.4,0,0,0,0,1,0,29,0,0,7,0,0,12.786675789653422,2,0,5,9,12,10.454815103753724,0,7.6,-0.1,-4.06,Dropout
1,1,1,9135,1,1,131.5,1,1,37,4,6,96.6,1,0,0,1,0,0,19,0,0,5,8,5,13.489452598100735,0,0,8,7,8,16.155770585000973,0,7.9,-0.2,0.94,Dropout
1,17,1,9236,1,1,164.7,15,37,1,12,0,100.8,0,0,0,1,0,0,18,1,0,7,8,2,12.120555681445197,0,0,5,10,6,0.0,0,14.0,-0.7,1.74,Enrolled
1,16,2,9575,1,5,135.5,1,2,2,7,5,116.1,1,0,0,1,0,0,19,0,0,6,13,6,10.114304811002079,0,0,6,8,6,14.17054093988388,0,12.5,-0.1,1.75,Graduate
1,38,1,9038,1,10,131.8,1,17,37,11,8,119.8,0,0,0,0,1,0,51,0,0,5,0,0,0.0,0,0,5,0,0,0.13471463678975368,0,13.0,2.8,0.27,Dropout
1,13,3,9347,1,1,162.6,1,37,1,2,6,133.2,0,0,0,1,0,0,18,0,0,8,6,7,12.566540214728363,0,2,7,8,6,12.569330634774621,0,9.8,1.5,-2.08,Graduate
1,1,1,9062,1,1,129.3,1,39,38,11,5,117.9,0,0,0,1,0,0,18,0,0,6,10,5,12.269092954095788,0,0,6,4,6,0.8890136056773833,0,8.0,1.3,-2.03,Graduate
1,18,1,9668,1,43,126.8,1,1,38,0,7,123.5,1,0,0,1,0,0,18,0,1,7,8,2,15.183951722371715,0,0,6,8,5,12.2290149834923,0,7.9,-0.7,0.76,Graduate
1,18,2,8965,1,1,118.2,1,4,20,10,11,115.1,1,0,0,1,0,1,17,0,0,7,8,5,12.695663795596458,0,0,6,7,5,11.345631212587378,0,9.6,0.9,0.16,Graduate
1,1,1,9007,1,1,135.1,1,36,38,8,4,110.9,1,0,0,0,0,0,34,0,0,7,0,0,11.209407876372474,0,0,5,7,0,12.272262664843263,2,14.3,1.5,1.88,Dropout
1,41,1,9016,0,1,131.0,1,37,4,8,9,109.1,1,0,1,0,1,0,62,0,0,5,1,3,10.143005091370094,0,0,5,10,0,12.177922535040745,0,9.1,-0.8,0.46,Dropout
1,2,2,9196,1,1,116.0,1,19,37,9,8,113.1,1,0,0,1,0,1,17,0,0,7,7,6,14.820772150524332,0,0,8,7,6,17.130201864986024,0,13.2,-0.2,1.43,Graduate
1,44,1,8897,1,1,113.2,1,36,35,6,11,134.5,1,0,0,1,0,0,20,0,0,6,7,6,14.64337085228791,0,0,8,8,6,11.952770478670555,0,13.7,1.5,-1.86,Graduate
1,43,5,9315,0,1,121.8,1,37,35,10,10,116.1,1,0,0,1,0,0,18,0,0,7,8,5,12.718819559327892,0,0,8,8,1,12.758984114793016,0,15.1,0.9,1.62,Enrolled
4,40,1,508,0,1,133.6,1,37,38,9,9,115.2,0,0,0,0,1,0,23,0,0,5,0,0,0.0,0,0,5,4,0,0.8526305741767422,0,16.2,1.3,0.28,Dropout
1,17,1,8919,0,5,150.4,1,1,37,5,2,132.8,0,0,0,0,0,0,19,0,0,5,7,5,0.0,3,0,6,8,6,15.871759946443953,0,11.3,1.4,0.67,Enrolled
1,49,1,9545,1,1,135.3,1,35,3,4,9,115.6,0,0,0,1,0,0,17,0,0,7,14,6,13.696956901577511,0,0,6,15,6,10.345422296360113,0,14.1,-0.8,0.53,Graduate
1,5,1,9119,0,1,124.0,1,35,37,11,7,114.6,0,1,0,1,1,0,21,0,5,6,6,5,11.809637545909014,0,0,21,5,0,13.761905611047343,0,12.5,3.7,0.4,Dropout
1,43,1,9584,1,7,122.1,1,1,38,7,3,128.3,0,0,0,1,1,0,21,0,9,5,10,5,15.242173380779017,0,0,6,6,9,11.032309183165758,4,10.1,3.6,1.89,Dropout
4,1,5,8984,1,1,133.9,1,4,20,10,7,124.7,1,0,0,1,0,1,19,0,0,5,7,6,8.64463553178794,0,0,7,8,6,15.260728733621336,0,16.2,1.4,1.97,Graduate
1,38,2,7865,1,1,129.6,1,2,38,181,0,129.9,0,0,0,0,0,0,20,0,0,6,11,6,15.036081673759208,0,7,8,7,9,12.737759149416867,8,7.9,3.7,-1.81,Dropout
1,1,1,9411,1,1,129.5,1,4,36,10,8,152.9,0,0,0,1,0,1,19,0,0,6,8,4,15.414529921796241,0,0,6,9,6,12.209010689197822,0,12.5,1.4,1.87,Graduate
1,10,1,9306,1,40,141.3,1,17,39,11,9,116.4,1,0,0,1,1,0,17,0,0,5,5,6,16.14148519513036,0,0,8,13,6,13.166206075118694,0,14.1,-0.6,-4.06,Dropout
1,40,1,33,1,1,132.9,1,38,8,8,12,106.4,0,0,0,0,1,0,21,0,2,5,9,0,0.0,0,0,5,11,0,13.00264266696438,0,15.6,1.4,-1.68,Dropout
1,1,1,9367,1,1,136.1,1,38,3,11,4,108.7,0,0,0,1,0,1,17,0,5,6,12,6,11.630340686377643,0,0,5,6,1,11.085760520176786,0,16.2,1.4,1.59,Graduate
1,39,1,9358,0,1,137.9,1,37,36,10,3,117.3,0,0,1,1,1,0,19,0,0,6,5,2,10.7285567728044,0,0,5,9,0,0.0,0,7.6,1.5,-3.31,Dropout
1,37,1,8955,1,1,131.1,1,36,36,8,10,110.9,0,0,1,0,1,0,17,0,0,5,5,5,0.0,2,0,1,8,3,0.0,0,7.7,0.6,-1.91,Dropout
1,1,1,9028,1,43,139.1,1,35,1,5,195,119.2,1,0,0,1,0,0,17,0,0,7,6,5,11.285936867826637,0,0,6,19,6,16.116298776206172,0,12.1,0.7,1.99,Dropout
1,17,6,9057,1,1,126.4,5,37,20,1,12,142.5,1,0,0,1,0,0,17,0,0,7,7,7,10.18282706746499,0,0,6,7,6,9.466250362506763,5,7.6,0.9,3.2,Graduate
1,17,2,9068,1,1,133.0,1,3,36,10,6,111.5,1,0,0,1,0,0,18,0,0,3,5,4,14.77301343705364,0,0,6,8,9,13.006316188098,0,11.2,-0.8,-3.34,Dropout
1,48,1,9257,1,40,120.8,1,36,36,2,10,98.9,1,0,0,1,0,0,19,1,0,7,14,8,13.156594325161768,0,0,13,8,0,10.196399098493721,3,12.7,-0.8,-3.43,Enrolled
1,1,6,9662,1,1,137.3,1,19,35,9,8,124.3,0,0,0,1,0,1,17,0,1,7,8,7,16.469247804111706,0,0,8,8,6,14.114469196277007,0,9.8,-0.6,1.75,Graduate
1,1,1,9106,1,1,132.7,10,36,19,10,3,113.9,1,0,0,1,1,0,22,0,5,9,13,2,10.72696236526825,0,0,5,8,5,14.054400352125382,0,12.7,0.7,0.04,Enrolled
1,18,4,9073,1,4,127.5,1,37,36,5,11,127.0,0,0,0,1,0,0,19,0,0,5,7,7,10.839248373928527,0,0,5,9,3,11.503831173907837,0,16.1,0.7,2.3,Graduate
1,2,2,8952,1,39,128.6,1,38,38,6,13,122.7,1,0,0,1,0,0,20,0,1,8,8,12,11.24382592834429,0,0,5,0,0,11.951618200592812,4,16.2,-0.8,-3.88,Dropout
1,1,3,9212,1,1,113.1,1,1,36,11,7,100.2,1,0,0,1,0,0,18,0,0,7,8,7,15.128642415091154,0,0,6,7,6,15.350160247843894,0,16.2,0.8,1.62,Graduate
4,3,1,9247,1,1,134.3,1,38,36,9,0,116.2,1,0,0,0,1,0,20,0,3,7,0,0,0.5009232827879291,0,0,7,8,3,13.82955953065663,0,8.3,1.5,0.06,Dropout
1,1,2,9461,1,1,138.5,1,36,38,11,8,125.6,1,0,0,1,0,1,17,0,0,6,8,3,15.427155578370478,0,0,8,8,5,10.047548930748242,0,11.1,1.5,-2.04,Graduate
1,46,1,7622,1,1,133.1,1,36,37,5,6,146.4,0,0,1,1,0,0,20,0,0,7,0,3,12.194332344581253,0,11,5,5,0,11.225703617379345,0,11.4,2.9,2.79,Enrolled
1,41,1,9109,0,1,131.9,1,40,39,4,7,122.5,0,0,0,1,0,0,21,0,0,5,12,9,11.601756874171375,0,0,5,6,4,13.98418964320549,0,16.2,0.5,-4.06,Dropout
1,46,2,9509,1,1,128.2,1,1,36,7,4,131.6,1,0,0,0,0,0,22,0,4,6,6,10,15.900998353945841,0,0,6,7,4,10.88870441572869,0,7.8,3.7,-3.12,Dropout
3,39,1,9227,1,37,131.4,1,4,39,6,7,107.2,1,0,0,1,0,0,18,0,0,6,8,0,0.0,0,0,13,6,6,13.130398841102357,0,8.0,-0.4,-1.65,Graduate
1,16,6,8805,1,1,151.3,1,1,35,6,4,113.5,1,0,0,1,0,0,17,0,0,7,7,6,13.471065222232166,0,0,6,7,6,15.33058923244096,0,11.1,-0.5,1.71,Graduate
1,3,2,9120,1,1,134.0,1,1,1,7,127,128.1,1,0,0,1,0,0,18,0,0,7,7,7,13.203469858617002,0,0,8,8,6,13.743778798218099,0,11.1,3.7,1.69,Graduate
2,18,1,9078,0,1,130.7,1,36,36,8,11,129.7,0,0,0,1,0,0,32,1,0,5,7,5,0.5568783199511858,0,0,7,5,3,9.867492978775022,4,10.6,3.7,3.51,Dropout
1,41,4,9186,1,1,122.9,1,38,36,9,11,114.8,0,0,0,0,0,0,18,0,0,7,7,2,0.0,0,5,7,9,1,9.609910661327758,0,16.2,3.6,2.15,Dropout
1,1,2,9875,1,1,134.5,1,37,36,11,5,126.6,0,0,1,1,1,0,17,0,0,5,5,0,16.074781077572744,0,0,5,8,4,13.316000997327095,0,13.0,-0.5,-0.74,Dropout
1,3,2,8970,1,1,123.6,1,1,37,10,4,126.4,0,0,0,1,0,1,17,0,0,5,18,5,11.50541750995154,0,0,6,8,4,12.605310960912432,0,13.0,0.7,0.31,Graduate
3,1,1,8993,1,2,124.5,1,19,36,8,10,133.4,0,0,1,0,0,0,39,0,13,5,13,0,0.0,0,0,7,0,0,0.5816366154316187,7,16.2,3.7,-4.06,Enrolled
1,18,2,9173,1,1,118.1,1,4,17,10,6,113.2,1,0,0,1,0,1,18,0,0,7,6,7,15.197238736815883,0,0,16,7,6,15.87712523386281,0,16.2,0.9,1.73,Graduate
1,2,1,8910,1,1,140.2,1,37,37,11,3,132.1,1,0,1,1,0,0,17,0,0,5,8,6,11.533605666958268,0,0,5,8,8,10.666229829523981,0,13.1,-0.3,0.79,Graduate
1,19,5,9841,1,1,132.2,1,1,2,7,11,125.2,0,0,0,1,0,0,17,0,0,7,7,0,11.704083189870298,0,0,6,8,2,11.659731461232672,0,16.2,-0.8,0.27,Graduate
1,40,1,9034,1,1,131.6,1,39,1,115,7,112.9,0,0,0,1,1,0,48,0,0,8,7,9,12.037801499630035,0,0,14,5,6,9.407763667200562,0,14.1,-0.8,0.62,Dropout
1,17,1,9094,1,1,115.8,1,38,37,9,7,132.7,0,0,0,1,0,0,17,0,0,5,14,4,10.935956174034596,0,2,5,7,6,15.976672672749888,6,11.1,-0.4,0.68,Graduate
1,19,1,9124,1,2,135.8,1,3,38,11,8,112.5,1,0,0,1,0,1,18,0,0,8,8,7,12.357710991413102,0,0,8,8,6,14.98931030903644,0,13.7,1.5,-1.55,Graduate
1,2,1,8886,0,17,123.3,1,19,16,5,7,109.3,1,0,0,1,0,0,28,0,0,6,7,5,8.853048137235607,0,0,6,9,6,9.335566189898273,3,9.6,2.9,0.17,Dropout
1,2,9,9002,1,1,132.2,1,1,18,2,121,112.7,1,0,0,1,0,1,17,0,0,7,8,3,12.815603802316271,0,0,8,8,4,10.917905363371391,0,7.9,0.7,0.2,Graduate
1,16,1,7725,1,1,136.3,1,2,39,10,4,115.2,0,0,0,1,0,0,20,0,0,5,7,7,10.996691304391188,0,0,6,8,6,9.944484010862706,5,11.2,-0.4,-4.06,Enrolled
2,38,1,9493,1,1,137.9,1,1,38,10,9,118.6,1,0,0,0,1,0,20,0,0,7,0,5,0.34093869753101186,0,0,5,6,2,11.371143049003562,0,11.1,1.5,0.34,Dropout
1,18,1,784,1,1,137.8,32,37,1,6,4,143.1,0,0,0,0,1,0,18,0,0,5,8,1,14.426456403680888,0,0,8,7,0,11.111995328159404,0,11.2,-0.5,-4.06,Dropout
1,48,1,9881,0,1,133.8,1,35,36,8,0,108.9,1,0,0,1,1,0,21,0,8,7,16,7,11.756484389661207,0,0,7,5,6,0.0,0,8.1,-0.2,1.89,Enrolled
1,12,1,8979,1,1,144.0,1,4,36,12,2,103.1,1,0,0,1,0,0,18,0,0,10,28,4,10.295392442627252,0,0,6,5,6,14.535368360792367,0,12.6,0.7,-3.03,Graduate
2,41,1,9991,1,1,190.0,1,36,37,8,140,95.0,0,0,1,0,1,0,54,1,9,5,4,0,0.0,0,0,5,0,0,0.0,0,16.2,-0.7,1.77,Dropout
1,18,5,9330,1,1,136.3,1,1,38,5,178,160.2,0,0,1,1,0,1,18,0,11,7,8,7,14.397140977261802,0,0,6,8,6,10.162036344004116,0,12.6,1.6,1.52,Graduate
1,2,3,8984,1,1,136.3,1,1,18,10,8,122.9,1,0,0,1,0,0,18,0,0,7,7,7,12.717919894995907,0,0,8,7,1,14.978557859186214,0,12.6,0.6,2.0,Enrolled
1,18,1,8891,1,1,132.2,1,38,35,11,12,128.3,1,0,0,1,0,0,21,0,0,0,6,6,12.30161532479262,0,0,8,7,6,13.074560919646848,0,7.9,-0.5,2.01,Graduate
2,44,1,7881,1,8,133.7,1,35,37,8,5,133.2,0,0,0,1,1,1,25,0,0,5,6,1,0.0,0,5,5,6,0,0.0,0,7.7,-0.5,-0.91,Dropout
2,39,1,8938,1,1,141.3,1,36,38,9,6,126.0,0,0,1,0,1,0,45,0,0,5,0,0,0.0,0,0,13,9,0,0.0,0,16.2,2.6,-1.93,Dropout
1,17,1,8950,1,1,156.9,1,1,4,10,10,108.5,1,0,0,1,0,0,25,0,7,7,7,3,14.37031698618392,0,0,6,13,6,12.097104838406953,0,7.6,1.5,1.49,Dropout
1,1,1,9991,1,43,133.5,1,37,19,9,2,120.0,0,0,1,1,1,0,26,0,0,6,1,7,0.4818631077123017,0,0,14,6,0,13.027374261917132,0,10.8,-0.8,1.99,Dropout
1,13,1,8943,0,22,130.0,1,39,36,11,5,115.6,0,0,0,1,0,0,29,0,4,5,7,4,10.845471098270744,0,0,5,5,0,13.294042832206,0,8.1,1.4,2.84,Enrolled
1,18,2,9328,1,1,132.0,1,2,37,6,3,152.1,0,0,0,1,0,1,21,0,13,7,7,1,13.704970051124763,0,2,6,4,0,11.966971500756554,0,12.5,1.4,1.62,Graduate
1,39,3,9125,1,1,134.9,1,3,36,11,2,120.5,1,0,0,1,0,0,46,0,0,5,7,4,12.322503249252028,0,0,6,4,6,17.515087723720455,0,12.9,3.3,1.77,Enrolled
1,1,1,9799,1,1,135.7,1,37,37,8,12,139.0,1,0,0,1,0,0,18,1,0,7,8,6,12.780748257672744,0,0,6,7,6,14.601694612200939,0,13.1,0.5,1.97,Graduate
1,43,1,9310,1,1,143.9,1,4,19,7,7,126.2,1,0,0,1,0,0,18,0,0,7,6,6,10.424868385515564,0,0,6,6,7,14.845374923170796,0,16.1,0.7,-0.55,Dropout
1,3,3,8844,1,1,141.1,1,1,36,9,11,118.0,1,0,0,1,0,1,17,0,0,6,8,6,12.356531088788955,0,0,8,8,6,15.907160721755528,0,11.2,3.7,1.75,Graduate
1,18,3,9303,1,1,100.0,1,38,39,3,6,124.4,1,0,0,1,1,0,36,0,0,6,5,3,10.072497232088415,0,0,22,7,6,13.364709416769797,0,7.6,2.9,0.85,Enrolled
1,1,1,9204,1,37,127.0,1,2,35,9,12,128.0,1,0,0,1,0,1,19,0,6,5,6,18,15.339396989572595,0,0,6,14,3,13.444460151072587,2,12.3,1.5,0.46,Dropout
1,1,1,9326,1,39,144.4,1,36,39,8,4,146.5,1,0,0,0,0,0,23,0,1,7,10,4,13.108745293879867,0,0,8,5,6,12.86188681714897,0,11.3,1.5,0.78,Enrolled
1,17,1,9056,1,1,139.2,1,37,35,11,10,110.3,1,0,0,1,0,0,32,0,0,7,7,5,16.23570467320918,0,0,8,9,6,10.71116221880601,0,9.7,0.6,-4.06,Enrolled
1,3,1,9176,1,1,129.3,1,2,2,5,8,113.4,0,0,0,1,1,0,18,0,9,6,7,5,15.097165504609766,0,0,8,9,8,17.408648855635192,2,13.1,3.7,0.87,Enrolled
1,18,1,9454,1,1,128.4,1,1,2,7,10,125.1,0,0,0,1,0,0,18,0,5,5,18,3,13.410086495492394,0,0,6,7,1,10.941692005059597,8,14.0,0.8,-1.91,Dropout
1,18,1,8875,1,20,149.6,1,19,37,9,1,131.2,0,0,0,1,0,0,18,0,0,5,8,7,15.594005484800158,0,7,8,9,8,12.196761849942256,0,7.9,0.6,0.14,Graduate
1,16,2,9181,1,43,142.3,1,18,20,7,7,133.9,1,0,0,1,0,1,18,0,0,6,8,7,10.657847942045871,0,1,6,13,6,10.468396551373829,0,9.7,-0.6,2.24,Graduate
2,17,3,9002,1,1,133.1,1,36,38,7,11,128.8,0,1,0,1,1,0,24,0,0,0,7,1,10.552803401868239,0,0,5,0,0,0.0,0,12.7,-0.6,-3.14,Enrolled
2,45,3,9503,0,1,133.7,1,38,36,9,10,102.6,0,0,0,0,1,0,30,0,0,5,0,9,0.0,0,10,16,7,0,11.515994847550898,0,12.9,1.4,-1.53,Dropout
1,17,2,9291,1,1,118.8,1,1,19,7,3,123.8,1,0,0,1,0,0,18,0,0,6,8,7,13.828638371131557,0,0,8,5,6,14.489181531840828,0,12.5,-0.5,0.44,Graduate
2,40,1,9415,1,43,153.4,1,1,38,8,9,102.8,0,0,0,1,1,0,46,0,0,10,0,0,0.0,0,0,1,0,0,0.0,0,12.6,3.5,3.51,Dropout
1,1,2,9030,1,1,116.9,1,40,1,8,5,127.0,1,1,0,1,0,0,22,0,0,7,5,6,16.121049203415858,0,0,7,5,3,17.340883097140264,0,9.9,-0.3,0.43,Graduate
1,57,1,8931,1,1,123.8,1,39,37,11,11,109.4,0,1,0,0,0,0,18,0,0,7,10,0,13.953510053315833,0,0,8,8,3,10.235711026371387,0,8.0,0.3,0.2,Graduate
2,16,1,9066,1,1,132.6,1,38,1,9,6,107.3,1,0,0,1,0,0,20,0,12,7,10,4,15.30267005602588,0,0,8,11,5,13.203534893014872,0,10.0,1.4,1.47,Graduate
2,16,1,9176,1,3,117.2,1,33,38,8,11,131.5,0,0,0,1,0,0,30,0,4,7,0,0,11.065577917613597,0,1,6,8,5,12.654717939144433,0,14.3,3.7,0.15,Graduate
1,1,2,8995,1,1,121.3,1,5,36,9,10,141.2,1,0,0,1,0,1,18,0,0,11,4,6,17.11322821038235,0,0,15,7,6,15.301962777322347,0,14.5,0.9,2.1,Graduate
1,12,1,9360,1,2,134.0,1,18,38,139,1,101.7,1,0,0,0,1,0,30,0,12,13,14,7,0.3039258387216432,0,0,5,12,5,11.868033880697272,0,16.1,1.4,0.18,Dropout
1,16,2,9441,0,1,133.9,1,3,38,11,7,110.7,1,1,0,1,0,0,21,0,0,7,8,7,11.1398847079397,0,0,6,10,7,15.616883637078761,7,8.3,3.7,3.36,Graduate
2,57,1,9001,0,1,135.2,1,3,36,9,8,106.4,1,1,0,1,0,0,18,0,13,6,5,3,12.399211225018233,0,0,8,12,7,15.39812901766518,1,7.6,3.7,3.51,Enrolled
1,39,1,9019,0,1,125.6,1,35,39,0,6,95.0,0,0,0,0,1,0,24,0,0,5,10,0,17.267612732954923,0,3,11,5,1,0.0,2,14.1,1.5,0.23,Dropout
1,43,1,9446,1,1,135.9,1,38,38,6,10,111.4,0,0,1,0,0,0,27,0,0,5,6,3,0.0,0,0,5,8,3,9.557924772772175,0,13.0,-0.7,0.46,Dropout
2,42,1,9185,0,1,137.1,1,35,1,58,5,115.6,0,0,0,1,1,0,40,0,0,5,6,5,9.729128485325951,0,0,0,4,20,11.204936093024578,0,13.5,3.0,0.07,Dropout
1,19,2,8882,1,1,154.0,1,19,37,12,7,169.2,1,0,0,1,0,0,18,0,0,6,5,6,10.974026301096586,0,0,8,8,2,12.65366967643126,0,8.1,-0.0,-3.0,Dropout
2,1,1,9797,1,1,134.8,1,39,37,6,8,128.4,0,0,0,1,0,0,28,0,0,13,7,5,11.153747088691166,0,0,13,0,6,13.176973406283407,0,12.4,3.7,-0.73,Dropout
2,38,1,8965,1,41,130.0,1,35,1,9,12,126.6,0,0,0,0,1,0,36,0,0,5,0,0,0.0,0,0,5,0,0,0.0,1,8.0,1.6,-2.14,Dropout
2,17,1,9196,1,1,110.9,1,38,38,6,6,110.0,1,0,0,1,1,0,25,0,0,5,8,6,10.281867992071858,0,0,8,8,4,13.532315326460816,0,7.8,1.4,-1.7,Enrolled
1,16,2,9059,1,1,150.9,1,1,1,3,7,125.7,0,1,0,1,0,0,17,0,10,7,8,4,11.919316637038355,0,0,5,13,7,17.11855090180777,0,12.4,0.7,-3.58,Graduate
1,19,1,9170,1,1,136.5,1,3,2,1,10,128.4,1,0,0,1,0,1,20,0,10,7,7,6,11.874592143749702,0,0,7,8,4,10.668786808256295,0,11.3,2.7,-0.73,Graduate
1,18,4,9051,1,1,122.0,1,39,2,5,6,121.3,1,0,0,1,0,1,18,0,0,6,8,6,14.295410656456209,0,0,6,7,2,16.246335500041987,0,15.1,3.0,-3.29,Enrolled
4,17,2,33,0,40,136.8,1,37,38,5,9,128.8,0,0,0,0,0,0,28,0,0,9,5,0,9.979684585001603,0,0,6,7,0,13.537629509047056,5,16.2,1.5,1.63,Dropout
1,40,1,9086,1,1,132.5,1,38,38,10,11,142.8,0,0,1,1,1,0,24,0,0,7,6,1,0.0,0,0,5,11,0,0.0,0,7.6,2.8,0.36,Dropout
1,2,3,9392,1,1,119.9,1,4,2,5,1,126.0,1,0,0,1,0,0,17,1,0,6,14,5,10.3330313313939,0,0,16,5,4,15.460147864419547,0,13.2,0.8,1.69,Graduate
1,41,1,9009,1,1,128.5,1,35,31,8,6,121.4,0,0,0,1,0,0,19,0,0,6,5,14,9.556110998538287,0,0,5,5,8,0.0,0,9.4,1.5,2.0,Dropout
1,38,2,9016,1,4,134.9,1,37,37,8,5,95.0,0,0,0,1,0,0,28,0,0,7,1,1,14.517726748048544,0,0,1,7,0,12.760638023251218,0,15.9,1.5,-2.96,Dropout
1,18,6,9016,1,2,127.6,1,3,1,10,3,115.9,1,0,0,1,0,1,17,0,0,6,7,5,11.870401098404258,0,0,6,6,7,14.477253986678438,0,13.1,3.7,1.7,Graduate
1,17,2,9068,1,1,136.7,1,3,4,10,8,97.7,1,0,0,1,0,0,19,0,3,7,8,5,13.535329647573857,0,0,8,8,6,13.631681991801175,0,13.1,0.7,1.79,Graduate
2,18,5,9765,1,2,138.9,1,36,31,10,5,133.4,0,0,0,1,1,0,24,0,0,9,12,4,10.424555525243516,0,0,5,0,6,11.544751376602308,0,12.5,1.4,1.87,Enrolled
2,41,1,8965,1,1,138.6,1,14,39,2,2,98.0,0,0,0,0,1,0,27,0,0,5,4,0,9.126293107487523,0,0,5,9,0,0.0,0,13.0,1.5,-1.11,Dropout
1,17,1,9434,1,1,134.9,1,35,38,7,7,142.4,0,0,1,0,1,0,32,0,0,5,10,6,0.0,0,0,5,0,0,0.0,0,8.2,-0.5,1.45,Dropout
1,2,3,9317,1,1,115.4,1,37,1,3,7,120.7,1,0,0,1,0,0,17,0,0,7,8,6,14.942642250396393,0,3,8,8,7,16.643875755644643,0,11.4,0.7,1.87,Graduate
1,40,1,9289,0,1,155.6,1,1,37,10,10,155.0,0,0,1,0,1,0,27,0,0,5,17,0,0.0,0,0,5,0,0,1.0502534677683901,0,13.1,1.5,0.07,Dropout
1,1,6,9114,1,1,148.5,1,3,38,8,4,123.7,1,0,0,1,0,0,19,0,0,8,15,6,12.054559933123594,0,0,8,8,6,12.632928328768726,0,8.0,1.5,-1.84,Graduate
1,3,1,9089,1,1,169.7,1,36,24,3,5,130.9,1,0,0,1,0,1,18,0,0,7,8,5,13.896087904942707,0,0,8,14,2,12.724069952659969,0,12.3,-0.1,0.77,Graduate
1,3,3,9199,1,43,132.2,3,1,20,126,5,99.2,0,0,0,1,0,0,17,0,8,6,7,3,15.400877698839126,0,0,7,10,0,16.743345727046602,0,10.5,1.6,0.21,Enrolled
1,16,3,9615,1,1,127.2,1,2,38,9,128,114.5,1,0,0,1,0,0,18,0,0,7,6,7,12.494839046303888,0,0,6,8,0,15.128343980786628,6,7.8,1.4,1.69,Graduate
1,18,3,33,1,1,140.9,1,38,1,6,9,142.0,1,0,0,1,0,0,17,0,0,6,18,5,8.977260842564657,0,0,6,8,5,15.086699460254874,0,11.2,-0.8,0.43,Enrolled
1,40,1,9091,1,1,129.9,1,1,36,9,8,108.4,1,0,0,1,1,0,17,0,0,6,6,5,14.595171533024272,0,0,20,10,0,12.96211579547156,0,9.2,1.5,-0.94,Dropout
1,2,1,8979,1,42,125.2,1,5,37,8,12,114.3,0,0,0,1,0,0,18,0,15,13,12,5,10.135486714757496,0,0,6,10,6,10.021369355546774,7,8.0,-0.5,0.05,Enrolled
1,19,2,9991,1,37,133.3,1,1,1,10,6,131.4,1,0,0,0,0,0,18,0,2,6,6,5,13.947631587966157,0,0,6,7,5,9.882839585996994,0,11.4,1.4,1.96,Dropout
1,1,1,9111,1,1,186.2,1,1,39,2,6,132.5,0,0,0,1,0,0,18,0,8,5,7,3,14.74589088855908,0,0,6,19,6,11.638559336861212,0,16.2,2.8,0.22,Enrolled
1,41,1,9727,1,1,131.5,1,37,38,7,9,154.7,0,0,1,0,0,0,18,0,0,6,5,7,11.309386084501243,0,0,5,9,0,0.0,0,15.7,1.5,-3.63,Enrolled
4,45,1,9167,1,1,118.2,1,36,35,10,10,126.1,0,0,0,1,0,0,19,0,0,8,7,0,12.198188409714632,0,0,6,10,4,12.595110821090525,0,7.6,1.6,3.12,Enrolled
2,47,5,9138,1,1,137.7,1,14,1,8,7,104.1,0,0,1,1,0,0,18,0,0,7,5,5,11.110369181283225,0,0,7,6,0,10.969786392152507,0,7.6,1.5,2.21,Graduate
1,1,3,8869,1,1,143.4,1,20,18,7,7,132.3,1,0,0,1,0,0,17,0,0,7,7,0,15.926730180542773,0,0,6,7,6,15.787172679207709,0,10.8,3.1,1.65,Dropout
1,17,1,9458,1,1,138.9,1,36,37,7,8,123.3,1,0,1,1,0,0,17,0,0,5,7,0,13.016311000285953,0,0,6,8,4,17.13719155933496,0,14.1,0.6,-1.31,Dropout
6,18,1,157,1,23,175.9,1,37,3,2,6,134.8,0,0,0,0,1,0,24,0,1,7,4,0,0.0,0,2,8,9,0,11.849510814772009,0,14.0,1.5,1.66,Dropout
1,15,3,9211,0,1,132.4,32,38,5,10,7,103.3,1,0,0,1,0,0,18,0,4,7,6,7,14.393820619102799,0,0,6,6,6,14.0780934131268,0,13.5,0.5,-2.24,Dropout
1,19,1,9240,1,1,173.7,1,38,37,9,10,124.2,1,0,0,1,0,0,30,0,0,7,7,6,12.237786820985132,0,0,18,0,6,10.032431625286115,0,16.2,-0.6,0.58,Graduate
1,2,4,8936,1,1,121.9,1,3,1,7,8,125.5,1,0,0,1,0,1,17,0,0,8,6,6,14.020315783217733,0,0,6,7,7,11.750880110307769,0,12.4,1.4,1.82,Graduate
1,42,6,9780,0,21,128.0,1,38,40,9,7,130.8,0,0,0,1,1,0,19,0,8,5,8,11,11.843625219943483,0,0,6,5,0,0.0,0,7.8,1.4,-1.67,Enrolled
1,16,1,9090,1,1,134.2,1,17,37,0,9,125.1,1,0,0,1,0,0,17,0,0,6,8,6,14.725408783451918,0,0,8,8,6,15.22020804174712,0,13.1,-0.6,2.18,Graduate
1,1,1,9231,1,1,128.9,1,39,39,3,7,116.5,0,0,0,1,1,0,31,0,0,5,6,0,0.0,0,0,5,0,1,15.453801223286593,0,16.2,2.8,-1.64,Enrolled
1,39,1,9202,0,1,126.3,1,20,37,10,9,128.5,1,0,0,1,1,0,19,0,0,6,7,4,9.954578202018157,0,0,6,9,3,12.21851268490183,0,13.8,0.5,-4.06,Enrolled
2,39,1,7985,0,1,122.3,1,35,39,11,10,144.2,0,0,1,0,0,0,22,0,2,5,0,0,0.353222234102133,0,1,5,8,0,0.3125499511711367,0,12.7,1.4,0.04,Dropout
1,37,2,8930,1,1,129.9,1,3,18,10,6,103.6,1,0,0,1,0,0,19,0,0,7,23,6,14.438378282746829,0,18,6,5,4,17.383521411181164,0,12.2,2.8,1.46,Graduate
1,45,1,9543,1,1,156.9,1,1,38,9,2,101.2,1,0,0,1,0,0,30,0,0,5,17,3,11.190526090608895,0,0,12,8,6,0.26319827888355757,0,12.6,1.6,1.84,Dropout
4,39,2,7612,0,1,132.1,1,3,37,9,11,113.3,1,0,0,0,0,0,19,0,2,7,8,6,11.745154202806454,0,0,8,8,0,15.267413595982017,0,7.6,1.4,1.43,Dropout
1,39,1,9390,0,1,111.3,1,35,2,11,6,114.7,0,0,1,1,1,1,18,0,0,5,7,24,12.935466696563942,1,3,5,0,0,9.618769205443478,0,12.8,2.7,1.42,Dropout
1,3,3,8928,1,1,135.9,1,1,1,10,12,146.7,1,1,0,1,0,1,17,0,0,5,7,11,15.669805462437495,0,0,15,8,6,13.410573130520245,0,15.2,1.5,-1.28,Graduate
1,43,2,9194,1,1,119.3,1,1,38,3,7,98.6,1,0,0,1,0,0,17,0,0,7,8,2,13.9165116820239,0,0,6,10,6,13.92010728206989,0,11.4,1.5,-1.85,Graduate
1,38,1,8951,1,1,133.5,1,35,39,3,6,155.1,0,0,1,1,1,0,19,0,0,5,0,4,0.0,0,0,15,10,9,0.0,0,13.0,2.8,0.87,Dropout
1,43,3,9110,1,43,136.5,1,36,38,0,8,99.4,1,1,0,1,0,0,18,0,12,11,8,8,11.211190616479154,0,0,18,0,0,12.425834625463477,0,15.7,-0.0,3.51,Dropout
1,40,1,8985,1,1,162.7,1,35,36,9,7,113.4,0,0,1,0,1,0,17,0,0,5,4,3,0.0,0,0,6,9,0,0.0,0,14.4,3.7,-1.78,Dropout
3,40,1,9679,0,2,128.5,1,39,19,11,4,135.2,0,0,0,1,1,0,26,0,0,5,5,0,0.0,4,0,5,0,0,0.5077342448349003,0,16.2,3.7,1.7,Dropout
1,2,1,8981,1,1,150.2,1,1,1,10,11,124.3,1,0,0,1,0,0,17,0,6,7,8,8,11.25891653645889,0,0,13,6,6,15.799815840783394,0,14.1,1.4,-1.66,Graduate
2,41,1,9206,1,13,129.2,1,18,36,10,5,122.3,0,0,0,0,1,0,29,0,0,6,6,1,12.991282508792198,0,0,5,4,0,0.12633042758232635,0,8.3,1.4,0.13,Enrolled
5,18,1,9377,1,1,132.5,1,38,36,10,0,154.1,1,0,0,1,1,0,22,0,17,7,8,5,8.230910923426634,0,0,5,6,2,11.679161711205065,0,13.0,1.4,0.07,Enrolled
1,38,2,8850,1,1,121.2,1,38,1,9,9,118.9,0,0,0,1,1,0,18,0,0,5,8,5,10.800135772954672,0,0,7,11,0,13.604021778949763,0,16.0,1.4,-3.81,Dropout
1,3,1,9082,1,40,142.4,1,1,36,9,10,112.5,0,0,0,1,0,0,18,0,0,8,6,8,13.416874416724447,0,0,6,11,5,12.74110714898326,0,16.2,2.7,1.38,Graduate
1,36,1,9060,1,1,137.7,1,36,40,9,12,123.0,0,0,0,0,1,0,35,0,0,5,0,4,0.0,0,0,2,7,0,0.14170022851758426,0,8.0,1.4,0.01,Dropout
1,2,1,9258,1,36,136.7,1,1,36,10,6,116.1,1,0,0,1,0,1,49,0,0,5,7,6,11.297036451829035,0,0,14,5,7,15.52934034917104,0,9.3,1.5,-4.06,Enrolled
2,57,1,9009,1,37,136.6,1,36,37,7,2,107.0,0,0,0,0,1,0,40,0,9,5,5,0,10.281105355067673,0,0,5,8,3,10.337103211177412,0,10.1,-0.8,0.13,Dropout
1,17,1,9120,1,2,132.8,1,1,38,3,7,95.0,0,0,0,1,0,0,20,0,0,11,10,6,1.06172947049567,6,4,6,0,4,11.713140598926653,0,10.9,-0.5,2.85,Graduate
1,1,1,9278,1,1,174.8,1,1,4,3,12,113.0,0,0,0,1,0,0,19,0,0,13,7,2,15.532266181492856,0,0,8,13,4,13.350138580786036,0,15.8,0.8,1.65,Graduate
2,43,2,8954,1,1,129.6,1,18,36,9,11,125.8,0,0,1,0,1,0,20,0,0,5,12,6,0.0,0,0,16,0,0,0.0,0,14.4,3.7,0.16,Enrolled
1,3,1,8926,1,1,132.3,1,37,19,9,1,148.0,1,0,0,1,1,0,17,0,0,7,7,5,12.063634158048355,0,0,6,11,7,13.504924094522249,0,12.2,3.0,1.79,Enrolled
1,18,2,9710,1,43,127.9,1,1,1,0,8,126.2,1,0,0,1,0,0,17,1,5,8,6,6,15.02415780256098,0,0,8,10,7,9.846815261098088,0,11.0,3.7,0.41,Graduate
2,2,1,7858,1,5,132.0,1,1,37,11,2,144.1,0,0,0,0,1,0,33,1,4,6,5,0,0.0,0,0,5,9,0,10.350621209027898,0,7.6,1.5,0.52,Dropout
1,2,4,9096,1,1,128.3,1,1,36,10,11,127.8,1,0,0,1,0,0,19,0,0,6,6,6,14.469046259359093,0,0,8,7,7,11.034516776374014,0,8.9,1.6,1.85,Graduate
1,41,1,9691,0,1,133.4,1,36,37,7,1,108.5,1,0,0,1,1,1,26,0,0,14,0,0,9.641713515706119,0,0,11,12,6,9.589163835915812,0,16.2,-0.3,0.23,Dropout
1,19,2,9076,1,40,127.5,1,37,1,11,0,117.9,0,0,0,1,0,0,19,0,0,6,6,9,9.796847240434559,0,0,5,6,5,12.744392755692791,0,9.2,0.0,-1.86,Dropout
4,37,1,9435,0,43,120.4,1,38,34,7,9,117.5,0,0,1,0,1,0,27,0,9,2,8,8,0.0,0,0,7,5,0,1.0642623224308247,0,8.2,3.7,-2.08,Dropout
1,18,1,8956,1,1,138.6,1,5,37,6,11,132.2,0,0,0,1,0,0,17,0,0,12,7,9,12.91785332201341,0,0,6,10,1,16.729200511629415,0,7.8,3.0,-2.96,Graduate
1,2,2,8965,1,1,118.3,1,20,1,11,10,126.2,0,0,0,1,0,0,17,0,0,7,7,7,14.165343224011705,0,0,8,8,6,13.676575211620756,0,10.9,-0.7,0.76,Enrolled
1,17,1,9355,1,36,132.3,1,37,21,0,8,130.2,1,0,0,1,0,0,19,0,0,10,8,0,9.383453470301147,0,0,7,5,13,0.0,0,11.2,1.5,-0.82,Dropout
1,17,1,9185,1,1,130.8,1,1,4,7,6,122.2,1,0,0,1,0,0,18,0,0,7,7,5,10.623043456293765,0,0,6,9,8,10.781024712471526,3,11.3,0.6,1.79,Graduate
1,40,4,9182,1,34,125.0,1,39,37,8,12,148.2,0,1,0,1,0,0,17,0,0,6,7,0,11.630724838087968,0,0,5,6,3,11.210112113489267,0,16.1,0.1,3.44,Dropout
2,39,1,8813,1,22,132.5,1,37,36,10,11,185.5,0,0,0,0,1,0,17,0,0,5,0,0,11.088923026710855,0,0,5,0,0,0.0,0,16.2,1.4,0.18,Dropout
2,17,1,9059,0,39,126.3,1,1,39,8,10,135.1,1,0,0,1,0,0,19,0,0,6,7,2,9.808514193439422,0,0,6,7,5,14.092015803303262,0,14.1,2.9,-4.06,Enrolled
1,17,1,7543,1,1,135.1,1,3,38,11,6,126.2,0,0,0,1,0,0,20,0,0,5,10,7,0.0,0,0,6,8,6,0.3485315078926977,0,14.2,1.5,1.76,Enrolled
1,3,1,8896,1,1,132.5,1,39,37,8,8,121.0,1,0,0,1,0,0,19,0,0,6,7,6,13.267773381243902,0,0,8,10,6,13.91275385494657,0,13.0,0.8,-3.39,Graduate
1,42,1,9225,1,1,130.3,1,39,36,9,9,108.1,1,0,0,1,0,1,18,0,0,13,5,6,14.89869175851485,0,0,8,7,1,12.502665162849263,0,15.6,3.7,0.43,Graduate
2,37,1,33,1,1,122.8,1,37,36,8,5,105.6,0,0,0,0,0,1,17,0,11,6,4,7,11.811613418991788,0,0,6,6,2,13.267843453014166,0,12.9,2.9,1.69,Graduate
1,3,1,9740,1,1,138.6,1,39,1,7,6,101.8,0,0,0,1,0,0,22,0,0,13,14,1,9.854829967369696,0,0,5,8,0,13.086779792149372,0,11.0,1.5,-2.07,Graduate
1,1,2,9086,1,1,115.4,1,40,37,11,12,98.4,1,0,0,1,0,0,19,0,0,7,1,6,11.240109866921678,0,2,6,7,6,14.303110317085835,0,12.7,0.8,-4.06,Graduate
1,1,1,9636,1,4,137.7,1,36,37,6,2,99.1,1,0,0,1,1,0,18,0,0,7,13,10,13.070362678751092,0,0,6,10,6,0.5774861484398967,0,12.4,1.5,1.8,Dropout
1,19,3,8796,1,37,120.3,1,37,36,12,8,127.7,1,0,0,1,0,0,18,0,0,7,7,6,11.667299807712734,0,0,8,12,4,13.383606753018913,0,7.6,-0.5,3.0,Graduate
1,3,4,9268,1,1,144.9,1,4,36,8,6,147.7,0,0,0,1,0,0,17,1,0,6,8,5,12.912891834202531,0,0,8,7,6,12.141159387346107,0,16.2,3.1,0.85,Enrolled
1,2,4,8787,1,1,173.9,1,1,36,11,4,112.9,1,0,0,1,0,1,17,0,0,7,8,5,10.795747860546166,0,0,6,8,9,10.876649450528026,0,7.6,1.6,1.62,Graduate
1,17,1,9096,0,1,135.1,1,36,37,10,11,133.7,0,0,1,0,1,0,48,0,0,5,10,0,0.0,0,0,2,0,0,0.0,0,10.0,-0.5,0.06,Dropout
1,16,3,9222,1,36,139.5,1,39,37,7,7,145.6,0,0,0,1,0,0,26,0,0,8,7,5,12.11956403859445,0,0,8,6,6,16.860441292380536,0,7.6,-0.6,1.63,Graduate
1,38,1,9537,1,1,130.5,1,18,40,10,10,123.8,0,0,0,0,1,0,22,0,4,5,5,2,12.595222912331346,0,0,5,0,0,0.0,0,9.4,0.7,-4.06,Enrolled
1,1,1,9536,1,1,120.2,1,3,18,10,13,127.4,1,0,0,1,0,0,18,0,0,8,7,6,13.105053244241736,0,0,8,5,4,11.394174171963902,0,9.1,3.7,0.52,Graduate
1,17,1,8981,1,2,119.7,1,1,37,1,3,127.4,1,0,1,1,0,0,17,0,0,7,8,5,0.25612090691290673,0,0,8,6,7,12.823455168051575,0,9.4,1.4,0.61,Dropout
1,3,1,8986,1,1,190.0,1,37,1,8,2,143.5,1,0,0,1,0,1,20,0,0,7,8,2,14.143131195162503,0,0,6,6,6,12.853724609354163,0,12.6,1.6,-1.76,Graduate
1,18,1,33,1,1,145.0,1,36,36,10,195,105.5,1,0,0,1,1,0,18,0,0,6,7,6,0.0,0,0,2,7,0,11.18740481386281,0,8.0,-0.7,-3.52,Dropout
4,17,5,8815,1,1,139.1,1,38,37,11,11,147.1,0,0,0,1,0,1,30,0,0,8,5,14,11.028934122324085,0,0,8,7,5,0.8399431688768213,0,12.6,3.7,-1.87,Enrolled
1,48,1,8794,1,1,137.5,1,39,1,9,0,119.5,1,0,0,1,0,0,17,0,0,5,8,8,10.373998580991328,0,0,5,8,1,10.655348527117061,0,15.5,-0.1,0.25,Enrolled
1,41,1,9056,0,41,133.7,1,2,38,4,195,123.6,0,1,0,0,0,0,17,0,0,7,7,4,11.470513073700298,0,0,5,8,5,0.0,8,15.6,3.0,2.73,Enrolled
2,43,1,8870,1,1,148.1,1,19,37,3,4,124.2,1,0,0,1,1,0,19,0,0,8,7,15,16.009473673187973,0,0,6,5,5,14.376905017866767,0,9.7,1.4,-4.06,Enrolled
1,1,2,8949,1,37,131.2,1,38,35,127,3,117.3,0,0,1,1,0,0,20,0,0,7,4,6,15.39294204781786,0,0,17,8,3,14.4122569194907,0,14.3,-0.6,0.29,Graduate
1,40,1,9066,1,39,144.2,1,35,39,1,8,132.3,0,0,1,0,1,0,29,0,0,5,9,7,0.0,0,0,8,7,0,0.0,0,16.2,2.8,-0.98,Dropout
1,16,1,8902,0,10,121.5,1,37,36,3,11,109.8,0,0,0,0,0,0,18,0,0,5,9,7,0.0,0,0,5,7,8,9.640822985748201,1,15.0,1.5,-3.71,Dropout
1,18,1,9541,1,1,134.4,1,40,36,9,8,105.8,0,0,0,1,0,1,19,0,0,6,8,5,15.64864227581459,0,0,7,8,6,14.919233847042872,0,13.1,1.4,1.5,Graduate
1,40,1,9793,1,1,133.9,1,38,36,3,8,128.5,0,0,0,1,0,0,40,0,0,5,18,3,0.0,0,0,6,8,2,0.4041726774350986,3,14.0,1.4,0.88,Enrolled
2,41,1,314,1,1,133.4,1,36,37,9,6,116.0,0,0,0,0,1,0,33,0,0,5,0,0,13.972104508064742,0,0,5,10,0,0.0,0,16.2,1.5,1.47,Dropout
1,19,1,9588,1,1,125.5,1,39,2,10,6,101.6,1,0,0,1,0,0,18,0,3,6,13,0,0.6160158091324075,0,5,10,22,6,12.404499466522603,0,12.6,1.5,-1.94,Graduate
1,46,1,9305,1,19,137.1,1,37,36,11,10,110.2,0,0,1,1,1,0,27,0,0,7,10,0,0.0,0,4,16,0,0,17.222028459203834,0,8.3,-0.1,1.92,Dropout
1,2,1,8950,1,43,122.8,1,3,37,6,12,95.0,1,0,0,1,0,0,18,0,0,8,13,5,11.684505768633212,0,0,8,8,7,11.41548467699562,0,10.9,3.4,3.51,Graduate
1,8,6,9120,1,1,138.8,1,38,38,11,3,117.2,1,0,0,1,0,1,18,0,0,7,8,5,12.315280941871379,0,0,5,9,3,16.68510131520033,0,14.0,0.6,0.22,Graduate
1,16,1,8876,0,2,155.1,1,36,4,9,4,95.0,0,0,1,0,1,0,19,0,0,15,0,0,12.147065128421662,0,0,5,0,1,11.80201823374636,0,15.6,2.9,-1.99,Dropout
5,16,4,9476,1,1,128.0,27,18,2,6,8,122.2,1,0,0,1,0,0,19,0,0,7,7,6,13.06262691063563,0,0,8,5,12,13.203806026583248,4,13.1,3.7,0.49,Graduate
1,2,1,8884,0,1,136.0,1,20,1,9,158,123.7,1,0,0,1,0,0,17,0,0,7,0,10,12.411443692560452,0,0,6,4,0,17.897970361891336,0,12.9,-0.4,-3.81,Graduate
1,47,1,8856,1,1,102.0,1,1,1,8,12,122.8,1,0,0,1,1,0,17,0,0,6,7,5,14.683507472174888,0,0,5,5,5,13.244300466820244,0,10.8,-0.2,2.1,Graduate
2,45,1,8106,1,42,130.5,1,35,8,7,81,106.8,0,0,0,1,1,0,34,0,0,5,6,5,0.20548258350810122,0,0,5,10,0,0.3166910325038333,0,16.2,3.7,0.23,Dropout
1,43,2,9364,0,1,95.0,1,38,39,0,9,123.7,1,0,0,1,0,0,17,0,9,11,19,3,12.698301474543243,0,2,8,11,6,14.467564173162138,0,14.2,2.6,-2.02,Dropout
1,1,1,8854,1,1,156.3,1,7,39,11,7,106.9,1,0,0,1,0,0,24,0,0,6,6,2,12.049148713245689,0,0,8,10,5,10.74650221207685,0,12.7,1.6,1.58,Graduate
1,1,1,9545,1,1,143.6,1,38,35,6,9,141.2,1,0,0,1,1,0,18,0,0,6,7,12,11.496379479695012,0,0,16,9,4,10.815268230875304,0,12.7,1.5,0.45,Graduate
1,41,1,9256,1,20,131.5,1,1,39,6,10,165.7,0,0,0,0,1,0,17,0,0,5,9,0,12.605118880162543,2,0,17,10,0,0.0,0,7.6,3.0,1.52,Enrolled
2,41,2,9301,1,1,137.6,1,2,36,7,3,101.0,0,0,0,1,1,0,37,0,0,5,8,5,14.21551427603149,0,0,8,5,7,13.374803706780474,0,9.2,1.4,0.23,Dropout
1,17,2,9091,1,1,136.9,1,37,35,9,2,122.9,1,0,0,1,0,0,19,0,0,6,5,3,13.537926351082785,0,0,8,12,6,13.15259668897006,0,16.2,1.5,-4.06,Graduate
1,18,2,8804,1,1,142.3,1,38,38,4,6,119.4,0,0,0,1,0,0,18,0,0,7,3,7,10.540052983549904,0,0,6,7,6,14.308623339972183,0,9.8,0.6,1.47,Graduate
1,42,1,9138,0,1,133.5,1,19,37,4,11,118.0,1,0,0,0,1,1,18,0,0,7,12,7,14.945190304453781,0,0,0,11,0,12.204148404058662,0,11.0,3.7,1.82,Dropout
1,18,3,9619,1,16,134.8,1,1,37,3,3,100.7,1,0,0,1,0,0,32,0,0,7,9,5,13.289740574531237,0,0,7,8,6,11.651550309560804,0,12.6,-0.5,2.09,Graduate
1,19,1,9133,1,1,134.4,1,18,36,4,9,124.7,0,0,0,1,0,0,18,0,0,7,7,6,9.75175804990321,0,0,8,8,6,13.584554920266333,0,7.9,0.8,2.08,Graduate
1,42,1,8839,1,35,129.3,19,38,18,10,4,154.7,0,0,0,1,1,0,17,0,6,7,6,5,9.89807755717721,1,0,5,6,0,13.680241048856354,0,15.7,0.8,-1.68,Graduate
1,45,1,9023,1,1,139.0,1,38,1,11,12,190.0,0,0,0,1,0,0,22,0,0,7,8,11,10.371551669682423,0,0,16,8,4,13.4162015290446,0,12.6,-0.5,-1.5,Dropout
1,44,1,9352,1,1,118.7,1,35,37,7,2,128.3,1,0,1,1,0,1,22,0,0,5,8,5,15.027489951410395,0,0,6,7,6,13.68658916669805,0,12.9,3.7,2.73,Graduate
1,18,5,9036,1,1,127.8,1,1,37,2,0,117.2,0,0,0,1,0,1,18,0,0,6,5,7,13.083524257420724,0,0,5,8,8,10.459856439064612,0,14.2,1.4,-3.43,Graduate
1,1,1,9002,1,1,142.3,1,39,4,5,9,117.2,1,0,0,1,0,0,19,0,0,8,7,6,14.991474396821362,0,0,16,7,5,12.639554238536016,0,13.0,0.8,-4.06,Graduate
4,40,4,9209,1,38,119.2,1,18,37,11,4,129.6,0,0,0,1,0,0,19,0,0,6,13,3,12.89446749235168,0,0,5,6,1,12.793794245428414,0,9.1,3.7,-4.06,Graduate
2,41,1,9031,0,2,134.1,1,36,37,10,6,106.6,0,0,0,1,1,0,17,0,1,7,7,12,13.640260559791436,0,0,8,9,4,12.437482801586283,2,14.8,-0.4,1.65,Graduate
2,40,1,8941,1,1,133.5,1,2,1,1,1,148.6,0,0,0,0,0,0,19,0,0,7,13,0,0.5524518717104561,2,0,5,9,0,16.223392870329086,0,16.2,3.1,0.12,Dropout
1,2,1,8963,1,1,141.7,1,20,39,5,12,124.9,1,0,1,1,0,1,18,0,0,7,7,5,13.51331978856125,0,0,8,4,6,11.453414901339109,0,13.0,-0.8,-2.14,Graduate
1,2,5,9321,1,1,136.1,1,19,37,9,11,150.9,1,0,0,1,1,0,17,0,0,7,8,10,0.0,0,0,6,8,4,13.824000324630427,0,7.8,-0.6,-1.07,Graduate
1,16,2,9016,1,2,144.6,1,36,13,10,10,115.0,1,0,0,1,0,0,17,0,0,7,8,5,10.24003075227113,0,0,6,10,6,13.86782271751781,0,16.1,-0.7,-1.61,Graduate
1,1,4,9076,1,1,130.8,1,18,1,5,7,114.3,1,0,0,1,0,1,17,0,0,6,7,6,13.2130309551351,0,0,8,15,6,16.78507299632348,0,11.3,0.8,0.58,Graduate
4,17,1,9705,1,1,118.8,1,18,37,9,9,114.6,1,0,1,1,0,0,19,0,0,8,5,3,12.873411755797044,0,3,6,5,5,14.739782172086684,0,12.7,3.7,1.94,Dropout
1,17,1,9687,1,1,134.5,1,3,35,4,133,109.5,1,0,0,1,0,0,18,0,0,7,8,7,17.456709539033763,0,0,8,12,8,14.07323411140719,0,9.3,0.3,2.06,Graduate
1,40,1,9398,1,1,129.6,1,1,35,8,9,145.7,1,0,0,1,0,0,17,0,0,7,5,0,10.726210558238977,7,0,5,4,4,13.625606619044227,0,12.5,2.7,2.16,Dropout
1,2,3,9208,1,1,123.8,1,39,37,9,8,113.9,0,0,1,1,1,0,20,0,0,6,0,4,0.0,0,0,5,12,6,0.6413010184291447,0,14.2,-0.4,-3.5,Dropout
1,18,1,9436,1,1,131.1,1,3,1,7,10,121.2,0,0,0,0,1,0,17,0,0,6,6,8,10.287988986108024,0,0,7,7,5,14.370645609566372,0,13.0,2.9,-3.75,Graduate
1,41,1,9175,1,35,135.2,1,35,28,1,7,101.3,0,0,0,0,1,0,25,0,2,6,12,0,0.0,0,0,5,0,3,11.55374332090397,0,11.4,3.7,-3.47,Graduate
1,1,1,8235,1,1,132.2,1,35,39,1,6,124.6,0,0,0,0,1,0,19,0,0,7,0,6,13.289665121513922,0,0,5,7,0,10.064369950414974,0,11.4,1.3,-4.06,Dropout
4,17,1,9011,1,1,132.7,1,18,20,1,6,103.5,1,0,0,1,0,1,19,0,0,6,5,5,12.244770637977687,0,0,1,0,6,11.4799211270123,0,14.2,-0.5,1.46,Graduate
1,17,6,9121,1,1,126.4,1,1,38,8,8,130.1,1,0,0,1,0,1,25,0,0,7,12,6,0.0,0,0,6,5,6,11.518010599139622,0,9.9,0.7,1.82,Dropout
1,1,1,8972,0,40,154.1,1,40,37,10,7,154.9,0,0,0,1,0,0,19,0,0,5,5,6,0.0,0,16,14,2,4,0.007372227351674472,0,9.5,1.3,0.25,Dropout
1,43,2,9991,0,43,130.6,1,1,37,7,12,112.5,0,1,0,0,0,1,20,0,8,12,17,0,12.322553260560749,0,0,8,11,0,0.9372474588320994,1,16.1,3.7,-3.92,Dropout
1,1,2,9035,1,1,133.7,1,1,36,1,10,95.0,1,1,0,1,0,0,17,0,0,7,8,6,16.665675747468367,0,0,7,6,6,15.278210579945068,0,8.1,-0.6,0.94,Graduate
2,18,3,33,0,1,133.3,1,2,36,8,9,117.6,0,1,0,1,0,0,21,0,0,7,8,7,13.575182921024643,0,0,6,11,5,13.941133725471254,0,16.2,1.5,3.51,Graduate
1,1,2,9042,1,1,133.0,1,20,38,7,11,113.1,0,0,0,1,1,0,27,0,0,5,7,4,10.224077609160922,0,0,6,7,2,11.43475711288924,0,13.5,0.2,1.55,Dropout
2,17,3,9277,1,1,132.5,1,43,1,4,195,120.0,1,0,0,1,0,0,17,0,0,7,8,5,12.71362710519868,0,0,6,9,7,17.00638681859791,0,9.9,1.5,1.37,Graduate
2,41,2,8833,1,36,138.1,1,18,37,8,12,135.4,0,0,0,1,1,0,27,0,0,5,10,4,0.0,0,12,5,0,10,10.72398008841259,0,7.6,-0.7,-4.06,Dropout
1,16,1,9903,1,1,131.4,1,36,39,9,5,123.9,1,0,0,1,1,0,28,0,0,0,5,4,8.840605761501404,0,0,6,8,5,11.366190980785195,0,7.6,0.2,-0.71,Dropout
1,57,2,9126,1,43,131.7,1,35,38,9,5,133.1,1,0,0,1,0,0,18,0,0,15,7,5,12.747381972591654,0,4,5,6,8,0.0,0,16.2,-0.0,-1.99,Dropout
1,1,1,9038,1,1,135.8,1,41,37,4,12,125.2,1,0,0,1,1,1,19,0,0,6,5,6,15.60112325088797,0,0,8,9,5,12.059904521766954,0,9.2,1.5,0.29,Graduate
1,43,1,8503,1,1,131.1,1,1,37,9,4,131.6,0,0,1,1,1,1,21,0,0,0,0,1,12.349898638016562,0,1,7,7,0,0.0,0,16.0,3.0,-4.06,Dropout
1,15,2,8941,1,1,124.5,1,1,2,1,7,102.2,1,0,0,1,0,0,17,0,0,7,8,8,12.665844761187214,0,0,8,8,6,10.438167681533923,0,12.4,1.5,-4.06,Graduate
1,19,3,8849,1,39,138.2,1,19,37,12,8,129.9,0,0,0,1,0,0,18,0,0,10,8,7,10.097377145382296,0,0,6,8,5,9.021932110262096,0,11.2,1.5,-3.75,Enrolled
1,18,1,9642,1,1,128.8,1,36,38,9,10,121.6,0,0,1,0,1,0,17,0,0,0,0,0,0.0,0,0,5,1,0,0.0,0,9.8,-0.6,0.79,Dropout
1,49,1,9318,1,42,131.7,1,35,1,9,12,147.2,0,0,0,0,0,0,25,0,0,18,12,7,9.973806284886452,0,1,8,8,6,0.0,0,14.9,3.5,-1.57,Dropout
1,2,2,8919,1,1,123.9,1,37,36,8,10,95.0,1,0,0,1,0,1,17,0,0,7,14,5,12.338607879734795,0,0,8,12,4,12.55258653735056,0,12.6,0.6,1.86,Graduate
1,2,4,9991,1,22,137.2,1,38,38,9,11,106.1,0,0,0,1,0,0,20,0,1,18,19,2,12.354526957570375,0,0,5,7,1,0.0,0,7.7,1.4,0.22,Graduate
1,3,2,8983,1,1,129.4,1,2,38,7,12,124.0,1,0,0,1,0,0,21,0,0,6,8,6,10.95808536586596,0,0,8,8,6,13.857715731326591,0,10.8,1.5,1.79,Graduate
1,38,1,9528,1,1,112.2,1,18,17,6,3,99.9,1,0,0,1,0,0,17,0,0,7,7,5,14.963061190177301,5,0,17,8,13,14.344167192637897,0,7.6,1.4,1.8,Graduate
1,19,1,9147,1,1,139.1,1,5,1,10,6,101.3,1,0,0,1,0,1,18,0,0,6,10,8,14.129781620624325,0,0,6,7,8,16.068426295766816,0,9.7,-0.6,-3.76,Graduate
1,17,2,9124,1,1,140.8,1,3,19,8,0,128.9,1,0,0,1,0,0,19,0,0,7,6,5,10.603988950669638,0,0,17,8,6,12.2554393725369,0,16.2,3.7,0.7,Enrolled
1,42,1,9525,1,1,138.1,1,36,1,9,61,125.5,0,0,0,0,0,0,44,0,0,12,6,2,13.613813356925426,0,0,6,9,0,15.028666533567566,0,13.9,1.6,3.32,Dropout
2,20,1,7678,0,2,132.0,1,38,38,11,3,109.2,0,0,1,0,1,0,41,0,0,5,8,0,0.0,0,0,6,0,0,0.0,0,8.4,1.5,-0.02,Dropout
1,2,1,9040,1,1,154.1,1,20,37,8,5,118.3,1,0,0,1,0,0,17,0,11,6,13,4,11.458798811659445,0,0,8,13,4,12.196380624319072,0,11.2,-0.5,-3.24,Graduate
1,1,2,9120,1,1,125.5,15,1,1,11,10,130.7,1,0,0,1,0,0,19,0,0,6,8,13,13.038326495851994,0,0,23,7,6,15.451109235824768,0,13.0,0.0,-0.82,Graduate
1,17,1,8976,1,1,131.2,1,36,1,11,5,118.8,0,0,0,0,1,0,22,0,3,8,7,6,16.465041298314564,0,0,5,7,1,0.10058245989382023,0,14.0,1.6,2.96,Dropout
1,1,6,8942,1,1,123.8,1,2,36,9,11,142.5,1,0,0,1,0,0,17,0,0,6,8,9,9.398292967572681,0,3,6,6,2,12.13284271905688,0,12.5,-0.7,3.07,Enrolled
1,18,1,9086,1,1,125.4,1,38,1,3,13,119.7,1,0,0,1,0,0,17,0,0,6,24,5,13.093326030414696,1,0,8,13,6,13.230677981801993,0,7.6,-0.2,-3.17,Graduate
1,18,1,9390,1,1,128.8,1,35,2,8,7,122.6,0,0,1,0,1,0,40,0,11,5,0,3,0.0,0,0,5,0,0,0.0,0,16.2,1.5,-0.66,Dropout
1,2,1,9462,1,1,102.8,1,37,34,9,4,129.3,1,0,0,1,0,0,20,0,2,7,6,7,10.114539864276137,0,0,5,18,5,10.757692389336912,0,16.0,-0.0,1.71,Graduate
1,38,3,33,1,1,129.9,1,35,28,138,10,138.1,0,0,0,1,0,0,21,0,0,6,8,4,12.084278839995841,0,0,7,7,3,12.301075434255155,0,12.4,3.5,-1.64,Graduate
1,16,1,9144,0,1,132.4,1,37,37,10,10,140.2,0,0,0,1,0,0,60,0,0,5,6,5,0.0,0,0,6,8,3,8.348994582730079,1,12.2,0.6,0.77,Enrolled
1,18,4,9113,1,1,130.4,1,2,4,7,10,115.8,1,0,0,1,0,1,18,0,0,7,8,11,9.845843614988125,0,11,6,8,6,12.756366413517084,0,7.7,0.7,0.48,Graduate
1,16,2,9469,1,1,141.2,1,18,1,149,195,131.5,0,0,0,1,0,0,17,0,2,7,1,4,14.847582033318563,0,0,6,9,1,11.649128789579317,0,11.3,0.6,0.73,Graduate
3,40,1,9378,0,41,147.3,1,1,36,8,7,133.0,1,0,0,0,1,0,18,0,0,8,5,0,0.3168535860780045,0,5,16,1,5,0.1030749630757651,1,13.1,2.6,0.08,Dropout
1,17,2,9363,1,33,136.8,1,38,35,7,9,95.0,0,0,0,1,0,0,28,0,3,0,6,4,9.48754054360075,0,0,5,9,0,11.740650769133275,0,9.5,-0.8,-0.64,Enrolled
1,18,1,8888,1,1,124.1,1,39,38,1,7,104.6,0,0,0,1,0,0,19,0,0,6,15,6,12.649314834752186,0,0,6,7,6,14.940449670571006,0,7.9,-0.2,-2.02,Enrolled
1,17,1,9991,0,16,123.0,1,37,37,7,10,111.5,0,0,1,1,0,0,26,0,13,5,11,5,10.105578581803666,0,0,5,0,0,0.0,0,15.9,2.8,-1.7,Dropout
2,39,1,8892,0,39,129.3,1,38,36,3,8,95.0,0,0,0,0,1,0,21,0,0,5,6,0,0.0,0,0,5,0,0,0.7864605980537348,0,7.7,2.8,3.45,Enrolled
1,55,1,8965,1,1,140.7,1,35,3,9,11,131.8,0,0,0,1,0,0,17,1,0,7,7,12,10.367565058461201,0,0,8,14,2,11.20793118668749,5,7.9,-0.6,-1.96,Dropout
1,42,1,9419,0,40,136.4,1,36,36,119,3,120.7,0,0,0,1,0,0,38,0,8,6,6,5,1.0446019854335797,0,0,5,7,0,16.9969654322288,0,8.2,-0.1,0.5,Dropout
1,19,1,9419,1,38,126.8,1,39,1,2,10,133.0,1,0,1,1,0,0,18,0,0,5,22,6,8.959441739675887,0,0,8,9,3,0.0,0,9.9,-0.8,-3.63,Graduate
1,18,2,9262,1,1,158.1,1,36,36,0,9,100.5,1,0,0,1,0,0,18,0,7,6,6,9,14.167607897859893,0,0,6,7,6,9.418238744739156,0,12.6,0.6,-1.49,Graduate
1,1,1,8427,1,1,124.9,1,36,39,8,7,139.6,0,0,0,1,0,0,17,0,0,5,5,0,11.404024894094231,0,0,1,0,3,10.077938118822427,0,10.9,1.5,0.15,Dropout
2,40,1,7627,0,1,128.1,1,37,35,11,11,101.1,0,0,0,1,1,0,24,0,0,0,11,0,0.0,0,0,5,4,6,0.0,0,8.0,1.5,-1.68,Dropout
1,42,1,8989,1,1,133.4,1,37,19,158,3,118.1,0,0,0,1,0,0,18,0,0,5,6,5,10.338940884358848,0,0,8,4,4,13.278654779454804,0,10.1,-0.3,0.06,Enrolled
1,17,1,33,0,2,126.6,1,6,39,3,118,118.3,0,0,0,1,0,0,19,0,0,6,9,0,9.207946959607249,0,0,6,8,0,8.283144224159031,0,12.7,3.7,0.86,Enrolled
1,1,3,8970,1,1,130.9,1,1,37,194,9,127.9,1,0,0,1,0,0,18,0,0,7,8,6,13.482625987260581,0,0,5,12,6,11.546509563037755,0,14.2,0.3,0.69,Graduate
1,2,4,9552,1,1,118.0,1,1,3,10,11,125.8,1,0,0,1,0,0,17,0,0,7,8,6,13.151440182136833,0,0,8,8,6,12.986787268913567,5,12.5,-0.0,0.74,Graduate
5,38,3,9206,1,1,126.7,1,1,39,8,13,149.0,1,1,0,1,0,0,19,0,0,7,7,4,8.82566370760695,0,0,8,10,6,13.380419545591558,0,12.8,3.5,-2.77,Enrolled
1,16,6,8872,1,1,132.0,1,37,35,9,11,132.4,1,0,0,1,0,1,18,0,0,6,8,6,16.56434017555739,0,0,8,5,6,11.161148257147985,0,11.1,0.7,-2.75,Graduate
1,41,1,9340,1,4,136.6,1,39,39,8,8,134.3,1,0,0,1,0,0,18,0,0,0,9,0,9.343029387059198,0,0,12,7,4,12.588241210232434,0,11.0,-0.4,0.23,Graduate
2,37,1,8859,1,9,138.0,1,19,30,5,8,107.1,0,0,0,0,1,0,23,0,0,5,4,0,14.076552632127989,0,0,5,0,0,13.023389185678733,0,8.0,2.9,2.88,Dropout
1,41,1,9675,1,1,137.1,8,39,36,8,10,107.2,1,0,0,1,1,0,26,0,0,7,13,8,0.06650882014661616,0,0,14,10,5,12.603842021144173,1,7.9,3.0,-1.19,Enrolled
1,17,1,9691,1,5,108.0,1,19,1,6,11,133.3,0,0,0,1,0,0,18,0,0,7,7,5,10.254146041801883,0,0,7,8,4,0.7522173939543572,0,8.2,2.6,1.92,Enrolled
1,9,2,9255,0,1,158.1,1,19,39,4,7,117.2,1,0,0,1,0,0,18,0,0,6,11,7,13.871127574622953,0,0,6,9,5,9.401205676184277,0,16.2,1.5,1.61,Graduate
1,43,3,9405,1,1,168.9,1,1,37,6,5,116.8,0,0,0,1,0,0,19,0,9,8,7,2,14.171294181460482,0,0,8,7,6,14.399969447267633,4,8.2,0.9,2.1,Graduate
1,40,1,9129,1,1,135.6,1,37,36,10,9,98.2,0,0,0,0,0,0,22,0,0,5,5,13,13.087010748025433,0,0,8,4,4,0.0,0,10.9,2.7,-3.7,Enrolled
1,16,2,8996,1,1,112.0,1,1,1,11,8,100.7,1,0,0,1,0,1,19,0,0,7,10,6,11.249483285259368,0,0,6,8,7,12.60060512424917,0,12.7,3.7,-1.9,Enrolled
1,40,1,9034,1,1,123.4,1,38,17,11,184,159.0,0,0,0,1,0,0,19,0,0,5,5,5,11.307261735829538,2,8,15,6,0,13.551881813567709,0,11.2,1.5,0.36,Dropout
1,37,1,9191,1,1,115.1,1,37,38,7,7,133.9,0,0,0,1,1,0,17,0,0,5,9,5,0.0,0,0,23,0,5,0.9847182193368457,0,11.0,3.7,-3.72,Dropout
1,19,1,9617,1,1,135.4,16,1,39,9,9,125.6,0,0,0,1,0,0,18,0,13,7,21,3,12.456913819319253,0,0,6,8,2,0.12015834106479273,0,14.2,0.8,0.18,Dropout
1,19,1,8180,1,1,129.1,1,37,36,145,4,95.0,0,0,1,1,0,0,22,0,0,5,7,11,0.0,0,0,5,7,0,10.936705753264189,0,16.2,1.5,-1.59,Dropout
2,37,1,9722,0,1,124.7,1,37,20,6,8,129.8,0,0,0,0,1,0,19,0,0,6,7,7,10.22939057165199,1,1,5,9,0,16.041809225414436,0,16.0,-0.2,1.54,Dropout
2,39,1,9167,0,4,137.4,1,2,38,11,2,141.6,0,0,1,1,1,0,43,0,0,5,0,1,0.0,0,0,5,8,0,0.0,0,12.8,0.8,1.48,Dropout
1,1,1,9003,1,1,157.1,1,1,36,5,9,112.9,1,0,0,1,0,1,17,1,0,6,8,4,0.0369073115017036,0,0,8,8,4,14.129793177712838,2,7.8,-0.4,1.52,Enrolled
1,3,1,8918,1,1,128.6,1,1,36,2,12,116.7,1,0,0,1,0,0,17,0,0,8,8,5,9.747044522612267,0,0,6,13,9,12.094962923115261,0,7.7,0.8,1.64,Graduate
1,12,1,8969,1,1,137.1,1,39,38,9,7,103.6,1,0,0,1,0,0,17,0,0,7,9,5,11.841831891711987,0,0,8,7,6,13.637500317894817,2,7.7,0.6,1.98,Graduate
1,44,5,9384,1,42,132.3,1,36,36,8,8,148.2,1,0,0,1,1,0,25,0,0,6,13,3,0.0,0,0,7,12,5,0.0,6,12.6,3.0,0.99,Dropout
1,16,1,9267,1,1,128.3,1,36,38,7,9,147.3,0,0,1,1,0,0,24,0,0,6,6,5,0.0,0,0,15,0,6,0.0,0,7.6,1.4,0.86,Dropout
1,2,2,9140,1,1,120.9,1,1,1,11,3,102.6,1,0,0,1,0,0,22,0,0,7,7,6,14.052019210217853,0,0,0,7,6,12.25248117761175,0,13.8,-0.3,1.63,Graduate
1,17,1,8921,1,1,150.6,1,36,37,10,6,132.6,1,0,0,1,0,0,17,1,0,7,8,7,10.816510721822452,0,0,1,9,4,12.880020779154759,0,9.8,1.5,-3.26,Enrolled
1,17,1,9094,1,1,145.5,1,36,35,11,8,113.1,1,0,0,0,0,0,20,0,0,7,4,7,17.137056910234158,0,3,8,8,6,14.48033802352599,0,14.3,2.8,1.74,Graduate
1,55,3,9018,1,1,131.9,1,38,1,7,8,127.7,0,0,0,1,1,1,17,0,0,7,18,5,12.644820056563818,0,0,8,3,4,10.835766811907286,0,11.4,-0.3,-2.14,Dropout
6,2,1,8879,0,1,100.8,1,8,36,7,6,123.9,0,0,0,1,0,0,19,0,0,7,7,5,10.21312765226937,0,0,6,5,2,17.50086158351155,0,9.4,1.4,1.56,Graduate
1,19,1,9370,1,1,127.9,1,40,18,7,6,127.5,1,0,0,1,0,0,18,0,0,7,15,7,10.083563488441428,0,0,6,4,4,11.680069123263225,0,15.7,2.9,-3.43,Dropout
1,2,3,9883,0,1,154.6,1,39,5,6,5,110.8,1,0,1,1,1,0,17,0,0,7,7,0,13.996246205109282,0,14,15,8,0,9.895657026336803,0,11.2,-0.7,-3.12,Graduate
2,1,1,9697,1,1,129.3,1,2,36,2,84,143.5,0,0,0,1,0,0,20,1,0,14,0,4,15.143168467080383,0,6,8,5,0,9.16984638052141,0,9.7,2.7,-1.74,Enrolled
2,39,1,8904,1,37,130.5,1,1,37,8,2,117.6,0,0,1,1,1,0,25,0,0,6,14,7,11.770746613116913,0,0,5,6,4,11.959021828981093,0,7.6,2.7,-3.43,Dropout
2,41,1,9082,0,1,132.4,1,1,37,6,6,111.3,0,0,1,0,1,0,18,0,0,5,0,0,0.0,0,0,5,4,0,15.088411618060032,0,8.1,-0.6,0.06,Dropout
1,18,1,9091,1,18,129.2,1,35,39,86,7,135.1,0,0,1,0,1,0,28,0,0,5,6,0,0.0,0,0,5,0,0,13.217999821079502,0,16.2,1.5,0.17,Dropout
1,38,1,33,1,39,132.3,1,1,36,12,0,120.8,0,0,0,0,0,0,22,0,4,6,7,1,12.421674672800044,0,0,5,6,0,16.309646408786733,0,16.2,2.8,1.89,Dropout
1,17,4,9003,0,39,133.8,1,18,18,3,10,118.3,0,0,0,1,0,0,17,0,0,7,6,7,10.331880558683347,4,0,12,7,5,12.95150087129473,0,12.8,-0.7,-2.68,Graduate
1,2,2,9336,1,1,118.2,1,4,26,10,10,122.9,1,0,0,1,0,0,18,0,0,2,7,7,11.486889034800237,0,0,8,9,3,14.208792862631402,0,10.8,1.5,-1.61,Graduate
1,17,1,9349,1,2,137.3,1,1,38,10,5,108.0,0,0,0,1,0,0,17,0,0,7,7,5,10.358848234171784,0,0,6,10,7,11.618935423286413,0,11.3,3.5,2.13,Graduate
1,38,1,9149,0,37,136.3,1,35,18,8,9,111.1,0,0,0,0,1,0,25,0,0,5,0,14,11.800634714479132,0,0,5,0,5,10.434208802623713,0,7.6,2.5,-4.06,Dropout
1,44,1,9685,1,1,126.4,1,38,19,7,6,117.5,0,0,0,1,0,0,54,0,0,6,5,7,10.699108833379576,1,0,5,0,0,15.144114853229505,0,10.8,3.6,1.03,Dropout
1,18,1,9619,0,1,135.8,1,38,31,10,10,124.1,1,0,0,1,0,1,18,0,0,12,20,6,14.524415859295285,0,0,6,9,3,13.356882669009245,0,11.0,0.9,1.83,Graduate
1,16,4,9219,1,1,140.5,1,3,39,3,10,114.2,0,0,0,1,0,1,17,0,0,6,0,7,11.569080487537347,0,0,8,4,4,16.666776586517734,0,12.6,-0.1,0.45,Graduate
1,16,4,7371,1,1,131.2,1,38,37,4,6,105.8,1,0,0,1,0,0,19,0,0,7,8,6,13.030432596686635,0,1,6,7,6,13.543563087490957,0,11.0,3.7,0.29,Graduate
1,19,1,8994,1,1,135.0,1,36,3,7,4,131.5,0,0,0,1,1,0,18,0,16,7,7,5,11.01245895696582,0,3,15,10,11,10.655838433899442,0,11.2,-0.8,-1.79,Dropout
6,3,1,9028,0,41,131.0,1,38,1,105,7,95.0,0,0,0,1,1,0,26,0,0,7,8,8,13.328669484370993,0,0,15,11,0,13.95086940907139,2,16.2,1.4,-4.06,Enrolled
1,18,1,9044,1,43,141.0,1,38,18,8,7,127.4,1,0,0,1,0,0,18,0,0,16,7,5,13.802074702384882,0,0,6,9,7,16.174962394610112,0,16.2,1.4,0.33,Graduate
1,3,2,9724,1,1,129.3,1,36,37,6,7,115.3,1,0,0,1,0,0,18,1,0,6,9,5,10.315861025379517,0,0,6,7,3,8.47623710186723,0,14.1,0.5,-3.57,Graduate
1,45,2,9442,1,6,128.9,1,35,38,7,8,105.6,0,0,0,1,0,0,30,0,0,17,6,8,13.939284618436396,0,0,5,8,0,10.889903710325548,5,10.9,3.0,-2.13,Dropout
1,2,6,9160,1,1,133.3,1,38,40,176,7,127.6,0,0,0,1,1,1,17,0,2,5,7,0,9.282322161273665,0,0,8,7,5,9.211220189456053,0,11.1,-0.1,-1.29,Enrolled
2,37,1,9001,0,7,139.6,1,36,38,11,10,119.4,0,0,1,0,1,0,39,0,0,7,9,4,8.489866870956623,0,0,13,6,0,0.0,0,7.6,3.6,-3.86,Dropout
1,41,1,9009,1,1,134.3,1,2,36,9,6,145.1,0,0,0,1,0,0,54,0,0,8,7,4,12.136256123512519,0,2,7,13,5,15.451163379715613,4,12.7,-0.6,0.18,Dropout
1,2,3,8940,1,1,140.2,1,38,36,10,6,125.9,1,0,0,1,0,0,19,0,9,7,8,7,10.820805760925602,0,2,6,5,4,11.128834842927821,0,16.2,2.8,0.36,Enrolled
1,19,1,9404,1,43,135.4,18,36,38,8,6,122.6,1,0,0,1,0,1,18,0,0,6,9,5,11.7858263253514,0,0,8,9,5,13.063730415906123,0,15.6,1.5,-2.85,Graduate
1,1,1,9030,1,1,132.7,1,37,2,8,7,128.5,1,0,0,1,0,0,44,0,0,8,7,7,12.744379370289264,0,0,6,3,5,12.080263397615775,0,13.8,3.7,-4.06,Enrolled
2,48,1,8827,1,2,132.8,1,3,38,11,1,130.7,1,0,1,0,0,0,19,0,13,6,11,5,0.0,0,7,6,7,6,15.175221283033675,0,7.7,-0.0,0.25,Dropout
1,41,1,694,1,1,118.2,1,38,38,10,9,144.6,0,0,0,0,1,0,51,0,0,5,10,3,0.423255407379212,1,0,5,6,0,12.411018199006062,0,16.0,1.5,-1.15,Dropout
1,19,1,7542,1,40,129.4,1,20,35,7,7,122.6,1,0,0,1,0,0,20,0,0,6,7,0,17.577916962509537,0,0,6,8,5,14.000281053767136,0,10.7,0.7,0.49,Enrolled
1,3,1,8847,1,1,173.8,1,1,1,11,5,119.2,1,0,0,1,0,0,17,0,0,6,9,7,11.616726437195013,0,0,6,8,6,16.61426907399856,0,15.3,0.8,1.72,Graduate
2,37,1,9141,1,10,117.3,1,37,39,8,9,176.7,0,0,0,1,0,0,17,0,0,7,1,3,10.40505960594164,0,0,6,6,7,12.358299646417803,0,16.2,3.0,0.32,Graduate
1,2,1,8849,1,1,116.2,1,3,37,10,10,111.6,1,0,1,1,0,1,18,0,0,7,7,4,9.691940067011338,0,0,8,8,6,11.157201147428516,0,12.9,0.5,-3.64,Enrolled
1,19,2,9376,1,1,129.7,39,19,38,10,8,101.6,0,0,0,1,0,1,19,0,0,7,8,7,10.481581707293959,0,0,6,9,11,12.645277785052796,0,8.2,0.9,1.81,Graduate
1,38,1,33,1,1,112.7,1,31,18,9,11,116.2,0,0,0,0,0,0,18,1,0,7,0,9,0.0,0,0,15,0,0,0.0,0,16.2,1.5,1.75,Dropout
1,1,2,9277,1,1,137.9,1,40,34,10,0,123.5,0,0,0,1,0,0,19,0,4,7,9,4,12.575828701782987,0,0,6,8,8,18.23762959151609,0,16.2,-0.6,1.71,Graduate
1,17,1,9152,1,1,174.7,1,35,36,8,5,118.6,0,0,1,0,0,0,30,0,0,13,7,7,12.52708997876111,0,0,1,6,3,0.0,0,13.0,-0.6,1.75,Enrolled
1,2,1,9047,1,40,161.5,1,38,36,79,4,103.2,0,0,0,1,0,1,19,0,0,7,5,4,13.516698797724713,3,0,8,8,6,12.463214214106,0,13.0,-0.4,1.75,Dropout
1,18,1,8905,1,43,172.2,1,1,35,2,7,121.8,0,0,0,1,1,0,31,0,0,5,7,5,0.544633356459392,0,0,5,0,0,15.94651945591265,0,11.5,1.5,-3.67,Dropout
1,19,1,8991,0,1,133.5,1,39,38,193,10,117.0,0,0,0,1,0,0,20,0,0,9,6,5,11.634973667545443,0,0,5,7,3,10.69463994845138,0,16.2,-0.8,-1.5,Enrolled
1,17,4,9552,1,1,129.0,1,18,37,10,3,123.8,1,0,0,1,0,1,18,0,0,8,7,23,13.420614346152114,0,0,7,6,6,12.02227662446136,0,12.9,2.7,-1.64,Graduate
1,17,2,9126,1,1,129.3,1,2,18,10,9,118.6,1,0,0,1,0,0,18,1,0,6,8,5,10.060858010934512,0,0,8,7,2,14.79891899864426,0,13.0,0.8,-1.51,Graduate
1,18,1,8840,1,1,138.8,1,1,1,9,0,132.0,0,0,1,1,0,0,21,0,0,8,7,5,14.063713336436887,0,3,8,14,4,14.313803847059667,0,7.6,1.5,0.63,Enrolled
2,42,1,8907,1,37,128.5,1,39,35,8,10,113.1,0,0,0,0,0,0,25,0,4,5,7,5,10.894014975446009,0,0,8,8,7,13.225925341943654,0,9.5,0.8,-3.47,Dropout
1,18,4,9129,1,41,121.4,1,19,36,0,7,124.4,0,0,0,1,0,0,32,0,0,5,7,6,10.355580805425912,1,0,8,7,8,13.090200449209041,1,12.9,0.8,-1.93,Dropout
1,2,3,9308,1,1,126.8,1,35,19,7,4,122.1,1,0,0,1,0,1,19,0,0,7,7,7,14.139250197977562,0,0,8,7,6,14.532060388188398,0,12.7,1.5,3.16,Graduate
1,18,1,9186,1,1,140.0,1,37,1,7,2,129.1,1,0,1,1,0,1,17,0,0,7,7,5,12.63451747912514,0,0,8,8,6,11.84844776636779,0,16.2,0.8,1.84,Graduate
2,18,1,9069,0,1,134.0,1,39,19,5,10,96.9,0,0,0,0,1,0,28,0,0,5,15,6,10.419199964568634,0,0,15,12,0,0.8534382551356166,0,16.2,2.8,-2.12,Enrolled
1,17,3,8864,1,1,135.9,1,19,36,8,10,123.3,1,0,0,1,0,0,17,0,0,7,13,16,10.249289789702527,0,1,8,9,7,15.454681395734383,0,12.9,0.2,3.51,Graduate
1,45,1,9007,1,1,131.3,1,17,1,0,5,109.5,1,0,0,1,0,0,26,0,0,7,10,7,12.700719374803535,0,0,17,0,7,10.423000937116832,0,8.0,3.7,0.25,Enrolled
1,19,2,9080,1,1,129.2,1,1,2,10,11,123.7,1,1,0,1,0,0,17,0,0,7,8,5,11.868162747900582,0,0,6,7,9,15.905208252987057,0,14.3,1.5,-2.67,Graduate
1,42,1,9123,1,1,136.6,1,4,39,8,8,130.3,1,0,0,1,0,1,18,0,0,6,9,5,13.243664400355176,0,0,8,10,8,17.344035474785052,0,12.4,0.7,1.62,Enrolled
1,19,1,9715,1,1,135.6,1,38,3,9,7,125.4,1,0,0,1,1,0,42,0,0,7,6,3,11.060780812989274,0,0,5,5,4,12.744097470954753,0,13.1,-0.2,-3.27,Graduate
1,19,3,9048,1,1,142.0,1,1,36,10,9,119.5,1,0,0,1,0,0,18,0,0,7,16,6,12.055733649277247,0,0,6,8,7,12.349845456551789,0,7.6,-0.5,2.19,Enrolled
1,17,3,8878,1,1,120.9,1,15,20,9,11,136.9,1,0,0,1,0,0,18,0,0,8,7,6,11.147730206505868,0,0,5,11,7,12.19964834262378,0,11.3,-0.0,0.31,Enrolled
2,45,1,9117,1,4,136.1,1,37,36,11,8,190.0,0,0,1,0,1,0,38,0,0,5,4,0,0.0,0,0,6,11,0,0.0,0,12.9,1.5,-4.06,Dropout
2,3,1,8824,1,38,117.3,10,20,1,10,11,131.1,0,0,1,1,1,0,22,0,0,5,10,1,12.206839038891461,0,0,0,10,0,10.642873103317879,0,16.2,2.8,-2.18,Dropout
1,48,1,9102,1,1,154.1,1,35,38,8,195,112.1,1,0,0,1,1,0,17,0,0,7,10,4,10.305570802585587,0,0,6,16,2,12.465111004948724,0,12.6,3.7,1.92,Graduate
1,18,2,9338,1,1,141.4,1,1,36,5,9,114.2,1,0,0,1,0,0,17,0,0,6,7,7,16.128187267514146,0,0,8,11,7,13.624546403519897,0,12.5,1.5,1.09,Graduate
1,47,1,9020,1,1,179.5,1,35,36,11,2,111.9,1,0,1,1,0,0,20,0,0,7,7,7,10.022852749131044,0,0,15,8,5,11.941535503538947,0,12.7,-0.5,-3.41,Dropout
2,44,1,9613,1,4,133.7,1,3,37,3,69,112.3,0,0,0,1,1,0,47,0,0,5,11,0,0.8832452594564312,0,1,5,0,0,0.9754360339878924,0,14.4,0.8,3.07,Dropout
2,42,1,8286,1,40,130.5,1,20,36,11,7,124.1,1,0,0,1,0,0,20,0,4,7,9,7,10.916981712941295,0,0,8,7,6,15.003227609383107,0,14.4,-0.8,1.69,Graduate
1,16,1,8924,0,1,121.6,1,37,1,5,6,125.9,0,0,0,1,0,0,17,0,0,6,9,5,10.2183675255952,2,0,13,6,6,11.449206846084442,0,12.2,-0.1,3.51,Enrolled
2,41,1,9282,1,42,137.7,1,36,39,10,5,140.6,0,0,0,0,1,0,24,0,0,5,0,0,0.0,0,0,5,4,0,0.5789877510274302,0,9.9,-0.5,-4.06,Dropout
1,12,1,8976,1,2,142.0,1,36,38,2,3,95.0,0,0,0,1,0,0,26,0,0,7,7,2,0.8527410456198586,0,0,6,7,6,10.382381100633786,2,12.8,3.6,0.24,Enrolled
1,1,4,7863,0,1,131.3,1,38,20,8,137,106.6,1,0,0,1,0,0,19,0,0,8,8,4,10.407868899869877,0,4,6,9,6,11.39305603377363,0,15.4,0.7,1.45,Graduate
1,2,2,9448,1,1,129.5,1,3,35,112,7,121.5,0,0,0,1,0,0,25,0,6,5,8,7,16.733872941185428,0,0,7,8,6,12.405066014888678,8,12.7,1.5,-1.09,Graduate
1,39,1,9173,0,39,132.0,1,39,19,10,8,164.1,0,0,0,0,1,0,22,0,0,5,0,5,0.0,0,0,5,0,12,0.0,1,9.3,1.6,-2.03,Dropout
1,18,1,9334,0,1,124.2,1,38,39,10,10,122.6,0,0,0,0,0,0,33,0,0,8,5,4,9.963915890701113,0,0,14,6,0,13.121158496885755,0,15.8,1.4,1.73,Dropout
1,16,1,9989,1,6,137.8,1,35,37,0,10,144.5,1,0,0,0,1,0,22,0,0,5,0,2,11.958250220536362,0,0,6,9,0,13.30247401987534,0,7.8,0.7,-2.99,Dropout
1,46,1,8857,1,1,134.7,1,1,36,8,11,132.7,0,0,0,1,1,0,18,0,0,11,9,7,0.0,0,0,16,17,4,10.681057853166301,0,12.5,1.5,0.92,Dropout
4,41,1,9130,0,42,118.5,1,38,36,11,71,132.4,0,0,1,0,1,0,22,0,0,5,5,0,0.0,0,0,5,0,0,0.9872550729719525,0,16.2,0.9,0.07,Dropout
1,40,1,9574,1,35,122.3,1,37,38,5,10,139.1,0,0,1,1,1,0,25,0,0,5,4,0,9.578818643127786,0,0,8,0,0,10.895179445155248,1,8.1,1.3,-2.92,Enrolled
1,5,1,9121,1,1,127.9,1,18,38,9,13,157.7,0,0,1,0,0,0,27,0,0,5,14,0,9.5181876810393,0,0,15,10,0,10.240755251044602,0,7.6,3.7,-1.24,Dropout
4,3,3,9044,1,1,110.6,1,1,38,9,5,104.1,1,0,1,1,0,0,17,0,0,23,7,6,13.841308038584723,0,0,7,7,0,9.992230843713651,0,16.0,3.0,0.36,Graduate
2,45,1,9081,1,41,134.0,1,36,37,10,6,119.2,0,1,1,1,1,0,18,0,8,5,5,5,0.0,0,0,5,0,2,0.0,1,7.9,-0.6,-4.06,Dropout
1,45,6,33,1,1,127.7,1,20,1,6,4,117.0,0,1,0,0,1,0,19,0,0,13,6,7,10.887305007984128,0,0,6,8,0,16.20030961698779,0,7.9,3.7,0.57,Graduate
1,18,1,33,1,43,122.3,1,35,36,4,0,121.6,0,0,0,0,1,0,37,0,0,0,15,5,14.716880874764005,0,0,9,5,0,14.174510760566182,0,9.4,3.7,-1.72,Dropout
2,18,4,8975,1,1,117.3,1,1,19,9,9,139.3,1,0,0,1,0,0,17,0,0,8,5,6,15.371655233075767,0,0,6,4,6,12.534467829711994,0,7.7,1.5,-2.06,Graduate
1,41,1,8918,0,5,118.0,1,18,11,8,7,115.2,1,0,0,1,1,0,19,0,0,9,6,6,0.0,0,0,2,12,0,10.847437307518083,0,13.9,1.5,0.11,Dropout
2,19,5,9166,1,1,157.0,1,4,28,5,11,128.6,0,0,0,1,0,0,18,0,0,7,6,9,13.576594488548684,3,0,8,7,6,12.394827418271399,5,7.8,3.0,0.39,Enrolled
1,40,1,9666,1,1,101.3,1,1,37,5,9,100.3,0,0,0,1,0,0,19,0,1,7,7,6,15.172291683138955,0,0,6,8,6,11.316817287557233,0,12.3,0.5,0.02,Graduate
1,39,2,9063,1,2,134.3,1,18,18,11,0,116.6,0,0,0,1,0,0,18,0,0,7,8,5,16.662987796170498,0,2,21,7,5,15.974963056295525,0,11.0,1.6,-2.22,Graduate
1,39,1,9221,0,2,133.4,1,36,37,7,2,109.5,0,0,0,1,1,0,37,0,0,5,11,0,0.0,0,0,8,9,0,0.0,0,7.7,0.6,0.9,Dropout
1,12,2,9089,1,1,115.5,1,20,38,4,8,106.6,1,0,0,1,0,0,18,0,0,5,8,7,12.302671665701546,0,0,8,6,6,13.586138651992057,0,11.0,1.5,-1.44,Graduate
1,19,5,33,1,42,133.1,1,38,1,6,7,124.2,1,0,0,1,1,0,44,0,0,5,7,2,10.132763657061478,0,0,6,7,7,12.869374736617244,0,11.1,3.0,-1.88,Graduate
1,1,6,9161,1,1,136.3,1,37,38,0,10,104.2,1,0,1,1,0,1,17,0,0,7,6,0,0.1537390462451666,0,0,5,6,6,11.741908866012517,0,8.1,0.2,0.31,Enrolled
1,16,1,9174,1,6,96.9,1,1,38,11,8,106.4,0,0,1,1,0,0,21,0,0,7,0,3,0.0,0,0,7,8,3,11.884538011831859,0,15.8,3.7,-3.99,Enrolled
2,40,1,9315,0,1,133.2,1,35,3,81,9,115.2,0,0,0,0,1,0,25,0,0,5,0,0,0.0,1,0,1,4,0,0.0,0,11.0,-0.5,0.29,Dropout
1,44,1,8971,1,1,166.4,1,26,37,9,7,129.4,0,0,0,1,0,0,17,0,0,6,6,5,15.757893300228348,0,0,6,7,6,13.359820387653603,0,12.9,1.4,0.57,Dropout
1,16,1,9589,1,1,136.3,1,39,33,5,6,117.2,0,0,1,1,0,1,32,0,0,6,1,7,8.816621623611674,0,0,2,6,1,16.14367945204344,0,9.6,-0.7,-1.65,Dropout
2,1,5,8990,1,1,136.9,1,3,37,6,11,102.9,1,0,0,1,0,0,17,0,0,7,12,7,13.573163232232389,0,0,13,8,6,13.17857663914341,0,8.2,0.6,0.14,Graduate
2,2,1,9017,1,17,134.9,1,36,36,9,8,95.8,1,0,0,0,0,0,17,0,0,13,5,1,11.287618566290119,0,0,0,5,3,12.290404477424504,0,15.8,2.8,3.51,Enrolled
1,1,1,9132,1,43,130.3,1,35,36,2,10,115.9,1,0,0,1,0,0,23,0,0,7,5,3,10.895856843382694,0,0,8,8,4,15.0179978005982,1,7.7,3.7,1.86,Dropout
2,18,1,8017,1,37,129.4,1,35,36,8,10,97.5,0,0,1,0,1,0,28,0,0,5,5,6,0.0,0,0,1,8,0,0.0,1,8.1,1.5,0.02,Dropout
1,47,1,9221,1,1,122.9,1,1,38,10,11,106.4,0,0,0,1,0,1,18,0,0,6,6,0,13.238134498973833,0,0,8,10,6,11.890316022375352,0,12.7,0.7,1.96,Dropout
1,17,1,9738,1,1,144.5,1,38,36,1,8,130.1,1,0,0,1,0,0,17,0,14,5,7,1,13.95982209060995,0,0,7,8,6,15.479834151881072,0,11.5,0.7,0.89,Graduate
1,18,2,9059,1,1,113.1,1,1,37,11,6,128.9,1,0,0,1,0,0,17,0,0,7,8,6,17.406531358009165,0,0,6,8,6,16.530647176803036,0,11.2,0.7,1.48,Graduate
1,2,2,9188,1,1,125.7,1,5,2,7,2,130.9,1,0,0,1,0,1,18,0,0,6,7,7,11.555511059700697,0,0,8,8,6,13.4579792197648,0,12.8,0.7,0.84,Dropout
2,2,1,8990,1,5,125.4,1,1,1,6,4,132.4,1,0,0,1,0,1,18,0,0,6,15,5,10.725478504741552,0,0,8,7,6,9.908509884814888,0,16.2,-0.6,1.9,Graduate
4,18,1,9199,0,1,118.9,1,37,38,3,10,116.8,0,0,1,0,1,0,52,0,0,5,0,0,10.219976612921007,2,0,5,4,0,0.013052517691112894,0,12.8,3.7,0.41,Dropout
1,2,3,8852,1,2,130.5,1,1,1,7,6,111.3,1,0,0,1,0,1,18,0,0,7,8,8,16.364915354801294,0,0,8,7,6,14.914647121021462,0,12.4,0.7,2.07,Graduate
1,40,1,33,1,1,129.6,1,4,37,4,3,134.9,0,0,0,1,0,0,53,0,0,6,19,3,12.682452217959895,0,0,13,7,6,13.903376068342594,4,12.8,0.4,1.65,Enrolled
4,19,2,9006,1,2,134.8,1,38,36,10,3,95.0,0,0,0,1,0,0,21,0,0,5,8,5,12.232441533052867,0,0,8,10,0,11.191401385592433,0,12.6,3.6,1.94,Graduate
1,16,1,9098,1,43,132.8,1,18,40,1,6,116.9,1,0,0,1,0,0,17,0,0,13,5,7,12.898616118256665,0,0,6,5,7,12.337188809545324,0,14.3,-0.5,-1.06,Graduate
2,36,2,9305,1,1,135.3,1,36,36,8,11,99.8,0,0,0,1,0,0,33,0,0,5,8,7,9.92361568471743,0,0,0,9,6,13.56625404372264,0,12.6,1.5,2.17,Graduate
1,1,1,8810,1,1,132.5,1,4,1,7,10,113.1,1,0,0,1,0,0,18,0,0,6,6,7,14.230649478141666,0,0,6,9,8,12.939691608560564,0,12.6,1.5,-2.15,Dropout
1,5,1,9626,0,1,138.8,1,11,2,9,11,150.5,1,0,0,1,0,0,19,0,0,5,5,4,0.0,0,0,7,7,0,12.196838766934134,0,15.7,1.6,-1.86,Dropout
1,1,1,9215,1,1,119.5,1,18,20,10,10,139.6,1,0,0,1,0,0,17,0,0,6,7,5,11.678431369569365,0,0,8,7,8,17.32552661965457,0,13.0,0.8,1.82,Graduate
1,19,2,8924,1,1,135.3,1,1,36,9,9,122.3,1,0,0,1,0,1,20,0,0,6,8,6,13.42232838343067,0,0,6,10,6,12.625288734384892,0,13.6,0.6,1.98,Graduate
4,49,9,8968,1,1,175.5,1,38,37,8,5,133.7,1,0,0,1,0,0,19,0,4,7,6,15,12.8836264109662,0,0,8,7,7,15.658464956844153,0,16.2,0.5,-0.69,Enrolled
2,41,1,33,0,1,131.7,1,40,5,9,9,113.8,0,0,0,0,1,0,20,0,0,5,0,0,10.402185396644782,0,0,5,0,0,0.4613995862125158,1,10.1,2.9,0.05,Dropout
1,41,1,9281,0,1,169.3,1,38,39,6,0,168.6,0,0,0,1,0,0,33,0,3,7,2,6,0.0,0,0,6,9,4,0.2109348408825402,0,8.1,3.7,-4.06,Dropout
1,17,2,8921,1,1,128.6,1,1,36,10,6,134.2,1,0,0,1,0,0,17,0,0,6,16,5,0.0,0,0,6,7,6,11.734193486062638,0,11.1,-0.8,-2.93,Graduate
1,17,3,9340,1,1,139.6,1,3,1,10,1,120.6,1,0,0,1,0,1,22,0,0,7,8,7,14.623838367867611,0,1,8,8,6,10.247366112049772,0,13.0,1.5,-4.06,Graduate
1,17,2,9577,1,43,132.1,1,2,37,4,11,136.8,1,0,0,1,0,0,18,0,7,7,8,13,15.445798858321375,0,0,8,8,5,12.429816300015775,0,16.2,0.5,-1.78,Dropout
1,18,1,9601,0,2,128.8,1,36,37,0,195,124.0,1,0,0,1,0,0,18,0,0,6,7,7,13.084376239429597,0,0,14,7,6,11.563584210155,0,15.0,0.6,0.86,Graduate
1,16,4,9061,0,1,142.2,1,37,38,3,195,144.7,0,0,0,1,0,0,17,0,0,5,8,3,9.79613267178618,0,0,14,6,1,13.457191286722171,0,7.9,-0.2,0.16,Graduate
1,17,1,8981,1,4,130.1,1,2,37,1,195,111.3,1,0,0,1,0,0,19,0,4,7,8,7,11.79937122665259,0,0,5,7,6,11.748757497459215,0,12.9,3.7,0.23,Dropout
1,1,1,8902,1,1,156.7,1,37,36,8,9,103.8,0,0,0,0,0,0,25,1,0,5,7,9,12.021374834403408,0,0,6,7,7,15.273801362167411,6,9.4,1.4,3.48,Graduate
1,54,3,8982,1,1,132.4,1,19,36,12,9,140.5,1,0,0,1,0,0,17,0,0,7,8,5,9.464481767365656,0,0,8,6,5,12.39246828561911,0,11.3,1.4,2.1,Enrolled
1,2,2,9677,1,1,123.6,1,39,38,9,165,117.7,1,1,0,1,0,0,17,0,0,6,6,2,10.905295952060046,0,0,8,8,2,12.77725408677748,5,7.9,2.8,3.51,Graduate
1,18,1,9580,1,1,121.9,1,2,39,5,4,113.6,1,0,0,1,0,0,18,0,0,5,7,6,15.759602390069686,0,0,21,7,1,15.048570613167723,0,12.8,0.6,0.49,Graduate
1,18,2,8930,1,1,128.1,1,35,1,10,7,130.7,1,0,0,1,0,0,17,0,0,7,7,7,16.94149367103589,0,0,8,8,6,10.663552149105229,0,12.6,1.4,1.82,Graduate
2,41,1,9212,1,1,131.3,1,2,39,9,11,126.8,0,0,0,1,0,0,23,0,0,8,7,5,12.040425437095722,0,0,8,8,6,12.469883418483072,0,16.2,0.5,3.47,Enrolled
1,1,3,9755,1,1,141.5,1,37,37,7,9,129.7,1,0,0,1,0,0,19,0,0,7,8,5,13.010198698242085,0,0,5,9,3,9.373013288782596,0,13.5,1.3,1.11,Graduate
1,15,2,9667,1,1,119.9,1,19,31,11,5,115.6,1,0,0,1,0,0,19,0,0,7,11,6,16.172481194255305,0,0,8,5,8,12.429662441471839,0,12.8,0.3,2.92,Graduate
1,18,3,33,1,1,134.6,1,3,36,194,10,106.4,1,0,0,1,0,0,18,0,6,7,12,7,13.172185556438349,0,0,6,7,4,12.549580132506378,0,10.8,2.9,1.92,Graduate
1,41,4,9215,1,1,129.9,1,1,38,6,10,127.5,1,0,0,1,0,1,17,0,0,6,25,7,14.307915581833997,0,0,6,8,7,15.789169737926972,0,8.9,3.7,1.57,Graduate
1,18,1,8864,1,1,131.5,1,35,36,9,6,118.4,1,0,0,1,1,0,19,0,0,6,1,5,14.59503905911771,0,1,13,7,9,12.238772927021847,0,13.7,1.6,-1.67,Enrolled
1,1,1,9795,1,1,131.1,1,38,40,111,10,137.3,0,0,0,1,0,0,19,0,0,5,7,7,10.481546594784852,0,0,6,6,6,16.797059183714808,0,16.2,2.5,-3.2,Enrolled
1,18,1,9432,1,16,128.3,1,37,37,6,6,132.1,0,0,0,1,0,0,17,0,0,7,8,5,12.518431378447229,0,0,6,8,7,10.295987699345348,0,16.1,3.7,0.46,Dropout
1,1,1,9126,1,1,154.7,1,36,18,7,5,104.9,1,0,0,1,0,0,17,0,0,6,9,7,13.619642380773886,0,0,8,14,5,14.560705395883376,0,12.4,1.4,0.87,Dropout
1,18,2,8904,1,1,124.0,1,2,38,8,12,113.8,1,0,0,1,0,0,17,0,0,8,10,6,10.982173359156075,0,0,6,7,6,12.390860629652197,2,14.0,0.9,0.39,Graduate
1,37,1,9338,1,1,133.0,1,19,32,10,7,150.9,0,0,1,0,0,0,31,0,0,5,9,1,0.0,2,0,16,7,0,0.07503205389926611,0,7.6,3.0,-4.06,Enrolled
1,18,1,9661,1,43,129.0,1,38,37,9,7,107.9,0,0,0,0,1,0,20,0,0,5,6,0,0.0,0,0,5,6,0,0.06029741458148781,0,16.2,2.9,0.39,Dropout
2,18,1,8958,1,1,136.3,1,36,1,0,11,110.0,1,0,0,1,0,0,17,0,0,14,9,7,16.459909666806837,0,0,15,7,6,10.6891890111777,0,11.2,1.5,2.02,Graduate
1,15,1,9162,1,1,124.3,1,35,38,0,12,135.8,1,0,0,1,0,0,19,0,0,6,7,6,9.085727922038075,0,0,5,10,9,12.309250211609477,0,14.2,-0.8,3.51,Graduate
1,1,5,9238,1,1,132.9,1,2,36,5,6,132.0,0,0,0,1,0,0,18,0,0,7,6,6,13.47851639511926,0,0,6,0,6,12.515479843421824,0,13.7,0.6,-1.39,Graduate
1,18,1,9117,1,1,139.6,1,17,18,11,7,112.3,1,0,0,1,0,0,20,0,0,7,7,6,12.45944067244599,0,6,8,7,6,12.15016191801781,0,15.2,1.5,0.46,Graduate
2,38,1,9100,1,1,130.1,1,38,38,3,10,150.1,0,0,0,0,1,0,17,0,0,5,0,3,0.0,0,0,12,8,0,0.6995158128187248,0,10.8,3.7,-3.24,Dropout
1,16,2,8986,1,1,117.8,1,36,1,3,8,134.1,0,0,0,1,0,0,18,0,0,6,23,5,15.96293561470317,0,1,6,7,6,15.023704147789122,0,12.7,3.0,0.43,Graduate
5,17,1,9011,0,1,131.4,1,20,3,9,11,119.8,0,0,1,1,0,0,29,0,0,7,13,11,9.509640043012208,0,1,5,0,0,0.0,0,12.4,-0.4,3.51,Dropout
1,18,1,9117,1,1,131.6,1,5,1,8,6,96.7,0,0,0,1,1,0,19,0,0,6,8,7,10.267886805785249,0,0,6,6,6,17.24398324626873,0,11.3,1.5,1.59,Enrolled
4,41,1,7746,1,38,126.5,1,37,1,9,6,151.2,0,0,0,1,0,0,33,0,0,5,7,9,11.8215046989657,0,0,6,4,6,11.731658805207232,0,16.2,-0.5,-4.06,Graduate
1,45,1,9114,1,1,165.4,1,37,38,11,10,111.9,1,0,0,1,0,0,18,0,0,6,11,3,11.081299651921178,0,0,0,8,5,13.857637221919116,0,12.1,-0.5,-4.06,Enrolled
1,18,1,9362,0,4,136.2,1,4,38,2,7,114.4,1,0,0,1,0,0,29,0,0,7,8,4,9.816061368245158,0,0,8,7,0,14.528674094217768,0,16.2,3.7,-4.06,Enrolled
2,42,5,8922,1,1,135.8,7,38,38,12,9,141.8,0,0,0,1,1,0,44,0,0,6,7,0,0.0,0,0,15,7,0,12.553123659724607,0,9.5,-0.1,-1.21,Dropout
4,19,3,9923,1,39,129.9,1,35,37,10,117,137.4,0,0,0,1,0,0,18,0,0,7,7,5,10.981623771356821,0,0,1,5,2,9.087359498071892,0,10.8,2.6,-1.82,Dropout
2,38,1,9026,1,1,124.8,1,28,38,8,11,110.0,0,0,1,1,1,0,18,0,2,6,13,5,13.084452110892078,0,0,6,7,0,14.145802894522168,0,11.2,0.7,-4.06,Dropout
1,18,1,9291,1,1,132.1,1,36,35,3,8,130.7,1,0,0,1,0,0,17,0,0,5,7,7,13.061782886784615,0,0,6,8,7,0.0,0,7.7,2.9,-1.1,Dropout
4,48,1,7600,1,18,137.9,1,1,36,12,0,121.1,1,0,0,1,0,0,21,0,0,5,14,3,15.777251137733668,0,0,6,8,0,15.760575566192845,0,11.2,-0.1,3.4,Graduate
2,43,1,9991,1,1,132.1,1,20,37,8,7,107.8,1,0,0,1,0,0,19,0,0,6,12,4,14.37033069058019,0,0,8,9,5,13.527999745970106,0,12.7,1.4,0.33,Graduate
2,39,5,33,1,1,124.7,1,36,36,8,6,108.2,0,0,0,0,1,0,29,0,0,5,0,3,0.0,0,0,5,0,0,0.0,0,16.2,2.7,0.38,Dropout
4,42,1,9820,0,1,120.6,1,39,38,10,10,128.3,0,1,0,1,0,0,41,0,0,7,6,3,0.0,0,0,5,4,0,0.0,0,7.6,2.7,3.13,Dropout
1,15,1,9272,1,1,136.5,1,37,19,9,10,129.0,1,0,0,1,0,0,18,0,0,6,8,7,11.696307009321254,0,0,7,7,1,12.570728523578719,0,12.5,0.6,-4.0,Graduate
2,40,1,8977,1,2,133.7,1,39,2,5,8,121.6,0,0,1,0,1,0,24,0,0,5,5,0,0.0,0,0,0,8,0,0.19804285392999893,0,8.0,-0.5,1.74,Dropout
1,18,6,9008,1,1,122.2,1,39,1,8,1,109.0,1,0,0,1,0,1,17,1,0,6,10,6,10.384592792491185,0,0,23,10,8,13.948919160468385,0,13.0,0.6,1.88,Graduate
1,3,1,9271,1,2,134.9,1,3,36,5,9,122.5,1,0,0,1,0,0,19,0,0,7,7,6,12.601693678653138,0,0,8,7,6,14.143003286336695,0,12.8,0.2,-2.78,Graduate
1,2,6,9586,1,1,131.1,1,39,19,6,3,109.6,1,0,0,1,0,0,21,0,0,7,8,0,10.229290537840967,0,0,5,6,7,13.982409398035385,0,8.3,3.7,0.17,Dropout
2,16,1,9112,1,7,141.0,1,35,4,2,3,132.4,0,1,0,1,0,0,17,0,0,5,4,0,0.0,1,0,5,10,0,0.0,0,7.9,-0.8,0.82,Dropout
1,1,2,9734,1,43,137.2,1,1,39,6,0,152.3,0,0,1,1,0,0,33,0,0,0,20,0,13.24407828394883,0,0,5,8,2,0.37081331956044017,5,8.2,1.3,1.56,Graduate
1,2,1,7688,1,1,130.6,1,39,37,9,7,115.1,1,0,0,1,0,0,18,0,0,18,8,2,11.759973277207298,0,1,8,6,6,11.337200260156989,1,15.6,3.0,0.35,Graduate
1,1,2,9693,1,1,138.1,1,1,18,10,11,127.9,1,0,0,1,0,1,18,0,0,6,7,6,17.448177693888088,0,0,8,11,4,14.87214643857285,0,12.9,0.6,0.11,Graduate
1,42,1,9373,1,1,137.6,1,36,36,9,4,105.6,0,0,1,1,0,0,19,0,0,5,6,7,0.0,0,0,8,0,0,12.809988767134683,0,9.4,3.7,3.51,Enrolled
1,17,3,9214,1,1,134.3,1,4,38,7,9,117.7,1,0,0,1,0,1,20,0,0,5,8,7,10.399160992219198,0,0,8,1,0,13.424529654510287,0,12.9,1.5,-1.04,Graduate
1,1,2,8964,1,1,143.0,1,37,38,10,0,117.1,1,0,0,1,0,0,18,0,10,5,5,5,10.894315005372063,0,0,5,9,6,13.894499046056914,0,14.4,1.4,2.28,Graduate
2,40,1,8978,1,43,110.0,1,39,37,194,8,102.6,0,0,0,1,0,0,19,0,0,5,11,4,0.0,0,0,5,7,3,11.676327549536818,0,7.6,1.5,-3.47,Enrolled
1,18,2,9250,1,1,138.2,1,5,37,10,5,140.4,1,0,0,1,0,1,20,0,0,6,7,7,15.222499380231868,0,0,8,7,5,13.844652548009725,0,8.0,-0.6,-3.24,Graduate
2,39,1,8970,1,1,131.5,1,1,36,105,11,125.8,0,0,0,1,1,0,18,0,0,5,0,0,0.02996933561541772,0,0,5,8,0,10.661628676525837,0,14.9,1.5,1.99,Dropout
2,39,1,9375,1,1,136.5,1,36,39,11,188,113.9,0,0,1,1,1,0,18,0,0,5,5,4,0.0,0,0,5,0,0,12.129112657633497,0,7.6,2.6,-2.09,Dropout
1,18,1,9534,1,1,112.2,1,37,39,12,6,159.5,0,0,0,0,1,0,38,0,5,5,5,0,9.658311513705344,0,7,8,17,0,10.625057415597018,0,16.2,1.6,0.07,Dropout
1,17,1,33,1,1,130.9,1,38,1,3,9,130.0,0,0,1,0,0,0,25,0,0,0,5,0,10.008143753062521,0,0,6,5,0,10.141264995293383,4,13.0,1.5,0.26,Dropout
1,1,1,8888,1,1,139.3,1,38,37,7,11,152.0,0,0,0,0,0,0,21,0,1,6,0,6,0.0,0,0,6,4,0,11.194282019637837,0,7.8,2.6,-3.59,Enrolled
1,39,1,9354,1,1,151.6,1,1,38,6,11,101.3,0,0,0,1,0,0,29,1,0,6,7,4,13.815235709582037,0,0,16,0,0,13.31952871517841,0,16.2,1.4,2.03,Enrolled
1,18,4,9325,1,1,145.7,1,1,38,1,9,101.4,1,0,0,1,0,0,17,0,0,8,8,5,14.973309590137138,0,0,8,7,7,15.567094211778661,0,10.9,0.5,1.88,Graduate
1,38,2,9360,0,1,134.5,1,35,2,8,9,125.4,0,0,1,0,0,0,20,0,0,5,4,2,8.768096299526936,0,0,7,7,9,9.368117631083553,0,7.8,2.8,2.09,Dropout
4,39,1,9397,1,1,135.2,1,37,38,10,6,139.3,1,0,1,1,0,0,18,0,0,7,15,5,11.978726104076825,0,2,7,10,0,11.939889612242695,0,14.0,3.7,-3.04,Enrolled
2,41,1,9323,0,39,138.2,1,37,4,8,8,96.5,0,0,0,1,1,0,19,0,0,6,0,0,13.737986885651134,0,0,1,13,0,0.5054963437253545,0,16.2,-0.6,0.45,Dropout
1,17,1,9805,1,1,143.1,1,39,1,11,6,137.7,0,0,0,0,0,1,52,0,0,6,5,6,9.810655744887539,0,14,5,8,4,16.547702836640944,0,10.1,0.7,-0.82,Dropout
1,39,2,9216,1,1,116.2,1,36,30,10,5,127.2,1,0,0,1,1,0,35,0,0,6,6,3,0.0,0,0,5,7,0,13.004433119768443,0,11.1,3.7,0.84,Dropout
1,41,2,9991,1,1,137.4,1,38,35,12,0,113.4,0,0,0,1,1,0,32,0,0,5,0,14,16.335612517536727,5,0,6,4,0,14.344998440051915,0,8.2,1.5,1.5,Dropout
1,41,1,9272,1,43,128.0,1,36,37,9,11,129.1,0,0,0,0,1,0,17,0,0,5,0,2,0.0,0,0,5,0,0,0.0,0,12.6,1.5,2.18,Dropout
1,17,1,9664,1,1,137.9,1,36,39,2,7,121.0,0,0,0,1,0,0,17,0,0,6,7,4,14.604490159956448,5,0,6,7,4,11.139209028020536,0,11.1,2.8,0.61,Graduate
4,17,1,9417,1,1,180.9,1,2,1,6,8,133.5,1,0,0,1,0,0,19,0,0,6,7,10,10.729809406253356,0,0,17,7,2,12.965209992612676,1,7.7,0.6,2.72,Graduate
1,40,1,33,1,40,116.0,1,39,37,12,9,161.9,0,0,1,0,0,0,17,0,0,7,13,3,0.0,0,0,10,0,5,0.0,0,7.6,-0.8,-0.78,Dropout
1,19,1,1413,1,1,124.9,1,36,38,0,8,128.3,1,0,0,0,0,0,17,0,0,7,6,0,0.0,0,0,7,7,0,11.786362529619119,0,16.2,0.8,-1.28,Dropout
2,12,5,9046,1,1,128.9,1,39,39,7,0,168.4,1,0,0,1,0,0,41,0,0,7,5,5,0.0,0,0,6,12,6,14.439555352598422,6,16.1,1.4,0.57,Dropout
1,2,4,9412,1,1,133.6,1,5,36,11,5,121.7,0,0,0,1,0,1,19,0,0,7,10,7,11.881683136699362,0,0,8,8,6,13.100201502196835,4,12.5,3.1,2.17,Graduate
1,40,1,9006,1,1,142.9,1,35,37,5,11,107.3,0,0,1,0,1,0,18,0,10,5,9,0,10.849156736989055,0,0,5,0,0,13.975551111167999,0,8.6,1.5,0.04,Dropout
2,18,1,9032,1,18,137.1,1,18,36,9,8,130.9,0,0,0,1,0,1,17,0,0,7,7,6,10.065260729951774,0,0,8,7,6,13.344972065420691,0,11.5,0.9,1.69,Enrolled
1,1,2,8774,1,1,139.0,1,40,19,12,3,123.6,1,0,1,1,0,0,18,0,0,8,7,5,10.155687112577823,0,0,17,8,8,13.914412589702712,0,11.1,1.4,1.49,Graduate
4,1,1,9692,0,1,135.1,1,36,38,6,8,133.5,0,0,0,0,0,0,25,0,0,5,6,5,12.00279303757175,0,0,6,6,0,0.0,1,10.1,-0.8,1.64,Dropout
1,20,1,8965,1,2,132.9,5,1,36,8,11,166.7,0,1,0,1,0,0,25,0,0,5,7,4,10.54203810796265,0,0,8,10,8,15.705632871581663,1,8.3,-0.5,-3.83,Graduate
1,8,1,8894,1,1,122.1,1,3,18,12,9,102.5,1,0,0,1,1,0,18,0,0,5,5,3,11.187916152746471,0,0,6,5,5,14.373000150194406,0,7.8,3.7,-1.9,Dropout
4,19,3,9991,1,1,142.9,5,1,37,7,10,132.8,0,0,0,1,1,0,20,0,0,6,5,4,12.589836641333223,0,0,5,8,12,14.376419679738794,0,14.0,1.5,0.72,Graduate
1,2,3,9736,0,41,123.2,1,1,37,10,4,119.6,1,0,0,1,0,0,18,0,0,5,7,7,13.025969561431035,0,0,8,9,6,12.349672633066733,0,8.2,-0.8,1.68,Graduate
1,18,1,33,0,1,159.3,1,37,38,8,9,102.6,0,0,0,0,1,0,51,0,0,5,0,0,0.0,0,0,2,10,0,0.0,0,12.8,0.8,-4.04,Dropout
1,45,1,8812,1,1,143.7,1,36,37,3,195,130.0,0,0,0,1,1,0,24,0,7,7,6,4,13.51592991434065,0,0,8,14,6,10.90523110789832,5,12.8,-0.0,-2.78,Enrolled
4,41,1,8994,1,1,129.0,1,1,4,10,8,131.8,0,0,1,1,1,0,19,0,0,5,0,0,0.0,0,0,6,1,0,9.029719241792968,0,7.9,2.9,-3.2,Dropout
1,1,1,9482,1,1,95.0,1,37,17,4,0,148.8,1,0,0,1,0,0,38,1,0,7,6,14,13.855740282580497,0,0,16,7,4,11.585137859899358,0,14.2,1.5,0.39,Enrolled
1,45,6,9094,1,2,116.1,1,20,1,10,7,95.0,1,0,0,1,1,1,18,0,0,6,11,6,12.590329541164,0,0,8,8,8,13.380909412896155,0,10.7,-0.1,-1.7,Dropout
1,2,4,9149,1,1,128.8,1,38,3,3,10,129.9,0,0,0,1,0,0,17,0,0,6,11,7,0.4694687816465203,0,0,5,7,14,12.884451385051872,0,15.4,2.9,0.44,Graduate
1,19,2,9568,1,4,142.1,1,1,38,0,8,136.3,0,0,0,1,0,0,24,0,0,6,13,5,14.22421934153114,0,0,8,7,7,10.75934095801387,0,7.6,0.9,-3.8,Dropout
6,43,1,9387,1,42,152.7,1,39,38,8,6,126.5,0,0,0,1,0,0,18,0,0,6,7,6,11.576015231788258,0,0,8,8,5,15.687156441666264,1,13.1,-0.4,0.09,Dropout
1,46,1,9304,1,1,132.3,1,36,36,8,9,105.6,0,0,0,1,0,0,19,0,0,5,11,5,11.986383040420899,1,0,16,7,6,1.0723409834372388,0,13.1,-0.7,3.34,Enrolled
1,19,3,9405,1,2,146.3,1,1,36,7,9,121.5,1,0,0,1,0,0,18,0,0,8,23,2,14.944847574994988,0,0,6,9,6,12.69086245123572,0,8.2,-0.5,-3.61,Graduate
1,38,2,9205,1,1,117.6,1,19,1,10,8,134.7,0,0,0,0,0,0,18,0,0,2,15,1,14.344158174373781,0,0,7,7,4,14.357992309814282,0,11.1,1.6,1.63,Enrolled
1,1,2,9034,1,1,123.6,1,1,36,0,10,99.8,1,0,0,1,0,0,19,0,0,6,10,6,15.391591355816116,0,0,8,8,6,15.14494685843661,0,9.3,0.8,0.82,Graduate
1,17,1,8999,1,1,143.1,1,39,36,9,10,123.3,1,0,0,1,0,1,20,0,1,14,7,15,15.413801016912835,0,0,8,7,0,12.172809417134534,0,9.1,-0.4,0.89,Dropout
1,40,1,8108,0,1,135.0,1,36,39,7,5,131.0,0,0,0,0,1,0,21,0,0,5,9,0,0.0,0,0,6,6,0,12.140844517555118,0,11.3,1.5,-4.06,Dropout
1,8,1,8833,1,1,139.2,1,1,39,8,1,138.7,1,0,0,0,0,0,26,0,0,7,10,5,9.583365877669673,0,10,0,8,8,12.634188271328632,0,11.0,2.7,0.49,Dropout
1,16,6,9104,1,1,142.0,1,2,37,194,4,121.8,1,0,0,1,0,1,21,0,0,7,8,6,13.935680821513374,0,0,6,8,5,15.79018675340495,0,14.2,1.5,2.98,Graduate
1,1,3,9033,1,1,129.2,1,35,39,9,3,118.5,0,0,0,1,0,0,18,0,5,7,7,24,10.556225135759867,0,0,8,4,6,13.61376805885805,1,7.7,0.6,0.3,Graduate
1,39,3,9098,1,19,137.7,1,1,39,9,8,126.2,0,0,0,0,0,0,17,0,1,5,8,4,14.208824204675528,0,0,6,8,6,11.853720732165268,0,11.4,-0.0,1.48,Dropout
1,1,3,8956,1,1,134.3,1,5,28,11,7,140.2,1,0,0,1,0,0,18,0,11,5,7,7,14.91400137964865,0,0,6,9,6,18.13751586623486,0,13.1,1.5,0.58,Graduate
1,2,1,8893,1,1,131.9,1,1,37,194,5,114.6,1,0,0,1,0,0,18,0,0,5,7,7,0.0,1,0,6,5,0,10.871825933363567,4,7.6,0.7,-4.06,Dropout
1,45,1,9350,1,1,116.2,1,1,19,8,8,113.8,0,0,1,1,0,1,21,0,0,7,8,5,12.210031541426918,0,2,11,10,1,11.178756135284393,0,16.0,-0.5,1.89,Dropout
1,2,2,9227,1,1,131.3,1,20,2,9,8,99.8,1,0,0,1,0,1,17,0,0,7,9,6,13.89299970125029,0,0,6,7,4,15.751761739040823,0,16.0,2.8,-1.33,Graduate
5,41,1,7772,1,1,133.3,1,36,37,7,195,115.7,0,0,1,1,0,0,27,0,0,5,8,7,15.142616336174036,0,1,7,10,5,0.2949063007665588,0,13.1,1.5,-1.01,Dropout
1,16,4,8979,1,1,116.2,1,37,2,11,13,163.6,1,0,0,1,0,0,17,0,0,6,7,7,12.307799163705265,0,0,8,7,6,10.249394680735218,0,10.6,0.5,-0.94,Enrolled
1,17,2,9010,0,35,134.1,1,19,1,6,8,101.2,0,0,1,1,1,0,35,0,0,7,5,5,12.666077359075087,0,0,8,5,6,13.747027375640865,0,16.2,1.4,0.37,Graduate
1,1,1,9214,1,1,125.9,1,5,38,7,0,103.1,1,0,0,1,0,0,20,1,0,8,31,7,12.882208160427902,0,0,6,8,4,15.404503789312686,0,12.7,0.9,1.55,Enrolled
1,39,2,9084,1,1,134.7,1,38,1,123,11,120.5,0,0,0,1,1,0,19,0,0,5,11,3,10.760228612510003,0,0,6,4,4,0.0,0,8.4,0.4,0.98,Dropout
1,16,1,9101,1,1,127.7,1,19,38,8,9,109.4,1,0,1,1,1,0,33,0,0,7,8,0,9.420793233661845,0,0,5,8,6,0.0,0,13.6,1.4,0.59,Graduate
1,18,1,8851,1,1,129.2,1,37,18,7,10,134.1,0,0,0,1,0,0,18,0,0,7,7,9,11.57362578231911,0,0,8,8,4,10.859534104462275,0,7.6,2.9,0.14,Graduate
2,17,1,9571,1,1,141.6,1,36,38,10,8,101.3,0,0,1,0,1,0,18,0,0,5,5,0,0.0,0,0,5,7,2,0.0,0,10.4,3.7,-4.06,Dropout
1,2,1,8911,1,1,137.0,1,38,38,8,10,168.7,1,0,0,1,0,0,18,0,0,6,7,6,10.68721164120854,0,0,8,8,6,14.707220143903683,0,12.4,3.7,1.75,Graduate
1,16,4,9710,1,1,167.5,1,38,1,1,11,142.2,0,0,0,1,0,1,18,0,0,7,4,6,11.603589854043467,0,0,6,7,7,11.432230882764804,0,9.4,3.4,0.46,Graduate
1,19,1,9097,1,1,140.7,1,3,1,9,98,123.6,1,0,0,0,0,0,20,0,0,7,8,8,14.960161278781895,0,0,6,10,5,11.7613899163846,0,13.1,0.9,1.53,Graduate
2,38,1,8941,0,1,131.4,1,35,37,5,7,121.5,0,0,0,0,1,0,23,0,0,7,4,0,10.632995624688483,0,0,16,5,2,0.0,0,8.2,1.4,0.27,Dropout
1,19,1,9461,1,1,126.5,1,1,2,2,6,124.7,1,0,0,1,0,1,17,0,0,7,7,5,14.865870907790908,0,0,6,6,6,16.990271323975733,0,13.1,0.9,1.66,Graduate
1,34,1,8990,1,1,124.1,1,19,37,10,5,113.7,1,0,0,1,0,1,18,0,0,7,5,8,11.136001906273034,0,0,8,0,6,15.562310002154595,0,10.9,1.4,-3.45,Graduate
1,17,2,9521,1,12,134.5,1,37,39,10,4,126.8,1,0,0,1,0,0,17,0,0,7,6,8,12.002815047115977,0,2,8,6,4,15.120986914686712,0,7.9,1.4,-1.97,Enrolled
1,2,1,9164,1,1,131.8,1,2,19,6,11,134.7,1,0,0,1,0,0,19,0,0,7,7,10,12.496698408357583,0,0,10,15,6,10.647043698171837,0,7.6,-0.5,-1.9,Graduate
2,42,1,33,1,1,123.1,1,39,18,10,4,99.3,0,0,0,1,1,0,33,0,0,5,7,0,10.066497022335525,0,0,5,5,0,9.4175877674408,0,11.2,1.5,-3.74,Dropout
1,41,1,33,1,1,97.9,1,3,2,9,12,116.3,1,0,0,1,0,0,19,0,0,8,9,7,11.889815870800827,0,0,7,7,6,12.193412963282318,0,8.3,0.7,1.65,Graduate
1,15,1,9200,1,1,131.3,1,36,3,7,195,110.6,0,0,0,0,0,0,17,0,0,5,7,4,8.517270378532071,0,0,8,5,5,9.667076213415655,1,12.7,0.3,-3.59,Graduate
5,39,1,8267,1,16,132.4,1,37,35,11,9,127.7,0,0,1,1,1,0,32,0,0,5,4,0,0.0,1,0,5,6,0,0.015458460266632234,0,16.2,0.6,-3.07,Dropout
1,41,4,7963,1,1,129.0,1,36,37,9,12,115.5,0,0,1,0,1,0,27,0,0,5,7,0,12.386234688552074,0,0,13,0,0,13.663388402398143,0,9.0,2.9,-2.8,Dropout
1,18,1,9445,0,40,136.9,1,37,1,10,3,122.3,0,0,0,1,0,0,18,0,7,5,7,5,8.667445140943334,1,0,6,7,0,10.45973692415333,0,12.7,1.4,1.6,Graduate
1,16,3,8911,1,1,134.9,1,1,2,10,3,114.5,1,0,0,1,0,1,17,0,0,7,8,7,13.592230332003302,0,0,8,8,7,12.536477188851201,0,7.8,1.5,-1.62,Graduate
1,39,1,9317,1,1,129.9,1,18,36,10,5,105.6,0,0,0,1,0,0,30,0,0,5,7,7,13.532837522849649,0,0,5,0,0,15.536988131136837,0,13.5,1.5,-4.06,Dropout
4,47,1,9075,1,1,158.1,1,39,4,6,9,105.3,0,0,0,0,0,0,18,0,0,5,8,0,10.745942994648818,0,0,6,6,2,10.57417860487472,0,9.7,2.8,-0.05,Graduate
1,1,2,9007,1,41,126.5,1,36,2,1,7,114.9,0,0,0,1,0,1,19,0,0,8,7,7,13.9743435791995,0,0,12,7,6,10.038597404102763,0,14.1,-0.8,0.33,Graduate
1,19,1,8982,0,1,143.4,1,5,35,10,4,116.9,1,0,0,1,0,1,17,0,0,5,7,6,10.413567050309949,0,0,7,6,5,11.904401216231962,0,7.7,0.4,-4.06,Dropout
1,43,1,9530,1,41,150.0,1,4,36,11,7,130.3,1,0,0,1,0,0,18,0,3,8,6,7,14.128233647560254,0,0,6,7,6,10.944753307332437,0,11.1,1.5,-1.79,Enrolled
1,1,1,9453,1,1,117.6,1,37,3,8,4,123.7,1,0,0,1,0,0,17,0,0,6,5,7,12.749783608854251,0,0,5,9,6,13.644030558906389,0,11.2,0.7,1.46,Graduate
1,1,2,9188,1,1,100.6,1,2,37,8,8,133.3,1,0,0,1,0,1,23,0,0,6,7,6,11.254163828105364,0,0,6,7,7,13.020775412007046,0,7.6,0.5,-1.68,Graduate
1,17,1,7707,1,1,141.1,1,4,39,11,11,123.2,1,0,0,1,0,0,17,0,0,7,7,8,14.012616789981228,0,0,6,8,6,12.92583339776982,0,11.0,3.7,-3.25,Graduate
1,39,1,962,1,1,133.2,1,35,35,10,10,98.1,0,0,0,1,0,0,37,0,0,5,7,3,0.0,0,0,5,5,6,9.300488353842034,0,13.2,1.6,-4.06,Dropout
1,45,1,8940,1,1,130.8,1,1,36,8,10,148.3,1,0,0,1,0,1,17,0,5,0,26,6,14.860189444558937,0,0,8,7,13,12.023623590868684,0,9.6,0.5,0.11,Graduate
1,39,6,9670,1,1,123.4,1,35,38,9,9,130.0,1,0,0,1,0,0,18,0,0,7,13,6,13.405470137627681,0,0,8,9,8,12.714082820616682,1,8.0,1.4,-3.08,Graduate
1,47,2,8930,1,42,125.0,1,2,35,11,11,112.4,1,0,0,1,0,0,18,0,0,6,8,7,14.434242637520587,0,0,8,7,6,15.810119617468004,0,11.0,0.8,0.65,Graduate
1,16,1,9210,1,36,138.2,1,35,3,10,10,123.1,0,0,0,0,1,0,19,0,0,5,0,0,0.0,0,0,5,9,1,0.0,0,16.2,3.7,0.18,Dropout
1,1,1,9245,1,1,129.6,1,39,35,7,111,131.1,1,0,0,1,0,0,18,0,0,6,8,7,15.160978931251707,0,0,5,7,7,16.476997999395426,0,11.2,0.6,0.9,Graduate
2,41,1,9003,1,43,131.9,1,1,1,7,99,155.5,0,0,1,0,1,0,30,0,0,5,6,0,0.0,0,0,5,2,0,0.0,0,16.2,0.9,0.01,Dropout
1,1,3,8967,1,1,135.5,1,19,1,8,9,134.8,1,0,0,1,0,0,18,0,3,6,7,8,12.18412847477008,0,0,7,7,6,10.909263762210422,0,12.6,1.5,-1.73,Enrolled
1,41,3,9423,1,43,136.0,28,36,36,9,5,134.8,0,0,0,1,1,0,47,0,0,7,8,0,9.597701854645935,0,0,6,8,0,14.285569322449222,0,7.9,3.7,-1.57,Dropout
1,39,1,8839,1,1,126.7,1,37,37,12,12,168.3,1,0,0,0,0,0,18,0,0,5,1,1,10.060406774522942,0,0,5,7,1,11.152128149522124,1,10.7,-0.4,0.54,Dropout
2,2,3,9268,1,1,131.9,1,20,1,6,1,112.4,0,0,0,1,0,0,19,0,7,7,8,7,12.357194833915134,0,0,6,5,12,10.470660201416427,0,11.1,1.5,-3.35,Graduate
1,17,4,9051,1,37,129.3,1,37,2,7,10,119.8,1,0,0,1,0,0,17,0,0,7,7,3,11.860372186014839,0,0,6,6,6,11.467347707457238,0,16.2,-0.4,0.59,Graduate
1,1,4,9137,1,1,132.6,1,40,37,11,7,130.4,1,0,0,1,0,1,18,0,0,6,8,6,15.189678037659192,0,4,6,4,4,14.70262894716539,0,9.9,0.7,1.78,Graduate
1,1,1,9710,1,1,123.0,1,1,36,9,10,124.5,1,0,0,1,0,0,17,0,0,6,7,6,13.76795903138654,0,0,13,6,6,13.89931001320731,0,12.0,1.5,-1.63,Graduate
1,15,1,9338,1,1,144.1,1,4,40,11,187,108.9,1,0,0,1,0,1,20,0,0,14,10,7,10.399696104531664,0,0,8,5,5,16.68461157140295,0,15.8,3.7,-1.96,Graduate
1,2,2,8882,1,1,138.2,1,1,17,7,10,119.0,1,0,0,1,0,0,17,0,0,8,6,7,16.412119127010524,1,0,8,7,6,15.118694656196809,0,12.8,-0.6,-2.06,Graduate
3,44,1,7634,1,1,137.5,1,38,38,11,5,132.0,0,0,0,0,1,0,40,0,0,5,8,5,12.138522126923055,0,0,8,6,3,14.936345886035262,0,10.0,1.3,0.25,Dropout
2,46,6,9007,1,1,130.7,1,37,4,1,189,125.2,0,0,1,0,1,0,27,0,10,5,8,0,9.483544467969299,0,0,7,13,0,0.23047817438800186,0,16.2,0.8,-3.45,Dropout
1,3,2,9077,1,1,144.8,1,1,1,9,11,105.5,0,0,0,1,0,1,17,0,0,7,8,6,14.915036502428482,0,0,8,10,6,9.413479516167504,0,7.6,-0.6,1.67,Graduate
1,40,1,9652,1,1,134.8,1,19,20,6,2,137.1,0,0,1,1,0,0,19,0,12,7,8,5,11.475565870513703,0,1,0,9,6,14.02969690851179,0,14.3,-0.1,0.92,Dropout
1,18,3,9250,1,1,128.8,1,1,18,4,9,106.0,1,0,0,1,0,0,17,0,0,7,8,7,15.08261985089046,0,0,6,5,0,11.642949140654272,0,12.4,3.7,1.71,Graduate
1,17,1,9639,1,1,136.9,1,1,36,10,9,113.2,0,0,0,1,1,0,23,0,0,0,6,0,14.184541827328463,0,0,5,4,0,0.13724998614800304,1,14.0,1.5,0.47,Dropout
1,18,1,8973,1,1,143.1,1,35,38,9,9,111.4,0,0,0,1,0,0,22,0,1,7,9,6,11.140728747162889,0,0,8,11,5,13.726924688680207,0,8.0,3.0,1.76,Dropout
2,43,1,9521,1,42,120.1,1,39,36,10,1,111.5,0,0,0,1,0,1,18,0,0,5,0,4,11.18494762632536,0,3,5,4,0,14.996591466457572,0,8.0,2.8,-1.94,Dropout
1,18,1,9005,1,1,140.6,1,1,37,9,1,160.0,1,0,0,1,0,0,17,0,0,6,8,5,13.250230473236586,0,0,6,11,6,14.39707457143174,0,7.9,1.5,1.85,Graduate
2,16,1,9066,1,1,112.4,1,38,18,11,3,128.0,1,0,0,1,0,0,30,0,0,7,9,6,13.92459145649593,0,0,6,9,3,16.57754994816478,4,12.5,1.5,-1.43,Enrolled
2,40,1,9079,0,1,139.5,1,1,37,11,170,131.7,0,0,0,1,1,0,17,0,9,7,7,0,0.0,0,0,5,5,0,9.522371304084544,0,12.7,3.0,0.05,Graduate
1,40,1,9447,0,1,124.2,1,36,39,8,9,106.6,0,0,0,1,1,0,19,0,0,5,0,0,8.658036838198626,0,0,7,11,5,12.444221817849684,0,9.7,1.4,1.92,Dropout
1,13,5,9562,1,1,175.0,1,19,38,11,11,131.2,0,0,0,1,0,0,18,0,0,8,8,6,8.856162501670374,0,0,6,8,6,15.997652041546699,0,12.7,0.6,2.09,Graduate
1,17,1,9009,1,1,139.8,1,37,36,6,9,128.5,1,0,1,1,0,0,17,0,0,7,10,23,15.2925775565951,0,0,8,9,8,12.041719165562098,0,8.1,0.4,-1.8,Graduate
1,3,2,9082,1,1,140.5,1,2,36,5,11,120.7,1,0,0,1,0,1,17,0,16,7,8,6,16.756494510174427,0,0,8,8,6,12.14399142893862,0,13.0,-0.0,1.55,Graduate
1,18,1,9333,1,1,118.7,1,4,37,4,5,125.9,0,0,0,1,0,0,18,0,0,6,7,14,12.517011050351247,0,0,1,8,0,14.707018433694136,0,11.2,-0.7,0.49,Dropout
1,18,1,9275,1,1,128.2,1,19,36,11,8,107.1,0,0,0,1,0,0,20,0,0,7,9,0,11.560494679300485,0,0,7,9,0,10.57852473189513,0,11.1,3.7,-0.87,Graduate
1,3,3,8092,1,1,139.6,1,36,36,3,8,103.7,0,1,0,1,0,0,17,0,0,6,11,5,15.882842711554975,0,0,8,5,6,11.531654200581105,0,8.9,3.7,1.96,Graduate
1,40,1,9139,1,1,132.7,1,38,36,7,11,103.3,0,0,0,1,0,0,21,0,0,6,11,8,9.06888659140279,0,10,8,6,6,0.0,0,16.2,-0.7,0.36,Dropout
1,17,1,9097,1,1,136.2,1,2,4,1,9,124.1,0,0,0,1,1,0,20,0,3,7,5,6,13.004171569781008,0,0,23,0,6,16.500901445930815,0,13.2,1.4,0.16,Graduate
1,18,2,9094,0,36,131.8,1,1,1,5,8,129.0,1,0,0,0,1,0,19,0,2,5,7,7,11.482861692163652,0,0,8,0,6,16.108968831110502,0,9.4,-0.7,0.77,Enrolled
1,16,1,9585,1,1,125.0,1,36,36,10,8,111.2,0,0,1,1,0,0,17,0,0,5,10,4,12.217374271973132,0,0,1,5,0,9.575424436488474,0,10.8,3.6,-3.67,Dropout
1,2,2,9040,1,1,137.9,1,5,1,3,9,104.1,1,0,0,1,0,0,19,0,0,7,7,5,12.741057678157185,0,0,6,10,6,13.226443442931224,0,11.4,1.5,3.48,Graduate
1,18,1,9197,1,1,176.0,1,38,35,10,3,126.4,0,0,0,0,1,0,22,0,0,5,11,6,11.719898282062925,3,0,5,9,3,14.503510709392012,0,11.0,2.8,1.86,Enrolled
5,38,3,9334,1,12,134.9,1,36,39,4,10,111.9,1,0,0,1,0,0,17,0,0,6,6,0,9.62088129119036,0,1,5,10,7,11.46730581170349,0,12.7,0.8,-1.82,Dropout
2,1,5,9164,1,43,95.9,1,38,39,6,6,109.5,1,0,0,1,0,0,19,0,0,6,7,6,11.877184759212993,0,0,6,13,6,16.715294959729757,0,9.5,-0.7,-1.08,Graduate
1,1,1,9179,0,38,134.9,1,36,38,12,4,117.4,1,0,1,0,1,0,21,0,0,5,12,0,9.396401552130893,0,0,0,4,0,11.721769559127438,0,7.6,-0.8,-1.23,Dropout
1,2,1,9151,1,1,115.4,1,3,33,3,9,124.5,0,0,1,1,0,0,17,0,0,15,7,9,11.906557406629661,0,0,8,8,8,12.320857664112603,0,11.2,-0.4,1.77,Enrolled
1,46,2,8994,1,1,134.5,1,1,1,5,9,101.7,1,1,0,1,0,0,17,0,0,7,5,10,11.713600200168498,0,0,8,8,5,13.473117638578987,0,15.3,0.5,2.12,Graduate
1,18,1,9137,1,17,113.5,1,35,37,8,11,137.1,0,0,1,1,0,0,36,0,0,6,14,0,0.2653236998546034,0,0,5,7,3,11.838979535087052,0,15.3,3.7,-2.88,Dropout
1,41,3,8935,1,1,155.7,1,4,37,11,7,127.2,1,0,0,1,0,0,19,1,0,7,7,5,12.535104797046086,0,0,8,10,0,15.351168093045487,0,10.8,-0.7,1.99,Enrolled
2,41,1,9397,0,41,127.6,1,38,36,9,7,101.2,1,0,0,0,1,0,23,0,9,1,1,0,13.028593183286937,0,0,5,7,5,10.80221481422054,0,16.2,0.4,-4.06,Dropout
1,1,2,8916,1,42,150.3,1,36,2,9,11,129.1,0,0,0,1,0,0,18,0,0,5,12,7,11.96916617681376,0,0,6,10,5,12.076719271172792,0,12.6,0.7,0.78,Enrolled
1,43,3,9057,1,1,124.5,1,3,38,9,9,126.1,0,0,0,1,0,0,17,0,0,6,7,7,10.258943021217757,0,0,6,8,6,15.376837687778885,0,10.8,0.5,-2.77,Graduate
1,16,2,9701,1,1,138.2,1,1,38,11,4,116.1,1,0,0,1,0,0,17,0,0,7,7,6,11.55239752855171,0,0,8,14,6,15.532226643847135,0,10.1,3.7,-3.41,Graduate
1,1,1,9861,1,1,124.0,1,1,19,7,6,180.9,1,0,0,0,0,0,20,0,0,5,7,8,15.854868922170008,0,0,7,6,10,9.418765618896934,0,11.3,-0.6,-4.06,Enrolled
2,18,1,8870,1,1,125.1,1,37,3,9,5,125.5,0,0,0,1,1,0,17,0,0,11,7,3,9.891111766193246,0,0,13,0,0,15.055544497285691,0,12.9,1.5,0.2,Graduate
1,19,1,9141,1,1,135.0,1,38,1,11,9,126.4,0,0,0,1,1,1,18,0,0,12,7,0,12.735199469902767,0,2,8,7,9,12.348298150666372,0,7.6,2.8,1.55,Dropout
1,18,1,9303,1,16,130.0,1,3,37,9,3,155.0,0,0,0,1,0,0,22,0,0,5,6,0,13.636289623553125,0,8,8,4,0,11.140429061263294,0,7.7,0.6,-1.21,Dropout
1,18,4,9062,1,1,175.6,1,1,37,7,9,122.4,1,0,0,1,0,0,17,0,0,7,8,5,15.043917828299163,0,0,8,7,8,13.017100577467717,0,16.2,0.5,1.64,Graduate
1,40,1,9859,0,40,118.2,1,37,3,1,12,116.8,0,0,0,1,1,0,17,0,0,7,0,7,11.809315707834351,0,0,7,8,6,10.714338591124635,0,9.9,-0.3,3.11,Dropout
1,2,9,9493,0,1,131.8,1,36,36,7,10,132.9,0,0,0,0,0,0,24,0,0,8,1,0,0.03508912450657922,0,1,5,0,3,9.95822721795282,0,11.2,-0.8,-1.36,Dropout
1,19,1,9050,1,2,151.0,1,28,38,1,9,148.9,1,0,0,1,0,0,19,0,0,7,7,5,13.072872629387945,0,12,8,7,9,12.296300908826822,0,9.9,0.5,1.69,Graduate
1,56,2,8956,1,1,138.3,1,38,19,8,90,123.7,0,0,0,0,0,0,19,0,0,7,0,6,12.808523552473723,0,0,7,13,5,12.1693790969551,0,12.9,1.6,0.1,Dropout
1,37,2,9991,1,42,133.6,1,1,39,5,4,108.9,1,0,0,1,1,0,20,0,0,5,7,7,14.49435768075168,1,3,6,7,2,15.371668944098964,0,7.6,0.8,0.12,Dropout
1,44,1,9162,1,1,138.8,1,39,36,10,7,124.5,1,0,0,1,0,0,17,0,2,2,7,5,14.352654674584718,0,0,6,11,1,14.135221179329772,0,7.6,1.4,-3.21,Graduate
1,1,2,8965,1,1,111.3,1,36,18,6,10,124.7,1,0,0,1,0,0,17,1,0,6,7,8,14.177757252073057,0,0,8,8,6,14.066006060041953,0,11.1,0.6,-4.03,Enrolled
1,15,2,9464,1,1,117.8,1,38,36,6,5,124.4,1,0,0,1,0,1,17,1,0,15,8,6,12.739982652259961,0,0,8,8,6,12.839820736642734,0,14.4,1.5,-3.51,Graduate
1,16,1,9325,1,1,129.9,1,39,17,10,12,108.0,1,0,0,1,0,0,17,0,0,6,7,2,14.091082389931087,0,0,8,10,9,11.959812809410742,0,10.5,0.6,-1.67,Enrolled
1,17,1,9055,1,1,125.9,1,1,17,6,11,103.5,1,0,0,1,0,1,19,0,0,7,7,7,13.322935648228444,0,0,8,8,9,15.696415151953214,0,15.8,-0.3,-3.34,Graduate
1,39,1,9627,1,41,139.6,1,36,4,9,10,119.9,0,0,0,0,1,0,17,0,0,5,7,0,13.144263220125586,0,0,0,8,6,0.0,0,7.9,0.7,-0.07,Dropout
1,1,1,9078,1,1,138.6,1,1,39,10,1,155.2,0,0,0,1,0,0,24,0,0,6,22,2,8.795814455806095,0,0,14,12,8,12.934201175529509,0,14.3,1.5,-1.05,Dropout
1,18,3,9260,1,1,131.6,1,2,38,9,8,122.2,0,0,0,1,0,1,18,0,2,8,7,4,15.743017320212243,0,0,6,8,9,13.193395479925657,0,12.9,1.5,0.11,Enrolled
1,17,1,9145,1,1,132.4,1,36,37,5,3,96.5,0,0,0,0,0,0,29,0,0,5,8,0,0.0,0,0,5,0,0,0.0,0,15.8,1.5,-1.79,Dropout
1,38,1,8960,1,1,132.6,1,35,36,10,11,129.6,0,0,0,0,1,0,18,0,4,7,7,5,14.361009005388727,0,0,5,9,0,13.135141006608604,0,12.9,3.7,-4.06,Dropout
1,48,3,9060,1,1,151.7,1,1,37,8,12,101.7,1,0,0,1,0,0,17,0,0,5,7,6,11.80143833172251,0,0,6,7,6,11.187128100481155,0,8.0,0.5,3.46,Graduate
1,15,1,7450,1,5,116.6,1,37,19,6,12,95.2,1,0,0,1,1,0,22,0,0,8,6,7,9.895098475014093,0,0,6,8,6,12.608805660420462,12,11.1,2.5,1.82,Dropout
2,37,1,9180,1,21,138.2,1,38,37,9,8,127.1,1,0,1,0,1,0,19,0,0,5,11,0,0.8017335392151522,0,5,5,4,0,0.8029704608480392,0,13.0,2.9,3.51,Dropout
1,3,2,9921,1,1,138.3,1,37,19,9,7,133.4,0,1,1,1,0,0,18,0,0,12,8,6,13.886288822959518,0,0,6,6,3,12.799956204712037,0,9.3,1.5,-3.52,Graduate
4,1,3,9788,1,1,116.1,1,1,37,9,11,123.2,1,1,0,1,0,1,17,0,0,7,7,6,12.847999943378483,0,0,13,12,6,13.31425459297448,0,16.2,0.7,0.14,Dropout
1,46,3,9478,1,11,131.9,1,3,38,8,6,163.3,0,0,0,0,0,0,30,0,0,5,0,11,0.0,0,0,5,0,6,0.6226286997953784,0,8.3,-0.5,0.14,Dropout
1,18,1,9482,1,1,114.7,1,4,39,8,4,133.7,1,0,0,1,0,0,18,0,0,12,8,6,12.789607406208237,0,0,8,8,13,13.141362615486834,0,11.0,-0.5,-2.11,Graduate
1,1,1,9756,1,1,126.4,1,20,37,4,7,124.4,1,0,1,1,0,0,37,0,2,7,12,6,9.30481632827561,0,0,5,8,2,10.460879514108719,0,16.1,1.5,1.95,Enrolled
1,1,1,9039,1,1,133.9,1,4,38,10,11,123.5,1,0,0,1,0,1,17,0,0,22,8,6,11.331805711464266,0,0,5,10,5,14.867321783410496,0,7.8,0.8,1.45,Graduate
2,2,1,9433,1,1,149.6,1,38,38,11,11,139.3,0,0,1,1,1,0,20,0,0,6,0,0,14.997058329693475,0,0,5,1,0,0.0,0,9.4,1.3,2.0,Dropout
1,18,3,9959,1,1,144.9,1,37,4,3,8,116.5,1,0,0,1,0,0,18,0,0,8,8,7,9.398646678052684,0,0,5,10,6,11.311888035426632,0,16.2,3.7,1.78,Graduate
1,40,2,7903,1,1,109.9,1,18,37,0,3,102.3,0,1,1,1,0,0,22,0,0,5,8,6,13.479132796267525,0,0,5,11,8,11.985895776648661,0,16.2,0.2,2.04,Graduate
1,18,2,9204,1,1,130.7,1,20,36,10,9,129.4,1,0,0,1,1,0,17,0,12,6,0,25,12.227779681353205,1,0,23,9,0,12.010885507950304,0,12.8,1.4,-3.0,Dropout
5,41,1,9094,1,2,130.9,1,35,37,8,0,119.9,0,0,0,0,1,0,21,1,0,0,7,8,0.0,0,0,5,8,0,0.0,0,13.2,2.9,1.7,Dropout
1,18,1,9556,1,39,130.1,1,37,39,9,8,118.3,0,0,0,1,0,0,18,0,0,5,5,17,0.0,0,0,5,8,5,13.194565446475238,0,7.9,-0.8,0.54,Dropout
2,16,3,9090,1,2,173.8,1,36,38,7,6,127.0,0,0,0,0,1,0,20,0,0,8,13,8,0.0,0,0,5,5,0,10.576504830168053,0,16.1,1.4,0.18,Dropout
1,38,1,9569,1,1,131.8,1,1,36,7,9,107.5,0,0,0,0,0,0,22,0,0,5,26,5,0.0,0,0,5,0,0,13.806672120995795,1,10.7,-0.7,-2.07,Dropout
1,41,1,9143,1,1,129.1,1,17,35,9,12,95.0,1,0,0,1,1,0,32,0,0,7,0,4,10.284473464216546,0,0,6,7,6,11.718550890462907,0,7.6,3.7,0.86,Graduate
1,15,1,8906,1,1,135.3,1,1,38,6,8,128.9,1,0,1,1,0,0,18,0,0,8,6,8,15.411516852942652,0,0,6,9,7,12.40202575100498,0,7.8,2.5,-4.06,Enrolled
2,40,1,9364,1,7,144.9,1,3,38,8,9,120.3,0,0,0,0,0,0,18,0,0,5,12,3,0.0,0,0,8,9,4,16.328419744494774,0,12.8,-0.5,1.42,Dropout
1,48,3,9061,0,1,146.3,1,38,36,10,10,102.4,0,0,0,1,1,0,27,0,0,8,5,0,0.11675497310075193,0,2,5,0,1,0.011953574239525616,0,7.8,-0.6,0.21,Dropout
1,39,1,8958,1,1,134.2,1,1,38,7,1,126.3,1,0,0,1,0,0,33,0,0,7,9,5,9.904257371549308,0,0,6,12,4,13.858314230340627,0,8.0,3.7,1.55,Graduate
1,16,1,709,1,1,163.8,1,18,20,10,1,102.3,0,0,0,0,1,0,18,0,0,5,6,5,9.298382055636386,0,0,5,0,2,12.155697886505234,0,8.5,1.5,-2.08,Dropout
4,41,1,8991,0,1,121.2,1,38,37,9,11,118.7,0,0,0,1,1,0,27,0,0,5,0,3,8.903690448627996,0,0,15,10,0,17.585165830674217,0,14.3,1.4,1.42,Enrolled
1,17,1,9242,1,1,121.8,1,39,37,9,11,95.0,0,0,0,0,1,0,20,0,0,5,0,5,0.0,0,0,5,8,6,12.414246098286194,0,16.2,2.9,1.97,Dropout
1,19,2,8912,1,1,131.0,1,36,35,100,195,126.3,1,0,0,1,0,0,18,0,0,8,8,7,10.403392049566532,0,0,8,12,6,13.298945186292473,0,7.9,1.5,1.83,Graduate
1,18,1,9991,1,1,135.8,1,1,20,9,3,102.2,1,0,1,1,0,0,17,0,3,8,7,0,12.71149356382583,0,0,8,12,3,13.787201311838007,0,7.6,-0.3,1.69,Graduate
1,47,1,9557,1,1,132.1,1,1,39,6,7,146.6,0,0,0,0,0,0,17,0,0,7,6,5,8.69476506418496,0,0,5,6,5,11.312278117555794,0,9.9,1.3,3.51,Enrolled
1,2,2,8925,1,1,137.3,1,1,35,10,11,116.1,1,0,0,1,0,0,17,0,0,7,7,6,12.026508428388462,0,0,5,7,6,13.001106530600701,0,7.9,1.6,1.6,Graduate
1,2,2,8943,1,2,122.7,1,1,1,3,5,147.2,1,0,0,1,0,0,17,0,3,6,1,8,14.48274151045161,0,0,6,10,0,11.386410348185716,0,12.8,1.3,0.74,Graduate
1,1,1,9647,1,1,131.4,1,36,38,10,9,117.8,1,0,0,1,0,0,20,0,0,6,7,3,12.22394186355829,0,0,6,6,0,13.255863147964808,0,8.1,2.8,-4.06,Graduate
2,17,3,9371,1,1,140.7,1,19,37,1,9,125.2,0,0,0,1,0,0,19,0,18,5,10,7,0.0,0,2,8,13,1,11.827728434984248,0,12.7,0.3,0.48,Graduate
1,1,2,8843,1,1,133.4,1,37,37,8,12,123.5,0,0,0,0,0,0,18,0,1,5,8,5,13.8262849175133,0,3,8,7,6,0.5424976458714961,0,9.3,3.7,-3.72,Graduate
1,46,1,33,0,1,141.6,21,37,38,2,10,98.1,0,0,0,0,1,0,20,0,9,7,8,5,0.2659901953859722,0,2,7,8,6,0.0,0,8.2,1.5,-4.06,Graduate
1,41,5,9120,1,1,139.2,1,1,2,10,6,100.8,1,0,0,1,1,0,17,0,0,5,7,7,11.309941227765105,0,0,5,6,6,15.510026980157349,0,14.2,1.5,0.47,Graduate
2,2,2,8922,1,1,114.0,1,2,36,10,9,129.9,0,1,0,1,0,0,18,0,0,25,7,7,11.257754977941248,0,0,8,12,6,12.361341874070874,0,13.6,0.8,2.04,Graduate
1,43,1,9225,1,2,118.1,1,20,36,9,11,104.5,0,0,0,1,0,0,18,0,0,13,8,6,0.3942707076421848,0,0,8,7,6,17.356153011244913,0,11.3,3.7,1.83,Graduate
2,39,1,9242,0,1,127.9,1,36,1,7,0,118.8,0,0,0,1,1,0,21,1,0,5,12,0,0.0,0,0,5,7,0,14.592271440126002,0,7.6,1.4,0.27,Dropout
1,18,1,33,1,1,137.2,1,35,36,10,10,108.3,0,0,0,1,0,0,35,0,0,6,4,5,9.992542307356032,0,0,14,8,1,9.001691704876276,4,7.9,0.7,1.99,Dropout
4,40,1,9133,0,1,95.0,1,44,38,6,4,123.6,0,0,0,1,0,0,19,0,12,6,10,10,13.124792376004724,0,0,14,7,0,1.0479579155697072,4,8.2,2.6,-1.33,Enrolled
1,39,1,8991,1,37,131.0,1,3,35,8,8,125.0,0,0,1,0,1,0,37,0,0,5,0,0,0.0,0,0,15,9,0,0.0,0,13.0,1.5,0.88,Dropout
1,15,1,9079,1,2,151.8,1,39,39,9,113,113.6,1,0,0,1,0,0,19,0,0,7,8,5,10.20546639992715,0,0,8,11,7,17.65608677102107,1,7.8,0.8,0.18,Graduate
1,44,1,8954,1,39,150.7,1,15,36,9,10,121.5,0,0,0,1,0,0,18,0,4,5,8,6,11.109008052325615,0,0,6,8,4,15.801621410967865,0,8.3,-0.8,1.92,Dropout
1,15,2,9500,1,1,130.4,1,36,39,11,8,126.9,0,0,1,1,0,0,48,0,0,7,9,6,13.999652464840132,0,1,8,10,8,10.03597448536447,0,7.6,1.5,0.66,Graduate
1,3,2,9347,1,1,133.9,1,3,1,9,7,106.2,1,1,0,1,0,0,18,0,0,7,8,6,15.236544888301001,0,0,6,8,6,14.831904074078867,0,7.6,-0.4,1.68,Graduate
1,19,6,9143,1,1,131.2,1,20,1,12,1,124.7,1,0,0,1,0,1,19,0,17,6,7,7,15.264007187534064,0,0,6,10,7,14.559485305111188,0,12.8,0.0,0.55,Graduate
1,39,2,8936,0,1,132.0,1,1,37,9,12,109.8,1,0,0,1,0,1,17,0,0,7,5,10,11.138177801342973,1,0,8,8,6,9.886660369197966,0,12.7,1.4,3.16,Graduate
1,18,1,9478,1,1,118.0,1,20,36,7,10,115.1,1,0,0,1,0,0,20,1,0,8,5,5,14.042540296496254,0,0,5,8,4,10.43395944569411,2,7.9,3.7,0.99,Enrolled
1,39,1,9150,0,1,174.7,4,1,39,5,7,125.6,0,0,1,0,0,0,31,0,0,1,5,6,0.0,0,0,10,7,0,0.0,0,7.6,0.8,-3.19,Dropout
2,19,1,7684,1,23,132.9,1,35,1,11,7,105.2,1,0,0,1,0,0,30,0,0,6,15,5,11.446322358628567,0,0,8,8,8,13.196692338985937,0,16.2,0.5,-2.68,Graduate
2,2,1,9839,0,20,137.1,1,35,39,8,63,129.1,0,0,0,0,0,0,19,0,0,5,10,2,0.0,0,0,5,10,0,9.599310033453744,0,12.6,1.5,0.57,Dropout
1,18,3,9193,1,1,114.2,1,1,1,8,9,129.7,1,0,0,1,0,0,19,0,5,6,6,5,14.344918338901612,0,11,8,8,3,10.280726448702133,0,7.6,1.6,2.01,Graduate
1,17,1,9248,1,2,133.5,1,37,23,0,9,117.3,1,0,0,1,0,0,18,0,0,6,11,21,9.633813055609814,0,1,6,7,5,13.117575502242989,0,12.8,1.3,1.46,Dropout
1,18,1,8348,1,1,128.5,37,2,36,5,6,127.3,0,0,0,1,0,0,17,0,0,7,8,14,13.61653228956119,0,0,7,7,5,14.05076386514727,3,14.4,-0.2,1.64,Graduate
1,45,1,8887,1,1,154.7,1,39,38,7,8,130.0,1,0,0,1,0,0,17,0,0,6,12,6,10.52246305869942,0,0,8,9,5,13.772033949541889,0,7.6,1.4,-0.81,Graduate
1,41,1,9041,1,1,132.8,1,2,37,11,7,133.7,0,0,0,1,1,0,20,0,0,5,0,0,0.0,0,0,6,0,0,0.0,0,12.6,1.4,-1.74,Dropout
1,17,3,8913,1,1,131.2,1,1,37,5,10,130.0,1,0,0,1,0,0,19,0,0,5,8,5,14.765482876057867,0,0,8,9,5,15.222111342307546,0,12.8,-0.8,1.5,Graduate
1,2,1,8992,1,37,129.8,1,37,37,10,1,115.9,0,0,0,0,1,0,18,1,0,7,7,0,0.0,0,0,5,9,0,0.0,2,9.6,2.9,0.58,Dropout
2,41,1,9240,0,2,129.3,1,35,37,7,11,123.6,0,0,1,0,1,0,18,0,0,5,8,0,0.0,0,0,5,0,0,0.0,0,7.9,2.8,-0.79,Dropout
1,3,1,9744,1,1,136.7,1,1,38,11,0,137.2,1,0,0,1,0,0,18,0,0,11,7,4,14.19924912962448,0,0,8,7,6,12.892793142810712,0,15.9,-0.5,-1.59,Graduate
1,18,2,9991,1,1,142.9,1,1,38,0,3,120.5,1,0,0,1,0,1,19,0,0,7,8,6,13.623591627247855,0,0,8,7,6,15.227300694707347,0,13.1,-0.2,1.61,Graduate
1,2,1,9071,1,1,115.3,1,1,27,3,8,124.0,1,0,0,1,0,0,19,0,0,7,7,6,15.307551303745356,1,0,6,10,2,10.557730268906573,0,11.4,0.5,-4.06,Graduate
1,42,2,9098,1,1,146.1,42,3,38,2,6,108.1,1,0,0,1,0,0,17,0,7,6,8,5,12.980006536618262,0,0,6,8,6,17.16972456575246,0,8.3,0.6,0.3,Graduate
1,17,1,9000,1,41,95.0,1,38,38,0,8,95.0,0,0,0,0,1,0,17,0,0,7,6,0,0.0,0,0,5,7,0,12.823802674066497,2,11.4,-0.8,-1.72,Dropout
1,40,1,9106,1,1,130.6,1,34,37,8,12,105.3,0,0,0,1,0,0,19,0,0,5,7,7,10.642428226110258,0,0,5,13,6,10.959756342636505,0,12.8,0.6,-3.17,Graduate
1,44,0,9161,1,2,190.0,1,37,38,3,7,119.2,1,0,0,1,0,0,37,0,7,6,17,5,12.52425249417015,0,0,6,5,4,14.549818238863036,0,12.4,1.3,1.89,Graduate
2,17,1,9167,1,1,132.6,1,19,37,11,195,128.7,1,0,1,1,1,0,28,0,0,7,7,2,0.0,0,0,5,8,3,0.0,0,16.1,1.5,-2.13,Dropout
1,1,2,8858,1,1,122.0,1,3,1,3,5,124.4,1,0,0,1,0,0,17,0,0,7,10,4,14.159043148141645,0,0,8,8,6,12.981925096381701,0,13.1,0.4,1.98,Graduate
1,39,1,9474,0,3,136.9,1,1,38,10,1,127.5,0,0,0,0,0,0,39,0,0,7,8,0,0.0,3,0,5,0,0,0.0,0,8.0,2.8,0.2,Dropout
1,5,1,9604,1,1,133.8,1,2,18,6,96,128.0,1,0,0,1,0,0,17,0,2,14,7,7,0.0,0,0,8,9,7,13.905452653479953,0,12.6,2.9,1.7,Graduate
1,14,4,9473,1,2,130.5,1,4,35,4,4,127.5,0,0,0,1,0,0,19,0,0,6,7,6,12.604606086875776,0,0,5,9,12,12.71339324752132,0,7.8,0.8,3.46,Enrolled
1,16,1,8961,1,1,125.1,1,18,35,5,8,122.6,0,0,0,1,0,0,20,0,0,8,5,7,13.681200191479801,0,0,6,9,6,11.822892997100016,0,7.8,3.6,1.97,Enrolled
2,18,1,9991,1,41,138.6,1,38,36,9,8,120.5,0,0,1,1,1,0,17,0,0,7,5,3,11.501638416505225,0,0,5,9,8,0.0,8,12.9,0.7,-4.06,Enrolled
1,38,1,9041,1,1,126.9,1,36,35,5,4,160.5,1,0,0,0,1,0,19,0,0,5,8,0,0.0,0,0,5,0,0,0.0,0,8.1,1.6,0.14,Dropout
2,17,1,9840,1,18,131.3,1,39,38,8,10,115.9,0,0,0,1,0,0,18,0,0,18,16,5,13.69725127064691,0,0,8,9,1,0.0,2,9.2,3.7,1.34,Dropout
1,16,3,9185,1,1,135.0,1,3,35,8,9,136.3,1,0,0,1,1,0,17,0,0,7,7,8,13.81158127887388,0,0,7,10,7,1.0467113971945914,0,8.8,1.5,0.3,Enrolled
1,1,1,9149,1,35,141.6,1,1,1,6,9,112.8,0,0,1,0,0,0,17,0,0,6,11,5,15.49621311763422,0,1,8,10,5,11.616503422937392,0,8.1,-0.1,0.06,Enrolled
1,18,4,9414,1,1,120.6,1,2,2,11,5,110.6,1,0,0,1,0,1,17,0,0,8,8,5,13.913888514261936,0,0,8,11,6,13.112047916497747,0,10.8,1.5,-2.07,Graduate
1,37,1,8962,1,1,116.8,1,1,4,8,10,111.8,0,0,1,0,0,0,20,0,0,7,5,4,9.285182760430617,0,0,5,5,8,13.19701812660994,0,11.3,1.4,0.1,Dropout
2,18,2,8928,1,1,119.8,1,36,37,5,7,111.0,1,0,0,1,0,0,18,0,7,7,7,7,15.463905775830337,0,0,12,7,6,12.664462287454905,0,12.8,-0.7,-1.84,Graduate
1,46,2,9272,1,1,128.9,1,6,19,8,11,127.9,0,0,0,1,0,1,19,0,0,6,8,5,12.348442189297923,0,5,6,9,6,13.744266830717194,0,11.2,0.0,1.87,Graduate
1,16,1,9447,1,1,170.3,1,35,38,11,4,108.9,0,0,1,0,0,0,49,0,0,0,6,0,0.19422934887684873,0,18,5,6,2,0.3797511669367642,0,13.7,3.7,0.26,Dropout
1,17,2,9803,1,1,134.0,1,1,37,7,7,107.4,1,0,0,1,0,0,20,0,2,4,5,3,9.59266270097908,0,1,6,14,2,11.224759672718017,0,8.2,-0.8,0.21,Dropout
1,16,2,8819,0,1,132.1,1,39,38,194,9,140.1,0,0,0,1,0,0,21,0,0,5,8,10,11.299554660830443,0,0,8,8,5,11.777900449036057,0,8.0,-0.1,-1.83,Graduate
1,2,3,9609,1,39,134.0,1,36,38,8,6,121.6,1,0,0,1,0,1,37,0,0,7,6,7,11.759967004778307,0,0,7,10,7,12.692991369515601,0,15.5,0.3,0.8,Dropout
1,2,4,9147,1,1,134.0,1,38,2,6,11,111.6,1,0,0,1,0,1,17,0,2,7,6,6,11.418230025915662,0,0,7,8,20,13.75921952154186,0,13.0,-0.7,-3.06,Graduate
1,16,4,8935,1,1,125.5,1,1,2,8,10,129.1,0,0,0,1,0,0,17,0,0,8,9,4,9.939173020358854,0,0,0,8,0,14.577923394434688,0,16.2,1.5,0.51,Graduate
1,2,1,9562,1,23,133.2,1,39,2,9,7,103.0,0,0,0,1,0,0,19,0,0,6,8,0,15.344257114904432,0,1,8,7,2,13.652562894832942,0,15.5,-0.8,2.1,Dropout
4,18,1,7857,1,35,118.5,1,37,1,8,9,114.8,0,0,1,1,0,0,25,0,0,5,0,5,0.0,0,0,5,8,0,0.13359940192738948,0,16.2,-0.2,-3.67,Dropout
2,40,1,33,0,5,134.1,1,37,38,3,5,140.8,0,0,0,0,1,0,25,0,6,5,12,0,0.0,0,0,5,0,0,0.159426305579713,0,11.3,1.5,2.82,Dropout
1,40,1,9965,1,1,133.9,1,34,36,9,7,115.6,0,0,0,0,1,0,18,0,0,7,0,0,10.818027745854069,0,0,1,21,0,0.0,0,12.8,-0.8,1.66,Dropout
1,19,2,9513,1,1,115.8,1,2,5,8,11,118.6,0,1,0,1,0,1,18,0,0,6,6,5,15.26521483275379,0,0,6,7,7,13.895296809324602,0,8.2,-0.7,1.6,Graduate
1,18,2,8923,1,1,139.5,1,20,2,7,8,128.3,1,0,0,1,0,1,17,0,0,8,7,15,11.07193778523634,1,1,6,8,6,14.56966440660069,0,7.6,2.9,2.21,Enrolled
1,1,1,9150,1,1,143.6,1,1,37,114,9,124.0,1,0,0,1,0,0,17,0,0,7,6,7,13.703982008143102,0,0,6,7,3,11.323887939069442,0,7.8,-0.8,-1.6,Graduate
4,18,2,9646,1,1,135.1,1,35,36,11,11,96.8,0,1,0,0,0,0,18,0,0,6,6,0,10.85374509136656,0,0,5,8,6,10.205715954099809,0,8.5,-0.6,-3.34,Graduate
1,46,2,9262,1,2,117.9,1,39,36,4,9,112.9,0,0,0,1,0,0,18,0,0,7,15,3,11.70308128633635,0,0,6,11,6,13.881819524390863,0,7.8,3.7,1.98,Graduate
1,18,2,9414,0,1,140.7,1,3,2,6,7,131.6,1,0,0,1,0,1,17,0,0,6,9,5,12.273682369865254,0,0,7,10,3,14.432554695459148,0,8.3,0.6,1.6,Graduate
1,19,1,9019,1,1,139.5,1,39,36,6,4,144.8,1,0,0,1,0,0,17,0,0,7,8,6,9.939335554064153,0,0,8,8,3,11.053763661567732,0,11.0,0.7,-0.79,Graduate
1,41,1,9779,0,2,132.8,1,35,37,6,0,131.6,0,0,0,0,0,0,18,0,0,5,5,0,13.145950721080757,0,0,7,4,5,14.411609615906778,0,16.2,3.0,-2.06,Dropout
1,45,4,9241,1,1,135.0,1,2,1,4,12,97.8,1,0,0,1,0,0,18,0,0,6,8,7,15.46737884027894,0,0,8,7,8,13.843186918969133,0,12.6,3.0,1.36,Graduate
2,17,1,9223,1,36,136.6,1,37,37,8,113,135.4,0,0,0,1,0,1,20,0,0,7,9,7,13.333265286101234,1,0,5,0,6,12.951511353251547,0,9.8,3.7,0.49,Graduate
1,17,4,9015,1,1,137.6,1,1,36,8,11,108.1,1,0,0,1,0,0,18,0,0,6,16,3,13.50608243118456,0,0,15,7,7,12.970312819347678,0,9.4,3.7,0.83,Graduate
2,42,1,9991,1,37,153.3,1,37,38,4,10,146.1,0,0,1,1,1,1,17,0,0,5,6,0,8.811947979571608,0,3,7,10,3,10.635530872473579,0,7.6,-0.7,3.3,Dropout
1,18,6,9151,1,1,133.8,1,1,1,8,11,136.0,1,0,0,1,0,0,17,1,0,8,10,5,14.806723078629071,0,2,6,7,8,13.778967925859858,0,7.6,1.5,1.48,Graduate
1,17,1,9991,0,1,137.0,8,34,38,6,6,118.6,0,0,0,1,1,0,23,0,0,5,6,2,11.949114062030725,0,0,6,0,0,8.997800456161803,0,13.7,-0.5,-4.06,Dropout
1,42,1,9178,1,17,129.5,1,34,33,1,11,128.4,1,0,0,0,1,0,21,0,0,7,1,5,0.0,0,0,14,9,8,10.60914239992607,0,8.1,3.7,-2.09,Graduate
1,43,5,8868,0,1,138.1,1,20,38,10,8,125.0,1,0,0,1,0,0,18,0,9,6,6,8,11.397479275520435,0,0,5,4,5,13.761235329731967,0,12.7,-0.7,1.54,Graduate
2,16,1,9264,1,14,159.7,1,17,39,10,93,126.5,0,0,1,1,0,0,25,0,0,9,13,0,10.326857492103626,0,0,6,7,0,0.0,0,8.0,-0.2,1.7,Dropout
1,17,1,8853,1,1,141.1,1,35,1,10,8,108.9,1,0,0,1,0,0,18,0,0,7,8,6,15.544188353836958,0,0,8,8,6,12.990354038500014,0,16.2,1.5,-2.08,Graduate
1,39,1,9260,0,12,131.9,1,37,1,10,9,124.2,0,0,0,0,1,0,37,0,0,5,0,0,0.36153680837859875,0,0,5,8,0,0.0,0,13.2,3.7,-1.96,Dropout
1,39,1,9120,1,1,135.0,1,1,37,11,10,126.5,0,0,1,1,1,0,18,0,0,6,8,1,13.071173281211744,0,0,6,8,4,10.891573478543295,0,8.2,-0.8,-4.02,Graduate
1,46,4,8806,1,43,135.8,1,20,35,11,7,118.8,1,0,0,1,0,1,21,0,8,6,8,7,12.41107074369653,0,0,7,8,11,16.3638485655145,0,12.8,3.7,-3.7,Graduate
1,40,1,9160,1,6,132.9,1,1,37,7,9,113.1,0,0,0,0,1,0,50,0,0,5,10,0,0.0,0,0,5,0,0,13.779338894489205,0,16.2,2.6,0.31,Dropout
1,7,5,7698,0,1,134.7,1,36,1,2,6,147.5,0,0,0,1,1,0,19,0,3,10,7,5,11.942637194173916,0,0,6,5,0,12.738370309744168,0,9.1,3.7,0.45,Dropout
1,19,1,9486,1,39,133.9,1,38,36,7,98,139.1,1,0,0,1,0,0,21,0,0,8,8,7,11.421461982662533,0,0,6,6,6,12.6826071217009,0,13.7,2.8,1.43,Graduate
1,16,1,9979,1,8,133.1,1,1,20,9,3,95.2,0,0,1,1,1,0,19,0,0,5,7,8,0.0,0,0,10,5,4,9.55906053294705,0,10.8,1.4,-2.01,Enrolled
1,1,2,9609,1,1,164.2,1,1,37,9,6,124.3,1,0,0,1,0,0,18,1,0,7,8,5,13.63640855373296,0,0,8,7,7,14.881231750034583,0,11.3,1.4,0.24,Enrolled
1,2,2,9195,1,1,140.7,1,4,37,10,5,120.1,1,0,0,1,0,1,17,0,0,6,8,6,16.130693954155436,0,0,6,9,7,14.321677359401926,0,7.7,0.6,0.68,Graduate
1,18,3,8961,0,43,143.2,1,1,19,10,6,107.6,0,0,0,1,0,0,17,0,0,5,6,5,14.750308019379839,0,0,6,12,5,0.35451739836364715,0,14.2,1.4,-2.13,Enrolled
1,1,2,9141,1,1,136.8,1,11,4,11,108,99.2,1,0,0,1,0,0,18,0,0,7,8,7,12.094475352740222,0,0,8,7,6,12.101634821899598,0,12.4,-0.5,-3.62,Graduate
1,18,2,8906,1,1,120.3,1,1,38,7,12,133.4,1,0,0,1,0,0,17,0,0,6,8,7,13.28349028458972,0,0,8,8,6,13.956160782449249,0,13.2,0.8,1.57,Graduate
1,39,1,9048,1,1,131.6,1,35,36,11,108,122.2,0,0,0,1,1,0,18,0,2,5,0,0,12.106731405016768,0,2,5,0,0,13.775181617229753,0,7.6,1.5,0.31,Dropout
1,17,2,8863,1,1,128.2,1,30,37,10,10,105.9,1,0,0,1,0,1,17,0,0,7,5,6,13.580099463770045,0,0,7,7,6,15.190273715448544,0,12.6,0.9,1.78,Graduate
1,39,1,8867,0,1,160.1,1,39,39,9,11,130.8,0,0,0,1,1,0,20,0,0,10,9,0,8.717995962398525,0,0,5,18,0,0.0,0,15.4,3.4,-1.08,Dropout
1,46,1,33,1,1,120.9,1,2,1,10,9,109.9,1,0,0,0,1,0,17,1,16,0,19,14,12.296626207525783,0,0,5,7,0,14.185348729827881,0,9.7,1.5,-1.97,Dropout
1,18,1,9508,0,1,136.2,1,36,11,2,114,125.0,1,0,0,0,1,0,30,0,0,5,7,0,12.651909717913464,0,0,6,5,4,0.23939105333990474,0,9.3,1.6,1.85,Enrolled
1,3,1,9488,1,1,134.7,1,19,19,6,6,110.3,0,0,0,1,0,0,27,0,0,6,7,0,11.794716063411373,0,0,17,6,0,12.632550535994534,0,11.4,-0.2,0.28,Enrolled
1,18,2,9079,1,1,137.7,1,4,3,6,9,128.6,1,0,0,1,0,0,18,0,3,7,7,6,9.97571530907554,0,0,8,4,6,14.655926403362647,0,11.4,1.4,1.94,Enrolled
1,43,5,8899,1,1,127.6,1,4,19,6,4,119.3,0,0,0,1,0,1,19,0,0,7,7,7,9.272116753190662,0,0,14,8,5,16.578078815996413,0,10.8,3.7,1.69,Enrolled
1,39,1,9251,1,33,127.3,1,4,18,9,195,95.6,1,0,0,1,1,0,21,0,0,5,5,5,11.28242351598442,0,2,6,8,17,0.0,0,7.7,3.4,0.68,Dropout
1,39,1,9991,1,1,125.2,1,35,38,6,9,128.8,1,0,0,1,0,0,17,0,0,1,5,6,12.523799365335044,0,2,8,7,0,12.457071802039756,0,11.2,1.5,3.49,Enrolled
6,17,1,9042,1,1,143.0,16,1,37,10,8,111.9,0,0,0,1,0,0,18,0,0,5,5,4,0.39581755154681414,0,0,5,12,0,0.8512330109766524,4,8.0,1.4,-2.03,Dropout
1,3,1,9042,1,1,142.0,1,36,36,8,2,129.2,0,0,0,0,0,0,17,0,0,3,8,2,0.8646269162296623,0,0,5,7,6,0.5722429850245386,0,8.8,3.7,-0.85,Dropout
1,17,1,681,1,41,133.8,1,18,33,8,8,160.9,0,0,0,0,1,0,18,0,0,5,4,0,0.0,0,0,5,0,0,0.31268657036675906,0,16.2,2.8,-2.11,Dropout
1,2,1,8950,1,1,125.9,1,38,1,11,101,121.0,1,0,0,1,0,1,18,0,19,5,8,7,10.386019884998696,0,2,6,9,6,12.628943166399816,0,10.9,-0.2,-3.37,Enrolled
1,18,4,9400,1,1,137.3,1,18,18,8,178,108.9,0,0,0,1,0,0,18,0,0,7,7,8,10.54152303833348,0,0,8,8,7,14.622699553980803,0,11.2,3.7,1.79,Graduate
1,17,2,1693,1,1,126.1,1,2,37,5,10,126.5,1,1,0,1,0,0,22,0,8,8,14,5,16.166503618360725,0,0,8,8,2,13.202288342821316,0,12.6,-0.2,1.95,Dropout
1,41,1,9105,1,2,132.2,1,36,36,6,9,99.4,0,0,1,0,1,0,19,0,0,5,10,1,0.0,0,2,16,0,0,0.0,0,16.2,3.7,-4.06,Dropout
1,45,1,9446,1,1,132.6,1,1,39,5,9,146.5,1,0,1,1,0,1,20,0,0,7,4,5,14.65572485738015,0,0,7,7,6,11.256815886540009,0,12.7,0.8,2.05,Enrolled
1,39,1,33,1,1,134.4,1,37,37,10,7,116.0,0,0,0,0,1,0,32,0,0,6,5,0,0.09606003315735706,0,0,23,4,0,1.2028802262853533,0,10.0,1.3,3.21,Dropout
1,45,1,9003,0,40,124.4,1,20,36,10,9,129.0,1,0,0,0,1,0,24,0,0,7,14,4,14.083995053355867,0,2,8,7,0,0.6280068109876282,0,16.2,2.6,-3.15,Enrolled
2,2,3,9861,1,1,162.9,1,1,18,9,7,164.5,1,0,0,1,0,0,17,0,0,7,7,5,14.551346633312992,0,0,8,12,4,12.378306163025918,0,9.6,-0.5,1.61,Graduate
1,40,1,9159,1,1,117.1,1,37,37,10,4,128.6,0,0,1,1,0,0,44,0,0,5,7,3,0.0,0,0,7,7,4,11.653460998388248,0,14.4,2.9,2.0,Dropout
1,1,4,9348,1,1,131.8,1,20,42,7,6,99.6,0,0,0,1,0,1,18,0,0,8,8,7,10.066545315303143,0,0,6,8,6,11.975824216299122,0,11.0,3.7,1.44,Graduate
1,41,1,9595,1,1,118.7,1,35,38,8,5,118.7,1,0,0,1,1,0,18,1,0,5,5,5,12.603230399559502,0,0,1,8,1,14.026326742291607,3,14.4,1.5,1.57,Dropout
1,1,2,9150,0,1,140.2,1,2,36,3,5,106.9,1,0,1,1,1,0,19,0,0,5,8,5,11.589235307322445,0,0,7,8,5,13.53584677249103,0,13.2,0.4,0.76,Enrolled
5,16,2,9335,1,1,123.3,1,1,3,0,12,108.4,1,0,0,1,0,0,18,0,0,6,7,6,12.598252230043505,0,0,8,10,6,15.108606746727926,0,16.2,0.7,1.49,Graduate
1,17,1,9022,1,33,123.5,1,37,1,1,0,97.9,0,0,0,1,0,0,39,0,0,5,9,5,11.54984829049694,0,0,5,11,0,12.306927688761988,1,8.3,3.0,-1.92,Dropout
1,17,1,9135,1,1,145.9,1,1,19,5,8,110.0,1,0,0,1,0,0,17,0,0,6,8,7,14.832425270795202,1,0,8,21,4,13.35981809004503,0,15.4,1.4,-4.06,Graduate
1,17,1,9986,1,1,161.5,11,1,2,8,7,123.3,1,0,0,1,0,0,18,0,0,6,7,5,15.039023344110213,0,0,14,7,11,12.129075287640257,0,12.7,3.7,-2.89,Graduate
2,39,1,33,0,3,136.3,1,35,37,10,9,128.8,0,0,0,0,0,0,20,0,0,5,5,0,10.410035738955468,0,0,17,8,5,12.188409683296468,0,12.6,-0.5,3.16,Enrolled
1,42,1,9415,1,1,153.3,1,2,37,11,5,127.2,0,0,0,0,1,0,27,0,0,9,8,11,8.86280483236429,0,0,7,7,6,9.604948903870973,4,8.9,-0.7,0.6,Enrolled
1,2,2,9056,1,43,131.0,1,2,18,1,8,162.0,0,0,0,1,1,0,18,0,12,7,12,6,13.450325803417078,0,0,8,11,6,14.91639018582163,0,8.0,1.6,-0.96,Enrolled
1,1,1,8980,1,1,131.1,1,35,37,194,7,144.7,0,0,0,1,0,0,34,0,0,7,16,0,14.57082256748851,0,0,5,0,0,0.015749325596504993,0,14.9,1.5,0.14,Dropout
2,41,1,9064,1,1,127.5,1,38,38,10,1,123.7,0,0,0,0,1,0,38,0,0,5,6,0,0.0,0,0,5,7,0,0.0,0,14.3,0.6,0.16,Dropout
1,1,1,9117,1,1,158.0,1,35,36,11,5,115.2,1,0,0,1,0,0,18,0,9,8,15,7,12.916009779587677,0,0,8,0,1,14.661067649886752,0,12.3,3.7,-3.14,Enrolled
1,3,1,8885,1,1,113.6,1,38,2,10,10,132.6,1,0,0,1,0,0,17,0,0,7,8,7,11.38988552462337,0,1,6,33,6,13.05441229824706,7,11.2,0.8,1.96,Graduate
2,1,4,9117,1,1,131.9,1,4,19,4,8,116.6,1,0,0,1,0,0,17,0,0,7,8,6,11.002627781611823,0,0,12,8,6,14.310570256993405,0,11.4,0.7,1.9,Enrolled
2,43,1,9044,1,43,133.5,1,35,36,10,5,122.7,0,0,1,0,1,0,52,0,0,6,9,0,0.0,0,0,6,7,2,9.861885689618248,0,7.6,1.3,3.51,Dropout
1,57,1,9443,1,1,129.0,1,1,39,8,10,104.9,0,0,0,1,1,0,22,0,0,7,4,3,10.403745048155159,1,0,5,8,6,10.79970650285879,0,10.2,0.4,1.88,Dropout
2,46,1,9720,1,1,121.3,1,1,1,6,9,125.6,0,0,0,1,1,0,20,0,1,7,1,7,11.391723467533867,0,0,5,8,1,0.0,0,8.1,1.5,0.6,Dropout
1,19,2,9154,1,2,135.7,1,1,2,8,82,124.0,0,0,0,1,0,1,19,0,0,7,9,7,17.430023245778113,0,0,6,15,8,14.84558833484179,0,11.1,0.9,3.37,Graduate
1,1,1,9418,1,1,134.1,1,18,1,10,2,124.7,1,0,1,1,1,0,18,0,0,5,5,6,10.747396001594502,0,0,6,8,3,11.22073897147086,0,9.9,-0.6,0.27,Enrolled
1,16,2,9165,1,1,131.9,1,1,1,7,1,126.3,1,1,0,1,0,0,20,1,0,6,15,9,12.22788497133107,0,0,8,7,2,9.457928999003752,0,8.9,-0.5,1.87,Graduate
1,1,2,9620,0,1,122.7,1,35,36,0,5,95.0,1,0,0,1,0,0,22,0,0,7,7,23,15.81747763370441,0,0,6,8,3,11.282971116668525,0,12.8,-0.1,1.57,Graduate
2,19,3,8928,1,1,149.4,1,39,37,7,9,127.4,1,0,0,1,0,0,18,0,0,6,6,7,10.836685736378655,0,0,6,7,6,13.95611439500428,0,14.1,0.6,0.66,Graduate
1,46,1,7810,1,1,135.3,1,37,36,5,2,95.0,0,0,0,1,0,0,32,0,0,5,0,5,0.26024090385823223,0,0,5,7,0,12.885024217324894,2,7.9,-0.7,0.37,Dropout
1,1,2,9479,1,1,130.3,1,38,2,11,0,129.9,1,0,0,1,0,0,17,0,0,7,7,5,12.127145959522839,0,0,23,2,5,12.86910251800135,0,11.4,-0.8,-2.12,Graduate
1,16,1,7753,0,2,137.8,1,35,40,5,8,125.1,0,0,1,1,1,0,17,0,0,5,5,0,10.394629471521485,0,0,5,11,0,0.0,0,12.8,3.7,0.22,Dropout
1,1,2,9006,0,1,144.9,1,37,37,4,12,123.2,1,0,0,1,0,1,28,0,0,6,7,4,11.92942185016527,0,14,6,7,5,9.068346636846382,0,15.9,0.5,0.66,Enrolled
1,2,3,9225,1,1,98.3,1,20,1,5,8,121.8,0,0,0,0,0,1,18,0,0,6,7,7,12.656360274130652,0,0,8,8,5,14.614255827815224,0,14.1,0.8,2.13,Graduate
1,42,4,9260,1,1,147.3,1,4,36,8,4,117.7,1,0,0,1,0,1,18,0,0,7,8,5,10.175390284477718,0,0,6,4,12,10.628544699339097,0,15.0,2.7,1.63,Graduate
1,15,2,8874,1,14,137.5,1,2,36,9,9,138.0,0,0,0,1,0,0,20,0,0,17,5,5,11.290001282325502,0,0,6,7,6,14.422159509162134,0,15.5,0.5,0.25,Graduate
5,19,1,33,1,2,129.8,1,1,37,9,7,150.5,0,0,0,1,0,0,17,0,0,11,13,5,12.771897671549727,0,0,14,10,6,15.390776230345363,0,16.2,3.4,1.96,Graduate
6,19,1,9178,0,1,129.8,1,39,2,2,2,126.6,0,0,0,1,0,0,26,0,0,5,0,1,0.0,0,1,5,10,1,0.13666794671775406,2,16.2,0.4,-4.06,Dropout
1,40,1,8927,1,1,117.1,1,38,37,5,10,113.9,1,0,0,1,1,0,20,0,6,7,8,6,12.092630100149758,0,3,6,7,6,9.897385732054392,0,16.2,1.4,-4.06,Graduate
1,16,4,8641,1,19,128.8,1,36,1,0,12,128.7,1,1,0,1,0,1,18,0,0,7,7,5,14.218716272911355,0,0,8,7,4,14.12569246812273,0,12.9,3.7,1.78,Graduate
1,2,2,9205,0,1,139.9,1,38,38,9,3,100.5,0,1,0,1,0,0,34,0,0,7,8,7,10.42410446802029,0,4,5,7,8,12.014873783558558,0,11.0,1.4,1.59,Enrolled
1,1,1,9169,1,1,117.5,1,1,1,10,10,128.7,1,0,0,1,0,0,17,0,0,6,7,6,17.25581337085709,0,0,8,8,6,15.452457819772683,0,10.9,-0.7,0.57,Graduate
1,1,5,9227,1,1,131.0,1,39,1,8,7,115.9,1,0,0,1,1,0,18,0,0,5,4,7,13.278616760848045,1,0,8,7,4,17.042744851318943,0,13.0,2.9,1.52,Graduate
1,2,4,9259,1,1,137.9,1,1,35,1,11,97.5,1,0,0,1,0,1,17,0,0,6,8,6,11.349347076817985,0,0,8,6,6,14.846934055345791,0,12.6,0.5,1.59,Graduate
1,41,1,9079,1,33,131.5,1,38,38,10,9,113.8,0,0,0,1,0,0,17,0,0,5,8,8,12.149880570960764,0,5,6,8,7,14.829903668395799,1,11.0,-0.5,-3.35,Dropout
1,41,1,1408,0,1,138.1,1,37,38,10,7,125.7,0,0,1,0,1,0,28,0,0,5,5,1,0.0,0,0,5,8,0,0.0,0,8.3,-0.2,-0.77,Dropout
1,19,4,9074,1,1,173.5,1,1,35,10,9,154.5,1,0,0,1,0,1,17,0,0,6,7,6,14.394508065921041,0,0,8,9,6,10.524039048344877,0,8.2,1.6,-3.44,Graduate
1,1,1,9595,1,2,131.2,1,36,38,10,8,95.0,0,0,0,1,1,0,42,0,0,5,13,3,0.0,0,0,8,8,0,10.444655865030272,0,7.8,-0.6,-2.21,Dropout
1,38,1,9168,1,3,136.2,1,35,1,3,8,110.8,0,0,1,0,1,0,18,0,0,5,4,0,0.1724307158002385,0,0,5,7,0,13.759278629676686,0,11.2,-0.4,-4.06,Dropout
1,16,1,9246,0,1,125.1,1,1,39,0,12,99.2,1,1,0,1,0,0,17,0,0,6,8,5,15.360305431510959,0,0,7,7,6,11.420756499147169,0,12.8,3.7,1.65,Enrolled
1,17,1,7801,1,1,143.3,33,2,1,10,6,115.7,0,0,0,1,0,0,26,0,0,11,7,3,16.915458767348277,0,0,8,7,6,13.093293377956185,0,10.9,2.9,1.87,Graduate
1,17,2,8962,1,1,163.8,1,3,34,10,4,104.7,1,0,0,1,0,0,19,0,0,6,6,6,12.246695041837414,0,0,6,4,6,12.469950115193049,0,14.5,0.4,0.92,Graduate
1,1,1,9803,1,1,134.7,1,1,37,5,11,124.7,1,0,0,1,0,1,19,0,0,6,14,6,14.085740029232783,0,0,6,8,6,12.486885810903809,0,10.8,-0.1,-2.93,Graduate
1,43,2,8896,1,1,143.4,1,1,18,11,7,124.4,1,0,0,1,0,1,17,0,0,6,8,3,14.948277232493083,0,0,8,7,6,11.74701527217082,0,7.6,1.5,1.46,Graduate
1,40,1,9033,1,39,132.1,1,38,37,8,7,123.6,1,0,0,1,0,0,19,0,3,8,7,7,9.813036489564691,0,0,8,8,6,12.16483148123264,0,12.3,-0.8,-2.84,Graduate
1,1,2,8979,1,1,142.7,1,36,1,9,8,150.8,0,0,0,1,0,0,52,0,0,6,7,6,12.822150333484403,0,0,8,8,6,15.743557268469974,0,12.7,-0.3,0.19,Enrolled
2,40,1,9982,1,1,135.7,1,36,40,7,5,142.5,0,0,1,0,1,0,40,0,0,8,4,0,9.817630617476196,0,0,6,8,0,0.0,0,13.2,2.8,-4.06,Dropout
2,43,1,9182,1,1,152.3,1,35,36,10,66,155.1,0,0,0,1,0,0,18,0,0,5,11,0,0.0,0,0,1,0,0,14.820387886918406,0,11.4,1.5,2.01,Dropout
1,46,1,8939,1,41,134.9,1,3,37,10,2,128.7,0,0,0,1,0,0,20,0,0,5,0,7,0.0,0,0,5,9,1,12.233978254913756,0,9.7,1.3,-3.1,Dropout
1,40,2,9723,0,1,111.9,1,1,20,7,10,128.5,0,0,1,1,0,0,18,0,0,5,5,7,12.7691637578679,0,6,6,5,5,11.026486429672502,0,8.0,-0.7,2.08,Dropout
2,39,1,9060,1,42,127.1,1,35,36,10,8,107.5,0,0,1,0,1,0,35,0,0,5,12,0,0.0,0,0,5,0,0,11.933971358188286,0,7.9,1.5,0.25,Dropout
2,18,1,9201,1,43,128.2,1,36,36,2,193,96.7,0,0,0,0,1,0,35,0,0,5,6,0,0.0,5,0,5,0,0,0.0,0,16.2,3.4,-3.5,Enrolled
4,16,1,9045,1,1,105.6,1,18,36,8,9,167.4,1,0,0,1,0,0,18,0,0,6,6,0,15.806381686275722,0,0,8,8,7,11.105435285205719,0,7.9,2.7,-2.11,Graduate
1,1,2,8974,1,2,129.8,1,39,18,10,7,110.4,1,0,0,1,0,0,21,0,0,11,6,2,15.044519782051768,0,0,6,8,6,12.34028483085921,0,14.1,-0.2,-1.11,Graduate
2,40,1,8919,0,6,138.3,1,38,37,9,10,148.8,0,0,1,0,1,0,52,0,0,5,0,6,0.0,0,0,5,0,0,0.0,0,12.1,3.7,-0.81,Dropout
1,42,1,8893,0,1,130.5,1,1,37,9,4,95.0,0,0,0,1,0,0,17,0,0,5,11,7,12.986420798016841,0,0,6,10,3,14.943099500864378,0,11.2,-0.7,-3.25,Dropout
4,18,5,8896,1,5,142.4,1,19,37,4,5,107.7,1,0,0,1,0,0,18,0,0,7,0,5,13.736864755957654,0,1,7,7,6,12.692075441657806,0,11.2,0.8,0.98,Enrolled
1,38,1,9895,1,20,118.9,1,7,38,9,13,151.4,0,0,0,0,1,0,17,0,7,5,8,0,0.0,0,0,1,12,0,0.6456074159313606,0,14.4,3.7,-1.66,Dropout
1,3,2,8976,1,1,139.9,1,3,36,10,7,137.7,1,0,0,1,0,1,17,0,0,7,6,6,13.410516118046438,0,0,8,8,6,14.038846056289273,0,16.2,-0.4,1.87,Graduate
1,39,1,9728,0,1,130.7,1,37,1,9,157,165.5,0,0,1,0,1,0,21,0,0,5,13,0,0.0,0,0,6,7,0,11.267096613180339,0,15.8,-0.0,-0.92,Dropout
1,17,6,9081,1,1,126.1,1,39,36,7,8,97.6,1,0,0,1,0,1,17,0,0,7,8,6,9.520869979048733,0,0,6,8,6,12.48173919542619,0,12.3,-0.6,0.39,Graduate
1,52,3,9601,1,1,141.7,1,18,2,9,0,125.2,1,0,0,1,0,0,20,0,0,5,8,5,11.862230119319625,0,0,6,9,4,9.259338253196209,0,7.7,0.4,1.77,Graduate
1,40,1,9548,1,1,168.4,1,39,18,2,4,126.7,1,0,0,1,0,0,17,0,6,5,8,6,11.798480011445811,0,17,6,5,6,16.20435103151227,0,12.8,1.3,-2.65,Dropout
1,18,1,9109,1,1,119.9,1,36,35,11,7,163.0,0,0,0,1,1,0,19,0,0,5,7,5,11.97156075953761,0,0,5,8,0,0.3697012346795297,0,7.6,3.1,3.04,Graduate
1,46,1,8952,1,1,133.4,1,2,38,11,110,104.5,1,0,0,1,0,1,26,0,0,8,8,5,10.360784602706774,0,0,8,7,6,11.01087619980606,0,9.3,3.7,-0.9,Dropout
1,18,1,9053,1,1,145.3,1,38,35,3,5,112.8,0,0,0,1,0,0,18,0,0,6,5,5,11.829396221321325,0,0,7,10,3,12.968503745275855,0,12.4,-0.4,1.56,Dropout
2,2,1,9210,1,1,123.8,1,38,1,8,10,108.3,1,1,0,1,0,0,17,0,0,7,6,7,13.323524876735071,0,0,12,4,6,11.83618731407553,0,12.2,-0.6,1.62,Graduate
1,1,1,9113,1,1,166.1,1,35,36,11,6,130.0,0,0,0,1,0,0,17,0,0,7,10,9,10.058554975706068,0,0,5,9,7,13.4729769313071,0,7.6,0.7,1.55,Graduate
1,39,1,9436,1,7,133.9,1,27,39,1,7,144.0,0,0,0,1,1,0,25,0,0,7,5,3,9.411313552011688,0,0,13,10,3,11.530424202624006,0,16.0,-0.7,3.42,Dropout
2,40,1,9022,1,5,125.3,1,36,36,11,5,121.6,0,0,1,0,1,0,25,0,0,5,5,0,0.0,0,0,5,4,0,1.0394234972466714,0,7.9,1.6,3.51,Dropout
2,38,1,9410,1,38,119.0,1,20,17,8,12,123.7,0,0,0,0,0,0,19,0,8,6,5,5,11.783972036569068,0,0,8,11,6,11.447714792914573,0,15.7,-0.8,0.19,Graduate
1,47,2,9297,1,1,137.6,1,3,37,4,6,131.0,1,0,0,1,0,1,18,0,0,8,8,5,13.193694683444992,0,0,6,11,8,16.281262755119105,0,9.2,1.6,1.64,Graduate
1,2,2,9158,1,17,136.7,1,37,36,10,7,127.0,1,0,0,1,0,1,17,0,0,7,6,6,14.163089289201265,0,0,8,7,6,15.959868295496738,0,12.7,-0.6,1.38,Graduate
6,18,1,9024,1,20,120.3,1,3,1,10,12,117.1,0,0,0,1,1,0,17,0,0,8,0,4,10.16976176038795,0,0,21,6,3,15.305127799866103,0,11.3,1.3,1.91,Dropout
1,48,4,9128,1,1,120.8,1,1,1,7,11,98.1,1,0,0,1,0,1,18,0,0,7,3,3,0.0,0,0,8,6,5,16.163352466337347,0,11.3,0.6,2.2,Dropout
1,19,4,9144,1,1,144.6,1,38,18,9,7,130.5,1,0,0,1,0,0,17,0,0,7,8,5,14.539305433904879,0,0,6,7,6,15.092984329362316,0,13.9,-0.8,1.94,Graduate
1,2,1,9206,1,1,140.1,1,38,29,10,6,123.0,1,0,0,1,0,0,17,0,0,6,7,4,14.405161049763318,0,0,2,10,5,14.80336965989392,0,16.2,-0.7,1.6,Enrolled
1,40,1,9647,1,1,131.2,28,37,37,9,6,127.3,1,0,0,1,0,0,17,0,0,7,10,4,0.0,0,0,8,7,1,17.387779636871755,0,16.2,1.4,0.84,Enrolled
1,1,1,9337,1,1,117.2,1,34,1,9,9,127.2,0,0,0,1,0,0,29,0,0,8,7,7,11.820238993745019,0,1,8,6,6,13.09308486230822,0,8.7,-0.4,-2.04,Enrolled
2,40,1,9559,1,37,152.5,1,39,37,194,7,117.7,0,0,1,0,1,0,21,0,0,3,5,5,0.0,0,0,5,8,0,0.4310221164955761,0,7.6,1.3,1.79,Dropout
1,16,3,9234,1,1,118.4,1,35,1,9,7,114.9,1,1,0,1,0,0,17,0,0,7,5,4,12.00738924628934,0,0,2,9,7,12.038745947174585,5,16.2,2.9,1.56,Graduate
4,41,1,7658,1,1,119.9,1,36,36,12,0,142.2,0,0,0,0,1,0,20,0,0,5,5,0,0.0,0,0,5,5,0,13.211155337252139,6,10.9,3.7,-1.15,Dropout
2,1,2,9376,1,39,150.2,1,3,38,3,195,115.2,1,1,0,1,0,0,18,0,0,8,8,7,10.451452710260895,0,0,5,8,4,11.906741968030468,0,10.9,-0.7,0.07,Dropout
2,2,1,9338,1,39,132.1,32,37,36,10,91,131.2,0,0,0,1,0,0,21,0,17,6,4,7,14.809889324266459,0,0,12,8,2,15.610477934980945,0,12.6,3.0,2.16,Dropout
5,18,1,9134,0,20,132.2,1,37,38,10,2,173.7,0,0,0,1,1,0,36,0,0,10,8,0,0.00033773859925660676,0,0,13,6,0,0.42659360256949214,0,8.4,2.7,-1.84,Graduate
2,18,1,9570,1,1,125.8,1,39,37,8,7,129.6,1,0,0,1,0,0,18,0,0,6,7,7,11.584100264634035,0,1,8,7,4,15.324123317181357,0,8.8,-0.5,-4.06,Graduate
2,40,1,9635,0,2,139.1,1,36,38,11,4,99.4,0,0,0,0,1,0,32,0,0,5,0,6,10.957397101096038,0,0,5,6,3,0.0,2,8.2,0.5,0.28,Enrolled
4,2,1,9006,1,2,116.7,1,37,2,8,9,116.2,1,0,0,1,1,0,19,0,0,5,7,6,14.39499906543363,0,0,14,6,6,11.204898499949605,1,9.5,1.4,1.61,Dropout
5,19,4,9160,0,2,132.4,1,3,19,7,11,135.1,0,1,0,1,0,0,18,0,0,0,6,6,11.993585637755096,0,0,7,8,6,13.471924632108363,0,8.3,-0.1,0.45,Graduate
1,1,1,9016,1,1,131.7,1,36,38,10,5,133.9,1,0,0,1,1,0,17,0,0,7,11,7,13.565180600835543,3,1,6,7,7,16.798870998728844,0,11.4,0.6,1.47,Enrolled
1,18,1,9482,1,1,134.8,1,36,37,8,1,127.7,0,0,0,0,0,0,40,0,0,5,6,0,0.0,0,0,5,9,0,0.0,3,8.0,1.5,-4.06,Dropout
1,40,3,9889,1,39,129.0,1,1,33,1,5,124.2,1,0,0,1,0,0,18,0,2,7,12,2,12.832960852797735,0,0,8,7,0,9.291451646663203,0,7.9,-0.8,-3.41,Graduate
1,38,1,9101,1,1,134.5,1,36,37,11,12,162.3,0,0,1,0,1,0,26,0,6,5,9,0,0.0,0,0,5,4,5,0.0,0,7.8,2.7,-1.42,Dropout
1,42,2,8855,1,40,106.4,28,35,4,9,8,130.2,0,0,0,0,1,0,21,0,0,5,5,1,0.0,0,0,21,0,1,9.571012491893683,0,9.8,1.3,0.32,Dropout
2,41,1,33,1,1,149.3,1,36,37,4,7,135.4,0,0,0,1,0,0,19,0,0,7,7,0,11.313056750254061,0,0,5,7,4,11.021603507289186,0,16.2,2.9,1.57,Dropout
1,46,4,33,1,1,173.4,1,37,37,10,11,98.5,1,0,0,1,0,1,49,0,0,7,6,3,9.904642447759727,0,0,15,8,2,0.0,0,7.8,1.3,-0.83,Enrolled
1,15,1,9203,1,32,126.5,1,37,36,10,6,118.2,0,0,1,1,0,0,19,1,0,5,6,4,13.137558775366557,0,0,8,8,9,0.0,1,10.9,0.6,-2.07,Dropout
1,17,2,9609,1,21,171.0,1,1,19,8,9,137.3,1,0,0,1,0,0,18,0,0,0,8,4,11.60534698432379,0,0,2,7,6,16.529693674045834,0,12.7,1.4,2.12,Graduate
1,19,1,9007,1,1,152.4,1,38,37,2,5,124.7,1,1,0,1,0,0,19,0,0,5,5,6,10.142285048120403,0,0,8,8,7,12.769227357581375,0,11.2,0.8,2.04,Graduate
1,1,2,9028,1,1,131.2,1,1,19,3,7,116.3,1,0,0,1,0,0,18,0,0,7,6,3,11.806639875796952,0,0,23,8,6,9.856919936538137,0,12.6,0.8,0.42,Graduate
1,1,6,8990,1,1,137.4,1,1,1,96,98,135.1,0,0,0,1,1,0,18,0,0,7,10,1,14.966101044440087,0,0,14,6,6,0.0,0,9.1,0.8,0.12,Enrolled
1,3,2,9232,1,1,152.7,1,19,1,10,195,128.1,1,0,1,1,0,1,17,0,18,7,7,7,10.945593371232691,0,0,20,7,6,10.750575099685776,0,8.0,0.8,-0.8,Graduate
2,2,4,9100,1,1,113.2,1,15,19,7,1,131.4,1,0,0,1,0,1,18,0,0,7,7,6,12.410122981568332,0,0,6,5,8,15.116219578519914,0,8.9,1.0,1.41,Graduate
1,9,1,508,0,1,122.5,1,38,40,2,3,123.2,0,0,0,1,0,0,27,0,0,7,6,3,0.0,0,0,6,0,0,0.0,0,13.9,-0.5,-0.03,Dropout
1,3,2,8960,1,1,137.8,1,19,1,9,7,132.2,1,0,0,1,0,0,17,0,0,7,8,6,15.385579357588657,0,0,8,8,6,13.016276582387748,0,12.7,0.0,2.15,Graduate
1,17,1,9635,1,1,133.4,1,38,36,4,10,95.0,0,0,0,1,1,0,22,1,0,7,27,6,11.462644638732687,0,0,6,24,1,14.873519330082033,2,7.9,0.9,-1.88,Dropout
1,2,1,9012,0,1,171.8,1,19,39,9,3,132.3,1,0,0,1,0,0,36,0,0,8,6,4,11.549149858384942,0,0,5,10,9,15.216437989567963,0,11.3,-0.3,0.53,Dropout
1,39,1,9071,1,1,132.4,1,35,1,10,9,96.5,0,0,1,0,1,0,18,0,0,5,8,0,0.0,4,0,5,0,0,0.0,0,15.9,1.5,-1.29,Dropout
1,43,1,9186,1,17,136.9,1,37,37,1,92,113.1,0,0,0,1,1,0,19,0,0,7,1,2,12.619396864522377,0,0,6,4,4,10.595043321690117,2,7.6,2.8,-4.06,Dropout
1,40,1,9299,1,43,132.9,1,35,37,8,4,105.4,0,0,0,0,1,0,18,0,0,5,6,0,12.58094205086145,0,0,8,0,4,11.336928513452193,0,9.3,-0.7,-4.06,Dropout
1,16,3,9581,1,1,144.5,1,3,3,9,7,129.2,1,0,0,1,0,0,18,0,0,7,5,6,12.744388015102498,0,0,6,7,6,9.874418780273881,0,8.5,-0.8,-3.41,Graduate
2,39,1,9830,1,9,147.3,1,37,37,7,9,110.4,0,0,0,1,0,0,19,0,0,6,7,0,12.579924496059554,0,0,6,8,0,0.36360011917270907,0,8.2,-0.2,3.12,Dropout
1,16,1,9416,1,1,129.3,1,35,35,9,59,118.7,1,0,0,1,0,1,18,0,0,7,13,5,15.128246719163778,0,0,8,7,6,12.965546486497102,0,12.4,3.7,-0.06,Dropout
1,37,1,9872,1,1,122.8,1,39,37,8,9,95.0,0,0,0,1,0,0,28,0,0,7,6,22,12.26605516941897,0,2,6,8,6,0.0,0,7.7,3.5,-1.02,Graduate
1,57,2,9621,1,1,141.4,1,38,36,9,4,118.4,1,0,0,1,0,1,18,0,0,6,6,23,15.33028187364377,0,3,13,8,5,11.025324298413539,0,8.2,0.3,2.02,Enrolled
1,2,1,8879,1,1,135.7,1,1,35,2,9,113.9,1,0,0,1,0,0,19,0,0,7,8,6,15.099432160718928,0,0,6,7,3,14.472596217949825,1,7.6,1.5,0.77,Enrolled
1,18,1,7513,1,1,132.4,1,37,2,9,113,131.4,0,0,0,0,0,0,25,0,2,5,0,1,0.0,0,0,5,5,0,0.0,4,7.9,1.5,1.77,Dropout
1,2,6,9178,1,1,129.4,1,20,36,10,8,115.8,0,0,0,1,0,0,30,0,16,15,20,6,11.684686288917003,1,0,6,8,3,11.22467871327293,0,12.1,-0.2,-1.77,Graduate
1,3,4,8896,1,1,136.9,1,3,18,9,10,111.9,1,0,0,1,0,0,18,0,0,7,8,3,11.081268538131404,0,1,7,7,6,11.67805379303984,0,8.1,1.5,1.99,Graduate
2,39,1,9313,1,1,169.2,1,38,39,3,5,132.1,0,0,0,1,1,0,35,0,0,5,8,5,10.637465589929535,0,0,5,0,0,0.051493637487222105,0,8.2,2.6,-1.24,Dropout
1,3,6,9188,1,1,135.6,1,20,1,7,5,134.0,1,0,0,1,0,0,17,0,0,8,5,5,11.818057053501875,0,0,6,6,3,0.0,0,12.3,0.8,-4.06,Graduate
1,1,1,9454,0,1,132.9,1,1,37,6,11,117.5,0,0,1,0,0,0,26,0,0,6,10,5,0.6830474606201157,0,0,5,7,6,10.594070177867318,0,16.2,1.4,-3.39,Dropout
2,18,1,9718,1,1,129.9,1,37,38,11,2,108.6,1,0,0,1,1,0,18,1,7,5,8,6,11.688980160240668,0,0,17,8,6,12.343331491166616,0,7.6,3.0,-3.22,Enrolled
1,47,1,9370,1,1,132.6,1,36,37,8,0,111.0,0,0,0,0,0,0,19,0,0,5,6,0,10.131692647417951,0,0,7,7,7,13.567182508882539,0,9.9,2.8,2.22,Dropout
1,1,6,9261,1,1,140.3,1,2,1,8,9,124.5,1,0,0,1,0,1,17,0,0,7,8,6,11.99587802309685,0,0,7,12,6,13.366118285581631,0,11.5,3.0,1.61,Enrolled
1,1,1,9346,0,4,132.2,1,35,38,8,6,112.4,0,0,0,0,1,0,19,0,0,9,0,0,11.783238362986118,0,0,5,8,0,12.494881872930472,0,8.0,1.4,1.71,Dropout
2,39,1,9312,1,1,129.7,1,35,39,9,7,145.8,0,0,1,0,1,0,18,0,0,5,8,5,0.0,4,0,5,6,0,0.0,0,16.2,1.4,0.35,Dropout
1,41,1,8837,1,1,138.1,1,37,35,11,167,116.1,0,0,0,1,0,0,18,0,0,5,0,4,0.0,0,0,8,7,0,0.9002910021362053,0,9.5,2.6,-3.42,Dropout
1,41,1,9147,1,40,134.7,1,37,37,10,9,140.0,0,0,0,1,0,0,35,0,0,5,0,0,0.0,0,0,5,8,0,0.0,0,7.6,1.4,-1.63,Dropout
5,2,1,9881,1,1,136.9,1,1,39,7,87,139.8,1,0,0,1,1,0,18,0,0,5,7,0,8.579801821755268,0,0,6,0,5,10.329705594585729,0,14.3,1.3,-1.5,Enrolled
1,1,2,9034,1,1,127.8,1,38,1,10,8,137.1,1,0,0,1,0,1,19,0,0,13,8,4,11.422987218252779,0,0,10,7,6,11.13955219609868,0,9.5,1.5,-3.01,Dropout
1,16,3,9035,1,1,132.6,1,35,18,6,8,103.9,1,0,0,1,0,0,17,0,0,7,7,6,14.0616988559678,0,0,8,7,6,16.362332202349272,0,12.4,0.7,2.14,Graduate
1,17,1,9958,1,1,130.8,1,38,36,11,9,106.2,0,0,0,1,0,0,19,0,0,5,6,1,14.959259101427321,0,0,8,7,0,16.153002615193344,0,11.0,1.5,-4.04,Graduate
1,43,1,9494,1,43,163.9,1,1,2,7,6,98.7,0,0,0,1,0,0,17,0,11,8,7,5,15.37643315151205,0,0,5,6,4,10.430161561809099,0,8.5,1.5,-1.84,Graduate
1,17,3,9325,1,1,145.6,1,1,5,11,8,122.7,1,0,0,0,0,1,19,0,0,6,7,4,9.751378461401169,0,0,8,10,6,11.363667264577124,0,11.1,-0.5,1.83,Enrolled
1,16,6,9015,1,17,137.1,1,35,38,4,0,117.8,0,0,1,1,1,1,19,0,0,7,0,0,11.289896741264679,0,0,5,6,0,10.931393020754097,0,16.2,0.0,0.54,Dropout
1,2,4,9007,1,1,118.5,1,2,1,10,1,111.8,1,0,0,1,0,0,18,0,0,7,7,7,14.504673326789934,0,5,8,10,6,15.733736706740057,0,12.5,0.9,-4.06,Enrolled
1,1,1,9203,1,1,176.2,1,37,1,10,174,108.6,1,0,0,1,0,1,17,0,0,7,7,5,12.069225494754837,0,0,8,8,6,14.22327577336673,0,7.6,1.5,-3.37,Graduate
1,8,1,9054,1,1,110.8,1,4,19,5,9,129.3,1,0,0,1,0,0,17,1,0,7,4,1,10.772293091070475,0,5,16,8,4,11.19961981556253,2,7.8,0.8,-1.07,Dropout
1,2,2,9481,1,1,141.0,1,1,1,11,8,151.9,1,0,0,1,0,0,17,0,6,7,8,6,13.496275360130355,0,0,8,9,6,14.162907862630195,0,12.9,0.5,1.11,Graduate
1,45,1,8839,1,1,141.1,1,38,38,9,9,116.7,0,0,0,1,0,0,19,0,0,7,7,5,13.780221169248852,0,0,6,14,7,12.626172578281844,0,13.1,2.9,-4.06,Dropout
1,19,2,9538,1,1,114.6,1,1,2,7,10,124.6,1,1,0,1,0,0,17,0,0,7,7,5,11.116593997401328,0,4,6,6,5,13.935626995046198,0,7.7,-0.3,-3.13,Graduate
1,18,2,8864,1,1,133.0,1,1,37,10,5,99.9,1,0,0,1,0,0,19,0,0,7,6,5,13.213087929940961,0,6,0,6,0,11.50136672842768,0,7.6,0.4,-3.93,Graduate
2,17,1,7809,1,1,125.8,1,38,37,194,6,96.1,0,0,0,0,1,0,18,0,0,0,23,0,9.161627211822488,1,0,16,0,1,0.0,0,7.7,1.4,-2.01,Dropout
1,1,1,9759,1,1,123.3,1,36,38,6,7,123.3,1,0,0,1,0,0,17,0,0,6,6,7,14.674508579845451,0,0,8,8,3,14.869907527164695,1,12.9,1.3,1.95,Graduate
1,37,4,9086,1,1,133.6,1,39,4,11,195,107.5,1,0,0,0,0,0,27,0,2,5,11,0,0.0,0,13,5,4,0,0.7599113715113998,0,9.3,1.3,-3.55,Graduate
1,1,1,9060,1,1,132.5,1,18,37,1,9,111.7,1,0,0,1,0,0,17,0,15,7,6,6,16.244774045126473,0,0,8,8,6,11.440746371824376,3,12.7,1.5,1.77,Graduate
4,42,1,33,0,16,138.0,1,38,37,6,2,142.4,0,0,0,0,1,0,32,0,0,7,4,1,0.0,0,0,5,0,0,0.0,0,16.2,1.4,1.57,Dropout
1,42,1,9151,1,1,136.7,1,26,37,9,3,131.0,0,0,0,0,1,0,18,0,8,7,6,0,0.0,0,0,12,6,0,10.707131504284101,0,16.2,2.9,0.05,Dropout
2,1,1,9060,1,1,137.5,1,37,37,10,6,107.3,1,0,0,0,0,0,34,0,0,5,8,5,10.487548708916618,0,0,13,4,1,12.703564189900558,0,12.9,2.5,3.38,Dropout
1,2,1,9712,1,1,166.5,1,35,1,4,12,117.0,0,0,0,1,0,0,18,0,0,7,7,7,13.219046161947889,0,0,5,7,6,10.528293581461284,0,8.3,1.5,1.64,Graduate
1,15,1,9636,1,1,154.5,23,4,37,11,8,108.2,0,0,0,1,0,0,34,0,20,5,15,10,10.912113409495966,0,0,6,0,1,13.224137123636334,0,14.1,1.4,0.25,Graduate
2,19,1,9487,1,1,135.7,1,38,35,8,11,104.1,1,0,0,1,1,0,18,0,0,5,9,6,13.21702780916862,0,0,15,8,9,10.342391460274426,0,16.2,3.1,1.5,Graduate
1,38,1,8806,1,43,134.0,1,36,35,11,12,132.2,0,0,0,1,0,0,19,0,0,5,7,7,14.019871984127223,0,0,10,12,5,14.989069368123552,0,7.6,-0.8,-1.4,Graduate
1,42,1,9914,1,1,129.3,1,3,1,10,9,111.8,0,0,0,1,1,0,19,0,0,5,0,0,0.014945153199443454,1,0,6,4,0,0.0,0,16.2,2.8,0.25,Dropout
1,2,4,9606,1,1,120.5,1,37,36,0,10,96.2,0,0,0,1,0,0,18,0,0,20,7,4,12.486640221463622,0,0,7,12,9,13.260009223078843,2,8.7,0.4,-2.81,Enrolled
1,1,3,9818,1,1,133.6,1,38,18,7,6,127.7,1,0,0,1,0,0,17,0,0,6,8,8,15.332902965151359,0,0,17,7,4,13.837908134270238,0,10.9,0.7,1.69,Graduate
5,18,1,7637,1,1,140.9,1,38,36,5,7,105.3,0,0,0,1,0,0,19,0,2,7,8,0,9.74595224661529,0,0,6,8,8,11.702751162148468,3,16.2,-0.4,3.51,Dropout
1,41,1,9014,1,1,140.0,1,1,37,1,9,105.9,0,0,0,0,0,0,19,0,0,7,9,4,15.160276432765952,0,0,6,17,1,13.750131236562332,0,12.9,1.4,1.83,Graduate
1,45,2,9449,1,1,145.9,1,1,36,9,11,122.3,1,0,0,1,0,0,18,0,7,8,11,5,13.281487994458692,0,2,6,9,4,15.02201948421336,0,11.1,0.3,-3.36,Enrolled
1,1,1,9321,1,1,143.6,1,1,1,10,4,121.0,1,0,0,1,0,0,18,0,0,7,7,4,14.643472692120245,0,0,5,7,6,14.291156062016464,0,7.8,2.7,-1.82,Graduate
1,19,5,9163,1,15,131.5,1,36,36,10,0,129.0,1,0,0,1,0,0,18,0,0,6,8,6,12.219719030787832,0,0,6,7,6,13.425793369241003,0,11.0,0.8,1.71,Enrolled
1,41,1,8933,1,8,129.7,1,1,1,12,99,143.4,0,0,0,1,0,1,29,0,0,8,8,4,10.688768967329649,0,0,5,4,2,14.864314054747364,0,14.1,2.7,-1.17,Graduate
1,1,1,9003,1,1,141.5,1,18,37,4,11,110.0,0,0,1,1,0,0,17,0,0,7,8,4,10.683898153881444,0,0,6,10,6,14.27781970075934,0,12.6,3.7,0.1,Graduate
2,17,1,9193,1,36,132.3,1,19,36,9,7,127.4,0,0,1,0,1,0,30,0,0,5,0,2,10.846413702841705,0,0,11,5,0,11.267558393541545,0,12.2,1.5,0.53,Dropout
4,17,5,9956,1,1,133.5,1,31,38,11,6,134.8,0,0,0,1,0,0,20,0,6,5,4,5,10.805199313356027,0,0,6,5,0,0.0,0,11.4,1.5,1.38,Dropout
1,45,1,8958,1,1,130.4,1,1,2,1,6,136.9,0,1,0,1,0,1,18,0,0,6,11,5,11.484299989708475,0,1,7,5,6,10.462503696907026,0,12.5,-0.6,-1.85,Graduate
2,39,1,7573,1,20,132.1,1,36,37,10,2,129.1,0,0,0,1,0,0,17,0,2,5,0,0,12.214488541780858,0,4,5,5,0,0.0,0,9.3,3.7,-4.06,Dropout
1,2,1,9011,1,1,130.0,1,2,37,9,7,135.8,1,0,0,1,0,0,18,0,3,7,9,7,14.20705630883152,0,0,8,10,6,16.69012366240858,0,7.6,0.9,1.51,Graduate
1,2,4,9084,0,1,142.1,1,38,18,10,10,136.7,1,0,0,1,0,0,19,0,0,7,8,7,11.528904207375101,0,0,6,8,7,13.08802696470191,1,11.1,0.9,1.9,Graduate
2,38,1,8915,1,18,129.2,1,35,36,10,8,154.6,0,0,1,0,1,0,34,0,0,5,0,0,0.0,0,0,5,1,0,0.0,0,16.2,2.9,0.47,Dropout
4,18,1,9401,1,1,125.5,1,5,36,10,10,140.7,1,1,0,1,0,0,30,1,0,6,7,6,11.408174035789798,0,0,16,4,6,14.12205853960532,0,12.8,2.7,0.46,Graduate
1,17,1,9487,1,1,135.2,1,1,36,76,7,126.8,1,0,0,1,0,0,17,0,0,7,8,3,15.255291319803211,0,0,6,9,4,14.734881454145373,0,7.6,-0.6,-3.61,Enrolled
1,19,1,8936,1,1,143.4,1,2,38,8,4,99.4,1,0,0,1,0,0,17,0,0,6,9,7,15.342692225936501,0,0,23,10,4,13.041501317456733,0,13.0,0.7,0.62,Graduate
2,19,1,9089,1,23,134.6,1,36,19,11,3,178.2,0,0,1,0,1,0,26,0,0,5,13,0,0.0,0,0,5,8,2,0.0,0,13.0,1.5,-1.34,Dropout
1,3,1,9162,1,43,132.9,1,36,36,9,7,141.4,1,0,0,1,0,0,17,0,0,7,8,6,11.686647624748424,0,0,6,7,6,14.298019880126564,0,12.8,-0.4,0.71,Dropout
1,2,4,9217,1,1,127.7,1,1,37,8,8,126.0,1,0,0,1,0,1,17,0,0,6,7,5,12.405784907986746,0,14,15,10,6,11.722451072417659,0,11.2,1.5,1.55,Graduate
2,1,1,8979,1,1,134.5,1,20,37,9,1,113.4,1,0,0,1,0,0,40,0,0,6,6,20,12.532593637206036,0,0,13,8,0,12.819990061646072,1,7.8,3.7,-2.1,Enrolled
1,17,2,8891,1,2,125.2,1,3,37,10,9,116.1,1,0,0,1,0,1,17,0,0,8,8,7,14.16768779025827,0,15,8,8,6,13.879149006007252,0,9.9,0.9,1.78,Graduate
1,5,1,9353,0,1,131.2,1,36,38,0,9,148.2,1,0,0,1,1,1,17,0,0,7,9,3,8.94025264888137,0,3,5,8,6,11.964495131879534,0,14.4,0.7,0.19,Dropout
2,42,1,581,1,12,131.3,1,35,38,7,7,130.5,0,0,1,0,1,0,25,0,0,5,8,0,0.0,0,1,5,0,0,0.0,0,10.0,1.6,-1.11,Dropout
4,38,1,9797,1,39,130.5,1,35,39,6,3,169.0,0,0,0,0,1,0,35,0,0,5,6,0,9.605800581946312,0,0,7,13,0,0.0,0,16.1,2.7,-4.06,Dropout
1,19,2,9382,1,1,165.3,1,1,1,1,7,104.0,0,0,0,1,0,0,17,0,0,8,8,5,10.28151883323331,0,0,6,5,7,12.696115191556897,0,14.1,1.5,0.78,Graduate
1,18,1,9159,1,1,104.7,1,36,5,7,10,126.6,0,0,1,1,0,0,18,0,4,5,6,1,0.0,0,0,8,7,0,0.9031297397081853,0,14.1,-0.4,0.76,Dropout
1,38,1,8995,1,43,144.5,1,1,37,104,6,117.4,0,0,0,1,1,0,18,0,0,7,0,0,9.990573750285145,0,0,5,5,1,10.375242128359332,0,15.9,1.3,0.12,Dropout
1,2,2,8813,1,1,131.3,1,2,3,7,7,130.8,1,0,0,1,0,0,17,0,0,8,7,6,11.61197279338678,0,0,6,7,6,14.229826216474152,0,11.2,0.8,1.78,Graduate
1,2,1,7772,1,21,138.0,1,1,38,3,11,119.7,1,0,0,1,0,0,17,1,0,7,6,3,13.695077043880678,0,0,5,1,5,13.390495233587709,3,16.2,-0.7,-3.72,Enrolled
1,38,1,8019,0,11,129.3,1,37,37,4,2,113.8,0,0,0,1,0,0,43,0,9,5,5,4,13.163135541770401,0,0,5,15,3,12.068233804756584,0,15.7,2.3,1.69,Dropout
1,3,1,8859,1,23,123.5,1,3,33,10,7,141.4,1,0,0,1,0,0,18,0,0,6,5,7,14.122338103460148,0,0,14,9,7,15.526456896022138,0,9.8,-0.3,1.93,Enrolled
1,2,1,9499,1,1,134.2,1,20,1,10,12,96.8,1,0,0,1,1,0,33,1,0,6,7,5,11.431751518207635,0,0,8,11,6,10.84612295430663,0,12.5,0.6,1.73,Graduate
1,46,1,7831,1,1,138.5,1,38,37,10,117,116.0,0,0,0,0,0,0,17,0,0,7,9,0,11.24462605369036,0,4,13,12,8,10.64190580551874,4,12.7,1.5,-3.11,Dropout
1,17,1,33,1,1,130.7,1,1,1,6,7,95.0,0,0,0,1,0,0,35,0,0,6,7,6,10.389374412030131,6,0,6,10,6,14.72474581188093,0,12.3,-0.0,3.48,Graduate
1,1,1,9080,1,34,134.3,1,1,1,11,10,159.8,1,0,0,1,0,0,19,0,0,6,19,3,12.950238647963955,0,0,8,13,6,13.559499892431838,0,12.2,-0.5,0.75,Graduate
1,15,3,9087,1,1,124.1,1,3,37,8,4,114.9,1,0,0,1,0,0,17,1,18,8,8,5,10.680287569535718,0,0,16,7,6,12.26594787503405,0,9.8,-0.5,-1.65,Enrolled
1,2,5,8970,1,1,139.3,1,39,37,3,11,128.0,0,0,0,1,0,0,17,0,0,6,8,4,10.403446410367305,0,0,6,7,5,15.124207139305831,0,13.1,3.0,1.7,Enrolled
1,15,1,9308,1,1,122.2,1,37,32,7,2,109.9,1,0,0,1,0,0,17,0,0,7,7,5,12.131076330035018,0,0,6,9,5,14.979016438540565,0,9.1,0.7,1.76,Dropout
1,18,1,9534,1,1,124.6,1,36,36,10,4,119.4,0,0,0,1,1,0,21,0,0,5,6,7,0.0,0,0,1,13,4,15.192291118764036,0,11.5,-0.7,-3.48,Dropout
1,16,1,9040,1,1,145.8,1,2,1,2,6,128.5,1,0,0,1,0,1,17,0,0,8,17,7,14.323582668274339,0,0,6,8,8,16.577782775999605,0,12.7,-0.4,-4.06,Graduate
1,2,1,9075,1,1,131.5,1,44,19,6,2,147.1,0,0,0,1,0,1,19,0,0,20,5,3,10.5109901947932,0,0,6,6,5,13.20209290777128,0,14.5,1.5,-4.06,Dropout
1,17,1,9195,1,39,145.8,1,1,37,9,10,100.8,1,0,0,1,0,0,34,0,0,7,0,5,11.873207182267999,0,0,5,5,0,0.8500881662886229,0,7.9,1.4,1.65,Dropout
4,1,1,9947,1,1,125.8,1,37,39,9,9,115.2,1,0,0,1,0,0,18,1,2,7,10,5,9.732489979189857,0,0,5,9,6,9.050650608521682,0,10.5,-0.4,1.59,Graduate
1,40,1,9142,1,1,133.4,1,36,40,8,8,109.4,0,0,0,0,1,0,18,0,0,5,5,0,10.781390729722204,0,1,5,7,0,0.33865558318238154,0,15.6,1.5,-3.13,Dropout
2,17,1,9316,0,42,178.3,1,36,38,7,4,156.2,0,0,0,0,0,0,21,0,2,1,5,6,11.715422397913068,0,0,13,7,0,10.56399742427195,0,12.7,1.5,3.47,Enrolled
1,18,1,9137,1,1,135.2,1,36,37,5,6,112.9,1,0,0,1,1,0,19,0,0,5,9,0,14.204046254959344,0,3,5,9,4,16.600496138209326,0,16.2,1.4,0.02,Enrolled
1,1,1,9138,1,1,141.2,1,3,37,12,7,128.3,1,0,0,1,0,0,18,0,0,8,14,5,13.343170987618313,0,0,6,7,0,16.090341369351115,0,11.0,1.4,-1.67,Dropout
1,16,3,9483,1,1,128.2,1,39,18,11,0,132.0,1,0,0,1,1,0,18,0,0,5,15,6,15.496987221876362,0,0,6,8,4,15.039968018398177,0,12.9,1.5,0.44,Enrolled
1,44,6,9605,1,1,140.4,1,36,1,10,11,125.0,0,0,1,1,1,1,20,0,0,7,0,6,13.208765837983794,0,0,14,0,4,0.0,0,12.7,-0.3,-3.48,Dropout
1,18,4,9023,1,36,131.2,1,37,19,8,2,100.1,0,0,0,1,0,0,17,0,0,7,6,3,11.080222752203788,0,0,6,0,8,14.43245442899462,0,9.1,0.6,0.35,Dropout
1,17,1,8838,1,1,119.2,1,2,3,2,6,112.6,1,0,0,1,0,0,17,0,0,6,21,4,14.81671555359769,0,0,6,7,5,11.511985496151292,0,9.1,0.8,-2.17,Graduate
2,18,1,9534,1,1,132.7,1,1,35,7,5,114.5,0,0,0,1,0,0,17,0,0,5,22,6,0.0,0,0,0,8,8,14.117147481887358,0,12.5,0.8,3.51,Dropout
1,17,3,9794,1,1,119.8,1,38,38,88,12,126.3,1,0,0,1,0,0,17,0,0,7,7,7,12.799897576144891,0,0,8,8,6,14.946235525994824,0,13.9,-0.1,-0.62,Graduate
1,55,4,7749,1,1,130.8,1,36,4,6,147,120.1,1,0,0,1,0,0,17,0,3,5,21,9,9.795719593951032,0,1,7,10,5,16.17116917440177,0,7.9,0.6,0.29,Enrolled
1,18,6,9139,1,1,150.4,1,36,37,8,5,177.5,0,0,1,1,1,0,17,0,0,5,13,7,9.38539029881716,0,0,8,18,5,14.26425835385671,0,8.5,-0.5,-1.81,Dropout
1,15,1,9855,1,1,135.8,1,36,37,4,6,111.4,1,0,0,1,0,0,17,0,6,6,0,13,14.114597043376747,0,0,8,11,2,13.137479648782776,0,14.0,-0.1,0.69,Dropout
1,2,1,8925,1,12,147.2,1,1,19,8,10,133.9,1,0,0,1,0,1,17,0,0,6,12,6,15.10988370688558,0,0,6,6,6,11.529260417968459,0,13.1,1.0,1.68,Graduate
1,40,1,8887,1,1,120.4,1,37,1,10,9,122.3,0,0,0,1,0,0,17,0,13,5,8,7,0.07874567911155939,0,0,6,6,4,11.700948048891604,0,10.0,-0.5,0.56,Enrolled
1,18,1,9250,1,1,114.3,1,1,1,7,9,131.2,1,0,0,1,0,0,21,0,0,7,5,3,15.956688930914044,0,0,8,7,6,16.241691258006597,0,13.6,0.9,-1.85,Graduate
1,1,1,9237,1,1,115.4,1,20,19,10,3,139.3,1,0,0,1,0,0,17,0,0,7,15,6,10.991730861593568,0,0,8,8,8,12.831767334211776,0,8.2,1.4,1.62,Graduate
2,38,1,9046,0,22,131.6,1,18,36,10,0,129.1,0,0,0,1,0,0,47,0,0,5,1,0,0.6345507791563252,0,0,5,0,0,0.0,0,7.6,3.1,-1.08,Dropout
1,1,2,8949,1,2,133.1,1,2,20,2,13,97.3,1,0,0,1,0,0,19,0,0,8,7,5,13.774322509096102,0,0,8,8,6,16.17804076943748,0,12.9,3.7,0.55,Graduate
1,47,5,9254,0,1,131.1,1,1,36,11,6,152.8,1,0,0,1,0,1,18,0,0,7,10,6,13.236500149529451,0,0,15,7,6,16.101175829286557,0,13.8,-0.5,-1.93,Graduate
1,39,4,9065,1,1,135.5,1,1,39,11,5,119.9,1,0,0,1,0,0,17,0,0,7,10,7,10.8980750658247,0,0,5,8,6,14.886348087634515,0,8.4,2.5,-1.75,Enrolled
2,46,1,9715,1,17,143.5,1,2,37,7,1,97.1,0,0,1,0,1,0,22,0,0,0,6,7,12.381652723058677,0,1,7,4,0,13.254424417478162,0,13.1,1.5,0.37,Enrolled
2,18,2,9323,1,37,142.3,18,2,19,3,10,99.1,1,0,0,1,0,0,18,0,0,6,9,3,11.425028848149285,0,0,8,7,8,10.256211879766727,0,12.7,-0.6,1.52,Dropout
1,57,5,8845,1,1,130.2,1,39,38,6,11,129.3,1,0,0,1,0,1,17,0,0,6,16,6,0.0,0,3,6,8,8,8.918560657452698,0,13.6,1.6,-1.92,Graduate
1,2,1,9991,1,1,132.6,1,37,38,9,6,99.5,1,0,0,1,0,0,23,0,0,7,13,5,12.389299362326678,1,0,5,17,9,15.195473032966689,0,8.1,3.7,1.5,Enrolled
1,17,5,9057,1,1,145.0,1,1,1,8,9,125.1,1,0,0,1,0,1,17,0,0,7,8,8,14.079557493459246,0,0,7,7,6,17.707927541176428,0,9.5,1.4,2.02,Graduate
1,17,2,9171,1,1,135.8,1,4,37,3,5,118.3,1,0,0,1,0,1,19,0,0,7,8,5,13.750200934858563,0,0,6,10,6,13.36381690848783,0,13.0,-0.5,-1.58,Graduate
1,16,2,9400,1,1,144.0,1,2,37,8,8,113.5,0,0,0,1,0,0,17,0,0,7,8,8,16.830195880421673,0,0,6,11,3,14.711187847510795,8,7.6,-0.4,0.39,Graduate
1,43,1,9216,1,1,133.3,1,38,36,7,6,118.4,1,0,0,1,0,1,17,0,0,7,5,4,13.08794882930339,0,0,17,8,6,14.845011907057467,0,11.1,3.7,0.67,Graduate
1,19,3,9236,1,1,155.0,1,19,38,10,10,117.4,1,0,0,1,1,0,22,0,9,6,8,5,10.053933075839335,0,0,8,12,6,15.72717773882454,0,12.7,0.6,1.6,Dropout
1,17,1,8871,0,7,137.9,1,2,37,9,1,148.6,0,0,0,1,1,0,18,0,0,7,18,3,13.174915463077635,0,0,6,5,4,11.857507587741448,0,15.0,0.8,0.54,Dropout
1,18,1,9280,0,1,135.6,1,36,1,9,98,117.0,0,0,0,0,1,0,19,0,2,6,0,0,0.801567369387616,0,2,5,17,0,12.725128267419006,0,9.2,-0.0,0.61,Dropout
1,42,1,8177,1,1,135.8,1,20,37,0,8,127.6,0,0,0,1,1,0,18,0,18,1,7,1,12.792806097841439,0,0,6,0,0,0.0,0,16.2,1.5,-4.06,Dropout
1,40,6,9087,0,1,164.1,1,1,39,1,92,112.8,0,0,0,0,0,0,23,0,3,7,11,4,9.565058857456304,0,0,8,10,4,9.919244393455473,0,15.9,-0.7,-1.96,Dropout
1,40,1,9138,1,1,145.8,1,3,17,9,6,136.3,1,0,0,1,0,1,18,0,0,8,9,5,15.146997642561939,0,0,5,10,0,14.287703514815373,0,15.6,2.8,0.86,Enrolled
1,2,3,9229,1,1,128.8,1,1,1,6,10,124.5,1,0,0,1,0,1,19,0,0,5,5,7,12.507228473556559,0,0,6,8,6,9.94340350974234,0,11.2,3.7,-3.77,Dropout
1,1,1,9513,1,43,128.7,1,1,36,10,7,129.4,0,0,0,1,1,0,17,0,19,6,0,5,13.176036940789087,0,0,8,5,3,0.0,0,9.4,1.4,0.62,Enrolled
1,1,1,9768,1,1,131.9,1,36,36,9,6,133.5,1,0,0,0,0,0,17,0,0,7,8,23,11.133840166776213,0,0,8,11,5,0.0,0,12.6,-0.5,1.97,Dropout
1,37,1,8952,1,1,132.9,1,1,40,4,1,134.6,0,0,1,1,1,0,42,0,0,16,5,7,9.23440739476445,0,0,6,13,2,0.07875702911045666,0,10.1,3.6,-0.84,Dropout
1,39,3,9050,1,1,116.3,1,1,17,3,7,111.9,1,0,0,1,0,0,33,0,0,7,8,7,14.227114503193638,0,0,8,8,3,0.8562298844135291,0,9.7,-0.6,1.84,Graduate
2,37,1,7734,0,17,116.2,1,37,4,3,95,125.5,0,0,0,0,0,0,35,0,0,2,0,0,0.0,0,0,5,10,0,9.055858114467762,5,8.0,3.7,-1.11,Dropout
2,54,5,33,0,1,130.0,1,37,1,3,4,167.4,0,0,0,1,0,0,41,0,0,5,11,5,9.647385403876338,1,0,5,8,0,8.900046105218888,7,7.6,1.5,-4.06,Dropout
5,1,1,9398,1,9,132.2,1,35,20,7,5,127.7,1,0,0,1,0,0,18,0,1,2,9,6,10.259246471536697,4,0,6,9,0,10.115468648043954,1,11.1,0.8,-0.96,Dropout
1,17,1,9002,1,1,131.9,1,1,36,3,11,118.8,0,0,0,1,0,1,19,0,0,6,8,4,14.342956055556993,0,0,6,13,6,14.19664130988942,0,11.4,1.5,-1.61,Graduate
1,3,2,33,1,1,148.1,1,36,35,10,107,125.7,0,0,0,1,0,0,22,0,0,7,6,5,14.578350616573903,0,1,6,7,4,12.586212383901078,6,7.6,2.9,0.67,Dropout
1,17,1,9564,1,1,133.1,1,18,35,10,12,124.2,1,0,0,1,0,0,17,0,0,6,8,6,14.381516581455362,0,0,6,7,6,12.357033920251157,0,10.8,0.8,2.14,Graduate
1,19,1,9878,0,1,131.3,1,3,33,8,9,95.0,0,0,0,0,1,0,21,0,0,5,12,0,11.877346009468148,0,0,5,7,0,12.526447375285336,0,16.2,-0.3,1.35,Dropout
1,40,1,9122,1,1,134.4,1,19,18,0,9,112.6,1,0,0,1,0,0,17,1,0,7,8,5,13.153389338850978,0,0,14,7,6,12.47579740473821,0,14.5,1.5,0.68,Enrolled
2,38,1,9519,1,1,115.6,1,38,2,4,8,158.6,0,0,0,1,0,0,20,0,0,6,9,0,12.10342807598102,0,0,2,4,0,12.645424649069,0,16.2,2.7,1.96,Dropout
1,55,1,9048,1,1,115.5,1,36,19,11,11,109.8,0,0,0,1,1,0,52,0,6,5,7,5,11.611490291262301,0,0,5,1,3,12.474675599245773,0,7.6,1.4,-1.78,Dropout
1,18,5,9349,1,1,138.6,1,1,37,6,1,103.5,1,0,0,1,0,1,19,0,0,8,7,5,10.981514907085904,0,0,6,8,5,9.911542270577531,0,13.2,2.8,1.49,Graduate
1,18,1,9991,0,19,134.2,1,40,19,9,10,177.1,0,0,1,1,0,0,17,1,0,6,5,0,11.30783598336634,1,0,11,8,0,0.45075984885646886,0,9.9,3.7,-2.7,Dropout
1,1,1,8965,1,1,140.1,1,38,2,8,87,110.2,0,0,0,1,1,0,17,0,0,3,1,3,11.010442434055534,3,2,6,11,6,12.86217439291096,0,12.9,3.7,-1.8,Enrolled
1,39,1,9389,0,15,134.8,1,1,37,9,10,119.7,0,0,0,1,0,0,28,0,0,7,12,0,11.479302908910396,0,0,1,4,2,14.047839971060906,0,15.8,0.8,0.07,Graduate
1,46,1,9188,1,1,132.4,1,5,36,5,10,117.5,1,0,0,1,0,0,24,1,0,6,7,5,12.491617674296831,0,0,6,8,6,11.976537552688972,3,14.3,3.0,-3.12,Dropout
5,1,1,9215,1,1,118.6,1,1,2,3,5,112.1,0,0,1,1,0,0,18,0,0,6,7,4,16.79218361470699,0,0,8,11,2,11.085471042188606,0,14.3,-0.5,1.68,Dropout
1,2,3,8895,1,1,129.1,1,1,1,6,6,96.1,1,0,0,1,0,1,17,0,0,6,9,5,12.467233742743266,0,0,6,8,6,16.7339497998326,0,10.3,-0.5,1.41,Graduate
1,40,5,9299,1,15,132.3,33,36,33,8,10,95.0,0,0,0,1,0,0,17,0,0,8,7,5,10.247583123185475,0,0,5,8,13,10.21070371581754,0,7.6,-0.6,-4.06,Dropout
1,3,1,9103,1,1,116.3,1,3,20,12,11,132.0,1,0,0,1,0,1,17,0,0,7,7,6,11.270159446751814,0,0,6,8,6,14.363282133770944,0,14.3,0.6,2.14,Graduate
1,1,1,9656,1,1,139.5,1,37,2,6,10,105.5,1,0,0,1,0,0,30,0,0,7,6,5,13.715567625159126,0,0,8,9,5,11.909614347829848,0,9.3,1.3,1.58,Graduate
1,19,1,9600,1,1,132.4,1,35,1,10,0,110.9,0,0,0,1,0,0,17,0,3,5,6,6,14.176908902494818,0,0,15,9,8,14.857495307058205,0,14.4,-0.7,3.18,Graduate
1,17,1,9545,1,1,136.2,1,38,37,10,7,160.3,0,0,0,1,0,0,28,0,0,5,12,9,0.0,0,0,5,10,3,11.669343370057065,0,16.2,1.5,0.13,Graduate
1,18,1,8957,1,1,140.3,1,18,5,169,11,125.5,1,0,0,1,0,0,20,0,0,5,6,5,9.300699330260935,0,0,8,13,7,14.32520604415694,0,16.2,-0.5,3.51,Graduate
1,17,1,8956,1,1,132.5,1,2,37,10,11,95.0,1,0,0,1,0,0,34,0,0,7,9,5,0.0,0,0,7,7,6,0.0,0,16.2,1.3,-0.67,Dropout
1,1,1,8945,1,1,130.6,1,35,18,5,12,122.6,0,0,0,1,0,0,17,0,0,7,7,5,12.612377046290055,0,0,6,7,6,11.421843802308011,0,14.1,2.9,2.05,Enrolled
1,1,4,8961,1,1,138.1,1,3,1,4,6,105.9,1,0,0,1,0,0,18,1,11,6,10,5,13.722144474526916,0,0,8,7,0,15.204109602099896,0,7.6,0.3,0.83,Graduate
4,19,4,9226,1,1,119.1,1,37,36,7,3,119.3,1,0,0,1,0,1,17,0,0,7,8,4,12.569832047461437,0,0,8,8,6,14.546391799548392,0,13.0,3.0,-3.18,Graduate
1,16,2,9369,1,1,112.1,1,5,39,11,4,113.6,1,0,0,1,0,0,19,0,0,6,8,6,9.29885526033615,0,0,6,9,6,14.291273481616269,0,11.0,3.7,-3.23,Graduate
1,1,2,9236,1,1,119.1,1,1,20,11,7,130.7,1,0,0,1,0,1,17,0,0,7,5,5,11.967642074363727,0,0,6,7,6,14.68106328957542,0,12.6,0.7,1.57,Graduate
2,6,1,9198,1,1,135.0,1,36,37,5,7,116.1,1,0,0,0,1,0,36,0,4,7,5,5,0.0,0,0,12,7,0,0.0,0,8.0,0.6,-1.15,Dropout
1,41,1,9272,0,1,135.1,1,37,3,10,9,99.9,0,1,0,1,1,0,20,0,0,0,9,4,9.66537300131055,0,0,5,13,0,13.050439229804166,0,12.5,-0.5,-4.06,Dropout
1,18,1,9065,0,1,135.4,1,36,37,2,9,151.7,0,0,0,1,0,0,23,0,0,7,7,7,9.344075854953553,0,0,7,8,9,13.352870679700445,0,12.4,1.4,-3.5,Dropout
1,41,1,9268,0,1,137.6,1,39,1,8,8,110.3,0,1,0,1,1,0,20,0,0,8,1,0,0.0,0,0,6,0,5,0.0,0,12.7,3.1,0.13,Dropout
1,45,5,9105,0,1,134.9,1,36,35,11,12,95.0,1,0,0,1,0,1,55,0,11,7,5,6,11.04584789926129,0,0,8,8,2,11.629064574867863,0,12.7,0.7,-1.64,Dropout
1,16,1,8942,1,3,135.1,1,1,2,10,10,159.5,0,0,1,0,1,0,27,0,0,5,0,0,0.0,0,0,5,7,0,0.0,0,14.2,-0.8,1.03,Dropout
4,17,1,7893,0,1,132.4,1,40,36,8,4,124.5,1,0,0,1,0,0,18,0,12,5,8,6,13.291033943091335,0,0,15,9,4,9.998442059336481,2,13.6,-0.3,2.02,Enrolled
1,47,1,8975,0,1,141.0,1,17,19,8,8,127.6,0,0,0,1,0,1,28,0,0,6,5,4,11.475227409374835,0,0,6,0,5,11.134796539694438,0,12.8,1.4,0.3,Dropout
1,2,3,33,1,1,111.1,1,1,1,8,2,131.0,1,0,1,1,0,0,18,0,0,7,8,6,9.979440448732626,0,1,8,7,8,13.40645849151216,0,11.2,2.9,0.99,Graduate
1,2,1,9381,1,1,122.1,1,1,3,10,5,124.4,0,0,0,1,0,0,17,0,0,6,6,6,13.92839878048138,0,0,8,8,6,14.843948834974945,0,12.6,-0.2,0.16,Graduate
1,1,1,9255,1,1,122.5,1,1,1,11,9,130.3,1,0,0,1,0,0,18,0,0,7,5,5,15.431532425140638,0,0,6,13,8,13.131575001569775,0,12.6,3.7,-4.06,Graduate
2,18,1,9231,1,1,140.2,1,19,5,9,6,101.2,0,0,0,1,0,0,22,0,0,6,26,7,10.63781458714577,0,0,8,7,6,15.954310859589452,0,11.1,-0.4,1.51,Enrolled
1,45,1,8895,1,1,139.1,1,5,20,10,10,145.1,0,0,0,1,0,0,37,1,0,7,9,7,9.332247981921206,0,0,12,8,6,15.67022688830447,0,8.3,1.4,-3.8,Enrolled
1,46,1,9554,0,1,138.6,1,4,37,7,9,120.3,0,0,0,1,1,0,30,1,0,6,10,3,15.666614673926446,0,0,6,7,4,12.659133799575365,2,16.2,3.1,0.38,Dropout
1,2,1,9424,1,20,129.6,1,40,2,7,6,114.9,1,0,0,1,0,0,18,0,0,8,7,6,14.157576625271545,0,0,15,7,4,15.044466891173768,0,16.2,3.7,-4.06,Graduate
1,1,1,9115,0,1,144.9,1,39,39,11,7,116.2,1,0,0,1,0,0,18,0,10,7,14,7,12.543719472428878,0,0,8,7,3,14.107895559751721,0,14.0,2.9,-2.06,Dropout
1,8,1,9164,1,34,129.0,1,39,3,7,0,119.7,0,0,0,1,0,1,18,0,1,6,10,7,12.375608873411512,0,0,6,6,6,14.76090530816898,0,12.9,2.7,3.02,Dropout
1,18,1,9133,1,5,141.6,42,36,5,11,149,129.5,1,0,0,1,0,1,18,0,0,7,7,6,11.440260845888469,0,0,6,7,5,12.576228640490449,0,12.8,1.5,1.93,Graduate
1,3,1,9296,1,2,138.7,1,36,18,10,0,123.7,0,0,0,1,0,0,17,0,0,6,7,7,13.26962780083058,0,0,8,7,5,10.519581243834034,0,12.3,0.7,3.51,Enrolled
1,1,3,9037,1,1,142.9,1,3,37,8,11,146.6,1,0,0,1,0,0,17,0,0,7,7,7,14.192723527368527,0,0,6,8,7,14.176613552830378,0,9.6,1.5,0.35,Graduate
1,1,1,8992,1,1,132.7,1,2,4,10,8,113.8,1,0,0,1,0,0,17,0,0,4,5,6,14.93537942935293,0,0,10,8,6,12.389226146772165,0,7.8,3.0,0.57,Enrolled
1,18,1,9256,1,1,101.2,1,20,36,8,5,129.6,1,0,0,1,0,0,17,0,0,6,7,7,12.624133615337724,0,0,8,8,6,15.684883927793809,0,11.0,1.5,1.91,Graduate
1,39,1,8959,1,35,131.8,1,36,36,5,2,130.3,0,0,0,0,1,0,34,0,7,5,0,0,0.09485333433472687,0,0,16,0,1,11.006601021662364,0,11.5,1.4,0.19,Dropout
1,41,1,9396,0,37,134.4,1,38,38,10,9,182.8,0,0,0,1,1,0,21,0,0,5,0,0,0.0,5,5,5,0,0,0.0,1,16.2,1.4,0.4,Dropout
1,2,2,8971,1,1,111.4,1,40,37,12,10,136.7,1,0,0,1,0,1,17,0,0,7,8,6,10.950172531692848,0,0,8,8,8,14.295491550188778,0,11.3,3.7,-2.77,Graduate
2,10,1,9114,0,21,145.5,1,35,37,2,9,116.2,1,0,1,1,1,0,30,0,0,0,5,3,0.0,0,0,23,7,0,9.380546732581568,0,13.7,2.9,-0.88,Dropout
1,2,5,9971,1,2,117.1,1,1,1,0,10,125.9,1,1,0,1,0,0,20,0,0,7,8,7,14.435674748677627,0,0,8,13,6,13.467057525167597,1,11.3,0.6,3.51,Graduate
1,16,1,9235,1,1,120.1,1,35,37,9,1,149.5,0,0,0,1,0,0,17,0,0,12,8,7,10.497909028172066,0,0,7,5,0,12.677003376756517,0,9.3,1.3,0.62,Graduate
1,18,1,9100,1,1,128.5,1,39,4,10,10,129.4,1,0,0,1,0,1,19,0,0,6,7,6,9.736527793622052,2,0,6,8,6,14.398364452695002,0,9.8,-0.5,0.28,Enrolled
1,38,1,9158,1,18,129.7,15,36,37,0,195,103.4,0,0,0,1,0,0,19,0,0,8,7,5,12.310577883357608,1,1,5,9,6,10.353638047468845,0,13.6,-0.6,3.51,Graduate
1,17,2,9147,1,1,131.4,1,1,37,12,11,122.4,1,0,0,1,0,1,18,0,0,7,7,7,11.4491336618167,0,0,12,8,8,12.096265273435368,0,7.7,0.6,1.02,Graduate
1,19,2,9180,1,1,128.6,1,36,1,12,1,123.5,1,0,0,1,0,0,17,0,0,7,7,5,12.345449386644912,0,0,5,8,5,13.157136848333266,0,7.8,0.7,3.06,Graduate
1,16,1,8870,1,2,111.6,1,20,36,7,9,97.7,1,0,0,1,1,0,18,0,6,6,6,5,14.492003973027915,0,0,5,7,4,12.912559129356445,0,14.2,0.5,1.84,Enrolled
1,49,3,8989,1,1,131.1,1,36,39,10,0,95.0,1,0,0,1,0,0,18,0,0,9,7,3,10.997490924413736,0,0,8,5,8,10.892084576932275,0,12.9,1.5,-1.13,Graduate
1,44,1,9012,1,39,132.3,1,38,1,11,2,109.4,0,0,0,0,0,0,19,0,0,5,5,4,0.0,0,0,5,6,3,0.0,0,12.8,2.5,-3.37,Dropout
1,46,4,8879,1,1,154.0,1,39,37,5,8,164.4,1,0,0,1,0,0,18,0,0,6,10,5,11.285132001053828,0,0,15,9,1,13.501230044786624,0,8.3,0.5,0.72,Graduate
1,18,2,9355,1,1,119.4,1,1,37,10,8,133.6,0,0,0,1,1,1,17,0,0,10,7,11,10.394007943700368,0,0,21,10,6,12.892081084981234,0,14.3,0.1,1.64,Dropout
1,40,1,8852,1,1,129.0,5,37,38,3,9,121.1,0,0,0,1,0,0,30,0,0,1,7,1,7.860065096170639,0,0,17,4,0,11.487587843570925,0,10.9,-0.5,-1.81,Dropout
6,17,1,9149,1,43,121.2,1,38,36,8,3,95.7,0,0,0,0,0,0,27,0,20,7,9,1,0.0,3,0,5,9,0,0.6052486192675424,0,12.9,3.5,-0.79,Dropout
1,1,1,33,1,1,161.1,1,36,39,0,84,108.8,0,0,0,1,0,0,28,0,0,10,11,0,13.361263647902726,0,0,7,7,6,11.760391115543849,1,16.2,0.6,0.32,Dropout
1,3,1,9515,0,1,131.6,1,3,1,10,2,113.3,1,0,0,1,0,0,19,0,0,6,7,7,14.72517636943104,1,6,15,8,7,12.132291573192921,2,14.2,3.0,-4.06,Graduate
1,39,2,9035,1,1,148.8,1,34,18,188,7,112.4,0,0,0,1,0,0,32,1,0,7,8,0,9.62266339493124,0,0,8,8,8,13.095793411253341,0,10.9,-0.8,1.71,Graduate
1,17,2,9196,1,1,131.2,1,13,17,9,195,121.5,0,0,0,1,0,0,17,0,0,6,7,5,12.200850291605194,0,0,6,11,7,15.36057480145385,0,14.3,1.4,0.65,Enrolled
1,16,3,9390,1,1,129.4,1,38,38,9,9,117.1,1,0,0,1,0,0,17,0,15,7,7,7,11.417421758483549,0,0,6,8,5,14.557681437427522,0,13.0,3.7,0.74,Graduate
1,17,1,9381,1,1,121.3,1,38,38,6,8,124.4,0,0,1,1,1,0,17,0,1,7,9,20,10.439611540025442,0,0,6,0,7,11.379591031727632,0,12.7,0.6,1.83,Graduate
1,38,1,7669,1,43,134.7,1,32,1,9,2,106.1,0,0,0,0,0,0,20,0,0,5,5,0,12.605776566662506,0,0,5,0,0,0.607599919709423,0,9.4,1.4,-2.01,Dropout
2,11,1,8272,1,13,125.7,1,38,37,10,8,111.6,0,0,0,0,1,0,22,0,0,5,1,0,12.584134143897915,0,0,6,8,0,11.674912257698661,0,16.0,-0.6,0.66,Dropout
1,18,3,9641,1,1,146.8,1,37,38,8,0,168.5,0,0,0,1,1,0,22,0,0,8,1,0,10.909075530171219,0,0,1,9,6,11.430074331482853,0,7.8,-0.6,0.9,Enrolled
1,16,2,8914,1,1,151.3,1,1,37,9,9,128.6,1,0,0,1,0,0,19,0,0,6,7,6,11.559437525880606,0,0,16,10,6,14.889872628113597,0,12.8,0.6,-3.94,Enrolled
1,41,1,9366,1,9,176.5,1,1,1,178,9,134.9,0,0,0,1,1,0,51,0,0,5,0,7,9.377741338519913,0,0,8,7,3,13.648656930786212,0,13.9,-0.0,1.52,Dropout
2,39,1,33,0,1,133.0,1,37,5,9,7,155.9,0,0,0,1,1,0,20,0,0,7,5,0,8.439418091744727,0,0,5,0,0,0.0,0,7.8,-0.6,0.3,Dropout
1,17,1,9030,0,1,148.9,1,36,37,10,5,103.8,1,0,0,1,1,0,19,0,0,9,11,3,12.770848658960832,0,0,6,8,6,15.956144423873639,0,15.8,1.5,1.16,Graduate
1,2,4,9370,1,1,127.2,1,38,36,9,7,136.1,1,0,0,1,0,0,18,0,0,7,7,7,11.629061153100789,0,0,8,8,8,12.948876898680917,1,9.8,0.6,1.82,Graduate
1,18,3,7520,1,1,135.2,1,19,37,95,8,124.3,1,0,0,1,1,0,18,0,9,5,9,5,18.35345498698075,0,0,5,6,0,13.950307137896427,3,13.0,0.6,0.15,Dropout
2,47,1,9195,1,1,122.0,1,35,38,2,6,121.9,0,0,1,0,1,0,40,0,0,5,7,16,0.0,0,1,5,12,0,9.0845417021308,0,10.6,3.0,3.09,Dropout
4,15,1,9017,0,4,136.5,1,37,40,11,6,127.7,0,0,1,0,1,0,42,0,0,5,7,0,0.0,0,0,5,0,0,0.0,0,12.9,2.6,1.73,Dropout
1,39,1,9241,1,1,121.0,1,35,36,0,8,132.1,1,0,0,1,0,1,20,0,0,7,7,6,14.847497592828187,0,0,7,10,6,14.881191810559546,0,12.6,2.8,0.59,Graduate
1,18,1,9454,1,1,130.3,1,1,37,7,13,123.6,1,0,0,0,0,1,18,0,0,5,8,5,15.156703647512037,0,0,6,11,13,15.30405576517435,0,16.2,3.7,3.28,Graduate
1,16,3,8875,1,1,110.8,1,1,1,2,9,102.5,0,0,0,1,0,0,18,0,0,8,7,6,13.787657269490547,0,0,6,9,9,12.31146928318009,0,13.1,1.4,0.2,Enrolled
1,40,1,9292,1,11,131.8,19,36,38,6,113,133.2,0,0,0,0,1,0,21,0,0,7,0,0,0.0,0,2,15,0,0,12.946391664017316,0,8.1,1.3,2.16,Dropout
5,17,5,9038,1,1,129.8,1,37,36,7,7,104.4,1,0,1,1,0,0,30,0,2,5,4,6,13.083039191938774,0,12,8,7,5,12.943694705009959,0,12.8,-0.8,2.07,Dropout
1,3,1,9378,1,1,137.9,1,3,37,8,1,117.9,0,0,1,1,0,0,17,0,0,5,7,6,11.714446815594556,0,0,7,4,6,0.0,0,9.4,1.5,1.67,Dropout
1,17,3,9506,1,1,128.8,1,37,38,9,10,122.4,1,0,0,0,1,0,17,0,0,6,8,5,10.991238625745067,0,0,7,8,6,15.111155572565071,0,9.4,-0.1,1.59,Graduate
1,40,1,1591,1,1,128.5,1,35,37,2,12,98.8,0,0,0,0,1,0,23,0,0,6,0,0,0.0,1,0,5,0,0,0.0,0,11.2,1.4,0.4,Dropout
1,17,3,8965,1,1,131.4,1,37,37,10,9,125.9,1,0,0,1,0,1,18,0,0,6,8,6,15.088415555055855,0,0,7,7,4,17.65756570137287,0,11.2,1.4,1.83,Graduate
2,40,5,9380,1,10,135.3,1,40,3,11,11,116.9,0,0,0,1,0,0,19,0,0,6,8,4,8.655035470293118,0,1,5,4,0,13.966893117238062,1,9.3,-0.8,-4.06,Dropout
2,40,1,9276,1,20,133.8,1,34,37,9,11,121.6,0,0,1,0,1,0,25,0,0,5,0,0,0.0,0,0,5,0,0,0.0,0,11.4,2.9,-4.06,Dropout
2,17,1,8998,1,1,138.0,1,5,4,8,5,107.4,1,0,0,1,0,0,58,0,0,6,7,4,9.976391796833529,0,0,5,5,7,16.446566135948604,0,16.2,-0.7,-3.61,Enrolled
1,16,2,9309,1,1,135.2,1,18,36,12,13,111.3,1,0,1,1,1,0,24,0,0,7,12,6,0.0,2,1,5,8,7,11.43066558165639,0,11.0,1.3,0.51,Dropout
1,2,1,9246,1,1,131.7,1,2,37,12,8,103.7,1,0,0,1,0,1,18,0,4,7,6,5,12.432173859352524,0,0,16,5,4,16.24937100074641,0,14.1,0.5,-0.03,Enrolled
1,40,1,8823,1,1,104.7,1,38,37,11,10,137.7,0,0,0,0,1,0,23,0,0,0,6,7,10.021020559283166,2,3,6,9,0,10.75390744507807,0,10.9,2.8,-4.06,Graduate
1,18,1,33,1,1,131.0,1,1,38,1,1,107.0,0,0,1,1,1,0,18,0,0,7,7,7,11.920061396857731,0,0,5,4,0,9.346132537272759,0,7.7,2.5,1.41,Dropout
1,48,1,9419,1,2,131.9,1,39,1,10,5,101.4,1,0,1,1,0,0,47,0,1,5,10,0,0.0,0,0,5,7,0,9.965454927745284,0,7.6,1.5,0.23,Enrolled
1,54,2,9157,1,1,125.4,1,37,19,8,186,102.0,0,0,0,1,0,0,18,1,0,6,7,7,12.27660861434675,0,0,6,10,5,12.162588885343176,0,16.2,2.8,-1.68,Dropout
1,18,2,8919,1,1,124.3,1,39,19,11,9,124.5,1,0,0,1,0,1,19,0,0,8,8,6,12.600981619386777,0,0,8,8,6,12.89177234301909,0,14.6,0.7,1.5,Graduate
1,1,1,9124,1,1,156.8,1,1,2,2,8,125.0,1,0,0,1,0,0,18,0,0,7,7,6,10.242197204182684,0,0,6,8,7,13.656875988121037,0,12.5,0.4,1.01,Enrolled
1,19,4,9287,1,1,170.0,1,35,35,9,5,133.3,0,0,0,1,0,0,18,0,0,7,8,6,14.77071643982346,0,4,15,7,5,13.196961531242776,0,12.8,0.7,-0.84,Graduate
2,40,2,8934,1,41,137.1,40,36,38,11,10,141.6,0,1,0,1,1,0,31,0,5,5,7,0,0.0,0,0,5,0,0,12.266806513785635,0,8.3,1.4,0.35,Dropout
1,40,6,8902,1,1,129.8,1,2,3,6,4,129.8,1,0,0,1,0,1,19,0,0,8,7,6,13.440236482593617,0,0,8,4,4,12.992539628137198,0,13.0,0.7,1.59,Enrolled
1,2,2,8836,1,1,120.1,1,37,3,8,5,129.2,0,0,0,1,0,0,17,0,0,7,16,6,14.118242412559885,0,0,8,10,6,11.529222859943804,0,14.4,1.4,-1.99,Graduate
1,17,1,8993,1,1,140.5,1,37,1,11,5,122.1,0,0,0,1,0,0,17,0,7,6,6,6,16.826531813134707,0,0,6,10,18,16.168107370796605,0,11.1,1.5,1.79,Graduate
1,19,3,8914,1,1,140.3,1,2,38,4,195,143.5,1,0,1,1,0,1,18,0,0,7,7,4,12.888644287593076,0,0,8,8,2,10.475179384662992,0,16.2,0.6,1.94,Enrolled
5,2,1,9192,0,1,129.6,1,38,36,9,8,152.3,0,0,0,0,0,0,27,1,0,6,5,0,0.6911682181459696,0,0,6,0,0,0.16520278014079065,0,12.9,-0.1,-1.9,Dropout
1,45,2,9067,1,1,124.7,1,2,18,6,5,120.4,1,0,0,1,0,1,19,0,0,6,8,7,11.454783034285978,0,0,8,9,3,16.516935737778716,0,16.2,2.8,-1.63,Graduate
2,37,2,9093,1,32,132.2,1,36,4,7,12,98.0,0,0,1,1,1,1,41,0,0,0,7,0,9.288321507604199,0,0,6,5,0,10.773165646940903,0,9.9,1.5,1.63,Dropout
1,10,6,8899,1,36,149.6,1,38,37,7,11,127.6,1,0,0,1,0,0,17,0,0,6,7,7,13.956027230304388,0,0,6,7,6,12.341257735947734,0,10.8,3.7,0.81,Graduate
1,39,1,9166,0,1,131.5,1,37,4,3,3,99.4,0,0,0,0,1,0,18,0,0,7,6,4,11.91797476004895,0,0,5,7,0,12.147096440027262,5,15.9,-0.7,-3.97,Dropout
1,43,1,9022,1,1,119.3,1,37,3,7,9,111.4,1,0,0,1,0,0,17,0,0,7,6,3,10.122183846030158,0,0,8,7,6,16.547474381998768,0,12.6,-0.1,-0.97,Enrolled
4,42,1,9360,1,1,131.7,1,1,38,7,13,95.0,0,0,0,1,0,0,20,0,0,10,8,8,12.240291003524659,0,0,5,9,0,12.641186848641114,0,14.3,3.6,-1.39,Graduate
2,17,1,9668,1,1,139.0,1,37,36,8,8,148.5,0,0,0,1,0,0,21,0,0,5,6,6,0.05902210400859368,0,0,15,4,4,0.0,0,8.7,1.5,3.51,Enrolled
2,39,1,9159,0,17,136.5,1,36,37,9,7,146.3,0,0,0,0,1,0,23,0,0,5,7,0,0.0,0,0,5,0,0,0.0,0,8.2,-0.2,-2.03,Dropout
1,17,1,9462,1,7,131.4,1,37,37,8,13,118.7,0,0,0,0,1,0,32,0,0,5,7,8,12.275013767109495,0,1,5,0,3,0.9239911025962965,0,8.2,-0.8,-3.34,Dropout
1,18,2,9570,0,11,165.3,1,2,20,11,9,130.9,0,0,0,0,0,0,17,0,0,7,10,7,14.312574511695432,0,0,6,8,6,14.404311517512285,0,12.9,-0.5,1.39,Graduate
1,19,1,9278,1,1,154.8,1,2,35,11,1,97.7,0,0,0,1,0,1,17,0,0,5,7,7,17.234551446682897,0,0,8,7,1,13.69024442328116,0,9.4,0.1,-2.21,Graduate
1,2,4,9569,1,1,127.6,1,39,37,4,96,102.7,1,0,0,1,0,0,44,0,3,6,27,7,14.484947063215689,2,0,8,9,4,10.800180353513522,0,15.3,-0.1,0.92,Dropout
1,19,1,9429,0,1,142.3,1,36,1,7,110,116.4,0,0,0,1,0,0,17,0,0,6,7,5,11.424732120079213,0,2,16,13,6,10.646104373520727,2,7.6,0.8,1.52,Graduate
1,3,1,8924,1,1,134.1,1,1,35,9,6,127.7,0,0,0,1,0,0,19,0,0,7,8,0,13.54380790538035,0,0,7,10,4,10.041047222186135,0,16.1,3.7,-1.86,Graduate
1,38,1,9163,1,1,128.9,1,1,1,9,9,100.1,1,0,0,1,0,1,17,0,0,7,6,0,9.936836695801247,0,0,17,8,0,13.67173816256447,0,12.9,1.4,3.44,Dropout
1,16,1,9206,1,1,128.6,1,29,37,8,10,103.7,1,0,1,1,0,0,19,0,0,5,7,5,12.259113367140282,0,0,6,7,0,10.240735145898407,0,7.6,1.4,-3.33,Enrolled
1,3,1,8929,1,37,126.5,1,5,37,6,6,128.9,1,0,0,1,0,0,17,0,0,7,7,8,12.19457482931704,0,0,8,4,6,12.67873962960785,0,12.6,0.7,-1.98,Graduate
1,37,1,9001,1,1,128.4,1,37,37,4,5,116.4,0,0,0,1,0,0,18,0,0,6,1,0,11.685925844174877,0,0,6,10,0,14.714650841174848,0,16.2,1.4,-4.06,Dropout
1,1,1,9495,1,1,135.4,1,20,36,7,1,104.9,1,0,0,1,0,0,28,0,0,5,8,4,12.500875843579074,0,0,8,6,6,11.641077449532219,0,7.9,3.5,3.51,Graduate
1,16,1,9288,0,1,114.8,1,37,5,8,65,104.3,0,0,0,1,0,0,19,0,0,6,10,4,8.999192174631538,0,0,5,9,0,13.084863302195604,0,9.3,1.4,1.62,Enrolled
2,17,6,9148,1,1,142.4,1,38,37,11,6,110.5,1,0,0,1,1,0,19,0,0,5,8,6,10.656242675900083,6,0,5,6,6,10.437826616389188,0,12.7,1.5,1.58,Graduate
5,38,1,9139,1,1,133.6,1,36,39,10,120,158.8,0,0,1,0,1,0,34,0,0,5,7,0,0.0,0,0,5,9,0,0.0,1,16.2,-0.8,2.64,Dropout
2,37,1,7768,0,16,136.7,1,36,38,9,6,115.7,0,0,0,1,0,0,21,0,12,5,12,0,0.0,0,0,5,6,8,0.0,0,15.8,-0.8,0.49,Enrolled
1,1,1,9067,0,1,139.5,1,1,38,9,6,112.5,1,0,0,1,0,0,18,0,0,7,15,7,11.238414670806245,0,0,8,16,6,17.658071935017315,0,13.9,2.8,2.04,Enrolled
1,18,1,8908,1,1,153.9,1,3,37,8,7,134.6,1,0,0,1,0,0,17,0,0,7,8,5,13.623194893399475,0,1,6,8,6,15.934458205031866,0,11.5,1.5,1.67,Graduate
1,40,1,8057,1,12,130.0,1,37,36,9,4,106.3,0,0,0,0,0,0,19,0,0,5,18,0,12.063020793140506,0,0,15,8,10,0.0,2,16.2,3.6,1.68,Dropout
1,15,2,8971,1,1,136.2,1,36,18,11,10,129.5,1,0,0,1,0,0,17,0,0,7,7,8,11.16481104227195,0,0,6,13,7,10.078502748377247,0,7.6,1.6,1.75,Graduate
2,47,1,9089,1,43,148.2,1,36,39,8,0,119.5,0,0,1,0,1,0,53,0,0,5,10,0,0.0,0,3,5,5,0,0.0,0,9.2,1.4,0.07,Dropout
1,17,1,9076,1,39,135.2,1,19,1,11,12,130.1,1,0,0,1,1,0,18,0,0,13,7,4,11.507448775967491,0,0,8,10,6,10.543418959981002,0,13.7,1.4,-0.59,Enrolled
1,17,1,8902,1,1,140.1,1,36,2,4,0,116.8,1,0,0,1,0,0,18,0,2,7,17,3,11.30486585954398,0,0,5,6,0,13.26293880123437,3,8.2,3.6,0.15,Enrolled
1,39,1,9186,0,1,132.2,1,35,35,10,10,101.5,0,0,0,0,1,0,29,0,0,5,5,0,0.0,0,0,5,0,0,0.0,0,7.8,3.0,3.51,Dropout
1,19,0,9721,1,1,147.8,1,1,36,7,4,124.0,0,0,0,1,0,0,17,1,8,7,17,2,12.935289725886845,0,0,5,7,2,11.702169675120624,0,16.2,2.9,-3.97,Enrolled
1,18,4,9235,1,1,147.3,19,36,36,0,12,109.8,0,0,0,1,0,1,19,1,0,6,8,6,13.673826296256095,0,1,6,7,6,17.199708917748268,0,10.9,-0.5,-0.79,Graduate
2,17,1,8959,1,1,136.0,1,1,19,11,5,107.8,0,0,0,1,0,0,17,0,0,19,8,7,9.97087362988654,0,0,6,7,6,10.076051343085332,0,12.2,-0.5,-1.91,Enrolled
1,1,3,9312,1,1,131.6,1,1,37,1,5,131.1,1,0,0,1,0,0,33,0,0,7,8,6,15.89641536305643,0,3,6,16,7,10.672198760120613,0,14.2,-0.6,0.79,Graduate
1,41,1,9210,1,1,137.7,1,37,38,7,5,112.7,0,0,1,0,1,0,19,0,0,7,7,5,10.588470228970644,0,3,5,4,3,13.731371606649857,0,12.5,0.1,-4.06,Enrolled
1,40,1,9534,1,1,131.3,1,4,2,5,6,125.3,1,0,0,1,1,0,18,0,0,11,7,4,11.599758123371233,0,1,8,8,4,14.257884814035865,0,9.4,1.4,-1.4,Enrolled
1,1,6,8933,1,1,139.5,1,3,36,11,0,136.6,1,0,0,1,0,1,17,0,0,7,12,6,11.683965281572211,0,3,6,8,7,13.46498111800735,0,15.9,-0.5,1.59,Graduate
1,15,1,8973,1,1,168.2,1,38,19,11,7,111.3,0,0,0,0,1,0,62,0,10,7,9,0,12.081739189460123,0,0,5,17,0,0.6672956425225461,0,15.7,1.4,0.73,Dropout
1,3,2,8913,1,1,125.4,1,3,37,8,10,134.9,1,0,0,1,0,1,19,0,0,6,7,7,11.562042467816031,0,0,6,6,6,12.929230268425352,0,11.5,3.7,1.89,Graduate
1,17,1,9041,1,1,128.2,1,2,18,10,9,131.0,1,0,0,1,0,0,19,0,0,5,8,5,14.7314117443735,0,0,6,7,3,11.227573921164357,0,10.8,0.7,3.51,Graduate
1,44,1,33,0,38,137.9,1,39,36,10,9,95.6,0,0,0,0,1,0,31,0,5,5,0,0,0.0,0,0,5,0,0,0.0,0,15.8,0.8,-4.06,Dropout
6,15,1,8921,1,1,132.4,1,39,37,5,9,130.1,1,0,0,1,0,0,19,0,0,7,9,8,11.443324510220107,0,1,6,9,7,14.444627190620261,0,11.3,-0.8,-1.97,Graduate
1,43,1,8997,1,42,129.7,1,3,37,9,8,112.2,0,0,1,1,1,0,17,0,0,13,1,12,0.0,0,0,5,13,0,11.118011547797847,0,8.9,1.5,-1.93,Dropout
1,1,2,9649,1,40,138.9,1,30,38,6,8,172.9,0,0,0,1,0,0,17,0,0,7,7,7,10.018278485960666,0,0,16,6,5,15.366394532210217,0,12.9,0.5,1.98,Graduate
1,18,5,9022,1,1,159.7,1,1,37,5,8,102.9,0,0,0,1,0,0,33,0,0,6,7,6,13.146410797120085,0,0,1,10,14,13.864056229226493,0,12.5,-0.8,2.23,Graduate
1,39,1,8877,1,1,142.3,1,29,2,8,11,135.0,0,0,0,0,1,0,35,0,0,5,0,2,12.811288051720013,0,0,5,8,0,12.675334962662342,0,11.0,3.7,-4.06,Dropout
1,19,1,9344,1,40,127.7,1,1,37,7,6,104.4,0,0,0,1,1,0,17,0,0,7,21,7,0.0,0,0,6,10,3,11.414921755054477,1,15.3,3.0,0.44,Graduate
4,17,1,9049,1,1,118.9,1,38,37,11,10,110.9,0,0,1,0,1,0,44,0,0,0,8,5,9.180318796704151,0,0,5,12,0,9.678043028909626,0,13.9,1.4,1.82,Dropout
2,18,4,9053,1,1,130.6,1,37,36,8,11,126.0,1,0,0,1,0,0,18,0,0,7,7,5,12.799438362940055,0,0,7,9,3,12.94813271755162,8,8.0,-0.1,-1.72,Graduate
1,39,1,9256,0,36,143.5,1,35,2,9,11,135.2,0,0,1,1,1,0,26,0,7,9,7,0,11.694791293609057,0,10,15,0,4,12.79474416285446,0,9.1,1.4,3.15,Dropout
1,1,1,9088,1,43,130.7,1,36,19,9,10,136.6,0,0,0,1,0,0,18,0,0,6,6,0,15.860409287707283,1,4,6,20,0,15.162550038006312,0,7.6,3.7,1.96,Enrolled
1,17,1,9085,1,1,111.1,1,37,37,5,11,123.7,1,0,0,1,0,0,17,0,0,7,7,3,11.748722822460405,0,0,6,8,5,10.219806170269734,0,12.8,1.4,0.56,Graduate
1,17,6,9362,1,1,119.4,1,38,36,7,9,147.2,0,0,0,1,1,0,19,0,10,7,10,4,9.882790060539762,0,0,8,5,3,13.722655605898852,0,7.9,-0.4,-0.64,Enrolled
1,16,1,9135,0,1,143.4,1,1,37,8,3,115.4,0,0,0,1,0,0,17,0,0,6,6,5,11.478856744893895,0,0,6,8,5,13.422236599183519,0,9.4,1.4,-3.39,Enrolled
1,18,1,9506,1,1,138.8,1,19,37,10,8,139.8,1,0,0,1,0,0,17,0,0,5,11,7,14.72934093299376,0,0,5,7,4,13.45819570891924,0,9.8,1.4,3.27,Graduate
1,1,4,8995,1,1,159.6,1,1,18,9,163,128.0,1,0,0,1,0,1,18,0,7,6,7,6,13.774321922571099,0,0,8,10,5,11.666464500549452,0,11.1,0.6,1.9,Graduate
2,17,2,9217,1,2,130.2,1,1,3,8,6,132.1,0,0,0,1,0,0,17,0,4,6,7,7,16.471190504410632,0,0,8,6,7,15.820916246200873,0,12.3,0.8,1.47,Graduate
1,17,2,9165,0,1,124.5,1,1,35,9,6,98.8,1,0,0,1,0,0,19,1,0,7,16,5,11.701311447379332,4,4,8,8,6,9.385041704151705,2,15.1,-0.8,-2.82,Enrolled
1,44,1,9289,1,43,183.2,1,1,18,1,8,142.0,1,0,0,1,1,0,19,0,0,5,10,2,0.7872592939010613,0,3,8,4,6,12.72475629660283,0,16.2,1.4,-1.02,Enrolled
2,17,1,9740,1,1,123.6,43,37,27,11,9,166.2,0,0,1,0,1,0,18,1,1,5,12,5,0.23353468247554426,0,0,5,9,3,15.740244464481941,0,7.7,0.8,0.7,Dropout
1,16,1,9085,1,40,131.1,12,39,37,8,9,129.7,0,0,1,0,0,0,23,0,2,8,5,0,9.866073677680497,0,0,14,0,0,11.496586989375363,0,12.3,1.5,1.54,Dropout
1,16,4,9170,1,1,129.8,1,4,3,11,11,134.7,1,0,0,1,0,1,17,0,0,8,8,6,9.5624234003394,0,0,7,7,7,18.571428571428573,0,11.6,-0.3,2.11,Graduate
1,16,4,9532,1,2,133.5,1,18,38,9,1,118.9,0,0,0,1,0,1,19,0,1,7,7,6,15.56769433166925,0,0,0,8,5,14.610700692220794,0,10.6,-0.5,1.84,Enrolled
1,38,1,8998,1,1,134.3,1,19,36,7,9,106.3,1,0,0,1,1,0,25,0,0,6,5,0,0.3956664304094191,0,0,5,9,0,14.80038689005808,2,14.0,0.6,3.51,Enrolled
1,18,1,9505,1,1,130.7,1,36,38,8,3,127.5,0,0,1,0,1,0,52,0,0,5,15,0,12.985938495900848,0,0,5,4,1,0.0,0,14.3,3.7,-4.06,Dropout
1,1,6,9121,1,1,140.5,1,3,36,10,3,142.1,1,0,0,1,0,1,17,0,0,6,8,6,13.64258390256343,0,0,6,15,6,12.511661549324765,0,12.6,0.8,1.58,Graduate
1,16,2,9728,0,1,142.7,1,3,38,9,10,107.4,0,0,0,1,1,0,26,0,0,6,9,3,10.987456500202649,0,0,6,8,3,12.862894225352829,0,10.8,-0.4,-1.83,Graduate
2,40,1,9160,1,13,131.3,1,35,36,8,10,102.2,0,0,0,0,1,0,18,0,3,5,0,0,0.0,0,0,5,4,0,0.0,0,11.3,1.4,3.51,Dropout
1,1,3,9343,1,1,136.3,1,38,38,11,5,118.3,1,0,0,1,0,1,17,0,0,6,12,6,11.388780855351744,0,0,8,14,8,14.523840744288226,0,11.2,1.4,1.86,Graduate
1,16,2,9299,1,1,128.9,1,1,37,11,11,138.6,1,0,0,1,0,0,18,0,0,7,7,6,0.25150062750711116,0,0,8,5,6,14.512513190262336,0,16.2,1.4,2.08,Graduate
1,44,1,9371,1,1,139.1,1,2,37,1,5,118.0,0,0,0,0,0,0,19,0,0,8,6,5,12.05422942244758,0,0,6,12,0,10.38963721816988,0,9.9,2.8,0.7,Graduate
2,9,1,9991,1,1,136.8,1,36,2,11,0,109.6,0,0,1,0,1,0,20,0,0,8,8,5,0.0,5,0,2,15,0,0.0,0,8.2,-0.7,0.4,Dropout
1,3,1,9907,1,43,132.7,1,36,2,4,12,164.1,0,0,1,1,0,0,22,0,0,7,5,6,14.25668254564701,0,0,5,5,4,10.029277805004707,0,12.7,0.5,-4.06,Dropout
1,19,3,9348,1,1,135.9,1,19,38,11,99,167.6,0,0,0,0,0,0,18,0,0,7,5,6,16.550929967292078,0,0,7,6,0,12.060330333565595,0,12.5,1.5,-2.03,Dropout
1,17,4,9093,1,1,120.4,1,37,37,9,10,124.9,1,0,0,1,0,0,17,0,0,6,7,5,14.046638218641112,0,0,6,7,6,12.360293306423733,0,10.9,2.9,0.04,Graduate
1,17,1,8922,1,1,165.6,1,37,39,10,7,110.3,1,0,0,1,0,0,19,0,0,5,8,6,11.82960259333025,0,0,14,7,6,16.6675720634283,0,13.1,0.5,2.0,Dropout
1,1,5,8907,1,43,140.9,1,39,2,12,7,156.7,0,0,0,1,1,1,17,0,0,6,12,0,12.326416546118397,0,1,23,7,0,13.91538754073795,0,14.9,1.5,-1.16,Dropout
1,16,4,33,1,1,134.1,1,1,39,11,12,114.6,0,0,0,0,0,1,18,0,0,6,8,7,9.414560876383915,0,0,8,9,5,13.072003938541858,0,11.0,0.7,-1.68,Enrolled
2,42,1,9032,1,1,128.9,1,3,35,8,110,130.7,0,0,1,1,1,0,33,0,0,7,8,0,0.0,0,0,6,12,1,10.46681212547729,0,8.2,2.7,0.1,Dropout
1,43,1,9211,0,1,118.2,1,5,37,9,3,108.6,1,0,1,1,0,0,18,0,0,6,6,5,13.36445483786264,0,0,5,10,0,13.123939377090448,0,15.8,3.7,1.89,Graduate
1,41,4,33,1,37,134.8,1,1,37,7,8,145.1,0,0,1,0,0,0,20,0,0,5,7,21,8.869375738491705,0,0,7,9,6,0.0,0,13.0,0.5,0.73,Dropout
4,41,1,9201,0,1,131.1,1,2,35,8,5,116.5,0,0,0,0,0,0,57,0,0,5,0,3,0.11599740704801134,0,0,6,7,0,14.3314598372044,0,14.3,-0.1,0.39,Dropout
1,2,2,9286,1,1,116.0,1,2,37,4,10,123.3,1,0,0,1,0,1,17,0,0,7,8,6,12.858619083854784,0,0,14,7,6,15.928372259437383,5,11.0,0.8,-3.05,Graduate
1,43,1,9355,1,20,157.6,1,35,4,8,2,115.7,0,0,1,0,1,0,23,0,0,5,0,0,0.8180207769154502,0,0,7,7,6,13.165773874670549,0,11.1,0.6,3.5,Graduate
1,47,1,33,0,1,140.5,1,38,19,7,9,117.2,0,0,1,1,1,0,33,0,0,7,9,3,0.0,0,0,6,8,0,0.0,2,8.0,3.7,0.33,Dropout
1,39,2,9103,1,1,136.3,1,35,38,10,8,120.4,0,0,0,1,1,0,22,0,2,11,10,3,13.302471650027563,0,0,5,7,2,9.231956546198813,0,7.9,-0.6,-3.33,Dropout
1,16,1,9055,1,2,134.7,1,39,37,12,4,111.1,1,0,0,1,0,0,19,0,0,8,7,3,11.629716864440278,0,0,6,7,7,16.515753930383468,0,11.2,1.5,1.7,Graduate
2,38,1,8875,1,1,135.2,1,32,37,11,1,160.2,0,0,1,0,1,0,52,0,0,5,0,0,0.0,0,0,23,8,0,0.0,0,15.4,2.7,0.18,Dropout
2,17,1,9095,1,41,122.3,1,39,19,6,195,146.3,1,0,0,1,0,0,17,0,6,7,8,6,13.546018113594423,0,1,7,8,7,16.426901465955023,0,13.0,0.5,1.75,Enrolled
1,40,6,9488,1,1,133.6,39,39,20,6,10,153.6,0,0,1,0,1,0,17,0,0,7,8,6,13.019939136997921,0,0,6,0,0,0.6353640876699335,0,11.3,3.0,-1.29,Dropout
1,45,3,9151,1,1,123.0,1,38,37,8,12,125.7,0,0,0,1,0,1,20,1,0,7,6,7,10.081969549094607,0,0,6,16,6,12.932234490186937,0,7.8,2.8,1.88,Graduate
1,16,3,8984,1,1,120.7,1,3,2,11,7,138.1,1,0,0,1,0,0,17,0,0,7,5,5,9.299617374468234,0,4,6,7,0,16.789368768532206,0,7.6,3.7,-2.9,Graduate
1,19,1,9698,1,1,139.0,1,20,4,11,0,108.8,0,0,0,1,0,1,19,0,17,7,9,5,15.232440018007402,0,0,6,11,7,14.820688051084156,0,14.5,-0.4,-3.34,Dropout
1,2,5,8986,1,2,120.6,1,37,1,10,1,127.3,0,0,0,1,0,1,17,0,0,18,8,6,15.331600494408796,0,11,6,8,6,14.32273408958546,0,9.3,3.7,-3.6,Graduate
1,1,5,8987,1,1,133.4,1,18,37,10,10,115.8,1,0,0,1,0,1,17,0,0,7,8,6,13.24803389132641,0,0,8,8,6,13.747652811079005,0,12.7,-0.1,1.69,Graduate
1,19,1,9322,1,1,127.7,1,1,38,9,7,95.0,0,0,0,1,0,0,25,0,0,5,7,3,10.08049105864578,0,0,5,9,7,0.0,0,9.8,2.6,-4.06,Dropout
1,2,1,9204,0,4,133.2,1,1,1,5,7,142.0,1,0,0,1,0,0,17,0,0,14,8,7,13.36458803417056,0,0,5,10,6,12.90874448738176,3,8.2,0.7,0.73,Graduate
1,40,1,9946,0,1,124.7,1,38,36,10,2,125.4,0,0,0,0,0,0,31,0,0,5,16,0,12.787583070341794,0,0,7,9,0,11.906284137389687,0,14.3,1.4,-1.47,Graduate
1,36,1,9061,0,43,142.7,1,37,37,11,7,110.2,0,0,0,1,0,0,29,0,1,7,4,0,15.410975849888581,0,0,6,10,0,0.0,0,7.6,-0.1,0.6,Dropout
1,17,5,9616,1,1,134.7,1,38,38,9,12,122.0,0,0,0,1,0,1,17,0,0,6,6,6,13.318378007335646,0,0,8,9,6,14.865955819942064,0,11.6,1.3,1.55,Graduate
1,48,2,9105,1,1,171.3,1,37,37,10,5,116.7,1,0,0,1,0,0,19,0,7,6,5,7,11.22238579042764,0,0,8,9,9,12.767372212036582,0,7.6,0.7,-1.21,Dropout
1,17,3,9010,1,1,122.1,1,2,36,2,12,112.8,1,0,0,1,0,0,18,0,0,6,8,7,12.28653656836882,0,0,8,7,6,16.149269975884017,0,15.7,0.6,0.35,Enrolled
1,36,1,9670,1,1,135.2,1,1,39,4,8,190.0,1,0,1,1,0,0,19,0,0,7,7,4,10.491697825091771,0,0,5,9,2,0.0009737053816184938,0,12.7,-0.6,0.16,Dropout
1,5,1,9053,0,1,131.4,1,18,38,2,9,95.0,0,0,0,0,0,0,36,0,0,5,8,0,13.294764709798601,1,0,8,7,0,0.20279877307126493,1,15.6,3.0,0.58,Dropout
1,2,1,9148,1,1,135.8,1,36,6,1,11,121.2,0,0,0,1,0,0,39,0,0,8,8,5,14.064620981169162,0,0,5,8,0,10.09778839918219,4,12.5,-0.7,1.65,Enrolled
1,3,1,9113,1,1,146.5,1,3,18,7,6,116.6,0,0,0,1,0,1,17,0,0,5,8,7,13.771437866227302,0,0,7,18,6,11.638249516251767,0,16.2,0.6,-2.0,Graduate
1,18,1,9053,1,1,141.9,1,29,18,5,0,109.5,1,0,0,1,1,0,17,0,0,6,9,7,12.525525544490469,0,0,8,12,5,14.231837379459028,0,9.4,1.5,-2.02,Dropout
1,1,1,9208,1,1,144.3,1,1,1,5,9,100.3,1,0,0,1,0,1,18,0,0,8,8,7,13.067070108688775,0,0,6,9,3,12.94968954209067,0,12.9,1.4,1.82,Graduate
1,39,1,7586,1,39,136.7,47,36,3,11,8,142.4,0,0,0,0,0,0,22,0,0,7,5,1,0.0,0,0,5,6,2,12.407716020958015,0,15.3,1.5,1.62,Enrolled
1,45,1,9500,1,14,103.9,1,1,38,9,8,134.7,0,0,0,1,0,0,18,0,0,5,4,5,12.201107157218395,0,0,6,7,5,10.693102195107056,3,12.8,-0.3,-3.35,Dropout
1,46,1,9510,0,1,133.2,1,38,37,3,8,130.5,0,0,0,1,0,0,21,0,0,7,13,6,13.246463088665408,0,0,0,7,0,15.168126023209538,2,14.4,-0.6,0.61,Dropout
1,17,5,9424,1,1,130.6,1,18,1,4,11,129.2,1,0,0,1,0,0,26,0,0,8,4,6,11.393162580875856,0,0,6,8,2,10.229827647143278,0,16.2,1.4,2.13,Enrolled
1,18,1,9213,1,1,117.6,1,1,36,9,9,131.5,1,0,0,1,0,0,17,0,0,6,7,6,10.678719008651395,0,0,6,8,3,11.96195535758998,0,9.5,-0.7,-4.06,Graduate
2,45,1,8834,0,1,118.9,1,35,38,2,94,172.7,0,0,0,0,1,0,18,0,0,7,6,0,9.567672966962373,0,0,5,7,0,0.0,0,8.1,-0.5,-1.99,Dropout
1,17,5,9033,1,1,116.4,1,37,20,1,11,127.6,0,1,0,1,0,0,25,0,11,5,1,0,10.44134708896968,0,0,1,10,6,13.975296871496115,0,8.2,1.5,-0.98,Graduate
2,1,3,8944,1,1,131.9,1,1,36,6,8,105.7,1,0,1,1,0,1,29,0,3,6,15,6,11.11406117527354,0,0,6,11,6,13.971683149912325,0,12.5,1.6,-4.06,Dropout
1,37,1,33,1,1,132.8,1,1,37,81,12,120.6,0,0,1,1,1,0,27,0,0,5,3,1,0.03810452741530443,0,0,5,1,1,14.562507047878519,0,7.8,1.4,-1.12,Dropout
1,43,5,9105,1,1,118.9,1,38,37,8,4,122.6,0,0,0,1,0,0,17,1,0,6,7,1,10.786961386853442,0,0,6,8,6,14.777652382400758,0,12.9,3.7,1.51,Enrolled
2,2,1,9991,0,1,127.3,1,19,37,9,7,103.5,1,0,0,1,0,1,18,0,0,6,7,6,13.412688848451127,0,0,8,7,6,12.197539765414293,0,13.0,3.7,1.64,Graduate
1,38,2,8871,1,2,127.8,44,30,1,8,7,131.3,1,0,0,1,0,0,17,0,0,7,7,6,10.482174484672306,0,0,6,12,7,14.675301978523592,0,13.0,2.8,0.44,Graduate
1,17,4,9066,1,1,139.3,1,1,2,7,12,122.5,0,0,0,1,0,0,22,0,0,7,8,7,12.75794809916493,0,0,8,8,2,10.551336715089546,0,14.1,0.4,1.82,Graduate
1,16,1,9076,1,1,130.9,1,38,39,7,12,142.2,1,0,0,1,1,1,18,0,0,12,16,4,9.195797654331919,0,16,7,6,8,11.826946625714221,0,13.9,0.6,0.17,Enrolled
1,17,3,9293,1,1,129.4,1,36,36,4,7,118.9,0,0,0,0,0,0,37,0,0,7,5,5,15.324053307969319,0,5,7,8,6,12.246857603594203,0,9.9,3.4,-3.27,Graduate
1,42,2,9279,1,43,135.6,1,36,36,7,1,113.2,0,0,1,0,1,0,22,0,0,5,8,0,0.6310748200227899,0,0,5,0,0,9.225530122822212,0,16.2,-0.6,0.88,Dropout
1,1,3,9119,1,1,132.0,1,1,37,11,7,128.7,1,0,0,1,0,0,18,0,0,7,8,3,12.196481581642628,0,0,6,8,6,12.64133595177622,0,12.8,1.5,1.93,Graduate
1,1,1,9671,1,1,133.2,1,38,37,12,10,131.8,0,0,0,1,0,1,18,0,0,6,7,5,11.206744096749578,0,0,8,7,14,12.824204229847325,0,13.3,1.5,1.85,Graduate
1,11,3,9431,1,1,137.9,1,39,20,5,8,139.5,1,0,0,1,0,0,18,0,0,9,8,7,11.091071061357837,0,0,6,7,3,13.508869157610068,0,14.4,3.7,-1.84,Graduate
1,40,3,8781,1,1,127.2,1,37,19,3,12,117.8,1,0,0,1,0,0,19,0,0,10,7,4,9.538885813105836,0,0,6,7,3,13.993455189432972,0,10.8,0.6,-3.08,Graduate
1,18,2,8804,1,1,125.9,1,38,38,12,10,139.8,1,0,0,1,0,0,17,0,0,7,8,5,12.529449781106333,0,0,8,10,7,13.273542444239059,0,13.0,3.0,-4.06,Enrolled
1,40,1,8994,1,1,133.7,1,1,37,194,9,123.8,0,0,0,1,1,0,17,0,0,6,5,5,10.76692235823321,0,10,6,11,5,10.989273121580219,0,12.8,3.7,1.73,Graduate
1,38,1,9131,1,1,137.9,1,37,38,9,8,107.9,0,0,0,1,1,0,20,0,0,7,6,6,9.780229817084486,0,12,5,7,1,10.552399244319815,0,11.5,1.5,0.71,Enrolled
1,18,1,9076,1,1,124.7,1,1,35,8,3,111.3,0,0,0,1,1,0,20,0,0,7,7,5,0.09483180634744152,4,0,5,5,6,13.797370541323204,0,8.1,0.8,-3.11,Enrolled
1,44,1,9323,1,1,151.2,1,3,37,3,10,125.6,1,0,0,1,0,0,17,0,0,7,16,5,11.59685113439026,0,0,8,12,6,10.740787091529386,0,12.6,1.5,-1.96,Graduate
1,19,1,9195,1,1,137.1,1,4,37,4,11,140.7,1,0,0,0,0,0,19,0,0,5,12,4,11.489878756940078,0,0,16,7,6,10.373487096320611,4,12.8,-0.4,0.2,Dropout
1,17,2,9230,1,1,153.8,1,4,38,2,8,108.7,1,0,0,1,0,1,20,0,0,7,8,5,13.61182464257019,0,0,8,8,6,13.659589221743206,0,14.2,0.7,-3.46,Graduate
4,16,1,9004,1,21,104.3,1,36,37,9,10,155.2,0,0,0,1,0,1,19,0,0,1,7,5,13.468482030201132,0,0,8,8,4,13.763034563324947,0,16.1,1.5,-1.92,Enrolled
1,17,1,753,1,1,160.2,1,39,20,10,0,133.6,1,0,1,0,1,1,36,0,8,5,12,4,12.770632016494194,0,0,16,8,6,12.568042882102313,0,7.6,1.5,-3.55,Enrolled
1,17,1,8998,1,1,126.8,1,39,37,8,66,139.0,1,0,0,1,0,0,29,0,0,6,30,2,16.432357447292524,0,0,6,7,6,15.410900562800729,0,10.8,0.6,-1.81,Dropout
1,1,3,8834,1,1,126.9,1,19,38,7,4,108.3,1,0,0,1,1,0,18,0,0,6,10,5,10.045331371093077,0,0,6,7,4,10.954462418268767,0,7.6,1.5,1.65,Graduate
2,38,1,8944,1,1,149.8,1,35,37,3,11,122.0,0,0,0,1,0,0,30,0,0,5,8,8,9.79549129862519,0,0,7,9,0,0.23334077467662734,6,8.9,1.5,0.84,Enrolled
1,1,3,8817,1,1,127.4,1,3,38,3,12,133.0,1,0,0,1,0,0,17,0,0,7,7,7,9.387133576571486,0,0,8,8,3,14.723344989224145,0,11.2,-0.8,-4.06,Dropout
2,19,1,33,0,40,158.7,1,37,7,6,3,145.4,0,0,0,1,1,0,35,0,7,5,0,8,0.0,0,0,6,8,0,0.0,0,14.0,2.9,0.02,Dropout
1,17,2,8867,1,23,139.8,1,18,3,8,7,133.2,1,0,1,1,0,0,21,0,0,11,5,19,14.388431299386003,0,0,6,16,3,13.311890436012472,0,16.2,-0.4,3.16,Graduate
1,3,6,9306,1,1,131.0,1,1,1,10,4,139.3,0,0,0,1,0,1,19,0,0,7,16,6,15.143228214816336,0,0,8,8,7,12.869248069628595,0,14.1,1.5,1.67,Graduate
1,44,1,9121,0,3,116.3,1,37,36,5,7,124.1,0,0,0,1,0,0,43,0,0,5,6,5,11.856326472993016,0,0,6,7,0,0.21639197160954396,2,15.6,1.5,2.34,Dropout
2,6,1,9261,1,1,131.5,1,4,37,8,9,109.9,0,0,0,1,0,0,23,0,0,21,6,0,10.94403083271716,0,0,7,14,6,12.263176852049206,8,9.1,0.9,-3.61,Enrolled
1,17,1,8803,1,1,132.2,1,5,37,8,8,123.3,1,0,0,1,0,0,18,0,0,5,7,6,15.315242423975853,0,0,8,7,2,16.979052736826787,0,12.8,-0.6,0.24,Graduate
2,40,1,8369,0,1,138.1,1,38,39,4,9,125.6,0,0,1,0,1,0,27,0,0,7,8,0,0.0,0,0,5,11,3,0.0,0,7.6,1.5,0.22,Dropout
2,41,1,8996,0,43,136.0,1,1,37,7,10,95.0,0,0,0,0,1,0,30,0,0,8,8,3,0.0,0,0,1,0,0,0.4474926109502424,1,16.2,1.6,-1.92,Dropout
1,1,6,9562,1,1,111.4,1,36,18,6,7,104.0,1,0,0,1,0,1,18,0,0,7,7,7,14.925627776823784,0,0,8,17,8,12.136862689428416,0,11.0,0.6,1.72,Graduate
1,2,4,9133,1,1,129.1,1,1,38,4,11,136.9,0,0,0,1,0,1,17,0,2,6,8,13,15.664169106634441,0,0,6,13,7,11.954145630345446,0,13.6,1.5,-2.73,Graduate
1,42,1,9150,1,1,128.6,1,39,36,10,7,131.0,0,0,0,0,0,0,17,0,2,5,6,4,14.118588213213094,0,0,7,4,5,13.399557258917834,1,9.5,3.0,0.29,Dropout
1,43,1,9125,1,1,98.9,1,5,28,194,7,137.5,0,0,0,1,0,0,17,0,0,6,6,7,14.253113896710099,0,0,8,10,6,11.77030594033188,3,13.1,2.8,1.57,Graduate
1,2,1,9991,1,1,131.0,1,35,38,5,92,126.6,1,0,0,1,0,1,18,0,0,6,6,7,11.746472200418653,0,2,23,10,6,13.09006114463256,0,10.8,1.4,1.65,Graduate
1,19,3,8864,1,1,139.2,1,2,5,3,10,120.4,1,0,0,1,0,1,18,0,0,5,8,5,11.046412777564095,0,0,6,7,6,13.037288025232849,0,11.3,0.8,1.51,Graduate
1,18,1,9452,1,1,131.9,1,39,38,9,114,109.8,0,0,0,1,0,0,19,0,0,7,8,5,0.0,0,0,7,7,6,10.824476869393031,3,13.0,-0.3,0.16,Graduate
1,18,2,9343,1,1,119.2,1,2,2,0,7,125.8,1,0,0,1,0,0,17,0,0,8,5,5,14.228498286000152,0,0,8,9,7,14.573056456712383,0,16.2,1.5,0.33,Graduate
1,1,1,9009,1,1,121.7,1,35,18,8,3,122.5,1,0,0,1,0,0,19,0,0,7,7,7,0.0,0,4,5,9,2,10.906216238703296,0,10.0,2.8,0.91,Graduate
2,18,3,7978,1,2,141.6,1,35,37,3,4,127.1,0,0,1,0,1,0,51,0,0,5,8,0,0.0,0,0,5,4,0,0.0,0,16.1,-0.1,0.16,Dropout
1,18,1,9445,1,1,128.9,1,1,36,8,11,127.8,0,0,0,1,0,0,17,0,0,7,7,6,13.603544906351695,0,0,8,8,4,12.23231702782949,0,8.2,1.5,0.77,Graduate
1,37,1,33,1,38,132.0,1,39,37,8,176,138.7,0,0,0,1,0,0,24,0,0,5,11,5,0.2498530265679157,0,0,7,8,0,0.9712313616010316,0,12.6,0.6,0.11,Dropout
1,37,4,9122,0,38,171.2,1,1,36,9,10,121.3,0,0,0,0,0,0,20,0,0,5,5,0,0.0,0,0,1,0,0,0.0,0,11.1,1.4,3.41,Dropout
1,18,1,8938,1,2,142.9,1,1,1,10,8,133.3,1,0,0,1,0,0,18,0,5,6,8,2,9.546111793315124,0,4,8,1,6,10.82990502644873,0,16.2,0.6,0.95,Dropout
1,39,1,9878,1,21,114.9,1,38,2,11,5,115.4,0,0,0,0,1,0,36,0,0,5,7,0,13.202522161290025,0,0,8,4,0,0.0,0,12.5,3.0,-4.06,Dropout
2,42,1,8875,1,3,130.0,1,35,35,8,10,107.4,0,0,1,0,1,0,24,0,0,5,0,0,0.0,0,0,7,0,0,0.0,0,15.8,3.0,0.19,Dropout
4,17,3,9588,1,1,125.4,1,1,1,10,9,135.2,1,0,0,1,0,1,19,0,0,6,8,7,10.386032367502786,0,0,8,5,8,14.971239479056083,0,16.2,1.6,1.62,Graduate
1,13,2,9248,1,1,116.4,1,1,38,6,9,124.0,0,0,0,1,0,0,19,0,0,8,10,5,11.757709479334569,0,0,6,8,6,13.232736109311238,4,12.5,0.8,1.65,Graduate
1,1,5,9450,1,1,125.4,1,1,1,11,8,129.3,1,0,0,1,0,1,17,0,0,7,8,7,12.17459516679997,0,0,6,8,4,11.541478642997191,0,14.2,0.7,1.73,Graduate
4,38,1,7927,1,1,135.0,1,4,39,9,8,128.2,0,0,0,1,1,0,23,0,7,5,7,3,10.151884108477606,1,0,6,3,5,0.0,0,16.2,-0.7,0.64,Dropout
1,17,1,9200,0,1,132.4,1,18,38,8,8,146.5,0,0,0,0,1,0,19,0,15,7,7,0,0.0,0,0,20,0,3,11.424140303602885,0,7.8,1.4,-3.37,Dropout
2,8,4,9430,1,1,132.9,1,20,18,11,6,128.3,0,0,0,1,0,0,53,0,0,8,10,4,10.100822563566854,0,0,6,0,0,15.077748338744833,0,8.2,3.0,0.33,Graduate
1,38,1,9186,1,36,143.2,1,1,42,10,10,126.7,0,0,0,1,1,0,18,0,1,7,7,8,12.084317571292743,0,0,8,12,6,12.20317896280276,0,13.7,0.7,0.09,Graduate
1,38,3,7858,1,2,109.8,1,36,36,10,3,135.4,0,0,0,1,1,0,42,1,2,8,7,0,0.9922446518836788,0,0,5,1,0,13.921775181636495,0,15.4,1.5,1.98,Dropout
1,44,2,7574,1,1,134.6,1,17,39,11,6,114.2,1,0,0,1,0,0,18,0,0,6,7,2,10.5061158535135,0,0,8,8,4,13.128636198833446,0,11.1,3.1,1.97,Graduate
1,17,1,9069,1,1,135.4,1,2,37,10,8,112.7,0,0,0,1,1,0,17,0,5,6,7,5,9.301481503332846,0,2,10,0,6,11.743667305605838,0,8.0,-0.7,1.96,Graduate
1,18,3,33,1,1,133.2,1,17,1,1,6,131.5,1,0,0,1,0,0,19,0,0,7,8,5,16.286424527402236,0,0,6,13,3,12.25724103877575,0,9.9,1.4,-1.41,Graduate
2,38,5,9238,1,1,160.4,1,37,1,9,11,125.3,0,0,0,0,1,0,42,0,2,5,6,5,0.28653768267055535,0,5,5,11,4,1.1991424197211389,0,7.8,1.3,-0.82,Dropout
1,1,2,9384,1,1,136.7,1,37,2,5,7,105.6,1,0,0,1,0,1,17,0,0,7,8,7,11.492344321649158,0,0,8,10,6,14.18210143326334,0,12.7,-0.6,1.94,Graduate
1,3,5,9140,1,3,120.8,1,36,26,6,1,123.4,0,0,0,1,0,0,19,0,0,7,24,3,11.58938446699767,0,2,6,13,7,12.826834638718655,0,13.1,1.4,1.85,Graduate
1,39,1,9564,1,1,142.0,1,36,37,7,10,123.5,0,0,0,0,0,0,19,0,0,5,9,6,9.348348644381382,0,1,5,13,8,11.782091507187117,0,9.1,1.4,2.16,Enrolled
1,42,1,8949,1,21,132.2,1,37,35,83,9,127.8,0,0,1,0,1,0,24,0,0,1,5,7,13.351794884858453,0,2,7,8,7,0.0,0,16.2,0.7,0.07,Dropout
1,18,4,9454,1,1,140.8,1,3,36,12,2,128.1,1,0,0,1,0,1,19,0,0,7,7,7,16.314725422335176,0,5,6,8,5,12.582586025169416,0,12.9,-0.7,-3.34,Graduate
1,1,3,8849,1,1,127.4,1,2,20,8,9,127.2,1,0,0,1,0,0,17,0,0,8,7,6,13.15357493626987,0,0,5,8,6,1.0237382867398899,0,12.6,3.7,-1.89,Graduate
1,18,1,9390,1,43,129.9,1,37,19,9,7,158.9,0,0,0,1,0,0,17,0,0,12,6,5,9.688829925099,0,0,10,7,2,9.751400567480463,0,15.5,1.4,0.29,Dropout
1,16,1,9309,1,1,176.3,1,2,39,11,11,123.2,1,0,0,1,0,0,19,0,0,7,8,6,13.413916563088186,0,0,1,7,6,10.206585667534599,0,15.9,1.4,-3.5,Enrolled
2,45,1,9760,1,14,137.8,1,36,2,9,7,132.7,0,0,1,1,1,0,18,0,0,7,9,0,0.0,0,0,8,5,0,10.233773106980358,0,8.2,3.7,-1.84,Dropout
1,18,1,9648,1,2,133.2,1,1,1,10,3,133.7,0,0,0,1,0,0,18,0,0,8,8,5,11.405370292134785,0,0,6,5,7,13.417681002946344,0,7.6,0.6,-1.41,Graduate
1,1,1,9347,1,1,174.6,36,40,37,8,8,123.0,0,0,0,1,0,0,18,0,14,7,8,0,10.999808061919122,3,0,6,11,5,13.071429693614586,0,8.2,-0.8,1.11,Enrolled
1,1,1,8938,1,1,95.0,37,38,38,6,10,145.1,1,0,0,1,0,0,17,0,0,7,7,5,8.829783726139095,0,0,8,6,7,14.448970321031814,0,7.6,0.4,-1.23,Graduate
5,7,1,9736,1,39,135.7,1,1,40,105,3,110.8,0,0,1,1,1,0,31,0,0,5,6,0,0.0,0,0,5,5,8,0.0,0,16.2,-0.7,0.18,Dropout
1,1,6,9044,1,1,132.2,1,36,38,1,0,126.7,1,0,0,1,0,1,18,0,0,7,10,5,15.510456132803586,0,0,8,10,8,12.231226574768122,0,12.8,-0.4,1.76,Graduate
3,16,2,8998,1,1,121.7,1,39,4,8,6,137.5,1,0,1,1,0,1,20,0,6,4,8,6,9.86137722712907,0,3,6,10,1,11.309653354446555,0,12.7,0.3,3.51,Graduate
1,15,2,9183,1,1,135.7,1,1,17,11,6,114.7,1,0,0,1,0,1,17,0,0,6,7,7,13.270643234289462,0,0,6,7,6,15.282878819422757,0,14.0,0.9,2.02,Graduate
1,19,4,9410,1,1,144.6,1,34,1,8,8,125.0,1,0,0,1,0,0,19,0,0,5,1,8,12.421949092979897,0,0,6,7,0,11.37867127503445,0,7.9,-0.7,2.15,Graduate
1,1,2,9593,1,1,150.8,1,35,4,4,0,113.5,0,0,0,1,0,0,19,0,0,6,6,2,12.52067879164171,0,0,7,11,8,10.886399728973606,0,13.0,-0.7,1.65,Dropout
2,19,1,8946,1,1,131.9,1,39,37,9,10,126.7,0,0,0,1,0,0,18,0,0,5,11,0,8.25054801370311,0,0,5,7,5,12.175619218226547,0,13.7,1.6,0.81,Dropout
1,16,1,8900,1,1,130.5,1,1,37,6,6,134.4,0,0,0,1,0,0,19,0,7,7,5,5,12.505754183584935,0,0,8,7,2,14.110978837091372,0,9.1,0.6,-3.42,Graduate
5,18,1,9041,0,35,128.1,1,1,37,9,9,114.3,0,0,1,0,0,0,18,0,0,5,8,5,11.429056299934894,0,0,7,10,7,10.792551487950009,0,14.2,0.7,1.67,Graduate
1,17,5,8939,1,1,124.5,1,40,1,3,7,110.9,0,0,0,1,0,1,19,0,0,7,17,16,13.195297555095332,0,0,8,7,5,14.014130109626423,0,11.2,0.6,-2.2,Graduate
1,17,2,8997,1,2,139.3,1,1,36,3,8,100.0,1,0,0,1,0,0,17,0,0,11,7,6,16.294093217882303,0,0,8,4,8,17.151498127830404,0,7.9,3.6,3.01,Graduate
2,18,2,9856,1,1,119.4,1,1,37,10,2,102.0,1,0,0,1,0,0,17,0,0,5,7,7,13.281309243744861,0,0,5,5,10,10.548433124128167,0,15.4,0.7,1.79,Dropout
1,47,5,9050,1,1,140.1,1,4,18,10,13,113.2,1,0,0,1,0,0,17,0,0,6,5,7,14.957903384426123,0,0,8,8,6,9.569299710694896,0,10.9,2.8,1.08,Enrolled
1,17,3,9260,1,1,127.7,1,36,39,3,10,108.7,0,0,0,1,0,0,18,0,0,6,5,7,13.654746859333901,0,0,6,7,6,11.597041189957707,6,12.7,1.5,2.17,Graduate
1,1,1,9806,1,1,129.7,1,1,37,3,184,134.9,1,0,0,1,0,0,38,0,0,7,7,7,15.833678243729818,0,0,6,5,6,15.527433760956308,0,13.0,1.5,-1.94,Enrolled
2,42,1,9256,1,1,133.8,1,36,38,2,10,144.1,0,0,1,1,1,0,30,0,0,5,4,5,10.291330588743266,0,0,5,8,0,10.0119835437968,0,14.3,-0.6,-3.45,Dropout
1,18,3,8975,1,2,142.7,1,19,39,10,12,109.8,1,0,0,1,0,0,18,0,0,12,8,7,10.41784556439979,0,3,5,0,7,14.209610278392526,0,12.6,0.4,3.51,Graduate
1,16,1,9048,0,20,141.0,1,2,39,11,11,125.6,0,0,0,1,1,0,19,0,0,8,5,5,9.916273042461984,0,0,5,7,0,0.0,0,7.8,0.6,-1.21,Graduate
1,18,1,8922,1,1,130.2,1,2,17,12,8,134.5,1,0,0,1,0,0,18,0,0,6,7,6,15.640314575208345,0,0,6,8,2,13.48919945574508,0,12.5,3.7,-0.92,Graduate
1,38,1,8868,1,1,130.7,1,38,38,8,3,165.3,1,0,0,1,0,0,25,0,0,7,8,7,13.77032414621031,0,0,7,10,0,15.226039890683415,0,12.3,1.4,0.91,Enrolled
1,16,3,9168,1,1,122.8,1,4,36,6,9,117.1,1,0,0,1,0,0,18,0,0,8,8,3,14.468305918481628,0,0,8,7,4,14.842824012353706,0,12.9,0.7,2.88,Graduate
1,45,2,9103,1,1,114.7,1,1,36,8,9,121.2,1,0,0,1,0,1,18,0,0,7,7,6,14.073790921044315,0,5,8,8,7,10.784848663121787,0,14.4,0.7,-1.71,Graduate
2,40,1,9655,1,1,132.7,1,37,19,7,4,107.9,0,0,0,1,0,0,24,0,0,7,6,7,16.86992999688543,0,2,5,8,5,0.0,1,9.3,3.1,0.53,Dropout
2,41,1,9240,0,13,126.5,1,38,36,8,11,102.2,0,0,0,0,0,0,20,0,0,2,6,0,10.539582713894324,0,0,5,5,0,0.0,1,8.0,2.9,-1.68,Enrolled
1,1,3,9072,1,1,148.8,1,2,38,12,4,107.3,1,0,0,1,0,0,19,0,0,7,8,6,9.494605483952753,0,0,7,4,6,14.409101488665325,0,9.9,0.6,1.9,Enrolled
1,39,1,9155,0,1,134.9,1,3,36,7,7,116.9,0,0,0,0,0,0,20,0,0,5,0,5,9.975445006401328,0,7,5,5,4,0.030866363220859144,1,10.0,1.3,-3.4,Dropout
1,46,4,9145,1,1,135.9,1,37,1,3,2,107.3,1,0,0,1,1,0,21,1,0,6,1,0,12.216313863387525,0,0,12,7,0,10.525066938992861,3,14.4,0.6,1.81,Graduate
1,17,2,9503,1,6,132.3,1,1,18,0,2,106.1,1,0,0,1,0,0,20,0,0,15,6,5,14.486964834421004,0,0,8,12,6,15.220054026520746,0,11.3,0.6,1.59,Graduate
1,16,1,9049,1,1,125.4,1,1,36,7,9,118.5,1,0,0,1,0,0,17,0,0,8,5,5,11.400812805329664,0,0,8,11,3,10.9693904893186,0,9.4,3.7,0.27,Enrolled
1,43,1,9429,0,1,141.8,1,37,36,10,1,97.4,0,0,1,0,1,0,28,0,0,13,0,2,0.0,0,0,5,10,3,10.38428837719973,0,12.9,-0.8,-2.07,Dropout
1,18,1,9076,1,2,124.5,1,36,19,7,8,110.5,0,1,0,1,0,0,25,0,0,7,9,6,9.583084401981917,0,2,6,9,5,15.09963630315988,0,13.0,-0.3,1.1,Dropout
1,1,3,8799,1,1,128.9,1,5,35,8,13,95.0,1,0,0,1,0,0,20,0,2,8,7,7,12.967499585209259,0,0,8,7,4,14.951860283202587,0,12.7,0.8,1.73,Dropout
1,2,1,9361,1,1,115.4,1,1,37,10,99,125.1,1,0,0,1,0,0,18,0,0,6,7,3,13.871400935000363,0,0,6,24,3,12.14094871203361,0,12.4,0.8,-4.06,Enrolled
1,37,1,8960,1,15,135.5,1,1,39,11,2,161.1,0,0,0,1,1,0,24,0,0,6,7,6,0.0,0,0,7,0,6,15.325365563991443,0,12.5,0.0,0.46,Dropout
1,17,1,9184,1,1,127.4,1,38,37,2,11,107.8,0,0,0,1,0,1,17,0,0,6,3,7,13.395099863102732,0,0,8,13,7,11.997445195145762,0,11.4,0.6,0.04,Graduate
1,1,4,9540,1,1,138.9,1,36,39,0,12,121.2,1,0,0,1,0,1,17,0,1,6,10,6,15.298549837886217,0,0,8,7,6,14.277590265108966,0,11.5,-0.1,2.07,Graduate
1,1,3,8926,1,1,126.5,1,20,1,10,10,128.3,1,0,0,1,0,0,17,1,0,6,8,7,15.362982558627019,0,0,8,6,6,16.366990248069737,0,12.9,0.9,1.7,Graduate
1,16,2,9452,1,1,141.0,1,4,2,0,9,120.1,1,0,0,1,0,1,17,0,0,6,7,6,11.552707059117296,0,0,8,3,6,12.87514321150724,0,12.9,0.4,1.46,Graduate
1,1,5,9387,0,1,138.4,1,1,39,9,7,131.6,0,0,1,1,1,0,38,0,2,5,14,0,0.0,0,0,7,13,8,13.47096794727995,0,16.2,0.7,1.62,Dropout
4,1,1,8898,1,1,133.0,1,36,37,7,9,99.2,0,1,0,1,0,0,27,1,3,5,1,2,13.427876531120292,0,0,8,10,0,11.408978297663863,0,7.8,-0.3,-2.0,Dropout
1,18,2,9269,1,1,144.8,14,39,38,10,7,114.5,0,0,0,1,0,0,17,0,0,5,9,1,12.449652305037992,0,0,5,10,0,12.16261008945908,0,10.9,3.7,1.86,Dropout
1,43,1,9174,1,1,137.5,1,35,37,8,9,95.0,0,0,0,1,0,0,49,0,3,12,0,1,0.0,0,1,5,0,7,9.395502031656672,0,16.0,3.0,-0.84,Dropout
2,5,1,8923,1,1,137.2,1,36,37,12,8,105.5,0,0,0,1,1,0,17,0,0,5,4,5,0.0,0,0,5,7,0,0.6147455690663052,0,8.1,0.7,0.05,Enrolled
1,17,1,9991,1,1,127.8,1,36,37,8,9,134.3,0,0,0,1,0,0,17,0,14,5,4,5,13.903762653733489,0,0,5,6,0,0.5727252278995062,0,8.3,1.3,1.91,Dropout
1,19,2,9927,1,2,123.8,1,18,38,9,6,122.5,1,0,0,1,0,1,17,0,0,6,7,6,12.767120661293271,0,0,8,13,3,14.591402259665935,0,9.3,0.8,1.66,Graduate
1,20,4,9298,1,1,132.4,1,40,36,11,11,136.0,0,0,0,1,0,0,17,0,0,6,7,3,11.930670210271211,0,0,12,8,6,16.868195900747196,0,7.6,-0.1,-2.76,Dropout
1,1,2,9270,1,1,161.3,1,36,1,8,174,126.6,1,0,0,1,0,0,18,0,0,7,4,15,13.45848581708573,0,0,8,16,5,17.881083354182284,0,14.0,0.7,-1.72,Graduate
1,20,1,9350,1,1,155.2,1,36,39,11,3,128.5,0,0,0,1,0,0,17,0,0,7,9,6,11.346475093238649,0,0,6,7,1,11.67747723460098,0,9.7,0.7,-4.06,Enrolled
1,17,2,9094,1,1,95.3,1,4,38,8,7,122.5,1,0,0,1,0,1,18,0,0,7,8,7,11.796882411714078,0,0,8,8,6,16.11910782863758,0,13.0,1.5,1.7,Graduate
1,19,2,9024,1,1,142.6,1,32,36,6,9,106.2,1,0,0,1,0,0,23,0,0,5,7,6,12.07338154105071,0,0,7,8,7,17.407356420907416,4,14.3,-0.8,1.1,Graduate
1,15,5,9310,1,1,150.7,1,18,18,2,9,112.3,1,0,0,1,0,1,19,0,0,5,9,5,12.569534368410023,0,0,8,9,7,16.12840352195092,0,12.6,2.6,-1.74,Dropout
1,16,4,9101,1,1,139.0,1,2,37,11,10,124.8,1,0,0,1,0,1,20,0,0,7,12,6,13.09463362505606,0,9,8,9,6,11.19567269937037,0,10.5,0.4,-3.62,Graduate
1,42,1,9274,1,37,132.2,1,38,38,9,8,139.6,0,0,0,1,1,0,21,0,0,5,0,0,0.0,0,0,5,0,0,0.0,2,8.1,2.9,1.75,Dropout
1,1,3,9691,1,1,118.9,1,19,36,4,7,103.9,1,0,0,1,0,1,17,0,0,7,8,7,14.302071075912474,0,0,8,9,6,13.727604120977693,0,7.7,0.5,-1.86,Graduate
1,56,2,9041,1,1,141.7,1,37,1,8,9,135.9,1,0,0,1,0,1,17,1,0,8,7,7,11.352403321674231,0,0,8,13,6,14.401969329563876,0,14.0,3.7,-1.39,Graduate
1,16,1,9122,1,1,136.8,1,1,38,9,9,110.7,0,0,1,0,0,0,26,0,0,5,6,0,18.577236724292657,0,0,8,21,0,10.300325809626976,0,11.3,1.4,0.6,Dropout
1,40,1,9781,1,39,133.1,1,3,39,7,0,100.1,0,0,0,1,1,0,33,0,0,6,6,5,11.030163551867046,0,0,5,0,0,0.2420271121052038,0,13.1,1.5,0.44,Dropout
1,1,4,9098,1,1,137.3,2,39,1,9,12,134.7,1,0,0,1,0,0,19,0,0,6,7,7,11.566829268312446,0,0,6,7,6,10.849216244824625,0,7.9,0.2,0.46,Enrolled
2,47,2,33,1,1,136.3,1,18,36,10,0,106.4,1,0,0,1,0,0,19,0,0,6,7,7,16.34298911666287,0,0,1,7,6,14.646687433544022,0,9.4,0.9,-2.25,Graduate
4,40,1,9286,0,22,128.5,1,35,39,11,3,127.6,0,1,0,0,1,0,29,0,0,5,0,0,0.0,0,0,5,7,0,0.5067432220983508,0,15.5,-0.6,2.9,Dropout
1,17,1,9167,1,1,122.6,1,36,1,7,11,95.0,0,0,0,1,1,0,18,0,0,5,6,3,0.3233653734018072,0,0,5,0,0,13.173791159356327,0,13.2,2.8,-3.57,Dropout
1,2,4,9044,1,2,152.7,1,4,36,10,11,130.5,1,0,0,1,0,1,17,0,0,6,7,7,16.788178344327324,0,0,6,8,6,13.799750394307585,0,16.2,-0.0,2.01,Graduate
2,45,1,8968,1,42,129.8,1,17,38,10,9,126.3,0,0,1,0,1,0,17,0,0,5,0,0,0.0,0,0,6,6,0,0.0,0,9.2,2.7,-1.83,Dropout
1,39,1,7730,0,1,131.7,1,35,38,10,5,129.8,0,0,1,0,1,0,53,0,0,5,15,0,0.16111005035243375,0,0,5,7,0,0.0,1,11.2,-0.1,-4.06,Dropout
1,16,4,8960,1,1,140.5,1,1,36,9,7,116.4,1,0,0,1,0,1,19,0,0,7,7,6,15.41443005632564,0,0,8,8,6,14.932526058606737,0,11.5,0.9,-1.28,Graduate
1,2,1,9014,1,1,132.0,37,19,36,10,0,126.2,0,0,0,1,0,0,17,0,0,6,15,6,11.02942175255368,0,0,6,8,7,14.692359887446102,0,12.1,1.6,0.08,Dropout
1,3,1,8833,1,1,116.4,1,1,1,9,11,115.3,1,0,0,1,0,1,17,0,0,7,8,6,17.61079630159991,0,11,6,6,6,12.473516844002502,0,13.1,-0.7,-1.77,Graduate
1,1,1,9189,1,1,115.9,1,36,1,11,9,111.0,0,0,0,1,0,0,18,0,0,6,10,6,0.24046889979290842,0,0,5,8,8,12.557043070279787,0,7.6,3.0,0.11,Graduate
1,18,1,9705,1,1,137.5,1,3,2,9,11,113.9,1,0,0,1,0,1,17,0,0,7,25,7,16.057516992250402,0,0,23,8,6,13.734841227387083,0,13.0,-0.1,-3.13,Graduate
1,2,1,9879,1,1,149.8,1,36,1,6,0,117.5,1,0,0,1,0,0,18,0,0,8,7,5,11.369391794247793,0,0,8,4,6,14.921534356784283,1,12.6,0.8,1.96,Graduate
1,42,1,9298,1,4,131.3,1,4,37,7,8,110.2,0,0,0,0,0,0,19,0,0,5,6,7,12.355113745017164,4,0,6,9,8,12.684200785609626,0,12.7,-0.8,1.7,Dropout
2,19,4,9903,1,43,102.2,1,19,37,5,5,125.6,0,1,0,0,0,0,17,0,0,5,8,3,11.12419951989501,0,0,0,8,5,10.53133384549097,0,15.5,-0.0,0.49,Dropout
1,48,1,8956,1,1,134.8,12,35,3,7,112,147.9,0,0,0,0,1,0,19,0,8,5,6,8,0.0,0,0,8,8,0,0.0,0,16.2,-0.5,-1.78,Dropout
2,17,2,9251,1,42,125.5,1,35,38,8,9,95.0,0,0,0,1,0,0,33,0,0,7,9,3,9.497938294243353,0,4,12,9,0,14.722362377871761,0,16.2,1.5,-3.21,Graduate
1,17,1,8895,1,2,104.4,1,3,1,8,9,123.0,1,0,0,1,0,0,18,0,0,7,8,6,15.793921023941117,0,0,8,6,6,14.16633753571286,0,13.7,1.5,-4.06,Graduate
1,51,1,8877,1,1,128.3,1,38,35,10,6,100.9,1,0,0,1,0,1,48,0,0,7,6,6,12.927868957586536,0,0,5,8,3,12.381201092333841,0,12.2,0.7,1.9,Graduate
1,17,1,9488,0,11,136.8,1,38,38,10,7,116.8,1,0,0,1,0,0,21,0,0,5,9,3,12.57758571584646,0,0,8,8,6,15.69634072606048,2,13.9,1.5,-3.14,Enrolled
1,16,1,9187,1,3,104.5,1,35,37,8,107,105.5,0,0,0,0,0,0,17,0,0,6,7,4,0.2162277807025464,0,1,6,4,4,13.862208193121116,0,11.3,3.7,-3.65,Dropout
1,37,1,8895,1,41,135.6,1,35,38,9,10,168.8,0,0,0,0,1,0,17,0,0,7,8,0,11.355442170328693,0,0,5,9,0,0.0,0,7.8,1.4,-0.94,Enrolled
1,3,6,9139,1,1,166.9,1,38,37,11,3,115.8,1,0,0,1,0,0,19,0,0,5,6,6,10.090272220304954,0,0,6,5,2,14.510534431584858,0,7.6,1.3,0.3,Graduate
1,44,1,8965,1,1,138.5,1,38,19,10,7,107.9,1,0,0,1,1,0,18,0,0,7,10,4,9.866695674561536,0,0,5,4,7,13.321440272326653,0,11.3,0.7,-1.5,Enrolled
1,18,4,9140,1,1,133.4,1,3,39,2,9,99.2,0,0,0,1,0,1,20,0,0,3,7,6,10.365707117456799,0,0,6,8,6,15.401591639652544,0,12.9,-0.6,-3.39,Graduate
2,41,1,50,0,1,138.4,1,37,38,8,4,113.8,0,0,0,0,1,0,26,0,0,5,4,0,0.0,0,0,5,4,6,10.357108546104266,0,16.2,-0.3,0.15,Dropout
1,42,1,7719,1,1,123.6,1,37,3,3,7,120.2,0,0,0,1,0,0,17,0,0,7,8,8,12.524439467095576,0,0,6,7,6,15.724055441119111,0,9.4,0.5,-1.11,Dropout
2,39,0,9168,1,36,129.0,1,1,38,11,10,132.3,0,0,0,0,0,0,18,0,0,6,8,2,0.0,0,0,6,9,4,12.707236553538442,0,10.8,0.9,0.19,Graduate
1,17,1,9624,1,1,113.3,1,4,36,4,8,118.7,1,0,0,1,0,0,17,0,0,6,7,6,13.638015676792788,0,0,7,10,8,14.290396159724349,0,11.3,-0.3,-4.05,Graduate
1,1,1,9019,1,1,133.3,1,19,36,1,9,109.8,1,0,0,1,0,0,18,1,6,7,7,6,14.445435066172669,0,2,2,7,10,13.024152727704514,0,12.6,0.6,2.19,Enrolled
1,18,1,9161,1,1,153.6,1,19,37,3,10,125.8,1,0,0,1,0,0,17,0,4,6,9,4,9.250815238839122,0,0,8,9,6,10.541813253576139,0,12.6,0.8,1.07,Graduate
1,2,3,8946,0,1,143.1,1,18,38,10,3,130.5,0,0,0,0,0,0,34,0,0,12,0,7,11.197782146285494,0,1,7,5,0,17.958950551615416,0,7.9,-0.4,1.62,Dropout
1,57,1,9255,1,1,138.3,1,1,3,10,9,138.1,0,0,0,1,1,0,19,0,0,6,7,6,0.0,0,19,8,7,2,0.0,0,13.0,1.5,2.05,Dropout
1,2,4,9713,1,22,153.9,1,36,35,8,9,108.7,0,0,1,0,1,0,17,1,0,5,4,0,0.0,0,2,5,18,0,1.1279024391632593,0,13.1,0.9,-0.8,Dropout
1,16,1,8921,1,1,135.1,1,36,13,7,10,98.3,1,0,0,1,1,0,37,0,0,5,2,3,13.60375387033965,0,0,8,6,4,11.916324433354236,0,7.6,-0.0,-3.31,Dropout
1,45,1,9906,1,1,131.2,1,36,37,10,7,123.3,0,0,1,0,0,0,31,0,0,6,14,6,8.79350372402985,0,0,14,8,12,10.296018398820078,0,8.2,1.5,3.42,Dropout
1,1,1,9098,1,1,160.1,1,1,24,11,10,124.0,1,0,0,1,0,0,18,0,0,7,13,7,14.003312411509059,0,12,9,9,11,10.63644858321925,0,10.6,0.6,1.07,Dropout
1,18,1,9063,1,17,136.7,1,35,13,8,0,123.7,1,0,0,1,0,0,17,0,0,7,6,6,14.669011628677572,0,0,8,10,6,11.368128119584014,0,8.1,-0.6,1.53,Graduate
1,1,3,9283,1,1,156.6,1,1,15,4,4,113.4,1,0,0,1,0,0,19,0,0,6,7,5,13.511468779250979,0,0,8,6,8,14.570915648522623,0,8.0,3.7,0.48,Graduate
1,2,1,9529,1,1,135.1,1,39,36,9,9,120.6,1,0,1,1,0,0,26,0,0,13,6,22,12.107810119543908,0,0,14,7,6,13.218499508755293,0,12.9,-0.8,1.71,Graduate
1,1,3,9234,1,1,138.8,1,1,19,5,12,123.8,1,0,0,1,0,1,18,0,0,6,7,6,11.386609795396085,0,0,7,7,6,16.694836390531137,0,7.6,1.5,1.78,Graduate
1,1,1,9355,1,1,113.2,1,3,30,8,11,118.3,1,0,0,1,0,0,19,0,4,5,8,7,13.752826183310134,0,0,8,8,7,15.048399006291556,0,11.6,-0.7,0.77,Graduate
1,42,1,7561,1,1,139.8,1,39,19,10,5,109.7,1,0,1,1,0,0,19,0,0,6,15,7,13.42898141243586,0,1,5,7,5,13.325851891406316,0,13.2,0.6,-0.87,Graduate
1,1,3,8934,1,1,118.7,1,3,35,5,10,95.3,1,0,0,1,0,0,18,0,0,7,8,7,14.740669485770471,0,0,8,8,6,14.502120738324694,0,14.4,0.7,-3.26,Graduate
1,57,4,9175,1,1,115.9,1,38,20,10,1,111.8,1,0,0,1,0,0,18,0,5,7,16,6,10.740450286844426,0,0,8,8,4,13.86669952422662,0,11.1,-0.1,0.34,Dropout
1,3,4,9191,1,43,116.1,1,1,37,2,8,122.3,1,0,0,1,0,1,18,0,0,7,7,7,11.475606047319665,0,0,8,7,6,13.432821622712389,0,11.4,0.8,-3.43,Graduate
1,41,1,9183,1,39,122.7,1,36,1,10,0,123.3,1,0,0,0,0,0,31,0,0,8,6,3,11.959154696504811,0,0,5,7,0,16.65645544599763,0,7.6,0.9,0.64,Dropout
1,1,3,9486,1,1,138.8,1,3,1,9,12,128.2,1,0,0,1,0,0,17,0,0,5,5,6,12.514411725858233,0,0,8,8,6,15.527733311902033,0,9.2,0.9,-3.4,Graduate
1,18,3,8982,1,1,129.6,1,1,1,4,4,129.6,1,0,0,1,0,1,17,0,0,7,7,6,13.020963235983256,0,0,8,6,6,10.888104721106428,0,14.1,1.5,1.53,Graduate
5,1,3,8803,1,1,133.3,1,1,37,10,11,124.2,1,0,0,0,0,0,25,0,0,7,7,7,10.2401540540799,0,0,8,7,1,15.228119888789555,1,12.9,-0.6,-3.57,Enrolled
1,2,2,9568,1,1,144.5,1,38,18,7,9,107.2,1,0,0,0,0,0,18,0,0,7,8,4,0.19519419478038486,0,0,8,11,6,11.744342311042702,0,11.1,1.3,2.15,Graduate
1,17,1,9319,1,1,123.0,1,19,1,3,11,131.2,1,0,0,1,0,0,17,0,0,7,8,6,16.163062554754596,0,0,8,6,6,10.843312140845187,0,16.2,0.5,1.62,Graduate
1,1,9,9262,1,1,136.2,1,1,38,9,7,133.0,0,0,0,1,0,1,19,0,0,7,7,5,10.24193206916695,0,0,6,9,9,12.644569689976054,5,11.1,0.5,1.66,Graduate
1,18,1,7748,0,2,136.3,1,38,37,5,6,124.5,0,0,0,0,0,0,17,1,0,5,6,5,0.0,0,0,5,0,6,0.3555750721363443,0,16.1,0.9,0.07,Dropout
1,1,1,9396,1,1,187.7,1,1,1,9,8,112.5,0,0,0,1,0,1,20,0,3,7,7,4,14.384593318866692,0,0,8,0,5,12.846877156194726,0,11.2,1.5,0.22,Graduate
1,15,1,9497,1,1,139.0,1,1,37,3,4,95.0,1,0,0,1,0,0,20,0,0,5,0,4,14.541937580611322,0,0,6,5,0,0.0,0,13.6,0.5,0.44,Dropout
1,41,1,7702,0,36,133.7,1,18,2,10,1,110.1,0,0,0,0,1,0,61,0,0,5,7,0,10.519576556365061,0,12,5,5,0,11.850720016522512,0,16.2,-0.4,0.87,Dropout
2,42,1,9113,1,39,142.7,1,1,36,6,9,133.3,0,0,0,0,1,0,26,0,0,5,0,0,0.2585548307408885,0,0,5,4,0,0.0,0,9.8,0.7,0.44,Dropout
1,1,4,8930,1,1,123.0,1,2,37,9,9,145.8,0,0,0,0,0,0,20,0,0,7,13,3,12.366649120444531,0,2,8,4,6,0.0,0,12.6,-0.4,-4.06,Graduate
2,1,5,8920,1,1,122.3,1,39,1,8,11,134.9,1,0,0,1,0,0,18,0,11,7,7,6,10.111349223414763,0,3,8,7,13,12.618060310824214,0,9.0,1.4,1.77,Enrolled
1,41,1,9305,1,2,155.1,1,36,37,8,11,136.4,0,0,1,0,1,0,19,0,15,6,0,0,0.30489567202631807,0,3,6,6,0,0.0,0,16.2,1.5,-4.06,Enrolled
1,40,1,9064,0,1,131.3,1,37,37,9,9,136.1,0,0,0,1,1,1,22,0,2,5,1,0,11.627431887744374,0,0,5,4,0,0.0,3,13.6,-0.5,0.43,Dropout
1,17,3,9177,1,1,146.3,1,1,36,4,8,128.6,1,0,0,1,0,0,22,0,0,7,15,6,11.001299336298219,3,0,6,9,7,11.954369450844748,6,7.9,-0.1,0.4,Enrolled
4,37,1,9323,0,1,126.7,1,1,3,7,3,115.4,0,0,1,0,0,0,19,0,17,6,4,0,10.324960513852657,2,0,6,12,1,11.495393674218514,0,16.2,1.4,-1.26,Dropout
1,43,1,8977,1,1,127.5,1,36,19,3,1,121.6,1,0,0,1,0,0,17,0,0,5,7,6,9.11868364515166,0,0,8,8,6,14.306630551461279,0,10.0,-0.2,-1.44,Graduate
5,42,1,8995,1,5,136.2,1,3,36,10,2,126.7,1,0,0,1,0,0,19,0,0,8,9,6,0.0,0,0,6,9,6,16.3225736663147,3,16.2,-0.7,-3.74,Enrolled
1,42,1,9991,0,43,133.1,1,36,38,11,0,144.8,0,0,0,0,1,0,25,0,0,5,1,0,0.0,0,0,5,11,0,0.15665128763256875,0,7.6,1.5,0.66,Dropout
1,1,1,9570,1,1,133.4,1,36,36,131,9,102.2,1,0,0,1,0,1,22,0,0,5,25,3,9.383179677800133,0,0,15,7,0,8.928572575361605,0,15.8,3.7,1.5,Graduate
1,42,6,9032,0,1,134.1,1,36,36,10,10,119.2,0,0,0,1,1,1,17,0,0,7,5,14,10.567970999320108,0,0,5,9,0,10.812313906403023,0,14.4,2.9,0.25,Enrolled
1,53,1,9056,1,1,132.8,1,37,3,4,5,122.5,0,0,0,1,0,0,17,0,0,6,7,0,10.935517520156383,0,0,5,7,5,13.886438481766096,0,9.0,0.7,1.54,Dropout
1,1,1,9726,1,1,149.2,1,37,1,11,10,137.7,0,0,0,1,0,0,17,0,0,7,9,6,9.740945350198082,0,0,8,8,6,12.480066147179624,0,12.3,1.4,-2.57,Graduate
1,2,1,8833,1,1,162.8,1,4,38,10,9,132.6,0,0,1,1,0,0,18,0,0,7,6,5,13.662114126068076,0,0,8,12,9,0.1741015677470882,0,7.9,-0.7,1.79,Enrolled
1,42,1,8902,1,1,138.8,1,19,36,11,7,134.2,1,0,0,1,0,1,20,0,0,6,7,5,15.334735575230205,0,0,6,7,4,13.96198916273,0,15.1,1.4,1.61,Graduate
1,1,3,8986,1,1,127.8,1,1,39,8,8,105.2,1,0,0,1,0,1,19,0,0,7,8,6,13.39007790357566,0,0,8,8,6,13.565841620980208,0,12.9,0.9,1.51,Graduate
1,1,6,9579,1,1,133.5,1,20,38,0,11,123.9,1,0,0,1,0,1,17,0,0,8,7,7,13.59011568174121,0,0,7,9,11,11.513195311572115,0,16.2,1.5,0.3,Graduate
1,15,2,9231,1,1,137.0,1,1,37,0,6,126.6,1,0,0,1,0,1,19,0,0,7,7,7,16.943652051227335,0,0,8,8,5,9.610594635409889,0,16.2,0.6,-2.82,Graduate
1,39,2,9258,1,1,132.8,1,38,36,11,8,137.9,0,0,0,1,1,0,20,0,0,6,8,6,13.864559893083856,0,0,7,7,6,11.581092586246353,0,16.2,1.4,1.67,Enrolled
1,1,2,9022,1,1,131.5,1,39,36,12,2,118.8,1,0,0,1,0,0,19,1,0,7,18,2,10.562579899812143,3,0,19,7,5,13.623295370486433,0,10.6,3.7,1.0,Enrolled
1,19,1,9395,1,1,142.4,1,3,4,8,2,127.5,1,0,0,1,0,0,18,0,0,6,23,4,10.050567518069885,0,0,6,9,9,11.494615376796638,0,11.1,-0.6,-4.06,Enrolled
1,17,3,9420,1,1,138.3,24,36,39,10,154,128.6,1,0,0,1,0,0,23,0,0,6,6,7,11.51617622831405,0,0,15,8,6,15.450413052339389,0,11.3,2.6,0.66,Graduate
1,18,1,8841,1,1,130.3,1,30,37,9,6,142.7,1,0,0,1,0,1,22,0,0,6,6,3,12.456290224151967,0,0,8,7,6,17.37733705306092,0,9.3,3.0,3.06,Graduate
6,45,1,8980,1,1,132.6,1,36,1,3,9,107.2,0,0,0,1,0,0,17,0,0,6,6,5,14.500324752136443,0,0,8,6,0,12.252138786075792,0,14.5,2.8,-1.97,Dropout
1,16,6,9062,1,1,133.6,1,38,38,137,185,117.8,1,0,0,0,0,0,18,0,0,6,7,6,15.068659462638655,0,0,7,10,6,16.870737655623003,0,9.6,1.6,0.5,Enrolled
1,41,1,9071,1,4,130.0,1,37,38,8,2,117.3,0,0,0,0,1,0,37,0,0,5,8,0,0.0,0,2,5,11,0,12.505543730312441,0,16.2,2.8,-1.72,Dropout
1,15,1,9186,1,1,185.7,1,36,36,8,4,120.4,0,0,0,1,0,0,19,0,6,6,8,6,13.383759197595202,0,0,6,15,5,13.18310108336524,0,7.6,2.8,-3.04,Graduate
1,18,1,9086,1,1,148.1,1,1,37,4,11,135.5,1,0,0,1,0,0,18,0,0,6,8,0,12.02597310679698,0,0,11,9,4,10.864056558455195,0,11.3,3.4,-1.77,Graduate
1,16,1,8877,1,7,134.8,1,39,2,7,0,108.0,0,0,0,1,1,0,19,0,0,5,11,5,9.634975043804486,0,0,5,4,5,15.130985098734097,0,7.7,-0.8,0.04,Dropout
1,2,1,9485,1,1,142.0,1,34,36,6,8,116.5,1,0,0,0,0,0,18,0,0,6,6,6,17.785881308738116,0,0,23,13,6,14.408194628875291,0,7.9,1.5,-0.86,Graduate
1,41,1,9288,1,1,129.8,1,34,39,10,10,111.9,0,0,1,0,1,0,27,0,0,5,4,0,0.0,0,0,5,0,0,0.0,0,9.2,1.6,0.07,Dropout
1,18,2,9426,1,1,114.9,1,20,1,6,8,123.2,1,0,0,1,0,0,19,1,0,8,7,5,11.89919413578709,0,0,8,8,2,15.467566471980213,0,12.6,0.4,-4.06,Enrolled
6,1,1,9668,1,1,130.4,1,1,37,10,8,109.2,1,0,0,1,0,1,19,0,1,7,9,6,13.605787751166792,0,0,8,7,1,16.272147530828786,0,7.6,0.8,-4.04,Enrolled
1,1,2,8981,1,4,131.9,1,38,3,11,7,106.8,0,0,0,1,0,1,18,0,0,8,8,9,11.439588527681314,0,0,10,11,3,11.904646104238623,0,9.1,0.6,0.37,Graduate
1,16,3,9191,1,1,130.1,1,38,37,8,6,124.5,0,0,0,1,0,0,17,0,0,7,8,7,11.377555650656936,0,0,16,10,8,11.444037355515324,0,10.8,0.7,1.48,Enrolled
1,1,3,9040,1,1,139.5,1,1,1,10,3,127.3,1,0,0,1,0,1,18,0,0,7,5,6,12.274918002319641,0,0,6,8,6,17.263063954468574,0,9.2,0.7,1.6,Graduate
1,47,1,33,1,1,130.4,1,1,37,7,5,111.9,1,0,0,1,0,0,18,0,0,0,7,7,9.210994772225975,0,1,8,9,4,14.419265797991452,0,13.7,-0.4,-3.22,Graduate
1,1,1,8831,1,1,175.8,1,2,18,12,3,98.5,1,0,0,1,0,1,19,0,0,7,7,8,15.884668185596283,0,0,5,8,6,12.767763354726883,0,12.5,1.4,0.35,Graduate
1,3,1,9087,1,1,146.1,1,3,20,7,6,120.4,1,0,0,1,0,0,18,0,0,8,8,6,12.894805385704563,0,0,8,9,7,16.613368229297667,0,12.6,1.5,-2.02,Graduate
2,40,5,9514,0,1,132.6,1,36,39,11,7,150.7,0,0,1,0,1,0,19,0,0,7,0,4,0.0,0,0,5,5,2,0.0,0,12.7,1.4,0.17,Dropout
1,11,1,9277,1,1,136.1,1,38,18,8,0,127.0,0,0,0,1,0,0,19,0,2,8,5,2,11.311845273986531,0,0,6,5,0,9.7315024922522,6,14.1,2.7,1.77,Dropout
1,19,3,9226,1,1,145.8,1,4,19,9,10,131.2,1,0,0,0,0,1,18,0,0,6,8,6,17.018607080910865,0,0,8,8,20,14.417298638606614,0,11.0,3.7,1.74,Graduate
1,16,6,9712,1,1,143.4,1,1,20,7,8,101.0,1,0,0,1,0,1,17,0,0,8,8,1,15.063373303173416,0,0,8,8,6,13.647888202206467,0,16.2,1.5,1.48,Graduate
1,18,1,9208,1,22,133.7,1,1,37,9,11,130.7,0,0,0,1,1,0,18,1,0,7,7,0,11.416343540731294,0,0,6,8,7,13.285467527905729,0,9.9,-0.8,1.76,Enrolled
1,36,1,9057,1,5,117.7,1,35,2,10,11,104.4,0,0,0,0,1,0,17,0,0,5,0,6,0.7916382321008855,0,0,5,10,0,0.0,0,7.6,1.5,3.27,Dropout
1,38,1,8919,0,1,137.6,1,39,1,12,5,136.9,0,0,0,0,1,0,41,0,1,6,12,3,10.016727630944121,0,0,2,6,6,0.27186967640009624,0,7.8,-0.5,-1.98,Dropout
1,39,1,9661,1,17,139.4,1,36,39,12,8,147.1,0,0,0,0,1,0,19,0,0,5,9,0,0.0,0,0,5,6,0,0.0,0,15.9,-0.6,0.59,Dropout
1,46,1,9241,1,39,130.8,1,18,37,5,1,118.7,0,0,1,1,0,0,31,0,0,0,11,2,13.41999840589452,1,0,6,13,0,10.760474610687437,0,7.7,3.7,-1.4,Dropout
1,1,1,9246,1,1,133.3,1,36,38,3,7,112.1,0,0,0,1,0,0,37,0,0,5,0,4,0.0,1,1,6,4,6,11.807369702098667,0,12.8,-0.8,1.75,Dropout
1,17,6,9151,1,1,133.5,1,38,37,10,10,127.6,1,0,0,1,0,0,19,0,0,5,7,5,9.578749505141424,0,0,10,7,6,11.90529352091403,0,7.6,0.3,1.93,Dropout
1,20,1,9637,1,1,159.7,1,20,37,9,11,95.0,1,0,0,1,0,0,18,0,0,7,8,0,11.131112943695234,1,0,5,11,2,11.547342291879337,0,16.2,-0.8,2.15,Graduate
1,1,1,9991,1,17,140.9,1,2,29,12,7,121.5,0,0,0,0,0,0,17,0,0,5,7,4,14.114369963297362,0,0,22,8,5,13.36396270089527,0,7.6,-0.8,3.41,Graduate
2,42,1,9378,1,1,131.4,1,1,36,9,9,135.4,0,0,0,0,0,0,30,0,0,7,4,0,13.354944144121319,0,0,6,9,0,0.6546108086360568,0,16.2,-0.6,2.02,Dropout
1,40,5,8926,1,1,178.2,1,38,38,5,3,142.1,0,0,1,1,0,0,17,0,0,5,5,5,10.313799005301911,0,1,15,9,2,11.810945864394538,0,12.3,0.3,0.36,Dropout
1,1,1,9321,1,1,134.6,1,2,5,6,2,124.2,0,0,0,0,0,0,19,0,0,6,9,7,16.774992229113224,0,0,15,0,7,15.98628516668461,0,12.9,3.7,1.67,Graduate
1,37,1,9294,0,1,135.3,1,38,37,7,6,125.4,0,0,0,0,1,0,31,0,0,5,0,4,0.0,0,0,2,7,0,1.21347784388939,0,8.1,3.3,3.37,Dropout
1,17,1,9599,1,1,125.4,1,20,6,10,2,130.3,1,0,0,1,0,0,26,0,0,6,7,4,15.17543163729255,0,2,8,16,4,14.573859272521869,0,11.3,-0.0,-1.61,Dropout
2,39,1,9052,0,24,134.3,1,36,38,8,11,95.1,0,0,0,0,1,0,21,0,0,5,0,0,0.0,0,0,5,0,0,0.0,0,11.2,0.0,0.04,Dropout
1,1,1,8883,1,3,128.8,1,1,38,6,1,131.7,0,0,0,0,0,0,41,0,0,6,14,3,0.0,0,0,7,0,0,0.0,0,14.8,-0.1,0.0,Dropout
1,45,1,9004,0,3,137.9,1,34,38,10,195,102.5,0,0,0,0,1,0,20,0,0,5,11,0,0.0,0,0,15,0,0,0.5036806687012819,0,15.8,-0.8,0.36,Dropout
1,2,3,9042,1,1,139.2,1,1,39,8,10,129.6,1,0,0,1,0,0,18,0,0,5,8,4,9.313970310434021,0,0,6,7,6,12.618075200554259,0,15.0,-0.2,1.84,Enrolled
1,3,2,9194,1,1,108.2,1,39,38,9,7,132.6,1,0,1,1,0,0,17,0,0,7,8,6,14.269384451796157,0,1,8,31,6,10.459893427924017,0,13.0,-0.0,-1.81,Graduate
1,40,3,9282,1,1,122.8,1,3,38,11,2,126.6,1,0,0,1,0,0,17,1,14,7,6,9,10.539423703686948,0,0,8,4,1,14.211836053621298,4,8.1,1.4,-2.17,Dropout
1,1,4,8951,1,1,134.2,1,37,19,5,5,126.7,1,0,0,1,0,0,18,0,0,7,8,7,13.286298347481926,0,0,8,7,6,12.888580276565426,0,10.9,1.4,1.78,Graduate
4,19,1,9295,0,1,111.4,1,36,4,0,8,113.7,0,0,1,1,1,0,29,0,0,5,8,7,13.215200189799875,0,0,8,5,4,0.0,0,16.2,1.4,0.1,Dropout
1,40,5,9346,0,1,135.9,1,39,36,6,4,118.9,1,0,0,0,0,0,31,0,0,7,5,6,13.66562407054576,0,0,5,12,6,15.369422532424775,3,16.1,-0.6,-3.87,Enrolled
1,1,2,9187,1,1,136.0,1,1,2,6,9,105.4,0,0,1,1,0,0,18,0,0,7,7,7,9.129095860389352,0,0,6,9,4,15.523638355415939,0,12.5,-0.7,2.22,Dropout
2,18,1,8985,0,1,141.5,1,38,1,11,9,98.1,0,0,0,1,0,0,22,0,0,6,6,0,10.798150908864073,0,0,5,7,5,13.855346185337243,0,12.1,0.7,1.77,Dropout
1,1,1,197,1,1,138.6,1,38,36,0,7,139.3,1,0,0,1,1,0,20,0,0,6,5,5,13.113177843575155,0,0,6,8,1,12.772284212352334,0,13.1,-0.5,0.24,Enrolled
1,39,1,9713,0,12,120.5,1,37,36,11,95,142.7,0,0,1,1,1,0,17,0,0,1,7,3,0.24677356582491128,0,0,5,4,0,9.97906626571895,0,11.2,0.8,0.04,Dropout
1,1,1,7619,1,1,126.5,1,5,5,10,8,108.3,0,0,1,1,0,0,19,0,5,6,8,7,10.445370924951796,0,0,6,8,5,13.300690988429809,0,8.1,1.4,1.58,Enrolled
1,42,2,8219,1,10,132.9,1,36,38,7,10,120.5,0,1,1,1,0,0,18,1,0,7,1,5,0.0,0,0,5,8,13,16.11727828926834,0,12.7,-0.4,0.8,Dropout
1,15,1,8966,1,1,119.3,1,1,1,7,5,111.7,0,0,1,1,0,0,21,0,0,7,7,0,0.24973811453936623,0,0,5,25,4,11.70439144809485,0,16.2,0.8,0.06,Dropout
1,1,2,8895,1,5,131.3,1,1,37,9,5,95.0,1,0,0,1,0,0,20,0,0,8,9,6,10.563412896021262,0,0,7,7,6,12.998574823260194,0,10.9,0.8,-0.74,Graduate
1,19,2,9751,0,1,190.0,1,1,1,2,1,118.9,1,0,0,1,0,0,17,0,0,7,6,7,0.9200913142022806,0,0,16,10,20,12.714136135335815,0,7.6,0.8,1.74,Graduate
1,18,1,9615,1,39,127.3,1,38,36,9,12,102.0,0,0,1,0,1,0,38,0,4,5,18,0,10.925715477282948,0,0,5,0,1,13.524184623183192,0,13.6,1.6,-3.49,Dropout
1,13,2,7462,1,1,140.6,1,2,37,10,12,124.9,0,0,1,1,0,0,25,0,6,8,7,6,13.20745626869954,0,0,8,7,11,10.287981517116222,0,13.9,3.6,-1.44,Graduate
1,17,1,9151,0,1,136.8,1,35,2,6,8,106.6,0,0,0,1,1,0,39,0,1,14,7,5,11.592918865844371,0,0,1,10,0,11.640782549466579,0,13.8,1.4,1.55,Graduate
2,40,1,9578,0,9,130.5,1,38,37,3,9,103.7,0,0,1,0,0,0,31,0,0,5,8,0,0.0,0,0,1,0,0,0.0,0,16.2,1.5,-1.63,Dropout
1,17,2,9471,1,1,118.4,1,37,37,8,7,139.1,1,0,0,1,0,0,18,0,8,7,5,5,16.24497287125943,0,0,6,7,6,15.070228791613783,0,13.1,0.6,0.93,Graduate
2,41,1,9181,1,1,140.0,1,37,39,9,10,121.3,1,0,0,1,1,0,17,0,15,6,7,5,14.979299997711037,0,0,8,14,4,16.744978858691876,0,13.9,3.3,-4.06,Enrolled
6,17,1,9280,1,35,128.1,1,40,39,10,10,112.8,1,0,0,1,0,0,41,0,0,7,5,10,10.66838730702313,0,0,8,0,0,1.2316160799534073,1,9.5,2.5,-1.63,Graduate
1,37,3,8944,1,40,95.5,1,20,4,11,3,135.4,0,0,0,1,0,0,18,0,0,7,9,2,0.0,0,0,5,16,0,15.383454913645947,0,12.7,1.4,-1.97,Dropout
1,42,1,9178,1,1,176.0,1,36,35,7,8,181.6,0,0,0,1,0,1,23,0,4,6,7,7,10.3379829405257,0,11,8,6,9,14.020198101782714,0,8.1,-0.2,-1.58,Graduate
1,39,1,9074,1,43,157.6,1,39,38,10,10,121.2,0,0,0,1,0,0,18,0,0,6,15,5,0.0,0,0,5,6,0,11.445957878537339,0,16.2,-0.8,1.58,Dropout
1,18,1,8981,1,1,133.5,1,39,1,8,195,131.1,0,0,0,1,0,0,22,0,0,8,7,6,10.922259525990436,0,0,7,8,0,10.119115121157382,0,12.5,-0.2,-1.87,Enrolled
1,47,1,9065,0,1,132.4,1,39,36,7,8,119.0,0,0,0,1,0,0,20,0,0,6,10,5,9.212398477462578,4,0,5,8,0,0.0,3,9.3,1.4,-3.17,Enrolled
2,16,1,9387,1,1,133.0,1,38,38,8,10,105.9,0,0,1,0,0,0,21,0,0,12,0,1,11.2630385663947,0,0,7,11,0,0.23967200597144442,0,16.2,1.5,0.17,Dropout
1,1,1,8876,1,2,134.7,1,1,39,7,9,129.0,1,0,0,1,0,0,17,0,3,6,5,7,10.160844622112156,0,0,6,8,5,9.931582093164062,0,12.5,1.4,1.96,Graduate
1,16,1,9015,1,1,151.5,1,1,18,9,4,127.4,1,0,0,1,0,0,20,0,0,7,7,7,8.570051360448101,0,0,6,7,6,13.334959401329058,0,7.8,3.4,0.58,Graduate
1,11,1,9507,1,1,132.5,1,38,36,10,7,132.2,0,0,0,1,0,0,41,0,10,6,7,5,15.661701542915688,0,0,8,0,4,13.79642668296291,0,16.2,0.6,1.96,Graduate
1,1,1,9077,1,1,141.8,1,1,37,6,11,116.9,1,0,0,1,0,0,18,0,0,7,8,6,15.112419788358144,0,0,16,7,3,9.05144296202865,12,12.7,3.0,-2.09,Graduate
1,37,1,8983,1,6,115.8,1,19,38,11,9,140.5,0,0,1,0,0,0,33,0,0,5,0,0,0.0,0,0,5,6,0,0.0,1,7.9,1.6,-4.06,Dropout
1,42,1,9199,1,1,131.8,1,35,38,5,75,137.2,0,0,0,1,0,0,20,0,0,12,7,1,13.395299032097064,0,0,5,4,8,0.0,4,12.6,0.8,1.33,Dropout
4,16,1,8938,0,41,109.4,17,36,36,2,2,129.7,0,0,1,1,0,0,19,0,0,5,8,6,13.138795373829712,0,0,5,10,2,10.727002000622477,0,12.8,1.5,0.75,Enrolled
1,18,4,9348,1,1,129.0,1,2,35,12,3,101.3,1,0,0,1,0,1,17,0,0,7,7,6,13.607130051825568,0,0,8,7,6,11.293403367118458,0,12.3,1.5,0.52,Graduate
1,5,3,9198,1,1,132.3,1,2,37,3,11,120.4,1,0,0,1,0,0,17,0,0,6,5,5,15.733431502313055,2,0,7,11,4,15.664785938452923,0,11.3,3.0,0.04,Dropout
1,1,1,9314,1,1,128.9,1,40,27,7,7,100.8,1,0,0,1,0,1,19,0,2,6,25,6,15.634032306144316,0,0,7,9,6,18.200155668841525,0,10.9,1.4,0.28,Dropout
2,41,1,9680,1,2,134.3,1,34,39,8,9,122.6,0,0,1,1,1,0,24,0,0,5,1,0,14.492905745594758,0,0,5,8,0,13.43199829880916,0,12.2,3.7,-1.55,Dropout
1,15,1,9491,1,19,135.9,1,1,18,10,0,123.8,0,0,0,1,0,1,20,0,0,5,12,5,0.3647648677295205,0,0,5,5,6,12.333300763170747,0,15.8,1.5,-2.18,Dropout
1,19,1,8857,1,2,137.6,1,2,17,7,11,143.8,1,0,0,1,0,0,17,0,0,6,8,7,14.312901474175542,0,0,5,8,7,12.128359557381861,0,13.8,-0.6,-3.3,Graduate
1,19,1,9991,1,1,129.1,1,36,1,2,4,111.2,0,0,0,1,0,0,17,0,0,5,7,6,13.588845074834882,0,2,6,7,7,12.18258367052555,0,11.4,-0.6,-2.14,Graduate
1,18,3,8991,1,1,122.0,1,1,1,9,9,118.0,1,0,0,1,0,0,18,0,0,6,7,8,16.49469967470174,0,0,6,10,6,14.038298550741578,0,9.0,-0.8,1.7,Graduate
1,39,1,9632,1,43,135.5,1,36,36,8,10,95.3,0,0,0,0,1,0,45,0,0,5,8,0,11.110819700292991,0,0,5,0,0,0.3707250429373324,0,16.2,1.5,-4.06,Dropout
1,42,1,9347,1,1,136.3,1,38,1,10,2,131.6,0,0,0,0,1,0,42,0,0,5,8,0,16.18682716335979,0,0,5,9,0,0.24398838055777508,0,11.5,1.5,0.07,Dropout
1,2,4,9222,1,1,138.2,1,19,19,9,6,120.7,1,0,1,1,0,1,19,0,0,7,8,5,15.303482569800778,0,0,8,9,6,10.572702892943894,0,14.4,3.7,-4.06,Dropout
5,15,1,7834,0,15,133.5,1,37,38,8,5,116.6,0,0,0,0,0,0,28,0,0,0,12,4,0.0,0,0,5,10,6,11.319793089779619,8,10.8,3.7,1.56,Dropout
1,2,2,9693,1,1,134.3,1,40,37,8,7,123.8,1,0,0,1,0,1,18,0,8,8,10,6,14.308373915200818,0,0,8,7,8,15.22166031194994,0,11.0,0.7,-3.27,Graduate
1,1,2,8931,1,1,126.5,1,37,19,8,0,124.3,1,0,0,1,0,0,29,0,8,6,6,9,16.120397830952292,0,0,6,7,6,17.367557653141972,0,15.4,0.8,0.24,Graduate
1,19,3,9021,1,1,142.3,1,36,35,9,2,125.9,1,0,0,1,0,0,17,0,0,6,8,8,15.621811138323089,0,0,6,8,6,12.703310660736767,3,7.6,1.5,3.51,Graduate
1,16,2,8959,1,1,156.8,1,36,39,9,9,126.4,0,0,0,1,0,0,18,0,0,5,16,6,8.773299282638636,0,5,5,4,4,11.289421950689,0,16.2,1.5,-4.06,Graduate
1,17,2,9151,1,1,148.6,1,33,36,4,5,125.1,0,0,0,1,0,0,17,1,0,7,5,11,11.463878900989272,0,0,5,9,4,15.839762799410867,0,7.9,0.7,-4.06,Graduate
1,17,2,9314,0,1,136.2,1,35,38,10,7,113.1,0,0,0,1,1,0,21,0,0,5,8,1,0.0,0,0,11,4,0,0.0,3,11.5,-0.8,-1.25,Enrolled
1,17,1,9188,0,1,130.7,1,2,39,3,8,99.8,0,0,0,0,1,0,43,0,4,5,0,4,9.94831485205868,0,0,5,6,1,11.887114191527154,0,7.6,-0.8,0.85,Dropout
1,1,2,8913,1,1,136.4,1,3,37,5,10,126.8,1,0,0,1,0,0,17,0,0,7,8,5,11.32223057823813,0,0,8,5,6,14.009934585970734,0,14.3,-0.5,0.5,Graduate
1,18,1,9027,1,1,135.7,1,35,36,8,5,103.7,1,0,0,1,0,0,17,0,0,12,17,7,14.595655502330338,0,0,13,12,1,11.207354428375524,0,12.4,-0.4,0.79,Graduate
1,12,3,9028,1,3,121.4,1,1,1,99,13,105.5,0,0,0,1,1,0,27,0,0,5,4,4,13.489583798208523,0,0,6,9,5,12.047882931358117,2,12.6,3.7,3.51,Graduate
1,17,1,9157,1,19,127.0,1,1,35,8,11,126.8,0,0,0,1,0,0,18,0,0,6,15,6,0.061082351130590656,0,0,8,7,0,12.650137625046714,0,11.1,1.5,0.52,Graduate
1,1,3,9321,1,1,138.3,1,37,36,1,12,99.8,1,0,0,1,0,0,19,0,0,6,5,0,13.82123469201083,0,0,8,8,3,9.521373135429164,0,13.8,0.4,0.87,Graduate
1,40,2,9310,1,1,145.1,1,36,1,0,9,163.5,0,0,0,1,0,0,23,0,1,5,6,0,12.874673194411269,0,0,19,8,6,10.11552243983774,7,14.1,-0.4,-4.03,Dropout
1,2,4,9387,1,1,122.1,1,1,1,9,9,115.0,1,0,0,1,0,0,18,0,0,7,27,6,16.396191909250525,0,0,7,9,12,15.718432530806075,0,7.8,0.9,-4.06,Graduate
1,16,2,9297,1,1,138.7,1,36,35,11,7,128.0,1,0,0,1,0,0,17,0,0,5,8,5,13.750058746975686,0,0,6,8,6,15.746799551711291,0,12.5,1.4,2.08,Graduate
1,1,1,8905,1,1,120.7,1,19,2,11,8,116.1,1,0,0,1,0,1,25,1,17,7,7,0,16.053031604156946,0,0,8,11,7,15.82598298674367,0,12.8,1.5,-3.28,Graduate
1,17,5,9330,1,1,138.7,1,20,38,10,7,131.7,0,0,0,1,1,0,18,0,0,6,7,6,9.979782848795182,0,0,5,4,15,11.45098115533368,2,7.6,2.9,0.98,Graduate
1,1,1,9087,1,1,101.1,1,39,39,8,8,135.5,1,0,0,1,0,0,18,0,0,7,12,6,8.376544622567334,0,0,6,6,7,13.223440249561868,0,14.2,2.5,1.65,Enrolled
1,2,1,9459,1,1,125.5,1,38,1,8,8,121.2,1,0,0,1,0,0,18,0,0,6,5,8,12.292404003742659,0,0,8,5,11,12.081120859964084,0,16.1,2.7,3.51,Graduate
1,16,5,9342,1,3,134.2,1,38,38,9,8,113.4,0,0,0,1,0,0,29,0,0,5,9,3,0.0,1,4,5,6,5,9.833414635584294,0,15.8,0.2,0.01,Enrolled
1,41,1,9189,1,1,136.8,1,28,8,11,10,108.1,1,0,0,1,1,0,40,0,0,7,13,3,0.9214145610940073,3,0,5,7,0,0.0,0,8.0,-0.6,-1.74,Dropout
1,19,1,9928,1,1,124.5,1,38,37,8,2,127.9,0,0,0,1,0,0,18,0,0,8,6,4,11.17435178827322,0,0,6,8,6,12.737368965112566,0,13.9,0.7,0.26,Dropout
1,18,1,9355,1,1,139.1,1,37,38,7,0,128.0,1,0,0,1,0,0,22,0,14,6,9,3,15.301038508921003,1,0,8,6,4,10.351456917643794,0,9.7,3.7,0.25,Dropout
1,18,3,9643,1,1,134.5,1,36,37,7,7,103.9,0,0,0,1,0,1,17,1,0,6,12,6,12.819700651077374,0,0,6,7,7,8.972432739542715,0,16.2,1.5,1.88,Graduate
2,43,1,9951,1,43,125.4,1,1,39,8,0,129.8,0,0,0,0,1,0,45,0,0,5,9,0,0.03978573024894949,0,0,5,9,0,0.0,0,14.5,1.5,0.17,Dropout
2,39,5,7706,1,1,127.9,1,38,38,9,9,131.3,0,0,0,0,1,0,29,0,1,5,0,2,0.0,0,0,5,15,0,0.0,0,7.9,1.4,-3.13,Dropout
1,43,1,9322,1,1,112.2,1,1,1,9,5,123.9,0,0,0,1,0,1,19,0,0,6,9,5,12.810275263360644,0,0,8,8,0,12.866182456199187,0,16.0,1.5,1.57,Dropout
2,7,5,8983,0,1,132.9,1,10,18,8,6,119.0,1,0,0,1,0,1,21,0,0,6,6,5,10.226244260590086,0,0,7,8,2,13.89366203219776,0,7.6,3.7,1.93,Dropout
2,39,1,9040,0,13,136.5,1,37,38,8,1,126.6,0,0,1,0,1,0,44,0,0,5,5,0,0.0,0,0,5,0,0,0.0,0,15.7,-0.4,-4.06,Dropout
2,43,1,9290,1,1,134.8,1,1,38,1,0,107.4,0,0,1,0,0,0,36,1,0,5,13,0,0.0,0,0,13,5,0,12.93397149350428,4,16.2,1.4,0.13,Dropout
1,1,1,9545,1,1,137.4,1,3,39,7,118,133.4,1,0,1,1,1,0,31,0,0,5,6,10,0.0,0,2,6,4,6,10.136494417310596,0,9.6,0.5,-1.77,Dropout
2,41,1,9224,1,6,129.0,1,31,36,9,1,121.8,0,0,0,0,1,0,32,0,10,5,9,0,0.0,0,0,5,0,0,0.0,0,16.2,-0.6,0.18,Dropout
1,46,2,9206,1,1,126.0,1,21,19,11,9,130.7,0,0,0,1,0,1,17,0,0,7,11,4,9.034388793089159,0,0,8,7,0,13.50535087741603,0,9.7,0.6,-3.45,Enrolled
1,41,4,9004,1,1,138.1,1,1,1,2,8,99.1,1,0,0,1,0,0,17,0,0,5,8,6,9.173052054945632,0,0,6,10,4,10.87982692800219,0,7.9,2.8,-4.06,Graduate
2,41,1,9625,1,4,133.3,1,1,37,10,7,115.2,0,0,1,0,1,0,22,0,0,5,13,0,0.0,0,0,14,4,0,0.0,0,9.8,0.1,0.5,Dropout
1,43,2,9242,1,33,137.7,1,35,32,3,4,120.6,0,0,1,1,1,0,39,0,0,5,7,5,0.5560179500113885,1,2,5,7,4,10.522466753678366,0,9.8,1.5,-4.06,Dropout
1,18,1,9302,1,1,124.3,1,4,2,10,6,126.9,1,0,0,1,0,1,19,0,0,5,8,6,13.959375433396328,0,0,8,10,5,12.394004848798263,0,12.9,1.5,0.29,Graduate
1,1,1,9332,1,20,132.2,1,37,2,8,6,134.5,0,0,0,0,0,0,29,0,0,5,7,1,0.08056490574918992,1,6,5,10,3,11.118825479726215,0,16.2,1.4,1.67,Dropout
2,39,1,8952,1,20,134.0,1,35,38,9,8,126.1,0,0,0,0,1,0,17,0,0,5,9,0,0.0,0,0,5,0,0,0.1999228271469293,0,11.3,3.7,-1.06,Dropout
4,15,1,9306,1,40,130.6,1,36,4,9,6,154.6,1,0,1,1,0,0,20,0,0,7,7,0,8.929004565175067,0,0,6,9,0,12.14821505966208,1,12.7,2.8,3.04,Dropout
1,43,1,9384,1,1,141.6,1,1,37,9,9,95.0,1,0,0,1,0,0,18,0,0,6,0,7,9.662559260620506,0,0,5,10,6,12.323368725519822,0,12.3,3.7,-1.56,Dropout
2,57,1,8949,1,1,138.1,1,19,19,5,1,130.3,0,0,0,0,0,0,18,0,0,5,14,0,10.253965331591038,0,0,6,0,5,11.609525221648823,0,14.3,1.5,-2.09,Dropout
1,17,1,9548,1,1,136.5,1,1,39,3,111,131.7,0,0,0,1,0,1,20,0,0,8,7,5,0.0,0,0,8,5,3,11.50626455852154,0,12.9,0.8,1.7,Graduate
1,42,1,9129,1,18,130.7,1,38,37,3,2,125.9,0,0,1,0,0,0,29,0,4,5,9,0,0.0,0,0,5,0,0,0.0,0,16.0,0.1,-2.0,Dropout
2,41,5,9128,0,1,138.0,47,37,2,5,5,106.6,0,0,0,1,1,0,58,0,0,5,8,0,0.0,0,0,5,0,0,0.0,0,16.2,2.9,-2.04,Dropout
1,18,5,9096,1,1,132.7,1,37,19,9,124,97.7,0,0,0,1,1,0,40,0,0,7,7,1,0.0,0,0,17,8,3,13.352303734584998,2,14.0,1.5,1.45,Dropout
1,44,1,9123,1,1,131.9,1,37,39,12,9,108.5,0,0,0,1,0,0,19,0,0,7,2,0,10.30792842144195,0,0,0,0,3,10.285079264590514,0,15.2,-0.6,-4.06,Enrolled
2,18,2,7905,1,1,135.3,1,35,37,9,7,133.4,1,0,0,1,0,0,18,0,0,7,12,0,11.04197605750024,0,0,7,7,0,15.570805670071582,0,8.1,1.6,0.49,Graduate
1,1,1,9044,1,7,134.5,1,36,38,6,10,124.9,0,0,1,0,1,0,18,0,0,5,0,0,0.5009585982006168,2,0,5,7,0,0.0814980786861691,2,7.6,1.5,0.24,Dropout
1,16,1,9211,1,36,140.4,1,3,1,9,5,115.3,0,0,0,1,0,0,18,0,0,8,6,7,13.395927908400427,0,0,6,10,5,12.904810341154654,0,12.7,-0.7,-1.59,Graduate
1,17,1,9939,1,1,134.7,1,38,37,8,9,121.3,0,0,0,1,0,0,22,0,0,5,13,0,11.962436573519765,0,0,5,4,5,0.2630799938657027,0,9.9,1.4,1.43,Dropout
1,17,2,9991,1,3,138.1,1,2,36,9,3,147.8,0,0,0,1,0,1,23,0,0,7,7,6,10.679315643771352,0,0,6,8,5,13.240627750613351,0,15.6,1.5,-0.72,Graduate
1,19,2,33,1,1,131.0,1,37,1,11,3,110.2,0,0,0,1,0,0,19,0,7,7,22,1,12.555772889284617,0,0,6,7,4,10.782027320653315,0,15.4,2.7,-4.06,Enrolled
4,19,1,9052,1,1,141.1,1,37,36,12,1,124.9,1,0,0,0,0,1,18,0,0,7,6,0,11.71795823598661,0,0,15,0,4,11.850749700205798,0,16.2,-0.2,1.66,Graduate
5,18,1,8010,0,1,135.0,1,35,37,1,5,112.7,0,0,0,0,0,0,31,0,2,5,9,0,0.0,0,0,19,7,0,8.35837542968872,3,16.2,1.5,-4.03,Dropout
1,18,6,9167,1,1,138.3,1,37,37,10,4,133.4,1,0,0,1,0,0,19,0,0,7,7,6,12.038774099732606,0,0,8,9,14,13.50508683994103,0,9.9,2.7,1.89,Dropout
1,1,1,8911,1,1,111.9,1,36,38,8,195,110.5,1,0,0,1,0,0,17,0,0,7,7,6,14.262829681103987,0,0,13,4,5,14.994659023586731,0,12.9,-0.5,2.96,Graduate
1,15,5,9899,1,1,138.0,1,36,35,9,8,96.1,0,0,0,1,1,0,20,0,0,5,8,4,9.563745640215664,0,0,7,8,4,12.37857968932625,0,12.6,-0.8,0.52,Dropout
1,2,2,8969,1,1,141.2,1,37,18,6,8,111.8,1,0,0,1,0,1,18,0,0,7,6,6,10.377597450612303,0,0,6,7,6,12.819827934819774,0,14.1,3.0,-1.89,Graduate
2,38,1,7852,1,3,121.8,1,37,38,9,4,130.2,0,0,1,0,1,0,21,0,0,5,11,4,10.685196845142965,0,1,1,4,5,0.0,0,7.6,3.7,0.52,Dropout
1,19,3,8938,0,1,129.7,1,19,37,9,8,128.4,0,0,0,1,0,0,22,0,20,9,9,4,10.952567123102625,0,5,8,0,6,14.952880498674297,0,12.6,1.4,-2.12,Graduate
1,18,1,9206,1,1,175.5,1,36,1,10,3,142.3,1,0,0,1,0,0,17,0,0,5,8,7,12.360305273182714,0,0,12,7,4,12.38153038411443,0,14.0,-0.4,-1.45,Graduate
1,1,1,9051,1,1,134.0,1,37,37,9,9,125.2,1,0,0,1,1,0,29,0,1,8,7,5,9.590031810226707,0,0,8,8,5,13.287147229357577,0,14.3,1.4,0.33,Graduate
1,39,1,8921,1,1,134.1,1,20,19,9,10,121.7,0,0,0,1,1,0,18,0,0,5,5,5,12.213957121103716,0,0,5,8,5,11.353480586715191,0,11.5,2.5,-4.06,Enrolled
1,18,1,9221,1,1,122.6,1,2,1,9,0,134.8,1,0,0,1,0,0,17,0,6,8,9,5,12.990376794136024,0,1,8,8,6,15.214213837851778,0,16.2,0.6,2.01,Graduate
1,3,1,7419,0,1,117.1,1,39,37,8,10,119.7,0,0,0,1,0,0,19,0,0,6,7,5,10.595173288346997,0,0,14,7,6,11.568013118052392,2,14.3,0.8,1.57,Dropout
1,2,6,9648,1,1,126.7,1,38,36,6,3,149.6,1,0,0,1,0,1,17,0,0,8,8,5,17.068939068066584,0,3,8,7,3,13.96374688637239,0,8.1,1.3,2.02,Graduate
1,1,1,33,1,1,131.3,1,38,37,10,3,125.2,1,0,0,1,0,1,19,0,0,7,12,6,12.700688166243644,0,0,6,11,1,13.529132777138546,0,16.2,3.7,1.89,Enrolled
1,19,2,9136,1,1,123.6,1,2,36,10,68,169.6,0,0,0,0,0,0,27,1,0,6,8,4,12.806286288881738,0,1,5,8,0,10.393638489655562,4,16.2,2.9,0.23,Graduate
1,44,2,9257,1,1,142.3,1,19,36,10,10,100.8,1,0,0,1,0,0,17,0,3,7,8,5,13.029313421434797,0,0,6,10,9,14.66438622884014,0,12.2,1.5,1.43,Graduate
1,3,1,9515,1,1,130.4,1,2,35,8,6,167.5,1,0,0,1,0,0,34,0,0,7,8,7,12.883469999279818,0,2,6,9,5,13.35515628569154,0,11.1,0.8,1.97,Graduate
1,18,3,8924,1,1,132.5,1,1,37,9,6,102.6,1,0,0,1,1,0,18,0,0,5,7,6,0.0,0,2,12,7,6,11.732304685831176,0,10.6,1.4,1.8,Enrolled
1,18,2,9283,1,1,132.8,1,39,38,0,8,95.0,0,0,0,1,1,0,30,0,0,11,8,6,12.626706216399588,0,0,6,0,5,0.28742089055295555,0,15.9,2.6,0.86,Graduate
1,19,1,9395,1,1,114.2,1,3,37,9,4,127.6,1,0,0,1,1,0,17,0,0,10,8,5,10.9800913652452,0,3,6,5,6,10.095306316552827,0,14.1,2.7,0.46,Dropout
2,1,6,7570,0,1,131.7,1,39,19,6,0,122.2,0,0,0,0,1,0,18,0,2,6,6,4,9.655699238345566,0,0,6,8,0,10.383456161182792,5,16.2,3.7,1.52,Dropout
1,1,4,8954,1,1,124.5,1,4,35,11,6,130.2,1,0,0,1,0,0,17,0,0,6,9,6,12.172199194107083,0,0,8,8,6,12.36819987409993,0,12.7,0.8,1.72,Graduate
1,15,5,9008,1,1,135.7,1,34,36,8,12,107.5,0,0,1,0,1,0,59,0,0,5,15,0,0.0,0,5,5,4,0,0.0,0,10.8,0.7,0.79,Dropout
1,18,1,8916,1,1,130.2,1,1,26,9,10,122.4,0,0,0,1,0,0,23,0,0,7,5,7,12.945890416614738,0,0,6,9,6,14.011608253423073,0,12.6,1.3,1.05,Dropout
1,41,5,7900,1,1,136.0,1,36,38,9,6,96.5,0,0,1,1,0,0,44,0,0,5,0,0,12.749943140544023,0,1,1,7,0,0.33006022236101606,0,15.7,0.9,-0.99,Dropout
1,1,2,8830,1,1,134.3,1,19,2,4,9,127.7,1,0,0,1,0,1,19,0,0,6,7,6,12.078021996067168,0,0,8,6,6,12.940291835409393,0,12.4,1.5,-1.85,Graduate
4,40,4,9016,1,13,129.0,1,1,37,4,8,128.1,0,0,1,0,1,0,21,0,0,5,0,5,0.0,0,0,14,0,0,0.0,8,13.9,-0.7,-1.03,Dropout
1,18,1,9092,1,1,114.0,1,18,38,8,99,138.7,0,0,0,1,0,0,19,0,0,6,12,2,12.32644779904519,0,0,7,7,2,14.485496558505808,0,7.9,2.9,1.66,Graduate
1,17,2,8982,1,1,136.0,1,1,38,11,6,146.1,0,0,0,0,0,0,17,0,0,7,12,4,11.41858980078933,0,0,6,9,8,11.563401145037536,0,9.7,1.4,3.21,Dropout
2,41,1,970,0,1,125.5,1,20,39,6,6,118.6,0,0,0,1,1,0,42,1,0,6,7,2,9.56561411064911,0,0,7,8,5,13.8585318180261,0,16.2,0.7,-1.21,Dropout
1,18,2,9433,1,1,127.7,1,38,36,8,7,121.7,1,0,0,1,0,1,19,0,0,7,7,6,11.35308785417136,0,0,8,7,6,14.241811050628154,0,13.1,2.5,0.64,Graduate
1,16,3,8845,1,35,133.9,1,1,36,6,195,124.5,1,0,1,1,1,0,18,0,0,7,8,6,9.831540228612091,0,1,16,4,4,12.918497190304661,0,11.3,1.5,-2.05,Graduate
1,45,2,8924,1,1,141.2,1,2,1,8,1,125.6,0,0,0,1,0,1,17,0,0,6,7,7,11.943849538814483,0,5,5,7,6,14.810983226767146,0,12.3,1.5,1.55,Graduate
2,38,1,33,0,2,132.2,1,36,38,11,2,124.1,0,0,0,0,0,0,19,0,0,6,13,7,0.2035498502512016,0,0,6,10,0,10.901085265141003,0,12.1,0.8,0.7,Dropout
1,3,2,9118,1,1,133.9,1,5,3,6,1,111.7,1,0,0,1,0,1,17,0,0,7,8,2,11.529575382643737,0,0,8,5,6,15.10226472274728,0,13.1,0.9,1.44,Dropout
1,42,1,9367,1,1,133.7,1,37,37,8,0,160.3,1,0,1,0,1,0,45,0,0,5,10,0,0.0,0,0,5,5,3,0.0,5,11.4,-0.5,1.57,Dropout
1,1,1,9252,1,1,142.0,1,18,1,11,11,131.3,1,0,1,1,0,0,18,0,0,5,4,7,14.497090827999404,0,0,6,7,5,9.08053975420982,0,7.8,3.7,2.16,Enrolled
1,41,1,8830,1,1,110.1,1,38,36,10,8,129.1,1,0,0,1,0,0,18,1,0,6,15,3,8.76991202717944,0,5,7,0,17,13.86619987111835,4,14.4,1.5,0.29,Enrolled
1,38,2,7812,0,1,116.5,1,1,18,5,1,128.8,1,0,0,1,0,0,17,1,10,7,8,14,12.974585564925889,0,2,8,9,1,11.899643582551784,0,15.1,1.4,1.94,Enrolled
1,15,5,9322,1,5,129.0,1,38,40,3,12,107.6,1,0,0,1,0,0,19,0,4,7,7,5,9.214543794207495,0,0,5,10,6,14.452850134255398,0,9.8,1.4,-4.06,Enrolled
1,17,1,9325,1,1,162.3,1,4,17,12,5,141.4,1,0,0,1,0,0,31,0,0,7,10,7,16.39072925131404,0,0,6,5,6,16.808415074215088,0,12.6,1.5,-1.59,Graduate
1,47,2,8997,1,1,139.6,1,1,1,4,125,133.9,1,0,0,1,0,1,19,0,0,6,8,7,14.567399038783229,0,0,16,12,6,14.618703146849404,0,13.0,-0.6,1.9,Enrolled
1,18,1,9680,1,1,133.1,1,4,36,11,3,112.3,0,0,0,1,0,0,18,0,0,7,5,7,16.1572458336907,0,0,8,9,6,15.148131553296288,0,16.2,1.5,-4.06,Graduate
1,16,1,9115,0,1,127.7,1,36,38,9,89,125.8,0,0,0,1,0,0,30,0,0,5,7,3,0.0,0,4,8,6,0,11.796899048600084,0,7.6,3.7,0.24,Dropout
2,41,1,7667,0,1,128.3,1,4,35,10,11,127.8,0,1,0,0,1,0,18,0,0,5,9,5,9.422728450967027,0,0,5,10,0,9.952861290992782,0,15.4,-0.4,3.27,Dropout
4,17,1,8267,1,1,118.6,1,37,36,98,3,111.7,0,0,0,1,0,0,18,0,0,2,8,15,10.862416590990412,0,0,6,8,3,0.9786563693131259,0,12.4,2.9,-0.82,Graduate
1,41,1,9085,1,1,123.8,1,37,38,10,5,157.9,1,0,0,1,1,0,17,0,0,7,8,7,14.42129691607564,2,0,6,10,6,11.862351355254269,0,8.0,-0.6,0.25,Dropout
1,19,1,9403,1,2,126.5,18,2,1,8,1,125.1,0,0,0,1,0,0,17,0,0,6,7,0,14.092127327363148,0,0,8,6,0,14.62032738900269,0,12.9,0.6,1.59,Dropout
4,2,1,9499,1,1,134.5,1,1,37,8,8,117.1,0,0,0,1,0,0,24,0,0,7,6,5,0.0,0,0,6,10,0,11.21937138423057,0,7.8,2.8,0.86,Dropout
2,41,1,8998,1,1,153.8,1,1,37,10,9,113.3,0,0,1,1,1,0,26,0,0,7,5,6,12.34674919704862,0,4,8,6,3,11.396554237171804,0,10.7,2.9,0.65,Dropout
1,1,4,9081,1,1,134.5,1,1,37,9,9,127.6,1,0,0,1,0,0,17,0,0,8,8,5,11.914066453504576,0,0,8,8,16,14.009448120215286,0,8.7,3.7,1.63,Graduate
1,16,1,9243,1,1,128.9,1,1,37,2,4,95.2,1,0,0,1,0,1,17,0,0,7,8,6,16.053792648656554,0,0,8,8,6,11.254061647320494,0,7.7,-0.5,-1.72,Graduate
1,43,1,9331,1,35,138.3,1,36,1,8,9,127.1,0,0,0,0,0,0,33,0,1,5,7,0,0.0,0,0,8,4,0,14.299874479259941,0,9.7,1.3,0.9,Dropout
2,16,3,9101,1,1,174.6,1,38,37,11,10,117.1,1,0,0,1,1,0,18,0,2,7,7,5,11.456471024990154,0,4,8,8,6,11.689219041511151,0,13.6,2.6,2.03,Graduate
2,42,1,9683,1,3,143.0,1,37,36,11,11,163.3,0,0,0,0,1,0,17,0,0,5,0,0,0.0,1,0,5,0,0,0.0,0,8.1,0.8,0.03,Dropout
1,37,1,9111,1,2,106.5,1,38,37,9,10,106.0,0,0,0,1,1,0,31,0,20,8,0,0,9.654424422187054,0,1,5,8,1,13.34091774892214,0,11.0,1.3,-3.55,Dropout
1,19,1,9567,1,1,140.3,1,4,36,8,2,130.0,1,0,0,1,0,0,18,0,0,8,7,6,15.750494406518774,0,0,8,8,6,13.733596776812272,1,7.6,-0.4,1.76,Graduate
2,37,1,8969,1,1,156.1,1,2,37,10,11,128.6,0,0,0,0,1,0,28,0,0,5,12,0,10.882234054947316,0,0,8,9,5,12.584207660423337,0,15.7,-0.8,-3.37,Dropout
2,43,1,9326,0,2,130.6,1,36,19,0,6,95.0,0,0,0,1,1,0,42,0,5,5,4,0,0.0,0,0,5,8,0,13.47630498415328,0,9.6,1.3,0.47,Dropout
1,16,2,9327,1,1,141.0,1,37,39,4,11,168.6,0,0,0,0,1,0,20,1,0,8,4,0,8.674579391635989,0,0,5,0,0,0.0,0,8.4,3.1,1.43,Enrolled
1,37,1,9831,1,1,133.9,1,1,19,6,7,104.9,0,0,0,0,0,0,17,1,0,5,0,21,8.869035636431043,0,0,5,9,3,12.180644934878497,0,15.1,3.7,-1.77,Dropout
1,5,2,7689,1,1,135.2,1,1,18,8,9,121.4,0,0,1,0,1,0,19,0,0,5,7,0,0.5735114468934649,0,0,5,4,0,14.009522972547613,0,15.0,1.5,-1.71,Dropout
1,38,4,8808,1,40,119.5,1,1,36,5,11,112.8,1,1,0,1,0,0,17,0,0,7,7,5,11.187871842623462,0,0,8,7,6,13.617540241766612,0,8.8,3.7,1.82,Graduate
6,45,1,9810,0,1,139.6,1,35,38,8,0,111.6,0,0,0,1,0,0,20,0,0,7,5,7,0.5802394798585495,0,3,8,8,3,13.560801954132884,0,16.2,2.5,0.71,Graduate
1,17,1,8926,1,1,129.3,1,1,38,3,7,135.3,1,0,0,1,0,0,17,1,0,5,8,5,11.836862680945927,0,0,8,11,8,12.807949244617518,0,16.2,0.7,1.75,Enrolled
1,37,1,8853,1,1,136.3,1,38,36,10,12,103.9,0,0,1,1,1,0,20,1,0,5,7,5,9.928363138548372,0,0,5,10,0,0.2837480636061584,0,7.8,-0.7,1.92,Enrolled
1,19,1,9369,1,38,134.2,1,35,38,5,109,142.8,0,0,0,1,1,1,19,0,0,5,8,7,10.410102001299984,0,7,6,5,3,0.0,0,7.9,0.7,-1.76,Dropout
1,45,1,8986,0,1,153.2,1,37,37,2,13,135.2,0,0,1,1,1,0,17,0,0,5,10,0,9.422463387143322,0,3,5,12,1,9.2736137147795,2,10.7,-0.5,0.89,Dropout
1,19,2,9543,1,3,123.5,1,5,1,9,8,131.6,1,0,0,1,0,1,17,0,0,6,8,7,13.039394929432444,0,0,8,7,6,13.791585315603099,0,12.7,0.9,-1.99,Graduate
1,17,1,9700,1,1,149.6,1,20,18,7,9,109.9,1,0,0,1,0,0,19,1,0,16,7,5,12.636315706911459,0,0,6,6,3,14.741154259758234,0,13.6,-0.0,-1.67,Enrolled
1,16,1,8933,1,43,134.7,1,37,36,8,8,114.6,1,0,0,1,0,0,46,0,0,7,7,5,11.978300721685486,0,0,17,8,0,12.582631152103431,2,7.6,3.7,-3.12,Dropout
1,16,4,8870,1,1,128.2,1,2,39,4,5,104.2,1,0,0,1,0,1,19,0,0,6,7,7,10.814973686126688,0,0,8,10,10,12.870437281457807,0,11.3,0.6,1.62,Graduate
4,17,1,8935,1,1,162.1,1,35,5,11,8,119.1,0,0,0,1,0,0,26,0,0,7,7,0,11.990181262031575,0,0,8,5,8,0.0,0,8.0,1.5,0.15,Dropout
1,18,5,9357,1,1,127.9,1,37,37,10,9,133.1,0,0,0,1,0,0,18,0,0,7,17,2,11.494223195004102,0,0,6,7,7,0.0,0,10.9,1.4,0.99,Dropout
1,2,1,9102,1,4,139.8,1,37,20,9,9,130.0,0,1,0,1,1,0,33,0,15,6,12,0,13.718750770419526,2,0,5,5,10,14.69794167912971,0,16.2,2.7,3.51,Dropout
2,41,1,7892,1,6,128.1,1,1,37,8,7,112.3,0,0,1,0,0,0,49,0,0,5,0,0,0.0,0,0,12,0,0,0.0,0,8.1,-0.1,-3.86,Dropout
4,46,2,8848,0,1,129.6,1,37,38,9,10,125.1,0,1,0,1,1,0,17,0,0,7,10,0,8.731401546438166,0,0,5,13,0,12.19720653171244,12,12.5,3.7,1.5,Dropout
1,15,1,8021,1,1,131.7,1,19,38,4,8,105.0,1,0,0,1,0,0,21,0,0,5,6,7,15.751233256622601,0,0,5,8,4,10.424328578734082,0,15.1,0.5,-4.06,Dropout
1,39,1,9792,1,43,114.5,1,36,38,8,12,126.5,0,0,1,1,1,0,23,0,10,5,11,4,11.910263741795044,0,0,2,0,0,0.7284616481076056,0,15.5,-0.8,1.73,Dropout
1,41,1,9275,1,41,137.0,1,19,37,11,0,120.0,0,0,0,0,1,0,28,0,0,5,7,0,0.0,0,0,5,7,0,12.55252279483818,0,12.6,-0.6,-3.92,Dropout
1,43,1,9635,1,1,125.1,1,38,37,11,11,113.4,0,0,0,1,0,0,19,0,0,6,11,2,10.810183381829352,0,0,8,20,5,12.262700168565758,1,12.6,-0.6,0.51,Graduate
1,17,1,9140,1,1,131.3,25,38,38,8,8,153.0,1,0,0,1,0,0,19,0,9,7,10,0,9.806774397393939,0,0,7,5,9,16.313106715810378,0,12.8,0.5,1.74,Dropout
1,48,1,9334,1,2,141.9,1,36,38,9,72,126.6,0,0,0,1,1,0,28,0,0,5,8,6,10.675765316012676,0,0,6,10,6,14.127694690326933,2,8.0,3.7,-0.81,Dropout
1,16,1,9833,1,1,132.4,1,38,38,5,4,138.8,0,0,0,1,1,0,24,0,3,5,6,7,12.708571277137633,0,0,5,4,0,1.0297271086221513,0,8.3,2.6,0.39,Dropout
2,40,1,9108,0,1,129.6,1,36,36,8,5,95.0,0,0,0,1,1,0,19,0,0,5,1,7,0.0,0,0,5,0,0,10.280941865803602,0,10.9,1.5,0.04,Dropout
1,18,1,9026,1,42,131.9,1,36,18,4,10,126.9,0,0,0,1,0,0,18,0,15,5,5,4,14.830147090804683,0,0,23,12,8,11.036104541167987,3,11.0,1.4,1.7,Graduate
2,39,5,9139,1,1,180.4,1,37,38,12,7,103.1,0,0,0,0,1,0,31,0,0,5,0,4,0.0,0,0,16,7,10,13.258974678014724,0,11.4,3.4,0.49,Dropout
4,17,1,9882,1,1,127.5,1,1,39,5,9,118.7,0,0,1,1,0,0,19,0,0,7,5,13,12.719685533729718,0,0,15,6,1,10.7983541445907,0,12.9,1.5,1.4,Enrolled
1,17,2,7452,1,1,126.2,1,1,18,6,8,113.6,0,0,0,0,0,0,24,0,0,7,11,3,12.28195472215902,0,0,12,9,5,14.022681347544092,0,7.8,3.7,-2.8,Dropout
1,16,3,9120,1,1,131.4,1,2,38,4,9,116.2,1,0,0,1,0,0,17,0,0,7,8,6,10.171679759903903,0,0,6,7,4,11.949084394432832,0,11.3,-0.7,0.7,Graduate
1,16,1,33,0,1,129.2,1,38,37,0,5,148.1,1,0,0,1,0,0,19,0,0,5,6,0,11.883717805290352,0,0,13,5,2,14.51375599880489,0,12.9,2.9,-0.93,Enrolled
1,40,3,9985,0,1,136.1,1,36,38,8,8,126.2,0,0,0,1,1,0,32,0,0,6,6,3,16.34218328056035,0,0,5,7,0,0.6873120903852931,0,16.2,-0.5,0.51,Dropout
1,40,1,9163,1,19,137.5,1,1,36,9,9,98.6,0,0,0,1,0,0,20,0,0,6,11,0,11.634396714255077,0,5,5,16,0,0.0,0,12.3,-0.6,2.16,Dropout
1,17,1,9623,1,1,162.6,1,1,19,8,5,117.9,0,0,0,0,0,0,20,0,0,6,5,5,11.632863535261496,0,0,6,6,4,15.128113963577793,0,9.8,-0.4,1.66,Graduate
1,48,1,876,1,1,134.1,1,39,1,92,8,122.1,1,0,0,1,0,0,44,0,0,5,5,0,9.567283485076539,0,0,6,7,8,0.0,0,11.4,1.3,3.32,Dropout
1,2,1,9665,0,1,130.7,1,1,38,10,6,102.5,1,0,0,1,0,0,18,0,0,8,11,5,9.807433188650863,0,0,6,6,4,11.990698487630372,0,14.0,3.7,-1.73,Enrolled
1,19,2,9003,1,1,142.5,1,4,24,5,12,131.7,1,0,0,1,0,1,17,0,0,7,8,6,15.664916579488196,0,4,8,8,8,14.865663142732414,0,12.8,3.7,2.02,Graduate
1,3,1,9100,1,2,135.7,1,1,35,9,10,113.0,1,0,0,1,0,0,17,0,0,7,0,7,11.993115144523443,0,0,6,8,6,12.674178657244841,3,10.9,0.7,2.12,Graduate
1,20,1,9818,1,1,167.0,1,36,1,3,7,130.5,0,0,0,1,1,0,28,0,0,5,6,3,0.0,0,0,8,7,4,0.16534382216751545,0,12.7,-0.2,-3.35,Dropout
2,2,1,33,1,14,132.0,1,19,36,8,10,101.8,0,0,0,0,1,0,18,0,0,5,5,0,0.0,0,0,5,0,0,0.0,0,16.1,1.5,1.58,Dropout
1,18,1,9172,1,1,128.9,1,37,2,10,6,134.4,0,0,1,0,1,0,20,0,0,6,23,0,8.491339671229722,0,2,12,0,9,11.594351988996522,12,16.2,1.5,-1.22,Dropout
1,6,1,9533,1,1,132.1,1,35,38,8,1,110.1,0,0,0,1,1,0,20,0,0,5,1,3,0.0,1,0,6,7,0,0.0,5,15.8,3.0,-3.56,Dropout
1,39,1,9107,1,4,119.1,1,36,1,8,9,103.6,0,0,0,1,1,0,25,0,0,5,10,0,0.0,0,0,5,6,0,14.157817378151156,1,14.7,0.8,0.15,Dropout
1,1,1,9042,1,1,126.9,1,38,3,4,1,130.8,0,0,0,1,0,1,17,0,2,7,7,2,9.267094725758326,0,0,10,7,6,0.0,8,15.9,-0.1,-0.05,Dropout
1,18,4,8913,1,1,133.2,1,1,36,11,1,123.8,0,0,0,1,0,1,25,0,0,5,7,5,12.329239929064665,0,0,8,8,6,0.0,0,10.9,3.0,1.48,Graduate
1,41,1,9270,0,1,135.1,1,37,19,7,5,119.3,0,0,0,1,0,0,21,0,0,7,7,6,14.19746592219277,0,0,6,8,5,13.481132963424345,2,7.7,2.9,-3.7,Dropout
1,2,5,7485,1,1,135.6,1,1,36,3,4,126.4,0,0,0,0,0,0,17,0,1,7,6,4,11.3089607103116,0,1,5,12,6,13.322429091983212,0,16.2,2.9,0.28,Enrolled
1,42,6,9110,1,1,130.3,1,34,37,8,6,110.1,0,0,1,1,1,0,18,0,0,7,8,3,0.0,0,0,6,6,0,0.16162938975139454,0,11.2,1.5,-0.84,Dropout
2,17,1,9169,1,1,137.8,1,38,36,9,9,116.1,1,0,1,1,0,1,17,0,0,8,6,6,15.805190822051038,0,0,7,8,3,14.88688627730169,0,15.9,3.0,1.81,Graduate
1,16,2,9186,0,43,156.1,1,36,38,7,8,128.1,0,0,1,1,0,0,17,0,0,2,7,6,12.479801846984529,0,0,8,9,6,10.808892080785052,0,10.8,0.7,-1.08,Graduate
1,2,1,9216,1,1,138.2,1,1,38,9,4,108.4,1,0,0,1,0,1,19,0,0,7,34,11,15.14761896358182,0,0,7,6,8,9.986136697004705,0,10.7,2.6,0.76,Graduate
1,1,1,9213,1,1,131.6,13,36,2,11,8,100.2,1,0,0,0,1,0,20,0,0,9,5,0,9.966412741308517,0,0,7,12,1,11.350826647222394,0,16.0,0.8,3.29,Enrolled
1,18,1,8894,1,1,169.1,1,36,36,10,8,104.7,1,0,0,1,0,0,19,0,0,7,6,8,9.617542313508906,0,0,8,10,7,12.819293462984247,0,10.5,0.9,0.34,Graduate
1,18,2,9131,1,1,139.9,1,1,38,9,10,96.7,0,0,1,1,0,1,17,0,0,6,8,6,14.324577982852237,0,0,14,17,6,11.489832556893793,0,11.1,3.0,0.89,Graduate
1,1,2,9169,1,1,165.8,1,37,18,8,8,131.3,1,0,0,1,0,0,18,0,0,6,7,6,14.35400510684272,0,0,6,19,7,12.887593882818148,0,10.8,0.6,0.92,Graduate
1,39,1,9807,1,1,130.1,1,35,38,9,9,114.1,0,0,1,0,1,0,18,0,0,5,5,5,0.0,1,0,1,0,0,0.0,0,9.3,3.7,-2.0,Dropout
1,18,1,9488,1,1,124.2,1,2,3,10,70,152.8,1,0,0,1,0,0,19,0,6,9,7,6,0.0,0,0,8,5,8,11.12865214080677,0,15.1,1.4,1.93,Graduate
1,2,4,9900,1,1,134.1,1,36,37,8,8,123.2,1,0,0,1,0,0,17,0,0,7,11,7,12.858548982898295,0,0,6,8,6,10.202922542679664,0,10.7,0.8,1.68,Graduate
1,16,3,9310,1,1,117.3,1,18,3,8,0,120.2,1,0,0,1,0,0,21,0,0,7,6,6,14.077379570370567,0,0,8,5,3,12.362909815431388,0,10.0,1.4,1.76,Graduate
6,1,2,9109,1,4,178.1,1,1,39,2,5,127.4,1,0,0,1,0,0,18,0,0,6,5,6,10.820952742031876,0,0,8,8,5,14.507583747152918,0,16.2,-0.5,-1.67,Dropout
2,37,1,8935,1,1,128.5,1,38,1,7,12,113.6,0,0,0,1,1,0,34,0,0,5,11,13,8.985512380299511,2,0,5,7,0,0.0,0,7.7,1.3,-4.0,Dropout
1,57,2,9014,1,1,134.9,1,1,37,8,7,110.5,1,0,0,1,0,0,17,0,0,6,8,7,12.850041505537066,0,0,8,9,5,14.56356996786282,0,11.3,1.4,0.47,Graduate
1,41,1,9991,1,43,153.7,1,1,33,4,8,132.5,1,1,1,0,0,0,38,0,0,5,12,4,11.201585226296151,0,0,6,6,3,0.998234699755392,0,9.7,1.5,3.51,Dropout
1,45,2,33,1,1,142.9,39,36,19,8,6,111.1,0,0,0,1,0,0,21,0,0,8,10,7,14.711092521286098,0,0,6,8,2,13.444737629460715,0,13.7,1.5,1.6,Graduate
1,1,1,9959,1,12,174.8,1,18,1,4,89,126.9,0,0,0,0,0,0,19,1,0,5,5,0,0.031625338379580634,0,0,5,8,2,14.0386843952827,0,14.5,2.9,1.85,Dropout
2,2,1,9044,0,1,132.5,1,37,38,9,9,128.2,1,0,0,0,1,0,28,0,0,7,9,0,8.707333276726125,0,0,6,0,0,13.519699089563776,0,7.6,-0.7,-1.47,Enrolled
4,3,1,9605,1,1,137.0,1,1,36,9,7,108.0,1,0,0,1,0,1,20,0,0,7,8,5,13.015077349620203,0,0,6,8,5,13.795920201824929,0,11.2,-0.3,0.83,Graduate
1,1,1,9037,1,42,133.2,1,38,37,11,6,114.7,1,0,0,1,0,0,18,0,0,7,7,7,12.711904091915379,0,0,8,12,7,10.372076407656193,0,12.4,1.4,0.38,Graduate
1,17,3,9231,1,1,129.8,1,1,3,7,11,119.5,1,0,1,1,0,0,17,0,4,9,10,6,11.076174202332718,0,0,15,11,6,11.556958114012707,0,9.7,0.5,-4.06,Graduate
1,17,1,9538,1,1,132.2,1,37,40,9,7,182.8,0,0,0,1,0,0,18,0,0,5,5,3,9.26356580190158,0,0,13,5,4,13.557595811381589,0,11.0,-0.5,2.05,Enrolled
1,1,4,9278,1,1,128.5,31,38,1,5,12,147.1,1,0,0,1,0,1,20,0,0,7,19,4,11.988153847719301,0,4,13,8,7,13.009507711441648,0,12.5,0.5,-3.21,Dropout
1,44,1,9161,1,1,106.4,1,36,36,11,4,140.7,0,0,0,0,1,0,17,0,0,5,6,4,11.434510698194543,0,0,5,0,0,12.227768158549805,0,12.9,3.7,-3.34,Dropout
1,1,6,9175,1,1,127.7,1,36,37,8,99,130.6,0,0,0,0,0,0,20,0,6,5,7,6,0.0,0,0,7,6,6,14.232474317047245,4,7.7,0.8,-0.9,Dropout
1,44,1,9146,1,1,132.2,1,37,35,3,5,111.7,0,0,0,1,0,0,22,0,0,5,10,7,15.353501383136084,0,0,5,5,0,0.0,0,13.7,-0.5,3.51,Dropout
1,2,1,8841,1,43,133.5,1,36,1,9,12,139.7,1,0,0,1,0,0,17,0,0,6,8,6,13.438941636868451,0,0,8,14,6,12.37459177765826,0,7.9,0.7,-4.06,Graduate
1,2,1,9112,1,1,130.7,1,3,19,10,8,125.2,0,0,0,1,0,1,17,0,0,7,10,6,13.020230865826143,0,2,6,18,6,13.358379965890835,0,13.0,1.5,-2.98,Graduate
1,19,6,7849,1,1,135.8,1,36,37,5,0,111.8,0,0,0,1,0,0,20,0,0,6,8,5,15.601927018306009,0,0,8,8,6,10.707143115808549,0,12.7,0.8,1.56,Graduate
1,19,3,9133,1,1,123.9,1,38,1,11,6,102.2,1,0,0,1,0,1,18,0,0,7,7,6,17.667670903854265,0,0,6,7,6,13.696169958344962,0,8.7,0.8,0.51,Graduate
2,45,1,7910,0,3,132.1,1,2,1,8,8,146.0,0,0,0,0,1,0,21,0,0,0,0,0,0.49545054697766916,1,0,5,0,0,11.571968928946543,0,15.9,3.0,1.68,Dropout
1,16,1,9287,1,1,134.9,1,18,39,3,9,133.0,0,0,0,1,1,0,19,0,0,7,0,6,12.542242408610859,0,0,8,13,8,0.8955284358912186,0,16.2,0.7,0.39,Graduate
1,47,2,8995,1,1,124.3,1,2,1,9,8,119.6,1,0,0,1,0,1,18,0,0,9,8,5,15.172358844232853,0,0,6,8,4,12.062648499458229,0,11.3,0.8,1.65,Graduate
2,38,1,9346,0,43,137.8,1,36,39,7,9,114.6,0,0,1,1,1,0,29,0,0,6,5,0,10.577788269871844,0,0,5,7,8,0.0,0,16.1,-0.2,0.34,Dropout
1,1,2,8916,1,1,135.3,1,36,3,5,8,129.0,1,0,0,1,0,0,19,0,0,6,11,6,9.804616480130568,0,10,8,7,5,11.326753985186425,0,13.1,1.4,1.62,Graduate
1,18,3,8923,1,1,131.2,1,37,27,12,6,125.7,1,0,0,1,0,0,17,0,0,6,6,6,13.664439711189786,0,0,7,8,5,12.229910199350257,0,7.6,1.5,1.89,Graduate
2,41,1,33,1,1,136.8,1,36,37,9,11,121.4,0,0,1,0,1,0,34,0,0,5,0,0,0.0,0,0,2,0,0,0.49989019958998776,0,9.7,1.4,-1.68,Dropout
1,19,1,9203,0,15,118.7,1,19,1,4,9,121.9,0,0,0,0,0,0,21,0,0,5,8,5,9.433857992589825,0,0,5,5,0,9.569243608909705,0,15.4,1.4,-4.06,Dropout
4,2,4,9053,1,4,129.0,1,37,2,7,12,112.9,1,0,0,1,0,0,20,0,0,7,8,6,10.674325844831044,0,0,6,6,9,15.160521313207346,0,12.8,3.0,0.45,Graduate
1,16,1,9122,1,1,131.6,1,1,2,10,8,129.2,1,0,0,0,0,0,19,0,3,5,9,10,0.0,0,0,5,10,7,9.52234115625733,0,13.0,3.5,1.98,Dropout
4,18,1,9883,1,38,128.6,1,19,36,9,6,105.9,0,0,0,1,0,0,19,0,0,6,6,3,0.30756646857948217,1,0,8,8,0,13.56882864251391,0,10.9,0.8,-0.89,Dropout
1,1,2,33,0,1,144.4,1,37,36,9,5,109.8,0,0,1,1,1,0,17,0,0,5,8,5,0.5972857827148205,0,0,8,8,0,11.406418050178724,0,14.2,0.0,0.04,Dropout
5,37,2,9282,1,33,132.6,1,37,1,11,8,95.0,0,0,0,1,1,0,19,1,0,8,5,5,12.397209919926956,0,0,7,5,4,12.939567830192392,0,11.2,-0.8,1.61,Enrolled
1,42,1,9991,0,10,129.2,1,36,4,11,2,95.0,0,0,1,1,0,0,20,0,0,5,6,0,0.0,0,0,5,8,1,0.0,0,13.7,0.5,0.14,Dropout
1,18,1,9247,1,16,130.9,1,2,36,10,7,141.4,0,0,0,1,0,0,17,0,0,6,4,5,10.346772694194692,0,0,5,4,7,10.308624086661709,0,15.7,2.7,-3.15,Dropout
1,42,1,9178,1,1,126.4,1,38,35,11,4,123.2,0,0,0,1,1,0,20,0,0,6,7,0,10.548642715624377,0,0,10,0,1,0.3162734349625369,0,7.6,2.6,-4.06,Dropout
2,43,1,8337,0,1,136.6,1,2,39,10,6,105.0,0,0,0,0,1,0,18,0,0,7,6,3,0.595689180114437,0,0,5,14,3,9.064085798875858,0,16.0,-0.5,0.28,Graduate
1,40,3,7543,1,1,138.5,1,38,35,10,12,106.9,0,0,0,1,0,0,35,0,0,10,7,6,14.475003843066265,0,0,6,10,6,13.93548996421134,0,9.3,1.5,-0.67,Dropout
4,2,2,8984,1,1,120.7,1,4,5,9,1,130.0,0,0,0,1,1,0,17,0,0,8,7,5,8.825694053604382,0,0,8,11,4,15.662052497672978,0,12.9,-0.5,0.99,Enrolled
2,18,2,9127,0,1,126.6,1,38,37,7,10,128.4,0,0,0,1,0,0,18,0,2,7,7,3,10.925905355781534,0,0,6,6,6,14.149211693347032,0,12.1,1.5,0.31,Graduate
1,19,2,9198,1,1,120.9,1,1,1,6,2,99.6,0,0,0,1,0,1,17,0,0,6,18,4,13.679858785831582,0,0,6,9,6,15.868711935556046,0,12.5,1.5,1.96,Graduate
1,19,1,8366,1,1,138.4,1,38,37,11,58,142.2,1,0,0,1,1,0,19,0,0,6,7,8,10.850365179045559,0,5,5,0,4,11.940798268546878,0,12.9,-0.6,-4.06,Dropout
1,16,1,8853,1,34,121.2,1,19,37,4,12,132.5,1,0,0,1,0,0,17,0,0,6,7,4,12.635479263595624,0,0,7,7,6,8.715232859548442,0,16.2,-0.8,-1.43,Graduate
2,40,1,9444,1,21,135.0,1,36,38,4,10,114.3,0,0,0,0,1,0,43,0,0,5,0,0,0.0,0,0,5,7,0,0.0,0,8.4,1.4,0.07,Dropout
1,2,1,8890,0,1,139.6,1,19,1,11,7,124.3,1,0,0,1,0,0,19,0,0,6,7,6,12.043759974231033,1,3,6,9,0,12.009737821650502,0,15.9,1.3,0.58,Graduate
1,18,3,9032,1,1,176.4,1,35,1,10,9,110.4,0,0,0,1,1,0,36,0,0,5,6,15,14.1340361370725,0,0,6,13,0,14.751643543313934,0,8.2,1.5,-3.99,Graduate
1,42,1,9067,1,1,128.7,8,33,1,7,7,101.5,1,0,0,1,0,0,21,0,0,5,8,2,0.0,0,0,6,0,0,12.354522191452,8,11.4,3.0,0.0,Dropout
1,43,3,9230,1,1,132.6,1,2,38,3,3,103.5,1,0,1,1,0,1,18,0,9,7,8,7,13.40438901084962,0,0,6,7,6,11.976270964675445,0,14.2,0.5,-3.49,Enrolled
1,46,4,9827,1,1,141.5,1,3,3,8,5,107.8,0,0,0,1,0,0,19,0,0,5,7,7,13.841241533378222,2,0,15,6,6,16.97815040820987,1,14.4,-0.5,0.72,Graduate
1,38,1,9122,1,1,133.5,1,1,18,10,5,127.9,0,0,0,0,1,0,18,0,0,5,5,0,0.0,0,0,5,4,3,12.651176096547635,0,12.8,1.5,0.45,Dropout
2,40,1,9093,1,36,136.5,1,36,36,10,3,130.5,1,0,1,1,0,0,23,0,18,5,5,0,8.818700813272386,0,0,5,0,0,0.0,0,13.9,1.4,0.36,Dropout
1,18,2,9061,1,39,132.1,1,35,37,5,7,99.6,1,0,0,1,0,0,24,0,0,7,7,4,0.0,0,4,5,11,0,0.08449693174400298,0,7.9,-0.8,1.74,Graduate
1,17,1,9288,1,5,130.2,1,38,37,10,7,112.1,0,0,0,0,1,0,19,0,0,5,7,0,12.235303604133696,0,0,5,5,0,1.0167621449564206,0,13.1,1.4,0.65,Dropout
1,17,1,9356,1,40,137.0,1,1,1,11,7,115.7,0,0,0,1,0,0,18,0,0,5,6,5,13.13515272742432,0,0,8,9,5,14.04262137779714,0,11.0,1.6,0.14,Enrolled
1,39,1,9191,0,1,135.2,1,36,37,61,195,117.4,0,0,1,0,1,0,25,0,0,5,0,0,0.0,0,0,5,0,0,0.0,0,8.3,2.8,0.45,Dropout
1,18,2,9017,1,43,125.6,1,1,38,10,9,123.5,1,0,0,1,1,0,19,0,0,7,7,8,13.479424201312364,0,0,14,7,0,15.426363472379045,0,13.6,3.7,-3.15,Enrolled
1,18,3,8884,1,2,124.2,1,1,35,11,9,131.4,1,0,0,1,0,0,17,0,0,6,8,6,16.119061828761534,0,0,8,9,6,17.57425940726372,0,12.9,0.8,1.96,Graduate
1,2,1,9026,1,43,125.3,1,35,38,9,7,130.0,1,0,0,0,0,0,18,0,0,5,7,3,12.285281044336744,0,0,6,9,12,14.491825405799286,0,9.6,-0.5,-2.05,Enrolled
1,8,1,9266,1,1,122.7,1,36,18,1,8,108.3,1,0,0,1,0,0,20,0,0,8,11,5,11.916184626694278,0,0,8,10,2,13.208935035409537,0,13.0,3.7,1.92,Enrolled
2,38,1,7537,1,15,131.0,1,38,37,8,9,112.9,0,0,1,0,1,0,48,0,7,5,0,0,0.0,0,0,5,0,0,0.0,0,8.0,-0.8,-1.05,Dropout
1,19,3,8970,1,1,131.3,1,5,38,3,12,119.6,1,0,0,1,1,1,17,0,0,6,6,6,11.871707528379353,0,0,6,8,6,16.42850205295045,2,7.8,-0.5,2.23,Graduate
1,2,2,9181,1,1,122.1,1,1,1,5,6,111.9,1,0,0,1,0,1,17,0,0,6,8,7,15.166155313481248,0,0,6,7,6,9.783242615835983,0,12.7,0.9,-1.91,Graduate
2,46,1,9175,1,1,143.6,1,20,36,10,8,96.0,1,0,0,1,0,0,24,0,0,5,8,6,13.458657598539205,0,0,6,13,1,17.3547528650369,0,12.7,-0.7,-3.44,Graduate
1,3,2,7776,1,1,135.2,1,1,36,10,6,120.4,0,1,0,1,0,0,17,0,0,7,7,6,13.266758598385566,0,0,6,7,6,14.746994004658697,0,12.5,3.0,3.51,Graduate
1,18,1,8981,0,37,129.4,1,18,2,0,8,130.2,0,0,0,1,0,0,18,0,0,8,7,4,10.04390898082221,0,0,8,9,6,11.273722237259122,0,13.0,2.8,2.03,Enrolled
1,1,5,9074,1,1,128.7,1,2,4,6,8,126.7,1,0,0,1,0,0,17,0,0,8,8,8,11.386931330763959,0,0,6,7,6,14.517917218478892,0,8.2,0.8,-3.3,Graduate
2,16,1,9368,1,38,132.7,1,37,39,6,5,127.8,0,0,0,1,0,0,21,0,5,5,4,0,0.0,0,0,5,11,6,0.0,0,13.1,-0.8,-2.02,Dropout
1,1,3,9251,1,1,136.5,1,36,1,7,0,112.8,0,0,0,1,0,1,18,0,0,8,8,3,14.44967404346301,0,0,8,7,4,12.815432946273077,0,12.5,3.1,1.49,Graduate
1,18,2,9514,1,1,141.4,1,2,1,8,8,145.4,1,0,0,1,0,0,17,0,0,22,8,7,11.673939055007757,0,0,8,8,6,12.545089727578127,0,12.5,2.9,-3.08,Dropout
5,19,3,9127,1,1,133.1,1,3,2,6,9,137.4,1,0,0,1,0,1,17,1,0,6,8,6,14.257290251081258,0,0,8,4,5,15.452311962062593,0,8.1,1.4,1.75,Graduate
4,18,1,9362,0,1,135.3,1,1,38,10,60,114.5,0,0,0,1,0,0,28,0,0,6,11,7,11.189315340897426,0,0,6,5,6,0.0,0,12.9,0.6,3.51,Dropout
1,17,2,9628,1,1,131.2,1,19,3,9,2,121.4,1,0,0,1,0,0,26,0,0,7,8,5,13.110054910616563,0,0,8,8,8,15.38999064259578,0,8.3,-0.5,0.54,Graduate
1,17,4,9829,1,2,142.1,1,35,1,9,1,135.1,1,1,0,1,0,0,27,0,2,5,6,6,10.671937048366793,0,0,6,4,0,13.623424307756334,0,8.2,-0.1,-3.11,Enrolled
1,1,3,9823,1,43,126.3,1,38,36,4,10,129.2,1,0,0,0,0,0,19,0,0,5,10,9,0.0,0,3,7,8,6,9.671948327113663,0,12.8,3.6,3.51,Dropout
2,40,1,8994,0,43,131.7,1,36,5,10,9,162.8,0,0,1,0,1,0,21,0,0,7,13,3,10.799286909061152,0,0,7,6,4,13.359288043510304,0,7.9,3.7,1.75,Dropout
1,18,3,9612,1,2,136.9,1,3,37,7,73,100.5,0,0,0,1,0,0,19,0,0,5,7,2,11.73931402358814,0,0,7,8,6,11.961463947415371,0,12.4,-0.5,3.51,Graduate
3,41,1,9700,1,13,125.2,1,1,37,9,9,123.3,0,0,0,1,1,0,24,0,1,5,10,10,11.38546066514182,0,0,5,6,0,14.274855931592192,0,9.8,-0.8,1.86,Dropout
1,7,3,9131,1,1,129.4,1,38,37,8,11,110.3,1,0,0,1,0,1,17,0,0,7,6,6,15.044151275205367,1,0,8,8,6,13.893083725258133,0,12.5,1.5,-1.71,Graduate
1,18,3,9245,1,1,121.9,1,4,38,8,9,139.8,1,0,0,1,0,0,18,0,1,9,9,6,12.65686180285891,0,0,8,8,6,10.55893948246879,3,12.4,3.7,0.67,Dropout
1,2,3,9546,1,1,171.1,1,1,19,9,195,122.5,0,0,0,1,0,1,18,0,0,7,8,6,10.08593237174088,0,0,6,7,6,11.151362533564514,0,9.3,2.9,1.73,Graduate
1,3,1,8798,1,1,129.3,1,3,36,7,6,125.7,0,0,0,1,0,0,17,0,0,7,8,7,10.980767155843973,0,0,5,8,11,14.409983736314325,0,11.0,1.5,2.08,Graduate
2,18,0,9063,1,1,125.0,1,31,37,7,152,111.7,1,0,0,0,0,1,30,0,0,7,14,5,11.087013785440128,0,5,5,7,0,0.0,0,10.0,3.1,-3.86,Graduate
1,18,1,9130,1,1,138.1,1,39,18,9,6,131.8,1,0,0,1,0,1,18,0,0,7,8,6,15.301304155198917,0,0,6,7,6,17.531685165815464,0,11.5,1.5,1.81,Graduate
2,46,1,9157,1,1,136.9,1,38,37,10,7,122.6,0,0,0,0,1,0,20,0,0,5,11,5,0.0,0,0,8,0,0,10.56597985938646,0,9.6,-0.8,1.7,Dropout
1,19,3,9158,1,1,134.1,1,38,1,9,7,116.9,1,0,0,1,0,0,18,0,0,7,7,5,12.390032169244016,0,0,6,8,6,13.74071375778513,0,12.5,-0.5,3.31,Graduate
1,17,2,8905,1,1,129.7,1,1,36,11,4,126.4,0,0,0,1,0,0,21,0,0,5,8,4,15.80416421287085,0,0,8,8,6,12.58192452709408,0,8.1,3.4,1.99,Graduate
1,44,1,8928,1,1,131.4,1,38,2,9,8,157.9,0,0,0,0,0,0,28,0,0,5,7,4,0.0,0,0,5,8,7,15.215176061689707,3,16.2,0.5,-3.36,Enrolled
5,18,1,9636,1,14,132.4,1,19,37,11,8,130.6,0,0,0,1,1,0,41,0,0,5,5,5,11.071589351188727,0,0,5,14,0,9.15000644377649,0,10.1,0.2,1.6,Dropout
1,43,1,9057,1,41,130.9,1,1,34,10,11,119.0,0,0,1,0,1,0,34,0,0,5,0,4,0.0,0,0,22,7,0,0.3121718505401501,3,16.2,1.4,-1.78,Enrolled
1,1,2,7691,1,1,115.4,1,1,37,5,5,124.3,1,1,0,1,0,0,19,0,0,6,8,6,15.081487040760596,0,0,6,8,6,16.581771330720716,0,16.1,1.4,1.6,Graduate
1,41,1,8036,1,1,129.2,1,35,38,7,8,117.0,0,0,0,0,1,0,18,0,0,5,11,5,10.838909348843549,0,0,12,7,0,13.205714178189085,0,16.1,-0.2,-4.06,Dropout
1,18,1,9020,1,37,116.8,1,35,36,5,7,152.9,0,0,0,1,0,0,22,0,0,6,13,2,8.707254554444356,0,3,8,0,0,0.0,0,15.4,3.7,-1.03,Dropout
1,16,1,9121,1,1,120.1,1,5,2,9,9,124.4,1,0,0,1,0,0,17,0,0,7,13,6,11.477831678720978,0,0,15,7,5,14.76384793416049,0,10.6,0.9,1.64,Graduate
1,16,1,7800,1,1,135.1,1,38,2,10,3,129.8,0,0,1,1,1,0,18,0,0,7,14,23,12.29255762207561,0,0,8,10,5,12.859947474733774,0,11.0,2.7,-4.06,Dropout
1,18,2,9199,0,34,136.5,1,37,37,6,8,157.5,0,0,0,0,1,1,34,0,0,5,19,2,11.705710767166877,0,0,13,8,13,0.0,2,7.6,1.4,0.62,Dropout
2,41,1,9339,0,1,135.6,1,35,35,8,3,105.7,0,0,0,0,1,0,38,0,0,5,6,0,0.654182862115135,0,0,5,7,0,0.0,0,16.2,2.7,-0.97,Dropout
1,19,2,9343,1,1,140.4,1,19,38,7,2,112.2,1,0,0,1,0,1,17,0,0,7,8,7,15.791086219191524,0,0,6,10,9,15.652759478642048,0,7.7,0.8,1.96,Graduate
1,1,3,9287,1,1,154.0,1,2,19,0,8,106.3,1,0,0,1,0,0,17,0,0,6,8,6,13.160750627490014,0,0,6,11,6,11.426163351917966,0,7.7,1.4,0.75,Graduate
1,2,1,9145,1,38,131.5,1,37,36,6,1,123.5,0,0,0,1,0,1,19,0,0,6,7,7,11.746846684798294,0,0,6,0,6,12.276303812761968,0,16.0,0.6,1.58,Dropout
1,43,1,9080,1,1,120.2,1,3,2,11,6,122.2,1,0,0,0,1,0,17,0,0,6,8,3,12.224112368963162,0,0,6,9,0,14.815221156001233,0,7.8,0.7,1.5,Enrolled
1,1,2,9441,1,1,123.2,1,39,37,9,12,101.4,1,0,0,1,0,1,18,0,0,6,12,6,12.751498199262754,0,0,8,7,7,12.902643898130558,0,12.9,2.7,0.99,Graduate
1,3,1,9079,1,1,128.5,1,38,20,8,0,126.1,1,0,0,1,0,0,17,0,0,6,7,5,14.572500281960755,0,0,7,7,8,14.012045151149907,0,13.1,3.0,1.45,Graduate
1,20,3,9646,1,1,168.9,1,1,38,148,84,131.8,0,0,0,1,1,0,28,0,0,7,9,0,8.55032141813074,0,1,1,9,0,0.1369895148244463,0,10.9,1.5,1.97,Graduate
1,1,1,8972,0,1,156.2,1,20,37,8,10,112.2,1,0,0,1,0,0,19,0,0,7,7,5,10.37493926098847,0,0,8,8,6,11.796404457954084,0,7.7,-0.4,1.99,Graduate
1,18,3,9159,1,1,113.6,1,1,1,7,1,129.8,1,0,0,1,0,0,18,0,0,7,8,6,14.225134308004003,0,12,8,8,6,14.77619742814625,0,7.8,1.6,2.1,Graduate
1,5,1,9846,1,1,142.3,15,3,20,10,2,127.4,1,0,0,1,0,0,18,0,0,7,14,0,10.073610410934561,0,0,5,8,3,14.179504359838976,0,9.6,-0.8,-3.17,Graduate
2,17,1,8921,1,1,130.3,1,4,38,11,8,111.7,1,0,0,1,0,0,19,0,0,7,8,6,12.571603739846825,0,0,8,5,6,13.085273471256002,0,13.0,3.7,0.0,Graduate
1,40,1,9141,1,1,176.6,1,38,36,5,11,159.9,0,0,0,1,0,0,18,0,0,7,8,5,15.144981598311059,0,2,8,7,7,10.657998433541609,0,12.6,-0.8,-3.51,Graduate
2,41,1,9063,1,9,128.9,1,1,20,9,9,147.0,0,0,1,0,1,0,17,0,2,5,13,1,10.063405551949952,0,0,5,0,6,0.5190134412831244,0,8.1,2.6,0.54,Dropout
1,47,1,7469,0,34,136.5,1,39,37,8,6,106.2,0,1,0,1,0,0,35,0,0,5,15,3,10.60308851168441,1,0,5,4,4,0.0,0,9.3,1.5,0.56,Dropout
1,38,2,9010,1,18,123.5,1,36,1,9,4,113.6,0,0,0,1,1,0,19,0,0,5,14,15,12.616882105325383,0,0,6,7,0,12.028163650125977,0,13.1,-0.7,0.67,Dropout
1,41,1,9841,0,1,141.6,9,35,1,8,2,120.4,0,0,0,1,0,0,21,0,0,7,7,0,13.770695291929176,0,0,8,8,4,10.611168283841875,0,7.6,0.8,-0.84,Dropout
1,42,1,9668,1,8,131.6,1,19,38,4,9,130.1,0,0,0,1,1,0,17,0,0,13,5,0,13.828307726611014,0,0,6,0,8,0.0,0,16.2,2.9,-1.82,Dropout
1,18,3,9061,1,37,123.9,1,1,36,11,5,137.5,0,0,0,1,0,0,35,0,0,5,10,12,10.930796666983797,0,0,5,7,12,10.057509965997177,4,15.4,1.5,-1.92,Dropout
4,43,1,9345,1,1,123.1,1,36,37,10,2,120.7,0,0,0,1,1,0,20,0,0,5,8,4,12.291838826848714,0,0,5,12,6,13.47039390007006,0,16.2,-0.2,3.5,Graduate
1,48,3,9067,1,1,118.4,1,18,37,11,0,127.4,1,0,0,1,0,0,17,0,0,5,8,7,12.939892823383248,0,1,8,11,8,13.226840206421064,0,10.8,0.8,1.43,Graduate
1,18,1,9338,1,1,135.5,1,1,1,6,10,144.9,0,0,0,1,0,0,19,0,13,7,8,3,12.662339752100673,0,0,8,7,3,12.610740106915122,0,11.0,2.7,3.37,Graduate
1,1,6,9250,1,1,135.5,1,1,1,1,5,105.2,1,0,0,1,0,1,18,0,0,6,8,7,16.225594044813025,0,0,8,4,6,17.046698282218642,0,13.0,1.6,1.71,Graduate
1,16,4,9090,1,41,132.3,1,37,35,3,8,110.5,1,0,0,1,0,0,19,0,0,5,7,7,12.364394206074426,3,0,8,6,4,14.014782378462659,0,11.0,0.7,-1.76,Dropout
5,47,5,9490,1,1,130.3,1,37,19,0,5,105.7,0,0,0,0,0,0,33,0,0,5,6,7,10.520129882076999,0,0,5,0,0,13.719195954192145,4,16.2,0.7,-3.81,Dropout
1,56,1,8863,1,1,122.5,1,1,37,10,12,126.9,1,0,0,1,0,0,17,0,0,7,7,8,13.306928851753353,0,0,16,8,6,11.844001918038462,0,14.5,1.5,1.81,Graduate
1,17,1,9084,0,1,159.2,7,20,39,7,2,156.7,0,0,0,1,1,0,18,0,0,3,1,3,10.603484828608181,0,0,12,11,0,15.221033881083656,0,10.9,1.5,0.51,Dropout
1,38,1,9167,0,1,117.4,1,35,38,11,8,146.2,0,0,0,0,0,0,17,0,0,5,7,7,0.0,0,0,6,9,0,11.773208139253404,1,11.0,2.9,-1.76,Dropout
2,37,1,9050,1,36,129.5,1,37,39,8,11,139.9,0,0,0,0,1,0,27,0,1,5,5,3,9.001760262177367,0,0,13,9,0,0.767380350393175,0,8.2,0.4,1.69,Dropout
1,2,1,8554,1,2,123.6,1,4,1,9,11,128.2,1,0,0,1,0,0,17,0,0,7,13,6,11.045477830468986,0,4,5,8,1,13.637661761014863,0,11.2,1.4,2.22,Graduate
1,40,1,9839,1,1,128.0,1,1,37,93,5,118.0,1,0,0,1,0,0,21,0,0,6,17,4,12.40846815596668,0,2,6,12,2,11.366154460101432,0,10.5,1.5,-1.47,Dropout
1,1,1,9154,0,1,152.6,1,4,36,6,2,148.2,1,0,0,1,0,0,19,1,0,5,6,13,11.311645268955472,0,0,6,8,8,13.97362932198883,0,8.2,1.5,-3.21,Enrolled
1,1,1,9370,1,1,132.8,1,36,1,10,5,141.5,0,0,0,1,0,0,24,0,0,6,7,7,12.428547258689608,0,0,8,7,4,0.0,0,7.7,1.5,0.03,Graduate
5,16,1,8162,0,1,128.0,1,4,36,8,9,112.2,0,0,1,0,1,0,29,0,0,5,9,0,9.550452178367273,0,0,5,8,11,0.3618242239144238,2,8.4,-0.8,-3.61,Dropout
4,16,3,8903,1,2,131.9,1,3,36,4,5,109.0,1,0,0,1,0,1,17,0,0,5,11,7,12.227953455697987,0,0,8,8,6,12.437085965729123,0,8.1,3.7,-1.72,Dropout
6,43,1,9252,1,36,144.3,1,1,39,2,9,129.3,1,0,0,1,0,0,17,0,1,5,14,7,12.791242515723502,0,0,5,11,1,10.582607024672452,1,12.3,2.9,-1.71,Enrolled
2,1,5,9046,1,22,99.8,1,20,36,11,13,124.2,0,0,0,1,0,0,18,0,0,15,5,5,10.149708286378813,0,0,13,6,0,11.156536969264174,0,9.2,-0.1,0.39,Enrolled
1,19,1,9290,1,40,130.0,1,37,5,8,0,106.3,0,0,1,0,1,0,20,0,0,5,10,0,9.058511574539384,0,0,5,8,0,0.0,0,11.2,1.6,-4.06,Dropout
2,39,1,9252,1,1,114.8,1,37,36,4,12,128.8,0,0,1,1,0,0,27,0,0,7,5,0,16.316885621670195,0,3,8,6,0,13.042047792951756,0,12.6,-0.5,-1.47,Dropout
1,18,1,9472,0,43,119.4,1,1,17,7,9,108.0,0,0,0,0,0,0,19,0,7,5,6,0,0.5854853609892671,0,0,8,5,3,11.341901067188621,1,9.1,1.5,0.18,Dropout
1,18,6,9022,1,1,141.5,1,20,1,12,7,102.8,1,0,0,1,0,0,18,0,0,7,8,6,14.721034634931465,0,0,6,7,6,16.190019269733195,0,12.8,3.0,0.52,Graduate
1,42,1,8953,1,1,139.5,1,36,37,10,83,112.9,0,0,0,1,0,0,26,0,0,5,7,7,10.954441013823775,0,0,5,4,6,0.0,0,12.6,-0.5,0.03,Dropout
1,17,1,9134,1,1,131.8,1,1,19,194,7,125.3,0,0,1,1,0,0,18,0,0,7,7,0,9.3472636102885,0,0,8,7,3,12.688623797382443,0,15.7,0.7,-3.36,Enrolled
1,2,1,9260,1,1,136.1,1,2,38,6,5,119.4,0,0,0,1,0,0,18,0,6,7,5,7,12.768525656194697,0,0,1,7,6,13.298634474893664,0,8.1,0.4,-1.74,Enrolled
2,17,1,8914,1,1,170.5,1,1,36,6,3,116.9,1,0,0,1,0,0,18,0,0,6,5,6,13.971277895481284,0,0,6,7,7,11.614411283832135,0,7.6,0.5,-3.77,Graduate
1,1,1,9505,1,1,134.0,1,20,1,7,6,105.3,1,0,0,1,0,0,20,0,0,5,7,5,11.104937807586362,0,0,8,6,2,17.127009046533875,0,11.5,0.7,0.64,Graduate
2,17,1,9106,0,2,128.1,1,36,5,9,8,116.5,0,0,0,0,1,0,32,0,0,6,5,0,0.0,4,0,5,19,0,0.0,0,12.6,-0.8,-4.06,Dropout
1,50,2,9207,1,1,133.1,1,36,1,6,9,95.0,0,0,0,1,0,1,19,0,0,7,7,6,16.842315731983245,0,0,15,17,3,9.316272623925183,0,8.0,-0.8,1.49,Dropout
1,18,2,9120,1,1,136.5,1,1,20,11,6,100.4,1,0,0,1,0,1,18,0,0,7,8,6,11.18284528547965,0,0,6,8,6,17.079807605692267,0,12.5,-0.0,0.99,Graduate
1,17,1,9665,1,1,187.1,1,36,39,11,9,148.1,0,0,0,1,0,0,17,0,0,6,11,6,9.955314154852635,0,0,8,17,5,12.634398419639357,0,7.6,-0.7,-1.99,Graduate
1,38,1,9113,1,1,130.2,1,36,42,10,6,137.2,0,0,0,1,1,0,17,0,0,5,4,5,0.0,0,1,5,11,4,0.7802154576806086,0,12.8,-0.7,-3.23,Dropout
1,39,5,9755,1,1,127.4,1,2,38,9,11,124.3,1,0,0,1,0,0,20,0,0,6,7,5,9.457153447755545,0,0,5,8,3,13.01276407603844,0,16.2,-0.5,-1.66,Graduate
1,37,1,9433,0,10,129.6,1,37,38,9,12,115.0,0,0,0,1,0,0,18,0,0,7,12,0,8.783122375636403,0,0,5,7,2,16.23763416716433,0,7.6,-0.6,-4.06,Dropout
1,39,3,9159,1,1,136.1,1,35,36,8,12,147.6,0,0,0,1,1,0,17,0,0,6,6,5,10.75494568242146,4,0,6,5,3,11.164551865774655,0,7.8,3.7,1.01,Enrolled
2,39,1,9090,1,42,127.0,1,36,37,6,8,118.2,0,1,0,1,0,0,24,0,0,5,5,0,12.062499602308325,0,1,5,4,0,12.057286161858817,0,8.2,2.9,0.39,Dropout
1,38,1,8922,1,40,134.6,1,35,36,7,8,104.7,0,0,0,1,0,0,25,0,9,5,5,4,15.30187326700069,0,0,8,12,0,12.16110825210513,2,16.2,-0.2,0.35,Dropout
1,19,1,7524,1,1,150.5,1,17,38,1,8,114.6,0,0,0,1,0,0,17,0,0,6,7,7,15.21325649829571,0,0,8,8,6,13.563338754805049,1,10.7,3.7,0.71,Graduate
1,39,5,9154,1,1,139.2,1,35,39,10,115,122.1,0,0,0,1,1,0,27,0,0,5,9,5,10.651755180224356,0,6,6,8,5,12.001513966229844,0,8.0,3.7,0.65,Enrolled
1,1,2,8950,1,1,135.6,45,1,1,8,9,129.2,0,0,0,1,0,0,20,0,0,4,6,5,16.094640704760188,0,0,8,7,5,10.254555307663535,0,7.7,0.7,0.81,Graduate
1,2,3,9105,1,1,131.5,1,36,38,8,171,117.5,1,0,0,1,0,0,18,1,1,7,8,17,12.34749824761704,0,0,8,11,8,12.284315797721307,0,11.4,2.8,-3.25,Enrolled
1,38,1,9298,1,1,129.2,1,21,20,11,7,128.2,1,0,0,1,1,0,32,0,0,7,8,4,9.21213181230952,0,2,12,8,5,0.009095579392534501,0,14.1,0.2,-1.16,Dropout
1,19,1,9632,1,1,107.4,1,1,37,6,195,101.9,1,0,0,1,0,0,17,0,0,8,7,5,11.373440846019554,0,0,6,8,7,15.311463284462969,0,11.0,3.7,-3.88,Graduate
1,46,1,9238,0,1,127.9,1,20,36,1,8,129.3,0,0,0,1,0,0,22,0,0,6,7,0,12.278652766772398,0,0,13,9,2,12.929773948261872,2,8.0,-0.1,-2.71,Graduate
4,19,1,9360,1,2,148.4,1,38,1,105,6,125.3,0,0,0,1,1,0,20,1,4,5,13,12,11.044303649075013,0,4,8,12,4,12.486199381989982,0,12.9,-0.6,0.87,Graduate
1,16,1,8846,1,2,136.4,1,37,38,0,6,100.4,1,0,0,1,0,0,17,0,0,6,8,6,14.347079907169917,0,0,7,7,1,14.967068207584779,0,14.2,3.4,1.94,Enrolled
1,17,2,9013,1,1,130.2,1,38,35,5,9,101.6,1,0,0,1,0,1,27,0,0,6,5,5,14.548516998321874,0,0,7,8,6,12.867250737724707,0,14.4,-0.1,3.19,Dropout
1,37,1,9494,1,36,128.6,1,35,2,9,0,161.1,0,0,0,1,0,0,19,0,2,7,15,3,0.0,2,0,5,6,2,0.30702874082141673,1,12.1,2.7,0.49,Dropout
1,2,2,9184,1,1,138.1,1,38,39,12,6,136.9,1,0,0,1,0,1,17,0,0,7,8,6,11.92336191467562,0,0,6,7,6,15.290579749230504,0,11.3,0.6,1.7,Graduate
1,2,1,9234,1,1,130.9,1,38,38,4,9,117.2,0,0,0,0,0,0,17,0,6,5,8,0,0.0,0,1,5,7,0,0.0,5,16.2,-0.5,0.37,Dropout
4,2,5,8927,1,1,139.9,1,20,36,3,10,96.6,1,0,0,1,0,0,23,0,0,8,10,6,15.02120632449692,0,1,8,4,7,18.571428571428573,0,12.6,1.4,0.28,Graduate
1,17,1,9988,1,1,121.9,1,2,3,7,4,107.8,1,0,0,1,0,0,19,0,0,7,7,6,15.887872014064124,0,0,8,5,6,14.144638906194217,0,16.2,2.8,-4.06,Enrolled
1,5,1,9173,1,1,111.0,1,4,18,10,8,102.7,1,0,0,1,0,0,17,0,0,7,8,5,12.218922179598252,0,0,8,1,5,17.770167680738705,0,12.7,2.8,-3.97,Enrolled
1,41,1,9612,0,1,130.8,1,36,36,8,9,131.8,0,0,0,1,0,0,26,0,0,6,7,2,13.411234552041366,0,0,16,7,4,12.774087824300278,0,16.2,-0.2,-2.0,Dropout
1,45,3,9095,1,1,135.5,1,35,36,8,8,128.8,1,0,0,0,0,0,17,0,0,8,8,7,9.628717171468137,0,0,5,8,5,10.652098355668988,0,9.5,0.0,-3.79,Graduate
2,1,0,9184,1,2,133.4,1,1,36,9,9,128.8,0,0,1,1,1,0,17,0,0,0,7,3,12.5562178116235,0,0,6,4,0,13.232047795188372,0,15.7,-0.7,-1.58,Dropout
1,2,2,8927,1,1,131.6,1,18,1,8,9,133.0,1,0,0,1,0,0,17,0,0,7,7,6,11.538852099760842,0,0,8,9,8,11.848515816810114,0,13.1,1.5,1.84,Graduate
1,42,1,9048,1,43,140.3,1,38,1,8,9,118.7,1,0,0,1,0,0,17,0,0,7,25,3,11.982477781108882,0,0,5,12,5,15.989173700128646,5,12.4,2.9,0.4,Enrolled
1,18,1,8944,1,1,131.5,1,4,38,8,12,109.9,1,0,0,1,0,0,17,0,0,6,7,6,14.969339148868578,0,0,8,8,6,16.177941505637595,0,11.4,-0.8,2.01,Enrolled
1,57,1,9364,1,1,121.4,1,37,37,8,10,123.3,0,0,0,0,0,0,17,0,10,6,9,6,11.759827051157753,0,0,6,21,3,9.045558743231357,4,15.9,2.8,-1.81,Graduate
1,19,1,9679,0,43,162.5,1,36,1,11,9,160.2,0,0,0,1,1,0,19,0,0,7,6,5,11.417011903844461,0,3,10,7,0,12.935469742480421,0,16.2,-0.3,3.51,Dropout
1,16,2,9049,1,1,109.6,1,1,2,6,8,95.0,0,0,0,1,0,0,21,0,0,5,9,4,10.854437699999059,0,0,14,8,7,12.731372274187121,6,13.9,3.7,-4.06,Enrolled
1,1,1,8933,1,1,118.7,1,38,31,8,9,117.7,0,0,0,1,0,0,19,0,16,8,8,5,12.300653318842235,0,0,5,9,3,15.228353376675699,0,11.1,-0.5,3.01,Graduate
1,43,1,9267,1,1,118.1,1,37,35,8,11,131.8,1,0,0,1,1,0,30,0,0,14,5,0,12.51509513262164,0,0,6,5,0,1.0539005548667366,0,7.7,-0.6,1.01,Dropout
1,43,5,9123,1,39,131.6,1,3,38,8,6,120.8,0,0,1,1,0,0,28,0,6,6,11,1,9.074985937075336,0,1,15,6,0,15.028938056422522,0,8.7,-0.7,-4.06,Dropout
1,2,1,9665,1,1,130.3,1,1,1,7,4,106.3,1,0,0,1,0,0,18,0,0,0,13,7,9.541150637028483,0,0,6,9,3,11.687272766853127,0,7.6,2.7,-4.06,Enrolled
1,2,1,8914,1,41,134.0,1,1,1,11,7,139.1,1,0,0,1,0,0,18,0,0,7,6,5,11.576931279393968,0,0,15,7,6,11.844439649066725,0,15.5,3.7,-1.08,Graduate
1,2,1,8988,1,2,122.5,1,39,18,8,11,113.8,0,0,0,1,1,1,19,0,0,5,8,7,11.640029221290014,0,0,6,8,0,13.85086306281969,0,8.2,-0.7,0.84,Dropout
1,17,1,588,1,1,113.2,1,19,13,1,7,121.7,0,0,0,0,0,0,18,0,0,7,7,23,14.035518204527316,0,0,15,7,0,17.187553948474985,0,8.2,-0.8,3.34,Enrolled
1,17,5,9624,1,1,152.3,1,38,38,10,9,136.7,1,0,0,1,0,0,20,0,0,7,8,6,13.964375080543407,0,0,8,8,6,16.036954490312723,0,8.4,0.7,1.67,Enrolled
2,38,1,9187,1,1,133.9,1,34,37,7,10,99.5,0,0,0,0,1,0,36,0,0,5,8,0,0.0,0,0,5,7,3,0.0,0,15.8,2.9,-3.89,Dropout
1,17,3,9336,1,1,103.1,1,37,38,11,11,171.3,1,0,0,1,0,1,17,0,0,7,8,6,11.743213417505633,0,0,8,10,6,13.162834911623161,0,7.6,0.6,1.94,Graduate
2,8,1,7775,1,1,134.4,1,35,38,9,6,118.1,0,0,0,1,1,0,19,0,0,5,6,5,11.881727116715373,1,0,5,7,0,12.929828306232082,1,16.0,1.6,-1.82,Dropout
1,18,3,8979,1,1,118.5,1,1,19,8,2,118.1,1,0,0,1,0,0,18,0,0,6,7,7,10.527397543919323,0,0,8,5,6,13.688278816543741,0,12.3,0.7,1.66,Dropout
1,1,3,9019,1,1,174.8,1,1,36,8,9,126.1,1,0,0,1,0,0,17,0,0,8,7,6,14.935031437976379,0,0,8,8,6,15.023948027651032,0,13.0,1.5,1.5,Graduate
1,42,1,9023,1,1,147.9,1,36,19,6,9,122.8,1,0,0,1,0,0,17,1,0,6,8,5,9.803847107802772,0,0,13,9,6,10.411394539031406,0,12.6,-0.6,-2.95,Enrolled
4,39,1,9509,1,1,120.4,1,29,19,106,9,144.6,0,0,0,1,1,0,18,0,0,19,9,3,15.297471702322815,0,0,5,6,10,12.33537594261331,0,16.2,-0.5,-4.06,Graduate
1,42,1,9006,1,11,129.1,1,37,37,4,4,158.4,0,0,0,1,0,0,17,0,0,7,5,5,13.08979894912812,0,0,5,7,3,11.785191483579958,0,12.6,3.0,1.83,Enrolled
1,40,1,9056,1,1,133.7,1,39,1,12,7,142.4,0,0,0,0,1,0,19,0,0,7,5,7,14.083153823708285,0,0,8,4,4,13.034121520042282,0,12.6,2.8,1.69,Dropout
1,16,6,9991,1,1,129.9,1,3,38,1,7,111.5,1,0,0,1,1,0,18,0,0,7,8,6,13.535571983641617,0,0,16,7,6,12.818999820395605,0,11.3,1.5,1.98,Dropout
1,15,1,9043,1,1,134.3,1,18,37,8,9,155.2,1,0,0,1,0,0,20,0,0,5,11,6,11.845355463238137,0,0,8,8,0,14.55458933817678,0,12.7,1.5,-0.97,Dropout
1,17,1,9143,1,1,135.4,1,36,37,80,7,110.8,0,0,1,1,0,1,18,0,0,5,8,0,0.0,0,0,8,0,0,10.286882114750634,0,12.6,-0.1,0.22,Dropout
1,1,1,9513,1,1,139.4,1,2,36,9,10,148.6,1,0,0,1,1,0,18,0,0,7,8,8,14.40513447397365,0,0,5,5,5,15.034512589314364,0,16.2,1.5,0.82,Graduate
1,2,1,8796,1,1,138.9,1,38,36,3,6,95.0,0,0,0,1,0,0,27,0,3,7,1,4,13.818896140915822,0,0,5,7,5,12.96351965545608,0,7.6,-0.6,3.09,Dropout
1,19,1,9492,0,38,118.5,1,39,3,3,142,121.3,0,0,0,1,0,0,18,0,0,2,14,7,11.332895884282996,0,0,5,7,0,16.97208900329807,0,11.5,3.7,0.07,Enrolled
1,2,1,33,1,1,115.4,1,21,36,7,8,133.0,1,0,0,0,0,0,19,0,0,6,8,5,13.059237373778117,0,0,5,9,6,13.593531085506799,0,11.3,3.7,1.77,Graduate
1,18,1,8915,1,17,136.7,1,19,38,9,11,106.3,1,0,0,0,0,0,25,0,0,5,8,4,13.008699945198082,0,7,12,6,0,11.814419309763505,0,16.2,-0.3,0.18,Dropout
2,16,1,9374,1,43,120.6,1,35,1,1,5,95.0,0,0,0,1,1,0,31,0,0,5,7,0,1.2140575013084451,0,0,5,6,0,0.7792981316530097,0,8.0,0.5,-1.66,Dropout
1,41,1,9137,1,1,126.3,1,36,38,7,10,118.2,0,0,1,1,1,0,18,0,4,12,13,0,13.57893372348182,0,1,1,9,4,0.516027516006318,0,13.0,3.7,-3.73,Dropout
1,1,1,7604,1,1,127.7,1,35,36,9,6,114.5,0,0,0,1,1,0,17,1,0,7,7,5,12.413057007794727,0,0,8,9,0,12.239461499210023,0,12.5,-0.6,-3.5,Enrolled
1,18,1,9092,1,1,131.5,17,39,17,9,8,131.5,1,0,0,0,0,0,29,0,0,5,13,4,14.605181105907908,0,0,6,7,3,13.273326223454443,0,12.6,1.5,-4.06,Enrolled
1,17,2,9516,1,1,104.2,1,2,18,7,6,131.1,1,0,0,1,0,0,19,0,0,7,7,6,12.279457836166646,0,0,7,10,3,11.830559573547173,0,8.0,-0.2,-0.6,Enrolled
1,47,1,9232,1,2,130.9,1,38,1,10,4,113.9,0,0,0,1,0,1,26,0,0,5,7,6,0.0,0,0,5,13,6,9.987715131566162,0,8.2,2.7,-2.2,Dropout
1,1,1,9293,1,1,142.8,1,35,37,9,8,123.8,0,0,0,1,0,0,41,0,0,8,7,0,9.084470430621113,0,0,11,6,5,0.0,0,11.1,0.6,-0.97,Dropout
2,39,1,9065,0,16,126.5,1,1,38,10,3,106.7,0,0,0,0,1,0,26,0,0,7,11,0,0.0,0,0,5,10,0,13.071265361132214,0,7.6,-0.5,-4.06,Dropout
1,1,1,9624,1,1,147.0,1,2,18,8,8,110.3,1,0,0,1,0,0,19,0,4,16,7,1,16.808471261897083,0,0,8,5,6,12.826122818556549,0,15.4,0.9,-4.06,Dropout
2,18,1,8915,1,1,134.4,1,39,36,11,4,134.7,0,0,0,1,0,0,17,0,0,7,13,5,14.94411144048172,0,0,7,8,4,15.997626640709019,0,10.0,0.8,1.58,Enrolled
1,15,2,9034,1,36,133.2,1,38,37,11,10,112.5,0,0,0,1,1,0,20,0,0,5,1,4,11.94968498583513,0,0,7,8,1,13.506595963530925,0,16.2,2.9,-3.7,Graduate
1,19,4,8821,1,1,125.0,1,4,19,11,9,112.0,1,0,0,1,0,0,17,0,0,7,7,5,12.699723481234184,0,0,8,10,4,15.625086257530477,0,10.6,3.7,1.64,Graduate
1,7,1,8997,1,1,113.5,1,1,38,6,10,117.9,1,0,0,1,0,0,17,0,0,5,5,3,10.119449851950105,0,0,6,16,0,0.20414736370254938,0,15.8,-0.7,1.9,Dropout
1,2,5,8952,1,1,129.2,1,1,1,9,9,102.2,0,0,0,1,0,1,19,0,0,6,7,4,10.090783078531707,0,0,8,4,6,15.13224115688698,0,16.2,2.7,0.34,Graduate
2,36,1,8990,0,16,128.9,1,13,39,5,12,113.8,0,0,0,0,1,0,28,0,0,5,10,5,9.900919580342283,0,0,8,10,0,0.0,0,14.1,1.3,-1.07,Dropout
1,3,2,8903,1,1,141.5,1,2,38,9,10,124.0,1,0,0,1,0,0,17,0,0,7,8,5,12.861663242388277,0,0,8,8,6,14.057527762164598,0,12.9,1.5,0.66,Graduate
1,17,4,9867,1,1,121.4,1,5,3,8,8,169.9,1,0,0,1,0,1,17,0,0,1,7,7,12.562097768022044,0,0,6,11,12,11.067583481579849,0,12.9,-0.1,-4.06,Graduate
1,38,1,9260,1,32,124.6,1,39,1,6,8,139.2,1,0,0,1,0,0,19,0,4,6,5,5,14.457772147006532,0,0,6,7,6,13.300486179533772,0,12.3,0.5,0.09,Graduate
1,1,1,9078,1,1,143.8,1,1,2,8,5,123.2,0,0,1,1,0,0,18,0,0,7,12,0,13.429960536123302,0,0,8,6,0,0.0,0,12.6,2.8,2.08,Dropout
1,19,4,9085,1,1,122.5,1,2,36,8,2,112.0,1,0,0,1,0,0,18,0,0,7,4,7,12.116533601482061,0,7,10,12,5,12.699090572608622,0,7.6,-0.5,-0.76,Graduate
2,18,1,8811,1,1,136.9,1,1,39,9,0,116.6,1,0,0,1,0,1,26,0,0,6,7,7,8.483863991999202,0,0,6,4,5,13.323144418925912,0,15.6,1.3,3.3,Graduate
1,19,4,9014,1,1,137.1,1,39,37,10,6,135.4,0,0,0,1,0,1,17,0,0,6,6,6,12.88408722034794,0,0,7,9,7,14.361098374316274,0,16.2,-0.5,-3.5,Graduate
2,44,1,9205,1,33,136.7,1,36,35,5,11,109.8,0,0,0,1,1,0,29,0,0,5,6,1,11.515980655834818,0,1,5,7,5,10.380721022202737,0,13.0,-0.6,-2.79,Dropout
2,38,1,9205,1,1,132.9,1,29,39,2,9,158.3,0,0,1,0,1,0,31,0,0,5,7,0,0.0,0,0,5,0,0,12.48093505838067,0,7.8,0.5,0.52,Dropout
1,11,1,9944,1,1,141.7,1,1,37,9,5,115.0,0,0,0,1,0,0,32,0,0,8,7,7,11.77991186515018,0,5,11,8,4,12.584589108969027,0,15.5,1.5,0.22,Dropout
1,44,4,9353,1,1,136.4,1,36,38,3,12,127.4,0,0,0,0,1,0,38,0,0,7,8,4,13.488391993699656,0,0,5,5,0,13.695605875859906,0,12.9,-0.2,0.57,Dropout
1,42,1,9566,1,41,143.7,29,37,38,9,3,136.4,0,0,0,1,0,0,18,0,5,8,5,0,0.01954062195124504,1,6,7,9,0,14.895574581197913,0,16.2,-0.7,1.43,Dropout
2,19,2,9364,1,1,132.7,1,36,37,0,2,133.6,1,0,0,1,0,0,18,0,11,7,7,3,12.92311591400442,0,0,5,0,0,12.321172484216197,0,9.8,3.6,0.75,Enrolled
2,39,1,8835,0,36,128.0,1,37,38,6,1,134.9,0,0,0,1,0,0,21,0,0,6,7,4,10.599948149146323,0,0,6,9,6,13.534172627802477,0,7.6,0.4,0.33,Dropout
4,37,1,8999,1,2,119.2,1,20,38,8,1,127.2,1,0,1,1,1,0,18,0,0,5,11,12,14.46443520342155,0,0,5,0,6,15.355088615673575,0,11.3,0.1,-4.01,Enrolled
1,17,2,9328,1,1,123.1,1,4,37,8,5,122.6,1,0,0,1,0,0,17,0,0,7,7,7,15.46735545872873,0,0,16,5,7,15.461471607823052,0,11.0,3.0,-4.06,Graduate
2,40,9,8978,0,4,125.7,1,1,36,6,3,98.6,0,0,0,1,0,0,27,0,6,8,8,3,12.379687752568763,0,0,12,8,6,11.757084934022359,0,7.8,1.5,0.37,Enrolled
5,37,1,9219,1,1,134.5,1,1,36,9,3,136.7,1,0,1,1,0,0,29,1,0,5,0,14,0.18652217086970302,0,3,6,7,0,13.297076972767593,4,12.0,1.5,0.84,Dropout
1,1,3,9099,1,1,136.2,1,39,3,8,10,108.0,1,0,0,1,0,0,19,0,0,6,7,7,10.50258244142907,0,0,8,20,6,14.12505694956083,0,9.6,1.4,0.18,Enrolled
1,40,1,9991,1,1,114.2,1,40,4,7,90,119.8,1,0,1,1,0,1,17,0,0,6,8,7,12.495792230980603,0,0,7,8,6,14.178351634600734,0,9.7,3.0,0.6,Graduate
2,16,1,9012,0,1,169.1,1,38,38,5,6,157.9,0,0,0,1,0,0,20,0,0,6,8,7,11.524725420335024,0,3,8,9,8,14.908009747605533,0,11.1,-0.6,1.78,Graduate
1,43,1,9686,1,1,154.7,1,18,37,7,2,129.5,0,0,0,1,0,0,18,0,0,6,19,4,10.482488951269294,0,0,7,5,7,15.823357713089276,1,15.5,0.8,-2.01,Enrolled
1,18,6,8866,1,1,133.8,1,4,1,4,12,136.5,0,0,0,1,0,0,17,0,0,7,8,7,16.078260971247232,0,0,2,13,7,10.448901542190242,0,13.0,1.4,1.65,Graduate
1,16,3,8927,1,1,128.2,1,18,2,11,4,124.1,1,0,0,1,0,1,18,0,0,6,9,3,14.164940225182967,0,0,8,7,6,12.72970100308923,0,12.6,0.8,-2.04,Graduate
2,42,1,9579,1,1,126.6,1,1,37,9,5,138.9,0,0,0,1,1,0,25,0,4,5,6,5,10.045357494085598,2,0,5,11,3,12.205815174853775,0,11.1,3.7,-2.24,Dropout
1,1,1,9111,1,1,133.5,1,1,11,7,7,118.6,0,0,1,1,0,0,18,0,0,5,4,8,10.3907121507889,0,0,8,5,2,13.47595779916783,0,8.2,1.4,1.49,Enrolled
5,8,2,9025,1,1,154.0,1,1,4,80,2,114.1,1,0,0,1,0,0,17,0,13,7,4,4,16.999494272986343,0,0,7,1,2,13.084726727236227,0,14.3,0.9,-3.52,Enrolled
5,2,1,8822,1,43,127.1,1,3,1,10,1,108.7,1,0,0,1,0,0,17,0,10,5,8,5,10.675141475320395,0,0,6,6,4,0.0,3,13.9,-0.8,3.51,Dropout
1,11,1,9166,1,1,141.5,1,35,38,8,0,100.8,1,0,0,0,1,0,22,0,5,7,7,0,15.2996861017055,0,0,0,6,2,0.0,0,8.1,1.5,0.56,Dropout
1,2,1,8957,1,1,133.2,1,1,37,8,5,95.0,1,0,0,1,0,0,24,0,0,7,7,5,14.072632283585543,0,0,8,0,6,12.761563927187938,0,7.7,1.6,1.73,Dropout
2,3,1,9144,1,43,150.2,1,18,37,2,8,99.9,1,0,0,1,0,0,20,0,0,7,15,7,13.242530592553523,0,0,6,10,4,0.0,0,12.6,3.7,-0.78,Graduate
1,38,1,9201,0,4,129.9,9,32,38,8,6,148.1,0,1,0,1,0,0,17,0,0,7,7,4,10.795845218249754,0,0,5,12,4,0.3323098491158101,1,7.6,-0.4,0.6,Dropout
1,1,2,9071,1,1,154.6,1,35,38,8,2,121.4,1,0,0,1,0,0,17,0,0,7,7,7,11.470418461906633,0,0,6,8,6,12.584295537116425,0,11.0,3.0,0.37,Graduate
1,18,2,9679,1,6,114.6,1,36,2,9,2,121.2,0,0,0,0,0,0,21,0,0,5,11,1,0.0,0,5,6,14,2,13.876485614720025,0,11.1,3.7,0.93,Graduate
1,19,4,8959,1,1,137.7,1,1,36,6,9,119.3,1,0,0,1,0,1,17,0,0,7,7,7,14.332946955374533,0,4,6,10,9,13.45146715937171,0,11.1,0.5,-1.32,Graduate
1,17,1,9283,1,1,133.3,1,20,36,194,10,119.4,1,0,0,1,0,0,19,0,0,6,12,5,11.762061811315453,0,8,5,4,6,12.703095479465517,0,9.8,-0.8,1.91,Graduate
1,18,3,9135,1,1,151.7,1,20,38,10,9,120.8,1,0,0,1,0,0,18,0,0,14,7,7,13.338242774199731,0,0,6,8,6,16.32422091918185,0,12.7,3.7,0.45,Graduate
1,17,1,9544,1,1,147.7,1,19,3,5,2,120.5,0,0,1,0,0,0,17,0,9,5,8,3,11.0704164061451,0,0,6,5,6,14.02950287383004,12,13.0,-0.5,-1.25,Graduate
1,1,2,8935,1,1,113.6,1,1,37,4,7,126.1,1,0,0,1,0,1,19,0,0,6,8,6,16.25577910268072,0,0,8,13,6,12.126274957706428,0,12.7,0.7,1.65,Graduate
1,18,4,9146,1,1,129.4,22,37,18,7,10,124.0,0,0,0,1,0,0,18,0,0,7,6,5,9.422883716413494,0,0,8,8,5,12.95189988866064,12,12.6,1.4,0.64,Graduate
1,2,3,8960,1,1,115.3,1,1,36,11,12,133.2,1,0,0,1,0,1,17,0,0,6,8,6,13.831314143108784,0,0,8,8,6,15.670360614540801,0,12.5,0.9,1.51,Graduate
1,42,1,9261,0,1,123.4,1,38,36,8,9,172.3,1,0,0,1,0,1,18,0,0,6,6,4,14.526320478748103,0,0,6,5,1,15.953557357108517,2,11.4,1.4,-2.79,Graduate
1,1,2,8996,1,1,121.4,1,3,35,9,5,127.3,1,0,0,1,0,0,19,0,10,8,5,0,12.403027891946728,0,0,8,9,3,15.260523241380627,0,12.9,-0.7,-1.1,Enrolled
1,41,1,9991,1,34,143.0,1,39,38,10,8,97.9,0,0,0,0,1,0,19,0,0,7,9,2,0.0,0,0,5,6,0,0.6063558184629327,0,8.4,2.5,0.65,Dropout
1,15,4,9062,1,39,120.1,1,38,4,7,6,124.1,1,0,0,1,0,1,18,0,0,6,5,6,14.97325258753607,0,0,8,10,6,14.357305363920934,0,12.8,0.8,-4.06,Graduate
1,39,1,8986,1,1,141.9,1,36,36,10,4,121.1,0,0,1,1,0,0,17,0,0,6,6,5,0.0,0,0,8,9,8,12.729202235341157,0,16.2,1.5,1.62,Enrolled
1,19,4,9529,1,42,141.8,1,18,37,4,9,161.4,1,0,1,0,1,1,47,0,0,5,8,2,0.0,0,1,7,4,0,0.0,0,16.2,1.5,2.18,Dropout
2,17,1,9326,1,1,131.6,1,36,35,9,0,108.9,0,0,0,0,1,0,19,0,0,5,16,4,11.056357939765048,0,0,8,26,3,13.99904755021772,0,8.2,0.7,-3.53,Dropout
1,47,5,9074,1,1,121.4,1,3,35,11,12,133.4,1,0,0,1,0,0,17,0,0,7,7,6,13.245297160530102,0,0,6,7,8,14.57918487451848,0,11.0,-0.5,2.12,Graduate
4,18,4,9083,1,1,147.1,1,18,37,1,10,110.7,1,0,0,1,0,1,19,0,0,7,7,7,13.682992924254725,4,0,7,7,7,10.215139729720832,1,10.9,2.6,-1.87,Dropout
2,1,1,9181,1,18,156.0,1,38,38,5,8,170.5,0,0,0,0,1,0,20,0,0,5,8,3,0.0,0,0,5,4,0,9.76526782119079,0,16.2,1.5,1.65,Dropout
1,2,1,8851,1,1,130.4,1,37,36,2,4,104.2,1,0,0,1,0,0,18,0,0,13,7,6,16.671295214034632,0,0,7,8,7,13.203465050866914,0,14.2,1.5,2.09,Graduate
5,18,2,9085,1,1,125.3,1,4,36,3,8,127.1,1,0,0,1,0,0,25,0,0,7,7,7,14.97742622729679,0,0,8,9,7,14.102033946660066,0,7.9,-0.2,0.77,Graduate
1,41,1,9309,1,1,129.4,1,37,38,9,7,112.3,1,0,0,1,0,0,24,0,0,8,10,5,10.466406852153696,0,0,5,7,5,0.0,0,16.1,3.7,3.22,Dropout
1,17,5,8933,0,1,139.6,1,1,20,9,109,112.3,0,0,0,1,0,1,18,0,0,10,1,5,10.882430729591038,0,0,6,9,6,13.318938508483196,0,12.9,1.5,-1.05,Dropout
1,20,2,9097,1,1,111.7,1,18,19,4,9,122.6,1,0,0,1,0,1,18,0,0,7,8,7,15.616241271752655,0,0,16,7,6,9.965206517475062,0,12.4,0.9,0.28,Graduate
1,18,3,9761,1,36,127.2,23,2,1,10,4,122.1,1,0,0,0,0,0,17,0,0,7,10,5,15.306928488419894,0,5,6,9,6,14.982923226942328,0,8.0,-0.7,-3.51,Graduate
1,17,1,9478,1,38,133.3,1,38,37,7,7,105.7,1,0,0,1,0,0,19,0,0,6,14,7,12.346846107145781,1,3,8,7,8,14.027009075272895,3,11.0,2.9,1.62,Enrolled
1,17,1,9124,1,20,137.6,1,38,37,6,11,113.2,1,0,0,0,0,0,18,0,0,6,0,5,11.375561668306329,0,0,7,4,5,13.442421153241355,0,12.8,-0.4,-1.97,Graduate
1,17,1,8866,1,2,121.6,1,39,38,4,9,122.6,1,0,0,1,0,0,53,0,15,7,9,5,12.230500853259505,0,0,8,7,4,14.390265042330558,0,12.6,0.3,-3.81,Enrolled
1,39,1,8969,1,17,138.1,1,1,38,10,7,120.6,0,0,1,1,0,0,19,0,0,5,7,7,10.40238573081169,0,0,12,9,5,9.280632309864256,0,11.1,3.5,0.41,Graduate
1,37,6,8936,1,43,132.2,1,1,38,2,195,108.0,0,0,0,0,0,0,42,0,0,5,0,0,0.0974801091448917,0,0,5,8,0,11.77170679727724,0,11.4,-0.1,1.75,Dropout
1,19,1,8927,1,20,116.8,1,20,2,8,9,107.7,0,0,0,1,0,0,20,0,0,6,8,7,13.548081670525772,0,0,8,10,0,11.515364876270944,0,14.6,-0.6,0.6,Graduate
2,38,1,9654,0,1,138.3,1,37,5,11,6,131.7,0,0,1,1,1,0,31,0,20,14,0,3,0.0,0,0,5,9,0,9.360301593533666,0,7.6,2.8,0.54,Dropout
1,1,2,9297,1,1,131.6,1,37,37,9,12,115.0,1,0,0,1,0,1,18,0,0,6,2,6,11.616148469937679,0,0,8,9,2,14.947858036761904,0,8.0,1.3,-3.88,Graduate
5,17,1,9118,1,1,131.3,1,1,36,0,11,122.3,1,0,0,1,0,0,17,1,0,5,8,15,16.44785055894061,0,0,6,7,6,12.959249871163925,0,14.6,0.8,1.99,Graduate
2,17,1,8979,0,43,129.6,1,35,37,7,12,126.3,0,0,1,0,1,0,22,0,2,5,0,0,10.781219212908079,0,0,15,0,0,0.0,0,16.2,1.4,0.12,Dropout
2,40,1,7981,0,14,134.5,1,35,38,10,5,149.6,0,0,0,0,1,0,17,0,0,5,6,0,9.345235979775397,0,0,11,0,5,0.0,0,8.7,2.9,-1.94,Dropout
1,36,1,9227,1,5,132.2,1,35,36,8,11,102.3,0,0,1,0,1,0,31,0,9,5,0,0,0.0,0,0,5,0,0,0.0,1,13.7,2.9,3.29,Dropout
1,6,1,9242,1,1,135.2,1,36,38,12,6,114.2,1,0,0,0,0,0,29,0,0,6,10,16,11.5666237090302,0,0,17,9,0,0.4574509751751766,0,7.6,1.5,-4.06,Dropout
1,39,5,9111,0,1,142.3,1,36,37,9,190,131.5,0,0,0,1,1,0,19,1,0,7,8,5,13.43728574871346,0,1,8,9,6,11.58850196561575,0,13.0,0.9,1.73,Dropout
1,41,1,7565,1,1,184.4,1,44,36,11,6,129.9,0,0,0,0,1,0,19,0,0,5,4,0,10.01429380161404,0,0,5,4,0,12.094234961937277,0,16.2,-0.8,0.47,Dropout
1,19,4,9431,1,1,131.7,1,38,1,5,0,95.0,1,0,0,1,0,1,19,0,0,7,8,6,11.678525418542307,0,1,6,8,6,14.754578797767419,0,12.9,0.7,0.11,Graduate
1,40,2,8807,1,35,173.0,1,37,1,10,9,115.3,0,0,1,1,1,0,19,0,0,5,5,3,13.64161700462055,0,0,6,8,0,9.84546785131338,0,15.7,-0.6,-1.88,Dropout
1,18,1,8624,1,1,136.4,1,5,2,2,11,109.8,0,0,0,1,1,0,19,0,0,6,9,7,14.29087376456584,0,0,6,8,1,13.744388336719293,0,8.2,1.5,0.26,Dropout
1,41,1,9092,0,17,123.4,1,37,37,12,195,123.6,0,0,0,1,0,1,20,1,0,5,9,3,10.183411943261067,0,0,6,5,4,0.0,0,16.0,0.4,-1.83,Enrolled
1,18,1,8958,1,1,136.4,1,38,4,11,8,103.2,1,0,0,1,0,0,19,0,0,6,11,7,13.712902238810566,0,0,0,9,0,11.555515334782873,0,9.8,2.9,0.01,Graduate
1,38,1,9283,1,1,136.1,1,36,1,8,4,128.0,0,0,0,1,0,0,17,0,10,7,8,2,17.566368517177686,0,0,8,8,2,11.443986671284495,0,12.7,3.7,-1.63,Dropout
2,39,1,8522,1,1,128.4,1,35,39,3,94,127.6,0,0,0,1,0,0,17,0,0,5,0,3,0.0,0,0,8,8,0,11.15074747807491,0,11.5,-0.6,0.03,Dropout
2,38,1,9067,1,6,129.9,1,36,37,9,1,109.6,0,0,0,0,1,0,36,0,0,5,1,0,16.34615420480372,0,1,5,6,0,14.550919925278569,0,13.5,3.7,-4.06,Dropout
1,18,1,9775,1,4,128.9,1,1,1,7,7,131.8,0,0,0,0,1,0,18,0,0,5,0,0,13.196125821287502,0,0,5,5,2,15.629822750186946,0,13.0,1.3,0.82,Dropout
1,8,2,9076,1,1,172.8,1,38,37,10,2,111.0,1,0,0,1,0,1,18,0,0,6,8,4,16.538866741798493,0,0,5,12,6,9.49331702277016,0,12.7,0.3,0.9,Graduate
1,2,2,9041,1,1,154.2,1,36,1,6,8,106.0,1,0,0,1,0,0,18,0,0,6,8,7,15.473386789766318,0,0,7,11,6,13.10067238320867,0,16.0,1.6,-1.72,Graduate
1,44,1,9415,1,1,132.2,1,37,20,11,7,132.1,0,0,0,1,0,0,18,0,0,5,8,5,9.909937251608463,0,1,6,11,6,10.038416659845971,0,11.2,2.7,-1.7,Graduate
1,41,1,33,0,43,132.2,1,37,38,10,6,142.0,0,0,1,0,1,0,43,0,0,5,0,0,0.0,0,0,2,0,0,0.0,0,16.2,2.8,-1.28,Dropout
1,16,1,9293,1,1,116.4,1,1,1,8,9,121.8,1,0,0,1,0,1,19,0,0,7,5,6,14.003357956910385,0,0,6,10,7,10.223038162813165,0,9.2,0.7,0.77,Graduate
1,17,2,8885,1,1,129.6,1,1,3,8,8,120.5,1,0,0,1,0,1,19,0,0,7,6,8,10.691390679391702,0,0,8,8,6,12.9437592515465,0,12.7,3.7,1.75,Graduate
1,17,1,9821,1,1,137.8,1,39,38,8,9,108.2,1,0,0,1,0,0,18,0,0,7,9,7,12.12093820462135,0,0,13,18,13,15.65549104241999,0,11.2,0.7,1.92,Graduate
1,12,4,9248,1,1,137.8,1,1,35,0,7,95.0,1,0,1,0,0,0,30,0,0,5,10,5,13.385767293362846,0,1,5,7,1,0.172126889373471,0,16.2,1.5,0.26,Dropout
2,40,1,9529,1,1,115.0,1,40,28,9,1,106.7,0,0,1,0,1,0,31,0,0,6,8,0,0.0,2,0,5,6,0,0.16024447790538837,0,8.0,0.3,-1.75,Dropout
1,16,1,7671,1,1,136.5,1,39,38,6,5,106.3,1,0,0,1,0,0,19,0,0,7,6,7,9.27473086466128,0,0,16,8,2,13.146310647111772,2,16.2,1.3,-2.63,Enrolled
1,16,2,9417,1,1,118.0,1,40,37,4,9,128.2,0,0,0,1,0,0,19,0,0,6,8,5,8.628866379547354,0,1,5,8,7,13.33548285494044,0,7.6,-0.8,0.48,Enrolled
2,18,3,9973,1,41,135.7,1,1,37,9,5,132.7,0,0,0,0,0,0,21,1,0,5,6,6,10.16748836932703,0,0,5,8,0,13.980242978240293,0,16.1,3.7,2.05,Dropout
1,1,3,9209,1,1,135.1,1,1,4,3,9,138.7,1,0,0,1,0,0,37,1,0,7,8,5,13.35014872090949,0,0,8,12,6,10.832979419991991,0,16.1,0.8,-0.72,Graduate
1,2,6,9060,1,1,136.4,1,1,37,9,1,122.6,1,0,0,1,0,0,37,0,0,7,8,0,15.31998285881377,0,0,12,8,5,11.671162844474054,0,12.9,1.5,-1.17,Graduate
1,57,1,9138,0,43,130.7,1,19,3,7,2,134.4,1,0,0,1,0,0,39,0,0,3,7,5,11.845510717547384,0,5,6,8,7,13.784332294723901,0,7.6,-0.6,-1.91,Enrolled
2,38,1,9244,1,1,139.9,1,36,36,8,10,136.9,0,0,1,1,1,0,18,0,0,5,5,2,0.0,0,0,5,4,0,0.0,0,7.8,1.4,-3.14,Dropout
1,43,2,9097,1,1,137.0,1,38,20,9,127,130.0,1,0,0,1,0,1,34,0,0,7,8,5,12.20462854629332,0,0,6,8,4,14.36073937104709,0,9.9,-0.7,1.61,Dropout
1,5,1,8109,0,1,128.2,1,37,1,8,4,114.3,0,0,0,1,1,0,18,0,0,5,5,0,12.244766487556765,0,0,5,7,0,0.0,0,16.1,1.6,0.76,Dropout
1,17,3,9711,1,1,133.6,1,1,37,5,10,131.8,0,0,0,1,0,0,18,0,0,8,8,7,11.660479245695445,0,0,6,9,6,15.141046661454402,3,12.4,0.6,-3.41,Enrolled
1,1,2,8936,1,8,136.0,1,39,37,9,8,103.9,0,0,0,1,0,0,35,0,0,12,13,5,15.167242093645978,0,0,12,7,6,10.722937508290329,0,16.1,-0.8,-3.02,Dropout
1,17,6,8983,1,1,128.4,1,37,39,11,8,107.5,1,0,0,1,0,0,19,0,0,8,7,6,11.502664613562807,0,0,6,7,7,12.517657567458977,0,13.0,-0.5,1.58,Graduate
1,39,1,9094,1,42,121.5,1,1,36,9,7,110.5,0,0,0,1,0,0,18,0,0,6,0,4,0.0,0,0,6,9,0,0.014015717432994578,0,16.2,1.4,0.3,Enrolled
1,18,5,8633,1,1,103.3,1,37,35,91,1,95.0,1,0,0,1,0,0,19,0,0,6,6,5,12.335451530584226,0,0,7,12,8,13.480151905827796,0,12.4,-0.5,-1.94,Graduate
1,45,1,9164,1,5,132.0,1,36,38,9,8,114.4,0,0,0,0,0,0,28,0,0,5,0,3,11.431536814673896,0,0,5,10,0,0.0,0,8.4,2.9,-1.25,Dropout
1,17,3,9422,1,1,131.4,1,38,20,0,11,132.2,1,0,0,1,0,0,19,0,0,6,7,6,10.281438550741502,0,0,8,7,6,11.094913959835049,0,14.5,-0.8,-1.1,Enrolled
1,19,1,9086,1,35,131.8,1,36,36,9,7,120.9,1,0,0,1,0,0,17,0,0,7,29,6,13.107113084287105,0,0,8,8,6,13.60379962178998,0,8.9,3.7,-1.88,Graduate
2,2,1,9101,1,38,124.1,1,38,37,10,9,99.7,0,0,0,1,0,0,21,0,3,5,7,3,11.540603546835719,0,4,5,9,1,11.705838910551751,0,12.6,3.7,0.53,Dropout
1,17,1,33,1,1,139.3,1,18,38,194,8,129.1,1,0,0,1,1,0,44,1,0,5,13,0,12.973424039144502,0,0,5,10,7,13.826618924140465,0,7.6,-0.7,0.25,Enrolled
2,43,1,9754,1,1,114.6,1,37,37,3,10,107.6,0,0,0,0,1,0,17,0,0,5,18,0,0.0,0,0,5,4,0,0.0,0,7.6,3.7,0.26,Dropout
1,39,1,9096,1,1,137.4,1,2,35,11,1,136.3,1,0,1,1,0,0,18,0,0,7,8,6,15.231510879038723,0,0,6,6,8,14.503339273893918,0,16.2,1.3,-3.1,Enrolled
1,17,1,9121,1,1,137.3,1,35,18,6,11,101.4,0,0,0,1,0,0,18,1,13,5,13,7,10.419399734817942,0,0,8,8,4,12.213664102089433,1,13.7,2.8,-1.66,Enrolled
1,1,6,9316,1,1,143.0,1,2,38,6,8,110.9,0,0,0,1,0,1,17,0,13,7,8,7,12.808749221809764,0,0,6,9,8,12.238557037480444,0,13.1,0.6,1.9,Graduate
1,16,2,8069,1,1,117.6,1,2,1,8,11,131.4,0,0,0,1,0,0,17,0,0,7,7,5,10.593281490424515,0,0,8,8,4,13.693651222245398,0,13.1,0.7,2.23,Graduate
1,18,2,9485,1,1,175.6,1,1,1,11,5,112.7,1,0,0,1,0,1,18,0,0,7,8,6,11.756765074926363,0,0,8,7,6,13.574478871099892,0,12.5,0.6,1.85,Graduate
1,1,3,9419,1,5,134.4,1,37,1,185,9,110.3,1,0,0,1,0,0,18,0,0,8,10,5,11.72923132749342,0,0,8,7,6,13.016949170670419,0,12.8,3.7,0.68,Graduate
1,2,3,9532,1,1,139.3,1,18,3,10,10,123.0,1,0,0,1,0,0,17,0,0,7,7,6,12.775699099968211,0,0,6,8,6,11.98415120566628,0,7.7,3.7,1.63,Graduate
1,18,1,8957,1,1,135.9,1,37,37,10,6,96.4,1,0,0,1,0,0,17,0,4,5,17,5,10.422674441926741,0,0,6,7,5,0.46059488809322213,0,12.6,1.3,-3.85,Enrolled
2,42,1,9306,1,43,143.3,1,38,37,6,11,115.1,0,0,0,1,0,0,21,0,0,6,8,2,9.37113524848153,0,0,7,0,6,12.955635020493766,0,13.9,0.6,3.51,Enrolled
2,16,1,1748,0,34,131.9,1,35,37,9,9,118.1,0,0,0,0,1,0,18,0,0,5,12,0,0.0,0,0,5,4,0,0.0,0,7.6,1.5,0.12,Dropout
2,18,1,9544,1,1,132.4,1,18,3,7,4,106.2,1,0,0,0,1,0,18,0,0,8,1,13,15.243838504741797,0,3,7,7,7,14.868846045793628,0,16.2,0.8,0.13,Enrolled
2,43,1,9618,1,1,146.5,1,35,39,7,6,153.7,0,0,0,0,1,0,33,0,0,5,0,12,0.0,0,0,5,0,4,0.0,0,16.2,1.4,-1.33,Dropout
1,17,1,7764,1,2,130.3,1,36,1,9,4,150.0,0,0,0,0,0,0,17,0,0,12,8,5,10.139329130839528,0,0,8,6,0,0.9268562742983536,0,7.6,0.7,0.47,Dropout
1,40,1,9586,1,1,134.1,1,1,37,6,0,101.0,0,0,0,0,1,0,20,0,0,6,7,0,0.0,0,0,5,4,0,11.34222712240032,0,12.7,3.0,0.46,Dropout
2,17,2,9231,1,1,150.1,1,18,1,1,9,125.0,0,0,0,1,0,1,18,0,0,5,12,6,16.024298188696815,0,0,8,7,5,10.764526844003417,0,8.1,-0.1,2.01,Graduate
1,1,2,9220,1,1,135.3,1,1,36,7,8,128.8,1,0,0,1,0,1,18,0,0,6,8,5,17.434721910013433,0,0,8,8,6,15.20162374735482,0,11.4,1.5,0.69,Graduate
4,18,3,9053,0,1,131.4,1,37,38,8,9,138.4,0,0,0,1,0,1,25,0,0,5,5,6,0.0,0,0,6,4,0,0.0,0,11.3,1.3,1.62,Dropout
1,17,5,9143,1,1,142.1,1,4,2,6,7,122.2,1,0,0,1,0,1,20,0,2,7,11,6,13.158925899304387,0,0,5,10,6,13.665422785112863,0,12.4,1.5,-3.99,Enrolled
2,40,1,8006,0,1,132.2,1,34,36,10,6,123.5,0,0,0,0,1,0,29,0,0,5,9,0,0.0,0,0,5,0,0,0.14597857189926117,0,16.2,-0.6,1.81,Dropout
1,1,2,9092,1,1,131.7,1,4,1,6,7,102.1,1,0,0,1,0,0,17,0,0,7,7,6,15.125395377302006,0,0,8,7,6,17.016236252679924,0,9.2,0.7,0.49,Graduate
1,17,1,9439,1,16,119.7,1,38,37,6,7,123.2,0,0,0,1,0,0,21,0,0,5,24,14,0.18535072259471685,0,15,6,7,0,13.034908740442582,0,12.6,3.7,1.58,Dropout
1,1,1,9620,1,1,142.0,1,1,38,10,11,127.8,1,0,0,1,0,0,19,0,0,7,8,20,16.594220961355816,0,2,8,7,10,14.624538116876096,0,16.2,-0.6,-2.22,Dropout
1,18,4,9284,1,1,122.5,1,39,36,12,7,122.9,1,1,0,1,0,1,17,1,0,6,8,0,9.269782102795965,0,0,8,9,6,11.710236985482414,0,13.8,0.5,1.91,Graduate
1,16,3,8833,1,1,139.8,1,2,36,8,8,125.1,1,0,0,1,0,0,17,0,0,6,8,5,0.0,0,0,7,8,6,9.58964301524304,0,8.0,1.4,2.03,Graduate
1,41,4,9113,1,2,135.5,1,37,39,7,0,108.6,0,0,0,0,1,0,42,1,0,5,8,0,10.140598231307932,0,0,7,8,6,0.0,0,7.8,3.7,-4.06,Dropout
2,39,1,33,0,1,133.8,1,1,37,10,7,107.0,0,0,0,1,0,0,27,0,0,7,12,0,0.0,1,0,7,0,0,0.0,0,14.4,-0.3,-3.15,Dropout
1,18,2,9136,1,1,114.6,1,1,35,7,6,128.0,1,0,0,1,0,0,17,0,0,6,8,5,14.180823096439847,0,0,6,9,4,13.557836325563377,3,10.0,0.8,2.09,Graduate
1,1,2,9317,1,1,133.6,1,3,1,11,9,125.3,1,0,0,1,0,0,19,0,0,7,7,4,13.101226654417124,0,6,7,9,6,14.957140594799174,0,12.6,2.7,-0.73,Graduate
1,38,1,9161,1,1,130.2,1,35,29,8,119,114.0,0,0,0,1,1,0,18,0,3,5,9,0,10.804532674259594,0,0,8,8,6,9.826923923895906,0,12.6,2.9,3.51,Enrolled
2,1,1,9849,1,32,132.3,1,38,2,7,11,168.5,0,0,0,1,1,0,17,0,0,7,25,7,10.132994276102362,0,0,6,0,2,11.900113905764094,8,14.4,3.7,-1.93,Dropout
1,18,1,8944,0,5,140.4,1,1,38,9,12,104.2,1,0,0,1,0,0,17,0,12,6,6,0,9.87816300287125,0,0,7,14,3,11.624712131407156,0,7.6,0.8,0.17,Enrolled
4,18,1,7773,0,38,136.0,1,36,38,6,118,143.8,0,0,0,0,1,0,23,0,0,5,9,0,0.0,0,0,5,0,0,0.0,0,16.1,3.0,2.07,Dropout
1,2,3,9183,1,1,120.2,1,36,38,6,6,166.9,1,0,0,1,0,0,17,0,0,6,8,5,9.887623503094186,0,0,8,8,8,14.12516553915756,1,11.1,1.6,2.26,Graduate
1,12,1,9991,1,1,131.1,1,35,39,11,2,141.9,1,0,0,1,0,0,18,1,0,6,31,1,8.808344490500522,0,0,6,8,6,14.068058945806703,0,14.1,2.6,-4.06,Enrolled
4,42,5,9687,1,33,128.7,1,34,37,9,6,122.4,0,0,0,0,1,0,19,0,1,5,7,3,0.0,0,0,5,8,6,1.1444366275286268,2,14.0,2.7,1.74,Dropout
4,38,1,8791,1,1,132.3,1,36,36,8,8,126.8,1,0,0,1,0,0,17,0,0,7,8,7,9.679802147440054,0,0,8,20,6,11.163880209423624,0,10.6,0.7,0.42,Graduate
1,17,2,9001,1,1,137.5,1,4,1,8,10,126.8,1,0,0,1,0,0,17,0,0,7,6,5,14.398719773034038,0,0,8,11,6,15.844674296555118,0,11.0,0.7,2.03,Graduate
1,19,1,9090,1,1,119.4,1,3,39,8,0,126.7,1,0,0,1,0,0,18,0,0,6,7,6,10.277590261201864,0,0,8,8,6,11.038075863727899,0,13.0,3.7,2.09,Graduate
1,19,1,9262,1,1,131.7,1,44,33,8,13,118.8,0,0,0,1,0,0,17,0,0,6,6,2,10.07662360893516,2,0,6,0,4,12.33799560285248,0,13.9,-0.8,0.06,Dropout
2,39,5,7767,1,1,136.6,1,38,38,116,6,105.2,0,0,0,0,1,0,43,0,0,5,0,0,0.0,0,0,5,4,0,15.72499708551073,0,11.4,0.4,-1.87,Dropout
1,1,4,9153,1,39,135.1,1,3,37,7,8,145.2,1,0,0,1,0,0,17,0,0,6,7,7,10.776540484644784,0,0,6,11,6,16.13450458217671,0,12.5,0.8,-3.56,Graduate
1,16,1,8874,1,1,120.7,1,35,19,8,9,124.2,0,0,0,1,0,0,17,0,0,6,16,5,14.008632672641529,0,0,6,7,10,14.283442002293468,0,16.2,0.8,-4.06,Dropout
1,3,1,33,1,4,126.4,1,19,36,9,5,113.8,0,0,0,1,1,0,17,0,0,11,25,1,12.223672225732852,0,2,8,12,0,11.88361661052132,0,7.6,2.8,1.78,Dropout
1,19,0,9544,1,1,121.5,1,20,36,0,7,133.8,0,0,0,1,0,1,17,0,6,6,8,6,11.24139002836442,0,0,6,5,6,12.526353510816792,0,16.2,0.7,0.33,Graduate
1,16,1,9024,1,39,130.0,1,37,37,8,6,120.1,0,0,0,0,1,0,19,0,0,5,5,0,0.0,0,0,8,0,5,13.153273110498615,0,14.2,3.7,-3.3,Dropout
1,1,1,33,1,1,134.6,1,30,34,11,11,169.4,0,0,0,1,0,0,17,0,0,7,8,5,9.505244574212023,0,0,5,9,4,0.0,0,7.8,2.8,-3.32,Dropout
1,41,1,9552,1,4,141.7,1,36,37,11,3,107.6,0,0,0,0,0,0,18,0,0,7,24,5,12.18010648798675,0,0,8,5,10,0.25751805232722574,0,8.0,-0.8,-4.06,Graduate
1,45,1,9046,1,1,117.6,1,37,33,4,10,132.4,1,0,0,1,0,0,19,0,0,6,5,3,15.865753363977404,0,0,5,9,0,13.341182341512047,0,15.3,1.5,3.51,Graduate
1,8,1,9462,1,1,140.0,1,35,4,2,1,132.5,1,0,0,1,1,0,17,0,12,8,7,3,10.451489036333708,0,1,5,7,0,14.31508757268928,0,9.8,1.4,0.57,Enrolled
1,19,1,8826,1,2,121.1,1,37,38,194,0,147.1,0,0,0,1,0,0,26,0,0,1,7,4,12.015826573726287,0,0,6,8,4,12.967670849391334,6,12.9,2.6,-4.06,Dropout
1,1,4,8986,1,1,142.1,1,3,11,144,9,98.6,0,0,0,1,0,0,20,0,0,6,9,3,13.680842792690052,0,0,6,6,3,0.05615694395948122,0,13.0,1.4,-4.06,Dropout
2,1,5,33,1,6,117.8,1,35,36,11,9,116.3,0,0,0,1,1,0,17,0,0,5,9,0,0.0,0,0,5,0,0,0.0,0,8.3,2.7,2.98,Enrolled
2,17,1,9552,1,43,137.4,1,37,20,11,6,110.8,0,0,0,0,1,0,55,0,0,5,7,0,9.198305377721574,0,0,15,9,0,10.839019872717687,0,7.9,1.4,-3.76,Dropout
4,17,4,9252,1,1,142.0,1,36,37,10,10,108.0,1,0,0,1,0,0,19,0,0,7,8,5,12.50597523399613,0,0,6,8,6,17.420211918546208,0,14.2,0.7,-3.99,Graduate
1,18,3,8918,1,16,127.3,1,37,38,6,85,152.7,0,0,1,0,1,0,18,0,0,7,7,4,12.080442636873856,1,0,7,11,8,11.218927776817258,0,13.0,0.1,0.61,Dropout
2,39,1,9762,0,16,102.1,1,38,38,11,4,128.8,0,0,1,0,1,1,33,0,0,7,0,0,0.0,0,0,5,9,0,0.6891675708892872,0,12.7,-0.5,0.01,Dropout
1,44,4,9575,1,1,95.0,1,36,38,10,4,122.7,0,0,0,1,0,0,17,0,0,5,6,4,13.498830973634663,0,1,6,8,8,13.49323689598278,1,12.1,-0.2,2.1,Graduate
1,44,1,9007,0,13,133.5,1,39,38,8,11,122.5,0,0,0,1,1,0,18,0,0,0,7,2,11.734225002635876,0,0,5,0,5,0.7084529144851536,0,7.8,-0.4,-1.91,Dropout
4,18,1,33,0,1,127.6,1,19,36,194,3,122.5,0,0,0,1,0,0,19,0,0,7,6,4,11.13528345506215,0,0,7,5,4,14.561221636065813,0,12.3,0.8,0.4,Graduate
1,17,1,9033,1,3,128.9,1,19,37,7,6,113.3,0,0,1,0,1,0,19,0,0,6,9,5,9.327078439092693,0,0,6,8,4,0.056819127917860465,0,14.5,3.0,1.6,Dropout
2,17,2,395,1,6,133.5,1,2,2,5,7,124.0,0,0,0,1,0,0,27,0,0,6,15,5,9.828905639199297,0,0,5,8,2,9.794773989278546,0,7.6,2.6,-1.01,Graduate
1,1,4,9072,1,1,113.9,1,36,37,6,9,115.2,0,0,0,1,0,0,19,0,0,7,8,5,12.82871943438214,0,0,8,7,6,14.080549034540768,4,11.0,-0.7,0.54,Enrolled
2,17,5,9618,1,1,184.7,1,38,1,8,8,122.3,0,0,0,1,0,0,18,1,0,6,7,4,11.861650816498583,5,0,8,7,3,0.0,0,12.5,-0.8,-1.28,Graduate
1,40,1,9583,1,20,134.0,1,1,37,6,9,117.8,0,0,0,1,1,0,19,0,0,5,4,0,0.0,1,0,5,6,0,0.0,0,11.1,3.0,0.37,Dropout
2,41,1,7794,1,18,129.2,1,35,37,73,8,95.0,1,0,1,0,1,0,18,0,0,5,5,0,12.943422683866842,0,0,6,11,0,0.0,0,12.9,1.5,-0.05,Dropout
2,37,1,8904,1,40,115.0,1,1,1,9,11,124.3,1,0,0,1,0,0,17,0,0,7,6,4,11.71853143295769,0,0,7,7,4,13.263565200537979,1,10.8,-0.4,-1.47,Dropout
1,2,4,8922,1,1,143.6,1,4,3,10,68,126.1,1,0,0,1,0,1,18,0,5,6,10,7,11.51895798010509,0,0,6,8,6,17.268143119340056,0,13.0,0.8,1.9,Graduate
1,1,2,9004,1,1,136.3,1,36,1,9,9,100.1,0,0,0,1,0,0,17,0,0,7,8,6,11.458047058595623,0,0,8,9,5,13.322793260602532,0,12.9,-0.7,-2.04,Graduate
1,16,1,9958,1,1,148.1,1,28,1,8,10,121.1,0,0,0,1,0,0,25,0,0,5,15,5,12.353028168953951,0,0,6,10,0,13.8232677754739,0,12.4,0.4,0.88,Dropout
1,19,3,9142,1,1,124.8,1,37,1,9,0,119.8,1,0,0,1,0,1,18,0,0,7,10,5,12.978079467861557,0,0,8,9,5,12.395744397695236,0,12.8,0.7,-2.89,Graduate
1,18,1,9298,1,36,141.1,1,37,40,4,0,139.8,1,0,0,1,0,0,38,0,0,0,8,3,10.543547433980937,0,0,15,11,0,13.520969328331912,0,16.2,3.6,-3.66,Graduate
2,47,1,9376,1,1,129.7,1,38,37,9,2,119.7,0,0,0,1,0,0,22,0,0,5,5,0,0.0,0,0,6,0,0,0.0,0,11.4,3.3,1.11,Dropout
1,40,1,9679,0,1,122.9,1,35,38,10,12,100.6,0,0,0,0,1,0,52,0,0,7,8,0,9.954643446768882,0,0,5,5,0,0.0,0,11.3,2.8,0.14,Dropout
3,40,3,9057,1,39,128.5,1,38,2,10,6,115.7,1,0,0,1,1,0,23,0,0,5,11,6,0.0,0,0,5,6,4,0.0,0,16.2,1.4,-1.15,Enrolled
1,18,1,8868,1,1,124.1,1,2,38,8,8,126.6,0,0,0,1,0,0,26,0,0,7,7,4,9.688266953613791,0,0,6,9,4,12.082855459021578,0,12.5,3.6,-2.14,Graduate
1,3,5,9046,1,1,111.5,1,19,38,7,9,120.2,1,0,0,1,0,1,18,0,0,7,6,6,12.164906958637546,0,0,8,10,6,9.988817543684176,0,12.3,-0.6,1.74,Graduate
1,40,1,9012,1,1,134.3,1,39,42,11,10,114.1,0,0,1,0,0,0,21,0,0,0,0,0,9.44353232480518,0,0,5,8,0,0.0,0,8.0,-0.8,-2.11,Dropout
1,19,1,9029,0,4,134.5,1,37,37,6,2,100.9,0,0,0,0,0,0,18,0,16,5,1,6,0.0,0,0,6,7,4,12.409862002612224,0,8.2,2.5,0.54,Enrolled
1,1,3,9386,1,1,129.7,1,38,40,8,6,113.1,0,0,0,1,0,1,17,0,0,7,8,7,8.984634523858452,0,0,5,7,6,12.640062616689653,0,14.3,0.4,1.69,Enrolled
6,42,1,9693,1,1,151.7,1,36,35,7,6,123.4,0,0,0,0,1,0,20,0,2,5,7,3,13.013462582848044,0,0,5,7,0,0.0,1,15.9,1.5,-1.81,Dropout
1,17,2,8978,1,1,123.1,1,20,1,9,13,117.7,1,0,0,1,0,0,18,0,0,6,7,8,10.604282632215234,0,0,6,7,7,14.159574712177253,0,7.6,1.5,-3.3,Graduate
1,41,2,9268,1,1,148.9,1,1,2,4,7,128.6,0,0,0,1,0,0,18,0,0,11,7,6,9.919340784477617,0,0,8,8,7,10.07187616315639,0,9.8,1.6,1.64,Graduate
4,16,5,9667,1,1,153.9,1,35,38,6,6,105.9,1,0,0,1,0,0,22,0,0,7,8,6,9.20227799205286,0,0,6,6,6,14.157998606314091,0,14.3,-0.5,-1.12,Graduate
1,18,1,9237,1,43,126.4,1,1,2,8,5,150.4,0,0,0,1,1,0,34,0,0,16,7,3,8.854673611954192,0,0,8,10,12,0.0,0,14.9,-0.6,0.18,Dropout
1,40,3,9187,1,1,146.6,1,36,36,9,2,120.5,1,0,0,1,0,0,19,0,1,6,0,0,11.098970452309917,0,0,8,9,6,0.3945212885456322,0,7.6,0.9,1.65,Enrolled
1,42,1,9066,0,1,118.4,1,35,36,11,11,134.3,0,0,1,1,1,0,18,0,3,5,5,0,15.12452059101193,0,0,8,7,6,9.833449819794497,0,12.7,0.6,-0.73,Enrolled
1,38,2,8927,1,1,131.4,1,36,30,10,8,144.7,0,0,0,1,0,0,26,0,0,7,7,7,12.368417632243585,0,0,5,11,6,13.355175888350274,0,11.1,2.8,0.92,Enrolled
1,16,1,9209,1,1,139.8,1,3,36,4,6,135.6,1,0,0,1,0,0,17,1,0,7,7,6,13.850905265965357,0,0,5,5,7,14.347462028811949,0,9.9,-0.8,-4.04,Enrolled
1,1,1,9801,0,1,134.8,1,36,19,9,7,116.5,1,0,1,1,0,0,25,0,0,11,12,5,10.985348646246177,0,0,8,4,8,0.9174763752389985,0,15.5,-0.8,2.98,Dropout
1,36,1,9076,1,1,147.4,1,38,2,7,11,96.0,0,0,1,1,1,0,18,0,0,5,8,5,0.885666714781566,0,0,8,6,6,12.844801596341513,0,14.1,0.3,0.77,Graduate
1,1,1,8947,1,1,129.2,1,38,37,12,9,129.6,0,0,0,1,0,0,19,0,0,13,7,5,14.1651131697595,0,0,8,8,7,13.946901142516026,0,10.6,-0.5,2.11,Graduate
1,1,5,9346,1,36,126.2,1,2,37,10,10,123.6,1,0,0,1,0,1,17,0,0,8,8,5,15.603720278277542,0,0,6,7,7,14.762318279406992,0,7.8,0.5,1.75,Graduate
1,17,3,8912,1,1,111.5,1,1,18,6,11,137.3,1,0,0,1,0,1,18,1,0,7,8,6,14.899130224715964,0,0,6,8,6,13.415922994328184,0,11.3,3.7,2.1,Graduate
1,17,1,9186,1,1,121.5,1,39,36,11,11,122.9,0,0,0,1,0,0,18,0,0,6,10,7,18.05825468102093,0,0,15,7,1,15.87913051877775,0,15.9,2.9,-3.33,Graduate
1,19,2,9182,1,1,125.1,1,4,1,7,6,111.7,0,0,0,1,0,0,17,0,0,7,7,7,11.758739746140067,0,0,16,1,5,15.479973128060019,0,7.7,1.4,-3.43,Graduate
1,1,1,9365,1,1,133.7,1,4,20,10,9,131.8,1,0,0,1,0,0,17,0,0,7,10,13,10.106134276509408,0,0,5,11,4,15.501128832762735,0,12.6,1.5,1.93,Enrolled
1,18,1,9161,1,1,137.5,1,3,39,9,8,98.4,1,0,0,1,0,0,18,1,0,8,27,1,0.7503706300287202,0,2,6,7,2,13.05859006760243,0,12.6,1.6,1.99,Dropout
1,1,2,8903,1,1,142.0,1,19,39,0,13,95.4,1,0,0,1,0,1,19,0,0,8,7,6,15.26525972556383,0,0,8,8,6,15.261104118431797,0,16.2,3.5,2.11,Graduate
1,17,1,7777,1,1,133.4,1,34,3,2,7,119.4,0,0,0,0,1,0,18,0,0,10,10,0,8.55817831858536,0,3,7,11,8,10.242532449656167,0,14.0,-0.3,1.97,Dropout
1,18,1,8642,1,1,118.5,1,3,38,10,106,113.4,1,0,0,1,0,1,19,0,0,7,13,2,11.123862889752111,0,0,8,0,18,12.352712850004284,0,11.2,3.7,0.1,Graduate
4,38,1,9309,0,1,128.9,1,40,36,10,6,124.9,1,0,0,1,1,0,22,0,0,5,17,6,10.130085175641668,1,0,7,7,9,12.359419394709782,0,11.0,1.5,1.48,Graduate
2,44,2,8602,0,1,107.5,1,37,4,7,4,109.4,0,1,0,1,0,0,25,0,13,5,17,7,0.0,0,0,6,14,8,11.927836589146008,0,7.6,2.6,0.6,Enrolled
1,1,1,9434,0,1,125.0,23,19,37,6,10,98.4,1,0,0,1,1,0,20,0,0,5,6,10,10.912640563305617,0,0,11,0,0,0.6775662791946172,0,9.0,1.5,-2.05,Dropout
1,1,6,9542,1,1,135.4,1,38,36,3,11,119.7,1,0,0,1,0,0,19,0,8,7,6,5,13.987067546879567,0,0,6,0,6,11.4661257825352,0,11.0,0.5,-1.18,Graduate
1,18,1,9465,1,1,123.7,1,1,7,11,6,124.3,0,0,0,1,0,0,17,0,0,8,4,6,12.972024598458606,0,0,8,8,5,11.776168585750732,0,16.2,1.5,-1.82,Enrolled
1,1,3,8862,1,1,164.5,1,19,1,9,7,113.7,1,0,0,1,0,1,18,0,0,6,8,6,14.941815421498347,0,0,6,8,6,17.162194220044796,0,12.6,1.5,1.81,Graduate
2,16,1,9001,1,1,129.7,1,38,38,90,11,129.3,0,0,0,1,0,0,33,0,1,0,0,5,8.475346943826633,0,0,5,0,0,10.118553644278975,1,8.1,3.0,0.22,Dropout
1,6,1,8915,1,1,171.8,1,1,21,9,2,127.1,1,0,0,1,0,0,17,0,0,6,7,5,12.992901847555963,0,0,14,7,6,14.120307879617297,0,9.6,3.7,0.47,Graduate
2,38,1,9202,0,22,138.8,1,38,2,3,7,104.9,0,0,0,0,1,0,41,0,0,5,0,0,0.0,0,0,5,4,0,0.5754735031469616,0,16.2,0.7,-1.94,Dropout
2,44,3,9359,1,2,130.8,1,1,3,8,5,143.8,0,0,0,1,1,0,17,0,0,5,13,6,11.218747538233599,1,0,9,10,2,13.600590470548111,0,11.1,3.7,1.6,Enrolled
2,36,6,9092,1,1,144.1,1,37,38,7,12,128.0,0,0,0,1,0,0,28,0,0,8,8,0,10.082952131013606,0,0,5,0,0,0.0,0,7.6,-0.8,-0.96,Dropout
2,42,1,7847,1,2,132.8,1,35,37,8,1,139.8,0,0,0,1,1,0,28,0,0,7,6,6,11.515309104109319,0,0,5,7,3,0.623207370674032,0,12.9,-0.6,0.64,Dropout
1,42,1,9503,1,1,136.2,1,37,1,9,9,110.7,0,0,1,1,0,0,32,0,0,6,10,6,16.693939140169256,0,0,5,7,3,12.93344813547292,0,13.0,0.6,0.45,Enrolled
1,17,2,9233,1,1,139.8,1,36,37,1,10,153.9,1,1,0,1,0,0,21,0,0,7,6,6,11.343092157470346,0,5,7,7,7,14.01565131570546,0,15.7,3.1,0.1,Graduate
1,19,2,8920,1,2,130.7,1,36,38,5,10,102.2,1,0,0,1,0,1,18,0,0,7,5,6,12.11734663464839,0,0,8,8,6,13.101120178940816,0,12.9,3.7,0.12,Graduate
1,15,3,9077,1,1,114.8,1,1,36,11,11,95.0,0,0,0,1,0,0,22,0,0,5,7,5,10.354755756112441,0,1,5,5,5,10.807578239475749,0,15.0,3.7,0.55,Dropout
4,47,2,9447,1,1,140.5,1,19,36,8,7,130.0,0,0,0,1,0,0,28,0,0,10,5,3,0.0,0,0,6,9,8,9.993742943331675,0,16.2,-0.1,-4.06,Graduate
1,38,1,8971,1,1,131.6,1,36,37,7,7,101.6,0,0,0,1,0,0,17,0,0,6,11,5,12.4214941593386,0,0,8,21,6,0.9344816465450404,1,15.7,-0.0,-3.79,Dropout
1,2,1,9013,0,1,148.1,1,37,1,11,2,123.4,0,0,0,1,0,0,34,0,2,6,11,5,12.46278638010802,1,0,1,9,8,14.581265120245853,0,16.0,0.5,3.51,Dropout
5,18,5,9247,1,5,124.3,1,1,36,2,2,122.9,1,0,0,1,0,0,29,0,0,6,5,5,12.448356703818265,0,0,8,11,6,9.695372701808994,0,15.1,1.4,0.98,Dropout
5,17,1,9003,1,1,124.7,1,1,35,0,8,120.3,1,0,0,1,0,0,17,0,0,5,7,13,12.311536315093337,0,0,6,9,8,10.343416562866139,0,11.6,0.5,1.49,Graduate
1,1,3,9206,1,1,138.2,1,37,1,1,11,115.9,1,0,0,1,0,0,18,0,0,7,8,6,11.028134744774928,0,0,6,10,6,12.588248985044086,0,12.8,0.5,-0.64,Graduate
1,44,1,9296,1,1,135.0,1,38,37,11,7,139.6,1,0,1,1,0,0,18,0,6,7,10,4,10.892543701993997,0,0,5,0,0,12.30259884632311,0,9.8,1.5,-4.06,Dropout
1,16,2,9103,1,1,117.6,2,2,3,9,7,129.9,0,0,0,1,0,0,17,0,0,6,7,7,14.625594425034114,0,0,8,7,6,17.359612872714255,0,9.7,1.5,-1.96,Graduate
1,41,1,9158,1,1,126.4,1,36,37,10,4,134.1,1,0,0,1,1,0,23,0,0,6,8,5,12.225942486887734,0,0,6,1,0,12.951772462861614,0,13.8,-0.6,1.85,Dropout
2,18,1,9315,1,16,133.1,1,35,37,8,1,126.6,0,0,1,0,1,0,31,0,0,5,0,0,0.0,0,0,5,12,0,0.0026650389056379203,0,7.6,1.6,-1.93,Dropout
1,16,1,9184,0,19,127.3,1,36,20,1,2,133.5,0,0,0,1,1,0,20,0,0,6,8,2,12.979864179857469,3,0,6,4,0,0.26692518265482185,0,9.2,1.4,-1.15,Graduate
4,3,1,9095,1,37,171.6,1,36,37,11,0,113.8,1,0,1,1,0,0,56,0,0,6,6,1,13.678242084230803,0,0,5,8,5,0.3971234046536337,0,16.2,2.8,-1.31,Enrolled
1,47,1,9330,1,16,120.5,1,37,36,2,6,127.0,1,1,0,1,0,0,17,0,3,5,7,3,13.111078534067044,0,0,8,9,3,13.74740263469466,0,10.9,0.6,3.51,Graduate
4,2,5,7532,1,1,128.1,1,2,19,10,8,124.0,0,0,0,1,0,1,18,0,5,7,8,7,10.777874528704185,0,1,6,10,6,13.821357393555287,0,16.2,-0.1,-2.0,Graduate
1,39,5,9034,0,1,138.3,1,38,30,11,1,151.8,1,0,0,1,0,0,18,1,0,7,7,4,9.636118953641605,0,1,19,7,12,0.5646191041976423,0,9.0,3.7,0.76,Dropout
1,38,1,9142,0,1,114.9,1,1,36,7,178,141.9,0,0,0,0,1,0,20,0,0,5,10,3,10.619727557261726,0,1,1,0,0,14.643558117186076,1,14.3,1.5,0.14,Dropout
1,19,6,8887,1,1,133.0,1,36,37,11,9,126.2,1,0,0,1,0,0,19,0,0,5,7,5,14.94010697787682,0,6,6,8,6,11.124150322876545,0,11.1,1.5,1.85,Graduate
1,2,3,9197,1,4,170.6,1,19,19,6,9,102.1,1,0,0,1,0,0,19,0,0,5,7,5,12.878772968169399,2,0,5,8,0,13.525870269562695,0,13.9,1.5,1.56,Enrolled
1,41,5,9276,1,2,127.8,1,37,37,9,9,114.4,0,0,0,1,1,0,49,0,1,8,7,6,15.183049371316567,0,0,8,6,6,9.513650260352183,0,7.8,-0.5,0.36,Graduate
1,1,1,9518,1,1,154.2,1,3,38,7,9,115.6,0,0,1,1,0,0,17,0,0,7,4,5,11.1154400607746,0,0,15,7,6,10.658943495802875,0,12.8,-0.3,0.28,Graduate
1,16,2,9664,1,1,141.6,1,3,36,9,6,116.1,1,0,0,1,0,0,19,0,0,8,8,6,13.944947410969204,0,0,6,8,3,13.68350221585433,0,14.3,-0.5,-1.58,Graduate
1,43,4,8836,0,1,135.8,1,39,35,12,11,97.7,1,0,0,1,0,0,18,0,0,7,7,5,11.987883956281477,0,0,7,7,6,13.573048664332639,1,12.8,-0.3,-1.32,Graduate
1,17,6,9099,1,38,108.3,1,40,39,7,9,127.4,0,0,0,1,0,1,18,0,0,6,7,5,10.623399230385237,0,0,6,6,7,13.840375392721732,0,11.2,0.8,2.82,Enrolled
1,1,3,8966,1,1,137.7,1,35,18,9,9,117.8,1,0,0,1,0,0,18,0,0,7,8,5,15.5801232388215,0,0,6,8,6,10.565049212539314,0,12.7,3.7,3.28,Graduate
1,16,4,9182,1,1,137.1,1,38,38,114,10,102.3,1,0,0,1,0,1,17,0,0,7,7,14,9.434220314705664,0,0,6,8,4,14.0010494427097,0,10.9,1.4,-2.96,Graduate
2,40,1,9110,0,43,121.2,1,37,38,11,4,124.8,0,0,1,1,0,0,28,0,0,8,5,0,0.0,0,0,1,4,0,0.0,0,10.9,0.9,-2.0,Dropout
1,40,1,9159,0,2,135.4,1,1,38,10,12,145.5,0,0,0,1,0,0,17,0,0,6,8,3,9.461390810433313,0,0,5,4,4,10.715011450270532,0,10.7,1.4,-1.08,Dropout
1,39,1,9352,0,40,137.6,1,37,19,9,11,154.3,0,0,0,1,1,0,33,0,8,5,0,0,0.0,0,0,11,0,0,0.0,0,11.1,0.7,-1.47,Dropout
1,19,1,9091,1,1,122.4,1,20,20,4,5,120.7,1,0,0,1,0,0,17,0,9,11,8,5,9.546821715477156,0,0,8,5,9,13.637989376584938,0,12.9,1.4,1.95,Graduate
1,40,1,9487,1,37,138.4,1,36,36,7,10,123.3,0,0,0,1,1,0,20,0,0,0,5,0,11.562379685950006,0,0,15,8,2,12.750947476197263,0,11.3,-0.5,-1.09,Graduate
4,48,1,9991,1,12,136.0,1,1,37,8,2,149.5,0,0,0,1,1,0,45,0,0,5,7,2,12.83476960819012,0,0,5,0,0,0.0,0,16.2,-0.4,0.42,Dropout
1,18,2,9476,1,1,121.5,1,1,37,5,8,112.1,1,0,0,1,0,1,18,0,0,6,8,8,15.900147134587996,0,0,8,7,7,16.94619489623463,0,13.2,0.6,1.46,Graduate
1,38,1,9428,1,8,137.1,1,34,2,1,7,153.9,0,0,0,1,1,0,21,0,10,6,5,5,8.786869611131522,0,0,6,12,4,10.319837328740755,0,15.7,-0.8,-3.41,Dropout
1,17,2,9071,1,1,145.7,1,35,1,7,10,95.0,1,0,0,1,0,0,18,0,0,7,7,5,16.38474523383513,0,0,5,8,3,11.381663293421305,0,9.3,1.6,-1.25,Graduate
1,2,1,9357,1,1,137.2,1,39,39,194,10,123.8,1,0,0,1,0,0,18,0,13,6,8,6,12.877160598078525,0,0,8,8,6,16.369837147219258,0,14.1,-0.3,-1.98,Graduate
1,3,1,9124,1,2,137.9,1,35,29,4,10,95.0,0,0,0,1,0,0,18,0,0,8,5,3,0.9360833438814178,0,4,6,10,6,12.612165937818416,0,13.9,1.3,-1.1,Graduate
2,38,1,9303,1,1,129.2,1,18,37,7,11,114.6,0,0,1,0,1,0,20,0,0,5,0,0,0.0,0,0,5,0,0,0.0,0,7.7,1.4,0.22,Dropout
1,17,2,8968,1,1,155.9,1,1,36,10,0,123.9,1,0,0,1,0,1,19,0,0,8,7,6,13.636864017532487,0,1,6,7,6,10.500057236401062,0,16.2,0.9,-4.06,Graduate
4,41,1,9991,1,1,133.3,41,1,37,9,9,138.0,0,0,0,1,1,0,19,0,0,5,9,5,0.0,0,0,5,6,4,16.380594490005713,0,7.7,0.8,-1.6,Dropout
2,18,1,9341,1,2,160.1,1,38,37,10,129,104.3,0,1,0,1,0,0,21,0,0,5,10,3,0.0,1,0,5,9,6,12.61437814106621,1,12.4,0.9,-4.06,Graduate
1,2,2,9121,1,3,111.5,1,37,38,8,11,116.5,1,0,0,1,0,0,17,0,0,7,5,7,11.586904697052582,0,0,6,8,7,16.322318081461454,0,7.6,1.5,2.15,Graduate
1,42,6,8023,1,1,133.5,1,37,36,2,7,111.2,0,0,1,0,1,0,17,0,0,6,0,2,0.26797310535779667,0,0,7,5,0,0.24602807712001099,0,13.1,2.8,-2.0,Dropout
2,41,1,9270,1,1,156.1,1,35,39,9,4,125.6,0,0,1,0,1,0,23,0,0,7,14,4,0.0,0,0,5,5,8,0.0,0,11.4,3.6,0.65,Enrolled
2,39,1,9516,1,37,127.3,1,5,39,10,3,127.6,0,1,0,0,1,0,21,0,7,5,5,0,8.791357599623577,0,0,12,6,6,0.14246271688539774,0,9.3,0.6,0.62,Dropout
5,46,4,9173,1,1,109.4,1,19,36,0,2,123.1,1,0,0,1,0,0,17,0,2,7,6,4,11.73610355420649,0,0,5,10,4,16.355396102554714,0,9.9,0.7,1.57,Graduate
1,6,1,9407,1,1,127.3,1,2,36,11,12,131.8,1,0,0,1,0,0,17,0,0,19,12,9,14.352665060423684,0,0,23,8,8,11.160001642349144,0,7.6,-0.7,-3.47,Enrolled
1,17,1,7647,1,5,133.1,1,1,2,163,6,143.3,0,0,0,0,0,0,18,0,11,5,0,7,15.571637357320903,0,0,5,6,0,11.85780446572685,0,10.7,2.7,-4.06,Dropout
1,1,1,9521,1,1,145.4,22,17,38,7,6,121.6,1,0,0,1,0,0,21,0,5,10,6,4,14.844903129098025,0,0,8,12,1,11.86272008496407,0,16.0,-0.1,0.36,Graduate
1,16,4,9221,1,1,120.2,1,38,3,5,6,124.5,1,0,0,1,0,0,17,0,0,6,8,5,11.665879798793597,0,0,6,8,7,16.151120254563175,0,11.2,1.4,-3.47,Graduate
1,1,2,9052,1,1,128.8,1,4,36,11,195,113.5,1,0,0,1,0,1,17,0,0,7,8,5,14.191951082337972,0,0,6,7,6,15.028295974345799,0,16.2,0.9,1.65,Graduate
1,1,1,9061,0,1,164.0,1,37,39,11,0,125.3,0,0,0,0,0,0,20,0,0,7,14,6,8.719439352063542,0,0,12,8,11,14.627898250089796,0,12.4,-0.5,-1.31,Dropout
1,17,1,9054,1,1,143.0,1,1,36,6,7,124.8,0,0,0,1,0,0,19,0,0,5,8,6,9.251393221284966,0,0,8,9,6,13.347497263163763,0,8.2,-0.5,0.46,Graduate
1,38,1,9807,1,40,133.6,15,1,7,10,67,152.9,0,0,1,1,0,0,41,0,2,5,16,4,14.72263572224405,3,0,5,11,0,0.0,0,11.1,-0.6,0.33,Dropout
1,16,3,9196,1,1,130.8,1,1,21,9,7,97.9,1,0,0,0,0,0,18,0,0,7,8,6,9.960505929507512,0,0,6,10,6,12.061738356394766,0,16.2,3.7,1.53,Graduate
1,2,1,8945,1,1,135.4,1,4,36,9,11,129.2,1,0,0,1,0,0,18,0,0,7,8,6,15.979315481554904,0,0,8,8,6,15.12224415711105,0,14.1,0.9,1.49,Graduate
1,18,5,8888,1,1,159.9,1,37,1,11,7,107.0,1,0,0,1,0,1,18,0,0,8,8,7,14.280452563082306,0,0,8,10,6,12.92746047380475,0,12.4,0.9,1.77,Graduate
1,19,1,9487,1,1,141.9,41,37,36,7,12,143.6,1,0,0,1,1,0,17,0,0,5,7,20,10.346319370998284,0,0,8,8,5,9.753218485693495,0,12.7,1.4,1.59,Graduate
1,1,1,8929,1,43,137.1,1,1,37,12,6,126.4,1,0,0,1,0,1,18,0,0,7,8,7,12.366555811337408,0,0,8,13,6,15.390983545318578,0,12.2,3.7,-1.66,Graduate
1,40,1,9745,1,1,102.1,1,4,40,10,5,120.8,0,0,0,1,1,0,19,0,0,7,12,3,10.2550056039181,0,0,8,7,7,12.996023372797337,0,9.8,-0.2,0.59,Dropout
1,1,3,8802,1,1,150.9,1,1,37,9,9,133.1,1,0,0,1,0,0,17,0,0,6,7,6,11.18403421806259,0,0,6,10,6,12.253919974071822,0,11.0,0.8,0.98,Graduate
1,2,2,9282,1,1,131.4,1,38,37,11,10,121.5,0,0,0,1,0,0,29,0,0,8,11,4,13.372820663171293,0,0,6,6,0,14.169330660787072,2,16.2,-0.8,-4.06,Dropout
1,44,1,33,1,43,130.2,1,2,3,5,195,134.3,0,0,0,1,0,0,17,0,5,7,0,7,11.528094931322116,0,0,8,17,2,11.536165042889483,0,12.4,-0.8,0.77,Enrolled
1,19,3,7812,0,40,126.4,1,39,1,94,11,127.2,0,0,0,1,0,0,19,0,0,11,11,5,13.391806863703009,0,4,5,8,12,13.086621291535756,0,9.5,-0.2,1.6,Dropout
1,16,1,9207,1,1,132.7,1,37,39,12,11,114.8,0,0,0,1,1,0,37,0,0,5,0,6,0.0,0,0,5,0,0,0.0,0,7.8,1.4,-3.6,Dropout
1,19,6,7821,1,1,138.5,1,4,39,11,8,115.8,1,0,0,1,0,0,18,0,0,7,8,1,8.475441594732867,0,0,6,8,6,11.446041240140636,0,11.2,0.9,1.99,Dropout
1,54,1,9152,1,17,124.4,1,1,38,10,10,130.9,0,0,0,0,0,0,30,0,0,6,7,6,9.182426432839584,0,0,9,8,6,11.287849835438863,0,9.3,2.7,1.76,Graduate
1,1,5,9635,1,1,122.1,1,39,36,6,4,120.6,1,0,0,1,0,0,18,0,0,8,7,5,13.307830003716601,0,8,8,0,6,11.946083970271067,1,7.6,-0.0,1.69,Enrolled
4,40,1,7960,0,1,124.3,1,37,18,10,4,129.3,0,0,1,0,1,0,20,0,0,5,5,0,0.0,0,0,5,4,5,14.5410348579384,0,12.8,1.5,0.15,Dropout
1,42,1,9274,1,43,114.3,1,1,36,6,4,132.9,0,0,0,1,0,0,17,1,0,5,7,6,0.5005219843841636,0,0,8,8,3,10.413446658630686,0,12.8,3.1,1.91,Enrolled
1,17,4,8987,1,1,128.1,1,1,3,9,11,123.3,1,0,0,1,0,1,17,0,0,6,8,6,12.505775081901444,0,0,8,8,6,11.217534072353986,0,7.8,-0.2,1.62,Graduate
1,38,1,9170,1,1,159.2,1,38,36,10,0,159.2,0,0,0,1,1,0,19,0,0,5,10,3,14.499980864048819,0,0,7,8,0,0.8942057008219891,0,16.2,2.8,-1.92,Enrolled
1,18,1,8855,1,1,138.4,1,36,37,11,8,146.4,1,0,1,1,0,0,18,0,0,5,10,2,8.984399330976979,0,0,5,10,8,10.671397369774697,0,12.2,-0.7,0.75,Dropout
1,47,6,8970,1,1,136.4,1,1,18,10,5,126.8,1,0,1,1,0,1,17,0,0,7,5,6,0.0,0,0,6,30,6,11.857381675468087,0,12.7,1.5,1.45,Graduate
2,38,1,9213,1,1,176.8,1,36,38,0,9,114.5,0,0,1,0,1,0,20,0,0,5,4,0,0.0,0,0,5,0,0,0.0,0,16.2,-0.8,0.26,Dropout
1,1,1,9202,1,1,140.0,1,39,38,12,6,115.6,0,0,0,1,0,0,24,0,0,6,5,5,11.528148319604405,0,0,5,4,5,13.628871230356577,0,7.6,3.1,0.18,Dropout
1,45,1,9304,1,1,133.1,1,3,4,5,3,113.4,1,0,0,0,0,0,18,0,0,7,9,7,10.427829630667343,0,0,6,9,0,14.190220467229967,0,9.1,-0.7,1.84,Graduate
1,14,1,9329,1,1,99.4,1,1,1,8,10,102.5,1,0,0,1,0,0,17,1,0,7,5,6,13.259380474481768,0,0,8,10,5,13.893914562310515,0,12.8,1.3,0.91,Graduate
2,19,1,9129,1,42,136.1,1,37,18,10,9,143.6,0,0,0,1,1,0,34,0,0,7,5,0,10.385137142424297,0,0,1,8,3,14.106182697517038,0,9.8,-0.0,3.48,Enrolled
1,16,3,9722,1,6,119.0,1,39,1,2,5,138.5,1,0,0,1,0,0,30,0,0,6,0,4,13.066544266460104,0,8,11,4,6,0.10302064196702196,0,16.2,-0.6,1.79,Dropout
1,41,1,9159,1,1,128.8,1,3,37,11,5,96.6,1,0,0,1,0,0,20,0,0,10,7,15,15.695937622206447,0,0,7,8,1,12.85110161011629,0,9.8,1.4,0.08,Graduate
1,19,1,9534,1,1,135.1,1,38,37,11,4,110.1,0,0,0,1,1,0,20,0,6,6,15,6,12.849111023357127,0,0,8,8,0,10.438650974748933,0,14.3,3.1,-2.01,Dropout
2,2,1,9906,1,15,130.2,1,42,18,11,7,114.3,0,0,0,1,1,0,19,0,0,5,13,5,0.0,0,0,5,0,2,18.321905470142458,0,16.2,1.5,-3.12,Graduate
1,17,4,9438,1,1,124.0,1,1,18,3,195,119.6,1,0,0,1,0,1,17,0,5,7,8,5,13.113372912139495,0,0,6,7,6,12.547378885077086,0,13.0,-0.1,-1.07,Graduate
1,43,3,9137,1,8,128.0,1,1,1,10,11,112.7,1,0,0,1,0,0,20,0,0,7,7,4,12.344277544957727,0,0,6,8,2,13.427274004111146,0,8.6,-0.8,0.61,Enrolled
2,1,2,8803,1,1,118.7,1,4,37,7,8,119.7,1,0,0,1,0,0,32,0,0,6,7,13,11.148525992334939,0,0,8,5,4,15.348491932757007,0,9.8,-0.6,1.62,Graduate
2,39,9,132,1,1,136.6,1,33,18,2,0,127.9,0,1,0,0,1,0,26,0,0,5,0,0,9.586441963713364,0,0,7,0,9,0.0,0,9.8,-0.8,1.05,Dropout
1,1,2,9356,1,1,129.3,1,1,1,8,3,126.6,1,0,0,1,0,1,18,0,0,7,7,5,10.71520681593841,0,0,8,7,6,13.127484406494741,0,12.9,0.5,-1.7,Graduate
1,41,1,7852,1,1,166.6,1,1,36,8,2,140.2,0,0,0,1,1,0,18,0,1,10,11,14,14.642986197628723,0,5,11,7,7,12.06193313916329,0,13.9,2.5,-1.78,Dropout
1,37,1,9991,1,38,135.8,1,35,38,8,1,106.1,0,0,0,1,0,0,38,0,0,5,5,0,0.6163744407518645,0,0,5,0,0,0.0,0,13.0,2.8,-1.31,Dropout
1,38,1,9855,1,1,131.9,1,18,20,9,9,104.9,0,0,0,1,1,1,18,0,0,7,28,7,1.0601142444205138,0,0,11,9,6,12.948051815406451,0,7.9,3.7,-2.12,Enrolled
1,44,1,9582,1,3,114.1,1,1,3,8,3,107.9,0,0,0,1,1,0,18,0,0,6,7,0,11.008303861387166,0,0,6,17,5,0.509827426796514,0,8.5,1.5,1.76,Dropout
1,18,1,9248,0,1,134.8,1,27,38,12,71,119.5,0,0,0,1,1,0,34,0,3,8,7,3,0.0,0,0,5,12,0,13.466945473359775,0,7.7,1.5,0.25,Enrolled
1,16,1,9365,1,1,128.6,1,1,38,12,1,123.3,1,0,0,1,0,0,28,0,0,7,7,7,10.638362293867479,0,0,5,12,3,10.8709845269758,0,15.2,1.5,1.61,Graduate
1,20,2,8904,1,2,128.5,1,3,1,9,10,122.0,1,0,0,1,0,1,17,0,0,7,8,6,16.460843826522282,0,0,6,8,6,12.16182597275842,0,9.1,1.0,-1.95,Graduate
1,46,1,9161,1,1,127.0,1,1,19,10,10,115.9,1,0,0,1,0,0,17,0,0,7,8,6,14.31088819130027,0,0,8,7,6,13.36658751967334,0,13.5,0.6,0.16,Graduate
1,8,1,9329,1,1,138.6,1,19,35,11,5,99.5,0,0,0,1,0,0,30,0,0,6,9,7,12.174901166439504,0,0,8,5,1,11.129471335221647,0,16.2,1.5,-1.33,Dropout
1,40,3,9818,1,1,134.0,1,1,19,6,3,104.3,1,0,1,1,0,0,19,0,0,5,7,6,0.0,0,0,5,9,0,11.343746806594453,0,15.6,0.7,1.65,Enrolled
1,1,2,8864,1,1,134.9,1,35,1,2,94,124.4,1,0,0,1,0,0,18,0,0,13,8,5,12.520186404987633,0,1,6,9,5,13.354255180035183,0,12.5,-0.5,1.95,Graduate
3,17,2,8986,1,1,134.1,1,1,37,8,10,100.3,0,0,0,1,0,0,18,0,0,5,8,0,15.686584075127902,0,0,15,5,7,12.982874349981639,0,16.2,3.4,-4.06,Enrolled
1,2,6,9166,1,1,135.6,1,1,1,11,2,134.9,0,0,0,1,0,1,17,0,0,7,8,4,11.717171301813515,0,0,8,8,5,0.26698195946339215,0,11.2,1.6,-0.92,Graduate
2,40,1,9599,1,37,136.0,1,35,37,8,7,133.5,0,0,0,0,1,0,23,0,0,5,11,0,0.0,0,0,5,6,0,0.0,0,7.7,1.5,1.8,Dropout
1,19,1,9251,1,1,129.6,1,35,36,3,0,160.5,0,0,0,1,0,1,18,0,0,7,6,5,13.141307682078486,3,0,6,16,3,10.733890951008826,0,14.0,1.5,-1.86,Graduate
2,7,1,8966,0,1,130.4,29,35,19,10,2,145.9,0,0,1,1,1,0,21,0,0,7,8,0,0.0,0,0,5,5,5,10.49954110829134,0,12.4,-0.2,0.36,Enrolled
1,1,1,9451,1,1,140.1,1,1,36,8,7,114.1,1,0,0,1,0,1,18,0,0,7,6,6,15.718819517990617,0,0,8,6,7,0.0,0,12.6,1.6,1.4,Graduate
1,17,2,9029,1,1,143.0,1,3,39,8,5,135.7,1,0,0,1,0,0,18,0,0,7,7,7,11.161771592155535,0,0,6,7,6,11.602320626782891,0,12.2,1.4,1.99,Graduate
1,46,1,9002,1,1,130.1,1,1,1,10,5,127.1,1,0,0,1,0,0,17,0,0,0,7,5,12.024281369551865,0,0,8,8,6,12.117495118616606,0,11.3,1.4,0.26,Graduate
1,5,2,9145,1,1,120.8,1,37,3,3,7,127.1,0,0,0,1,0,1,17,0,0,6,5,7,15.235671564665935,0,0,6,8,6,14.046255353507764,0,13.1,0.6,1.95,Graduate
1,18,1,8903,1,1,119.7,1,4,35,7,10,95.0,1,0,0,1,0,1,18,0,0,6,7,5,16.884861228695254,0,0,8,8,6,12.983664907540897,0,8.8,1.5,2.85,Graduate
2,38,6,9028,1,1,130.9,1,19,40,8,7,132.1,0,0,1,0,1,0,43,0,0,12,5,0,9.273167869657676,0,0,14,9,0,0.0,0,11.4,-0.7,1.6,Dropout
2,40,1,9107,1,1,117.9,1,39,38,9,6,124.8,0,0,1,1,0,0,19,0,0,5,8,3,9.217414097923227,0,0,5,6,0,0.15962604011801468,0,16.2,-0.8,1.46,Dropout
1,18,1,9017,1,1,137.8,1,1,37,9,9,122.9,1,0,0,1,0,1,19,0,0,6,8,6,11.269484442206187,0,0,8,9,6,13.939196335846473,0,12.6,1.6,1.6,Enrolled
2,7,2,9425,1,1,131.7,1,4,38,97,87,118.7,1,0,0,1,1,0,36,0,0,12,7,7,12.253957987054552,0,0,5,0,1,12.968737741695113,0,8.9,1.4,0.71,Dropout
1,18,4,9160,1,1,126.9,1,2,3,4,9,104.7,0,0,0,1,0,1,17,0,0,7,8,5,10.219034426681548,0,0,8,7,8,17.841972774940423,0,13.1,1.5,1.61,Graduate
1,1,2,9103,1,1,135.6,1,1,1,9,0,101.5,1,0,0,1,0,0,18,0,0,8,8,5,14.57714218444538,0,0,8,14,6,14.69164021269929,0,16.2,1.4,0.6,Graduate
1,16,4,9016,1,1,130.7,1,37,37,12,4,109.1,0,0,0,1,0,1,20,0,0,6,5,1,10.697836127384642,0,0,8,7,9,15.336349622745972,4,16.1,3.7,0.52,Dropout
1,2,1,9311,1,1,132.3,1,2,18,3,0,104.7,0,0,0,1,0,1,34,0,0,11,7,7,12.078208036443016,0,2,7,4,6,17.750477286506992,0,12.6,0.7,-3.49,Dropout
1,38,5,9840,1,1,119.7,1,37,38,2,11,110.1,1,0,1,0,1,0,37,0,0,5,14,0,9.412049559988807,0,0,23,0,0,0.3115417256787297,0,16.2,2.8,0.17,Dropout
1,42,1,9034,1,1,140.5,1,1,37,12,8,95.0,0,0,0,1,0,0,19,0,17,7,7,6,12.236255037704042,0,0,6,9,3,9.81702328310076,1,10.9,1.6,-1.73,Graduate
1,42,2,9096,1,1,137.8,3,38,18,8,10,108.6,1,0,0,1,0,0,17,0,0,5,7,7,10.861507546146164,0,0,7,10,6,13.75496741099252,0,13.0,-0.7,1.78,Graduate
1,1,1,9144,1,1,135.0,1,3,39,4,79,124.0,1,0,0,1,0,0,20,0,0,7,8,7,9.368044271013595,0,0,14,8,8,12.096330960933491,1,11.2,-0.8,-3.01,Enrolled
1,1,1,8540,1,1,129.7,1,5,36,12,105,119.2,0,0,0,1,0,0,18,0,0,6,7,6,12.066261666262934,0,0,8,7,8,18.571428571428573,0,15.2,1.4,-0.84,Enrolled
3,2,1,9825,0,3,134.0,1,38,2,10,5,103.5,0,0,0,0,1,0,19,0,0,5,0,1,0.0,2,0,5,15,13,0.0,2,15.7,3.6,0.74,Dropout
1,42,1,9633,1,38,136.2,1,2,1,7,2,120.5,0,0,0,1,1,0,18,0,0,6,15,7,15.974730133234537,0,0,6,7,6,12.270929263682005,0,14.2,1.5,1.81,Enrolled
1,16,2,9022,1,1,97.2,1,2,36,12,7,98.2,0,0,0,1,0,1,21,0,0,8,7,7,15.318600343661286,0,0,7,9,7,10.175550289060814,0,13.8,1.4,0.11,Graduate
1,46,6,9922,1,41,138.4,1,39,20,6,8,157.5,0,0,1,1,0,1,19,0,0,6,8,5,11.117677084717561,0,0,15,8,6,12.489532466795739,0,8.3,1.4,-4.06,Dropout
1,42,1,7727,1,39,118.6,1,1,17,7,7,121.8,0,0,0,1,0,0,17,0,0,7,0,5,11.794628879367325,0,0,5,10,0,15.776258142008736,0,12.7,1.4,0.53,Dropout
1,41,1,9151,1,6,129.9,1,18,36,7,7,146.2,0,0,0,0,1,0,31,0,0,5,1,0,0.0,0,0,5,7,0,0.1478201539136573,0,12.9,1.5,0.13,Dropout
2,38,2,9043,0,1,172.1,1,36,37,9,12,104.0,0,0,1,0,1,0,21,0,0,5,7,0,0.0,0,0,5,0,0,0.0,0,12.4,2.6,-3.29,Dropout
1,17,1,9004,1,1,130.8,1,38,18,10,2,137.1,1,0,0,1,1,0,18,0,14,7,7,5,15.491852520824539,0,0,6,7,6,14.138979428803161,0,7.6,-0.6,1.69,Graduate
2,42,1,9021,1,1,125.7,1,36,36,9,9,142.5,0,0,1,0,0,0,24,0,0,5,0,0,0.5319703737970093,0,0,13,8,1,0.0,0,16.2,1.4,-2.01,Dropout
1,1,5,33,1,1,142.7,1,2,1,11,173,125.3,1,0,0,1,0,0,17,0,0,6,7,5,14.341134174004639,0,0,8,8,0,13.4868489011189,0,9.1,0.6,0.9,Graduate
1,55,1,9009,0,1,126.7,1,3,39,12,9,122.3,0,0,0,0,1,0,18,0,0,5,0,0,0.0,0,0,12,0,0,0.0,0,16.2,1.5,0.74,Dropout
1,1,3,9417,1,1,115.7,1,38,44,3,3,111.4,0,0,0,1,0,0,18,0,0,5,20,5,11.122377227686473,0,0,6,7,5,15.84783506002309,3,13.8,0.4,-2.07,Enrolled
1,41,1,705,1,1,115.2,1,39,37,7,7,107.4,0,0,1,0,1,0,17,0,0,5,0,10,9.261646649558969,0,0,6,8,0,11.216025396890696,0,15.0,-0.6,-1.06,Dropout
1,1,2,8987,1,1,141.1,1,5,37,7,6,146.8,1,0,0,1,0,0,17,0,0,7,7,5,14.353088544318144,0,0,8,8,4,14.643974410358089,2,12.6,1.5,2.16,Graduate
1,44,6,9669,0,6,151.0,1,35,39,5,5,182.2,0,0,1,0,1,0,17,0,0,5,8,3,16.154925581464468,0,0,6,12,0,0.0,0,11.1,1.5,0.47,Dropout
1,17,6,9454,1,40,128.3,1,38,36,11,10,117.0,0,0,0,1,0,0,17,0,0,12,7,2,11.00540522803601,0,0,6,4,8,9.930620730025579,0,7.9,3.7,-3.76,Enrolled
1,1,1,9317,1,1,154.6,1,18,37,8,9,138.8,0,0,0,1,0,0,18,1,0,8,14,15,1.1061382127601829,0,0,6,27,3,0.0,0,12.9,3.0,-3.19,Enrolled
1,18,1,8977,1,1,123.0,1,38,39,194,0,124.7,1,0,0,1,0,0,19,0,8,6,8,3,11.481130295499318,0,0,13,9,2,12.054052971826748,0,12.5,0.5,-4.06,Dropout
1,19,1,9309,0,1,130.9,1,1,36,10,0,128.6,1,0,0,1,0,0,27,0,0,8,8,6,10.998741420616497,0,0,6,8,4,13.024472397717194,0,11.1,0.8,0.85,Graduate
2,40,1,931,0,38,135.6,1,28,37,10,3,172.1,0,0,0,0,1,0,31,0,0,5,0,0,0.11209387196078018,0,0,5,0,0,0.0,0,16.2,-0.5,-4.06,Dropout
2,16,3,8887,1,1,131.0,1,36,38,7,4,122.6,1,0,0,0,0,0,54,0,0,7,9,6,0.0,0,0,5,10,1,0.0,0,11.1,-0.6,-3.72,Enrolled
1,42,5,8974,1,3,137.3,1,39,38,11,7,123.3,0,0,0,1,1,0,30,0,0,6,8,1,14.665489718372847,0,0,6,0,14,14.240921849371887,0,10.6,1.5,0.41,Dropout
1,38,1,8967,1,37,132.3,1,38,18,168,11,142.6,1,0,0,0,1,0,33,0,0,10,7,2,13.335069265333642,0,0,5,9,10,0.6936417788320511,0,11.0,1.5,0.61,Graduate
1,18,1,9160,1,11,134.9,1,37,1,2,9,122.5,0,0,0,1,0,0,33,0,0,5,8,4,14.583881215845174,0,0,8,13,6,10.695249959781277,3,12.7,-0.8,1.67,Enrolled
1,17,1,9425,1,1,131.6,1,40,37,12,0,107.3,0,0,0,0,1,0,18,0,0,5,0,5,0.0,0,0,5,8,0,1.2412578517566395,0,11.2,-0.2,-3.6,Dropout
1,39,1,8855,1,1,133.0,1,1,38,4,12,127.9,1,0,0,1,0,1,17,0,0,6,8,7,11.49203747839984,0,0,5,7,4,9.592420869599412,0,14.1,-0.7,2.14,Graduate
1,38,1,9044,1,1,132.2,1,36,37,8,144,105.0,0,0,0,1,0,0,20,1,0,5,6,6,17.650294978560844,0,6,21,7,4,12.082844533377692,0,8.2,1.5,0.37,Dropout
1,17,1,9809,1,1,125.5,1,20,39,9,1,126.4,1,0,0,1,0,1,19,0,0,7,6,6,12.396189997809328,0,0,6,10,3,10.294979191502977,0,14.6,1.4,1.99,Dropout
2,19,1,9671,1,4,132.3,1,3,36,5,6,136.2,0,0,0,1,0,1,17,0,0,7,8,2,14.888349617779513,0,6,6,8,5,12.142908731843802,0,15.5,1.5,2.16,Enrolled
1,19,5,8862,1,1,129.4,1,36,2,9,11,111.9,0,0,0,1,1,0,18,0,0,5,26,0,13.047371848136228,0,0,8,5,6,13.759487434589069,0,12.7,-0.6,0.65,Dropout
1,16,1,9223,1,1,134.7,1,1,35,7,9,115.6,0,0,0,1,0,0,22,0,0,8,6,0,12.90728220218484,0,0,8,8,6,10.715381823706705,0,13.0,-0.8,0.24,Graduate
3,46,3,8797,0,42,112.0,1,1,5,11,8,128.6,1,0,0,1,0,0,18,0,0,6,6,6,11.730188753657323,0,0,7,5,8,12.727402531129421,0,7.7,0.6,-3.27,Enrolled
1,1,1,33,1,39,120.9,1,39,1,9,153,123.7,0,0,0,1,0,0,20,0,0,10,6,3,13.362373106343897,0,0,16,9,6,13.765839607560826,0,10.7,3.7,1.58,Graduate
1,1,3,9991,1,1,131.9,1,36,38,7,4,121.2,0,0,0,1,0,0,63,0,0,5,7,5,0.17138085344607706,0,0,14,6,0,13.54664067927109,0,11.0,1.4,1.46,Dropout
1,17,3,9415,1,1,141.1,1,19,37,9,6,118.5,1,0,0,1,0,0,38,0,0,10,5,12,10.830047047890606,0,0,8,9,8,14.335413209793373,0,12.8,-0.8,0.76,Dropout
1,3,2,9261,1,1,141.3,1,4,36,8,2,126.0,1,0,0,1,0,1,18,0,0,8,7,4,17.051895478850906,0,0,8,7,7,15.308644292812739,0,11.1,0.6,-4.06,Graduate
1,57,1,9430,1,1,139.2,1,38,3,6,0,123.9,1,0,0,1,0,1,19,0,0,6,8,5,13.136170645155968,0,0,8,7,5,9.73688164463129,0,12.5,3.7,0.15,Graduate
1,1,1,9057,0,43,128.3,1,35,36,9,10,116.1,1,0,1,0,1,0,20,0,0,11,6,5,13.07129427549629,0,0,7,6,0,0.7108209805426083,0,15.6,3.0,0.93,Dropout
1,44,5,9469,1,1,142.4,17,38,1,11,8,115.7,0,0,0,1,0,0,41,0,7,7,7,4,12.200631928369535,0,0,13,9,6,11.701178232574499,2,14.2,2.5,0.8,Enrolled
1,17,3,9541,1,1,131.1,1,37,1,10,6,132.4,1,0,0,1,1,0,19,1,0,6,6,3,11.95405736306259,1,6,5,8,7,12.098772442002648,0,7.6,3.7,-2.89,Graduate
2,42,1,9695,1,41,128.0,1,36,14,7,9,111.1,0,0,0,1,0,0,17,0,0,7,12,3,0.0,0,0,12,0,7,0.0,0,16.2,2.9,3.23,Dropout
1,45,6,9228,1,1,149.7,1,39,1,8,7,116.2,1,0,0,1,0,1,17,0,0,7,8,5,15.923477382237108,0,0,6,10,6,13.653171936032873,0,8.0,2.8,0.46,Graduate
3,40,4,9151,1,1,99.7,1,37,37,10,11,128.6,1,0,0,1,0,1,17,0,3,7,9,9,13.09662026160748,0,0,7,6,6,17.389492370297873,2,8.9,1.5,-3.25,Graduate
1,3,1,9621,0,16,135.5,1,19,36,3,11,97.2,1,0,0,1,0,0,18,0,0,7,8,7,11.040947721475343,0,0,8,10,9,12.443636210320465,0,14.0,0.7,1.89,Graduate
1,43,1,9149,1,1,138.8,1,35,37,11,2,120.1,0,0,1,1,0,0,19,0,0,7,10,2,10.98932666033152,0,0,5,11,0,0.0,0,10.8,1.5,-4.06,Dropout
1,16,1,8947,1,1,127.5,1,38,36,10,8,110.3,0,0,0,1,0,0,18,0,0,7,13,3,0.0,0,0,5,10,1,14.900433613545733,0,7.9,3.7,0.61,Dropout
1,6,1,7988,1,1,139.2,1,3,35,194,6,101.9,0,0,0,1,0,0,55,0,0,7,5,6,14.04889469868112,0,0,7,9,5,11.963296980536937,0,11.4,-0.8,-1.71,Enrolled
1,57,2,9159,0,43,129.6,1,38,2,8,11,110.7,1,0,0,1,0,0,18,0,0,5,7,7,10.393013598887677,0,8,5,7,3,14.05082973701899,0,12.4,0.5,-1.05,Dropout
2,18,1,327,1,1,131.9,1,38,37,5,10,95.0,0,0,0,1,1,0,44,0,0,5,0,5,9.973474451014242,0,0,6,9,7,11.14559512071465,0,12.6,1.4,-3.15,Dropout
1,41,2,9282,1,1,111.4,1,36,36,11,6,126.1,1,0,0,1,0,0,17,1,0,7,6,5,9.133142488836826,0,5,8,10,6,8.860880301843995,0,12.6,-0.6,2.0,Graduate
1,40,1,9005,1,1,132.1,1,36,37,8,8,102.6,0,0,0,0,1,0,21,0,0,5,15,0,0.0,0,0,5,0,0,0.20256456873591228,0,8.2,-0.4,1.62,Dropout
1,18,1,9054,1,1,127.2,1,36,38,11,78,127.9,0,0,1,0,1,0,22,0,0,5,2,0,0.0,0,0,5,9,3,0.0,0,11.3,3.7,-0.04,Dropout
1,17,1,9341,1,43,128.9,1,19,19,3,9,114.8,1,1,0,1,0,0,20,0,0,7,7,4,9.518654023676971,0,5,6,9,6,16.728265025515363,0,8.1,0.7,1.84,Graduate
2,18,1,9025,1,1,132.4,1,42,39,7,7,119.2,0,0,0,0,1,0,21,0,0,5,6,10,0.0,0,0,5,4,0,13.631813417165281,0,7.8,3.7,0.33,Dropout
1,18,1,9404,1,1,140.3,1,2,38,6,6,126.1,1,0,0,1,0,0,18,0,1,5,7,5,13.836242112481361,0,0,6,6,6,12.67774769989128,0,8.2,1.4,2.83,Graduate
1,40,1,9554,1,1,133.9,1,1,39,8,11,105.4,0,0,0,0,1,0,20,0,0,5,6,0,0.0,0,0,7,9,1,0.6248057098348633,0,11.1,-0.5,-1.99,Dropout
1,16,1,792,0,1,131.3,1,36,3,8,6,100.1,1,0,0,0,1,1,17,0,0,10,5,3,10.935579175635304,0,0,8,6,8,15.07157345504228,0,15.9,2.9,0.08,Dropout
1,1,3,9105,0,1,129.3,1,37,35,10,9,99.1,1,0,0,1,0,0,21,0,0,7,9,5,0.05570632189327839,0,4,5,8,8,14.624086574530837,0,9.0,0.2,0.99,Graduate
2,1,1,9879,1,10,119.2,1,37,39,8,6,131.3,0,0,1,1,1,0,36,0,0,5,0,0,11.783268015267842,0,0,5,5,1,13.980091286718103,0,11.3,3.7,0.76,Dropout
1,18,1,9212,0,1,131.6,1,37,36,9,8,127.6,1,0,0,1,0,0,19,0,0,5,11,5,10.83648225651031,0,0,8,6,0,13.978838843116973,0,9.7,-0.5,1.48,Dropout
1,19,1,9504,1,1,122.8,1,1,32,90,3,126.2,1,0,0,1,0,0,18,0,0,6,10,6,12.78357773110891,0,0,6,8,7,11.822900692316026,0,7.6,1.5,1.82,Graduate
1,19,6,8992,1,2,128.5,7,1,20,9,2,127.4,0,0,0,1,0,1,19,0,0,6,15,9,11.155692091449705,0,0,8,8,6,14.720872862461198,0,12.9,0.5,1.71,Graduate
1,38,1,9147,1,1,132.7,1,1,38,11,10,125.4,0,0,0,1,0,0,18,0,3,6,8,5,10.818904325312412,0,0,6,19,8,11.21906789800935,0,7.6,3.6,1.82,Graduate
