Marital status,Application mode,Application order,Course,Daytime/evening attendance	,Previous qualification,Previous qualification (grade),Nacionality,Mother's qualification,Father's qualification,Mother's occupation,Father's occupation,Admission grade,Displaced,Educational special needs,Debtor,Tuition fees up to date,Gender,Scholarship holder,Age at enrollment,International,Curricular units 1st sem (credited),Curricular units 1st sem (enrolled),Curricular units 1st sem (evaluations),Curricular units 1st sem (approved),Curricular units 1st sem (grade),Curricular units 1st sem (without evaluations),Curricular units 2nd sem (credited),Curricular units 2nd sem (enrolled),Curricular units 2nd sem (evaluations),Curricular units 2nd sem (approved),Curricular units 2nd sem (grade),Curricular units 2nd sem (without evaluations),Unemployment rate,Inflation rate,GDP,Target
1,11,1,9856,1,1,138.0,64,44,3,7,15,164.1,0,0,0,1,0,0,44,0,0,10,9,8,18.6303644596463,0,3,9,16,5,17.894840379732237,0,12.5,1.6,1.27,Graduate
1,28,1,8720,1,1,135.9,107,21,6,10,12,168.4,1,0,0,1,0,0,18,0,0,6,9,12,18.87207001266849,0,2,5,16,15,18.571428571428573,0,14.4,1.4,-0.28,Dropout
1,3,1,5959,1,1,148.7,62,43,44,14,26,158.9,1,0,0,1,0,1,19,0,0,1,1,1,1.298708542849891,0,1,0,1,2,13.406109003049549,0,9.1,3.7,2.23,Graduate
2,1,6,8522,1,1,146.9,103,22,4,5,1,153.1,0,0,0,0,1,1,18,0,0,3,5,0,2.342165068882655,0,1,4,11,1,10.631171365700476,0,9.0,-0.8,3.19,Graduate
1,2,1,4782,1,1,148.7,107,30,44,5,14,159.7,1,0,0,1,0,0,42,1,0,5,4,9,18.835115296805427,0,2,4,18,6,18.571428571428573,0,11.8,3.7,-0.72,Dropout
1,1,1,9551,1,1,148.7,11,42,33,3,19,153.1,0,0,1,1,0,0,18,0,0,10,5,4,13.288834391740641,0,8,9,1,2,12.843065415119964,0,9.4,-0.5,1.28,Graduate
1,57,2,9813,1,1,118.8,2,41,11,10,6,150.2,1,0,0,1,1,0,21,0,0,7,11,9,18.8276612653609,0,6,7,20,12,18.571428571428573,0,9.1,-0.4,2.43,Enrolled
1,16,4,8942,1,1,131.9,12,18,38,15,21,150.5,0,0,1,0,1,0,18,0,0,5,3,0,0.13744291786656085,0,1,5,0,0,1.0026004947438838,0,13.7,3.1,2.32,Enrolled
1,20,1,8994,1,1,142.3,74,5,2,13,2,155.3,0,0,0,1,0,0,18,0,0,4,12,1,4.034071438498382,0,2,4,6,1,10.830428774339767,0,12.2,-0.8,-0.79,Graduate
1,17,1,9352,1,4,112.1,30,42,6,13,13,148.5,1,0,0,1,0,0,20,0,0,2,3,1,3.600109514477315,0,1,2,4,0,5.228483979581733,0,11.3,2.6,1.58,Enrolled
1,49,1,7517,1,1,122.8,26,1,4,2,8,164.9,0,0,0,1,1,0,20,0,0,5,13,4,16.45067577651066,0,3,5,24,11,18.571428571428573,0,15.4,1.6,-1.22,Dropout
1,53,1,9522,1,1,163.8,2,37,24,2,1,155.3,0,0,0,1,0,0,18,1,0,6,11,4,16.618798510842655,0,1,6,20,0,6.445476210612165,0,14.9,0.7,-1.15,Dropout
1,3,1,7834,1,1,158.9,81,7,19,4,6,161.7,1,0,0,1,1,1,18,0,0,5,5,2,5.439867522912288,0,1,5,4,3,15.498073397389115,0,15.5,1.0,-2.62,Graduate
1,56,1,9451,1,2,139.0,9,44,19,12,15,150.7,1,0,1,1,0,0,18,0,0,11,9,5,16.351310349037345,0,9,10,7,1,9.863025697276342,0,9.2,-0.5,-2.21,Graduate
1,57,1,9610,1,3,104.1,16,3,39,3,3,152.8,0,0,0,1,0,0,22,0,0,8,14,7,18.597963637700353,0,5,7,27,10,18.571428571428573,0,10.5,-0.5,0.6,Dropout
1,20,1,8426,1,1,130.8,67,17,2,12,41,150.7,1,0,0,1,0,1,19,0,0,7,7,0,0.13235937836908626,0,1,7,12,0,4.95081199921196,0,15.2,0.8,-1.87,Enrolled
1,43,3,7879,1,1,139.5,88,43,43,5,18,159.8,0,0,0,1,0,0,19,0,0,8,13,3,8.149482247451138,0,10,9,4,3,16.27163353607389,0,13.1,3.4,2.98,Graduate
1,32,4,6544,1,1,123.0,52,40,10,1,2,158.5,0,0,0,1,0,0,18,0,0,3,1,1,0.7423947554652873,0,2,3,2,3,16.81701734898915,0,8.9,1.5,3.48,Graduate
2,50,1,9801,1,1,116.0,24,23,9,23,18,157.6,1,0,0,1,0,1,21,0,0,8,13,6,18.535923322147532,0,9,8,30,8,18.571428571428573,0,9.7,-0.3,-3.3,Graduate
1,5,1,7017,1,1,151.8,98,15,24,24,43,156.0,0,0,0,1,1,0,18,0,0,5,7,1,5.544024752745746,0,1,5,14,2,15.281751321540845,0,12.6,1.1,1.18,Graduate
1,3,3,2886,1,1,131.0,16,44,19,2,5,154.5,1,0,0,1,1,0,19,0,0,3,6,0,0.008380177696115635,0,4,2,1,0,5.31565311998987,0,9.4,-0.5,1.49,Dropout
1,9,1,6345,1,1,109.5,5,43,34,5,22,147.0,1,0,0,1,1,0,28,0,0,9,6,5,16.45488437901999,0,3,9,3,13,18.571428571428573,0,10.4,2.8,1.29,Graduate
1,1,1,7442,1,1,149.6,96,3,32,35,51,173.8,1,0,0,1,0,1,18,0,0,6,9,3,15.556820547319447,0,1,7,6,3,16.648934610136177,0,9.2,-0.6,0.99,Graduate
1,5,1,7539,1,2,131.3,67,28,44,4,1,167.1,0,0,0,1,0,0,27,0,0,5,10,3,16.580640984187813,0,1,5,4,0,5.629624212833786,0,16.1,-0.6,-3.92,Graduate
1,34,1,9875,0,1,126.5,36,24,2,2,1,153.1,1,0,0,1,1,0,18,0,0,9,7,8,18.82551371237583,0,4,8,20,1,8.583841397774346,0,10.6,3.7,-0.89,Dropout
1,27,1,9486,1,1,117.8,78,40,2,5,9,149.7,0,0,1,0,0,0,18,0,0,5,9,1,1.9877792458978194,0,3,4,2,0,6.966806880188262,1,9.3,1.2,-1.03,Enrolled
1,25,1,9745,1,2,132.2,64,43,14,5,10,157.3,0,0,0,0,1,0,21,0,0,4,7,1,2.1554909173140104,0,1,4,3,1,11.928015006909762,0,10.3,1.2,0.3,Dropout
1,18,1,9975,1,1,135.7,33,41,36,8,16,167.8,1,0,0,0,0,0,18,0,0,9,11,3,7.568555907173828,0,7,9,8,3,15.125116792134744,0,9.6,-0.6,-0.35,Dropout
1,1,1,8126,1,4,124.2,21,44,7,10,22,160.0,0,0,0,0,1,0,18,0,0,6,8,2,9.455020377356497,0,2,6,4,1,12.79862618693671,0,14.9,-0.4,0.22,Graduate
1,3,3,9483,0,1,128.2,3,41,2,1,1,157.0,1,0,1,1,1,0,18,0,0,3,5,3,17.46444450686273,0,3,3,2,4,18.216366874667397,0,9.5,0.0,3.15,Graduate
1,46,4,5380,1,13,143.1,60,18,4,13,11,163.2,1,0,1,1,1,0,20,0,0,5,5,0,0.038211177319967524,0,5,5,0,0,1.2878428228054752,0,14.6,0.0,0.23,Dropout
1,57,1,9856,1,4,136.6,13,38,41,5,8,172.0,0,0,0,1,1,0,43,0,0,6,9,1,2.3120294409820867,0,5,7,11,1,9.736319221999143,6,12.1,3.0,0.19,Graduate
1,1,1,9845,1,5,136.1,2,36,5,8,4,152.9,0,0,0,1,1,0,40,0,0,1,4,1,2.6715916858592323,0,1,3,3,0,7.126345038459806,0,11.0,-0.8,-1.55,Graduate
1,9,1,7451,1,2,130.8,4,44,25,14,21,148.6,1,0,0,1,0,0,65,0,0,5,7,0,0.0059664145278614895,0,3,6,0,0,0.12383130196006029,0,13.9,0.0,-2.8,Enrolled
1,20,1,7877,0,1,134.3,64,5,16,9,13,169.3,1,0,0,1,1,1,29,0,0,7,6,2,3.075966422154034,0,4,7,5,1,9.507803063640338,0,13.4,-0.3,1.33,Graduate
1,11,1,9242,1,1,137.0,3,12,7,4,8,157.9,0,0,0,1,0,0,28,0,0,4,10,2,14.644933249454958,0,3,5,9,2,14.030173042811407,0,10.4,-0.6,-1.73,Dropout
1,52,4,9910,1,1,112.3,22,1,3,4,14,148.2,1,0,0,1,0,0,21,0,0,7,11,1,4.854136910569274,0,2,7,13,4,17.87240010572627,0,9.1,0.2,1.04,Dropout
1,51,1,7189,1,1,133.7,94,17,2,7,11,152.6,0,1,0,0,0,0,18,0,0,12,17,1,1.2139040839582553,0,3,11,9,1,11.191199865933255,0,14.7,-0.1,-4.06,Graduate
1,56,2,9236,1,2,140.9,11,19,33,12,3,159.9,0,0,0,0,0,0,21,0,0,8,2,1,2.5185019529040376,0,5,7,2,0,4.520427337791401,0,10.8,3.7,0.6,Graduate
1,7,1,6016,1,1,150.9,100,2,2,1,3,171.5,1,0,0,1,0,0,22,0,0,3,7,1,4.3133886746442425,0,4,3,5,0,3.15686164905545,0,9.4,1.8,-0.46,Dropout
2,17,3,4484,1,1,171.9,72,41,4,3,4,155.0,1,0,1,1,0,0,18,0,0,10,7,9,18.761671642549707,0,6,9,0,7,18.39676430711674,1,13.4,0.4,-3.96,Graduate
2,50,1,9160,1,4,138.9,70,35,44,5,6,157.4,0,0,0,1,0,1,19,0,0,11,14,2,2.5798242696974905,0,10,10,8,3,16.734385014775025,0,11.5,-0.1,-3.46,Graduate
1,3,1,9717,1,2,148.4,77,1,30,14,44,160.0,0,0,1,1,0,0,30,0,0,5,14,5,18.800966102973433,0,4,6,20,3,17.648487263483087,0,14.3,0.0,-2.37,Enrolled
1,22,4,9903,1,4,142.1,2,11,16,1,0,157.3,1,0,0,1,1,0,22,0,0,11,15,6,18.31008191660567,0,9,11,31,7,18.571428571428573,0,12.5,0.8,-2.67,Enrolled
1,1,4,9987,1,1,133.7,62,41,36,13,27,152.7,1,0,0,1,0,1,23,0,0,11,16,24,18.87499996073916,0,8,9,33,19,18.571428571428573,0,13.5,-0.5,-1.53,Dropout
1,7,1,8520,1,1,142.6,20,4,2,30,42,152.1,1,0,0,1,0,0,28,0,0,9,14,8,18.457547107034266,0,5,9,12,3,14.442539705307388,0,15.9,-0.2,0.11,Graduate
1,47,1,7993,1,1,128.6,38,14,2,4,20,148.1,0,0,0,1,0,0,46,0,0,10,13,7,18.586315520910496,0,5,10,16,6,18.34919593136128,0,15.1,0.2,-3.49,Graduate
4,46,1,5917,1,1,149.3,97,44,26,19,16,162.6,0,0,0,1,1,0,25,0,0,6,13,4,17.016360187797194,0,4,5,3,1,13.20542903255735,0,12.5,-0.5,-1.51,Enrolled
1,29,1,5599,1,1,127.1,10,1,29,4,0,159.8,1,0,0,1,1,1,19,0,0,6,12,0,0.006567641749284098,0,3,6,7,0,1.1023391459285032,0,9.7,1.3,3.42,Graduate
1,13,1,5200,0,1,127.9,3,38,7,3,17,160.2,1,0,0,1,0,0,26,0,0,7,6,6,16.1788396286129,0,4,7,3,3,16.307934534903232,0,10.4,3.6,1.41,Graduate
1,53,2,9014,1,3,152.4,19,23,30,26,61,152.0,1,0,0,1,0,0,21,0,0,4,7,4,17.3931425621912,0,4,4,14,4,18.445369296404177,0,10.9,-0.2,1.98,Dropout
1,4,1,9208,1,1,127.1,59,6,8,11,18,146.8,0,0,0,1,0,0,23,0,0,7,4,2,8.50565690472839,0,2,6,4,1,9.847626620293937,0,9.4,0.5,1.13,Enrolled
1,11,1,9171,1,2,147.6,40,44,44,7,3,171.2,1,0,0,1,0,0,19,0,0,6,5,4,16.24520344859656,0,3,5,4,2,15.009993607730328,1,9.0,3.7,-0.61,Graduate
1,1,2,9978,1,1,129.3,100,34,44,27,8,168.3,1,0,0,1,1,0,18,0,0,7,8,10,18.862082879563133,0,1,7,28,12,18.571428571428573,0,10.3,-0.6,0.68,Graduate
1,53,1,9484,1,2,133.7,3,29,40,3,6,152.7,1,0,0,1,1,0,32,0,0,8,11,8,18.811987311286927,0,3,9,7,3,17.29111792059936,0,16.1,3.7,-1.2,Graduate
1,11,1,7417,1,1,144.7,11,4,24,3,1,165.7,0,0,0,1,1,0,45,0,0,5,4,1,3.2979683889133935,0,4,6,2,2,15.780135191332628,0,13.5,3.4,-1.77,Graduate
2,47,1,9927,1,1,130.0,21,24,22,3,1,150.5,1,0,0,1,1,1,21,0,0,5,10,3,13.051676022675194,0,3,5,21,14,18.571428571428573,2,13.7,1.8,-4.06,Dropout
1,1,2,7151,1,1,158.9,14,34,21,9,19,156.9,1,0,0,1,0,0,19,0,0,5,2,2,8.291493897605413,0,1,4,2,4,18.43774274603749,0,9.0,0.5,0.77,Graduate
1,33,1,6214,1,1,139.3,57,8,14,35,13,163.0,0,0,0,1,0,1,19,0,0,8,14,17,18.874997401888486,0,3,8,29,16,18.571428571428573,0,12.1,2.9,0.96,Dropout
1,1,1,9113,1,1,139.8,51,8,38,1,1,148.3,1,0,0,1,1,1,18,0,0,8,11,9,18.782727977039823,0,3,7,11,5,18.037433749004318,0,13.0,-0.7,3.11,Graduate
1,14,1,9977,0,1,155.0,11,43,44,35,34,150.4,0,0,0,1,1,0,23,0,0,10,13,12,18.87186661079043,0,4,10,20,6,18.561871128346816,0,9.3,1.8,-0.65,Enrolled
1,43,5,6807,1,4,115.7,53,43,3,7,5,159.9,1,0,0,1,0,0,18,0,0,4,8,0,0.38865232513010656,0,2,3,3,0,1.9235918157592453,0,9.1,-0.3,-2.49,Dropout
1,1,2,9169,1,2,138.7,69,3,3,2,2,165.4,1,0,0,1,0,0,19,1,0,10,10,11,18.85536940945511,0,6,10,16,16,18.571428571428573,0,15.4,1.1,-2.78,Graduate
2,13,1,8337,1,2,138.9,3,40,38,2,0,162.4,1,0,0,1,0,0,18,0,0,8,10,12,18.86683411075777,0,2,8,11,7,18.023354738725857,0,14.8,-0.6,-2.85,Graduate
1,30,1,8725,1,1,150.9,87,2,8,5,9,158.9,0,0,0,1,0,0,20,0,0,7,11,5,18.5774557970453,0,3,8,8,2,15.232160836900556,0,13.9,-0.5,-0.78,Dropout
1,2,1,9385,1,1,136.9,54,39,20,11,10,148.7,1,0,0,0,0,0,22,0,0,7,12,0,0.19970841953602836,0,1,7,8,0,1.1283817550403077,0,13.7,-0.3,-3.62,Dropout
1,46,1,3527,1,1,139.7,46,21,9,5,4,153.6,0,0,0,1,0,0,20,0,0,4,4,0,0.006139239239661235,0,2,5,1,0,0.7583998876942613,0,9.0,-0.6,3.34,Graduate
1,30,1,9689,1,2,132.9,94,12,17,2,0,151.8,1,0,0,1,0,0,21,0,0,8,10,6,18.191686869403963,0,4,8,29,7,18.571428571428573,0,9.2,3.7,0.0,Graduate
1,4,1,8603,1,1,126.1,77,15,8,6,3,153.6,1,0,0,1,0,0,20,0,0,5,6,4,16.79453386305558,0,1,5,6,2,15.576464542042812,0,14.6,2.7,-3.53,Graduate
1,1,5,8149,1,1,118.1,4,8,14,2,2,161.4,1,0,1,1,0,0,18,0,0,7,5,4,14.069306276722003,0,2,5,2,1,10.89445528904197,0,11.2,-0.1,0.89,Dropout
2,19,1,9566,0,3,140.2,7,35,44,7,7,150.4,1,0,0,0,1,1,41,0,0,5,10,5,18.654615829415892,0,1,5,12,6,18.571428571428573,2,11.8,0.1,0.93,Dropout
2,1,1,8460,1,1,115.0,73,15,15,26,14,147.6,0,0,0,1,0,0,19,0,0,7,8,5,17.34642377485226,0,3,7,4,2,13.918510903628794,0,12.3,3.7,0.33,Graduate
1,55,1,7881,1,3,143.9,44,15,14,1,2,156.4,0,0,0,1,0,0,27,0,0,6,9,6,18.255018609851653,0,2,5,11,3,16.111111683130815,0,9.0,3.0,1.56,Graduate
1,57,2,8579,1,1,121.3,58,25,2,11,43,148.4,0,0,1,1,0,0,22,0,0,5,10,0,0.12728938306607424,0,1,5,4,1,11.133946467515035,0,13.2,0.3,-1.8,Dropout
1,47,1,8540,1,1,143.2,8,22,8,6,5,163.3,1,0,0,1,0,0,26,0,0,7,4,0,0.051324563813516216,0,8,8,1,0,3.8267386451491303,1,14.6,1.3,-2.11,Graduate
1,2,1,8595,1,1,127.8,52,2,20,1,2,152.7,1,0,0,1,1,0,24,0,0,5,8,3,15.343196657040874,0,1,6,13,0,6.039951362990781,0,9.2,-0.8,1.09,Enrolled
1,12,1,9012,1,1,147.9,66,24,44,33,38,158.4,0,0,1,1,0,1,19,0,0,1,1,1,10.128359719597496,0,1,2,5,1,16.36842721007247,0,9.0,-0.4,3.12,Dropout
1,56,1,8449,1,3,136.9,17,27,44,2,3,176.7,1,0,1,1,0,1,20,0,0,7,8,2,7.700714329729429,0,5,8,9,5,17.716379009685213,3,9.3,1.1,2.3,Graduate
1,21,5,5098,1,7,129.5,8,8,3,7,17,157.1,0,0,0,1,0,0,18,0,0,8,13,2,4.861136664191882,0,5,8,4,3,15.82598274760056,0,11.0,-0.7,1.52,Enrolled
1,57,1,8512,1,7,100.7,9,2,4,5,4,153.4,0,0,0,1,0,0,39,0,0,5,9,3,13.974516617048527,0,4,5,3,1,11.266798621837259,0,15.9,3.5,-0.31,Graduate
4,48,4,9728,0,3,139.5,43,31,6,4,6,164.6,0,0,1,1,1,0,39,0,0,5,5,3,15.902104588782356,0,1,5,1,0,2.569361110440621,0,10.2,0.2,-0.23,Graduate
1,48,1,9116,1,2,118.1,16,29,13,1,1,160.2,0,0,0,1,1,0,67,0,0,7,10,2,5.592186189258793,0,4,5,3,1,11.275439436732427,0,9.5,0.9,1.25,Enrolled
1,48,1,9737,0,1,118.8,13,40,11,12,34,149.5,0,0,0,1,0,0,18,0,0,1,3,0,0.02247346953915004,0,1,2,6,0,5.842825823239002,0,9.6,2.2,0.1,Dropout
1,40,1,9622,1,8,147.1,99,37,36,4,3,153.9,0,0,0,1,0,0,47,0,0,8,10,3,14.854435918326288,0,3,7,24,3,17.925517095519982,0,13.2,1.2,-1.58,Enrolled
1,37,4,9687,1,2,133.1,45,11,18,2,5,156.2,1,0,0,0,1,0,36,0,0,5,11,1,6.010421100087388,0,3,5,18,3,17.836913334263215,0,13.5,-0.8,-3.92,Graduate
1,2,1,8464,1,4,118.5,15,9,27,12,9,146.6,0,0,0,1,0,1,30,0,0,7,6,3,9.984239216141393,0,7,6,5,11,18.571428571428573,0,16.1,-0.2,-3.5,Dropout
1,1,1,8311,1,1,128.7,37,5,4,2,15,149.4,1,0,0,1,0,0,18,0,0,4,1,4,16.713338061870875,0,1,5,2,3,15.978594983513974,0,11.4,0.1,-0.42,Graduate
1,13,3,9989,1,1,122.6,53,11,44,8,31,147.7,1,0,0,1,0,0,19,0,0,9,6,1,1.7434311485783407,0,8,9,10,3,16.081725619634092,0,9.7,3.7,-0.61,Graduate
1,10,1,9058,1,1,133.9,13,33,6,6,23,160.1,1,0,0,1,0,0,19,0,0,8,10,3,15.448972042654946,0,2,9,10,3,15.755084241640489,0,9.0,-0.7,2.49,Enrolled
1,25,1,9358,1,3,116.3,81,2,35,27,24,148.6,1,0,0,0,1,0,27,0,0,7,17,5,18.174270946582304,0,2,6,32,3,17.344355798569296,0,13.4,1.7,0.0,Dropout
1,18,2,9913,0,1,163.7,45,3,23,2,0,168.6,1,0,1,1,0,1,18,0,0,7,9,8,18.80946424782144,0,3,8,7,5,17.672518251546318,0,15.7,-0.6,-3.53,Graduate
1,40,1,9325,1,1,147.8,59,43,39,16,13,162.1,0,0,0,1,0,0,33,0,0,10,10,2,6.383035253789067,0,2,9,15,3,17.507736895650805,0,11.0,0.8,0.52,Graduate
1,42,1,9007,1,6,140.5,13,7,9,2,1,160.3,1,0,0,1,1,1,20,0,0,4,8,1,0.5782084133028371,0,3,6,11,0,5.177223524559444,0,14.9,0.1,-0.61,Dropout
2,12,1,9979,1,1,141.3,13,22,8,3,9,148.7,1,0,0,1,0,0,18,0,0,8,11,13,18.87483777056027,0,3,8,22,6,18.571428571428573,0,8.9,-0.8,2.04,Dropout
1,1,1,5220,1,1,124.3,51,41,17,4,3,154.7,1,0,0,1,0,0,18,0,0,2,2,2,14.552371813174696,0,1,3,14,2,16.186397696906695,0,8.9,1.6,2.79,Dropout
1,1,1,6747,1,1,120.8,2,1,9,10,16,159.6,0,0,0,1,0,1,18,0,0,4,11,2,4.741461627956344,0,3,3,2,4,17.68697236823756,0,10.5,0.7,1.2,Dropout
1,57,3,9675,1,2,106.4,34,8,44,2,5,155.6,0,0,0,1,0,0,43,0,0,6,8,3,16.987349410041876,0,2,7,7,2,15.68583059118175,0,9.5,0.9,1.95,Graduate
2,22,5,8004,1,1,116.6,92,39,3,2,1,151.4,1,0,0,1,1,0,18,0,0,8,10,5,17.017315815166885,0,3,8,7,1,7.735726278807107,0,12.2,0.2,-1.62,Graduate
1,45,3,7303,0,1,121.2,70,3,2,2,4,156.3,1,0,1,1,0,0,18,0,0,9,19,11,18.85962354068905,0,5,8,20,5,18.390256494825653,0,11.9,3.0,-0.38,Graduate
2,19,4,8734,0,1,120.4,5,43,44,12,16,153.1,1,0,0,1,0,0,22,0,0,8,14,7,18.48037111836024,0,10,8,29,6,18.305447550765564,0,9.4,1.4,1.64,Dropout
1,27,1,5330,1,4,145.6,88,28,25,9,20,166.9,0,0,1,0,1,0,25,0,0,1,2,0,0.813677449816094,0,1,2,2,0,3.1529210972901516,0,12.5,0.2,0.71,Dropout
1,49,1,8233,1,1,118.4,47,26,5,14,27,151.8,0,0,0,1,1,0,18,0,0,7,12,3,12.856888083090833,0,1,7,19,2,14.823861521482918,0,14.2,-0.3,-3.73,Dropout
1,49,1,9077,1,1,153.9,105,1,44,2,6,153.8,0,0,0,1,0,1,28,1,0,10,14,3,8.724977511406907,0,4,10,15,5,17.853081053608943,0,11.7,0.7,2.31,Graduate
2,40,1,7512,1,1,128.5,20,28,38,15,21,154.2,1,0,0,1,1,0,35,0,0,4,3,3,8.6864085375995,0,4,4,0,2,13.084253903381397,0,9.2,-0.8,-3.11,Graduate
1,1,2,9793,1,1,119.9,88,35,44,6,7,148.9,1,0,0,1,0,0,18,0,0,3,1,0,0.07281684318177903,0,1,5,0,1,9.599908555781786,0,10.0,1.8,1.12,Dropout
1,2,2,9416,1,1,136.2,19,30,44,12,3,153.7,1,0,0,0,1,1,18,0,0,5,3,1,0.4221490224658876,0,1,5,2,1,8.838808963034127,0,10.8,0.8,1.68,Dropout
1,27,4,8773,1,2,123.3,74,43,41,7,7,155.6,0,0,0,0,1,0,18,0,0,8,10,0,0.2611940264104284,0,8,8,1,0,6.171999164972059,0,10.2,-0.7,-1.51,Graduate
1,31,1,9151,1,1,134.7,2,5,20,39,6,147.9,1,0,0,0,0,0,18,0,0,8,11,5,18.154972994393134,0,1,9,19,2,15.467839969141579,0,10.9,-0.6,-2.24,Dropout
1,30,1,6489,1,1,140.9,47,40,30,3,2,168.0,0,0,0,1,1,1,29,0,0,4,6,0,0.009437421120201274,0,6,4,0,0,0.06868906522482052,0,11.0,0.9,-2.24,Enrolled
1,1,1,5685,1,1,142.3,2,1,4,2,3,155.2,1,0,0,1,0,0,18,0,0,3,9,7,18.726068475842528,0,1,5,9,20,18.571428571428573,0,13.3,1.8,-2.06,Dropout
1,47,2,9091,1,1,142.3,69,19,40,8,3,155.1,1,0,0,1,0,0,19,0,0,7,5,1,0.6528353890515961,0,3,7,5,1,11.327994047978388,0,9.2,3.6,2.89,Enrolled
1,45,1,8603,1,4,131.0,82,42,26,4,2,166.3,0,0,0,1,0,0,21,0,0,6,9,4,16.020602919902082,0,8,6,9,2,14.9215339186349,0,10.6,-0.1,-0.25,Enrolled
1,5,1,6099,1,1,133.8,16,9,2,20,15,150.7,1,0,0,0,0,1,18,0,0,5,4,0,0.41318703128220174,0,1,5,0,0,9.101964036553657,0,13.6,-0.3,-1.51,Graduate
1,5,2,9358,1,2,124.1,70,2,4,9,17,152.4,0,0,0,1,0,1,26,0,0,6,6,2,7.038913392490963,0,1,6,1,1,11.419918334883281,0,12.3,3.3,2.66,Graduate
1,17,1,9985,1,5,133.3,41,4,7,7,3,157.6,0,0,0,1,0,0,51,0,0,12,17,21,18.874999819476102,0,7,12,33,15,18.571428571428573,0,14.1,-0.6,-1.76,Dropout
1,55,1,6407,1,1,142.3,42,14,2,14,16,157.7,1,0,0,1,1,0,18,0,0,6,7,0,0.010924023536513033,0,4,6,0,0,3.2313099426361163,0,9.7,3.7,3.15,Enrolled
1,56,4,8357,1,3,128.6,7,16,22,2,1,162.6,1,0,0,1,0,0,18,0,0,8,5,0,0.02727864897864117,0,5,8,0,0,1.4990978270418225,0,12.0,1.3,2.56,Graduate
4,17,1,8533,1,1,120.2,2,43,44,5,14,159.6,1,0,0,1,0,0,34,0,0,4,2,0,0.006861749795178598,0,2,5,0,0,1.3063344216760775,0,8.9,1.4,1.96,Enrolled
1,17,1,7528,1,1,165.1,104,40,22,4,2,155.8,1,0,1,1,0,0,18,0,0,7,9,3,14.485330294102576,0,1,8,7,2,16.50117588725561,0,11.8,2.6,1.39,Graduate
1,48,1,8073,1,2,147.2,21,40,2,10,6,156.4,0,0,0,1,1,0,39,0,0,5,8,0,0.04851959890113183,0,1,5,2,0,7.883834307351753,0,13.6,-0.5,-1.74,Dropout
1,1,1,8671,1,1,138.1,7,24,24,8,4,165.3,0,0,0,0,0,0,18,0,0,10,12,20,18.8749672756193,0,4,10,17,11,18.571428571428573,0,12.9,-0.7,-0.84,Graduate
1,1,1,5762,1,1,125.2,61,5,37,13,31,151.6,1,0,0,1,0,0,18,0,0,7,7,0,0.34923157856579934,0,1,6,1,0,3.196791660961891,0,11.9,1.6,0.96,Graduate
1,1,2,2779,1,1,144.3,86,24,38,5,24,161.8,1,0,0,1,0,0,18,0,0,4,4,14,18.873483138382085,0,4,4,2,11,18.571428571428573,0,11.7,-0.6,0.21,Graduate
1,1,2,9839,1,1,126.5,16,30,7,21,35,148.4,1,0,0,1,1,1,18,0,0,7,7,9,18.832582796215657,0,1,8,6,4,17.429204535184553,0,9.5,1.7,-0.94,Graduate
1,54,3,9495,1,1,131.5,79,8,11,7,15,165.5,0,0,0,1,0,1,18,0,0,4,3,5,18.668239407412567,0,1,4,10,2,15.818865161782252,0,11.4,1.0,0.32,Enrolled
1,51,1,6290,1,1,121.8,79,19,15,41,24,148.0,1,0,0,1,1,0,20,0,0,3,5,0,0.7352645469862488,0,1,4,2,0,4.616411129470408,0,14.0,1.7,3.13,Dropout
1,57,1,9929,0,4,135.2,69,42,28,7,5,156.5,1,0,0,1,1,0,33,0,0,10,12,9,18.847511712906606,0,2,11,19,12,18.571428571428573,0,12.1,3.3,-0.16,Graduate
1,57,1,8525,1,7,162.2,89,44,33,5,6,178.6,1,0,0,1,0,0,25,0,0,9,12,12,18.872369506234477,0,4,8,20,9,18.571428571428573,0,13.5,2.0,-0.43,Graduate
1,53,1,8971,1,2,125.8,3,36,3,5,5,151.4,0,1,0,1,1,0,43,0,0,5,7,1,1.0995399227084266,0,4,6,1,1,13.41785887846037,0,11.1,0.4,1.68,Dropout
1,55,1,9939,1,3,116.7,62,23,2,6,15,154.2,0,0,0,0,0,0,18,0,0,12,12,23,18.874999902659553,0,8,12,24,19,18.571428571428573,0,11.4,0.4,0.8,Graduate
1,56,1,9613,1,1,132.3,42,8,7,5,18,155.5,0,0,0,1,1,0,20,0,0,5,12,5,18.577660024740094,0,1,5,24,1,9.204271320174062,0,11.4,-0.6,1.62,Graduate
1,33,4,9023,1,2,154.7,27,23,28,7,26,156.6,0,0,0,1,0,0,18,0,0,10,14,9,18.814726339796252,0,3,10,6,10,18.571428571428573,0,10.0,1.5,1.97,Graduate
1,30,1,9403,1,1,137.6,41,33,44,1,0,152.3,1,0,0,1,0,1,20,0,0,5,8,10,18.870976129097055,0,1,4,5,7,18.571428571428573,0,9.8,0.6,-0.03,Graduate
1,51,2,7464,1,1,120.0,69,39,4,13,7,155.2,1,0,0,1,0,1,19,0,0,7,13,4,15.309305059387365,0,4,7,5,2,11.23739998083436,0,9.3,-0.2,-1.21,Graduate
1,1,2,8554,1,1,140.0,20,44,33,27,41,167.5,1,0,1,1,0,0,18,0,0,8,8,11,18.873397447252227,0,2,7,12,12,18.571428571428573,0,9.1,2.3,3.34,Dropout
1,9,2,8746,1,1,136.5,16,4,36,5,5,156.7,1,0,0,1,0,1,18,0,0,6,9,15,18.874935993160772,0,1,5,28,20,18.571428571428573,0,11.5,2.0,-0.78,Enrolled
1,46,1,7661,0,1,137.8,92,40,3,5,2,156.9,0,0,0,1,1,1,44,1,0,1,2,1,3.966553961919746,0,1,1,1,0,4.002507195374389,0,11.1,2.5,1.68,Enrolled
1,2,1,8843,1,2,125.3,4,5,42,3,5,154.8,1,0,0,1,1,0,44,0,0,7,5,2,12.082966179561392,0,2,7,4,0,4.586886937336549,0,9.3,0.8,-2.51,Dropout
1,55,1,7296,0,1,129.6,31,8,44,7,5,161.8,0,0,1,1,0,0,20,0,0,5,8,1,2.1739799484691402,0,1,4,5,3,17.073518685044224,0,13.3,3.7,0.63,Dropout
1,2,1,8192,1,1,117.1,46,42,8,5,14,154.3,1,0,0,1,0,0,18,0,0,9,7,2,6.113067500388129,0,6,8,2,1,11.204752243370278,0,8.9,0.7,2.83,Dropout
1,1,1,2843,1,1,117.3,17,42,6,1,2,160.3,1,0,0,1,0,1,36,0,0,2,7,2,10.485081473669954,0,2,1,2,3,17.089674672342746,0,12.5,1.9,0.99,Graduate
1,2,2,6889,1,2,115.1,62,43,20,14,5,150.2,1,0,1,1,1,1,18,0,0,1,5,1,1.8240491679232553,0,1,1,1,1,11.950219434020145,0,13.0,-0.6,-3.48,Graduate
1,49,1,9803,0,2,133.5,84,44,44,1,1,162.3,1,0,0,1,0,0,21,0,0,6,3,0,0.03234085474213422,0,1,5,0,0,0.22673630008114964,0,9.7,1.9,-1.28,Dropout
1,54,1,9292,0,2,145.2,3,16,19,7,7,156.4,1,0,0,1,1,0,36,0,0,7,6,2,8.819762263280705,0,7,6,2,0,4.376603522991052,0,11.2,1.7,1.1,Dropout
1,1,6,6560,1,1,124.4,3,15,40,1,1,148.6,1,0,0,1,0,1,18,0,0,13,13,23,18.87499297997396,0,3,12,24,20,18.571428571428573,0,8.9,2.6,1.17,Graduate
1,45,1,4390,1,1,135.4,18,3,8,3,10,158.1,0,0,0,1,0,0,18,0,0,9,8,0,0.03573483862299769,0,9,7,2,0,2.124293948874092,0,9.8,1.3,3.16,Dropout
1,50,2,9085,1,1,143.5,3,44,30,15,13,148.8,0,0,0,1,1,0,18,0,0,8,13,9,18.82191796731518,0,2,7,25,1,12.290838500566366,0,9.4,-0.6,-0.69,Dropout
1,32,1,7256,1,1,141.8,34,18,17,4,5,156.1,0,0,0,1,0,1,20,0,0,8,12,1,4.178159876034262,0,9,7,1,0,7.374446884834671,2,9.4,1.5,1.73,Enrolled
1,9,1,7941,1,1,115.7,3,27,44,4,6,163.6,0,0,0,1,1,0,19,0,0,8,5,0,0.07426084373131217,0,7,7,1,0,4.796384999141261,0,11.7,-0.6,-2.99,Graduate
1,1,1,3139,1,1,129.9,93,42,14,32,37,160.9,1,0,0,1,0,0,20,0,0,2,6,0,0.6859069692885615,0,1,2,1,0,2.345011796355783,0,9.6,-0.5,1.27,Dropout
1,8,3,8845,1,3,147.5,49,41,5,17,7,157.5,0,0,0,1,1,0,33,0,0,5,11,3,12.745317476899144,0,2,5,7,5,18.571428571428573,0,13.2,-0.7,-0.48,Graduate
1,53,1,9443,1,1,137.3,40,42,2,1,0,153.7,0,0,0,0,1,0,22,0,0,7,10,2,5.310929550600433,0,4,7,15,2,12.195071654196845,2,10.4,1.3,0.98,Graduate
1,9,1,9235,0,1,119.9,25,43,28,5,8,148.8,0,0,0,1,0,1,18,0,0,4,14,14,18.874987862771093,0,1,4,16,18,18.571428571428573,0,9.4,-0.8,-1.19,Graduate
1,1,5,5950,1,1,128.8,7,39,44,2,4,155.9,0,0,0,1,0,0,18,0,0,5,8,1,1.1731960133081467,0,4,6,1,1,7.914217002688028,0,12.5,-0.4,-1.07,Graduate
1,53,3,9814,1,1,115.0,2,30,6,22,13,152.1,1,0,0,1,0,0,21,0,0,10,15,21,18.87499787575196,0,4,9,26,20,18.571428571428573,0,9.2,0.8,1.5,Graduate
1,30,3,9054,0,1,111.4,7,12,10,31,30,152.5,0,0,1,1,0,1,23,0,0,5,10,1,3.4424356962701794,0,2,4,4,0,3.8873190671825544,0,11.1,0.2,-0.88,Enrolled
1,39,1,9257,1,1,138.7,79,40,44,16,32,159.6,1,0,0,1,0,0,19,0,0,7,16,1,2.6360197415308115,0,3,8,2,1,8.878599150876859,3,14.2,3.0,-3.91,Graduate
1,3,4,7212,1,2,129.8,7,26,37,2,4,157.2,0,0,0,1,0,0,19,0,0,4,6,0,0.9914829388638535,0,1,4,1,0,1.2640745208674178,0,13.9,-0.7,-3.86,Graduate
2,46,1,9432,1,2,124.9,30,34,44,24,14,159.4,0,0,0,1,1,0,47,0,0,6,7,10,18.85125503285643,0,5,6,6,17,18.571428571428573,0,11.8,2.5,1.49,Graduate
1,32,1,9599,1,1,107.8,58,35,2,3,5,150.2,1,0,0,1,1,0,23,0,0,7,7,1,0.5273646297583712,0,2,6,5,1,9.910792159246403,2,9.8,-0.7,0.43,Graduate
1,1,3,9050,1,1,105.7,18,43,32,2,2,152.4,0,0,0,1,0,1,25,0,0,5,6,0,0.5540224673488567,0,1,5,3,0,4.72288851150889,0,9.6,2.8,0.1,Enrolled
1,50,1,9202,0,1,133.5,16,36,27,10,14,152.4,0,0,0,1,0,0,18,0,0,5,11,3,14.409018758610042,0,2,4,6,0,5.134734553474168,0,15.0,-0.8,-1.92,Enrolled
1,1,1,6071,1,1,127.4,35,13,2,20,16,147.9,1,0,0,1,0,0,18,0,0,5,5,0,0.059898738747001565,0,1,5,2,2,17.169928559963466,0,10.8,-0.6,1.22,Enrolled
1,35,1,8911,1,2,143.9,24,29,3,3,3,152.2,0,0,1,1,0,0,30,0,0,10,14,1,2.156605650746045,0,10,9,8,3,16.303647680444534,0,15.9,0.5,-3.26,Enrolled
1,55,1,9977,1,6,118.6,10,44,44,9,8,151.3,0,0,0,1,1,0,23,0,0,8,15,4,17.86998076329504,0,3,9,29,1,13.654104781670208,0,10.3,0.9,-2.66,Dropout
1,54,1,9131,1,3,134.9,10,41,31,3,14,167.1,0,0,0,1,0,0,35,0,0,10,12,3,6.442860260652457,0,10,10,4,1,5.771962579395562,0,11.4,0.2,-2.72,Graduate
1,4,2,6443,1,1,129.6,24,34,3,5,6,155.0,1,0,0,1,0,0,18,0,0,12,10,14,18.86937755783781,0,6,10,15,20,18.571428571428573,0,8.9,-0.7,2.76,Graduate
4,27,2,9675,1,1,143.5,69,24,44,9,2,158.1,1,0,0,1,0,1,18,0,0,7,7,10,18.854664898505014,0,2,8,12,10,18.571428571428573,0,11.1,0.0,-0.69,Graduate
1,3,1,9906,1,1,147.7,30,34,3,20,40,162.6,0,0,0,1,1,1,18,0,0,6,9,0,0.06236713503672602,0,2,6,5,0,6.769636140930435,0,16.1,-0.8,-3.99,Graduate
1,57,1,9207,1,9,130.2,34,35,2,18,9,168.0,1,0,0,1,0,0,32,0,0,11,19,4,17.08509481296866,0,10,10,33,4,17.311590423776767,0,13.7,-0.6,-1.23,Graduate
1,28,4,3799,1,4,152.0,100,1,44,12,10,150.5,1,0,0,1,0,1,29,0,0,7,7,2,2.6402640688065806,0,8,7,2,3,15.363006471744951,0,10.3,3.5,3.02,Graduate
1,1,1,5935,1,1,146.4,15,32,44,9,31,151.2,1,0,0,1,1,0,18,0,0,4,9,2,11.176093122124234,0,1,5,11,1,12.977441175165824,0,13.5,-0.4,-1.45,Graduate
1,43,1,9665,1,2,148.4,71,1,3,6,32,157.3,0,0,0,1,0,1,30,0,0,6,11,4,18.000107111404947,0,2,6,19,5,17.69668895375399,0,10.5,0.3,1.74,Graduate
1,49,2,9502,1,2,146.7,35,32,37,7,4,156.0,1,0,0,1,0,0,19,0,0,6,10,4,18.48132627250452,0,1,7,9,1,8.11585627947363,0,12.7,-0.6,-2.39,Dropout
2,53,2,9286,1,3,127.3,102,1,2,18,11,148.8,1,0,0,1,0,0,33,0,0,9,6,0,0.015857272982012137,0,6,9,7,2,13.575167581762141,0,11.6,2.2,0.88,Graduate
1,54,1,9976,1,1,147.7,42,42,13,3,1,158.7,0,0,0,1,1,0,18,0,0,5,4,1,4.40887695634866,0,2,4,3,0,6.160684431444118,0,11.6,0.4,-1.35,Dropout
1,5,4,4110,1,1,133.9,19,17,2,1,1,157.6,0,0,0,1,0,0,18,0,0,3,3,0,0.4038943727968855,0,1,3,1,0,2.4622241331541197,0,9.1,-0.8,0.61,Graduate
4,56,3,9754,1,7,123.3,103,9,42,2,11,161.4,0,0,0,1,0,0,38,0,0,8,15,11,18.826958251829783,0,7,8,13,7,18.571428571428573,0,9.8,-0.3,-1.29,Dropout
1,34,4,9562,1,1,127.0,12,14,21,2,2,152.4,0,0,0,1,0,1,21,0,0,6,5,6,18.311449634389557,0,3,7,10,5,18.156086076344476,0,9.1,0.0,-1.17,Dropout
1,56,1,9988,0,2,136.0,4,44,24,18,9,150.3,0,0,0,1,1,0,34,0,0,8,11,6,17.790410717637236,0,2,8,11,6,18.571428571428573,0,9.3,0.3,1.9,Dropout
1,6,3,8085,1,1,115.0,13,17,2,3,4,157.9,1,0,0,1,1,0,27,0,0,9,10,9,18.819837200584594,0,1,8,11,3,16.569778791698898,0,12.9,3.3,-0.1,Graduate
1,13,5,6135,1,2,120.2,45,4,3,3,20,153.1,1,0,0,1,1,0,25,0,0,6,8,0,0.07580288048361543,0,8,6,1,0,1.4691107988983745,0,9.2,-0.5,1.08,Dropout
1,11,5,9243,1,1,134.2,17,22,6,8,5,150.0,0,0,0,1,1,1,18,0,0,10,13,19,18.87498972057747,0,7,9,14,14,18.571428571428573,0,10.8,-0.8,-1.77,Graduate
1,27,2,9830,1,2,115.6,102,42,15,3,1,158.0,1,0,0,1,0,0,42,0,0,10,11,6,16.96679042342055,0,7,8,3,1,6.672994836108874,0,11.6,0.7,-1.13,Graduate
1,21,4,7362,1,1,138.9,30,19,3,3,7,153.2,1,0,0,1,0,1,18,1,0,8,2,9,18.806466993152423,0,2,8,2,11,18.571428571428573,0,9.2,-0.8,-0.49,Graduate
1,32,2,8247,1,3,129.6,62,9,2,19,28,153.4,0,0,0,1,0,0,20,0,0,9,11,2,3.8563421014060015,0,4,9,6,0,2.326761423424911,0,14.9,0.1,-3.19,Dropout
1,1,6,7998,1,1,123.6,21,1,44,9,5,154.8,0,0,0,1,0,0,20,0,0,6,7,1,1.2839616898405248,0,2,6,7,3,16.63610531663276,0,10.2,3.7,0.47,Graduate
1,12,6,9294,1,1,152.9,17,8,7,9,1,161.7,0,0,0,1,0,0,18,0,0,5,6,1,1.2473533271436865,0,3,7,2,0,5.581836494239262,0,9.7,0.4,0.93,Graduate
1,27,1,7384,1,4,154.9,64,44,17,62,41,157.0,0,0,1,0,1,0,19,0,0,4,3,1,1.3293943912763573,0,5,5,1,1,12.064461853706502,0,10.1,0.2,0.52,Enrolled
1,1,4,9708,1,1,131.2,15,38,28,15,5,153.3,0,0,1,0,0,0,18,0,0,5,6,2,10.449513693033591,0,1,6,2,1,9.161428032929667,0,11.8,2.6,2.31,Enrolled
1,1,1,9865,1,1,140.0,71,15,2,27,15,154.1,1,0,1,0,0,1,18,0,0,5,9,4,18.31203921384031,0,1,5,13,3,17.11310887051758,0,12.6,0.6,0.72,Graduate
1,12,1,9885,0,2,134.1,17,16,25,4,1,149.0,0,0,0,1,1,0,21,0,0,10,15,16,18.874452141470343,0,7,10,30,16,18.571428571428573,0,15.6,0.1,-2.7,Dropout
1,51,2,7694,1,2,143.0,18,19,9,7,26,158.1,1,0,0,1,0,0,18,0,0,4,6,2,13.907582058969904,0,1,5,1,2,12.709041580116885,0,12.0,-0.8,-1.15,Graduate
4,49,1,9562,1,9,139.5,91,22,5,11,9,164.3,1,0,0,1,1,0,40,0,0,7,8,0,0.1397181034653542,0,4,5,0,0,3.1430871680962165,0,14.5,-0.5,1.33,Graduate
1,51,2,9819,1,1,140.3,21,20,41,15,23,155.4,1,0,1,1,0,1,20,0,0,7,19,5,17.83696643542916,0,2,7,25,9,18.571428571428573,0,12.4,-0.8,-0.23,Dropout
4,49,1,8295,0,1,118.4,13,41,43,1,0,156.4,0,0,0,1,0,0,61,0,0,2,0,0,0.005966413815510788,0,3,3,0,0,0.014145282785546321,0,8.9,-0.8,-0.76,Enrolled
1,4,4,5249,1,1,164.2,66,7,4,9,25,150.4,1,0,0,1,0,0,18,0,0,2,3,1,2.1927453980362506,0,5,3,2,2,16.109745978749487,0,14.1,-0.8,-3.28,Dropout
1,38,2,6203,1,2,130.3,71,34,35,17,21,156.5,1,0,0,1,0,1,26,0,0,5,2,3,13.671269194821333,0,1,6,1,0,3.2040671380707346,0,15.7,0.3,0.52,Graduate
1,23,1,7692,1,2,134.7,49,39,9,1,0,162.5,1,0,0,1,0,0,19,0,0,5,6,4,14.833269708542451,0,2,5,11,2,14.31993902367188,0,10.0,1.6,2.63,Dropout
1,1,1,9688,1,4,143.1,84,18,25,2,13,167.5,0,0,0,1,0,0,18,0,0,8,8,6,17.6149363194343,0,8,7,11,5,17.721387191702828,0,10.6,-0.6,2.12,Dropout
1,12,1,9914,0,1,118.0,82,3,36,17,6,148.5,1,0,0,1,0,1,32,0,0,5,4,0,0.7717251874833033,0,1,5,1,10,18.571428571428573,0,14.1,-0.8,-3.07,Graduate
1,19,1,4631,1,5,134.1,2,40,7,5,6,166.8,1,0,0,0,0,0,18,0,0,5,2,0,0.005966439821501225,0,3,4,0,0,0.2759012399125209,1,9.7,1.5,0.42,Enrolled
1,1,2,9561,1,1,152.7,32,1,2,1,2,152.9,0,0,0,1,1,1,18,0,0,9,8,11,18.86413092103277,0,3,9,8,5,18.326947382430525,0,13.7,-0.5,-3.49,Graduate
1,57,3,9905,1,1,112.7,3,7,3,5,3,154.0,0,0,0,1,1,1,31,0,0,10,18,9,18.825372785931847,0,6,8,21,7,18.571428571428573,0,14.1,1.6,-0.88,Graduate
1,57,1,9987,1,3,127.9,99,43,2,22,34,153.6,0,0,0,1,1,0,31,0,0,15,18,13,18.857268440912712,0,6,13,33,12,18.571428571428573,0,11.4,2.6,0.37,Dropout
2,8,1,6409,1,6,154.8,23,43,12,3,3,157.9,1,0,1,1,1,0,27,0,0,8,12,3,13.074234146517405,0,7,7,20,4,17.994108229000528,0,11.9,1.7,-2.07,Dropout
1,2,1,9990,0,1,152.7,67,44,17,1,1,159.6,0,0,0,1,1,0,18,0,0,8,9,5,17.443285465217162,0,5,7,6,2,13.238533774445457,0,10.5,-0.4,-1.63,Graduate
1,2,1,8931,1,1,150.6,6,44,38,3,3,155.6,1,0,0,1,0,0,18,0,0,9,12,1,0.18529855350086832,0,8,8,5,0,5.179534072490502,0,10.1,1.5,-0.17,Graduate
1,45,1,8998,1,1,116.7,7,15,11,29,11,150.0,0,0,0,1,0,0,43,0,0,6,9,3,15.911886225248791,0,5,6,7,1,11.448599812411192,0,11.4,0.5,1.82,Graduate
1,1,3,8000,1,1,122.2,40,1,2,22,25,147.5,1,0,0,1,1,1,18,0,0,8,9,4,13.574667036432356,0,2,8,14,3,17.023703868035785,0,14.4,3.6,1.7,Graduate
1,2,1,9113,1,1,133.1,52,37,34,5,6,157.3,0,0,0,1,0,1,22,0,0,7,12,4,17.50525688260978,0,1,7,12,2,14.46879590590132,3,10.4,-0.1,0.45,Dropout
1,57,1,9483,1,1,132.8,18,18,4,2,6,157.9,1,0,0,1,0,0,18,0,0,5,7,3,15.806188619880322,0,1,4,4,1,11.899970307703795,0,10.4,2.1,0.82,Dropout
1,54,1,9426,0,2,147.5,76,43,16,3,1,165.6,0,0,0,0,0,0,24,0,0,5,4,5,17.599522047645745,0,3,5,9,5,18.571428571428573,0,9.2,-0.8,0.73,Graduate
1,17,1,9801,1,1,120.9,17,24,10,6,12,151.5,0,0,0,1,0,1,35,0,0,9,12,1,1.9110719128182885,0,1,8,13,1,11.155419894558717,0,9.3,3.5,2.35,Graduate
1,29,2,6921,1,1,152.1,55,39,2,8,3,153.5,1,0,0,1,1,0,28,0,0,6,11,10,18.8552889745189,0,9,7,7,7,18.571428571428573,0,9.2,0.9,1.58,Dropout
1,23,1,5051,1,1,128.2,29,24,40,19,40,160.6,0,0,0,0,1,1,19,0,0,2,5,0,0.006017742420699429,0,1,3,0,0,0.8484846199832871,0,14.2,-0.7,-2.5,Dropout
1,2,2,9894,1,1,127.2,87,26,35,8,22,152.0,0,0,1,1,0,1,18,0,0,10,10,13,18.866989944302656,0,4,10,15,4,15.822634098795758,0,9.3,1.2,0.64,Graduate
2,56,1,9279,1,1,117.2,59,14,4,24,4,150.0,0,0,0,1,1,0,19,0,0,6,9,1,4.216966105674104,0,1,6,19,2,14.888998277492352,0,10.0,-0.6,-3.44,Enrolled
1,9,1,9661,1,3,131.9,8,15,9,7,23,149.3,1,0,0,0,1,0,21,0,0,9,11,2,3.764018446001009,0,5,8,10,7,18.546695523815025,0,9.0,-0.1,2.84,Enrolled
1,57,1,8004,1,3,107.1,61,4,38,1,1,154.4,1,0,1,1,1,1,20,0,0,5,9,0,0.30797141398479444,0,2,4,3,0,1.611613612583312,0,12.1,-0.2,-2.93,Enrolled
1,36,2,9070,1,7,134.2,22,41,23,6,15,163.2,1,0,0,1,0,0,37,0,0,4,5,1,4.825115367354212,0,5,3,0,1,11.15877349059462,0,9.4,-0.8,-3.54,Dropout
1,26,1,4866,1,4,129.7,58,39,27,2,10,165.8,1,0,0,1,1,0,49,0,0,2,2,0,0.015207608826003378,0,1,2,2,0,1.394661784368564,0,12.7,3.3,2.89,Enrolled
1,14,1,9760,1,1,142.9,8,10,39,1,1,154.2,1,0,0,1,1,0,18,0,0,9,12,19,18.874995006312616,0,5,10,27,15,18.571428571428573,0,12.1,-0.7,-1.91,Enrolled
1,52,1,9004,1,14,133.1,5,10,28,6,7,156.6,0,0,0,0,0,1,19,0,0,8,10,8,18.841551200586217,0,2,7,22,9,18.571428571428573,1,15.0,1.9,-1.33,Graduate
1,48,1,9897,0,15,115.8,3,21,2,1,1,151.0,0,0,0,1,1,0,34,0,0,8,8,1,1.159833011686117,0,6,8,7,0,0.9514664600853886,0,9.9,-0.7,-2.8,Enrolled
1,4,1,9143,1,1,125.0,2,34,44,9,4,152.3,0,0,0,1,0,1,25,0,0,4,5,1,4.871461112493225,0,1,4,6,1,9.33444808054801,0,9.7,-0.8,-3.75,Dropout
1,41,1,7340,1,1,108.0,87,33,8,14,9,150.3,1,0,0,1,0,1,18,0,0,6,3,1,1.4435244206958804,0,2,6,3,1,12.591708332506263,0,10.6,-0.2,1.83,Dropout
2,53,1,5957,1,1,143.6,13,35,44,34,12,162.4,1,0,1,0,0,0,22,0,0,4,12,1,2.333451980430848,0,1,4,23,0,4.000230029279632,0,8.9,2.7,-1.78,Dropout
1,20,1,7389,1,2,141.0,41,33,44,7,4,158.6,0,0,0,1,1,0,22,0,0,1,1,0,0.009954848874025816,0,1,2,0,0,0.4248808120841007,0,15.1,-0.6,-3.44,Enrolled
1,23,1,9921,0,1,121.1,65,7,2,13,34,151.5,1,0,1,1,0,0,18,0,0,5,6,2,12.443262889210292,0,1,6,8,5,18.571428571428573,0,11.4,0.6,0.67,Enrolled
1,5,1,9656,0,3,133.7,25,43,44,5,10,157.1,0,0,0,1,1,0,30,0,0,8,12,6,18.05906255069062,0,6,9,14,4,16.827859988487077,0,12.8,-0.5,0.45,Dropout
1,1,1,8181,0,1,112.8,79,17,6,7,14,147.9,1,0,0,1,0,1,18,0,0,4,1,1,0.6090548503273104,0,1,4,1,1,8.564881473920682,0,15.1,1.7,2.3,Graduate
1,45,2,8961,1,3,132.4,33,5,2,11,21,158.7,1,0,0,1,0,0,18,0,0,10,15,4,16.493029510001122,0,2,11,27,4,17.056995548668915,0,12.9,3.7,2.43,Enrolled
1,35,2,9332,1,2,139.1,84,12,2,1,0,164.4,1,0,0,1,0,0,37,1,0,10,14,2,4.715909879922517,0,9,10,7,1,9.568545693930906,0,9.2,3.7,2.88,Graduate
1,20,1,9792,1,2,152.2,19,14,40,1,5,163.1,1,0,0,1,0,0,18,0,0,6,13,14,18.87494452217429,0,1,6,33,6,18.571428571428573,0,14.4,-0.7,-2.73,Graduate
1,20,1,8344,1,1,133.3,3,43,44,4,6,156.2,1,0,0,1,0,0,18,0,0,6,3,1,3.570478518064697,0,4,6,0,0,3.5811168778695865,0,10.3,-0.8,-2.27,Dropout
1,2,2,4369,1,1,127.1,19,24,15,10,22,161.6,0,0,0,1,0,0,20,0,0,5,2,0,0.006233296058212968,0,1,4,0,0,0.4705004226817181,0,11.5,3.7,-1.14,Dropout
1,7,2,6689,1,1,137.7,104,41,30,6,10,158.1,1,0,0,1,1,0,18,0,0,5,12,1,4.508313326827183,0,3,5,10,0,6.35606166278711,0,9.3,-0.8,-1.36,Dropout
1,7,4,6143,1,2,117.7,20,3,40,4,5,159.5,1,0,0,1,0,0,18,0,0,6,14,6,18.60785124930815,0,1,7,23,3,16.787800162799602,0,12.0,3.7,1.12,Graduate
1,55,5,9720,1,1,120.3,32,43,38,17,19,150.5,1,0,0,1,1,1,18,0,0,7,13,25,18.874999999683684,0,2,7,33,17,18.571428571428573,0,11.4,-0.7,-2.3,Dropout
1,1,1,9403,1,1,146.8,87,43,33,8,17,154.7,0,0,0,1,0,1,18,0,0,4,0,1,5.92585692619211,0,1,4,2,0,6.346471422408801,0,9.4,3.7,-1.7,Graduate
1,2,4,7973,1,6,134.8,95,15,4,6,8,163.5,0,0,0,1,1,1,19,0,0,6,6,6,18.133981211616536,0,4,5,11,2,12.186358743472931,0,14.8,0.5,-3.41,Graduate
1,7,1,8041,0,1,144.3,44,44,6,12,15,159.0,1,0,0,1,1,0,19,0,0,9,6,7,17.565954120293892,0,6,7,2,8,18.571428571428573,0,9.9,3.2,2.97,Graduate
1,51,2,6469,1,1,117.8,17,8,42,11,12,152.0,1,0,0,1,0,0,21,0,0,10,12,3,10.666936424799568,0,6,9,4,3,14.814267673777174,0,12.5,-0.6,0.51,Graduate
1,9,6,9927,1,3,142.0,32,44,42,14,43,150.4,1,0,0,0,0,0,24,0,0,5,6,3,15.028741987265759,0,1,5,10,0,8.677583920232234,0,9.8,-0.7,-3.19,Graduate
1,29,4,9340,1,7,135.8,22,26,15,11,21,158.5,0,0,0,1,1,0,24,0,0,5,6,1,4.470498642661074,0,2,5,8,0,2.4139848128189225,0,10.3,2.3,2.63,Enrolled
1,48,1,3660,1,1,136.8,45,6,3,4,4,159.5,1,0,0,0,0,0,18,0,0,5,8,2,4.181489534801677,0,3,6,9,6,18.50390560073524,0,10.6,-0.0,0.44,Graduate
1,1,2,9471,1,1,159.5,7,7,11,1,3,167.4,1,0,0,1,0,0,18,0,0,11,13,17,18.87491331417205,0,4,11,23,6,18.305607034406208,0,10.6,-0.3,1.82,Graduate
1,10,1,6608,1,8,117.7,101,6,5,4,2,148.6,1,0,0,1,0,0,18,0,0,5,12,2,12.468785199804856,0,1,5,20,1,11.151140801643454,0,9.9,0.1,1.25,Dropout
1,8,1,7871,1,1,117.8,4,6,42,7,3,150.3,0,0,0,1,0,0,21,0,0,5,10,3,15.135348148933671,0,1,6,17,3,15.633086132919887,1,11.0,2.7,1.72,Graduate
1,1,2,9878,1,1,130.7,44,39,44,11,14,167.8,0,0,1,1,1,1,18,0,0,5,9,22,18.87499990487061,0,4,6,33,20,18.571428571428573,0,10.5,-0.8,2.45,Graduate
1,34,1,9728,1,1,150.5,21,1,4,11,4,152.0,1,0,1,1,0,0,18,0,0,8,3,0,0.2987718985733116,0,2,8,0,0,3.7503347150224218,0,9.8,2.3,0.48,Graduate
4,46,1,6927,1,5,113.6,94,38,44,15,5,147.8,0,0,0,1,0,1,70,0,0,8,18,11,18.87298967709407,0,7,9,22,6,18.571428571428573,4,12.7,3.7,1.84,Enrolled
1,30,1,9159,1,2,127.3,16,43,37,35,45,147.9,0,0,0,1,1,1,19,0,0,3,6,4,17.969449106377283,0,1,4,11,2,16.368256657867573,0,12.6,3.7,-3.1,Dropout
1,33,1,9079,0,1,145.1,12,13,29,18,24,147.6,0,0,0,1,0,0,25,0,0,5,8,2,11.231923841228554,0,2,5,5,1,10.128846606651697,0,10.4,-0.6,-0.76,Dropout
1,44,1,9495,1,1,102.7,90,13,19,2,1,152.2,0,0,0,1,0,0,61,0,0,9,17,21,18.874999837147666,0,3,8,33,5,18.233183014234076,0,9.9,0.5,-2.74,Dropout
1,46,1,8087,1,4,117.3,28,18,3,8,3,148.9,0,0,0,1,1,0,22,0,0,6,8,2,4.067893125999409,0,8,7,3,2,13.71440312634066,3,11.5,-0.5,0.07,Graduate
1,22,1,9947,1,1,111.5,101,44,44,34,12,154.0,0,0,0,1,0,0,51,0,0,8,8,12,18.865974916316986,0,11,8,13,12,18.571428571428573,0,12.0,0.9,0.14,Graduate
1,45,1,5395,1,1,143.3,30,3,2,16,21,147.9,1,0,0,1,0,1,18,0,0,4,6,1,6.420544891179229,0,1,5,5,1,11.860941901945617,0,9.4,1.6,-0.59,Enrolled
4,55,1,7653,1,5,136.4,5,41,4,2,1,155.1,0,0,0,1,1,0,33,0,0,6,13,2,7.291308662276051,0,7,6,12,2,13.838652364409167,1,13.7,-0.7,-3.9,Enrolled
1,2,2,8958,1,1,142.6,5,4,44,8,22,153.2,1,0,0,1,0,0,18,0,0,1,0,0,1.0409814148913188,0,1,1,0,1,11.35275259608538,0,9.7,-0.6,1.69,Graduate
1,28,1,7437,1,1,136.8,35,2,2,4,23,157.2,0,0,0,1,0,0,39,0,0,7,3,2,4.825304227447867,0,3,8,1,5,18.190988833004813,0,9.9,3.7,1.56,Graduate
1,50,1,4547,1,1,137.5,90,33,2,6,8,160.8,0,0,0,0,1,1,39,0,0,6,5,0,0.12531811162214232,0,1,6,4,0,0.8157516548435099,0,14.6,3.7,2.88,Enrolled
1,1,3,2215,1,1,115.2,60,1,13,1,14,150.1,1,0,1,1,0,0,18,0,0,8,14,25,18.874999997935547,0,1,7,25,12,18.571428571428573,0,11.2,1.2,2.44,Graduate
1,3,1,8325,1,1,111.3,67,41,44,2,9,148.3,0,0,0,1,1,0,18,0,0,4,4,6,18.071750758615416,0,1,4,8,1,9.772617248916013,0,14.5,3.7,-2.27,Graduate
1,3,2,9591,1,2,136.7,49,23,16,1,2,151.9,1,0,0,1,0,0,19,0,0,4,5,3,16.94368785375542,0,2,4,12,7,18.571428571428573,0,9.3,0.1,3.01,Graduate
1,37,1,8298,1,2,133.3,94,26,16,11,6,153.5,1,0,1,0,0,0,22,0,0,5,12,3,16.80701970349338,0,1,5,16,1,10.854471774799725,0,9.5,2.1,2.99,Enrolled
2,14,1,3998,1,1,140.1,71,32,9,16,30,169.2,0,0,0,1,1,0,24,0,0,2,4,0,0.00801117205301648,0,2,3,0,0,0.901054638999265,0,11.5,-0.1,-1.49,Enrolled
1,37,1,6045,1,2,114.7,10,44,44,3,4,152.7,0,0,0,1,0,1,34,0,0,4,3,1,1.3219353874498916,0,1,5,1,0,8.528140517157013,1,14.2,3.2,-3.75,Dropout
1,57,3,8330,1,9,155.9,77,2,9,2,3,157.2,0,0,1,0,1,0,67,0,0,6,6,0,0.2567889116615554,0,3,6,5,0,5.343613810836752,0,14.3,2.7,1.33,Graduate
1,26,1,8760,1,3,149.2,16,18,21,5,12,169.8,0,0,0,1,0,0,32,0,0,8,10,3,15.470238173450813,0,6,8,4,1,12.218110896101924,0,9.3,0.4,2.25,Enrolled
1,22,1,9364,1,1,134.8,91,17,17,31,27,157.5,0,0,0,1,1,1,21,0,0,7,6,2,8.284938544700156,0,1,7,3,1,10.978760987211926,0,13.9,-0.8,-2.96,Graduate
1,36,1,7653,1,1,129.9,107,1,2,6,9,154.7,1,0,0,1,1,0,18,1,0,8,10,1,3.981200643659705,0,5,9,6,1,10.007687021078143,0,11.8,2.5,-1.91,Dropout
1,1,2,7397,1,1,143.4,30,41,3,31,32,153.7,1,0,0,1,0,1,21,0,0,4,6,1,4.666908552173692,0,1,3,9,3,17.47210967204302,0,12.9,-0.3,-1.88,Graduate
2,56,1,8929,0,1,132.1,102,44,39,11,4,156.5,0,0,0,1,0,0,39,0,0,4,9,4,18.171806390698393,0,3,4,5,1,12.829512348615175,0,14.9,3.7,-2.84,Dropout
1,5,1,7674,0,1,139.8,24,29,18,8,15,149.9,0,0,0,1,0,0,20,0,0,4,6,1,3.8715839806922676,0,2,5,7,0,5.401140144702767,0,9.1,1.2,3.41,Enrolled
1,53,1,8653,0,2,131.1,7,44,44,2,3,163.8,1,0,0,1,0,1,25,0,0,5,7,3,10.45323532786145,0,4,5,6,3,16.856888499083738,0,12.9,2.7,-1.85,Graduate
1,3,1,9974,1,1,131.5,4,38,26,1,13,151.7,0,0,0,1,1,0,19,0,0,10,11,9,18.85590682630501,0,5,11,20,3,17.40031037900584,0,9.8,1.7,0.15,Dropout
1,23,4,8864,1,1,115.1,2,43,5,9,8,149.1,0,0,0,1,0,0,22,0,0,6,8,3,14.831556879744872,0,2,6,10,2,16.514775707230484,0,12.7,-0.8,-3.54,Graduate
1,2,1,6177,1,3,129.2,46,32,9,1,5,173.1,1,0,0,1,1,0,36,0,0,3,1,0,0.015189377293252431,0,2,3,0,0,0.8620831109126953,0,11.3,-0.8,0.08,Dropout
1,15,3,7831,1,1,134.4,6,39,44,63,44,152.8,1,0,0,1,0,0,18,0,0,5,9,15,18.874954845895203,0,1,4,13,19,18.571428571428573,0,15.2,1.9,-2.59,Dropout
1,1,1,8888,1,1,129.0,4,40,3,8,4,149.1,1,0,0,1,0,0,18,0,0,3,0,0,0.005974818674212297,0,1,4,1,0,0.49840192546777035,0,11.3,3.2,0.45,Graduate
1,54,1,5503,1,3,129.7,89,29,2,7,5,152.7,0,0,0,1,0,0,22,0,0,6,3,2,2.459852481774042,0,3,7,1,1,12.140601569486728,0,12.8,-0.6,0.51,Graduate
1,31,1,7826,0,3,131.8,67,1,2,1,5,149.7,1,0,0,1,0,0,19,0,0,6,4,1,0.49339857566026213,0,5,6,1,0,6.085406156783436,0,11.0,0.5,2.2,Graduate
1,38,1,9762,1,1,116.3,5,24,5,4,15,152.8,0,0,1,1,0,1,36,0,0,5,9,24,18.874999994534306,0,2,6,21,20,18.571428571428573,0,14.5,1.5,-2.9,Graduate
1,2,1,6938,1,1,141.2,44,34,29,10,23,166.4,1,0,0,1,0,1,18,0,0,6,9,3,11.235807348988278,0,2,7,11,6,18.038771507461526,0,14.6,1.3,-0.92,Graduate
2,41,1,8543,1,3,123.2,77,44,8,4,2,161.7,0,0,0,1,0,0,26,0,0,8,11,1,1.0491464796719743,0,2,8,7,0,6.421875662458578,0,15.6,-0.5,-0.49,Graduate
1,21,1,9303,1,2,127.2,28,20,24,5,18,157.2,0,0,0,1,0,0,18,0,0,9,11,12,18.856215853941745,0,5,9,22,13,18.571428571428573,0,14.2,1.2,1.3,Graduate
1,4,2,9229,1,1,122.6,12,20,19,6,15,152.8,1,0,0,1,0,0,20,0,0,5,4,1,1.6801794555835696,0,1,7,1,0,6.218738161194898,0,8.9,-0.2,1.19,Enrolled
1,51,1,8619,1,1,151.4,17,25,35,2,1,162.8,0,0,0,1,0,0,18,0,0,14,17,20,18.874945252020538,0,10,12,33,13,18.571428571428573,0,13.7,-0.0,-2.63,Graduate
1,1,1,3649,1,3,161.2,6,1,2,3,9,154.2,0,0,0,1,0,0,18,0,0,6,2,1,1.0552377948454994,0,2,8,0,1,10.520358497135726,0,13.5,0.4,-2.91,Dropout
1,4,5,9872,1,1,128.5,19,20,8,6,5,158.5,0,0,0,1,0,0,18,0,0,11,12,7,18.236543979414204,0,5,11,33,13,18.571428571428573,0,11.3,0.4,3.12,Enrolled
1,55,2,9796,1,2,126.4,34,16,22,17,7,150.7,1,0,1,1,0,0,18,0,0,4,9,11,18.874081756895194,0,1,6,13,8,18.571428571428573,0,13.2,0.7,-2.3,Dropout
1,2,1,7475,1,1,133.6,13,2,12,27,16,158.1,1,0,1,1,0,0,18,0,0,12,20,21,18.874994138449555,0,10,12,20,14,18.571428571428573,0,10.6,-0.6,-2.19,Graduate
1,1,5,6431,1,1,149.3,9,30,4,7,12,162.8,1,0,0,0,1,1,18,0,0,7,7,12,18.87275568030017,0,4,8,11,20,18.571428571428573,0,9.8,-0.7,0.6,Graduate
1,17,5,3005,1,1,135.3,25,19,8,7,0,153.7,0,0,0,1,0,0,18,0,0,6,7,0,0.007078776080287305,0,3,6,2,0,2.0180066405802495,0,12.8,-0.6,-3.94,Enrolled
1,4,1,5351,1,1,150.1,88,37,2,2,9,164.3,1,0,0,1,1,1,18,0,0,9,13,4,16.9135120110694,0,5,8,10,1,12.693740175101079,0,15.0,-0.0,-3.57,Dropout
1,54,1,8372,1,1,128.2,61,24,43,28,21,147.4,0,0,0,1,0,1,32,0,0,4,2,2,5.90150784980186,0,3,3,3,5,17.336557406990842,0,11.8,-0.7,0.12,Graduate
1,51,2,9741,1,4,144.4,34,42,9,15,4,159.3,1,0,0,1,0,0,19,0,0,11,14,2,5.304939599988197,0,8,10,6,1,10.044932733362483,4,13.4,-0.4,-2.91,Enrolled
1,41,1,5065,1,1,123.9,7,44,13,21,19,159.4,1,0,0,1,0,0,20,0,0,3,10,1,1.8972949839325741,0,4,2,3,1,13.266931577706604,0,10.9,0.7,-0.13,Enrolled
1,57,1,9984,1,8,107.8,45,42,39,22,8,150.2,0,0,0,1,0,0,63,0,0,9,17,5,18.51522811447488,0,3,8,26,5,18.571428571428573,0,14.1,0.5,-3.56,Dropout
1,47,1,9433,1,2,151.6,25,1,28,2,5,168.3,1,0,0,1,1,0,53,0,0,4,8,0,0.10739054526113216,0,1,5,4,0,0.3341601147679517,0,12.7,1.3,-0.79,Dropout
1,17,1,9972,0,3,116.4,25,24,5,40,49,155.5,1,0,0,1,0,0,34,0,0,8,6,0,0.23779681907875447,0,6,8,1,0,2.1334904084352497,0,10.0,0.2,2.28,Dropout
4,57,1,5618,1,2,143.7,50,28,41,12,24,167.5,0,0,0,1,0,0,25,0,0,7,15,8,18.733913600743687,0,5,6,4,4,17.48532841536459,0,9.7,3.3,3.22,Graduate
1,1,4,8368,1,2,121.3,4,37,17,25,20,155.3,1,0,0,1,0,1,21,0,0,2,0,1,3.4383449228340863,0,1,2,1,3,15.72239144249671,0,14.6,3.4,1.58,Graduate
1,2,1,8924,1,1,136.0,48,17,9,6,17,156.9,1,0,1,1,0,0,18,0,0,6,12,12,18.873713899125182,0,2,7,12,8,18.571428571428573,0,12.0,-0.6,-3.51,Enrolled
1,33,1,9728,1,2,137.8,13,35,3,18,25,155.6,1,0,0,1,0,0,18,0,0,10,13,18,18.874992694877914,0,4,10,30,19,18.571428571428573,0,11.9,0.1,0.36,Graduate
1,49,1,8658,1,1,142.8,31,33,44,6,3,161.0,1,0,0,1,0,0,19,0,0,3,5,0,0.16759134316633997,0,1,4,0,0,7.236676290135624,0,8.9,3.7,2.87,Enrolled
2,1,1,7870,1,1,131.8,79,2,2,3,9,169.1,0,0,0,1,0,0,18,0,0,6,8,9,18.803123463254355,0,2,6,9,9,18.571428571428573,0,14.2,-0.8,-4.06,Dropout
1,4,1,8698,1,1,121.6,30,44,43,1,0,154.0,1,0,0,1,0,0,18,0,0,6,5,3,13.978467996933897,0,6,5,8,0,5.242485801869626,0,9.4,1.5,1.63,Graduate
1,14,1,8793,1,1,125.9,10,43,3,35,38,156.5,0,0,0,1,0,0,52,0,0,8,13,2,3.705292194660931,0,5,8,18,4,17.281774582866465,0,15.2,1.4,-2.25,Dropout
1,1,5,8499,1,1,110.0,13,3,12,5,6,148.7,1,0,0,1,1,1,19,0,0,8,13,10,18.812884733675013,0,2,8,12,7,18.571428571428573,0,15.1,1.4,-3.63,Graduate
1,1,5,7520,1,1,129.2,5,8,2,9,5,146.9,1,0,0,1,0,1,18,0,0,4,4,6,18.214824068732394,0,1,4,5,4,17.69481254873777,0,9.0,0.0,3.22,Graduate
1,2,2,8243,1,3,139.3,23,25,34,8,4,146.5,1,1,0,1,0,0,18,0,0,5,4,5,17.59728325055211,0,2,5,5,6,18.571428571428573,0,9.1,-0.7,2.04,Graduate
1,55,3,9945,1,1,117.0,9,43,21,8,10,155.9,1,0,0,1,1,0,34,0,0,2,9,7,18.84221735066047,0,1,2,19,8,18.571428571428573,0,12.9,0.8,-3.41,Dropout
1,36,1,9275,1,2,138.2,98,3,5,1,1,152.6,0,0,0,1,1,0,19,0,0,6,10,6,18.56187620605302,0,2,7,10,5,17.87726590700768,4,15.2,2.4,-3.81,Enrolled
1,22,3,9903,1,2,138.4,40,28,5,4,9,154.3,0,0,0,1,1,0,29,0,0,7,8,3,15.329417867429095,0,3,6,15,1,13.33247437684135,0,9.4,3.7,1.51,Graduate
2,56,1,9108,0,4,152.3,36,39,42,6,1,152.2,1,0,0,1,1,1,27,0,0,5,2,0,0.030580169573009693,0,1,5,1,0,0.5747547622367405,0,10.1,2.9,-1.88,Graduate
1,52,1,9848,1,1,126.3,3,29,37,10,7,148.3,1,0,0,1,1,0,20,0,0,10,11,11,18.860850362717418,0,4,10,23,8,18.571428571428573,0,9.3,3.5,2.49,Graduate
1,28,1,5892,1,3,108.8,91,44,35,3,15,151.2,1,0,0,1,1,0,38,0,0,3,11,0,0.21197789583672952,0,2,3,6,0,4.5697536711255085,0,10.5,-0.3,0.86,Dropout
1,3,2,9717,1,1,130.6,3,41,38,2,0,149.3,1,0,0,1,0,0,22,0,0,5,8,3,14.560511996760987,0,1,6,13,5,18.498404474872473,0,9.1,-0.8,2.0,Enrolled
1,36,1,7648,1,2,141.8,9,22,2,28,21,153.1,1,0,0,1,0,0,23,0,0,5,10,5,18.238952266821922,0,2,5,6,5,18.5084116601966,0,8.9,1.3,1.75,Graduate
1,2,1,9545,1,1,140.0,41,40,43,5,13,151.5,1,0,0,1,0,0,18,0,0,6,7,3,13.56299836760363,0,1,5,4,5,18.07537507260475,0,10.4,1.3,2.78,Dropout
1,19,1,9895,1,1,129.4,12,19,2,2,9,159.8,1,0,0,0,1,0,19,0,0,9,14,9,18.82912977520719,0,4,9,33,12,18.571428571428573,0,13.9,2.3,-1.7,Graduate
1,27,1,9661,1,1,119.7,24,44,2,9,15,166.3,0,0,0,1,1,1,24,0,0,4,9,3,15.218204440818392,0,1,4,8,4,17.8966343249934,0,13.5,3.7,1.8,Enrolled
1,2,1,4174,1,1,151.1,45,3,2,11,16,165.4,0,0,0,1,1,0,18,0,0,3,3,0,0.9163443515913393,0,1,3,0,0,1.7171701136101558,0,13.9,-0.5,-2.95,Dropout
1,35,1,5853,1,1,121.1,65,34,39,7,15,150.8,0,0,0,1,0,0,18,0,0,9,11,2,6.197354497667191,0,5,8,8,4,17.836725711573134,0,9.8,2.0,3.24,Dropout
2,37,1,9402,1,1,130.1,25,28,40,2,1,159.6,0,0,0,1,0,0,33,0,0,11,6,1,0.2939828239757461,0,11,11,2,0,5.071687372349143,0,11.9,1.2,0.7,Graduate
1,56,1,7342,1,2,121.4,66,40,14,3,1,167.4,1,0,0,1,1,0,22,0,0,8,11,3,8.840151862431298,0,6,7,4,0,4.656380844830136,0,10.3,0.3,1.18,Graduate
1,44,2,9951,1,2,173.7,76,35,10,9,3,163.2,0,0,0,1,1,0,19,0,0,5,5,0,1.8303945391169552,0,3,5,1,0,6.153907556274558,0,9.2,-0.8,-0.12,Graduate
1,56,5,9411,1,2,134.3,16,41,36,3,1,155.2,1,0,0,1,0,1,27,0,0,3,6,0,0.9563524906133687,0,1,4,8,0,0.8638953662530171,0,12.0,-0.8,-1.93,Graduate
1,3,3,9228,1,4,113.8,21,26,16,2,1,148.0,1,0,0,1,0,1,18,0,0,6,10,7,18.791888695535263,0,1,6,24,2,15.968795887937675,0,12.2,-0.6,-3.43,Dropout
1,43,1,8028,1,1,154.9,77,9,13,32,29,164.4,1,0,0,1,0,0,23,0,0,8,13,13,18.869216330815618,0,4,8,31,13,18.571428571428573,0,12.0,2.0,-3.0,Graduate
1,23,1,9229,1,5,142.1,61,44,37,9,3,154.7,1,0,0,1,1,0,22,0,0,9,15,15,18.87492719952817,0,3,9,25,11,18.571428571428573,0,12.1,-0.6,-2.32,Enrolled
1,44,6,8250,1,2,111.1,54,44,39,11,22,147.5,1,0,0,1,0,0,20,0,0,5,9,5,18.324200389035227,0,2,6,13,2,15.335058765646519,0,11.0,-0.1,0.23,Dropout
2,7,1,9254,1,1,128.1,16,43,44,9,8,160.7,0,0,0,1,1,1,18,0,0,6,7,0,0.5838507079472833,0,8,5,4,0,6.1484887280336205,2,10.7,1.5,-0.98,Dropout
1,2,1,9056,1,1,121.3,11,2,3,6,21,148.7,1,0,1,0,1,1,18,0,0,6,9,9,18.857447632219127,0,1,6,6,4,17.8256245934805,0,10.2,2.3,1.27,Graduate
1,16,1,9188,1,1,127.8,52,29,31,3,2,157.9,1,0,0,1,0,1,18,0,0,12,8,9,18.115757415957397,0,7,11,10,4,16.060584177601122,0,12.5,-0.3,-0.04,Graduate
1,52,1,9189,0,5,145.9,58,43,29,7,6,179.1,0,0,1,1,0,0,18,0,0,7,7,4,16.4860389730411,0,2,7,11,16,18.571428571428573,0,12.7,-0.7,-2.47,Graduate
1,21,5,8401,1,1,122.4,90,44,2,22,61,151.9,1,0,0,1,1,1,18,0,0,5,7,4,18.163908481481897,0,1,5,14,5,18.41922262880832,0,9.3,3.6,2.53,Enrolled
1,55,1,7548,1,2,141.7,67,7,35,1,17,179.9,1,0,0,1,0,1,19,0,0,10,13,26,18.874999994424623,0,8,10,30,20,18.571428571428573,0,11.0,1.9,3.29,Graduate
1,56,1,9767,1,1,126.6,5,26,2,9,2,154.9,1,0,0,1,0,1,19,0,0,8,14,5,17.746977343995248,0,1,8,5,2,14.705047116931024,0,12.4,3.1,1.94,Enrolled
1,33,1,9453,1,1,134.8,2,25,39,18,26,160.7,0,0,0,1,0,0,18,0,0,7,9,13,18.873589823182016,0,3,8,7,10,18.571428571428573,0,9.1,0.2,1.14,Graduate
1,32,2,5633,1,1,132.9,61,12,44,32,28,158.5,1,0,0,1,1,0,23,0,0,5,5,0,0.08364171783419172,0,1,4,2,0,1.507797657359322,0,10.8,3.2,0.62,Enrolled
1,55,1,8771,1,2,143.7,62,6,4,19,11,156.7,1,0,0,1,0,0,19,1,0,7,7,8,18.17728430175733,0,6,7,4,7,18.489602337699075,0,15.4,0.8,-3.02,Graduate
1,34,1,9597,1,1,131.6,41,13,7,4,2,151.2,0,0,0,0,1,0,56,0,0,8,6,2,6.604265025225649,0,2,8,13,2,15.020529082802344,0,12.0,1.0,-1.33,Graduate
1,28,1,9526,1,1,117.3,11,37,18,15,26,151.0,1,0,0,1,0,0,23,0,0,4,8,4,17.321172657953046,0,1,5,16,4,18.296173691642455,0,10.2,-0.1,1.25,Dropout
1,23,1,8111,1,1,128.6,37,27,2,14,15,150.0,0,0,1,1,0,0,21,0,0,7,8,0,0.12183035820897807,0,3,7,2,0,1.2513483248503656,0,14.6,1.0,-3.72,Enrolled
1,27,1,5414,1,4,145.1,18,28,3,4,15,172.9,1,0,0,1,0,0,19,0,0,6,7,0,0.029954661206647797,0,5,6,1,0,2.230750147965428,0,15.1,3.7,-3.36,Graduate
1,43,1,9978,1,1,151.6,90,19,2,1,0,160.2,0,0,0,1,0,1,18,0,0,4,4,10,18.872886611181748,0,1,4,7,4,18.510940746009815,0,9.9,0.9,1.82,Dropout
1,24,1,9834,1,9,135.0,56,27,18,26,35,164.8,1,0,0,1,1,1,24,0,0,5,7,3,13.789218190201211,0,1,5,16,4,18.20361491656909,0,12.7,-0.7,0.79,Graduate
1,5,1,5517,1,3,134.6,30,6,3,2,9,151.2,1,0,0,0,1,0,18,0,0,5,7,2,13.043853821278363,0,2,5,9,4,17.989100017072282,0,14.9,-0.6,0.52,Graduate
1,57,4,9991,1,2,126.6,83,42,29,3,9,159.3,1,0,0,1,1,0,20,0,0,10,19,26,18.875,0,4,8,33,20,18.571428571428573,0,9.8,1.8,2.28,Graduate
1,43,1,9791,1,5,135.1,33,10,2,3,13,148.0,1,0,0,0,0,1,19,0,0,8,12,26,18.874999999997815,0,3,10,33,20,18.571428571428573,0,12.5,0.2,-0.02,Graduate
1,10,1,9530,1,1,126.6,62,3,14,22,43,151.8,1,0,0,1,0,0,21,0,0,8,8,11,18.856504049371665,0,4,9,16,20,18.571428571428573,0,15.0,1.7,0.41,Graduate
2,6,3,8469,1,1,145.8,37,5,6,7,5,155.3,1,0,0,1,0,0,18,0,0,10,9,26,18.874999999393395,0,2,10,20,20,18.571428571428573,0,13.4,1.3,1.53,Graduate
1,19,1,8091,1,1,144.4,6,7,4,5,6,169.2,0,0,0,1,1,0,26,0,0,8,12,5,16.996553669428994,0,4,8,16,3,16.256498927082188,0,9.0,-0.8,-0.36,Graduate
1,35,2,9789,1,1,115.9,76,26,33,3,2,157.0,1,0,0,1,0,0,21,1,0,6,6,2,5.01442248736074,0,2,6,10,1,7.840052649430475,0,9.1,2.9,3.33,Graduate
1,1,2,7062,1,1,141.3,50,5,4,2,17,169.2,1,0,0,0,0,0,19,0,0,3,7,0,0.048115721151824185,0,2,4,2,1,11.524249447372801,0,14.5,0.6,-1.98,Graduate
1,44,1,9363,1,7,131.6,16,39,10,4,5,172.6,1,0,0,1,1,0,25,0,0,9,8,1,1.3261948455443617,0,8,8,1,0,3.9454733666075397,0,13.1,0.8,-0.17,Dropout
1,49,1,9766,1,2,145.6,64,30,15,11,4,153.8,0,0,0,1,0,0,22,0,0,6,4,0,0.25757373219727436,0,2,6,4,0,1.7946598449879825,0,9.4,0.6,0.16,Dropout
1,10,1,9000,1,1,162.0,29,3,3,6,26,149.8,0,0,1,0,0,0,18,0,0,10,18,26,18.874999999999893,0,3,9,33,20,18.571428571428573,0,13.7,1.8,-3.16,Graduate
1,29,1,9877,0,1,146.5,2,1,2,1,4,154.1,0,0,0,1,1,1,20,0,0,5,6,8,18.687897980198787,0,1,4,22,6,18.571428571428573,0,9.6,1.5,1.97,Graduate
1,35,2,7011,0,4,109.9,73,26,4,5,7,153.5,1,0,0,1,1,0,32,0,0,7,14,10,18.86449259342669,0,2,6,29,9,18.571428571428573,0,9.6,2.2,3.26,Graduate
1,28,1,9949,1,1,119.3,46,11,44,2,1,150.7,1,0,0,1,1,0,53,0,0,13,14,4,14.363793884771079,0,10,12,25,2,14.639827446459842,0,9.8,1.8,1.81,Dropout
1,57,1,9988,0,6,135.1,12,41,7,8,11,164.2,0,0,0,1,0,0,38,0,0,5,10,3,17.164988577067902,0,1,4,11,1,13.666300575968163,0,14.4,-0.8,-0.69,Dropout
4,6,1,9443,1,2,125.6,29,26,23,2,12,154.3,0,0,0,1,0,1,18,0,0,7,12,10,18.868208130678248,0,2,8,23,10,18.571428571428573,1,10.7,1.1,-1.95,Graduate
1,13,6,8743,1,1,132.1,91,2,44,3,22,158.8,1,0,0,1,0,1,19,0,0,5,12,1,1.5040734459431029,0,2,5,15,1,9.828036557583031,2,11.4,-0.8,1.02,Dropout
1,17,1,8278,1,3,145.6,15,15,5,12,13,147.2,1,0,0,1,1,0,18,0,0,9,11,4,18.056711215436543,0,2,9,9,2,14.69508501810946,0,11.8,1.9,-0.43,Enrolled
1,2,1,3940,1,1,147.5,2,34,37,4,28,159.4,1,0,0,1,1,1,18,0,0,5,10,1,5.276363253527606,0,6,4,3,0,8.824792560717444,2,9.9,-0.8,2.91,Graduate
1,52,1,9894,1,1,134.3,4,22,26,11,2,158.8,1,0,0,1,0,0,25,0,0,5,10,5,18.749581931215758,0,1,6,27,1,13.424355719134772,1,9.4,3.5,1.98,Dropout
1,1,1,6380,1,1,125.4,85,21,29,4,14,162.3,1,0,0,1,0,0,19,0,0,7,7,0,0.06295997821408973,0,5,8,1,2,14.358801704003781,0,12.8,0.1,-0.95,Graduate
1,43,1,3607,1,2,136.6,22,43,2,1,2,166.9,0,0,0,1,1,1,22,0,0,7,2,0,0.016252805441061988,0,3,7,1,1,9.148568202525755,0,10.8,3.4,2.83,Dropout
1,36,1,3939,1,1,142.9,36,8,10,1,1,165.2,0,0,0,1,0,0,18,0,0,4,0,0,0.3667526695020497,0,1,3,0,0,0.22770748949626185,0,12.4,0.1,-1.42,Graduate
1,18,1,9540,1,1,115.9,28,37,2,18,21,149.2,1,0,0,1,0,1,18,0,0,7,12,2,10.522995462974837,0,1,8,33,4,17.980917401242298,0,13.3,1.6,2.47,Dropout
1,57,1,9852,1,1,144.7,107,4,23,6,29,155.5,0,0,0,1,1,0,19,1,0,5,6,2,12.933154649818448,0,1,6,16,1,10.298417247240893,0,11.6,-0.6,2.59,Graduate
1,15,1,7295,1,1,119.6,32,14,20,14,8,155.9,1,0,1,1,0,1,21,0,0,5,13,8,18.828008963741656,0,2,6,28,7,18.571428571428573,0,11.3,2.9,2.28,Graduate
1,21,1,9962,1,1,133.0,3,16,2,31,44,153.7,1,0,0,1,1,0,18,0,0,8,9,3,15.250570934724735,0,1,7,10,2,14.736263211268541,0,12.8,-0.5,-0.21,Graduate
4,1,1,7224,1,1,126.7,67,42,44,11,15,152.8,0,0,0,1,0,0,18,0,0,3,7,3,17.16118054947397,0,1,4,1,4,18.571428571428573,0,10.7,-0.4,-3.3,Dropout
2,21,1,7774,1,2,131.4,6,43,44,17,20,156.5,1,0,1,1,0,0,19,0,0,3,7,2,14.146223335731156,0,1,3,4,6,18.571428571428573,0,12.6,-0.1,-3.17,Graduate
1,6,2,9874,1,1,127.0,50,28,28,12,20,148.3,1,0,0,1,0,0,18,0,0,9,10,4,12.58945910516517,0,4,10,13,2,13.345423003087118,0,9.1,-0.0,2.69,Dropout
1,19,1,8501,1,1,144.9,89,3,3,29,1,147.6,1,0,0,1,0,0,34,0,0,6,6,6,18.595372181073223,0,5,5,7,7,18.571428571428573,2,9.4,3.3,3.09,Dropout
1,57,1,9143,1,2,135.1,17,42,15,3,3,152.9,0,0,0,1,1,0,52,0,0,9,10,4,14.288472301588978,0,4,9,22,0,8.028702571000498,0,12.5,0.0,-0.61,Graduate
1,19,1,6538,1,1,131.2,78,44,44,4,7,168.9,1,0,0,1,1,0,26,0,0,3,3,0,0.017640872572577036,0,1,3,0,0,0.7468586232407473,0,10.6,0.5,0.99,Graduate
1,2,1,8749,1,2,147.9,58,21,3,2,20,161.3,1,0,0,1,0,0,18,0,0,5,9,1,0.7322600863406639,0,3,6,5,0,5.235674033470331,0,9.4,2.8,3.41,Graduate
1,6,1,3316,1,1,115.8,3,33,41,17,26,152.5,1,0,0,1,0,1,18,0,0,5,11,12,18.874942157008498,0,2,5,11,4,18.571428571428573,0,9.1,3.0,2.38,Enrolled
1,7,1,9031,0,1,161.4,50,2,6,16,30,160.8,1,0,0,1,1,1,18,0,0,6,3,4,15.753108470085124,0,1,6,4,4,17.234643073724676,0,9.5,3.7,3.0,Dropout
1,35,1,5908,1,1,115.9,94,38,42,8,4,152.1,1,0,0,1,0,0,20,0,0,6,11,1,2.127284256486372,0,2,5,6,1,8.87125199667025,0,11.2,0.2,-0.75,Dropout
1,41,1,9868,1,1,154.4,23,38,36,3,2,157.0,0,0,0,1,1,0,18,0,0,10,16,11,18.810541719240835,0,2,8,33,10,18.571428571428573,0,10.5,3.6,2.71,Graduate
1,10,3,8650,1,1,117.2,100,36,23,7,25,149.6,1,0,0,1,1,1,18,0,0,5,3,1,1.6935931310576666,0,1,6,5,0,6.664612025826462,0,8.9,3.7,3.46,Dropout
1,1,2,9220,1,1,129.3,14,40,3,5,9,154.5,0,0,0,1,1,1,18,0,0,3,4,5,17.870147540006187,0,1,4,4,4,18.03621713755061,0,13.5,-0.6,-3.36,Graduate
2,8,6,5298,1,1,117.8,98,22,8,7,15,152.5,1,0,0,1,1,1,22,0,0,3,9,1,0.5177393705022252,0,2,4,2,1,11.345699830154716,0,10.8,1.8,-0.36,Graduate
2,45,1,9563,1,8,138.3,30,17,15,4,3,169.0,0,0,1,1,0,0,26,0,0,7,9,5,16.477656962930617,0,12,7,1,2,14.113648429823622,0,9.1,1.2,2.18,Graduate
1,2,2,9810,1,1,155.5,31,2,2,2,11,154.5,0,0,0,1,1,0,18,0,0,5,7,3,14.45653273696204,0,3,6,6,3,16.09513964926172,0,10.2,-0.7,-2.27,Graduate
1,39,3,9824,1,1,131.2,46,3,2,3,4,164.2,0,0,0,1,0,0,20,0,0,3,3,3,15.57017783440425,0,2,3,5,3,17.218528799673365,0,12.2,0.1,0.55,Graduate
1,5,4,7426,1,1,105.6,19,19,8,7,9,155.4,0,0,0,1,0,0,23,0,0,7,10,3,13.148785901071298,0,9,8,4,2,13.596780758258369,0,12.1,-0.1,-2.09,Dropout
1,44,1,7318,1,2,125.6,18,38,3,3,2,160.2,1,1,1,1,0,1,20,0,0,5,12,0,0.03475694177894032,0,3,5,3,0,3.024869533203352,0,9.1,-0.1,-1.25,Dropout
1,37,1,8498,1,2,135.7,83,2,18,7,12,156.4,0,0,0,1,0,0,32,0,0,6,4,8,18.790075005150378,0,2,7,6,9,18.571428571428573,0,14.8,-0.7,3.25,Graduate
1,10,1,9719,1,3,124.4,8,41,44,23,18,159.5,0,0,0,1,0,1,35,0,0,9,12,9,18.805217556569637,0,13,10,9,8,18.571428571428573,0,10.0,-0.7,-1.54,Graduate
1,21,1,9916,1,1,132.6,62,5,8,14,31,168.5,1,0,0,1,1,0,22,0,0,5,11,17,18.874998024713094,0,1,5,24,20,18.571428571428573,0,10.3,3.7,0.88,Enrolled
2,44,2,8957,1,1,138.0,68,43,39,6,6,159.4,1,0,1,1,0,0,19,0,0,5,7,1,3.434198737132233,0,4,6,9,1,7.770266304826437,0,14.5,3.5,-3.89,Graduate
1,21,1,7632,1,3,122.3,27,26,2,4,8,158.0,1,0,0,1,1,1,19,0,0,3,3,6,18.620119914691813,0,1,3,5,3,16.819402751908356,0,12.3,3.7,1.53,Enrolled
1,1,1,7541,0,1,119.5,65,38,44,52,34,158.8,1,0,0,1,0,1,20,0,0,8,15,9,18.730917101207844,0,6,7,11,9,18.571428571428573,0,9.3,0.6,2.6,Dropout
1,8,1,9421,1,1,117.4,70,1,6,12,26,161.3,0,0,0,1,0,0,22,0,0,7,9,6,17.393044437244885,0,2,7,9,9,18.571428571428573,3,11.7,-0.3,0.34,Graduate
1,57,1,9437,1,7,115.6,50,43,2,23,3,159.3,0,0,0,1,1,0,21,0,0,6,8,4,15.674190432190672,0,3,7,17,7,18.571428571428573,0,15.5,-0.2,-0.14,Graduate
1,2,4,7863,1,1,141.0,54,16,2,2,7,153.0,1,0,0,0,1,0,20,0,0,1,1,0,0.8578007968404886,0,1,1,5,1,13.91601247764519,0,9.8,-0.0,2.88,Graduate
1,52,1,9071,1,1,143.3,84,37,10,14,14,156.9,0,0,0,1,0,0,26,0,0,10,12,2,7.026644895857565,0,3,10,13,1,7.398695854342,0,13.8,3.7,-2.4,Dropout
1,30,1,9447,1,1,133.2,22,24,6,12,14,166.0,1,0,0,1,0,0,23,0,0,2,10,3,17.906458064394357,0,1,3,14,3,17.738636235467208,3,14.0,-0.8,-1.2,Enrolled
1,2,1,9481,1,1,134.0,62,41,21,31,23,148.7,1,0,0,1,1,1,25,0,0,6,7,10,18.864723305046486,0,1,5,5,4,18.035070789632353,0,9.4,3.7,-3.03,Graduate
1,1,1,8993,1,1,148.4,35,44,30,16,16,167.5,1,0,0,1,0,0,18,0,0,4,4,1,2.691537487564277,0,1,4,9,2,15.402586636053888,0,8.9,-0.8,3.36,Graduate
1,24,1,2435,1,1,136.2,23,30,37,3,2,155.5,1,0,0,0,1,0,60,0,0,0,0,0,0.005966413800454706,0,1,0,0,0,0.00021549537613240447,0,12.7,0.3,-3.71,Enrolled
1,22,1,4585,1,2,132.6,4,37,2,9,8,178.2,1,0,0,1,1,1,18,0,0,3,5,0,0.006005513262221833,0,2,3,0,0,0.3316335688134711,0,11.9,0.4,2.97,Dropout
1,57,1,9754,0,6,130.9,51,39,10,6,6,167.3,0,0,0,0,0,0,25,0,0,9,7,5,15.590482533698427,0,12,8,4,2,14.291951815108447,0,10.4,0.9,3.36,Graduate
1,13,1,9498,1,1,154.4,107,24,4,1,0,162.9,0,0,0,1,0,0,26,0,0,9,14,4,15.624987103030406,0,5,8,33,1,13.115271795434813,0,10.5,0.1,1.75,Graduate
1,20,1,7885,1,1,130.7,29,33,3,3,24,151.0,0,0,0,1,0,1,18,0,0,7,10,10,18.858803491674127,0,2,8,12,20,18.571428571428573,0,10.2,3.7,1.89,Graduate
1,1,1,7377,1,1,137.1,87,1,9,10,10,151.2,1,0,0,1,0,0,18,0,0,9,10,4,14.097377188286565,0,6,8,8,2,13.501476066270033,0,11.5,0.7,0.33,Graduate
1,23,1,7716,1,1,126.4,78,4,3,13,13,154.8,1,0,0,1,1,1,19,0,0,10,11,11,18.8626681874465,0,2,8,24,4,16.6781635680697,1,10.3,0.7,0.85,Dropout
1,50,1,9074,1,2,147.9,78,30,20,22,22,156.2,1,0,1,1,0,1,22,0,0,7,13,11,18.858440904400414,0,3,6,23,5,18.433715354473204,0,11.9,0.6,3.06,Graduate
1,8,1,9840,1,1,150.5,21,44,44,6,16,163.9,1,0,1,1,1,0,29,0,0,6,7,0,0.005972268380309004,0,1,5,3,0,1.2855701362634255,0,9.0,-0.7,-0.13,Enrolled
1,57,1,9943,0,3,129.2,22,17,44,6,3,153.4,1,0,0,1,0,0,33,0,0,6,9,0,0.0070497704278604705,0,4,5,10,0,6.291894940674603,0,8.9,-0.8,1.88,Dropout
1,42,1,6990,1,1,152.1,22,31,12,10,12,168.0,1,0,0,1,0,0,18,0,0,1,2,0,0.1575284802429261,0,1,1,0,0,3.2741677395174222,0,11.7,0.0,0.06,Graduate
1,6,1,7389,1,1,134.6,52,2,2,9,3,157.8,1,0,1,1,0,0,22,0,0,6,8,5,16.822868777451593,0,3,5,3,4,17.551534431452044,0,10.2,3.7,2.05,Dropout
1,1,3,3455,1,1,136.6,6,37,4,3,2,159.5,0,0,0,1,0,1,18,0,0,6,10,12,18.867245420975106,0,1,6,10,14,18.571428571428573,0,16.1,-0.5,-4.05,Graduate
1,1,5,7829,1,1,120.2,85,2,3,12,4,149.0,0,0,0,1,0,0,18,0,0,6,8,12,18.872415066914932,0,1,7,12,10,18.571428571428573,0,11.7,1.8,-2.57,Graduate
1,3,1,9543,1,1,119.2,14,7,3,11,22,155.0,0,0,0,1,0,1,25,0,0,6,6,3,13.198710084595158,0,1,7,6,5,18.259245831128215,0,15.2,-0.4,-1.07,Graduate
1,1,1,9048,1,1,130.2,35,44,27,9,8,148.3,0,0,0,1,0,1,18,0,0,8,12,16,18.874767919304308,0,1,7,28,7,18.571428571428573,0,14.5,3.4,-2.96,Graduate
1,33,1,9800,1,1,127.5,15,40,43,2,1,149.7,1,0,0,1,0,1,36,0,0,9,7,5,17.491188083673965,0,7,9,6,2,16.61078084356358,0,10.5,0.0,-3.81,Dropout
1,18,1,6423,1,1,128.2,19,2,40,13,64,148.0,1,0,0,0,0,1,27,0,0,11,11,10,18.70968685439431,0,7,10,15,10,18.571428571428573,0,14.7,0.6,1.18,Graduate
1,34,1,9807,1,1,143.4,46,43,43,21,45,169.1,1,0,1,1,0,0,40,0,0,4,0,0,0.006503590050158767,0,1,4,0,0,0.7334460514821048,1,12.2,1.7,3.4,Enrolled
1,16,1,9752,1,1,127.1,5,13,19,7,29,154.1,1,0,0,1,1,0,56,0,0,8,8,2,5.373845445728412,0,4,8,2,3,16.204907894118517,0,11.9,0.6,1.93,Graduate
1,4,1,7035,1,3,136.7,59,44,9,5,21,155.7,1,0,0,0,0,1,18,0,0,8,10,4,17.956266834122136,0,1,7,4,0,4.96637721913987,0,11.7,1.2,-2.43,Enrolled
1,29,1,9651,1,3,149.0,38,29,13,20,12,161.1,0,0,1,1,1,1,25,0,0,6,10,6,18.660280754881995,0,2,7,15,2,13.806574996634051,1,13.5,2.8,-2.04,Graduate
1,1,5,7882,1,1,139.4,3,1,8,17,7,153.6,1,0,0,1,0,0,18,0,0,7,14,17,18.874853967526064,0,1,8,20,14,18.571428571428573,0,9.6,-0.0,-3.77,Graduate
1,35,1,5338,1,1,115.0,96,2,4,15,9,152.8,1,0,1,1,0,0,27,0,0,4,7,0,0.01856317630116524,0,1,4,4,0,1.2551814326011175,0,13.1,2.4,2.03,Dropout
1,1,3,6829,1,1,133.5,26,4,3,6,3,166.4,1,0,0,1,0,0,18,0,0,4,4,0,0.006146878471258483,0,2,4,1,0,3.670603595212502,2,13.3,1.3,2.23,Dropout
1,13,1,9902,1,1,128.0,41,39,42,7,10,152.3,1,0,0,1,1,1,20,0,0,4,1,7,18.740441758341838,0,1,4,5,5,18.571428571428573,0,12.7,0.0,-1.4,Enrolled
1,2,1,8949,1,1,119.0,102,1,26,2,1,155.5,1,0,0,1,0,0,18,0,0,4,4,1,6.089764516374861,0,1,5,3,2,16.165530837143937,0,9.3,0.5,3.46,Graduate
1,18,3,7781,1,1,118.0,61,25,34,10,2,155.7,0,0,0,1,0,1,20,0,0,10,16,13,18.874043525150025,0,7,9,10,8,18.571428571428573,0,11.3,1.4,-3.54,Graduate
1,17,1,9922,0,1,133.2,51,8,44,7,15,153.0,0,0,1,1,0,1,19,0,0,8,9,3,11.986964712320633,0,9,6,3,3,15.781725764428222,0,9.3,0.6,3.05,Dropout
1,2,2,9909,1,1,127.1,14,3,2,1,0,153.8,1,0,0,1,0,1,18,0,0,6,9,7,18.761286754310113,0,1,7,11,6,18.571428571428573,0,12.4,3.7,-0.35,Dropout
1,11,1,8961,0,1,137.2,103,42,10,10,3,165.6,1,0,0,0,0,0,21,0,0,5,2,1,0.21747226248910684,0,3,6,0,0,7.40693887737252,0,9.2,-0.3,3.29,Graduate
1,2,4,5207,1,2,140.0,102,3,2,4,3,167.6,1,0,1,1,0,1,18,0,0,3,6,1,0.27187952687082584,0,3,4,1,0,1.7448650325033257,0,13.0,-0.4,-1.09,Graduate
1,27,3,7019,0,6,154.5,62,1,2,10,8,158.9,0,0,0,0,1,0,20,0,0,7,10,9,18.801946301814574,0,3,7,10,7,18.571428571428573,0,13.2,-0.8,2.73,Graduate
1,39,4,7198,1,2,153.5,28,6,32,1,0,161.0,0,0,0,1,0,0,18,0,0,9,8,12,18.869062532596015,0,7,8,9,8,18.571428571428573,0,13.0,-0.6,-3.97,Graduate
1,2,2,9981,1,2,130.2,6,11,16,7,5,153.5,0,0,0,1,0,0,20,0,0,8,7,4,15.00023690735971,0,5,8,3,1,8.460863238768294,0,11.4,-0.2,2.73,Graduate
1,1,2,8608,1,1,133.0,101,43,23,9,7,156.1,1,0,0,1,0,0,20,0,0,4,2,4,17.58740751019912,0,2,5,3,4,18.20017509446787,0,9.7,-0.7,-0.81,Enrolled
1,14,5,8799,1,1,122.6,25,1,5,4,5,148.3,1,0,0,1,0,0,19,0,0,5,8,2,15.300420949086199,0,1,6,4,0,6.039850062335824,0,11.7,-0.8,0.82,Dropout
1,31,4,6179,1,1,123.9,58,44,17,18,7,153.7,1,0,0,1,1,0,19,0,0,4,3,4,18.642435805100558,0,2,4,1,0,6.346772565825918,0,9.6,-0.4,2.95,Graduate
1,50,3,7542,1,2,141.3,66,41,10,5,14,160.9,0,0,1,1,0,1,26,0,0,9,11,16,18.874916948950954,0,4,7,31,14,18.571428571428573,0,9.0,-0.1,1.7,Dropout
1,12,1,8308,0,1,157.5,20,42,19,6,2,152.0,0,0,0,0,0,0,19,0,0,4,0,0,0.024651190599351364,0,2,4,0,0,2.458188144594551,0,12.0,1.0,-0.47,Dropout
1,3,1,9985,1,1,131.2,18,44,24,9,4,148.8,1,0,0,1,0,0,18,0,0,10,10,13,18.872371158271793,0,3,11,27,12,18.571428571428573,0,10.9,3.3,3.32,Graduate
1,3,1,4696,1,1,147.4,4,40,7,5,5,152.1,1,0,0,1,1,0,23,0,0,3,0,0,0.005997320193266725,0,3,4,0,0,0.21975405341024498,0,11.8,-0.8,0.47,Dropout
1,10,1,9503,1,1,146.7,40,44,42,9,8,152.5,1,0,0,1,0,1,18,0,0,8,14,5,17.75402426178872,0,3,8,24,5,18.520756983092422,0,9.3,2.3,-0.46,Graduate
1,11,2,9403,1,1,127.1,10,35,39,2,4,159.4,1,0,0,1,0,0,28,0,0,5,5,11,18.87074147807302,0,1,5,17,6,18.571428571428573,0,9.6,-0.8,2.04,Enrolled
1,25,1,9986,0,2,153.4,5,6,11,17,24,157.5,1,0,1,1,1,0,18,0,0,5,2,1,2.998722528772165,0,3,5,2,2,15.261929027588787,0,11.9,0.8,2.97,Graduate
1,57,6,6575,1,1,122.4,17,35,2,4,9,150.2,1,0,0,1,1,0,18,0,0,8,5,2,5.545983149562587,0,1,8,0,2,14.496328852576648,0,9.4,-0.7,1.57,Graduate
1,2,1,7539,1,1,141.5,7,43,21,3,2,160.6,1,0,0,1,1,0,21,0,0,4,3,0,0.006031619144878452,0,2,4,1,0,0.48394642454313574,0,10.4,0.3,-1.25,Dropout
1,3,6,9676,0,1,130.5,91,32,29,5,3,165.6,1,0,0,1,0,0,18,0,0,2,2,0,0.13319470761044017,0,1,2,4,0,2.5138875542341323,0,9.5,0.9,0.67,Graduate
1,1,1,4145,1,1,133.8,22,41,31,10,4,155.3,1,0,0,1,0,0,38,0,0,5,3,1,3.7797664542920035,0,2,6,1,0,6.071015571233912,0,8.9,0.7,2.8,Graduate
1,11,1,9262,1,1,140.3,4,15,42,8,12,153.6,0,0,0,1,0,1,21,0,0,7,10,17,18.87498055964426,0,5,7,15,9,18.571428571428573,0,11.1,-0.2,-0.76,Dropout
1,1,1,8519,1,1,144.4,12,43,37,8,22,151.7,1,0,0,1,0,0,18,0,0,6,9,1,0.3644873609891529,0,1,6,12,3,15.709751916709369,0,9.6,-0.8,2.83,Graduate
2,54,4,7059,0,1,131.5,14,13,44,9,14,158.3,1,0,0,1,0,0,23,0,0,8,9,0,0.040518030062285514,0,2,7,0,1,8.996135619454906,0,13.2,-0.2,-2.41,Graduate
1,52,4,9915,1,1,129.7,3,9,39,3,0,152.2,1,0,1,1,0,1,18,0,0,8,8,1,1.9549791560034713,0,3,8,4,0,3.874702823947111,0,13.1,1.3,0.58,Enrolled
1,6,1,7831,1,4,125.5,49,4,3,1,0,151.6,1,0,0,1,0,0,23,0,0,10,14,4,16.05976516544732,0,11,10,6,2,12.697690651367584,0,9.5,-0.8,-1.93,Graduate
2,43,1,6944,1,14,125.5,37,5,23,5,6,158.5,0,0,0,1,0,0,44,0,0,4,9,0,0.27563288303899364,0,2,5,3,0,1.8822958708695694,0,11.0,3.3,2.97,Enrolled
1,17,6,8985,1,1,120.6,26,11,3,7,10,151.4,1,0,0,1,0,1,19,0,0,6,5,5,17.340386320716174,0,4,6,8,6,18.54183928407214,0,12.2,1.9,2.33,Graduate
4,56,1,9761,1,4,135.7,82,43,13,4,22,148.5,0,0,0,1,0,1,20,0,0,8,11,0,0.06116997746095027,0,4,7,15,0,6.4836718180601,0,9.1,-0.2,2.67,Dropout
2,1,2,8992,1,1,128.9,5,20,40,4,7,161.7,1,0,0,1,0,0,18,0,0,2,0,2,9.567559571917847,0,1,3,0,2,16.44163239234541,0,9.2,-0.8,-0.4,Dropout
1,16,1,9646,1,1,117.1,93,44,25,8,11,152.9,1,0,0,1,1,0,19,1,0,9,11,8,18.577351510383572,0,4,8,9,13,18.571428571428573,0,9.7,-0.7,-2.4,Graduate
2,2,1,8233,1,1,142.5,6,42,5,2,7,155.9,0,0,0,1,1,0,25,0,0,2,2,1,2.995882267589431,0,1,2,0,0,5.671744275834144,0,9.5,2.4,-2.5,Dropout
1,57,1,8372,1,1,149.5,17,44,14,31,31,163.9,1,0,0,1,1,0,18,0,0,3,4,1,6.460713377971947,0,2,4,2,0,3.895668278030572,0,9.2,3.7,-0.72,Enrolled
1,2,1,3828,1,1,136.1,72,28,9,8,17,173.6,0,0,0,1,0,0,19,0,0,6,11,2,5.6338775377167964,0,10,5,1,2,14.82224923928307,0,13.7,1.3,-0.51,Graduate
1,13,1,4401,1,1,124.8,43,40,44,1,3,155.6,0,0,0,1,0,0,20,0,0,2,8,0,0.06382215006402461,0,1,2,9,0,2.201947436992529,0,9.1,-0.4,-0.47,Enrolled
1,42,3,9750,1,1,129.6,18,32,43,6,2,159.5,1,0,0,1,0,0,51,0,0,8,18,4,16.283613273163883,0,3,9,17,2,15.901253163352418,0,13.7,-0.0,-2.1,Graduate
1,1,1,9917,1,4,123.2,45,42,29,12,8,164.3,0,0,0,1,0,0,39,0,0,9,7,9,18.68998406788676,0,3,9,7,3,14.064047977473086,0,11.2,1.1,-1.74,Graduate
1,35,1,9869,1,1,138.8,60,41,44,5,7,152.4,0,0,0,1,0,1,18,0,0,8,16,26,18.874999999855273,0,3,8,33,20,18.571428571428573,1,15.5,-0.5,-3.54,Graduate
4,2,1,9895,1,1,141.5,15,6,8,20,44,153.7,0,0,1,1,0,0,19,0,0,8,8,6,18.092614935901977,0,2,8,10,2,14.79846298257256,0,11.0,0.6,3.48,Graduate
1,32,1,8088,1,2,113.2,40,29,38,24,20,156.9,1,0,0,0,0,0,37,0,0,10,11,12,18.868143030158183,0,5,8,22,9,18.571428571428573,0,11.1,0.1,1.68,Dropout
1,53,5,5784,1,2,140.4,17,41,34,8,6,158.9,0,0,0,1,1,1,19,0,0,8,13,2,7.71986107110693,0,5,7,10,2,15.59608698409072,0,9.9,0.4,0.06,Enrolled
2,44,4,9891,1,1,125.2,27,16,3,4,24,157.5,0,0,0,1,1,0,21,0,0,8,6,4,16.31508070893189,0,6,7,6,4,18.058412436934205,0,11.0,-0.3,-2.26,Dropout
1,11,1,6232,1,1,125.4,76,26,12,2,0,166.9,1,0,1,0,1,0,26,0,0,5,8,1,0.22322966602254868,0,3,6,3,2,15.908071104561225,0,12.7,-0.4,-1.09,Graduate
1,35,6,3122,1,1,127.5,38,43,14,13,11,154.6,1,0,0,1,0,1,19,0,0,8,12,4,15.146670094749016,0,7,8,5,4,17.129184005426985,0,9.0,-0.1,2.96,Dropout
1,53,1,9477,1,1,159.9,64,40,22,18,4,155.0,0,0,0,1,1,0,18,0,0,6,5,1,0.8800148353044239,0,1,6,5,1,15.002800108913137,0,12.9,-0.6,-2.61,Graduate
1,11,1,9942,1,2,115.8,5,1,2,3,22,152.2,0,0,0,0,1,0,23,0,0,4,7,0,0.6251984198041824,0,1,4,5,1,10.581595840907372,0,12.9,-0.7,-1.85,Dropout
1,5,1,9728,1,5,130.8,67,17,32,4,1,155.6,0,0,0,1,1,1,18,0,0,9,7,14,18.87489598362056,0,7,8,15,9,18.571428571428573,1,12.6,2.6,-0.43,Dropout
1,55,1,9283,1,2,129.7,14,44,36,7,21,152.9,0,0,1,1,1,0,18,0,0,4,7,0,0.056569978517551474,0,1,5,8,0,2.3715783748343053,0,9.2,-0.1,3.39,Enrolled
1,1,3,6669,1,1,118.7,9,2,39,7,4,158.1,0,0,0,1,1,0,18,0,0,4,9,1,2.4176291920006667,0,1,3,6,0,6.06756304618281,0,9.0,-0.8,3.29,Dropout
1,37,1,9756,1,1,122.0,43,16,2,2,1,148.5,1,0,0,1,1,0,19,0,0,7,12,3,13.53878967361145,0,1,8,8,3,15.66955210383083,0,10.7,-0.5,-1.99,Dropout
1,10,1,9904,0,1,145.4,76,15,39,19,19,173.6,0,0,0,1,0,0,20,0,0,5,6,1,6.923912340532616,0,1,5,14,0,8.731606717687928,0,10.5,1.6,2.39,Graduate
2,9,1,6182,0,3,136.1,22,11,7,6,4,161.7,1,0,0,1,1,0,18,0,0,1,0,0,0.5789881345026687,0,1,1,0,0,6.549655041772416,0,15.8,1.8,-3.88,Enrolled
1,1,1,8766,1,1,144.7,22,1,29,11,20,147.0,1,0,0,1,0,1,18,0,0,5,3,7,18.28942277323182,0,1,5,8,7,18.571428571428573,0,9.1,3.4,3.39,Graduate
1,19,1,6838,1,15,148.3,72,44,39,2,3,180.1,0,0,0,1,0,0,30,0,0,9,13,8,18.70354250209555,0,8,9,6,14,18.571428571428573,0,13.8,2.5,0.3,Dropout
1,45,5,7488,0,1,135.2,57,5,43,2,4,154.9,1,0,1,1,0,1,18,0,0,5,7,0,0.006017841372846033,0,7,5,1,0,1.301336954199001,0,9.5,0.3,1.36,Graduate
2,23,2,9870,1,1,135.5,60,9,4,6,25,174.1,0,0,0,1,1,1,18,0,0,7,6,4,16.55236977347031,0,1,7,3,2,15.821009465057477,0,10.4,1.6,3.09,Graduate
2,23,3,8224,1,2,128.4,75,8,25,6,7,150.7,0,0,0,0,0,0,18,0,0,6,7,2,2.23565074442831,0,4,7,5,2,14.192309613228336,0,11.1,-0.5,-2.3,Graduate
1,12,1,4950,1,2,140.3,4,8,44,7,7,163.4,1,0,1,1,1,0,22,0,0,3,5,2,8.239540552356706,0,2,4,3,1,10.398010375668466,0,9.0,0.9,3.35,Enrolled
5,1,1,8848,1,1,149.3,64,6,4,32,50,159.4,1,0,1,1,0,0,39,0,0,6,2,0,0.01893721870533021,0,3,6,2,2,15.371102558272778,0,9.2,0.1,1.05,Graduate
1,17,4,4680,1,2,143.3,41,5,2,19,11,152.5,1,0,0,0,1,1,21,0,0,5,7,1,3.219160520752331,0,3,4,3,1,11.232670283909176,0,12.0,0.6,-1.34,Graduate
1,10,4,6820,1,1,127.5,13,1,44,1,1,156.3,1,0,0,1,1,0,51,0,0,2,6,0,0.007730379960613249,0,1,1,2,0,1.3187870440025815,0,15.4,-0.1,-3.75,Graduate
4,43,1,7672,0,1,145.4,7,29,30,1,0,167.8,1,0,0,1,1,0,18,0,0,6,9,2,8.808484353106937,0,1,6,7,0,5.258723784502875,0,11.4,0.2,-1.03,Dropout
1,51,1,4015,1,5,153.3,14,29,27,3,10,163.3,0,0,0,1,0,1,18,0,0,8,13,7,18.721287642785803,0,8,9,16,7,18.571428571428573,0,10.2,3.7,1.29,Graduate
1,20,1,7568,1,2,121.5,3,8,29,48,41,149.2,0,0,1,1,0,0,29,0,0,9,11,19,18.87499807291837,0,11,8,11,11,18.571428571428573,0,9.4,0.8,3.24,Graduate
1,25,4,9397,1,1,130.3,47,10,30,7,19,149.4,1,0,0,0,0,0,20,0,0,8,15,5,17.584076493135505,0,3,8,15,1,13.393908019707283,0,12.8,-0.1,3.31,Dropout
1,4,1,8828,1,1,160.9,36,25,9,3,17,160.5,1,0,0,1,0,1,18,0,0,5,3,3,10.159428908557503,0,1,5,12,2,13.434783314280196,0,8.9,3.7,1.87,Graduate
1,48,1,7281,1,10,131.2,78,9,5,25,32,158.6,0,0,0,1,1,1,19,0,0,6,10,0,0.023365105740716978,0,3,7,0,0,4.708758628095439,0,13.5,3.4,0.79,Dropout
1,22,1,9843,1,1,102.8,4,40,16,6,11,149.7,0,0,0,1,0,0,20,0,0,9,11,17,18.87499313046393,0,2,9,29,15,18.571428571428573,0,12.3,-0.7,0.49,Graduate
1,56,1,8522,1,4,113.3,18,4,41,5,4,151.5,1,0,0,1,1,1,24,0,0,8,10,8,18.79898160285677,0,5,8,4,7,18.486169642712756,1,11.3,0.2,0.79,Graduate
1,23,6,8662,1,1,104.3,101,41,6,2,5,148.6,1,0,1,1,1,0,27,0,0,8,6,1,2.455662843608486,0,4,8,1,0,2.532188139891881,0,9.6,-0.6,2.85,Dropout
2,57,1,6266,1,7,134.7,83,7,7,1,0,167.4,1,0,0,1,0,0,49,0,0,4,8,0,0.005970122843576665,0,5,3,0,0,0.1866575485432646,0,12.5,0.0,-3.54,Dropout
1,22,1,6084,1,4,124.2,14,27,39,8,57,151.0,0,0,0,1,0,0,48,0,0,7,8,1,0.5498179566520465,0,10,7,1,2,13.87005862486999,0,14.4,-0.8,-2.99,Graduate
1,4,2,8826,1,1,134.2,75,1,2,10,7,151.4,1,0,1,1,1,0,19,0,0,7,11,16,18.874968668947158,0,2,7,17,13,18.571428571428573,0,11.5,-0.6,0.74,Graduate
1,1,1,7869,1,1,143.8,89,10,31,1,3,152.4,1,0,0,1,0,1,19,0,0,4,5,3,12.450931702188125,0,2,5,5,2,14.393911991973532,0,8.9,1.0,3.17,Graduate
2,13,1,9464,1,1,121.1,5,44,44,9,22,154.5,0,0,0,1,0,1,56,0,0,8,12,5,18.388935339899803,0,5,7,11,3,17.66240209801234,0,9.2,-0.4,2.15,Dropout
1,5,1,8508,1,5,137.3,102,25,34,9,2,159.4,1,0,0,0,0,0,31,0,0,6,12,13,18.874945990089973,0,4,6,21,7,18.571428571428573,0,10.2,3.1,1.93,Enrolled
1,3,2,9687,1,1,124.2,2,39,16,17,13,162.8,1,0,0,1,1,1,31,0,0,7,10,3,12.064768300464927,0,2,9,12,1,10.536644706205687,0,16.0,-0.3,-3.98,Graduate
1,55,1,9323,1,3,130.5,22,41,11,4,0,165.4,1,0,0,1,0,0,42,0,0,7,11,5,18.292908341839887,0,2,8,9,1,11.915220220165159,0,11.4,-0.5,-2.72,Dropout
2,51,1,9675,0,1,115.5,12,13,6,11,7,160.9,0,0,0,0,0,0,24,0,0,6,5,1,3.018741399695994,0,4,6,6,0,6.426586969477814,0,14.4,-0.5,0.15,Dropout
1,39,1,9608,1,1,154.0,7,13,16,4,8,167.0,0,1,0,1,0,0,22,0,0,7,10,4,13.13163516678328,0,4,7,5,4,16.70211437605751,0,15.5,3.7,0.67,Graduate
1,20,6,9875,1,1,117.0,47,6,2,1,5,152.7,0,0,0,1,0,1,19,1,0,5,0,0,0.3058257336098541,0,1,5,0,1,13.157197880865137,0,12.5,0.9,-1.29,Dropout
1,1,1,8969,1,1,118.0,9,14,42,8,24,161.3,0,0,0,1,0,1,18,0,0,4,6,5,18.62651971380729,0,1,5,5,5,18.571428571428573,0,9.6,0.2,0.7,Graduate
1,2,1,8899,0,1,130.5,6,44,18,3,7,156.1,0,0,0,1,1,1,18,0,0,6,5,3,16.92063525715699,0,2,7,6,1,7.682163088283775,0,10.3,2.8,0.5,Graduate
1,12,3,6802,1,1,125.5,47,42,11,2,0,147.3,1,0,0,1,1,0,19,0,0,8,7,0,0.019063409833713726,0,3,8,4,0,8.376770672701449,2,9.4,3.7,0.87,Graduate
1,2,1,9039,1,1,132.5,47,43,44,10,19,153.0,1,0,0,1,1,0,18,0,0,6,7,3,13.055988645104437,0,5,4,9,1,10.998148725467683,0,13.7,-0.8,-3.56,Graduate
1,1,1,4376,1,3,128.4,25,38,5,3,1,154.9,1,0,0,0,1,0,35,0,0,4,3,0,0.02952941556517289,0,1,4,1,0,0.9817361120066146,0,10.1,1.0,-0.17,Enrolled
1,1,1,8569,1,8,139.1,89,37,44,12,26,150.6,1,0,0,1,0,0,18,0,0,4,6,4,16.964971836782656,0,1,5,8,3,16.690432708783405,0,13.7,2.0,-3.91,Dropout
1,1,1,9616,1,3,166.2,36,43,7,7,38,167.0,0,0,0,1,0,0,19,0,0,10,11,8,18.32922541618677,0,3,9,19,10,18.571428571428573,0,12.4,0.7,-0.39,Graduate
1,15,1,6694,1,2,161.9,5,1,3,3,3,176.4,1,0,0,0,1,0,18,0,0,2,7,4,18.49348731860488,0,1,2,7,1,12.79725298196178,1,14.7,0.2,-2.68,Graduate
1,8,1,9465,1,2,128.2,7,17,22,13,29,154.0,0,0,0,1,0,0,19,0,0,5,7,1,1.1342609047979535,0,4,4,2,5,18.571428571428573,1,10.5,-0.3,-0.16,Dropout
1,55,1,8818,1,1,126.7,36,38,2,1,1,156.1,1,0,0,1,0,0,55,0,0,8,8,4,14.63490221074399,0,6,7,3,5,18.092629283724907,0,9.6,0.3,1.37,Dropout
1,2,1,9241,1,1,111.2,77,2,41,1,0,154.4,1,0,0,1,1,0,18,0,0,8,9,4,14.054759930456182,1,6,8,4,7,18.571428571428573,0,13.8,-0.4,-3.88,Enrolled
1,46,1,5962,1,1,143.8,78,10,3,3,11,148.4,1,0,0,1,1,0,18,0,0,6,13,4,13.601362046072111,0,6,6,7,6,18.393390413926035,0,14.9,0.9,2.38,Dropout
1,12,1,7001,1,1,135.6,13,22,5,2,1,170.7,0,0,0,1,0,0,18,0,0,8,6,24,18.87499999851936,0,2,9,15,15,18.571428571428573,0,9.8,3.5,2.48,Graduate
1,1,1,9936,1,1,139.4,15,44,22,3,2,156.2,0,1,0,1,0,0,19,0,0,10,21,6,18.44097025192193,0,1,10,33,7,18.571428571428573,0,11.4,0.7,-2.62,Graduate
1,24,1,7781,1,1,119.7,26,1,6,2,4,149.4,0,0,0,1,0,1,18,0,0,6,6,3,14.25114130778268,0,2,5,3,3,16.205361574580007,0,11.0,3.7,0.77,Dropout
1,1,4,5923,1,1,130.2,11,16,3,10,3,167.7,0,0,0,1,0,0,18,0,0,5,4,1,3.0856691220021486,0,2,5,1,4,17.90509901677242,0,9.3,-0.1,-0.07,Graduate
1,10,2,9974,1,1,140.1,14,27,12,7,46,155.7,0,0,0,1,0,0,20,0,0,6,11,16,18.874997277994826,0,2,7,29,16,18.571428571428573,0,15.6,-0.8,-2.87,Enrolled
1,11,1,3565,1,8,152.5,46,44,30,4,7,162.9,1,0,0,1,1,1,22,0,0,2,4,0,0.04182636633010686,0,4,2,0,0,3.757845194038527,0,12.3,0.6,-1.45,Graduate
2,57,3,7765,1,1,126.3,8,9,31,3,3,152.5,0,0,0,1,0,0,20,0,0,9,11,3,12.274445305849818,0,3,7,8,2,14.337606768234107,0,13.6,-0.4,-0.2,Enrolled
1,3,5,7432,1,1,151.0,28,27,2,1,2,166.5,1,1,0,1,1,1,18,0,0,5,8,20,18.874997393075375,0,3,6,9,20,18.571428571428573,0,12.9,-0.8,-2.53,Graduate
1,53,1,4467,1,2,138.2,74,10,42,12,12,171.6,0,0,0,1,0,0,27,0,0,3,1,0,0.008473968831569423,0,2,2,0,0,1.0350774727944057,0,13.4,-0.6,-3.63,Graduate
2,5,1,7783,1,2,145.3,105,7,3,2,16,168.7,0,0,0,1,0,0,33,0,0,6,9,0,0.12420337942777833,0,6,6,2,0,8.072981491258764,1,9.3,3.7,0.13,Dropout
4,1,1,8032,0,3,132.9,95,6,21,2,18,169.7,0,0,0,1,0,0,28,0,0,3,1,2,12.129310683257332,0,1,4,7,4,17.73847046580882,0,11.7,0.8,-1.72,Graduate
1,9,3,9728,1,1,123.8,95,36,43,18,11,154.4,0,0,0,1,0,0,23,0,0,4,2,3,12.362689627483336,0,4,5,1,2,13.596400170534617,0,9.2,-0.2,2.69,Graduate
1,7,1,4082,0,1,131.8,19,2,2,15,15,157.8,1,0,0,1,1,1,18,0,0,4,9,11,18.871407666387228,0,2,6,7,7,18.571428571428573,0,9.3,-0.7,-1.39,Graduate
1,9,4,9409,1,1,131.6,25,27,44,26,32,153.0,1,0,0,1,1,0,18,0,0,4,8,10,18.869945592829726,0,1,3,23,10,18.571428571428573,0,11.4,-0.8,0.85,Graduate
1,21,4,9123,1,5,115.8,14,36,25,3,3,150.2,1,0,0,1,0,1,46,0,0,8,11,6,18.1880243392251,0,4,8,15,3,16.165936815553966,0,15.1,0.7,-2.08,Dropout
1,53,1,9787,1,9,151.9,6,28,26,4,15,173.0,0,0,1,1,0,1,18,0,0,8,10,2,7.188887889953513,0,6,8,5,2,13.20690773265882,0,9.3,2.9,0.0,Graduate
1,29,2,9764,1,1,125.2,25,41,44,25,26,154.5,1,0,1,1,0,0,38,0,0,6,6,2,6.022818433976548,0,2,5,5,2,12.201300074695178,0,12.0,3.7,2.16,Dropout
1,22,1,9755,0,1,141.9,71,3,3,38,23,150.6,0,0,0,1,1,0,43,0,0,7,8,7,18.802215041590348,0,2,7,18,6,18.571428571428573,0,9.6,1.6,0.94,Graduate
1,12,2,9558,1,1,137.2,37,5,2,20,21,159.9,0,0,0,1,0,1,18,0,0,5,17,19,18.874998312283235,0,2,6,33,18,18.571428571428573,3,11.4,2.2,-1.47,Graduate
1,2,2,6979,1,1,141.9,12,14,21,1,1,172.0,0,0,0,1,1,0,18,0,0,1,1,0,0.015641782739920805,0,2,2,0,0,0.520304402648445,0,12.9,2.4,1.14,Graduate
1,56,1,8418,1,1,131.7,82,43,39,1,1,156.5,1,0,0,0,0,0,56,0,0,5,8,0,0.006699056515403698,0,5,5,0,0,4.457696990539411,0,12.6,3.1,-4.06,Enrolled
1,29,1,9990,0,1,123.4,40,42,10,3,1,147.6,0,0,0,1,0,0,32,0,0,8,9,16,18.87498271389828,0,8,8,15,15,18.571428571428573,0,9.1,-0.8,-1.27,Dropout
1,7,1,9156,1,1,121.9,28,42,18,4,21,151.8,1,0,0,1,0,1,21,0,0,5,5,3,9.321407199383145,0,1,3,5,6,18.571428571428573,0,9.1,-0.2,-2.28,Dropout
1,16,1,9062,1,2,121.4,3,4,22,6,11,150.7,0,0,0,1,0,0,40,0,0,4,6,0,0.06633823039286987,0,2,4,4,1,11.256268333538872,0,14.8,2.7,0.52,Enrolled
1,8,1,9873,1,2,137.5,57,43,11,3,0,155.8,0,0,0,1,0,0,20,0,0,11,11,5,17.358881294184688,0,10,10,5,2,13.901890514059067,0,13.9,0.2,-2.66,Graduate
1,54,6,8470,1,3,122.3,50,3,7,25,9,150.6,1,0,0,1,1,0,40,0,0,6,9,3,12.291652677951848,0,1,6,21,2,11.773523633488738,0,11.7,-0.5,3.08,Dropout
1,3,1,9140,1,2,150.4,12,42,44,9,7,167.0,0,0,0,0,1,0,18,0,0,7,9,9,18.871550879005202,0,1,7,33,5,18.571428571428573,0,13.8,1.9,-1.38,Graduate
1,23,1,6698,1,1,131.4,71,34,3,1,3,160.5,1,0,0,1,0,0,18,0,0,7,6,3,6.2970003170717,0,3,7,1,1,8.19510518421575,0,9.0,3.5,0.45,Graduate
1,18,1,7312,1,3,142.5,105,44,5,4,0,165.0,0,0,0,1,0,0,18,0,0,5,5,2,5.672241096090321,0,1,5,3,3,16.492083422404754,0,12.7,2.4,-1.72,Graduate
1,1,1,9802,1,1,132.7,12,40,31,19,29,158.2,1,0,0,1,1,0,18,0,0,4,2,1,4.182986057601386,0,1,4,1,2,15.457139086134298,0,10.1,2.6,2.6,Graduate
1,13,1,9445,1,1,123.2,69,2,5,38,84,156.5,1,0,0,1,1,0,18,0,0,5,5,1,2.8461629818792598,0,1,5,2,4,18.323777224700574,0,9.6,0.7,2.86,Graduate
1,6,1,9570,1,1,131.1,47,42,43,6,5,149.2,0,0,0,1,0,0,23,0,0,7,10,6,18.223074686836945,0,2,7,7,4,17.459291082217774,0,14.8,3.5,-3.16,Graduate
1,2,1,3665,1,1,132.8,66,44,44,7,2,152.0,1,0,0,1,0,0,18,0,0,3,4,6,18.654911938139044,0,3,3,4,5,18.087074184645772,0,10.1,-0.2,-1.25,Graduate
1,26,1,9405,1,1,126.7,84,1,15,17,21,156.0,1,0,1,1,1,0,18,0,0,6,2,2,5.413018907399294,0,2,7,2,0,6.931773078620289,0,13.7,3.7,1.63,Graduate
1,14,3,9957,0,1,140.9,54,22,4,13,10,154.0,1,0,0,1,0,0,24,0,0,7,8,6,18.81398818931374,0,1,9,20,7,18.571428571428573,1,10.3,0.1,2.25,Dropout
1,9,4,5050,1,1,122.5,32,44,14,4,1,149.6,1,0,0,1,1,1,18,0,0,3,1,0,0.1872361533533112,0,1,4,0,1,9.053282375438075,0,10.2,-0.4,-0.78,Dropout
1,55,3,9201,1,5,118.7,5,4,3,2,0,163.5,1,0,1,1,0,1,24,0,0,8,7,4,14.556551821421769,0,9,8,7,5,17.833097328947034,0,10.3,1.1,2.3,Dropout
1,2,1,9756,0,1,127.8,2,22,2,16,9,164.6,0,0,0,1,0,0,22,0,0,8,12,3,13.474628204693895,0,7,8,14,1,11.883265925295516,0,12.0,1.9,1.09,Dropout
1,3,1,8953,1,1,141.4,103,36,10,8,19,158.4,0,0,0,1,0,0,22,0,0,6,8,1,2.9195943009391003,0,2,6,6,2,14.270392864287807,0,10.9,0.5,3.13,Dropout
1,56,1,2848,1,1,143.7,90,37,25,39,19,149.9,0,0,0,1,0,1,26,0,0,4,0,0,0.005966413809878305,0,6,5,0,0,0.08595910476323752,0,14.8,1.1,0.69,Dropout
1,1,4,8322,1,2,134.3,18,44,7,3,4,152.1,1,0,0,1,0,0,19,0,0,5,7,5,18.09612478183858,0,1,6,4,6,18.46803414497194,0,9.1,-0.1,-1.34,Graduate
1,26,1,9857,1,1,150.8,8,9,44,6,7,151.3,1,0,0,1,0,1,19,0,0,7,7,2,8.803102022587396,0,2,7,14,1,10.926780079004866,0,14.3,2.5,-2.26,Dropout
1,34,1,5482,1,3,104.4,25,10,12,41,48,149.5,1,0,0,1,0,0,25,0,0,7,10,3,9.691770903166487,0,3,8,4,1,6.401912161632947,0,9.8,-0.3,-0.49,Dropout
1,2,1,9607,0,1,133.4,28,44,44,12,39,157.8,1,0,0,1,0,0,36,0,0,8,9,4,17.20113489606354,0,4,8,6,5,17.707182836159618,0,9.4,-0.8,1.37,Graduate
1,1,1,8868,1,1,146.3,72,20,4,11,8,152.5,0,0,0,1,0,0,19,0,0,5,10,1,1.2836063177456762,0,2,6,5,2,14.022469132248931,0,14.4,1.5,-3.44,Graduate
1,33,1,6153,1,2,121.8,79,40,7,12,2,152.5,1,0,0,1,0,0,22,0,0,5,4,2,4.903085527523766,0,7,5,1,2,12.6283032548938,0,9.7,1.0,-2.01,Graduate
1,2,1,8340,1,1,127.5,6,36,41,8,8,149.4,1,0,1,0,0,0,18,0,0,8,8,8,18.70819259117413,0,3,7,26,15,18.571428571428573,0,10.2,1.8,2.81,Dropout
1,2,1,8725,1,1,134.3,49,16,13,11,13,163.1,0,0,0,1,1,1,20,0,0,5,3,1,1.3374514920201417,0,5,6,1,2,14.651077299062866,0,10.0,2.4,3.17,Dropout
1,1,4,9400,1,3,121.2,44,39,6,19,24,146.9,1,0,1,1,0,0,19,0,0,10,14,4,12.419262836360677,0,8,9,22,6,18.20130036309678,0,9.2,1.8,3.45,Enrolled
1,48,1,8368,1,6,136.5,67,4,30,12,8,153.8,1,0,0,1,0,0,32,0,0,6,7,24,18.874999960996814,0,4,6,17,20,18.571428571428573,0,11.1,-0.4,2.14,Graduate
1,5,1,8363,1,7,149.5,42,41,39,2,2,151.4,0,0,0,1,0,0,18,0,0,8,14,6,17.881599777990928,0,7,8,27,7,18.571428571428573,0,10.6,-0.8,-1.02,Graduate
1,25,5,8366,1,2,125.1,75,42,43,7,7,151.9,1,0,0,1,1,1,20,0,0,5,4,1,1.473288720043733,0,1,5,1,0,5.470457946886013,0,11.0,0.4,2.68,Dropout
1,1,2,9985,1,1,118.4,42,15,15,2,1,151.4,0,0,0,1,0,0,25,0,0,7,11,7,18.80018457763949,0,1,7,26,5,18.571428571428573,0,10.7,2.2,-1.94,Dropout
1,10,4,9956,1,1,155.3,60,1,11,7,6,159.2,1,0,0,1,1,0,19,0,0,6,6,0,0.5437144172491605,0,2,6,4,1,11.613483655847007,0,9.2,1.2,2.51,Graduate
1,25,1,9984,1,1,135.5,64,40,39,25,7,160.8,1,0,0,1,1,0,20,0,0,7,7,1,0.8204606232145187,0,2,7,4,1,12.279394779269156,0,10.0,0.4,-2.04,Graduate
1,16,2,8103,1,1,124.6,80,1,27,2,3,159.8,1,0,0,1,0,0,18,0,0,7,13,10,18.872207709104714,0,3,7,11,1,10.067843212225752,0,10.2,-0.1,1.55,Dropout
1,57,1,9247,1,4,123.7,49,30,3,8,3,161.8,0,0,0,1,1,1,43,0,0,8,11,12,18.871981235978282,0,6,7,33,6,18.446307133232853,0,12.8,0.4,2.5,Graduate
1,1,1,9722,1,1,123.6,88,27,2,6,9,151.0,1,0,0,1,1,0,18,0,0,3,3,1,6.844949471413334,0,1,3,2,1,10.881585617932252,0,11.2,1.9,-0.84,Enrolled
1,49,6,9849,1,2,153.1,99,2,5,9,11,162.1,0,0,0,1,1,0,33,0,0,4,2,1,5.34468256322575,0,3,5,1,1,9.953680885008392,0,12.4,3.4,2.08,Dropout
1,34,1,8941,1,1,123.4,13,43,44,2,3,150.6,0,0,0,1,0,0,21,0,0,9,12,8,18.776405649938024,0,6,9,9,4,16.88287465209797,0,15.4,-0.2,-1.44,Dropout
1,10,1,6611,1,2,150.3,96,44,44,19,2,170.1,0,0,0,0,1,1,18,0,0,10,6,3,7.479698986850824,0,6,9,6,1,12.265543333725466,1,15.1,3.7,0.29,Dropout
1,17,1,5169,1,2,124.9,2,36,37,2,7,164.5,1,0,0,1,1,1,36,0,0,5,6,0,0.005970656596416132,0,10,4,1,0,5.376890195050585,0,14.0,2.5,1.7,Graduate
1,3,1,2063,1,1,131.0,58,24,3,6,4,149.9,0,0,0,1,0,0,18,0,0,4,1,2,6.112903414039684,0,3,4,2,1,12.42360520107737,0,10.1,-0.8,-0.71,Graduate
1,51,2,9318,0,1,151.6,16,43,2,3,1,156.4,1,0,0,1,0,0,19,0,0,7,8,8,18.720025423765616,0,4,7,13,3,16.872798112313177,0,9.1,3.2,2.32,Graduate
1,26,2,6605,1,1,125.7,31,37,2,4,9,170.4,1,0,0,1,1,0,50,0,0,3,7,0,0.006165836538924638,0,2,3,1,0,0.8785259065095634,0,15.1,-0.8,-1.77,Graduate
1,10,1,9754,1,4,134.9,42,31,22,5,13,160.8,1,0,1,1,0,0,18,0,0,5,6,9,18.85277618120359,0,3,5,8,7,18.571428571428573,2,9.7,2.4,-3.67,Dropout
1,27,1,4531,1,2,121.9,34,28,7,5,9,163.4,1,0,0,1,0,1,21,0,0,8,8,2,2.871927977344322,0,4,8,9,1,8.233868982843097,0,13.4,1.1,-1.63,Enrolled
1,10,2,9778,1,1,126.8,28,10,38,11,5,148.8,0,0,0,1,0,0,19,0,0,9,12,15,18.874924952447646,0,5,9,32,20,18.571428571428573,0,11.5,-0.1,-2.2,Dropout
1,2,1,7166,1,1,132.4,67,24,2,3,3,164.7,0,0,0,1,1,0,18,0,0,3,1,6,18.586062011046195,0,2,4,3,16,18.571428571428573,0,10.1,-0.8,-0.88,Graduate
4,18,1,8999,1,2,132.5,11,44,8,7,12,151.5,1,0,0,1,0,0,18,0,0,6,8,1,1.3783350397077896,0,2,5,0,1,10.175702409576699,0,10.0,0.5,1.43,Dropout
1,1,2,6261,1,2,134.6,28,29,34,9,6,161.8,1,0,0,1,0,0,18,0,0,4,6,0,0.05716087611216161,0,1,5,2,1,9.226396180560974,0,10.2,0.9,0.04,Dropout
1,27,1,5683,1,1,142.5,20,43,19,4,5,152.6,1,0,0,1,0,0,18,0,0,5,5,2,8.066314388154165,0,1,6,5,2,13.150235860104019,2,10.1,3.7,2.19,Graduate
1,56,1,9982,1,1,122.8,3,8,44,8,27,150.7,1,0,0,0,0,0,20,0,0,7,5,8,18.857261921204287,0,1,6,15,5,18.571428571428573,0,9.8,1.8,2.58,Enrolled
1,1,4,9920,1,1,124.2,88,12,11,8,7,154.7,0,0,0,1,0,1,35,0,0,6,7,2,7.689777197604561,0,1,8,2,0,7.943821937163668,0,11.2,-0.3,-3.53,Enrolled
1,10,1,8790,1,1,146.6,11,21,2,10,19,157.8,1,0,0,1,0,1,18,0,0,10,15,13,18.853845546204546,0,4,10,33,16,18.571428571428573,0,12.1,0.2,3.25,Graduate
1,5,1,7014,1,1,173.2,9,3,22,2,9,163.9,0,0,0,1,1,0,18,0,0,8,12,2,7.855419285758386,0,2,8,2,1,8.136716303264793,0,12.6,2.2,-0.57,Graduate
1,9,1,9493,1,1,145.3,45,31,5,3,1,154.9,0,0,0,0,1,0,21,0,0,6,3,2,10.754352849843563,0,1,6,8,0,9.902501582551409,0,14.1,1.6,0.79,Enrolled
1,21,1,7391,1,2,152.0,7,1,6,3,12,153.7,0,0,1,1,0,1,31,0,0,6,8,4,16.71620289782467,0,2,7,5,1,14.004056713538475,0,9.3,1.6,1.37,Dropout
2,57,2,8874,1,1,117.4,26,42,28,8,5,153.3,1,0,0,1,1,0,27,0,0,2,5,0,0.005969545675186052,0,2,2,0,0,0.8143634164595546,0,12.1,-0.8,-0.28,Graduate
1,34,1,9802,1,1,148.4,44,36,5,9,17,152.0,1,0,1,1,0,0,18,0,0,3,3,2,15.273600738981962,0,1,3,10,2,16.42691722210676,0,11.0,1.1,2.62,Graduate
1,1,1,5815,1,1,123.2,19,38,2,26,12,149.2,1,0,0,0,1,0,46,0,0,3,0,0,0.05981610354462699,0,1,4,0,0,1.7987080932448487,0,10.7,2.6,1.17,Graduate
1,46,1,6398,1,1,145.6,82,29,10,16,15,167.5,1,0,0,1,0,0,18,0,0,3,1,0,0.041105684398072495,0,3,3,0,0,4.291631626986772,0,14.2,0.6,-1.95,Graduate
4,1,1,5299,0,1,130.3,15,32,4,8,8,157.7,0,0,0,1,0,1,18,0,0,5,13,3,12.008146758009774,0,3,5,13,3,15.74632345419013,0,11.2,-0.7,0.82,Dropout
1,7,1,6511,1,1,157.3,91,31,2,1,2,160.3,0,0,0,1,0,0,18,0,0,9,12,4,16.180396953765232,0,5,7,4,4,18.01380594141988,0,8.9,-0.6,1.5,Graduate
1,15,1,6586,1,1,117.1,79,12,6,2,1,165.0,1,0,0,1,0,0,25,0,0,5,6,1,2.702115876524536,0,1,5,8,0,2.7724348464658237,0,9.5,1.2,2.11,Enrolled
1,1,1,9085,1,1,150.8,6,21,44,1,1,151.5,0,0,0,1,0,0,19,0,0,7,14,4,17.991224699308894,0,3,7,8,10,18.571428571428573,0,9.2,-0.6,-2.5,Dropout
1,16,1,7267,1,1,135.1,2,12,4,28,39,157.0,0,0,0,1,1,0,21,0,0,9,9,4,12.844537110688993,0,7,8,6,6,18.53904069142658,0,10.7,1.4,1.98,Graduate
1,2,1,8781,0,1,136.0,6,44,21,27,16,158.8,1,0,0,1,0,1,18,0,0,7,6,7,18.601133631044604,0,1,6,21,14,18.571428571428573,0,10.9,-0.6,1.87,Dropout
1,1,1,3953,1,1,130.1,65,15,44,14,8,159.4,1,0,0,1,0,0,19,0,0,5,4,1,1.4047903270468014,0,1,6,2,4,17.886120519412337,0,11.2,1.8,3.02,Graduate
1,52,1,6889,1,2,107.0,34,16,35,4,8,157.2,1,0,0,1,1,0,23,0,0,3,4,0,0.00704707875331744,0,1,3,1,0,1.9878373683809036,0,9.1,1.6,3.4,Dropout
1,17,1,7007,1,1,145.1,64,1,30,2,0,150.1,1,0,0,1,1,0,20,0,0,6,4,0,0.0063290279451136515,0,4,6,1,0,2.4914801107191193,1,12.8,3.5,-1.08,Enrolled
1,2,4,8934,1,5,136.7,38,30,3,16,10,164.5,1,0,0,1,0,1,38,0,0,10,12,3,12.91585358275893,0,4,10,6,4,16.398225736374478,0,13.7,-0.8,2.62,Graduate
1,1,1,9935,1,1,142.1,9,44,32,4,11,148.1,0,0,0,1,1,0,23,0,0,5,8,2,8.325435284253892,0,1,5,24,1,13.19006187418048,0,11.2,2.3,-1.8,Enrolled
1,5,1,9411,1,1,131.2,5,34,4,6,1,157.0,1,0,0,1,1,0,27,0,0,4,3,1,1.1499512521579403,0,2,5,3,0,2.779646449851993,0,10.6,-0.2,0.42,Dropout
1,6,1,9808,1,1,142.3,79,42,30,8,7,158.6,1,0,0,1,0,1,18,0,0,6,9,1,0.9219146108171551,0,7,6,3,1,9.265099872218268,0,9.4,-0.0,-1.33,Dropout
1,11,1,5965,1,1,134.9,9,40,31,7,16,156.1,1,0,0,1,0,0,19,0,0,7,10,1,0.682551304153033,0,2,7,8,0,0.9095570899856724,0,14.4,-0.5,-1.34,Dropout
1,1,2,8469,1,1,148.8,42,28,3,15,24,158.6,0,0,0,1,0,0,20,0,0,3,5,2,15.961088186647626,0,1,4,8,1,13.322462912113942,0,14.7,-0.1,-2.58,Graduate
2,53,1,9865,1,1,146.4,9,43,29,14,10,171.8,0,0,0,1,1,1,33,0,0,8,13,4,16.611782616946787,0,4,10,7,3,17.301582203874645,0,12.0,0.1,2.75,Dropout
1,2,1,5546,1,1,154.2,32,6,32,1,0,161.0,1,0,0,0,1,0,18,0,0,4,8,2,10.97079624077586,0,2,4,2,1,11.656250323716348,0,10.3,3.0,2.68,Graduate
1,30,2,8189,1,1,152.5,41,44,28,1,0,159.5,1,0,0,1,0,0,21,0,0,9,11,5,17.7727610311699,0,2,7,18,8,18.571428571428573,0,9.6,0.1,2.62,Graduate
1,20,1,9633,1,1,102.0,32,43,12,2,0,150.4,1,0,0,1,1,0,52,0,0,9,10,5,17.124708097934892,0,2,9,11,5,18.1136026696829,0,11.5,2.3,-2.01,Graduate
1,56,1,9018,1,5,126.8,50,26,44,13,46,151.3,0,0,0,1,0,0,62,0,0,10,12,6,16.271980634229806,0,13,9,17,6,18.465196213677363,0,11.8,0.7,-0.43,Graduate
1,8,1,8242,1,1,137.3,86,44,44,4,3,165.6,0,0,0,1,1,0,18,0,0,4,10,14,18.874966295293277,0,1,5,30,16,18.571428571428573,0,15.7,-0.5,-1.99,Graduate
1,45,1,9285,1,1,139.9,95,44,44,3,2,151.8,1,0,0,1,0,1,19,0,0,5,7,1,1.5996035246522582,0,1,6,4,7,18.571428571428573,0,14.7,-0.7,-0.03,Enrolled
1,1,1,5222,0,1,126.3,8,33,2,13,28,151.7,1,0,0,0,0,0,46,0,0,0,0,0,0.0059667318335227815,0,1,1,0,0,0.22350643441300821,0,11.2,0.9,2.8,Graduate
1,2,1,9445,1,1,115.4,28,40,11,5,10,148.8,1,0,0,1,1,0,18,0,0,5,7,2,11.227462033270509,0,1,5,10,0,7.566553119061416,0,9.7,3.7,1.97,Dropout
1,13,1,5276,0,1,132.1,20,10,26,7,6,168.3,1,0,0,1,1,0,36,0,0,3,7,4,14.182765001721098,0,3,2,3,1,12.004359239851837,0,13.3,0.3,1.92,Graduate
1,6,1,9870,1,1,131.1,92,7,2,30,3,152.6,0,0,0,1,1,0,18,0,0,8,20,16,18.874988220675384,0,1,9,32,11,18.571428571428573,0,10.9,-0.2,-2.68,Graduate
1,1,1,6325,1,1,127.8,2,44,44,17,23,148.2,0,0,0,1,0,0,18,0,0,3,5,1,7.57860104440799,0,1,2,4,0,5.614179944161743,0,10.5,0.8,-2.74,Enrolled
1,44,1,9463,1,6,133.6,10,43,5,11,6,155.3,1,0,0,1,1,0,31,0,0,10,11,4,16.88442892646164,0,4,10,15,6,18.571428571428573,0,9.7,-0.7,1.65,Dropout
2,57,1,9823,1,10,126.2,98,43,44,6,5,161.3,0,0,0,1,1,0,18,0,0,7,8,5,18.24772300406287,0,3,8,16,1,11.34447393576955,0,12.7,3.7,2.65,Graduate
1,2,2,7283,1,1,135.2,3,28,42,5,0,154.9,1,0,0,1,0,1,18,0,0,6,9,2,6.842874061228402,0,4,6,10,3,17.144912456923326,0,10.2,3.7,-1.63,Graduate
1,56,1,9298,1,4,127.0,34,31,31,5,23,155.8,1,0,0,0,0,0,29,0,0,8,6,1,8.887232424367687,0,6,8,2,0,6.899180954170564,0,9.0,-0.6,2.11,Graduate
1,41,1,8859,1,1,137.4,103,34,30,2,2,154.9,1,0,0,1,0,0,19,0,0,7,11,2,8.469382867877783,0,1,7,7,1,9.84605492806794,0,9.3,3.6,1.91,Enrolled
1,15,6,9564,1,1,110.7,57,44,14,7,1,148.4,1,0,0,1,0,1,18,0,0,7,9,4,15.89354720169669,0,2,8,21,12,18.571428571428573,0,10.7,-0.7,-4.0,Graduate
1,2,1,9654,0,1,142.5,15,44,30,21,16,162.0,0,0,0,1,0,1,25,0,0,3,4,3,15.061337205905549,0,1,5,2,1,9.560814192718388,0,14.6,-0.1,0.79,Dropout
1,1,2,9863,1,1,140.9,43,34,9,4,17,154.4,0,0,0,1,0,1,19,0,0,10,14,12,18.87265465771258,0,3,10,18,14,18.571428571428573,1,8.9,3.7,-1.18,Enrolled
1,53,5,7977,1,1,130.0,10,24,2,2,1,152.0,1,0,0,1,1,0,22,0,0,14,18,1,0.02192093207338832,0,12,13,9,1,5.846316957492453,0,14.1,1.4,2.58,Dropout
1,5,1,9990,1,1,151.6,6,17,41,16,17,153.6,1,0,0,1,0,0,18,0,0,9,9,13,18.874496726920658,0,3,8,27,14,18.571428571428573,0,11.8,1.3,-2.48,Graduate
1,7,1,9834,1,1,138.5,8,44,5,2,0,153.4,1,0,0,1,0,0,19,0,0,8,8,3,13.75860614008352,0,3,8,10,5,18.136463230288538,0,11.1,-0.5,-4.05,Enrolled
1,40,1,9698,1,6,128.5,3,11,15,19,36,147.2,0,0,1,0,0,1,21,0,0,8,12,14,18.874606153356556,0,2,8,33,15,18.571428571428573,0,15.2,-0.4,1.6,Graduate
1,54,1,9524,1,1,126.3,27,30,13,3,21,149.5,1,0,0,1,1,0,26,0,0,4,6,1,4.954574055161232,0,1,4,4,0,8.423501217673069,0,9.7,-0.5,1.71,Enrolled
1,30,1,9654,1,1,131.9,29,29,21,14,5,156.3,1,0,0,1,1,0,20,0,0,6,0,4,16.49853838641478,0,2,7,1,2,14.76316269701905,0,9.0,2.3,0.49,Dropout
1,37,1,8062,1,2,168.6,2,43,43,2,13,161.8,0,0,0,1,1,0,24,0,0,6,7,3,14.257863006283745,0,1,6,8,1,9.004918080612768,1,9.1,0.7,-0.65,Enrolled
1,57,3,9911,1,1,141.3,102,44,16,7,6,158.1,0,0,1,1,1,0,24,0,0,5,12,2,14.387705776733977,0,1,5,15,2,15.784873716531001,0,12.1,-0.2,1.23,Enrolled
1,5,1,7645,1,2,164.2,31,44,23,10,7,177.6,1,0,0,1,0,0,20,0,0,7,9,1,0.5610740114139047,0,5,7,2,0,1.4961505924385656,0,10.7,0.9,2.83,Graduate
1,43,1,9739,1,1,140.7,72,6,5,1,5,157.4,1,0,0,1,1,0,23,0,0,12,13,13,18.856290687066284,0,5,12,21,18,18.571428571428573,0,13.4,-0.6,-3.3,Graduate
1,1,2,9071,0,1,136.7,33,17,22,4,1,158.3,1,0,0,1,0,1,18,0,0,6,5,3,14.818166575348279,0,1,7,1,4,17.6457937780773,0,15.1,-0.7,-2.4,Dropout
1,10,1,7083,1,4,128.0,31,38,19,2,3,159.8,0,0,0,1,1,1,34,0,0,7,8,0,0.01149871674383773,0,3,8,1,1,8.913957084765682,0,9.4,-0.0,3.11,Graduate
1,1,4,8342,1,1,165.9,12,4,12,8,14,167.0,0,0,0,1,0,0,23,0,0,2,1,1,3.5314817973085995,0,1,2,1,1,13.015433274117504,0,11.2,3.7,-0.65,Enrolled
2,43,1,3165,1,6,160.1,2,19,33,11,8,166.4,0,0,0,1,0,0,18,0,0,5,10,0,0.02875597751219184,0,12,3,1,1,9.242804913937187,0,12.5,1.1,-2.41,Graduate
1,20,1,7071,1,3,124.0,23,15,12,2,3,155.1,1,0,0,0,0,0,18,0,0,5,7,2,12.659130352468939,0,2,5,12,0,7.8465219098755705,0,10.7,3.7,1.58,Dropout
1,3,2,8820,1,1,109.6,4,2,4,4,10,149.8,1,0,0,1,0,0,38,0,0,7,5,0,0.006159900635310012,0,3,8,2,0,1.3083589363391024,0,13.1,-0.4,0.59,Graduate
1,3,1,9910,0,1,150.9,4,44,29,7,11,157.7,1,0,0,1,0,0,18,0,0,7,10,9,18.762597782609785,0,2,7,22,7,18.571428571428573,2,11.3,0.7,-1.15,Graduate
4,11,2,5077,1,1,125.9,88,2,4,3,4,156.2,0,0,0,1,1,1,18,0,0,9,10,9,18.709043621763264,0,8,8,4,6,17.9437335656496,1,15.4,-0.4,-0.03,Graduate
2,41,1,8796,0,2,141.0,67,1,4,3,7,156.3,1,0,0,1,0,0,20,0,0,11,11,11,18.846842887491515,0,7,10,15,17,18.571428571428573,0,8.9,3.7,3.21,Graduate
1,4,1,9545,1,1,119.4,3,1,17,1,0,155.3,1,0,0,1,0,0,19,0,0,4,6,6,18.816577968952398,0,1,5,6,5,18.571428571428573,0,9.2,-0.8,-3.07,Dropout
1,7,2,7257,1,1,117.8,72,1,2,5,9,153.1,0,0,0,1,1,0,37,0,0,3,6,4,18.093235126917655,0,1,3,6,5,18.571428571428573,0,12.7,-0.5,-0.65,Graduate
1,1,1,7141,0,1,154.8,59,9,43,6,8,166.5,1,0,0,1,0,0,18,0,0,5,7,6,18.668555711532342,0,2,5,5,8,18.571428571428573,0,9.6,2.1,-3.85,Dropout
1,7,1,7863,1,1,117.5,45,16,15,20,21,163.4,1,0,0,1,1,0,30,0,0,4,6,5,18.347429440187256,0,2,4,1,2,15.577964451629375,0,10.8,3.7,2.25,Dropout
4,57,1,7764,1,3,113.7,4,13,8,5,4,151.8,1,0,0,1,0,0,21,0,0,5,10,8,18.72330023431084,0,4,5,9,2,12.28818895481938,0,9.3,0.1,2.48,Graduate
1,7,1,9757,1,1,133.3,29,24,21,34,34,161.1,0,0,0,1,1,0,21,0,0,10,11,7,18.634317565108628,0,10,9,15,6,18.464667895859705,0,8.9,1.7,1.51,Dropout
4,57,1,6781,1,1,152.7,80,42,24,2,10,159.3,1,0,0,1,1,0,25,0,0,9,11,15,18.87494880892166,0,4,8,29,11,18.571428571428573,0,9.0,-0.8,2.42,Enrolled
1,7,2,7574,1,2,144.7,83,25,37,5,11,149.1,1,0,0,1,0,1,18,0,0,7,10,1,1.475207294977177,0,4,6,5,0,2.3062018743573853,0,11.6,1.2,1.87,Enrolled
1,55,1,6530,1,1,135.4,97,42,44,19,10,155.3,1,0,0,1,1,1,18,1,0,5,4,1,0.5646638627662199,0,5,5,2,0,7.508866458664611,0,9.3,-0.7,0.05,Graduate
1,56,1,8999,1,1,117.5,50,28,43,20,41,152.6,0,0,1,0,1,1,20,0,0,7,12,2,7.999022452819539,0,1,8,5,0,4.891000550631215,0,11.3,-0.5,2.01,Dropout
1,57,1,8652,0,4,135.2,7,18,2,4,7,164.3,1,0,0,1,1,0,57,0,0,6,10,0,0.010121555978915866,0,9,6,1,0,0.2846103826850633,0,9.0,-0.8,-2.38,Enrolled
1,53,1,9927,0,2,140.5,52,19,2,10,8,156.2,0,0,0,1,0,0,23,0,0,11,15,9,18.702485927274353,0,8,11,25,16,18.571428571428573,0,14.3,-0.7,-2.77,Dropout
1,9,1,8557,1,2,123.5,3,44,44,1,1,148.1,0,0,0,1,1,1,18,0,0,6,10,19,18.874999604826286,0,2,7,25,9,18.571428571428573,0,15.3,0.8,-2.94,Graduate
1,1,1,9566,1,1,157.4,46,4,12,1,2,153.0,1,0,0,1,0,0,27,0,0,7,11,1,1.3775182515918627,0,2,6,5,0,6.188429772857969,0,11.0,3.5,-1.67,Graduate
1,1,1,8358,1,1,128.5,11,44,35,15,28,149.6,1,0,1,1,0,0,18,0,0,8,8,4,13.507304270437738,0,1,9,2,3,14.681131922889092,0,14.7,-0.7,-4.0,Graduate
1,25,1,8276,1,1,124.3,57,4,24,3,8,151.5,1,0,0,1,0,1,18,0,0,10,10,12,18.873384382599507,0,3,10,24,15,18.571428571428573,0,11.2,-0.5,-1.43,Dropout
1,28,1,6263,1,5,142.1,39,43,20,7,3,163.1,1,0,1,0,0,0,18,0,0,10,16,9,18.850975586849483,0,11,10,21,14,18.571428571428573,0,12.3,1.3,0.62,Graduate
1,1,1,5609,1,1,132.9,29,36,44,3,7,148.4,1,0,0,1,1,0,19,0,0,3,2,0,0.1999676719284637,0,1,2,1,0,4.322632213075383,0,9.7,-0.6,0.77,Graduate
1,5,3,8839,1,2,124.3,5,18,15,3,9,152.6,1,0,1,1,1,0,18,0,0,5,9,0,0.030746802753420184,0,2,5,1,0,4.434457723906294,0,9.0,1.0,1.41,Dropout
1,46,4,8494,1,1,126.2,21,22,38,4,4,165.3,0,0,0,1,0,0,20,0,0,7,10,13,18.874433504505355,0,7,6,12,5,18.160625770715974,0,9.0,3.0,1.97,Graduate
1,15,4,8909,1,1,166.7,83,7,2,3,0,163.1,1,0,1,1,0,0,18,0,0,5,9,4,18.07910543316042,0,1,5,7,4,17.90915670337693,1,13.2,-0.8,-3.38,Graduate
1,11,1,4384,1,1,124.7,29,19,26,9,14,158.1,0,0,0,1,1,0,18,0,0,3,11,6,18.41071163484879,0,1,3,5,7,18.571428571428573,0,10.9,-0.5,-3.02,Graduate
1,1,1,4644,1,1,145.8,69,5,30,1,3,176.9,1,0,0,1,1,0,18,0,0,3,2,3,14.977950149975097,0,1,2,1,0,4.382158884487335,0,9.1,3.7,1.46,Graduate
1,2,2,9467,1,1,128.8,89,44,17,6,18,158.7,1,0,0,0,0,1,18,0,0,7,12,6,17.79978549014864,0,5,8,8,7,18.571428571428573,0,12.2,-0.8,0.16,Graduate
1,10,1,9081,1,1,141.8,72,2,2,34,21,158.8,0,0,0,1,1,0,18,0,0,6,12,3,10.403345840556167,0,2,7,8,1,12.879691049721197,0,12.0,-0.7,-0.96,Enrolled
1,26,1,8538,1,1,153.9,78,3,35,38,51,171.2,1,0,0,1,0,0,20,0,0,2,0,0,0.31778039064837776,0,1,2,0,0,6.496208251126044,0,10.8,1.5,2.78,Dropout
1,16,4,7523,1,1,137.4,102,10,2,14,17,158.5,0,0,0,0,1,1,45,0,0,5,14,16,18.87498658629694,0,2,5,33,17,18.571428571428573,0,15.8,0.9,-2.29,Enrolled
1,52,1,9201,1,1,130.9,4,2,11,15,8,151.5,1,0,1,0,1,0,18,0,0,11,8,3,11.957387304359038,0,11,11,15,8,18.571428571428573,0,13.1,-0.8,3.16,Dropout
1,57,1,9973,1,7,127.5,70,43,15,14,19,164.6,1,0,0,1,0,0,48,0,0,9,15,2,12.431753204317657,0,3,9,16,1,8.650920105620097,0,12.7,3.3,2.39,Enrolled
1,5,3,8415,1,1,137.1,16,2,2,13,36,159.1,0,0,0,1,0,1,18,0,0,7,6,2,8.893817218074618,0,1,7,9,2,13.615241160119629,0,12.2,-0.8,2.22,Graduate
2,40,3,8019,1,2,152.5,44,7,7,8,6,168.4,1,0,0,1,0,0,18,0,0,5,4,1,2.8096498841859163,0,8,5,3,1,8.920965029026943,0,9.1,1.7,2.6,Graduate
1,2,3,9973,1,1,118.8,50,26,3,1,2,155.1,1,0,0,1,0,0,18,0,0,12,16,18,18.874955750536767,0,4,11,28,16,18.571428571428573,0,11.9,-0.2,-3.16,Graduate
1,45,3,9836,1,4,149.9,56,34,38,3,2,162.1,1,0,0,1,0,1,20,0,0,7,9,2,9.677118637618621,0,3,7,8,1,11.605402916167126,0,12.1,2.3,0.36,Graduate
1,1,1,9066,1,1,130.4,35,13,10,8,6,156.5,1,0,0,1,0,1,18,0,0,5,6,7,18.781095211174105,0,1,5,5,2,15.790573900740394,1,9.0,-0.8,1.52,Graduate
2,16,1,9872,1,4,130.1,7,29,35,23,30,158.6,0,0,0,1,0,0,31,0,0,7,18,7,18.82793358944494,0,3,7,25,8,18.571428571428573,4,10.4,-0.7,0.21,Graduate
1,52,3,4978,1,1,118.5,29,2,2,7,1,150.8,1,0,1,1,0,0,27,0,0,4,4,2,9.023730853423814,0,1,3,4,0,8.545788655931739,0,12.9,1.0,-3.92,Dropout
1,6,1,9862,1,1,129.6,17,21,39,6,21,152.3,1,0,0,1,0,0,18,0,0,8,9,15,18.874659071956952,0,3,8,8,6,18.484746198753705,0,9.8,2.2,0.75,Enrolled
1,56,3,9044,1,2,135.8,72,23,44,31,55,149.1,0,0,0,1,0,0,22,0,0,8,9,4,16.998576716828396,0,1,7,13,5,18.2614010112954,0,9.8,-0.2,3.47,Graduate
1,42,1,7952,1,1,144.2,92,27,4,2,0,151.6,1,0,0,1,1,0,40,0,0,6,8,1,0.8359289001200629,0,4,7,8,1,11.82064993773391,0,9.0,3.5,3.28,Graduate
1,37,1,9951,0,3,113.4,83,16,44,25,16,154.5,0,0,0,1,0,0,35,0,0,8,7,1,2.706468384338893,0,7,8,1,1,9.961016945938942,0,10.5,-0.8,1.41,Dropout
1,1,1,8216,1,1,141.8,94,41,13,2,11,151.8,0,0,0,1,1,0,21,1,0,8,7,3,10.319568602762624,0,6,8,5,3,16.261181798075548,0,10.0,3.4,-2.92,Graduate
1,57,1,8438,1,1,148.6,60,13,13,1,1,159.7,0,0,0,1,1,1,19,0,0,4,5,6,18.63337371339342,0,1,5,8,6,18.571428571428573,0,12.7,-0.7,-1.36,Enrolled
1,11,1,9940,1,1,149.9,84,2,7,10,18,159.0,1,0,0,1,0,0,18,0,0,3,3,1,3.5441527732978955,0,1,4,3,1,12.517462831858714,0,8.9,3.5,1.81,Dropout
1,1,1,7138,1,1,119.7,5,6,27,5,2,154.5,1,0,0,1,0,0,18,0,0,5,10,15,18.874973354091566,0,1,4,17,13,18.571428571428573,1,11.7,-0.8,-3.7,Graduate
1,5,1,9940,1,1,127.2,14,43,10,42,52,165.9,1,0,1,0,1,0,18,0,0,4,1,0,0.7203017071667526,0,1,5,5,0,6.305922930305396,0,9.5,0.2,2.91,Enrolled
1,41,1,9457,1,6,118.7,96,8,42,13,3,151.7,1,0,0,1,0,1,32,0,0,11,17,20,18.874996078219134,0,6,11,33,20,18.571428571428573,0,10.1,3.7,3.32,Dropout
1,54,1,9201,1,1,112.0,35,44,15,8,5,151.3,0,0,0,1,0,0,33,0,0,4,7,0,0.007418871269624441,0,2,2,1,0,1.32669413241842,3,9.1,-0.8,-0.77,Enrolled
1,1,1,8024,1,2,140.2,34,44,27,12,5,153.2,0,0,0,1,1,0,18,0,0,4,4,1,0.5491962351701767,0,2,4,0,0,3.911417375322718,2,14.4,-0.8,-4.06,Graduate
1,2,3,8837,1,1,142.0,8,24,37,2,6,152.6,1,0,0,1,1,1,18,0,0,4,8,4,17.83604652260587,0,1,4,10,7,18.571428571428573,0,14.9,1.4,-3.71,Graduate
1,1,1,3647,1,1,113.6,90,37,29,1,3,151.0,1,0,0,1,0,1,18,0,0,5,4,19,18.874994856493924,0,2,5,13,12,18.571428571428573,0,12.2,0.0,-1.94,Graduate
1,1,1,8267,1,1,161.4,17,43,43,2,8,157.1,1,0,0,1,1,0,18,0,0,5,5,3,16.81928677623016,0,3,5,5,2,16.65881073166999,0,9.5,-0.6,-0.22,Graduate
1,18,6,7093,1,1,124.6,8,1,3,2,11,153.3,1,0,0,1,0,1,19,0,0,5,12,8,18.8672861612873,0,1,5,25,4,17.134573536875514,0,12.0,-0.0,0.49,Enrolled
1,55,1,9945,1,2,125.4,92,42,6,2,6,151.8,0,0,1,1,1,1,26,0,0,8,15,5,18.554717717757484,0,2,7,18,4,18.523777554191735,0,12.9,1.1,-3.33,Dropout
1,55,1,5581,1,1,131.1,84,7,13,6,11,158.9,1,1,0,1,0,0,18,0,0,3,4,0,0.006092766649152745,0,2,4,0,0,0.08615615433016531,0,13.4,-0.8,0.18,Enrolled
1,57,2,9870,1,1,142.1,23,44,31,6,4,154.4,1,0,0,1,0,1,28,0,0,5,6,0,0.12288872034555845,0,2,6,1,0,1.5443525183522995,0,10.4,-0.6,1.68,Dropout
1,57,1,9851,1,1,131.9,29,36,44,2,1,158.6,0,0,1,1,0,0,35,0,0,9,14,0,0.012621628473957867,0,5,8,2,0,0.9887168457689585,0,10.1,-0.8,-2.69,Enrolled
1,4,1,7632,1,1,127.1,56,2,6,13,15,152.3,1,0,0,1,0,0,23,0,0,6,12,9,18.85873715333879,0,2,7,9,4,17.915992437108375,0,9.2,1.8,3.09,Graduate
1,55,2,8845,1,2,137.7,88,44,35,11,18,155.0,0,0,1,1,1,1,19,0,0,8,11,2,7.348706710556173,0,2,8,4,2,13.654576800063703,0,12.4,-0.8,-2.36,Graduate
1,32,1,6964,1,8,140.6,72,2,2,4,4,158.1,1,0,0,1,0,0,18,0,0,6,6,5,17.618047368250995,0,5,6,6,4,17.49335666995366,0,13.2,-0.8,-3.17,Graduate
4,55,1,9974,1,2,111.0,86,44,44,5,7,148.6,0,0,0,0,0,0,48,0,0,11,13,5,18.05949113827277,0,3,11,23,3,17.00131216050033,2,15.6,-0.7,-3.9,Dropout
1,12,1,4038,1,1,109.3,106,6,18,1,0,148.4,1,0,1,1,1,0,18,0,0,1,4,0,0.006044436764271035,0,1,2,2,0,0.44288705540868095,0,9.0,3.4,-0.11,Graduate
1,6,1,7021,1,1,123.5,4,2,14,14,2,147.9,1,0,0,1,0,0,18,0,0,8,12,23,18.874999999357684,0,2,10,12,14,18.571428571428573,0,13.0,-0.7,3.2,Dropout
1,48,3,9835,1,1,102.9,96,8,2,3,1,150.8,1,0,1,1,1,0,61,0,0,4,9,0,0.07707934711838506,0,2,5,7,0,5.981631635929383,0,15.1,-0.2,-3.48,Graduate
1,54,1,6760,1,1,132.5,13,44,44,2,1,160.3,0,0,0,0,0,0,31,0,0,4,7,0,0.010715941861173854,0,3,5,11,0,3.740339928541882,0,15.3,-0.6,-2.04,Graduate
1,24,1,9963,1,5,151.4,94,8,12,26,22,162.1,0,0,1,0,1,0,34,0,0,7,10,3,14.658761396103715,0,4,7,10,3,17.165123912209395,0,13.5,3.7,0.56,Graduate
1,1,1,6870,1,1,122.5,46,44,44,1,3,157.4,0,0,0,1,0,1,26,0,0,1,1,0,0.006063303775018489,0,1,2,0,0,5.285160995595585,0,15.8,1.4,-3.92,Graduate
2,13,1,9015,1,1,100.7,6,41,37,2,3,150.8,1,0,0,1,0,1,26,0,0,5,5,3,13.008695578409515,0,1,5,4,3,16.059878169178496,3,12.5,0.1,-3.57,Dropout
1,1,4,9939,1,1,130.4,58,8,28,38,29,153.1,1,0,1,1,0,0,20,0,0,10,16,7,18.674791384896192,0,4,9,31,8,18.571428571428573,0,9.2,-0.2,2.71,Dropout
1,11,1,9977,1,5,124.6,8,27,42,2,0,151.8,0,0,0,0,0,0,18,0,0,7,8,0,0.19419607237071473,0,2,6,1,0,4.049577946983259,0,14.0,2.0,-2.37,Enrolled
1,14,1,9970,1,1,124.3,11,42,37,1,3,155.4,1,0,0,1,0,0,26,0,0,5,4,5,18.792425989811377,0,1,6,14,5,18.571428571428573,0,10.7,-0.6,-0.82,Graduate
4,1,1,9989,1,1,143.5,12,32,23,4,3,159.7,0,0,0,1,0,0,23,0,0,7,9,6,18.735867842205376,0,6,8,19,1,8.928561653899084,0,8.9,3.7,0.57,Dropout
1,55,3,9403,0,1,115.5,76,15,11,1,2,146.4,0,0,0,1,1,0,28,0,0,9,13,3,12.842004252117416,0,5,9,5,1,12.181715444349447,0,10.9,1.6,-3.97,Dropout
1,9,1,9740,1,1,127.1,98,39,43,12,5,149.5,0,0,1,1,1,0,29,0,0,7,18,5,18.452446615971603,0,6,7,14,2,16.479759114229996,0,12.5,0.5,-1.59,Dropout
1,5,1,4889,1,1,145.2,94,24,44,5,5,160.3,1,0,0,1,0,0,18,0,0,0,1,0,0.33484103307724383,0,1,2,1,0,5.73009422930563,0,15.5,1.2,-0.13,Dropout
1,5,1,8508,0,1,150.6,98,24,44,12,12,167.9,1,0,1,1,1,1,20,0,0,7,16,11,18.874664649482817,0,4,6,11,3,16.69975331017813,0,11.2,3.2,-2.93,Dropout
1,25,1,9162,1,1,132.5,65,44,2,3,5,154.5,1,0,0,1,0,0,19,0,0,5,7,13,18.874493997266352,0,2,5,5,13,18.571428571428573,0,12.7,1.1,-3.52,Dropout
1,9,2,8315,1,1,131.5,19,44,33,6,4,150.4,1,0,0,1,0,1,21,0,0,3,1,0,0.006771280398938899,0,1,3,1,0,1.4701290579337432,0,11.1,1.1,-3.3,Enrolled
1,10,5,8932,1,4,146.7,34,18,2,9,21,163.7,0,0,0,1,1,1,19,0,0,9,12,7,18.45241367135499,0,4,9,13,13,18.571428571428573,0,15.1,0.5,-1.04,Graduate
1,20,1,8142,0,1,153.9,96,44,42,9,35,150.0,1,0,0,1,1,0,19,0,0,4,5,2,3.8494931808510757,0,1,4,4,1,11.888517480843603,1,12.9,-0.0,-2.49,Graduate
2,43,1,7995,1,1,144.5,49,41,4,2,2,154.1,1,0,0,1,1,0,20,0,0,6,7,1,1.2877677242279177,0,6,5,1,1,7.375914116556787,0,15.5,0.9,-3.02,Dropout
1,7,3,7614,1,2,143.7,11,3,3,9,5,164.6,0,0,0,1,0,1,20,0,0,6,11,20,18.87499969115992,0,2,6,26,15,18.571428571428573,0,13.4,0.2,0.45,Dropout
1,1,2,9437,1,1,136.2,82,13,31,19,16,150.2,1,0,0,1,0,0,18,0,0,6,10,7,18.619563050882114,0,1,6,5,10,18.571428571428573,0,9.0,-0.4,2.93,Graduate
2,1,2,8904,1,1,126.2,8,1,2,28,30,151.9,0,1,0,1,1,0,18,0,0,5,7,1,2.003001118464017,0,4,7,5,0,5.358493032223845,0,10.7,0.1,0.97,Graduate
1,53,1,9752,1,16,148.7,29,1,3,3,10,159.7,1,0,1,1,1,0,49,0,0,8,9,3,13.426712087591696,0,7,8,11,4,18.22166363700205,0,9.9,3.2,2.7,Dropout
1,11,1,9692,0,1,128.9,87,1,2,3,1,152.9,0,0,0,1,0,0,28,0,0,5,5,2,8.913966302990572,0,5,6,4,1,11.862295382429272,0,9.8,3.2,1.43,Dropout
1,2,1,7520,1,1,144.4,39,31,44,13,10,161.1,1,0,0,1,1,0,23,0,0,8,11,1,0.12559652143134212,0,8,8,4,0,4.710395013417743,0,12.9,0.2,-1.37,Dropout
1,42,1,9942,1,1,121.0,14,18,23,5,8,155.3,0,0,0,1,0,0,21,0,0,4,9,6,18.816774415288165,0,1,5,19,3,17.603560278706794,0,10.7,-0.3,0.26,Enrolled
2,22,1,9937,1,1,130.6,3,44,32,10,16,147.8,1,0,0,1,1,0,20,0,0,10,6,2,5.820016138773599,0,2,8,4,4,17.43899231380108,0,14.5,-0.3,-2.35,Graduate
1,1,1,8659,1,1,114.0,10,43,11,6,22,147.4,1,0,1,1,0,1,19,0,0,8,15,20,18.874999475743966,0,5,6,18,10,18.571428571428573,0,10.7,-0.2,-3.73,Enrolled
1,16,3,8915,0,1,118.9,20,44,44,8,4,146.8,0,0,0,0,1,0,21,0,0,2,5,0,1.199312921559663,0,1,2,6,0,1.82399388141684,0,12.6,3.7,2.42,Enrolled
1,1,4,9126,1,1,147.2,25,1,3,2,7,164.0,0,0,1,1,0,0,19,0,0,9,8,7,18.15200085179641,0,5,8,22,5,16.783435441672555,0,11.2,-0.8,0.31,Dropout
2,53,1,7861,1,1,127.9,35,35,25,1,1,157.9,0,0,0,1,0,0,41,0,0,4,9,1,0.4517383622750123,0,1,3,7,1,11.043771360845849,2,9.4,-0.6,-0.94,Dropout
1,2,1,3954,1,1,109.4,77,34,6,15,44,153.9,1,0,0,1,1,0,18,0,0,2,0,0,0.192137748330789,0,1,3,0,0,5.645979685233405,0,10.7,-0.6,1.62,Dropout
1,44,1,8767,1,5,127.2,3,6,25,9,7,161.8,0,0,0,1,0,0,19,0,0,6,10,4,18.569321776874684,0,3,5,6,0,6.6698413541717025,0,11.5,0.4,-4.06,Graduate
1,1,4,7150,1,1,123.3,28,39,2,7,27,148.9,0,0,0,1,0,0,18,0,0,9,11,2,6.647679452802034,0,5,9,6,2,13.28435199920578,0,9.2,1.3,-1.86,Dropout
1,1,1,9632,1,2,138.8,69,5,2,13,30,152.2,0,0,0,1,0,0,18,0,0,9,13,14,18.874384345686003,0,2,10,24,11,18.571428571428573,0,12.4,3.6,0.14,Graduate
1,25,1,9357,1,1,121.1,100,44,2,11,14,152.2,0,0,0,0,1,0,19,0,0,8,10,0,0.3152692566881356,0,2,8,5,0,6.8174626336318855,0,9.3,3.7,1.48,Graduate
1,13,4,7625,1,1,136.5,56,37,37,2,10,154.2,0,0,0,1,0,0,49,0,0,10,13,15,18.873346862095538,0,8,9,10,11,18.571428571428573,0,12.1,-0.8,-2.0,Graduate
1,41,1,9675,1,1,116.5,3,43,44,2,1,152.8,1,0,0,1,0,0,33,0,0,7,11,5,18.33928979007007,0,2,7,15,2,15.064584608448374,0,11.6,3.2,2.74,Graduate
1,2,3,9581,1,1,118.9,84,2,22,5,9,149.0,0,0,0,1,0,0,18,0,0,4,4,3,16.854542176005697,0,1,4,11,1,13.658374588536544,0,9.6,-0.7,1.99,Enrolled
1,17,3,9558,1,3,123.4,46,29,36,15,7,153.0,1,0,0,1,0,1,23,0,0,5,3,1,0.5808860456347712,0,2,6,1,1,8.173739442585555,0,9.8,1.0,3.32,Dropout
1,4,1,9593,1,1,138.1,16,4,6,3,7,152.8,0,0,0,1,0,0,18,0,0,6,4,1,1.1218881445567634,0,1,6,4,1,9.913494768637854,0,9.9,1.3,-1.6,Graduate
1,29,1,7881,1,1,134.8,64,41,2,4,5,153.8,0,0,0,1,1,0,19,0,0,7,7,18,18.87499394046432,0,2,8,30,15,18.571428571428573,0,11.8,0.1,-0.55,Dropout
1,2,1,9874,1,1,137.5,3,35,42,7,8,152.1,0,0,1,1,0,1,22,0,0,4,3,3,12.788889778620788,0,3,5,7,10,18.571428571428573,0,11.6,1.9,1.59,Graduate
1,19,4,8587,1,1,139.5,81,31,36,10,25,155.1,0,0,0,1,0,1,23,0,0,4,2,8,18.8198859627574,0,2,4,4,2,15.180627219808397,0,8.9,1.8,1.48,Dropout
1,10,1,6801,1,1,134.5,5,20,7,2,2,158.7,1,0,0,1,0,0,22,0,0,6,6,0,0.011316593345556996,0,3,6,8,0,2.7176695319900293,0,10.9,2.5,0.62,Graduate
1,17,1,9989,1,1,122.3,74,31,5,3,3,154.8,0,1,0,0,0,0,26,0,0,7,15,7,18.786044965402088,0,2,7,27,1,11.588373036298696,0,10.6,-0.7,0.73,Dropout
1,1,1,8876,1,2,121.3,24,3,2,4,12,152.1,1,0,0,0,0,0,25,0,0,8,11,5,17.68069107037839,0,2,8,18,3,16.04211093365323,0,14.6,0.1,-3.31,Graduate
1,34,3,8474,1,2,125.9,84,25,18,15,15,151.9,0,0,0,1,0,0,18,0,0,7,11,5,17.972236174776903,0,5,6,7,1,9.104502887136272,0,9.6,1.9,0.95,Graduate
1,49,1,9613,1,2,116.1,56,24,5,9,31,149.9,1,0,0,1,0,0,24,0,0,10,11,4,14.807486305966846,0,4,10,11,5,17.445874119678138,0,11.9,-0.0,1.99,Graduate
1,19,1,4145,1,2,122.1,18,41,21,2,1,156.5,0,0,1,1,1,0,25,0,0,8,12,2,2.3522012858413546,0,8,8,7,0,2.256591436861681,0,13.5,0.5,-2.61,Graduate
1,57,1,8345,0,2,146.4,51,8,11,3,8,154.5,1,0,0,0,0,0,29,0,0,5,8,4,16.57420451167027,0,6,6,12,3,16.981047145464615,0,9.5,1.4,-0.47,Graduate
2,42,5,9830,1,1,131.5,70,6,3,3,2,153.9,1,0,0,1,0,0,18,0,0,4,5,2,14.522743877775579,0,1,5,8,2,16.31715317709637,0,10.4,-0.8,-0.01,Dropout
1,3,1,5297,1,1,142.1,63,3,43,14,5,173.1,0,0,0,1,0,0,26,0,0,7,9,4,16.142138618046694,0,4,6,3,3,15.49814696882553,0,15.6,3.7,-2.17,Dropout
1,41,1,6523,0,7,126.8,4,35,44,2,12,151.9,0,0,0,1,1,0,31,0,0,6,8,2,11.206961729491832,0,6,6,2,1,11.823259576992351,0,10.2,0.8,-2.53,Dropout
2,6,5,9916,1,1,143.6,67,43,43,21,32,161.6,1,0,1,1,0,0,20,0,0,4,0,1,0.817258874869209,0,1,5,1,1,9.212984008487851,0,12.5,3.2,0.01,Graduate
1,55,1,4666,1,1,146.2,33,44,44,4,6,178.7,0,0,0,1,0,1,23,0,0,10,15,15,18.874819730919693,0,5,8,26,18,18.571428571428573,0,10.5,-0.6,2.51,Graduate
1,57,1,9978,1,2,127.8,57,44,13,6,4,159.9,1,0,0,1,0,0,22,0,0,10,18,10,18.86612082253487,0,3,9,14,10,18.571428571428573,0,12.6,2.3,-0.83,Graduate
1,21,1,9975,1,1,115.9,28,2,39,1,0,149.2,1,0,0,1,0,0,18,0,0,6,11,1,3.5530639460164526,0,1,6,16,3,16.87195690139118,0,10.7,3.7,-0.4,Dropout
1,48,1,9273,1,1,116.5,37,31,13,8,9,148.3,0,0,0,1,0,0,21,0,0,7,7,0,0.061043051360007976,0,5,6,1,0,2.7169118614504257,0,12.6,3.6,-1.2,Graduate
2,17,1,6659,1,1,149.5,96,44,44,6,5,164.8,1,0,0,1,0,1,19,0,0,5,8,17,18.874946278970395,0,2,6,11,18,18.571428571428573,0,13.6,0.5,0.49,Graduate
4,4,1,7790,1,2,135.3,48,38,44,3,12,151.1,0,0,0,1,0,1,28,0,0,9,6,4,15.263114475698224,0,3,9,4,0,5.892617582243347,0,9.1,0.4,1.19,Graduate
1,7,2,8023,1,1,121.3,11,4,2,3,13,147.5,1,0,0,1,1,1,20,0,0,9,8,14,18.868511583039083,0,4,9,7,20,18.571428571428573,5,11.3,-0.7,1.01,Graduate
1,7,1,9625,1,1,131.1,37,12,11,11,8,148.8,0,0,1,0,1,1,19,0,0,7,9,15,18.87486557925423,0,2,7,22,4,18.571428571428573,0,9.3,3.2,3.21,Dropout
1,20,1,8389,1,4,125.2,78,44,41,6,14,156.5,1,0,0,1,1,0,39,0,0,6,11,12,18.872543937264535,0,5,5,11,4,17.37470987960785,0,9.1,2.2,3.05,Dropout
1,19,2,9123,1,1,117.7,27,7,20,3,1,152.9,0,0,0,1,0,0,20,0,0,5,4,1,0.8795879637223408,0,1,6,1,0,2.937863530313993,0,14.3,-0.1,-0.29,Dropout
1,15,1,8846,1,5,145.4,34,43,44,32,14,158.2,0,0,0,1,1,0,18,0,0,10,14,19,18.874989311833165,0,7,11,21,20,18.571428571428573,0,10.6,-0.7,-1.42,Graduate
2,35,2,9930,1,2,129.3,6,13,17,14,12,153.2,0,0,0,1,0,0,18,0,0,9,7,10,18.854643808599747,0,2,9,5,4,17.81677217920196,0,12.8,1.5,-1.71,Dropout
1,8,2,9930,0,2,144.2,29,24,3,2,2,153.9,1,0,0,1,0,0,34,0,0,5,8,8,18.79394684595899,0,3,4,11,6,18.325673787210484,0,9.0,-0.8,0.57,Dropout
1,31,1,5354,1,1,123.2,106,29,12,3,3,151.7,1,0,0,1,0,0,18,0,0,6,6,2,6.092799822650737,0,5,5,8,1,11.16044643775675,0,9.6,1.9,0.05,Graduate
1,9,1,8008,1,1,147.4,3,40,34,9,18,152.3,1,0,0,1,0,0,19,0,0,6,10,7,18.653236536010933,0,2,7,4,9,18.571428571428573,0,11.4,0.4,2.18,Graduate
1,2,5,6654,1,1,140.5,13,6,28,3,9,149.2,1,0,0,1,1,0,18,0,0,8,7,4,12.582238494275527,0,3,9,3,8,18.571428571428573,0,12.0,1.3,1.89,Graduate
1,46,1,9512,1,1,112.4,28,30,28,1,0,150.7,1,0,0,1,0,0,22,0,0,2,6,0,0.009115701458528892,0,1,3,5,0,1.8758920521962623,0,9.0,2.1,1.21,Dropout
1,6,2,5523,1,1,127.9,2,17,2,2,1,150.2,0,0,0,1,1,0,37,0,0,7,11,4,16.394669976372246,0,5,7,7,2,14.10833905905291,0,14.6,1.0,-1.08,Graduate
1,3,1,3584,1,2,128.6,21,43,31,6,4,164.6,0,0,1,1,1,0,25,0,0,2,4,0,0.02566816418241511,0,3,3,6,0,4.038631502898503,0,9.1,0.9,2.41,Dropout
1,1,1,9597,1,1,144.3,37,1,2,3,20,146.9,1,0,0,1,0,0,18,0,0,6,4,1,2.0602963083802894,0,2,6,2,5,18.571428571428573,0,9.2,3.7,3.18,Enrolled
1,53,4,9990,0,1,122.9,56,13,29,17,24,166.8,1,0,0,1,0,0,22,1,0,7,12,6,18.655152183959782,0,1,7,33,8,18.571428571428573,1,8.9,-0.3,1.27,Graduate
1,53,1,9608,1,4,106.8,81,1,2,7,39,150.2,1,0,0,1,0,0,41,1,0,4,5,1,0.5613116228904169,0,2,5,8,1,9.890079793239027,0,14.9,1.6,-2.33,Dropout
1,48,1,7975,1,1,143.7,45,18,9,3,12,151.8,1,0,0,0,1,1,28,1,0,4,8,1,1.6600957736267996,0,1,4,5,0,3.8380188851134864,0,9.9,0.4,0.19,Dropout
1,1,1,6108,1,1,130.4,3,35,24,9,10,155.2,1,0,0,1,0,0,33,0,0,5,1,0,0.4040716820917421,0,2,5,1,1,9.670958686363967,0,12.0,-0.7,-3.1,Dropout
1,37,1,5595,1,4,130.5,25,42,32,5,23,162.0,1,0,0,1,0,0,59,0,0,11,12,6,16.465906115554667,0,12,9,7,8,18.571428571428573,1,11.0,3.7,3.18,Dropout
1,56,1,9980,1,3,142.2,44,16,37,6,7,150.6,0,0,1,1,1,0,57,0,0,13,21,9,18.828253458499415,0,10,11,33,2,11.269396472232348,5,13.3,0.4,-3.94,Graduate
1,3,1,6804,1,1,144.3,64,42,12,8,7,158.6,1,0,1,1,1,0,52,0,0,4,2,0,0.007411890787279115,0,1,3,1,1,11.677337185106063,0,10.0,-0.8,-1.3,Dropout
2,54,1,8379,0,2,125.5,3,37,39,3,1,159.0,0,0,0,1,1,0,18,0,0,10,16,11,18.848837849388254,0,11,9,27,7,18.571428571428573,0,8.9,1.8,1.28,Enrolled
1,55,1,9945,1,2,133.2,4,34,39,7,19,148.9,1,0,1,1,0,0,24,0,0,11,14,12,18.866477731268745,0,3,11,33,11,18.571428571428573,0,9.5,-0.6,2.04,Graduate
1,1,1,7846,1,1,129.8,7,9,24,10,6,150.5,1,0,0,1,0,1,18,0,0,8,8,6,15.24727728033253,0,4,8,6,3,15.41768204582749,0,14.3,3.7,0.51,Graduate
1,34,1,6276,0,1,127.3,54,29,13,1,0,154.4,0,0,0,1,1,0,57,0,0,6,8,0,0.006293214776920654,0,6,6,0,0,0.11557298150147129,0,11.6,1.5,0.28,Dropout
1,3,5,7862,1,4,149.6,52,21,2,39,55,166.0,1,0,0,1,0,0,18,0,0,6,9,1,1.2773344295127187,0,2,6,2,0,3.5330437851276097,0,13.4,1.1,-0.87,Enrolled
1,56,1,9341,1,1,121.7,73,40,37,4,0,151.0,0,0,0,1,1,0,33,0,0,3,2,0,0.023291658951578698,0,1,2,0,0,3.787153290433805,0,13.5,0.8,-1.21,Enrolled
1,1,1,6027,1,1,149.7,64,10,8,3,15,149.5,0,0,0,0,0,1,18,0,0,3,5,1,3.7328001957431587,0,3,3,1,1,7.999586447720359,0,10.2,-0.5,-0.59,Graduate
2,50,1,7095,1,1,116.7,21,13,8,18,5,159.2,0,0,0,1,0,0,26,0,0,4,11,2,6.768968698540831,0,2,4,8,1,13.047053738148287,0,13.0,0.5,-1.19,Enrolled
1,1,1,3023,1,1,146.5,67,29,4,7,17,150.5,1,0,0,1,1,1,18,0,0,2,6,8,18.870621281301403,0,1,2,14,4,18.534870140660374,0,13.1,-0.0,-2.42,Dropout
1,2,1,8867,1,1,143.8,43,27,18,8,10,166.6,0,0,0,1,1,1,18,0,0,7,12,10,18.69458474042869,0,5,7,15,12,18.571428571428573,0,11.3,-0.4,0.18,Graduate
1,52,1,9436,1,1,137.5,73,28,2,4,7,157.5,0,0,0,1,1,0,20,0,0,5,2,0,0.5154569546316546,0,2,6,1,2,14.115440361910515,0,11.6,-0.2,-0.03,Graduate
6,55,1,8894,1,1,133.7,63,12,26,2,1,150.5,1,0,0,1,1,0,26,0,0,5,15,6,18.677775178166275,0,7,4,18,1,11.168148755259624,0,11.1,0.5,-2.77,Graduate
1,51,1,9217,1,1,128.6,34,35,12,2,5,153.9,0,0,0,1,1,1,30,0,0,4,4,0,0.017697560221605388,0,2,4,0,0,1.2931422766268366,0,13.4,1.0,-2.41,Enrolled
5,56,1,9893,1,9,133.6,11,39,23,17,7,152.9,0,0,0,1,1,0,30,0,0,9,14,13,18.874773576661195,0,11,8,13,9,18.571428571428573,5,15.1,-0.8,-3.87,Dropout
1,47,2,6724,1,1,104.7,87,43,9,19,20,150.5,0,0,0,1,1,0,21,0,0,6,4,1,2.4635234809530155,0,2,6,1,4,17.180758083033318,0,12.2,3.0,0.8,Graduate
1,30,1,8580,1,2,126.5,62,38,17,9,7,157.6,0,0,0,1,0,0,24,0,0,5,5,1,0.3649952216339668,0,2,5,4,1,11.064572229805194,0,9.5,-0.7,-1.61,Enrolled
4,1,5,8754,1,1,146.0,63,30,27,16,20,160.1,0,0,1,1,0,1,18,0,0,8,7,7,18.480234669935726,0,2,8,16,8,18.571428571428573,0,12.7,0.2,-2.77,Dropout
1,7,1,6258,1,2,132.5,26,2,26,3,4,152.7,1,0,0,1,0,0,18,0,0,3,6,1,7.820272296706012,0,3,5,1,1,8.356522253129462,0,9.5,-0.7,-0.89,Dropout
1,15,2,9431,0,1,143.5,105,7,33,1,0,163.4,1,0,0,1,1,1,18,0,0,4,8,4,17.180291098092106,0,2,4,13,9,18.571428571428573,0,9.9,0.6,-2.45,Graduate
4,48,1,8849,0,1,154.2,2,37,44,1,3,164.6,1,0,0,1,1,0,18,0,0,2,3,0,0.2917508443594035,0,1,3,0,1,11.760273722561179,0,9.7,-0.7,-0.76,Enrolled
1,5,1,8400,1,1,144.2,94,33,5,12,28,153.5,1,0,0,1,0,0,19,0,0,7,6,10,18.865500096227436,0,2,8,7,3,15.412665661773339,0,10.0,1.7,1.83,Graduate
1,50,1,4702,1,1,130.4,30,19,27,6,10,162.0,1,0,0,1,0,0,22,0,0,7,10,0,0.19666360727268128,0,4,7,3,0,0.7070413805322918,0,13.7,-0.7,-3.22,Dropout
1,8,1,9232,1,3,110.8,8,42,6,4,1,149.8,1,0,0,1,0,0,26,0,0,7,16,12,18.87125564018462,0,6,6,18,13,18.571428571428573,2,9.0,-0.8,-1.26,Dropout
1,35,1,4667,1,1,134.7,100,29,44,17,29,156.8,0,0,0,1,1,0,21,1,0,4,7,7,18.858395861393948,0,1,3,3,4,18.571428571428573,0,9.0,-0.7,0.14,Enrolled
1,56,1,7639,1,2,143.1,68,28,3,4,2,152.7,1,0,0,1,0,0,23,0,0,6,8,1,1.7607648681396253,0,1,7,1,0,5.189447534611919,0,12.5,-0.1,-3.18,Dropout
1,1,1,8241,1,1,164.8,3,11,29,1,2,156.6,0,0,0,1,0,0,18,0,0,6,8,20,18.874999647655113,0,2,6,21,10,18.571428571428573,0,10.1,0.3,-2.22,Graduate
1,11,5,7868,1,1,127.5,68,1,2,2,10,152.7,0,0,0,1,0,1,18,0,0,1,5,3,18.39043667628559,0,1,1,4,3,17.91669352608717,0,12.6,1.2,-2.38,Graduate
1,1,6,5636,1,1,139.1,12,31,29,7,16,148.1,1,0,0,1,0,1,18,0,0,2,7,0,0.15165143625488328,0,1,3,1,2,14.30868272456524,0,11.7,-0.0,-3.45,Graduate
1,36,2,2923,1,2,156.5,23,35,43,1,0,163.9,1,0,0,1,1,0,23,0,0,5,3,0,0.006548946784292606,0,5,5,0,0,0.4331023897091976,0,12.8,-0.7,-3.42,Enrolled
1,5,1,7446,1,1,136.4,78,28,8,5,0,151.8,1,0,0,1,0,1,18,0,0,6,9,10,18.861231225607415,0,1,7,10,9,18.571428571428573,0,14.4,-0.3,1.63,Graduate
1,17,1,9919,1,6,137.9,21,15,2,1,1,153.5,0,0,0,1,0,1,27,0,0,10,9,5,15.91015446143441,0,4,9,12,1,11.888651409646828,0,14.2,-0.8,-0.43,Dropout
1,32,3,9969,1,2,131.5,72,11,26,2,11,154.4,0,0,0,1,0,0,19,0,0,8,12,20,18.874999943155572,0,4,9,24,5,18.571428571428573,0,10.5,1.7,-0.69,Graduate
1,11,1,9426,0,1,142.8,17,44,40,1,0,159.5,1,0,0,1,1,1,23,0,0,10,12,6,18.399359953371174,0,8,9,17,7,18.571428571428573,0,10.2,-0.3,2.33,Graduate
2,3,1,8766,1,1,144.3,4,33,22,8,11,151.0,1,0,0,1,0,1,21,0,0,2,0,0,0.02465903312569155,0,1,3,0,0,1.6249379286471337,0,8.9,0.9,2.67,Graduate
1,1,1,8686,1,1,128.5,2,44,44,24,17,148.4,1,0,0,1,1,0,19,0,0,6,2,9,18.85602189463638,0,1,7,9,7,18.571428571428573,0,10.1,3.7,-0.07,Dropout
1,13,1,4645,1,1,121.7,33,1,2,7,24,154.9,1,0,0,1,0,1,18,0,0,3,6,1,7.295817801775935,0,1,4,3,0,5.59515165947693,0,11.3,2.0,1.58,Enrolled
1,45,1,7638,1,1,140.3,44,36,2,13,11,170.0,1,0,1,1,1,0,18,0,0,6,11,4,17.804341934562363,0,1,5,15,3,17.002119829071447,0,14.6,-0.5,-1.16,Graduate
1,39,1,9013,0,3,135.0,23,2,44,25,29,158.3,0,0,0,1,0,0,19,0,0,4,10,1,8.812646397937748,0,2,5,7,1,13.105772758430202,0,13.0,-0.7,-3.16,Dropout
1,3,2,8501,1,1,133.7,32,1,3,3,10,158.6,1,0,1,1,1,0,18,0,0,8,15,1,1.9599684407174427,0,3,8,14,0,2.5612715606890126,0,14.2,-0.2,-0.85,Dropout
1,20,4,9236,1,2,144.8,50,1,22,8,1,157.7,0,0,0,1,1,0,19,0,0,7,12,4,17.505077936695812,0,2,6,8,2,15.883089691218451,0,11.2,-0.5,-1.92,Graduate
1,1,1,6376,1,1,149.1,5,31,9,8,12,152.9,1,0,0,1,1,0,18,0,0,8,10,4,14.800976559800445,0,1,8,6,1,9.250828678640332,0,13.0,3.7,-2.11,Enrolled
1,49,1,9745,1,2,137.2,90,4,3,6,5,158.6,1,0,0,1,0,0,19,0,0,10,11,1,2.286098966666285,0,2,9,11,2,15.411378439028127,0,9.8,-0.0,1.17,Enrolled
1,53,1,9720,1,3,127.0,6,17,11,28,33,152.1,0,0,0,1,0,0,28,0,0,5,7,1,2.235645397165672,0,4,6,8,3,17.464621522117874,0,15.9,0.0,0.3,Graduate
1,28,6,9744,1,1,142.2,76,32,6,48,56,166.0,1,0,0,0,0,1,18,0,0,8,11,3,17.30919112114956,0,1,7,11,2,14.95301317556587,0,13.6,0.0,-1.84,Enrolled
1,20,2,9957,1,1,129.5,5,41,43,4,12,156.9,1,0,0,1,1,0,31,0,0,8,12,1,4.048052452068876,0,2,8,20,1,9.491903154844739,0,15.9,-0.8,-3.25,Dropout
1,40,1,8750,1,1,122.0,17,44,42,6,8,151.7,1,0,0,1,1,1,18,0,0,7,5,5,14.930669378241257,0,7,6,6,1,12.602771820215148,0,9.3,-0.6,1.91,Graduate
1,1,2,8970,1,1,136.8,83,42,3,7,10,162.7,1,0,0,1,0,0,18,0,0,8,10,7,18.658234865990337,0,1,8,19,6,18.54362761073839,0,10.0,3.4,3.12,Graduate
1,7,1,9986,0,2,120.3,42,33,18,16,9,158.8,0,0,0,1,0,0,29,0,0,9,12,3,15.509176464970643,0,2,7,10,3,17.272013768547982,0,8.9,0.1,2.09,Graduate
1,19,1,9970,1,1,140.5,17,39,17,28,6,158.5,1,0,0,0,0,0,33,0,0,4,5,3,16.270639725988172,0,1,4,11,2,17.214474200860458,0,12.6,1.4,-3.01,Graduate
1,56,1,9054,1,3,118.7,3,35,3,3,8,153.0,1,0,0,1,0,0,24,0,0,6,5,0,0.009634116172464367,0,2,5,0,0,0.9458186527947728,0,15.6,1.2,-3.32,Enrolled
1,1,1,7191,1,1,136.3,31,2,2,7,9,148.1,1,0,0,1,1,0,18,0,0,5,12,6,18.577064065312403,0,3,5,11,3,16.75006952314441,0,16.0,-0.8,-3.27,Enrolled
1,54,1,8216,1,2,119.6,12,20,38,13,14,158.5,0,0,1,1,1,1,19,0,0,7,14,3,11.667866572921593,0,2,6,22,4,17.584128122291418,1,11.7,-0.7,-1.05,Enrolled
1,5,4,8855,1,1,131.1,3,38,27,78,113,160.2,1,0,0,1,1,0,18,0,0,8,9,26,18.874999999819728,0,1,6,13,20,18.571428571428573,0,13.5,2.2,1.29,Graduate
1,1,1,9649,1,1,136.9,6,1,14,3,14,148.8,0,1,0,1,0,0,18,0,0,6,3,0,0.007172861548551816,0,5,6,0,0,3.378634051891997,0,11.6,0.4,1.91,Dropout
1,1,1,2809,1,3,133.4,96,6,8,4,9,155.5,1,0,0,1,0,0,20,0,0,6,5,6,17.838717446352792,0,9,5,3,3,15.653684446003728,0,9.4,0.3,2.03,Enrolled
1,9,1,5957,1,2,118.0,4,3,14,3,10,150.4,1,0,0,1,0,0,24,0,0,2,3,6,18.247329629852608,0,2,2,2,6,18.571428571428573,0,9.4,-0.5,-1.46,Graduate
1,2,1,6844,1,1,144.8,99,39,31,10,21,152.8,1,0,0,1,0,0,19,0,0,4,12,3,16.122965713075637,0,1,3,5,6,18.571428571428573,0,12.4,0.5,-2.83,Dropout
1,46,6,9212,1,1,119.5,8,4,4,1,5,151.4,1,0,0,1,1,1,27,0,0,4,8,8,18.84203214788618,0,1,6,2,2,14.611238327555755,0,10.1,-0.1,1.19,Graduate
1,43,1,7378,1,2,141.4,30,3,44,4,23,161.0,1,0,0,1,1,1,18,0,0,11,14,8,18.2583874118511,0,8,10,7,6,18.367981172855792,0,9.0,-0.7,-0.71,Dropout
1,57,1,9649,1,2,144.0,13,41,44,7,2,153.5,0,0,0,1,1,1,46,0,0,9,15,2,7.782082250747097,0,2,8,24,0,6.099249285352098,0,10.1,-0.6,2.71,Dropout
1,21,2,9598,1,10,124.0,41,16,42,7,7,153.5,1,0,0,1,1,1,32,0,0,7,13,12,18.874269323188084,0,1,6,29,8,18.571428571428573,0,15.5,0.5,-1.65,Graduate
1,14,1,9784,0,1,105.3,22,22,23,8,9,151.9,0,0,0,1,0,0,22,0,0,5,6,3,14.443857437120945,0,1,5,2,2,15.824342609856407,0,9.9,3.7,2.43,Graduate
1,2,1,9803,0,1,150.0,96,19,34,8,11,155.9,1,0,0,1,0,1,21,0,0,4,4,3,14.473703059265429,0,1,3,2,2,14.22017436884069,0,13.5,-0.6,-0.16,Graduate
1,16,1,7533,1,1,144.8,57,31,44,7,25,177.9,0,0,0,1,1,0,33,0,0,5,7,0,0.8090528257257575,0,6,4,3,1,9.94498265142892,0,9.2,-0.7,-3.1,Dropout
1,36,1,2649,1,1,143.1,9,19,43,4,1,151.6,0,0,0,1,0,0,18,0,0,3,2,0,0.0060093681694115665,0,1,3,0,0,0.1312027437121168,0,13.1,1.9,-3.22,Graduate
4,57,1,7627,1,1,137.8,47,17,3,4,13,152.5,0,0,0,1,1,0,46,0,0,4,9,1,1.706757046959625,0,6,4,4,0,4.46877844240239,0,13.0,-0.6,-2.85,Enrolled
1,1,1,1791,1,1,144.6,36,21,11,54,74,171.0,0,0,1,1,1,1,18,0,0,2,2,1,0.7700027335760331,0,2,2,0,1,12.030622812666085,0,10.7,-0.8,0.41,Graduate
1,14,5,8281,1,1,128.6,4,44,2,1,5,147.9,1,0,0,1,0,0,18,0,0,10,14,16,18.874343758375066,0,5,10,26,7,18.571428571428573,0,9.4,-0.8,1.76,Dropout
1,14,1,8950,1,1,153.4,73,8,26,14,12,156.1,0,0,0,1,1,0,18,0,0,12,19,16,18.87450392774889,0,9,10,30,15,18.571428571428573,0,12.1,0.2,-2.38,Graduate
1,57,1,8225,0,3,132.7,7,25,15,8,2,163.2,1,0,0,1,0,0,25,0,0,8,9,9,18.788480312194846,0,3,9,12,11,18.571428571428573,0,10.3,1.2,3.46,Graduate
1,26,2,9405,1,1,140.4,25,5,12,3,8,149.9,1,0,0,1,0,1,18,0,0,8,9,8,18.580866675625167,0,1,8,21,9,18.571428571428573,0,10.9,-0.7,-3.57,Graduate
1,22,1,8301,1,1,167.6,9,1,44,20,59,172.4,1,0,0,1,1,0,18,0,0,7,11,2,11.008495189097202,0,2,7,6,3,17.004718287906396,0,9.8,1.8,-1.74,Dropout
1,3,1,8777,1,1,118.0,15,30,21,27,11,150.2,1,0,0,1,1,0,26,0,0,7,13,1,9.0016565174997,0,1,7,6,0,8.632396332204292,0,11.6,0.7,2.23,Enrolled
1,2,1,9984,1,1,156.1,13,20,17,7,3,154.7,0,0,0,1,0,0,22,0,0,5,10,3,16.8081284971029,0,2,6,4,0,6.251946295591189,0,13.7,-0.5,-1.95,Graduate
1,1,6,9877,1,1,133.5,24,43,40,11,9,149.2,1,0,0,1,0,1,18,0,0,2,3,2,11.783193184738744,0,1,2,2,1,13.83110865009134,0,11.3,-0.5,-4.04,Enrolled
2,23,3,6485,1,1,144.9,50,44,44,1,1,171.9,0,0,0,1,1,0,37,0,0,4,6,0,0.005966468354308717,0,2,2,0,0,0.10182351250270397,0,11.8,-0.6,-2.57,Graduate
1,34,1,9973,1,1,156.4,17,44,44,5,8,157.5,0,0,0,1,0,0,22,0,0,10,12,11,18.859835949285834,0,5,9,11,6,18.425144495291715,0,12.7,3.5,-0.68,Enrolled
1,34,1,9126,1,1,95.0,11,5,37,19,2,146.3,0,0,0,1,1,0,21,0,0,5,2,0,0.14141694682375422,0,2,4,1,1,9.690651215694583,0,9.5,2.9,1.46,Dropout
1,4,1,5688,1,1,104.1,9,15,17,21,22,150.5,1,0,0,1,1,1,18,0,0,5,4,9,18.846755035518438,0,2,5,6,6,18.571428571428573,0,11.0,0.5,3.39,Graduate
1,1,1,9691,1,2,151.3,69,39,23,1,4,163.8,1,0,0,1,0,1,20,0,0,9,12,3,9.980331894121722,0,5,9,5,5,17.63205824013433,0,9.0,1.0,3.42,Graduate
1,1,1,9512,0,3,141.0,22,22,44,10,13,163.1,0,0,0,1,0,0,29,0,0,6,7,7,18.636796275357728,0,3,6,10,3,16.92855145053627,0,10.7,0.5,-1.18,Dropout
1,57,1,9626,1,13,155.3,12,23,32,2,1,179.3,0,0,0,1,1,0,41,0,0,6,13,3,16.927188960303933,0,5,6,16,6,18.571428571428573,0,15.3,0.5,-2.15,Graduate
1,10,1,9918,1,4,148.1,35,34,44,12,5,168.3,1,0,0,1,1,0,19,0,0,7,7,0,0.028774083741423644,0,3,9,11,0,3.8424825847394306,0,9.0,0.2,3.4,Dropout
1,3,3,9049,1,1,121.7,5,11,42,4,2,148.0,1,0,0,1,0,0,32,0,0,7,5,3,11.985600395396178,0,5,7,0,1,14.815953334649668,0,9.8,-0.3,-0.93,Enrolled
1,25,4,9474,1,2,122.9,6,44,34,7,7,163.8,0,0,0,1,0,0,36,1,0,7,11,3,15.966683925456646,0,2,6,15,1,10.798574721796157,1,10.2,-0.6,-0.09,Enrolled
1,5,2,8910,1,2,119.4,37,4,2,10,17,155.4,1,0,0,0,0,0,21,0,0,3,4,0,0.3001200748656426,0,1,2,9,1,11.332842298538152,0,14.7,0.7,-1.51,Dropout
1,48,1,9641,0,1,128.3,2,18,3,1,0,156.1,1,0,0,1,0,0,28,0,0,8,12,11,18.86784146846496,0,3,7,15,13,18.571428571428573,0,12.1,-0.7,-2.7,Graduate
1,5,4,9735,0,1,132.6,40,34,2,2,1,150.9,0,0,0,1,1,0,18,0,0,6,5,0,0.014862221987000148,0,3,7,0,3,15.018758354597704,0,13.3,-0.3,-1.49,Graduate
1,56,2,9702,0,2,116.3,4,31,44,18,8,148.6,1,0,0,1,0,0,23,0,0,8,12,7,18.622824001112505,0,3,9,21,20,18.571428571428573,0,15.5,-0.7,-4.05,Graduate
1,1,1,9456,1,1,140.5,4,42,36,18,50,154.5,1,0,0,1,1,0,18,0,0,7,10,13,18.874389786192463,0,2,7,24,14,18.571428571428573,0,12.7,1.9,1.33,Dropout
1,33,6,9902,1,1,130.3,23,35,44,5,4,149.2,1,0,0,1,0,1,19,0,0,1,0,3,16.841991931373517,0,4,1,0,0,7.138410525604289,0,9.4,-0.2,-2.06,Graduate
1,1,1,7321,1,1,128.5,44,39,20,8,31,147.3,0,0,0,0,0,0,18,0,0,4,4,12,18.87405323514586,0,1,5,4,20,18.571428571428573,1,9.2,-0.4,1.1,Graduate
1,38,3,9878,1,1,119.3,107,10,10,2,0,148.6,0,0,0,1,0,0,25,0,0,10,19,1,2.656898652481351,0,6,9,21,1,10.423665338585716,0,14.1,-0.7,-3.97,Enrolled
1,1,1,2733,1,1,124.2,42,22,5,1,0,152.8,1,0,0,1,0,0,18,0,0,6,4,2,6.454582508253064,0,2,4,1,1,11.147326601789091,0,12.1,3.7,-3.74,Dropout
1,2,1,6495,1,1,136.8,25,27,38,21,19,156.4,0,0,0,1,0,1,19,0,0,8,13,5,17.591559911185048,0,6,8,6,5,17.968601529911073,0,11.3,-0.5,3.32,Graduate
1,6,1,8085,1,1,146.7,13,20,43,2,0,161.2,1,0,0,1,0,0,23,0,0,13,18,23,18.874999708543722,0,10,11,15,20,18.571428571428573,0,12.8,0.4,-1.84,Graduate
1,1,1,9377,0,1,126.9,3,44,22,30,37,148.7,0,0,0,1,0,1,18,0,0,4,10,11,18.87224595549336,0,2,4,18,8,18.571428571428573,0,8.9,2.1,3.41,Dropout
1,57,1,6471,1,2,132.5,20,19,2,6,12,152.6,0,0,0,1,1,1,18,0,0,6,9,5,18.1140432622738,0,3,6,1,5,18.03766017256627,0,13.9,-0.6,-2.9,Graduate
1,7,4,9706,0,1,134.9,98,42,8,8,2,148.3,0,0,0,1,0,0,19,0,0,4,7,2,7.976483206792598,0,1,4,3,1,10.98865795418163,0,8.9,1.7,2.97,Dropout
1,2,1,9112,1,2,148.5,7,36,38,2,2,164.5,0,0,0,1,0,0,18,0,0,3,6,1,2.588232522341334,0,2,4,7,1,12.139391707289727,0,9.7,1.3,-1.29,Dropout
1,1,1,7844,1,2,156.1,28,7,14,5,4,159.9,0,0,0,1,0,0,21,0,0,7,6,2,2.6135721446086406,0,8,7,4,3,16.178508898303615,0,12.1,0.0,1.72,Dropout
1,24,1,8913,1,8,157.4,8,41,7,2,12,170.1,1,0,0,1,0,0,46,0,0,8,5,3,11.603250245242839,0,9,7,12,8,18.571428571428573,0,13.2,-0.6,1.95,Graduate
1,9,1,9088,1,1,133.2,44,35,30,6,14,147.5,0,0,0,0,1,0,19,0,0,4,3,6,18.640317117900075,0,1,4,9,4,17.944878975120748,0,11.4,3.2,-0.65,Dropout
1,1,1,9466,1,2,168.7,108,26,7,6,16,179.8,0,0,0,1,1,0,19,1,0,7,6,14,18.873708994614258,0,1,7,26,13,18.571428571428573,0,14.4,0.8,-0.36,Dropout
1,56,1,9929,1,1,127.7,59,44,44,25,15,153.0,1,0,0,1,0,0,26,0,0,11,15,2,11.73625424418827,0,2,10,20,3,16.834501726780505,0,12.5,3.7,1.5,Dropout
1,48,1,9832,1,2,122.6,19,32,44,9,6,159.0,0,0,0,1,0,0,18,0,0,6,10,8,18.812516124396435,0,1,5,15,4,18.34093817313803,0,12.3,1.5,-0.18,Graduate
1,49,1,8618,1,1,115.2,83,26,44,5,9,151.7,0,0,1,1,0,0,18,0,0,5,8,15,18.87496946092145,0,6,5,12,8,18.571428571428573,1,8.9,-0.7,3.21,Graduate
2,56,1,9621,1,3,124.5,22,44,15,5,13,151.8,0,0,0,1,1,1,54,0,0,11,16,6,17.066317334759205,0,10,9,7,6,18.455561733712177,0,14.5,-0.5,-3.26,Dropout
1,57,1,7099,1,2,102.6,34,16,4,6,1,146.7,1,0,0,1,1,0,50,0,0,7,6,0,0.06142859324744546,0,7,6,1,0,4.122945830215681,1,12.0,0.3,-3.32,Graduate
2,28,2,9434,1,1,143.3,86,28,34,4,2,155.7,0,0,0,1,0,0,20,0,0,2,1,0,0.006015014949357033,0,1,2,0,0,0.2483332606849162,0,11.3,0.7,-2.7,Dropout
1,7,1,6471,1,1,136.1,44,24,22,9,7,148.4,1,0,0,1,0,1,18,0,0,10,14,4,16.270751616116932,0,7,10,19,1,9.911946167598723,0,10.1,-0.8,1.24,Graduate
1,38,5,4861,1,1,134.8,23,4,2,18,1,162.9,1,0,0,1,0,0,18,0,0,7,12,7,18.561193272052982,0,2,7,15,7,18.571428571428573,0,15.0,2.5,-2.06,Graduate
1,6,1,7210,1,1,141.4,104,7,3,12,6,154.0,0,0,0,1,1,1,19,0,0,10,17,14,18.87341990196144,0,5,9,17,16,18.571428571428573,0,11.2,-0.5,3.44,Graduate
4,14,6,9802,1,11,148.1,13,18,8,2,0,163.8,1,0,0,1,0,1,18,0,0,6,4,2,11.951913386511011,0,2,5,0,1,9.856715574020319,0,10.6,0.3,-1.67,Dropout
1,1,1,6819,1,1,153.3,31,11,16,9,21,167.6,1,0,0,1,1,1,18,0,0,2,2,2,8.71874434244121,0,1,4,4,4,18.41259527498063,0,12.1,1.7,-0.33,Graduate
1,36,5,9236,1,3,159.7,29,9,3,3,3,156.2,1,0,0,0,1,1,18,0,0,8,11,8,18.32026974673132,0,8,6,10,6,18.571428571428573,0,11.8,-0.8,-1.26,Dropout
1,1,1,6619,1,1,131.3,5,9,2,2,10,149.1,1,0,0,1,1,0,19,0,0,4,5,0,0.5409679986190159,0,1,5,3,0,7.219422597557664,0,10.5,0.6,-2.73,Dropout
1,3,5,8865,1,1,134.0,25,37,16,3,1,148.6,1,0,0,1,1,1,18,0,0,4,7,3,17.297287257538816,0,1,5,7,2,14.676576100462997,0,15.6,-0.0,-4.06,Dropout
1,14,1,9885,1,1,119.3,2,43,15,4,8,146.4,1,0,0,1,0,0,18,0,0,10,16,17,18.87494024965832,0,5,10,32,20,18.571428571428573,0,9.3,0.3,-0.48,Graduate
2,1,1,9647,1,1,120.0,103,33,39,1,1,153.6,0,0,0,1,1,0,18,0,0,4,4,2,8.928970957175034,0,1,4,5,0,7.093800614386877,0,11.7,-0.3,-1.69,Dropout
1,9,6,8697,1,2,133.9,9,28,2,7,4,168.4,1,0,0,1,0,0,22,0,0,10,11,11,18.813437274265834,0,9,8,3,12,18.571428571428573,0,13.0,0.3,-0.81,Dropout
2,39,1,9989,1,4,126.2,18,37,9,11,5,157.6,0,0,0,1,0,0,27,0,0,10,11,9,18.86502016099208,0,2,10,27,10,18.571428571428573,0,10.3,0.2,3.03,Graduate
1,54,1,7627,1,1,131.9,96,15,40,3,10,157.3,0,0,0,1,0,0,21,0,0,4,7,8,18.722655728009602,0,3,4,5,3,15.895977378549926,0,14.6,-0.4,-3.98,Dropout
2,8,1,8599,1,1,115.8,59,13,19,15,12,157.9,1,0,0,1,1,0,18,0,0,4,3,16,18.874973837373833,0,1,5,5,6,18.571428571428573,0,9.1,3.2,2.96,Graduate
2,9,3,9070,1,1,121.4,59,42,22,4,8,154.2,1,0,0,1,0,1,18,0,0,7,9,1,2.2735393505324177,0,4,7,17,5,18.248674148716034,0,13.0,3.7,-3.05,Graduate
1,23,5,9679,1,1,126.5,87,2,2,16,29,156.7,0,0,0,1,1,0,18,0,0,7,13,26,18.874999998126196,0,3,8,33,20,18.571428571428573,0,9.8,-0.5,2.22,Graduate
2,23,1,9984,1,1,125.0,2,44,44,10,9,159.6,0,0,0,1,0,0,25,0,0,8,10,8,18.73518346905489,0,3,8,23,7,18.571428571428573,0,14.9,-0.7,-3.37,Graduate
1,47,3,9368,1,1,134.3,24,16,22,5,11,151.3,1,0,0,1,0,1,51,0,0,2,5,0,0.06592884087030228,0,1,2,2,0,5.9582007122138965,0,10.0,-0.8,2.13,Dropout
1,1,1,5558,1,1,114.4,20,25,16,3,2,147.3,1,0,0,1,0,1,18,0,0,5,8,8,18.827017441939077,0,1,5,6,5,17.919626645644527,0,12.9,3.6,-0.11,Dropout
2,37,1,9622,1,1,141.7,22,16,10,16,32,164.5,1,0,0,1,1,0,37,0,0,12,12,2,4.469495872194938,0,11,12,22,3,17.062001171030655,0,12.7,0.1,2.96,Dropout
1,9,1,8216,1,1,160.3,67,26,3,1,2,157.2,0,0,0,1,0,0,18,0,0,5,6,8,18.851454129004594,0,4,5,9,10,18.571428571428573,0,15.3,-0.6,-3.11,Graduate
1,46,1,8010,1,1,136.2,29,43,2,1,1,158.4,1,0,0,1,1,0,21,0,0,4,6,1,1.1549364712332264,0,2,4,8,1,11.514767592783027,0,11.1,-0.1,0.92,Dropout
1,2,2,9116,1,1,141.7,3,17,16,19,15,148.2,0,0,0,1,1,0,19,0,0,4,5,3,13.80691974734893,0,1,4,4,2,15.067249596112726,1,14.9,3.7,-3.32,Enrolled
1,39,1,9874,1,4,139.7,49,44,9,3,13,155.3,1,0,0,1,0,1,19,1,0,7,9,10,18.85218052771056,0,1,7,30,1,10.672706273676948,0,13.5,0.9,-3.25,Graduate
1,56,2,8870,1,1,130.2,36,25,2,6,9,147.5,0,0,0,1,0,0,20,0,0,7,12,2,12.993691184893082,0,4,6,1,1,12.88834793442202,0,10.4,-0.7,-1.04,Enrolled
1,1,1,9931,1,1,122.5,41,44,21,6,18,156.7,0,0,1,0,1,0,19,0,0,4,6,0,0.40269018320570166,0,1,4,4,0,4.652156713195154,2,12.3,3.1,1.36,Graduate
1,24,1,9129,1,1,124.5,80,2,2,3,14,157.6,0,0,0,1,1,0,25,0,0,4,4,1,2.8345167767589228,0,2,6,2,0,5.422957957272553,0,9.3,-0.0,3.25,Graduate
1,28,1,7963,1,2,136.3,6,40,2,10,14,153.8,0,0,0,0,0,0,52,0,0,5,5,2,9.98437848000268,0,2,4,3,1,10.757782321115561,0,11.8,-0.3,-0.66,Graduate
1,56,1,8509,1,5,132.3,32,5,16,3,5,171.8,1,0,0,1,1,0,25,0,0,3,1,1,6.277626712178959,0,1,3,5,1,10.227010744359005,0,9.2,2.1,1.78,Enrolled
1,2,6,8539,1,1,127.2,44,1,5,4,11,149.3,1,0,0,0,0,0,19,0,0,5,10,5,18.7561122564401,0,3,6,3,2,15.04212923833269,0,11.7,-0.8,-3.48,Dropout
1,30,1,9977,1,2,124.9,7,2,5,5,8,153.7,0,0,0,0,0,1,28,0,0,9,18,23,18.874999998186986,0,6,9,33,9,18.571428571428573,1,11.0,2.5,1.64,Dropout
2,16,1,9890,0,1,135.6,63,27,2,3,1,155.0,0,0,0,1,1,0,18,0,0,8,9,4,17.04093534100846,0,5,9,11,2,13.366889189420416,0,10.6,-0.8,-1.21,Enrolled
1,53,1,7874,1,4,139.6,10,6,15,7,14,168.0,1,0,0,1,1,0,21,0,0,3,3,4,16.236320565679485,0,1,4,5,2,13.21096595253806,0,12.4,3.4,0.24,Dropout
1,4,1,7053,1,1,129.8,25,43,44,2,1,156.4,0,0,0,0,0,0,37,0,0,6,3,2,8.752809077435678,0,4,5,0,0,2.5486727305998307,0,8.9,-0.7,2.95,Graduate
1,38,1,8427,1,2,125.8,16,31,30,10,6,152.2,0,0,0,1,0,0,18,0,0,7,10,3,9.3848803296331,0,3,7,9,2,14.021783625787112,0,14.6,-0.2,-2.82,Graduate
1,35,1,4714,1,1,131.9,74,19,44,6,10,150.4,0,0,0,1,1,1,18,1,0,5,8,2,4.530295063426944,0,5,6,0,1,10.151549995085167,0,13.3,-0.2,0.58,Dropout
1,9,2,8370,1,1,135.7,10,25,39,4,10,147.4,1,0,0,1,0,1,18,0,0,8,9,3,11.757221579443106,0,3,8,2,3,17.594162406118162,0,9.9,0.1,3.15,Enrolled
1,1,4,9036,1,1,128.3,63,43,44,9,8,158.5,0,0,0,1,0,0,18,0,0,7,12,14,18.874944316904713,0,1,7,29,18,18.571428571428573,0,10.6,1.8,-0.02,Enrolled
1,24,1,9517,1,1,127.0,22,43,40,2,6,147.7,1,0,0,0,0,0,22,0,0,8,10,7,18.79171415919375,0,2,7,17,8,18.571428571428573,5,11.1,-0.8,-3.58,Graduate
1,31,1,7348,1,1,152.7,62,24,11,3,2,157.2,1,0,0,1,1,0,18,0,0,9,8,12,18.86656151991552,0,4,9,8,6,18.510189888344588,0,13.0,2.4,-2.36,Graduate
2,4,1,8149,1,4,141.8,12,33,14,6,12,153.4,0,0,1,1,0,1,18,0,0,4,7,2,13.651573887006759,0,1,5,2,1,14.351730719490478,5,11.7,-0.7,1.95,Dropout
1,1,1,9609,1,1,137.0,28,1,2,1,1,152.1,1,0,0,1,0,0,18,1,0,6,10,7,18.415904643114935,0,1,7,7,4,17.292777554792153,0,8.9,-0.3,0.83,Graduate
1,3,1,7456,0,1,139.9,88,17,12,7,30,156.4,0,0,1,1,1,0,26,0,0,4,2,0,0.005974331527779855,0,2,4,1,0,2.3076500453467506,0,10.2,-0.6,-0.1,Graduate
1,56,1,5998,1,1,129.0,11,42,27,16,52,155.0,0,0,0,1,0,0,33,0,0,2,4,0,0.006005052698252274,0,1,3,1,0,1.9015797464325268,0,9.7,-0.0,-0.16,Enrolled
1,2,1,8781,1,2,142.4,44,38,4,3,5,154.8,1,0,0,1,0,1,18,0,0,7,8,9,18.845694884117776,0,1,5,5,12,18.571428571428573,0,9.4,0.5,1.77,Graduate
1,2,1,9751,1,1,136.1,2,44,44,1,3,168.6,1,0,0,1,1,0,18,0,0,5,1,7,18.76664987736013,0,1,6,2,1,12.444473180048425,0,14.5,3.5,1.97,Graduate
1,3,3,9807,0,1,149.0,35,29,20,2,6,163.1,0,0,0,1,1,0,18,0,0,6,6,5,18.503079149235152,0,3,7,8,6,18.571428571428573,0,15.4,-0.5,-3.89,Graduate
6,53,1,8072,0,2,143.5,27,25,7,10,19,161.7,0,0,0,1,1,1,34,0,0,6,6,0,0.15633279124737393,0,2,6,2,0,1.122742572755123,0,15.3,3.4,-0.62,Dropout
1,14,1,7932,1,1,126.2,11,43,36,6,7,150.4,1,0,0,1,1,0,33,0,0,7,10,0,0.29062698019209665,0,3,7,3,1,7.969372203295663,0,15.4,-0.8,-4.04,Dropout
1,49,1,9420,1,1,137.1,33,41,30,2,0,151.9,1,0,1,1,0,0,25,0,0,5,9,5,18.16683438237112,0,2,6,5,2,13.142671699839145,0,15.2,-0.1,0.58,Enrolled
1,56,1,8094,1,1,131.8,81,44,23,14,11,153.1,1,0,0,1,1,0,44,0,0,9,11,4,16.00222118995026,0,7,10,11,6,18.571428571428573,0,9.8,2.1,0.72,Dropout
6,8,1,9587,1,1,126.7,4,44,44,6,0,159.3,0,0,0,1,0,1,18,0,0,4,7,1,5.4030696410265175,0,2,6,15,3,16.396582692613322,0,9.1,0.9,-0.4,Dropout
1,1,2,8593,1,1,123.5,76,32,43,35,29,149.7,1,0,0,1,0,0,18,0,0,4,2,9,18.85399032664205,0,3,5,2,10,18.571428571428573,0,9.5,-0.5,2.41,Graduate
1,27,1,9733,1,9,129.3,19,41,34,1,1,158.2,1,0,0,1,0,0,51,0,0,8,9,0,0.00695309256877381,0,4,7,6,2,12.464188560369823,0,14.2,0.5,-0.74,Graduate
1,14,3,5870,1,1,159.5,33,26,30,8,16,163.3,1,0,0,1,0,0,29,0,0,5,4,0,0.13345364874630544,0,7,6,1,2,14.9283069655459,0,11.3,1.1,3.03,Dropout
1,12,6,7529,1,1,149.2,25,36,20,12,18,160.1,1,0,0,1,0,0,18,0,0,7,5,2,5.679639839160204,0,1,7,2,5,17.437543675572527,0,9.3,2.3,0.29,Graduate
2,18,2,9753,1,1,107.9,67,22,39,1,0,154.5,1,0,0,0,1,0,18,0,0,7,7,3,12.18651541689884,0,1,6,9,1,12.581167404691197,0,9.7,-0.6,-2.98,Enrolled
1,48,2,8068,1,1,125.6,58,16,2,6,3,151.5,1,0,0,1,0,0,18,0,0,12,12,8,17.696496637421056,0,11,11,6,11,18.571428571428573,0,14.4,-0.8,-3.84,Graduate
1,47,1,9630,1,2,132.1,80,23,13,7,6,151.2,0,0,0,1,0,0,24,0,0,6,3,1,0.5530279860202711,0,2,5,0,1,10.876385504060611,0,9.0,-0.4,2.93,Graduate
1,29,1,8656,0,2,144.9,51,36,29,8,3,169.7,0,0,0,1,0,0,54,0,0,3,7,4,14.43886009765824,0,2,4,1,2,14.351417580866686,0,15.5,-0.7,-2.46,Enrolled
1,41,3,6989,1,1,139.6,2,25,44,2,2,152.5,1,0,0,1,1,0,29,0,0,5,0,0,0.005984718512319784,0,2,5,0,0,0.5046916063202209,0,9.7,2.8,-2.87,Dropout
1,1,3,5579,1,1,121.0,97,4,2,14,10,150.6,1,0,0,1,0,1,18,0,0,5,4,2,4.607532735832018,0,3,5,3,1,10.695667556135636,0,11.1,0.0,2.3,Graduate
1,3,1,8042,1,1,155.0,14,28,13,4,34,155.4,1,0,0,1,0,0,19,0,0,5,0,0,0.006076674994767107,0,2,5,0,0,1.925852870867231,0,14.6,2.9,-2.91,Graduate
2,14,1,9654,1,1,119.8,33,14,22,10,8,156.0,0,0,0,1,0,0,20,0,0,8,9,12,18.85609386803669,0,6,8,12,12,18.571428571428573,0,13.7,-0.6,-1.68,Graduate
1,31,1,7991,1,1,129.0,100,44,38,22,34,150.7,0,0,0,1,0,0,23,0,0,5,11,11,18.869071008092885,0,3,5,32,16,18.571428571428573,0,10.9,1.7,-0.68,Graduate
1,1,3,6928,1,1,107.6,87,3,17,4,5,154.9,1,0,0,1,0,0,33,0,0,8,10,14,18.87490375082455,0,6,7,19,9,18.571428571428573,0,9.5,1.8,2.89,Graduate
2,55,1,7553,0,2,139.1,72,42,44,2,7,155.8,0,0,0,1,0,0,28,0,0,9,13,2,9.845751136463875,0,7,7,8,3,15.516205599524008,0,13.5,-0.1,-3.73,Dropout
1,54,6,9488,1,1,124.4,95,35,8,2,1,150.5,1,0,0,1,1,0,27,0,0,12,12,11,18.827069834802444,0,7,10,32,7,18.571428571428573,0,9.0,-0.8,-0.77,Graduate
1,20,5,9648,1,2,134.6,10,11,26,16,12,152.8,0,0,0,0,1,0,49,0,0,8,7,1,0.7510629853294958,0,2,7,5,0,7.385059845191176,0,11.4,-0.2,2.23,Graduate
1,56,1,9770,1,2,115.3,6,24,42,10,13,148.1,1,0,0,1,0,0,25,0,0,8,12,5,17.32407801329393,0,2,8,17,2,14.575395823862143,0,9.0,-0.7,0.27,Dropout
1,8,2,9909,1,4,117.9,53,42,42,2,4,154.5,0,0,0,1,0,0,18,0,0,8,10,5,18.363078368476305,0,1,8,30,2,15.530794396018177,0,10.0,3.7,2.54,Enrolled
1,4,1,5362,1,1,134.1,95,42,4,10,40,155.6,1,0,0,1,1,0,19,0,0,3,4,1,4.4740739915303,0,3,2,2,1,11.68775374739701,0,9.1,0.9,1.64,Dropout
1,56,1,9759,0,5,134.0,73,3,6,16,18,170.7,1,0,0,1,0,0,25,0,0,8,9,1,3.5267215025543917,0,3,9,1,0,6.707897589369397,0,15.3,1.5,-1.08,Enrolled
1,16,2,8242,1,1,125.1,19,39,14,14,8,151.7,1,0,0,1,0,0,19,0,0,10,14,10,18.804565716039683,0,6,9,14,14,18.571428571428573,0,9.6,0.2,0.57,Graduate
1,47,1,4993,1,1,126.1,87,28,7,3,31,149.4,1,0,0,1,0,1,18,0,0,9,11,2,7.2184871048875925,0,9,8,11,2,14.153155281798469,0,10.0,-0.7,3.46,Dropout
1,33,1,3856,1,1,180.8,25,2,2,5,6,165.1,0,0,0,1,1,0,18,0,0,8,5,16,18.872749563861813,0,3,9,16,19,18.571428571428573,0,14.6,2.0,1.04,Graduate
1,12,1,7881,1,1,107.0,2,28,3,19,15,151.4,1,0,0,1,1,0,19,0,0,3,8,2,8.372322561004657,0,2,4,9,3,16.86707159078464,0,10.4,-0.4,0.9,Dropout
1,15,1,8672,1,1,132.5,12,44,37,25,23,159.5,0,0,0,1,0,0,28,0,0,5,8,2,5.596320711336991,0,5,4,4,1,9.211080417225707,1,13.1,-0.8,-2.29,Dropout
4,1,2,5216,1,1,137.7,61,19,29,3,1,162.0,0,0,0,1,1,0,19,0,0,2,3,0,0.009054618855984983,0,1,2,0,0,0.4783241377357363,0,9.6,2.7,-0.28,Enrolled
1,2,1,6881,0,2,152.9,11,14,31,1,1,155.9,0,0,0,1,0,0,21,0,0,2,4,0,0.26430444049808155,0,1,2,0,0,8.564654916108047,0,15.5,-0.7,-4.06,Graduate
1,2,1,9949,1,1,148.0,22,41,8,4,12,159.8,1,0,0,1,0,0,22,0,0,8,17,15,18.874931651310966,0,1,9,33,20,18.571428571428573,0,10.2,2.7,1.47,Graduate
1,52,2,9549,1,3,121.6,32,44,33,7,4,153.8,1,0,0,1,0,1,38,0,0,8,15,1,2.920031241964919,0,3,8,13,3,16.323837271977556,0,10.5,-0.5,-2.67,Enrolled
1,11,1,9281,0,2,141.7,17,32,44,2,1,162.5,0,0,0,1,0,1,23,0,0,6,7,11,18.867488127332084,0,2,6,8,15,18.571428571428573,0,9.9,0.8,-2.68,Graduate
1,2,1,4646,1,1,124.9,67,44,10,2,1,156.5,1,0,0,1,1,0,18,0,0,4,10,19,18.874999182888217,0,2,4,10,14,18.571428571428573,0,13.0,-0.8,-2.9,Graduate
1,11,1,7284,1,1,114.1,98,38,44,13,3,157.6,1,0,0,1,1,1,24,0,0,9,11,11,18.846189169227532,0,4,8,15,15,18.571428571428573,0,13.3,1.5,2.98,Graduate
1,25,1,7154,1,1,131.5,101,14,2,10,14,150.7,0,0,1,1,1,0,37,0,0,5,9,0,1.0021965588945239,0,2,5,9,0,2.264807470865541,0,10.2,2.1,-2.31,Enrolled
1,6,3,6627,0,18,152.2,33,27,7,4,8,175.4,0,0,0,1,1,0,19,0,0,6,8,6,18.312727263542737,0,5,5,2,3,16.206346707983187,0,11.3,-0.8,1.44,Graduate
1,1,1,9071,1,3,167.7,91,26,8,17,33,161.0,0,0,1,1,0,0,18,0,0,4,6,4,15.093041765009593,0,1,3,6,8,18.571428571428573,0,11.0,2.7,1.18,Enrolled
1,1,1,8187,1,1,126.5,41,4,3,10,20,157.4,1,0,0,1,0,0,20,0,0,7,8,2,9.749128212005724,0,1,7,14,1,8.258137551799022,0,15.0,2.2,0.9,Dropout
1,17,5,9363,1,1,153.6,3,44,44,17,21,156.5,1,0,0,1,0,1,18,0,0,9,9,1,2.8422674020280967,0,4,8,8,3,15.648452903453528,0,10.2,-0.8,-2.83,Graduate
1,46,1,7701,1,2,162.9,27,8,2,2,1,158.3,1,0,0,1,0,0,18,1,0,5,10,2,7.620771290354424,0,6,5,6,0,5.106484786058067,0,10.1,3.0,-0.91,Enrolled
1,26,1,9546,1,1,164.6,88,11,2,7,4,176.0,1,0,0,1,1,0,18,0,0,9,12,19,18.874989106639546,0,2,8,33,20,18.571428571428573,0,15.7,0.4,-2.99,Graduate
1,28,1,9077,1,2,130.6,34,32,2,2,2,158.8,1,0,0,1,0,0,54,0,0,9,14,21,18.87499972679511,0,8,9,19,8,18.571428571428573,0,16.0,-0.6,-3.37,Graduate
1,33,6,8089,1,1,156.4,86,30,2,3,4,161.0,1,0,0,1,0,0,18,0,0,10,12,11,18.865747561443047,0,5,10,10,2,14.823248864305617,0,14.1,-0.7,-2.74,Dropout
1,56,1,5257,1,2,164.6,29,44,42,2,7,171.7,0,0,0,0,0,0,55,0,0,4,6,0,0.00907732334745566,0,4,3,2,1,12.044287860700637,0,9.8,-0.8,-1.5,Dropout
1,7,1,8251,1,2,120.0,2,16,9,3,4,147.9,1,0,0,1,1,0,23,0,0,7,7,1,1.4701093656439126,0,4,6,6,0,7.00069798314836,0,9.8,-0.5,-0.45,Graduate
1,15,2,6591,1,1,131.8,26,1,43,15,20,155.9,1,0,0,1,1,0,18,0,0,3,3,0,0.006094853063690186,0,1,3,0,0,1.4282363183032725,0,9.3,-0.8,2.16,Dropout
1,56,1,9261,1,5,130.1,5,39,29,1,3,156.5,0,0,0,1,0,0,43,0,0,8,13,1,0.33772306939872365,0,7,7,4,0,8.016122409914113,0,9.9,-0.6,-2.57,Dropout
1,25,1,8002,1,2,120.5,96,43,3,31,30,148.5,1,1,1,1,1,0,41,0,0,7,17,1,6.447482310904006,0,3,6,11,0,3.8938339248198988,0,11.0,1.2,-1.71,Enrolled
1,35,1,9840,1,1,152.3,2,36,25,8,21,147.2,1,0,0,1,0,0,18,0,0,7,4,8,18.65775173061438,0,2,8,6,18,18.571428571428573,0,8.9,3.7,3.48,Graduate
1,5,1,5496,1,3,137.3,20,29,4,1,2,167.2,1,0,0,1,0,0,18,0,0,7,7,1,0.5314076929451541,0,2,7,5,1,8.630576194285622,0,10.1,-0.4,1.05,Graduate
1,5,1,7039,1,1,142.5,33,40,38,8,15,157.4,0,0,0,1,1,1,22,0,0,4,5,1,3.3256749488853536,0,1,5,2,1,12.721571506204656,0,15.4,0.7,-2.41,Graduate
1,2,1,3691,1,1,125.7,66,30,6,4,9,155.7,0,0,0,1,0,1,18,0,0,8,3,1,0.020378771959044174,0,6,8,3,7,18.47080399321733,0,12.9,-0.0,0.16,Graduate
1,1,2,6367,1,1,124.0,66,16,2,5,10,149.9,1,0,0,1,1,0,18,0,0,3,2,1,3.753370171461051,0,1,3,7,1,12.62081316901434,0,15.6,-0.2,-3.17,Graduate
1,19,1,9591,1,5,130.8,21,18,28,2,4,156.0,1,0,0,1,1,0,18,0,0,11,10,3,10.614898305286912,0,11,10,12,2,13.461740813898224,0,13.4,1.6,-2.56,Graduate
1,16,1,9924,1,2,141.3,6,42,3,6,7,156.2,0,0,0,1,0,1,25,0,0,4,9,1,4.8553862487776565,0,1,4,4,0,9.723458799489391,0,13.4,-0.7,-3.48,Dropout
1,54,1,9913,0,7,132.1,16,28,16,21,10,158.4,0,0,0,0,0,0,18,0,0,7,7,4,11.18493047593144,0,4,7,6,4,18.264596921352883,0,9.6,3.3,2.03,Graduate
2,57,1,6295,1,1,109.0,72,19,24,5,5,151.3,1,0,0,1,0,0,57,0,0,4,3,1,3.4561946049343155,0,1,5,1,1,9.113157359200516,0,9.3,-0.2,-0.96,Graduate
1,1,4,7656,1,1,142.5,81,3,41,2,2,148.1,1,0,0,1,0,0,18,0,0,0,2,5,18.83150319503853,0,1,0,5,10,18.571428571428573,0,8.9,1.2,1.91,Dropout
1,5,2,7935,1,1,124.1,33,22,8,2,2,147.0,1,0,0,1,0,0,18,0,0,5,4,4,14.928842729512969,0,4,4,3,1,8.09743884365095,0,10.5,-0.3,0.2,Dropout
1,33,6,8365,1,1,135.7,73,35,2,10,11,151.5,1,0,0,1,0,0,18,0,0,4,8,16,18.87494411652437,0,1,5,17,7,18.571428571428573,0,11.1,-0.3,2.92,Dropout
1,18,1,8999,1,1,135.4,92,2,2,16,24,158.7,1,0,0,0,0,0,18,0,0,2,0,1,3.808357715580598,0,1,2,1,5,18.571428571428573,0,10.9,-0.7,0.79,Graduate
1,32,1,7411,1,1,128.9,33,41,3,8,14,148.8,0,0,0,1,1,0,18,0,0,6,11,5,18.099299736760784,0,3,5,14,2,14.254325345504558,0,9.3,-0.5,2.43,Graduate
1,31,1,6219,0,5,134.3,13,2,3,6,9,165.3,1,0,0,1,0,0,23,0,0,8,12,3,7.111242830906633,0,12,9,7,12,18.571428571428573,0,14.5,0.4,-0.97,Graduate
1,12,4,9560,1,1,123.8,80,44,44,4,14,155.9,1,0,0,1,1,0,19,0,0,9,9,1,0.43910987174777394,0,4,9,15,0,6.435017471878046,0,12.1,-0.4,-1.01,Enrolled
1,2,2,8717,1,1,121.8,89,19,41,8,10,156.3,1,0,1,1,0,0,30,0,0,4,5,1,2.4874999370814264,0,1,4,3,1,12.38255031234132,0,11.3,3.7,2.88,Graduate
1,55,1,5976,1,2,117.3,103,23,2,4,24,149.3,0,0,0,1,0,1,48,1,0,8,12,4,14.945183640941423,0,4,7,5,5,18.333192585317555,0,9.1,0.1,2.32,Graduate
1,29,5,8650,1,1,152.4,69,18,11,2,1,168.3,1,0,0,1,0,0,18,0,0,4,11,7,18.8377914706801,0,1,4,8,6,18.571428571428573,1,11.2,0.0,-1.99,Graduate
1,55,4,4557,1,1,136.7,39,29,11,32,37,161.7,1,0,0,0,0,1,32,0,0,3,5,0,0.09753476503609783,0,3,4,1,1,13.798483795709062,0,9.0,3.7,3.19,Dropout
1,57,4,7318,1,2,126.0,32,35,42,6,1,160.3,0,0,0,1,0,0,32,0,0,4,2,1,1.797789455098056,0,6,4,1,0,4.516919869011833,0,9.3,2.4,2.33,Dropout
1,7,1,9974,1,1,143.2,90,43,40,17,49,159.3,0,0,0,0,0,0,18,0,0,9,13,11,18.874526295478343,0,1,9,33,6,18.571428571428573,0,13.6,-0.7,-3.35,Enrolled
1,3,1,7261,0,1,129.4,21,30,44,15,16,147.8,1,0,0,1,0,1,19,0,0,8,6,2,2.0858005626663365,0,5,7,5,3,15.842245986063489,0,9.1,1.3,2.98,Dropout
1,47,3,4984,1,1,127.8,34,1,24,11,11,150.3,1,0,1,1,0,1,23,0,0,2,5,4,17.88779196360187,0,1,2,4,6,18.571428571428573,0,9.0,1.5,2.92,Graduate
1,37,1,7546,1,1,141.0,61,39,35,14,19,155.1,1,0,0,1,0,0,18,0,0,8,4,1,2.4954309657223592,0,3,7,0,2,13.34299487321152,0,13.6,0.2,-3.53,Graduate
1,32,2,8010,1,1,123.3,17,11,41,3,2,159.1,1,0,0,1,0,1,19,0,0,4,5,1,0.15254427260151665,0,2,6,1,1,8.708696065521842,0,13.9,-0.3,-3.93,Graduate
1,38,1,9411,0,9,136.3,8,44,44,4,1,157.1,0,0,0,1,0,1,18,0,0,5,5,9,18.80873491852993,0,2,5,11,4,17.957729185700224,0,10.3,3.7,2.34,Graduate
2,51,1,9959,1,2,131.8,66,42,5,23,15,150.3,0,0,0,1,0,0,36,0,0,8,17,4,16.010615217917312,0,3,8,19,11,18.571428571428573,0,13.5,3.0,-3.21,Graduate
1,6,3,5149,1,3,163.8,29,15,3,14,26,159.0,1,0,0,0,0,1,18,0,0,5,3,1,1.013723498127114,0,5,6,2,1,12.504396759139938,0,10.6,3.7,3.0,Graduate
1,55,1,9457,1,8,122.4,10,41,43,9,5,152.2,1,0,0,1,1,0,32,0,0,4,4,1,3.310608520569213,0,1,5,9,0,7.601828726026187,0,9.0,0.6,0.65,Dropout
1,47,1,5699,1,1,118.2,11,44,36,4,4,151.3,1,0,0,1,1,0,27,0,0,7,11,1,2.425497220457881,0,5,7,14,0,7.232593688987998,0,9.3,2.3,3.4,Graduate
1,1,1,6750,1,1,139.8,79,14,7,3,9,165.6,1,0,0,1,1,0,25,0,0,2,8,2,11.239899043420785,0,2,2,4,2,15.946268560627498,0,9.7,0.4,2.9,Graduate
1,1,4,7098,1,1,112.3,52,3,36,5,8,150.9,1,0,0,1,0,0,18,0,0,6,9,5,17.313681676207914,0,7,5,7,5,18.299557111086525,2,11.5,-0.7,-1.23,Dropout
1,35,1,6054,1,1,130.6,3,7,2,1,3,155.9,1,0,0,1,1,0,18,0,0,7,16,3,14.104822683190964,0,5,7,12,3,17.295733533971344,0,15.7,-0.8,-3.45,Dropout
1,44,4,9804,1,2,110.7,97,37,28,5,4,150.0,1,0,0,1,0,0,33,0,0,7,12,11,18.874096710321506,0,1,6,15,10,18.571428571428573,0,11.1,1.5,-1.69,Dropout
1,1,3,9726,0,1,134.7,73,38,37,4,3,153.0,1,0,0,1,1,0,19,0,0,8,12,6,18.48108450480032,0,4,8,15,0,9.332604428644297,0,10.5,2.6,2.64,Dropout
4,45,2,6355,1,1,137.3,49,41,11,10,6,154.3,0,0,0,1,0,0,19,0,0,6,10,5,16.597927301053492,0,3,6,16,7,18.571428571428573,0,14.3,-0.3,-2.33,Enrolled
1,2,1,9554,0,2,123.7,12,15,25,5,9,159.3,0,0,0,1,0,1,36,0,0,5,4,6,18.438937301503294,0,1,6,18,6,18.571428571428573,0,11.1,2.3,3.32,Dropout
1,4,1,9783,1,2,119.4,96,32,18,18,43,160.4,0,0,0,1,1,1,18,0,0,5,4,2,13.825360754908587,0,1,6,3,1,10.812541075855906,0,12.1,2.7,1.73,Graduate
1,3,4,8323,1,1,139.8,106,27,19,37,31,149.9,1,0,0,1,0,0,18,0,0,3,2,1,4.024179675487259,0,1,4,1,2,14.79740375089289,0,11.1,0.5,2.29,Graduate
1,5,2,9303,1,1,143.0,54,38,3,3,8,161.0,1,0,1,1,0,0,18,0,0,4,6,3,13.657619535298478,0,2,5,10,1,12.524751461312073,0,10.7,0.6,2.28,Graduate
2,51,1,8887,1,1,159.9,51,33,13,2,3,161.9,0,0,0,1,1,0,52,0,0,5,10,1,1.2108707517413007,0,4,5,8,1,11.18683709400067,0,9.1,-0.5,-3.72,Enrolled
1,1,4,7808,1,1,127.4,5,44,7,2,0,148.8,1,0,0,1,1,0,27,0,0,7,9,0,0.043903056063162166,0,2,7,7,0,4.11850530695402,3,10.7,1.6,-3.65,Graduate
1,18,1,7425,1,1,144.8,70,32,3,9,23,152.0,1,0,0,1,0,0,23,0,0,6,6,0,0.07241154240820225,0,1,6,1,0,8.832951808695555,0,15.4,1.6,0.11,Dropout
1,51,1,9433,1,1,120.4,100,1,37,12,18,157.8,1,0,0,1,1,0,22,0,0,1,3,0,1.370833453091463,0,2,1,4,1,16.186393658637957,0,9.8,-0.7,-0.16,Dropout
1,57,1,7466,1,2,142.8,45,1,3,4,4,153.6,0,0,0,0,1,0,23,0,0,6,8,1,0.5406982947591995,0,2,8,1,0,4.099671014512111,0,13.3,2.5,2.43,Graduate
1,30,1,8159,1,1,134.0,82,14,34,1,2,147.2,0,0,0,1,0,1,40,0,0,12,12,26,18.875,0,10,12,27,20,18.571428571428573,0,9.6,-0.6,1.87,Graduate
1,1,3,9931,1,2,132.9,79,31,44,16,3,148.3,1,0,0,1,0,1,19,0,0,9,12,14,18.874405395027047,0,3,10,25,4,17.548124105670283,0,12.0,0.2,1.83,Graduate
1,5,1,9144,0,1,124.2,54,32,36,16,35,152.0,0,0,0,1,1,0,18,0,0,8,10,3,15.369251155431838,0,2,8,9,6,18.571428571428573,0,9.9,-0.3,2.91,Graduate
1,8,2,9944,1,8,119.7,18,36,41,65,102,159.9,0,0,0,1,0,0,26,0,0,6,6,4,16.90170800004517,0,1,8,13,5,18.090636756596037,0,15.1,3.7,0.22,Dropout
1,42,1,6796,1,6,114.7,17,24,25,11,30,147.7,1,0,1,1,0,1,26,0,0,4,4,0,0.06138571856977829,0,2,4,0,0,0.38084296817111807,0,14.8,0.4,-2.09,Dropout
2,57,1,9687,0,2,144.3,27,2,2,5,1,147.5,0,0,0,1,0,1,22,0,0,6,8,17,18.87494006642029,0,2,7,23,10,18.571428571428573,0,10.6,-0.1,2.29,Dropout
1,11,1,8199,1,1,157.0,31,12,39,20,17,168.4,1,0,0,1,1,0,18,0,0,6,7,4,16.56339157966641,0,2,5,6,5,18.10171412295539,0,11.8,-0.6,0.8,Graduate
1,31,1,9744,1,1,117.2,9,43,38,13,23,151.3,1,0,0,0,1,0,29,0,0,8,10,14,18.87468835006803,0,4,8,26,6,18.571428571428573,0,9.6,3.7,3.46,Graduate
1,6,6,9133,1,1,138.3,44,4,6,5,8,162.3,1,0,0,1,0,0,18,0,0,11,9,10,18.820875336618553,0,2,10,10,6,18.375705257743604,0,9.9,-0.1,0.1,Graduate
1,37,1,8732,1,4,158.1,90,38,8,6,27,151.4,1,0,0,1,0,1,26,0,0,9,10,1,2.430384830330716,0,3,9,5,0,5.638141530762332,0,11.6,1.2,1.73,Graduate
1,2,2,9074,1,1,128.5,84,34,2,9,13,149.5,1,0,0,1,0,0,20,0,0,9,13,7,18.271643506752152,0,11,9,11,7,18.571428571428573,0,14.8,-0.8,-3.63,Dropout
1,19,1,4890,1,2,139.1,44,29,5,2,7,171.5,1,0,0,1,1,1,25,0,0,2,2,0,0.005971300739397009,0,2,3,0,0,1.3892350237372546,0,13.9,0.8,-3.6,Dropout
1,23,1,6271,1,3,138.5,38,42,44,13,23,160.8,0,0,1,1,1,0,19,0,0,4,7,1,1.7296825601077712,0,4,4,0,2,15.562496568760164,0,15.4,0.0,2.76,Dropout
1,18,5,7993,1,5,124.0,3,44,13,4,10,165.8,1,0,0,0,1,0,22,0,0,5,10,3,16.503691598348166,0,6,5,4,1,10.156858510319841,0,13.4,-0.7,-2.68,Graduate
1,45,1,4313,1,3,127.3,13,14,19,3,6,147.1,1,0,0,1,0,0,18,0,0,5,3,0,0.008075090246666267,0,1,5,0,0,0.7849483587505799,0,9.4,1.6,1.96,Graduate
1,2,1,6790,1,1,137.1,79,1,2,11,8,156.6,1,0,0,1,1,0,18,1,0,3,6,10,18.86985696313396,0,3,3,5,19,18.571428571428573,0,9.3,0.8,0.71,Graduate
1,36,1,8459,1,1,138.4,99,2,4,1,2,164.3,1,0,0,1,0,0,21,0,0,6,10,8,18.854115626471497,0,1,6,17,6,18.571428571428573,0,14.6,3.2,-2.6,Graduate
1,12,1,9367,1,1,106.3,52,44,42,32,75,147.7,1,0,0,1,0,1,23,0,0,8,16,22,18.874997814620976,0,5,8,33,20,18.571428571428573,0,15.1,-0.6,-2.08,Graduate
1,40,1,8621,1,3,134.4,66,18,44,22,21,147.5,1,0,0,1,1,0,41,0,0,6,5,1,1.4975028417611431,0,3,7,4,0,1.9025148423539844,0,11.1,-0.8,-0.04,Enrolled
1,9,3,9986,1,1,135.1,28,1,2,3,11,176.8,1,0,0,1,1,0,19,0,0,9,12,18,18.874995327114014,0,3,9,33,16,18.571428571428573,0,13.2,0.0,-2.68,Graduate
1,5,4,7799,1,1,129.1,4,15,3,11,8,153.5,1,0,0,1,0,0,19,0,0,6,9,8,18.820292814206876,0,1,6,14,6,18.571428571428573,0,14.1,1.8,-0.27,Dropout
1,1,1,8623,1,2,132.8,86,16,9,8,9,153.7,1,0,0,1,1,0,21,0,0,4,10,3,15.980713733048646,0,1,5,7,1,10.205420487857412,0,9.4,2.8,0.37,Graduate
1,52,4,7795,1,6,127.0,103,14,3,21,25,169.7,0,0,0,1,0,1,40,0,0,8,15,15,18.87487159436898,0,9,7,26,8,18.571428571428573,0,13.8,-0.6,-1.08,Enrolled
1,3,1,5978,1,1,131.7,7,9,16,18,28,164.0,1,0,0,1,0,1,18,0,0,12,16,26,18.874999999132324,0,8,12,31,20,18.571428571428573,0,14.7,0.8,1.5,Graduate
1,33,1,7203,1,4,124.2,79,8,2,18,22,164.3,0,0,0,1,1,1,23,0,0,6,9,0,0.5659025425773625,0,2,7,3,0,5.5690469436827295,0,9.0,-0.8,2.83,Dropout
1,33,4,9802,1,2,109.4,4,12,3,21,19,152.4,0,0,0,1,0,0,20,0,0,6,6,2,9.956674302418513,0,1,6,5,1,8.54532030428872,0,11.2,2.0,-1.55,Graduate
1,29,2,9290,1,2,116.9,36,39,4,16,15,150.9,0,0,0,1,0,0,24,0,0,5,8,3,13.474835431818263,0,2,5,7,4,18.184654960749096,0,10.8,2.0,2.32,Enrolled
1,23,1,6936,1,1,112.0,6,30,43,1,1,153.1,1,0,0,1,1,0,21,0,0,5,10,11,18.871079132219297,0,2,6,4,12,18.571428571428573,0,12.9,1.9,-3.5,Graduate
1,4,1,9012,1,1,101.7,31,2,8,2,2,155.5,1,0,0,1,1,0,33,0,0,5,10,4,16.870369354499537,0,3,5,4,2,13.84072016252894,0,12.8,2.5,-1.48,Graduate
1,6,1,9205,1,1,150.0,106,34,3,9,22,154.6,1,0,0,1,0,0,18,0,0,6,11,3,10.627766072547745,0,4,6,6,4,15.908595320551031,0,10.2,-0.8,0.16,Graduate
1,7,1,5742,1,1,150.2,35,38,30,6,8,155.1,0,0,0,1,0,0,19,0,0,6,15,1,4.729698016059661,0,3,6,20,0,8.771440173876172,0,8.9,-0.8,1.91,Enrolled
1,13,1,9824,1,2,147.8,8,9,29,8,22,153.2,0,0,0,1,0,1,21,0,0,6,7,7,18.76160288502562,0,1,5,14,5,18.10137925492808,0,10.0,0.8,-0.77,Graduate
2,39,1,9304,0,1,148.5,47,33,44,5,1,157.4,1,0,0,1,0,0,18,0,0,4,6,1,3.18402859745232,0,1,4,4,0,7.444181869195667,0,10.4,0.3,2.64,Enrolled
1,21,1,6643,1,1,135.2,12,10,20,9,8,159.1,1,0,0,1,0,1,19,0,0,3,2,1,0.9876583724252013,0,1,3,1,0,1.3652866574838807,0,15.5,3.7,-3.35,Graduate
1,24,6,9134,1,1,125.7,7,39,22,17,22,147.4,1,0,0,1,1,0,18,0,0,7,11,5,17.487658359694304,0,1,8,31,7,18.571428571428573,0,12.7,2.3,1.67,Dropout
2,13,1,9212,1,1,128.7,79,41,41,12,6,167.7,0,0,1,1,0,0,18,0,0,10,13,9,18.69819397047171,0,7,9,12,20,18.571428571428573,0,10.2,3.7,-1.46,Graduate
1,19,1,9954,1,1,123.2,24,35,3,13,3,153.3,0,0,0,1,0,0,33,0,0,11,13,18,18.874994013785482,0,7,10,8,9,18.571428571428573,0,16.0,1.2,-2.84,Dropout
1,54,1,9128,1,2,129.7,29,43,23,3,14,153.0,1,0,0,1,1,1,26,0,0,13,16,5,17.703512265892492,0,11,11,7,6,18.571428571428573,0,11.8,-0.6,-2.16,Graduate
4,56,1,9831,1,1,136.0,26,20,27,23,9,160.0,0,0,0,1,0,0,22,0,0,5,6,1,9.227300087943776,0,2,4,14,1,8.600566531534636,0,9.5,-0.4,-0.05,Graduate
1,33,1,5123,1,5,120.6,76,6,32,8,3,156.3,0,0,0,1,1,0,45,0,0,6,6,0,0.040045459987374736,0,3,7,1,1,10.395440896587822,0,13.1,-0.8,-3.59,Graduate
4,22,1,9713,1,1,134.8,33,43,18,1,0,151.3,1,0,0,1,0,0,18,0,0,10,14,23,18.874999867183686,0,8,9,27,20,18.571428571428573,0,14.2,-0.8,-2.62,Graduate
1,32,1,8765,1,1,119.2,92,22,30,2,0,150.0,0,0,0,1,1,0,60,0,0,12,19,19,18.87499525889858,0,13,10,31,10,18.571428571428573,0,9.3,3.7,3.28,Dropout
2,19,1,8307,1,4,135.4,39,38,41,3,9,155.1,0,0,0,1,1,1,21,0,0,6,7,4,16.813175378973728,0,3,6,5,3,16.24306063903893,0,12.3,0.0,-0.46,Dropout
1,30,1,9842,0,6,142.2,94,3,2,11,19,158.4,1,0,0,0,1,0,34,0,0,6,5,1,1.0782783173103412,0,3,7,1,0,5.771235940175204,0,10.7,0.5,2.77,Dropout
1,44,1,8115,1,1,131.1,69,32,2,33,44,147.6,1,0,0,1,1,1,24,0,0,7,7,6,17.41935053169212,0,7,6,6,1,5.631906719298836,0,9.0,1.4,3.48,Graduate
1,22,4,9881,1,1,137.5,22,12,4,9,18,155.1,0,0,0,1,0,0,18,0,0,9,10,18,18.87499434513046,0,1,10,15,15,18.571428571428573,0,10.8,1.0,0.89,Dropout
1,10,1,3552,0,1,147.3,106,1,2,27,13,151.9,1,0,0,1,1,0,18,0,0,5,5,2,7.676739786668637,0,2,6,5,8,18.571428571428573,0,10.8,-0.6,2.53,Graduate
1,1,4,8543,1,1,119.9,35,14,15,3,10,166.3,1,0,0,1,0,0,18,0,0,4,0,3,15.774209469863736,0,1,4,4,5,17.910416240435282,0,9.5,2.8,0.25,Graduate
1,17,3,9060,1,1,117.3,8,22,3,22,47,156.2,0,0,0,1,1,0,20,0,0,9,10,1,0.3466045950065044,0,3,8,5,3,15.885903040584681,0,10.8,3.7,1.61,Dropout
1,1,1,7989,1,1,130.6,51,1,13,3,12,159.3,0,0,0,1,1,0,18,0,0,5,8,0,0.007712338518287995,0,1,5,2,1,10.25011459313019,0,9.2,-0.7,2.88,Dropout
1,18,1,8578,1,6,132.4,44,5,6,1,0,157.9,0,0,0,1,1,0,18,0,0,6,10,2,6.912154902404871,0,9,7,3,1,11.284921370502493,0,15.3,-0.2,-3.34,Graduate
1,28,1,7408,1,3,131.1,12,32,3,8,6,151.6,0,0,0,1,0,0,35,0,0,3,5,2,11.736048106031513,0,1,4,1,2,15.27334611205795,0,14.3,1.6,-3.89,Graduate
1,21,1,7889,1,1,121.4,68,43,21,5,1,164.9,0,0,0,1,0,0,27,0,0,4,3,0,0.006359965118842372,0,4,4,1,0,3.394601451486115,0,12.1,-0.1,1.62,Enrolled
1,2,2,5140,1,1,118.4,9,2,2,1,0,152.6,1,0,0,1,1,1,19,0,0,8,11,6,18.070580303733216,0,6,9,20,8,18.571428571428573,3,12.0,1.0,-0.8,Graduate
1,32,1,7788,1,1,133.5,75,6,11,1,2,169.1,1,0,0,1,1,0,18,0,0,8,17,10,18.865434059683178,0,1,7,24,6,18.571428571428573,0,13.5,-0.6,1.07,Dropout
1,50,1,6949,1,1,116.8,74,30,11,6,4,151.7,1,1,1,1,1,0,32,0,0,7,10,6,18.545124973853564,0,7,7,13,5,18.571428571428573,0,12.3,-0.4,0.08,Dropout
1,18,2,9054,1,1,112.3,46,41,3,2,9,147.5,0,0,0,0,0,0,18,0,0,8,7,2,4.059368703177196,0,3,7,9,4,17.29810063640136,0,11.5,-0.2,-2.23,Graduate
1,1,1,8779,1,1,124.3,93,44,37,8,4,158.7,0,0,0,1,0,1,26,0,0,8,9,1,1.5029281947159059,0,3,7,4,1,10.960635047842612,0,9.0,-0.7,0.45,Dropout
1,47,1,9968,0,6,142.0,50,43,3,1,4,157.0,0,0,0,1,1,1,38,0,0,13,19,14,18.873758321129994,0,7,11,32,11,18.571428571428573,0,14.7,3.7,-2.68,Dropout
1,1,1,8471,1,1,129.8,86,3,31,20,32,149.3,1,0,1,1,1,0,18,0,0,4,3,0,0.06247217281622091,0,1,5,2,1,8.56170462433142,0,14.0,-0.6,3.28,Graduate
1,12,1,8549,1,1,137.5,79,40,39,13,7,167.1,1,0,0,1,0,1,20,0,0,8,3,1,0.3767988461068115,0,4,8,1,1,11.372976191279795,0,9.0,-0.5,3.29,Graduate
1,42,1,9566,1,1,137.4,77,13,5,3,7,163.4,0,0,0,1,0,0,19,0,0,9,15,8,18.82113883182319,0,2,7,14,7,18.571428571428573,0,13.7,2.4,-0.31,Dropout
1,1,2,9518,1,1,117.9,7,13,7,2,8,149.2,1,0,0,1,0,0,18,0,0,6,6,7,18.64749478512433,0,1,6,10,20,18.571428571428573,0,9.3,-0.6,0.45,Graduate
1,2,1,6569,1,1,136.6,97,6,16,5,5,160.5,1,0,0,1,1,1,19,0,0,7,7,0,0.05712787745986082,0,3,6,3,1,8.967661773204332,3,9.3,-0.1,-0.44,Dropout
1,41,3,9505,1,3,145.0,29,44,44,11,9,163.6,1,0,0,0,1,0,21,0,0,5,7,12,18.873822702228765,0,3,5,18,11,18.571428571428573,0,12.4,-0.6,1.21,Graduate
1,49,1,9249,1,1,123.2,59,44,4,21,18,170.8,1,0,0,1,0,0,21,0,0,4,2,0,0.04807416273092702,0,2,4,1,0,7.600742333739791,0,9.3,-0.8,2.11,Enrolled
1,51,1,7509,1,1,119.8,86,5,10,3,5,146.4,1,0,0,1,0,1,35,0,0,10,10,4,13.23377214958779,0,7,9,7,4,17.914913996406863,0,10.9,3.7,-0.46,Graduate
2,2,1,9631,1,1,116.5,21,23,6,22,61,154.1,1,0,0,0,0,1,30,0,0,8,7,5,18.347842628380707,0,1,8,15,5,18.532256172640086,0,12.6,0.7,-1.35,Graduate
1,36,1,6926,1,1,153.0,57,21,39,31,27,157.8,1,0,0,1,0,1,18,0,0,5,13,1,4.816264232632172,0,2,6,4,1,10.366790427089875,2,9.3,-0.6,2.39,Graduate
1,38,3,9832,1,1,124.5,66,44,30,2,3,147.7,1,0,0,1,1,0,18,0,0,5,7,10,18.871257033631952,0,1,5,24,4,18.25124662072489,0,12.5,2.8,-0.79,Graduate
1,52,1,7661,1,3,116.1,14,12,22,11,15,156.4,0,0,1,1,1,0,36,0,0,4,5,0,0.006176239359501081,0,1,3,0,0,0.03994720571901378,0,10.9,-0.6,3.3,Dropout
1,12,1,9903,1,2,127.6,74,44,44,3,4,158.2,1,0,0,1,0,1,24,0,0,9,12,9,18.85289617547695,0,3,9,20,5,18.57093912848225,0,14.9,0.6,-3.78,Enrolled
1,54,2,8206,1,5,138.2,50,38,31,15,34,149.6,1,0,0,1,1,0,20,0,0,7,8,3,13.053870384848755,0,2,8,13,2,13.402372012366472,0,9.8,0.9,3.11,Enrolled
6,6,1,8812,1,1,132.5,88,39,4,18,22,150.6,0,0,0,1,1,0,18,0,0,9,6,0,0.02282095670443758,0,7,9,1,3,13.593074412166418,0,10.2,0.2,1.95,Graduate
1,2,1,5451,1,1,112.7,90,1,2,4,16,153.9,1,0,0,1,1,0,20,0,0,9,12,5,16.87818966107739,0,2,10,10,7,18.571428571428573,0,15.7,2.8,-3.45,Graduate
1,50,1,8694,0,10,137.9,72,16,29,2,6,169.7,1,0,0,1,0,1,43,0,0,6,13,7,18.7279754784935,0,7,6,16,11,18.571428571428573,0,12.8,1.6,-0.61,Graduate
1,18,1,8192,1,1,122.0,39,24,42,5,19,150.6,1,0,0,1,0,0,33,0,0,2,0,0,0.007195828056013923,0,1,2,0,0,2.271795873327296,0,8.9,-0.8,1.23,Dropout
2,6,2,7617,1,1,119.3,9,44,40,2,1,151.5,0,0,0,1,1,0,24,0,0,4,2,1,2.627153326593597,0,2,5,4,2,12.970694267147131,0,11.5,0.3,-0.68,Dropout
1,4,1,8903,1,1,149.8,44,43,11,5,2,161.1,1,0,0,1,0,0,20,0,0,4,3,3,12.561220957690796,0,1,4,2,7,18.571428571428573,0,13.5,2.7,-3.79,Graduate
1,8,2,8244,1,1,154.4,27,10,2,3,3,174.8,1,0,0,1,0,0,23,0,0,4,8,6,18.620088519277537,0,1,5,16,2,14.006325456323744,0,15.4,3.7,-0.82,Graduate
2,2,1,8532,1,2,128.3,87,16,2,6,31,156.9,1,0,0,1,0,1,19,0,0,9,14,16,18.874811035030255,0,5,8,33,18,18.571428571428573,0,9.8,-0.1,-0.63,Graduate
1,55,2,5747,1,1,125.4,26,15,41,4,2,158.6,1,0,1,1,0,0,18,0,0,6,5,6,18.429667758143967,0,1,5,5,4,16.80156224852245,0,11.2,-0.5,-0.59,Graduate
2,52,1,6964,1,2,121.9,81,37,18,1,1,162.1,0,0,0,0,1,0,36,0,0,6,8,0,0.130516202062465,0,8,6,1,0,3.4399096610516975,0,9.4,-0.8,-2.16,Enrolled
5,56,1,9911,0,3,143.0,3,16,22,2,6,153.5,0,0,0,1,0,1,47,0,0,6,9,1,1.5269313470541541,0,6,7,10,0,7.52102029938088,0,15.8,2.5,-0.84,Enrolled
1,1,6,8499,1,1,133.2,77,41,17,17,18,152.5,0,0,0,1,0,0,20,0,0,5,6,4,16.38786108033174,0,4,6,2,1,11.6361849887429,0,14.5,-0.7,-3.92,Graduate
1,14,1,8915,1,1,140.9,105,12,7,5,2,154.9,1,0,0,1,0,0,20,0,0,3,3,6,18.725093528114222,0,1,5,8,4,17.92168427574761,0,11.5,-0.5,0.63,Graduate
1,8,1,7151,1,1,132.4,47,5,33,7,7,152.3,1,0,0,1,0,0,22,0,0,2,3,0,0.06776526376013912,0,2,3,4,0,3.4523105456565677,0,13.1,-0.7,-3.05,Graduate
1,1,4,8226,1,1,131.0,8,11,2,4,4,153.6,1,0,1,1,0,1,18,0,0,7,4,3,13.514829670085449,0,2,8,1,3,17.06182096101377,0,9.6,0.7,1.65,Graduate
1,32,1,8874,1,1,133.5,63,33,34,14,7,157.6,1,0,0,1,0,1,19,0,0,8,13,5,15.352905908633762,0,7,8,4,8,18.571428571428573,3,9.8,1.2,0.6,Graduate
1,56,4,9852,1,1,114.4,25,18,13,2,1,151.9,1,0,0,1,0,0,37,0,0,9,10,0,0.03369178399379338,0,4,8,3,0,0.4854000709686825,0,10.7,1.3,2.14,Graduate
1,35,1,9933,1,1,126.3,89,10,30,11,8,149.3,0,0,0,1,1,1,22,0,0,9,13,9,18.85754394699005,0,3,8,32,5,18.342250549119026,0,9.1,3.7,0.51,Dropout
1,27,1,8438,1,3,127.0,36,1,8,7,7,151.2,1,0,0,1,0,0,18,0,0,3,5,1,2.5881679891148113,0,2,3,1,0,2.9033513247321086,0,9.0,2.2,2.74,Dropout
1,12,1,9349,1,2,121.8,12,10,2,14,35,148.7,0,0,0,1,1,1,18,0,0,11,12,18,18.874720173579256,0,4,11,22,20,18.571428571428573,1,10.5,0.2,2.77,Graduate
1,1,3,6378,1,1,138.2,11,7,44,3,3,152.8,0,0,0,1,0,0,19,0,0,5,6,4,17.096279218734797,0,1,4,12,1,13.237261921034067,0,15.2,0.0,-1.66,Graduate
1,15,4,6499,1,1,129.6,7,29,3,11,20,148.8,1,0,0,1,0,0,19,0,0,4,11,2,13.331850816979044,0,1,4,2,1,11.644295283224533,0,9.2,0.1,-0.69,Dropout
1,42,1,9780,1,3,130.8,102,40,34,2,1,157.3,0,0,0,1,0,0,47,0,0,7,10,4,17.551337380228222,0,1,6,10,4,17.819940278766392,1,13.5,0.9,-2.07,Dropout
4,49,1,9862,1,4,108.7,102,33,32,6,22,155.3,0,0,0,1,0,0,65,0,0,7,10,2,7.554790912975796,0,5,6,12,0,7.462938238591027,0,9.1,-0.8,0.7,Enrolled
1,3,1,8799,0,1,147.6,11,10,4,9,15,155.4,0,0,0,1,0,0,18,0,0,8,9,1,1.2586462002199008,0,7,8,3,1,9.974473598281515,1,11.6,1.7,-2.1,Dropout
1,57,1,9099,1,3,117.8,3,25,44,8,4,157.9,0,0,0,0,1,0,26,0,0,5,3,2,4.73174160434036,0,2,4,5,1,10.515185733350464,0,14.3,-0.6,-2.65,Graduate
2,47,3,9015,1,1,127.2,28,38,14,5,8,156.3,0,0,1,1,1,0,20,0,0,6,13,1,4.52708129901485,0,3,6,25,4,18.424809516405737,0,8.9,-0.1,2.72,Enrolled
1,1,1,7881,1,1,121.4,48,8,20,5,6,148.4,1,0,0,1,0,0,18,0,0,6,6,15,18.873743904435315,0,2,5,20,19,18.571428571428573,2,11.9,-0.7,2.21,Graduate
1,2,1,6788,1,5,130.3,104,5,23,2,4,155.9,1,0,0,1,0,0,19,0,0,8,8,2,6.288714246222603,0,2,7,1,4,17.14535727550042,0,11.1,3.6,0.9,Dropout
1,52,1,9599,1,2,131.1,28,2,14,2,2,162.8,1,0,0,1,1,0,19,0,0,3,2,0,0.11002697689389244,0,1,4,0,0,0.37638332805901326,0,12.8,2.1,-1.0,Enrolled
1,1,4,9181,1,3,116.3,66,8,2,5,2,154.1,1,0,0,1,0,0,36,0,0,7,8,12,18.870331522963642,0,2,7,20,12,18.571428571428573,0,10.5,-0.8,-0.27,Graduate
1,3,5,6901,1,1,109.6,53,37,3,13,31,149.9,1,0,0,1,1,1,24,0,0,5,7,0,0.0975765324040952,0,3,6,6,0,3.530226109738934,0,10.0,3.7,2.59,Dropout
1,1,1,5883,1,1,118.1,7,43,38,9,9,151.4,0,0,0,1,0,0,18,0,0,5,4,1,2.8546787626292542,0,1,4,4,2,14.325291862762407,0,10.0,3.0,2.08,Dropout
1,45,1,7834,0,2,136.7,52,3,12,5,16,157.0,1,0,0,1,1,0,34,0,0,3,4,1,2.836184295187349,0,3,3,0,1,11.216894531631727,0,9.3,-0.8,0.34,Graduate
1,2,1,4435,1,1,129.0,8,25,22,4,4,166.1,0,0,0,1,1,0,19,0,0,7,7,1,0.7694307667024909,0,6,7,2,1,9.325028801257876,0,10.8,-0.7,-3.32,Dropout
1,4,2,8867,1,3,150.0,18,44,10,16,11,155.5,1,0,0,1,1,1,18,0,0,9,10,1,1.627627398082366,0,3,9,11,1,7.792038097888512,0,14.2,3.7,-0.95,Dropout
1,34,4,7673,1,1,134.5,72,29,2,5,5,159.0,1,0,0,1,1,0,19,0,0,4,11,6,18.74894070072549,0,2,4,14,2,16.087403933737455,0,10.4,2.7,1.28,Enrolled
1,19,5,8208,1,3,155.7,16,36,27,6,32,158.9,0,0,0,1,1,0,20,0,0,8,15,13,18.87444443925417,0,2,7,33,7,18.571428571428573,0,9.9,-0.2,2.53,Dropout
1,25,1,9296,1,2,141.0,10,4,8,8,13,165.3,0,0,0,1,0,1,18,0,0,8,13,14,18.87471403292978,0,3,8,24,16,18.571428571428573,0,15.0,2.1,2.37,Graduate
1,49,4,8800,1,1,101.6,64,40,2,2,9,159.1,1,0,1,0,1,0,22,0,0,3,7,2,7.9972283808138105,0,1,5,7,1,12.640114669921772,0,15.3,2.1,0.02,Dropout
1,1,2,9594,1,1,135.7,21,42,2,30,30,160.0,1,0,0,1,0,0,34,0,0,4,6,0,0.46559110823149763,0,1,4,3,1,12.605694263768946,0,10.1,-0.7,-0.79,Enrolled
1,57,1,9177,1,5,132.3,22,38,18,1,1,156.8,1,0,0,1,1,0,19,0,0,6,5,2,12.207992368528744,0,1,6,5,3,16.28412643505305,0,9.0,2.5,0.06,Graduate
1,10,1,7047,1,1,123.3,19,5,5,8,33,166.3,0,0,0,1,0,0,19,0,0,6,1,5,17.442801985717566,0,2,6,1,3,15.227264775324501,0,15.5,1.6,2.82,Graduate
1,51,1,9912,0,1,150.9,7,13,4,2,1,154.2,0,0,0,1,0,0,34,0,0,6,9,6,18.05119781058998,0,8,7,8,6,18.571428571428573,0,13.9,0.3,-3.05,Graduate
1,39,1,7369,1,2,128.8,25,37,35,3,12,148.5,1,0,0,1,0,0,38,0,0,4,4,1,0.7941342898215228,0,4,5,1,0,4.2321613093796815,0,9.1,2.8,2.14,Graduate
1,56,1,8482,1,1,116.3,39,24,26,19,11,148.3,0,0,0,1,1,0,34,0,0,6,5,0,0.04825212701079681,0,3,7,0,0,2.661323005051855,0,15.1,-0.2,1.96,Enrolled
1,29,1,5988,1,1,147.4,93,41,4,20,13,162.7,0,0,0,1,1,1,21,0,0,8,12,0,0.006793414170161039,0,5,8,3,0,5.265702753117883,0,15.5,-0.5,-2.75,Graduate
2,36,1,5545,1,1,153.4,21,14,5,6,0,165.0,0,0,0,1,0,0,18,0,0,3,6,2,12.51723068637026,0,1,4,5,4,18.001805166981296,0,10.0,0.8,3.01,Enrolled
1,7,4,8211,1,1,121.5,34,7,7,2,1,153.0,1,0,0,1,0,0,18,0,0,4,4,3,11.049427927807523,0,3,5,1,4,16.657647027815127,0,8.9,0.9,3.07,Graduate
1,3,2,7915,1,1,110.7,11,34,44,46,36,149.4,0,0,0,1,0,0,36,0,0,6,6,9,18.76980451249346,0,4,7,14,4,16.92101337707732,0,11.8,-0.8,-2.65,Graduate
1,2,1,9283,0,1,144.6,53,44,43,2,1,157.5,1,0,0,1,0,0,18,0,0,7,15,4,15.580500644545834,0,1,8,6,0,5.356154203760695,0,12.9,3.7,-3.04,Graduate
1,43,1,9349,1,1,137.0,74,26,6,12,28,156.2,0,0,1,1,0,0,42,0,0,6,8,3,16.480062502927304,0,1,6,3,2,14.888722881777003,0,9.3,3.0,1.05,Graduate
1,56,1,9224,1,1,111.6,10,5,38,3,16,146.6,0,0,0,1,0,0,21,0,0,5,9,1,10.012372009102785,0,1,6,9,1,10.092807433414912,1,11.7,3.7,-2.96,Enrolled
1,36,2,9303,1,1,129.1,79,29,6,4,1,161.6,1,0,0,1,0,1,27,0,0,8,10,5,15.908470933710559,0,5,8,7,3,14.519508350320065,0,9.0,-0.7,-0.21,Graduate
1,48,1,9682,1,1,120.4,68,17,11,3,8,148.2,1,0,0,1,1,0,41,0,0,6,12,4,18.179300554191745,0,2,7,19,8,18.571428571428573,0,10.8,1.6,1.44,Graduate
1,48,5,8390,1,7,150.5,91,38,32,5,28,166.4,1,0,0,1,1,0,21,0,0,0,0,0,1.3946874279249588,0,1,1,0,0,3.437945738152286,0,10.0,3.3,2.29,Graduate
1,20,1,3709,1,2,171.3,17,21,35,7,14,163.0,0,0,0,1,0,0,18,0,0,5,5,2,8.084937461500985,0,4,6,1,6,18.571428571428573,0,10.2,1.2,1.08,Dropout
1,14,1,9499,1,1,138.3,83,5,4,5,13,160.0,0,0,0,1,0,0,19,0,0,11,17,18,18.874948611481976,0,4,10,25,5,17.666732589507024,0,15.2,0.8,-3.18,Graduate
1,10,1,9763,1,1,138.7,57,20,2,2,2,165.5,0,0,1,0,0,0,19,0,0,5,7,1,3.218430451978157,0,2,5,2,7,18.571428571428573,0,14.7,0.0,-2.25,Enrolled
2,56,2,9649,1,5,118.8,47,34,44,1,0,150.7,1,0,0,1,0,0,18,0,0,11,15,3,12.73110176213669,0,3,12,33,4,17.537435993800777,0,12.8,-0.5,1.09,Enrolled
1,20,1,8217,1,1,142.8,8,24,44,32,43,156.8,1,0,0,1,0,0,18,0,0,5,5,6,18.690065376036966,0,2,6,0,1,8.749449079656385,0,12.6,0.5,-1.5,Graduate
1,10,1,9498,1,4,139.3,5,14,27,6,16,160.8,1,0,0,1,0,0,43,0,0,3,6,2,10.732571783700822,0,2,3,1,3,17.5013040528292,0,14.1,-0.5,-0.26,Dropout
1,51,1,8283,0,4,139.8,63,43,25,11,24,156.5,0,0,1,1,1,1,64,0,0,3,8,0,0.06160542952540646,0,1,2,1,0,6.657898322442293,0,9.9,-0.7,1.87,Enrolled
1,15,1,9404,1,2,118.6,11,1,26,23,19,151.7,0,0,0,1,0,0,21,0,0,5,7,2,5.476479003962667,0,4,6,6,2,14.95382859708424,0,13.3,0.7,0.95,Dropout
1,20,1,9234,1,1,114.6,30,5,2,3,7,159.5,0,0,0,1,1,0,18,0,0,11,10,14,18.87419160852944,0,5,10,21,3,15.582401594711419,0,10.0,0.7,-0.99,Graduate
1,4,1,8184,1,1,149.8,55,37,20,2,5,177.4,0,0,0,1,0,1,18,0,0,1,2,0,0.013116809135472286,0,1,1,0,0,0.6976727187445916,0,9.4,0.3,2.75,Graduate
1,1,1,2849,1,1,156.1,97,43,33,2,1,165.4,1,0,0,1,1,1,20,0,0,4,11,10,18.86861489919888,0,2,2,9,4,18.571428571428573,0,9.6,1.6,-1.04,Enrolled
1,32,1,7788,0,1,121.9,56,44,11,6,10,153.1,1,0,0,1,1,0,19,0,0,8,10,0,0.011978020215059719,0,6,7,2,0,0.6053991481171886,1,11.9,1.7,2.27,Graduate
1,5,1,7948,1,1,128.9,25,36,20,1,7,157.5,1,0,0,1,1,0,19,0,0,4,8,2,8.475461171981257,0,1,5,3,1,10.979798195377168,0,11.6,1.3,-1.74,Graduate
1,7,1,9880,1,1,134.4,12,27,11,9,17,150.1,0,0,0,1,1,0,19,0,0,9,10,8,18.826677897895088,0,5,8,22,14,18.571428571428573,0,10.3,3.2,1.38,Graduate
1,1,1,6492,1,1,138.7,60,30,44,11,27,156.3,0,0,0,1,0,1,19,0,0,5,5,6,18.55705693058831,0,1,5,4,5,17.943487381553926,0,9.2,1.4,1.79,Graduate
1,28,3,7409,1,2,135.0,60,43,11,5,4,155.2,1,0,0,1,1,0,20,0,0,9,13,11,18.865794086668732,0,8,9,16,9,18.571428571428573,1,9.6,-0.7,0.55,Graduate
1,2,1,6982,1,1,142.6,54,10,2,5,13,165.9,0,0,0,1,1,1,19,0,0,1,6,2,14.947693877240589,0,1,2,13,3,17.605190562776933,0,12.1,-0.6,-0.34,Graduate
1,4,1,9584,1,2,147.5,33,22,27,3,0,168.0,1,0,0,1,1,0,18,0,0,5,9,6,18.76352097397044,0,1,6,12,2,16.49279200586306,0,12.5,3.7,2.05,Graduate
1,15,1,9587,1,1,167.8,85,38,44,7,3,176.7,0,0,0,1,0,0,18,0,0,10,16,6,18.17842190710099,0,7,10,23,10,18.571428571428573,0,12.8,1.2,-1.23,Graduate
2,34,1,9421,1,1,137.6,49,42,44,4,7,159.1,0,0,0,1,1,0,18,0,0,8,11,6,18.03975616948075,0,3,8,17,6,18.410973343161952,0,9.5,-0.8,-0.43,Graduate
1,6,1,9860,1,1,127.2,31,44,24,3,6,169.3,1,0,0,1,0,0,40,0,0,5,7,14,18.874754009133923,0,3,6,16,11,18.571428571428573,0,11.7,0.6,-2.59,Graduate
1,1,1,5485,1,1,139.3,49,42,10,3,7,155.5,1,0,0,1,0,1,18,0,0,4,0,2,7.927272879952667,0,1,4,0,8,18.571428571428573,0,9.5,-0.4,0.81,Graduate
2,15,1,9445,1,4,125.5,60,41,24,33,28,151.7,0,0,0,1,0,1,18,0,0,6,9,4,17.426984479925466,0,4,8,17,4,17.2992330113117,0,8.9,-0.7,2.94,Dropout
1,2,1,8811,1,1,126.1,57,4,41,44,48,152.8,1,0,0,1,1,0,18,0,0,7,9,7,18.586532105087034,0,3,8,10,8,18.571428571428573,0,10.0,-0.7,2.5,Graduate
1,2,1,7183,1,2,137.0,14,26,2,3,0,152.4,1,0,0,1,0,0,18,0,0,10,11,14,18.87117507524869,0,11,10,16,10,18.571428571428573,0,11.1,2.0,0.09,Graduate
1,54,1,9979,1,3,114.0,23,36,44,3,2,148.7,0,0,0,0,1,0,20,0,0,9,11,0,0.029089077120125505,0,3,8,12,0,4.487875693736736,0,9.2,-0.5,2.76,Graduate
1,2,2,9568,1,1,117.5,75,11,19,29,16,149.1,1,0,0,1,0,0,18,0,0,7,7,2,8.825238569306586,0,2,7,5,1,8.773280974733055,0,11.4,-0.5,2.44,Graduate
1,8,1,9140,1,4,145.9,15,44,44,1,0,167.9,0,0,0,1,0,0,46,0,0,5,9,1,1.628384294642406,0,2,5,5,2,14.530162787719023,0,11.1,0.4,0.7,Enrolled
2,28,1,9355,1,1,140.1,57,32,44,19,29,148.4,1,0,1,1,1,1,18,0,0,5,8,8,18.812202315303168,0,1,6,22,4,16.866875914420948,0,8.9,-0.1,1.14,Graduate
1,2,1,9022,1,1,106.3,65,42,13,1,3,161.6,0,0,0,0,1,1,40,0,0,7,10,5,18.01398058545214,0,2,7,12,11,18.571428571428573,0,15.4,1.1,-2.19,Graduate
1,45,2,7091,1,1,132.0,30,15,8,1,0,148.7,0,0,0,1,0,0,18,0,0,8,9,6,18.40375490307464,0,7,8,12,7,18.571428571428573,0,11.0,1.6,-0.07,Graduate
1,2,5,9727,1,1,145.5,25,40,5,13,22,156.5,1,0,0,1,0,0,18,0,0,7,8,8,18.801982586385012,0,2,8,16,6,18.571428571428573,0,15.8,-0.7,-4.0,Graduate
1,30,1,9669,1,1,121.2,81,42,41,3,2,149.5,1,0,0,1,0,0,20,0,0,7,7,3,13.748052816651228,0,4,6,3,1,11.20896422527364,0,13.2,-0.7,-2.97,Graduate
2,54,1,8951,1,1,118.0,38,9,44,8,6,155.5,1,0,0,0,1,0,41,0,0,5,7,1,4.086511072461798,0,2,4,1,0,7.42470506844571,0,12.8,1.7,-0.8,Enrolled
1,6,1,9875,1,4,113.7,65,13,2,10,26,154.0,0,0,0,1,0,1,18,0,0,5,8,2,15.406966174768062,0,2,6,19,5,18.571428571428573,1,8.9,0.9,0.77,Graduate
1,57,1,8156,1,1,122.1,46,42,2,2,3,151.2,0,0,0,1,1,0,63,0,0,2,0,0,0.005966413831418645,0,1,2,0,0,0.0007956580532088415,0,9.6,-0.0,2.59,Dropout
2,1,2,9688,1,1,136.7,4,44,33,18,39,154.0,0,0,0,1,0,1,18,0,0,9,8,5,16.674105807692932,0,3,9,5,3,15.355101466436006,0,10.4,-0.0,-1.84,Graduate
1,35,1,9478,1,1,145.6,81,2,2,33,52,160.3,0,0,0,0,0,1,20,0,0,8,8,0,0.22429923159441845,0,2,8,6,6,18.571428571428573,0,13.2,-0.4,1.99,Dropout
2,37,2,9374,1,1,116.0,16,21,2,15,14,154.3,0,0,0,1,0,0,18,0,0,7,8,0,0.09762157186962653,0,1,8,6,1,12.150151977347612,0,11.8,0.3,-2.0,Dropout
1,15,1,9349,1,1,137.9,37,1,4,12,6,151.7,0,0,1,1,0,0,18,0,0,7,8,2,7.3043158105226,0,2,6,14,4,17.78491834542325,0,11.3,3.0,-1.87,Enrolled
1,56,1,9801,1,2,147.0,2,1,2,1,5,156.8,0,0,0,1,0,1,18,0,0,4,4,4,17.014077008482435,0,1,4,12,3,18.126552928411634,0,13.2,-0.7,-3.71,Dropout
1,49,6,9973,1,1,141.8,30,36,21,1,2,150.5,1,0,0,1,0,0,19,0,0,5,6,1,3.0351577650863293,0,1,5,12,0,6.52533458205804,0,9.1,2.5,-1.67,Enrolled
1,32,1,8382,0,1,154.3,93,4,16,2,1,175.3,0,0,0,1,1,0,20,0,0,5,6,2,10.75689936607618,0,2,5,4,1,9.548538056578291,0,10.3,3.7,3.12,Enrolled
1,20,3,9693,1,1,141.3,43,42,44,10,13,155.5,0,0,0,1,0,0,38,0,0,11,14,5,18.172960238556517,0,2,11,16,6,18.571428571428573,0,11.7,-0.7,-2.08,Dropout
1,8,1,8004,1,5,127.3,10,27,21,1,0,178.1,0,0,0,1,1,0,18,0,0,4,10,0,0.22606321386586778,0,4,5,1,0,5.7457119638690255,0,12.0,-0.7,-0.06,Dropout
1,2,3,8362,1,1,146.1,12,43,44,34,27,160.4,1,0,0,1,0,0,18,0,0,11,12,17,18.87495638912972,0,8,10,11,7,18.571428571428573,0,16.1,-0.5,-2.94,Graduate
1,25,1,8026,1,2,156.8,93,1,28,7,2,152.5,0,0,0,1,1,1,28,0,0,4,11,15,18.874989010756423,0,1,5,22,7,18.571428571428573,0,13.7,3.7,-3.15,Dropout
1,43,1,7716,1,1,119.4,21,42,32,1,0,148.2,0,0,0,1,1,0,27,0,0,6,6,5,17.803850421858122,0,1,5,19,1,9.99616540776775,0,11.5,1.6,-2.41,Enrolled
1,1,1,8442,1,1,144.4,5,5,44,2,7,153.3,1,0,1,1,0,0,18,0,0,4,8,1,6.543597121419662,0,1,4,13,1,12.509411219915172,0,14.4,-0.1,-3.99,Enrolled
1,57,1,9420,1,1,128.6,18,44,44,2,7,162.6,0,0,0,0,0,0,19,0,0,6,8,3,16.025274622689217,0,1,5,6,1,11.247889898118247,0,11.0,-0.5,0.13,Enrolled
1,56,1,9369,1,1,146.8,73,30,44,15,16,164.2,1,0,0,1,0,0,26,0,0,10,15,12,18.867245904866575,0,13,10,18,10,18.571428571428573,0,9.0,3.7,3.51,Graduate
1,2,1,8045,1,1,162.8,48,2,2,17,18,167.4,0,0,0,1,0,1,18,0,0,7,9,13,18.87030056392996,0,2,7,11,17,18.571428571428573,0,13.1,-0.8,1.77,Dropout
1,8,6,5319,1,1,115.8,18,5,28,7,8,154.0,1,0,0,1,1,0,20,0,0,6,8,1,0.5352720211355241,0,2,6,6,1,8.394581179228014,0,15.4,3.7,-2.56,Dropout
1,1,1,5770,1,1,130.9,12,2,16,19,25,151.7,1,0,1,1,1,0,18,0,0,7,11,4,14.031757755500644,0,6,6,23,5,17.565581289852986,1,10.6,-0.8,-0.29,Graduate
1,12,1,7206,1,4,155.9,91,39,35,45,17,161.8,0,0,1,1,1,0,20,0,0,3,7,1,1.9613155231731356,0,1,4,3,2,15.048368780110732,0,12.4,1.5,1.65,Enrolled
1,38,2,9883,1,1,135.2,16,34,8,2,1,159.4,1,0,0,1,0,0,19,0,0,5,4,2,6.255651081963512,0,2,6,3,1,10.579815995940338,0,15.0,-0.8,-3.12,Graduate
1,57,1,9990,0,1,115.5,17,23,4,3,1,149.0,0,0,0,1,0,0,40,0,0,9,13,4,16.933833063251683,0,7,9,12,0,2.8243843336019196,0,9.0,2.7,2.09,Dropout
1,1,2,8974,1,1,115.4,45,43,2,10,3,150.1,1,0,0,1,1,0,18,0,0,8,12,13,18.87286809925058,0,2,7,18,17,18.571428571428573,0,12.6,-0.8,-2.71,Dropout
1,28,2,7285,1,1,122.7,3,17,11,12,2,156.0,1,0,0,0,1,0,18,0,0,1,3,0,0.006419826210153681,0,1,1,1,0,0.32964728475839167,3,13.0,-0.8,-4.06,Enrolled
1,16,1,7224,1,1,127.6,90,1,43,18,20,154.1,1,0,0,1,0,0,18,1,0,7,11,4,15.712124851562246,0,5,6,11,2,16.04127017972029,0,9.7,3.2,3.02,Graduate
5,24,3,8427,1,2,123.5,57,1,4,12,0,150.3,1,0,0,0,1,1,20,0,0,7,10,1,1.1375687580993719,0,4,7,3,0,1.4334051485576391,0,10.3,-0.1,2.35,Enrolled
1,2,1,6360,1,1,144.6,4,1,3,5,8,151.0,0,0,0,0,0,0,18,0,0,6,10,3,13.276573127888799,0,2,6,6,3,15.122474946181564,0,13.4,-0.8,-2.8,Graduate
1,55,1,8788,1,1,131.5,11,41,44,2,1,153.4,1,0,0,1,0,0,21,0,0,6,7,2,3.496164281532462,0,3,7,4,1,10.99654969169218,0,10.7,0.5,0.12,Graduate
1,54,1,9720,1,5,134.0,66,42,17,3,1,166.4,0,0,0,1,1,0,24,0,0,4,6,4,17.95466602466772,0,2,4,8,2,15.761361503890708,0,8.9,0.2,2.62,Graduate
1,12,1,9930,0,1,113.9,53,35,40,17,27,155.2,0,0,0,1,0,1,18,0,0,11,14,5,13.339435538178193,0,9,9,23,9,18.571428571428573,0,12.1,3.7,0.71,Graduate
1,36,1,8353,1,1,133.5,10,31,42,3,2,159.4,1,0,0,1,0,0,18,0,0,8,11,2,5.912765732973622,0,7,8,7,7,18.571428571428573,0,15.5,-0.3,-3.89,Graduate
1,52,1,9667,1,1,154.4,86,14,6,4,11,165.5,0,0,0,1,0,0,19,0,0,5,16,4,18.613170455387134,0,2,4,23,1,15.6557286021586,0,15.7,1.9,-3.84,Dropout
1,4,1,7410,1,2,129.8,5,7,3,20,10,159.2,1,0,0,0,0,0,29,0,0,2,7,2,13.678835723539041,0,1,1,1,1,14.681764499775328,0,9.2,0.2,1.17,Enrolled
1,53,5,9003,1,3,144.0,11,36,15,2,14,158.0,0,0,0,1,1,0,18,0,0,7,9,8,18.81410541556826,0,1,8,27,4,18.003726746351038,0,10.2,-0.7,-0.2,Graduate
1,26,1,9468,1,1,132.1,96,43,8,12,25,163.5,0,0,0,1,1,0,59,0,0,6,10,0,0.042895335368989665,0,2,6,2,0,2.475423278001199,0,16.1,-0.6,-3.18,Dropout
1,54,1,6148,1,1,137.6,78,36,36,13,4,152.6,1,0,1,1,0,0,18,0,0,5,11,1,1.7808584107987493,0,3,4,12,0,2.256620094444275,0,11.9,0.9,0.89,Dropout
1,17,1,9924,1,1,126.6,92,7,44,14,42,150.8,0,0,0,1,0,1,18,0,0,8,11,8,18.76462005984563,0,3,6,16,3,17.54273534077717,0,11.4,-0.1,-1.7,Enrolled
1,25,1,6576,1,1,148.1,35,12,17,8,3,163.3,1,0,0,1,1,1,32,0,0,8,17,1,9.610379727870729,0,3,7,11,1,11.875798392407212,0,15.5,0.4,-3.84,Enrolled
1,19,1,9931,1,1,155.0,14,12,7,2,3,150.3,0,0,0,1,0,0,19,0,0,5,8,20,18.8749999924334,0,1,6,27,16,18.571428571428573,1,10.0,0.0,-3.18,Graduate
1,1,1,702,1,2,146.0,15,2,4,4,6,158.7,1,0,0,1,0,0,18,0,0,2,3,0,0.006033020805815719,0,2,3,1,0,0.271080662570799,0,9.2,3.7,3.19,Graduate
1,49,1,9340,1,1,125.2,97,3,10,2,8,148.5,0,0,0,1,0,0,19,0,0,9,10,1,0.10028492383527733,0,9,9,12,1,7.904242527739772,0,13.6,-0.2,-0.86,Enrolled
1,54,1,9052,1,2,124.1,10,41,24,4,1,155.2,1,0,1,1,0,0,33,0,0,6,7,1,1.4960575686375759,0,7,6,4,0,4.641206306041617,0,9.8,-0.8,-0.41,Graduate
1,57,2,9915,1,2,113.3,56,30,12,3,4,156.4,0,0,0,1,0,0,70,0,0,13,17,15,18.87443441600796,0,8,12,33,8,18.571428571428573,0,9.8,1.2,3.04,Graduate
1,4,1,7414,1,1,157.9,77,44,32,21,79,160.8,1,0,0,1,1,0,18,0,0,3,5,0,0.5547769377318762,0,1,3,0,0,0.2705083290868863,0,13.0,0.8,-0.07,Dropout
1,48,1,9914,1,1,118.7,44,37,39,5,16,154.6,1,0,0,1,0,0,28,0,0,9,7,6,18.205109821825143,0,9,10,5,7,18.571428571428573,0,10.6,1.4,2.86,Graduate
1,1,4,8664,1,1,133.6,47,5,11,43,71,148.9,1,0,0,1,0,0,18,0,0,4,5,0,1.2756542760855327,0,1,4,4,0,6.800531281967495,0,10.7,1.6,2.17,Dropout
1,47,1,8183,1,6,145.4,84,25,11,5,16,155.6,1,0,0,0,1,0,18,0,0,2,5,0,0.005967551159997443,0,1,3,0,0,0.8717968342751806,0,11.5,-0.8,-2.25,Enrolled
1,1,1,4954,1,1,144.3,89,43,35,2,10,151.2,0,0,0,1,1,0,19,0,0,3,8,0,0.12348061209009606,0,1,2,1,0,2.43782283577992,0,9.7,3.7,3.38,Enrolled
1,1,5,3807,1,1,134.8,38,1,6,2,1,151.6,1,0,0,1,0,1,18,0,0,8,6,3,9.520953680059147,0,3,7,1,5,17.636234602264942,0,13.0,2.2,1.97,Graduate
1,47,1,9821,1,1,127.6,94,2,7,2,1,151.6,1,0,0,1,1,1,22,0,0,6,4,9,18.863605134452303,0,3,5,13,4,18.297942678417208,0,12.3,1.3,1.56,Enrolled
1,33,3,9303,1,2,134.6,10,42,40,25,16,150.1,1,0,0,1,0,0,19,0,0,10,8,8,17.84993773868975,0,5,10,16,11,18.571428571428573,4,15.0,-0.7,-0.13,Graduate
1,28,1,8749,1,1,139.6,58,40,28,20,28,149.1,0,0,0,1,1,1,18,0,0,7,7,2,3.5318400838665376,0,2,7,1,3,16.32957080107505,0,16.0,-0.4,-1.65,Dropout
1,35,1,7137,1,2,95.0,21,38,16,4,15,156.3,0,0,1,1,0,1,31,0,0,10,12,5,16.27429859859143,0,6,10,6,1,11.949415544325166,0,11.9,3.7,1.18,Dropout
1,2,3,5969,1,1,129.6,32,11,16,4,14,147.9,1,0,0,1,0,0,18,0,0,4,7,1,2.353450499632857,0,2,5,4,2,15.488099975758946,0,9.7,1.5,0.94,Dropout
1,32,1,7842,1,1,125.4,26,39,27,1,0,160.7,1,0,0,1,0,1,22,0,0,2,4,1,1.973730765973549,0,2,3,2,1,10.841444775951798,0,12.3,1.4,-2.97,Graduate
1,52,1,9632,1,3,108.0,56,12,24,13,14,150.5,0,1,0,1,0,1,46,0,0,6,5,0,0.7099316648578434,0,1,6,3,0,7.741970475623645,0,10.6,2.1,2.3,Graduate
1,57,1,9759,1,3,109.3,15,41,2,1,0,147.8,1,0,0,1,0,0,46,0,0,8,11,1,1.8210452134065969,0,7,7,6,1,11.493571608460257,0,10.4,1.8,1.99,Dropout
1,24,1,9590,1,1,128.0,3,1,6,2,5,150.2,1,0,0,1,0,0,18,0,0,9,13,9,18.854006866674005,0,4,8,26,7,18.571428571428573,0,9.3,3.7,0.3,Dropout
2,43,1,8810,0,1,133.9,10,36,44,13,17,157.9,1,0,0,1,0,1,29,0,0,4,6,1,2.1294061036686163,0,1,4,1,0,2.7446079409828545,0,10.8,-0.8,-1.98,Dropout
1,53,2,7999,1,1,137.8,60,4,2,9,22,150.8,1,0,0,1,0,0,33,0,0,6,13,2,4.7384479775182875,0,5,5,7,2,15.55567368876081,0,9.9,1.7,2.52,Dropout
1,52,1,9233,1,2,106.6,2,1,36,1,1,150.5,0,0,0,1,1,0,35,0,0,4,4,0,0.0059664218061127525,0,2,5,1,0,0.01861007449640337,0,13.5,3.7,0.35,Dropout
1,35,1,6382,1,1,143.1,53,31,22,8,2,156.5,1,0,0,1,0,1,18,0,0,8,10,4,13.694412249325127,0,8,9,2,4,17.203398527558033,0,15.7,3.7,-3.6,Graduate
4,38,1,9022,0,2,125.6,105,19,12,17,17,154.4,1,0,0,0,1,0,26,0,0,7,10,1,1.6546093731011602,0,3,7,9,4,17.638934226144812,0,15.9,-0.2,-4.06,Enrolled
1,57,1,9978,0,1,120.9,18,23,5,2,1,157.0,1,0,0,1,0,0,53,0,0,7,10,1,2.6551802647413503,0,3,8,12,1,7.533809560600355,3,9.0,0.8,2.03,Graduate
2,28,1,6202,1,1,132.1,58,3,8,24,23,155.3,0,0,0,1,0,0,23,0,0,4,8,2,10.435952667541057,0,1,5,4,2,15.102429181587059,0,9.1,3.1,3.48,Graduate
1,7,1,4510,1,2,129.1,48,43,19,9,10,151.0,1,0,0,1,0,0,18,0,0,10,10,2,1.9887352693173894,0,8,9,2,2,13.202124845974813,0,11.1,0.6,-2.76,Graduate
1,28,1,7557,1,1,140.6,9,15,44,8,2,163.2,0,0,0,1,0,0,18,0,0,5,5,14,18.87354834736721,0,4,5,2,10,18.571428571428573,0,12.0,1.4,2.65,Graduate
1,33,1,9914,1,1,138.3,23,12,9,17,6,149.2,1,0,0,0,1,1,18,0,0,7,8,3,16.174053237396638,0,1,7,29,5,18.571428571428573,0,13.9,-0.6,-0.08,Dropout
1,17,1,5046,1,1,129.0,53,23,44,7,3,148.1,1,0,0,1,0,0,22,0,0,5,4,0,0.21681796074350712,0,3,5,0,0,2.3613134163989535,0,9.4,2.7,-0.13,Graduate
2,1,1,9316,1,1,124.3,105,5,17,17,10,150.5,1,0,0,1,0,1,26,0,0,7,7,14,18.87412175589474,0,4,6,20,12,18.571428571428573,0,11.3,-0.5,0.57,Enrolled
1,7,3,5954,1,1,150.8,3,3,5,3,11,157.8,0,0,0,1,1,0,18,0,0,6,8,1,8.71907421592151,0,1,5,14,1,9.269436077262712,0,14.2,-0.8,-0.96,Enrolled
1,28,1,7514,1,1,159.6,44,18,2,3,4,155.5,1,0,0,1,0,0,18,0,0,9,18,18,18.874144803603734,0,3,9,33,20,18.571428571428573,0,14.8,-0.4,-3.57,Graduate
1,19,1,9630,1,1,144.6,99,41,44,29,32,153.3,1,0,0,1,0,1,19,0,0,9,11,6,18.300220474074543,0,2,9,14,2,14.115657332805613,0,9.1,3.7,3.29,Graduate
1,57,1,9987,1,4,119.9,50,41,14,3,1,162.6,0,0,0,1,1,0,36,0,0,7,12,5,18.056368654175458,0,2,6,10,9,18.571428571428573,0,9.4,-0.8,-3.18,Dropout
2,26,1,5436,1,1,147.3,96,39,36,6,7,162.5,1,0,0,1,0,0,18,0,0,4,6,1,0.7690671134060697,0,2,4,0,0,2.05771066610918,0,10.3,0.0,1.12,Dropout
1,2,2,9937,1,2,114.8,57,2,27,17,41,154.6,1,0,0,1,1,0,19,0,0,6,9,9,18.86738925728126,0,2,6,25,6,18.571428571428573,1,9.0,1.3,2.96,Graduate
1,1,2,7765,1,1,142.1,55,22,26,4,17,162.1,1,0,0,0,0,0,18,0,0,6,9,11,18.866425765436382,0,2,7,9,3,16.905258414720524,0,11.4,-0.2,3.24,Enrolled
2,1,1,9385,1,1,138.3,12,6,6,11,21,148.5,1,0,0,1,0,1,18,0,0,7,12,17,18.874990349536723,0,3,7,15,17,18.571428571428573,0,10.9,-0.8,-0.45,Dropout
4,3,1,9685,1,1,149.0,37,6,25,11,28,152.8,1,0,0,1,1,0,18,0,0,5,6,2,7.5742276623917935,0,1,6,7,4,17.92483840895687,0,10.0,1.6,1.13,Graduate
1,1,1,8334,1,2,156.2,60,7,6,2,0,163.3,0,1,0,1,0,1,18,0,0,3,3,1,0.37307686534821316,0,1,3,7,1,10.329600930712203,0,15.9,-0.1,-1.2,Graduate
1,5,1,8676,1,1,108.1,45,1,9,18,18,149.5,0,0,1,1,0,0,19,0,0,8,17,9,18.869399973548138,0,3,7,17,5,18.1601618582455,0,9.8,1.5,2.82,Graduate
1,3,1,7520,1,2,150.5,31,44,39,32,68,164.6,1,0,0,1,0,1,28,0,0,8,14,18,18.87497650012725,0,3,9,13,12,18.571428571428573,0,11.1,3.7,-1.09,Graduate
1,57,2,9817,1,3,129.9,6,16,6,12,13,152.2,1,0,0,1,1,1,20,0,0,5,4,5,18.276994672064,0,2,5,13,4,17.623587831659865,0,10.6,0.8,1.97,Enrolled
1,56,1,9903,1,6,117.8,12,12,26,3,9,152.5,0,0,1,1,1,0,40,0,0,13,14,3,6.811685400491019,0,15,11,10,5,17.862732888604093,0,12.8,2.5,-0.2,Graduate
2,2,1,5049,1,1,146.7,12,39,22,9,8,164.4,0,0,0,1,1,1,18,0,0,8,11,7,18.496701239166125,0,2,8,28,8,18.571428571428573,0,12.9,-0.8,-2.33,Graduate
1,1,1,7819,1,1,127.0,9,4,20,2,6,148.8,1,0,0,1,0,0,18,0,0,6,13,19,18.874984897373082,0,1,6,27,20,18.571428571428573,0,10.9,2.6,0.68,Graduate
1,48,1,8206,1,4,145.0,26,33,44,8,9,167.5,0,0,0,1,0,1,20,0,0,4,7,2,11.137500767780832,0,1,4,3,1,10.695018157929566,0,11.0,2.8,0.61,Graduate
1,53,1,9264,1,4,126.7,70,44,44,27,10,155.8,1,0,1,1,0,1,21,0,0,4,4,7,18.827846234389508,0,1,4,12,5,18.5580598105702,0,9.4,3.7,3.32,Dropout
1,41,3,9311,1,6,109.8,69,41,20,10,12,155.9,1,0,1,1,1,0,49,0,0,6,4,8,18.790938403163853,0,2,6,2,12,18.571428571428573,0,13.9,3.6,1.08,Graduate
1,27,1,8072,1,1,116.4,25,43,40,10,9,158.2,1,0,0,1,0,0,28,1,0,7,10,11,18.843986914131246,0,6,6,10,20,18.571428571428573,0,10.9,-0.5,-0.82,Enrolled
1,57,1,9776,0,1,142.9,21,26,43,25,26,161.0,0,0,0,1,0,1,28,0,0,5,6,0,0.008767975258892991,0,3,5,0,1,9.038282397058786,0,9.2,-0.8,-1.99,Enrolled
4,17,5,8640,1,1,116.6,21,42,2,2,0,151.5,1,0,0,1,0,0,19,0,0,3,3,1,9.454472772899122,0,1,3,5,0,4.2531291002390175,0,10.1,-0.2,-1.57,Graduate
1,29,3,6403,1,2,126.8,18,41,8,6,12,154.6,0,0,0,1,1,0,18,0,0,6,5,0,0.032321855957063626,0,4,6,2,1,9.338883182776652,0,11.4,3.2,3.22,Graduate
1,3,2,6996,1,2,129.6,64,4,2,11,16,151.6,1,0,0,0,0,0,18,0,0,5,8,2,10.429447870117171,0,2,6,2,3,17.17637912762828,0,13.1,-0.0,0.53,Dropout
1,47,2,5224,1,1,133.0,33,5,10,19,33,152.1,1,0,0,1,0,0,18,0,0,9,13,10,18.825464449982288,0,2,9,26,12,18.571428571428573,0,9.2,2.1,2.95,Dropout
1,37,1,7480,1,1,162.8,2,1,3,4,2,150.7,1,0,0,1,1,1,18,0,0,5,5,8,18.659280343272783,0,1,5,8,5,18.571428571428573,0,10.1,3.7,1.97,Graduate
1,10,4,9602,1,1,128.8,75,10,42,1,0,147.8,1,0,0,0,1,0,36,0,0,4,5,5,18.225631374704047,0,1,5,5,3,16.36689854296831,0,9.2,1.6,1.19,Graduate
1,49,1,9820,1,1,120.3,13,43,25,17,36,151.5,1,0,0,1,0,0,21,0,0,8,9,2,10.312523546601446,0,1,8,6,0,2.3476646326908805,0,16.1,-0.2,-1.34,Dropout
1,10,4,5240,1,1,148.0,16,25,33,11,30,168.8,1,0,0,1,0,1,18,0,0,7,14,3,10.02127715192669,0,3,7,13,3,16.39451103073351,2,10.1,0.5,0.9,Graduate
1,18,1,9914,1,3,130.0,9,43,5,6,11,162.2,0,0,1,1,0,0,28,0,0,9,11,3,12.217120879169448,0,6,8,16,6,18.571428571428573,0,9.5,-0.6,1.98,Graduate
1,41,1,8270,0,3,133.5,17,33,32,2,1,157.2,0,0,0,1,0,0,18,0,0,6,12,0,0.2597372610224974,0,2,5,6,0,2.428026061345439,0,9.0,-0.4,3.47,Dropout
1,57,1,9937,1,3,149.7,24,42,29,2,2,151.9,0,0,0,1,0,0,30,0,0,6,6,10,18.872278113271935,0,3,7,25,6,18.571428571428573,0,12.9,0.3,0.74,Graduate
1,26,4,9701,1,1,124.4,47,37,42,9,8,148.6,0,0,0,1,0,0,18,0,0,6,7,0,0.12837688123513877,0,3,6,9,1,7.162988078125624,0,9.3,3.3,0.47,Enrolled
1,24,1,9460,1,1,130.8,106,8,13,2,13,153.3,1,0,1,0,1,0,18,0,0,4,2,3,15.274687032004236,0,1,5,8,6,18.571428571428573,0,8.9,-0.6,3.29,Graduate
2,26,3,9796,0,1,118.4,24,9,35,4,6,147.7,1,0,0,1,1,0,18,0,0,4,5,1,1.0637778515968597,0,2,3,1,0,6.535050521916549,0,10.0,-0.8,-3.87,Enrolled
6,39,1,9989,0,8,123.7,26,32,38,12,25,171.1,0,0,0,1,1,0,64,0,0,7,14,7,18.746487165945844,0,2,6,25,4,16.939988854465415,0,12.4,-0.8,-2.87,Dropout
1,22,1,8483,1,1,121.8,38,34,4,1,0,149.3,0,0,0,1,0,0,24,0,0,2,3,4,17.77615122200648,0,1,2,9,1,15.43130122479941,0,9.2,3.7,3.07,Graduate
1,19,1,8094,1,1,152.9,7,39,2,4,3,171.3,0,0,1,1,0,1,18,0,0,10,8,19,18.87497807611563,0,3,10,5,10,18.571428571428573,0,15.6,-0.7,-0.87,Graduate
1,9,1,9804,1,1,116.0,75,12,6,30,12,150.4,0,0,0,1,0,1,30,0,0,7,13,10,18.86095595100205,0,3,8,21,7,18.561385662552553,0,9.9,1.8,-3.28,Dropout
1,6,1,9614,1,1,132.8,37,44,44,16,9,160.2,0,0,1,1,1,1,18,0,0,6,9,7,18.743932149520138,0,1,7,15,11,18.571428571428573,0,13.0,-0.0,0.9,Dropout
2,42,1,9624,1,1,133.2,96,23,22,23,32,158.1,1,0,0,1,0,1,19,0,0,9,10,15,18.873937919148045,0,4,10,18,15,18.571428571428573,0,12.1,2.0,1.23,Graduate
4,3,2,9595,1,1,131.6,56,5,3,1,0,149.2,1,0,0,1,0,0,19,0,0,8,9,7,18.769645722682668,0,1,8,19,6,18.571428571428573,0,9.5,-0.8,0.62,Dropout
1,3,1,7311,1,1,127.9,16,15,35,3,6,151.1,1,0,0,1,0,0,18,0,0,7,9,1,2.589637537412521,0,10,6,5,1,6.8394309952539505,0,11.8,-0.7,-0.04,Graduate
1,46,1,9590,1,1,128.1,46,42,4,1,2,151.7,0,0,0,1,0,0,19,0,0,8,7,5,18.35894206891604,0,2,7,1,2,15.183633422069898,0,13.1,1.1,1.86,Dropout
1,4,1,9380,1,1,133.2,49,3,17,26,47,167.6,0,0,0,1,1,0,35,0,0,4,7,2,13.869106394278859,0,1,3,2,3,18.33579299311129,0,13.9,0.9,0.18,Graduate
2,5,2,9617,1,1,147.4,74,19,11,1,1,155.2,1,0,0,0,0,0,18,0,0,3,2,3,16.210575383767686,0,1,4,4,1,14.402952557651371,0,13.8,-0.7,-2.89,Dropout
1,40,4,8587,1,2,137.7,83,21,4,2,1,168.1,0,0,0,1,1,0,45,1,0,6,6,1,1.0662314671777176,0,8,6,2,1,9.166579562616548,0,9.4,-0.5,-1.32,Dropout
2,1,1,9405,1,3,137.5,6,43,18,6,7,148.9,0,0,0,1,0,0,27,0,0,5,10,4,16.32180409841546,0,1,6,9,3,15.359030580081136,0,12.0,1.5,-2.9,Dropout
1,41,2,8304,1,1,128.8,107,43,44,26,53,155.7,1,0,0,1,0,0,18,0,0,6,12,10,18.871129119356674,0,2,6,19,9,18.571428571428573,0,10.4,2.0,0.52,Graduate
1,52,1,9357,1,1,136.2,39,18,27,6,7,158.4,0,1,0,1,0,0,19,0,0,5,1,1,5.065337043410178,0,1,4,7,2,16.49014302965281,0,14.5,-0.2,-3.19,Graduate
1,1,6,7202,1,1,126.7,3,42,2,8,9,149.6,0,0,0,1,0,0,18,0,0,4,11,7,18.808105847416744,0,1,6,18,2,15.498323105447316,1,10.0,0.9,2.96,Enrolled
4,47,3,8448,1,6,128.9,7,43,44,4,11,162.9,0,0,0,1,1,1,34,0,0,7,9,1,0.7657367144049552,0,3,6,5,1,8.816009547073001,0,11.9,0.9,-1.47,Graduate
1,16,5,7886,1,1,107.7,12,43,6,10,13,150.8,0,0,0,1,1,0,26,0,0,4,5,1,1.0413270349928627,0,1,3,5,0,6.739689503827815,0,10.2,3.7,1.42,Dropout
4,19,1,5929,1,1,115.5,91,1,6,10,10,154.1,0,0,1,1,1,0,53,0,0,8,10,0,0.010776228089825299,0,4,8,2,0,0.4342352437887003,0,14.5,3.4,-0.78,Enrolled
1,8,1,6858,1,1,118.6,106,8,15,16,6,151.0,1,0,0,1,0,1,19,0,0,10,10,17,18.87239295058795,0,6,10,12,20,18.571428571428573,0,14.6,3.0,-3.68,Dropout
1,10,1,8913,1,1,147.4,26,14,2,1,1,154.9,1,0,0,0,0,1,25,0,0,4,3,2,9.946787627392316,0,1,4,1,0,9.677830706770237,0,11.2,1.6,-2.78,Graduate
1,21,3,9614,1,2,145.6,63,16,44,24,31,163.2,0,0,0,1,0,1,18,0,0,6,8,2,9.034262350492604,0,2,6,15,1,9.401396352370575,0,9.4,-0.3,3.26,Graduate
1,10,1,5596,1,2,125.4,35,1,2,1,1,150.9,0,0,0,1,0,0,52,0,0,9,7,1,2.032658005996529,0,5,9,5,0,7.944107856960137,3,14.6,1.8,-2.34,Dropout
1,29,1,5495,1,1,134.7,37,42,12,1,0,146.9,0,0,0,1,0,0,27,0,0,5,5,1,2.868956623118864,0,1,6,2,2,14.721046221289479,0,14.7,-0.2,-3.67,Graduate
2,22,1,9922,1,2,117.3,68,12,3,3,8,156.6,0,0,0,0,1,0,28,0,0,4,6,3,13.015975942590805,0,2,4,11,3,16.414543115375718,0,12.9,-0.1,-1.18,Dropout
2,56,1,9843,1,13,144.8,71,32,32,1,1,165.3,0,0,0,1,0,0,37,0,0,13,16,8,18.40595870727175,0,11,11,31,5,17.98600724861133,0,11.8,0.7,-1.22,Enrolled
1,40,5,8106,1,1,167.5,51,14,44,2,0,149.7,1,0,0,1,0,1,19,0,0,7,14,2,11.144180092336835,0,2,7,10,1,9.543577654345363,0,10.9,-0.8,-1.88,Graduate
1,50,1,9868,0,2,103.8,41,2,3,4,7,151.4,0,0,0,1,0,0,33,0,0,5,7,0,0.007479832062809366,0,4,4,5,0,1.1847907506209168,1,9.6,0.3,-1.9,Enrolled
1,18,1,9076,1,1,124.0,52,44,44,2,4,152.5,1,0,0,1,1,1,20,0,0,8,11,5,17.93670902348267,0,4,7,7,8,18.571428571428573,0,9.4,1.3,0.93,Graduate
1,14,1,6036,1,1,137.9,77,3,2,2,3,161.5,1,0,0,1,0,0,18,0,0,6,12,3,10.173071852433445,0,4,5,4,2,15.495126609869834,0,9.9,-0.8,2.61,Enrolled
1,2,1,7678,1,1,155.5,38,44,32,21,8,158.2,0,0,1,0,1,0,23,0,0,6,7,19,18.87499026622657,0,2,6,12,12,18.571428571428573,0,15.6,-0.1,-1.54,Dropout
2,38,1,9511,1,1,163.5,84,42,18,28,34,150.2,0,0,0,1,0,1,18,0,0,9,4,4,10.866540076674488,0,2,8,4,8,18.571428571428573,0,9.6,-0.5,1.66,Graduate
1,3,3,6314,1,1,119.5,12,35,2,21,25,156.6,1,0,0,1,1,1,18,0,0,5,6,4,14.53839091455245,0,3,5,2,3,16.320688833322915,0,11.3,-0.5,-0.23,Dropout
1,37,1,4946,1,2,129.2,75,41,10,6,2,164.2,1,0,0,1,0,0,18,0,0,5,6,0,0.12188469007315246,0,3,6,4,1,12.41654782166571,0,8.9,3.7,3.5,Dropout
1,5,1,9640,1,1,144.3,12,28,44,13,53,153.6,1,0,0,1,0,1,24,0,0,5,5,6,18.433736317524627,0,1,5,1,8,18.571428571428573,0,10.3,-0.3,2.26,Enrolled
1,50,2,9279,1,2,129.2,46,2,2,6,7,147.8,0,0,0,1,0,0,56,0,0,10,14,6,17.181603780686586,0,10,9,12,2,12.93053052191999,1,12.1,-0.6,-0.47,Graduate
1,4,2,9983,1,1,135.4,8,41,5,17,11,156.5,1,0,0,0,0,0,41,0,0,6,8,17,18.874997806798454,0,6,6,22,11,18.571428571428573,1,9.1,3.7,3.19,Graduate
1,26,1,7918,1,2,117.9,57,2,2,7,3,147.8,1,0,0,1,1,0,37,0,0,6,5,0,0.025878703016183363,0,2,6,1,0,2.5566065997877723,0,10.0,0.5,-0.7,Enrolled
1,57,1,6318,1,3,115.4,44,31,38,3,2,154.3,0,0,0,1,0,1,36,0,0,4,7,0,0.025523052281812626,0,2,4,3,0,1.695715124053938,0,16.1,0.3,-0.4,Graduate
1,55,1,7767,1,8,116.7,35,41,42,4,8,160.7,0,0,0,1,1,0,18,0,0,7,14,6,18.707590098182568,0,3,7,28,4,17.02715074167387,0,12.7,0.0,2.59,Enrolled
2,5,4,8660,1,1,137.8,83,43,9,28,18,162.5,0,0,0,1,1,1,18,0,0,7,7,4,14.775512311197232,0,4,8,8,5,18.571428571428573,0,10.9,3.1,1.96,Dropout
1,56,1,7309,1,2,153.0,66,11,6,2,0,155.3,0,0,1,0,0,0,36,0,0,7,15,4,18.447408528792895,0,3,6,9,0,8.604771768539393,0,9.8,3.7,0.06,Enrolled
1,3,2,9926,1,1,124.4,44,44,44,15,23,155.8,1,0,0,1,0,1,18,0,0,6,8,2,9.62937181521396,0,3,7,12,1,10.500811860216933,0,9.1,2.9,1.7,Dropout
1,1,1,8388,1,1,127.4,61,11,44,9,8,155.6,0,0,0,1,0,0,18,0,0,4,6,3,14.616688824397762,0,1,5,9,1,11.777343530107265,0,10.1,3.6,2.98,Graduate
1,44,6,9879,1,1,109.4,42,3,13,8,19,147.4,1,0,0,1,0,0,19,0,0,11,18,7,18.670647280465587,0,3,10,33,6,18.571428571428573,1,9.9,1.5,2.71,Dropout
1,52,3,8979,1,2,134.2,53,40,2,37,14,161.9,1,0,0,1,0,0,22,0,0,3,9,0,1.1219940184356751,0,2,3,3,0,6.413650595464357,0,11.7,1.2,3.27,Dropout
1,50,2,9939,1,1,129.2,39,16,3,3,4,154.1,1,0,0,0,0,0,18,0,0,11,14,9,18.80783912092219,0,3,11,33,19,18.571428571428573,0,9.0,-0.5,0.46,Dropout
1,4,1,9039,0,1,120.7,70,41,42,7,21,156.4,1,0,0,1,1,0,22,0,0,9,13,13,18.873560611728077,0,7,9,22,11,18.571428571428573,0,11.0,3.5,-0.58,Graduate
1,27,1,9415,1,2,133.0,8,41,10,7,11,156.2,1,0,0,1,0,0,60,0,0,7,10,1,0.816486242049087,0,4,7,4,2,15.308868247340223,0,9.0,-0.8,1.83,Dropout
1,5,4,9835,1,1,109.4,79,24,9,4,5,147.1,1,0,0,1,1,0,19,0,0,8,8,10,18.867552121852267,0,5,8,15,10,18.571428571428573,0,9.1,-0.7,2.75,Graduate
1,54,2,9478,1,1,138.2,83,43,42,13,2,164.4,1,0,0,1,0,1,22,1,0,6,10,12,18.871530697402385,0,4,6,7,5,18.482673008724195,0,12.8,0.7,-0.66,Graduate
1,46,1,9396,1,1,136.8,53,20,39,3,1,167.3,1,0,0,1,0,1,22,0,0,5,8,9,18.81654298696214,0,2,5,24,9,18.571428571428573,0,11.3,-0.6,1.62,Graduate
1,32,4,9954,1,2,136.1,97,16,42,12,18,156.5,1,0,0,1,0,0,30,0,0,9,9,3,9.035778095304964,0,7,8,12,2,15.407122157586853,0,14.1,2.4,0.56,Graduate
1,34,1,9652,1,1,148.8,32,27,2,4,8,162.1,0,0,0,1,1,0,19,0,0,8,15,3,12.591976322908405,0,4,7,26,1,12.310501494409438,0,9.7,-0.6,0.78,Dropout
1,29,1,9362,0,2,145.0,26,3,10,5,6,152.4,1,0,0,0,1,0,18,0,0,8,11,3,15.008410000978873,0,4,8,15,1,13.000179797951537,0,11.5,-0.1,2.45,Enrolled
2,56,1,9953,0,10,129.4,37,15,10,1,0,180.1,0,0,0,1,1,0,56,0,0,8,15,5,18.14446002522001,0,8,7,29,2,15.557775545812238,0,14.8,3.0,-1.54,Graduate
1,1,1,8513,1,1,135.5,81,15,7,5,9,159.6,1,0,0,1,0,0,18,0,0,7,6,4,16.50324602037682,0,1,8,14,2,12.346509496734402,0,13.0,-0.4,0.04,Graduate
1,1,2,9929,1,1,111.0,94,44,44,16,9,149.6,0,0,0,1,0,0,18,0,0,7,6,3,9.951822812254102,0,2,7,4,6,18.571428571428573,0,9.2,0.3,-0.88,Graduate
1,53,1,9802,0,2,148.7,9,9,27,5,7,161.3,1,0,0,0,0,1,32,0,1,16,13,9,18.471087669296008,0,17,14,18,3,13.749179737436968,0,10.2,0.4,-0.89,Graduate
1,45,1,8579,1,1,112.8,95,1,2,5,0,150.1,1,0,1,1,1,0,19,0,0,8,9,3,10.39706016237494,0,7,7,8,1,11.871829771771145,0,9.1,-0.3,2.96,Graduate
1,1,2,7601,1,2,136.7,44,7,28,4,10,157.3,1,0,0,1,1,0,18,0,0,5,7,15,18.87497051231039,0,1,5,13,9,18.571428571428573,0,11.6,-0.5,-4.03,Dropout
1,7,3,7074,1,1,142.1,36,6,2,14,33,161.1,1,0,0,1,1,0,18,0,0,6,5,15,18.87490369377366,0,1,6,13,6,18.571428571428573,0,12.1,3.7,1.91,Graduate
1,35,1,7463,1,1,139.5,61,35,16,22,29,160.1,1,0,0,1,1,0,18,0,0,7,12,1,1.032908829853334,0,2,8,7,2,14.320493756749347,0,13.1,2.5,0.63,Graduate
1,50,1,7816,0,4,115.8,41,43,40,2,30,150.8,1,0,0,1,0,0,19,0,0,8,7,1,0.6356010475971539,0,5,8,3,0,5.39252407980347,0,9.4,3.7,2.52,Graduate
1,6,2,9504,1,1,127.7,30,35,10,5,6,153.6,0,0,0,1,1,0,18,0,0,6,5,3,14.903870620782152,0,9,5,8,6,18.571428571428573,0,9.2,-0.5,0.63,Dropout
1,38,1,8936,1,1,126.5,30,5,2,6,3,147.6,0,0,0,1,1,0,18,0,0,7,16,7,18.591897986753835,0,3,6,21,5,18.571428571428573,0,10.1,3.5,0.17,Enrolled
4,1,1,8397,1,1,138.6,25,10,6,1,0,160.5,0,0,0,1,0,0,20,0,0,1,5,1,7.982475467206048,0,1,1,6,2,15.736203397106754,0,12.0,2.8,-0.72,Graduate
4,57,4,9807,0,2,125.9,13,23,44,2,4,150.6,1,0,1,1,0,0,43,0,0,6,7,2,10.92561808422454,0,3,6,7,3,16.962050511100077,0,13.0,0.3,0.61,Dropout
1,52,5,9535,0,3,151.8,29,14,6,8,8,161.8,1,0,0,1,0,0,18,0,0,8,10,4,14.293910703501547,0,4,8,2,6,18.571428571428573,0,10.8,3.7,2.25,Graduate
1,16,2,4732,1,1,127.9,34,39,28,3,11,151.7,0,0,0,1,1,0,19,0,0,3,1,0,0.4990403231270472,0,1,3,3,4,18.274888251380766,0,11.5,-0.2,-1.46,Graduate
1,1,1,3360,1,1,128.4,27,24,4,2,3,148.4,0,0,0,1,1,0,32,0,0,7,9,5,17.017592627757406,0,8,7,1,3,15.708216490522709,0,11.2,0.6,-1.7,Graduate
1,1,1,3660,1,1,140.6,49,44,37,7,22,151.2,0,0,0,1,0,1,18,0,0,3,0,1,0.9242376734346014,0,1,3,4,2,15.153966071162866,0,9.3,1.1,-2.6,Dropout
1,18,1,9107,1,2,143.8,65,3,11,10,22,155.1,0,0,0,1,0,1,26,0,0,7,14,14,18.8745859821137,0,6,6,22,10,18.571428571428573,0,9.9,3.7,3.39,Graduate
1,5,1,9618,1,1,154.8,18,44,44,44,46,160.9,1,0,0,1,0,0,19,0,0,6,3,11,18.872805026763356,0,1,6,3,4,17.863243865796143,0,12.1,-0.3,-3.15,Graduate
1,3,1,6312,1,1,123.2,2,41,6,4,3,153.1,1,0,0,1,0,0,46,0,0,7,7,1,0.6337588757516528,0,3,7,1,0,5.350885699090069,0,9.3,1.5,2.33,Graduate
1,47,1,7991,1,1,160.1,58,43,40,12,23,152.8,0,0,0,1,0,0,18,0,0,4,2,0,0.029352746024675698,0,1,4,0,0,1.23098992947254,0,12.7,-0.5,-1.57,Dropout
1,41,1,6806,1,1,124.0,47,24,35,5,19,148.3,1,0,0,1,1,0,32,0,0,5,2,5,18.363139307873606,0,2,6,0,3,15.109922870646859,0,12.5,0.7,-0.34,Dropout
1,57,1,8604,1,3,151.2,64,7,38,5,12,172.2,0,0,0,0,0,0,20,0,0,5,9,5,18.50106311215977,0,6,4,6,2,16.436592514262923,0,14.1,-0.0,3.17,Dropout
1,25,2,9836,1,5,112.8,53,14,2,2,2,149.9,1,0,0,1,0,0,18,0,0,6,7,1,0.8369786163642554,0,1,6,11,1,14.196660581820696,0,14.0,-0.6,-1.94,Graduate
1,2,4,4313,1,2,127.0,58,22,31,7,9,155.9,1,0,0,1,0,1,18,0,0,9,5,13,18.87081155794868,0,3,8,9,14,18.571428571428573,0,10.4,-0.2,2.77,Graduate
1,53,1,8174,1,2,144.9,107,34,6,15,8,167.6,1,0,0,1,0,0,27,0,0,10,14,16,18.87399613454244,0,11,9,28,9,18.571428571428573,0,14.8,3.1,-1.77,Dropout
1,38,1,7605,1,2,152.6,54,44,32,2,1,164.5,1,0,0,1,0,0,61,0,0,3,4,0,0.2920080668076688,0,1,4,0,0,7.551460371841127,0,9.0,1.6,2.65,Graduate
1,1,4,8596,1,1,125.6,5,35,44,6,3,149.0,0,0,0,1,0,0,18,0,0,4,8,3,13.972019640535285,0,1,4,15,2,15.087045729288722,0,9.0,-0.1,0.43,Graduate
1,50,1,9803,0,1,134.5,6,5,2,13,18,157.1,0,0,1,1,0,1,35,0,0,9,14,7,18.767452369411235,0,3,8,31,1,10.933177868337037,0,10.2,1.9,1.37,Dropout
1,50,1,8706,1,1,112.9,29,42,44,5,2,152.0,0,0,0,1,1,1,53,0,0,4,5,2,6.205002215582428,0,4,4,5,11,18.571428571428573,0,9.8,3.7,2.38,Dropout
1,25,2,9532,1,1,173.9,28,17,7,5,1,169.1,1,0,0,1,1,1,18,0,0,10,10,5,16.756384461886473,0,3,9,8,8,18.571428571428573,0,12.3,-0.8,-0.45,Graduate
1,10,2,9631,1,1,121.4,99,37,23,20,29,149.9,1,0,1,1,0,0,18,0,0,6,8,6,18.61784073455368,0,2,6,12,4,18.009526764755478,0,11.9,-0.7,-2.22,Graduate
1,2,1,9668,1,1,117.8,48,37,30,1,1,153.4,0,0,0,1,0,0,19,0,0,5,5,1,2.055011640430907,0,1,6,5,1,12.654438342423498,0,12.0,1.8,-0.62,Enrolled
1,1,1,6151,1,1,116.8,9,40,12,11,16,149.4,1,0,0,1,0,1,18,0,0,6,8,7,18.778763932995826,0,5,5,4,5,18.571428571428573,0,9.7,-0.1,2.77,Dropout
1,19,2,9475,1,1,117.0,70,16,6,2,5,149.8,1,0,0,1,1,0,23,0,0,6,11,11,18.855925511864747,0,1,6,33,19,18.571428571428573,0,11.2,-0.2,-0.72,Graduate
1,53,1,9431,1,6,144.0,34,43,7,10,7,161.0,0,0,0,1,0,1,22,0,0,5,4,0,0.005968665534400675,0,4,5,1,0,0.33174090637011555,0,12.6,-0.2,-3.56,Graduate
2,42,1,9953,1,1,135.3,26,34,3,1,0,160.9,1,0,0,1,1,0,22,0,0,7,14,9,18.86459027187517,0,3,9,9,2,10.905093614056772,0,11.0,2.7,2.95,Dropout
1,27,3,9971,1,1,134.5,12,36,24,30,24,156.4,0,0,0,1,1,1,21,0,0,9,8,2,12.38652128912749,0,2,8,8,4,18.32407089565993,0,11.2,0.6,1.24,Graduate
1,1,1,9974,1,1,144.1,10,37,7,13,21,161.4,0,0,0,0,0,0,18,0,0,5,4,0,0.008929515715816889,0,1,7,2,0,6.002846253560405,0,13.6,0.3,-0.66,Dropout
1,37,6,8075,0,2,136.8,11,41,28,18,14,154.5,0,0,0,1,0,1,18,0,0,5,7,10,18.85279533337424,0,1,5,15,5,18.571428571428573,0,14.4,-0.7,-1.7,Graduate
1,1,4,8525,1,1,121.5,15,2,2,5,24,150.0,1,0,0,1,1,1,19,0,0,3,7,6,18.685897611110494,0,1,3,7,6,18.571428571428573,0,10.0,-0.7,0.01,Dropout
2,49,2,9261,0,1,124.8,2,26,16,2,9,151.2,0,0,0,1,1,0,31,0,0,6,6,1,1.6444238311214252,0,5,6,1,0,3.3298794046443523,0,9.5,3.2,-2.63,Graduate
4,14,2,9331,0,1,156.1,10,7,7,15,11,150.2,0,0,0,1,0,0,19,0,0,6,10,3,13.823107857012035,0,1,7,10,1,12.665138789193715,0,12.2,0.0,-0.38,Enrolled
1,6,1,5588,1,1,123.4,80,3,32,4,6,152.8,1,0,0,1,1,0,18,0,0,4,8,8,18.84305739362018,0,1,5,6,5,18.567725419119434,0,13.0,1.7,0.81,Graduate
1,1,1,9825,0,1,125.4,9,21,2,2,3,155.7,0,1,0,1,0,0,18,0,0,6,3,4,14.446097514019899,0,2,5,1,2,13.46380404917988,0,13.3,3.5,1.95,Graduate
1,46,1,7525,1,1,127.2,105,44,40,3,0,152.7,0,0,0,1,0,1,26,0,0,4,9,8,18.855660015022487,0,4,4,20,5,18.571428571428573,0,15.3,-0.1,-1.55,Graduate
1,4,1,8665,1,1,135.5,34,43,6,10,12,156.1,1,0,0,1,0,0,18,0,0,4,4,5,18.083568466359605,0,3,5,1,4,17.97532880209382,0,9.2,-0.8,2.54,Graduate
1,38,1,7832,1,1,134.2,82,44,11,3,8,155.2,1,0,0,1,0,1,47,0,0,8,9,2,4.2495182752723535,0,2,8,15,2,16.35750824389577,0,11.1,-0.2,-1.39,Dropout
1,49,1,8939,1,3,127.4,2,36,44,20,6,154.1,0,0,0,1,1,0,21,0,0,6,7,4,15.756382273620678,0,3,6,6,2,13.23790816475743,0,10.6,3.3,2.01,Dropout
1,55,1,8634,1,1,108.6,10,44,32,2,13,162.1,0,0,0,1,1,0,26,0,0,5,8,0,0.19891590704416506,0,5,5,2,0,2.3433830961199846,0,10.0,0.5,0.9,Graduate
1,21,4,9410,1,1,131.4,40,9,44,18,16,151.7,0,0,0,1,1,1,18,0,0,6,8,1,1.5878334854826597,0,1,6,9,1,12.11691722687125,0,11.4,-0.3,-3.49,Dropout
1,11,1,9439,1,1,105.3,31,29,3,8,14,157.8,0,0,0,1,1,0,41,0,0,6,7,1,1.0537925641172086,0,2,7,2,0,1.9110284543647165,0,10.1,0.9,-2.51,Graduate
1,38,1,9509,1,1,127.1,16,40,9,2,0,157.3,1,0,0,1,0,0,18,0,0,8,16,2,3.750481920228025,0,6,8,6,1,11.851413112156362,0,8.9,0.4,2.1,Enrolled
2,18,1,7307,1,1,116.8,23,14,3,15,15,154.5,0,0,1,1,0,1,31,0,0,6,6,1,6.904002834493219,0,2,6,15,1,14.060435382249375,0,12.7,3.7,3.17,Enrolled
1,1,6,6990,1,2,126.5,91,15,24,34,22,153.1,1,0,0,1,0,1,48,0,0,3,4,5,18.647893329827056,0,1,3,3,1,11.923577016957998,0,15.4,-0.2,2.79,Enrolled
1,5,2,4005,1,1,126.8,99,13,3,5,10,159.7,0,0,0,1,1,1,29,1,0,6,9,2,6.605863172629671,0,2,6,12,3,15.157968170757455,0,15.4,0.2,-0.02,Graduate
4,47,1,9102,0,2,116.6,31,43,36,3,1,151.1,1,0,0,1,0,0,20,0,0,7,8,1,0.9594627688540028,0,3,8,3,1,6.281609964705151,0,13.9,-0.4,-3.28,Dropout
1,6,6,7443,1,1,136.7,97,9,3,11,21,146.5,0,0,0,1,0,0,18,0,0,3,4,0,2.0755261000611003,0,1,4,11,1,13.278068512549272,0,11.6,-0.7,2.59,Graduate
1,48,1,4173,1,2,148.1,76,40,2,2,15,164.5,1,0,0,1,1,0,21,0,0,7,6,2,2.427105676019618,0,12,6,1,2,13.76036108042338,0,15.4,-0.6,-0.77,Dropout
1,1,1,8476,1,1,135.3,69,1,2,3,4,153.3,1,0,0,1,0,1,19,0,0,6,1,1,0.5020002421728661,0,1,6,1,0,2.915602327350359,0,13.0,-0.5,1.52,Graduate
1,2,2,7491,1,1,142.9,67,1,2,3,2,166.4,1,0,1,1,0,1,18,0,0,5,7,12,18.874862789964965,0,1,5,9,4,17.958445349816497,0,9.0,-0.6,0.1,Dropout
1,57,1,4474,1,1,132.0,54,37,15,1,6,163.6,0,0,0,1,1,0,45,0,0,5,7,0,0.40312852670380156,0,4,6,2,0,5.658577586673806,0,11.5,2.1,-0.94,Enrolled
1,9,3,9646,0,2,129.3,3,28,40,3,16,158.7,0,0,0,1,0,0,57,0,0,4,6,0,0.006265781017313589,0,2,5,0,0,0.18190250239101144,0,15.0,-0.0,-2.68,Enrolled
1,2,1,4614,1,1,136.2,50,39,24,2,5,159.9,0,0,0,0,1,0,22,0,0,1,3,1,2.6536096454572307,0,1,2,2,1,14.169595709949936,0,10.8,-0.6,-2.15,Graduate
1,2,1,4413,1,1,164.7,35,25,10,6,22,156.2,1,0,0,1,0,1,20,0,0,1,0,0,0.19927886849904938,0,1,1,0,0,8.28875843649656,0,14.6,-0.8,-3.45,Graduate
1,39,1,7340,1,2,130.2,25,23,33,11,10,156.3,1,0,0,1,1,1,22,0,0,5,5,0,0.07695402395789633,0,2,4,3,0,2.646943797872452,0,12.8,0.5,-3.16,Graduate
1,1,5,9650,1,1,144.0,6,4,3,10,29,158.0,1,0,0,1,0,0,18,0,0,6,4,0,0.07334657791763578,0,3,6,1,1,11.438980665765543,0,9.7,1.9,3.23,Dropout
1,14,1,9768,1,1,119.0,45,44,44,23,23,153.0,1,0,0,1,1,1,19,0,0,5,5,1,7.557876223427542,0,1,6,4,1,12.837048708584803,0,9.0,2.7,2.46,Graduate
4,57,3,9974,1,1,123.7,66,2,2,2,5,168.0,1,0,0,1,1,0,21,0,0,8,11,10,18.868713924375903,0,1,9,33,9,18.571428571428573,0,9.4,-0.4,3.34,Dropout
1,42,2,6484,1,2,106.4,75,32,12,21,17,177.4,1,0,1,0,0,0,40,0,0,7,12,14,18.874826702056037,0,5,8,12,6,18.571428571428573,0,10.1,2.8,3.1,Enrolled
1,55,4,7012,1,1,142.2,16,39,2,22,11,156.8,1,0,0,1,1,0,30,0,0,8,6,2,5.384435378775634,0,5,7,1,1,11.482864031460343,0,12.1,3.7,-3.49,Dropout
1,1,1,7306,1,1,123.6,19,42,17,3,1,151.9,0,0,0,1,0,1,29,0,0,6,7,0,0.1107900251263184,0,2,7,0,0,0.9694430886827677,0,12.6,0.6,2.4,Enrolled
1,22,1,9055,1,1,125.4,11,11,13,2,3,147.9,0,0,0,1,0,1,18,0,0,7,10,9,18.858662983856245,0,1,7,11,8,18.571428571428573,0,15.1,2.3,-1.6,Enrolled
1,34,1,9226,1,2,134.3,66,1,5,77,67,153.7,0,0,0,1,0,0,35,0,0,7,14,1,3.928731661846699,0,5,6,9,0,2.6995305492296926,0,11.1,3.7,2.17,Dropout
1,28,1,9697,1,2,134.9,8,44,18,2,1,158.8,0,0,0,1,0,0,52,0,0,11,14,4,12.219385500785583,0,7,10,11,2,12.862661278065879,0,9.3,-0.1,2.67,Enrolled
1,51,1,9505,0,2,130.1,23,40,44,13,15,152.9,0,0,0,1,0,0,18,0,0,5,14,7,18.825875681787746,0,1,6,33,9,18.571428571428573,1,11.6,2.3,-1.18,Graduate
1,7,1,9660,1,1,113.5,3,44,19,3,3,162.5,1,0,0,1,0,0,18,0,0,7,15,13,18.87169250319475,0,5,6,27,8,18.571428571428573,0,11.2,-0.8,-1.9,Graduate
1,13,1,9193,1,1,153.4,40,28,2,3,1,158.0,0,0,0,1,0,1,18,0,0,6,8,4,13.806713597804997,0,3,6,13,7,18.571428571428573,0,14.3,0.4,-2.16,Graduate
1,31,5,5721,1,1,136.0,77,40,42,5,10,153.3,0,0,0,1,0,0,19,0,0,3,7,1,5.035945409258926,0,1,3,1,0,6.025780807515383,0,10.4,-0.8,2.22,Dropout
1,41,1,9915,1,1,109.8,52,13,44,1,0,157.4,1,0,0,1,0,0,23,0,0,8,11,6,18.318727164991138,0,8,8,11,1,8.385943114989521,0,16.0,-0.8,-3.7,Graduate
1,50,1,9661,0,1,103.5,18,44,42,15,23,152.7,1,0,0,1,0,0,31,0,0,9,7,0,0.007331536221479479,0,7,9,1,2,12.15655999085107,0,11.3,-0.8,-0.92,Graduate
1,24,1,8392,0,1,125.0,71,21,7,5,21,157.8,1,0,0,1,0,1,21,0,0,6,7,9,18.688871692581674,0,3,7,2,10,18.571428571428573,0,9.4,0.4,2.6,Graduate
1,10,1,7262,1,2,144.3,80,1,2,3,3,161.1,1,0,0,1,1,0,24,0,0,9,10,2,4.646348183561861,0,9,9,4,3,16.82639337589907,0,11.2,-0.6,-0.99,Graduate
1,42,1,9656,1,6,146.5,44,37,44,7,15,152.5,1,0,0,1,0,0,46,0,0,5,9,0,0.4607630656465416,0,3,4,4,0,0.9025616522610445,0,13.0,0.3,-3.95,Graduate
1,35,1,5815,1,1,128.2,35,34,27,4,8,155.4,0,0,1,1,1,0,18,0,0,8,11,4,13.280660585542082,0,7,7,0,8,18.571428571428573,0,9.2,1.5,3.25,Dropout
1,48,1,7423,1,1,137.1,72,44,34,3,19,153.4,1,0,0,1,1,1,18,0,0,5,4,1,0.43797215283838403,0,2,4,1,1,10.935565733870158,0,10.0,2.1,1.28,Enrolled
1,36,1,9771,0,1,132.7,4,44,16,2,1,150.5,1,0,0,1,0,0,18,0,0,6,5,2,11.973924612221428,0,2,5,9,1,12.438829597118673,0,14.7,3.3,-2.11,Graduate
1,57,1,8063,1,1,113.4,49,30,2,1,0,155.8,0,0,0,1,0,0,25,0,0,8,11,2,10.986744492647576,0,4,9,9,0,4.746482691204421,0,15.9,3.4,-0.43,Dropout
1,47,1,7096,1,6,126.1,14,6,22,8,12,170.3,1,0,0,1,1,0,18,0,0,8,15,10,18.852557527710598,0,4,8,31,15,18.571428571428573,0,12.4,-0.7,0.29,Dropout
1,21,1,9913,1,1,134.7,42,38,7,2,1,153.1,1,0,0,1,0,0,18,0,0,12,16,8,18.77857092671727,0,8,11,17,8,18.571428571428573,0,9.1,0.9,2.19,Dropout
1,2,1,7915,1,1,151.8,64,44,42,19,7,157.6,0,0,0,1,0,0,19,0,0,6,10,1,1.2723930262262566,0,3,5,4,1,9.388977190083738,0,15.7,1.4,-3.97,Graduate
1,56,1,9519,0,1,141.9,7,42,10,4,5,158.3,0,0,0,1,0,1,60,0,0,7,14,6,18.72117813517616,0,2,6,30,3,16.452994273049697,0,13.5,3.7,-1.44,Graduate
1,38,1,9344,1,1,122.0,39,42,39,16,26,150.5,1,0,0,1,0,1,19,0,0,11,11,1,1.6079229464469804,0,6,11,10,1,5.246557262650884,0,12.2,1.9,2.12,Enrolled
1,1,2,8679,1,1,151.5,20,5,26,2,2,159.3,1,0,0,1,0,1,18,0,0,7,6,13,18.86896151996235,0,4,7,16,10,18.571428571428573,0,10.4,1.7,-0.67,Graduate
1,48,5,9989,1,1,111.0,106,7,11,4,11,147.0,0,0,0,1,0,1,20,0,0,7,10,25,18.8749999953324,0,3,8,24,20,18.571428571428573,0,10.7,-0.8,1.37,Graduate
1,37,1,9460,1,1,117.4,46,1,24,17,3,152.9,1,0,0,1,1,1,18,0,0,3,8,2,14.880307785590832,0,1,3,6,3,17.035410774737727,3,10.0,1.8,1.06,Enrolled
1,40,1,9249,1,2,132.5,57,40,44,7,6,156.6,0,0,0,1,0,1,18,0,0,9,16,16,18.874982306688036,0,11,8,14,15,18.571428571428573,0,9.8,1.7,3.07,Graduate
1,13,5,9769,0,1,146.7,36,22,44,17,16,158.7,0,0,0,1,1,1,26,0,0,8,13,11,18.848935711321353,0,4,8,9,4,16.66438078142555,0,14.9,2.2,0.24,Graduate
1,1,1,9488,1,1,139.3,66,1,2,3,11,151.9,0,0,0,1,0,0,18,0,0,11,10,3,9.870456493602283,0,4,11,23,3,16.276442338957956,0,10.4,0.4,0.81,Enrolled
4,29,1,8141,1,1,134.3,72,44,23,1,0,156.4,1,0,0,0,0,0,26,0,0,7,4,0,0.015248012070416605,0,11,7,1,0,0.9946782950282538,1,11.6,3.6,-3.66,Dropout
1,57,1,9931,1,3,142.0,30,37,35,11,17,155.5,0,0,0,1,0,0,33,0,0,7,10,4,18.556767607832697,0,3,8,19,1,15.212245302999099,0,13.8,-0.7,-1.35,Dropout
1,4,1,6153,1,1,120.4,48,29,6,2,9,154.5,1,0,0,0,1,0,18,0,0,5,2,14,18.873946461998063,0,1,5,5,15,18.571428571428573,0,13.5,3.7,-1.5,Graduate
1,1,1,9304,1,1,127.4,25,3,2,9,31,148.4,1,0,0,1,0,0,19,0,0,7,12,4,17.65412960054775,0,2,6,15,3,15.574805772651885,0,9.1,2.0,0.23,Graduate
1,9,1,6468,1,1,147.1,4,21,11,3,1,159.7,0,0,0,1,1,1,18,0,0,3,8,12,18.87483807287746,0,1,2,21,12,18.571428571428573,0,12.6,-0.6,-3.11,Graduate
1,38,1,7265,1,2,156.4,7,30,23,4,9,151.9,0,0,0,0,0,0,18,0,0,6,6,1,3.06075387824659,0,1,6,5,0,9.36484537752151,0,10.6,2.7,-2.34,Dropout
1,6,2,9073,1,1,120.8,5,4,42,7,11,157.5,1,0,0,1,1,1,18,0,0,7,10,14,18.87250821710846,0,2,7,15,17,18.571428571428573,0,14.9,-0.4,-4.06,Enrolled
1,40,1,9783,1,1,137.9,61,5,3,3,16,170.7,0,0,0,1,0,1,23,0,0,12,13,10,18.741716402388434,0,10,10,15,12,18.571428571428573,0,12.8,0.2,-1.86,Graduate
1,1,1,5334,1,2,131.4,22,1,12,3,3,151.1,1,0,0,1,0,1,19,0,0,9,14,26,18.874999999999986,0,5,8,33,20,18.571428571428573,0,12.0,1.2,1.04,Graduate
1,24,3,8378,1,1,124.4,38,39,44,5,9,154.4,1,0,1,0,1,0,24,0,0,5,6,1,3.622831246697429,0,1,5,9,1,10.473793515482368,0,11.2,1.0,0.94,Graduate
1,4,1,8464,1,1,119.5,9,15,7,5,2,147.4,1,0,0,1,1,0,18,0,0,9,10,6,17.808794043374736,0,5,10,26,4,17.13433709375566,1,10.9,-0.8,2.18,Dropout
1,40,1,9899,1,1,152.2,6,44,44,18,50,157.9,1,0,0,1,1,0,20,0,0,4,2,0,0.07327178517945096,0,1,5,15,0,8.80283941287123,0,10.3,-0.6,-2.35,Enrolled
1,12,5,9291,1,1,137.7,80,21,28,3,3,152.0,0,0,0,1,0,0,18,0,0,12,18,12,18.68407228547072,0,8,11,27,17,18.571428571428573,0,9.0,0.2,-1.01,Graduate
1,57,5,7872,1,7,108.2,3,25,3,3,24,148.2,1,0,0,1,1,0,36,0,0,7,7,0,0.006027058979920196,0,2,7,5,0,1.2530583141638596,0,10.2,-0.6,-0.59,Graduate
1,21,1,9617,1,1,153.9,97,37,44,1,2,157.6,1,0,1,1,1,0,19,1,0,7,5,1,3.225550342644373,0,3,7,0,1,12.840311772918279,0,9.4,-0.5,1.17,Graduate
1,51,1,9942,1,4,114.6,4,2,4,18,28,148.1,0,0,0,1,0,0,31,0,0,5,14,2,5.960023746389113,0,1,6,21,1,12.719977662737952,0,12.3,3.7,2.17,Enrolled
1,21,1,8315,1,1,141.1,25,12,31,10,15,150.3,1,0,0,1,1,0,18,0,0,6,12,10,18.858207947683375,0,4,6,12,3,15.172576645006359,0,9.7,1.1,-1.92,Graduate
1,1,1,9506,1,1,142.8,43,14,39,3,8,147.7,1,0,0,1,0,1,18,0,0,7,6,1,0.19980822222444786,0,1,6,12,6,18.571428571428573,0,10.5,-0.3,1.23,Graduate
1,56,1,7570,1,1,113.7,62,39,43,5,11,150.7,1,0,0,0,1,0,21,0,0,6,4,0,0.05845154329303143,0,3,6,1,0,6.1564358118907005,1,11.8,-0.7,1.69,Graduate
1,2,1,9379,1,1,122.9,78,41,40,3,1,169.0,1,0,0,0,1,0,18,0,0,4,3,12,18.873586339610092,0,1,4,5,6,18.571428571428573,0,9.9,3.7,3.47,Graduate
1,2,1,9396,1,1,119.6,26,42,22,57,123,149.3,1,0,0,1,1,1,19,0,0,5,6,6,18.117618242196425,0,2,5,1,5,18.417926262584317,0,12.2,-0.5,0.47,Graduate
1,56,1,5605,1,2,134.8,85,14,19,8,18,157.7,0,0,0,1,0,1,18,0,0,3,4,0,0.22987571274500093,0,2,4,1,1,11.844299038378239,0,9.8,2.2,0.7,Graduate
1,6,2,9853,1,1,119.5,2,20,21,5,1,152.7,1,0,0,1,1,0,18,0,0,7,7,4,14.953237796731903,0,2,7,14,2,13.290709046970619,0,14.9,-0.6,-3.49,Graduate
1,1,1,8192,1,1,139.7,40,1,16,13,20,154.6,1,0,0,1,0,0,24,0,0,6,6,0,0.11092296093465656,0,8,6,4,0,8.439418789113232,3,12.4,-0.8,1.38,Dropout
1,25,1,5698,0,1,131.5,52,28,17,2,16,159.9,0,0,1,1,0,0,20,0,0,6,4,0,0.0065770320794873985,0,5,5,0,0,1.4302990494087413,0,11.0,3.7,2.81,Graduate
2,16,1,7313,1,2,130.4,18,28,16,3,3,152.0,1,0,0,0,0,0,18,0,0,8,17,2,7.007886176540187,0,4,8,16,3,14.605179265101516,0,9.8,-0.6,-2.37,Graduate
1,29,1,8600,1,2,137.6,64,43,32,7,35,155.9,0,0,0,1,0,1,18,0,0,4,7,7,18.805192763045152,0,2,5,7,7,18.571428571428573,12,14.8,-0.8,-2.14,Graduate
1,39,1,9978,1,1,145.6,49,26,8,15,5,153.6,1,0,0,1,0,0,18,0,0,6,4,2,5.333016533122252,0,1,8,2,1,13.738994516442585,0,15.3,1.0,0.18,Dropout
1,8,2,4194,1,1,115.2,75,4,2,3,7,155.4,1,0,0,1,0,1,18,0,0,7,10,10,18.87101107335343,0,2,5,22,7,18.571428571428573,0,9.8,1.5,2.63,Enrolled
1,14,1,9948,1,1,111.3,47,44,15,5,0,156.5,0,0,0,1,0,0,23,0,0,6,9,1,1.1018568416893728,0,2,6,8,0,5.716681461480634,0,9.3,-0.1,-2.96,Graduate
1,12,1,9184,1,1,133.9,44,22,35,31,32,147.3,0,0,1,1,0,1,32,0,0,6,14,5,18.29163564655792,0,2,5,21,1,10.831719578917898,0,11.4,-0.3,-0.35,Enrolled
1,15,2,8982,0,1,135.1,25,8,25,1,2,158.2,1,0,0,1,0,0,19,0,0,7,6,2,6.345640212744235,0,3,7,15,8,18.571428571428573,0,15.1,1.6,-2.78,Graduate
1,7,1,8265,1,1,176.4,11,32,34,21,8,171.5,1,0,0,1,0,1,35,0,0,5,9,1,1.6034736375493337,0,5,4,1,3,15.724177586552106,0,11.7,1.9,-3.37,Graduate
1,36,1,5645,1,3,151.9,26,5,3,2,1,148.3,0,0,0,1,0,0,47,0,0,6,7,5,16.86018136942691,0,2,7,5,2,13.29440182920178,0,15.9,-0.4,-0.46,Graduate
1,29,6,9894,1,1,126.7,68,17,41,9,1,150.4,1,0,0,1,0,0,18,0,0,6,14,8,18.77288431118891,0,4,7,25,8,18.571428571428573,0,9.2,0.3,1.79,Graduate
1,1,3,5162,1,1,132.3,39,1,33,7,11,153.0,1,0,0,1,1,0,18,0,0,5,7,1,2.4288780382783135,0,2,4,2,1,11.058650655630318,0,10.7,-0.8,0.01,Dropout
1,45,4,9662,1,2,114.2,3,2,17,42,46,161.8,1,0,0,1,0,0,33,0,0,7,9,24,18.874999988327104,0,3,8,17,16,18.571428571428573,0,10.8,0.2,3.48,Graduate
1,1,1,3780,1,2,142.4,17,18,44,9,11,173.2,1,0,0,0,0,0,21,0,0,5,4,1,0.5974014210195981,0,5,5,0,0,4.463487749770259,3,9.4,0.5,1.92,Graduate
1,5,1,6160,1,3,149.6,52,29,3,10,8,167.7,0,1,0,0,0,0,24,0,0,7,9,2,9.959894658581502,0,9,8,6,1,8.594955105347829,0,9.6,-0.5,2.49,Graduate
1,48,1,8907,1,1,165.8,64,28,4,2,1,154.0,0,0,0,1,0,1,18,0,0,10,12,2,9.247036207994723,0,4,10,19,3,16.584702620947446,3,13.7,-0.7,-0.65,Graduate
1,40,1,9716,1,1,123.0,7,32,23,1,1,155.7,1,0,0,1,0,0,18,0,0,7,8,6,18.767356947126224,0,2,8,13,3,17.49755384881261,0,9.9,-0.7,-0.7,Dropout
2,57,1,9676,0,12,150.9,83,16,12,1,1,167.6,1,0,0,0,1,0,49,0,0,5,10,0,0.08981804325742654,0,2,6,2,0,2.2060742592753986,0,15.6,-0.7,-2.79,Dropout
1,18,1,7023,1,3,134.9,34,31,4,2,0,154.9,1,0,0,1,0,0,19,0,0,7,11,2,9.994045737840779,0,4,6,7,1,13.574079758575573,0,13.9,-0.5,-1.73,Enrolled
1,1,1,7603,1,1,135.6,45,41,37,2,0,155.5,0,0,0,1,0,0,19,0,0,4,8,1,7.576794501759041,0,2,4,5,0,3.086400244170186,0,8.9,0.7,-1.08,Graduate
1,1,3,5665,1,1,118.7,46,39,11,2,2,150.1,1,0,0,1,0,0,18,0,0,6,14,19,18.87499668490493,0,2,7,17,20,18.571428571428573,0,13.4,0.0,1.29,Graduate
1,46,4,9901,1,1,109.7,4,13,44,1,0,149.9,1,0,0,1,1,0,32,0,0,7,12,1,0.7004420042382759,0,6,7,8,1,15.111996770086598,0,9.8,-0.3,0.98,Enrolled
1,7,4,8402,1,2,170.5,79,26,20,37,32,162.2,1,0,0,1,1,0,18,0,0,9,12,8,18.685703122157136,0,2,9,27,9,18.571428571428573,4,9.6,1.1,-0.45,Graduate
1,57,1,8938,1,1,127.3,4,11,20,6,13,149.0,1,0,0,1,0,0,47,0,0,9,12,4,13.73091712542315,0,10,8,11,4,16.999532752395393,0,10.1,2.4,1.75,Graduate
2,55,1,6053,1,3,128.2,14,35,7,4,6,149.3,1,0,0,0,0,0,18,0,0,6,7,1,0.5816211779486404,0,11,7,4,6,18.571428571428573,0,10.4,0.2,0.37,Dropout
1,53,1,7993,1,1,144.5,38,39,2,3,9,156.6,0,0,0,1,0,0,18,0,0,3,5,8,18.861137065582778,0,1,4,7,8,18.571428571428573,0,14.0,3.7,0.91,Graduate
1,47,2,8653,1,1,135.0,56,34,2,6,1,161.9,0,0,0,0,1,1,30,0,0,11,13,8,18.55602285665402,0,6,11,16,4,16.563269656849425,0,15.8,-0.6,0.18,Graduate
1,55,2,9978,1,1,145.3,4,44,44,2,5,153.0,0,0,0,1,0,1,18,0,0,9,11,6,18.403570861849065,0,1,9,19,14,18.571428571428573,0,12.6,-0.1,-1.7,Graduate
1,5,1,8799,1,1,129.9,65,39,44,11,17,148.9,1,0,0,1,0,1,22,0,0,8,11,1,1.1667791315331786,0,3,8,3,0,4.155009078933,0,10.3,0.4,0.28,Dropout
1,10,1,9785,1,1,122.4,54,43,29,7,9,153.4,0,0,0,1,1,0,47,0,0,4,6,1,1.430091701913405,0,1,3,10,1,13.533412429857773,0,10.0,-0.1,0.95,Dropout
1,57,2,8235,1,3,155.4,10,1,6,3,2,153.4,1,0,0,1,0,0,19,0,0,6,11,0,0.1928180456912916,0,5,6,6,1,11.739578912502825,0,14.8,-0.5,-3.05,Dropout
1,57,1,9493,1,2,134.6,96,40,13,10,3,154.8,0,0,1,0,0,1,22,0,0,11,14,13,18.872933546360112,0,7,10,33,6,18.49606684265063,0,14.7,1.1,0.61,Dropout
1,46,1,9270,1,2,147.5,30,19,24,1,1,160.6,1,0,0,1,1,0,27,0,0,7,11,0,0.009504520449482084,0,7,6,2,0,4.021655979036109,0,13.6,1.6,-2.33,Dropout
1,41,2,9453,1,1,144.2,12,29,25,2,3,162.3,1,0,1,1,1,0,39,0,0,7,10,4,14.582663870863815,0,9,6,2,3,15.844621272584893,0,12.8,2.2,-0.91,Dropout
1,1,3,7332,1,1,153.7,49,25,2,3,1,160.9,0,0,0,1,1,1,18,0,0,5,5,16,18.874971007705238,0,1,5,7,5,18.319046781718733,0,11.6,1.0,-0.85,Graduate
1,13,1,9793,1,1,143.4,59,37,22,1,1,149.8,0,0,0,1,0,1,18,0,0,9,11,14,18.87480241244827,0,4,8,9,11,18.571428571428573,0,9.4,-0.0,2.97,Graduate
2,32,1,5729,1,1,129.0,2,13,13,4,6,157.6,1,0,0,1,1,0,19,0,0,6,8,1,4.056819335603513,0,2,5,10,0,8.271748288044119,0,10.1,2.7,2.73,Enrolled
1,45,1,4198,1,1,146.3,13,1,3,4,8,169.3,1,0,1,1,0,0,28,0,0,5,11,5,17.443919823889313,0,6,6,2,2,11.312700608780604,0,11.3,-0.6,1.89,Graduate
1,4,1,9722,1,1,109.1,36,43,23,1,2,149.1,0,0,1,1,0,1,25,0,0,3,8,6,18.793224164005395,0,1,3,2,3,16.75790111819654,1,11.3,-0.8,-2.67,Graduate
1,9,6,9567,0,1,131.9,3,27,7,2,4,152.9,0,0,0,1,0,0,18,0,0,8,10,4,13.947155003073304,0,8,8,7,2,13.790399556358203,0,14.4,0.2,-3.92,Dropout
1,2,1,9073,1,2,117.7,44,33,3,6,13,153.1,1,0,0,1,1,0,19,0,0,7,8,4,14.24448486121074,0,3,8,9,1,12.378021573199026,0,10.7,0.8,-2.02,Dropout
1,55,1,6831,1,1,133.4,95,12,17,2,2,174.7,1,0,0,1,1,0,32,0,0,5,6,3,15.451448373985839,0,2,5,4,1,11.43096032707255,0,10.0,0.8,1.21,Enrolled
1,1,1,8733,1,2,134.9,91,38,11,4,13,168.3,1,0,0,1,1,0,18,0,0,5,10,15,18.874949183022725,0,1,6,20,12,18.571428571428573,0,15.0,0.3,-0.54,Graduate
1,40,1,9179,1,1,135.0,4,36,10,1,1,160.4,1,0,0,1,0,0,18,0,0,6,7,1,1.9998507778928614,0,1,7,2,1,11.325334666718856,0,9.3,1.8,2.28,Graduate
1,5,1,7428,1,2,140.9,50,44,2,8,22,149.8,1,0,0,1,1,0,18,0,0,6,7,4,17.328647722774424,0,1,6,11,4,17.8981590156471,0,13.9,0.1,-2.51,Graduate
2,45,1,6115,1,1,145.3,73,44,18,13,8,163.5,1,0,0,1,0,0,19,0,0,7,14,3,14.521009518707572,0,2,6,2,2,14.732759240178506,0,9.1,2.1,2.3,Enrolled
1,49,2,6629,1,2,136.2,2,42,25,1,6,153.0,0,0,0,0,0,0,26,0,0,8,11,3,10.60321452081725,0,6,7,16,11,18.571428571428573,0,15.6,1.2,-3.19,Dropout
1,8,1,6402,1,1,136.6,34,32,44,6,13,158.9,1,0,1,1,0,0,19,0,0,4,7,1,2.1898524708576557,0,4,5,1,0,3.258765602319942,0,14.1,1.1,-2.79,Dropout
1,8,1,9854,1,1,157.5,83,1,4,12,20,162.8,1,0,0,1,0,1,19,0,0,7,10,3,12.553310462847568,0,2,6,4,3,17.34773959118398,0,11.7,-0.6,1.78,Graduate
1,54,6,8509,1,1,143.1,14,40,37,4,5,154.9,1,0,0,1,1,0,18,0,0,6,9,12,18.874498491227737,0,2,6,17,16,18.571428571428573,0,9.4,1.3,3.27,Graduate
1,6,1,9201,1,4,140.4,5,9,44,8,1,152.2,0,0,0,1,0,0,25,0,0,9,13,11,18.868811093674946,0,7,9,23,5,18.571428571428573,0,11.0,-0.1,1.41,Enrolled
1,33,1,9961,1,1,138.8,66,43,41,10,6,150.6,0,0,0,0,1,0,25,0,0,8,15,4,17.919559614547786,0,2,8,9,1,12.461693455985813,0,9.5,-0.1,-3.59,Enrolled
1,57,2,6954,1,1,131.9,103,2,17,2,1,168.1,1,0,0,1,1,0,22,0,0,5,9,14,18.87497234820112,0,1,5,24,5,18.427085342314825,0,11.5,-0.5,-2.87,Graduate
2,22,1,9990,1,1,152.5,29,44,32,5,8,160.8,1,0,0,1,1,0,35,0,0,6,5,8,18.855663753056323,0,1,7,14,6,18.571428571428573,0,11.5,0.3,-3.84,Graduate
1,1,6,8166,1,1,133.0,30,9,9,3,8,152.2,1,0,0,1,1,0,18,0,0,5,11,5,18.37797868666958,0,4,5,16,5,18.450884871661355,3,12.9,2.0,-2.06,Dropout
1,53,6,9383,1,3,151.7,62,24,2,4,7,174.7,1,0,0,1,0,1,18,0,0,5,5,4,16.904618704062774,0,2,6,8,2,14.747818739481689,0,10.6,1.7,3.38,Graduate
1,12,2,7052,1,1,134.7,42,42,35,16,16,157.9,1,0,0,1,0,1,18,0,0,5,7,2,9.12317287386009,0,2,5,2,1,12.548326925983625,0,10.9,1.4,0.18,Dropout
1,6,1,2238,1,11,130.7,34,7,11,11,20,166.9,0,0,0,0,1,1,29,0,0,8,11,5,18.310721758215987,0,8,7,6,1,10.695650364229781,0,9.0,2.2,3.28,Dropout
1,39,1,6781,1,5,140.4,46,4,2,8,2,167.1,1,0,1,1,0,0,18,0,0,2,2,0,0.5080436633846137,0,2,2,2,0,5.7376314936126285,0,13.6,-0.1,-0.67,Graduate
1,45,1,8552,1,2,139.8,86,39,8,2,5,160.4,0,0,0,1,0,1,26,1,0,6,7,1,3.2385254091238154,0,4,5,3,1,11.011712264672038,0,14.2,-0.4,-3.92,Enrolled
1,9,3,8991,0,1,134.7,7,7,2,22,36,159.6,1,0,0,1,0,0,19,0,0,4,5,1,2.501016460819922,0,2,6,2,1,10.90377364760957,0,15.4,-0.3,-2.41,Graduate
1,42,1,6733,1,2,134.2,16,1,2,1,16,174.8,1,0,0,1,0,1,18,0,0,3,6,1,5.0358046505108875,0,1,4,2,0,8.681112120595364,0,11.3,1.9,1.91,Graduate
1,11,1,7203,1,1,144.1,60,21,15,13,20,164.6,1,0,0,1,0,0,25,0,0,2,8,13,18.87467634769585,0,1,2,10,8,18.571428571428573,0,10.7,3.7,-2.41,Dropout
1,39,1,8952,1,5,141.4,10,5,2,2,7,151.1,0,0,0,1,0,0,18,0,0,6,10,0,0.1224959656266994,0,5,5,4,1,11.029829851505056,0,11.9,0.5,0.93,Dropout
1,19,1,9933,1,1,146.8,84,3,42,1,0,160.2,1,0,0,1,0,0,24,0,0,8,14,11,18.868739425533168,0,1,9,22,10,18.571428571428573,0,12.6,-0.6,-2.51,Dropout
1,15,3,6068,1,1,133.8,73,22,19,36,28,163.0,1,0,0,1,1,1,21,0,0,6,2,0,0.006003051919438618,0,3,7,0,0,0.27332070701856853,0,13.5,3.7,0.87,Enrolled
1,22,1,8084,1,1,129.3,36,44,43,10,3,158.9,1,0,0,1,0,1,18,0,0,4,6,7,18.727320615123517,0,2,4,4,4,17.66688683382226,0,13.7,1.0,1.0,Graduate
2,5,1,8427,1,1,140.8,25,42,16,5,1,163.4,0,0,0,1,0,0,18,0,0,2,6,0,0.6903120608857329,0,1,1,8,0,3.4442599381157146,0,13.4,2.9,-1.58,Enrolled
1,28,1,8687,0,4,156.9,31,41,25,11,41,168.8,0,0,0,1,1,0,19,0,0,5,1,0,0.006014323054352801,0,1,5,1,0,2.7594323341990474,0,11.8,0.2,0.56,Graduate
1,47,1,9789,0,1,134.3,70,1,19,3,9,157.4,0,0,0,1,0,0,31,0,0,8,11,1,4.66016418597708,0,5,6,0,1,10.57590993879485,0,10.1,-0.2,-1.81,Dropout
1,2,1,9514,1,1,126.6,43,44,17,8,12,156.9,1,0,0,1,0,0,18,0,0,9,14,16,18.87497607722402,0,4,8,33,19,18.571428571428573,0,10.0,2.1,2.68,Graduate
1,17,2,8280,1,2,123.2,9,36,3,5,8,161.3,1,0,0,0,1,1,18,0,0,6,6,7,18.74858166949584,0,1,5,12,5,18.571428571428573,0,9.4,3.1,3.27,Enrolled
1,14,2,1391,1,1,122.5,35,33,2,4,5,173.8,1,0,0,1,0,0,18,0,0,3,11,0,0.01586021724049538,0,1,3,2,0,1.074250276189945,0,10.9,1.9,-1.13,Graduate
1,57,1,9556,1,1,134.1,76,35,24,6,11,160.2,0,0,0,1,0,0,19,0,0,9,14,16,18.87485230948309,0,9,9,17,16,18.571428571428573,0,14.3,0.4,0.82,Graduate
1,17,1,9668,1,2,134.1,52,10,3,6,3,152.8,1,0,0,1,0,0,21,0,0,10,15,12,18.856869929897023,0,4,9,26,7,18.571428571428573,0,9.3,0.3,0.59,Graduate
1,25,1,2225,1,5,166.7,77,41,2,8,7,167.2,1,0,0,1,0,0,18,1,0,4,3,1,4.811131258730714,0,2,3,2,0,7.420813117624954,0,13.3,-0.4,0.86,Enrolled
1,10,1,9199,1,1,149.0,85,44,14,8,7,150.9,1,0,0,1,1,1,28,0,0,7,11,7,18.567583735546506,0,3,7,16,2,14.188765901248123,0,11.5,-0.8,3.33,Graduate
1,2,1,8142,1,1,124.7,25,13,11,6,1,154.9,1,0,0,1,1,0,19,0,0,4,9,4,15.59503517177144,0,3,3,6,2,13.950628695295203,0,12.0,-0.4,-1.42,Graduate
1,55,1,8725,1,4,128.6,8,34,42,33,48,155.5,0,0,0,1,0,1,18,0,0,6,5,6,17.67079451566679,0,1,6,19,5,18.44236784973809,0,13.4,-0.8,-0.01,Graduate
1,41,1,8446,1,1,114.2,54,13,7,9,9,160.5,0,0,0,1,0,0,18,0,0,9,13,9,18.833657843572016,0,3,9,26,9,18.571428571428573,3,15.2,-0.8,-4.03,Graduate
1,43,2,9172,0,6,146.9,8,31,2,5,4,165.9,0,0,0,1,0,0,18,0,0,7,6,6,17.957154014018677,0,2,8,2,10,18.571428571428573,0,16.2,-0.4,-3.28,Graduate
1,1,1,6857,1,1,146.2,88,9,36,8,19,173.7,0,0,0,1,1,1,18,0,0,8,8,9,18.654503125179406,0,4,8,3,20,18.571428571428573,0,9.7,-0.7,0.49,Graduate
1,1,3,9792,1,1,140.9,21,4,39,28,28,153.0,0,0,0,1,0,0,18,0,0,7,10,16,18.874981607583837,0,1,8,12,12,18.571428571428573,0,14.4,2.6,0.58,Dropout
1,1,1,8466,1,1,134.3,2,32,14,5,7,153.2,0,0,0,1,0,0,23,0,0,5,9,14,18.874833219273537,0,2,4,14,11,18.571428571428573,0,8.9,2.8,1.89,Graduate
1,1,1,9736,1,1,132.3,19,14,43,8,13,151.3,0,0,0,1,1,1,18,0,0,5,10,4,16.22406249124949,0,2,5,16,12,18.571428571428573,0,10.3,3.2,3.06,Enrolled
1,46,3,9318,1,1,138.9,101,22,14,1,0,159.4,1,0,1,0,1,0,19,0,0,2,3,0,0.006032363799040272,0,1,4,2,0,1.065479414326154,0,10.3,-0.8,0.32,Enrolled
1,24,3,8625,1,1,138.8,84,3,2,7,11,153.3,0,0,0,0,0,0,18,1,0,4,7,4,15.702553264757167,0,1,5,19,3,16.72322923629963,0,11.8,-0.7,-0.9,Dropout
1,10,1,6227,1,2,139.2,7,6,8,13,5,158.6,1,0,0,0,1,1,18,0,0,2,2,0,0.9012634048494453,0,1,4,0,3,16.474016349560017,0,16.0,3.7,-2.94,Graduate
1,2,1,8021,1,1,126.7,79,43,43,2,19,149.0,1,0,1,1,0,0,19,0,0,7,7,0,0.006575937778532975,0,7,6,1,0,4.0656851631047175,0,11.6,1.5,3.21,Dropout
1,23,2,7304,1,1,142.0,66,5,2,1,0,158.9,1,0,0,1,0,0,18,0,0,5,2,1,1.7668796816962273,0,1,5,1,0,5.689045648198085,0,15.6,-0.8,-4.05,Graduate
1,1,3,8168,1,2,145.1,30,12,7,5,4,159.3,0,0,0,1,1,0,20,0,0,6,16,4,17.403413965693243,0,4,6,4,0,6.298786776764598,0,12.2,-0.3,-1.15,Graduate
1,10,2,8950,1,1,125.9,16,43,44,3,0,161.1,1,0,0,1,0,1,37,0,0,7,9,3,13.176480178027784,0,1,8,3,1,11.77712473926377,0,10.5,-0.1,-1.22,Dropout
1,1,1,7470,0,1,141.9,5,1,20,8,25,149.1,1,0,0,1,1,0,18,0,0,3,7,1,3.1794548000329548,0,2,3,2,0,4.449618495457176,0,12.3,0.5,0.95,Graduate
1,47,2,9869,0,1,121.5,6,44,43,4,3,159.1,0,0,0,0,0,0,48,0,0,4,7,0,0.0326759393839163,0,10,4,2,1,10.148415916018154,0,9.7,1.8,0.66,Enrolled
1,24,1,9082,1,1,121.0,11,32,44,5,2,148.6,1,0,0,1,1,0,21,0,0,3,4,2,9.527115169429752,0,1,4,1,0,7.9772480964657415,0,10.5,1.0,0.25,Graduate
1,52,1,6135,1,1,161.4,34,7,18,4,1,156.7,1,0,0,1,0,1,19,0,0,4,6,0,0.024556471312006882,0,3,4,4,1,8.634482475946992,0,10.4,0.7,2.42,Dropout
1,57,3,8064,1,6,149.8,75,44,4,31,42,155.7,1,0,0,1,0,0,62,0,0,8,9,0,0.0969204396876436,0,2,9,2,1,11.080924283423327,0,11.3,-0.8,1.62,Enrolled
1,10,4,8556,1,3,148.6,25,17,42,2,4,153.3,0,0,0,1,0,1,19,0,0,9,23,14,18.874697217972557,0,6,10,33,10,18.571428571428573,0,13.1,-0.7,0.16,Graduate
1,2,1,6388,1,1,138.9,11,21,35,4,3,151.0,1,0,0,1,1,1,18,0,0,3,7,12,18.873072551866212,0,1,3,8,7,18.571428571428573,0,11.1,-0.8,-1.4,Dropout
1,9,3,9827,1,1,134.8,86,22,3,2,1,158.2,0,0,0,1,1,0,38,0,0,6,12,18,18.874968437390173,0,3,6,11,17,18.571428571428573,0,10.3,0.7,0.96,Dropout
1,1,1,8215,1,1,132.7,2,34,44,1,0,147.8,0,0,0,1,1,0,19,0,0,4,10,8,18.857087408486823,0,4,4,16,3,17.36901178292232,0,9.3,-0.2,2.78,Dropout
2,36,1,9982,0,1,126.1,27,23,44,4,16,170.0,0,0,0,1,1,0,31,0,0,8,13,4,16.74517880574979,0,2,7,30,4,17.810011130348673,0,12.9,2.0,-2.29,Dropout
2,25,1,9694,0,1,129.2,21,2,2,1,0,156.9,1,0,0,1,0,1,21,0,0,11,9,17,18.870023775795037,0,8,10,16,20,18.571428571428573,0,12.9,-0.8,-1.56,Graduate
1,25,1,6279,1,1,134.6,18,42,3,12,11,154.0,0,0,0,1,0,1,24,0,0,7,6,0,0.0062584338972905525,0,7,6,1,0,4.53180667141701,0,12.2,1.7,-3.64,Dropout
1,6,1,5738,1,1,131.4,35,1,2,4,6,152.6,1,0,0,0,1,0,19,0,0,5,5,0,0.04675547381583506,0,4,5,0,0,1.9236358625531718,0,13.9,0.7,-0.14,Graduate
1,24,1,5570,1,3,112.7,2,29,29,18,29,152.9,0,0,0,1,0,1,38,0,0,2,4,0,0.6222609499227533,0,1,3,2,0,2.5703448476100417,0,12.7,3.1,1.86,Graduate
1,3,1,6438,1,1,120.8,15,25,2,3,2,151.8,0,0,0,1,1,0,18,0,0,6,4,2,7.646141661072363,0,1,7,1,0,3.037832424464348,0,9.5,1.7,-1.14,Graduate
1,1,1,5747,1,1,137.1,49,4,9,3,2,147.1,1,0,0,1,0,1,19,0,0,6,9,4,15.522999992463756,0,3,5,7,1,13.783776289116851,0,10.1,2.6,1.24,Enrolled
1,1,1,8625,1,1,133.5,14,33,6,5,8,151.4,0,0,0,0,1,0,30,0,0,5,10,1,2.0024110894394673,0,2,6,13,2,16.27120233182025,0,13.1,0.8,0.14,Dropout
2,57,3,8794,1,1,147.0,98,22,3,49,36,171.9,1,0,0,1,1,0,34,0,0,2,3,2,14.694377881628936,0,1,3,4,2,15.884284604917674,0,10.8,0.8,-0.41,Enrolled
4,13,1,9568,1,1,124.1,44,33,2,15,7,155.8,0,0,0,1,1,1,42,0,0,9,9,6,17.52076448653882,0,6,9,15,6,18.289653069367837,0,10.4,0.2,2.99,Dropout
1,7,1,9010,1,1,119.4,45,17,2,12,3,150.8,0,0,0,1,0,0,37,0,0,10,12,8,18.716870715591224,0,4,9,27,7,18.571428571428573,0,12.0,-0.7,0.86,Graduate
1,55,1,9095,1,1,142.0,38,9,2,18,39,153.7,0,0,0,1,0,1,19,0,0,6,10,1,2.829291496219401,0,3,8,7,0,5.194556653325792,0,13.6,-0.1,2.88,Dropout
1,18,1,3315,1,1,136.8,86,12,4,7,29,163.4,1,0,0,1,0,0,18,0,0,4,4,1,1.2056567339033257,0,2,4,0,1,11.028356750026935,0,12.2,0.0,3.15,Dropout
1,45,1,9209,0,3,128.1,68,36,12,6,4,150.6,0,0,0,1,0,0,58,0,0,8,5,4,16.603889420469432,0,8,8,8,4,17.20697454583358,0,12.7,1.1,0.86,Graduate
1,57,1,9326,0,1,141.8,100,44,38,3,7,158.3,1,0,0,1,1,1,25,0,0,8,9,1,0.22873226997562124,0,3,6,10,0,1.888705058284237,0,13.3,-0.3,-0.28,Dropout
1,1,1,9737,1,2,124.5,54,24,14,7,12,152.7,1,0,0,1,0,0,24,0,0,10,12,24,18.87499997305563,0,9,9,28,20,18.571428571428573,0,9.7,0.6,1.41,Graduate
1,13,1,6166,1,1,134.7,59,43,42,18,4,174.8,1,0,0,1,0,1,18,0,0,5,11,6,18.606265357795156,0,1,5,10,5,18.571428571428573,0,10.8,0.3,2.37,Graduate
1,1,2,7106,1,1,153.2,31,13,27,30,25,157.1,1,0,0,1,0,0,18,0,0,4,5,3,16.74290827078567,0,1,5,1,2,17.449968573815514,0,15.2,2.9,2.46,Graduate
1,40,1,5324,1,3,153.1,71,1,2,2,4,172.9,1,0,0,1,1,0,20,0,0,8,13,15,18.87498534323065,0,4,9,23,5,18.571428571428573,0,16.1,2.9,-3.62,Dropout
1,13,1,9831,1,1,127.4,55,17,2,5,7,153.8,0,0,0,1,1,0,25,0,0,5,7,6,18.80480916001247,0,1,6,14,6,18.571428571428573,0,9.3,-0.4,0.76,Enrolled
1,1,6,4939,1,1,122.2,64,1,37,1,1,150.1,1,0,0,1,0,0,18,0,0,6,6,17,18.874862094155983,0,3,8,6,19,18.571428571428573,0,9.2,1.0,3.34,Dropout
1,13,6,6990,0,2,145.6,3,10,34,15,18,157.4,0,0,0,1,1,1,18,0,0,3,8,6,18.305435192246282,0,1,3,10,12,18.571428571428573,0,9.7,-0.5,0.99,Graduate
1,54,1,6845,1,3,127.3,30,35,4,17,16,167.2,1,0,0,1,1,0,18,0,0,2,6,2,14.073325237471167,0,1,2,4,2,16.621495324959213,0,11.0,-0.6,2.92,Dropout
2,6,4,9411,1,1,133.7,59,34,2,14,12,150.6,1,0,0,1,0,0,20,0,0,6,5,3,14.722440504205418,0,4,6,7,1,9.359576224809263,0,9.6,1.6,-1.47,Graduate
1,2,1,8618,1,1,136.1,43,25,37,2,7,166.7,1,0,0,1,0,0,25,0,0,6,6,1,0.7733780240790895,0,3,5,1,1,11.002695959378332,0,11.5,0.0,0.37,Graduate
1,6,1,6402,1,1,138.3,57,2,7,13,15,157.4,0,0,0,1,1,0,18,0,0,6,5,1,0.6414295241575622,0,2,6,3,0,6.591651436342299,0,10.7,-0.3,0.55,Graduate
1,8,1,9279,0,1,130.8,62,35,3,3,3,151.1,1,0,0,1,0,0,30,0,0,2,1,0,0.055597139952445716,0,1,2,1,0,4.985214842527241,0,10.7,-0.4,1.42,Dropout
1,11,1,7626,1,1,122.1,92,41,31,1,6,156.4,1,0,0,1,0,1,18,0,0,6,4,2,2.9616229854383307,0,4,6,10,2,12.875875288091951,0,13.5,0.7,0.05,Graduate
1,29,2,8989,1,1,122.8,48,44,12,11,14,155.1,1,0,0,1,1,0,20,0,0,8,7,0,0.11737552449073078,0,4,8,4,1,9.134250128657682,0,14.4,-0.7,-1.9,Graduate
1,2,2,5207,1,4,119.4,16,1,2,17,37,152.7,1,0,0,1,0,0,18,0,0,7,4,6,17.505529898337898,0,4,7,1,6,18.152486185870664,0,14.1,0.8,-1.43,Graduate
1,36,1,9678,1,3,161.3,62,2,4,9,19,173.4,0,0,0,1,1,0,18,0,0,6,4,1,6.289368664535429,0,3,6,4,1,11.15666563017997,0,10.0,-0.8,2.03,Dropout
1,3,1,9586,1,1,119.4,104,12,3,7,10,155.1,1,0,0,1,1,0,19,0,0,5,5,3,15.74742661157709,0,2,5,4,1,10.308459144542198,0,9.2,0.8,3.49,Dropout
1,1,1,7730,1,1,150.0,97,27,42,12,26,169.7,1,0,0,1,1,1,18,0,0,6,1,5,17.27928858665132,0,2,6,5,4,17.61413602995169,0,10.2,-0.7,-1.08,Graduate
1,53,1,8880,1,1,136.1,6,40,9,14,25,158.7,0,0,0,1,0,0,22,0,0,10,8,4,15.972149885858888,0,8,9,3,1,9.13602401003843,0,15.2,1.5,2.41,Dropout
1,15,4,7382,1,1,132.0,99,27,6,31,48,158.3,0,0,0,1,1,0,18,0,0,6,6,4,16.05442646446564,0,3,6,3,1,12.166390779453879,0,9.1,0.1,3.16,Enrolled
1,13,4,9297,1,1,142.4,7,44,44,9,0,155.2,1,0,0,1,1,1,18,0,0,10,12,8,18.62972562565273,0,7,10,10,5,17.582721470218974,0,14.7,1.2,-4.06,Graduate
1,13,1,7949,1,1,123.0,97,32,3,6,21,152.7,1,0,0,1,0,1,18,0,0,8,11,4,16.456949614640834,0,2,7,5,4,17.34276822752296,0,10.0,-0.3,-0.61,Graduate
1,34,1,9684,1,4,125.4,85,40,17,1,0,162.9,0,0,0,1,0,0,27,0,0,6,6,0,0.018517440672729365,0,4,6,2,0,1.3191106091048237,0,8.9,0.1,3.47,Dropout
1,54,1,9724,1,1,116.1,71,10,44,2,2,148.9,0,0,0,1,0,1,29,0,0,7,13,3,11.69773478603305,0,3,7,15,0,5.303747751785726,0,11.1,-0.8,0.99,Enrolled
1,18,2,7975,1,4,135.7,76,30,21,2,3,155.5,1,0,0,1,0,0,18,0,0,2,0,0,0.006434180759888552,0,1,2,0,0,0.6193134034800291,0,10.8,-0.3,0.69,Graduate
1,5,2,9594,1,1,134.6,32,36,6,4,16,149.5,1,0,0,1,0,0,18,0,0,11,15,4,15.731526627656121,0,4,11,11,2,14.489799825674268,0,10.5,-0.8,0.7,Dropout
1,57,4,9794,1,16,123.0,2,30,42,5,7,154.9,0,0,0,1,1,1,30,0,0,5,10,10,18.868391722462047,0,6,5,15,2,14.447578156871955,0,9.1,-0.2,3.1,Graduate
1,30,1,9814,1,1,116.3,92,2,6,21,25,151.3,1,0,0,1,0,0,18,0,0,6,1,2,10.126805833836217,0,2,7,2,2,13.479000627561001,0,9.1,0.8,2.13,Graduate
1,19,1,9841,1,1,134.3,69,12,2,4,11,149.9,1,0,0,1,0,1,18,0,0,8,8,22,18.874999912812303,0,1,7,12,15,18.571428571428573,0,9.3,0.8,2.31,Graduate
1,3,1,4616,1,1,119.0,82,3,15,9,11,155.1,0,0,0,1,0,0,18,0,0,4,6,12,18.87354925710248,0,1,4,3,8,18.571428571428573,0,10.4,1.1,2.68,Graduate
1,3,5,9913,1,1,122.7,67,44,44,15,8,151.4,1,1,0,0,0,1,28,0,0,8,10,7,18.70070328254128,0,2,8,10,5,18.571428571428573,0,9.2,-0.7,-0.38,Enrolled
1,26,2,5642,1,2,135.0,88,42,11,6,3,156.3,1,0,0,1,0,1,18,0,0,9,13,7,17.92742288143138,0,3,9,8,4,16.575141222108037,0,15.9,0.0,-2.35,Graduate
1,38,1,5162,1,13,134.8,39,43,26,23,24,160.7,0,0,0,0,1,0,50,0,0,7,11,0,0.12070393796801585,0,8,5,4,0,2.030247621943259,8,9.8,-0.8,0.71,Dropout
1,5,1,8767,1,2,147.0,36,39,28,4,1,151.5,1,0,0,1,0,0,19,0,0,7,9,13,18.873846613012475,0,6,7,7,20,18.571428571428573,0,11.2,-0.7,-3.41,Graduate
1,49,2,9089,0,1,140.1,8,5,26,16,23,150.7,1,0,0,1,0,0,19,0,0,9,13,5,16.47590256671559,0,4,9,17,4,17.414200231011975,0,13.0,2.2,-3.19,Graduate
2,4,1,8573,0,1,117.4,92,8,7,3,6,148.9,0,0,0,1,0,1,18,0,0,10,12,15,18.873517627143613,0,6,10,30,9,18.571428571428573,0,11.7,-0.1,-0.29,Enrolled
1,3,1,8825,1,1,121.5,4,19,8,2,0,154.9,0,0,0,1,0,0,20,0,0,9,11,6,17.5363104595184,0,10,8,16,7,18.472118042114335,1,11.7,-0.8,-3.57,Dropout
1,38,1,9978,0,1,123.2,2,43,44,41,39,163.9,0,0,1,1,1,0,42,0,0,4,7,0,0.2882966392429893,0,1,5,5,0,4.0864473316533925,0,15.9,1.4,-1.13,Dropout
1,1,1,3195,1,1,128.4,101,12,31,5,15,150.8,0,0,0,0,0,0,19,0,0,5,6,3,11.014206619997418,0,2,5,0,0,7.778500598923544,0,11.5,2.3,-0.8,Enrolled
1,10,2,9985,1,2,132.7,39,22,40,4,5,167.0,0,0,0,1,1,0,20,0,0,6,5,6,18.67495702125258,0,1,7,9,4,18.45301969593662,1,11.1,3.7,-0.22,Graduate
1,2,1,7928,1,1,124.4,61,7,5,4,3,154.5,0,0,1,1,0,0,21,0,0,2,7,1,7.610303619400996,0,1,2,14,0,4.793553263177093,2,9.9,-0.5,2.69,Dropout
1,49,1,8488,1,1,117.9,63,38,34,8,4,157.6,1,0,1,1,0,0,18,0,0,3,5,1,6.54879401340779,0,1,2,7,1,9.307745979007302,0,10.2,-0.0,-2.09,Graduate
1,49,1,9090,0,1,165.6,45,39,13,4,1,153.3,1,0,0,1,1,0,20,0,0,5,2,1,2.5070396346351536,0,1,5,1,2,14.680127063639416,0,10.0,2.7,1.93,Graduate
1,1,6,7271,1,1,119.8,10,28,43,5,8,146.6,1,0,0,1,0,0,18,0,0,2,1,1,2.574725974206685,0,1,2,0,0,6.128244607432315,0,8.9,0.6,3.15,Graduate
1,55,2,8839,1,2,142.0,27,21,19,4,9,159.0,1,0,0,1,0,1,22,1,0,8,9,5,17.053351797068643,0,5,6,10,5,18.534459143397513,1,9.6,-0.6,-0.96,Dropout
1,1,2,9973,0,1,131.4,21,43,44,2,3,152.1,1,0,0,1,0,1,19,0,0,9,15,10,18.8604253044489,0,3,11,24,8,18.571428571428573,0,16.0,-0.5,-4.06,Graduate
1,2,1,8609,1,1,131.7,45,33,11,11,8,166.1,1,0,0,1,1,1,18,0,0,8,8,2,7.164626092312739,0,3,8,5,4,18.21839906283308,0,9.3,-0.6,-0.1,Dropout
1,20,1,9943,1,1,150.3,10,43,39,4,1,173.7,0,0,0,1,0,0,19,0,0,7,6,0,0.007180461001798795,0,1,7,2,1,8.251669973010404,0,15.0,2.5,-3.98,Graduate
1,51,2,7585,1,3,117.7,74,39,5,3,18,154.2,1,0,0,1,1,0,21,0,0,8,11,4,16.027404195764476,0,2,8,12,8,18.571428571428573,0,12.7,-0.3,-1.33,Graduate
1,23,1,9610,1,1,128.6,35,18,11,4,11,155.5,1,0,0,1,0,0,46,0,0,7,10,6,17.52527984662061,0,3,7,6,3,14.433074038919159,0,10.1,1.6,1.92,Dropout
1,50,4,4813,1,1,120.2,58,6,17,9,5,168.5,1,0,0,1,1,0,53,0,0,5,7,4,12.600951085712586,0,7,5,9,4,17.052495502901806,0,14.0,3.7,1.95,Dropout
1,23,1,8993,1,1,126.7,39,40,6,4,5,163.6,0,0,1,1,1,0,18,0,0,5,10,0,0.4766130178011769,0,4,4,6,0,0.8429109497318527,0,9.9,-0.8,2.91,Dropout
1,3,1,8799,1,1,136.4,22,30,2,9,15,160.9,1,0,0,1,0,0,18,0,0,10,11,10,18.850496054076114,0,8,9,13,6,18.31951801258676,3,12.5,0.5,0.81,Dropout
1,2,2,8939,1,2,140.7,40,7,3,24,33,156.4,1,0,0,1,1,1,18,0,0,6,4,2,4.663999224376662,0,1,6,1,3,15.0030385544174,0,12.9,-0.4,-1.23,Graduate
2,36,1,7926,1,1,132.7,102,44,44,5,3,155.8,1,0,0,0,0,1,19,0,0,4,6,1,2.3401319323050447,0,1,4,10,1,9.757621907604253,0,10.3,-0.2,-0.19,Dropout
1,6,1,9894,1,1,127.8,51,2,2,4,6,160.5,1,0,0,1,0,0,18,0,0,5,5,22,18.874999979143162,0,1,5,9,17,18.571428571428573,0,11.4,2.4,1.43,Dropout
1,36,3,9774,1,8,100.8,40,31,2,3,13,150.7,0,0,0,1,1,0,34,0,0,8,14,8,18.858534072652034,0,3,8,14,2,15.267497909278063,0,10.6,1.4,0.69,Enrolled
1,2,1,8795,1,1,132.7,61,18,14,1,4,151.0,0,0,0,1,0,0,19,0,0,6,7,3,13.49324344958784,0,2,6,4,5,18.571428571428573,0,12.7,-0.3,-2.38,Dropout
1,39,1,7751,0,1,137.7,73,32,2,16,38,155.2,0,0,0,1,0,1,22,0,0,8,8,3,12.862735180178031,0,6,7,1,1,10.814529295300337,0,10.0,0.7,3.28,Dropout
1,51,1,8073,1,1,132.4,30,34,44,4,0,169.7,0,0,0,1,1,0,30,0,0,4,8,1,0.7300112773825077,0,3,4,1,0,4.711716951378289,0,15.1,1.1,-2.63,Enrolled
1,45,2,5312,1,1,119.8,39,13,2,1,0,157.7,0,0,0,1,0,0,19,0,0,9,12,10,18.685116481175587,0,6,7,6,7,18.281908642036086,0,10.0,1.2,2.73,Graduate
2,40,1,9130,0,1,144.0,46,19,16,7,7,173.8,0,0,0,1,0,0,18,0,0,6,6,0,0.010391341513674202,0,1,6,1,0,0.21327394857552884,0,14.6,1.9,-3.79,Graduate
2,43,1,8124,1,1,109.8,4,23,44,1,4,150.0,1,0,0,1,1,1,23,0,0,7,6,9,18.757454752797116,0,4,7,7,10,18.571428571428573,0,9.0,1.2,2.27,Graduate
2,5,2,7946,1,1,99.6,7,43,27,8,8,147.6,0,0,0,1,0,0,18,0,0,5,4,1,3.236608595914788,0,7,6,0,2,14.19318385120752,0,9.1,1.6,-1.38,Graduate
1,57,3,5499,1,1,124.6,61,30,2,4,10,158.0,1,1,1,1,0,0,27,0,0,8,7,0,0.03150314049083336,0,9,7,1,0,4.7369479015404705,0,9.4,1.0,0.32,Enrolled
2,38,1,9824,0,1,154.0,15,44,44,32,35,165.5,1,0,0,1,0,0,24,0,0,5,9,5,18.375412858122015,0,1,5,18,3,18.1379791066892,0,9.4,2.0,2.84,Enrolled
2,14,2,9181,1,1,136.8,9,29,3,7,19,151.7,1,0,0,1,0,0,18,0,0,6,8,2,8.200297251295824,0,1,6,14,1,13.485714772961101,0,8.9,3.7,3.49,Dropout
1,57,1,8760,1,7,126.0,24,3,18,1,3,165.6,0,0,0,1,0,1,35,0,0,8,16,12,18.87442757234739,0,7,8,16,3,17.173198039157967,1,9.5,-0.8,2.14,Enrolled
1,53,1,8532,1,5,135.1,5,17,15,4,11,163.0,0,0,1,1,1,0,20,0,0,8,10,1,0.2244534167717767,0,3,8,3,1,11.688202218203685,0,11.9,1.4,-0.39,Dropout
1,13,1,9256,1,1,141.1,7,34,35,26,36,155.0,0,0,0,1,0,0,18,0,0,5,3,0,0.01327873010117377,0,1,5,1,0,5.251569703341436,0,10.6,3.0,0.64,Graduate
1,7,2,3782,1,1,136.6,76,8,39,20,35,152.4,0,0,0,1,0,1,18,1,0,2,0,0,0.3534573261951689,0,1,3,0,0,6.932748750766854,0,13.7,2.6,-1.15,Dropout
1,10,1,9979,1,2,109.0,87,44,35,3,2,157.0,0,0,0,1,0,0,20,0,0,10,14,8,18.523391124562043,0,3,8,14,8,18.571428571428573,0,11.3,1.0,-1.82,Graduate
1,40,1,9896,1,2,127.3,96,5,16,10,5,155.6,0,0,0,1,0,1,18,0,0,4,5,3,15.443376008114637,0,1,4,2,2,15.844542654510288,0,10.1,3.7,-2.91,Graduate
1,18,5,9771,0,1,128.1,6,37,2,4,1,166.4,1,0,0,1,0,0,18,0,0,4,7,3,16.203760007730956,0,2,5,6,3,17.606640120307997,0,11.7,-0.6,1.48,Enrolled
1,56,1,9477,1,1,119.5,21,25,5,3,2,148.3,0,0,0,1,1,0,38,0,0,6,7,1,2.554696917099003,0,4,6,10,0,6.630293900445527,0,12.5,3.7,-0.48,Graduate
1,38,1,9835,1,1,128.7,16,23,7,13,24,153.4,0,0,0,1,1,0,20,0,0,9,11,3,13.736533512847172,0,1,8,21,7,18.571428571428573,0,10.4,1.9,2.82,Enrolled
1,32,4,5943,1,2,120.5,67,1,2,4,13,157.4,1,0,0,1,1,0,30,0,0,3,1,0,0.07456806475961741,0,1,3,0,0,0.21498295582955612,0,9.9,3.1,3.45,Dropout
1,1,5,8909,1,1,128.6,37,21,29,4,11,147.0,1,0,0,1,0,1,33,0,0,6,10,2,4.362924139454363,0,1,7,11,1,12.827790779661688,1,9.5,1.2,1.52,Graduate
1,33,3,3240,1,1,143.8,16,44,23,15,27,162.3,0,0,1,1,1,0,18,0,0,6,7,0,0.04297633878487059,0,3,6,0,0,2.952727118412484,0,12.0,1.4,-2.52,Dropout
2,42,1,9902,0,1,160.0,5,44,37,3,4,167.0,0,0,0,0,1,0,22,0,0,10,11,2,3.2139874685304153,0,10,10,10,7,18.571428571428573,0,14.0,1.1,-2.62,Enrolled
4,55,1,9587,1,1,143.4,14,44,44,37,49,148.1,1,0,1,1,0,0,35,0,0,9,10,7,18.60229898673515,0,4,10,4,10,18.571428571428573,0,12.3,3.1,-2.01,Graduate
1,1,2,6063,1,1,120.9,2,24,22,41,15,153.2,1,0,0,0,0,0,23,0,0,7,10,3,12.737543556480082,0,8,6,10,4,16.907479322012726,0,10.5,1.3,-2.02,Dropout
1,1,1,8954,1,1,158.9,5,41,35,2,0,164.9,0,0,0,1,0,0,18,0,0,5,5,3,12.887217646655646,0,1,5,2,0,8.321584076088417,0,11.5,0.3,-3.95,Dropout
1,6,1,9198,0,1,115.2,21,33,2,7,15,164.8,1,0,1,1,1,0,20,0,0,7,14,7,18.750707856598197,0,6,6,10,1,11.965313124314878,0,12.2,1.2,-0.46,Dropout
1,17,1,8662,1,3,134.1,4,31,6,2,11,154.8,1,0,1,1,0,0,29,0,0,10,11,5,17.03098222442496,0,4,8,2,6,18.571428571428573,0,12.2,0.8,-0.8,Graduate
1,3,1,9838,1,1,118.2,72,8,26,4,5,154.4,0,0,1,1,0,0,18,0,0,9,10,11,18.87363185668873,0,1,8,26,15,18.571428571428573,0,10.7,-0.6,-3.38,Dropout
1,8,1,9824,1,2,141.8,16,43,6,3,2,151.7,1,0,0,1,0,1,18,0,0,8,13,12,18.87263041326582,0,2,8,16,10,18.571428571428573,0,11.2,-0.7,-3.84,Graduate
1,39,1,9951,1,1,136.8,38,28,5,2,2,154.7,0,0,0,1,0,1,18,0,0,10,6,5,17.358561924700684,0,7,9,14,1,9.955812618225552,1,10.4,-0.5,0.88,Graduate
1,24,2,8897,0,1,123.1,45,41,9,35,23,150.7,1,0,0,1,0,0,24,0,0,3,2,0,0.2990355866746265,0,1,4,2,1,13.682953199939293,0,9.6,3.7,3.19,Enrolled
1,23,5,8445,1,1,140.8,34,22,9,2,3,159.0,1,0,0,1,1,1,19,0,0,6,4,2,6.825495402512921,0,1,5,2,6,18.464758164098882,0,9.0,-0.7,-0.33,Graduate
1,3,1,9268,1,1,138.3,16,44,21,11,7,160.5,1,0,0,1,1,1,19,0,0,11,14,8,18.34501079861977,0,2,11,30,16,18.571428571428573,0,14.1,3.5,0.29,Dropout
1,1,1,5009,1,1,144.2,40,9,2,5,5,158.9,1,0,0,1,1,1,18,0,0,4,3,10,18.859377392841495,0,2,3,9,8,18.571428571428573,0,9.6,-0.1,1.54,Dropout
1,28,1,6797,1,1,149.5,42,35,4,10,37,158.1,0,0,0,1,1,0,19,0,0,8,12,2,9.398783432617156,0,4,7,11,0,2.6415894225298815,0,14.2,1.2,1.45,Dropout
1,3,1,9677,1,2,134.6,42,37,16,3,19,165.3,1,0,0,1,1,0,18,0,0,6,11,1,5.979698587566181,0,1,5,6,2,16.003158516207492,0,11.4,-0.8,-1.4,Graduate
1,52,1,9943,1,5,142.4,37,25,44,4,21,155.4,0,0,0,0,1,1,18,0,0,8,10,4,14.595644151252657,0,5,6,13,1,10.622808553488648,0,9.8,-0.7,1.84,Graduate
1,9,1,3152,1,2,133.5,43,44,10,9,6,150.1,0,0,1,1,0,0,21,0,0,8,8,2,7.576462789970006,0,9,7,2,0,5.006880621446277,0,11.7,2.7,0.9,Graduate
1,7,1,9070,1,1,132.5,10,7,37,14,12,157.1,1,0,0,1,0,1,19,0,0,3,9,1,6.4954338344888916,0,1,4,5,0,6.075928023856195,0,15.2,-0.6,-1.72,Enrolled
1,39,1,9315,1,2,135.1,104,5,7,17,31,147.4,0,0,0,1,0,0,18,0,0,6,5,6,17.789488382154698,0,2,5,8,13,18.571428571428573,0,8.9,0.1,1.26,Graduate
1,27,4,8422,1,1,136.9,88,20,15,3,1,163.3,0,0,1,0,1,0,18,0,0,6,7,3,17.25514709749261,0,1,6,10,0,2.7012477434837145,0,15.0,-0.6,-4.01,Dropout
2,14,3,6705,1,1,142.3,40,29,2,5,3,165.0,1,0,0,1,1,0,25,0,0,7,2,0,0.005966472302667836,0,2,7,1,0,0.1559132230602352,0,11.0,3.7,1.84,Enrolled
1,6,1,5256,1,1,126.1,10,10,9,8,3,149.7,0,0,0,1,1,1,26,0,0,8,5,3,3.1194745257583105,0,3,8,3,4,15.465724447806053,0,12.0,-0.3,-1.53,Graduate
1,6,1,7087,0,1,133.4,37,25,33,4,3,176.9,0,0,0,1,0,1,19,0,0,5,8,4,16.815213800980768,0,1,5,9,0,4.695032672326132,0,13.9,3.7,-1.65,Graduate
1,11,3,5517,1,1,114.4,16,34,6,2,0,156.4,1,0,0,1,0,0,21,0,0,5,5,1,5.164511949187833,0,2,5,3,1,11.899748933606572,0,10.9,-0.2,2.68,Dropout
1,5,1,9448,1,1,130.2,10,13,44,6,9,146.8,0,0,0,1,0,0,33,0,0,6,10,9,18.832906392908303,0,5,6,14,15,18.571428571428573,0,9.0,2.2,0.81,Enrolled
1,1,1,9216,1,1,136.7,14,43,44,1,10,147.4,0,0,0,0,0,0,19,0,0,8,6,1,2.6036276475608156,0,2,8,11,0,4.242620868351994,0,14.3,1.1,0.88,Graduate
6,15,1,9634,1,1,113.8,57,33,35,25,19,150.5,1,0,0,1,0,1,18,0,0,7,6,7,18.580239125270285,0,4,6,3,11,18.571428571428573,0,13.4,-0.8,2.41,Graduate
1,43,1,8357,1,1,153.2,81,31,40,4,14,175.8,0,0,0,1,0,0,18,0,0,7,10,4,15.157687946024751,0,4,8,5,5,18.00693248545635,0,12.3,3.7,1.18,Graduate
1,20,6,9906,1,1,149.7,2,43,4,37,17,157.3,1,0,0,1,0,1,18,0,0,7,6,4,17.695098115610193,0,1,9,11,8,18.571428571428573,0,13.3,3.7,3.45,Graduate
1,1,1,7323,1,2,113.2,61,37,6,16,15,149.4,1,0,0,1,1,0,18,0,0,2,8,15,18.874919820711085,0,2,3,12,12,18.571428571428573,0,9.1,-0.7,2.76,Graduate
1,25,1,4648,1,1,127.4,67,39,12,5,9,156.1,1,0,0,1,1,1,18,0,0,6,7,1,0.26399027533410496,0,2,5,2,1,12.072249415552651,0,12.7,-0.7,-3.6,Graduate
1,16,2,8897,1,1,151.9,57,41,26,5,7,169.0,0,0,0,1,0,1,18,0,0,6,7,2,12.22457840847665,0,2,6,9,2,16.178090301424625,5,13.4,-0.6,0.41,Dropout
1,52,1,6380,1,2,149.7,63,3,2,2,15,162.2,0,0,0,0,0,0,18,0,0,5,5,1,3.4028262374163725,0,2,4,0,0,7.510661390921173,0,12.1,-0.7,1.89,Enrolled
1,22,1,9195,1,1,145.7,58,28,2,6,14,156.5,1,0,1,1,1,0,21,0,0,5,5,4,16.831331830786926,0,2,6,2,6,18.571428571428573,0,14.5,0.9,-2.66,Dropout
1,57,1,6092,1,1,128.6,92,44,26,8,4,155.7,1,0,0,1,1,0,66,0,0,3,7,0,0.005973134660751234,0,2,3,2,0,0.06894310781205366,0,12.6,-0.1,-2.87,Dropout
2,7,1,8192,1,1,132.5,29,19,2,13,17,157.7,1,0,0,1,1,0,18,0,0,1,1,0,0.005966448722845536,0,1,1,0,0,0.05226506709011466,0,10.5,-0.8,-3.81,Dropout
1,35,2,8508,0,2,126.8,33,32,7,1,1,148.7,1,0,1,1,0,0,18,0,0,5,8,11,18.872457580916006,0,1,4,7,7,18.571428571428573,1,10.9,1.9,-0.77,Graduate
2,46,1,9953,1,3,125.1,83,38,43,18,17,153.2,0,0,0,1,0,0,28,0,0,9,8,1,1.019872437048433,0,5,9,4,0,7.404179637126489,0,14.7,-0.6,-0.09,Enrolled
1,57,4,5474,1,2,141.8,62,23,31,6,10,159.3,0,0,0,1,0,0,28,0,0,8,10,4,14.632374428290122,0,9,8,3,2,14.694417991556323,0,12.7,0.4,-2.46,Dropout
1,16,1,9797,1,2,130.8,13,25,2,15,13,164.7,1,0,0,1,0,0,18,0,0,7,10,8,18.41971091778995,0,5,7,15,10,18.571428571428573,0,14.5,-0.5,-0.29,Graduate
1,26,5,9165,1,4,153.2,3,10,44,3,14,169.0,1,0,0,1,0,1,18,0,0,10,10,16,18.87490707351963,0,7,9,20,12,18.571428571428573,0,11.9,2.5,1.55,Graduate
1,48,1,9972,1,1,136.6,82,38,16,2,0,152.4,1,0,0,1,0,0,69,0,0,8,11,1,2.438027288946293,0,3,8,10,1,6.772163065233936,1,14.0,0.6,-3.24,Enrolled
1,50,1,9894,1,1,137.9,21,7,43,2,2,147.9,1,0,0,1,0,0,44,0,0,6,13,4,17.45038754120123,0,2,7,6,7,18.571428571428573,0,9.6,3.3,-0.96,Dropout
1,1,1,8741,1,2,124.1,4,11,40,3,3,149.8,1,0,0,1,1,1,18,0,0,7,5,9,18.868914027297798,0,1,7,4,5,18.425749164685385,0,10.5,0.0,-1.24,Dropout
2,1,1,3087,1,1,142.6,4,10,17,6,11,156.1,0,0,0,1,1,0,18,0,0,4,2,0,0.1408684718640954,0,3,4,0,1,8.863077020913634,1,10.2,0.8,-1.05,Enrolled
1,20,1,7985,1,4,152.0,13,29,36,4,9,166.1,0,0,0,1,1,0,31,0,0,4,6,4,17.429624102023997,0,2,4,3,0,4.5515757934797865,0,15.2,2.1,-3.09,Graduate
1,5,2,9925,1,1,128.9,4,35,38,10,6,153.4,1,0,0,1,0,1,18,0,0,8,14,16,18.87471858386707,0,3,9,28,20,18.571428571428573,0,11.3,-0.1,-2.98,Graduate
1,7,2,5922,1,1,121.9,7,43,16,12,3,154.7,0,0,0,1,0,1,20,0,0,4,1,0,0.1868478801826735,0,1,4,0,2,15.094481078265117,0,13.5,-0.8,-2.73,Graduate
1,6,2,8061,1,1,123.2,26,13,20,2,5,153.6,1,0,0,1,0,1,20,0,0,5,6,1,1.7885098711246175,0,2,6,5,1,9.19137345628672,0,12.8,2.3,1.18,Graduate
1,1,1,9193,1,1,133.1,27,12,26,2,2,158.5,1,0,0,1,0,0,18,0,0,10,15,7,18.747609830284738,0,4,8,22,9,18.571428571428573,0,9.4,-0.6,-0.38,Graduate
1,3,1,9300,1,1,145.0,2,44,44,6,6,158.3,0,0,0,1,1,1,18,0,0,6,14,21,18.874999975529867,0,2,5,31,11,18.571428571428573,0,9.2,-0.8,-0.42,Dropout
1,1,1,8208,1,4,140.5,54,31,34,8,9,157.7,0,0,0,1,0,0,21,0,0,5,5,15,18.874249075826363,0,7,5,9,10,18.571428571428573,0,12.4,3.7,1.6,Graduate
1,10,1,9584,1,2,143.7,2,43,7,8,35,166.8,0,0,0,1,0,0,19,0,0,9,12,18,18.874997289679463,0,2,8,22,20,18.571428571428573,0,10.2,-0.6,-2.14,Dropout
1,11,4,8061,1,4,143.2,5,39,44,7,5,154.9,1,0,0,1,0,0,18,0,0,4,9,9,18.863277952448296,0,1,4,30,14,18.571428571428573,0,12.0,-0.0,0.84,Graduate
1,10,1,8513,1,5,132.1,32,24,23,2,2,159.2,1,0,0,1,0,0,29,0,0,8,7,1,1.182414135150193,0,3,7,7,1,7.506447027349705,0,9.6,-0.2,-3.03,Enrolled
1,21,1,9218,0,1,126.6,41,30,20,8,16,152.7,0,0,0,1,0,0,18,0,0,4,10,7,18.79294894969194,0,1,4,21,1,13.929686337434422,0,11.2,1.7,-2.87,Graduate
2,21,1,9824,1,7,133.6,34,43,9,1,0,164.3,1,0,0,0,0,0,48,0,0,7,14,5,18.607659502956597,0,2,6,14,3,17.032564782604187,0,9.8,-0.6,2.17,Dropout
1,7,1,6281,1,1,128.0,23,36,27,2,3,157.1,0,0,0,1,0,0,51,0,0,5,5,2,5.440138218973985,0,3,5,1,0,6.556737657868102,0,10.4,3.0,-3.38,Graduate
1,7,1,6462,1,1,118.8,26,36,31,2,1,152.5,0,0,0,0,0,0,19,0,0,4,6,0,0.07129468632836941,0,2,4,4,3,17.070351306307664,0,9.5,-0.4,3.21,Dropout
1,54,1,9869,1,1,125.2,53,11,14,2,1,149.2,1,0,0,1,0,0,18,0,0,7,8,0,0.06863443397403407,0,2,7,0,0,0.4224055253399608,0,10.6,-0.3,-1.19,Enrolled
1,47,1,9876,1,1,120.7,71,1,2,2,3,149.6,0,0,0,1,1,0,19,0,0,10,15,11,18.86455478018965,0,6,9,33,9,18.571428571428573,0,9.7,0.8,2.69,Dropout
1,56,1,9937,0,2,143.6,15,38,9,26,15,152.0,0,0,1,1,0,1,33,0,0,5,5,0,0.027646903704391164,0,1,5,2,0,2.3794800922772423,0,9.8,0.7,-0.16,Dropout
1,25,1,9599,1,1,133.3,4,39,33,11,11,154.6,1,0,1,1,1,0,18,0,0,6,12,7,18.5964559862025,0,1,7,6,4,17.88467695209776,0,13.9,2.6,1.68,Graduate
2,57,1,9883,1,3,121.8,14,16,44,1,0,159.4,0,0,0,1,0,0,18,0,0,6,7,3,15.234815992364503,0,6,7,17,2,16.242959636007235,0,16.1,2.3,-4.06,Dropout
6,57,4,9946,1,2,145.5,14,44,41,27,14,151.3,0,0,0,1,0,0,26,0,0,4,9,1,3.29671509030962,0,3,4,4,0,3.567594553757748,0,14.9,-0.4,-3.72,Enrolled
1,47,1,6639,1,1,128.8,17,4,8,7,1,152.6,1,0,0,1,1,0,18,0,0,6,5,1,0.4536620134260427,0,3,6,4,1,9.969376497037002,0,12.8,2.9,3.48,Graduate
1,31,1,6631,1,1,148.0,99,1,5,7,12,155.5,1,0,0,1,0,0,19,0,0,4,4,1,3.576468802044898,0,4,4,2,3,16.891228684805395,0,15.7,0.4,-0.6,Dropout
1,56,2,6705,1,5,140.2,8,5,34,11,24,157.5,1,0,0,1,0,0,21,0,0,9,13,4,16.5273273885272,0,6,8,9,2,15.532748658706687,0,12.0,-0.4,0.84,Enrolled
1,1,3,8702,1,1,122.6,43,39,7,7,4,149.4,0,0,0,1,0,0,18,0,0,5,8,2,10.088979965760723,0,1,5,19,11,18.571428571428573,0,12.0,-0.8,-3.84,Graduate
1,53,1,9981,1,6,133.1,35,31,3,4,6,159.3,0,0,0,1,1,0,27,0,0,5,11,3,18.245339289832373,0,1,5,15,0,7.988851140512862,0,15.0,-0.7,-2.24,Enrolled
1,6,1,1635,1,1,161.4,61,1,35,10,34,154.0,1,0,0,1,0,0,18,0,0,6,7,1,0.6871059062893091,0,1,6,1,0,3.154016052504378,0,10.5,-0.7,2.36,Dropout
1,9,2,9409,1,1,135.9,3,41,5,14,4,158.0,1,0,0,1,0,0,25,0,0,10,17,14,18.87106877921319,0,5,10,33,16,18.571428571428573,0,12.5,-0.8,-0.5,Graduate
1,36,1,9727,1,2,153.2,97,8,3,16,11,159.1,0,0,0,1,1,0,25,0,0,6,4,6,18.15087854873531,0,1,5,8,3,15.652915337510148,0,15.1,1.0,-0.19,Dropout
1,44,1,8799,1,1,132.0,44,34,23,36,55,153.3,1,0,0,1,1,0,18,0,0,7,6,1,1.5555423060868778,0,5,6,1,0,2.4121783410395103,0,11.3,3.7,0.15,Dropout
2,5,1,8808,1,2,136.3,13,6,6,15,24,151.1,0,0,0,1,0,0,26,0,0,8,9,6,17.769135099496438,0,3,7,7,3,17.271741368828117,0,11.4,3.7,-1.11,Graduate
1,5,1,8029,1,1,140.1,86,1,2,2,6,151.5,0,0,0,1,0,0,19,0,0,9,6,21,18.874999737153882,0,3,9,4,9,18.571428571428573,0,13.8,2.2,-2.12,Graduate
1,21,1,9706,1,3,121.6,60,34,3,12,5,155.8,1,0,0,1,0,0,32,0,0,8,12,4,17.212634009702633,0,4,8,18,2,14.453009908115911,0,9.3,3.7,-0.82,Graduate
1,17,1,7488,1,2,137.5,37,5,3,7,5,163.6,0,0,0,1,1,0,18,0,0,5,3,0,0.4264212558962331,0,2,5,2,0,2.6581011100411573,0,13.9,3.7,2.13,Dropout
4,15,1,8740,1,4,127.6,50,13,19,15,34,160.4,1,0,0,1,0,0,19,0,0,7,15,1,1.269559665785295,0,5,8,10,0,2.969166311175347,0,11.2,0.4,1.89,Graduate
1,55,2,9854,1,1,121.6,48,1,30,5,15,153.9,0,0,0,1,1,0,42,0,0,8,8,4,11.693126124614974,0,8,7,14,3,15.962937328121066,0,11.4,-0.7,2.42,Graduate
1,17,1,6616,1,2,141.4,52,32,9,1,0,150.1,1,0,0,0,1,0,24,0,0,6,7,3,14.804002498599331,0,1,6,33,3,16.918336276474413,0,12.3,0.1,-0.65,Dropout
4,2,1,8378,1,1,127.6,42,16,28,24,15,165.0,0,0,1,1,1,0,28,0,0,9,7,2,3.242063354487179,0,7,8,4,6,17.99690702050103,0,12.5,-0.8,-0.81,Graduate
1,7,5,6176,1,1,121.1,81,43,27,12,4,166.8,0,0,0,1,1,1,26,0,0,2,3,0,0.006026336459391953,0,1,2,6,0,1.14783280684905,0,10.9,2.7,-1.67,Graduate
1,1,1,9234,1,1,137.6,94,11,18,3,13,148.8,0,0,0,1,0,1,18,0,0,5,7,6,18.566226666754467,0,2,5,1,4,17.68015567644962,0,15.9,2.9,-3.99,Graduate
1,3,1,8751,1,1,132.3,50,1,3,2,3,151.1,1,0,0,1,1,1,25,0,0,11,12,8,18.752403534975816,0,9,10,22,9,18.571428571428573,0,9.1,1.2,2.66,Graduate
1,3,1,9156,1,1,130.6,4,3,3,24,37,151.2,1,0,0,1,1,0,18,0,0,3,5,4,17.84230546893413,0,1,4,4,7,18.571428571428573,0,12.1,-0.6,-2.43,Dropout
2,49,2,9812,1,1,128.2,90,11,2,15,26,156.1,0,0,0,1,0,0,28,0,0,9,17,13,18.872698595400344,0,8,8,19,7,18.571428571428573,0,10.9,-0.7,1.96,Graduate
1,16,2,9148,1,1,116.6,65,37,29,3,9,148.0,1,0,0,1,1,0,25,0,0,4,11,9,18.871418053845293,0,1,4,24,10,18.571428571428573,0,12.3,-0.7,-2.54,Graduate
1,3,1,9681,1,1,156.1,71,44,38,18,23,165.6,0,0,0,1,0,0,29,0,0,8,9,0,0.006519415844513721,0,3,7,1,0,1.455036779130137,0,11.9,0.1,-0.45,Graduate
1,30,3,7303,1,1,150.0,22,29,8,2,8,157.4,1,0,0,1,1,0,18,0,0,5,6,2,10.531951847537071,0,1,5,2,1,7.89728787134054,0,11.7,-0.5,1.74,Graduate
1,1,4,7404,1,1,133.2,48,18,17,36,9,165.5,1,0,0,0,0,0,18,0,0,0,4,1,7.544099783815567,0,1,1,3,1,11.27738534774116,0,12.9,-0.7,1.57,Graduate
1,22,1,9926,1,3,160.1,64,44,44,7,7,152.3,0,0,0,1,0,0,18,0,0,4,7,0,0.026100839510911134,0,1,5,8,0,2.3987476391858866,0,13.7,2.7,-2.07,Enrolled
1,52,4,9039,1,1,119.7,16,32,19,6,3,166.7,0,0,0,1,0,0,32,0,0,6,8,4,15.165652726977555,0,2,5,9,7,18.571428571428573,0,11.1,-0.8,-2.55,Dropout
1,7,5,9709,1,1,146.1,77,4,5,13,11,161.9,0,0,0,1,1,0,22,0,0,6,4,0,0.14256434206261398,0,3,6,2,1,9.157035814093922,0,13.1,-0.2,0.81,Graduate
1,1,1,8472,1,1,148.6,84,44,29,8,4,153.1,1,0,0,1,0,0,21,0,0,4,9,3,17.630468926199917,0,1,4,4,2,14.070794969683893,0,12.7,2.9,-0.86,Graduate
1,24,5,6529,1,2,109.4,103,14,40,22,15,152.7,0,0,0,1,0,1,20,0,0,7,5,4,14.084480705527394,0,3,6,2,1,10.160048842537542,0,13.2,1.7,2.97,Dropout
2,19,1,5871,1,3,147.6,18,26,28,30,55,167.8,0,0,0,1,1,0,56,0,0,9,7,5,16.71971372714475,0,10,8,6,4,18.13217208501238,0,10.5,1.4,0.28,Graduate
1,55,1,9398,1,1,141.4,57,42,10,7,12,160.2,0,0,1,1,0,0,19,0,0,9,8,3,12.873773466454894,0,2,9,10,5,17.817226587273954,0,9.7,0.5,-1.53,Graduate
5,3,1,9603,1,1,137.1,44,40,32,24,12,160.2,1,0,0,1,1,0,18,0,0,5,6,0,0.37180605378574305,0,1,6,5,1,8.275935967496705,0,12.7,-0.3,-2.39,Graduate
1,18,1,9991,1,1,154.1,15,29,8,31,16,164.3,0,0,0,1,0,0,18,0,0,11,13,12,18.861669513545067,0,3,11,32,7,18.571428571428573,0,9.9,-0.0,2.46,Dropout
1,56,1,9652,1,5,154.6,67,8,38,1,0,167.1,0,0,1,1,1,0,24,0,0,9,13,5,17.887819308382152,0,7,9,20,2,15.357007465645765,0,12.8,3.3,-0.68,Dropout
1,50,1,9461,0,4,148.7,28,27,38,29,27,161.3,0,0,0,1,0,0,18,0,0,6,9,0,0.04047040059712187,0,6,7,4,0,2.5806386398135492,0,13.7,-0.8,-3.98,Dropout
1,25,2,8683,1,1,113.3,5,4,6,10,11,153.0,1,0,0,1,1,1,27,0,0,6,7,0,0.012897024504134451,0,3,6,1,0,5.639147949863822,0,14.1,-0.7,0.02,Dropout
1,14,2,9988,1,2,109.2,38,43,27,3,3,148.6,1,0,0,1,0,0,18,0,0,6,11,8,18.854014381519743,0,1,6,23,3,17.078625957744656,0,11.1,-0.8,-2.61,Graduate
1,20,2,7111,1,1,152.9,57,29,5,7,9,155.8,0,0,0,1,1,0,18,0,0,7,7,8,18.3395623236918,0,4,6,7,5,18.102577227550004,0,13.5,3.4,-2.11,Graduate
1,41,1,9294,1,9,140.4,69,34,44,2,1,153.5,0,0,0,0,0,1,20,0,0,8,11,2,8.378724944078334,0,3,9,6,2,14.518937060843745,0,9.6,-0.8,-2.81,Graduate
1,48,1,8853,0,1,149.9,96,17,12,6,13,163.7,1,0,1,1,0,0,23,0,0,4,6,3,14.563946867584882,0,1,4,13,8,18.571428571428573,0,13.5,2.2,1.4,Graduate
1,4,2,7649,1,1,129.1,89,11,2,2,1,152.9,1,0,0,1,0,0,24,0,0,10,12,7,18.49408745664754,0,9,9,12,4,17.722606935782675,0,11.2,-0.4,-3.69,Enrolled
1,23,1,9230,1,3,124.6,77,44,44,13,4,162.2,1,0,0,1,0,0,29,0,0,5,5,2,6.800591858591921,0,2,5,1,2,15.257919067494154,0,9.2,0.4,-0.66,Graduate
1,49,1,6015,1,1,135.3,8,4,20,1,1,155.8,1,0,0,0,1,0,19,0,0,2,3,0,0.007194157635732435,0,1,4,0,0,3.3763902417702263,0,9.3,-0.2,0.62,Graduate
1,11,1,5520,1,1,138.4,35,31,13,2,0,156.8,1,0,0,1,0,1,18,0,0,5,5,0,0.006051671597588396,0,4,6,2,0,0.9709956711238699,0,11.0,-0.1,-0.32,Enrolled
2,53,1,9293,1,3,142.1,31,23,44,9,12,156.5,1,0,0,1,0,0,22,0,0,6,18,3,13.603930038704602,0,1,6,5,1,7.7532338066749515,0,13.2,2.6,-3.01,Dropout
1,3,5,5358,1,1,134.9,96,8,3,2,14,152.1,1,0,0,1,0,0,38,0,0,5,7,0,0.2396670690775743,0,3,4,2,0,1.277230185722494,0,9.0,3.3,2.86,Enrolled
1,53,1,9275,1,5,145.2,3,44,44,5,3,152.9,0,0,0,1,0,0,23,0,0,5,5,8,18.862912378745747,0,3,5,13,9,18.571428571428573,0,10.3,0.1,0.36,Dropout
1,5,2,9928,1,1,121.9,23,41,44,12,3,147.1,1,0,0,1,0,0,19,0,0,8,11,0,0.09145752522877819,0,3,8,17,1,7.951796657635614,0,9.9,1.4,2.05,Enrolled
1,30,1,3866,1,1,124.5,30,21,15,4,0,157.4,0,0,0,1,0,1,19,0,0,11,15,5,13.660433800420337,0,14,10,15,14,18.571428571428573,0,11.1,0.9,1.16,Dropout
1,54,1,9807,1,11,143.5,69,26,44,4,7,156.9,0,0,0,1,0,0,30,0,0,7,11,3,16.53660296590707,0,2,6,21,5,18.571428571428573,0,12.7,-0.8,-3.77,Graduate
1,1,1,4092,1,1,136.7,55,39,10,4,2,155.2,1,0,0,1,0,0,18,0,0,6,14,15,18.874951919892673,0,3,7,23,8,18.571428571428573,0,14.4,2.4,-3.27,Graduate
1,22,1,9886,0,1,152.6,62,14,3,1,0,153.7,1,0,0,1,1,0,21,0,0,5,3,3,13.326865240656947,0,5,5,0,0,4.792553664849012,0,10.3,-0.7,1.39,Dropout
1,2,2,9318,1,1,111.6,82,39,2,28,16,149.7,1,0,0,1,0,0,18,0,0,6,12,21,18.874999954688647,0,1,6,31,14,18.571428571428573,0,10.1,1.4,1.4,Dropout
1,52,1,9947,1,1,122.4,81,11,4,4,6,153.8,1,0,0,1,0,0,23,0,0,8,12,4,15.176769921660991,0,6,7,18,3,17.70564619950967,0,13.4,3.7,0.12,Dropout
2,1,1,6238,1,2,121.3,52,44,44,40,48,151.5,0,0,0,1,0,1,32,0,0,6,10,2,5.00242936039736,0,4,5,3,1,11.316429679872325,0,12.7,1.0,-1.24,Graduate
1,7,1,9086,1,1,144.1,99,42,43,17,4,149.7,0,0,0,1,0,1,27,0,0,4,6,1,2.8180957449700066,0,3,3,7,1,11.20534260265072,0,14.4,3.6,-1.45,Enrolled
1,35,1,8696,1,2,139.5,49,34,41,6,8,158.5,0,0,0,1,0,0,20,0,0,4,6,15,18.874989308296147,0,2,5,3,10,18.571428571428573,0,11.6,3.7,-1.48,Graduate
1,3,1,8657,0,1,138.8,58,38,2,20,33,153.7,0,0,0,0,1,0,18,0,0,7,13,7,17.187494195036397,0,2,7,18,13,18.571428571428573,0,9.5,0.3,2.89,Graduate
1,4,1,9935,1,1,123.7,9,3,9,2,3,154.7,1,0,0,1,0,0,18,0,0,9,10,5,18.197734676674248,0,3,10,22,4,16.714724386187168,0,10.9,-0.8,-3.73,Enrolled
1,30,1,8296,1,1,146.2,81,28,44,1,7,154.2,0,0,0,1,0,0,18,0,0,6,8,4,18.047718524415156,0,3,5,4,3,16.32866466429242,0,9.0,0.1,3.5,Graduate
1,50,1,9707,1,7,123.8,24,3,6,1,0,153.6,0,0,0,1,0,0,42,0,0,14,24,21,18.874998812702735,0,13,11,28,13,18.571428571428573,0,15.2,3.4,-3.53,Graduate
1,49,2,8220,1,11,156.6,104,39,3,16,28,159.0,1,0,1,0,0,0,19,0,0,10,12,9,18.822357288121204,0,10,10,7,9,18.571428571428573,1,10.6,-0.1,1.45,Dropout
1,41,1,9708,1,1,154.4,46,39,6,18,29,164.3,1,0,0,1,0,0,18,0,0,5,8,5,18.50497926231362,0,1,5,12,5,18.571428571428573,0,11.4,0.1,-3.24,Graduate
1,27,1,7778,1,2,138.7,3,17,28,2,5,156.1,0,0,0,1,0,0,21,0,0,8,8,3,14.11272118149518,0,3,8,0,0,3.6986295387418258,0,14.6,3.7,-3.83,Dropout
2,11,1,7303,1,2,151.1,59,2,22,5,32,155.7,0,0,0,1,0,0,36,0,0,9,10,2,5.724565798039783,0,11,9,8,1,10.772390496965041,0,9.4,0.1,-1.07,Dropout
2,24,1,9809,1,2,126.5,101,5,3,6,1,151.8,0,0,0,1,1,0,25,0,0,9,14,5,18.505495721135162,0,7,9,15,2,14.65985316579191,0,12.2,0.2,2.99,Graduate
1,51,1,3341,1,2,124.6,39,11,4,2,1,162.4,0,0,0,1,1,0,28,0,0,5,6,0,0.07253135135182552,0,8,6,1,0,2.341400213142567,0,13.5,-0.8,-0.7,Graduate
1,54,1,5967,1,8,148.7,103,38,42,2,5,162.2,1,0,0,1,0,0,28,0,0,1,4,0,0.0059684721449352095,0,1,1,0,0,0.14005728826673103,0,11.2,3.7,-2.64,Graduate
1,36,1,9580,1,1,136.7,46,30,35,23,23,157.5,0,0,0,1,1,1,29,0,0,10,9,3,12.2254111449563,0,8,10,12,2,14.553846635024652,0,11.3,3.7,3.21,Graduate
1,56,1,8355,1,3,142.9,35,21,17,2,12,154.5,1,0,0,1,1,0,52,0,0,10,7,7,18.425046581511555,0,10,9,1,0,5.1059070275083105,0,13.5,3.7,-1.1,Dropout
1,24,1,8190,1,2,137.0,107,41,7,11,1,170.9,1,0,1,0,1,1,42,0,0,1,4,2,13.42572022305188,0,1,0,6,3,18.571428571428573,0,9.2,0.5,2.01,Dropout
1,40,2,9925,0,1,111.7,75,1,2,3,2,147.6,1,0,0,1,1,0,26,0,0,7,7,4,16.98477498864242,0,2,8,6,5,18.563609627864654,0,12.9,3.7,-3.21,Graduate
1,5,1,7805,1,3,158.2,63,15,3,3,6,175.2,0,0,1,1,0,1,25,0,0,5,10,7,18.65575211100525,0,3,5,23,7,18.571428571428573,0,12.1,-0.8,2.89,Dropout
1,2,3,9503,1,2,126.8,92,2,2,17,3,160.2,1,0,0,1,0,0,19,0,0,7,15,10,18.874453250538078,0,1,8,28,11,18.571428571428573,0,10.4,2.3,0.13,Dropout
1,3,1,9887,1,2,147.4,4,1,4,10,15,149.5,0,0,0,0,0,0,23,0,0,5,8,2,10.524348961498976,0,1,5,10,0,5.627323146212864,0,13.8,1.1,-2.48,Enrolled
1,2,1,9358,1,1,125.8,68,43,6,1,0,154.4,1,0,0,1,0,1,18,0,0,4,1,1,2.3121795715041484,0,1,4,3,1,11.237450282989673,0,12.3,-0.1,-3.49,Graduate
1,29,1,3783,1,2,142.2,7,10,2,6,10,159.7,1,0,0,0,0,1,22,0,0,8,11,11,18.84506653993096,0,4,8,11,7,18.571428571428573,0,14.6,-0.8,0.38,Graduate
4,22,1,9399,0,1,141.6,14,43,16,7,13,176.3,0,0,0,1,1,0,33,0,0,7,12,2,8.050952754031726,0,2,7,4,2,13.22097231228883,0,15.9,-0.7,-4.06,Graduate
1,48,1,9770,0,4,138.8,18,44,44,19,17,156.5,0,0,0,1,0,0,48,0,0,4,7,1,1.9389522290346273,0,2,4,3,3,16.441746784152123,0,13.7,0.6,-1.85,Graduate
1,55,2,8725,1,1,141.2,103,3,4,20,35,157.1,0,0,0,0,1,0,19,0,0,7,8,4,14.389558722947868,0,2,7,9,2,13.084891355402748,0,9.3,3.7,3.44,Graduate
1,28,1,9830,1,2,133.1,5,44,26,2,4,165.0,0,0,0,0,0,0,19,0,0,6,6,9,18.733849911172683,0,3,7,6,3,16.39225118649348,0,9.6,-0.6,-0.91,Graduate
1,12,3,8234,1,1,132.5,4,4,42,1,9,154.6,1,0,0,1,0,0,20,0,0,11,14,6,15.861183231037742,0,12,11,8,20,18.571428571428573,0,10.2,-0.4,-3.77,Graduate
1,13,1,8886,1,1,115.0,67,11,9,10,3,150.5,1,0,1,1,1,0,43,0,0,10,11,1,0.4160110932512932,0,8,10,7,0,2.254177497409683,0,15.0,-0.7,-1.02,Dropout
1,52,1,9319,1,4,142.4,6,44,35,4,7,161.2,0,0,0,0,0,0,28,0,0,8,16,4,18.13922058756388,0,5,9,17,3,15.778884856889936,0,13.8,0.0,-2.58,Enrolled
1,2,3,9545,1,1,125.7,17,32,42,2,4,160.5,0,0,1,1,0,0,18,0,0,7,6,2,4.6351247272311555,0,2,6,6,5,17.86194311913004,0,10.7,1.6,0.68,Graduate
1,3,1,4895,1,1,122.6,46,41,39,32,12,155.9,0,0,1,1,0,0,18,0,0,7,9,6,18.275109607027282,0,6,6,2,6,18.048807483888442,0,9.9,-0.2,2.37,Graduate
1,55,1,8854,1,3,142.6,72,27,31,3,8,158.0,1,0,0,1,0,0,21,0,0,4,3,0,0.14851082747232405,0,4,4,2,1,10.314221061298513,1,8.9,0.1,1.63,Graduate
1,39,1,9685,1,1,143.0,5,10,30,2,6,157.9,0,0,0,1,0,0,19,0,0,7,12,16,18.874897083540798,0,3,7,13,8,18.571428571428573,0,13.2,0.7,-3.83,Graduate
1,14,1,9623,1,1,127.6,78,2,2,12,17,150.0,0,0,1,1,0,1,18,0,0,6,11,12,18.871770251201003,0,2,6,8,6,18.571428571428573,0,13.9,-0.6,-1.61,Graduate
1,53,1,9170,1,2,143.1,91,40,8,6,28,163.3,1,0,0,0,0,0,26,0,0,9,17,5,17.551857079806283,0,6,8,32,4,17.880445009777734,0,12.3,0.4,0.04,Dropout
2,56,6,8324,1,2,116.3,64,2,38,1,1,149.2,0,0,0,1,1,0,21,0,0,6,6,1,0.23112414537203063,0,2,6,1,1,12.170528004290212,0,10.6,3.7,-0.91,Enrolled
1,13,1,5922,1,2,122.4,26,43,25,8,18,151.2,1,0,0,1,0,0,18,0,0,9,8,0,0.014236080900486855,0,7,7,5,0,3.0144146548402198,0,10.5,0.1,1.83,Graduate
1,14,1,6545,1,1,161.4,100,41,12,2,0,161.9,1,0,0,1,0,1,18,0,0,4,6,3,10.803973220957435,0,2,5,3,2,13.678504974917875,0,10.7,-0.8,-2.91,Dropout
1,35,1,7363,1,1,122.5,56,37,8,3,9,169.6,0,0,0,1,1,0,24,0,0,6,6,2,9.141880599829198,0,3,5,1,0,9.470364889363344,0,10.2,1.1,-0.91,Enrolled
1,5,1,9822,0,1,134.8,76,27,44,1,2,156.9,1,0,0,1,0,0,42,0,0,5,0,2,2.8562267268086603,0,2,6,0,0,6.23582481333203,0,9.4,0.4,3.01,Graduate
1,6,1,7072,1,1,137.8,8,9,35,2,8,167.9,1,0,0,1,0,0,20,0,0,4,7,0,0.15476113359323518,0,4,5,4,2,13.970250226327318,0,10.6,-0.2,-2.39,Dropout
1,3,4,9231,1,2,126.6,60,43,4,6,8,150.6,1,0,0,1,1,0,29,0,0,7,5,3,13.38890891937399,0,2,7,14,3,17.580118751997105,0,13.1,-0.7,-0.42,Graduate
1,1,1,6177,1,1,162.2,68,4,3,5,9,158.2,1,0,0,1,1,0,18,0,0,11,13,12,18.872863845273187,0,9,11,18,10,18.571428571428573,0,9.0,2.4,3.48,Enrolled
1,29,2,9966,1,1,145.5,13,44,4,8,8,150.0,1,0,0,1,0,0,18,0,0,3,1,1,5.55276146718928,0,1,2,2,3,17.707464004438293,1,13.1,-0.6,-1.67,Graduate
1,1,1,9574,1,1,105.7,7,22,17,8,8,149.6,1,0,0,1,1,0,19,0,0,4,4,1,7.215564803036662,0,1,4,7,1,13.266005052043107,0,11.7,-0.6,-2.79,Graduate
1,43,1,9975,1,1,154.9,40,44,42,17,64,160.8,0,0,0,1,0,0,23,0,0,6,6,6,17.878531319398146,0,1,5,3,4,17.9500215531937,0,12.7,1.0,-2.71,Graduate
1,23,1,9206,1,1,133.9,56,2,16,7,6,153.2,0,0,0,1,1,0,18,0,0,2,3,0,1.7751048159090312,0,2,3,1,0,3.8577359551945767,0,14.0,-0.8,0.61,Dropout
1,29,1,9783,1,4,121.0,7,39,40,18,19,149.0,0,0,1,1,0,0,29,1,0,10,15,8,18.351549490534953,0,9,8,26,12,18.571428571428573,0,11.5,0.3,-2.75,Graduate
1,22,1,8204,1,1,144.9,102,1,2,18,10,162.7,1,0,0,1,0,0,23,0,0,4,4,0,0.23898202412076408,0,1,3,2,0,5.3963601854972385,0,9.0,1.5,-1.25,Dropout
2,12,3,7297,1,1,137.7,9,39,39,3,5,153.0,0,0,0,1,0,0,23,0,0,6,8,0,0.20541924208017928,0,2,5,8,2,13.759202919363158,0,14.1,-0.7,-2.29,Graduate
1,40,4,8922,1,1,130.6,103,44,20,8,4,154.5,1,0,0,1,0,0,19,0,0,6,9,4,15.785469050349993,0,1,6,8,1,10.934587533585328,0,9.6,1.4,-3.18,Graduate
1,42,1,9386,0,1,138.6,46,7,4,16,5,155.2,0,0,0,1,0,0,33,0,0,10,11,26,18.874999997412026,0,8,9,5,20,18.571428571428573,0,13.8,3.4,-3.29,Graduate
1,46,1,8721,1,1,126.0,104,43,8,11,8,153.5,1,0,0,1,0,0,18,1,0,4,9,4,18.374966469425974,0,1,5,8,4,18.571428571428573,0,9.7,-0.3,-3.21,Enrolled
1,8,3,8874,1,1,134.9,57,31,2,1,4,162.0,1,0,0,1,0,0,18,0,0,8,10,3,9.75872797978521,0,4,9,7,8,18.571428571428573,0,14.0,3.3,-1.14,Graduate
2,51,1,9434,0,3,113.0,92,6,18,21,13,156.1,0,1,0,1,1,0,22,0,0,0,0,0,0.01478305904059576,0,1,0,0,1,13.938665174233625,0,10.7,3.7,3.5,Graduate
1,49,1,9034,1,5,136.3,63,6,6,7,10,165.5,1,0,0,1,0,1,25,0,0,3,2,1,5.742413258012303,0,1,3,4,2,15.113875319249143,0,10.4,1.9,2.14,Dropout
1,2,2,8444,1,1,144.0,71,40,12,3,0,156.0,1,0,1,1,1,0,32,0,0,5,6,3,17.12549578260454,0,1,4,8,6,18.571428571428573,0,10.0,-0.7,0.1,Dropout
1,38,4,9357,0,1,128.0,8,29,3,44,54,155.0,0,0,0,1,0,0,18,0,0,7,10,17,18.87499222271632,0,3,7,18,16,18.571428571428573,0,10.4,0.7,3.27,Graduate
1,1,3,9302,1,1,109.6,29,7,5,3,9,150.0,1,0,0,1,0,0,18,0,0,9,6,11,18.858196067031116,0,8,8,11,7,18.571428571428573,0,9.2,1.4,1.97,Dropout
1,56,1,6204,0,3,147.4,91,43,2,3,0,174.8,1,0,0,1,1,0,32,0,0,3,6,0,0.04447064032045468,0,3,3,2,0,0.5940957647803459,0,13.6,-0.7,-2.46,Dropout
1,13,1,9460,1,1,128.7,55,42,2,18,3,159.3,0,0,0,1,0,0,18,0,0,3,2,1,1.8320149207904999,0,1,3,5,1,14.749366346161395,0,12.1,3.2,-2.34,Graduate
1,1,5,9316,1,1,125.5,7,22,44,10,36,150.5,1,0,0,1,1,1,19,0,0,4,7,3,17.130416663733506,0,1,5,20,1,9.46400527038455,0,12.7,3.6,-1.52,Graduate
1,23,1,9360,1,1,137.3,45,44,44,22,34,148.9,1,0,1,1,0,0,18,0,0,5,8,8,18.870936240555682,0,1,6,8,4,18.196542143700107,0,10.9,2.3,-1.81,Graduate
1,30,1,9528,1,3,143.4,58,41,31,9,2,150.3,1,0,0,1,0,1,31,0,0,5,3,1,2.900200366692761,0,3,4,1,1,12.520235425785138,0,12.8,2.2,-3.34,Graduate
1,7,3,7526,1,2,146.3,4,1,27,38,40,154.7,1,0,0,1,0,1,20,0,0,6,9,3,13.248076880756148,0,2,6,5,2,14.93598124304847,0,12.9,-0.8,1.64,Enrolled
1,18,3,8965,1,3,105.3,35,24,28,1,1,150.6,1,0,0,1,0,0,24,0,0,4,5,1,0.7212084130961662,0,2,5,2,0,7.005883249281827,0,11.5,-0.2,-1.06,Dropout
1,37,3,9685,1,1,111.9,93,7,2,3,4,148.7,0,0,0,1,1,1,30,0,0,8,10,1,0.2998584957349641,0,8,8,3,0,3.3485614303232594,0,10.9,3.6,1.35,Enrolled
1,42,1,9488,1,1,137.4,77,3,2,1,4,156.3,1,0,0,1,0,0,18,0,0,7,14,17,18.87499214056267,0,3,8,33,19,18.571428571428573,0,9.8,2.4,3.18,Graduate
1,50,1,8466,1,1,123.2,93,3,2,4,9,153.7,0,0,0,1,1,0,18,0,0,2,0,0,0.36696323267969283,0,1,3,0,0,0.07815968762300785,0,15.2,2.6,-0.26,Enrolled
1,57,2,8260,1,1,118.3,16,44,44,10,5,150.6,1,0,0,1,0,0,23,0,0,3,10,0,0.01591262350994309,0,1,4,5,0,0.8873038496684457,0,12.5,0.4,-0.35,Dropout
2,50,1,9932,1,1,136.4,6,1,44,12,13,148.5,0,0,0,1,0,0,29,0,0,8,12,4,14.214910548236874,0,1,9,11,2,15.735904964257767,0,15.6,3.7,-0.57,Dropout
1,29,1,9741,1,3,138.8,106,10,10,5,3,149.7,0,0,0,1,0,0,26,0,0,8,6,1,5.668406899199142,0,9,8,6,4,17.261820822253863,0,11.0,-0.6,-3.53,Graduate
2,47,1,4300,1,4,149.0,46,36,16,4,10,150.4,1,0,0,1,1,0,39,0,0,3,6,1,1.2894819388316108,0,3,4,4,2,15.694858856875019,0,14.8,0.3,2.17,Enrolled
1,28,1,9787,1,2,160.9,12,44,39,5,7,161.7,0,0,0,1,0,0,28,0,0,11,10,2,1.954545683102781,0,5,10,2,2,12.776813585144394,0,14.3,1.3,0.24,Graduate
2,52,1,4636,1,1,142.9,7,16,43,8,5,169.2,1,0,0,1,1,0,20,0,0,2,5,0,0.4939115188583874,0,2,3,0,0,5.624384325754932,0,10.0,3.1,-1.93,Enrolled
1,38,1,9850,1,1,138.2,42,10,2,24,22,156.3,0,0,0,1,0,0,19,0,0,6,3,14,18.874769078845137,0,2,7,14,20,18.571428571428573,0,9.5,0.3,2.94,Dropout
2,48,1,9918,1,1,144.5,11,8,23,16,12,155.0,0,0,0,1,0,0,20,0,0,9,8,9,18.855671969876834,0,3,8,11,9,18.571428571428573,0,11.5,3.3,-1.64,Graduate
1,50,1,8954,1,1,143.6,40,30,24,6,12,158.6,1,0,0,1,0,0,18,0,0,5,8,7,18.824251418107668,0,2,5,6,5,17.37236348429264,0,12.6,-0.3,-0.94,Graduate
1,32,1,9733,1,4,119.1,2,37,24,1,3,152.3,1,0,0,1,0,0,19,0,0,6,8,1,3.231355734318971,0,4,6,8,3,16.042474085977055,0,10.6,-0.6,-2.22,Dropout
2,51,1,9439,1,2,148.1,71,28,7,7,6,157.2,1,0,0,1,1,1,24,0,0,4,2,1,5.4619636324911855,0,1,5,4,1,14.580547667674708,0,11.5,-0.3,-0.36,Graduate
1,6,3,9716,1,1,143.7,74,41,7,2,0,149.1,0,0,0,1,0,1,18,0,0,10,6,9,18.098837415202187,0,6,10,6,16,18.571428571428573,0,14.9,-0.2,-0.99,Graduate
1,35,1,9621,1,3,149.8,89,14,2,8,23,163.8,0,0,0,1,0,0,18,0,0,6,11,2,13.078566032035113,0,1,5,5,0,2.5960199270913655,0,14.0,3.7,2.96,Graduate
1,24,1,9898,1,1,124.8,24,44,36,9,2,154.8,1,0,0,1,1,0,18,0,0,3,10,1,6.046488475579614,0,1,3,9,5,18.571428571428573,0,9.9,0.7,1.71,Dropout
1,44,1,9794,1,1,123.7,61,2,13,1,4,158.9,0,0,0,1,1,0,22,0,0,5,5,1,1.3421494530360674,0,2,5,7,0,3.8781381589952524,0,11.4,3.7,0.59,Dropout
1,3,1,4746,1,1,130.7,37,5,2,3,7,151.5,1,0,0,1,1,1,18,0,0,2,1,4,16.610175665266592,0,1,3,3,2,14.452222745007596,0,10.8,1.3,-2.39,Graduate
1,57,1,8240,1,6,127.6,62,15,22,2,20,156.8,1,0,0,1,1,0,19,0,0,8,7,3,8.693638292803472,0,13,8,2,1,9.035564172594185,0,9.4,0.1,3.25,Graduate
1,8,2,7366,0,1,122.1,32,9,40,2,1,156.9,0,0,0,1,0,0,39,0,0,8,10,7,18.210964222653644,0,6,6,16,9,18.571428571428573,0,9.1,3.7,1.93,Dropout
1,10,6,4475,1,1,132.0,4,9,36,8,3,147.1,1,0,0,1,0,0,18,0,0,6,8,0,0.01612018990165525,0,5,6,1,0,1.4644924936242483,2,14.9,2.1,-3.65,Graduate
1,11,5,8593,1,1,133.3,37,13,4,1,0,151.2,1,0,0,1,0,0,18,0,0,7,13,5,17.062049683674832,0,4,6,12,6,18.433683092022406,0,9.2,1.9,0.82,Graduate
1,19,1,6945,1,1,131.6,34,9,17,6,7,160.6,0,0,0,1,1,1,18,0,0,7,8,1,0.12408868103082706,0,4,6,2,0,3.790957580699543,1,10.2,1.5,1.73,Graduate
1,33,3,9277,1,1,123.3,24,6,2,29,27,148.3,1,0,1,1,0,1,19,0,0,7,10,2,5.6742209864759,0,2,7,5,1,11.783274537502034,0,15.9,1.6,-0.38,Dropout
1,16,1,8479,1,1,124.2,40,40,12,12,9,152.2,1,0,0,1,0,1,18,0,0,8,11,3,13.604995422426272,0,4,8,10,1,8.443967740961309,0,16.1,2.2,-3.41,Dropout
1,54,1,8200,1,3,131.8,64,8,41,3,12,149.7,1,0,0,1,0,0,35,0,0,4,11,3,16.187698712539895,0,5,4,6,4,17.975780509907555,0,9.3,2.9,3.23,Dropout
1,6,1,9944,1,1,148.7,66,6,2,5,2,175.1,1,0,0,1,0,0,39,0,0,10,17,20,18.874999734342456,0,5,9,16,18,18.571428571428573,0,15.4,2.7,-2.02,Enrolled
1,2,1,9493,1,2,124.4,43,2,24,2,10,150.9,1,0,0,0,0,0,30,0,0,5,7,3,17.681355700865584,0,1,6,15,0,7.226328226568079,0,10.2,-0.3,0.51,Dropout
1,56,1,7778,1,2,133.1,76,21,2,25,22,175.5,1,0,0,1,1,0,19,0,0,10,12,10,18.861536577140217,0,14,8,12,6,18.571428571428573,1,12.4,3.7,2.2,Graduate
1,57,1,6819,1,6,122.7,4,43,43,6,0,157.0,0,0,0,1,1,1,22,0,0,6,12,4,14.386105018732424,0,2,6,19,6,18.571428571428573,0,15.5,1.7,-0.28,Graduate
1,5,1,9489,1,1,132.1,73,22,40,5,4,168.4,0,0,0,1,1,0,18,1,0,3,1,1,1.3817684942788584,0,1,2,2,1,14.927063115816447,0,10.3,0.3,-3.32,Dropout
1,5,1,5595,1,1,123.0,24,27,2,2,4,155.5,1,0,0,1,0,0,39,0,0,0,0,0,0.08328796675338444,0,1,0,0,1,13.995879748956437,0,9.9,-0.8,0.89,Enrolled
1,50,1,9808,1,1,121.8,10,1,38,2,5,151.5,1,0,0,1,0,0,26,0,0,8,5,12,18.8721515578402,0,1,8,14,3,14.743580201351637,0,10.6,3.7,3.21,Graduate
1,4,1,8964,1,1,132.9,2,15,44,3,3,162.6,1,0,0,1,0,0,18,0,0,1,7,0,0.021714774227859446,0,2,1,1,0,4.846104998071115,0,9.7,-0.7,-2.57,Enrolled
1,4,3,9885,0,2,139.2,9,40,2,1,0,159.1,0,0,0,1,0,0,19,0,0,6,7,3,14.536794688493055,0,3,5,4,1,14.68042344127086,0,12.6,-0.7,-2.55,Dropout
1,1,4,8020,1,1,144.9,48,42,18,6,13,156.1,0,0,0,1,1,0,29,0,0,5,9,2,7.849267251411877,0,1,6,5,8,18.571428571428573,0,9.5,1.1,2.89,Graduate
1,6,1,9439,1,1,141.7,57,34,25,4,15,172.1,1,0,1,1,1,0,21,0,0,10,13,21,18.874995849133477,0,7,9,16,20,18.571428571428573,0,9.7,1.3,-0.99,Dropout
1,3,6,5873,1,1,136.1,72,13,34,10,10,151.6,1,0,0,1,0,1,18,0,0,7,10,14,18.871587004670197,0,2,7,14,14,18.571428571428573,0,14.0,1.6,-1.66,Graduate
1,26,1,9614,1,1,125.8,24,16,43,19,3,152.2,1,0,0,1,1,0,18,0,0,10,3,0,0.04338968535688259,0,3,10,3,0,0.9327279553184421,0,11.7,-0.6,-1.4,Dropout
1,49,3,9480,1,3,130.9,27,44,44,5,16,163.2,1,0,0,1,1,0,24,0,0,3,3,0,0.01173436480584137,0,2,4,0,0,1.2813218732973204,0,9.1,0.0,1.29,Graduate
1,6,1,8983,1,1,129.5,33,41,18,5,18,152.1,0,0,0,1,1,0,19,0,0,6,12,6,18.42449967709923,0,2,5,7,0,8.532460688517572,1,15.3,3.7,-3.55,Dropout
1,5,1,9379,1,1,129.3,33,10,28,4,12,150.2,1,0,0,0,1,0,18,0,0,4,5,0,1.0998406277170754,0,1,4,1,0,2.133918068620382,0,9.3,0.3,2.86,Dropout
1,50,1,9532,1,1,132.3,30,35,28,1,1,151.8,1,0,0,1,0,0,41,0,0,7,4,1,3.209480530858449,0,3,6,7,0,7.2055634578388705,0,11.2,-0.3,1.37,Graduate
1,52,1,9785,1,2,138.7,43,34,44,2,11,163.5,0,0,0,1,1,0,22,0,0,7,10,3,9.600931490224045,0,4,8,12,1,11.452494266736974,0,14.8,2.6,-3.8,Enrolled
1,11,1,8530,1,1,127.9,51,24,41,2,3,156.8,0,0,0,1,0,0,21,0,0,9,7,10,18.84559324908337,0,3,9,20,13,18.571428571428573,0,10.9,2.1,-1.56,Graduate
1,2,1,1103,1,1,117.6,36,10,16,3,3,147.4,0,0,0,1,0,0,18,0,0,6,9,4,13.305034908638453,0,2,5,4,9,18.571428571428573,0,10.9,-0.7,0.0,Graduate
1,54,1,7534,1,1,131.8,44,43,39,1,1,157.6,0,0,0,1,1,0,53,0,0,6,10,2,8.671313273661985,0,2,6,4,2,13.687955513265317,0,11.2,-0.7,-3.24,Graduate
2,2,1,7815,1,2,134.8,23,43,28,9,10,150.0,0,0,0,1,0,1,31,0,0,7,7,0,0.006251937752205919,0,5,7,2,0,1.78037867336096,0,11.2,0.5,-1.2,Graduate
1,1,4,9595,1,1,149.3,89,7,5,11,12,149.4,0,0,1,1,0,0,21,0,0,7,11,6,18.68411693946799,0,2,6,16,3,17.93617442048541,0,9.1,0.8,2.25,Dropout
1,52,1,8887,1,1,134.5,24,8,18,6,2,152.1,0,0,0,1,1,1,21,0,0,6,3,1,0.41704560874828644,0,3,6,4,0,2.5504674363037196,0,10.2,-0.7,2.48,Graduate
1,7,2,6114,1,1,112.5,3,44,34,12,14,153.7,0,0,0,1,1,0,18,0,0,3,3,0,0.007101556526562961,0,3,3,0,0,0.9142949596078436,0,13.4,-0.8,-2.71,Graduate
1,31,1,9320,1,7,124.6,38,42,4,8,19,151.0,0,0,0,1,0,0,23,0,0,6,10,8,18.745107576870222,0,3,5,24,20,18.571428571428573,0,10.4,0.5,-2.71,Graduate
1,5,3,9889,1,1,145.2,29,24,8,2,17,160.5,1,0,0,1,1,1,18,0,0,5,8,4,16.926783665606408,0,1,5,11,1,8.961452164772217,0,9.8,-0.1,0.4,Graduate
1,1,1,9044,1,1,152.2,11,23,2,26,26,174.2,0,0,0,1,0,0,20,0,0,7,8,16,18.87480833285385,0,2,8,19,14,18.571428571428573,0,14.0,2.0,1.16,Graduate
1,50,1,6673,0,1,139.0,40,42,38,11,8,158.1,1,0,0,1,0,0,20,0,0,6,6,9,18.81804610275235,0,7,7,3,3,15.903891413678652,0,12.6,-0.8,0.62,Graduate
2,11,1,9849,1,1,112.3,10,42,25,7,8,148.0,0,0,0,1,1,0,29,0,0,9,12,4,16.11391643507804,0,6,7,19,1,10.861282488888687,3,14.8,2.4,-0.72,Dropout
1,31,1,8900,1,1,150.9,9,4,16,8,15,156.1,1,0,0,1,0,0,18,0,0,6,7,4,16.180893620667604,0,2,7,4,7,18.571428571428573,3,13.8,-0.7,-1.16,Dropout
1,55,1,9475,0,1,144.4,30,44,24,4,8,165.6,0,0,0,1,0,1,19,0,0,8,8,1,0.23635427198253706,0,6,6,5,2,13.570358958317504,0,12.2,-0.8,-1.75,Dropout
2,48,3,8363,1,1,108.0,5,33,34,7,17,151.5,0,0,0,1,0,0,22,0,0,6,6,1,8.91141194258241,0,1,7,4,2,16.263220674541284,3,12.8,-0.5,1.96,Enrolled
1,3,1,7205,1,2,138.1,35,35,2,5,1,163.7,0,0,0,1,0,0,30,0,0,8,9,1,1.2533350096909734,0,6,8,7,1,10.343549891819581,0,11.2,-0.4,-2.39,Graduate
1,30,1,9502,0,1,118.9,31,40,6,18,22,150.9,0,0,0,1,1,0,19,0,0,6,12,5,18.54970517859246,0,2,6,11,0,3.3533119161734777,0,13.6,1.0,-0.65,Enrolled
1,5,1,7064,1,1,144.5,41,41,42,4,9,149.7,1,0,0,1,0,0,22,0,0,6,4,1,0.9549360839393259,0,1,6,0,1,10.120769073841226,0,8.9,-0.8,-2.22,Dropout
1,2,2,9749,1,1,114.4,60,32,24,15,15,149.6,1,0,0,1,1,0,18,0,0,6,8,1,5.8250648098768965,0,4,6,4,1,10.280312425324981,0,13.7,0.0,-3.27,Enrolled
1,1,1,8843,1,1,162.0,96,43,25,8,2,177.0,0,0,0,1,0,0,19,0,0,4,6,0,0.00688055000501226,0,1,4,1,0,1.5973412562651579,0,15.3,-0.8,-3.84,Dropout
1,1,1,9947,1,1,129.1,86,16,41,3,1,156.8,1,0,0,1,1,0,18,0,0,5,5,1,3.738961676722786,0,2,6,6,1,8.25471060195703,0,9.1,1.8,-0.44,Graduate
6,2,1,9869,1,2,128.2,13,7,13,5,11,155.0,1,0,0,1,0,0,19,0,0,7,16,2,12.911990563429649,0,1,5,25,0,3.066096622921684,0,10.3,0.1,-2.58,Enrolled
1,53,2,5980,1,2,147.1,63,33,41,16,33,154.0,0,0,0,1,0,0,18,0,0,5,7,1,0.4362452970720694,0,3,5,2,0,4.530087970474041,0,11.2,-0.7,-2.2,Dropout
1,52,4,9972,1,3,119.6,25,32,31,8,14,157.9,0,0,0,1,0,0,37,0,0,6,8,2,13.319725010972578,0,4,6,6,2,15.702324938218917,1,12.4,-0.8,-0.91,Graduate
1,2,1,9909,1,1,144.0,42,28,10,5,2,161.8,1,0,0,1,0,0,18,0,0,7,6,1,0.17675752997454516,0,4,7,5,2,14.2524287581964,2,9.2,-0.4,-0.35,Dropout
1,7,1,8338,1,1,128.4,78,18,41,1,1,148.5,1,0,0,1,1,1,18,0,0,7,3,7,18.171090137759094,0,2,8,3,9,18.571428571428573,0,11.8,2.8,-0.14,Graduate
1,41,1,8849,1,1,138.0,101,42,3,1,0,157.7,0,0,0,1,0,0,25,0,0,6,9,2,8.532793566337393,0,3,5,2,3,15.840603939683014,0,14.3,3.1,-3.58,Graduate
1,1,1,6342,1,1,113.5,12,37,44,20,13,154.7,0,0,0,1,0,0,18,0,0,6,10,4,14.457136639869978,0,3,6,10,3,17.007591622097173,0,14.6,-0.5,-2.34,Graduate
1,3,1,2030,1,1,127.7,74,43,25,10,17,147.9,0,0,0,1,1,1,24,0,0,4,5,0,0.05961450590023288,0,2,4,1,1,7.9932295328509175,0,15.9,2.9,2.08,Graduate
1,1,1,8771,1,1,120.6,9,25,21,10,34,148.6,0,0,1,0,1,0,21,0,0,7,5,5,17.587380390892875,0,3,6,3,6,18.571428571428573,0,11.3,3.7,1.54,Graduate
1,48,1,9518,1,1,135.0,26,30,10,8,22,150.9,1,0,0,1,1,0,18,0,0,5,8,12,18.873629359110403,0,1,5,20,11,18.571428571428573,0,10.7,-0.1,-3.39,Dropout
1,18,4,8406,1,1,104.6,36,40,39,3,8,151.0,0,0,0,1,0,0,18,0,0,6,10,8,18.833607249929386,0,2,5,14,11,18.571428571428573,0,14.3,3.1,-2.09,Dropout
1,35,1,6709,1,3,129.4,8,43,44,1,4,167.9,0,0,0,1,0,0,46,0,0,10,17,15,18.87491867701585,0,6,10,23,17,18.571428571428573,0,10.1,-0.8,-3.1,Dropout
1,8,4,9388,1,1,130.7,12,14,13,2,11,170.4,1,0,0,1,1,0,24,0,0,10,19,2,5.982578619642552,0,12,8,11,2,14.180880329237546,0,10.4,1.2,0.55,Dropout
1,4,1,9501,0,1,141.6,15,42,33,2,5,164.1,0,0,0,1,1,0,19,0,0,5,7,3,8.738779441044338,0,2,5,6,2,13.802363310452462,0,11.9,0.0,-2.44,Dropout
1,32,4,7414,1,1,129.0,47,31,2,6,8,159.0,1,0,0,0,0,0,18,0,0,5,7,8,18.807352410472276,0,2,5,3,14,18.571428571428573,0,11.8,-0.7,1.39,Graduate
1,7,3,8424,1,1,131.6,28,42,43,1,1,152.1,1,0,0,1,0,1,18,0,0,4,3,0,0.008404444461769111,0,1,5,2,0,0.9012428149401054,0,10.5,0.1,-1.65,Graduate
1,7,1,8736,1,1,147.9,11,9,41,23,35,158.5,1,0,0,1,1,0,18,0,0,8,11,11,18.862469264322172,0,8,9,15,10,18.571428571428573,0,11.1,2.7,1.77,Graduate
1,39,1,9858,1,1,150.3,26,39,35,2,1,159.0,0,0,0,1,1,0,21,0,0,7,11,4,17.83444480564155,0,2,6,1,2,13.629007069861236,0,13.8,-0.3,-3.41,Dropout
1,8,1,9623,1,1,135.2,16,44,44,28,14,151.9,1,0,0,1,0,0,19,0,0,4,4,0,0.018082617644547355,0,2,5,1,0,7.904752924359979,0,10.4,-0.8,-0.4,Graduate
1,3,2,9954,1,1,154.6,16,14,31,2,14,155.4,0,0,0,1,0,1,20,0,0,8,10,6,18.44868007827632,0,3,8,10,1,11.413845951205053,0,9.3,-0.4,1.04,Graduate
1,10,1,9639,1,1,119.1,55,4,28,12,73,165.1,0,0,0,1,0,0,18,0,0,6,10,5,18.411834705930453,0,2,6,6,1,12.133997939834293,0,9.1,2.3,0.32,Dropout
1,3,1,7470,1,1,120.8,30,38,37,25,31,155.2,0,0,1,1,1,0,67,0,0,6,9,15,18.87494526829407,0,3,6,24,6,18.571428571428573,0,11.0,1.2,3.14,Graduate
1,34,1,4089,0,2,108.3,32,7,2,4,7,152.2,0,0,0,0,1,0,40,0,0,4,8,0,0.0070701250315802315,0,3,4,0,0,0.1441088865767192,1,14.2,-0.2,-1.21,Enrolled
1,2,1,9921,1,1,147.2,45,24,32,16,36,149.6,0,1,0,1,1,0,21,0,0,8,12,1,1.6415588172990678,0,1,7,15,1,11.415683628312712,0,16.0,3.7,-0.01,Graduate
2,57,1,9694,1,3,136.2,12,42,23,9,10,149.2,0,0,0,0,0,0,28,0,0,7,10,1,0.3982095642786977,0,1,8,16,1,10.680869723122406,0,13.4,0.6,-3.05,Dropout
1,17,1,5271,1,1,134.0,56,41,44,3,1,151.6,0,0,0,1,0,1,28,0,0,6,8,5,17.35545628813683,0,6,6,8,5,18.3873385624131,0,11.2,-0.8,-2.71,Enrolled
2,38,1,7912,1,1,132.7,3,44,32,12,9,157.6,0,0,0,1,1,0,33,0,0,8,10,3,11.688789682540405,0,5,9,11,1,10.568475802951312,0,9.2,3.1,2.07,Dropout
1,37,1,9528,1,2,149.6,74,33,24,1,0,167.4,0,0,0,1,0,0,39,0,0,8,14,5,17.22288798970619,0,6,8,23,7,18.571428571428573,0,15.5,-0.6,0.61,Graduate
2,17,1,8890,0,2,128.5,86,2,17,5,8,152.2,1,0,0,0,0,0,24,0,0,7,11,4,17.653232381882532,0,2,6,11,3,16.764325923507307,0,13.8,-0.1,-1.36,Dropout
1,25,1,7720,1,1,158.2,32,36,25,3,7,165.4,1,0,0,1,0,0,18,0,0,5,5,8,18.798873369081335,0,2,5,2,2,15.56357889020457,0,12.9,0.1,-0.88,Dropout
1,6,1,9613,1,1,151.5,24,27,42,2,6,158.2,1,0,0,1,0,1,18,0,0,5,6,7,18.675905983481677,0,1,6,2,8,18.571428571428573,1,9.1,-0.3,1.93,Dropout
2,10,1,8728,1,1,139.9,26,44,44,21,36,152.4,1,0,0,0,0,1,18,0,0,7,16,4,17.039902950192083,0,4,8,12,2,12.520591410335186,4,10.1,-0.4,2.03,Enrolled
1,1,1,9468,1,1,148.9,8,44,34,2,4,152.1,0,0,0,1,0,1,18,0,0,6,9,5,18.475788077515364,0,1,6,5,3,17.061365737124863,0,10.6,2.5,-3.87,Dropout
1,1,1,8948,1,1,127.2,18,2,6,9,7,152.5,1,0,0,1,0,0,18,0,0,6,9,17,18.874998579423824,0,1,7,17,15,18.571428571428573,0,9.8,2.7,3.22,Graduate
1,16,1,4912,1,1,124.0,29,21,30,1,1,149.4,0,0,1,1,0,1,23,0,0,5,4,0,0.15570275943768178,0,2,4,4,2,15.140255725292228,0,12.1,1.0,-3.11,Graduate
4,1,1,6014,1,1,131.7,53,39,6,5,23,153.7,1,0,0,1,0,0,18,0,0,5,6,4,15.423731019770832,0,2,7,3,9,18.571428571428573,0,14.3,-0.4,2.15,Graduate
1,15,1,9443,1,1,124.1,3,22,4,18,12,150.3,0,0,0,1,1,1,20,0,0,5,4,4,15.297298964610107,0,2,6,4,3,15.678534927852645,1,9.1,0.4,3.03,Graduate
1,2,1,5311,1,1,159.3,67,18,39,12,34,155.8,0,0,0,1,1,0,19,0,0,5,2,1,0.9080713799410673,0,6,5,1,3,16.61108553617705,0,10.4,1.6,3.36,Graduate
1,42,1,7579,1,2,126.1,6,44,23,3,0,149.2,0,0,0,0,1,0,19,0,0,8,15,1,0.6368731301629512,0,13,7,18,2,11.588301697262011,0,9.3,0.2,-1.67,Dropout
1,10,5,8426,1,1,130.3,14,4,17,26,23,146.8,0,0,0,1,0,1,21,0,0,5,3,2,8.138272535420374,0,1,5,9,4,17.52841506506533,0,12.5,0.1,1.79,Graduate
1,15,1,5146,1,1,148.6,9,44,44,5,6,163.0,0,0,1,1,0,0,18,0,0,4,0,1,1.198774586864321,0,8,4,0,7,18.536678268148968,0,10.1,1.3,2.49,Graduate
1,57,1,9944,1,1,98.8,2,41,23,8,18,149.4,1,0,0,1,1,0,24,0,0,11,18,6,17.708271175891472,0,7,9,18,2,12.932437151115828,0,12.3,-0.4,-2.67,Dropout
1,1,2,5599,1,1,121.2,71,42,44,8,9,153.1,1,0,0,1,0,0,18,0,0,6,11,11,18.865843224814633,0,8,5,2,5,17.92464115790244,0,11.2,-0.8,-1.83,Graduate
1,1,4,9711,1,3,148.2,55,43,40,5,10,153.2,1,0,0,1,0,1,18,0,0,8,12,26,18.874999997705945,0,6,9,13,20,18.571428571428573,0,14.1,0.7,0.07,Graduate
1,15,1,9110,0,2,143.2,99,33,8,11,20,161.2,0,0,0,1,1,0,21,0,0,5,7,3,15.916726451161978,0,2,6,3,2,12.839833645242198,0,13.7,0.4,-4.0,Graduate
4,57,3,9931,1,3,144.5,6,14,35,7,3,171.3,1,0,1,1,0,0,39,0,0,7,6,0,0.023820590382858324,0,5,6,0,0,1.1036743796144044,0,12.3,0.3,0.85,Enrolled
1,1,3,8437,1,1,136.9,94,29,3,4,9,156.8,1,0,0,1,0,0,24,0,0,7,9,15,18.873760972127585,0,3,7,14,13,18.571428571428573,0,14.9,1.5,-2.83,Graduate
1,56,1,7329,1,8,133.0,31,41,44,11,0,152.8,0,0,0,1,1,0,37,0,0,8,11,12,18.871903510857443,0,5,7,16,17,18.571428571428573,1,13.2,0.2,2.3,Dropout
1,1,5,9466,1,4,126.9,9,1,30,3,4,159.2,0,0,1,0,0,0,25,0,0,8,12,6,18.57539294633273,0,4,7,9,7,18.571428571428573,2,15.8,2.1,-2.85,Graduate
1,23,1,9667,1,3,137.9,22,44,44,9,17,173.7,1,0,0,1,0,0,18,0,0,5,7,1,3.1778941872864785,0,1,5,1,0,8.367710063729646,0,9.8,0.9,2.01,Graduate
1,2,1,8452,1,1,121.1,19,2,2,3,24,148.1,1,0,0,1,1,0,32,0,0,9,15,8,18.58961418209885,0,4,9,27,10,18.571428571428573,0,14.4,3.5,-3.28,Graduate
5,22,3,9558,1,2,123.7,27,37,41,26,12,154.7,1,0,0,1,0,1,18,0,0,8,11,9,18.826832784666905,0,8,9,18,6,18.571428571428573,0,11.5,1.6,2.99,Graduate
1,1,1,6967,1,1,136.0,18,33,2,5,11,148.1,1,0,0,1,1,0,25,0,0,5,5,1,0.14182959830436315,0,2,6,6,1,11.096887545484687,0,15.0,-0.8,0.8,Dropout
1,24,1,7578,1,5,147.0,74,1,6,11,3,172.2,1,0,0,1,1,0,18,0,0,7,12,1,3.381989915881541,0,3,8,4,0,0.7177147408956492,0,13.1,0.9,-3.2,Enrolled
4,22,1,8515,1,1,119.6,30,44,44,7,5,153.4,1,0,0,1,1,0,20,0,0,8,11,3,12.759038178453352,0,8,8,11,2,11.903480272269244,1,9.4,-0.1,-0.54,Dropout
1,1,4,7931,1,1,107.5,5,43,38,42,41,147.2,1,0,0,1,1,0,19,0,0,6,1,0,0.013214679962987738,0,1,7,2,0,4.595973803181074,0,13.6,1.2,3.04,Graduate
1,22,1,7066,1,1,153.3,94,5,30,31,18,150.6,1,0,0,1,0,0,18,1,0,4,8,7,18.68682267160577,0,1,5,7,6,18.571428571428573,0,15.1,2.5,-1.35,Graduate
1,56,1,5512,1,11,129.2,13,7,15,1,1,168.9,1,0,0,1,0,1,19,0,0,6,8,0,0.1757038641804556,0,2,6,2,0,2.7451381143908384,0,9.9,-0.0,-0.49,Graduate
1,42,1,5294,1,1,133.3,27,42,11,19,23,158.0,0,0,0,1,1,0,26,0,0,3,0,0,0.0060624676366407785,0,3,2,0,0,0.45960604132970306,0,9.0,1.1,2.13,Dropout
1,17,4,6170,1,1,143.9,35,22,20,11,4,160.0,0,0,1,1,0,1,19,0,0,4,4,4,16.211640109517113,0,1,5,4,7,18.571428571428573,0,15.6,-0.2,-1.67,Dropout
1,1,1,2463,1,1,149.5,16,1,6,12,5,153.5,0,0,0,1,1,1,18,0,0,6,12,15,18.874969696466575,0,1,6,22,3,15.17749422297497,0,10.5,0.1,0.35,Graduate
1,52,1,6809,1,2,123.4,88,7,2,2,3,157.9,0,0,0,1,0,0,21,0,0,8,11,5,18.26991224197809,0,4,8,8,1,12.326081941249138,0,10.0,3.2,1.99,Dropout
1,43,1,9940,1,3,136.2,3,43,18,19,19,161.8,0,0,0,1,0,0,19,0,0,11,14,12,18.864173002177004,0,6,9,15,11,18.571428571428573,0,15.1,3.7,2.72,Graduate
2,41,1,9917,0,3,130.3,35,34,44,8,9,153.0,1,0,1,0,0,0,18,0,0,5,11,9,18.86957326526007,0,4,7,14,8,18.571428571428573,0,9.1,-0.3,2.81,Dropout
1,17,1,9737,1,1,125.4,17,43,44,4,1,147.4,0,0,0,1,0,1,42,0,0,10,12,8,18.571620323378376,0,5,9,18,3,16.483791242600393,0,9.4,0.8,1.12,Dropout
1,12,1,6478,1,2,137.8,93,24,37,9,20,152.1,1,0,1,1,1,1,28,0,0,10,15,2,12.618176941333434,0,3,9,26,1,13.295361592541777,0,13.3,3.7,2.12,Dropout
1,13,1,9646,1,1,130.5,57,24,6,4,16,161.3,1,0,0,1,1,0,33,0,0,5,6,1,0.992636507176933,0,1,6,5,3,15.614350866715675,0,13.3,-0.8,-3.7,Graduate
1,49,1,5230,1,5,136.5,47,41,11,8,4,160.1,0,0,0,1,0,0,22,0,0,4,10,1,2.358626051008722,0,4,4,9,0,6.715299109215025,0,11.6,0.1,2.12,Enrolled
1,1,1,9302,0,1,130.9,36,4,6,11,37,152.9,1,0,0,1,0,1,35,0,0,4,6,2,6.1402516200825845,0,1,4,6,1,11.94271452730493,0,10.0,-0.6,2.87,Enrolled
1,53,1,9941,1,2,144.3,60,27,6,7,5,149.8,0,0,0,1,0,0,18,0,0,8,10,4,16.37041124462259,0,2,9,16,3,14.716780622995122,2,9.4,2.3,1.67,Enrolled
1,38,1,3892,1,2,131.7,10,14,3,7,14,153.6,1,0,0,1,0,0,30,0,0,5,12,2,7.402697559551616,0,3,6,5,1,10.8012535653644,0,15.4,0.1,-0.23,Graduate
1,18,1,7393,1,1,123.9,98,34,15,5,14,161.8,0,0,0,1,0,0,18,0,0,6,15,10,18.87278701632363,0,2,5,27,4,17.70178585357526,0,9.9,-0.1,0.73,Graduate
1,1,3,8614,1,1,139.9,69,43,8,14,4,161.5,1,0,0,1,0,1,18,0,0,2,4,4,18.600510320582355,0,1,3,10,3,18.11837366155091,0,12.7,0.6,-0.92,Enrolled
1,54,3,9688,1,1,135.4,21,34,38,6,3,152.4,1,0,0,1,0,0,45,0,0,3,0,0,0.025203825314791088,0,1,2,1,0,2.984872686798507,0,13.2,0.2,-1.76,Graduate
1,38,3,9110,1,1,141.2,90,39,43,20,24,151.9,1,0,0,1,1,1,22,0,0,9,13,4,15.30137665340951,0,6,8,15,3,16.327439007779454,0,15.4,-0.7,-1.59,Dropout
4,49,1,9008,1,2,128.0,32,7,44,16,74,155.0,1,0,0,1,0,0,25,0,0,7,10,6,16.625106518074414,0,4,8,6,15,18.571428571428573,0,11.3,3.7,3.32,Graduate
1,17,1,9921,1,1,115.0,74,44,10,15,27,152.5,0,0,0,0,0,1,28,0,0,3,2,0,0.005966414041378962,0,1,4,0,0,0.011327089252634887,0,13.9,1.3,-0.54,Dropout
1,17,1,9312,1,2,124.6,69,6,9,8,1,155.8,0,0,1,1,0,0,21,0,0,4,5,1,3.8189848240313897,0,1,5,4,0,10.09936312875027,0,15.9,2.5,-3.49,Enrolled
1,2,1,9312,1,2,135.8,26,10,3,23,16,151.2,0,0,0,1,0,1,18,0,0,7,5,3,15.673864018725194,0,1,8,7,4,17.679714328311796,0,15.3,0.5,-1.46,Dropout
1,21,2,2993,1,2,134.8,8,35,42,40,29,160.9,1,0,0,1,0,1,24,0,0,4,6,0,0.03857821681505405,0,2,4,0,0,0.7389600913469943,0,10.1,-0.8,1.24,Enrolled
1,34,2,8405,1,1,136.7,64,39,13,3,9,154.1,1,0,0,1,0,0,18,0,0,6,7,6,18.657684586631643,0,5,6,4,7,18.571428571428573,0,9.1,-0.8,3.14,Enrolled
1,14,5,3365,1,1,136.5,100,9,7,24,31,160.3,1,0,0,1,0,1,18,0,0,6,11,6,18.57976591003371,0,4,6,2,1,9.170493133392691,1,9.8,-0.8,1.13,Graduate
1,48,1,9491,0,1,121.8,45,35,39,5,10,148.5,1,0,0,1,0,0,19,0,0,5,8,1,1.7348481736155053,0,1,5,7,1,13.736195877589271,0,13.0,-0.6,-0.72,Graduate
1,1,1,8332,1,1,140.8,24,3,7,5,2,163.8,1,0,0,1,0,0,18,0,0,6,10,1,0.6376784779721265,0,6,5,7,3,17.082197508044352,0,11.3,-0.7,3.1,Enrolled
1,13,1,4630,1,1,117.1,15,44,44,6,7,154.3,0,0,0,1,0,0,29,0,0,8,7,3,10.25500995380778,0,5,8,8,4,17.982113496289838,0,9.2,2.2,2.61,Graduate
4,42,1,9187,1,2,136.9,2,21,3,1,3,154.0,0,0,0,0,1,0,49,0,0,3,6,0,0.005974747813212492,0,2,3,1,0,0.5406139712686607,0,11.7,-0.8,1.55,Enrolled
1,23,1,8618,1,2,139.6,10,15,2,15,26,156.6,0,0,0,1,0,1,18,0,0,6,8,11,18.86053687440127,0,7,6,11,15,18.571428571428573,0,10.2,-0.5,2.6,Dropout
1,1,1,7006,1,1,123.6,70,10,2,5,8,146.7,1,0,0,1,0,0,18,0,0,9,13,3,9.966163479472067,0,2,9,7,1,10.843419156303018,0,11.8,-0.1,0.27,Dropout
1,55,1,9964,0,1,130.0,13,44,44,36,35,159.6,0,0,0,1,1,1,22,0,0,6,9,8,18.81962018813716,0,1,7,16,6,18.571428571428573,0,15.6,3.5,-2.29,Graduate
1,2,1,3873,1,1,137.5,67,4,38,5,2,165.8,0,0,0,1,1,0,18,0,0,5,9,1,3.033706173856185,0,1,5,1,1,13.905796562479333,0,11.2,0.5,-0.27,Graduate
1,30,1,6940,1,1,140.6,49,7,5,1,2,154.6,1,0,0,1,0,1,25,0,0,0,0,0,0.02214440779338655,0,1,1,1,0,0.7433057435252789,0,13.7,2.1,-3.57,Enrolled
1,23,3,8867,0,1,158.9,23,43,10,7,6,155.6,1,0,0,1,0,0,18,0,0,12,20,7,17.16086440220096,0,10,11,15,3,16.48663304432852,0,13.0,-0.8,-1.31,Graduate
1,20,2,8715,1,1,99.9,13,9,2,27,4,147.8,0,0,0,1,0,0,18,0,0,2,2,1,1.3004095219096286,0,1,4,1,1,9.9575309555065,1,12.8,2.4,-1.75,Enrolled
1,20,1,9933,1,1,104.3,56,44,44,8,27,151.5,1,0,0,0,1,1,44,0,0,4,5,1,3.448438996099735,0,1,3,12,3,18.03501901584449,0,9.3,3.7,2.29,Dropout
6,20,1,9691,1,2,124.3,25,28,8,3,4,161.3,1,0,1,1,0,0,34,0,0,5,9,1,5.07866497165279,0,5,6,7,3,17.24760550870716,0,11.4,-0.8,-3.37,Dropout
1,30,2,9913,1,2,151.7,43,10,44,13,21,163.6,0,0,0,1,1,1,32,0,0,7,8,8,18.734926536717666,0,3,6,16,13,18.571428571428573,0,10.4,-0.8,-2.77,Graduate
1,57,2,9697,1,1,115.6,30,40,26,9,1,155.3,1,0,0,1,0,0,18,0,0,5,5,3,14.741779703663067,0,1,5,3,2,13.62494973470623,0,10.4,-0.3,1.62,Dropout
1,54,1,8701,1,2,147.1,78,16,19,11,22,165.3,1,0,0,1,1,0,20,0,0,11,14,8,18.803948504708423,0,8,11,23,1,8.208176341274672,0,10.8,-0.4,0.82,Dropout
1,32,1,8353,1,1,134.0,10,42,33,52,20,152.9,0,0,0,0,0,0,20,0,0,4,10,8,18.851063044855035,0,1,4,12,7,18.571428571428573,0,14.2,0.1,-0.26,Dropout
1,23,6,6169,1,1,122.2,4,44,9,9,7,148.0,1,0,0,0,1,0,32,0,0,3,0,0,0.006145447783387185,0,1,3,1,0,4.675808357715362,0,9.7,3.4,1.58,Graduate
1,1,1,8226,1,2,120.0,13,44,44,2,3,150.2,0,0,0,1,0,1,18,0,0,9,5,10,18.8146765790798,0,4,8,5,13,18.571428571428573,0,9.2,0.4,2.56,Graduate
1,12,1,9895,1,1,143.2,103,21,22,3,1,160.6,0,0,1,1,0,0,18,0,0,8,9,20,18.874998462585935,0,2,8,24,12,18.571428571428573,0,10.5,-0.8,-1.34,Dropout
1,56,3,7767,1,1,133.2,5,17,43,14,17,152.1,0,0,0,1,0,0,18,0,0,3,8,3,16.177679361775027,0,1,3,6,2,16.20107059770587,0,9.5,-0.0,2.87,Dropout
1,10,5,9206,1,1,135.9,73,2,13,1,0,164.7,1,0,0,1,0,0,18,0,0,5,5,3,14.05892735957393,0,1,5,3,1,13.400532854398186,0,11.0,-0.3,0.41,Dropout
2,8,1,6144,1,1,151.0,68,44,39,2,0,167.3,1,0,0,1,0,0,23,0,0,6,6,1,0.9015586378531997,0,1,5,7,2,14.713893635033449,0,11.8,2.4,-2.2,Graduate
2,4,1,9344,1,1,146.0,65,38,44,9,16,155.8,0,0,1,1,1,0,44,0,0,7,14,6,18.52264917117152,0,6,7,16,13,18.571428571428573,0,10.4,-0.7,-2.73,Dropout
1,43,1,8530,1,2,154.5,57,39,16,8,27,174.8,0,0,0,1,0,0,18,0,0,4,11,4,18.568655783559485,0,2,4,7,2,17.113592217980695,0,13.2,-0.4,0.04,Enrolled
4,5,2,8372,1,1,100.0,20,44,41,11,6,148.9,0,0,0,1,0,0,23,0,0,5,13,19,18.87499990671955,0,1,4,11,4,18.06107868114689,0,11.1,0.7,0.51,Graduate
1,4,1,7704,1,1,124.1,68,42,3,7,5,159.3,1,0,0,1,0,0,18,0,0,3,4,0,0.5910969673993908,0,1,3,0,0,1.7920109998000373,0,9.4,1.9,1.08,Graduate
1,6,1,9635,1,5,123.0,54,11,4,1,1,156.1,0,0,0,1,1,0,18,0,0,10,13,7,18.44327761971119,0,11,8,17,3,15.084763571440158,0,15.0,-0.7,-3.21,Graduate
2,57,1,9220,0,2,135.6,9,44,44,1,0,148.5,0,0,0,1,1,1,47,0,0,8,13,4,13.475693007287248,0,11,7,6,6,18.372920725493053,0,12.8,1.8,-1.8,Graduate
1,1,1,9353,1,3,132.2,12,2,3,2,2,172.7,1,0,0,1,0,0,18,0,0,5,4,2,10.360043183207704,0,2,5,2,1,8.748439889647415,0,13.4,3.2,-3.15,Graduate
1,34,1,8888,1,1,141.3,54,24,22,8,18,166.9,0,0,0,1,0,0,18,0,0,5,7,11,18.86650740656853,0,2,6,30,3,17.102258741806722,0,14.7,0.3,-2.21,Graduate
1,42,1,8722,1,1,120.5,20,41,29,13,10,148.9,0,0,0,1,1,1,33,0,0,6,5,1,0.7644272973932404,0,1,6,2,1,8.176780013773186,0,9.2,0.5,0.25,Graduate
1,32,4,7926,1,1,134.5,31,2,41,80,49,148.2,0,0,0,1,0,1,18,0,0,4,6,13,18.874040705625625,0,2,4,4,17,18.571428571428573,0,10.9,0.3,1.96,Enrolled
2,19,1,8191,1,4,120.3,33,44,44,4,12,156.7,0,0,0,0,0,0,21,0,0,9,9,8,18.82455207962522,0,4,8,6,2,13.858354631362781,0,9.2,2.6,0.44,Dropout
1,1,1,8658,1,2,114.5,29,16,4,5,11,153.6,0,0,0,1,0,0,18,0,0,11,8,1,1.2566821641536703,0,11,10,7,2,12.776519446137712,0,10.1,0.7,-0.51,Graduate
1,56,1,9586,1,1,144.3,20,31,40,4,1,153.8,1,0,0,1,0,1,41,0,0,4,5,1,2.3982544390553584,0,2,5,1,0,1.7091869106974895,0,11.1,2.1,-2.7,Dropout
1,2,2,9766,1,1,104.3,95,6,19,11,2,148.9,0,0,1,1,1,0,18,0,0,10,13,10,18.859587231291705,0,2,9,22,3,15.756105306187747,0,11.2,-0.2,0.93,Dropout
1,8,1,7522,1,1,128.0,27,44,4,2,1,149.4,0,0,0,1,1,0,23,0,0,5,4,6,18.410131132732563,0,3,5,5,5,18.48625574463818,4,12.3,-0.8,-2.06,Enrolled
1,1,2,9871,1,1,131.0,36,16,22,2,2,153.6,0,0,0,1,0,0,18,0,0,7,16,11,18.866260666402297,0,1,7,31,6,18.397799613586546,2,15.2,-0.7,-4.02,Graduate
1,21,1,9136,1,1,122.2,51,44,7,31,18,159.4,1,0,0,1,0,0,19,0,0,7,12,14,18.873086838961072,0,2,8,30,13,18.571428571428573,3,9.3,1.3,2.22,Graduate
1,11,1,9441,1,3,133.7,4,5,20,8,2,156.3,1,0,1,1,1,0,23,0,0,7,12,2,7.796913713539653,0,1,7,12,8,18.571428571428573,0,9.6,-0.5,0.69,Dropout
1,57,1,7324,0,1,135.5,23,24,4,1,2,157.1,1,0,0,1,0,0,21,0,0,5,5,0,0.036905884618323004,0,2,4,0,0,4.722369331929454,0,12.1,1.6,-1.35,Dropout
1,2,2,8496,1,1,137.3,11,27,44,8,3,156.9,1,0,0,1,0,0,18,0,0,1,3,1,3.4064661563372067,0,1,2,0,1,11.413735956129143,0,12.4,1.6,1.47,Enrolled
1,5,1,9932,1,1,122.1,7,18,17,19,7,152.7,0,0,0,1,1,0,19,0,0,10,10,17,18.874442079068015,0,11,11,8,20,18.571428571428573,0,10.7,-0.4,2.45,Graduate
1,55,1,5979,1,1,102.7,83,17,15,1,6,151.2,0,0,0,1,1,0,26,0,0,7,15,8,18.86098598546846,0,5,8,8,1,10.68177239843407,0,9.6,1.6,2.02,Graduate
1,12,1,9803,1,2,121.6,14,6,39,5,7,160.2,0,0,0,1,0,1,41,0,0,4,13,11,18.87494573357428,0,1,5,23,4,18.558512214673314,0,15.9,-0.8,-2.49,Graduate
1,39,1,6594,1,1,134.5,45,40,8,19,17,151.3,1,0,0,1,0,1,18,0,0,3,5,2,6.729787839926385,0,1,3,0,0,7.103939989084769,0,14.3,-0.0,0.3,Graduate
2,55,1,9929,1,13,138.8,2,5,3,23,45,165.7,0,0,0,1,0,0,25,0,0,4,2,0,0.00970070717557869,0,1,4,1,0,7.028175454740842,0,9.4,3.5,-0.55,Dropout
1,26,1,7346,1,1,163.9,68,1,12,4,3,157.4,0,0,0,1,0,0,20,0,0,7,6,1,0.17011725728434746,0,4,7,2,0,5.593654047573249,0,12.9,1.0,-2.94,Dropout
1,1,1,8660,1,1,140.5,7,20,20,5,3,156.5,0,0,0,1,0,0,18,0,0,10,13,3,4.258264830583481,0,4,8,25,1,11.257921539444583,0,13.3,3.7,-1.89,Dropout
1,41,1,9645,1,1,115.7,94,36,43,5,8,153.6,0,0,0,1,0,0,37,0,0,8,13,5,18.053967508426194,0,5,8,13,1,8.566296441051733,0,10.9,-0.6,-1.84,Enrolled
1,1,1,4064,1,1,133.1,107,2,3,3,5,155.5,1,0,0,0,1,0,20,0,0,4,5,0,0.006012348655916547,0,2,4,0,0,1.182593539852885,0,9.4,1.2,0.04,Graduate
1,30,1,7484,1,3,122.5,9,17,43,6,3,164.5,0,0,0,0,0,0,53,0,0,6,4,2,6.671832801705078,0,3,6,1,1,9.298892954282007,0,15.1,-0.8,-2.75,Dropout
1,1,1,7815,1,3,159.9,32,14,2,2,4,158.6,1,1,0,1,0,1,18,1,0,7,9,2,11.152694123960934,0,2,7,8,1,9.60015590211557,0,9.5,0.2,2.56,Dropout
1,50,1,6341,1,3,141.0,67,44,44,35,23,169.7,1,0,0,1,0,0,22,0,0,8,9,3,5.645683087645639,0,13,6,11,6,18.497772634175984,0,8.9,-0.7,3.15,Graduate
1,27,2,5886,1,2,125.6,5,37,11,15,12,149.0,1,1,0,1,1,0,21,0,0,7,7,1,2.0169286516777407,0,1,7,15,0,5.986709113268512,0,9.3,-0.7,-2.13,Dropout
1,2,6,9039,1,1,133.3,51,9,2,5,15,157.3,1,0,0,1,0,1,18,0,0,7,6,1,3.15122317897677,0,1,6,8,1,12.671180185872169,0,8.9,0.4,2.64,Graduate
2,1,1,9825,1,1,124.2,17,31,25,3,2,149.8,0,0,0,1,1,0,25,0,0,5,10,20,18.874995478320287,0,2,6,16,20,18.571428571428573,0,9.2,0.2,-2.14,Graduate
1,9,1,8235,1,1,125.9,44,18,7,4,5,147.7,0,0,0,1,0,0,20,0,0,9,11,9,18.84187771253253,0,4,8,22,3,15.743613730504373,0,9.5,-0.7,3.42,Graduate
1,23,1,4938,1,1,119.5,8,1,44,8,12,161.0,1,0,0,0,1,1,18,0,0,7,11,17,18.874617598785836,0,3,6,17,20,18.571428571428573,0,9.9,3.6,3.12,Enrolled
1,11,2,6000,1,1,142.6,71,3,28,1,5,170.1,1,0,0,1,0,0,19,0,0,3,2,0,0.010389296352536066,0,3,3,0,0,2.293717683363546,0,13.1,2.1,-3.28,Dropout
1,13,1,7106,1,3,116.6,18,43,7,3,6,160.1,1,0,0,1,0,0,26,0,0,8,8,14,18.873637443205727,0,3,7,11,20,18.571428571428573,0,12.4,1.5,-2.84,Graduate
1,14,1,9767,1,1,130.3,89,38,44,6,9,164.3,1,0,0,0,0,0,18,0,0,7,11,1,2.1832031630717577,0,4,6,6,0,1.754117986249639,0,9.5,-0.8,2.84,Dropout
1,3,6,6039,1,1,116.5,37,7,6,1,2,154.2,1,0,0,1,0,0,18,0,0,7,9,2,8.478824358534442,0,4,8,10,0,5.367132020802416,0,9.2,-0.7,0.48,Dropout
1,16,3,9047,1,1,135.1,41,42,19,3,1,156.1,0,0,0,1,0,1,19,0,0,7,8,11,18.869025672630258,0,5,8,7,5,18.209053849250026,0,9.8,-0.3,1.04,Dropout
1,45,1,9086,1,3,127.4,6,44,13,2,3,165.6,1,0,0,1,0,0,18,0,0,2,1,1,0.8942056929177225,0,1,2,0,1,8.160809170394465,0,10.6,-0.0,2.76,Enrolled
1,21,2,6833,1,2,119.0,3,15,6,2,1,150.1,1,0,0,1,0,1,18,0,0,4,1,0,0.11293363878423697,0,1,5,0,0,5.268817707753892,0,13.9,0.3,0.43,Dropout
1,2,1,7359,1,11,132.2,37,6,36,1,2,166.9,1,0,1,1,0,1,59,0,0,5,13,6,18.4771759384403,0,4,5,9,1,10.689200391716447,0,11.8,0.9,-0.5,Dropout
4,37,6,7331,1,1,123.5,10,44,40,8,8,150.5,0,0,0,1,0,0,20,0,0,3,10,0,0.00672256079295123,0,3,3,0,0,0.830743351181241,0,11.9,-0.6,2.24,Dropout
1,23,1,9137,1,1,146.6,44,20,36,13,11,167.3,1,0,0,1,0,0,19,0,0,7,9,6,18.343334802337594,0,1,7,13,6,18.571428571428573,0,12.4,3.1,-2.76,Dropout
1,7,1,5790,1,5,102.4,36,26,4,4,1,154.3,0,0,0,0,0,0,34,0,0,6,3,0,0.007744675224742482,0,4,7,3,0,0.18820759028226436,0,13.4,1.5,2.36,Enrolled
1,6,1,6262,1,1,134.5,67,14,26,4,3,158.7,1,0,0,1,0,1,18,0,0,3,7,1,6.291775091152831,0,1,4,2,0,2.064114649692724,3,14.3,-0.8,-4.06,Graduate
1,13,4,9091,1,1,122.1,25,19,22,15,15,160.8,1,0,0,1,0,0,26,0,0,10,11,5,17.304795091310087,0,3,8,17,2,14.329962908927062,0,10.1,2.8,2.58,Dropout
1,1,1,8727,1,4,125.1,3,3,4,9,10,159.8,0,0,0,1,0,1,23,0,0,7,10,23,18.87499977677119,0,3,7,24,20,18.571428571428573,4,15.6,1.0,-3.08,Graduate
1,50,3,9959,1,1,137.5,37,2,4,5,8,152.6,0,0,0,1,1,0,19,0,0,7,11,10,18.868907793801345,0,4,8,31,12,18.571428571428573,0,15.3,3.7,-2.17,Graduate
1,1,1,9825,1,1,106.9,16,26,3,7,18,151.7,0,0,0,1,1,0,23,0,0,4,6,7,18.826655173833547,0,1,3,10,8,18.571428571428573,0,11.7,3.7,0.51,Graduate
1,42,1,9564,1,1,114.5,61,14,3,9,21,148.8,1,0,0,0,0,0,21,0,0,7,13,2,12.616136696091054,0,3,6,6,0,2.0967945887046615,0,10.6,1.4,2.32,Enrolled
1,2,1,9809,1,2,142.6,49,20,4,12,6,160.9,1,0,0,1,1,0,22,0,0,7,9,8,18.72375221186932,0,3,7,18,6,18.571428571428573,0,12.0,1.5,-0.44,Graduate
1,5,1,6141,1,1,135.2,11,10,6,12,18,150.4,1,0,0,1,1,1,18,0,0,6,3,2,8.460221840281678,0,1,6,9,6,18.571428571428573,0,13.1,-0.7,-0.54,Graduate
1,42,1,8850,1,8,134.7,71,22,25,6,11,166.1,0,0,0,1,0,0,36,0,0,4,4,6,18.480035408505483,0,1,5,4,3,17.461815927928285,0,15.1,3.4,-2.85,Dropout
1,1,1,7428,1,1,134.1,65,3,3,44,43,157.1,0,0,1,1,0,0,18,0,0,5,3,3,10.432945896161767,0,1,7,6,4,16.878343339953165,0,12.6,-0.8,-0.41,Enrolled
1,14,1,9795,1,1,141.2,5,40,22,3,3,157.4,1,0,0,1,0,0,19,0,0,8,13,2,10.072154199886162,0,2,7,2,1,9.604843561061989,0,14.4,2.8,-3.97,Graduate
1,6,1,9585,1,1,128.6,59,43,6,2,2,149.5,1,0,0,1,0,0,36,0,0,10,13,5,18.023100383004923,0,2,9,11,5,17.28817783546512,0,9.3,2.8,1.23,Enrolled
1,19,2,7647,1,1,150.7,53,31,24,5,13,152.7,1,0,0,1,1,0,18,0,0,3,6,3,15.00193306369791,0,1,3,14,2,15.605195729858442,0,10.5,3.7,0.44,Dropout
1,50,1,9184,1,2,136.1,50,41,44,2,2,156.0,1,0,0,1,1,0,18,0,0,2,4,1,1.2239920182334376,0,1,3,2,1,10.124095773529318,0,11.9,-0.6,-1.57,Graduate
1,27,3,3315,1,1,116.6,40,42,43,15,32,151.3,0,0,0,1,1,1,18,0,0,3,1,1,0.7886461125543944,0,1,4,1,0,6.443892228053978,0,10.3,0.7,2.5,Graduate
1,30,3,8738,1,5,139.5,2,29,26,4,4,163.1,0,0,0,1,1,0,23,0,0,6,13,2,10.40189545943863,0,3,6,10,2,15.788052612464472,0,15.1,2.2,-3.91,Dropout
2,57,2,9988,1,1,138.5,72,44,2,12,5,154.3,0,0,0,0,0,0,28,0,0,8,14,7,18.646264914934086,0,2,8,16,6,18.571428571428573,0,15.6,0.1,-3.71,Dropout
1,1,1,8610,1,1,127.9,14,44,2,13,15,150.5,1,0,0,1,1,0,18,0,0,5,7,2,5.743142578187308,0,1,5,1,8,18.571428571428573,0,8.9,0.9,2.47,Graduate
1,1,1,8661,1,1,132.6,46,43,17,8,16,150.1,1,0,0,1,1,0,18,0,0,9,12,3,17.25783921955027,0,3,9,12,1,12.688062176073684,0,8.9,1.3,3.46,Dropout
2,2,2,8995,1,1,131.5,93,26,2,13,28,152.4,1,0,0,1,0,1,19,0,0,9,14,17,18.87499929032084,0,3,8,28,7,18.571428571428573,0,13.2,-0.1,-1.71,Enrolled
2,48,3,8850,0,1,145.8,45,33,27,3,6,158.8,1,0,0,0,0,0,18,0,0,7,10,4,14.903440324494985,0,3,6,3,2,14.465217813338938,0,13.8,-0.8,1.23,Graduate
1,8,1,7163,1,1,151.7,83,15,4,15,5,162.6,1,0,0,1,0,0,19,0,0,5,10,1,0.5326940995787147,0,3,5,6,1,9.216074242064236,0,11.6,0.8,1.76,Dropout
1,39,1,8426,1,2,150.3,63,27,2,12,16,159.2,0,0,0,1,0,0,25,0,0,6,12,1,4.574806869172958,0,6,6,4,0,5.83237481720963,0,14.5,0.4,-0.64,Graduate
1,2,1,5646,1,1,142.2,61,9,44,9,12,156.9,0,0,0,1,0,0,18,0,0,4,10,1,7.376196336356749,0,1,4,6,5,18.571428571428573,0,9.1,0.8,2.32,Enrolled
2,5,4,6872,1,6,127.0,60,3,14,5,6,163.3,1,0,0,1,1,0,22,0,0,8,12,2,4.845575493141514,0,14,7,5,1,8.754601870527356,0,12.0,-0.7,-1.69,Dropout
1,53,5,9536,1,1,124.7,4,17,2,12,13,151.3,0,0,0,1,0,0,23,0,0,9,13,13,18.87345217372022,0,4,10,14,12,18.571428571428573,0,9.1,3.2,3.37,Graduate
1,1,1,7918,1,1,152.2,51,9,2,5,2,156.8,1,0,0,1,0,0,19,0,0,4,12,3,16.080538594141842,0,2,4,5,3,16.727215373186443,0,13.7,-0.4,0.11,Graduate
1,2,6,7809,1,1,135.2,19,16,11,6,12,151.6,1,0,0,1,0,1,18,0,0,6,4,0,0.007762309566807386,0,4,6,0,0,3.0532439074090716,0,15.1,3.0,-2.67,Enrolled
1,34,1,9091,1,1,116.9,24,44,11,3,2,150.9,1,0,0,1,0,1,35,0,0,9,20,10,18.854299162236998,0,3,8,26,4,17.552721766560055,0,13.5,2.0,-3.37,Enrolled
1,1,1,5618,1,1,142.2,35,30,38,3,3,152.4,1,0,0,1,1,1,31,0,0,5,6,2,3.4606907764849417,0,1,4,3,0,5.93992414366385,0,11.9,1.1,-2.72,Graduate
1,1,1,7736,1,3,119.6,56,6,36,7,4,151.5,0,0,0,1,0,1,18,0,0,3,5,0,0.18156898044357062,0,2,4,1,0,0.8650158660922785,0,9.0,1.8,3.45,Enrolled
1,3,1,8201,1,1,136.3,7,27,2,1,1,152.5,1,0,0,1,1,1,21,0,0,6,9,9,18.86288680789464,0,1,5,9,10,18.571428571428573,0,11.3,1.2,2.31,Dropout
1,1,1,9646,1,1,155.8,45,1,2,2,1,158.6,1,0,0,1,0,0,18,0,0,6,6,5,17.794546502631558,0,4,5,3,1,13.044592951544663,0,9.3,2.7,2.37,Graduate
5,33,1,5557,1,1,134.2,8,3,42,7,12,155.0,0,0,0,1,0,0,19,0,0,6,9,12,18.872845594568858,0,2,7,19,15,18.571428571428573,2,12.7,-0.6,-2.57,Graduate
1,36,1,9845,0,1,135.8,9,40,39,6,5,156.1,0,0,0,1,0,1,20,0,0,4,8,1,4.054600588963812,0,3,5,4,0,9.604617470255567,0,11.0,-0.7,0.11,Enrolled
1,3,1,8131,1,1,131.9,54,21,16,27,42,156.4,1,0,0,1,0,1,19,0,0,2,4,0,0.014849029085507495,0,1,2,3,0,3.2641593035781913,0,12.4,1.7,-2.67,Dropout
1,20,1,9765,1,1,137.9,26,22,15,10,21,155.9,0,0,0,1,0,1,18,0,0,6,9,10,18.83983011426217,0,1,7,12,16,18.571428571428573,0,12.0,3.7,2.2,Graduate
1,13,6,8673,1,1,108.3,8,42,41,6,11,147.0,1,0,0,0,0,0,22,0,0,6,3,2,9.751442769154327,0,2,6,3,0,5.6322883349506006,0,13.1,-0.1,1.28,Graduate
1,21,1,9020,1,1,157.9,83,2,13,6,12,155.7,0,0,0,1,1,0,21,1,0,8,6,0,0.013406134267569852,0,7,8,1,0,5.786124464601625,0,14.3,-0.2,-4.03,Dropout
1,1,1,9730,1,1,134.3,50,23,9,6,3,159.2,1,0,0,1,0,0,18,0,0,7,9,4,15.272228271847272,0,2,7,9,12,18.571428571428573,0,9.1,1.5,2.14,Graduate
1,16,1,8825,1,3,137.1,7,42,44,1,0,153.3,1,0,0,1,1,0,33,0,0,7,12,8,18.86330912494954,0,2,6,18,1,11.697029912628665,0,14.5,-0.7,-3.28,Dropout
1,30,1,9604,1,1,140.8,8,32,8,12,10,153.9,0,0,0,1,0,1,19,0,0,8,12,12,18.87348960789182,0,3,7,33,7,18.571428571428573,0,10.7,3.7,-3.3,Graduate
1,5,1,4880,1,1,152.3,93,30,44,4,5,151.9,0,0,0,1,0,0,18,0,0,6,5,2,8.284489003681339,0,2,6,2,0,6.533801914151271,0,10.6,0.3,1.14,Dropout
2,17,1,7848,1,1,158.4,70,44,38,7,6,170.4,0,0,0,1,1,0,18,0,0,7,15,4,15.211910224599524,0,3,6,11,2,13.169360963308307,0,14.4,-0.2,-0.92,Dropout
1,1,1,9450,1,1,146.1,43,42,11,6,12,150.6,0,0,1,1,0,1,19,1,0,4,7,1,2.001599969753843,0,2,4,3,0,5.9650785797804255,0,9.9,0.1,-1.8,Enrolled
1,1,1,6904,1,1,136.1,56,19,20,3,4,150.1,1,0,0,1,0,0,18,0,0,7,12,16,18.874992332694283,0,3,8,7,9,18.571428571428573,0,9.6,2.7,-2.63,Graduate
1,7,1,8992,1,5,152.5,25,24,2,5,11,173.8,0,0,0,1,1,0,51,0,0,6,9,1,0.8025977983209125,0,3,5,2,0,2.955201943646879,0,12.6,-0.1,1.71,Graduate
1,56,1,9734,1,2,126.4,15,5,25,2,2,168.2,1,0,0,1,0,1,44,0,0,5,9,3,15.74148873591031,0,1,6,28,6,18.571428571428573,0,9.6,-0.6,-1.86,Graduate
2,9,1,8562,1,1,132.4,4,44,5,2,3,153.3,0,0,0,1,0,0,18,0,0,2,5,0,0.014744402169357627,0,2,3,3,0,8.101061494579959,0,10.4,-0.7,2.0,Enrolled
1,40,2,8123,1,2,126.5,81,12,14,5,0,151.7,1,0,0,1,0,0,18,0,0,7,13,2,4.2794062270312345,0,4,7,9,4,17.255985060957098,0,11.2,-0.0,-0.5,Dropout
1,53,1,7837,1,1,155.3,3,21,44,16,47,158.6,1,0,0,1,0,1,18,0,0,9,9,16,18.874958444362473,0,3,8,10,6,18.571428571428573,0,9.2,-0.6,1.35,Graduate
1,52,1,9838,0,11,120.7,42,43,34,37,17,148.4,0,0,0,1,0,0,24,0,0,6,8,2,2.2311919740223143,0,5,7,3,5,18.146501351429556,0,15.3,-0.5,-1.32,Graduate
1,20,1,9699,1,1,147.3,105,37,35,5,3,151.5,1,0,0,1,1,0,40,0,0,5,10,2,12.44392279695049,0,2,5,12,1,12.592723271427266,0,10.5,0.1,0.87,Dropout
1,41,1,6441,1,1,145.4,94,7,41,12,14,162.7,0,0,0,1,0,1,18,0,0,4,6,2,8.656794044989187,0,2,4,9,5,18.240531980569912,0,9.0,1.1,-0.31,Graduate
1,20,1,9778,0,1,140.9,11,24,38,6,3,151.8,1,0,0,1,1,0,24,0,0,9,8,0,0.2846038183842742,0,4,9,5,2,14.714486824745599,0,9.9,-0.5,-2.12,Graduate
1,3,1,8570,1,1,147.7,93,11,10,14,13,150.8,1,0,0,1,0,0,18,0,0,5,5,4,17.69199812572614,0,1,5,8,4,18.571428571428573,0,10.9,3.3,-1.86,Dropout
1,56,2,9557,1,1,137.9,75,5,28,2,4,157.0,0,0,0,1,0,0,25,0,0,6,9,1,0.7758168182878634,0,2,5,8,0,6.757248557726402,0,13.6,2.3,-2.54,Enrolled
1,1,1,7768,1,1,133.4,94,1,2,10,10,152.4,0,0,0,1,0,0,20,0,0,4,3,0,0.005992488036573833,0,2,4,0,0,1.9610466737753196,0,10.7,-0.7,-1.58,Graduate
1,45,2,7481,1,1,122.5,27,3,20,8,6,162.4,0,0,0,1,1,0,39,0,0,5,8,6,18.72622303443211,0,4,4,5,0,6.7712450887211775,0,9.8,3.3,3.02,Enrolled
2,57,1,6804,1,5,141.4,47,35,4,2,1,154.1,1,0,0,1,1,0,44,0,0,6,9,0,0.6056337789262961,0,7,6,0,1,11.478493768328242,0,10.4,-0.6,-1.4,Enrolled
1,2,1,9805,1,1,111.9,20,7,29,4,10,152.1,0,0,0,0,1,0,18,0,0,9,7,4,13.613797230561515,0,2,8,7,1,9.593601795963327,0,9.4,1.6,2.69,Graduate
1,51,1,9139,0,1,125.0,55,2,44,5,24,148.0,0,0,0,1,0,1,26,0,0,4,7,0,0.9348363478071081,0,1,3,6,1,13.640331162974121,0,9.1,3.7,1.21,Dropout
1,52,1,6289,1,3,117.1,7,44,43,22,13,151.5,1,0,0,1,0,0,21,0,0,6,8,2,2.7201104288515876,0,6,5,2,0,6.103226694893489,0,10.2,2.3,1.52,Graduate
1,1,1,9643,1,1,133.7,33,26,34,13,14,155.0,0,0,0,1,0,1,19,0,0,5,5,6,18.763646522700924,0,1,6,9,6,18.456309239603865,1,10.5,-0.7,-0.37,Graduate
1,8,1,8477,1,1,123.9,57,37,10,3,10,149.1,0,0,0,1,0,0,26,0,0,7,7,2,6.363658539491456,0,8,7,0,2,13.287201284802899,0,14.9,-0.8,-3.91,Enrolled
2,57,1,9906,1,7,122.3,82,9,2,1,0,155.8,0,0,0,0,1,1,31,0,0,5,11,7,18.860518505966674,0,3,5,10,0,7.86528633592924,0,9.3,-0.7,1.56,Enrolled
1,1,1,7621,1,1,143.2,8,13,6,5,4,150.7,1,0,0,1,0,0,18,0,0,6,1,2,4.899692906721964,0,5,6,2,2,14.450340985844232,0,8.9,0.3,2.93,Dropout
1,51,1,9728,1,7,140.8,8,35,20,7,13,162.3,0,0,0,1,0,0,31,0,0,5,3,1,1.3136023002578734,0,5,6,1,1,10.60355013244561,0,11.7,-0.1,-0.47,Dropout
1,1,1,6821,1,1,126.7,15,32,12,3,0,160.0,1,0,0,0,0,0,18,0,0,6,4,1,0.8320220693851141,0,1,6,5,1,9.400907723504861,0,9.4,-0.8,0.18,Dropout
1,1,6,9703,1,1,118.3,65,37,21,3,6,149.1,0,0,0,1,0,0,19,0,0,8,12,23,18.87499999447414,0,2,8,30,12,18.571428571428573,1,9.5,-0.7,0.43,Dropout
1,6,1,7529,1,1,141.7,89,44,3,17,21,156.4,1,0,0,1,0,0,19,0,0,7,10,3,14.39765947122553,0,2,7,5,5,17.525049374751838,0,10.5,-0.7,-0.81,Graduate
1,3,5,8799,1,1,130.6,59,43,39,1,0,147.2,0,0,0,1,0,1,18,0,0,9,11,16,18.87486476930986,0,5,9,10,13,18.571428571428573,0,9.4,3.0,-1.12,Graduate
1,7,1,6183,0,2,129.3,42,18,3,22,23,169.3,1,0,0,1,0,0,19,0,0,3,5,4,15.67259410170081,0,6,4,1,2,14.349012686151164,0,14.1,1.3,-0.14,Dropout
1,6,4,9916,0,1,141.4,81,2,10,8,11,161.0,0,0,0,1,0,0,30,0,0,11,18,13,18.874409783121873,0,9,10,33,18,18.571428571428573,0,10.4,-0.6,-1.19,Enrolled
1,1,1,9224,1,1,151.6,34,27,37,4,3,160.2,0,0,0,1,0,1,18,0,0,3,7,3,17.128695920263855,0,1,3,5,2,15.705798831559722,0,10.7,-0.8,-3.91,Dropout
4,37,1,9306,0,5,139.3,52,39,29,13,20,154.8,0,0,0,1,1,1,20,0,0,7,7,9,18.82695163048002,0,2,7,10,7,18.571428571428573,0,9.0,-0.8,3.11,Graduate
1,51,1,9416,1,1,132.2,5,7,2,1,1,155.3,1,0,0,1,1,0,19,0,0,4,8,0,0.0713224271182454,0,1,4,0,0,4.090661725505872,0,16.0,-0.6,-3.16,Dropout
1,16,1,6307,1,2,140.5,84,27,44,32,16,155.5,1,0,0,0,0,1,60,0,0,7,11,6,17.41532251870487,0,4,6,6,2,12.785869604453685,0,13.8,1.9,0.36,Graduate
1,1,1,6712,1,1,144.0,9,5,39,2,4,151.7,1,0,0,0,0,0,19,0,0,5,7,2,11.791543020346367,0,1,5,2,1,11.347718131638999,0,9.1,3.5,3.44,Graduate
1,1,1,7643,1,1,136.1,26,7,6,5,4,154.6,0,0,0,1,1,0,18,0,0,6,10,6,18.179287206439454,0,5,7,2,4,18.205868804992736,0,14.8,1.1,-0.32,Dropout
1,39,4,9567,1,1,114.6,15,28,41,2,1,156.9,0,0,0,1,0,0,18,0,0,8,9,7,18.521932377103102,0,3,9,3,4,17.038031264124918,0,10.3,3.6,1.43,Enrolled
1,36,1,7942,1,1,133.0,28,1,2,3,7,151.4,1,0,0,1,1,0,34,0,0,3,2,1,2.0391824219935173,0,1,4,1,2,13.61332348158136,0,13.2,-0.2,1.18,Graduate
1,3,2,5800,0,1,153.2,51,3,3,6,2,150.1,0,0,0,1,1,0,18,0,0,3,4,5,18.24930988326025,0,2,3,4,3,15.954467446635222,0,14.2,3.7,-3.05,Graduate
1,22,1,9180,1,2,130.8,3,1,8,3,20,156.0,0,0,0,1,1,1,19,0,0,10,13,14,18.87436934678398,0,5,9,29,8,18.571428571428573,0,12.8,3.7,2.65,Enrolled
1,27,3,6497,1,1,143.4,38,3,16,8,4,156.0,0,0,0,1,1,0,18,0,0,5,5,5,18.11840498510535,0,1,4,6,3,17.560472348583737,0,9.8,0.7,1.46,Graduate
1,1,1,8472,1,3,144.6,97,26,27,17,27,154.1,1,0,0,1,0,0,18,0,0,8,10,3,12.78711848596699,0,6,7,5,3,16.583323613364712,0,10.4,-0.8,-1.19,Enrolled
1,49,1,9674,0,1,113.6,33,21,9,14,16,155.5,1,0,0,1,0,0,18,0,0,9,12,7,18.74922073579294,0,5,7,19,7,18.571428571428573,0,9.4,0.0,1.08,Graduate
1,8,1,8699,1,2,134.7,91,44,42,4,3,157.4,0,0,1,0,0,1,19,0,0,7,8,5,17.9287461449289,0,3,6,13,1,12.62851558141335,0,14.3,1.3,-2.79,Graduate
1,6,1,9490,0,2,114.9,6,30,2,1,4,149.2,0,0,0,1,0,0,18,0,0,4,6,0,0.006341485220296969,0,3,5,2,0,1.0570968548211317,0,15.2,-0.2,-2.32,Enrolled
1,27,4,9908,1,2,140.1,99,43,2,2,2,162.5,0,0,0,1,0,0,18,0,0,8,4,2,9.030856039232301,0,1,7,2,1,12.820116455079363,0,11.1,-0.6,-3.97,Graduate
1,14,1,8692,1,1,129.7,11,20,34,7,14,151.5,0,0,0,1,1,0,28,0,0,4,4,2,4.390947666309694,0,2,4,4,4,17.832861034261622,0,9.0,3.5,0.53,Graduate
1,54,1,8358,0,1,159.9,52,2,40,16,15,150.9,0,0,0,1,0,0,18,0,0,5,8,2,2.735887231918874,0,4,4,6,3,15.618383180062962,0,10.1,0.8,-0.49,Graduate
1,8,4,9140,1,1,140.1,32,41,3,23,44,150.4,1,0,1,1,0,0,22,0,0,6,6,3,12.714871306661154,0,7,5,1,5,18.390964506112134,0,9.1,3.1,3.2,Dropout
1,27,1,4560,1,1,145.5,41,13,25,14,13,166.3,1,0,0,1,0,0,18,0,0,1,1,2,12.205952286306603,0,1,1,1,2,15.278612190078116,0,13.7,0.2,-2.59,Graduate
1,4,1,9967,1,3,127.7,4,18,19,5,10,154.4,0,0,0,1,0,1,18,0,0,4,4,3,15.745170870332437,0,1,5,2,2,15.383762537318677,3,12.8,-0.8,0.55,Graduate
1,26,1,5099,1,1,125.7,76,41,33,10,6,159.4,1,0,0,1,1,0,64,0,0,4,5,0,0.006590669543404486,0,7,4,0,0,1.9119950919486455,0,10.7,3.7,3.3,Enrolled
1,51,1,9618,1,4,143.7,12,8,22,15,16,173.1,1,0,1,1,1,0,21,0,0,6,15,0,0.0464768883528656,0,1,5,1,0,4.403120444257067,0,11.8,-0.2,1.38,Graduate
1,17,1,9520,1,1,114.7,2,44,44,9,12,146.5,1,0,0,1,0,0,26,0,0,9,15,8,18.630485923884315,0,4,9,24,7,18.55355896773915,0,12.0,2.2,-0.65,Dropout
1,2,1,9749,1,1,121.0,17,44,36,3,16,148.8,1,0,0,1,1,0,18,0,0,2,2,0,0.02188366216634456,0,1,2,0,0,5.619015170331773,0,12.4,-0.8,-3.86,Graduate
2,53,3,9979,1,5,153.2,72,43,28,11,4,159.2,0,0,0,1,0,0,27,0,0,6,7,4,17.596219521142718,0,2,7,2,5,17.533062047648922,0,11.2,-0.7,-1.97,Graduate
1,12,2,6013,1,4,145.3,28,9,18,9,30,162.8,1,0,0,1,1,0,18,0,0,8,14,10,18.871192064810547,0,5,8,20,11,18.571428571428573,0,11.9,-0.7,-0.47,Dropout
1,11,3,8300,1,2,123.4,25,39,4,15,30,155.6,1,0,0,1,0,1,25,0,0,3,6,0,1.1802655686053478,0,1,3,4,0,9.41853283836931,0,9.0,-0.7,0.89,Enrolled
1,4,1,8734,1,1,112.8,24,39,39,9,13,151.4,0,0,0,1,0,0,23,0,0,6,11,1,2.6962482965737014,0,3,5,4,1,11.869454914068992,0,13.1,-0.4,-1.32,Enrolled
1,3,1,9846,1,1,106.4,58,42,16,11,11,152.8,1,0,1,0,1,1,33,0,0,8,11,15,18.874724783328627,0,5,8,14,14,18.571428571428573,0,12.3,1.8,3.19,Graduate
1,41,1,8241,1,1,149.0,96,23,17,10,18,166.4,1,0,0,1,0,1,18,0,0,3,1,4,17.473542865209115,0,1,3,6,5,18.571428571428573,0,10.1,2.2,-1.37,Graduate
1,9,1,9113,1,1,114.2,19,44,43,21,11,157.3,1,0,0,0,0,0,19,0,0,2,4,1,3.1773169510059,0,1,1,1,0,7.541225143430234,0,14.0,2.6,1.55,Enrolled
1,57,1,9934,1,2,114.1,102,44,44,23,41,152.8,0,0,1,1,0,0,45,0,1,15,22,9,18.70208561130752,0,14,12,33,4,16.25780442771218,0,14.9,0.7,-3.48,Dropout
1,39,1,9791,1,3,154.4,28,44,44,13,10,152.7,1,0,0,1,1,1,25,0,0,5,8,0,0.06777129094117312,0,1,4,2,1,9.299357532540999,0,13.4,-0.8,-0.58,Dropout
1,27,5,9237,1,1,143.4,63,29,22,10,18,161.1,1,0,0,1,0,1,20,0,0,5,6,0,0.28781787268558023,0,1,4,3,1,8.262375157611874,0,9.7,-0.1,2.01,Graduate
1,47,6,9377,0,7,126.2,25,44,25,14,12,149.2,0,0,0,1,1,0,35,0,0,8,8,3,12.110831334617254,0,4,8,9,2,14.196422257722032,0,13.2,0.9,-0.8,Graduate
1,15,1,7437,1,6,148.3,65,2,2,24,6,155.6,1,0,0,1,1,0,31,0,0,5,10,1,3.317039299074093,0,3,6,1,1,11.086963894180592,0,12.6,1.4,0.0,Dropout
1,1,1,6865,1,1,124.7,24,15,13,8,7,167.3,1,0,0,0,0,0,18,0,0,6,13,2,13.754308086904215,0,2,5,25,1,12.045225535212223,0,9.8,3.7,-0.89,Graduate
1,46,3,8348,1,1,126.0,30,15,24,3,2,155.4,1,0,0,1,0,0,19,0,0,8,6,1,1.4207403574984614,0,3,8,8,2,15.422361194153897,0,9.8,0.5,3.12,Dropout
1,22,6,9714,0,1,113.5,3,33,2,1,3,151.8,1,0,0,0,0,0,22,0,0,10,11,7,18.62388206990176,0,7,8,3,1,10.949895578650452,0,12.1,-0.6,-2.86,Graduate
1,57,2,9750,1,2,126.4,23,32,3,31,9,157.3,1,0,0,1,0,0,23,0,0,4,7,3,13.743214249158045,0,1,4,13,4,18.265403547602848,0,9.7,0.1,2.06,Enrolled
1,4,1,9606,1,1,129.7,5,2,28,3,8,152.3,1,0,0,1,1,0,18,0,0,6,4,6,18.719706920139476,0,1,6,3,6,18.571428571428573,0,8.9,3.1,3.37,Dropout
1,44,2,4872,1,2,140.7,5,36,44,1,0,149.8,1,0,0,1,0,0,41,0,0,5,6,0,0.00597471310345058,0,7,5,0,0,0.042011340281324104,0,10.2,0.5,1.78,Graduate
1,5,1,6908,1,1,138.2,12,9,3,5,6,151.8,1,0,0,1,1,0,18,0,0,7,8,13,18.874405853820324,0,3,8,7,8,18.571428571428573,0,14.0,2.3,-1.07,Graduate
1,1,2,7266,1,1,131.4,49,39,11,4,9,156.9,1,0,0,1,1,0,20,0,0,6,8,1,1.7053316254436506,0,5,7,5,2,12.078340998213498,0,9.0,-0.7,2.82,Graduate
1,1,1,9073,1,1,127.2,55,28,35,3,3,151.7,1,0,0,1,0,0,18,0,0,5,9,0,0.2019877365699941,0,1,5,2,0,1.9957777399177015,0,14.4,0.5,-2.58,Enrolled
1,21,1,4998,1,1,128.3,10,2,30,2,7,163.5,0,0,0,1,0,0,18,0,0,6,6,7,18.293546339590968,0,3,5,3,5,18.213905262690933,0,9.7,2.5,3.28,Graduate
1,9,1,7691,1,5,102.3,42,2,6,1,0,159.0,1,0,0,0,1,0,41,0,0,2,3,0,0.06480613655427554,0,1,2,1,0,2.50747661834885,0,9.7,3.5,-0.85,Graduate
1,56,3,9073,1,2,154.0,48,43,26,1,2,165.3,0,0,0,1,1,0,18,0,0,8,3,13,18.870780015425957,0,3,9,17,7,18.571428571428573,0,12.4,-0.5,-2.57,Graduate
1,27,1,9093,1,1,117.1,2,28,4,11,8,148.0,1,0,0,1,1,0,18,0,0,5,7,2,5.2820359029637,0,1,6,8,1,7.868199707435615,0,10.5,2.8,-0.07,Dropout
1,2,3,4419,0,1,134.4,41,1,14,10,22,172.8,1,0,0,1,1,1,20,1,0,4,8,3,14.620847147715622,0,3,4,5,1,12.748976810336549,0,13.0,0.4,-1.84,Enrolled
1,3,1,8315,1,1,140.3,27,1,27,41,13,167.4,0,0,1,1,0,0,42,0,0,8,10,4,13.823522671222678,0,8,8,14,7,18.571428571428573,0,9.1,1.9,1.77,Graduate
1,19,2,7146,1,2,147.4,18,41,34,19,50,152.3,1,0,0,1,0,1,20,0,0,8,7,4,17.094032421896866,0,2,7,9,7,18.571428571428573,0,9.2,0.8,3.36,Dropout
1,33,1,7295,1,1,132.5,50,20,3,38,37,155.7,0,0,0,1,0,1,19,0,0,5,7,1,7.200556254981185,0,4,6,2,4,17.864909169184862,0,12.2,-0.7,1.72,Dropout
1,44,3,8210,1,6,137.5,37,44,43,9,27,166.8,0,0,0,1,0,0,19,0,0,3,6,10,18.871951505181613,0,1,3,8,13,18.571428571428573,0,15.7,3.7,-1.39,Graduate
1,43,5,8619,1,4,125.2,10,43,3,3,7,165.9,0,0,0,0,1,0,38,0,0,8,7,4,13.020857094294955,0,4,8,3,5,17.89067806731349,0,11.9,-0.1,3.18,Enrolled
1,53,1,9635,1,1,133.8,65,44,30,19,16,164.6,0,0,0,1,0,0,19,0,0,7,13,5,18.17062543929474,0,2,7,22,14,18.571428571428573,0,16.1,2.4,-3.93,Dropout
1,13,1,7793,1,1,136.5,65,44,35,21,13,152.8,1,0,0,1,0,1,26,0,0,5,7,0,0.0201646693651149,0,2,4,9,1,10.576717630188245,0,11.7,3.6,-0.79,Graduate
1,9,1,8330,1,1,136.8,16,15,8,10,16,156.3,1,0,0,1,0,0,18,0,0,5,5,5,18.015792586960234,0,1,5,8,3,16.833503461033473,0,11.6,3.1,-1.19,Graduate
1,54,1,9800,1,2,123.3,7,11,20,5,2,151.1,0,0,0,1,0,0,44,0,0,8,10,4,16.86087179135542,0,4,9,18,4,17.906485230681184,0,14.8,0.3,-0.89,Graduate
1,6,6,9982,1,1,114.6,81,6,6,1,0,158.4,1,0,0,1,0,0,18,0,0,9,14,9,18.8681184016816,0,1,8,33,9,18.571428571428573,0,11.5,3.1,-0.82,Enrolled
1,53,2,5254,1,3,125.8,22,20,3,25,26,160.3,1,0,0,1,1,1,47,0,0,6,8,1,0.18667520753030586,0,8,6,1,1,12.69399046556985,0,11.8,3.7,2.18,Dropout
1,4,5,8081,1,1,125.3,11,22,11,55,17,149.1,1,0,1,1,0,0,18,0,0,7,9,21,18.8749982292504,0,3,7,30,20,18.571428571428573,1,16.2,0.7,-1.56,Graduate
4,51,1,9754,1,1,138.5,100,32,4,10,5,161.9,0,0,0,1,1,0,24,0,0,8,10,14,18.874847051041954,0,3,9,20,6,18.571428571428573,0,13.8,1.3,-1.09,Dropout
1,9,1,8244,1,1,140.0,52,31,21,9,10,153.9,1,0,0,1,0,0,19,0,0,3,5,0,0.005966413851436713,0,1,4,0,0,0.7621098834345711,0,11.5,3.7,0.13,Dropout
1,2,6,9896,1,2,144.1,52,42,4,3,12,162.0,0,0,0,1,0,0,18,0,0,9,9,13,18.872567528103527,0,3,8,30,7,18.571428571428573,0,15.1,-0.2,-3.64,Graduate
1,34,4,9962,1,2,162.8,76,9,41,2,2,152.3,1,0,0,1,0,0,18,0,0,5,8,4,18.284533321303453,0,1,5,14,1,12.764816543656037,0,11.8,-0.1,2.56,Dropout
1,30,1,9096,1,1,142.6,43,17,11,2,3,167.3,0,0,0,1,0,0,25,0,0,4,5,0,0.5881555044899421,0,2,4,2,1,9.827443621192065,0,13.1,-0.1,-1.64,Enrolled
1,24,1,9774,1,1,121.1,10,33,29,11,30,154.4,0,0,0,1,1,1,18,0,0,2,4,3,16.596498520555773,0,1,3,15,4,18.310006088456422,0,11.3,2.9,1.15,Enrolled
1,55,2,9241,1,1,135.8,41,44,42,4,7,158.0,0,0,0,1,0,0,56,0,0,6,8,2,8.990715596378667,0,4,7,9,5,18.028950771419158,5,14.5,-0.2,-3.41,Graduate
1,12,4,9481,0,1,127.3,26,43,19,26,40,148.1,0,0,0,1,0,1,19,0,0,7,7,6,18.372282056160582,0,2,7,2,6,18.310821854791506,0,9.5,3.1,-0.91,Graduate
1,7,5,9975,0,2,124.4,26,19,3,1,3,154.1,0,0,0,0,0,0,19,1,0,8,12,6,18.441094766756734,0,2,7,19,7,18.571428571428573,0,9.1,-0.8,-1.48,Graduate
1,10,1,7893,1,2,121.7,6,15,18,11,5,149.8,1,0,0,1,0,0,20,0,0,10,19,20,18.87499904052947,0,3,9,18,20,18.571428571428573,0,9.2,-0.8,-1.42,Dropout
1,13,1,7636,0,5,128.6,7,41,39,4,2,155.2,0,0,0,1,0,0,32,0,0,5,9,2,4.749371917343323,0,5,6,8,3,16.895827515690712,2,9.5,-0.5,2.3,Dropout
2,9,1,9310,1,1,147.3,65,36,20,10,9,154.7,0,0,0,0,0,0,18,0,0,7,10,8,18.84342139106614,0,3,6,8,1,8.892638435697478,0,9.2,2.2,3.25,Enrolled
1,57,1,8272,1,1,155.3,94,40,41,2,1,159.3,0,0,0,1,1,0,22,0,0,7,9,3,5.4760566121533465,0,3,8,21,3,15.80731215643528,0,10.6,3.7,0.09,Graduate
1,22,1,8818,1,3,115.4,104,30,13,10,13,152.8,1,0,1,1,0,0,23,1,0,8,13,9,18.81915986543587,0,5,9,23,18,18.571428571428573,0,10.1,0.5,-2.74,Graduate
2,13,1,7122,0,1,146.8,25,1,2,3,4,173.7,0,0,0,0,1,0,20,0,0,3,4,0,0.007847769237767973,0,6,4,0,0,1.423790818786329,0,13.8,1.2,-1.84,Graduate
4,47,1,5407,0,7,131.5,53,42,44,9,17,164.3,0,0,0,1,0,0,19,0,0,6,8,0,0.012512810315597115,0,13,6,3,0,2.7521857375581296,0,12.6,-0.8,1.24,Enrolled
1,4,1,9767,1,1,162.8,38,34,33,17,16,171.1,0,0,0,0,0,0,18,0,0,7,14,8,18.792217661693165,0,3,6,10,5,18.361657534334906,0,11.0,-0.2,-1.7,Dropout
2,28,1,9001,1,2,121.1,6,44,16,5,9,150.5,0,0,0,0,0,0,25,0,0,3,5,0,0.08537722312285956,0,1,2,1,0,6.8839227567289845,0,10.3,1.5,0.01,Enrolled
1,1,1,7185,1,4,158.3,92,43,2,16,9,152.2,0,0,0,1,0,0,18,0,0,3,3,1,1.878249875131769,0,1,4,0,1,8.661674426563142,0,16.0,-0.8,-3.43,Graduate
1,40,2,6529,1,1,144.2,92,39,7,13,2,182.5,1,0,0,1,0,1,25,0,0,4,4,2,8.889679957069507,0,1,4,0,0,4.299399462696137,0,14.6,1.5,-1.3,Graduate
1,1,1,5967,1,4,123.2,41,28,2,12,10,152.2,1,0,0,0,0,0,19,0,0,7,10,4,16.857686302293878,0,6,7,3,1,13.692217814852247,0,9.1,2.3,3.2,Dropout
1,1,2,9945,1,1,137.2,30,16,11,10,8,148.3,1,0,0,1,1,1,18,0,0,7,1,8,18.853694665105138,0,1,8,11,6,18.571428571428573,0,10.2,-0.2,-0.48,Dropout
1,45,1,7844,1,1,126.7,44,16,2,3,0,158.4,1,1,1,1,1,0,23,0,0,10,11,6,18.062034987628476,0,7,10,33,3,17.16370464117292,0,9.9,0.9,1.01,Graduate
1,10,1,9508,1,1,142.9,58,11,2,4,11,164.0,0,1,0,1,0,0,18,0,0,7,8,2,7.894131494109917,0,1,8,15,3,16.118271303414726,0,11.5,0.2,0.08,Graduate
1,15,1,9778,1,1,140.4,3,32,6,1,0,153.7,1,0,0,1,0,0,18,0,0,5,5,2,15.74156910630972,0,1,5,4,1,12.163238529302628,0,11.2,1.1,-1.06,Graduate
1,39,1,9354,1,1,143.0,88,37,36,11,5,158.6,1,0,0,1,1,1,18,0,0,3,4,0,0.2230896442286928,0,1,3,3,3,16.337930295450274,0,12.2,0.5,0.59,Graduate
1,2,1,9869,0,1,152.2,31,36,8,21,37,163.0,0,0,0,1,0,0,19,0,0,8,13,11,18.863275055807666,0,7,8,13,12,18.571428571428573,0,12.1,1.0,-0.51,Enrolled
1,1,1,5096,1,1,129.4,13,3,28,29,14,151.4,1,0,0,1,0,0,23,0,0,4,2,0,0.010215968873083552,0,1,4,1,1,9.523533222779834,0,9.8,1.5,-0.35,Graduate
1,41,5,9602,1,1,129.2,13,39,44,7,8,160.9,1,0,0,1,0,0,19,0,0,3,4,0,0.11172400541726382,0,1,4,3,0,5.7878525829467495,0,9.8,0.6,-1.02,Graduate
1,15,1,9963,1,3,126.7,21,4,3,3,24,153.8,1,0,0,1,0,0,31,0,0,7,3,1,1.6334011221239726,0,2,7,3,2,14.48301302286839,0,10.1,0.9,0.31,Dropout
5,50,1,5816,1,1,108.1,64,9,42,16,27,158.4,0,0,0,1,0,0,19,0,0,8,13,2,14.842545978761814,0,5,7,15,1,10.941849865177566,0,9.6,-0.8,2.42,Dropout
1,56,1,8414,1,1,137.2,27,8,44,8,10,156.6,1,0,0,1,1,0,22,0,0,5,9,5,18.585467191231945,0,3,5,17,1,11.970319519982738,0,13.7,-0.7,-0.21,Graduate
1,39,3,8509,1,1,126.2,24,5,43,27,11,154.3,0,0,0,1,0,1,18,0,0,10,11,10,18.710779451684566,0,6,10,10,20,18.571428571428573,0,9.0,2.4,1.8,Graduate
1,44,1,9950,0,1,125.6,52,44,23,2,1,160.9,0,0,0,1,0,1,21,0,0,11,8,20,18.874765114914446,0,15,11,18,19,18.571428571428573,0,10.6,2.6,3.39,Graduate
1,3,1,9609,1,1,143.4,10,43,20,9,13,151.2,0,0,0,1,0,1,18,0,0,5,9,6,18.831171644443305,0,1,5,15,3,17.210300901900506,0,10.5,3.3,2.69,Graduate
1,1,1,4674,1,1,159.7,4,43,39,3,17,157.2,1,0,0,1,0,0,18,0,0,5,8,12,18.848627433844698,0,2,5,9,15,18.571428571428573,0,11.0,0.9,2.12,Graduate
1,1,1,8317,0,2,129.3,29,7,43,2,14,165.5,1,0,0,1,0,0,26,0,0,5,7,4,16.316109518503524,0,2,6,12,3,16.661111073133323,0,12.0,-0.4,-2.5,Graduate
1,56,1,9159,1,1,142.2,11,18,4,37,25,164.2,0,0,0,1,0,0,25,0,0,6,8,4,17.258659965830134,0,1,7,7,4,17.723173471557832,0,12.7,-0.5,0.06,Graduate
1,12,1,6398,1,1,121.3,63,16,4,18,12,159.1,1,0,1,1,0,0,18,0,0,3,2,0,0.1650881847110321,0,1,3,2,0,4.957226671279586,0,14.3,0.1,-3.19,Graduate
1,56,6,8632,1,1,117.7,88,40,18,15,14,154.3,1,0,0,1,0,0,25,0,0,9,14,22,18.874999845284112,0,9,9,33,20,18.571428571428573,0,9.5,-0.4,2.85,Dropout
1,2,2,9811,1,1,130.4,2,11,5,5,13,154.0,0,0,0,0,0,0,18,0,0,6,8,0,0.01566452290437617,0,2,7,2,0,1.448863830549635,0,13.9,-0.8,-3.98,Dropout
1,2,1,4734,1,1,133.3,100,38,7,25,2,158.4,0,0,0,1,0,0,21,0,0,8,10,4,13.264968694079377,0,6,7,1,4,16.66823328841153,0,9.2,-0.8,0.4,Graduate
1,48,1,5201,1,2,136.2,50,1,2,6,1,173.3,0,0,0,1,1,0,31,0,0,7,16,10,18.86374603609577,0,4,6,16,11,18.571428571428573,1,9.6,-0.7,3.23,Dropout
1,7,2,6901,1,1,134.9,99,14,4,25,33,173.8,0,0,0,1,1,0,18,0,0,4,4,9,18.8710109244538,0,2,4,7,13,18.571428571428573,0,10.2,-0.6,2.86,Graduate
1,1,1,8652,1,1,131.3,35,39,27,1,3,149.1,1,0,0,1,0,0,18,0,0,8,9,9,18.805189418494912,0,2,7,16,10,18.571428571428573,0,9.9,1.5,-0.55,Graduate
1,49,1,9898,1,1,132.8,88,33,22,27,16,151.5,0,0,0,0,0,1,19,0,0,2,2,5,18.457343977705914,0,1,3,3,2,17.21991971496161,0,9.4,-0.8,2.34,Enrolled
1,27,1,9099,1,5,119.7,34,13,30,52,28,153.3,0,0,0,1,0,0,31,0,0,9,12,5,18.174059133679485,0,9,9,9,6,18.517357783851242,0,13.8,1.0,2.56,Dropout
2,6,1,6833,1,1,124.4,12,12,40,15,2,152.9,1,0,0,1,1,0,41,0,0,5,7,1,0.5931562262215716,0,8,6,3,0,2.5311721288045863,0,12.0,2.3,-3.81,Graduate
1,56,1,9820,1,1,139.1,36,39,2,1,0,162.5,1,0,0,1,0,0,28,0,0,3,5,2,12.621858196708686,0,1,3,2,3,17.068817843400318,0,11.6,-0.0,-2.14,Graduate
1,7,1,7537,1,1,145.6,2,43,35,22,37,150.7,0,1,0,1,0,0,19,0,0,4,6,6,18.587065568786205,0,2,5,1,1,10.120208224837603,0,15.3,3.5,-3.81,Dropout
1,4,3,9983,1,1,130.3,70,44,13,10,7,154.9,1,0,0,1,0,0,50,0,0,6,7,1,0.9714590780080876,0,1,6,9,1,13.628099853972664,0,14.0,0.2,-3.25,Graduate
1,8,1,9615,1,1,143.8,71,2,4,19,22,147.2,1,0,1,1,0,0,18,0,0,6,5,4,15.766372519422964,0,1,5,14,2,12.920407348464087,0,13.8,3.3,1.58,Graduate
1,20,1,4318,1,2,145.3,27,1,2,10,14,155.1,1,0,0,1,0,0,18,0,0,5,6,6,18.76804645711088,0,1,4,1,2,16.787842070366263,0,13.2,-0.7,-2.77,Dropout
5,4,1,8938,1,2,138.9,41,32,14,9,11,160.0,0,0,0,1,0,0,20,0,0,5,8,2,9.285942554154966,0,1,5,9,3,16.267032220569316,0,12.7,2.0,1.33,Graduate
1,17,2,9254,1,1,135.0,6,3,37,2,2,161.5,1,0,0,1,0,0,25,0,0,9,12,11,18.855271202021534,0,3,8,14,9,18.571428571428573,0,12.9,3.6,-1.3,Graduate
1,1,1,9333,1,1,130.4,9,41,3,21,29,152.0,0,0,0,1,0,0,18,0,0,8,8,2,6.725048790255119,0,2,7,7,2,13.398400893282972,0,11.3,-0.7,2.37,Dropout
1,48,1,9548,1,2,131.5,30,44,44,18,10,165.0,0,0,0,1,0,0,25,0,0,9,17,11,18.866707385208734,0,8,8,17,10,18.571428571428573,0,14.6,2.0,-1.36,Graduate
1,57,1,9812,1,8,116.8,40,43,10,14,28,148.7,0,0,1,0,0,0,48,0,0,8,6,0,0.011497200877626245,0,5,7,4,0,0.9070629149703183,0,11.2,0.6,2.09,Enrolled
1,3,1,9373,1,1,131.6,79,32,12,46,75,156.0,0,0,0,1,1,1,37,0,0,6,5,4,16.908851636266053,0,3,6,9,5,18.20465427741617,0,13.2,-0.7,-3.07,Graduate
1,37,1,9939,0,1,116.3,19,9,31,11,18,149.8,0,0,0,1,0,0,21,0,0,8,15,8,18.866448553228576,0,3,8,22,8,18.571428571428573,0,9.0,1.0,1.31,Dropout
1,2,6,5700,1,1,123.6,31,23,4,6,27,147.5,1,0,0,1,0,0,18,0,0,6,6,7,18.298979582992512,0,1,6,13,13,18.571428571428573,0,9.3,2.8,3.23,Graduate
1,57,4,7070,1,1,131.4,60,38,36,5,10,155.9,1,0,1,1,0,1,29,0,0,5,8,3,15.504288826644846,0,3,5,4,1,12.05521483013895,0,14.3,1.3,-1.01,Dropout
1,1,4,6841,1,2,132.8,26,17,5,10,23,151.9,1,0,1,1,0,0,18,0,0,5,6,18,18.87499988158155,0,1,6,23,17,18.571428571428573,0,11.1,0.2,1.12,Graduate
1,1,1,9181,0,1,116.5,6,36,11,3,6,149.3,1,0,0,1,1,0,18,0,0,6,7,4,16.939137136524867,0,1,7,21,8,18.571428571428573,0,9.2,1.4,1.42,Graduate
1,28,1,9759,1,2,124.0,95,1,3,33,7,150.2,0,0,0,1,0,1,21,0,0,6,10,6,18.639502182541296,0,2,5,12,6,18.571428571428573,1,15.0,2.8,3.15,Dropout
1,8,5,7473,1,2,108.5,5,30,30,5,0,147.0,1,0,0,1,0,0,21,0,0,11,15,7,18.58870631809439,0,7,9,9,3,15.175097940595945,0,8.9,-0.8,1.51,Enrolled
1,1,6,9652,1,1,120.2,19,36,19,1,0,151.3,1,0,0,1,0,1,18,0,0,7,10,10,18.840334151104482,0,2,6,29,7,18.571428571428573,0,10.2,-0.8,1.49,Graduate
1,23,2,8869,1,1,130.0,35,31,14,2,2,149.0,0,0,0,1,0,1,19,0,0,5,9,8,18.822848548963293,0,1,5,12,3,17.638664007156436,0,12.1,2.2,-0.36,Dropout
1,4,1,9554,1,3,145.2,81,37,2,15,10,154.7,0,0,0,1,0,0,18,0,0,6,13,14,18.874961251750488,0,1,7,24,9,18.571428571428573,0,12.0,3.7,0.08,Graduate
1,39,1,8932,1,1,118.5,23,7,33,3,3,151.5,1,0,0,1,0,0,40,0,0,6,6,4,15.034769345025786,0,3,6,1,4,17.03938659199524,0,9.2,1.4,0.58,Graduate
1,32,1,9802,0,1,142.9,37,44,43,3,4,169.0,1,0,0,0,0,0,34,0,0,7,10,6,18.26487314107991,0,4,7,8,3,16.27454347899966,0,11.0,0.1,0.4,Graduate
1,16,1,8421,1,1,134.4,39,2,2,11,8,160.5,1,0,0,1,1,0,18,0,0,7,6,2,6.615601322268403,0,3,6,10,1,8.21926131947886,6,15.2,2.8,0.59,Enrolled
1,1,3,9965,1,1,130.8,24,4,39,1,13,160.7,1,0,0,1,0,0,18,0,0,2,1,3,16.302841354137936,0,1,2,6,5,18.571428571428573,0,10.5,-0.8,0.1,Dropout
1,6,6,8711,1,3,152.2,49,37,38,7,9,165.3,1,0,1,1,0,1,18,0,0,6,13,24,18.874999999468933,0,1,7,33,20,18.571428571428573,0,10.7,3.4,2.11,Dropout
1,11,1,9672,1,1,125.2,105,8,4,2,4,154.4,0,0,0,1,1,0,22,0,0,6,13,9,18.80498522360222,0,3,5,21,15,18.571428571428573,0,11.3,2.2,-0.46,Dropout
1,1,3,5564,1,1,132.9,26,39,3,2,3,164.3,1,0,0,1,1,1,18,0,0,5,7,0,0.18531877506045075,0,8,6,3,0,1.990731238037643,0,13.1,2.9,-2.28,Graduate
1,7,4,9073,0,1,154.3,4,32,25,2,6,157.5,1,0,0,1,0,0,18,0,0,7,11,15,18.874989415213598,0,2,7,9,7,18.571428571428573,0,12.8,0.2,-4.06,Graduate
1,20,1,9923,1,1,143.8,39,27,14,1,0,162.5,0,0,0,1,0,1,18,0,0,5,7,1,2.846323251907423,0,1,5,19,0,7.654303191285739,0,12.7,1.0,2.74,Dropout
1,43,1,6515,1,1,118.7,20,5,3,13,16,155.3,1,0,0,0,0,0,18,0,0,1,0,0,0.021319003704438552,0,1,1,0,0,6.599164540364921,0,12.8,3.7,-1.66,Graduate
2,12,5,9869,0,2,126.7,3,33,44,5,11,155.3,0,0,0,1,1,0,18,0,0,6,11,2,4.850719992952993,0,2,8,10,3,14.075680759076803,0,13.2,2.8,-0.68,Graduate
1,18,1,9850,1,1,134.2,27,1,4,12,13,153.3,0,0,0,1,0,0,22,0,0,8,9,1,0.10223752471572417,0,6,9,5,4,17.118761508559142,0,11.8,1.1,2.99,Graduate
1,2,1,7589,1,1,141.5,3,27,7,3,2,162.3,0,0,0,1,1,0,20,0,0,6,1,5,17.946602955678213,0,2,7,3,5,18.262129367701547,0,14.0,-0.8,-3.47,Graduate
1,2,1,9446,1,1,124.0,6,24,17,23,47,150.8,1,0,0,1,0,0,18,0,0,6,6,8,18.526566483354443,0,2,6,22,8,18.571428571428573,2,10.2,2.7,3.33,Graduate
1,1,1,8356,1,1,129.2,10,23,21,2,2,150.0,1,0,0,1,0,0,33,0,0,8,11,0,0.33029774076691876,0,4,8,15,1,9.29298816781795,0,9.8,-0.6,-0.39,Graduate
1,1,1,9146,0,1,134.5,6,14,44,15,47,161.3,1,0,0,1,0,1,19,0,0,7,12,7,18.62325391401628,0,5,7,1,3,16.16697804898706,0,10.5,-0.7,3.25,Graduate
1,45,1,8440,1,3,129.8,84,41,9,3,1,171.2,1,0,0,1,1,0,36,0,0,5,13,2,10.263442900656305,0,3,6,11,2,14.755136384841057,0,9.1,-0.2,0.44,Graduate
4,8,1,9413,0,1,143.6,35,41,44,15,20,158.6,0,0,1,1,1,1,19,0,0,4,3,1,1.6178381305093128,0,1,4,1,1,9.51466726760676,0,9.0,0.6,2.15,Graduate
1,15,1,7178,1,1,110.1,95,8,2,13,40,170.1,0,0,0,0,1,1,18,0,0,6,8,6,18.479792971782757,0,2,7,11,6,18.571428571428573,0,9.1,-0.6,3.24,Enrolled
1,31,2,9983,0,3,117.5,6,43,9,1,0,147.7,0,0,0,1,1,0,36,0,0,12,19,10,18.870672312707775,0,6,11,33,5,18.571428571428573,0,13.3,1.0,-0.79,Graduate
1,1,1,8953,1,2,124.8,32,17,8,7,27,155.2,0,0,0,1,1,0,28,0,0,8,8,7,18.576731468049633,0,2,7,27,4,18.42175928758227,0,12.7,1.1,-2.37,Graduate
1,1,5,9762,1,1,143.0,41,28,38,10,0,149.5,1,1,0,0,1,0,18,0,0,3,5,0,0.005966499316165889,0,1,5,2,0,0.007082602408761082,0,12.0,1.3,-2.24,Enrolled
2,4,2,8065,1,1,110.0,2,26,44,3,2,153.4,1,0,0,1,0,0,32,0,0,6,7,1,1.5170980669350296,0,6,6,1,1,7.058246990929933,0,12.1,-0.8,-2.53,Dropout
1,1,1,6723,1,1,132.5,28,35,16,1,3,151.3,0,0,0,1,0,1,18,1,0,4,2,2,10.359566699274147,0,1,5,6,1,14.447157340297776,0,12.3,1.8,-1.31,Dropout
1,1,1,9398,1,1,134.2,5,20,29,7,16,154.5,1,0,0,0,1,0,18,0,0,7,12,2,11.184415684406188,0,3,6,16,2,15.176642879412348,0,9.0,-0.3,1.36,Enrolled
1,25,2,6319,1,1,141.8,11,35,5,7,8,148.7,1,0,0,1,1,0,18,0,0,8,12,2,3.74900764458962,0,3,7,15,2,14.29418752839838,0,9.7,2.9,3.35,Enrolled
1,7,3,9131,0,1,121.7,67,37,8,10,11,153.5,1,0,1,1,1,0,18,0,0,7,5,10,18.856717603526405,0,2,7,12,8,18.571428571428573,0,9.2,1.2,-2.44,Graduate
1,6,1,5563,1,1,145.1,81,1,20,2,0,165.1,0,0,0,1,1,0,24,0,0,3,7,0,0.5637881800840617,0,3,5,0,1,8.28992077553114,1,14.0,1.1,-1.88,Dropout
1,15,1,9291,1,1,143.8,56,37,19,3,1,162.2,1,0,0,1,0,1,18,0,0,7,9,6,18.41818847139454,0,3,6,2,4,17.23025325830076,0,9.9,-0.8,-3.07,Dropout
1,34,1,9902,1,1,114.3,25,13,36,29,12,149.7,1,0,1,1,1,0,21,0,0,7,12,4,17.318249692485683,0,3,7,19,1,10.91065894232393,0,9.9,-0.7,-0.58,Graduate
1,7,2,9619,1,1,128.9,50,32,31,14,8,152.0,0,0,0,1,0,0,61,0,0,10,10,6,17.964802614460403,0,3,9,9,6,18.571428571428573,0,12.0,-0.4,-2.92,Graduate
1,25,1,9605,1,1,138.4,81,10,38,1,10,154.0,1,0,0,1,1,0,18,0,0,10,16,20,18.874996600110613,0,5,10,25,11,18.571428571428573,0,12.9,2.6,0.97,Dropout
1,4,1,8384,1,5,137.7,27,37,4,3,7,148.5,0,0,0,1,0,1,19,0,0,6,11,8,18.65801697314025,0,3,6,6,13,18.571428571428573,0,10.6,2.5,0.29,Graduate
1,12,4,7237,1,2,133.5,86,19,4,23,26,164.8,1,0,1,1,1,0,20,0,0,6,5,4,16.40815722807631,0,2,7,1,2,14.221488220836987,0,15.0,0.8,2.95,Dropout
1,1,1,9199,1,1,153.8,8,34,16,4,4,167.9,1,0,0,1,1,0,21,0,0,3,6,0,0.541440145123106,0,1,4,3,0,2.4172637579726657,0,13.7,-0.3,-3.43,Dropout
1,48,1,8350,1,1,127.0,78,16,24,5,3,150.5,1,0,0,1,0,0,18,0,0,8,10,0,0.09916734611447557,0,4,7,1,0,4.199019611057493,0,9.2,0.3,-0.67,Dropout
1,1,2,9102,1,1,130.0,20,1,2,10,8,149.1,1,0,0,1,0,0,18,0,0,7,10,10,18.816184636694743,0,1,7,18,6,18.42678354534489,0,9.1,0.7,2.98,Graduate
1,1,1,9817,1,2,123.7,15,43,27,10,3,149.4,1,0,0,1,0,0,18,0,0,7,12,11,18.872854718413947,0,1,7,33,13,18.571428571428573,0,9.7,-0.7,2.67,Enrolled
1,8,6,9302,1,2,113.6,62,39,4,2,4,148.4,1,0,0,1,0,0,25,0,0,11,12,3,8.493095517711117,0,15,9,16,5,17.021135713814427,1,9.4,0.1,2.54,Graduate
1,10,1,6736,1,1,115.0,85,19,28,18,20,152.6,0,0,1,1,0,0,18,0,0,7,10,7,18.722007724765362,0,3,7,6,6,18.571428571428573,0,11.0,-0.3,1.74,Graduate
1,4,1,8860,1,2,139.3,59,28,30,7,19,153.0,0,0,0,1,0,0,19,0,0,6,6,2,8.799682135195411,0,2,6,10,3,15.559078917315372,0,9.9,3.4,0.16,Graduate
2,49,1,9987,0,1,125.1,83,22,9,2,6,161.8,0,0,0,1,1,0,24,0,0,4,5,0,0.08094036323335889,0,1,4,9,0,3.5521343951095714,0,12.1,1.0,-3.54,Enrolled
1,15,3,9402,1,1,121.4,67,30,2,5,3,148.9,1,0,1,1,1,0,18,0,0,3,3,0,0.005972332328727747,0,1,3,0,0,1.2345629261686064,1,9.8,0.2,3.33,Enrolled
2,10,1,8870,1,1,134.7,87,40,44,17,37,162.3,1,0,0,1,1,0,18,0,0,6,4,4,14.08439678010586,0,2,6,10,5,18.29677311255026,0,9.2,3.7,-0.24,Dropout
1,55,4,8061,1,1,129.7,105,1,6,8,5,160.7,1,0,0,0,0,0,18,0,0,7,5,14,18.874954185555655,0,1,7,17,17,18.571428571428573,0,9.2,-0.6,-0.24,Graduate
1,3,2,8809,1,1,119.6,51,11,9,9,6,149.7,1,0,0,1,0,0,24,0,0,4,11,1,1.7257098691755655,0,4,5,2,1,13.014506282031881,0,13.2,-0.8,-2.04,Dropout
1,2,1,7305,1,1,129.1,65,17,31,15,24,157.1,1,0,0,1,1,0,18,0,0,7,8,8,18.782067958332117,0,4,7,17,3,15.023685344018968,0,9.2,-0.6,-3.27,Graduate
1,56,1,9984,1,1,135.2,12,29,8,6,11,159.7,0,0,0,0,0,1,37,0,0,8,6,0,0.18314378134521583,0,4,8,6,1,10.497835086507767,0,15.9,-0.8,-3.76,Graduate
2,31,4,7063,1,1,153.9,10,5,2,2,1,159.1,1,0,0,0,1,0,19,0,0,2,12,6,18.726289333255437,0,1,2,33,4,18.571428571428573,0,15.2,2.9,-3.62,Dropout
1,17,1,7550,1,2,118.2,44,31,3,1,0,154.4,1,0,0,1,1,0,18,0,0,5,8,0,0.09684597092278713,0,6,5,1,0,5.953715133699049,0,11.5,-0.2,1.46,Graduate
1,47,1,8425,1,1,153.3,17,43,5,4,6,164.9,0,0,0,1,1,0,18,0,0,5,9,5,18.48466240632173,0,9,6,2,1,13.185525743752038,0,11.7,-0.2,-0.13,Graduate
1,36,1,9223,1,3,144.3,20,2,33,1,7,159.8,0,0,0,1,1,0,26,0,0,8,11,16,18.87495243030385,0,3,8,18,10,18.571428571428573,0,12.8,0.8,-1.71,Graduate
1,11,1,8578,1,1,134.0,22,1,12,1,1,161.2,1,0,0,1,0,1,32,0,0,5,4,3,15.527037973072185,0,2,5,1,2,14.244466495543422,0,14.1,1.9,-0.08,Dropout
1,1,1,9807,1,1,133.2,60,3,2,20,38,158.3,1,1,1,0,0,0,18,0,0,4,10,10,18.87338647500907,0,1,5,18,6,18.249196549884388,0,11.3,-0.5,2.41,Graduate
1,15,4,7627,1,1,135.2,17,8,14,11,6,161.7,0,0,0,1,1,0,21,0,0,6,7,2,8.563555006752338,0,5,6,2,3,16.033070254090045,0,10.4,2.0,0.47,Dropout
4,36,1,8707,1,1,106.2,33,35,34,6,6,149.3,1,0,0,0,0,0,41,0,0,8,7,1,2.786865771061945,0,3,8,5,0,5.2331222855238835,0,14.8,-0.8,-4.05,Dropout
1,10,2,9493,1,1,137.1,32,36,42,3,3,150.2,1,0,0,1,0,0,20,0,0,6,13,15,18.874968612067956,0,1,5,17,18,18.571428571428573,0,12.3,2.8,-0.93,Graduate
1,46,1,8913,1,2,142.4,93,26,6,19,31,157.0,1,0,0,1,0,0,19,0,0,5,9,1,3.602349172334859,0,3,5,7,1,11.35748736516302,0,14.5,3.1,-0.12,Graduate
1,3,1,8121,1,1,125.7,72,9,18,5,1,157.7,1,0,0,1,0,0,23,0,0,4,12,7,18.676021504531562,0,1,5,24,9,18.571428571428573,0,14.6,0.0,-0.59,Graduate
5,43,1,9585,1,1,144.8,84,6,29,5,1,162.0,1,0,0,1,1,1,18,0,0,8,10,5,16.597888420925372,0,8,8,22,5,17.564477826288616,0,10.4,-0.7,-0.19,Dropout
2,51,3,9609,0,1,122.8,15,40,6,19,30,147.4,0,0,0,1,0,0,18,0,0,1,5,1,2.2502329228304343,0,1,1,1,0,2.9343423643494275,0,10.2,0.4,-1.45,Graduate
1,45,1,8418,1,1,152.1,18,43,21,2,11,172.5,0,0,0,1,0,0,24,0,0,4,12,9,18.864461627981193,0,2,4,7,10,18.571428571428573,0,11.5,-0.7,-2.49,Graduate
1,46,1,9175,1,2,139.6,88,7,30,1,1,147.4,1,0,0,0,0,0,21,0,0,7,6,1,1.5122260814755832,0,4,7,1,1,12.65810702292412,0,13.3,1.2,-1.38,Dropout
1,10,1,6045,1,1,132.5,31,4,13,2,3,151.8,1,0,0,1,1,0,19,0,0,9,12,8,18.624601177454636,0,8,10,13,5,18.255356991141724,0,10.3,-0.7,-0.79,Graduate
1,1,1,7405,1,1,152.6,77,4,31,1,4,166.9,0,0,1,1,1,0,18,0,0,6,6,11,18.866222159006526,0,1,6,6,3,16.20777285022917,0,12.9,-0.4,-0.3,Graduate
4,2,1,7227,1,1,141.6,71,27,43,32,25,150.8,0,0,0,1,0,1,19,0,0,8,8,20,18.87499465312851,0,6,8,17,20,18.571428571428573,0,12.0,3.7,-1.86,Graduate
1,2,2,7867,1,1,113.2,9,27,5,2,7,151.0,1,0,0,1,0,1,18,0,0,6,5,6,17.986137715584334,0,2,7,7,4,17.99866686098991,0,9.7,-0.7,-1.77,Dropout
1,1,2,9328,1,1,153.2,16,1,2,12,7,160.5,1,0,0,1,1,0,19,0,0,5,7,4,17.368635566053552,0,1,6,10,5,18.27439816450609,0,10.0,2.2,0.22,Graduate
1,57,1,6762,0,3,134.4,12,1,2,6,22,152.0,0,0,0,1,0,1,26,0,0,5,0,5,18.24222013542104,0,2,6,5,2,13.291703877838104,0,14.9,2.0,1.13,Graduate
1,2,4,8283,1,1,116.8,15,43,11,6,4,154.3,1,0,1,1,0,0,19,0,0,5,4,0,0.5860516995669034,0,2,6,2,0,2.4872872245967335,1,12.2,0.9,-1.78,Enrolled
1,8,1,5523,1,1,153.5,12,2,6,21,14,157.4,0,0,0,1,1,0,18,0,0,3,1,0,0.008225916560452247,0,1,2,0,0,2.224387771936755,0,11.4,-0.5,2.2,Graduate
1,14,3,6276,1,1,136.7,2,28,39,9,7,156.3,0,0,0,1,0,0,20,0,0,6,8,0,0.24387888277285769,0,1,5,12,0,6.276842442796623,0,8.9,2.3,3.33,Graduate
2,6,1,8640,1,1,152.8,10,6,10,9,9,161.8,1,0,0,1,0,1,18,0,0,9,11,2,5.129515538687403,0,2,8,2,0,1.2885176536121201,0,10.0,1.9,-2.92,Dropout
1,47,1,8329,0,4,122.9,74,12,44,3,4,156.8,1,0,0,0,0,0,27,0,0,10,18,18,18.87477008593182,0,6,10,28,2,11.311850167021392,0,14.3,2.2,-2.88,Graduate
1,48,1,9873,1,1,118.1,29,27,44,18,24,149.5,1,0,0,1,1,0,30,0,0,7,6,1,4.916152212985759,0,1,7,2,2,16.23959206066595,0,9.6,3.0,-0.05,Enrolled
1,1,6,3534,1,1,108.4,4,43,23,1,0,148.9,1,0,0,1,0,1,18,0,0,5,6,2,9.436889574471927,0,3,5,1,2,13.821292938406248,0,9.0,0.4,0.49,Enrolled
1,10,2,9524,1,1,108.5,36,35,3,21,32,152.4,1,0,0,1,0,0,22,0,0,7,12,3,13.291668583887708,0,2,6,6,3,17.292062883334907,0,9.4,0.4,1.81,Enrolled
1,36,1,1807,1,2,131.3,23,1,27,6,4,159.3,1,0,0,1,0,0,18,0,0,9,12,1,0.2748245081662846,0,4,8,0,2,13.202221538611298,0,15.4,-0.6,-2.5,Graduate
1,27,1,7852,1,2,116.1,31,3,44,4,6,153.4,0,0,0,1,0,0,18,0,0,7,11,3,16.027820955581376,0,3,7,11,2,14.436515897085036,0,15.4,0.4,-0.26,Dropout
1,1,1,9912,1,3,127.7,24,17,2,5,16,154.8,1,0,1,1,1,1,27,0,0,8,14,8,18.8593709845696,0,2,8,17,2,16.37573459796636,0,14.3,-0.8,-0.31,Graduate
1,38,3,7674,1,1,146.3,70,3,3,1,4,153.4,1,0,0,1,1,0,23,0,0,3,6,3,18.14968029912738,0,1,4,11,2,16.14629319555999,0,14.4,-0.7,-2.7,Dropout
1,5,1,7704,1,1,127.2,96,23,33,20,7,151.6,0,0,0,1,0,0,21,0,0,5,8,7,18.846105623129397,0,2,5,19,12,18.571428571428573,0,10.4,1.2,0.83,Graduate
1,52,1,8989,1,3,146.0,49,37,10,19,29,163.6,0,0,0,0,0,1,20,0,0,3,4,1,1.86614344445003,0,1,4,2,1,11.495753393348384,0,13.9,-0.3,-2.45,Graduate
2,14,1,6620,1,3,132.0,17,3,18,7,35,168.0,1,0,0,1,1,1,18,0,0,5,6,0,0.16183011121583138,0,1,7,1,0,4.176424310308501,0,10.2,3.7,2.79,Dropout
1,26,3,9036,1,1,117.5,86,1,2,1,3,152.8,0,0,0,1,0,0,21,0,0,12,12,19,18.87499876251428,0,7,10,29,13,18.571428571428573,0,11.1,3.7,0.04,Graduate
1,19,1,9481,1,1,135.7,72,6,37,7,4,154.9,1,0,0,1,1,0,18,0,0,9,13,6,17.497366383435175,0,3,9,14,11,18.571428571428573,1,11.0,1.9,-1.68,Dropout
1,49,1,9967,1,1,127.1,79,2,44,5,5,161.1,1,0,0,1,0,0,28,1,0,4,4,0,0.10270455894458531,0,2,2,4,0,2.8398600214997094,0,9.0,2.3,3.2,Dropout
1,48,1,9985,1,1,123.1,77,44,39,6,2,148.8,0,0,0,1,0,0,19,0,0,12,14,2,3.1960711835673745,0,2,11,6,4,17.87452203620459,0,14.2,3.7,0.28,Dropout
1,45,3,6991,1,1,125.1,12,23,6,14,9,152.9,1,0,0,1,0,1,19,0,0,5,8,2,2.341560135267148,0,2,5,5,5,17.842665223552988,0,9.6,-0.8,-1.68,Graduate
1,2,1,8964,1,1,134.1,78,7,14,12,28,157.7,0,0,0,1,1,1,20,0,0,9,9,7,18.70409663342544,0,4,8,7,3,16.483009790203198,0,11.3,-0.4,1.52,Graduate
1,2,6,7578,1,1,129.8,99,1,7,7,19,153.9,1,0,0,1,1,1,18,0,0,5,4,3,16.8028857758495,0,4,6,4,1,8.838730761511181,0,9.7,0.0,2.0,Graduate
1,1,2,6544,1,1,150.1,3,7,2,5,3,159.9,1,0,0,1,0,0,49,0,0,5,5,0,0.17561622421814596,0,3,5,0,0,2.2506153558176645,0,15.6,2.8,-0.27,Enrolled
1,50,1,5573,1,1,142.3,51,11,33,1,4,155.5,1,0,0,1,1,0,33,0,0,7,15,6,18.77958944598319,0,4,7,14,1,9.814668720064061,3,13.4,1.3,-3.71,Graduate
5,49,1,9988,1,9,138.8,56,12,14,10,12,165.3,0,0,0,1,1,0,31,0,0,7,12,7,18.82335483680513,0,1,7,28,0,6.853131587048362,0,15.0,1.3,-3.05,Enrolled
1,1,1,6663,1,4,142.0,55,4,2,2,12,169.1,1,0,0,1,0,0,18,0,0,7,6,3,15.003142114448531,0,2,7,5,2,14.76454873482896,2,9.2,-0.8,3.42,Graduate
1,6,4,9606,0,1,132.9,37,12,3,13,24,154.9,1,0,0,1,0,1,18,0,0,7,15,16,18.874907615066903,0,3,7,33,13,18.571428571428573,0,14.5,-0.8,-2.9,Graduate
1,40,1,9199,1,1,155.8,3,44,19,24,23,172.2,0,0,1,1,0,0,20,0,0,5,10,6,18.44507685570915,0,1,5,12,2,16.110801673722605,0,15.8,0.3,-2.14,Graduate
1,1,5,9135,1,1,119.2,4,23,42,35,11,152.9,1,0,0,1,1,1,19,0,0,7,11,4,15.619170592599598,0,2,7,5,1,10.38611927007792,0,15.5,-0.7,-4.06,Graduate
2,37,1,9658,0,4,126.3,23,44,43,12,2,151.9,0,0,0,1,0,0,40,0,0,9,12,11,18.85686265966494,0,5,10,10,17,18.571428571428573,0,16.0,2.8,-0.02,Dropout
1,57,2,6689,1,1,121.9,48,25,44,5,4,148.8,1,0,1,1,0,0,33,0,0,9,14,0,0.07215895300695324,0,5,8,10,0,1.5557934631901509,0,16.0,1.4,-1.38,Enrolled
1,56,1,9561,0,1,117.6,5,41,7,10,8,151.0,1,0,1,1,1,1,18,0,0,3,6,6,18.66239638856944,0,2,3,12,4,17.846607048851748,0,11.7,-0.7,-0.94,Enrolled
1,31,2,9051,1,2,154.8,88,1,2,2,6,165.6,1,0,0,1,0,1,19,0,0,2,3,0,0.08812419153606701,0,1,2,1,0,8.082992571291781,0,9.0,-0.6,-3.07,Dropout
1,32,1,9730,1,1,123.4,49,26,17,1,1,149.0,0,0,0,1,1,0,32,0,0,8,8,2,5.2191100052582335,0,2,8,18,1,8.784617535409437,0,13.9,0.3,-2.64,Dropout
1,4,1,9523,1,2,145.1,77,4,3,28,25,159.0,0,0,0,1,1,0,18,0,0,5,5,0,0.010947543122765385,0,3,5,1,0,2.0400711517718544,0,13.6,-0.2,-0.36,Graduate
1,24,1,6484,1,1,142.4,27,44,37,1,1,152.2,1,0,0,1,0,0,19,0,0,5,3,0,0.0068516534265886195,0,2,5,0,0,6.318207646457868,0,15.0,0.5,-3.73,Dropout
1,4,6,7759,1,3,120.4,20,29,7,4,2,147.4,1,0,1,1,1,0,18,0,0,3,4,0,0.8258551038846974,0,1,4,2,0,8.157715791572707,0,16.2,0.8,-3.96,Dropout
1,6,4,9438,1,1,131.0,89,43,2,22,9,149.3,0,0,1,1,0,0,18,0,0,8,14,5,17.62944897272761,0,3,7,3,6,18.478022183956767,0,15.1,3.7,0.81,Graduate
1,57,5,9672,1,3,114.8,7,35,44,15,11,155.7,0,0,0,1,1,0,53,0,0,6,5,1,2.633435331868312,0,5,5,1,0,3.1121030451575664,0,9.2,-0.4,3.43,Enrolled
2,12,3,9379,1,2,107.9,19,26,9,1,11,151.5,1,0,0,0,0,0,24,0,0,9,11,0,0.006584690391229143,0,8,8,2,0,0.2879039364125807,0,9.8,-0.8,0.78,Dropout
1,1,2,9145,1,1,131.6,39,10,25,33,48,149.3,1,0,0,1,0,1,18,0,0,11,13,20,18.87497348025579,0,1,11,33,15,18.571428571428573,0,12.8,-0.3,2.47,Graduate
1,14,1,9768,1,1,138.0,36,17,41,9,22,160.1,1,0,1,1,0,0,18,0,0,6,8,2,13.06606362773787,0,2,7,6,2,15.18661229382096,0,10.1,3.7,-0.55,Dropout
1,39,1,8674,1,2,117.8,32,25,11,3,4,150.2,1,0,0,1,1,0,20,0,0,9,12,11,18.87392857873963,0,8,9,33,11,18.571428571428573,0,13.2,-0.0,0.63,Graduate
1,3,2,5770,1,2,119.3,55,42,36,37,36,167.0,1,0,0,1,1,0,29,0,0,8,13,8,18.75183266676057,0,5,8,12,6,18.571428571428573,0,9.5,-0.1,2.02,Dropout
1,2,1,6955,1,1,131.4,18,10,42,34,11,149.7,1,0,1,1,1,0,18,0,0,7,11,3,7.551538551576876,0,2,7,8,4,17.737359701328586,0,11.7,-0.5,1.01,Graduate
1,1,4,8427,1,1,120.2,16,37,34,5,4,159.7,0,0,0,1,1,1,18,0,0,6,9,26,18.87499999997895,0,1,6,18,20,18.571428571428573,0,12.9,0.8,-2.2,Graduate
1,4,1,9864,1,1,131.7,12,31,15,1,0,155.7,1,0,0,1,1,0,22,0,0,6,8,4,15.247068048458404,0,2,6,11,4,17.324285755394705,2,13.9,0.2,2.11,Graduate
1,1,5,7993,1,1,137.5,8,4,2,9,9,148.7,0,0,0,1,1,1,18,0,0,4,5,2,13.696575388034812,0,1,3,7,1,11.017062292696817,0,11.5,-0.4,-0.36,Graduate
1,9,1,973,1,1,129.0,99,38,6,4,10,159.2,1,0,0,1,0,0,20,0,0,4,9,3,14.679920203847631,0,1,3,2,1,8.654014858259611,0,14.7,0.2,0.71,Graduate
1,53,4,8471,1,1,127.7,81,33,30,13,29,149.9,0,0,0,1,0,0,27,0,0,10,13,1,0.23204661022504583,0,4,8,9,1,12.56711708760246,0,9.4,0.9,-1.96,Graduate
1,25,1,9334,0,5,125.1,93,3,2,6,9,157.0,1,0,0,1,0,1,25,1,0,9,9,10,18.812644538604196,0,7,10,9,9,18.571428571428573,0,11.3,-0.7,-1.53,Graduate
1,1,1,8729,1,1,132.8,37,34,2,5,16,154.0,0,0,0,1,0,0,18,0,0,6,2,2,10.023590770436037,0,3,6,3,4,17.820768970134665,0,9.6,-0.4,3.3,Graduate
5,57,1,5344,1,9,136.8,21,26,26,2,1,158.2,0,0,0,1,1,0,36,0,0,6,8,1,1.1300891177108503,0,2,6,2,0,7.202410773230337,0,9.3,2.7,3.34,Enrolled
1,43,1,9661,1,2,135.0,7,1,3,3,9,167.3,1,0,0,1,0,0,22,0,0,8,9,12,18.86961880271243,0,4,9,15,7,18.571428571428573,0,12.0,-0.1,-1.04,Dropout
1,55,1,9407,1,3,128.6,5,4,5,6,11,163.6,1,0,0,1,0,0,21,0,0,6,14,7,18.82170183912313,0,3,6,16,1,11.257004816143306,1,15.6,-0.7,-3.53,Dropout
1,1,2,9622,1,1,144.6,33,6,6,6,6,166.3,1,0,0,1,0,1,18,0,0,5,8,13,18.87469646720743,0,1,6,16,12,18.571428571428573,0,10.6,1.9,1.07,Graduate
1,55,1,8046,1,1,138.8,93,9,12,7,9,153.5,1,0,0,1,0,0,23,0,0,7,5,5,17.4454712269358,0,4,7,3,10,18.571428571428573,0,14.3,0.1,-0.27,Enrolled
1,1,1,9815,1,1,137.6,9,1,13,22,11,148.5,1,0,0,1,0,1,18,0,0,5,4,4,13.962898400782148,0,1,5,5,4,16.30408245792004,0,12.7,-0.7,-2.43,Graduate
1,44,1,6052,1,1,151.3,33,40,9,9,10,170.9,0,0,0,1,1,0,22,0,0,8,8,1,2.360516955296052,0,5,7,1,3,17.388192633692512,0,10.3,-0.3,2.79,Graduate
1,9,4,8337,1,1,127.8,66,28,8,16,5,157.0,1,0,0,1,0,0,31,0,0,6,7,0,0.0062831750497779155,0,2,7,1,0,1.9211788080468228,0,15.6,-0.7,-4.01,Dropout
1,11,1,8115,0,1,130.1,28,1,24,4,1,151.0,1,0,0,1,0,1,18,0,0,9,14,25,18.874999956976204,0,3,9,27,20,18.571428571428573,0,12.5,2.0,-2.53,Graduate
1,36,1,3215,1,5,120.5,36,26,38,13,25,157.5,0,0,0,0,1,0,29,0,0,4,5,1,0.4036826644897252,0,4,3,0,0,3.3678704694098722,0,9.7,3.7,3.45,Dropout
2,55,1,9738,1,1,132.5,12,38,43,6,1,149.2,1,0,0,1,1,0,23,0,0,5,9,11,18.872863214974196,0,1,5,15,7,18.571428571428573,0,14.9,0.1,-1.64,Enrolled
1,16,2,9930,0,1,137.5,2,4,44,10,22,149.3,1,0,0,1,0,0,18,0,0,5,0,0,0.0930834974070522,0,1,5,6,1,10.20205142638748,0,13.0,1.3,-2.0,Graduate
1,56,1,6822,1,2,104.9,16,25,26,37,25,154.6,0,0,0,1,1,0,58,0,0,8,9,2,4.054521214090214,0,9,7,1,2,12.719933416853134,0,10.4,-0.3,-0.67,Dropout
1,52,1,9772,1,1,155.5,20,44,41,2,1,154.1,0,0,0,1,1,0,19,0,0,6,10,18,18.87499922953175,0,3,7,15,9,18.571428571428573,0,9.0,0.1,1.06,Dropout
1,1,1,9800,1,1,102.2,92,23,42,2,2,147.8,1,0,0,1,0,0,23,0,0,8,9,15,18.87483666739924,0,2,8,13,12,18.571428571428573,0,9.4,2.2,1.19,Dropout
2,29,1,7426,1,1,111.0,3,18,41,3,8,149.9,0,0,0,0,1,0,25,0,0,4,10,2,13.595602650244114,0,2,4,12,1,12.109986269463333,0,11.6,-0.1,-0.05,Dropout
1,57,1,9357,1,3,142.5,98,44,37,9,3,161.3,0,0,0,1,0,0,43,0,0,6,13,4,18.245139077046026,0,2,5,17,6,18.571428571428573,0,11.2,1.9,2.17,Dropout
1,3,1,9314,1,1,146.7,42,38,19,2,1,150.5,1,0,0,1,0,1,18,0,0,9,8,12,18.87215289035233,0,1,8,32,3,15.854573278945695,0,15.1,1.7,-2.75,Graduate
1,1,1,5181,1,1,139.1,50,40,5,16,28,159.2,0,0,0,1,0,0,18,0,0,5,5,1,4.997657357955395,0,2,4,1,0,7.065648176992234,0,11.2,-0.7,-1.49,Enrolled
1,34,1,9582,1,1,138.2,7,4,18,4,3,150.0,0,0,0,1,0,0,23,0,0,5,5,1,2.841570472371607,0,1,5,3,0,3.4291878093509807,0,11.3,-0.8,-1.18,Enrolled
1,43,2,8250,1,1,122.8,82,5,22,2,2,175.3,1,0,0,1,0,0,19,0,0,7,4,3,11.067361204716553,0,4,6,3,0,8.338024356478678,0,10.6,2.4,0.05,Graduate
5,45,2,7826,1,3,149.1,67,43,43,2,3,160.9,1,0,0,1,0,0,31,0,0,7,9,1,2.5158244250717665,0,3,6,1,1,5.935549574490477,0,10.9,-0.7,-1.79,Dropout
1,37,1,8446,1,1,129.4,76,33,40,3,3,151.0,1,0,0,1,1,1,18,0,0,2,1,0,0.6002648182802047,0,1,2,0,1,11.214383895037438,0,11.1,1.9,-2.62,Graduate
1,3,2,7127,1,2,136.2,2,21,23,11,9,157.0,1,0,1,1,0,0,18,0,0,1,0,3,17.389237017041655,0,1,0,1,1,13.776535258580457,8,11.8,-0.8,-0.33,Dropout
1,56,1,8721,1,1,140.0,30,18,2,12,30,152.9,1,0,0,1,1,1,27,0,0,6,8,2,10.010241183722682,0,5,6,3,0,5.902560759341966,0,15.3,-0.8,-0.72,Graduate
1,4,1,9550,1,2,119.2,24,4,4,16,8,149.4,0,0,0,1,1,0,28,0,0,7,10,1,0.4878086625446248,0,3,5,12,0,4.951108431378752,0,9.3,3.6,0.28,Graduate
1,10,1,8595,1,3,131.5,73,32,6,4,6,152.7,0,0,0,1,0,0,18,0,0,6,6,0,0.10154381612107986,0,9,7,0,1,8.958730833719603,0,9.0,3.7,2.28,Graduate
1,53,1,8284,1,3,122.8,61,29,14,19,19,156.4,1,0,1,1,0,0,19,0,0,4,7,0,0.30540503433755456,0,4,4,1,0,2.2886071704944744,0,12.4,-0.2,-1.55,Graduate
1,3,1,7176,1,1,150.5,67,2,37,4,5,157.8,1,0,0,1,0,0,23,0,0,4,1,7,18.79532510647506,0,1,4,5,5,18.360003546710033,0,10.5,-0.1,-1.34,Graduate
1,9,4,9680,1,1,130.1,6,30,2,6,5,147.4,1,0,0,1,0,0,20,0,0,12,17,26,18.87499999296058,0,2,11,33,20,18.571428571428573,0,13.9,2.9,-0.96,Enrolled
1,50,1,5727,1,2,130.0,52,44,10,1,1,155.3,1,0,0,0,0,1,21,0,0,5,8,5,18.2444507463658,0,2,5,4,1,12.935469729560175,0,10.2,1.2,-1.17,Graduate
1,18,1,7546,1,2,158.5,41,1,2,15,6,155.2,0,0,0,1,0,1,18,0,0,6,10,16,18.87494732213492,0,1,5,20,8,18.571428571428573,0,12.5,2.6,3.0,Graduate
1,53,2,7669,0,10,122.6,7,36,3,13,6,149.8,1,0,1,1,0,0,18,0,0,9,19,1,1.5808024592127377,0,3,8,9,1,9.844853453971444,0,15.1,-0.6,-4.06,Dropout
1,31,4,5529,1,1,130.5,57,1,3,4,6,150.2,0,0,0,1,0,0,18,0,0,9,12,10,18.86755796843863,0,2,9,7,5,18.143543704511778,1,15.3,-0.6,-3.97,Dropout
1,1,2,8688,1,1,115.6,6,8,3,3,3,165.7,1,0,0,1,1,0,18,0,0,5,3,2,8.552305630738443,0,1,6,14,3,16.60577222816194,0,9.4,1.6,2.67,Dropout
1,42,1,9454,1,1,134.3,93,8,14,5,12,154.5,1,0,0,1,0,0,18,0,0,10,16,22,18.874999826324505,0,4,10,18,20,18.571428571428573,0,14.3,-0.6,-2.85,Dropout
1,1,2,9987,0,1,133.3,40,19,24,19,14,150.5,1,0,0,1,1,1,18,0,0,9,11,7,18.529763806330383,0,2,8,21,5,18.074457701246146,0,10.3,-0.1,2.92,Graduate
1,55,1,9471,1,6,119.6,28,26,18,11,17,153.7,1,0,0,1,0,0,28,0,0,6,10,10,18.82936734854326,0,6,6,12,20,18.571428571428573,0,13.8,1.1,0.93,Dropout
1,11,2,8691,1,1,123.4,3,19,10,4,2,153.4,0,0,0,1,0,0,18,0,0,3,5,0,0.21397834539339183,0,2,3,5,1,13.122172035785695,0,10.6,2.9,2.24,Graduate
1,26,1,3852,1,1,129.9,43,41,15,7,12,152.4,0,0,0,1,1,0,47,0,0,5,11,0,0.006109860343420716,0,4,6,4,0,0.4494158847606959,0,12.5,3.7,-0.17,Enrolled
1,15,1,8993,1,2,121.3,23,17,14,11,11,152.1,0,0,0,0,1,1,38,0,0,8,13,12,18.87456230317481,0,4,8,13,6,18.571428571428573,0,10.6,2.9,-0.83,Graduate
1,51,1,9703,1,3,122.6,83,44,6,11,13,154.1,1,0,1,1,0,0,25,0,0,10,14,2,9.643733862489045,0,7,9,18,3,16.387727336627876,0,15.9,-0.4,-1.09,Enrolled
1,44,6,5001,1,1,143.9,86,1,4,2,0,168.9,0,0,1,1,0,0,19,0,0,6,4,9,18.850504966693425,0,8,6,8,5,17.94293367554428,0,9.0,2.4,3.09,Graduate
1,44,1,9816,1,4,112.8,7,23,10,5,23,153.3,0,0,0,0,0,0,57,0,0,5,9,4,18.70673611879789,0,2,5,17,0,9.16839896102964,0,9.1,-0.3,3.0,Enrolled
1,6,5,9990,0,4,134.5,25,5,12,2,2,152.4,1,0,0,1,0,1,19,0,0,10,17,26,18.87499999571474,0,2,8,33,20,18.571428571428573,0,10.6,-0.5,-0.76,Graduate
1,48,3,7416,1,3,153.2,43,23,44,6,4,154.2,1,0,0,1,0,0,27,0,0,6,6,0,0.005978503407093188,0,8,6,1,0,0.529646194319408,0,14.8,1.3,-3.82,Dropout
1,12,1,9427,1,1,138.9,4,15,7,13,6,154.9,1,0,0,1,1,0,18,0,0,7,6,1,1.0214082275418477,0,1,8,4,4,17.764516850062055,0,14.0,0.1,-1.47,Graduate
1,13,1,9907,0,3,130.9,50,6,9,5,6,157.2,0,0,1,0,0,0,18,0,0,3,11,0,0.8282746920803181,0,1,3,1,0,7.009592145380054,0,13.5,-0.7,-3.0,Enrolled
1,20,2,7886,1,1,153.7,20,1,4,1,0,151.9,1,0,0,1,0,0,18,0,0,4,3,0,0.16887063040915826,0,1,4,1,0,3.8698331312990266,0,13.3,-0.7,0.46,Dropout
1,2,1,5977,1,2,150.4,89,2,2,8,12,155.0,1,0,0,1,1,0,19,0,0,6,4,0,0.1365100650921052,0,4,6,1,0,5.831579428779539,0,12.1,3.1,2.99,Enrolled
1,7,1,9418,1,3,124.8,36,39,44,1,9,161.5,1,0,0,1,0,1,19,0,0,5,4,1,3.8524828518780567,0,1,7,4,4,17.26780781628352,0,13.9,0.5,0.81,Enrolled
2,56,1,9105,0,1,139.9,69,7,32,4,6,149.1,0,0,0,1,0,1,20,0,0,8,10,7,18.35798077766789,0,2,8,4,11,18.571428571428573,0,11.2,3.7,-1.28,Graduate
1,8,6,3852,1,1,120.9,2,1,19,5,17,148.4,1,0,0,1,0,1,18,0,0,5,5,1,2.5959560597097955,0,1,6,5,0,3.8250891595937992,0,9.4,0.2,3.27,Enrolled
1,2,3,9764,1,1,122.9,35,41,28,15,13,154.4,1,0,0,0,0,0,18,0,0,8,11,5,15.671001081666514,0,2,9,29,3,16.443236891331985,1,9.5,3.7,3.26,Graduate
1,52,1,8160,1,3,134.8,90,23,15,24,37,152.5,0,0,1,0,1,1,21,0,0,10,14,7,18.51261645504428,0,5,9,29,5,18.156539894523164,0,11.5,-0.1,-0.57,Dropout
1,6,9,6972,1,5,144.8,5,26,3,2,1,159.5,0,0,0,1,0,0,18,0,0,5,6,2,8.7336942163865,0,1,5,9,3,17.62778547032499,4,12.6,1.8,-3.02,Enrolled
1,3,1,8145,1,1,140.2,25,40,38,4,8,151.0,0,0,0,0,1,0,19,0,0,5,9,2,7.400585240466238,0,2,5,15,1,10.749137672543887,0,14.6,-0.2,-4.06,Dropout
1,1,6,8365,1,1,154.5,95,43,2,7,19,150.6,0,0,1,0,0,0,18,0,0,4,2,1,0.38711405997321274,0,2,4,1,0,3.2873229742031747,0,9.8,1.2,1.07,Graduate
1,43,1,9681,1,4,117.0,46,40,41,8,9,161.5,1,0,0,1,0,0,21,0,1,8,11,2,8.737047702710937,0,14,8,10,4,17.56507983245826,0,9.0,-0.1,2.52,Enrolled
1,5,1,6961,1,1,124.9,25,37,12,1,1,148.2,1,0,0,0,0,0,26,0,0,10,13,3,10.352153655243448,0,11,8,11,3,16.326837755931383,0,12.9,1.4,1.43,Enrolled
1,11,1,9759,0,2,155.1,3,44,12,3,13,156.4,0,0,0,1,1,0,18,0,0,4,5,2,10.17488746468779,0,1,5,4,3,17.099643307810553,0,14.6,0.1,-2.71,Dropout
1,23,1,7980,1,1,141.4,39,43,12,3,3,161.5,0,0,0,1,0,0,38,0,0,6,14,2,6.444059502023194,0,4,6,13,2,16.679611350583997,1,11.6,-0.7,-3.82,Enrolled
1,10,1,7100,1,1,133.7,66,10,42,17,40,159.5,0,0,0,1,0,0,18,0,0,8,4,0,0.006192037258900727,0,3,6,1,0,3.2140232479384956,0,13.5,3.1,-0.28,Enrolled
1,8,1,6870,1,1,126.0,30,41,22,3,1,150.9,0,0,0,1,1,0,24,0,0,6,14,9,18.856650300468626,0,3,6,10,1,11.695151608367773,0,11.6,-0.8,-0.84,Dropout
1,52,1,9762,1,2,150.6,77,42,38,8,12,170.4,0,0,0,1,1,0,35,0,0,8,8,3,10.162491492380784,0,4,7,4,2,14.585959510367932,0,10.7,3.7,1.53,Dropout
1,37,1,9952,1,1,148.8,80,13,17,5,8,152.2,0,0,0,1,0,1,18,0,0,9,10,13,18.869664041167756,0,4,8,16,9,18.571428571428573,0,12.1,-0.4,1.0,Dropout
1,28,1,9981,1,3,124.2,2,2,39,1,9,148.5,0,0,0,1,0,0,37,0,0,9,13,10,18.873502096793853,0,4,8,33,16,18.571428571428573,0,9.5,0.8,3.46,Dropout
1,47,1,9096,1,2,109.3,59,1,2,15,6,148.5,1,0,0,1,0,0,18,0,0,9,7,2,5.70714705268218,0,6,8,4,1,10.103929851376208,0,11.0,2.7,1.59,Graduate
1,4,4,6930,1,2,136.4,33,8,2,9,16,165.4,1,0,0,1,1,0,20,0,0,7,11,10,18.799294670336337,0,2,8,17,14,18.571428571428573,0,16.0,2.8,1.69,Graduate
1,41,1,9917,1,3,149.2,87,42,22,11,15,156.5,0,0,0,1,1,0,31,0,0,8,14,13,18.87429515030011,0,11,7,27,19,18.571428571428573,0,9.7,-0.8,-0.86,Dropout
1,47,1,8566,1,1,107.6,71,38,33,9,7,149.9,0,0,0,1,1,0,18,0,0,7,7,1,2.819691312706205,0,2,6,5,1,9.724357422256583,0,15.0,3.1,1.96,Dropout
1,17,3,9909,0,1,149.0,51,26,2,18,20,170.0,1,0,0,1,0,0,20,0,0,13,17,17,18.874813448557134,0,4,12,26,17,18.571428571428573,0,9.1,1.2,2.03,Graduate
1,15,1,8896,1,1,151.6,8,11,16,1,0,166.4,0,0,0,1,0,1,22,0,0,2,1,0,0.02725304851637149,0,1,4,0,0,6.692400467759336,0,9.5,3.7,1.98,Dropout
2,31,3,6834,1,1,129.2,15,40,25,18,32,153.0,0,0,0,0,1,0,25,0,0,4,7,2,11.004776654206404,0,2,5,3,3,15.890460485845578,0,14.4,3.7,1.44,Enrolled
1,36,1,8261,1,1,125.3,2,43,2,7,2,158.3,1,0,0,1,1,0,21,0,0,7,5,0,0.3602455969395431,0,2,6,2,0,2.7469349728304597,0,10.4,2.5,2.06,Graduate
1,48,2,8885,1,3,134.8,11,37,2,3,0,160.2,1,0,1,1,0,1,21,0,0,8,15,4,13.270851548817683,0,12,7,7,4,16.690975615455457,0,8.9,0.3,2.89,Graduate
1,1,1,6511,1,1,141.5,3,29,6,7,7,161.8,0,0,0,1,0,1,18,0,0,6,6,3,13.718990127041824,0,2,7,4,3,16.19155180040669,0,10.6,1.0,1.47,Graduate
1,3,1,4862,1,1,98.8,12,39,12,30,38,148.1,0,0,0,1,1,0,28,0,0,10,9,5,15.667031687775383,0,4,10,13,2,14.123833492660738,0,14.4,0.5,3.11,Graduate
1,31,1,6538,1,1,128.6,2,2,9,2,0,149.4,0,0,0,1,1,0,20,0,0,3,9,1,0.806575895939948,0,3,4,2,3,15.73902130601669,0,11.2,-0.8,-3.22,Graduate
1,14,2,8357,1,3,129.5,89,23,9,3,3,168.9,1,0,0,1,0,0,27,0,0,10,13,4,14.952210717830537,0,6,10,24,13,18.571428571428573,0,12.0,-0.8,-1.53,Graduate
1,5,1,7948,1,1,124.5,23,41,4,23,10,155.7,0,0,0,1,0,0,18,0,0,5,7,0,0.014205837444753842,0,2,5,1,1,11.113393340481842,0,9.2,-0.8,2.8,Graduate
1,1,6,8433,1,1,136.1,9,43,37,18,3,151.0,0,0,0,1,0,0,32,0,0,5,5,3,16.696308685723192,0,1,4,9,3,17.44084612875862,0,10.5,0.3,0.21,Graduate
1,1,4,9567,1,1,120.2,24,4,23,8,11,149.1,1,0,0,1,0,0,18,0,0,9,18,17,18.87499336603284,0,2,9,32,2,10.609496783448954,0,15.9,-0.6,-3.78,Graduate
1,12,1,8714,1,3,159.0,78,44,44,10,18,157.3,0,0,0,1,0,1,20,0,0,9,11,6,17.543705099839872,0,3,9,22,12,18.571428571428573,0,10.7,-0.2,-1.97,Graduate
1,11,2,6532,1,1,122.8,36,5,2,3,7,153.8,1,0,1,1,1,0,20,0,0,3,11,1,3.216117769141065,0,1,3,5,2,15.499152008002921,0,11.6,-0.7,1.65,Enrolled
1,29,1,8396,1,3,143.0,9,36,38,6,33,152.5,0,0,0,1,1,0,18,0,0,6,10,0,0.02551964931147934,0,7,6,2,0,1.0778591755811668,0,10.1,2.9,-2.05,Graduate
1,2,1,6902,1,3,131.3,18,43,28,6,13,150.8,1,0,0,1,0,0,18,0,0,3,7,6,18.784165281928985,0,3,2,11,8,18.571428571428573,0,9.0,-0.8,1.7,Enrolled
1,33,2,8255,1,1,126.0,22,19,6,23,21,155.9,1,0,0,1,0,0,18,0,0,6,14,6,18.477318244670588,0,3,6,8,6,18.571428571428573,0,12.7,-0.8,-1.35,Dropout
1,48,1,7542,1,1,148.7,23,9,5,6,1,149.7,1,0,0,1,0,0,39,0,0,7,11,2,8.940262239450465,0,3,6,6,0,2.604656466238656,0,11.6,-0.6,0.49,Graduate
1,2,1,9496,1,1,140.0,94,22,4,27,5,161.8,1,0,0,1,0,1,21,0,0,6,13,19,18.87494345423993,0,5,6,32,20,18.571428571428573,0,11.0,3.7,3.24,Graduate
1,53,1,8522,1,2,119.6,38,40,23,1,3,160.8,0,0,0,1,0,0,24,0,0,8,12,2,4.640349515053371,0,2,8,13,1,8.557555267557168,0,13.1,-0.7,-3.71,Graduate
2,57,3,9618,1,3,113.6,12,44,40,15,18,155.1,0,0,0,1,0,0,37,0,0,5,10,1,0.988260258506877,0,3,6,8,2,12.137379261341396,0,11.4,3.7,0.54,Graduate
1,34,3,6853,1,1,125.7,23,22,43,10,10,154.5,1,1,0,1,1,1,26,0,0,7,6,4,13.317413113793343,0,1,8,1,7,18.571428571428573,0,14.9,3.7,1.71,Dropout
1,4,1,9209,1,1,129.2,57,37,22,13,11,166.9,1,0,0,1,1,0,18,0,0,8,8,6,17.11021871048689,0,8,7,1,6,18.296519896559925,0,11.0,-0.8,-2.58,Graduate
1,1,1,8131,1,1,137.5,22,18,44,1,0,154.5,1,0,0,1,1,0,18,0,0,2,4,6,18.830602688752908,0,1,2,1,3,18.09361472679984,0,13.4,-0.3,-1.59,Enrolled
2,48,1,8212,1,1,139.0,18,44,32,3,2,155.8,1,0,0,1,0,0,19,0,0,8,9,4,15.079043134468039,0,3,7,1,3,16.31891939480085,0,12.0,1.9,-2.63,Graduate
1,29,1,5209,1,1,143.3,100,41,40,12,7,160.2,0,0,0,1,0,0,20,0,0,8,10,1,0.41247958939171625,0,4,8,10,0,2.1806802070010365,0,9.7,-0.6,1.21,Dropout
1,15,1,7972,1,1,124.8,48,42,15,2,1,148.2,1,0,0,1,0,0,18,0,0,5,3,3,12.847759377239125,0,2,5,1,7,18.571428571428573,0,11.7,0.7,-3.19,Dropout
2,32,4,7169,0,2,121.5,100,43,5,2,3,151.7,0,0,0,0,1,0,39,0,0,0,1,0,0.007763959786021003,0,1,0,0,0,0.3659480158640924,0,11.4,0.8,0.56,Dropout
1,48,1,3313,1,2,135.3,66,32,14,6,8,156.8,0,0,0,1,1,1,26,0,0,7,8,1,0.35443363045555343,0,4,8,0,2,14.788602749127088,0,13.9,2.9,-1.62,Graduate
2,1,1,9840,1,1,135.2,106,33,35,22,40,158.7,0,0,0,1,0,1,26,0,0,11,14,20,18.87499741365875,0,3,10,30,17,18.571428571428573,0,9.8,3.7,2.25,Graduate
1,3,1,9856,1,1,111.6,12,8,2,2,5,148.0,1,0,0,0,0,1,24,0,0,8,10,24,18.87499997070881,0,6,8,30,20,18.571428571428573,0,15.6,2.7,2.37,Graduate
1,16,1,4100,1,1,107.4,81,19,12,19,6,148.7,0,0,1,1,1,0,20,0,0,4,6,0,0.006098805968025913,0,2,3,0,0,0.8715878720998947,0,13.3,-0.5,-3.31,Enrolled
1,38,2,8028,1,1,113.9,31,12,33,14,7,148.1,1,0,0,1,0,0,35,0,0,6,7,0,0.5520911175571598,0,2,6,1,0,0.3121625424389487,0,10.8,-0.8,1.35,Enrolled
1,5,2,7145,1,1,151.6,20,43,8,14,6,152.8,1,0,0,1,0,0,18,0,0,3,7,0,0.28420721834696255,0,1,3,2,0,8.0972865974433,0,11.2,-0.7,0.38,Graduate
1,57,1,9277,1,6,132.4,66,29,13,8,9,166.5,1,0,0,1,0,0,37,0,0,10,10,9,18.74182548538765,0,8,9,4,10,18.571428571428573,0,11.0,2.9,-1.93,Graduate
2,3,5,9730,1,1,143.6,2,43,9,1,1,154.0,1,0,0,1,1,1,18,0,0,4,4,1,0.7072731404641931,0,4,5,0,1,7.295078205015232,0,12.1,3.6,-1.95,Graduate
1,1,1,7708,1,1,159.9,14,1,35,17,24,157.4,0,0,0,1,0,1,28,0,0,9,6,13,18.874078648174372,0,3,8,8,11,18.571428571428573,0,12.6,3.7,2.2,Graduate
1,34,1,9710,1,1,142.4,103,5,7,11,7,152.1,1,0,0,1,0,0,18,0,0,10,9,6,18.67208464075823,0,2,10,6,5,18.571428571428573,0,13.2,3.7,1.54,Enrolled
1,52,1,9349,1,2,133.9,91,20,32,6,8,154.8,0,0,0,0,1,0,23,0,0,11,11,12,18.857404927116896,0,11,9,17,7,18.571428571428573,1,9.0,0.8,3.49,Graduate
1,55,1,7741,1,6,121.1,55,2,26,6,12,152.9,0,0,1,1,0,0,27,0,0,5,4,0,0.019321527605647062,0,6,4,0,0,0.2778246424885494,0,13.4,-0.6,1.12,Enrolled
1,20,5,8173,0,1,154.1,90,15,24,12,11,158.2,1,0,0,1,0,0,18,0,0,7,5,1,2.600481514117445,0,1,8,1,0,5.080226338304098,0,11.5,-0.8,-3.86,Dropout
1,1,5,8954,1,1,126.3,33,22,22,25,48,153.7,1,0,0,1,0,0,18,0,0,7,15,16,18.87487947793886,0,1,7,29,11,18.571428571428573,0,9.1,-0.5,2.65,Dropout
1,2,1,9902,1,2,108.8,3,8,5,22,27,155.4,1,0,0,1,0,0,18,0,0,0,1,0,0.04642479295770671,0,1,1,0,0,0.8383434845018677,0,9.3,0.4,2.57,Enrolled
1,9,4,9635,1,1,118.3,88,1,24,8,22,161.7,0,1,0,0,0,0,18,0,0,4,8,10,18.85578525728874,0,2,6,22,11,18.571428571428573,0,14.9,-0.6,-3.29,Graduate
1,17,1,8734,1,1,138.9,77,11,10,4,8,165.5,0,0,0,1,0,0,27,0,0,8,4,2,3.3101580992522726,0,4,8,9,2,13.42591072730041,0,10.4,1.0,2.96,Graduate
1,1,1,6438,1,1,135.2,108,29,4,13,7,151.9,1,0,0,1,0,1,20,0,0,4,2,8,18.835859517655642,0,1,5,7,10,18.571428571428573,0,11.5,0.8,3.4,Dropout
1,19,1,8544,1,1,127.9,22,24,6,63,65,162.5,0,0,0,0,1,0,18,0,0,4,1,2,5.300379804034091,0,1,5,2,7,18.571428571428573,0,10.7,2.1,1.78,Graduate
1,15,1,9764,1,1,143.1,107,44,44,2,4,151.8,1,0,0,1,1,1,18,0,0,7,6,2,3.020297124597316,0,2,6,2,1,9.529962547408276,0,11.3,2.7,-0.57,Graduate
1,12,1,8311,1,3,115.4,12,1,5,22,8,154.7,1,0,0,0,0,1,21,0,0,7,6,0,0.027904047333461968,0,5,7,1,0,0.303765623651633,0,14.0,2.2,-1.53,Dropout
1,43,1,9458,0,1,133.3,67,29,2,33,42,156.0,0,0,0,1,0,0,18,0,0,7,11,4,17.539407655443753,0,2,7,3,5,18.571428571428573,0,12.1,0.1,-2.3,Enrolled
1,2,6,4326,1,1,124.5,11,11,15,4,5,153.9,1,0,0,0,1,0,18,0,0,5,6,5,17.459442437591772,0,1,5,7,11,18.571428571428573,0,16.0,3.6,-3.5,Graduate
1,57,1,9750,0,4,139.6,22,35,4,1,0,155.1,1,0,0,1,1,0,27,0,0,9,18,18,18.87499376527709,0,4,8,13,12,18.571428571428573,0,9.5,0.4,-2.18,Dropout
1,1,5,8417,1,1,139.3,16,42,3,2,4,154.9,1,0,0,0,0,0,18,0,0,6,4,6,18.63796882987785,0,1,6,12,10,18.571428571428573,1,14.6,1.4,-2.52,Dropout
1,3,1,8884,1,1,125.3,17,30,8,31,19,157.3,1,0,0,1,1,0,38,0,0,7,15,3,14.05780058150141,0,4,6,6,2,15.388932939793797,1,8.9,3.7,1.78,Graduate
1,45,1,7255,1,3,127.3,25,33,43,22,5,173.3,1,0,0,1,0,0,24,0,0,6,9,9,18.83130695162419,0,2,6,6,9,18.571428571428573,0,10.2,-0.3,2.39,Dropout
1,24,1,6883,1,1,152.2,106,16,6,2,4,154.9,1,0,0,1,0,0,18,1,0,6,6,7,18.240618086745748,0,5,7,2,5,17.1455889095654,0,11.5,1.2,0.47,Graduate
1,38,1,5441,1,2,140.0,51,9,3,9,2,169.4,1,0,0,1,1,0,20,0,0,6,12,6,18.33361064547414,0,9,6,6,4,18.396501558692027,0,13.7,2.1,-2.77,Graduate
1,2,1,9566,1,1,116.9,46,41,44,23,13,149.6,1,0,0,1,0,1,22,0,0,9,12,26,18.874999999989814,0,3,10,23,20,18.571428571428573,0,11.8,3.4,-1.35,Graduate
1,5,1,9115,1,2,152.8,8,40,44,3,18,163.1,0,0,0,1,0,0,18,0,0,6,15,12,18.874697745089573,0,6,6,28,12,18.571428571428573,0,12.2,-0.7,-2.22,Graduate
1,53,1,9823,0,2,149.5,69,4,36,13,7,156.7,0,0,0,1,0,0,21,0,0,5,5,3,15.574383662312206,0,4,4,2,0,8.080570826738516,0,10.2,0.4,-2.86,Dropout
1,12,2,9089,1,1,135.7,33,23,21,20,16,151.6,1,0,0,1,0,0,19,0,0,7,6,1,0.10251164642608758,0,5,7,0,1,10.706018951309582,0,13.9,-0.8,-0.68,Graduate
1,35,2,7930,1,3,132.7,41,43,3,3,5,154.1,0,0,0,1,1,0,25,0,0,10,13,6,17.970048688015318,0,5,9,21,14,18.571428571428573,0,10.4,-0.2,-0.06,Graduate
1,39,2,8254,1,1,144.6,86,43,44,4,2,154.8,0,0,0,0,1,0,18,0,0,3,1,1,6.152985043422713,0,1,3,2,3,18.023358851197163,0,13.2,3.7,-3.42,Graduate
1,1,1,8408,1,1,139.4,4,13,31,6,8,152.4,0,0,0,1,1,0,19,0,0,5,8,8,18.84425301404111,0,4,4,7,11,18.571428571428573,0,13.8,1.5,-3.84,Dropout
1,5,2,8952,0,1,130.5,75,31,26,14,7,152.1,1,0,0,1,0,0,33,0,0,5,6,3,13.706416684311437,0,2,5,1,2,16.433976335720757,0,10.0,-0.7,1.3,Dropout
2,39,1,9830,1,1,125.4,87,43,30,6,10,146.5,0,0,0,1,0,1,25,0,0,7,10,10,18.868708708401986,0,2,7,33,5,18.571428571428573,0,10.5,2.3,2.65,Dropout
1,28,1,8970,0,1,141.5,39,43,19,5,16,154.2,0,0,0,1,0,1,19,0,0,6,6,1,1.1609003579673165,0,6,6,0,1,10.508602600688977,0,9.7,2.2,2.69,Graduate
1,39,1,8296,1,2,123.6,102,37,44,50,37,149.3,1,0,1,1,0,0,33,0,0,2,4,0,0.6422493017987452,0,1,2,1,1,10.264564963146766,0,10.8,3.0,1.73,Dropout
1,20,1,7723,1,1,111.2,86,41,28,4,13,151.2,0,0,0,1,0,0,27,0,0,3,10,0,0.01403463879170532,0,1,3,1,0,4.292172060801362,0,10.8,2.9,1.19,Dropout
1,10,4,9586,0,1,132.8,41,39,21,5,23,154.5,0,0,0,1,0,0,21,0,0,6,10,8,18.856106299082782,0,2,5,19,3,16.544779406758373,0,10.1,0.3,-0.26,Enrolled
2,53,1,6223,1,2,132.1,30,39,44,20,7,156.2,1,0,1,0,0,1,19,0,0,7,6,0,0.026353928753861063,0,3,6,0,0,0.4290717283931497,0,13.3,-0.3,2.39,Dropout
1,7,1,6106,1,1,109.5,3,43,6,2,1,150.8,1,0,0,1,0,0,20,0,0,6,7,3,11.119314374124052,0,3,5,5,4,18.527208953399025,0,9.1,0.1,0.04,Graduate
1,4,1,8615,0,1,135.0,68,22,6,11,11,159.8,0,0,0,1,0,0,18,0,0,7,9,1,0.6909707589754245,0,2,7,14,2,14.92160418015051,0,9.4,1.4,-0.6,Graduate
1,8,1,9936,1,2,129.4,9,13,23,8,22,150.1,0,0,1,0,1,0,48,0,0,8,18,15,18.874897023245783,0,2,8,33,5,18.254797155560194,0,9.5,3.0,2.83,Dropout
1,1,1,8715,1,1,135.6,54,7,23,16,7,154.5,1,0,0,1,0,1,18,0,0,3,0,0,0.1452175340604287,0,1,4,1,0,6.742151394934551,0,9.6,1.8,-2.63,Graduate
1,4,1,6311,1,1,158.3,98,33,32,5,6,165.2,0,0,0,0,0,0,18,0,0,6,10,4,18.136938350627254,0,5,4,5,0,8.659244847863512,0,10.5,3.7,-1.0,Enrolled
1,4,2,7067,1,2,134.9,29,2,43,1,0,148.3,1,0,1,1,1,0,41,0,0,3,2,0,0.020671746362485678,0,1,2,0,0,1.2044727237968524,0,11.6,0.1,1.81,Graduate
1,14,1,9958,1,1,120.4,75,6,38,17,11,155.2,0,0,0,1,0,0,18,0,0,10,8,1,0.14922179873925367,0,5,10,4,5,17.280356886539625,0,9.1,3.4,2.84,Graduate
1,32,1,4948,1,1,135.0,103,7,5,3,11,157.4,1,0,0,1,0,0,18,0,0,4,1,0,0.026929587131398584,0,3,4,0,1,10.306132275506757,0,9.5,2.3,2.04,Graduate
1,3,5,9293,0,1,141.1,23,39,32,10,4,155.8,1,0,0,1,0,0,18,0,0,2,3,0,0.009588783878422734,0,1,2,1,1,7.910060660332467,0,10.1,1.2,1.13,Graduate
1,20,1,9012,1,1,124.8,2,14,44,4,8,162.0,1,0,0,1,0,0,21,0,0,7,13,0,0.6065566910321273,0,9,7,4,1,10.155469673007907,0,9.9,-0.6,-2.45,Dropout
1,17,1,7633,1,1,128.8,8,37,14,5,12,158.1,0,0,0,1,0,0,21,0,0,6,10,18,18.874993314213917,0,8,6,12,16,18.571428571428573,0,10.0,1.3,-0.46,Graduate
1,55,1,9147,1,5,117.1,36,19,7,8,9,158.0,0,0,0,0,0,0,44,0,0,5,9,3,10.52960843823194,0,4,6,5,4,17.184327084686583,0,13.8,-0.8,-1.7,Graduate
1,1,4,8953,1,1,121.9,61,8,5,1,2,154.2,1,0,0,1,0,1,19,0,0,4,11,15,18.874992198308515,0,1,5,26,7,18.571428571428573,0,9.5,-0.5,2.32,Graduate
1,4,2,7438,1,1,155.5,55,35,2,27,43,157.3,0,0,1,1,0,0,20,0,0,7,6,3,14.740845437353709,0,1,7,5,1,10.60289509447636,0,14.9,2.3,-1.39,Graduate
1,3,1,9636,1,3,149.9,78,2,17,15,4,164.2,0,0,0,1,0,1,26,0,0,6,4,2,4.59589471992426,0,2,6,2,0,1.8010955947685996,0,13.4,1.1,-1.52,Dropout
1,9,1,8700,1,1,131.7,9,41,36,3,4,147.3,1,0,0,1,0,0,20,0,0,6,13,1,6.438181628995874,1,1,6,5,0,0.2911071317070216,0,11.9,1.1,-3.31,Graduate
1,9,2,9136,1,1,121.7,6,42,34,17,7,150.9,1,0,0,1,1,0,19,0,0,3,8,6,18.704362640563946,0,1,5,13,5,18.571428571428573,0,14.7,3.7,1.1,Graduate
1,16,1,8974,1,1,156.6,95,21,32,4,9,152.8,0,0,0,1,1,0,18,0,0,7,12,13,18.874598395511853,0,1,8,28,11,18.571428571428573,0,14.5,-0.6,-2.16,Graduate
1,29,1,8520,1,2,131.4,96,30,34,8,13,161.7,0,0,0,1,0,0,18,0,0,3,2,1,2.080049931218337,0,1,3,0,1,10.300694926519007,0,12.0,0.6,1.47,Dropout
1,44,1,9810,1,1,122.7,40,33,6,6,10,157.0,0,0,0,1,0,0,22,0,0,13,19,24,18.874999991305526,0,9,12,33,20,18.571428571428573,0,11.5,2.2,-0.87,Graduate
1,56,1,9056,1,1,117.8,22,7,17,13,16,146.9,1,0,0,1,0,0,18,0,0,6,4,7,18.586106530816842,0,3,7,2,6,18.571428571428573,0,14.6,0.9,0.38,Dropout
1,5,1,9227,1,1,123.1,2,44,44,7,8,151.1,0,0,0,0,0,0,33,0,0,9,13,6,17.650306788401103,0,4,9,15,11,18.571428571428573,0,10.9,-0.5,-1.72,Enrolled
1,54,1,9991,1,12,116.3,50,20,17,7,5,150.1,0,0,0,1,0,0,48,0,0,7,15,8,18.85036435681185,0,1,6,27,3,18.430242412882478,0,9.0,-0.2,2.57,Dropout
1,2,1,9881,1,1,115.6,42,37,34,31,31,148.6,0,0,0,1,1,0,18,0,0,9,16,8,18.408111055111334,0,3,10,33,10,18.571428571428573,0,11.6,-0.8,1.59,Enrolled
1,16,1,8639,1,1,144.2,92,34,44,2,2,178.4,1,0,0,1,1,0,24,0,0,3,4,2,15.019233769702865,0,1,3,3,1,13.754139432555736,0,11.4,0.9,-2.16,Enrolled
1,56,1,7686,1,2,135.7,25,44,31,13,16,156.8,1,0,0,1,0,0,30,0,0,9,6,2,5.259628431275818,0,7,8,4,3,14.949404430160744,0,12.3,3.7,0.36,Graduate
2,21,1,9763,0,1,113.0,92,44,6,13,10,161.5,1,0,0,1,1,0,27,0,0,4,8,1,5.283146090472236,0,2,3,5,1,9.790073754927569,0,9.1,0.9,1.95,Dropout
1,30,1,8318,1,3,128.7,42,2,5,5,4,169.3,1,0,0,1,1,0,23,0,0,5,6,4,17.47921353289638,0,1,6,7,4,17.43908623712808,0,12.0,1.2,3.48,Graduate
1,53,1,9287,1,1,113.4,105,12,43,22,47,152.1,0,0,0,1,0,0,21,0,0,5,7,11,18.87219490953866,0,5,5,12,9,18.571428571428573,0,9.3,2.4,2.89,Graduate
1,57,1,8774,1,3,127.7,12,42,29,6,4,155.9,1,0,0,1,1,0,34,0,0,9,11,3,16.778649085835532,0,5,7,7,3,17.485681603247897,0,10.9,-0.6,-2.92,Graduate
1,53,1,8474,1,1,104.9,71,40,42,12,38,149.1,1,0,0,1,0,1,55,0,0,5,7,0,0.08705156109162342,0,2,4,2,1,8.887322440192985,0,11.2,-0.1,-0.53,Graduate
1,19,1,9955,1,3,130.1,11,26,3,1,2,158.1,1,0,0,1,1,0,23,0,0,10,18,5,17.05572167436411,0,3,10,26,2,11.871413089637436,0,15.0,2.7,-0.98,Graduate
1,57,2,8840,1,2,131.9,69,13,13,1,0,153.7,1,0,1,1,0,1,28,0,0,7,15,6,18.32352724278366,0,5,6,11,4,18.036606409766097,0,11.6,-0.6,0.36,Graduate
1,2,2,8183,1,1,140.8,43,35,12,8,11,158.1,1,0,0,1,1,0,49,0,0,8,10,19,18.87499012314143,0,6,6,19,19,18.571428571428573,0,9.7,2.1,-0.61,Graduate
2,10,1,6502,1,1,150.9,28,12,36,15,12,161.4,1,0,0,1,1,0,30,0,0,7,4,1,0.42509195045605497,0,5,8,0,2,13.604196455110706,0,11.1,0.1,2.41,Graduate
2,39,1,5431,1,1,142.3,86,4,2,2,2,155.7,1,0,0,1,0,0,18,0,0,3,6,0,0.39055003789002746,0,1,2,3,1,9.725586714869554,0,10.5,-0.8,-0.73,Graduate
1,2,1,7136,0,1,125.1,101,3,3,25,37,153.8,1,0,0,1,0,0,27,0,0,4,1,0,0.07921538708425921,0,4,5,3,0,7.536562852146382,0,11.4,-0.6,-0.26,Dropout
1,51,2,8923,1,1,113.6,44,8,4,24,24,153.0,0,0,0,1,1,0,50,0,0,7,14,2,12.493526922486902,0,10,7,23,3,16.864566007480935,0,10.8,3.1,0.77,Enrolled
1,57,1,5151,1,3,121.6,102,4,2,10,18,151.0,0,0,1,1,0,0,48,0,0,7,10,6,18.215972147264505,0,10,7,12,2,13.925373341836805,0,11.2,-0.8,1.7,Graduate
2,41,1,9800,1,1,114.9,3,10,10,7,26,147.3,1,0,0,1,0,0,35,0,0,6,11,4,12.53402852494487,0,2,5,15,3,16.12480894769901,0,9.1,-0.8,2.71,Dropout
2,4,2,8781,1,1,130.4,19,34,44,4,4,151.8,1,0,0,1,0,1,20,0,0,8,12,16,18.87494010796961,0,8,8,12,20,18.571428571428573,0,10.3,-0.3,-0.84,Graduate
1,1,1,8160,1,9,128.9,6,2,14,2,2,160.1,1,0,0,0,0,1,30,0,0,4,6,2,9.612195982746158,0,1,5,14,1,11.399580796578054,0,10.5,2.8,-0.34,Enrolled
1,51,1,8798,1,3,142.6,78,31,23,1,8,150.9,1,0,1,1,0,0,58,0,0,5,9,14,18.87352822268601,0,3,6,8,11,18.571428571428573,0,12.5,-0.6,-2.78,Graduate
1,18,1,8353,1,1,142.2,7,43,2,15,25,153.6,0,0,0,1,1,0,18,0,0,6,11,15,18.87494161209169,0,1,7,19,4,16.67956935048606,1,10.8,2.1,0.11,Graduate
1,12,1,9395,1,2,120.1,21,22,8,11,35,152.2,1,0,0,1,1,0,37,0,0,6,10,4,18.224515358072036,0,2,7,15,0,2.9691227897514945,0,9.3,-0.1,0.23,Graduate
1,8,1,5552,1,1,128.7,37,24,16,1,0,151.5,0,0,0,1,0,0,25,0,0,9,11,11,18.825685369053414,0,7,8,29,9,18.571428571428573,1,14.4,-0.1,-3.53,Graduate
1,30,1,8118,1,3,127.0,24,4,2,21,27,152.0,1,0,0,1,0,0,68,0,0,10,12,1,1.0601171739449275,0,12,9,14,0,8.785121298849878,0,12.1,3.7,3.22,Dropout
1,4,1,6191,1,1,121.0,5,44,43,1,6,150.2,0,0,0,1,1,0,23,0,0,5,5,3,9.473625073314022,0,2,6,8,7,18.571428571428573,0,9.4,-0.7,0.57,Dropout
1,6,1,9986,0,1,113.5,9,27,44,9,9,148.9,0,0,1,1,1,0,26,0,0,8,11,1,1.2039698155660703,0,7,7,8,1,12.076987045192878,0,10.5,-0.8,-3.07,Dropout
1,6,2,9925,1,2,134.3,2,44,12,1,13,152.0,1,0,0,1,0,1,19,0,0,12,12,10,18.798247467916912,0,4,11,10,18,18.571428571428573,0,12.8,0.9,2.79,Graduate
1,12,6,8385,1,1,122.6,47,43,2,1,0,153.7,1,0,0,1,0,0,18,0,0,5,5,4,16.727372748452495,0,3,7,4,2,15.913498238820155,0,8.9,-0.3,1.53,Graduate
1,8,5,8791,1,1,122.0,17,26,6,4,4,149.0,1,0,0,1,1,0,19,0,0,5,3,1,3.1850721296127387,0,1,5,8,1,13.689967703901466,1,9.4,-0.0,0.88,Graduate
1,9,2,7841,1,1,133.1,4,2,4,12,9,154.2,1,0,0,1,0,0,18,0,0,6,8,16,18.8749237760027,0,3,7,6,18,18.571428571428573,0,12.3,-0.6,-1.42,Dropout
1,45,1,5807,1,1,128.4,9,8,21,3,1,154.0,1,0,1,1,0,1,29,0,0,5,6,0,0.07173559580961486,0,7,5,0,1,10.023433282416022,0,9.1,3.3,3.2,Enrolled
1,1,2,2851,1,1,171.7,57,26,12,3,1,161.2,1,0,0,1,1,0,18,0,0,6,8,2,6.527233313151181,0,3,7,8,1,6.9950053117341096,0,9.2,-0.6,1.79,Dropout
1,20,1,7812,1,1,131.0,56,28,34,6,2,162.8,1,0,0,1,0,0,19,0,0,6,12,1,4.9571015946403225,0,2,6,10,0,3.4452993800819627,2,10.5,-0.7,-2.69,Dropout
1,45,1,9179,1,1,120.3,59,19,15,3,0,152.0,0,0,0,1,0,0,24,0,0,6,14,9,18.873946181189073,0,1,6,20,2,15.394553804745302,0,13.9,-0.6,-4.04,Dropout
1,2,2,8827,1,2,136.9,30,44,44,10,41,149.5,1,0,0,1,0,1,18,0,0,9,9,8,18.549236653209388,0,3,8,11,5,17.851595531017235,0,9.1,1.5,2.35,Graduate
1,10,3,9283,1,3,141.2,81,4,2,4,8,155.6,1,0,0,1,0,0,19,0,0,7,4,3,14.332730107988937,0,1,7,15,0,6.827044806036774,0,11.8,-0.5,-2.44,Graduate
2,57,1,9960,0,1,138.2,84,43,3,6,3,156.6,0,0,0,1,1,0,20,0,0,6,9,2,14.906005012221462,0,1,5,13,1,13.149155178219054,0,11.2,-0.2,-2.81,Dropout
1,2,2,8080,1,1,121.6,3,20,8,8,4,152.1,1,0,0,1,0,1,18,0,0,5,6,6,18.54381424859948,0,1,5,10,3,17.304067509392574,0,11.6,-0.7,2.37,Dropout
1,55,1,9558,1,1,116.5,10,5,42,26,20,147.3,0,0,0,1,0,0,36,0,0,6,7,1,4.140140519141922,0,1,6,17,0,7.797443285433726,0,9.2,2.3,3.36,Enrolled
1,4,1,7249,1,2,143.8,54,31,2,1,0,155.2,0,0,0,1,1,0,18,0,0,6,6,15,18.873897308159655,0,2,6,11,20,18.571428571428573,0,10.0,0.3,1.48,Graduate
2,28,4,8255,1,1,148.2,17,43,36,8,6,160.6,0,0,0,1,1,0,42,0,0,10,9,2,8.793202807246569,0,5,9,11,4,18.015295838323297,0,9.0,3.0,-0.59,Graduate
1,11,2,7583,1,1,114.5,25,4,23,2,0,148.0,0,0,0,0,0,0,20,0,0,9,14,13,18.87132426363339,0,5,9,22,10,18.571428571428573,0,8.9,1.2,3.13,Dropout
1,51,3,9985,0,1,148.5,70,12,12,5,31,160.5,0,0,0,1,0,0,33,0,0,7,13,9,18.84361094116379,0,2,6,26,3,17.633128573086708,0,11.9,-0.8,-1.5,Dropout
1,53,1,9421,0,1,147.6,91,44,14,5,8,153.0,1,0,0,1,1,1,22,0,0,5,11,8,18.82442012559991,0,2,5,18,10,18.571428571428573,0,9.6,3.7,1.8,Enrolled
1,28,5,6749,1,1,119.3,16,10,9,1,3,150.8,0,0,0,0,1,0,18,0,0,7,9,5,17.201389706064244,0,5,7,9,2,15.129726546448266,2,8.9,3.7,3.41,Graduate
1,50,5,8305,1,1,162.7,91,13,2,3,8,158.4,1,0,0,1,0,0,20,0,0,6,8,5,17.31620600139043,0,2,7,6,3,15.412510686050174,0,14.7,0.9,-3.88,Graduate
4,2,1,9783,1,1,119.2,6,39,7,1,0,154.5,1,0,0,1,1,0,44,0,0,9,10,9,18.861001616638752,0,4,8,29,11,18.571428571428573,0,9.6,2.4,0.44,Graduate
1,40,1,8662,1,1,128.8,96,18,42,3,8,158.4,1,0,0,1,0,0,23,0,0,7,5,1,0.7244017730822474,0,1,6,2,0,2.946858596721154,0,13.9,0.0,-2.92,Enrolled
1,3,1,9615,1,1,156.8,32,44,44,17,9,167.6,0,0,0,1,0,0,20,0,0,1,3,2,11.432186503085124,0,1,2,5,8,18.571428571428573,0,11.9,2.7,-2.82,Graduate
1,57,2,8620,0,1,117.5,15,40,2,5,1,159.5,1,0,0,1,1,0,18,0,0,6,9,12,18.874554516484192,0,4,6,18,10,18.571428571428573,0,13.2,3.1,-2.26,Enrolled
1,44,1,9355,1,1,119.4,11,7,32,6,5,148.8,0,0,0,1,1,0,24,0,0,4,16,1,7.848866512678339,0,3,3,11,0,3.3687323561653777,0,10.7,2.1,-2.29,Enrolled
1,1,6,6190,1,1,139.6,16,36,4,13,43,160.3,1,0,0,1,0,0,18,0,0,3,0,5,17.648164426278036,0,1,3,2,5,18.54114474119451,0,10.7,1.6,2.32,Graduate
1,17,1,5878,1,2,126.3,69,43,4,4,4,154.3,1,0,0,1,0,0,27,0,0,4,9,2,10.223518438030226,0,2,3,5,1,14.155181712194588,0,11.1,-0.8,0.84,Enrolled
1,9,1,8229,1,1,142.8,54,22,19,2,6,148.1,1,0,0,1,0,1,19,0,0,3,1,1,6.038599304011471,0,1,3,0,2,16.4554897399352,0,10.0,0.3,-2.12,Graduate
1,14,1,9393,1,4,128.9,93,19,7,1,1,149.4,1,0,0,1,0,0,37,0,0,12,18,5,17.911795209658504,0,12,11,33,3,16.76662799545675,0,8.9,1.6,2.8,Dropout
1,19,1,9871,1,1,155.1,16,23,7,6,30,158.3,0,0,0,1,0,1,19,0,0,8,13,12,18.866097672372913,0,3,7,20,20,18.571428571428573,0,12.4,-0.1,-2.35,Graduate
1,1,1,8913,1,1,139.5,13,37,24,13,35,149.7,0,0,0,1,0,0,18,0,0,7,12,7,18.344406541937033,0,4,6,10,4,18.15344841816997,0,9.3,2.5,0.08,Graduate
1,24,3,9327,0,2,151.0,68,34,43,2,3,163.0,0,0,0,1,0,0,18,0,0,8,9,19,18.87499010666451,0,6,8,9,18,18.571428571428573,0,9.9,1.2,-1.64,Graduate
1,1,1,5820,1,1,141.0,58,10,25,2,0,170.1,1,0,0,1,1,0,18,0,0,4,3,3,13.473606225079482,0,1,5,1,3,16.713309783722433,0,11.2,-0.7,-1.19,Graduate
1,40,1,9878,1,2,117.6,2,6,11,6,18,164.5,0,0,0,1,0,0,22,0,0,9,12,1,3.9673813550677046,0,5,8,19,1,8.946293246718001,0,9.0,3.7,3.48,Dropout
1,2,1,7775,1,1,136.9,35,30,2,4,16,162.1,1,0,0,1,0,0,18,0,0,5,0,5,16.380953944197696,0,1,5,1,4,18.270001482627308,0,13.2,0.6,-2.5,Enrolled
1,28,1,9981,0,1,137.7,58,30,2,2,8,150.5,1,0,0,1,1,0,23,0,0,10,16,5,17.826405878593654,0,1,9,30,7,18.571428571428573,0,9.2,-0.8,2.19,Graduate
1,10,1,5770,1,1,124.6,13,15,2,4,10,154.7,1,0,0,0,1,1,18,0,0,1,0,0,0.10458529171780302,0,3,2,0,1,12.811850497818497,0,12.5,-0.8,-3.55,Graduate
1,1,6,8042,1,1,148.2,39,44,35,5,6,175.2,1,0,0,1,0,0,18,0,0,9,17,22,18.87499988649748,0,6,8,33,15,18.571428571428573,0,15.3,0.1,-3.04,Graduate
2,32,1,9850,1,1,139.0,100,31,22,19,15,152.6,0,0,0,1,1,0,30,1,0,8,13,7,18.635038899862803,0,3,8,23,2,14.990752646295803,0,9.8,-0.8,3.33,Graduate
1,11,1,9348,1,6,116.8,14,14,24,4,3,151.5,0,0,0,1,0,0,47,0,0,4,6,1,0.502593891665936,0,1,5,5,0,7.0629946275757405,0,12.5,0.1,-0.57,Dropout
1,34,1,9771,1,9,131.7,35,43,3,5,1,150.4,1,0,0,0,1,0,29,0,0,6,17,3,17.981807300334406,0,5,6,13,0,8.94575965436341,1,13.0,-0.5,-2.73,Enrolled
1,39,1,8801,0,2,116.2,106,19,20,2,2,159.5,0,0,0,1,1,0,20,0,0,9,8,7,17.625603840049255,0,9,7,9,10,18.571428571428573,0,8.9,-0.8,3.21,Graduate
2,44,1,8848,1,1,114.6,10,12,32,2,6,157.8,0,0,0,1,0,0,40,0,0,5,14,0,1.1502552164834652,0,4,4,8,1,10.729298234320401,0,9.1,1.4,0.68,Enrolled
1,55,1,7071,1,1,128.8,6,17,9,4,6,148.1,0,0,0,0,0,0,22,0,0,5,9,3,8.726503064740454,0,3,4,9,4,18.099874407234477,0,9.1,2.8,0.61,Dropout
1,24,1,9228,1,1,131.4,71,44,44,9,20,152.9,1,0,0,1,0,0,41,0,0,4,6,2,12.78746602736633,0,1,5,6,1,10.018475131298535,0,9.0,2.1,3.19,Enrolled
1,1,2,8570,1,2,141.3,28,41,26,6,18,158.5,1,0,0,1,1,0,18,0,0,2,0,3,17.180884799544657,0,1,2,9,10,18.571428571428573,0,15.0,0.5,0.48,Graduate
1,2,1,9018,1,1,152.9,13,9,2,9,15,165.7,1,0,0,1,0,0,25,0,0,5,11,3,13.81251025713201,0,2,6,15,2,14.143362178890523,0,13.3,0.2,-3.43,Dropout
1,57,1,9799,1,9,141.2,35,25,21,6,3,153.5,0,0,0,0,0,1,39,0,0,7,9,2,8.869468617203088,0,2,5,7,5,18.100714523825634,0,10.7,0.3,-0.84,Enrolled
1,6,1,7213,1,1,161.6,52,1,2,5,1,169.9,1,0,0,1,0,0,18,0,0,5,7,1,4.156797881135782,0,1,6,5,1,9.216001761531205,0,10.7,3.6,-0.69,Graduate
1,8,1,8738,1,1,116.5,10,2,4,24,12,146.4,1,0,0,1,1,1,18,0,0,7,9,3,9.431781958666885,0,1,6,15,4,17.611695548427946,0,12.6,-0.8,3.0,Graduate
1,39,5,9961,1,1,140.0,39,41,22,10,13,152.0,0,0,0,1,1,0,21,0,0,6,12,3,15.707879736241294,0,1,7,33,1,11.472888133840925,0,10.2,-0.1,0.84,Enrolled
1,48,1,9712,0,2,161.8,21,5,3,16,31,161.1,1,0,0,1,0,0,18,0,0,5,8,2,5.728328639290808,0,2,7,4,2,14.16261918302423,0,16.2,-0.5,-2.01,Enrolled
1,40,1,8837,1,1,119.6,4,32,4,4,10,151.0,1,0,0,1,0,0,20,0,0,3,7,8,18.859732352023766,0,1,3,11,4,18.468707561499333,0,10.2,-0.1,3.07,Graduate
1,52,3,9741,1,2,143.6,91,17,29,3,5,164.7,1,0,0,1,0,0,19,0,0,8,8,0,0.059850186892432454,0,4,8,2,2,11.83657826809513,0,14.0,0.6,-3.77,Enrolled
1,1,1,8517,1,1,120.4,56,2,4,1,1,157.7,1,0,0,1,1,1,18,0,0,2,3,0,0.270029803814174,0,1,1,1,0,1.3842770490688283,0,12.9,-0.6,0.3,Dropout
1,26,1,9857,0,1,140.1,54,43,43,25,34,153.0,0,0,0,1,0,0,18,0,0,4,7,4,18.07760917013459,0,1,4,13,4,18.3586734402478,0,10.8,2.9,-0.31,Enrolled
1,37,5,5142,1,2,122.2,91,2,2,1,1,149.7,0,0,0,1,1,0,18,1,0,7,7,0,0.16972737859155582,0,2,8,3,1,10.316142792329222,0,9.4,3.1,2.89,Graduate
1,2,1,9546,1,4,143.8,14,32,42,1,2,172.9,0,0,0,1,1,0,23,0,0,10,13,15,18.87483744715631,0,3,9,26,11,18.571428571428573,0,9.4,0.8,1.15,Graduate
1,1,5,9525,1,1,128.7,28,14,2,4,2,147.8,1,0,0,1,0,0,18,0,0,4,1,1,1.1489675997481246,0,1,3,0,0,6.921926207516206,0,9.7,-0.5,2.98,Dropout
1,2,3,8688,1,1,127.3,18,43,20,7,8,154.0,1,0,1,1,0,1,20,0,0,4,3,0,0.24076668369353868,0,2,5,0,1,11.237877790605673,0,13.5,-0.8,-0.19,Dropout
1,23,1,7003,1,1,148.6,24,3,35,6,5,153.1,1,0,0,1,0,0,19,0,0,2,1,0,0.0060040253851620685,0,1,2,0,0,6.034020733475115,0,14.1,-0.1,-2.69,Graduate
1,54,1,8779,1,5,137.4,24,38,19,37,36,156.9,1,0,0,1,1,0,21,0,0,6,8,3,14.183982970997173,0,5,6,11,9,18.571428571428573,0,12.8,0.1,0.78,Graduate
1,56,1,9477,1,4,135.9,68,28,14,32,14,157.2,1,0,0,0,0,0,26,0,0,6,9,0,0.047386753463714223,0,3,5,3,0,2.1018863135915713,0,12.2,-0.4,-0.72,Dropout
1,54,1,2797,1,2,144.1,81,2,5,3,4,164.9,0,0,0,1,1,1,19,0,0,3,9,6,18.593447497894335,0,2,4,7,0,10.04509255005534,0,11.7,2.9,0.76,Graduate
2,28,1,9696,0,1,138.7,46,9,2,5,15,156.6,1,0,1,1,1,1,18,0,0,7,14,8,18.78490816775499,0,4,8,11,17,18.571428571428573,0,13.0,-0.6,2.25,Graduate
1,29,1,8094,1,1,140.4,13,40,39,5,7,160.2,0,0,0,1,0,1,48,0,0,4,11,2,10.971033264710194,0,7,4,10,2,16.372376305496445,0,8.9,2.5,1.98,Graduate
2,27,1,8134,1,1,120.8,38,11,2,4,1,148.6,1,0,0,1,0,0,21,0,0,4,3,1,0.7693959299783566,0,2,5,1,1,8.425113282614985,0,14.9,0.1,0.5,Graduate
1,38,1,9284,1,2,132.9,55,33,15,9,29,147.4,1,0,0,0,0,0,30,0,0,8,8,8,18.783069959797984,0,7,8,4,9,18.571428571428573,0,10.7,0.7,0.87,Dropout
1,3,4,9891,0,8,126.5,49,35,11,4,3,158.4,0,0,0,1,1,0,18,0,0,9,8,5,13.781577532072056,0,4,9,8,2,13.294386880720328,0,14.1,-0.7,2.41,Enrolled
1,33,2,7204,1,1,128.3,53,27,28,1,2,164.8,1,0,0,1,0,0,18,0,0,9,8,5,17.132845580260526,0,3,9,13,2,14.402057393943965,0,10.3,-0.6,1.9,Graduate
1,57,1,4212,1,1,141.8,75,28,22,3,1,150.8,0,0,0,1,0,0,18,0,0,8,15,11,18.851244650671333,0,9,8,7,4,17.084591461232037,0,11.0,2.2,0.13,Dropout
1,5,1,6685,1,2,117.0,52,37,3,8,16,153.3,1,0,1,1,1,0,19,0,0,4,7,2,14.122046670970898,0,2,4,2,1,11.006242371571615,0,11.3,-0.8,0.56,Dropout
2,56,1,7638,1,1,135.5,61,42,44,3,6,159.6,0,0,0,1,0,1,50,0,0,5,6,2,5.2400524112665305,0,2,4,4,0,5.989478890828373,0,9.0,3.7,3.33,Graduate
1,5,1,5755,0,3,156.0,57,15,27,3,12,167.6,0,0,0,1,0,0,19,0,0,7,8,3,14.505839927584994,0,1,6,7,1,10.583650042212703,0,14.0,1.5,-0.87,Graduate
1,51,1,7860,1,3,113.4,37,6,2,2,5,156.4,1,0,0,0,1,0,41,0,0,11,12,0,0.0073101839567072955,0,13,10,4,0,1.417930469578561,0,10.2,-0.8,-2.05,Enrolled
1,51,4,5402,1,1,130.4,30,2,10,8,7,165.3,0,0,0,1,0,1,18,0,0,5,7,2,9.119387026449719,0,1,5,1,0,7.310096852618874,0,12.0,3.7,1.45,Enrolled
2,1,1,8694,1,1,149.1,2,3,4,2,14,151.7,1,0,0,1,0,1,18,0,0,9,9,16,18.87457329695006,0,3,8,18,7,18.571428571428573,0,11.9,1.0,-0.84,Graduate
1,15,3,9351,1,1,123.9,42,33,35,7,3,159.2,0,0,0,1,0,0,18,0,0,4,17,9,18.872476224423277,0,6,4,26,5,18.571428571428573,0,9.2,3.4,1.83,Enrolled
1,1,2,9681,1,1,142.8,68,20,43,6,3,150.0,1,0,0,1,0,0,18,0,0,15,12,16,18.871377778421436,0,12,14,17,20,18.571428571428573,0,11.4,1.3,3.46,Graduate
1,44,1,9517,1,1,113.8,27,32,41,19,8,149.2,1,0,1,1,0,1,22,0,0,13,19,20,18.874996628978884,0,7,12,33,20,18.571428571428573,0,14.2,-0.0,-2.82,Enrolled
1,16,1,4829,1,1,138.2,35,1,3,10,27,152.0,1,0,0,1,0,1,35,0,0,9,10,8,18.160816970423927,0,8,8,9,5,17.380141279803087,0,14.8,0.8,-3.93,Graduate
1,10,1,9383,1,1,144.8,13,10,12,3,7,173.5,0,0,0,1,0,0,25,0,0,6,13,0,0.5444873360888212,0,1,6,3,0,0.7657401440481952,0,11.4,-0.6,0.58,Dropout
1,2,1,7065,0,3,157.1,77,1,18,1,6,168.6,1,0,0,1,1,0,19,0,0,6,9,10,18.867589732608383,0,3,5,4,12,18.571428571428573,0,13.0,3.5,-2.21,Graduate
1,34,1,7127,1,1,135.5,4,43,38,1,3,163.1,0,0,0,1,1,0,46,0,0,3,6,10,18.872126475980917,0,1,4,8,1,12.934183692040511,2,15.7,0.6,-3.73,Graduate
1,2,1,7503,1,1,133.3,60,9,38,18,14,153.2,1,0,0,1,0,0,18,0,0,4,10,5,18.535115038575174,0,1,4,4,3,17.366199843145075,0,9.2,-0.7,2.66,Dropout
1,56,1,8013,1,2,124.6,46,43,22,2,3,151.7,1,0,0,1,1,0,19,0,0,4,13,4,18.375685324668805,0,5,4,5,3,17.078223989745588,0,9.1,-0.7,2.72,Graduate
1,43,1,9219,1,1,115.7,88,11,4,5,5,158.7,1,0,1,0,0,0,19,0,0,10,15,11,18.868830657334406,0,5,9,27,7,18.571428571428573,0,9.3,1.3,1.73,Graduate
1,1,1,7929,1,1,147.3,34,9,2,1,1,160.5,0,0,0,1,0,0,18,0,0,4,6,0,0.010167270578324367,0,1,4,1,0,0.18386214177478313,0,12.6,3.7,-1.98,Graduate
1,1,5,8256,1,1,112.9,12,41,23,19,21,156.9,0,0,0,1,0,0,18,0,0,4,6,8,18.869818323518768,0,1,4,12,4,18.571428571428573,0,10.5,-0.3,-0.32,Graduate
1,3,1,8139,1,1,122.4,3,42,43,5,4,148.6,0,0,0,1,1,0,19,0,0,5,10,0,0.011974068166443181,0,2,4,1,0,3.3432032630534754,0,12.3,0.1,-0.52,Dropout
1,55,1,9791,1,1,132.8,42,21,36,14,19,159.1,1,0,0,1,1,0,22,0,0,5,9,2,11.598672509578478,0,2,5,9,1,11.516747824431146,0,13.9,2.6,1.58,Enrolled
1,11,1,8713,1,1,138.8,17,26,34,19,14,154.9,1,0,0,1,0,1,18,0,0,4,7,2,13.133086473404216,0,1,5,19,1,11.658102597075985,0,9.6,-0.8,-0.51,Graduate
1,1,1,9784,1,1,133.8,26,44,41,1,8,152.8,0,0,0,1,1,0,25,0,0,3,0,0,0.0691210232486767,0,1,3,0,0,6.006668818144278,0,11.4,3.7,-2.85,Enrolled
1,3,1,7968,1,1,120.5,72,5,30,3,11,150.7,1,0,0,1,0,0,20,0,0,6,7,1,0.3255253658389823,0,3,6,2,2,13.94436907806428,0,13.3,3.7,3.3,Dropout
1,15,1,9122,1,1,133.4,40,35,11,2,11,161.9,1,0,0,0,1,0,22,0,0,3,6,2,7.9004545131082935,0,1,3,1,1,11.503243057834505,0,13.0,-0.8,-3.24,Graduate
1,47,1,6732,1,4,127.3,72,37,10,13,4,157.7,0,0,0,1,0,0,20,0,0,6,4,0,0.05468617495990586,0,7,5,0,0,2.587587650349533,3,8.9,1.7,3.48,Graduate
1,33,1,5664,1,1,129.3,32,36,2,5,5,157.3,1,0,0,0,1,0,27,0,0,6,8,1,0.23782793924951498,0,1,5,5,0,2.2440463237438486,0,14.3,0.1,0.02,Enrolled
1,18,1,9692,1,7,142.4,32,1,2,23,10,162.1,1,1,0,1,1,0,19,0,0,7,11,12,18.87172211934202,0,2,7,14,9,18.571428571428573,0,11.3,2.6,-0.29,Dropout
1,1,3,8929,1,1,117.3,70,1,24,23,19,153.0,1,0,0,1,1,0,20,0,0,7,7,10,18.853596475042742,0,1,8,11,4,17.311048339532057,0,14.1,2.6,-3.29,Graduate
1,52,1,9739,1,1,127.2,46,44,33,16,21,159.6,1,0,0,1,0,0,20,0,0,6,9,1,4.596115086859276,0,2,6,3,0,8.149341108619637,0,13.3,-0.4,1.71,Graduate
1,5,2,7396,0,1,141.2,12,37,24,5,1,151.8,0,0,0,1,0,1,18,0,0,3,12,23,18.874999999307637,0,1,4,13,17,18.571428571428573,0,10.4,1.4,-1.31,Graduate
1,45,1,9880,0,1,121.1,92,20,5,5,10,147.6,1,0,0,1,0,0,19,0,0,8,8,5,17.024786328622312,0,2,8,6,8,18.571428571428573,0,10.1,2.9,-0.55,Graduate
1,53,2,8099,1,1,130.3,36,42,42,13,22,161.2,0,0,0,1,1,0,19,0,0,6,9,4,16.271780337678134,0,2,7,4,4,17.296310980457292,0,11.4,0.6,1.59,Graduate
2,1,2,9243,1,1,140.0,49,31,11,6,6,153.4,0,0,0,1,0,0,18,0,0,9,9,5,15.430646387471715,0,5,7,12,3,16.445639344161542,0,9.4,1.7,-0.79,Graduate
1,30,3,6316,1,1,146.7,14,8,11,1,0,151.4,1,0,0,1,0,0,28,0,0,10,13,1,2.1686194103863845,0,5,11,3,1,7.414750927456614,0,11.9,-0.5,-0.33,Graduate
1,36,1,9333,1,2,139.5,2,8,3,20,12,155.4,1,0,1,0,1,0,20,0,0,6,11,4,18.153086392484237,0,5,6,15,2,16.146820126114985,0,8.9,0.5,3.47,Dropout
1,8,2,9292,1,1,126.4,88,18,2,3,10,151.2,1,0,0,1,1,0,18,0,0,4,2,1,2.7125195368424118,0,1,5,2,1,10.295278023227855,0,11.0,0.9,1.47,Graduate
1,42,1,9563,1,1,120.4,5,24,20,11,14,151.6,0,0,0,1,0,0,18,0,0,6,6,0,0.3128982840392256,0,1,5,1,0,3.108259529897548,0,12.3,-0.6,0.55,Graduate
2,55,1,7141,1,3,145.1,55,1,5,16,12,171.9,0,0,1,1,0,0,23,0,0,4,4,0,0.025901983998358087,0,1,5,1,0,8.678278093478205,0,13.2,0.2,-0.17,Graduate
1,2,1,7589,1,1,151.1,5,44,44,13,33,170.6,0,0,0,1,0,1,18,0,0,2,1,0,0.006881590852011263,0,1,3,1,0,6.677959077844745,0,9.5,-0.5,1.68,Graduate
1,25,5,6530,1,2,156.0,21,16,2,26,26,166.0,1,0,0,1,0,0,18,0,0,8,11,4,16.49670472719679,0,5,8,18,10,18.571428571428573,0,9.4,-0.3,3.37,Dropout
1,4,1,8721,0,3,130.5,103,40,12,8,18,159.7,0,0,1,1,1,1,26,0,0,5,8,1,0.7782549111820104,0,2,4,7,3,18.175798932871665,0,15.7,2.1,-3.94,Dropout
1,44,1,9975,1,1,114.3,48,29,7,8,9,150.1,0,0,0,1,1,0,25,0,0,12,14,10,18.86562934884092,0,5,9,33,2,14.903801116714885,0,9.4,3.7,3.07,Dropout
1,9,1,4374,1,1,119.8,3,3,12,2,5,166.4,1,0,0,0,1,0,46,0,0,2,2,1,2.724326365031204,0,1,2,0,0,9.845799009959011,0,15.2,-0.4,-3.35,Graduate
1,3,1,9926,0,1,147.1,33,36,15,8,5,158.3,0,0,0,1,0,0,18,0,0,10,10,3,13.110840946697849,0,2,7,28,6,18.3796979335967,0,9.5,0.1,1.0,Graduate
1,57,1,9877,1,2,146.6,96,1,33,16,13,172.5,1,0,0,0,0,1,66,0,0,10,15,13,18.863996689760476,0,6,11,17,8,18.571428571428573,0,15.4,-0.8,1.11,Graduate
1,47,1,8769,1,1,142.6,74,4,2,3,5,161.3,0,0,0,1,1,0,18,0,0,10,15,9,18.68148509227104,0,8,9,21,6,18.571428571428573,0,11.2,1.0,-0.02,Enrolled
1,53,1,6232,1,1,116.5,63,19,5,5,9,152.8,1,0,1,1,1,0,36,0,0,6,4,0,0.006028070117251093,0,3,6,1,0,5.8699332527831185,0,11.5,2.8,2.61,Dropout
1,23,1,7070,1,3,148.9,21,2,17,26,33,153.5,0,0,0,1,0,0,18,0,0,7,6,5,17.32666433682414,0,1,6,2,1,8.510372457935967,0,15.1,1.7,-2.55,Dropout
1,55,1,9435,0,1,142.5,10,25,3,13,27,156.9,1,0,0,1,0,0,40,0,0,3,6,0,0.007120882871924278,0,2,4,1,0,1.8935695105977508,0,11.8,1.0,2.16,Enrolled
1,4,4,8714,1,1,147.3,26,44,43,2,4,173.3,0,0,0,1,1,0,18,0,0,7,11,2,11.25299710041455,0,2,7,8,2,13.968391213276433,0,15.5,-0.8,-4.02,Enrolled
1,3,5,7477,1,1,159.6,30,7,36,7,11,153.4,1,0,0,1,1,0,18,0,0,5,8,2,10.792186813970389,0,2,6,4,3,16.022979766131773,0,14.1,0.5,-1.88,Graduate
4,15,1,6476,1,1,130.0,45,41,33,12,30,164.8,0,0,0,1,0,0,28,0,0,5,7,0,0.08982834954265205,0,4,4,0,0,2.6285265794336845,0,9.5,2.6,2.11,Enrolled
1,56,2,9826,1,3,145.3,24,34,41,3,8,163.1,0,0,0,1,1,0,24,0,0,6,6,0,0.006100774262068007,0,3,5,0,0,0.5706179041171655,0,10.8,-0.7,1.85,Enrolled
1,1,1,7150,1,1,127.6,21,38,35,20,36,164.4,0,0,1,1,0,0,35,0,0,4,5,1,0.4496671417243706,0,4,4,1,2,15.351459297791445,12,12.3,3.3,1.52,Graduate
1,9,1,9636,1,1,140.5,86,43,31,12,13,156.4,0,0,0,1,0,0,24,0,0,9,14,11,18.869306139997015,0,3,9,33,5,17.95947887558202,0,9.8,2.5,1.17,Graduate
1,1,1,5400,1,1,142.0,105,2,2,29,41,160.7,1,0,0,0,1,1,18,0,0,9,7,4,15.479482945447847,0,8,9,2,5,17.4323868073056,0,9.1,-0.3,3.5,Graduate
1,42,2,8814,1,1,118.6,14,3,8,16,12,150.9,0,0,0,0,1,0,32,0,0,5,2,1,1.4261678405842086,0,1,6,3,0,3.377172928843982,0,13.3,0.7,-0.95,Dropout
1,49,2,9774,1,1,129.2,55,43,41,14,13,149.6,1,0,0,1,0,0,18,0,0,7,7,3,14.785845937189773,0,3,7,7,1,11.195401997467737,0,13.1,2.1,0.12,Dropout
1,4,1,5858,1,1,142.8,24,4,2,2,6,166.3,1,0,0,1,0,0,28,0,0,9,7,13,18.87154824016134,0,3,9,3,5,17.89269688435808,0,10.1,1.6,2.93,Graduate
1,40,2,9825,1,2,144.6,45,25,24,21,13,148.2,0,0,0,1,0,0,18,0,0,11,10,10,18.75399606585608,0,7,9,10,5,18.22809769834677,0,14.5,0.9,0.37,Graduate
1,22,1,9242,1,1,137.4,102,44,37,6,8,156.2,1,0,0,1,0,0,18,0,0,6,3,0,0.14519976224453962,0,3,6,0,1,8.521903631813819,0,9.2,-0.4,-1.34,Enrolled
1,1,4,8545,1,2,124.5,14,14,3,11,8,151.4,0,0,0,1,0,0,18,0,0,3,4,0,0.12391447998973337,0,1,4,1,2,14.233913677048708,0,9.5,-0.8,1.94,Graduate
1,30,1,9989,1,1,102.6,34,30,42,11,16,147.3,0,0,0,1,0,0,20,0,0,9,12,14,18.87492161615174,0,1,9,29,19,18.571428571428573,0,12.3,1.3,-1.51,Graduate
1,30,4,9321,1,1,145.8,78,30,21,14,12,161.2,1,0,0,1,0,0,19,0,0,8,10,6,18.07054659510988,0,8,8,15,6,18.510396313511798,0,11.8,-0.8,-3.08,Enrolled
1,8,1,6190,1,1,140.3,13,32,10,4,3,154.0,1,0,0,1,0,0,18,0,0,5,11,9,18.85620125019069,0,1,5,13,3,16.520713890028276,0,14.8,-0.8,-3.45,Graduate
1,1,2,8311,1,1,131.6,79,6,33,4,33,152.8,0,0,0,1,0,0,49,0,0,8,6,7,18.654799968854665,0,3,8,12,4,17.939653983273015,0,13.0,-0.3,-1.97,Dropout
2,33,1,9287,1,2,142.6,52,9,18,9,40,156.3,1,0,0,0,0,0,18,0,0,3,5,0,2.1524534825376103,0,1,4,12,1,15.414001778561515,0,13.5,-0.5,-1.98,Dropout
1,35,4,9196,1,1,124.9,89,3,30,7,3,157.1,0,0,0,1,0,0,19,0,0,4,2,1,1.7215873538409385,0,1,3,3,0,2.0111102601692328,0,9.4,2.5,0.01,Graduate
1,7,2,2022,1,1,122.0,33,13,2,8,4,150.2,1,0,0,1,1,1,19,0,0,4,5,0,0.006345155991259122,0,1,5,1,0,5.687759510829752,0,13.6,-0.8,-3.86,Graduate
1,1,1,8456,1,1,149.9,42,28,3,3,4,155.9,0,0,0,1,0,0,18,0,0,7,6,9,18.761589549214303,0,5,7,6,7,18.571428571428573,0,9.5,-0.2,-0.8,Graduate
2,27,1,8010,1,1,123.9,29,27,11,6,1,161.0,0,0,0,1,1,0,18,0,0,3,4,1,2.5229198013556293,0,1,5,1,1,8.006449888036288,0,9.1,-0.2,2.03,Graduate
1,53,1,9839,1,1,128.8,5,1,9,1,4,148.4,0,0,0,1,1,0,24,0,0,13,15,11,18.857534447613038,0,5,13,30,17,18.571428571428573,5,12.1,-0.3,1.2,Enrolled
2,41,4,4986,1,10,123.3,48,44,17,2,3,155.4,1,0,0,1,1,0,49,0,0,8,20,3,16.225821107908004,0,6,8,25,0,1.7371174091924024,0,9.2,-0.7,-2.62,Dropout
1,35,1,9428,0,1,160.0,31,5,38,2,6,162.5,1,0,0,1,1,0,19,0,0,6,9,1,3.2459872095778475,0,7,5,15,0,5.689823771998585,0,11.1,2.7,1.91,Enrolled
1,1,2,9389,1,1,111.1,5,28,11,2,3,154.1,1,0,0,1,0,1,18,0,0,4,6,2,9.829346354936474,0,1,6,7,2,15.32573228231866,0,9.2,2.7,-1.5,Graduate
1,11,2,8937,1,1,152.9,90,25,36,9,12,157.8,0,0,0,1,1,0,22,0,0,12,13,13,18.871715235010907,0,3,13,23,7,18.571428571428573,0,8.9,2.6,3.29,Dropout
1,45,1,9068,1,1,132.9,99,29,2,4,3,151.9,0,0,0,1,1,0,29,0,0,3,14,1,7.699069797666178,0,1,3,14,1,8.484531199708803,0,12.3,-0.8,2.32,Dropout
1,1,1,7544,1,1,142.0,60,44,44,33,42,160.4,0,0,0,1,0,1,18,0,0,3,3,1,5.903630741637019,0,1,3,0,0,2.108406937171786,0,11.6,-0.3,0.48,Dropout
2,3,4,9150,1,1,104.5,14,44,38,2,0,151.6,1,0,0,1,0,1,19,0,0,9,12,4,11.009099681530236,0,8,9,5,7,18.571428571428573,0,13.2,-0.7,-1.5,Graduate
1,54,1,9792,1,4,142.0,62,3,32,3,6,153.4,0,0,0,1,0,1,18,0,0,9,11,10,18.853404428359937,0,4,8,8,13,18.571428571428573,0,12.4,-0.5,-0.32,Graduate
1,34,6,6332,1,3,127.1,2,44,20,3,3,157.1,1,0,0,1,0,0,21,0,0,4,10,2,5.581824727935656,0,2,4,4,1,13.035617264860019,0,12.8,-0.2,-4.06,Dropout
1,2,1,7531,1,2,162.3,30,31,4,7,24,153.4,1,0,0,1,0,1,18,0,0,6,5,10,18.863174892967038,0,1,6,17,11,18.571428571428573,1,16.0,1.8,-2.89,Graduate
1,44,1,9982,1,6,132.6,61,19,21,4,7,182.3,0,0,0,1,0,0,64,0,0,4,6,2,15.73800797435981,0,1,3,10,1,13.4459777469399,0,13.3,3.7,-3.3,Dropout
1,48,1,9911,1,4,156.6,75,4,4,1,0,175.6,0,0,0,1,1,0,38,0,0,13,15,10,18.819322313541722,0,13,12,5,13,18.571428571428573,0,13.8,3.7,-2.93,Enrolled
1,29,1,9293,0,1,152.9,4,40,4,11,28,156.3,0,0,0,1,0,0,18,0,0,6,3,1,0.8572798723983613,0,2,6,1,0,3.3415818679899467,0,15.9,2.6,-1.93,Graduate
1,7,1,9903,0,1,133.1,95,44,44,8,5,153.0,0,0,1,1,0,0,19,0,0,8,9,5,18.662445980612457,0,2,9,33,2,14.830402976517114,0,9.3,2.5,-0.46,Graduate
1,39,2,4091,1,8,130.8,59,23,32,1,3,160.4,1,0,0,1,0,0,33,0,0,6,8,1,5.2238790244450515,0,8,6,1,0,5.694998572977055,0,10.1,2.1,-2.48,Graduate
1,42,5,8522,1,1,136.6,100,12,27,2,1,152.1,0,0,0,1,0,0,22,0,0,7,12,0,0.657449548968889,0,1,6,7,1,8.93082960504428,0,11.9,1.3,-3.89,Dropout
1,38,1,6005,1,2,167.2,9,11,4,1,3,160.3,1,0,0,1,0,1,18,0,0,10,13,6,17.32038731867412,0,3,10,8,5,18.302013911919772,0,15.7,2.6,-1.39,Graduate
1,54,4,9727,1,1,109.4,11,35,2,17,17,148.0,0,0,1,1,1,0,24,0,0,8,14,8,18.778978721719746,0,1,7,33,7,18.571428571428573,0,9.7,0.1,-1.79,Enrolled
1,22,2,9033,1,1,107.5,3,9,28,3,11,149.2,1,0,0,1,1,0,20,0,0,9,10,13,18.870777783391695,0,6,9,13,8,18.571428571428573,0,9.5,1.3,1.09,Graduate
1,56,1,6289,1,1,126.1,15,23,22,2,0,152.1,0,0,0,1,1,0,22,0,0,5,6,0,0.2640268789867639,0,2,6,4,3,16.471276312705335,1,10.2,0.9,2.17,Dropout
1,39,1,9475,1,5,126.2,2,38,19,3,17,146.8,0,0,0,1,0,1,18,0,0,10,14,15,18.87474833802689,0,5,10,33,7,18.571428571428573,0,13.3,1.2,-2.47,Graduate
2,25,1,4707,0,2,134.5,38,2,10,1,1,150.7,1,0,0,0,1,0,18,0,0,1,0,0,0.007112517902147706,0,2,2,0,0,0.34392595082701605,1,14.3,0.8,-2.77,Enrolled
1,52,3,8113,1,1,141.7,59,28,3,15,43,154.9,0,0,0,1,1,0,18,0,0,2,9,0,0.07227272011794095,0,1,2,2,0,6.815972218400842,0,10.1,0.5,1.04,Enrolled
1,45,1,9570,1,1,154.1,9,26,5,11,12,155.9,0,0,1,1,0,0,24,0,0,8,12,4,16.72599855227636,0,5,8,13,3,15.460728897446119,0,15.4,-0.5,-4.06,Dropout
2,8,1,8745,0,2,153.1,3,32,4,3,4,160.3,0,0,0,0,1,0,21,0,0,9,8,4,8.937614152299448,0,4,9,4,1,10.723942635165683,1,10.3,-0.8,0.66,Graduate
1,1,6,7644,1,1,129.7,96,7,44,25,38,146.9,1,0,0,1,0,0,22,0,0,6,5,4,15.245660234718228,0,1,6,6,8,18.571428571428573,0,9.8,1.2,-0.85,Dropout
1,57,1,9445,1,1,137.6,79,13,44,25,15,150.6,0,0,0,1,1,0,21,0,0,6,8,2,6.530650945518924,0,3,6,3,1,11.02984603215806,0,15.5,-0.8,-2.54,Dropout
1,57,1,9886,1,3,138.1,11,43,16,2,1,161.2,1,0,0,1,0,0,38,0,0,7,11,0,0.16817827655256973,0,3,7,18,0,9.251224163344599,0,13.7,-0.8,-2.13,Graduate
1,5,1,9980,1,3,150.0,5,44,20,6,4,157.6,0,0,0,1,1,0,18,0,0,6,7,10,18.87317666620949,0,1,7,22,3,17.589195247378772,0,11.7,0.4,1.55,Graduate
1,9,1,9590,0,1,140.3,5,5,2,3,6,156.5,1,0,1,1,0,1,19,0,0,9,11,22,18.874999949848682,0,3,9,33,14,18.571428571428573,0,12.0,3.7,1.17,Graduate
1,39,3,6890,1,1,128.4,34,43,25,7,6,149.5,0,0,0,1,0,1,19,0,0,5,6,3,9.467033436698108,0,1,4,7,3,15.986518836253047,0,15.5,3.7,-2.94,Graduate
1,1,2,7445,1,1,162.2,49,2,16,5,13,164.2,1,0,1,1,1,1,18,0,0,7,3,1,0.8016118662600619,0,2,8,16,1,14.560317442278617,0,8.9,3.7,3.49,Enrolled
1,52,1,6095,0,1,114.8,87,38,37,17,6,152.1,1,0,1,1,0,1,21,0,0,5,13,1,1.9523814957345367,0,2,5,5,0,6.282002345107709,0,13.7,-0.8,-1.75,Enrolled
1,1,2,9772,1,1,114.5,10,23,5,6,15,147.7,1,0,0,1,1,1,19,0,0,4,6,2,11.093611631527773,0,1,5,31,1,9.344306069933207,0,9.1,0.6,2.25,Graduate
5,49,1,9760,0,1,155.6,31,43,10,8,13,161.2,0,0,0,1,0,0,18,0,0,7,3,2,10.220765308434675,0,4,6,2,0,7.354537148638298,0,12.5,-0.7,-0.6,Enrolled
1,1,4,7847,1,1,123.7,82,34,7,2,1,149.4,1,0,0,1,0,1,18,0,0,5,5,8,18.75408132022092,0,2,7,9,3,15.806929831000037,0,13.9,2.1,-3.3,Dropout
1,52,1,4667,1,1,147.0,33,24,5,4,1,164.0,1,0,0,1,0,0,18,0,0,4,7,3,14.898710306093614,0,1,4,3,0,7.199559346651823,0,12.2,1.6,-2.43,Graduate
1,1,1,7912,1,1,120.0,78,19,2,19,26,150.5,1,0,0,1,1,1,18,0,0,3,1,2,9.951374599457289,0,1,4,2,6,18.571428571428573,0,15.1,1.3,-3.07,Graduate
1,15,1,9246,1,1,144.9,34,32,6,9,23,152.2,1,0,0,1,0,1,18,0,0,6,10,13,18.87259217158903,0,2,7,23,20,18.571428571428573,0,15.5,2.6,-3.24,Graduate
4,31,1,7874,1,1,144.3,7,40,22,15,14,153.5,1,0,0,1,1,0,29,0,0,6,4,1,0.9311093232184023,0,2,6,4,1,10.977826448541764,0,11.0,1.1,-1.52,Graduate
1,16,1,8636,1,1,136.9,107,44,10,7,6,159.2,0,0,0,1,0,0,20,0,0,8,4,1,4.420827533989969,0,2,8,5,0,6.796617024310244,0,9.1,0.9,-2.57,Enrolled
1,57,1,9852,1,1,126.4,45,44,44,7,3,162.7,1,0,0,1,1,0,23,0,0,5,10,5,18.62013330495438,0,1,5,20,2,16.078240737552836,1,9.4,0.6,0.76,Graduate
1,2,1,9555,1,1,129.1,40,34,2,1,5,157.4,0,0,0,1,1,0,18,0,0,8,7,3,13.184909974746827,0,3,8,2,1,9.429657950317992,0,11.3,-0.4,0.22,Graduate
1,1,2,7857,1,1,156.3,28,40,16,2,1,155.9,1,0,0,0,1,0,18,0,0,2,0,0,0.005966435839924628,0,1,2,0,0,0.587856830603351,0,9.0,-0.2,1.36,Dropout
1,2,2,9133,1,3,136.8,99,16,5,4,8,148.3,1,0,0,1,0,0,18,0,0,4,7,0,0.052535663820542415,0,1,5,0,0,2.911202970780545,0,14.5,2.8,-1.96,Dropout
6,54,1,9849,1,1,114.1,22,3,23,3,2,153.1,1,0,0,1,1,0,20,0,0,4,6,1,2.110358289557221,0,2,4,2,1,14.286481593951144,0,10.1,-0.1,1.43,Dropout
1,1,5,8983,1,2,100.0,61,39,5,14,27,149.7,1,0,0,1,1,1,18,1,0,7,6,5,16.957409939116932,0,1,8,9,10,18.571428571428573,0,14.4,-0.4,-3.39,Graduate
1,3,3,7158,1,1,122.4,47,40,44,12,16,153.0,1,0,0,1,0,1,18,0,0,6,6,1,2.6836882842222534,0,1,6,2,1,10.029773001864598,0,14.5,-0.8,-4.06,Dropout
1,8,5,9144,1,2,137.3,65,44,28,3,0,164.1,1,0,0,1,0,0,19,0,0,10,14,3,10.373645205235574,0,8,9,21,9,18.571428571428573,0,12.7,-0.2,-1.91,Graduate
1,1,2,6065,1,1,121.9,7,42,11,2,2,151.1,0,0,0,1,0,0,18,0,0,4,5,1,2.474011325229072,0,2,5,2,1,10.328781923616166,0,9.6,3.3,-2.66,Enrolled
1,3,5,9238,1,1,114.8,33,29,44,11,14,156.1,1,0,0,1,1,0,23,0,0,5,5,0,0.05194161580106188,0,1,5,4,1,14.356345558183639,0,9.0,-0.4,3.22,Enrolled
1,1,6,6598,1,1,132.4,19,42,21,1,4,154.4,1,0,0,1,0,1,18,0,0,6,8,8,18.58266797636913,0,2,6,9,4,17.341440618441336,0,14.7,1.7,-4.02,Graduate
1,3,1,9427,1,8,123.7,57,41,3,29,28,162.4,0,0,1,1,0,0,31,0,0,4,11,2,10.871994841938733,0,1,6,5,2,15.838486197167999,0,13.8,2.7,0.22,Enrolled
1,4,1,9872,1,2,129.3,27,13,24,14,19,160.0,0,0,0,1,0,0,20,0,0,5,7,3,17.61513360885303,0,2,5,5,2,15.108840117588036,0,12.4,-0.8,1.28,Enrolled
1,53,1,6811,1,1,139.7,8,4,8,16,16,153.9,1,0,0,1,1,0,21,0,0,5,5,0,0.14784818215818957,0,3,5,0,0,7.29808773478086,0,8.9,2.9,1.65,Graduate
1,56,1,9681,0,4,121.4,13,1,8,15,31,153.2,0,0,1,1,1,1,47,0,0,6,13,7,18.87112436398835,0,1,6,18,5,18.571428571428573,0,9.5,3.7,2.47,Enrolled
1,1,2,8086,1,1,131.2,42,1,2,1,0,154.8,1,0,0,1,1,0,18,0,0,6,2,2,7.115078189509102,0,1,6,2,1,11.025359437411923,0,10.9,-0.8,-3.01,Graduate
1,8,1,8266,1,1,123.0,41,44,20,19,22,150.1,0,0,0,1,0,0,31,0,0,6,3,2,4.692901963891821,0,1,6,2,2,13.333175949883476,0,13.1,-0.7,-3.03,Dropout
1,55,1,9111,1,4,150.1,74,21,30,5,7,161.6,1,0,0,1,1,0,20,0,0,8,10,4,14.56218283392268,0,7,9,7,5,18.004437198294116,0,15.3,-0.7,0.04,Enrolled
1,46,1,8513,1,1,118.7,29,39,20,5,4,156.9,1,0,0,1,0,0,18,0,0,4,2,0,0.03585658649511485,0,1,5,1,0,1.1158967615248823,0,9.2,3.1,-1.84,Graduate
1,45,4,9737,1,1,130.1,5,44,44,5,16,161.6,0,0,0,1,1,0,47,0,0,8,5,8,18.744778867535967,0,10,8,11,6,18.571428571428573,0,12.9,2.3,2.09,Graduate
1,50,2,9829,1,3,125.8,102,28,35,19,10,152.6,0,0,0,1,0,1,25,1,0,8,12,12,18.862322538746543,0,7,9,16,11,18.571428571428573,0,10.2,3.6,1.54,Dropout
1,9,1,7446,1,2,121.0,5,31,5,17,32,147.5,0,0,1,1,0,0,25,0,0,8,3,0,0.011104880100519864,0,2,8,0,0,3.9745840905522707,0,11.9,2.2,0.9,Graduate
2,24,1,9934,1,1,105.8,71,1,39,6,17,155.2,0,0,0,1,1,0,37,0,0,4,1,1,0.5678185674342895,0,1,5,2,1,13.281525445399591,0,10.5,1.2,2.9,Graduate
2,13,3,3658,1,1,145.8,13,30,13,16,35,158.4,0,0,1,1,0,0,20,0,0,5,4,0,0.05517543588373987,0,2,5,0,0,4.833447390871753,0,15.9,-0.8,-2.83,Dropout
1,28,4,9957,1,1,139.1,28,29,11,11,12,161.0,1,0,0,1,1,1,20,0,0,3,5,0,0.5058645228598364,0,2,3,2,1,11.629372918012876,0,12.3,-0.8,-0.41,Enrolled
1,17,4,6124,0,3,134.6,62,39,22,3,28,172.3,1,0,0,1,1,0,39,0,0,4,5,1,0.7047245120083089,0,4,5,0,0,0.8570730732479293,0,11.5,3.7,-0.12,Graduate
2,24,4,9581,0,1,139.8,31,6,11,1,7,150.4,1,0,0,1,0,0,19,0,0,12,8,7,18.33066162271428,0,7,11,6,17,18.571428571428573,0,9.7,-0.2,-0.77,Graduate
1,44,1,7210,1,1,129.7,24,22,38,3,14,162.1,0,0,0,1,0,0,28,0,0,4,7,4,17.965209980119898,0,1,4,1,3,17.612102489966148,0,15.9,0.6,-3.68,Graduate
1,54,1,6140,0,1,115.9,64,39,7,1,0,155.8,1,0,0,0,1,0,25,0,0,1,2,0,0.014391776034748727,0,1,2,0,0,6.114153129370263,0,12.8,0.1,-2.03,Dropout
4,1,1,9083,0,3,135.7,12,40,30,25,15,161.8,0,0,0,1,0,1,27,0,0,3,7,4,17.835876907138875,0,1,1,25,3,17.955381459342064,0,11.3,-0.2,0.12,Graduate
1,57,1,9308,1,1,129.5,52,2,35,4,5,149.4,1,0,1,0,0,0,19,0,0,10,18,2,6.227638960600607,0,11,10,13,0,7.449829915613104,0,12.2,1.4,0.83,Dropout
1,55,1,9873,0,2,124.7,41,11,26,9,15,156.9,1,0,0,1,0,1,23,0,0,10,11,5,15.805368943832264,0,4,10,9,10,18.571428571428573,0,14.1,-0.8,-2.93,Graduate
1,2,2,9384,1,2,161.0,13,41,30,8,6,171.5,1,0,0,1,1,0,18,0,0,4,5,2,10.252422788984786,0,2,5,3,3,18.30968235483597,0,12.6,-0.8,-2.49,Graduate
1,3,2,8563,1,1,130.6,85,44,15,3,6,157.5,1,0,0,1,1,0,18,0,0,4,7,1,2.02218546297253,0,1,4,9,3,16.262186916303573,0,13.0,-0.5,-2.54,Dropout
1,9,1,9649,1,1,128.4,17,43,44,18,28,148.1,1,0,0,1,0,0,18,0,0,6,10,7,18.830874133708747,0,1,7,13,6,18.571428571428573,0,14.1,-0.8,-3.92,Dropout
1,31,1,8455,1,1,157.5,59,11,2,4,15,158.5,1,0,1,0,0,0,18,0,0,4,1,0,0.0789796092195997,0,3,5,0,0,0.25771664139509215,0,11.8,2.3,2.72,Graduate
1,1,1,7461,1,1,143.6,33,43,35,4,0,167.6,1,0,0,1,0,0,18,0,0,4,5,21,18.874999936585922,0,1,4,7,18,18.571428571428573,0,15.6,-0.2,-3.36,Graduate
1,57,1,6669,1,1,120.5,55,35,29,12,3,151.8,1,0,1,1,0,0,44,0,0,8,11,2,9.307757254284175,0,4,7,9,1,6.221743318748715,0,11.7,0.3,1.75,Enrolled
1,45,3,5945,1,3,139.5,48,35,11,4,34,160.2,0,0,0,0,0,1,30,0,0,6,9,0,0.01430379657212252,0,6,6,4,0,4.184041995957077,0,14.7,-0.8,-2.03,Graduate
1,1,4,9641,1,1,145.9,42,44,16,3,13,165.7,1,0,0,1,1,0,18,0,0,4,9,6,18.84883745720052,0,1,4,4,3,17.457433488818882,0,11.4,-0.5,-3.46,Graduate
1,15,1,9374,1,1,121.3,91,4,43,25,27,151.1,1,0,1,1,0,0,23,0,0,10,21,3,17.04637281785518,0,9,9,19,2,15.975226934629633,0,10.6,3.7,0.71,Enrolled
1,11,1,8075,1,3,125.7,76,15,2,2,2,151.6,0,0,0,0,1,0,23,0,0,9,15,6,17.59532943470349,0,2,9,13,3,15.123284510537657,0,15.2,1.7,-1.75,Graduate
1,7,4,7873,1,1,127.1,41,43,31,3,8,148.6,1,0,0,1,0,0,19,0,0,10,12,5,15.484495597295286,0,2,9,11,6,18.571428571428573,0,12.3,-0.5,-1.02,Graduate
1,14,1,9610,1,1,135.9,4,2,30,9,24,159.9,1,0,0,1,0,0,18,0,0,6,12,6,18.298074274268597,0,1,6,19,5,18.361300326837497,0,13.1,-0.6,-3.23,Graduate
1,1,6,9499,1,1,124.3,22,3,26,2,2,156.3,1,0,0,1,0,1,18,0,0,5,0,1,2.6999735325706093,0,3,5,3,1,12.669794615678038,0,9.3,0.8,1.88,Graduate
2,3,1,7127,1,1,140.2,73,43,44,2,2,170.5,0,0,0,1,0,1,18,0,0,5,8,6,18.74199021292438,0,1,5,8,8,18.571428571428573,0,12.4,-0.8,-3.15,Graduate
1,11,6,9707,1,1,123.5,25,32,44,3,9,150.3,0,0,0,1,0,0,18,1,0,9,12,13,18.868517871160616,0,4,10,17,16,18.571428571428573,0,13.0,0.9,-2.6,Enrolled
1,13,6,5906,1,1,121.2,69,32,15,1,0,151.4,1,0,0,1,1,1,18,0,0,1,5,9,18.873443432953092,0,1,3,11,5,18.571428571428573,0,9.0,3.3,3.38,Graduate
1,53,1,9842,1,4,120.1,103,2,40,18,7,151.6,1,0,0,1,0,0,20,0,0,7,10,12,18.874671577853267,0,3,5,18,13,18.571428571428573,0,14.3,1.6,2.9,Dropout
1,19,1,5087,1,1,118.1,40,14,39,1,2,146.7,0,0,0,1,1,0,30,0,0,6,6,1,5.750017413720092,0,1,7,1,2,13.824843841849075,0,9.7,3.7,0.36,Enrolled
1,14,1,4303,1,1,136.9,56,44,2,20,27,164.5,0,0,0,1,0,1,20,0,0,5,5,1,1.5096603409058937,0,4,6,3,3,15.32238742499737,0,10.3,3.7,0.97,Graduate
1,57,1,7802,1,15,112.3,56,3,44,3,8,148.2,0,0,0,1,1,0,29,0,0,7,9,0,0.016243350530910236,0,3,6,10,0,6.8588323806253015,0,9.8,-0.3,-0.55,Graduate
1,56,1,9565,1,1,114.8,79,4,2,5,13,149.8,1,0,1,1,1,0,44,0,0,4,7,1,1.8836898263689872,0,3,4,3,1,12.896682207483957,0,15.2,-0.8,1.38,Dropout
1,8,3,9469,1,2,136.2,10,11,39,18,29,151.2,1,0,0,1,0,1,19,0,0,11,8,7,17.412619646609095,0,5,10,14,14,18.571428571428573,0,14.6,-0.3,-1.12,Graduate
1,10,1,8006,1,1,131.5,30,37,3,14,4,150.3,1,0,0,1,0,1,19,0,0,10,12,5,15.960369412431184,0,6,9,19,10,18.571428571428573,0,10.1,-0.8,-3.31,Dropout
1,8,1,7399,0,1,132.8,5,9,5,3,7,166.1,0,0,0,1,0,1,19,0,0,6,7,1,0.8326138296748409,0,2,7,3,3,18.237524458507863,0,13.9,2.0,-1.71,Dropout
1,12,1,8911,1,1,130.2,71,11,2,23,33,154.5,0,0,0,1,0,0,18,0,0,5,7,1,0.8812790380578845,0,1,6,2,1,11.965321540524329,0,16.2,3.7,-1.64,Enrolled
1,1,5,9819,1,1,147.0,29,14,5,25,23,155.3,1,0,0,1,0,0,18,0,0,5,1,5,17.671078759407244,0,1,5,1,1,7.5480217329956245,0,9.9,0.5,1.02,Graduate
1,1,1,9959,1,1,142.9,5,5,39,1,2,168.3,1,0,0,1,1,0,18,0,0,6,11,13,18.874972485572627,0,1,7,27,6,18.571428571428573,0,9.6,-0.7,-0.73,Dropout
1,57,1,4743,1,2,141.8,6,26,31,2,6,160.4,1,0,0,1,1,0,43,0,0,5,12,0,0.005992296844203741,0,2,4,3,0,0.2295213978649986,0,9.7,-0.1,-1.92,Dropout
4,50,1,9280,1,2,134.7,53,43,4,7,3,151.6,1,0,0,1,1,0,20,0,0,14,19,21,18.874994572625685,0,6,12,33,18,18.571428571428573,0,9.0,1.5,2.0,Enrolled
1,23,2,8152,1,1,139.4,36,17,5,34,16,162.0,1,0,0,1,1,1,18,0,0,2,1,2,6.699054301245003,0,3,3,1,4,18.123496471926995,0,13.9,2.6,-2.1,Dropout
1,11,1,5111,1,1,152.9,72,43,2,1,1,175.2,1,0,0,1,0,0,38,0,0,1,7,1,7.592546659057613,0,1,1,9,0,7.654323740103152,0,8.9,0.3,2.54,Graduate
2,20,1,9777,1,4,112.7,41,12,2,4,2,151.3,1,0,0,1,0,0,26,0,0,7,11,7,18.82768851116309,0,4,6,27,8,18.571428571428573,0,8.9,-0.8,3.41,Enrolled
1,17,1,9884,1,1,135.3,33,6,12,9,25,164.7,0,0,0,1,1,1,18,0,0,8,13,6,18.608213020870476,0,6,7,11,1,12.795157876775166,0,9.8,1.9,1.32,Graduate
5,33,4,9579,1,2,128.7,77,35,34,10,10,151.0,0,0,1,1,0,1,24,0,0,8,10,3,14.361464866372302,0,2,7,7,6,18.571428571428573,1,15.2,1.0,-3.02,Graduate
2,50,1,8495,0,7,164.7,31,36,23,15,24,169.0,0,0,0,1,1,0,30,0,0,2,3,0,0.8492408489558255,0,1,1,0,0,3.5451899053895457,0,10.7,2.7,0.02,Dropout
1,37,1,8818,1,1,125.1,11,44,39,6,6,149.5,1,0,1,1,0,0,28,0,0,8,8,5,16.677001419466688,0,10,8,8,3,16.610215251416285,0,9.0,0.2,-0.37,Dropout
1,30,4,9408,1,1,115.0,105,44,19,18,11,157.6,1,0,0,1,1,0,18,0,0,6,5,0,0.012200355102948816,0,1,6,3,0,5.797000785229225,0,9.2,-0.2,2.89,Dropout
1,55,1,9333,1,1,104.0,22,44,9,3,2,151.0,0,0,0,1,0,1,67,0,0,10,12,14,18.8732286231769,0,6,9,24,14,18.571428571428573,0,10.3,3.7,-0.73,Graduate
4,41,1,9953,1,9,119.3,4,8,2,39,30,152.6,0,0,1,1,0,0,23,0,0,6,7,2,6.802124929623081,0,4,6,9,1,11.106812703070608,0,15.1,3.7,1.54,Enrolled
2,57,3,9405,1,2,132.4,76,38,4,6,18,161.4,0,0,1,1,0,0,34,0,0,12,20,11,18.860136125489575,0,8,10,22,7,18.571428571428573,0,9.5,0.4,-0.32,Dropout
1,12,4,4824,1,2,124.9,4,38,44,1,2,147.5,0,0,0,1,1,0,18,0,0,4,6,0,0.02476431010994446,0,1,4,1,0,1.128715767659542,0,11.4,-0.8,-2.32,Graduate
1,11,1,9528,1,1,137.1,52,31,41,22,41,158.3,1,0,0,1,0,1,18,0,0,6,13,24,18.8749999986583,0,1,7,27,20,18.571428571428573,0,13.8,0.2,-0.42,Graduate
1,55,1,9820,0,3,111.4,70,19,30,6,9,155.5,0,0,0,1,1,0,18,0,0,6,7,6,18.560454441320314,0,4,6,13,0,5.002094300533135,0,9.7,3.7,3.26,Dropout
1,2,2,9648,1,1,146.3,15,1,9,1,1,148.9,1,0,0,1,0,0,18,0,0,9,7,13,18.874747796689004,0,2,9,17,9,18.571428571428573,0,12.1,-0.7,-3.74,Dropout
1,40,2,9969,1,1,132.4,4,32,15,24,55,152.0,0,0,0,1,0,1,18,0,0,8,12,2,10.183439494393337,0,5,9,19,1,8.800864175554715,0,12.8,1.0,1.16,Dropout
1,56,1,9709,1,1,129.7,18,18,36,11,12,157.8,0,0,0,1,1,0,58,0,0,9,17,3,10.338155750421219,0,7,7,33,8,18.571428571428573,0,11.4,-0.8,0.23,Enrolled
1,38,1,9965,0,1,135.8,56,40,12,1,0,150.5,1,0,0,1,1,0,19,0,0,10,18,8,18.840892531604354,0,7,9,30,7,18.571428571428573,0,10.6,-0.0,-2.52,Graduate
1,31,2,7906,1,2,134.1,18,38,2,6,26,158.3,0,0,0,1,1,0,42,0,0,5,1,1,0.3268043709080872,0,1,6,0,0,8.119686035789254,0,10.5,-0.4,0.79,Graduate
1,20,1,7103,1,1,141.3,93,14,2,1,4,161.2,0,0,0,1,1,0,25,0,0,7,10,5,17.871486280215212,0,3,7,17,2,15.025882811950341,0,14.8,3.7,-2.92,Graduate
1,5,1,7396,1,1,156.0,9,30,19,3,0,168.1,1,0,0,1,0,0,18,0,0,7,10,12,18.86975202450188,0,4,8,9,18,18.571428571428573,0,12.6,-0.7,1.18,Graduate
1,15,3,8886,1,2,135.0,51,41,13,10,12,169.4,1,0,0,1,1,1,25,0,0,7,9,1,2.1699599295882686,0,3,7,7,2,12.659878313622182,0,11.4,0.5,1.35,Enrolled
1,1,4,9144,1,2,151.1,55,4,42,1,0,165.1,0,0,0,1,1,0,18,0,0,3,8,0,0.4526789780821188,0,1,3,18,0,5.138100792533807,0,15.6,-0.8,-4.06,Dropout
1,24,1,9734,1,2,132.0,20,30,2,26,3,151.5,0,0,0,1,1,0,29,0,0,6,10,13,18.874850213522176,0,2,6,27,14,18.571428571428573,0,11.9,-0.2,0.81,Graduate
1,54,1,9984,1,1,96.6,3,44,44,10,11,146.8,0,0,0,1,1,0,34,0,0,4,4,0,0.02501573881773122,0,1,4,5,0,6.204164086707998,0,8.9,2.5,2.41,Graduate
1,1,1,4972,1,1,158.6,27,27,3,3,8,166.2,1,0,0,1,0,1,18,0,0,5,9,10,18.863856024700812,0,2,5,10,3,16.30703123875258,0,14.3,0.5,-0.13,Graduate
1,2,1,9980,1,1,138.1,19,8,22,2,8,157.1,1,0,0,1,1,1,18,0,0,9,11,15,18.874868390127368,0,1,11,21,12,18.571428571428573,0,10.4,2.8,-0.89,Graduate
1,24,1,8906,1,3,142.5,37,13,23,2,3,156.0,0,0,0,0,0,0,29,0,0,9,11,4,15.797030028083576,0,8,8,18,3,14.932109998124849,0,13.6,-0.8,-3.31,Dropout
1,37,1,9967,1,1,112.0,78,44,44,18,8,149.1,0,0,0,1,1,0,41,0,0,8,16,3,16.012704936833718,0,7,8,14,1,12.679678935989648,0,9.5,3.7,0.91,Dropout
1,49,1,5509,1,2,138.6,11,40,30,1,0,168.1,0,0,0,1,1,0,32,0,0,3,9,0,0.0059666059897375,0,2,4,1,0,0.15307146462414659,0,13.6,3.4,-3.57,Enrolled
1,3,1,9976,1,1,126.8,40,44,43,2,1,152.6,0,0,0,1,0,0,23,0,0,8,10,12,18.87421184188721,0,1,10,25,13,18.571428571428573,0,10.3,-0.8,-2.94,Dropout
1,29,1,9591,0,1,126.2,65,1,7,3,24,152.0,1,0,0,1,1,0,20,0,0,5,13,1,9.87819261021735,0,1,3,20,0,10.731635518231418,0,10.3,-0.1,-1.72,Enrolled
1,18,2,6995,1,4,152.4,25,36,36,1,7,161.9,1,0,0,1,0,0,19,0,0,5,6,0,0.006590619003859228,0,2,4,0,0,2.488677371271314,0,9.2,0.2,0.84,Graduate
1,19,1,6566,0,1,148.7,19,44,10,29,52,155.8,1,0,0,1,0,0,18,0,0,6,4,3,14.679360312261796,0,3,6,1,1,8.023908729653249,0,8.9,-0.7,3.46,Graduate
4,13,1,6869,1,1,137.6,60,42,36,5,8,153.7,1,0,0,1,0,0,27,0,0,4,7,4,15.758438015670556,0,1,4,8,4,17.35482304780902,0,9.3,-0.0,-1.22,Graduate
1,42,2,8854,1,1,128.2,91,23,41,4,22,164.0,0,0,0,1,0,0,18,0,0,4,2,0,0.010832352595592428,0,1,4,0,0,1.1321173168860896,1,9.0,1.5,3.29,Dropout
1,33,1,7727,1,2,115.3,36,20,39,3,8,148.7,0,0,0,0,0,0,19,0,0,6,2,0,0.027613654992281286,0,3,7,1,0,3.0897229920332934,0,9.0,3.6,3.48,Enrolled
2,51,1,8722,1,4,142.0,24,43,44,2,6,153.7,0,0,0,1,0,0,22,0,0,5,9,1,1.4214953513406996,0,3,6,8,0,3.598049137139287,0,15.0,-0.3,-3.42,Graduate
1,57,1,9833,1,1,130.1,68,7,7,9,5,162.7,0,0,1,1,0,1,20,0,0,6,10,2,6.53884826670113,0,1,6,33,3,17.611093924174178,1,12.7,0.9,-2.4,Graduate
1,2,1,8290,1,1,137.7,89,43,38,8,33,150.0,1,0,0,1,0,1,18,0,0,2,0,2,5.783230206702055,0,1,4,1,1,12.272489275814486,0,12.2,2.4,1.21,Graduate
1,55,1,7420,1,1,120.9,19,14,28,10,28,153.0,0,0,0,0,1,0,32,0,0,5,10,7,18.733009119305166,0,3,5,6,9,18.571428571428573,0,10.7,0.1,-0.28,Dropout
1,3,1,8288,1,1,119.5,83,9,11,7,11,153.1,0,0,0,1,1,0,19,0,0,4,7,1,1.1425771658450594,0,3,4,6,1,9.327565130877039,0,9.9,-0.4,0.88,Dropout
1,57,1,9488,1,3,143.2,100,44,6,2,2,156.8,0,0,0,1,0,0,61,0,0,7,17,1,2.638777774822085,0,5,7,15,1,15.259787021367265,0,14.6,0.7,-0.4,Enrolled
1,29,5,9341,0,3,126.0,61,42,24,38,29,149.9,1,0,0,1,0,1,18,1,0,3,7,2,10.676885521727563,0,1,4,8,1,14.504271125039702,0,9.6,-0.8,0.75,Dropout
1,35,4,4423,1,1,133.2,82,31,33,21,24,150.5,1,0,0,0,1,1,31,0,0,6,9,1,4.656850133923959,0,6,5,2,1,6.91624388695095,0,8.9,-0.4,2.11,Graduate
1,19,6,8959,1,1,131.4,11,44,44,5,3,148.2,0,0,0,1,0,1,18,0,0,6,4,6,17.931729356383592,0,3,6,10,7,18.571428571428573,0,8.9,-0.8,1.74,Graduate
1,1,6,9091,1,1,144.0,56,13,5,14,35,160.5,1,0,0,1,0,0,18,0,0,3,3,6,18.756880133146762,0,1,5,20,4,17.99998023396322,0,9.1,3.7,3.51,Dropout
1,50,1,9415,1,12,162.7,80,1,2,9,10,174.5,1,0,0,1,1,0,18,0,0,6,7,1,2.9708588380165617,0,3,7,3,2,15.174580442304919,0,10.4,-0.7,1.84,Graduate
1,57,1,9417,1,2,136.3,4,4,21,5,22,161.0,1,0,0,1,1,0,33,0,0,5,10,7,18.752857754250215,0,3,6,20,2,13.432424501407723,0,11.2,2.3,2.36,Graduate
1,1,1,5885,1,1,124.1,17,31,11,6,4,151.5,1,0,1,1,1,0,18,0,0,5,7,1,0.8190583359967256,0,1,5,3,0,3.879137218247892,0,13.7,3.4,-2.93,Enrolled
1,52,1,7412,1,6,121.4,52,40,44,33,64,155.2,1,0,0,1,1,0,35,0,0,5,5,0,0.13827554716588902,0,6,5,3,0,5.505172060473351,0,9.1,3.7,3.44,Dropout
1,14,1,6193,1,1,134.1,103,25,20,20,26,153.2,0,0,0,1,1,0,26,0,0,6,4,0,0.023159799676175666,0,5,5,0,0,5.707205310859999,0,9.3,-0.7,-0.42,Graduate
1,13,1,9082,1,1,118.0,19,30,6,14,21,152.7,0,0,0,1,1,0,27,0,0,9,14,8,18.62596040047997,0,6,8,8,8,18.571428571428573,2,16.2,-0.4,-2.93,Graduate
1,12,1,9976,1,1,102.3,56,41,38,3,3,152.7,1,0,0,0,1,0,27,0,0,9,10,8,18.570224380173897,0,2,9,25,5,18.376059581548787,0,9.0,1.1,-0.64,Graduate
1,2,1,5684,1,1,135.9,34,35,9,3,3,163.0,1,0,0,1,1,1,18,0,0,3,2,1,3.245922802936284,0,2,3,4,1,15.73507395895556,2,13.4,-0.8,-3.25,Graduate
1,50,5,8988,1,1,119.3,94,19,9,8,5,150.2,1,0,0,1,0,0,21,0,0,4,3,1,4.418438596451,0,1,4,5,1,11.326423267807332,0,12.3,0.7,1.26,Dropout
1,51,5,9704,1,5,129.5,8,2,17,5,5,152.7,1,0,0,1,1,1,18,0,0,5,2,2,5.6071488140975525,0,5,5,9,8,18.571428571428573,0,10.4,-0.4,1.65,Graduate
1,4,1,9980,0,1,123.0,4,2,12,2,5,150.3,0,0,0,1,0,0,18,0,0,6,7,7,18.839673416785722,0,1,6,26,7,18.571428571428573,0,11.3,-0.6,-0.59,Enrolled
1,3,1,5599,1,1,127.3,61,31,42,29,12,149.4,1,0,0,1,0,0,20,0,0,8,13,1,1.1236763523364937,0,2,7,4,0,4.0238865900690515,0,12.7,2.4,-1.32,Dropout
1,42,4,9697,1,1,140.4,36,7,43,41,59,160.9,0,0,0,1,0,0,21,0,0,7,12,6,18.30556405287227,0,1,8,13,2,13.888240799568463,0,16.1,-0.7,-0.32,Graduate
1,49,2,8703,1,1,136.5,51,5,13,5,9,170.1,1,0,0,1,1,0,20,0,0,6,8,3,16.134237779822723,0,2,7,10,0,1.5603068202136072,0,13.7,-0.8,-1.31,Graduate
1,55,2,8243,1,6,144.3,49,3,17,5,5,150.7,0,0,0,1,0,0,54,0,0,6,6,0,0.009533411930449421,0,3,6,2,0,0.38178938309397104,0,14.4,2.3,-3.17,Graduate
1,19,6,8486,1,1,120.3,2,4,44,10,1,152.3,0,0,0,1,0,1,19,0,0,6,11,13,18.872693598630292,0,2,6,29,20,18.571428571428573,3,10.8,-0.7,3.0,Graduate
1,51,1,6768,1,2,113.1,25,7,43,7,22,150.8,1,0,0,1,0,0,35,0,0,4,8,1,1.5683372483934819,0,2,4,1,1,11.224699412800348,0,11.7,-0.2,-0.22,Graduate
1,2,1,7092,1,1,142.7,95,39,42,14,19,159.0,1,0,1,1,0,0,18,0,0,4,6,1,1.6511148731199012,0,1,4,5,1,10.69727429682737,0,9.9,2.2,1.19,Graduate
1,1,2,9213,1,1,114.3,27,37,36,10,6,173.7,1,0,0,1,0,0,19,0,0,4,2,0,0.008542947352565718,0,1,5,1,1,7.42616248288413,0,10.8,-0.7,0.31,Graduate
1,46,1,7941,1,2,161.1,66,12,9,7,3,157.8,0,0,0,1,0,0,50,0,0,3,6,1,3.002024629824913,0,5,4,2,4,17.8544412939511,0,11.5,0.7,-0.22,Graduate
1,39,1,7423,0,1,147.4,10,8,31,3,3,170.1,1,0,0,1,0,1,23,0,0,5,5,0,0.023655926810966364,0,2,6,0,0,0.7392512165656814,0,10.8,-0.2,-1.99,Graduate
1,3,4,4000,1,1,119.9,92,35,32,5,15,165.9,1,0,0,1,0,0,18,0,0,6,8,13,18.871651744891775,0,2,5,12,12,18.571428571428573,0,9.3,1.0,2.78,Graduate
4,6,1,9676,1,1,108.0,8,5,7,14,21,149.1,0,0,0,1,0,1,18,0,0,7,9,10,18.790176632213623,0,4,7,8,15,18.571428571428573,0,13.4,1.6,0.84,Graduate
1,40,1,9768,1,2,151.4,53,44,35,1,0,172.4,1,0,0,0,0,0,49,0,0,8,9,0,0.006036644903066086,0,2,7,4,0,1.4463367094053705,0,14.3,2.0,-3.26,Dropout
2,9,4,9806,1,3,150.8,75,31,44,7,14,156.7,0,0,0,1,1,0,19,0,0,4,6,5,18.578680814269926,0,1,4,12,3,17.009143125314132,0,14.1,-0.8,1.76,Graduate
1,20,1,7213,1,2,137.1,5,2,26,1,0,154.4,1,0,0,1,1,0,28,0,0,7,8,1,0.9717363891895809,0,2,8,4,1,9.507652683914973,0,11.0,0.1,-0.1,Graduate
1,2,1,9911,1,1,152.8,9,20,34,25,42,155.2,0,0,0,1,0,0,18,0,0,6,7,20,18.874999722014596,0,3,6,1,15,18.571428571428573,0,14.5,-0.0,-2.13,Graduate
1,6,1,9229,1,1,143.3,99,4,6,4,7,151.4,1,0,0,1,0,0,18,0,0,6,15,2,14.24242298667447,0,2,6,23,1,10.850112347714928,0,15.6,1.5,-2.62,Enrolled
1,6,1,9991,1,1,127.2,41,38,38,12,4,153.8,0,0,0,1,0,1,19,0,0,9,12,14,18.874482977491326,0,2,8,33,10,18.571428571428573,0,11.9,-0.6,0.08,Graduate
1,31,1,9872,1,1,134.9,61,8,12,4,16,154.4,0,0,0,1,0,0,21,0,0,7,4,6,17.39233840039398,0,1,6,6,5,17.393232816383218,0,10.2,0.9,-1.55,Graduate
1,57,1,3757,1,5,131.2,62,41,41,4,0,155.7,0,0,0,1,0,0,28,0,0,7,14,1,1.2759426073292974,0,5,7,4,1,11.69138863006996,0,9.1,1.1,3.31,Dropout
1,52,1,9850,1,1,133.0,58,1,2,1,0,158.0,1,0,0,1,0,0,20,0,0,7,9,2,12.970726752377743,0,3,7,7,3,17.326427006456367,0,9.9,-0.7,2.18,Graduate
1,24,5,9848,1,1,132.8,23,6,6,32,15,149.5,1,0,1,1,0,0,18,0,0,4,5,2,10.735804078356015,0,1,4,4,1,11.280398648066283,0,11.2,0.9,0.2,Enrolled
2,25,1,9852,1,8,140.9,65,18,21,4,33,147.8,0,0,0,1,0,0,29,0,0,11,15,10,18.857690835797474,0,7,11,16,6,17.58714743794015,0,11.7,-0.6,0.06,Graduate
1,4,3,9196,1,1,137.1,14,31,10,13,13,153.5,1,0,0,1,0,0,21,0,0,11,10,1,0.9827602807879969,0,8,11,2,0,3.9298090436551045,1,12.2,2.0,1.24,Dropout
2,55,4,8630,0,7,130.5,26,44,18,11,4,167.0,0,0,1,0,1,0,53,0,0,5,9,6,18.40057542890217,0,4,4,11,5,18.2549717905773,0,13.3,-0.2,-0.4,Graduate
1,8,1,9150,0,3,134.6,5,19,2,11,12,156.3,0,0,0,0,0,0,19,0,0,5,10,5,18.24403377985297,0,2,5,18,4,17.247641362789743,0,10.8,-0.3,-0.87,Graduate
2,9,1,9823,1,1,118.1,54,17,11,6,40,153.0,0,0,0,1,0,0,25,0,0,3,2,0,0.04234229236268404,0,1,3,0,0,2.891957231099848,0,9.3,0.5,3.37,Dropout
2,31,1,9702,1,1,147.7,29,7,2,26,3,154.1,0,0,0,1,0,0,40,0,0,12,11,10,18.781043486307183,0,13,11,31,10,18.571428571428573,0,12.9,2.6,0.06,Graduate
1,48,1,7579,1,2,121.2,5,44,31,17,27,159.5,1,0,0,1,1,0,40,0,0,3,5,0,0.019014400158824496,0,1,2,1,0,5.298106368553061,0,14.1,3.7,0.49,Dropout
1,48,3,8946,1,4,120.2,5,8,4,7,14,154.3,1,0,0,0,0,0,19,0,0,5,6,1,4.4205922442146734,0,2,5,4,0,9.18866032537025,0,14.2,1.1,-1.98,Dropout
5,15,2,9107,1,1,126.4,41,11,19,9,23,152.2,1,0,0,0,0,1,48,0,0,12,15,16,18.871244361573122,0,13,12,28,19,18.571428571428573,0,12.3,0.4,2.47,Graduate
1,24,1,8481,1,1,128.0,34,14,17,2,4,150.7,0,0,0,1,0,1,20,0,0,6,6,4,17.357961443336198,0,1,6,13,1,13.73134151353539,0,14.5,-0.6,-1.19,Graduate
1,45,1,9916,1,3,123.9,30,44,38,9,2,155.0,1,0,0,1,1,0,26,0,0,3,7,0,2.604906861409645,0,1,3,5,1,15.235443722446917,0,15.4,-0.8,-3.52,Dropout
1,5,1,6936,1,2,157.3,27,40,44,1,0,160.3,0,0,0,1,0,0,18,0,0,7,12,4,15.857405631277631,0,4,7,7,0,5.009380951122353,1,15.1,-0.5,-3.06,Graduate
1,24,2,9972,1,1,118.7,2,2,32,2,3,153.2,0,0,0,0,1,0,35,0,0,6,3,0,0.3174208674512558,0,1,6,9,1,11.03963988894954,0,15.4,0.9,-2.45,Dropout
1,53,1,9017,1,2,137.7,101,1,2,9,10,157.1,1,0,0,1,1,0,19,0,0,11,18,16,18.874994014495254,0,7,11,33,8,18.571428571428573,0,11.6,3.1,3.12,Dropout
1,32,2,6556,1,1,132.7,23,11,12,3,4,155.3,1,0,0,1,0,0,32,0,0,9,9,2,1.255534519447045,0,8,8,4,0,4.099459264090814,0,13.2,0.9,-2.13,Graduate
2,18,1,8676,0,3,121.0,33,37,20,3,7,157.1,0,1,0,1,1,0,21,0,0,7,13,4,16.934848902871813,0,2,7,18,7,18.571428571428573,2,11.6,0.4,2.59,Dropout
1,1,5,9109,1,1,126.7,3,37,3,10,25,147.2,1,0,0,1,0,0,18,0,0,8,3,1,0.1885737600120147,0,2,7,2,0,5.088414208063625,0,9.3,-0.2,0.01,Graduate
1,49,2,9385,0,2,131.2,7,44,19,4,6,149.1,1,0,0,1,0,0,23,0,0,7,6,0,0.03073557807748096,0,7,7,1,0,1.4003074749382918,0,13.4,-0.6,-2.81,Dropout
1,2,1,3412,1,5,172.0,24,4,30,2,3,165.2,1,0,0,1,0,0,18,0,0,8,8,12,18.86126684033068,0,7,7,6,11,18.571428571428573,0,10.0,-0.8,-3.42,Dropout
1,34,1,9389,1,1,136.7,6,41,31,36,16,169.1,0,0,0,1,1,0,19,0,0,9,12,10,18.87235305892067,0,4,10,13,6,18.227209719729355,0,13.6,-0.5,-3.66,Graduate
1,25,1,9535,1,1,108.8,19,29,21,4,7,161.5,1,0,1,1,0,0,61,0,0,3,9,8,18.866877090561502,0,1,4,16,6,18.571428571428573,0,10.6,-0.6,-2.95,Dropout
1,1,1,5059,1,1,120.5,18,43,19,25,14,150.4,0,0,0,1,1,0,26,0,0,3,9,0,0.0060663520281453494,0,2,3,1,0,1.518018966062565,0,12.7,-0.3,-2.51,Dropout
1,34,1,9956,1,1,124.7,98,13,4,5,5,150.3,0,0,0,1,0,1,18,0,0,9,14,2,9.570033757860173,0,3,9,20,2,14.388861026511508,0,14.7,-0.4,-3.32,Enrolled
1,4,1,7483,1,1,150.1,22,44,25,5,10,148.1,1,0,0,1,0,0,18,0,0,6,9,3,14.961112247929588,0,2,6,12,5,18.571428571428573,0,11.5,-0.4,2.34,Dropout
1,7,1,8659,1,1,169.7,32,1,2,2,0,160.7,1,0,1,1,0,0,18,0,0,9,4,7,18.21398492729663,0,5,9,6,4,17.50480417669731,0,15.4,-0.7,-2.84,Dropout
1,1,2,9823,1,1,134.3,4,41,43,2,8,152.0,1,0,0,1,1,0,18,0,0,5,6,10,18.85474993266985,0,1,7,11,16,18.571428571428573,0,9.0,-0.1,0.73,Graduate
1,4,1,7763,1,1,131.4,25,40,41,2,11,156.6,1,0,0,1,1,0,20,0,0,5,7,0,0.02219081680961186,0,3,5,3,1,7.904767881490941,0,9.0,0.3,2.67,Graduate
1,48,3,9916,1,1,119.8,49,27,5,11,13,148.4,0,0,0,1,1,1,20,0,0,6,8,5,18.210978759354386,0,3,7,3,3,17.98227051299614,0,12.4,-0.3,-1.95,Dropout
1,56,1,5979,1,1,136.2,59,35,10,8,12,164.2,0,0,0,1,0,0,29,0,0,8,7,5,17.006280488688144,0,11,9,18,6,18.23805958524303,0,13.6,-0.2,1.94,Graduate
1,3,1,9350,1,1,127.0,8,41,16,5,4,147.3,0,0,0,1,1,1,18,0,0,5,6,7,18.749366880114717,0,1,5,28,8,18.571428571428573,0,10.0,-0.6,1.5,Graduate
1,8,1,9616,1,1,132.6,2,28,25,7,6,150.3,1,0,0,1,0,0,19,0,0,12,10,6,15.139487315075028,0,11,11,6,13,18.571428571428573,0,11.7,-0.4,1.9,Dropout
1,5,1,7468,1,1,142.9,36,7,18,1,6,150.6,0,0,0,0,0,1,18,0,0,6,12,1,1.921109837550333,0,1,4,14,1,9.345859017989532,0,11.2,1.8,-1.66,Graduate
2,35,1,6589,1,3,147.7,15,44,41,1,2,165.1,0,0,0,1,0,0,26,0,0,12,21,12,18.87131736649432,0,8,12,33,12,18.571428571428573,0,14.5,-0.6,-3.01,Graduate
1,33,1,6473,1,2,160.8,45,40,3,5,2,172.9,1,0,0,1,0,0,30,0,0,8,5,9,18.753385461123536,0,8,8,7,3,15.432074895943808,1,15.4,3.3,-1.89,Graduate
1,57,1,9544,1,8,129.3,3,18,5,2,1,150.2,0,0,0,1,1,0,51,0,0,12,11,11,18.836161087092066,0,6,11,12,7,18.571428571428573,1,11.3,1.5,2.96,Dropout
1,34,1,6777,1,9,131.1,99,1,11,36,27,152.6,1,0,0,1,1,0,20,0,0,7,12,17,18.87499609749272,0,3,7,21,6,18.571428571428573,0,14.1,1.3,0.1,Graduate
1,57,1,9917,1,7,138.4,42,29,36,43,44,152.1,1,0,0,1,0,0,18,0,0,8,15,6,18.49065439560029,0,6,8,22,7,18.571428571428573,0,15.4,-0.8,-2.01,Dropout
1,55,1,8639,1,1,127.2,25,14,21,7,20,154.5,1,0,1,1,1,0,22,0,0,7,13,2,12.225269238816912,0,2,7,8,3,17.868702210413478,0,10.4,0.0,0.69,Graduate
1,31,1,9545,1,1,138.0,21,26,9,14,26,163.0,1,0,0,1,0,0,44,0,0,8,15,3,17.565191510835625,0,7,7,7,2,15.88089985733311,0,10.2,2.0,0.59,Enrolled
1,14,1,9400,1,2,117.9,10,31,9,6,13,147.3,1,0,1,1,0,0,25,0,0,3,5,1,5.442320705479221,0,1,4,1,0,3.640361194943089,0,11.9,2.7,1.24,Dropout
1,34,3,8194,0,1,113.0,24,42,3,2,1,157.9,1,0,0,1,0,0,18,0,0,4,5,0,0.1317393733704544,0,3,4,1,1,14.433316271131234,0,14.1,2.3,-1.65,Dropout
1,36,1,8761,1,1,123.8,51,16,36,8,16,151.5,1,0,0,1,0,0,19,0,0,4,9,2,8.743714374808343,0,1,4,4,1,8.127463014683528,0,8.9,0.7,3.17,Graduate
1,27,1,9932,1,4,132.7,43,40,2,13,38,152.6,1,0,1,1,1,0,18,1,0,6,5,8,18.8453454143299,0,2,7,18,10,18.571428571428573,0,13.1,-0.5,-1.71,Enrolled
1,13,3,7119,1,1,144.7,52,43,44,1,0,160.6,1,0,0,1,0,0,18,0,0,10,13,10,18.861491740048905,0,2,8,10,12,18.571428571428573,0,9.6,-0.1,0.25,Graduate
1,42,1,9891,0,1,128.1,88,20,2,2,4,154.2,0,0,0,1,0,0,21,0,0,11,17,24,18.87499988370532,0,5,10,33,20,18.571428571428573,0,13.6,1.7,-1.79,Dropout
2,47,1,9153,1,2,124.5,49,39,2,17,2,150.1,0,0,0,1,0,0,34,0,0,6,12,4,17.564092250932337,0,3,6,6,2,13.445645180127467,0,10.8,1.3,-0.17,Dropout
1,56,1,6715,1,1,122.6,38,2,36,7,4,147.6,1,0,0,1,1,1,18,0,0,5,8,0,0.011503575242080642,0,1,5,1,0,1.4555993402904457,0,9.5,2.6,3.09,Enrolled
1,8,1,9382,1,1,129.7,7,14,4,11,14,152.1,1,0,0,1,1,1,18,0,0,9,6,20,18.874998123881817,0,3,10,13,20,18.571428571428573,0,9.7,-0.1,0.27,Graduate
1,25,1,9832,1,1,134.2,56,4,2,10,16,160.1,0,0,0,1,0,1,35,0,0,4,10,3,14.44199417240168,0,5,5,6,2,14.511544057813717,0,12.1,0.1,0.76,Graduate
1,1,5,5191,1,1,124.9,44,28,4,3,3,150.1,1,0,0,1,0,1,18,0,0,6,7,7,17.932464150873585,0,8,5,8,6,17.965068522789327,0,10.0,-0.6,-1.17,Graduate
1,38,1,9212,1,10,124.6,5,12,2,2,18,154.6,0,0,0,1,0,0,32,0,0,11,11,5,17.276606318172895,0,15,10,18,7,18.571428571428573,0,12.4,-0.6,-0.35,Enrolled
1,1,1,9461,1,1,133.2,33,33,37,9,12,149.5,0,0,0,1,0,0,18,0,0,7,12,11,18.87116894353057,0,2,7,17,8,18.571428571428573,0,12.0,0.1,1.32,Dropout
1,2,1,9710,0,1,151.6,71,2,35,1,0,157.5,1,0,1,1,0,1,18,0,0,8,12,5,15.896948074888979,0,5,8,6,13,18.571428571428573,0,15.7,-0.6,-4.06,Graduate
1,52,3,8436,1,3,125.6,35,37,22,1,2,150.9,1,0,0,1,1,0,40,0,0,7,16,7,18.78244529487052,0,2,6,16,2,13.604631119122066,0,11.1,2.0,0.72,Graduate
1,56,1,6030,1,3,126.6,99,2,20,3,17,159.1,1,0,0,1,0,0,18,0,0,8,13,9,18.849073278380857,0,9,8,3,6,18.571428571428573,0,10.9,1.9,2.87,Dropout
1,5,1,6913,1,1,117.8,32,4,2,15,11,161.3,1,0,0,1,0,0,18,0,0,4,5,2,9.644396000017025,0,1,5,3,1,9.331276417019124,0,16.1,-0.0,-3.28,Dropout
1,30,1,9703,0,2,129.4,101,42,27,14,30,151.3,0,0,0,0,0,0,28,0,0,5,7,7,18.868192774300482,0,1,5,8,4,17.249343992763315,0,15.1,3.7,0.82,Dropout
4,1,1,8793,1,1,139.8,7,41,2,20,9,153.4,0,1,1,1,0,0,19,0,0,6,8,4,16.33966170025625,0,2,6,3,7,18.571428571428573,0,10.4,0.7,0.53,Graduate
1,53,1,9816,1,2,145.1,67,6,43,2,3,160.0,1,0,0,1,0,0,22,0,0,8,8,13,18.874809873145026,0,1,8,16,15,18.571428571428573,0,12.7,-0.2,-2.46,Graduate
1,4,1,4747,1,2,143.0,98,2,2,17,35,160.4,0,0,0,1,1,1,18,1,0,6,6,3,9.683666150434453,0,2,6,4,3,15.34236365679923,0,11.6,0.2,2.13,Graduate
1,3,1,8923,1,2,126.8,3,44,15,3,6,154.4,0,0,0,1,0,0,18,0,0,9,12,16,18.87340864161088,0,7,8,18,17,18.571428571428573,0,14.2,-0.7,-3.78,Graduate
1,12,2,7552,1,1,133.3,85,3,3,22,26,148.7,1,0,0,1,0,0,18,0,0,8,15,22,18.87499860101096,0,1,8,22,20,18.571428571428573,0,11.3,3.7,3.44,Dropout
1,3,2,3213,1,1,137.3,61,21,18,2,12,165.7,0,0,0,1,0,0,24,0,0,3,0,0,0.558303717253864,0,3,3,0,0,4.8093794999798485,0,14.2,-0.5,-3.41,Graduate
1,53,3,6511,1,1,119.8,34,22,15,1,0,147.5,1,0,0,1,0,0,18,0,0,3,5,0,0.31564680318648247,0,2,4,5,1,10.399345087586775,0,11.3,0.9,-1.08,Graduate
2,55,1,9774,1,1,107.3,104,29,35,18,28,155.8,0,0,0,1,1,0,37,0,0,8,12,1,4.563872850371386,0,4,7,22,1,12.58231342049125,0,11.5,3.7,2.43,Enrolled
1,5,4,9986,1,1,151.8,86,19,2,4,11,159.6,0,0,0,1,1,1,24,0,0,7,11,14,18.874791751059263,0,1,7,31,9,18.571428571428573,2,14.8,3.7,1.96,Dropout
1,57,1,5628,1,10,127.4,68,27,6,3,1,154.1,0,0,0,1,0,1,56,0,0,5,8,1,1.1139371538001517,0,1,4,2,0,1.9632316285622449,0,15.2,-0.7,-3.92,Dropout
4,46,1,9897,1,1,143.0,33,6,2,4,2,150.5,1,0,0,1,1,0,33,0,0,5,4,6,18.785802921987045,0,1,6,13,2,16.160336440863695,0,12.1,2.4,0.81,Enrolled
2,6,2,9604,1,1,136.1,74,31,5,1,2,156.3,1,0,0,1,0,0,18,0,0,5,5,3,13.754319034965247,0,1,7,2,0,6.314047373047113,0,15.7,-0.7,-1.83,Graduate
1,47,3,9296,1,3,135.8,58,38,2,18,6,151.5,1,0,0,1,0,0,18,0,0,8,16,11,18.851965966349535,0,5,8,18,13,18.571428571428573,0,9.0,1.8,3.0,Graduate
1,55,4,9447,0,1,141.0,14,43,33,24,33,148.8,1,0,0,1,0,1,22,0,0,5,3,2,6.792118285093763,0,1,5,4,1,11.743685508667763,0,12.1,-0.8,-3.28,Dropout
1,22,2,6007,1,1,129.8,42,3,36,1,9,152.8,1,0,0,1,0,0,18,0,0,5,5,4,14.531860775522736,0,1,4,2,1,13.084859487303271,0,12.8,2.9,-1.54,Dropout
1,5,2,9554,1,1,140.5,106,39,6,8,21,156.4,0,0,0,1,1,0,18,0,0,6,1,0,0.013170507516797025,0,1,6,1,0,0.3495670281485902,0,10.2,-0.8,0.88,Dropout
1,1,4,9242,1,1,125.5,86,43,42,18,22,162.2,1,0,0,0,0,0,18,0,0,3,4,5,18.685850029606588,0,1,3,7,4,18.571428571428573,0,12.0,3.6,2.02,Enrolled
1,57,1,9875,1,5,122.1,52,35,4,10,8,152.3,0,0,0,0,1,0,19,0,0,6,14,1,1.4110868392352423,0,3,6,5,1,9.652540642642427,0,9.0,1.8,1.92,Enrolled
2,2,1,9912,1,2,112.5,3,1,19,41,19,157.0,0,0,0,1,0,0,34,0,0,11,11,13,18.873605376650968,0,4,10,8,5,18.185006489940168,0,10.5,3.1,2.53,Dropout
1,56,1,8865,1,2,121.1,64,38,21,25,24,148.1,0,0,0,0,0,0,26,0,0,6,11,1,0.48012915236065135,0,1,6,7,1,6.540407248517581,0,11.4,-0.8,-1.19,Graduate
4,52,1,8450,1,2,126.0,5,41,10,11,2,159.5,0,0,0,1,1,0,37,0,0,3,7,1,2.9586074784402405,0,3,4,3,1,13.818209160210985,0,9.7,0.6,-2.39,Graduate
1,57,1,7101,1,2,118.3,53,20,3,1,0,159.2,0,0,0,1,1,0,60,0,0,9,16,8,18.61599718450341,0,12,9,18,5,18.098505528749527,0,15.3,1.2,1.12,Enrolled
1,2,1,6154,1,2,123.7,69,10,34,2,2,152.2,0,0,1,1,0,0,49,0,0,2,7,0,0.006085384339066193,0,1,1,3,0,0.13362326293803897,0,11.7,-0.2,-2.61,Enrolled
2,52,1,8474,1,1,152.6,91,15,3,3,1,166.2,0,0,0,1,0,0,29,0,0,9,13,4,13.19019895381715,0,4,7,11,0,7.8953462091368065,0,14.8,2.6,-1.76,Graduate
1,43,1,9531,1,5,121.2,34,44,41,19,2,156.2,0,0,1,0,1,0,62,0,0,11,17,1,1.2988204077777683,0,10,11,16,1,8.713064037086893,0,11.6,1.5,1.0,Dropout
1,48,1,5578,1,3,168.5,4,11,28,9,12,165.9,1,0,1,1,0,1,19,0,0,8,9,10,18.867834916070223,0,7,8,3,3,16.178925532037937,0,12.2,-0.1,-0.0,Graduate
4,47,4,3920,1,3,107.5,94,44,44,2,1,162.3,0,0,0,1,1,1,61,0,0,4,5,0,0.008324796715587616,0,8,4,0,0,2.8773851655401628,2,13.8,1.1,-2.68,Graduate
1,7,6,9934,1,1,146.1,78,18,33,10,5,152.8,1,0,0,1,0,1,18,1,0,6,11,18,18.874989091568732,0,3,7,17,19,18.571428571428573,0,9.4,-0.8,-1.71,Graduate
1,39,1,5391,1,1,128.7,51,43,36,7,4,154.0,1,0,1,1,0,0,18,0,0,2,1,0,0.013242798518694369,0,1,2,0,0,3.5109205999706266,0,12.3,-0.2,-2.84,Graduate
2,1,1,9787,1,2,135.7,56,18,16,19,15,152.3,0,0,0,1,0,0,19,0,0,5,2,7,18.49273249169285,0,1,6,4,10,18.571428571428573,0,12.4,3.7,0.8,Graduate
1,4,1,6565,1,1,154.5,29,3,2,2,0,163.7,1,0,0,1,1,0,25,0,0,4,7,1,1.206133968671309,0,2,5,8,1,13.427192541844477,0,15.5,-0.2,-4.06,Graduate
1,43,3,9443,1,1,113.7,67,32,44,13,4,157.0,0,0,1,1,1,0,23,0,0,9,14,7,18.757362523869734,0,4,8,22,2,14.339598036756886,0,11.6,0.3,2.26,Enrolled
1,1,1,9976,1,1,151.8,17,37,44,10,17,149.1,0,0,0,1,0,1,20,0,0,7,10,9,18.862820461227376,0,1,8,26,10,18.571428571428573,0,10.7,-0.6,-1.7,Enrolled
1,4,1,9788,1,2,146.9,11,44,34,11,11,158.7,0,0,0,1,0,0,22,0,0,5,7,1,1.0376280690382624,0,2,5,4,0,9.954943341320718,0,9.1,2.3,2.2,Dropout
1,38,1,9920,1,4,121.3,3,32,44,20,35,149.3,1,0,0,1,1,0,23,0,0,10,14,9,18.809033484635883,0,2,10,23,19,18.571428571428573,0,11.8,3.7,1.29,Dropout
1,14,1,8025,0,1,147.0,50,13,16,8,16,154.3,1,0,0,1,1,1,27,0,0,3,7,5,18.15298483601563,0,2,3,4,11,18.571428571428573,0,10.2,-0.5,0.16,Enrolled
1,57,1,7799,0,1,134.6,48,17,4,15,9,152.8,1,0,0,1,0,0,54,0,0,0,7,0,0.006484715420512498,0,1,0,1,0,4.173489822505696,0,10.4,0.6,-1.19,Enrolled
1,8,1,4287,1,1,123.9,47,4,10,32,36,158.3,0,0,0,1,1,0,24,0,0,9,12,3,12.967425332202465,0,8,8,2,1,9.388918178683161,0,12.2,3.1,0.76,Dropout
1,53,2,7691,0,1,128.9,57,42,43,12,25,167.7,1,0,1,1,0,0,20,0,0,8,13,9,18.833623376900388,0,4,8,14,5,18.469053177583216,0,10.0,-0.3,2.35,Graduate
1,1,4,9900,1,1,157.5,37,16,13,3,7,162.5,1,0,0,1,0,0,18,1,0,3,4,1,2.304615245888084,0,1,4,2,3,17.601174506127535,1,9.2,-0.6,-0.68,Dropout
1,33,1,9767,1,1,123.4,48,10,12,12,8,155.8,0,0,0,1,1,1,25,0,0,7,5,3,9.201125582352113,0,2,6,12,3,15.9730732067869,0,15.3,0.1,-1.18,Graduate
1,2,2,9301,1,2,140.1,22,20,34,15,24,156.7,1,0,0,1,1,0,20,0,0,3,4,3,14.746585867230072,0,1,4,9,4,17.969197859480815,0,11.9,3.5,1.69,Graduate
1,3,1,9877,0,1,128.9,25,6,3,3,3,166.1,0,0,0,1,0,1,19,0,0,5,6,1,3.162780981982987,0,5,5,6,1,9.834009479615464,0,10.0,-0.8,-2.18,Enrolled
1,40,1,7953,1,3,124.0,101,7,21,24,26,171.2,0,0,0,0,0,0,51,0,0,7,5,1,3.480736276023225,0,11,6,1,2,15.441825487665403,0,11.6,-0.4,2.48,Enrolled
1,9,2,9557,1,1,129.8,88,4,21,30,26,150.7,1,0,0,1,0,0,18,0,0,7,10,8,18.72692283668486,0,1,7,5,8,18.571428571428573,0,10.6,0.7,-3.48,Graduate
2,57,1,9958,0,1,117.5,50,44,43,8,30,154.9,1,0,1,1,0,0,47,0,0,5,5,0,0.005966496755111382,0,2,4,9,0,2.0061725855611936,0,9.5,1.6,2.46,Graduate
1,32,1,9925,1,1,141.2,33,3,3,1,3,154.2,0,0,1,1,0,0,19,0,0,8,14,4,17.17988735155432,0,2,8,17,10,18.571428571428573,0,13.9,-0.8,-4.06,Dropout
1,17,1,9256,1,1,144.8,33,42,2,3,7,166.9,1,0,0,1,0,1,18,0,0,8,9,6,18.502806494703005,0,4,8,14,2,14.7324867042824,0,13.8,3.0,-3.05,Dropout
2,47,1,5720,1,3,180.2,29,35,37,2,2,157.6,0,0,0,1,0,0,18,0,0,6,10,9,18.740670767269627,0,5,6,6,5,18.571428571428573,0,11.0,3.7,-0.08,Graduate
1,14,1,4106,0,1,114.5,97,14,2,11,17,154.2,0,0,0,1,1,0,18,1,0,5,7,3,7.728005972333651,0,6,5,1,1,9.144485798555184,0,10.7,2.2,-1.19,Graduate
1,1,3,7774,1,1,138.8,17,1,6,2,3,153.4,0,0,0,1,0,0,30,0,0,7,4,1,0.7036493548896631,0,4,7,1,1,10.42284346000734,0,10.5,1.5,1.47,Dropout
1,20,5,9863,1,1,135.4,4,15,2,2,4,153.9,1,0,0,1,1,1,20,0,0,6,9,9,18.85347996918977,0,1,6,23,6,18.571428571428573,0,9.2,-0.8,-1.3,Dropout
1,36,1,8356,1,7,140.0,6,41,42,7,7,162.6,1,0,1,1,0,0,57,0,0,7,10,1,2.4850656939216385,0,2,8,2,0,6.830145958202338,0,11.7,0.1,2.14,Enrolled
2,16,1,6738,1,1,154.0,91,15,2,2,2,164.0,0,0,0,1,1,0,19,0,0,2,1,0,0.005966413805761239,0,1,2,0,0,0.678344932596649,0,14.4,2.8,-3.17,Dropout
1,1,3,9924,1,3,132.1,45,42,35,1,2,149.5,0,0,0,1,0,1,19,0,0,7,4,6,17.257472710941144,0,1,7,4,4,17.613862642661474,0,11.3,-0.8,0.4,Graduate
1,41,1,8821,1,1,119.6,74,39,2,4,6,149.5,1,0,0,1,0,0,20,0,0,7,12,5,17.295154841164486,0,3,7,19,7,18.571428571428573,0,9.1,0.0,3.46,Graduate
2,11,3,9729,1,1,126.4,102,44,41,1,0,155.8,0,0,1,0,0,0,32,0,0,4,5,1,2.846018688211248,0,1,4,3,0,0.959840000834358,0,9.7,0.4,1.16,Graduate
1,27,4,7885,1,1,128.3,47,24,20,7,3,150.6,0,0,0,1,0,0,20,0,0,9,12,4,15.843851166826202,0,5,9,15,7,18.571428571428573,0,11.9,2.6,-1.68,Dropout
2,22,1,9142,1,1,138.8,65,5,2,10,12,157.0,1,0,0,0,1,0,34,0,0,4,4,0,0.016720446810894365,0,1,4,0,0,3.2712094322628538,0,13.2,3.1,2.13,Dropout
2,57,1,9475,0,3,126.6,45,12,6,11,32,154.4,1,0,0,1,0,0,39,0,0,8,8,0,0.1203149408747414,0,7,8,3,2,12.941126339840753,3,8.9,3.7,3.46,Graduate
1,6,1,6839,1,1,148.3,28,43,38,13,26,164.0,0,0,0,1,1,0,18,0,0,4,7,3,15.48998185687294,0,2,4,6,4,18.502273888825048,0,9.0,3.6,-0.78,Graduate
1,50,2,4601,1,3,144.9,5,34,25,2,9,164.7,1,0,0,1,0,0,18,0,0,8,10,9,18.82486975812728,0,7,7,3,6,17.95712849934512,0,12.6,0.1,0.71,Graduate
1,4,1,5128,1,1,116.2,27,43,31,7,19,156.4,1,0,0,1,1,0,34,0,0,6,12,3,13.62418548612976,0,2,5,4,3,16.24882598615446,0,11.3,0.1,-0.7,Graduate
4,56,1,9928,1,1,138.1,82,43,36,2,0,153.3,1,0,0,1,0,0,19,0,0,8,12,15,18.874446092738513,0,4,9,18,11,18.571428571428573,0,9.5,-0.6,-2.62,Enrolled
1,8,1,8942,1,1,126.4,4,7,43,13,15,152.7,1,0,1,1,0,1,31,0,0,6,1,4,16.47192637992272,0,1,6,1,1,9.819843241109494,0,11.9,3.6,0.39,Dropout
1,54,1,8689,1,5,129.5,8,44,44,14,4,164.0,1,0,1,1,1,1,22,0,0,7,10,2,8.022868159063007,0,3,8,12,4,17.93156538380193,1,13.2,0.9,-0.8,Dropout
1,38,1,9889,1,1,137.8,17,39,24,1,1,163.1,0,0,0,1,0,1,18,0,0,8,16,8,18.83171909727001,0,2,8,24,11,18.571428571428573,0,9.3,0.7,-0.61,Dropout
1,20,3,9846,1,2,139.5,6,40,44,3,9,155.3,1,0,0,1,0,1,19,0,0,4,5,1,2.3757048627103297,0,1,5,4,2,15.955026960798605,0,10.4,0.3,0.0,Dropout
1,48,3,8872,1,1,143.1,10,44,21,12,18,155.8,1,0,0,1,0,0,19,0,0,5,5,0,0.049325021177243904,0,3,5,1,0,1.725451905427687,0,9.3,3.6,2.33,Graduate
1,14,1,5973,1,1,133.1,13,19,42,6,3,173.3,1,0,0,1,1,1,18,0,0,10,18,14,18.874544834848468,0,6,9,7,9,18.571428571428573,0,14.3,-0.2,-0.06,Graduate
1,30,1,9545,1,1,119.6,96,22,44,49,28,147.8,1,0,0,1,1,0,34,0,0,5,7,0,0.02486547050194251,0,2,6,0,0,0.0298884786831308,0,11.0,2.9,-0.53,Dropout
1,44,1,9149,1,1,137.9,68,38,2,2,8,146.9,0,0,0,1,0,0,19,0,0,9,10,9,18.840655375879322,0,4,8,24,2,14.194639089417056,0,9.3,1.7,-0.42,Dropout
1,13,1,7457,1,2,170.3,78,19,40,3,12,167.9,1,0,0,1,0,0,18,0,0,8,11,16,18.874792449041223,0,2,8,30,17,18.571428571428573,0,8.9,-0.8,1.19,Graduate
1,3,3,6994,0,2,150.5,88,7,2,3,3,155.3,1,0,0,1,0,1,19,0,0,5,4,1,1.3229689912204396,0,4,5,1,1,14.072098275079696,0,11.9,3.2,-0.49,Dropout
1,47,2,7541,1,1,119.3,60,7,19,2,6,161.9,0,0,0,1,0,0,33,0,0,6,10,2,8.077155651873126,0,4,6,4,0,3.8318435814561136,2,13.0,3.7,1.58,Dropout
1,43,2,7673,1,3,119.5,27,31,32,3,9,157.2,0,0,0,1,1,0,23,0,0,7,15,1,1.0629664494604154,0,12,7,5,2,12.815221800271912,0,9.1,0.8,3.39,Dropout
1,52,1,6811,1,2,136.5,87,23,9,8,23,165.5,1,0,1,1,1,0,19,1,0,8,9,4,17.350324220894787,0,7,8,8,2,15.643220595561415,0,9.2,0.3,1.61,Dropout
1,56,1,9421,1,1,121.9,104,39,12,7,10,149.9,0,1,0,1,1,0,18,0,0,6,11,14,18.87484580195853,0,2,6,17,10,18.571428571428573,0,10.1,1.2,2.31,Dropout
1,1,2,4873,1,1,129.2,77,44,21,14,40,152.9,1,0,0,1,0,1,18,0,0,6,7,7,18.425796237962953,0,9,6,12,6,18.21566776747819,0,10.7,2.3,0.36,Graduate
1,2,2,5875,1,3,137.8,65,39,7,3,16,154.4,0,0,0,0,0,1,19,0,0,5,6,0,0.11379062519771174,0,2,5,0,2,15.256122640397013,0,9.7,-0.2,2.33,Graduate
1,19,3,9881,1,1,161.1,45,2,2,15,10,155.4,1,0,0,1,1,0,18,0,0,8,14,7,18.66871510997798,0,2,7,12,8,18.571428571428573,0,10.2,0.6,-1.52,Dropout
1,4,1,8569,1,1,142.9,28,44,25,5,1,157.3,1,0,1,0,1,0,18,0,0,5,7,0,0.023956136144386173,0,3,5,2,0,3.3313722643594037,0,10.1,-0.8,-2.56,Graduate
1,54,1,8980,0,1,112.1,97,11,19,2,1,152.6,1,0,0,1,1,0,20,0,0,3,7,2,17.389977514977208,0,1,4,2,2,16.894312286736966,0,10.4,-0.8,-1.68,Enrolled
1,55,2,8370,1,5,133.0,3,39,43,4,5,150.0,1,0,0,1,0,0,20,0,0,9,11,5,17.549781793887444,0,3,8,16,7,18.571428571428573,0,13.0,-0.5,2.65,Graduate
1,31,1,9988,1,2,124.1,17,43,44,30,29,156.4,0,0,0,1,0,0,18,0,0,8,11,6,18.38795497079474,0,3,7,20,3,15.72824501581405,0,9.0,0.3,3.49,Dropout
1,23,1,3742,1,2,156.3,5,2,5,1,0,154.3,1,0,0,1,0,1,20,0,0,4,8,1,1.4705194435674982,0,5,5,1,2,14.79750128322782,0,12.3,0.9,-2.4,Graduate
1,6,1,7901,1,1,132.1,54,5,32,2,10,156.8,1,0,0,1,1,0,23,0,0,8,14,4,12.027643223457641,0,5,8,5,3,13.724880605204792,0,9.7,-0.8,0.53,Dropout
1,57,6,8468,1,5,143.0,33,44,37,3,0,157.1,1,0,0,1,1,0,39,0,0,5,7,0,0.0336115411122822,0,1,5,8,1,12.150330615127219,0,14.9,2.0,-3.09,Graduate
1,10,6,9150,1,1,151.2,60,1,3,2,4,157.9,1,0,0,1,1,1,18,0,0,5,7,13,18.874579126474146,0,1,5,28,3,17.423574339329893,0,9.2,0.7,2.04,Graduate
1,5,6,9533,1,1,136.9,16,43,21,4,3,156.9,1,0,0,1,0,0,18,0,0,7,7,8,18.842812557062867,0,2,7,21,3,16.312922567351382,0,10.5,2.7,-2.71,Graduate
1,1,5,6611,1,1,142.9,11,1,2,2,12,154.2,0,0,0,1,0,0,18,0,0,1,1,0,0.029450955792912355,0,1,2,0,0,8.243678930795939,0,11.0,2.3,-1.41,Dropout
1,24,2,6010,1,3,132.8,12,2,41,16,5,154.6,1,0,0,1,0,0,27,0,0,6,7,0,0.013506495686932879,0,3,5,0,0,6.12133249153253,0,10.5,-0.7,0.11,Enrolled
1,1,1,9479,1,1,116.7,19,12,7,2,0,155.2,1,0,0,1,0,0,18,0,0,7,13,7,18.824579583909347,0,1,6,12,3,17.71597365456369,0,9.4,-0.7,1.77,Graduate
1,3,2,9097,1,1,125.4,13,25,40,15,51,151.7,1,0,0,1,0,1,20,0,0,8,2,0,0.034788092390553596,0,5,8,2,1,8.419985112302612,0,14.6,3.1,0.03,Enrolled
1,44,5,9881,1,1,103.3,21,23,8,8,20,146.8,1,0,0,1,1,0,18,0,0,7,6,10,18.844141151692668,0,1,8,30,9,18.571428571428573,0,10.6,1.6,-0.05,Dropout
1,1,1,9688,1,1,121.2,50,3,37,12,25,151.3,0,0,0,1,0,1,18,0,0,5,10,20,18.87499991131734,0,2,5,18,6,18.571428571428573,0,14.3,-0.8,-3.26,Graduate
1,7,1,8970,1,1,136.7,18,1,5,6,14,154.4,1,0,0,1,0,0,27,0,0,4,1,3,12.696913740404444,0,3,5,0,2,13.104230263122828,0,13.1,-0.6,-0.39,Dropout
1,57,3,5904,1,1,117.8,105,10,34,11,12,151.0,0,0,1,0,1,0,36,0,0,7,12,3,8.608513045603171,0,6,9,22,3,16.601281438061662,0,9.4,-0.8,2.9,Dropout
1,3,1,8187,1,1,139.6,15,8,12,6,8,157.0,0,0,0,1,0,0,32,0,0,4,8,0,0.3408593225985377,0,1,5,4,0,3.012070220284352,0,11.5,-0.5,-2.59,Graduate
1,1,1,8637,1,2,141.8,25,1,2,2,4,151.8,0,0,0,1,0,0,18,0,0,5,6,2,11.547383782456636,0,1,5,11,2,16.557586881643186,0,9.5,0.4,-1.85,Dropout
1,3,1,9454,1,1,146.2,70,4,2,5,9,166.4,1,0,0,1,0,0,39,0,0,5,3,0,0.22766674612993051,0,1,7,12,1,11.106470842183146,0,13.6,0.7,2.02,Enrolled
1,11,1,9536,1,1,114.1,78,37,2,5,2,147.3,1,0,1,1,0,0,22,0,0,5,10,1,2.0077318939628093,0,1,6,8,3,16.09272692173347,0,16.0,-0.5,-3.61,Enrolled
1,12,1,9890,1,1,97.4,35,41,34,3,15,149.2,0,1,0,1,0,0,50,1,0,8,10,1,0.5663782418832007,0,1,8,15,1,9.44669342199652,0,14.1,0.8,-4.05,Graduate
1,22,2,8444,1,1,129.3,35,42,7,23,18,152.8,1,0,0,1,1,0,18,0,0,10,14,20,18.874993011521465,0,3,9,33,20,18.571428571428573,0,16.2,3.3,-1.86,Graduate
1,34,1,7340,1,1,132.0,102,35,44,3,2,156.3,1,0,0,1,0,0,22,0,0,3,4,1,1.3757374326546896,0,4,4,0,0,2.554964914141875,0,10.6,0.7,-0.8,Dropout
1,9,1,6890,1,1,136.8,2,2,2,20,55,149.4,0,0,0,1,0,0,24,0,0,8,8,0,0.052231965163185866,0,3,7,0,0,0.7650771746453467,0,13.6,0.9,-0.83,Enrolled
1,7,1,9771,1,1,127.8,45,20,5,6,21,150.6,1,0,0,1,0,0,18,0,0,7,13,7,18.611590633532373,0,2,7,25,6,18.571428571428573,0,10.1,3.6,1.55,Graduate
1,3,5,5927,1,1,146.8,71,1,3,4,1,148.5,1,0,0,1,1,0,21,0,0,10,12,7,17.960266286180516,0,11,9,2,8,18.571428571428573,0,11.5,-0.8,-2.77,Graduate
1,5,4,6351,1,1,115.5,6,9,43,14,25,150.6,0,0,0,1,0,1,25,0,0,4,5,1,2.3120531059862706,0,1,4,0,6,18.571428571428573,0,9.4,3.3,2.78,Dropout
1,57,1,5913,1,7,122.4,17,1,2,12,8,160.2,1,0,1,1,0,0,42,0,0,6,9,1,2.8717836208094907,0,3,6,3,0,5.593548316388863,0,15.8,-0.8,-0.93,Enrolled
1,3,1,9765,1,1,120.9,19,42,31,14,10,152.5,0,0,0,1,0,0,19,0,0,10,11,9,18.52986888837245,0,6,9,22,7,18.571428571428573,0,9.3,-0.1,-2.48,Graduate
1,20,2,7380,1,1,121.5,59,13,11,9,11,152.9,0,0,0,1,1,0,19,0,0,7,11,0,0.04486038672701658,0,2,6,4,0,4.9484022192531745,0,8.9,1.2,3.42,Graduate
1,51,1,4636,1,3,142.8,2,44,22,1,1,168.9,0,0,0,1,1,1,41,0,0,4,7,1,3.7739881955602645,0,3,4,0,0,4.096478950112457,5,11.9,-0.3,-1.31,Graduate
1,57,3,9887,1,6,111.4,76,15,6,12,24,151.4,1,0,0,1,0,0,42,0,0,9,5,5,16.050229468190278,0,4,8,11,3,16.103741311416147,0,13.4,1.5,-1.64,Graduate
2,52,3,7774,1,4,126.7,35,32,10,17,18,151.4,0,0,1,1,0,0,42,0,0,7,8,0,0.18137346726385356,0,4,7,3,0,2.889634374784867,0,9.9,-0.8,0.79,Enrolled
1,3,2,7784,0,2,119.0,15,18,7,14,8,150.4,1,0,0,1,0,1,18,0,0,8,3,1,0.2716965485479533,0,4,7,1,0,7.6974551920848215,0,10.7,1.1,0.09,Enrolled
4,14,3,8013,1,1,143.7,36,5,18,9,4,156.7,1,0,0,1,0,1,20,0,0,7,9,4,16.514644268909628,0,5,5,4,5,18.571428571428573,0,13.1,3.7,-2.6,Dropout
1,9,1,3312,1,1,126.8,23,32,16,2,0,159.8,0,0,0,1,0,1,18,0,0,5,10,0,0.03586297721768038,0,1,5,2,0,4.449930066245583,0,9.1,-0.7,-1.55,Enrolled
1,2,2,8427,1,1,138.2,65,9,5,4,6,152.2,1,0,0,1,0,0,18,0,0,7,4,1,4.190420210809183,0,4,7,1,0,2.6505410783007726,0,10.7,-0.7,-1.97,Graduate
1,48,2,8298,1,3,140.3,57,28,2,4,10,150.6,1,0,0,1,1,0,31,0,0,8,8,1,2.9848192054784546,0,3,7,2,1,7.7044328008282825,2,15.1,3.1,-2.21,Dropout
1,22,3,9922,1,1,160.4,37,25,2,1,0,158.9,1,0,0,1,1,0,18,0,0,4,0,2,8.94492001859035,0,1,5,1,1,15.378162754242497,0,13.5,-0.8,-3.86,Graduate
1,51,1,9964,1,7,132.4,19,44,38,20,6,147.6,0,0,0,1,0,1,18,0,0,8,9,7,18.79848145802311,0,3,7,17,9,18.571428571428573,0,9.5,2.3,3.34,Enrolled
1,10,1,9844,1,1,151.2,7,25,44,16,5,156.5,1,0,1,1,1,1,18,0,0,7,12,7,18.704633974631392,0,9,7,21,3,15.7483619511637,0,14.4,0.7,1.71,Graduate
1,38,1,9960,0,1,171.9,10,35,32,31,39,158.5,0,0,0,1,1,1,18,0,0,9,11,3,12.510615607980114,0,5,10,9,1,10.045803507917773,0,12.7,3.1,3.06,Enrolled
1,3,1,9073,1,1,131.5,81,11,28,22,27,157.6,0,0,0,1,0,0,20,0,0,6,7,2,7.55260959155034,0,5,8,2,2,13.774424284062455,0,12.6,0.2,-1.97,Graduate
1,12,2,9635,1,3,116.4,70,34,26,54,34,149.4,1,0,0,0,1,1,21,0,0,10,15,9,18.519820454707215,0,8,8,31,4,16.40854121071375,0,10.9,-0.2,1.31,Dropout
1,27,2,5024,1,1,131.4,87,36,2,7,7,149.5,1,0,0,1,1,0,27,0,0,6,8,2,3.726180642309253,0,8,5,4,2,15.53401895388725,0,9.3,0.9,-0.21,Enrolled
1,51,2,7770,1,1,134.2,38,19,15,2,1,165.1,0,0,1,1,1,0,23,0,0,6,5,0,0.006224459171838451,0,2,6,1,0,6.580968536638359,0,12.0,-0.5,-1.91,Dropout
2,3,1,5409,1,1,138.2,66,4,6,2,6,154.9,0,0,0,1,1,0,21,0,0,5,5,0,0.006609715590376795,0,3,5,0,0,0.7780071967737293,0,11.4,0.4,1.26,Dropout
1,54,1,9480,1,1,115.3,70,28,4,10,14,153.5,0,0,0,1,0,1,18,0,0,5,6,15,18.874988392945177,0,2,5,11,14,18.571428571428573,0,11.4,0.9,-1.13,Graduate
1,13,1,4065,1,2,128.3,33,2,27,3,4,156.0,1,0,0,1,0,0,25,0,0,5,7,3,14.700300697162564,0,2,6,17,4,16.71662401285046,0,13.6,-0.3,-1.23,Graduate
1,56,1,9985,1,1,128.5,79,43,11,6,1,154.2,1,0,0,1,0,0,25,0,0,9,7,6,17.450691267387867,0,2,8,2,4,16.412693586826112,0,12.8,0.7,-2.83,Graduate
1,2,1,9408,1,1,167.7,62,17,3,4,9,153.7,1,0,0,1,0,1,18,0,0,5,3,6,18.600823791214474,0,1,6,4,6,18.571428571428573,0,12.7,-0.7,0.85,Dropout
1,57,3,9948,1,7,117.5,59,21,44,8,12,152.7,1,0,0,1,0,1,31,0,0,7,11,1,2.003555762029356,0,5,7,11,0,6.6187542060987745,0,14.2,0.5,-0.45,Dropout
1,25,1,8868,0,1,133.6,59,26,20,4,12,155.6,1,0,0,1,1,1,28,0,0,7,11,17,18.87494180510817,0,2,8,18,18,18.571428571428573,0,14.2,-0.1,-2.25,Graduate
1,42,1,9529,1,2,132.2,3,44,44,2,7,153.1,0,0,0,0,0,0,23,0,0,5,13,3,14.793420097885727,0,4,5,24,4,17.992178701401823,0,9.4,3.0,-0.57,Enrolled
1,15,1,1835,1,1,117.9,23,10,27,5,5,148.9,1,0,0,1,1,0,21,0,0,2,0,1,0.5198430898178423,0,1,3,0,0,6.025052020703196,0,10.6,3.7,-0.38,Dropout
1,1,4,9910,1,2,125.8,6,41,34,7,7,149.5,0,0,0,1,1,0,18,0,0,5,5,7,18.817359224010957,0,1,5,4,2,14.267521970551357,0,9.5,-0.8,3.39,Graduate
1,1,1,9772,1,1,140.5,40,18,2,4,11,152.9,1,0,0,1,0,1,18,0,0,5,6,18,18.87499207338567,0,2,6,19,20,18.571428571428573,0,12.7,0.4,-0.11,Graduate
1,40,1,8863,1,1,105.1,55,2,16,1,0,147.4,0,0,0,1,1,0,62,0,0,6,9,4,16.88006637126558,0,2,6,14,2,13.750454767415249,0,13.9,-0.6,-1.93,Dropout
1,1,1,8382,1,1,124.4,75,37,37,18,23,153.4,0,0,1,1,1,0,18,0,0,10,14,14,18.874873240043062,0,2,9,29,14,18.571428571428573,0,14.9,1.3,-0.4,Dropout
1,45,1,9245,1,1,165.5,82,39,2,8,15,164.0,0,0,0,1,0,0,18,0,0,4,4,0,0.03146116222859969,0,1,4,3,0,6.651087613484074,0,11.1,1.3,-1.93,Graduate
1,16,1,9379,1,1,125.6,55,41,2,6,17,150.6,1,0,0,1,0,0,26,0,0,7,8,1,3.3884600713980793,0,1,6,15,0,1.9021883578399563,0,9.8,-0.0,1.55,Dropout
1,50,1,9841,1,2,111.0,8,11,2,6,3,161.2,1,0,0,1,0,0,31,0,0,8,14,11,18.862455462015888,0,1,9,20,11,18.571428571428573,0,11.4,2.8,1.95,Graduate
1,2,1,3878,1,1,119.1,7,28,19,40,83,149.7,1,0,0,1,0,0,19,0,0,7,8,9,18.604799770255667,0,8,6,1,7,18.571428571428573,0,9.2,-0.5,2.74,Graduate
1,1,1,9804,1,1,129.6,41,2,2,1,3,155.7,0,0,1,0,1,0,25,0,0,9,6,8,18.346562611379312,0,3,9,9,6,18.531039047441055,3,12.0,-0.3,-1.18,Graduate
1,12,1,7949,1,1,135.3,75,13,12,12,17,153.8,1,0,0,1,1,0,31,0,0,12,18,20,18.874977256905822,0,12,10,29,5,18.187329039575555,0,10.2,1.5,-1.17,Graduate
1,1,5,8658,1,1,143.3,4,34,7,8,13,151.6,1,0,0,1,0,1,18,0,0,5,2,1,5.33149686368463,0,1,6,0,1,11.767501703564628,0,11.9,2.3,1.6,Graduate
2,12,2,2979,1,5,140.4,72,41,14,12,6,165.1,1,0,0,1,0,1,20,0,0,2,0,0,0.0059816686615627905,0,1,3,0,0,1.6355537084727558,0,14.1,2.4,2.73,Dropout
1,44,1,9920,1,1,124.5,39,43,44,12,15,171.2,0,0,1,1,1,0,19,0,0,8,11,7,18.52984522184826,0,3,7,13,2,16.464021594947063,0,10.1,-0.7,2.4,Dropout
1,37,1,7795,1,1,135.2,55,6,26,2,7,151.9,1,0,0,1,1,0,47,0,0,9,13,10,18.83428894497629,0,12,10,22,10,18.571428571428573,0,15.8,3.7,-0.43,Dropout
1,29,1,7064,1,1,108.4,100,27,5,1,1,151.9,1,0,0,1,1,0,20,0,0,7,7,1,0.5728259458934786,0,3,7,2,3,15.045606716088615,0,9.0,1.0,2.86,Graduate
1,53,4,7263,1,5,127.5,5,42,11,14,31,180.0,1,0,0,1,0,1,22,0,0,10,12,14,18.874255877237285,0,2,10,21,14,18.571428571428573,0,10.1,1.4,2.89,Graduate
1,10,1,6416,1,1,120.0,37,43,31,27,32,153.1,1,0,0,1,1,0,21,0,0,4,5,0,0.191697080020619,0,2,4,0,1,13.050974386199387,0,13.7,1.5,1.45,Enrolled
1,3,1,8979,1,1,146.2,30,26,43,8,10,152.3,1,0,0,1,0,1,18,0,0,8,9,13,18.87384285338016,0,4,8,19,9,18.571428571428573,0,8.9,3.7,3.44,Graduate
1,10,1,8805,1,1,133.6,67,33,13,5,11,153.1,1,0,0,1,0,1,18,0,0,11,12,26,18.874999954077303,0,7,11,23,18,18.571428571428573,0,12.4,3.4,-0.58,Dropout
4,53,1,4441,1,11,153.6,106,7,2,6,2,173.5,0,0,0,1,0,0,24,0,0,8,17,3,11.646275828136197,0,6,6,12,3,16.546407477306726,0,10.2,1.0,2.37,Graduate
1,54,1,7562,1,1,138.7,30,44,26,13,27,152.3,0,0,1,1,0,0,18,0,0,3,8,2,11.596254807270327,0,1,4,1,0,1.2361098237004768,0,14.8,3.7,-1.36,Dropout
1,11,2,9142,0,1,124.5,69,43,27,9,30,154.4,0,0,0,1,0,0,19,0,0,3,4,3,16.17108649057798,0,1,4,5,1,11.109271494713367,0,11.3,2.4,-0.1,Graduate
1,55,3,8913,1,1,148.7,15,1,2,5,9,175.3,0,0,0,1,1,0,20,0,0,6,7,0,0.15910251461068883,0,3,7,12,2,14.163297231930345,0,16.0,1.6,-3.88,Graduate
1,7,1,8925,1,1,134.7,51,1,44,2,13,159.6,0,0,0,1,1,0,18,0,0,8,8,10,18.8653745399222,0,2,8,2,8,18.571428571428573,0,15.9,-0.0,-3.96,Dropout
1,1,1,9748,1,1,124.8,28,33,7,5,5,148.0,1,0,0,1,0,1,18,0,0,6,8,11,18.870861814258948,0,4,6,6,14,18.571428571428573,0,11.5,-0.5,1.23,Graduate
1,23,1,9229,0,3,139.8,4,36,12,7,16,161.4,0,0,0,1,1,0,18,0,0,9,9,2,3.4237773953094615,0,4,8,6,2,13.700823554978301,0,9.0,0.2,0.35,Dropout
1,4,1,9922,0,1,144.4,5,44,16,4,2,170.4,1,0,0,1,0,0,18,0,0,10,7,1,0.13680404938845483,0,6,10,1,1,5.713425738504661,0,13.5,0.1,2.0,Graduate
1,12,1,4788,1,1,125.7,42,27,5,1,0,159.8,0,0,0,1,0,1,26,0,0,3,9,0,0.007019281947377521,0,2,2,6,0,0.6641269418431014,0,10.4,0.1,-2.03,Dropout
1,2,4,9211,1,1,151.4,28,44,42,3,12,162.8,1,0,0,1,0,0,18,0,0,6,4,2,3.616091576790505,0,1,6,11,2,13.830773136160877,0,8.9,2.7,2.74,Graduate
1,6,2,8555,1,1,128.6,85,34,3,6,5,156.3,1,0,0,1,0,0,18,0,0,7,5,2,10.318467443330489,0,2,7,2,0,2.3452565065649464,0,10.6,1.3,-0.27,Enrolled
1,53,2,9470,0,2,125.4,21,15,32,2,4,163.8,1,0,1,1,1,0,40,0,0,11,14,20,18.874993858998188,0,8,9,11,5,18.01462309983605,0,14.4,-0.3,-0.78,Graduate
1,54,1,6689,0,1,136.8,32,24,41,1,2,155.6,1,0,0,0,0,0,40,0,0,10,17,3,9.372286974557358,0,12,8,2,1,9.916129961577784,0,11.6,1.0,-2.82,Graduate
1,16,1,9542,1,1,137.1,17,38,29,8,18,159.0,0,0,0,1,0,0,21,0,0,5,2,6,18.309233674411363,0,2,6,4,10,18.571428571428573,0,14.1,0.1,-3.42,Graduate
1,54,1,8532,1,1,134.7,13,2,6,4,4,154.8,0,0,0,1,1,0,19,0,0,7,9,10,18.8284308297389,0,5,8,7,6,17.786929374124234,0,12.4,2.9,-1.24,Graduate
1,57,1,9905,1,3,141.2,67,40,6,11,3,169.1,0,0,0,1,1,1,24,0,0,11,17,5,13.523426864919246,0,9,10,33,16,18.571428571428573,0,10.1,-0.8,2.48,Dropout
1,5,1,9581,0,4,131.4,24,43,27,2,1,153.8,1,0,0,1,1,0,47,0,0,4,7,2,12.577571759957868,0,2,3,1,0,4.929353803627357,0,14.2,0.6,-2.81,Dropout
1,17,2,8698,1,1,119.1,53,32,44,20,19,158.9,0,0,0,1,0,0,18,0,0,6,7,10,18.864555157561217,0,1,6,26,4,17.735523180322794,0,13.8,-0.2,1.33,Graduate
1,1,1,9763,1,1,132.7,9,29,17,10,28,147.6,0,0,0,1,1,0,18,0,0,10,11,10,18.79584603419827,0,5,11,15,10,18.571428571428573,1,11.2,-0.5,-0.01,Graduate
1,43,2,6181,1,3,137.7,36,4,21,24,14,153.5,0,0,0,1,1,0,19,0,0,5,11,3,12.882177606721347,0,1,4,10,5,18.571428571428573,0,10.5,1.4,-0.09,Enrolled
1,1,1,7325,1,2,117.4,13,1,2,2,0,150.6,0,0,1,0,1,0,20,0,0,5,14,13,18.87440610470135,0,3,6,27,6,18.571428571428573,0,15.7,0.8,-2.05,Dropout
1,23,1,9238,0,13,135.4,47,2,31,3,5,178.5,0,0,0,1,1,0,22,0,0,7,7,3,10.254935450033114,0,7,5,2,3,17.483385663844345,0,14.2,-0.7,-1.33,Graduate
1,2,1,9765,1,1,146.8,6,21,2,3,13,155.4,0,0,0,1,0,0,21,0,0,6,7,5,18.020017730181394,0,2,5,12,1,12.576667870235072,1,14.3,1.9,-3.61,Graduate
1,12,1,9899,1,1,125.4,9,22,2,5,59,154.1,0,0,0,1,0,1,33,0,0,7,10,4,16.62554343898182,0,4,8,13,7,18.571428571428573,0,12.5,-0.3,1.91,Dropout
1,11,2,7629,1,1,138.7,16,16,2,4,8,159.0,1,0,0,1,0,0,18,0,0,6,8,8,18.791781487509873,0,4,7,10,12,18.571428571428573,0,12.5,-0.3,1.84,Graduate
1,53,1,9635,1,1,127.2,14,44,43,9,2,155.2,0,0,0,1,0,1,18,0,0,7,11,8,18.830439822775396,0,2,8,15,5,18.349843978579788,0,13.6,-0.0,0.49,Graduate
1,1,2,9791,1,1,127.1,12,37,18,3,4,150.6,0,0,0,1,0,0,18,0,0,6,15,24,18.87499999990597,0,1,7,33,20,18.571428571428573,0,12.9,-0.3,-3.0,Enrolled
1,5,1,7745,1,1,124.5,8,44,44,26,23,149.8,1,0,0,1,0,1,19,0,0,7,5,2,2.927682768480271,0,3,7,1,4,17.300980851391124,0,11.6,3.3,2.11,Graduate
1,24,1,9905,1,1,115.5,6,17,44,3,6,148.4,1,0,0,1,1,0,30,0,0,8,6,2,10.955771554709328,0,2,7,1,2,13.999766759052829,0,9.8,0.3,-2.94,Graduate
1,56,1,9853,1,7,109.2,49,42,42,39,18,156.0,1,0,0,1,0,0,38,0,0,7,11,7,18.74207323170081,0,8,6,8,3,16.062958871464517,0,9.8,1.1,3.33,Graduate
1,49,3,5897,1,1,141.3,40,27,16,8,10,151.4,0,0,0,1,1,0,18,0,0,6,10,1,0.5562936178092559,0,3,7,12,1,10.20565212305829,0,12.2,1.0,0.29,Dropout
1,23,1,5259,0,1,137.3,96,35,3,3,4,161.0,1,0,0,1,1,0,19,0,0,5,6,1,1.3984729197209382,0,3,4,0,0,1.9789567549365805,0,15.2,-0.4,-3.09,Graduate
1,42,3,9655,1,1,149.5,86,2,3,11,10,155.6,0,0,0,1,0,0,18,0,0,4,8,1,1.9721739916656198,0,1,5,2,0,7.418958535908038,0,13.5,-0.8,1.42,Graduate
1,33,1,9356,1,2,127.6,45,43,32,8,5,157.7,1,0,0,1,0,0,25,1,0,10,10,7,18.051972493231943,0,8,10,9,5,17.226407649691538,0,13.7,0.5,-2.72,Dropout
1,51,1,9863,0,2,124.4,93,1,11,13,25,154.4,0,0,0,1,0,0,18,0,0,7,5,4,17.21551257972582,0,2,7,7,1,11.572678299047656,0,10.5,2.9,2.17,Enrolled
1,57,1,9308,1,2,125.7,57,38,35,15,16,149.5,0,0,1,0,1,0,26,0,0,7,6,1,5.001444816711605,0,3,7,4,2,12.985482340717834,0,10.5,1.2,2.72,Graduate
1,8,5,6587,1,1,144.9,47,44,20,1,2,160.4,1,0,0,1,0,1,18,0,0,3,2,0,0.04306922300184272,0,3,4,4,1,9.50814335916379,0,10.0,-0.7,-2.48,Graduate
1,55,1,7266,1,2,121.4,6,5,5,5,9,154.9,1,0,0,1,0,0,52,0,0,10,17,5,15.663228382793777,0,10,8,20,4,18.084726308074472,0,15.7,0.7,-2.29,Dropout
1,3,1,8296,1,1,130.0,28,37,21,3,5,157.5,0,0,1,0,1,0,18,0,0,6,9,6,18.162220301551955,0,5,5,23,6,18.571428571428573,0,12.6,-0.2,-0.69,Dropout
1,55,2,9966,1,1,137.4,50,44,44,4,12,170.3,0,0,0,1,1,0,18,0,0,5,7,13,18.874914653222017,0,1,5,33,6,18.571428571428573,0,10.0,3.2,2.79,Graduate
1,22,1,7646,1,2,147.1,95,13,36,33,17,159.3,1,0,0,1,0,0,18,0,0,10,7,2,2.0660585355287298,0,6,9,3,1,6.65456874215918,2,12.3,-0.5,1.76,Graduate
1,1,1,9878,1,1,116.9,84,31,44,9,7,152.4,0,0,1,1,0,1,18,0,0,10,18,21,18.87499625168564,0,7,10,32,19,18.571428571428573,0,9.2,-0.2,0.85,Graduate
1,31,6,6615,1,1,124.1,32,43,33,1,8,157.0,0,0,1,1,0,0,18,0,0,4,8,2,13.91601896141797,0,1,5,4,3,16.37965173635699,0,9.4,-0.8,-3.73,Dropout
1,27,2,7417,1,1,134.1,25,44,32,6,4,150.6,0,0,0,0,0,0,18,0,0,6,14,5,18.634660519353844,0,2,7,16,4,16.834190080690142,0,9.8,-0.8,-1.98,Enrolled
2,25,1,9223,1,1,128.2,96,16,43,16,27,154.4,0,0,0,1,0,1,29,1,0,6,12,0,0.22289302692885002,0,4,6,7,0,4.85351307122577,0,12.9,-0.6,0.15,Graduate
1,1,1,9907,1,1,114.2,54,43,19,2,0,159.5,0,0,0,1,0,0,19,0,0,8,17,17,18.87497815797529,0,1,8,33,12,18.571428571428573,0,9.5,-0.3,1.38,Dropout
1,20,2,5707,1,1,116.8,19,4,3,22,9,154.2,1,0,1,1,0,1,18,0,0,5,14,9,18.869805277597703,0,2,6,16,5,18.571428571428573,1,12.4,-0.8,-2.24,Graduate
1,20,2,9717,1,1,146.2,35,44,44,4,10,168.9,1,0,0,1,1,1,19,0,0,4,8,4,17.60004470766257,0,1,4,17,3,17.406966365351668,0,12.0,0.4,-4.01,Graduate
5,17,3,9703,1,4,149.9,83,35,2,18,7,157.7,0,0,1,1,0,0,21,0,0,2,3,0,0.13606607718628982,0,1,1,2,0,8.151274258492387,0,14.4,-0.0,-2.72,Dropout
2,17,1,9922,1,1,141.2,29,17,2,3,1,154.8,1,0,0,1,0,1,18,0,0,11,14,19,18.874997562805294,0,6,12,28,4,17.119307629041,2,9.8,2.2,1.19,Graduate
1,53,1,7461,1,1,126.7,80,19,43,20,15,155.4,0,0,0,1,0,0,19,0,0,4,7,5,18.655116883674665,0,1,4,6,1,9.302928497350162,0,9.8,1.4,-2.99,Enrolled
1,25,1,7926,1,2,145.3,78,34,36,8,8,152.9,0,0,0,1,0,0,21,0,0,4,5,0,0.011030630914405738,0,3,5,3,1,9.707700676765556,0,9.3,-0.4,3.47,Graduate
1,52,1,9968,1,2,125.1,18,42,44,3,1,152.4,0,0,0,1,1,1,18,0,0,8,8,4,14.43891337592181,0,2,7,11,4,16.91352150342592,0,9.4,1.8,1.83,Dropout
1,21,2,9459,1,3,148.9,17,33,2,6,5,158.9,1,0,0,1,1,0,19,0,0,5,9,1,4.29446283362989,0,3,5,1,0,3.1641024232664328,0,13.5,0.7,-1.58,Graduate
1,1,3,9708,1,1,118.2,16,29,23,8,18,151.9,1,0,0,1,0,0,18,0,0,6,7,6,18.786612182883687,0,1,7,4,8,18.571428571428573,0,13.1,0.0,1.9,Dropout
1,10,1,9269,1,1,163.1,15,18,7,13,4,162.3,0,0,0,1,1,0,18,0,0,7,7,1,2.2856376418900264,0,3,7,2,3,16.476568931373873,0,11.9,-0.5,-2.72,Enrolled
1,4,1,8904,1,1,118.5,2,5,6,4,7,154.5,0,0,0,1,1,0,18,0,0,4,8,2,14.511045587393038,0,4,3,6,1,11.198985373668819,3,9.8,0.1,1.69,Graduate
1,29,1,9067,1,2,114.8,14,29,41,1,5,150.6,1,0,0,1,0,0,22,0,0,11,21,10,18.853306283029337,0,7,11,20,12,18.571428571428573,0,10.5,-0.2,-1.37,Graduate
1,40,1,8864,1,1,121.5,34,1,4,10,18,152.2,0,0,0,1,1,0,18,0,0,10,15,15,18.874671720689182,0,5,9,33,8,18.571428571428573,0,12.2,1.5,-1.91,Enrolled
1,1,1,8921,1,2,137.3,31,7,38,1,0,167.2,1,0,0,1,0,0,22,0,0,4,2,2,7.990232325032474,0,1,4,1,0,6.170634571297807,0,10.6,0.7,-2.61,Graduate
1,56,1,6926,0,3,133.0,53,10,17,10,9,166.5,1,0,0,1,0,0,38,0,0,7,11,6,18.198078096461618,1,3,7,13,2,14.023658611581046,0,12.1,1.6,-2.72,Dropout
1,31,1,9598,1,1,120.5,16,10,43,5,3,147.9,1,0,0,0,0,0,35,0,0,4,2,9,18.791404684176836,0,1,3,12,10,18.571428571428573,0,11.4,0.6,-1.6,Dropout
2,10,1,9925,1,1,127.1,3,5,38,8,7,165.6,0,0,1,1,1,0,42,0,0,6,8,0,0.055181291905215896,0,2,6,3,1,11.501479360719909,0,14.7,1.3,-2.74,Dropout
2,2,1,9083,1,1,123.0,39,5,44,4,5,149.7,1,0,1,1,1,0,20,0,0,3,3,0,0.007620116520683467,0,2,3,0,0,0.5718684386347197,0,9.3,0.4,3.17,Enrolled
1,1,1,9800,1,3,145.5,31,2,4,28,23,155.0,0,0,0,1,1,0,18,0,0,9,7,17,18.874866371781014,0,5,8,7,18,18.571428571428573,0,9.6,3.7,2.22,Graduate
1,36,6,9763,1,1,140.7,78,1,2,7,13,158.6,1,1,0,1,0,1,18,0,0,8,11,26,18.874999999890715,0,3,7,33,20,18.571428571428573,0,13.8,-0.8,-0.64,Graduate
1,10,1,8406,1,4,133.2,5,12,44,7,8,168.2,1,0,0,1,0,1,19,0,0,3,8,4,17.795299854716244,0,1,3,3,4,18.11664571617107,0,11.6,1.3,-1.02,Dropout
1,53,1,5102,1,7,119.7,68,25,11,12,7,150.2,1,0,1,1,1,0,19,0,0,4,5,0,0.03708220696357231,0,2,3,0,0,2.2764743501289217,0,11.1,0.6,2.49,Dropout
1,37,1,9840,1,2,140.5,17,6,5,8,28,165.5,1,0,1,1,0,0,26,0,0,13,18,10,18.81658182866822,0,8,11,25,5,18.26549596287772,0,13.5,1.6,-2.57,Enrolled
1,12,1,9175,1,1,124.0,63,23,3,4,15,154.2,1,0,1,1,0,0,21,0,0,6,5,0,0.024151710632507574,0,1,5,1,0,2.465922204537359,0,16.2,2.8,-3.09,Dropout
2,28,1,6945,1,1,117.7,19,35,21,34,27,154.0,1,0,0,0,0,0,18,0,0,2,4,0,0.020187151817521606,0,1,2,0,0,2.487079507011882,0,10.7,-0.7,0.64,Dropout
1,1,3,9346,1,1,138.7,70,16,2,8,7,154.0,1,0,0,1,1,0,18,0,0,4,5,2,5.753929677158889,0,1,5,1,0,3.6505091936317102,0,11.8,-0.7,-2.84,Graduate
1,14,6,9811,1,1,131.1,5,2,14,3,1,152.2,1,0,0,0,1,1,18,0,0,8,9,10,18.84467085323013,0,1,8,20,5,17.586780406425813,0,9.1,2.9,1.56,Dropout
1,53,4,9991,1,2,143.0,37,42,9,17,21,153.8,1,0,0,1,1,0,20,0,0,8,12,1,3.535292015667537,0,2,9,22,3,15.958389725967173,0,9.2,0.7,-0.48,Dropout
1,10,1,7054,1,1,132.2,4,35,28,7,16,156.5,1,0,0,1,0,0,18,0,0,3,2,6,18.294420405235936,0,2,4,2,4,17.439914837858545,0,9.9,1.0,2.97,Graduate
1,31,1,9901,0,1,128.3,79,42,39,7,39,150.4,1,0,0,1,0,0,20,0,0,4,10,3,16.511899872569913,0,1,4,3,2,14.977371131068091,0,9.6,3.1,2.67,Graduate
1,26,1,9506,1,1,141.8,40,2,7,2,0,166.3,0,0,0,1,0,1,18,0,0,9,16,5,16.912578926644198,0,4,9,23,4,17.171466620223637,0,13.4,-0.7,-3.22,Graduate
1,34,3,9851,1,2,136.8,95,18,21,30,20,149.3,1,0,0,1,1,0,33,0,0,11,13,5,18.252164891748894,0,3,10,21,2,14.640524706575802,0,9.5,2.9,2.86,Enrolled
1,6,1,9048,1,1,149.6,46,42,36,3,12,155.5,1,0,0,1,0,1,18,0,0,9,12,1,3.526700446958386,0,5,8,8,2,15.813419537761083,0,9.1,3.0,1.68,Dropout
1,28,1,4354,1,1,126.0,3,37,9,3,18,150.5,1,0,0,1,1,0,18,0,0,4,11,1,2.901892194607978,0,1,4,15,0,5.479433129077942,0,9.5,-0.1,1.66,Dropout
1,14,6,7392,1,1,144.0,47,26,37,9,20,152.0,1,0,0,1,0,0,18,0,0,3,2,12,18.873370275930338,0,1,6,1,12,18.571428571428573,0,13.3,1.4,-0.48,Dropout
1,47,5,9225,1,2,134.3,2,20,38,16,26,159.3,1,0,0,1,0,0,18,0,0,9,12,5,14.675945597461638,0,3,9,20,4,17.210280892443674,0,11.4,-0.8,-2.69,Dropout
1,4,4,9684,1,3,129.4,22,3,4,1,2,151.2,1,0,0,1,1,0,18,0,0,8,11,3,14.76134976505042,0,5,8,14,2,15.849717098624899,0,9.9,-0.8,-2.12,Graduate
1,3,1,8411,1,1,122.3,18,38,19,12,11,167.4,1,0,0,1,0,1,18,0,0,8,9,12,18.86899085622586,0,4,8,6,14,18.571428571428573,0,9.8,-0.6,-2.07,Graduate
2,38,2,8437,1,1,135.9,13,44,18,20,23,157.1,0,0,0,1,1,0,18,0,0,6,12,9,18.868705219409417,0,1,5,31,6,18.571428571428573,0,9.0,2.3,3.42,Dropout
1,41,1,9579,1,1,119.8,10,40,41,15,21,159.6,0,0,0,1,0,1,35,0,0,2,3,4,17.142832098969684,0,1,3,5,7,18.571428571428573,0,10.0,0.2,-0.27,Graduate
1,52,1,5094,1,1,123.2,8,43,22,12,3,153.6,1,0,0,1,0,0,26,0,0,4,5,1,1.5267486062918936,0,2,5,6,3,16.305278200536822,0,11.9,-0.2,2.35,Graduate
5,15,1,9761,1,1,139.9,28,39,20,7,5,154.4,1,0,0,1,0,1,19,0,0,8,6,8,18.73468347598248,0,4,8,5,5,18.297322230140587,0,12.4,-0.2,-1.94,Graduate
1,2,1,5422,1,1,139.3,21,14,30,8,5,161.1,0,0,0,0,0,0,19,0,0,3,4,0,0.006578247852580148,0,1,2,1,0,0.7889702459156225,0,10.5,-0.5,0.78,Dropout
5,45,1,8178,1,1,137.5,26,2,7,2,8,152.2,1,0,0,1,0,0,20,0,0,7,7,1,4.040978910438182,0,3,7,15,1,12.715260405878281,0,9.6,2.0,2.0,Graduate
1,27,1,9918,1,1,117.7,15,44,41,2,6,149.4,1,0,0,1,0,1,19,0,0,5,3,0,0.0712245242629204,0,3,6,1,0,6.554563225830632,0,14.1,0.8,-2.54,Graduate
1,3,1,9990,1,1,125.2,15,33,36,2,2,149.1,1,0,0,1,0,1,21,0,0,11,12,18,18.87499597937745,0,3,9,33,18,18.571428571428573,0,9.0,2.8,2.23,Graduate
1,43,1,8606,1,1,123.5,10,31,8,10,3,147.6,0,0,0,1,0,0,18,0,0,8,9,8,18.56771020629597,0,7,9,21,20,18.571428571428573,0,10.5,3.2,1.09,Graduate
1,12,1,7268,1,1,137.1,15,43,34,8,19,152.0,1,0,0,0,0,0,27,0,0,5,3,0,0.007260450483266475,0,5,7,0,0,0.8754236274550667,0,9.9,-0.6,1.11,Graduate
1,13,1,9161,1,2,156.7,12,14,2,6,4,152.6,0,0,0,1,0,0,19,0,0,9,7,8,18.803779274115033,0,3,8,4,9,18.571428571428573,0,14.0,1.9,3.02,Graduate
1,44,3,9652,1,2,139.4,3,26,27,6,6,160.2,0,0,0,1,0,0,33,0,0,7,10,7,18.8427769076031,0,2,7,10,2,14.499299782395134,0,11.2,1.2,1.19,Enrolled
1,11,1,8114,0,1,131.4,5,41,9,11,2,151.8,0,0,0,1,1,1,29,0,0,4,3,1,1.1094920232065335,0,1,4,1,0,8.749435854454077,0,10.6,-0.6,-3.59,Dropout
1,57,2,9979,0,1,129.5,69,1,37,13,15,149.9,0,0,0,1,1,0,20,0,0,12,19,3,10.04427824236184,0,11,12,23,2,12.15162446768513,0,10.8,3.5,-2.57,Graduate
1,33,3,9984,1,5,147.0,29,43,11,19,17,157.8,1,0,0,1,0,0,18,0,0,11,8,12,18.857123318031128,0,2,10,7,8,18.571428571428573,0,9.9,0.4,2.07,Graduate
1,1,2,4031,1,1,133.3,9,24,44,10,6,149.0,1,0,0,1,0,0,19,0,0,3,9,1,1.3682279293782187,0,1,4,5,1,11.449916139801687,2,12.4,3.7,-0.16,Dropout
1,3,3,9332,1,1,138.8,68,44,36,19,7,157.4,1,0,0,1,0,0,26,0,0,8,13,15,18.874962974457034,0,3,9,26,10,18.571428571428573,0,9.0,2.5,2.18,Graduate
1,13,1,9639,1,1,118.0,71,38,2,6,10,152.2,0,0,0,1,0,0,36,0,0,0,1,0,0.00925431842699884,0,1,0,2,0,0.2311400836415785,0,10.6,2.4,-0.17,Graduate
1,19,1,9928,1,1,106.5,37,6,7,5,9,153.7,1,0,0,1,0,0,26,0,0,4,12,1,6.413991904975799,0,3,5,1,2,16.171385565184085,0,12.3,2.3,0.2,Graduate
1,7,1,9733,1,1,120.3,48,2,7,5,10,148.0,1,0,0,1,0,0,24,0,0,6,6,0,0.0862002416795399,0,1,6,3,0,3.4465421898117286,0,14.2,-0.8,-4.06,Dropout
1,8,1,7060,1,1,142.3,107,39,9,7,6,158.7,0,0,0,1,0,0,34,0,0,5,5,0,0.011067758821584544,0,1,6,3,0,4.566694675781005,12,12.7,0.5,0.15,Graduate
1,5,1,7715,1,1,122.3,40,39,35,2,1,147.3,0,0,0,1,0,0,18,0,0,7,8,2,4.2006453400067505,0,3,6,3,2,12.273126806672064,1,9.2,0.4,-2.26,Graduate
1,31,4,4702,1,1,119.9,13,43,44,7,11,147.2,1,0,0,1,0,1,18,0,0,6,7,7,18.646622710566593,0,2,6,6,7,18.571428571428573,0,8.9,1.2,2.19,Graduate
1,17,1,8349,1,1,134.6,25,27,31,24,40,149.1,1,0,0,1,0,1,22,0,0,7,10,13,18.874656552076317,0,5,7,19,14,18.571428571428573,0,11.6,-0.7,-3.96,Dropout
1,53,4,7196,1,1,141.5,32,3,44,3,4,161.4,0,0,0,1,1,0,21,0,0,4,6,0,0.007056231956102505,0,2,4,1,0,1.1431678215338343,0,12.8,3.2,1.37,Graduate
1,56,1,9714,1,1,113.3,12,33,2,14,20,152.3,0,0,0,1,0,0,18,0,0,7,10,1,0.5094027058134709,0,3,7,7,0,8.118303360067557,0,11.0,3.7,1.47,Enrolled
1,30,6,7161,1,1,124.7,27,13,2,8,12,149.8,1,0,0,1,0,0,18,0,0,9,13,11,18.848845153206025,0,4,10,17,13,18.571428571428573,0,14.0,1.2,2.45,Graduate
1,3,1,9219,1,2,130.6,11,33,19,1,0,153.2,0,0,0,1,0,0,19,0,0,9,10,8,18.85355815165942,0,2,8,17,4,18.241257607673553,0,8.9,0.3,2.13,Enrolled
1,39,1,9751,1,1,140.1,57,3,44,19,37,156.8,1,0,1,1,1,0,35,0,0,7,12,3,13.239299215861877,0,6,6,9,0,6.175989916531201,4,10.7,3.7,2.36,Dropout
1,2,2,6695,1,1,126.8,15,22,2,3,2,154.1,1,0,0,1,0,1,18,0,0,4,7,1,6.146641546800878,0,1,4,4,1,10.149790546709886,0,14.2,0.6,-1.07,Graduate
1,20,1,8091,1,1,139.5,93,41,34,14,12,152.5,1,0,0,1,0,0,18,0,0,4,4,4,16.393567868228157,0,3,4,2,6,18.571428571428573,0,9.4,-0.6,-0.68,Graduate
1,2,2,9963,1,1,120.1,29,28,4,9,10,158.0,0,0,1,1,0,0,18,0,0,11,16,14,18.87321791213313,0,4,10,33,3,16.989024366204294,0,8.9,-0.7,2.72,Dropout
2,1,1,3512,1,1,144.2,75,1,2,2,2,159.1,0,0,0,1,0,1,21,1,0,8,11,5,15.281159641574263,0,10,8,17,7,18.571428571428573,0,9.0,1.4,2.41,Graduate
1,35,1,7157,1,3,144.8,19,41,2,19,4,153.8,1,0,0,1,0,0,18,0,0,2,4,0,0.016949463581355413,0,1,2,0,0,4.56820287735595,0,9.0,0.3,3.37,Dropout
4,46,3,9683,1,1,138.1,48,3,44,16,27,150.1,1,0,0,1,0,0,20,0,0,6,9,2,11.235864498494895,0,7,7,8,5,18.571428571428573,0,11.5,-0.8,0.96,Graduate
1,14,1,6114,1,1,143.1,103,16,5,21,19,170.3,0,0,1,1,1,0,20,0,0,4,9,2,9.533121816479792,0,2,3,4,0,7.3041965195904295,0,15.6,-0.1,-4.01,Graduate
1,21,1,6727,1,1,122.0,67,2,6,1,0,159.3,1,0,1,0,1,0,25,0,0,4,7,0,0.8876820364789851,0,1,5,1,1,11.803987806217433,0,9.0,-0.0,0.8,Enrolled
1,48,4,8772,1,1,155.7,90,35,22,6,3,158.6,0,0,0,1,0,0,18,0,0,10,20,23,18.87499996197896,0,7,10,33,20,18.571428571428573,0,15.5,-0.3,-3.87,Graduate
1,56,1,7820,1,2,125.9,29,22,44,13,24,152.2,1,0,1,1,1,0,22,0,0,6,11,8,18.841471274366363,0,3,5,11,4,17.42636418074065,0,9.9,-0.6,0.06,Dropout
1,47,1,6821,1,1,135.5,38,12,44,3,5,151.1,1,0,0,1,0,0,18,0,0,2,3,0,0.042513786553605756,0,1,2,1,0,3.382883510988177,0,9.4,0.7,1.59,Enrolled
1,48,1,8241,1,3,123.5,61,38,16,4,4,155.2,1,0,0,1,0,0,18,0,0,5,5,0,0.006422927670682065,0,2,6,1,0,3.8398790435861963,0,10.7,2.6,2.53,Graduate
1,1,4,6727,1,1,138.1,27,43,2,10,8,161.5,1,0,0,1,0,0,18,0,0,9,9,2,2.018968928173073,0,4,10,2,3,14.26487631442574,0,12.9,3.7,-2.06,Graduate
4,33,2,9713,1,1,114.7,33,44,44,8,20,152.1,0,0,0,1,0,0,31,0,0,6,12,16,18.874988040060774,0,1,7,30,11,18.571428571428573,0,12.7,-0.7,-0.55,Graduate
1,29,1,7896,1,1,137.3,91,26,2,1,0,165.2,1,0,0,1,0,0,19,0,0,4,4,4,17.296727791595572,0,1,5,5,2,15.174224743670319,2,9.9,0.0,0.38,Dropout
1,56,1,7268,1,4,154.1,25,15,44,8,20,161.3,0,0,0,1,0,0,46,0,0,4,6,3,16.108427076012287,0,1,3,3,5,18.571428571428573,0,14.8,3.7,-2.11,Enrolled
1,1,1,3692,1,1,141.6,63,42,44,6,4,153.8,1,0,0,1,0,0,18,1,0,6,10,2,8.612780946786799,0,5,6,7,1,9.247353436993572,0,9.1,-0.2,1.46,Graduate
1,2,5,9725,1,1,131.1,10,44,44,7,14,151.0,1,0,0,1,1,1,18,0,0,8,5,7,18.40848137824915,0,2,9,8,13,18.571428571428573,0,9.5,2.6,-1.16,Graduate
1,6,1,8240,1,1,115.5,38,26,37,10,16,150.8,0,0,0,1,0,0,19,0,0,6,10,5,17.36618922857703,0,3,6,6,1,11.17322941999873,0,8.9,3.2,3.38,Enrolled
1,2,2,9668,1,1,144.4,7,30,2,17,12,170.9,1,0,0,1,0,0,18,0,0,7,11,8,18.832667638114586,0,1,7,12,8,18.571428571428573,0,16.2,-0.4,-4.06,Dropout
1,2,4,4442,1,1,110.4,106,41,6,14,28,156.2,1,0,1,0,0,1,27,0,0,3,5,2,8.337092186596607,0,3,3,4,4,18.251616028589474,0,10.9,-0.2,2.66,Graduate
1,27,4,6542,1,1,143.6,6,1,2,5,11,160.6,0,0,0,0,0,0,18,0,0,7,5,2,12.922429878673489,0,5,8,9,3,16.646595984845437,0,11.6,1.9,-0.04,Enrolled
1,8,1,5765,1,1,144.0,39,6,4,9,30,154.6,1,0,0,1,0,0,18,0,0,6,4,2,4.730150347850602,0,3,7,1,2,14.318566844365066,0,12.7,-0.8,-2.88,Graduate
1,31,1,8239,1,1,168.1,97,2,2,11,36,171.5,0,0,1,1,0,1,18,0,0,3,6,2,13.505652262519444,0,1,3,2,2,17.043449477545472,0,14.5,2.0,-0.89,Graduate
1,14,4,8292,1,2,98.2,35,44,7,5,1,156.8,0,0,0,1,0,0,28,0,0,3,4,0,0.2069771207496695,0,2,2,1,0,5.432683841790711,0,12.5,-0.7,-3.87,Graduate
1,1,4,9384,1,1,164.1,4,43,44,3,7,155.1,1,0,0,1,1,1,18,0,0,8,5,5,16.880549790747384,0,1,8,13,5,17.576641999003424,0,9.7,1.9,-0.96,Graduate
1,1,1,8219,1,1,147.3,17,41,3,3,5,150.8,0,0,0,1,0,0,28,0,0,8,15,6,18.29427855405658,0,4,6,16,3,16.928759877503577,0,12.7,1.1,-3.93,Dropout
4,54,1,9025,1,1,142.0,91,11,2,12,4,157.9,0,0,1,1,0,0,19,0,0,4,1,0,0.1527541990145804,0,6,4,0,1,11.049418290762562,0,15.7,3.7,0.33,Graduate
1,37,5,8432,1,1,125.4,53,24,34,6,5,159.6,0,0,0,1,0,0,33,0,0,7,9,1,4.883590433751567,0,1,5,8,0,9.647397517023665,0,10.6,-0.6,-3.06,Enrolled
1,36,3,9597,0,1,128.1,43,8,15,2,3,152.9,1,0,0,1,0,1,18,0,0,9,10,19,18.874998041694248,0,3,10,12,17,18.571428571428573,0,11.5,-0.6,3.36,Graduate
1,32,1,8851,1,1,119.2,50,10,17,5,1,149.7,1,0,0,1,0,1,19,0,0,7,13,11,18.865293710328977,0,2,8,18,12,18.571428571428573,0,9.1,1.3,2.18,Graduate
1,1,2,9737,1,1,104.0,44,21,20,1,6,148.3,1,0,0,1,0,1,18,0,0,8,5,5,17.078214719628274,0,2,8,12,11,18.571428571428573,0,9.2,-0.8,3.34,Graduate
1,5,1,7028,1,3,126.9,8,2,5,5,14,155.5,1,0,0,1,0,0,22,0,0,7,12,26,18.874999997749306,0,3,7,27,20,18.571428571428573,0,9.3,1.8,1.93,Graduate
1,16,2,9679,0,1,129.1,24,43,36,20,38,151.0,1,0,0,1,1,0,30,0,0,4,9,1,9.215536201259503,0,1,5,3,2,14.665866232505538,0,8.9,0.1,-2.05,Enrolled
1,4,1,6173,1,3,132.5,61,27,2,5,4,160.8,1,0,0,1,0,0,18,1,0,5,3,0,0.006132058761049274,0,1,6,0,0,1.6085848518124881,0,15.0,-0.8,-3.69,Graduate
1,55,1,8759,1,2,119.5,12,11,7,9,8,148.8,0,0,0,1,0,0,28,0,0,10,10,6,17.662750800500415,0,14,8,19,5,18.249893516494545,0,10.3,-0.1,-1.78,Graduate
1,56,3,9029,1,6,137.4,102,1,2,16,32,167.9,0,0,0,1,1,1,26,0,0,3,9,1,9.725128222162569,0,2,4,15,1,11.142820040452586,0,15.3,-0.8,-2.54,Graduate
1,14,1,5813,1,1,128.5,84,2,26,10,16,151.6,1,0,0,1,1,0,18,0,0,5,7,6,18.52154802319014,0,3,5,1,7,18.571428571428573,0,13.0,-0.2,1.31,Enrolled
1,1,1,9774,0,1,134.6,58,37,2,21,27,153.6,1,0,0,1,0,1,18,0,0,6,4,2,4.941735364657284,0,2,6,3,7,18.571428571428573,0,9.3,-0.7,2.31,Graduate
1,36,1,9058,1,1,174.0,71,18,6,6,8,160.5,1,0,0,1,0,0,19,0,0,8,8,4,14.919812111216437,0,3,8,12,2,11.724042441363348,0,14.3,0.0,0.29,Graduate
1,53,4,8188,1,7,146.2,35,6,4,2,5,163.0,1,0,0,1,1,0,18,0,0,8,6,9,18.817621060186227,0,7,9,4,3,15.527989931322017,0,11.4,-0.8,-0.11,Graduate
1,20,3,8784,0,1,142.2,3,42,21,8,8,148.9,1,0,0,1,0,0,18,0,0,5,0,2,10.412676387211018,0,1,5,1,1,12.743444547873066,0,10.8,2.6,1.63,Dropout
1,26,1,8597,1,1,111.0,12,8,31,3,5,150.4,1,0,0,1,0,0,23,0,0,3,6,1,1.6465612759182262,0,1,4,2,1,9.454320920387074,0,9.9,1.6,3.24,Graduate
1,22,1,7577,1,3,141.6,2,28,23,19,13,162.5,0,0,0,1,0,1,20,0,0,4,3,0,0.00904071666799513,0,1,5,0,0,8.851887238413909,0,9.7,2.6,2.36,Graduate
1,11,3,5631,1,1,134.7,92,31,30,38,44,158.5,1,0,0,1,0,0,19,0,0,6,14,8,18.58397887519935,0,2,7,15,10,18.571428571428573,0,12.8,0.8,0.17,Dropout
1,1,1,7600,1,1,143.1,65,29,38,2,3,167.7,1,0,0,1,0,0,21,0,0,2,0,0,0.4367104190486434,0,1,2,0,0,3.2605488356375116,0,9.1,1.6,2.3,Dropout
1,19,1,9712,0,6,127.4,3,7,7,4,16,150.4,1,0,1,0,0,1,27,0,0,8,7,2,6.379732232702781,0,4,7,5,2,16.117786093001488,0,11.0,-0.2,1.0,Graduate
1,26,1,9516,1,1,123.6,17,43,37,10,12,150.5,1,0,0,1,0,1,18,0,0,6,9,12,18.8651052418545,0,1,6,21,12,18.571428571428573,0,9.4,-0.0,2.28,Graduate
1,3,1,9963,0,1,137.3,68,43,16,9,4,152.0,1,0,1,1,0,1,18,0,0,13,14,7,17.95089805304853,0,7,11,18,4,17.03300286671326,0,9.0,1.0,3.2,Enrolled
1,1,1,9188,1,1,147.2,5,1,5,11,3,157.6,0,0,0,1,0,0,27,0,0,6,12,11,18.873810511655968,0,2,6,21,3,17.524143397811777,0,8.9,3.1,3.44,Graduate
1,43,1,8377,1,1,136.3,13,25,3,3,5,158.9,0,0,1,1,0,0,22,0,0,10,13,5,17.282816385850765,0,11,9,23,3,15.922498624971233,0,11.8,-0.7,2.0,Enrolled
1,44,1,8500,1,1,126.4,87,17,44,3,9,160.4,1,0,0,1,1,0,39,0,0,9,19,3,12.72636091598511,0,3,8,25,2,15.443343311864474,0,15.7,1.7,-1.85,Enrolled
2,56,1,9987,1,1,159.2,71,33,16,16,20,159.4,1,0,0,1,0,1,18,0,0,7,7,10,18.871920381076016,0,1,8,17,14,18.571428571428573,0,13.2,3.6,2.22,Graduate
1,56,1,9783,1,2,135.6,89,3,2,4,4,156.1,1,0,0,1,0,0,35,0,0,7,11,9,18.81847135152368,0,5,7,20,11,18.571428571428573,0,14.2,0.8,-2.14,Enrolled
1,51,1,8962,1,1,113.2,61,3,2,6,16,149.2,0,0,0,0,0,1,21,0,0,4,7,1,9.145316969320916,0,1,5,5,1,12.452494950210365,0,13.2,2.7,-1.58,Dropout
1,29,1,8541,1,1,135.1,68,40,12,16,20,162.9,1,0,0,1,0,0,18,0,0,8,11,0,0.08118068596412827,0,4,8,2,0,2.1067326571984,0,13.1,0.4,-2.39,Graduate
1,47,1,7918,1,8,119.3,28,37,2,24,20,155.1,1,0,0,1,1,0,26,0,0,5,8,11,18.85999690816717,0,5,5,1,2,14.579874741092118,0,12.8,-0.8,-0.66,Dropout
1,52,2,8079,1,2,128.9,35,9,2,3,5,152.7,1,0,0,1,1,0,27,0,0,7,6,1,0.686296813827194,0,2,7,6,1,7.992348609414428,0,15.2,2.5,0.21,Graduate
1,39,1,9788,1,1,138.7,55,17,28,5,19,150.2,0,0,1,1,1,0,18,0,0,6,3,0,0.06533111393915005,0,1,6,2,0,7.353635496630913,1,9.0,1.0,0.94,Enrolled
1,1,2,8602,0,1,124.1,37,33,29,4,5,148.6,1,0,0,1,0,1,20,0,0,7,9,7,17.476756702121758,0,3,6,12,3,14.575855143053507,0,9.9,1.8,-0.27,Dropout
1,56,5,8969,1,2,134.3,105,40,24,18,30,155.5,0,0,0,0,0,0,23,0,0,8,13,9,18.857549891586757,0,8,8,15,4,18.078925647583635,0,11.9,3.7,-0.72,Graduate
1,6,6,9314,1,1,130.1,105,18,40,2,1,163.8,0,0,0,1,1,0,34,0,0,6,5,3,10.359941735576351,0,2,7,8,4,16.41713795658455,0,9.4,0.6,-0.76,Dropout
1,1,1,8921,1,2,142.8,67,5,2,6,3,149.6,1,0,0,1,0,0,23,0,0,10,10,8,18.65245836633837,0,11,10,4,3,15.873214861857512,0,11.8,3.7,-1.59,Graduate
1,1,1,9635,1,1,147.1,66,25,4,2,15,168.6,1,0,0,0,0,0,21,0,0,7,9,1,0.746413813566279,0,2,7,8,1,9.021376418563609,0,9.4,-0.8,-0.13,Graduate
2,10,1,9322,1,1,137.9,2,5,17,6,8,160.6,0,1,0,1,0,0,30,0,0,6,7,3,12.799413034106196,0,3,6,7,3,16.73205152157729,0,10.7,2.3,-0.83,Dropout
1,57,6,9984,1,4,118.3,36,40,2,8,25,148.6,1,0,0,1,1,0,19,0,0,7,14,12,18.874709387296747,0,2,7,27,5,18.571428571428573,0,13.9,1.6,0.53,Dropout
1,1,1,8459,1,1,118.7,8,34,15,5,3,152.7,1,0,0,1,1,0,43,0,0,7,5,1,2.3083220109127676,0,1,7,1,1,10.744634586150104,0,10.9,3.7,-2.83,Graduate
1,23,4,6328,1,1,152.1,19,1,9,1,5,153.1,1,0,0,1,0,1,20,0,0,5,5,12,18.874492291653063,0,1,6,4,3,17.353115130184882,0,13.4,2.5,-1.59,Graduate
1,45,1,6134,0,3,161.1,55,43,19,22,36,179.4,0,0,0,0,0,1,26,0,0,6,11,0,0.22071931298948527,0,5,6,11,1,9.06216101197089,2,10.6,-0.2,1.46,Graduate
1,10,3,9265,1,1,119.8,26,44,41,20,10,150.7,1,0,0,1,1,0,22,0,0,5,7,0,0.39288752669361976,0,1,5,4,1,10.22164167229836,0,13.0,-0.1,-2.9,Enrolled
1,33,1,9705,1,1,120.2,4,4,30,44,27,147.5,1,0,0,1,1,0,30,0,0,5,7,1,7.140361561213727,0,1,5,2,0,6.633972820984083,0,10.8,3.7,0.64,Enrolled
1,51,2,9420,1,1,130.2,87,43,9,7,6,161.0,1,0,0,0,1,0,49,0,0,8,12,16,18.874985833346983,0,2,8,33,11,18.571428571428573,0,9.1,0.4,2.87,Dropout
1,56,1,9221,1,2,126.8,8,39,41,1,1,158.2,0,0,1,1,1,0,33,0,0,10,18,5,17.41727051391252,0,13,9,11,2,14.4301531381651,0,11.9,-0.5,-2.05,Dropout
4,39,3,9903,1,2,131.6,13,36,33,2,0,150.2,0,0,0,1,0,0,18,0,0,5,3,2,12.980468130129696,0,2,5,13,1,10.571721516136773,0,9.5,0.1,1.63,Graduate
1,10,2,7290,1,1,140.2,6,39,2,6,5,154.2,1,0,0,1,0,1,18,0,0,9,12,13,18.87031325519753,0,6,10,33,20,18.571428571428573,0,11.8,3.2,-2.37,Dropout
1,56,1,9978,0,2,119.7,99,5,2,2,9,151.9,0,0,0,1,0,0,37,1,0,6,6,1,1.487978728417113,0,2,5,11,2,15.328715207225224,0,11.7,-0.1,-1.36,Enrolled
1,50,1,9793,0,3,108.8,58,9,6,2,6,151.7,0,1,0,1,0,0,41,0,0,4,8,0,0.1291732022374078,0,1,4,5,0,1.6494245003996688,0,9.9,-0.0,0.24,Dropout
1,5,1,8984,1,1,115.6,24,22,35,2,1,151.0,1,0,0,1,0,1,21,0,0,5,6,3,16.126669503818526,0,1,5,9,1,12.594653311463784,0,15.0,0.0,-3.92,Dropout
1,57,1,7447,1,5,130.3,100,2,43,10,8,153.3,1,0,0,1,1,0,37,1,0,3,9,1,3.544817418458161,0,1,4,3,0,9.162527606472075,0,12.6,-0.4,1.11,Enrolled
1,56,1,9962,1,1,136.4,35,17,2,1,12,153.8,0,0,0,1,0,0,21,0,0,12,17,16,18.8748715753904,0,7,10,31,12,18.571428571428573,0,12.6,3.6,-1.32,Graduate
1,54,4,8526,1,5,137.6,107,34,5,4,7,155.4,1,0,0,1,0,1,22,0,0,8,9,7,18.769031284677325,0,6,9,5,11,18.571428571428573,0,11.9,0.9,0.61,Graduate
1,31,1,5939,1,1,138.3,59,44,44,7,15,156.5,0,0,0,1,0,0,19,0,0,5,8,6,18.186306277968587,0,3,6,17,3,15.901391984352339,0,12.9,0.3,2.39,Graduate
1,44,1,6959,1,2,134.8,105,22,2,1,0,162.7,0,0,0,1,0,1,30,0,0,4,5,0,0.006621279093864478,0,6,5,0,0,0.6112538180174274,0,15.2,1.7,-3.23,Graduate
1,57,1,4832,1,2,132.9,29,40,5,4,7,159.3,0,0,0,1,1,0,23,0,0,2,4,0,0.006747189246543443,0,2,2,1,0,2.313088146878016,1,12.3,-0.3,-3.26,Dropout
1,3,6,3067,1,1,130.0,9,4,37,11,20,151.5,1,0,0,1,0,0,18,0,0,4,5,1,5.31936950666975,0,1,5,0,2,15.302820451976002,2,12.1,3.2,0.92,Graduate
1,48,6,9745,0,1,137.6,8,41,44,4,4,154.8,0,0,0,1,0,0,26,0,0,3,4,0,0.08906630734015028,0,1,4,1,0,7.047866586557958,0,10.5,-0.8,0.11,Dropout
1,26,1,7309,1,1,144.4,41,16,39,2,3,165.7,0,0,0,1,0,0,22,0,0,9,12,12,18.850021777048855,0,4,8,30,9,18.571428571428573,0,10.8,2.3,1.99,Graduate
1,1,3,8099,1,1,118.9,103,3,6,12,3,149.4,1,0,0,1,0,1,18,0,0,9,8,3,14.41684001676839,0,3,8,8,2,14.116809863382535,0,13.6,-0.7,3.26,Enrolled
1,40,1,8912,1,1,127.0,97,12,16,20,25,159.3,0,0,0,1,1,1,19,0,0,6,7,0,0.2526093166240052,0,6,6,1,1,9.747039952775259,0,12.9,0.1,1.73,Graduate
1,13,1,8486,1,1,143.1,57,24,21,14,10,171.1,1,0,0,1,0,0,18,0,0,8,12,4,16.392338788052022,0,3,7,23,4,17.586576871367146,0,13.6,0.9,0.63,Graduate
1,7,1,8385,1,3,117.0,4,4,40,1,1,159.8,1,0,0,1,1,0,27,0,0,6,10,8,18.82216925647062,0,7,6,4,3,16.533740195851934,0,13.4,-0.8,-4.06,Graduate
1,17,1,9445,1,2,132.5,83,28,10,3,2,154.1,1,0,0,1,0,0,20,0,0,12,12,5,16.524164040523754,0,7,12,15,2,13.47677278103787,0,9.7,2.7,-0.47,Graduate
1,28,1,9464,1,2,136.0,96,41,4,12,1,148.4,1,0,0,1,0,0,38,0,0,6,8,1,4.962569317260931,0,2,5,5,0,5.1909203823078265,0,10.2,1.4,2.67,Dropout
1,9,1,7677,0,1,122.6,24,37,6,17,14,150.1,1,0,0,1,1,0,18,0,0,1,0,0,0.00622584630815812,0,1,2,0,0,1.202004482484138,0,9.4,3.7,3.3,Graduate
1,42,1,5412,1,3,131.9,10,44,24,1,0,154.6,1,0,0,1,1,0,21,0,0,5,6,0,0.20103428536611076,0,1,4,3,0,7.367100446847972,4,11.0,-0.2,-0.9,Dropout
1,3,1,9101,1,4,113.6,5,41,44,32,13,147.6,1,0,0,1,0,1,20,0,0,6,16,26,18.875,0,8,6,25,20,18.571428571428573,0,12.7,1.2,0.15,Graduate
1,38,2,9809,1,1,132.8,36,44,23,2,8,151.6,1,0,0,1,1,0,57,0,0,12,17,4,13.950440552914602,0,9,9,32,9,18.571428571428573,0,9.3,3.7,1.02,Dropout
1,56,1,8531,1,2,143.1,72,37,19,3,0,175.9,1,0,0,1,0,1,20,0,0,6,7,1,2.7391085484265774,0,4,6,6,0,2.708394938905391,0,9.0,1.4,2.52,Dropout
1,46,6,8252,0,9,167.3,36,42,3,16,10,168.1,1,0,0,1,0,0,21,0,0,9,11,2,9.896472584149048,0,4,9,3,1,11.39029901820351,0,10.3,2.3,3.33,Graduate
1,23,1,9581,1,3,131.3,3,5,9,1,2,151.8,0,0,0,1,1,0,31,0,0,2,4,0,1.3524786883719764,0,1,4,9,2,16.749579247590145,0,10.3,2.1,0.11,Dropout
1,56,1,7927,1,5,107.1,87,13,2,21,36,151.5,0,0,1,1,0,0,39,0,0,7,6,1,0.3838787772083542,0,9,7,1,1,6.805974674284768,0,14.2,1.8,1.54,Dropout
1,56,1,9057,0,1,110.0,18,34,10,2,4,149.1,0,0,0,1,0,0,21,0,0,9,11,7,18.475378784837723,0,3,9,21,4,16.380569481956332,0,15.5,1.0,-2.43,Graduate
1,52,1,9973,1,1,124.5,37,14,10,11,18,151.5,1,0,0,1,0,1,18,0,0,6,4,8,18.707063371408548,0,2,6,3,12,18.571428571428573,0,11.0,3.1,0.3,Enrolled
1,44,3,4381,1,1,155.3,11,33,36,4,7,161.9,1,0,0,1,0,1,35,0,0,9,15,12,18.868084125076777,0,1,8,4,11,18.571428571428573,0,15.6,1.9,-3.93,Graduate
1,7,1,5808,1,1,136.4,106,10,2,1,8,156.7,1,0,0,1,1,0,18,0,0,4,2,0,0.021618101200271855,0,1,4,3,0,3.17402854590099,0,9.7,1.7,-1.06,Graduate
1,1,5,5409,1,1,139.0,26,44,3,11,8,157.9,1,0,0,1,0,0,18,0,0,1,1,0,0.00645320143076429,0,1,2,0,0,2.7457484991146206,0,9.8,0.5,-0.15,Enrolled
1,2,2,9948,1,1,137.1,10,43,16,18,28,148.5,1,0,0,0,0,0,19,0,0,6,13,1,11.389145679921066,0,1,6,32,1,12.396816069037634,0,15.9,0.3,-2.25,Dropout
1,9,3,5545,1,1,130.8,31,13,11,2,0,156.1,1,0,0,1,0,1,18,0,0,4,7,6,18.784119445421037,0,1,4,8,5,18.4133826317928,0,13.2,-0.8,-0.61,Graduate
1,1,1,8927,1,2,130.4,70,30,2,1,1,152.1,1,0,0,1,0,0,18,0,0,9,12,17,18.87499165681274,0,2,8,14,7,18.571428571428573,0,11.8,0.4,-3.27,Graduate
1,13,6,8243,1,1,120.7,2,3,4,2,9,154.1,1,0,0,1,1,0,18,0,0,6,9,20,18.874995600822448,0,1,6,33,15,18.571428571428573,0,15.5,-0.8,-0.31,Graduate
1,49,1,9981,0,4,112.4,57,24,20,4,4,147.4,0,0,1,1,1,0,45,0,0,6,9,4,17.825806609232455,0,6,7,11,6,18.571428571428573,0,9.6,3.7,2.05,Dropout
1,10,2,6437,1,2,155.4,35,23,2,4,14,149.8,1,0,0,1,0,0,18,0,0,7,8,5,17.434449654714165,0,2,6,4,1,11.636955047943593,0,14.7,-0.1,-2.0,Dropout
1,29,2,8949,1,8,152.8,86,4,2,11,23,170.1,1,0,0,1,1,1,19,0,0,4,7,4,18.172417832244708,0,2,5,3,3,17.51474823990138,0,10.8,-0.8,-0.42,Graduate
1,1,2,9088,1,1,130.7,38,18,6,4,8,153.7,1,0,1,1,1,1,18,0,0,6,10,15,18.87497925949535,0,2,7,11,10,18.571428571428573,0,10.6,2.4,3.4,Graduate
1,17,2,6103,1,1,120.7,9,15,28,11,38,158.3,1,0,0,0,0,0,18,0,0,5,6,1,6.031312800674298,0,2,6,3,1,12.84536241531073,0,9.0,3.1,3.51,Enrolled
1,32,2,5662,1,2,140.8,78,41,13,11,14,156.1,0,0,0,1,0,1,39,0,0,4,7,2,11.542309303144371,0,3,5,9,1,13.8118674231954,0,10.3,1.1,0.98,Graduate
1,9,6,9197,0,1,130.7,10,16,7,4,14,159.4,0,0,0,1,0,0,23,0,0,7,14,12,18.874448106538424,0,6,7,27,2,15.535873585753315,0,14.3,0.8,1.01,Enrolled
1,1,2,4239,1,1,133.2,88,20,6,2,1,149.1,1,1,0,1,0,0,18,0,0,5,13,13,18.874653730772334,0,2,6,20,11,18.571428571428573,0,9.5,0.1,-1.14,Graduate
1,48,2,7553,1,1,126.0,2,35,17,13,36,152.5,0,0,0,1,1,0,30,0,0,10,15,4,14.572005122863526,0,5,9,19,3,13.64913019463986,0,9.0,-0.7,0.73,Graduate
1,2,2,6364,1,2,148.5,87,3,14,6,7,162.4,0,0,0,1,0,0,20,0,0,4,11,6,18.68387632456201,0,2,4,15,4,17.613938013442244,0,13.2,-0.1,2.02,Graduate
1,3,1,7689,1,1,150.5,69,9,5,14,39,169.7,0,0,0,1,1,0,20,0,0,10,12,25,18.87499966723653,0,9,10,17,20,18.571428571428573,0,11.6,3.3,1.53,Dropout
1,33,3,9412,1,2,143.0,77,12,34,33,31,147.8,1,0,0,1,0,0,19,0,0,7,9,8,18.53301496713801,0,3,8,7,8,18.571428571428573,0,10.4,-0.4,2.45,Graduate
1,1,2,8930,1,1,154.9,87,3,6,3,2,162.4,1,0,0,0,0,0,20,0,0,4,2,0,0.020738551176210682,0,2,5,0,0,7.725415284253488,0,10.0,-0.8,-2.26,Graduate
1,44,2,7806,1,2,149.2,35,43,44,6,3,150.4,1,0,0,0,0,0,24,0,0,5,3,4,14.923804011745426,0,2,6,5,1,8.545459779933882,0,9.7,-0.5,-0.56,Enrolled
1,53,1,5094,1,1,132.3,52,1,30,43,56,159.5,1,0,0,1,1,1,18,0,0,2,2,1,0.7090666317310773,0,3,2,0,0,2.6672945130403907,0,8.9,-0.3,3.07,Graduate
1,46,1,7264,1,2,148.3,18,12,3,13,30,164.5,1,0,0,0,0,0,18,0,0,7,3,0,0.05031310249329004,0,2,7,2,0,0.9265465531673927,0,10.9,-0.7,3.29,Dropout
1,1,1,5700,1,1,129.6,7,27,11,11,9,150.9,0,0,0,1,0,0,22,0,0,3,2,0,0.03391733649460512,0,2,3,1,0,1.758030105535822,0,10.5,2.9,0.12,Dropout
1,1,1,7783,1,1,108.5,13,43,18,13,29,161.0,1,0,0,1,0,0,18,0,0,8,9,10,18.84385643968012,0,3,8,21,6,18.48886852169099,0,9.1,0.3,2.04,Dropout
2,56,1,9597,1,1,135.0,80,31,44,15,7,149.1,1,0,0,1,0,1,36,0,0,7,4,1,0.056354043139006174,0,8,7,1,1,9.867371394998507,0,11.0,0.6,-3.81,Graduate
1,23,1,9428,1,1,126.4,82,39,14,9,6,163.4,0,0,0,0,0,0,18,0,0,6,9,0,0.3915393192166253,0,2,6,13,1,9.62590826988822,0,11.2,1.3,1.73,Graduate
4,1,3,5908,0,1,114.6,3,8,2,1,3,155.9,1,0,0,0,0,1,21,0,0,5,6,9,18.837095728610144,0,3,4,5,3,16.14650278071646,0,10.8,-0.8,-3.69,Graduate
1,11,1,9164,1,1,133.1,102,5,2,10,7,152.1,0,0,0,1,0,1,18,0,0,5,11,8,18.702466290148745,0,1,5,17,8,18.571428571428573,0,13.8,-0.6,-3.41,Graduate
1,47,5,5658,1,1,153.0,88,6,16,10,11,155.0,0,1,0,0,0,1,18,0,0,5,10,6,17.982012007867468,0,2,5,6,3,15.116287938154755,0,9.9,1.0,2.33,Dropout
2,44,3,9520,1,9,142.8,61,27,2,6,18,172.6,1,0,0,0,0,0,24,0,0,5,8,0,0.22344856159614182,0,8,5,3,1,12.945620896323353,0,10.6,2.8,0.01,Dropout
1,52,1,6857,1,1,127.2,98,15,36,1,0,160.3,0,0,0,0,0,0,59,0,0,7,17,8,18.771341357835375,0,4,7,33,6,18.571428571428573,0,13.9,0.6,0.53,Graduate
1,7,3,9878,1,1,110.9,68,37,5,10,16,146.8,1,0,0,1,0,0,23,0,0,10,10,23,18.874997719986354,0,2,11,18,20,18.571428571428573,0,9.7,0.8,2.63,Graduate
1,55,1,8007,0,4,128.6,11,17,39,7,7,152.1,0,0,0,1,1,1,70,0,0,6,7,1,1.0391652963868712,0,4,5,7,2,14.203004614658292,0,9.9,1.6,-0.18,Dropout
2,1,1,9899,1,1,122.3,25,30,36,13,11,152.6,1,0,0,1,1,0,28,0,0,9,15,5,18.36918491051787,0,3,9,28,4,17.721168077810344,3,10.8,0.1,-1.28,Dropout
1,10,1,7162,1,2,141.3,82,41,27,15,13,160.0,0,0,0,0,1,1,22,0,0,7,7,1,0.22465781595378606,0,4,8,3,2,14.953798404147369,0,14.4,0.8,-2.06,Graduate
2,1,1,9464,1,1,126.8,75,11,43,2,6,153.9,0,0,0,1,0,0,20,0,0,7,13,6,18.800261782744528,0,1,8,23,6,18.571428571428573,0,12.0,3.7,-0.56,Dropout
1,8,1,5736,1,3,124.4,94,35,36,10,22,157.5,1,0,0,1,1,1,23,0,0,8,11,2,2.0213014570389354,0,3,7,10,3,16.710045702625337,0,9.1,-0.8,3.0,Graduate
2,1,1,9564,1,1,151.7,102,19,18,13,11,161.9,0,0,0,1,0,0,18,0,0,7,13,23,18.874999942200475,0,1,7,33,20,18.571428571428573,0,9.2,0.9,2.99,Graduate
1,45,1,9684,1,2,159.7,67,44,18,9,29,173.0,0,0,0,1,0,1,21,0,0,7,6,5,17.307951796219893,0,2,6,4,14,18.571428571428573,0,10.7,0.7,-0.13,Graduate
1,39,1,9195,0,4,134.1,107,14,13,1,2,152.4,0,0,0,1,1,0,18,0,0,6,8,8,18.68361767352073,0,8,6,12,5,18.46289794588953,0,10.5,1.5,0.86,Graduate
1,1,1,5148,0,1,131.1,7,29,25,6,8,155.9,0,0,0,1,1,0,18,0,0,7,5,1,0.5018668230888269,0,7,6,1,3,14.121446757195914,0,9.1,-0.8,0.57,Graduate
1,49,1,5987,1,1,140.5,67,37,2,22,45,159.2,0,0,1,1,1,0,19,0,0,6,7,1,0.569820350841722,0,3,6,1,1,10.218570409512708,0,9.2,3.3,3.34,Enrolled
1,20,1,7733,1,1,151.5,83,6,2,12,6,157.9,1,0,0,1,0,1,18,0,0,7,5,3,13.632964861815974,0,2,8,4,3,15.406576998252042,0,13.1,2.0,1.0,Graduate
1,27,2,9093,1,1,139.1,21,37,10,3,3,151.4,1,0,0,0,0,1,18,0,0,9,12,10,18.863127728077217,0,3,8,28,12,18.571428571428573,0,11.6,-0.6,2.36,Graduate
2,30,1,9989,1,3,137.3,28,35,31,3,3,150.1,0,0,1,1,0,0,29,0,0,10,13,11,18.853270016911132,0,5,9,10,6,18.4445779861897,0,12.2,-0.2,-0.78,Graduate
1,1,4,6952,1,1,142.8,13,1,2,2,0,169.0,1,0,0,1,0,0,18,0,0,5,3,5,17.1376268720979,0,3,5,1,5,18.48160402952008,0,9.6,-0.1,-2.71,Graduate
1,53,1,9513,1,1,141.1,8,36,2,1,1,157.5,0,0,0,1,0,0,22,0,0,4,3,0,0.07174264211508156,0,3,4,0,0,2.7469335730794664,0,16.0,3.6,-2.75,Graduate
4,57,1,8060,1,1,125.6,77,4,9,8,5,152.1,0,0,0,0,0,0,18,0,0,3,5,1,2.910875971530023,0,2,4,2,0,4.953052578549186,0,10.7,-0.6,1.52,Enrolled
1,46,1,3240,1,1,131.1,80,1,2,1,0,156.3,1,0,0,0,0,0,30,0,0,5,4,2,9.632063715800415,0,4,5,2,2,15.542687854153117,0,10.2,2.4,-1.98,Dropout
1,1,1,9222,1,1,146.6,24,1,15,10,27,155.5,1,0,0,1,1,1,18,0,0,5,5,12,18.87220739984245,0,3,5,16,18,18.571428571428573,0,11.7,3.1,2.43,Graduate
1,50,6,8755,1,4,143.9,70,21,5,5,5,158.4,0,0,0,0,1,0,25,0,0,9,12,3,10.078688182745061,0,7,9,5,7,18.571428571428573,0,11.2,-0.8,-1.92,Dropout
1,46,1,8183,1,8,130.4,5,7,4,2,11,153.2,0,0,0,1,1,0,21,0,0,7,11,20,18.87499974220372,0,8,6,28,19,18.571428571428573,0,10.7,0.3,0.61,Graduate
1,1,1,1508,1,1,122.2,90,6,43,6,27,153.9,0,0,0,1,1,1,22,0,0,7,11,1,1.1031616776278619,0,6,7,3,2,12.078128716798812,0,9.8,-0.7,1.35,Graduate
1,6,1,9827,1,1,111.1,46,40,21,3,9,150.5,1,0,0,1,0,1,18,0,0,7,13,10,18.85186611762546,0,2,6,13,5,18.078765395911077,0,9.5,2.0,1.33,Graduate
1,52,1,9307,1,2,129.8,9,27,34,22,24,155.6,0,0,1,1,1,0,26,0,0,7,8,0,0.010647259985540357,0,6,8,7,1,11.195476199163894,0,9.0,3.7,3.21,Graduate
1,13,1,9683,1,4,115.1,22,30,17,12,41,158.6,0,0,1,0,1,0,18,0,0,4,5,1,2.1481345711343987,0,1,5,10,0,0.895213412842808,0,9.6,-0.8,-0.67,Graduate
1,40,2,8158,1,3,137.1,32,13,7,10,17,156.6,0,0,0,1,1,0,25,0,0,6,10,0,0.04588611605086185,0,4,7,4,0,8.541925629420122,0,12.1,3.2,0.16,Graduate
1,1,1,7331,1,1,151.1,4,34,31,8,9,158.5,1,0,0,1,1,0,18,0,0,7,10,0,0.03230448478401747,0,5,8,1,1,6.611612053914421,0,11.0,1.6,0.19,Graduate
1,9,1,9969,1,1,139.3,57,44,43,5,7,156.7,1,0,0,1,0,0,22,0,0,5,11,9,18.86676480055666,0,1,5,7,8,18.571428571428573,0,9.3,-0.8,-3.67,Graduate
1,23,1,9542,1,1,128.8,17,4,40,1,1,155.4,1,0,0,1,1,0,18,0,0,12,14,5,15.387014063519022,0,7,10,16,2,12.67739650229937,0,9.3,0.1,1.73,Dropout
1,33,1,8352,0,3,137.7,2,33,40,12,4,154.4,1,0,0,1,0,0,36,0,0,10,14,17,18.874994319577638,0,9,10,13,19,18.571428571428573,0,12.7,-0.6,-0.6,Dropout
1,57,1,9303,1,3,112.4,80,15,4,11,10,150.3,0,0,0,0,1,0,29,0,0,7,9,2,4.887258617235842,0,4,8,5,1,8.364220558124453,0,13.1,-0.3,-2.72,Enrolled
2,8,2,9804,1,1,131.5,43,43,36,1,0,151.0,1,0,0,1,0,0,18,0,0,6,6,8,18.814354547999702,0,3,7,1,4,17.280761375381836,0,11.5,-0.7,-4.06,Graduate
1,40,1,9927,1,1,124.5,98,44,36,12,26,165.5,0,0,0,1,0,0,21,0,0,4,4,5,17.761680815901407,0,1,4,9,2,13.818666981685345,5,13.8,0.3,1.74,Graduate
2,36,6,8952,1,1,146.9,17,43,39,2,11,159.6,1,0,0,1,1,1,30,0,0,11,16,7,18.818807485192696,0,5,8,14,2,13.68136247617398,0,12.6,-0.2,-1.22,Dropout
1,1,1,6646,1,1,138.1,10,28,29,25,21,155.8,1,0,0,1,0,0,19,0,0,8,8,12,18.861821890326947,0,8,7,4,10,18.571428571428573,0,9.0,2.6,-0.21,Graduate
1,25,6,6404,1,1,111.3,3,1,6,5,6,151.2,1,0,0,1,0,1,18,0,0,6,1,2,9.579289754025487,0,3,6,1,1,8.156480926417114,0,11.4,-0.7,-2.31,Dropout
1,1,1,7438,1,1,128.6,54,31,32,5,7,154.0,1,0,0,1,1,1,18,0,0,5,7,5,18.44711130168894,0,1,6,13,10,18.571428571428573,0,14.5,3.7,-0.87,Graduate
2,10,1,7257,1,1,120.0,19,43,13,1,2,157.8,1,0,0,1,0,1,18,0,0,6,4,0,0.38852515095413526,0,2,6,0,0,1.5900200405372886,0,9.8,1.3,0.62,Dropout
1,2,1,7024,1,2,132.1,12,18,3,29,34,167.4,1,0,0,1,0,0,24,0,0,8,6,2,5.580427173446794,0,4,8,4,1,11.525396985667342,0,9.4,3.7,1.69,Graduate
4,48,1,9981,1,2,131.8,2,43,3,10,27,149.8,0,0,0,0,1,1,25,0,0,10,13,5,16.55774511941736,0,5,11,22,3,16.02082629266927,0,10.8,0.2,-1.46,Enrolled
1,36,1,7922,1,1,128.8,90,42,43,15,19,147.1,1,0,1,1,0,0,18,0,0,15,17,18,18.874580848964225,0,13,14,33,15,18.571428571428573,0,11.3,-0.8,2.8,Dropout
1,2,4,7302,1,1,125.6,8,19,3,3,9,149.1,0,0,0,1,1,1,18,0,0,6,10,2,13.588724550626592,0,1,7,7,2,13.581307025292558,0,12.7,-0.2,2.51,Graduate
1,13,1,7326,1,1,125.0,86,23,7,11,23,148.9,1,0,0,1,1,0,19,0,0,6,3,0,0.04978471691367223,0,2,7,1,1,7.008066815101901,0,11.7,1.6,0.4,Dropout
1,22,2,9973,0,2,142.1,62,40,44,11,17,152.9,1,0,0,1,1,0,23,0,0,9,12,3,17.424575498444465,0,3,8,14,1,14.051556835428944,0,14.4,1.6,-1.27,Enrolled
2,9,1,9889,1,1,122.6,90,12,17,5,15,153.3,0,0,1,0,0,0,32,0,0,7,11,1,0.472361415907822,0,2,7,10,1,11.74947419427826,0,9.2,-0.8,-1.35,Graduate
1,30,3,7971,0,4,117.3,29,39,19,14,20,154.3,1,0,0,1,1,0,41,0,0,4,6,0,0.0059973410881075115,0,4,3,4,1,11.291045861676135,0,12.1,2.0,0.17,Graduate
1,1,1,5755,1,1,123.1,88,31,10,2,3,157.4,1,0,1,1,1,0,20,0,0,3,4,0,0.015072849018732784,0,1,3,1,0,0.29133270458202054,0,9.2,-0.7,-2.61,Graduate
1,41,1,9802,1,1,125.3,3,34,14,2,3,151.0,1,0,0,1,0,0,22,0,0,11,19,9,18.770953831079318,0,8,11,18,9,18.571428571428573,0,14.8,-0.8,-2.31,Dropout
1,30,2,8267,1,1,124.0,18,36,43,15,14,153.9,1,0,0,1,1,0,29,0,0,7,13,6,18.72419210648122,0,2,5,1,1,10.933113602056958,0,10.3,-0.6,1.83,Graduate
1,48,1,8366,1,6,142.7,106,6,2,24,18,156.8,0,0,0,1,0,0,21,1,0,8,8,1,0.3930766207152438,0,3,9,3,1,11.058580175452596,0,16.0,3.7,0.39,Enrolled
1,30,1,8799,1,1,143.2,32,11,44,13,4,150.4,1,0,0,1,1,1,21,0,0,7,6,2,4.465642753889802,0,2,7,1,0,3.193062993730427,0,15.0,2.6,-3.62,Graduate
1,57,1,9136,1,3,140.5,89,44,33,34,28,152.5,1,0,0,0,1,1,21,0,0,6,10,1,6.634897606308566,0,1,5,6,0,1.9943477409483306,0,13.1,3.5,1.6,Enrolled
1,24,1,5129,1,4,127.4,31,43,24,11,6,156.9,0,0,0,1,0,0,19,0,0,4,6,4,16.86458143768589,0,2,4,7,4,17.44658993259802,0,14.1,-0.5,0.77,Graduate
1,5,2,8391,1,1,148.5,57,1,6,5,12,164.3,1,0,0,1,0,0,18,0,0,9,12,9,18.800411480824295,0,2,8,19,5,18.301436219062577,0,13.6,1.9,-1.81,Graduate
1,57,1,9968,1,1,119.7,66,23,28,14,15,165.9,0,0,0,0,1,0,38,0,0,6,14,9,18.836197879084175,0,7,5,23,9,18.571428571428573,0,12.7,3.5,0.08,Enrolled
1,38,1,5751,1,5,162.8,60,24,14,12,25,159.1,1,0,1,1,1,0,19,0,0,3,5,1,5.789438406743919,0,1,4,9,1,12.032449858522506,0,9.8,1.0,2.19,Dropout
1,1,1,8030,1,1,139.0,5,38,25,7,12,169.7,1,0,0,0,1,0,18,0,0,7,11,2,6.167435608745617,0,2,6,3,0,6.664809394766329,0,12.6,2.3,0.99,Enrolled
1,13,1,9560,1,6,109.8,11,43,41,36,50,148.7,0,0,0,1,1,0,35,0,0,7,11,15,18.874912096773013,0,2,8,33,20,18.571428571428573,0,14.4,1.2,-3.33,Graduate
1,28,1,8348,0,2,156.9,89,3,2,12,32,164.6,1,0,0,1,1,0,27,0,0,5,7,2,11.344184550320964,0,1,4,2,1,11.210240059530873,0,12.2,0.3,0.87,Dropout
1,1,1,7783,1,1,118.2,18,8,20,1,7,154.4,0,0,0,1,1,0,24,0,0,4,7,1,1.910056071620804,0,1,5,11,1,14.013890012650611,0,14.0,-0.8,-3.11,Dropout
1,57,1,7718,1,3,144.6,99,35,18,4,3,170.9,1,0,0,1,0,0,22,0,0,6,3,0,0.08234941533895788,0,3,7,4,1,11.838191607499047,4,12.0,2.0,-0.57,Graduate
1,10,1,7312,1,1,135.1,71,42,3,2,0,171.0,1,0,0,1,1,0,18,0,0,7,9,8,18.782794853612753,0,4,6,15,5,18.571428571428573,3,9.0,2.5,2.45,Dropout
1,32,3,6521,1,1,109.7,17,3,10,8,10,148.6,1,0,0,1,0,0,22,1,0,8,15,6,17.577456072792362,0,12,7,12,6,18.509839096831406,3,11.6,-0.5,-1.23,Dropout
1,3,2,8912,1,1,125.2,13,35,44,8,19,148.3,1,0,0,1,0,1,18,1,0,8,16,8,18.80095632157414,0,1,9,23,6,18.536203298749218,0,15.7,-0.7,-3.48,Graduate
2,36,1,7903,1,1,122.3,67,43,36,8,24,153.3,1,0,0,1,0,0,35,0,0,8,10,13,18.87393954464691,0,3,7,16,10,18.571428571428573,0,12.6,1.7,2.11,Graduate
1,6,2,7749,1,1,129.9,65,44,43,12,28,157.9,1,0,0,1,1,1,23,0,0,6,13,8,18.796653318214585,0,4,7,11,14,18.571428571428573,0,16.1,-0.5,-4.06,Graduate
1,16,1,9891,1,1,138.5,31,44,37,12,9,153.4,0,0,0,1,0,0,18,0,0,7,13,19,18.87499618402637,0,1,8,24,12,18.571428571428573,0,10.2,-0.6,-2.93,Graduate
1,1,1,9947,1,1,146.0,7,36,6,3,1,150.6,0,0,0,1,0,0,31,0,0,6,11,5,18.695721882816393,0,3,6,14,8,18.571428571428573,0,9.2,1.6,-2.64,Enrolled
2,1,6,8628,1,1,130.0,18,25,28,8,7,166.4,1,0,0,1,0,0,18,0,0,8,6,13,18.87317750108416,0,4,9,8,12,18.571428571428573,0,12.2,-0.7,-2.85,Enrolled
2,51,1,9915,1,2,129.0,25,1,7,7,18,148.4,0,0,0,1,1,1,38,0,0,7,17,5,17.425999166323454,0,2,7,20,6,18.571428571428573,0,10.3,-0.5,-2.22,Graduate
4,1,6,5474,1,2,122.1,25,16,44,3,5,147.6,1,0,0,1,0,0,26,0,0,7,13,7,18.39000165825626,0,4,6,11,3,15.933304768043405,0,13.2,0.5,-1.91,Graduate
1,28,1,9663,1,2,136.8,87,11,11,6,11,161.2,0,0,0,1,1,0,30,0,0,7,11,1,0.13295643374643995,0,4,6,3,1,9.87373769641685,0,12.1,1.2,0.08,Dropout
1,17,3,4328,1,1,149.6,68,28,38,4,19,156.6,1,0,0,1,0,1,18,0,0,5,11,7,18.749053487851402,0,1,5,8,9,18.571428571428573,0,15.6,1.1,-3.82,Dropout
1,17,2,5371,1,1,116.7,27,16,7,12,9,156.7,1,0,1,0,0,0,22,0,0,5,5,1,0.6980742061924918,0,3,5,2,1,10.213990940475483,0,10.0,2.6,1.19,Dropout
1,2,1,7996,1,1,142.0,106,3,3,2,7,155.8,1,0,0,1,0,0,18,0,0,4,7,1,9.196119974798304,0,1,4,1,0,4.494262102484135,2,12.3,1.6,2.58,Graduate
1,57,2,9770,1,3,140.2,77,3,44,3,6,153.1,1,0,0,1,0,1,18,0,0,9,9,6,18.372210791940798,0,1,8,17,4,18.059770440335537,0,9.0,-0.1,2.37,Dropout
4,55,3,9323,1,1,118.2,57,37,3,16,21,146.8,1,0,0,1,0,0,46,0,0,8,12,9,18.834217445470355,0,2,9,21,6,18.361064492183406,0,13.1,-0.8,1.24,Enrolled
1,56,1,8151,1,4,129.9,25,42,11,2,6,152.3,0,0,0,0,1,1,27,0,0,5,6,7,18.818396668436613,0,4,6,5,4,17.77603170436749,0,11.2,3.1,2.92,Dropout
1,57,2,9983,1,1,149.0,48,16,2,16,16,167.9,1,0,0,1,1,0,22,0,0,6,6,2,5.088698395173664,0,2,7,29,2,13.785102878914204,0,13.8,-0.8,1.23,Graduate
1,1,4,9180,1,1,115.7,2,3,2,9,5,151.0,1,0,0,1,0,0,18,0,0,5,11,15,18.874960129101154,0,1,5,27,11,18.571428571428573,0,10.3,-0.6,2.72,Graduate
1,1,5,8893,1,1,107.5,10,30,39,25,12,148.1,0,0,0,1,0,1,18,0,0,7,12,24,18.874999970269496,0,2,6,28,20,18.571428571428573,1,13.5,1.0,1.86,Graduate
1,17,1,6584,1,1,116.6,4,1,2,5,26,152.8,1,0,1,0,1,0,19,0,0,8,13,5,16.65724217557566,0,11,8,16,7,18.571428571428573,0,9.2,0.5,0.56,Dropout
2,33,1,9790,1,1,136.2,10,41,44,35,31,153.8,1,0,1,1,0,0,27,0,0,12,15,15,18.874530877279422,0,6,11,26,12,18.571428571428573,0,15.7,0.1,-3.25,Graduate
1,35,1,9252,1,1,120.1,76,30,2,27,35,165.5,0,0,0,1,0,1,29,0,0,7,9,10,18.822988645482283,0,2,6,9,8,18.571428571428573,0,12.4,3.7,1.58,Graduate
1,4,1,2742,1,9,105.7,73,6,43,3,10,159.0,1,0,0,0,1,0,31,0,0,3,0,0,0.0059664138004862505,0,7,2,0,0,0.0025833170154287268,0,13.1,1.3,2.53,Enrolled
1,45,1,9696,0,1,134.4,73,43,12,5,23,169.8,1,0,0,0,0,1,23,0,0,7,8,1,4.15698056096004,0,2,8,5,0,6.480791701872204,0,9.4,-0.1,1.24,Graduate
1,39,1,8948,1,1,141.1,7,5,26,6,2,160.4,0,0,0,1,0,0,27,0,0,8,10,1,7.771332530339447,0,3,8,4,1,11.762335578880778,1,13.3,2.6,-2.84,Enrolled
2,22,1,6545,1,1,120.6,73,10,44,2,4,150.2,1,0,0,1,1,0,21,0,0,2,4,0,0.04764703689340903,0,2,3,0,0,1.2420754208872857,0,9.2,1.7,2.3,Graduate
1,24,1,9959,1,1,131.9,7,40,44,10,16,157.1,0,0,0,1,0,0,20,0,0,7,6,1,1.3196788870904805,0,2,6,5,1,12.613234017473923,0,9.7,2.3,0.24,Graduate
1,41,4,9101,1,3,144.4,22,39,44,3,5,171.2,0,0,0,1,0,0,36,0,0,9,12,2,13.746061409227513,0,4,8,4,0,6.630830002178191,0,11.5,-0.5,-2.51,Enrolled
1,5,3,9789,1,1,142.2,3,25,40,16,16,155.4,1,0,0,1,0,0,18,0,0,5,8,0,0.06871749428287403,0,3,6,3,3,16.635361050720388,0,12.3,0.1,-1.96,Dropout
1,56,2,8374,1,1,137.3,43,7,41,21,14,152.5,1,0,0,1,0,0,23,0,0,9,10,9,18.68173944380333,0,9,9,12,11,18.571428571428573,0,12.1,-0.3,2.27,Graduate
1,52,1,9464,1,1,139.3,3,18,8,21,27,156.0,0,0,0,1,1,1,18,0,0,6,7,17,18.87498591781168,0,2,6,7,3,16.285906860552323,0,11.8,1.3,0.96,Graduate
1,1,3,5020,1,1,148.1,56,18,5,12,12,152.5,1,0,0,1,1,0,18,0,0,4,6,0,0.024637767816079237,0,2,4,4,2,13.467667485554381,0,10.1,2.5,-0.05,Graduate
1,18,1,4695,1,2,123.1,52,24,44,13,10,155.4,0,0,0,1,0,0,28,0,0,6,7,1,0.4327756934398158,0,3,7,2,2,12.280760155795548,0,15.7,2.6,-3.39,Graduate
1,1,5,9119,1,1,151.2,2,41,32,37,41,154.3,0,0,0,1,0,1,23,0,0,4,2,3,11.81179128212262,0,1,5,2,4,17.467898235701753,0,13.0,-0.4,-2.71,Graduate
1,31,1,9086,1,1,138.0,12,10,2,1,1,154.3,1,0,0,1,1,1,20,0,0,7,7,0,0.25434230196285157,0,8,8,3,1,12.995283956288299,0,11.5,-0.1,2.56,Dropout
1,46,1,9269,1,1,122.6,83,21,22,13,8,148.4,0,0,0,0,0,1,29,0,0,6,4,2,5.628224863038836,0,2,8,3,1,10.397765458162782,0,9.9,-0.2,0.52,Dropout
1,18,1,8781,1,1,149.1,7,40,44,6,4,158.5,1,0,0,1,0,0,18,0,0,10,17,10,18.858157798992895,0,2,9,16,7,18.571428571428573,0,11.1,3.5,0.44,Graduate
1,2,4,6671,1,1,134.4,8,27,44,2,1,159.8,1,1,0,1,0,0,18,0,0,1,0,0,0.020707306296041506,0,1,1,0,0,4.000741604279886,0,14.9,0.3,-3.99,Dropout
1,1,1,9049,1,3,161.6,12,13,36,10,10,172.0,1,0,0,1,0,1,19,0,0,10,8,18,18.874971149483976,0,4,9,14,17,18.571428571428573,0,13.1,3.1,0.11,Graduate
1,34,1,6344,1,2,122.3,77,11,5,1,1,151.2,0,0,0,1,0,0,18,0,0,3,7,0,0.006553214698096321,0,1,4,1,0,0.1539181492200018,5,8.9,3.7,2.83,Graduate
1,1,1,3830,1,1,133.5,56,15,6,2,1,147.6,1,0,1,1,1,0,19,0,0,10,8,1,1.019154433151964,0,3,8,2,1,5.325755301578697,0,14.6,-0.2,-4.05,Dropout
1,36,1,9311,1,2,124.4,35,22,25,1,3,157.8,1,0,1,1,1,0,27,0,0,1,4,0,0.015077757248336215,0,1,1,1,0,0.7582939245681773,0,13.7,0.3,0.71,Enrolled
1,19,1,8196,1,1,139.1,4,12,24,1,1,150.5,0,0,0,1,0,1,21,0,0,4,4,0,0.8755064065482745,0,1,4,1,1,14.512479116115179,0,14.9,2.0,-2.38,Dropout
1,1,5,7546,1,1,116.7,85,9,2,2,6,157.0,0,0,0,1,0,1,18,0,0,6,12,8,18.698694058571025,0,3,6,9,4,16.22702991129324,0,11.3,-0.5,-3.12,Graduate
1,3,1,9776,1,3,135.2,22,2,34,4,2,153.4,0,0,0,1,1,0,28,0,0,4,8,5,17.911629148037026,0,1,4,15,2,14.890769787288495,0,15.9,-0.6,-1.85,Dropout
1,36,1,9922,1,1,121.7,10,32,36,3,1,152.0,0,0,0,1,1,0,28,0,0,5,7,1,4.724135966447833,0,2,5,4,0,2.9578329247291393,0,12.9,2.5,1.08,Graduate
1,1,1,9303,1,1,124.1,11,9,3,21,15,146.3,1,0,0,1,0,1,18,0,0,9,12,11,18.84256969943575,0,2,9,13,11,18.571428571428573,0,13.2,1.0,1.46,Graduate
1,6,1,9021,0,1,136.9,3,44,18,19,28,160.2,0,0,0,1,0,1,18,0,0,9,9,17,18.87499142264108,0,7,9,12,20,18.571428571428573,0,13.8,-0.4,-2.2,Graduate
1,48,1,6799,1,1,125.5,66,3,22,1,2,149.5,0,0,0,1,1,0,43,0,0,5,4,1,1.148365728335473,0,5,6,1,1,12.129321198341271,0,11.3,0.2,2.76,Graduate
2,38,1,8506,1,5,114.6,58,33,19,2,1,148.2,0,0,0,1,1,0,32,0,0,6,7,1,4.400789593456914,0,4,6,7,0,4.96712708110749,0,10.2,1.4,-2.77,Enrolled
1,8,1,6948,1,1,129.0,22,5,17,2,5,154.6,0,0,0,1,0,0,26,0,0,8,13,1,0.37168041640699007,0,2,7,3,0,2.227500847053721,0,12.0,3.7,2.15,Dropout
1,10,1,9582,1,1,113.2,5,25,42,17,20,149.1,1,0,0,1,0,0,19,0,0,5,9,6,17.8794605140244,0,1,3,13,4,17.601723709131363,0,11.3,2.7,2.63,Dropout
1,50,1,8294,1,1,132.1,19,18,11,3,5,169.0,0,0,0,1,0,0,46,0,0,3,3,3,17.23810967407822,0,2,3,4,1,8.194506570900302,0,11.8,-0.1,2.76,Dropout
1,13,1,8297,1,1,129.6,43,23,13,3,3,166.8,1,0,0,1,1,0,20,0,0,2,5,1,2.6714817935417865,0,2,3,0,0,7.521972823542355,0,10.4,0.4,0.67,Dropout
1,37,1,9730,0,5,113.9,15,41,36,4,3,151.1,0,0,0,1,0,1,42,0,0,10,16,6,18.566133862275127,0,6,10,22,4,17.7464488409181,0,12.7,2.8,-3.96,Graduate
1,3,1,9174,1,3,159.8,55,22,33,6,41,179.2,1,0,0,1,0,1,19,0,0,6,11,12,18.869956314436134,0,1,8,25,7,18.571428571428573,0,11.0,-0.3,0.24,Graduate
1,50,1,8374,1,1,117.2,95,38,9,1,1,150.5,0,0,1,1,0,0,42,0,0,8,10,3,7.691280754486186,0,9,8,12,1,11.270539530310225,0,9.7,-0.2,0.08,Dropout
1,57,1,9912,0,2,120.4,25,11,8,5,1,153.7,1,0,0,1,0,0,69,0,0,6,11,2,14.699229857836766,0,4,7,11,1,13.314339003481093,1,9.7,-0.7,1.08,Enrolled
2,47,1,8570,1,10,133.8,43,35,41,10,19,154.2,0,0,1,1,1,0,35,0,0,7,8,3,11.899371744267686,0,3,8,4,4,17.252360717962684,0,12.2,1.9,-2.35,Graduate
