Marital status,Application mode,Application order,Course,Daytime/evening attendance	,Previous qualification,Previous qualification (grade),Nacionality,Mother's qualification,Father's qualification,Mother's occupation,Father's occupation,Admission grade,Displaced,Educational special needs,Debtor,Tuition fees up to date,Gender,Scholarship holder,Age at enrollment,International,Curricular units 1st sem (credited),Curricular units 1st sem (enrolled),Curricular units 1st sem (evaluations),Curricular units 1st sem (approved),Curricular units 1st sem (grade),Curricular units 1st sem (without evaluations),Curricular units 2nd sem (credited),Curricular units 2nd sem (enrolled),Curricular units 2nd sem (evaluations),Curricular units 2nd sem (approved),Curricular units 2nd sem (grade),Curricular units 2nd sem (without evaluations),Unemployment rate,Inflation rate,GDP,Target
1,1,1,9137,1,1,121.5,1,37,37,9,8,117.5,1,0,0,1,0,0,19,0,0,6,8,4,10.666565114937649,0,0,6,8,5,9.712774971796502,0,7.8,2.6,0.31,Enrolled
1,1,1,9689,1,1,132.9,1,38,38,10,8,132.0,1,0,0,1,0,0,20,0,0,6,6,6,14.859188464415773,0,0,6,6,6,13.731437776074118,0,8.9,1.4,3.42,Graduate
1,1,1,9043,1,1,129.1,1,2,38,4,5,119.7,0,0,0,1,1,0,19,0,0,5,5,0,0.0,0,0,5,5,0,0.39739838851023385,0,9.1,1.4,1.79,Dropout
1,1,1,9528,1,1,132.2,1,1,2,1,5,131.9,1,0,0,1,0,0,18,0,0,7,8,6,12.051632296709084,0,0,8,8,8,15.061315328359228,0,13.9,-0.3,0.79,Graduate
1,1,3,9772,1,1,139.6,1,1,2,4,6,131.0,1,0,0,1,0,0,17,0,0,8,8,6,13.914930926661297,0,0,6,8,6,15.101393638986353,0,9.3,-0.8,-3.11,Graduate
1,1,1,9707,1,1,131.7,1,37,37,7,8,110.4,1,0,0,1,0,0,20,0,0,6,11,6,11.032663921832949,0,0,7,12,5,9.851272070047308,0,7.6,2.7,0.33,Enrolled
1,43,1,9346,1,1,130.9,1,4,1,5,3,128.5,0,0,0,1,1,0,21,0,0,7,12,5,12.532292663359701,0,0,8,8,5,11.505678329213954,0,12.6,-0.3,-1.69,Enrolled
1,17,1,9293,1,1,123.1,1,19,20,4,9,122.7,1,0,0,1,0,0,18,0,0,6,6,5,11.559716508387504,0,0,6,10,4,9.169192708029385,0,15.5,2.8,-4.06,Enrolled
1,39,1,9334,1,40,130.1,1,37,35,5,4,147.7,0,0,0,1,1,0,36,0,2,6,12,4,11.699172747107909,0,1,6,11,2,11.389149368339968,0,9.0,1.4,3.49,Dropout
1,44,1,9348,1,1,129.2,1,4,2,6,3,135.0,1,0,0,1,0,0,21,0,0,7,10,5,12.163725488144692,0,0,7,10,5,10.982210276701274,0,14.0,-0.4,0.78,Enrolled
1,1,1,9644,1,1,133.7,1,37,37,9,10,126.4,1,0,0,1,0,1,17,0,0,6,8,6,13.09967473757108,0,0,6,7,6,12.678594766166915,0,12.7,3.7,-1.7,Graduate
1,18,1,9195,1,1,122.2,1,4,4,4,2,116.5,1,0,0,1,0,0,18,0,0,5,8,5,10.867468960339332,0,0,5,8,5,10.31160218405913,0,14.0,-0.3,-3.12,Enrolled
1,1,1,9438,1,1,133.2,1,2,2,2,2,120.0,1,0,0,1,1,0,20,0,0,7,10,4,12.102390913954602,0,0,7,11,2,12.608344538975702,0,14.0,0.6,1.96,Dropout
1,1,1,9134,1,1,142.2,1,2,2,4,0,130.7,1,0,0,1,0,0,19,0,0,6,8,6,12.352917384214916,0,0,6,7,5,12.488266999104702,0,14.0,-0.3,0.78,Graduate
1,1,3,9779,1,1,139.1,1,2,1,3,6,126.9,1,0,0,1,0,0,19,0,0,6,7,6,14.275322272037316,0,0,6,8,6,13.354967017605953,0,9.1,2.6,3.48,Graduate
1,39,1,9146,1,40,133.1,1,2,38,2,2,155.0,0,0,0,0,1,0,30,0,0,6,11,2,13.035551024976465,0,0,6,11,2,12.243814193177261,0,10.8,1.4,3.41,Dropout
1,1,3,9906,1,1,130.4,1,37,38,9,9,132.1,1,0,0,1,0,1,18,0,0,6,6,6,13.663972871569868,0,0,6,6,6,15.011404849473976,0,10.8,0.5,1.79,Graduate
2,39,1,9751,1,1,131.2,1,37,37,9,9,136.7,0,0,0,1,0,0,30,0,0,7,7,7,14.354996523825271,0,0,8,8,8,13.709379185161396,0,14.0,0.5,0.82,Graduate
1,39,1,9919,1,1,132.8,1,37,38,3,2,130.3,0,0,0,1,0,0,25,0,0,6,10,4,11.737514590578442,0,0,6,10,4,12.0040710838374,0,7.8,-0.8,-0.93,Dropout
2,43,1,8032,0,39,127.8,1,37,36,1,2,156.9,0,0,0,1,0,0,34,0,2,11,11,6,13.255196414616597,0,2,7,8,5,11.864303977608632,0,13.8,2.7,0.32,Graduate
1,39,1,9674,1,1,129.3,1,38,37,3,3,115.1,1,0,0,1,0,0,18,0,0,6,13,0,0.046974216848284914,0,0,6,5,0,0.0,0,7.6,2.7,0.32,Dropout
1,1,1,9170,1,1,132.9,1,2,3,3,0,128.3,1,0,0,1,1,0,18,0,0,5,5,0,0.0,0,0,5,6,0,0.0,0,9.0,1.4,3.48,Dropout
1,45,1,9248,1,1,134.6,1,2,1,4,0,156.8,0,0,0,1,1,0,29,0,0,5,12,1,12.129145118732744,0,0,5,11,2,11.196692886207178,0,9.0,1.4,1.82,Dropout
1,1,1,9149,1,1,129.5,1,2,37,4,4,143.6,1,0,0,1,1,0,18,0,0,5,5,0,0.2639932267329128,0,0,5,6,0,0.0025717077532669917,0,9.1,-0.8,1.82,Graduate
1,38,1,9624,1,1,133.6,1,37,37,8,8,132.3,1,0,0,1,0,0,20,0,0,7,10,12,10.985630676396546,0,0,7,12,11,12.230568572611563,0,9.1,2.7,0.31,Graduate
1,17,1,9267,1,1,118.5,1,2,3,2,3,120.2,1,0,0,1,0,0,19,0,0,6,10,5,11.207436166103594,0,0,6,9,5,11.280547916147917,0,12.6,0.6,1.97,Graduate
1,1,1,9823,1,1,133.3,1,37,38,10,9,121.9,1,0,0,1,0,0,21,0,0,6,6,0,0.0,0,0,6,6,0,0.0,0,7.6,2.6,0.32,Dropout
1,43,1,9122,1,1,133.6,1,37,37,10,8,125.5,0,0,0,1,0,0,35,0,13,12,17,12,11.703451238878053,0,11,11,15,11,13.538944453695402,0,16.0,0.4,-0.92,Graduate
1,39,1,9250,1,1,128.1,1,1,37,2,9,107.4,0,0,0,1,1,0,24,0,0,5,6,0,0.0,0,0,5,6,0,0.046787886627131875,0,12.7,3.7,-1.7,Dropout
1,1,1,9604,1,1,130.8,1,38,37,3,4,129.9,1,0,0,1,0,0,18,0,0,7,7,6,12.033626481729566,0,0,8,8,6,13.656822893419028,0,13.9,-0.3,0.79,Graduate
2,39,1,129,0,1,131.2,1,37,38,8,9,147.0,0,0,0,0,1,0,52,0,0,0,0,0,0.14389909178336108,0,0,0,0,0,0.22034259938261197,0,9.0,1.4,1.79,Dropout
1,39,1,9728,1,1,131.7,1,35,34,3,0,110.9,0,0,0,1,1,0,25,0,0,5,5,0,0.0,0,0,5,6,0,0.0,0,7.6,2.6,0.32,Dropout
1,1,1,9039,1,1,122.6,1,2,37,5,4,100.3,1,0,0,1,0,0,18,0,0,6,8,6,12.375021897485396,0,0,6,8,5,9.467070498650386,0,13.9,-0.2,0.88,Graduate
1,39,1,9233,1,1,134.6,1,2,37,3,5,97.8,0,0,0,1,1,0,25,0,0,5,9,1,12.106516636418318,0,0,5,6,1,0.0,0,13.8,-0.2,0.77,Dropout
1,42,1,9849,1,1,131.4,1,38,38,9,10,126.8,0,0,0,1,0,0,30,0,12,10,13,11,11.764695892033739,0,4,10,11,12,13.784146560825807,0,9.2,1.4,0.78,Graduate
1,1,1,9150,1,1,121.2,1,19,38,9,9,124.6,1,0,0,1,0,1,18,0,0,6,6,6,12.104406060291147,0,0,6,5,6,14.82124633802291,0,12.4,0.5,1.83,Graduate
1,44,1,8944,1,1,134.6,1,3,2,4,7,97.6,0,0,0,1,1,0,29,0,0,6,11,0,0.0,0,0,6,11,0,0.0,0,13.9,2.6,0.79,Dropout
2,39,1,8177,0,3,164.0,1,37,37,2,5,156.5,0,0,0,1,0,0,41,0,0,6,5,0,0.9396835870371277,0,0,6,5,6,11.92447487767826,0,10.8,1.4,1.78,Graduate
1,1,1,9336,1,1,132.2,1,1,3,3,4,127.6,1,0,0,1,0,0,18,0,0,7,1,6,0.05498760948801269,0,0,8,0,0,0.0,0,12.7,0.5,1.93,Dropout
1,1,1,9409,1,1,134.0,1,37,37,9,10,136.7,0,0,0,1,0,1,19,0,0,6,6,6,13.786680687517642,0,0,6,5,6,14.96258252647598,0,12.5,3.7,1.81,Graduate
1,43,1,9160,1,1,129.8,1,2,3,2,3,115.2,0,0,0,1,1,0,22,0,0,5,9,3,12.182759010556003,0,0,5,6,0,0.048686805862926244,0,12.4,0.5,1.79,Dropout
1,38,1,9456,1,1,130.5,1,37,37,8,9,131.9,0,0,0,1,0,0,45,0,0,7,12,17,11.985324808064595,0,5,7,10,10,13.33104301230995,0,15.6,2.7,-4.04,Graduate
1,1,1,9759,1,1,134.2,1,3,1,4,4,124.1,1,0,0,1,0,0,18,0,0,6,7,6,13.832303220796486,0,0,6,7,6,0.07126227465505636,0,7.6,2.7,0.33,Dropout
1,2,1,9727,1,1,137.2,1,2,3,3,4,125.2,1,0,0,1,0,0,19,0,0,7,10,6,13.422371496986434,0,0,6,9,6,10.760270882649534,0,14.0,-0.2,0.93,Graduate
1,43,1,9142,1,1,134.0,1,36,37,10,8,134.8,0,0,0,1,0,1,21,0,0,6,8,6,13.438365959123404,0,0,6,7,6,12.872963523991674,0,14.0,-0.2,0.89,Graduate
1,1,1,9647,1,1,130.9,1,2,37,4,0,121.3,1,0,0,1,0,0,18,0,0,6,7,0,0.0,0,0,6,5,0,0.02983787868937611,0,9.4,-0.8,-3.13,Dropout
1,17,1,9218,1,1,123.0,1,38,37,4,5,122.9,1,0,0,1,1,0,20,0,0,5,10,2,10.130522071153571,0,0,5,12,2,0.0,0,9.1,1.4,1.81,Dropout
1,43,1,9223,1,39,132.0,1,2,2,3,4,125.5,0,0,0,1,1,0,19,0,3,11,14,5,12.366427816883363,0,4,10,12,5,11.171817972477447,0,15.8,2.8,0.85,Dropout
1,39,1,9086,1,1,136.5,1,38,37,8,10,104.4,0,0,0,1,0,0,27,0,0,6,11,2,10.812919141440416,0,0,6,11,0,0.0,0,16.1,0.4,-0.92,Dropout
1,17,1,9199,1,1,113.8,1,19,38,10,9,111.5,0,0,0,1,1,0,19,0,0,5,9,4,11.475257839520946,0,0,5,6,0,0.0,0,13.9,-0.3,0.79,Dropout
1,1,1,9616,1,1,131.1,1,2,3,2,8,128.2,1,0,0,1,0,0,18,0,0,7,0,6,0.3384554592750887,0,0,6,0,0,0.4366742388692523,0,13.8,-0.2,0.78,Graduate
1,17,2,9542,1,1,120.6,1,2,2,3,3,115.9,1,0,0,1,0,1,18,0,0,6,8,6,12.831800848846424,0,0,8,9,7,13.931683687992109,0,12.7,3.7,-1.67,Graduate
1,1,1,9241,1,1,132.2,1,37,38,9,7,123.4,0,0,0,1,0,1,19,0,0,5,6,5,13.047987379864267,0,0,5,5,5,12.742717104328584,0,16.2,0.4,-0.93,Graduate
1,43,1,9123,1,1,140.2,1,1,1,3,3,127.2,0,0,0,1,0,0,20,0,2,7,8,6,12.656999048222078,0,2,7,8,6,12.05003888590832,0,15.9,0.4,-0.92,Graduate
1,1,1,9240,1,1,131.8,1,2,37,3,5,114.6,0,0,0,1,1,0,20,0,0,6,6,0,0.19150524811596714,0,0,6,0,0,0.0,0,9.0,1.4,3.48,Dropout
1,43,1,9600,1,1,131.1,1,38,37,5,8,109.8,0,0,0,1,0,0,20,0,0,7,12,4,12.231456977347062,0,0,6,11,3,10.630628886152225,0,12.5,-0.3,0.76,Enrolled
1,1,4,9692,1,1,133.5,1,2,19,3,3,124.7,1,0,0,1,0,1,18,0,0,7,7,7,14.628234698600059,0,0,8,9,8,15.565068520671128,0,16.1,0.4,-0.92,Graduate
1,39,1,9597,1,1,133.9,1,38,38,9,6,164.0,0,0,0,1,0,0,27,0,0,7,7,7,13.594641607652125,0,0,8,10,8,11.816403702025163,0,12.5,0.5,1.81,Graduate
1,1,1,9968,1,1,134.2,1,3,1,4,2,111.5,1,0,0,1,0,0,19,0,0,6,11,4,12.260666964326607,0,0,6,10,0,0.0,0,12.7,-0.8,-1.71,Dropout
2,40,1,9073,0,19,131.2,1,38,37,9,8,140.7,0,0,0,0,1,0,58,0,0,3,0,0,0.14988878737563593,0,0,5,0,0,0.02737558308040647,0,15.5,2.8,-4.06,Dropout
1,1,1,9680,1,1,129.9,1,37,37,3,9,129.8,1,0,0,1,0,1,19,0,0,6,6,6,13.802248135296443,0,0,6,7,6,13.752750898801288,0,11.1,0.6,2.02,Graduate
1,2,1,9054,1,1,134.6,1,2,1,2,2,113.3,1,0,0,1,0,0,18,0,0,5,11,3,12.453500280130141,0,0,5,6,4,11.348161105451855,0,9.4,-0.8,-3.1,Enrolled
1,1,1,9696,1,1,129.9,1,37,37,8,7,130.0,1,0,0,1,0,0,20,0,0,6,9,5,12.852612357191099,0,0,6,8,5,12.658024786296643,0,9.2,-0.8,-3.14,Enrolled
1,38,1,9722,1,1,131.2,1,37,38,9,10,151.5,0,0,0,1,0,0,35,0,0,6,7,6,16.00530664723567,0,0,6,7,6,14.33291073611673,0,11.1,0.6,2.02,Graduate
1,40,1,9230,1,20,129.8,1,38,37,10,7,108.6,0,0,0,1,0,0,44,0,0,7,11,4,11.105671173880076,0,0,7,14,2,10.667836043647334,0,15.9,2.6,0.31,Dropout
1,42,1,9773,1,1,132.4,1,38,37,9,9,106.6,0,0,0,1,0,0,20,0,0,7,11,7,12.909886791971584,0,0,7,10,7,11.138947828466476,0,15.9,0.4,0.79,Dropout
1,1,3,9572,1,1,131.3,1,2,1,6,5,131.8,1,0,0,1,0,0,19,0,0,6,7,6,14.051650395090634,0,0,6,6,6,13.415957133958937,0,9.4,-0.8,-3.13,Graduate
1,1,1,9770,1,1,139.6,1,3,3,4,4,130.3,1,0,0,1,0,0,18,0,0,6,6,6,0.04714227691902029,0,0,6,0,6,0.37940012243504184,0,9.4,-0.8,-3.15,Graduate
2,39,1,9922,0,19,138.1,1,37,37,9,9,95.0,0,0,0,1,0,0,43,0,0,6,10,5,12.670141029513747,0,0,6,12,5,11.764622061095587,0,16.2,3.6,-1.7,Dropout
1,1,1,9710,1,1,134.7,1,19,38,9,7,123.7,0,0,0,1,0,1,19,0,0,6,6,6,16.757119023423474,0,0,6,7,6,14.491584497841801,0,11.0,0.6,1.95,Graduate
1,44,1,9661,1,1,151.1,1,2,1,0,2,133.6,0,0,0,1,0,0,21,0,0,8,13,8,13.359079794424197,0,0,6,8,6,11.732951874858873,0,9.4,-0.8,-3.12,Graduate
1,1,1,9139,1,1,131.9,1,3,1,3,6,125.7,1,0,0,1,0,0,19,0,0,6,8,5,11.97690044758522,0,0,6,8,5,10.586601170066853,0,7.6,2.6,0.32,Graduate
1,44,1,9649,1,1,159.6,1,2,38,3,6,152.9,0,0,0,1,0,0,30,0,0,8,7,8,13.771364822345953,0,0,10,8,8,13.70112703627412,0,9.1,0.5,1.8,Graduate
1,1,1,9750,1,1,135.0,1,2,38,4,8,133.9,0,0,0,1,0,0,18,0,0,7,7,7,14.327034450174436,0,5,8,9,8,13.917374483428858,0,12.5,0.5,1.82,Graduate
1,40,1,9673,1,19,132.6,1,36,37,8,8,95.0,0,0,0,1,1,0,38,0,0,6,0,0,0.0,0,0,6,0,0,0.0,0,16.1,0.4,-0.92,Dropout
1,38,1,357,1,1,132.3,1,39,38,2,4,130.8,1,0,0,1,0,0,32,0,0,0,0,0,0.0,0,0,0,0,0,0.0,0,9.1,2.6,0.31,Dropout
1,1,1,9430,1,1,126.8,1,2,3,3,4,110.2,1,0,0,1,0,0,18,0,0,6,1,6,0.1732213713849669,0,0,6,0,0,0.055509860472392314,0,13.9,-0.3,0.78,Dropout
2,39,1,9578,0,1,133.5,1,38,37,10,8,121.0,0,0,0,1,0,0,31,0,0,7,12,11,13.76574541000604,0,5,8,12,8,12.04517301139149,0,14.0,-0.3,0.78,Graduate
1,1,1,9150,1,1,143.1,1,38,38,10,8,143.8,1,0,0,1,0,1,18,0,0,6,6,6,15.55741647642098,0,0,6,6,6,13.997589904921607,0,12.6,3.7,-1.7,Graduate
1,17,1,9187,1,1,118.8,1,2,2,1,6,121.3,1,0,0,1,1,0,18,0,0,5,6,2,10.986667522810112,0,0,5,6,2,12.912227334991224,0,9.2,0.5,-3.12,Dropout
1,38,1,9192,1,1,129.6,1,37,37,1,4,122.6,0,0,0,1,0,0,27,0,0,6,10,5,11.062437526482421,0,0,6,12,5,11.610625624232258,0,14.0,-0.2,0.89,Enrolled
1,1,1,9066,1,1,133.2,1,38,37,3,8,114.2,1,0,0,1,0,0,19,0,0,6,6,0,0.0,0,0,6,6,0,0.0,0,9.2,0.5,1.81,Dropout
1,17,2,9140,1,1,130.7,1,2,2,4,5,130.5,1,0,0,1,0,0,19,0,0,6,12,4,11.567721124202336,0,0,6,12,4,11.41334473437063,0,12.7,3.7,-1.71,Enrolled
1,38,1,9678,1,1,130.9,1,1,38,3,6,110.1,1,0,0,1,0,0,19,0,0,7,0,0,0.0,0,0,7,1,0,0.44346485739727126,0,13.8,-0.3,0.77,Dropout
1,1,1,9712,1,1,130.7,1,37,37,9,8,119.9,1,0,0,1,0,0,19,0,0,6,0,0,0.0,0,0,6,0,0,0.0,0,7.7,2.6,0.32,Dropout
1,1,1,9307,1,1,119.6,1,1,38,3,5,118.1,1,0,0,1,0,1,19,0,0,5,8,5,13.110204719611296,0,0,5,8,5,11.508272432507804,0,9.1,1.4,1.81,Graduate
1,17,2,9110,1,1,125.3,1,19,38,9,10,114.0,1,0,0,1,0,0,19,0,0,6,11,3,10.30005238771879,0,0,6,10,4,9.665334500301233,0,12.6,-0.3,0.79,Enrolled
1,38,1,9059,1,1,131.7,1,37,37,10,8,113.0,0,0,0,1,0,0,26,0,0,6,11,4,12.553057643823626,0,0,6,12,4,11.892133382164355,0,15.4,1.4,-4.06,Dropout
1,1,1,9211,1,1,113.8,1,1,38,3,3,118.0,1,0,0,1,0,0,18,0,0,6,8,5,11.950710961692597,0,0,6,8,5,10.062235234396336,0,9.0,2.7,3.49,Enrolled
1,17,1,9247,1,1,127.9,1,37,37,10,9,123.7,1,0,0,1,0,0,19,0,0,6,6,6,11.391092908174606,0,0,6,6,6,11.441372319468703,0,10.8,1.4,1.74,Dropout
1,43,1,9014,1,1,129.6,1,2,2,1,1,139.7,0,0,0,1,1,0,22,0,0,5,10,0,0.0,0,0,5,6,0,0.25484608574349327,0,9.4,-0.8,-3.12,Dropout
1,1,1,9561,1,1,139.5,1,37,37,2,5,136.9,1,0,0,1,0,1,17,0,0,8,8,8,13.890031432249767,0,0,8,8,8,14.935801633909024,0,9.3,-0.8,-3.11,Graduate
1,43,1,9086,1,1,130.7,1,2,2,5,8,126.5,0,0,0,1,1,0,27,0,0,5,12,5,10.80429553988002,0,0,5,13,5,11.677185642582872,0,12.7,3.7,-1.69,Enrolled
1,39,1,9890,1,1,131.3,1,37,37,8,9,139.7,0,0,0,1,0,0,19,0,0,6,7,6,13.877120689494868,0,0,8,8,6,11.836191993134314,0,12.4,0.5,1.78,Graduate
1,42,1,9062,1,40,132.1,1,3,38,3,5,99.2,0,0,0,1,0,0,31,0,7,12,12,11,13.308255893244382,0,4,11,13,11,12.81923075755312,0,15.5,2.7,-4.04,Dropout
1,2,1,9136,1,1,126.4,1,1,37,3,2,106.3,1,0,0,1,0,0,21,0,0,6,8,6,12.124633395349147,0,0,6,8,5,10.430562548014905,0,13.8,-0.3,0.77,Graduate
1,39,1,9122,1,1,132.4,1,38,36,9,8,148.8,0,0,0,1,0,0,22,0,0,5,6,5,12.348202957554443,0,0,5,5,5,13.970940555459702,0,12.7,3.7,-1.71,Graduate
1,1,1,9123,1,1,132.2,1,2,19,3,6,117.5,0,0,0,1,0,0,19,0,0,6,6,6,12.13794442959226,0,0,6,6,6,14.39498779656067,0,11.1,0.7,2.04,Dropout
2,40,1,8054,0,1,133.4,1,35,37,3,2,146.4,0,0,0,1,0,0,43,0,0,6,6,0,0.03267037823463475,0,0,6,6,0,0.29210488370479837,0,9.0,1.4,3.47,Dropout
1,1,6,9509,1,1,138.5,1,3,1,2,4,126.9,1,0,0,1,0,0,18,0,0,8,8,7,13.373511362768832,0,0,8,8,7,13.172751873679477,0,12.5,0.5,1.79,Graduate
1,40,1,9223,1,1,134.3,1,38,38,11,9,155.5,0,0,0,1,1,0,37,0,0,6,5,0,0.0,0,0,6,6,0,0.0,0,15.6,2.8,-4.02,Graduate
1,1,1,9944,1,1,130.4,1,37,38,9,8,126.5,1,0,0,1,0,0,20,0,0,6,0,0,0.0,0,0,6,0,0,0.0,0,9.3,-0.8,-3.14,Dropout
2,45,1,8181,0,3,130.0,1,37,37,9,10,122.5,0,0,0,1,0,0,38,0,13,10,12,12,12.67396004071453,0,8,12,13,11,14.217098734050456,0,9.4,-0.8,-3.12,Graduate
1,1,4,9606,1,1,129.5,1,2,2,2,3,118.3,1,0,0,1,0,0,19,0,0,7,7,6,11.805319425315282,0,0,8,9,8,12.228940418365122,0,13.9,0.6,-3.89,Dropout
1,1,1,9635,1,1,141.2,1,2,2,1,4,132.8,1,0,0,1,1,0,19,0,0,7,7,6,13.850903082901205,0,0,8,10,8,0.16675346725047405,0,13.9,-0.3,0.79,Dropout
1,1,3,9546,1,1,132.9,1,37,38,4,7,132.0,1,0,0,1,0,0,17,0,0,6,6,6,0.05120011918554393,0,0,6,5,6,0.13617670638797252,0,7.7,2.6,0.32,Graduate
1,43,1,9193,1,39,156.4,1,3,3,0,5,152.6,0,0,0,1,1,0,20,0,2,6,7,6,13.360070277478673,0,0,5,5,5,12.33907916194935,0,14.0,-0.3,0.87,Graduate
1,1,1,9541,1,1,131.8,1,36,38,8,9,132.0,0,0,0,1,0,1,19,0,0,6,8,6,12.675257049546072,0,0,6,8,6,12.829308196383401,0,15.5,2.8,-4.04,Graduate
1,1,1,9924,1,1,130.5,1,1,37,2,5,110.7,1,0,0,1,0,0,20,0,0,7,11,6,12.438759295625767,0,0,7,12,6,10.673676902942523,0,13.8,-0.2,-4.05,Enrolled
1,2,1,9154,1,1,135.6,1,4,1,5,4,111.6,1,0,0,1,1,0,19,0,0,6,12,4,12.330589702886792,0,0,6,11,5,12.171910002592563,0,13.9,-0.3,0.79,Enrolled
1,18,1,9204,1,1,128.9,1,1,1,4,4,118.4,0,0,0,1,1,0,20,0,0,5,6,4,12.252754696525177,0,0,6,6,0,0.0,0,15.5,2.8,-4.06,Dropout
1,1,1,9809,1,1,133.2,1,35,33,2,2,133.6,1,0,0,1,1,0,19,0,0,6,0,0,0.33684277907895094,0,0,6,0,0,0.0,0,7.8,-0.8,0.32,Dropout
1,1,1,9396,1,1,129.3,1,37,37,9,10,130.3,0,0,0,1,0,1,19,0,0,7,7,6,14.009121464738516,0,0,7,7,6,13.88836619514025,0,16.1,0.3,-0.93,Graduate
1,1,3,9403,1,1,134.4,1,3,2,2,8,138.6,1,0,0,1,0,1,18,0,0,6,7,6,13.421722951634504,0,0,6,8,6,14.205939244955987,0,9.4,-0.8,-3.13,Graduate
1,39,1,33,1,3,150.6,1,38,38,9,7,141.4,0,0,0,1,0,0,33,0,0,0,1,0,0.0,0,0,0,0,0,0.4465138080596744,0,10.8,1.4,1.78,Graduate
2,39,1,9779,0,1,134.8,1,37,37,8,9,96.4,0,0,0,1,0,0,44,0,0,6,11,3,11.040081827459804,0,0,6,7,5,11.262199922820187,0,7.7,2.6,0.32,Dropout
1,1,1,9161,1,1,137.6,1,2,1,5,1,132.6,1,0,0,1,0,0,19,0,0,6,7,6,13.586905251392988,0,0,6,8,6,14.202510277777208,0,9.1,1.4,1.82,Graduate
1,2,1,9196,1,1,117.1,1,4,1,3,6,115.7,1,0,0,1,0,0,19,0,0,6,7,6,13.010402426970677,0,0,6,7,5,11.882049552687805,0,13.9,-0.3,0.78,Graduate
1,2,1,9137,1,1,129.8,1,2,2,4,1,122.7,0,0,0,1,1,0,18,0,0,5,5,0,0.0,0,0,5,5,0,0.30844738730625737,0,14.0,-0.8,-3.11,Dropout
1,1,1,9282,1,1,116.9,1,1,38,5,8,120.4,1,0,0,1,1,0,19,0,0,5,5,4,13.177740983260202,0,0,5,6,4,13.530039199963094,0,12.7,-0.8,-3.14,Dropout
1,43,1,9098,1,1,128.3,1,3,1,6,1,104.9,1,0,0,1,0,0,28,0,0,6,10,3,10.4474852839887,0,0,6,12,2,10.02957884740012,0,10.8,1.4,1.73,Dropout
1,1,1,9762,1,1,120.1,1,3,19,3,3,121.3,1,0,0,1,0,1,18,0,0,6,8,6,13.132495012658772,0,0,6,9,6,11.785472682057865,0,16.2,0.4,-0.93,Graduate
2,39,1,9724,0,1,136.9,1,38,37,2,3,129.4,0,0,0,1,0,0,39,0,0,6,6,4,14.027987688378225,0,0,5,8,5,13.875727192136852,0,9.2,1.4,-3.14,Graduate
1,1,1,9357,1,1,132.3,1,38,37,8,2,139.0,0,0,0,1,0,0,21,0,0,6,7,6,13.620200385310572,0,0,6,7,6,14.540928003684828,0,7.6,2.6,0.32,Graduate
1,40,1,9391,1,1,133.2,1,38,36,10,9,103.8,0,0,0,1,0,0,22,0,0,7,11,6,12.335864556808362,0,0,8,12,0,0.032848613344349076,0,15.5,1.4,-4.06,Dropout
1,2,1,9234,1,1,131.5,1,37,38,4,8,127.2,1,0,0,1,0,0,20,0,0,6,6,6,13.486588112733061,0,0,6,6,6,11.601032489651951,0,10.8,1.4,1.79,Graduate
1,1,1,9416,1,1,132.7,1,2,2,3,3,143.4,0,0,0,1,1,0,18,0,0,6,6,0,0.30765200221444605,0,0,6,5,0,0.17383292437595188,0,12.8,0.6,1.98,Graduate
1,42,1,9179,1,1,129.7,1,1,1,4,1,131.0,0,0,0,1,1,0,20,0,0,6,10,4,11.597621582627733,0,0,6,11,2,10.634789355828097,0,7.6,2.6,0.32,Dropout
1,39,1,9222,1,40,131.6,1,2,2,1,4,145.8,0,0,0,0,1,0,34,0,0,6,10,0,0.19622366822016518,0,0,6,11,0,0.00320421872509378,0,9.0,1.4,3.49,Dropout
1,18,1,9146,1,1,120.1,1,2,2,3,1,125.8,1,0,0,1,1,0,18,0,0,5,6,0,0.0037576189955143228,0,0,5,5,0,0.0,0,8.9,1.4,3.49,Dropout
1,38,1,33,1,1,129.2,1,1,2,3,5,106.0,0,0,0,1,0,0,21,0,0,7,0,0,0.11451161100131389,0,0,0,0,0,0.0,0,11.1,0.6,2.03,Dropout
1,43,1,9677,1,1,133.3,1,2,1,3,5,110.2,0,0,0,1,1,0,20,0,0,7,10,4,12.40410599577065,0,0,7,12,2,10.119474319410685,0,15.5,2.7,-4.06,Dropout
1,40,1,9485,1,41,134.0,1,2,2,4,7,100.0,0,0,0,1,1,0,32,0,0,7,11,4,12.255233603413945,0,0,6,12,2,0.010581051728939467,0,12.6,0.6,1.95,Dropout
1,1,1,9503,1,1,133.1,1,2,1,6,4,126.2,1,0,0,1,0,0,19,0,0,6,6,0,0.26153057087707643,0,0,6,0,0,0.03068389712995892,0,9.4,-0.8,-3.11,Graduate
1,43,1,9569,1,1,130.0,1,2,2,5,6,133.5,0,0,0,1,0,0,19,0,10,7,12,12,12.578870095434509,0,4,11,10,10,13.670270239586234,0,13.9,-0.3,0.78,Graduate
1,1,1,9065,1,1,128.1,1,3,2,5,6,125.0,1,0,0,1,0,0,18,0,0,6,8,5,13.409410240489661,0,0,6,8,5,13.412877876941232,0,12.5,0.5,0.78,Graduate
1,1,3,9635,1,1,132.8,1,19,37,2,8,128.0,1,0,0,1,0,0,18,0,0,6,6,6,12.360506334662071,0,0,6,8,5,13.54828097727979,0,10.8,1.4,1.78,Graduate
1,17,1,9168,1,1,121.9,1,19,37,9,9,122.9,0,0,0,1,0,0,21,0,0,5,8,3,11.55609952355004,0,0,5,9,4,11.594470982221708,0,12.5,0.5,1.81,Enrolled
1,17,1,9257,1,1,135.4,1,38,37,9,8,119.9,0,0,0,1,1,0,18,0,0,5,6,3,0.0,0,0,5,5,0,0.11819660177623002,0,9.2,2.6,0.32,Dropout
1,1,1,9458,1,1,134.5,1,2,2,2,4,132.1,1,0,0,1,0,0,18,0,0,7,8,7,13.350175199236205,0,0,8,8,8,13.874272647568256,0,12.4,0.5,1.81,Graduate
1,42,1,9108,1,40,130.3,1,1,38,3,6,127.8,0,0,0,1,0,0,25,0,10,11,11,13,11.687391385893628,0,4,11,18,12,12.808242282279807,0,13.8,-0.2,0.79,Graduate
1,1,1,860,1,1,127.9,1,38,38,8,7,147.3,0,0,0,1,1,0,19,0,0,0,0,0,0.25107058025765655,0,0,0,0,0,0.0,0,12.6,3.7,-1.71,Graduate
1,1,1,9129,1,1,136.7,1,38,38,3,2,146.7,0,0,0,1,1,0,19,0,0,5,6,0,14.752241463280484,0,0,5,6,0,14.87158412778609,0,7.6,-0.3,0.33,Graduate
2,42,1,8366,0,3,132.5,1,37,37,4,5,132.1,0,0,0,1,0,0,57,0,10,11,12,10,12.475619238217273,0,4,11,17,11,12.00334448307022,0,14.0,-0.3,0.79,Graduate
1,43,1,9765,1,1,131.8,1,2,33,0,2,126.8,0,0,0,1,1,0,31,0,0,5,12,3,13.23797883926974,0,0,5,8,2,12.487629965583492,0,9.3,-0.8,-3.12,Dropout
1,1,1,9891,1,1,130.2,1,37,37,9,8,128.0,1,0,0,1,0,0,19,0,0,6,6,6,11.851224564138574,0,0,6,6,6,12.415892636208591,0,7.7,2.6,0.31,Graduate
1,1,1,9117,1,1,131.8,1,38,38,10,9,121.0,0,0,0,1,0,0,20,0,0,5,6,3,10.646736967371343,0,0,5,5,4,11.830274165530001,0,8.9,1.4,1.8,Enrolled
1,44,1,9133,1,1,135.7,1,2,1,5,7,118.8,1,0,0,1,0,0,21,0,0,7,11,3,10.86843060319151,0,0,7,16,2,11.857677276047006,0,7.6,2.6,0.33,Dropout
1,43,1,9082,1,40,133.4,1,3,37,9,8,126.6,0,0,0,1,0,0,29,0,6,10,12,12,13.930231130938559,0,4,10,11,10,13.337499259382419,0,9.0,2.7,3.48,Graduate
1,39,1,9176,1,1,137.4,1,36,37,8,8,110.1,0,0,0,0,1,0,26,0,0,6,1,0,0.0,0,0,6,0,0,0.0,0,16.1,0.4,0.8,Dropout
2,38,1,8033,0,1,128.6,1,37,37,10,8,135.1,0,0,0,1,0,0,46,0,0,6,5,4,10.920112968498414,0,0,6,6,5,13.127306652782412,0,9.3,-0.8,-3.11,Graduate
1,1,1,9398,1,1,139.3,1,37,37,9,10,123.2,1,0,0,1,0,1,18,0,0,7,7,6,15.993389840774558,0,0,8,8,8,13.151867592289602,0,9.2,-0.8,-3.12,Graduate
1,6,1,9622,1,1,132.7,1,2,2,5,3,153.7,0,0,0,1,0,0,18,0,0,7,7,7,0.5285567866679259,0,0,8,10,8,0.30606158904714587,0,11.1,0.6,2.0,Dropout
1,1,1,9584,1,1,130.3,1,38,37,8,9,122.8,1,0,0,1,0,1,19,0,0,6,8,5,11.94883264930577,0,0,8,8,7,12.549889684953522,0,8.9,1.4,1.8,Graduate
1,1,1,9444,1,1,134.5,1,19,37,9,8,130.7,1,0,0,1,0,1,18,0,0,7,7,6,13.868409858549093,0,0,8,8,8,13.233534604669464,0,16.2,0.5,-0.84,Graduate
1,1,1,9229,1,1,131.9,1,37,37,2,3,126.8,1,0,0,1,0,0,19,0,0,5,8,5,11.885062452829557,0,0,5,8,5,10.305479737045344,0,9.4,-0.8,-3.12,Graduate
1,39,1,9351,1,1,131.2,1,37,37,8,8,117.6,0,0,0,1,0,0,33,0,0,7,11,4,11.943385665197313,0,0,7,11,11,11.691170120829822,0,9.0,0.5,1.83,Dropout
1,39,1,9747,1,1,132.1,1,38,38,4,7,113.3,1,0,0,1,0,0,26,0,0,6,12,4,11.547944948754832,0,0,6,11,0,0.0,0,9.4,-0.8,-3.12,Dropout
1,40,1,9722,1,1,133.3,1,37,37,10,8,118.0,1,0,0,0,1,0,25,0,0,5,0,0,0.034134481128701565,0,0,5,0,0,0.2582111764447055,0,9.4,-0.8,-3.13,Dropout
1,39,1,9747,1,1,133.4,1,38,37,9,5,129.7,0,0,0,1,0,0,19,0,0,6,10,4,11.06037400450749,0,0,7,12,4,11.886116435746777,0,16.1,0.4,-0.91,Dropout
2,38,1,8098,0,18,127.8,1,37,37,7,7,99.5,0,0,0,1,0,0,40,0,0,6,12,4,11.251840908506392,0,0,6,12,2,11.7464182736623,0,10.8,1.4,1.74,Dropout
1,1,1,9991,1,1,134.0,1,38,38,9,9,108.6,1,0,0,1,0,1,18,0,0,6,8,6,11.946912878629012,0,0,6,8,6,11.393226297793069,0,13.9,-0.3,0.79,Graduate
1,1,3,9738,1,1,131.9,1,38,38,9,9,127.0,1,0,0,1,0,1,19,0,0,6,7,6,12.794656443222674,0,0,6,8,6,14.201550545908187,0,15.6,2.7,0.32,Graduate
1,43,1,9414,1,1,149.4,1,4,3,3,4,130.6,0,0,0,1,0,0,27,0,2,8,8,8,12.103314342981673,0,2,8,8,8,12.987875322973663,0,9.4,-0.8,-3.12,Graduate
1,1,1,9144,1,1,128.2,1,37,37,10,11,127.9,0,0,0,1,0,1,21,0,0,5,5,5,12.077926482020242,0,0,5,6,5,13.286989788669711,0,10.8,1.4,1.75,Graduate
1,1,2,9375,1,1,130.5,1,2,2,4,2,125.7,1,0,0,1,0,0,17,0,0,6,8,6,13.211437677547943,0,0,6,8,6,12.624041232558316,0,9.4,-0.8,-3.12,Graduate
1,1,1,9645,1,1,141.2,1,19,38,9,8,138.2,1,0,0,1,0,1,18,0,0,6,8,6,13.867344579591384,0,0,6,8,6,14.334557213425352,0,12.6,3.7,-1.7,Graduate
1,17,3,9284,1,1,117.7,1,19,37,4,9,117.3,1,0,0,1,0,0,18,0,0,6,6,6,11.23135122985597,0,0,6,6,6,10.69835767233046,0,12.4,0.5,1.81,Graduate
2,39,1,7912,0,1,134.1,1,37,37,8,10,128.3,0,0,0,1,0,0,27,0,0,5,6,3,12.77966656189329,0,0,5,5,0,12.79867977015648,0,10.8,1.4,1.76,Dropout
1,17,2,9120,1,1,121.9,1,1,3,5,2,119.1,1,0,0,1,0,0,19,0,0,6,6,3,13.378484063615272,0,0,6,6,0,10.539280685782185,0,13.8,-0.3,0.76,Dropout
1,1,1,9236,1,1,134.7,1,37,38,9,10,125.9,1,0,0,1,0,1,18,0,0,7,8,7,11.533847016511768,0,0,8,8,7,13.374092530141427,0,12.6,-0.3,0.78,Graduate
1,42,1,9682,1,1,141.6,1,1,2,4,5,126.1,1,0,0,1,0,0,21,0,0,8,8,7,12.8736646408847,0,0,8,8,7,14.38577403235366,0,9.2,0.5,1.81,Graduate
1,1,1,9519,1,1,141.4,1,1,2,5,2,127.3,1,0,0,1,0,0,19,0,0,8,8,8,13.876710377795833,0,0,8,8,8,13.89853631895672,0,9.3,-0.8,-3.12,Graduate
1,43,1,9415,1,1,130.5,1,2,37,4,0,99.7,0,0,0,1,0,0,22,0,0,7,10,7,12.122587959081313,0,4,8,10,7,12.8602400910095,0,13.9,-0.3,0.79,Dropout
1,45,1,9060,1,1,129.7,1,1,3,2,7,108.8,0,0,0,1,0,0,21,0,10,11,12,4,10.970272486518969,0,3,7,16,2,11.30908448481346,0,13.8,2.7,-4.03,Dropout
1,1,2,9634,1,1,132.6,1,19,37,9,9,122.7,1,0,0,1,1,0,19,0,0,0,0,0,0.009971172370659349,0,0,0,1,0,0.0,0,9.0,2.7,3.51,Dropout
1,1,1,136,1,1,131.3,1,3,2,4,4,140.7,1,0,0,1,0,0,21,0,0,0,0,0,0.9425667067538496,0,0,0,0,0,0.13093306913896666,0,10.8,1.4,1.75,Dropout
1,17,1,9073,1,1,124.8,1,2,3,1,4,115.1,1,0,0,1,0,0,18,0,0,6,11,4,10.253937713717836,0,0,6,12,4,9.421517889136103,0,14.0,-0.3,0.77,Dropout
1,17,2,9088,1,1,118.4,1,2,37,4,3,120.2,1,0,0,1,1,0,19,0,0,5,5,2,0.0,0,0,5,5,0,0.0,0,9.4,-0.8,-3.13,Dropout
1,1,1,9137,1,1,129.4,1,3,20,8,8,126.5,1,0,0,1,0,1,19,0,0,6,6,6,14.251002209789698,0,0,6,6,6,12.801454005241938,0,9.0,1.4,3.49,Graduate
1,38,1,9089,1,1,128.2,1,37,37,9,8,104.0,0,0,0,1,1,0,41,0,0,5,6,0,0.0,0,0,5,6,0,0.0,0,12.5,0.5,1.82,Dropout
1,1,1,9141,1,1,134.8,1,37,37,10,10,123.9,0,0,0,1,0,0,20,0,0,5,5,5,10.827240793021403,0,0,5,5,5,12.618455591704887,0,7.7,2.6,0.32,Graduate
1,42,1,9502,1,1,128.8,1,3,1,1,3,132.6,0,0,0,1,0,0,18,0,0,7,10,7,14.39039379126331,0,0,8,11,8,12.622264760613588,0,15.5,2.8,-4.06,Dropout
2,39,1,9806,0,19,131.7,1,36,37,10,9,105.4,0,0,0,0,1,0,48,0,0,5,0,0,0.11584723990263734,0,0,5,0,0,0.0,0,9.3,-0.8,-3.11,Dropout
2,39,1,33,1,19,133.9,1,37,38,9,7,158.0,0,0,0,1,0,0,43,0,11,13,17,12,0.20891347950621575,0,8,11,1,11,0.20820059768229462,0,15.8,2.8,-3.87,Dropout
1,1,1,9532,1,1,131.9,1,2,3,5,2,130.5,1,0,0,1,0,0,18,0,0,7,0,7,14.604903900502098,0,0,8,0,8,0.5026344781055029,0,15.5,0.6,-4.06,Dropout
1,17,1,9212,1,1,117.9,1,19,38,9,8,113.1,1,0,0,1,0,0,18,0,0,6,1,0,0.3922153880220584,0,0,6,0,0,0.0,0,12.5,0.5,1.8,Dropout
2,39,1,9700,0,1,130.8,1,37,38,8,8,149.0,0,0,0,0,0,0,27,0,0,4,11,0,0.16184906852728925,0,0,6,0,0,0.018205738085011133,0,10.8,1.4,1.79,Dropout
1,38,1,9120,0,1,130.6,1,37,37,9,10,146.9,0,0,0,1,1,0,22,0,0,5,5,0,0.017520411233715817,0,0,5,5,0,0.7111785689730448,0,12.6,3.7,-1.74,Graduate
1,39,1,9487,1,1,131.4,1,38,37,9,7,105.9,0,0,0,1,0,0,28,0,12,11,13,12,12.44946352171814,0,10,12,15,10,11.15939276280646,0,15.8,2.6,0.32,Dropout
1,1,1,9176,1,1,135.0,1,37,38,10,9,120.3,0,0,0,1,0,1,18,0,0,5,6,5,12.347852990717234,0,0,5,6,5,11.621739395624855,0,11.1,0.6,2.03,Graduate
1,38,1,9204,1,1,131.3,1,1,36,4,7,115.5,0,0,0,1,1,0,25,0,0,5,10,1,10.39319681185349,0,0,5,12,2,9.840323604252795,0,12.6,-0.3,0.78,Dropout
1,40,1,9520,1,1,131.3,1,37,37,2,3,112.0,0,0,0,1,0,0,26,0,0,7,12,3,11.881776865579614,0,0,8,12,1,11.552886754345865,0,12.6,3.7,-1.72,Dropout
1,43,1,9043,1,1,133.6,1,1,4,2,1,114.2,0,0,0,0,1,0,30,0,0,6,12,0,0.0,0,0,6,12,0,0.10614691336427569,0,12.6,0.5,1.83,Dropout
1,43,1,9120,1,41,130.2,1,1,1,8,4,151.4,0,0,0,1,0,0,32,0,12,11,24,12,12.921043525676485,0,9,11,15,11,12.370792551630124,0,15.8,0.4,0.79,Graduate
1,17,1,9240,1,1,119.4,1,2,2,5,7,109.2,1,0,0,1,1,0,21,0,0,5,12,4,10.543999482056062,0,0,5,12,3,10.588433430941341,0,12.4,0.5,1.78,Enrolled
1,17,2,9170,1,1,115.1,1,19,37,4,10,112.0,1,0,0,1,1,0,19,0,0,5,10,4,10.151586683978385,0,0,5,9,3,10.219930246967504,0,13.9,-0.3,0.78,Enrolled
1,38,1,9706,1,1,132.3,1,37,37,4,3,154.5,0,0,0,1,0,0,49,0,0,6,5,6,13.067271597307933,0,0,6,6,6,14.321700457966658,0,9.0,2.7,3.5,Graduate
1,18,3,9151,1,1,119.6,1,2,1,5,4,124.5,1,0,0,1,0,0,18,0,0,6,6,6,13.569114817521212,0,0,6,5,6,12.046721381978871,0,8.9,1.4,3.49,Graduate
1,43,1,9588,1,40,159.6,1,1,1,2,3,149.8,0,0,0,1,0,0,35,0,2,6,9,6,14.283440921467243,0,1,6,8,2,13.802054757676222,0,14.0,-0.3,-0.91,Dropout
1,38,1,9136,1,1,131.8,1,37,37,3,2,114.8,0,0,0,1,1,0,19,0,0,5,11,2,11.714637428585101,0,0,5,12,2,0.0,0,14.0,3.7,-1.7,Dropout
1,39,1,9221,1,39,131.6,1,3,1,4,4,154.9,0,0,0,1,1,0,28,0,0,5,9,4,12.433775111469709,0,0,5,5,2,13.52139852141868,0,12.4,0.5,1.8,Dropout
1,39,1,9123,1,1,136.0,1,1,2,4,2,111.5,0,0,0,1,1,0,30,0,0,5,9,2,0.0,0,0,5,11,0,0.0,0,7.6,2.6,0.32,Dropout
1,1,1,9022,1,1,129.8,1,2,37,4,3,119.9,1,0,0,1,0,0,20,0,0,5,8,5,12.699129743526225,0,0,5,8,5,10.286231944427756,0,10.8,1.4,1.79,Enrolled
1,1,1,9166,1,1,141.6,1,2,1,1,6,124.1,1,0,0,1,0,0,19,0,0,5,7,5,15.668287891610444,0,0,5,8,5,13.710192565134808,0,7.6,2.6,0.33,Graduate
1,44,1,9429,1,1,140.5,1,2,2,2,8,126.4,1,0,0,1,0,0,21,0,0,6,13,4,12.919504854085336,0,0,6,11,2,13.736807845420453,0,12.6,-0.8,-1.72,Dropout
1,43,1,9582,1,1,130.7,1,3,2,3,4,127.6,0,0,0,1,0,0,19,0,0,7,7,7,13.126750028727821,0,4,8,8,8,14.342688236907463,0,9.0,2.7,0.79,Graduate
1,1,1,9149,1,1,133.8,1,3,1,3,2,129.4,1,0,0,1,0,0,18,0,0,5,5,4,13.317753440704202,0,0,5,5,5,12.53477317138189,0,9.2,2.6,0.32,Graduate
1,1,1,9695,1,1,139.6,1,38,38,9,8,133.6,1,0,0,1,0,1,18,0,0,6,7,6,14.949278367320321,0,0,6,7,6,14.6746403423541,0,13.8,-0.3,0.78,Graduate
1,1,1,9757,1,1,130.9,1,2,3,7,6,117.5,1,0,0,1,1,0,18,0,0,6,0,0,0.3463087219110588,0,0,6,0,0,0.0,0,13.9,-0.4,0.79,Dropout
1,45,1,9163,1,40,133.8,1,3,2,4,4,155.0,0,0,0,1,1,0,20,0,0,7,8,6,13.476937376454472,0,1,8,9,7,13.21415503707221,0,14.1,0.5,0.91,Graduate
1,39,1,9286,1,1,135.9,1,3,38,2,9,124.6,0,0,0,1,0,0,20,0,0,7,12,11,13.790618080901723,0,4,7,12,8,12.23103815934586,0,15.5,2.7,-4.05,Graduate
1,18,1,9531,1,1,121.9,1,2,3,5,7,122.2,1,0,0,1,0,0,20,0,0,6,11,4,11.235294232272288,0,0,6,12,3,11.344144937950503,0,12.5,0.5,1.8,Dropout
1,1,1,9497,1,1,140.5,1,1,1,2,4,129.0,1,0,0,1,0,0,18,0,0,7,7,7,14.067030820874502,0,0,8,1,8,0.15647875346164408,0,12.7,3.7,-1.7,Dropout
1,39,1,9270,1,1,134.3,1,2,4,4,4,121.8,0,0,0,0,1,0,29,0,0,6,0,0,0.0,0,0,6,0,0,0.12849794755663022,0,14.0,-0.3,0.78,Dropout
1,2,4,9518,1,1,135.1,1,2,2,2,5,131.5,1,0,0,1,0,0,18,0,0,7,8,7,12.914993611384723,0,0,8,8,8,16.03730638254533,0,13.9,-0.3,0.79,Graduate
1,39,1,9925,1,1,132.2,1,37,36,9,8,122.2,0,0,0,1,0,0,44,0,0,6,10,4,11.073960123816367,0,0,6,12,4,10.5061311378862,0,16.1,0.4,-0.92,Enrolled
1,1,1,8994,1,1,138.5,1,2,38,2,2,132.2,1,0,0,1,0,1,18,0,0,6,7,6,15.269306317933665,0,0,6,8,5,15.144308923302995,0,9.0,1.4,3.48,Graduate
1,44,1,9177,1,40,129.6,1,2,1,6,4,98.1,0,0,0,1,1,0,42,0,8,7,12,3,11.985265809525469,0,4,7,14,0,0.0,0,15.9,-0.4,0.78,Dropout
1,1,1,9134,1,1,160.8,1,37,37,1,3,154.8,0,0,0,1,0,0,17,0,0,5,6,5,13.197219715357946,0,0,5,5,5,14.52016486580614,0,7.6,2.6,0.32,Graduate
1,1,1,9720,1,1,133.0,1,1,3,3,4,152.0,1,0,0,1,1,0,18,0,0,5,6,0,0.4711211590846217,0,0,5,6,0,0.17284354301133875,0,7.6,2.6,0.32,Dropout
1,1,1,9536,1,1,136.5,1,2,2,3,4,138.1,0,0,0,1,1,0,22,0,0,6,7,6,13.40961299254645,0,0,6,10,5,12.470725738859098,0,12.5,0.5,1.84,Graduate
1,38,1,8102,1,1,132.7,1,36,34,2,4,132.7,0,0,0,1,0,0,38,0,0,6,7,0,0.1833774932130689,0,0,6,7,6,0.0,0,7.6,2.6,0.33,Graduate
1,1,1,9170,1,1,132.4,1,3,37,4,2,122.5,1,0,0,1,0,0,20,0,0,6,9,4,13.048356289062127,0,0,6,6,4,12.075821258564982,0,13.9,-0.3,0.8,Enrolled
1,43,1,9282,1,1,127.0,1,3,3,3,3,124.5,1,0,0,1,1,0,20,0,0,6,10,5,14.299549805658735,0,0,6,8,5,13.63338611039052,0,12.5,0.5,1.81,Enrolled
1,1,1,9071,1,1,131.9,1,37,38,9,9,127.7,1,0,0,1,0,1,19,0,0,6,5,6,14.706418619373181,0,0,6,6,6,11.297173429310707,0,15.5,1.4,3.46,Graduate
1,18,2,9747,1,1,120.6,1,3,37,6,5,122.1,1,0,0,1,0,0,19,0,0,7,8,6,10.692188612633565,0,0,6,8,7,10.358418912873248,0,14.0,-0.3,0.79,Graduate
1,1,2,9991,1,1,129.1,1,38,37,8,9,126.8,1,0,0,1,0,1,18,0,0,6,7,6,11.5129634188903,0,0,6,7,6,11.06332546672855,0,7.6,2.6,0.32,Graduate
1,1,1,9695,1,1,139.1,1,3,37,3,3,129.4,1,0,0,1,0,0,19,0,0,5,6,0,0.5789652814749722,0,0,5,6,0,0.7603989702653594,0,9.2,-0.8,1.8,Graduate
1,1,1,9217,1,1,126.8,1,2,37,5,2,118.4,0,0,0,1,1,0,21,0,0,5,9,4,13.385484336492011,0,0,5,9,5,10.625043913075299,0,7.6,2.7,0.33,Enrolled
1,39,1,9179,0,1,132.0,1,37,37,9,9,121.0,0,0,0,1,0,0,30,0,0,5,6,1,11.45497391883867,0,0,5,6,4,9.261663333908809,0,9.4,-0.8,-3.13,Dropout
1,1,1,9530,1,1,133.1,1,3,3,4,2,121.5,1,0,0,1,0,0,18,0,0,6,7,6,12.172417846014092,0,0,6,9,5,13.55869203828252,0,13.9,-0.3,0.78,Graduate
1,1,1,9657,1,1,129.8,1,38,37,9,11,133.5,0,0,0,1,0,1,20,0,0,6,8,6,11.931368512608339,0,0,6,8,7,13.506720747427657,0,12.7,3.7,-1.7,Graduate
1,1,2,9580,1,1,129.3,1,19,38,3,7,131.6,1,0,0,1,0,1,18,0,0,6,8,6,13.73950016789397,0,0,6,8,7,14.354551363266289,0,12.4,0.5,1.76,Graduate
1,44,1,9414,1,1,132.2,1,2,2,1,3,129.7,1,0,0,1,0,0,21,0,0,7,9,6,13.240586462525426,0,0,8,11,7,12.770638460480763,0,12.6,-0.3,0.79,Enrolled
1,1,1,9102,1,1,132.6,1,37,38,9,9,115.9,1,0,0,1,0,0,20,0,0,5,11,4,11.887719881953071,0,0,5,10,4,12.93489126778135,0,9.5,-0.8,-3.12,Enrolled
1,43,1,9124,1,1,129.6,1,3,4,2,5,131.5,1,0,0,1,1,0,18,0,0,6,11,5,14.840635566199264,0,0,6,8,5,12.43780652826497,0,13.9,-0.4,0.78,Enrolled
1,1,1,9586,1,1,142.2,1,3,2,3,3,130.7,1,0,0,1,0,0,18,0,0,6,8,6,13.596887832515836,0,0,6,8,6,13.963356137815456,0,12.7,3.7,-1.72,Graduate
1,44,1,9110,1,1,130.0,1,4,4,4,2,113.6,0,0,0,1,1,0,21,0,0,5,12,2,10.380623856278048,0,0,5,12,2,10.924221153639584,0,13.9,-0.3,0.79,Dropout
1,38,1,9559,1,1,129.3,1,37,37,9,9,95.2,0,0,0,1,1,0,35,0,0,6,1,0,0.09485357725123608,0,0,6,0,0,0.09542294189689822,0,12.4,0.5,1.77,Dropout
1,39,1,9853,1,1,127.7,1,38,37,4,4,123.2,0,0,0,1,1,0,26,0,0,5,0,0,0.0,0,0,5,0,0,0.0,0,7.6,2.6,0.31,Dropout
1,1,1,9681,1,1,143.1,1,2,3,1,8,130.5,1,0,0,1,0,0,19,0,0,6,8,6,14.440521145647459,0,0,6,8,5,13.360857327226935,0,13.9,-0.3,0.79,Graduate
1,1,1,9283,1,1,130.7,1,19,37,6,9,127.6,1,0,0,1,1,0,19,0,0,5,6,0,0.0,0,0,5,5,0,0.0,0,9.4,-0.8,-3.13,Graduate
1,1,1,9167,1,1,128.9,1,2,3,4,5,125.4,0,0,0,1,1,0,17,0,0,5,11,3,12.037973786127818,0,0,5,9,2,14.81758037570849,0,12.7,3.6,-1.7,Dropout
1,38,1,9706,1,1,130.1,1,36,36,9,10,102.7,0,0,0,0,0,0,43,0,0,6,1,0,0.0,0,0,6,0,0,0.0,0,10.8,1.4,1.79,Dropout
1,1,2,9675,1,1,129.5,1,37,37,9,11,127.9,1,0,0,1,0,1,18,0,0,7,7,7,12.575812910006675,0,0,8,8,8,13.68364723176095,0,9.1,-0.8,1.81,Graduate
1,39,1,63,1,1,130.7,1,40,34,2,0,155.7,1,0,0,1,1,0,30,0,0,0,0,0,0.0,0,0,0,0,0,0.19399858111424817,0,7.6,2.6,0.33,Dropout
1,1,1,9671,1,1,138.9,1,36,37,9,7,131.4,1,0,0,1,0,1,18,0,0,6,7,6,13.933320620994044,0,0,6,7,6,15.121415711427597,0,9.4,-0.8,-3.13,Graduate
1,1,1,9894,1,1,132.0,1,1,1,1,7,132.3,1,0,0,1,0,0,19,0,0,6,7,6,14.372867980644305,0,0,6,7,6,12.797252134119928,0,14.0,-0.3,0.78,Graduate
1,2,1,9582,1,1,129.1,1,3,1,3,5,128.5,1,0,0,1,0,0,18,0,0,6,9,5,14.287591142780688,0,0,6,8,5,12.170801514462267,0,14.0,-0.3,0.79,Graduate
2,43,1,9716,1,1,129.4,1,39,38,1,6,129.1,0,0,0,1,0,0,50,0,5,7,10,11,13.2622469734007,0,5,7,11,8,14.97309613556355,0,7.8,2.6,0.32,Graduate
1,1,2,9263,1,1,120.6,1,38,37,9,8,118.9,1,0,0,1,0,1,19,0,0,5,6,5,12.706838658633648,0,0,5,5,5,11.796108022723576,0,9.4,-0.8,-3.11,Graduate
2,39,1,7946,0,3,135.5,1,36,38,10,10,129.0,0,0,0,1,0,0,47,0,13,12,27,12,13.637831739909801,0,4,11,12,10,13.473533918121241,0,12.5,0.5,1.83,Graduate
1,39,1,9991,1,1,134.6,1,38,37,9,8,107.5,0,0,0,0,0,0,35,0,0,6,10,0,0.0,0,0,6,11,0,0.0,0,9.3,-0.8,1.81,Dropout
1,39,1,9790,1,1,130.6,1,38,38,10,10,115.4,0,0,0,1,0,0,40,0,0,6,0,0,0.1926340456072111,0,0,6,0,0,0.0,0,12.4,0.5,1.79,Dropout
2,40,1,9493,1,3,129.9,1,37,37,9,7,144.5,0,0,0,1,1,0,32,0,0,6,0,0,0.06400260054937375,0,0,6,0,0,0.4844977606458726,0,16.0,0.4,-0.91,Dropout
1,39,1,9625,0,1,135.0,1,38,37,9,9,119.8,0,0,0,1,1,0,29,0,0,5,5,0,0.25283975537553927,0,0,5,5,0,0.0,0,9.0,1.4,3.46,Dropout
1,1,1,9044,1,1,131.5,1,37,37,11,9,128.9,0,0,0,1,0,1,20,0,0,5,5,5,12.310144099027301,0,0,5,7,5,11.954957743022023,0,10.8,1.4,1.74,Graduate
1,1,1,9443,1,1,134.3,1,36,37,9,9,128.6,1,0,0,1,0,1,20,0,0,6,8,5,10.707333257511443,0,0,6,8,5,11.43668580086401,0,9.1,2.7,0.77,Graduate
1,44,1,9937,1,1,132.8,1,37,37,9,8,110.7,0,0,0,1,0,0,34,0,12,11,23,13,12.649533144658362,0,7,13,0,11,13.560163122495169,0,9.4,-0.8,-3.11,Dropout
2,39,1,9185,0,39,133.3,1,2,2,1,4,163.7,0,0,0,1,1,0,34,0,2,5,10,2,11.970911035478334,0,1,5,11,2,0.0,0,13.8,2.7,0.79,Dropout
1,1,1,9608,1,1,129.5,1,39,38,9,10,126.8,1,0,0,1,0,1,18,0,0,7,8,7,12.694084137160011,0,0,8,8,7,13.206610606394111,0,12.7,0.5,-1.63,Graduate
2,39,1,9542,0,1,128.0,1,36,38,8,9,129.2,0,0,0,1,0,0,41,0,0,5,11,4,10.349093655789426,0,0,5,11,5,10.883971415992395,0,12.5,0.5,1.82,Dropout
1,1,1,9076,1,1,133.1,1,37,37,10,10,120.6,0,0,0,1,1,0,18,0,0,5,5,0,0.0,0,0,5,5,0,0.3359010664762514,0,9.2,0.5,1.92,Graduate
1,42,1,9437,1,1,137.3,1,2,2,2,1,134.9,0,0,0,1,0,0,19,0,0,7,9,7,15.609543066542072,0,0,8,9,8,13.9463261280019,0,12.6,0.4,-1.68,Dropout
1,1,1,9446,1,1,132.3,1,1,3,1,7,126.7,1,0,0,1,0,0,18,0,0,7,8,7,14.080152034366057,0,0,8,8,8,14.24519710483665,0,12.4,0.5,1.77,Graduate
1,1,1,1138,1,1,129.6,1,2,1,2,4,132.2,1,0,0,1,0,0,17,0,0,0,0,0,0.1445481431985995,0,0,0,0,0,0.0,0,9.3,-0.8,-3.11,Dropout
1,1,1,9646,1,1,138.1,1,1,1,2,3,129.2,1,0,0,1,0,0,18,0,0,7,7,6,13.698429094049548,0,0,8,9,6,13.285344345653812,0,16.1,0.4,-0.92,Graduate
1,38,1,9138,1,1,132.0,1,39,38,9,8,116.2,0,0,0,1,1,0,22,0,0,5,10,2,0.0,0,0,5,6,0,0.0,0,9.4,-0.8,-3.12,Dropout
1,38,1,9169,1,1,127.0,1,1,1,6,3,114.6,0,0,0,1,1,0,22,0,0,5,9,2,11.288422005115397,0,0,5,6,2,0.0,0,12.5,0.5,1.8,Dropout
1,39,1,9113,1,1,129.5,1,2,37,2,3,145.1,0,0,0,1,1,0,30,0,0,5,5,5,14.510511064607876,0,0,5,6,5,14.264743647502787,0,12.7,3.7,-1.71,Graduate
1,42,1,9549,1,1,154.1,1,36,37,6,5,135.6,0,0,0,1,0,0,34,0,0,7,8,7,12.668776436776833,0,0,8,8,8,14.96049419394437,0,14.0,3.7,-1.69,Graduate
1,1,2,9812,1,1,123.9,1,37,37,9,7,122.9,1,0,0,1,0,1,19,0,0,6,6,3,11.960408214353325,0,0,6,6,4,12.562542843084303,0,10.9,1.4,1.78,Graduate
1,1,1,9739,1,1,132.8,1,38,38,10,8,123.2,1,0,0,1,0,1,18,0,0,6,6,6,13.488184067393695,0,0,6,6,6,13.95310460109651,0,9.1,1.4,3.5,Graduate
1,42,1,9608,1,1,132.2,1,37,36,4,4,113.7,0,0,0,1,0,0,39,0,12,14,10,11,11.769791238465384,0,10,12,12,11,11.06365115148802,0,9.3,-0.8,-3.1,Dropout
1,1,1,9726,1,1,143.5,1,37,38,3,8,132.4,1,0,0,1,0,0,19,0,0,7,7,6,13.904104846679974,0,0,7,8,6,12.019162114839366,0,9.0,1.4,3.48,Graduate
1,43,1,9721,0,3,120.9,1,37,37,10,7,127.2,0,0,0,1,0,0,38,0,6,10,13,11,11.026453032526433,0,4,11,11,7,12.148631860345732,0,14.0,3.7,-1.7,Graduate
1,7,1,9027,1,1,156.3,1,2,1,6,0,151.0,0,0,0,1,1,0,18,0,0,6,6,6,15.529113649763708,0,0,6,5,5,16.393605293212406,0,14.1,0.6,0.92,Graduate
1,39,1,9438,1,1,129.0,1,19,36,9,8,120.3,1,0,0,1,0,0,20,0,0,7,12,6,12.084721990687619,0,0,8,11,0,0.0,0,12.4,0.5,1.78,Dropout
1,43,1,9719,1,1,132.1,1,2,2,2,2,129.3,1,0,0,1,0,0,18,0,0,7,11,9,12.920650852549024,0,0,7,8,7,11.997865694775957,0,7.7,2.6,0.32,Graduate
1,39,1,9066,1,1,133.8,1,2,1,3,4,142.9,0,0,0,1,1,0,24,0,0,5,5,0,0.6632627454466041,0,0,5,6,0,0.2361386663631424,0,9.0,1.4,3.49,Dropout
1,42,1,9138,1,41,142.9,1,2,2,3,4,156.7,0,0,0,1,0,0,19,0,6,11,11,7,12.627379205567358,0,4,10,16,7,13.613431877916163,0,15.6,1.4,1.81,Dropout
1,1,1,63,1,1,140.2,1,2,1,3,2,153.6,1,0,0,1,1,0,18,0,0,0,0,0,0.4965642148319027,0,0,0,0,0,0.1936155607268406,0,10.8,1.4,1.78,Dropout
1,1,1,9554,1,1,141.6,1,2,3,3,6,133.9,1,0,0,1,0,0,19,0,0,6,8,6,12.954440474852548,0,0,6,8,6,14.758673729333275,0,9.3,-0.8,-3.14,Graduate
1,1,1,9971,1,1,133.9,1,19,37,8,7,121.8,1,0,0,1,0,1,18,0,0,6,8,6,12.37560103847584,0,0,6,10,6,12.164765127112787,0,16.1,0.4,0.79,Graduate
1,39,1,9695,1,1,132.3,1,36,37,10,10,135.6,0,0,0,1,0,0,26,0,0,5,5,0,0.492390999657844,0,0,5,6,0,0.0,0,12.6,3.7,-1.74,Graduate
1,44,1,9921,1,40,135.1,1,2,38,2,3,122.1,0,0,0,1,0,0,20,0,2,7,13,6,14.340479125110017,0,2,7,12,7,11.475009228852791,0,13.9,-0.3,0.78,Graduate
1,38,1,9067,1,1,132.9,1,38,38,8,8,142.3,0,0,0,1,0,1,22,0,0,6,6,6,13.909570840402951,0,0,6,5,6,14.215709789297414,0,12.7,3.7,-1.59,Graduate
1,1,1,9539,1,1,134.8,1,37,39,6,4,126.2,1,0,0,1,0,0,18,0,0,6,8,6,13.4497649243732,0,0,6,8,6,13.44836507192858,0,9.4,-0.8,-3.12,Graduate
2,39,1,8254,0,1,132.7,1,37,37,9,8,108.4,0,0,0,1,0,0,55,0,0,6,5,0,0.0,0,0,6,7,0,0.0,0,8.9,1.4,3.46,Dropout
1,1,3,9570,1,1,134.2,1,37,36,9,10,130.1,1,0,0,1,0,1,19,0,0,6,7,6,15.468305287608448,0,0,6,7,6,12.214175814743282,0,14.0,0.5,0.89,Graduate
1,1,1,9573,1,1,131.8,1,3,3,2,5,110.7,1,0,0,1,0,0,20,0,0,7,11,5,12.272586669370712,0,0,6,11,5,12.041430873118175,0,13.9,-0.3,0.78,Enrolled
1,17,1,9109,1,1,134.3,1,2,1,2,3,115.6,1,0,0,1,1,0,18,0,0,6,11,0,0.0,0,0,6,0,0,0.0,0,7.7,2.6,0.31,Dropout
2,38,1,273,1,11,131.3,1,36,33,74,97,152.2,0,0,0,1,1,0,33,0,0,0,0,0,0.0,0,0,5,0,0,0.0,0,9.2,-0.8,-3.13,Dropout
1,39,1,9184,0,1,128.7,1,37,38,3,4,172.2,0,0,0,1,1,0,26,0,0,5,6,5,14.15775259650463,0,0,5,5,5,12.988751805394116,0,8.9,1.4,3.51,Graduate
1,43,1,9494,1,1,143.2,1,36,37,5,7,134.5,1,0,0,1,0,0,25,0,0,8,10,7,12.83292097361943,0,0,8,8,8,11.374330255045056,0,9.4,-0.8,-3.12,Graduate
1,1,1,9892,1,1,129.8,1,37,37,9,9,116.4,1,0,0,1,0,1,19,0,0,6,8,6,11.403252785937212,0,0,6,7,6,11.426250046582819,0,13.9,-0.4,0.79,Graduate
1,39,1,9250,1,1,140.7,1,37,38,8,8,154.7,0,0,0,1,0,1,20,0,0,7,7,6,12.988199522097526,0,0,8,6,6,11.75469009643707,0,12.6,3.7,-1.69,Graduate
1,39,1,1018,1,1,134.4,1,34,34,3,4,126.2,1,0,0,1,1,0,32,0,0,0,0,0,0.0,0,0,0,0,0,0.11894301625445193,0,9.0,1.4,3.49,Dropout
1,43,1,9743,1,1,132.6,1,38,38,4,2,129.7,0,0,0,1,0,0,20,0,2,7,11,5,11.464411144331473,0,1,7,8,7,10.898605039705794,0,8.9,1.4,1.81,Enrolled
1,42,1,9772,1,1,135.9,1,38,38,8,10,130.0,0,0,0,1,0,0,20,0,0,6,12,5,12.915820441839784,0,0,6,10,5,12.30652125535398,0,15.9,0.4,-0.92,Graduate
1,39,1,9262,0,1,131.3,1,38,37,8,9,138.3,0,0,0,1,1,0,28,0,0,5,5,0,0.0,0,0,5,5,0,0.0,0,11.1,0.6,2.01,Graduate
1,1,3,9201,1,1,140.2,1,1,37,4,3,129.5,1,0,0,1,0,1,18,0,0,6,8,6,13.734384835505715,0,0,6,8,5,11.126120188327738,0,9.3,-0.8,-3.12,Graduate
1,1,1,9439,1,1,129.9,1,2,2,3,5,143.4,0,0,0,1,0,0,19,0,0,7,7,6,15.05954848756365,0,0,8,7,6,13.64307970409888,0,15.9,0.4,0.81,Graduate
1,39,1,9145,1,1,133.1,1,36,38,10,8,146.1,0,0,0,1,1,0,44,0,0,5,5,0,0.0,0,0,5,0,0,0.19874385267348246,0,10.8,1.4,1.78,Dropout
2,40,1,7962,0,1,132.9,1,38,37,10,10,132.6,0,0,0,1,0,0,44,0,6,11,12,11,12.71103515292424,0,4,11,10,10,12.095447895829762,0,9.0,1.4,1.82,Graduate
1,1,1,9127,1,1,134.3,1,19,37,10,7,115.7,1,0,0,1,0,1,18,0,0,6,6,6,12.934557234257388,0,0,6,6,6,11.385201170534929,0,15.5,2.8,-4.06,Graduate
1,1,1,9743,1,1,138.9,1,19,38,3,7,132.6,1,0,0,1,0,1,19,0,0,8,8,7,13.279009611316233,0,0,8,8,7,14.363020966149826,0,12.6,3.7,-1.72,Graduate
1,1,1,9134,1,1,132.0,1,2,2,4,2,128.0,1,0,0,1,0,0,18,0,0,6,12,6,11.510837605067056,0,0,6,13,6,12.202857635705742,0,9.4,3.6,-3.11,Graduate
1,17,3,9307,1,1,122.9,1,1,37,4,6,128.8,1,0,0,1,0,0,18,0,0,6,6,0,0.0,0,0,6,6,0,0.11319958739131862,0,9.3,-0.8,-3.17,Dropout
2,39,1,7863,0,20,130.3,1,36,37,9,9,134.0,0,0,0,1,0,0,54,0,0,10,9,5,12.719186706005019,0,0,8,7,6,13.039929272434488,0,12.7,3.7,-1.72,Dropout
1,17,3,9703,1,1,121.0,1,1,19,4,7,117.1,1,0,0,1,0,1,17,0,0,6,8,6,11.603578717893797,0,0,6,7,6,11.502374673814513,0,14.1,0.6,0.96,Graduate
1,1,1,9241,1,1,138.9,1,3,2,1,2,152.9,1,0,0,1,1,0,17,0,0,5,6,5,13.939259892889101,0,0,5,6,5,12.528775508029842,0,9.1,2.7,0.78,Graduate
1,39,1,1004,1,1,132.4,1,30,37,0,3,157.0,1,0,0,1,1,0,35,0,0,0,0,0,0.0,0,0,0,0,0,0.0,0,7.6,2.6,0.32,Dropout
2,39,1,8027,0,3,132.6,1,36,37,10,11,136.6,0,0,0,1,0,0,54,0,9,11,7,12,13.97556305574033,0,5,7,11,11,12.396918805882171,0,13.9,2.6,0.78,Graduate
1,17,1,9194,1,1,133.0,1,19,38,4,7,120.9,0,0,0,1,1,0,21,0,0,6,6,0,0.0,0,0,6,5,0,0.0,0,16.2,2.9,-3.74,Dropout
1,1,1,9810,1,1,134.7,1,38,38,9,8,124.9,1,0,0,1,0,0,18,0,0,6,6,6,15.07877734887537,0,0,6,6,6,14.954392020838178,0,9.0,1.4,1.8,Graduate
1,1,1,9791,1,1,134.5,1,36,37,8,10,128.0,1,0,0,1,0,1,19,0,0,7,1,6,0.0,0,0,6,0,6,0.2981975455838139,0,12.4,0.5,1.81,Graduate
1,1,1,9843,1,1,136.7,1,37,39,10,7,133.1,1,0,0,1,0,1,19,0,0,7,7,6,13.911472579736358,0,0,7,8,6,14.259126710174234,0,9.1,2.7,3.49,Graduate
1,1,1,9153,1,1,122.6,1,38,37,9,10,104.4,1,0,0,1,0,1,20,0,0,6,8,5,9.7674479786752,0,0,6,11,5,9.515569731935088,0,13.7,0.5,1.8,Enrolled
1,1,1,9076,1,1,131.5,1,19,38,8,8,134.3,0,0,0,1,0,1,19,0,0,6,7,6,12.074431028426519,0,0,6,5,6,14.29252279041255,0,12.6,3.7,-1.65,Graduate
1,1,1,9051,1,1,132.2,1,37,38,10,9,108.8,0,0,0,1,0,0,18,0,0,5,6,4,13.803972870577532,0,0,5,5,0,0.0,0,11.0,0.6,1.93,Graduate
1,39,1,9849,1,1,131.3,1,37,37,10,9,95.0,0,0,0,0,1,0,28,0,0,6,10,0,0.0,0,0,5,5,0,0.0,0,13.9,-0.3,0.79,Dropout
1,1,1,9745,1,1,130.7,1,2,2,1,5,125.3,1,0,0,1,0,0,18,0,0,7,7,6,14.483838522817006,0,0,7,0,6,0.07444541294629066,0,13.9,2.7,0.32,Graduate
1,40,1,9434,1,39,155.5,1,2,2,3,6,148.6,0,0,0,1,1,0,27,0,0,6,7,6,15.428334175620769,0,0,6,6,5,13.186374018564985,0,14.0,-0.3,-1.7,Graduate
1,17,1,9101,1,1,130.2,1,2,3,3,1,113.5,1,0,0,1,0,0,20,0,0,6,10,4,12.355308301782605,0,0,6,12,3,11.621298135442302,0,7.6,2.6,0.32,Enrolled
1,16,2,9306,1,1,122.7,1,3,2,5,2,121.7,1,0,0,1,0,0,18,0,0,6,6,6,0.2949738049701603,0,0,6,6,0,0.0,0,10.8,1.4,1.74,Dropout
1,1,1,9552,1,1,142.5,1,38,38,8,5,125.2,1,0,0,1,0,0,18,0,0,8,7,8,15.153587723503684,0,0,8,8,6,13.50621873694476,0,9.0,1.4,3.48,Graduate
1,40,1,9164,1,1,127.0,1,38,37,8,6,149.9,0,0,0,1,1,0,26,0,0,5,6,0,0.6779037837788201,0,0,5,5,0,0.0,0,10.8,1.4,1.77,Graduate
1,1,1,9177,1,1,139.1,1,2,2,3,4,122.3,1,0,0,1,0,1,19,0,0,6,6,6,11.797101661235486,0,0,6,6,5,11.736820294714903,0,12.7,3.7,-1.69,Graduate
1,1,1,9580,1,1,138.3,1,4,2,3,3,126.3,1,0,0,1,0,0,19,0,0,6,8,6,12.000146614069738,0,0,6,8,5,11.751354094568658,0,12.6,3.7,-1.71,Graduate
1,1,1,9864,1,1,133.1,1,37,37,8,8,117.8,1,0,0,1,0,1,19,0,0,7,7,6,13.768710172960674,0,0,6,7,6,13.154367669174928,0,15.5,2.8,-4.06,Graduate
1,1,1,9291,1,1,141.6,1,2,3,4,4,126.5,1,0,0,1,0,0,18,0,0,7,8,6,15.081148017995423,0,0,8,8,8,12.367540442292453,0,13.9,-0.3,0.78,Graduate
2,40,1,9570,1,1,133.3,1,38,38,10,8,144.8,0,0,0,1,0,0,36,0,6,11,13,12,13.123393434357952,0,4,11,11,11,13.790070143471002,0,15.7,0.5,1.88,Graduate
1,17,2,9419,1,1,124.5,1,18,37,8,10,115.6,1,0,0,1,1,0,18,0,0,5,11,1,10.264145670788285,0,0,5,6,1,0.0,0,12.4,0.5,1.79,Dropout
2,42,1,8269,0,3,130.6,1,37,37,10,9,131.8,0,0,0,1,0,0,34,0,11,11,11,12,10.175664372594365,0,4,7,12,11,12.207849042151684,0,12.6,3.7,-1.7,Graduate
1,44,1,9737,1,1,131.5,1,37,38,9,9,107.3,1,0,0,1,0,0,21,0,0,7,13,5,11.166130326692446,0,0,7,12,7,11.50977735668349,0,13.9,-0.3,0.78,Enrolled
1,1,2,9539,1,1,135.6,1,1,1,4,2,126.7,1,0,0,1,0,0,18,0,0,6,13,0,0.0,0,0,6,0,0,0.0,0,9.3,-0.8,-3.11,Dropout
1,17,1,9117,1,1,116.9,1,2,19,5,5,120.3,1,0,0,1,0,1,18,0,0,6,8,5,11.510622459153652,0,0,6,8,5,10.787335776912414,0,15.4,1.4,-4.06,Enrolled
1,44,1,9105,1,1,129.5,1,1,2,3,5,109.0,0,0,0,0,1,0,28,0,0,5,11,2,0.0,0,0,5,10,0,0.0,0,13.9,-0.3,0.79,Dropout
1,1,1,240,1,1,130.0,1,1,38,8,9,148.6,1,0,0,1,1,0,18,0,0,0,0,0,0.0,0,0,0,0,0,0.0,0,9.0,1.4,3.48,Dropout
1,1,1,9792,1,1,141.2,1,38,38,9,9,130.6,1,0,0,1,0,1,18,0,0,6,7,6,14.65055872276524,0,0,6,7,6,14.26619191184992,0,7.6,2.6,0.32,Graduate
1,17,2,9120,1,1,122.6,1,1,19,5,3,125.8,1,0,0,1,1,0,19,0,0,5,5,0,12.728013997049654,0,0,5,5,0,0.2821053991994329,0,9.0,1.4,3.44,Graduate
1,1,2,9264,1,1,122.6,1,37,38,9,7,119.3,1,0,0,1,0,1,17,0,0,6,8,6,12.190069055843162,0,0,6,8,6,10.919678290514756,0,9.0,1.4,1.81,Graduate
1,1,1,9684,1,1,130.6,1,37,37,10,7,119.2,0,0,0,1,1,0,18,0,0,5,5,0,0.0,0,0,5,6,0,0.34972560168346395,0,9.4,-0.8,-3.12,Dropout
1,39,1,356,1,1,132.8,1,37,38,9,8,150.8,0,0,0,0,1,0,40,0,0,0,1,0,0.3127608398053155,0,0,0,0,0,0.13130598856730813,0,9.0,2.8,-4.02,Dropout
1,1,1,9229,1,1,159.6,1,38,38,9,7,146.8,0,0,0,1,0,0,17,0,0,6,6,0,0.28892691064048914,0,0,6,6,6,0.12085835749548718,0,9.0,1.4,1.83,Graduate
1,1,1,9096,1,1,137.9,1,3,1,2,3,127.8,1,0,0,1,0,0,18,0,0,6,7,6,12.714638488384415,0,0,6,5,6,13.368015857646437,0,13.9,-0.3,0.79,Graduate
1,40,1,9411,1,1,131.4,1,38,37,2,3,126.7,0,0,0,1,0,0,27,0,0,7,8,7,13.189916913485044,0,4,8,8,8,14.731674432822203,0,16.2,0.4,-0.92,Graduate
1,1,1,9531,1,1,143.5,1,2,1,1,4,141.0,0,0,0,1,0,0,19,0,0,7,8,7,16.183707505587975,0,0,8,8,8,16.286062992629212,0,13.9,-0.3,0.8,Graduate
1,1,1,9326,1,1,116.2,1,37,38,9,7,116.4,1,0,0,1,0,1,18,0,0,5,5,5,10.541308359583926,0,0,5,6,5,9.626679869685287,0,12.4,0.5,1.77,Graduate
1,1,1,9651,1,1,135.0,1,2,38,2,5,133.0,1,0,0,1,0,0,18,0,0,6,8,6,13.952603844498428,0,0,6,8,6,12.765862505807306,0,13.9,-0.3,0.79,Graduate
1,44,1,9148,1,1,120.8,1,37,37,7,4,128.2,0,0,0,1,0,0,30,0,2,10,13,8,11.334113278066589,0,4,10,10,7,11.886924872843615,0,9.3,-0.3,-3.11,Dropout
1,43,1,9809,1,1,132.2,1,38,38,10,7,117.9,0,0,0,1,0,0,20,0,0,6,8,5,13.3786116318872,0,0,6,11,5,10.785394595248558,0,12.4,0.5,1.77,Graduate
1,1,2,9163,1,1,135.0,1,19,38,4,8,129.9,1,0,0,1,1,0,19,0,0,0,0,0,0.0,0,0,5,0,0,0.0,0,10.8,1.4,1.77,Dropout
1,39,1,33,1,1,134.2,1,37,38,10,10,101.4,0,0,1,0,0,0,38,0,0,0,0,0,0.0625669507535557,0,0,0,0,0,0.0,0,8.9,1.4,3.49,Dropout
2,40,1,9545,0,1,131.6,1,38,38,8,9,100.5,0,0,0,0,0,0,29,0,0,6,10,2,0.0,0,0,6,11,0,0.0,0,10.8,1.4,1.77,Dropout
1,43,1,9967,0,1,126.9,1,37,37,9,8,119.8,0,0,0,1,0,0,35,0,6,8,12,4,12.247989872905944,0,2,7,11,1,11.693924226309148,0,7.7,-0.8,-3.12,Dropout
1,44,1,9080,1,1,133.0,1,3,19,4,4,114.1,0,0,0,1,1,0,20,0,0,6,12,5,12.101417433636986,0,0,6,10,4,10.191136088107317,0,15.5,2.8,-4.06,Enrolled
1,1,1,9645,1,1,140.3,1,3,1,2,6,124.5,1,0,0,1,0,0,18,0,0,6,8,6,13.960509712285912,0,0,8,8,7,14.291740375159598,0,12.7,3.7,-1.71,Graduate
1,17,1,9289,1,1,120.1,1,2,1,7,3,126.8,1,0,0,1,1,0,19,0,0,5,6,2,0.0,0,0,5,5,0,0.05265219068860588,0,12.4,0.5,1.81,Dropout
1,1,1,9083,1,1,131.7,1,2,1,4,4,139.5,0,0,0,1,1,0,19,0,0,5,6,0,0.6701207359755756,0,0,5,5,0,0.0,0,16.0,0.4,-0.92,Graduate
1,6,1,126,1,3,130.6,1,2,2,3,3,148.0,0,0,0,0,1,0,27,0,0,0,0,0,0.0,0,0,0,0,0,0.4087625550571,0,12.5,0.5,1.79,Dropout
2,39,1,9136,0,1,132.7,1,36,37,8,4,149.4,0,0,0,1,1,0,31,0,0,5,6,5,13.072703185945397,0,0,5,5,5,13.932379433913427,0,7.6,-0.3,0.32,Graduate
1,17,1,9673,1,1,132.3,1,37,37,9,9,126.1,1,0,0,1,0,1,18,0,0,6,6,6,12.94532542321832,0,0,6,8,4,11.77142784695023,0,8.9,1.4,3.51,Enrolled
1,1,1,9306,1,1,135.7,1,37,38,10,8,128.6,0,0,0,1,0,1,18,0,0,6,6,6,13.5009607575756,0,0,6,6,6,13.281326143675072,0,13.9,-0.3,0.79,Graduate
1,43,1,9737,1,1,132.1,1,3,2,2,2,113.6,0,0,0,0,0,0,29,0,0,6,11,1,9.948900674558065,0,0,6,13,2,0.0,0,12.5,0.5,1.8,Dropout
1,43,1,9572,1,1,130.6,1,37,37,8,9,128.8,0,0,0,1,0,0,34,0,14,16,22,18,11.242554458977326,0,11,12,16,11,11.0313747333874,0,12.4,1.4,1.81,Graduate
1,1,1,9457,1,1,130.1,1,38,37,10,9,126.0,1,0,0,1,0,1,18,0,0,6,8,6,12.841781523692266,0,0,6,8,6,12.310229856807535,0,13.8,2.7,0.79,Graduate
1,1,1,9429,1,1,132.0,1,38,37,9,10,128.8,0,0,0,1,0,1,18,0,0,7,8,7,12.828342824846501,0,0,8,8,8,12.33842128678995,0,16.1,0.4,-0.92,Graduate
1,1,1,9223,1,1,129.2,1,37,37,10,9,120.0,0,0,0,1,0,0,19,0,0,5,6,5,11.461930794828739,0,0,5,5,5,12.220181846962436,0,12.5,0.5,1.82,Graduate
1,1,2,9772,1,1,118.7,1,36,37,9,10,115.2,1,0,0,1,0,1,18,0,0,6,8,5,10.75519671016677,0,0,6,8,5,10.548341119937751,0,9.3,-0.8,-3.12,Graduate
1,1,1,9596,1,1,133.1,1,1,2,0,5,129.6,1,0,0,1,0,0,21,0,0,8,8,5,11.96333201907446,0,0,8,8,7,10.958745329306264,0,12.7,3.7,-1.72,Graduate
1,43,1,9685,1,1,140.2,1,2,2,6,4,127.6,0,0,0,1,0,0,21,0,2,7,8,7,13.107399275607573,0,1,8,8,8,11.471464206013998,0,13.9,-0.3,0.79,Graduate
1,39,1,9545,1,1,128.7,1,38,38,9,8,114.9,0,0,0,1,0,0,34,0,0,7,11,7,12.861641991203731,0,4,8,13,7,12.101386076868557,0,12.4,-0.3,1.8,Dropout
1,43,1,9068,1,1,134.4,1,37,37,9,8,126.7,0,0,0,1,0,0,20,0,9,7,12,6,11.431240695647363,0,0,7,11,7,11.611377327556177,0,16.1,0.3,-0.92,Graduate
1,40,1,9502,1,1,130.9,1,37,37,2,2,130.7,0,0,0,1,1,0,31,0,0,5,9,4,12.756026608524458,0,0,5,8,3,13.225307023120545,0,9.4,-0.8,-3.12,Dropout
1,16,1,9534,1,1,119.4,1,3,1,3,3,111.8,1,0,0,1,0,0,19,0,0,6,10,4,12.152186724928235,0,0,6,12,0,0.0,0,14.0,-0.3,0.78,Dropout
2,39,1,9592,0,12,130.5,1,35,35,2,3,140.5,0,0,0,1,1,0,34,0,0,5,6,0,0.5786745484175526,0,0,5,5,0,0.02139531517628025,0,7.6,2.6,0.32,Dropout
1,1,1,9036,1,1,133.7,1,1,2,1,3,132.5,1,0,0,1,0,0,19,0,0,6,6,6,13.22880326311367,0,0,6,6,6,13.336537455345168,0,11.1,0.6,2.01,Graduate
1,44,1,9700,1,1,135.3,1,35,37,5,2,125.8,0,0,0,1,1,0,29,0,0,2,10,2,12.352542519208491,0,0,5,11,2,0.0,0,9.3,-0.8,-3.12,Dropout
1,1,1,9156,1,1,130.3,1,2,2,2,0,132.8,1,0,0,1,0,0,18,0,0,6,9,5,13.712670256787403,0,0,6,8,5,11.748052768523234,0,14.0,-0.3,0.78,Graduate
1,1,1,33,1,1,142.7,1,3,2,3,2,146.8,1,0,0,1,0,0,19,0,0,0,1,0,0.7745531819803169,0,0,0,0,0,0.0,0,10.8,1.4,1.77,Dropout
2,39,1,9861,0,10,133.2,1,37,38,9,10,139.3,0,0,0,1,1,0,48,0,0,5,5,0,0.4302651245283447,0,0,5,5,0,0.4800498375173166,0,7.6,2.6,0.31,Dropout
1,39,1,9252,1,1,138.8,1,1,1,6,4,122.4,0,0,0,1,1,0,24,0,0,5,9,2,12.983431081427458,0,0,5,5,2,14.474416157624253,0,9.3,-0.8,-3.11,Dropout
1,1,1,9708,1,1,133.3,1,37,37,8,8,131.0,0,0,0,1,0,1,20,0,0,7,7,6,13.26648007305414,0,0,6,7,6,14.562735576178795,0,13.7,2.7,-4.06,Graduate
1,43,1,9049,1,40,131.9,1,2,1,3,4,150.8,0,0,0,1,1,0,34,0,2,6,11,6,12.632866410661741,0,3,6,15,0,11.412938770237865,0,15.5,2.8,-4.06,Dropout
1,43,1,9719,1,1,131.1,1,1,37,4,5,133.1,1,0,0,1,0,0,18,0,2,7,8,6,13.571462258972916,0,2,7,8,7,12.560928327857246,0,7.6,2.6,0.32,Graduate
2,39,1,7881,0,1,132.1,1,37,38,9,9,129.9,0,0,0,1,0,0,41,0,0,7,7,6,13.12576420105841,0,0,7,7,6,12.700115672821681,0,10.8,1.4,1.78,Dropout
1,1,1,9123,1,1,140.5,1,38,37,6,2,160.4,0,0,0,1,0,0,21,0,0,5,5,5,14.104108082197465,0,0,5,6,5,14.324530403087214,0,9.2,-0.8,1.8,Graduate
1,1,4,9878,1,1,142.3,1,1,3,3,1,128.3,1,0,0,1,0,0,19,0,0,6,7,6,12.258929414953698,0,0,6,8,6,12.029095615939859,0,10.8,1.4,1.78,Graduate
1,1,1,9666,1,1,133.6,1,37,37,9,11,118.0,0,0,0,1,0,1,23,0,0,6,6,6,11.590599395565743,0,0,6,6,6,12.701030059368833,0,16.2,0.5,-0.85,Graduate
1,43,1,9034,1,1,133.5,1,2,3,4,3,120.0,0,0,0,1,1,0,28,0,11,11,17,10,12.934177902911232,0,11,12,13,11,11.58504577812193,0,16.2,0.5,2.0,Dropout
1,1,1,33,1,1,132.0,1,36,36,9,9,117.7,1,0,0,1,0,0,18,0,0,7,0,0,0.0,0,0,7,0,0,0.0,0,12.4,0.5,1.81,Dropout
1,43,1,9211,1,1,131.6,1,1,1,2,1,102.8,0,0,0,1,0,0,21,0,0,6,11,6,11.8971285873772,0,0,6,10,4,11.634759184801323,0,15.6,1.4,1.8,Enrolled
1,17,1,9109,1,1,121.2,1,37,37,9,9,119.3,1,0,0,1,1,0,18,0,0,5,6,2,13.0454248862368,0,0,5,5,2,11.707600102902319,0,9.0,1.4,3.48,Dropout
1,1,1,9128,1,1,143.4,1,37,37,6,8,128.3,1,0,0,1,0,1,17,0,0,6,6,6,13.942037089665455,0,0,6,6,6,14.235852179725518,0,9.4,-0.8,-3.14,Graduate
1,17,2,9306,1,1,119.3,1,3,1,4,1,122.7,1,0,0,1,0,0,19,0,0,6,12,4,11.258717765278307,0,0,6,10,2,10.582936711796691,0,12.7,3.7,-1.7,Dropout
1,39,1,33,1,1,135.9,1,38,38,8,9,160.0,0,0,0,1,1,0,45,0,0,0,0,0,0.0,0,0,0,0,0,0.05427385437563079,0,12.7,3.7,-1.67,Graduate
1,1,1,9338,1,1,133.9,1,19,37,8,8,127.0,1,0,0,1,0,1,18,0,0,7,8,7,14.496984490143687,0,0,8,8,8,13.80597833572706,0,12.6,3.7,-1.69,Graduate
1,39,1,9049,0,1,132.8,1,38,38,10,8,121.2,0,0,0,1,1,0,33,0,0,5,5,0,0.0,0,0,5,5,0,0.0,0,11.0,0.6,1.93,Dropout
1,46,1,9387,1,1,130.9,1,38,38,3,5,118.2,0,0,0,1,0,0,25,0,0,7,10,7,11.849568581218128,0,0,8,9,7,10.79894168183494,0,12.7,3.7,-1.7,Dropout
1,17,2,9133,1,1,118.9,1,1,3,5,2,108.7,1,0,0,1,0,0,19,0,0,5,6,0,0.0,0,0,5,0,0,0.0,0,10.8,1.4,1.79,Dropout
1,1,1,9642,1,1,132.9,1,38,37,10,9,129.9,0,0,0,1,0,1,19,0,0,7,7,7,15.759495847115868,0,0,8,8,8,14.758221712789766,0,16.1,0.4,-1.65,Graduate
1,39,1,657,1,1,130.0,1,37,37,9,10,113.4,0,0,0,1,0,0,18,0,0,0,1,0,0.12585309809365908,0,0,0,0,0,0.36615041995892295,0,12.6,3.7,-1.71,Dropout
1,44,1,9178,1,1,121.3,1,1,2,4,0,120.4,0,0,0,1,1,0,33,0,5,9,15,4,12.049463278214663,0,4,11,17,2,11.069635463206241,0,14.0,-0.3,0.79,Dropout
1,1,1,9150,1,1,138.6,1,2,3,3,4,129.9,1,0,0,1,0,0,20,0,0,5,6,5,12.540082836779108,0,0,5,5,5,13.915175575590474,0,8.9,1.4,3.49,Graduate
1,1,1,9751,1,1,135.4,1,37,37,9,9,127.2,0,0,0,1,0,1,19,0,0,7,7,6,13.184257004020113,0,0,7,7,6,14.24639774669075,0,9.1,2.7,0.78,Graduate
1,1,1,9245,1,1,128.3,1,2,2,3,4,133.1,1,0,0,1,0,0,19,0,0,6,7,6,12.41711828028308,0,0,6,6,6,13.028819315128782,0,14.0,-0.3,0.78,Graduate
1,18,2,9081,1,1,118.7,1,1,18,5,4,106.5,1,0,0,1,0,0,19,0,0,6,13,4,12.316582634718689,0,0,6,11,3,10.648848985998576,0,9.0,2.7,3.49,Enrolled
1,1,1,9729,1,1,142.7,1,2,38,2,5,131.2,1,0,0,1,0,0,19,0,0,5,6,5,14.24636928869092,0,0,5,8,5,14.735214523244359,0,9.1,-0.8,1.8,Graduate
1,17,2,9235,1,1,125.8,1,19,38,5,8,118.6,1,0,0,1,0,0,19,0,0,6,6,0,0.0,0,0,6,0,0,0.0,0,9.2,0.5,1.84,Dropout
1,17,1,9228,1,1,121.6,1,2,2,6,4,110.4,1,0,0,1,1,0,19,0,0,5,6,2,11.339534164418488,0,0,5,6,1,13.388538729247449,0,9.2,0.5,0.78,Dropout
1,1,1,9095,1,1,131.2,1,3,2,6,2,131.5,1,0,0,1,1,0,18,0,0,5,11,4,12.83756281000179,0,0,5,11,2,13.289118592085481,0,12.7,-0.3,-1.7,Dropout
1,39,1,9529,1,1,128.1,1,37,38,2,3,126.0,0,0,0,1,0,0,24,0,0,7,11,6,13.477061172354944,0,0,8,11,7,12.878329848308681,0,16.1,0.4,-0.92,Dropout
1,1,4,9792,1,1,131.4,1,19,37,10,10,118.5,1,0,0,1,0,1,18,0,0,7,7,6,14.730458802254796,0,0,6,7,6,12.736613970210998,0,16.1,0.5,0.86,Graduate
2,39,1,166,1,1,134.4,1,37,37,8,3,156.1,0,0,0,1,0,0,32,0,0,0,1,0,0.3455344807540715,0,0,6,0,0,0.11841615131109148,0,7.6,2.6,0.32,Graduate
1,1,1,9250,1,1,130.2,1,39,37,10,9,115.3,1,0,0,1,0,1,17,0,0,6,6,5,11.898281535843521,0,0,6,6,6,13.008963929784645,0,12.7,0.5,-1.64,Graduate
1,1,1,9094,1,1,132.8,1,38,38,9,9,124.9,1,0,0,1,1,0,18,0,0,5,5,0,0.0,0,0,5,6,0,0.0,0,9.3,-0.8,-3.14,Graduate
1,38,1,9233,1,1,130.7,1,38,38,10,5,115.8,0,0,0,1,0,0,27,0,0,6,6,0,0.0,0,0,6,5,0,0.2768431975285643,0,11.1,0.6,2.02,Dropout
1,39,1,9131,1,1,129.0,1,35,35,2,1,155.1,0,0,0,1,1,0,23,0,0,5,5,4,13.094380561800218,0,0,5,6,5,12.324549872989872,0,7.6,2.6,0.31,Graduate
2,38,1,9595,0,12,128.7,1,37,34,8,3,104.6,0,0,0,0,1,0,30,0,0,5,9,0,0.0,0,0,5,5,0,0.0077646528354805905,0,9.1,2.7,0.32,Dropout
1,1,1,9193,1,1,122.8,1,3,1,3,4,117.0,1,0,0,1,0,0,18,0,0,6,9,4,10.57430435234873,0,0,6,10,5,10.026173946899384,0,9.3,-0.3,0.79,Enrolled
1,44,1,9229,0,1,132.2,1,38,37,4,4,138.9,0,0,0,1,0,0,33,0,2,6,6,5,14.902468496917272,0,2,5,6,5,13.646325860214143,0,8.9,1.4,3.44,Graduate
1,42,1,9143,1,1,127.2,1,2,3,3,4,107.7,0,0,0,1,1,0,29,0,8,7,13,12,11.941983133030993,0,5,11,14,11,11.455557609171324,0,13.9,-0.3,0.79,Dropout
1,43,1,9257,1,1,135.5,1,3,3,2,5,131.0,0,0,0,1,0,0,21,0,7,7,12,11,14.064753443886394,0,5,11,11,11,11.642433561274377,0,13.8,2.7,0.78,Graduate
1,1,1,9728,1,1,140.8,1,37,37,9,8,143.7,0,0,0,1,0,1,19,0,0,6,8,6,14.451877616922097,0,0,6,8,6,13.758394732150938,0,12.6,3.7,1.83,Graduate
1,1,1,9239,1,1,122.6,1,19,38,6,5,120.8,1,0,0,1,0,0,21,0,0,5,5,5,10.803828062658894,0,0,5,6,5,11.40159358890746,0,10.8,1.4,1.76,Graduate
1,39,1,9490,1,1,131.4,1,37,37,3,3,129.2,0,0,0,1,0,0,45,0,0,6,7,4,12.540741062788523,0,0,6,8,2,12.286017275751671,0,9.0,1.4,3.47,Dropout
1,16,2,9725,1,1,128.8,1,1,2,0,8,120.4,1,0,0,1,0,0,19,0,0,6,11,6,13.013800526422184,0,0,6,11,6,11.134915150961097,0,12.7,0.6,1.93,Graduate
1,44,1,9088,1,1,130.2,1,37,36,8,9,127.0,0,0,0,1,0,0,41,0,16,15,26,11,12.201236430469375,0,10,11,15,12,11.346027195514479,0,7.6,2.6,0.33,Graduate
1,42,1,9768,1,1,134.7,1,2,1,5,6,129.0,0,0,0,1,0,0,18,0,0,7,11,7,11.89340189407839,0,5,8,8,8,13.73330775816892,0,9.0,2.7,0.78,Graduate
1,1,1,9021,1,1,150.1,1,2,2,4,5,162.9,0,0,0,1,0,1,18,0,0,6,5,6,14.830582768609561,0,0,6,6,5,16.586689844617762,0,12.5,0.5,1.79,Graduate
1,1,3,9228,1,1,122.1,1,1,19,2,10,130.2,1,0,0,1,0,1,19,0,0,6,8,6,13.038333053558837,0,0,6,7,6,13.200121519756829,0,13.9,-0.3,0.79,Graduate
1,1,1,9097,1,1,123.2,1,19,37,10,9,109.4,1,0,0,1,0,1,20,0,0,5,9,5,9.34957057628047,0,0,5,10,5,11.17372517062267,0,12.5,0.5,1.84,Enrolled
1,1,3,9977,1,1,133.6,1,19,38,4,9,131.0,1,0,0,1,0,1,18,0,0,6,7,6,13.568805167197501,0,0,6,8,6,13.303849564767583,0,13.9,-0.3,0.78,Graduate
1,42,1,9186,1,1,135.3,1,1,2,2,6,142.0,0,0,0,1,0,0,21,0,0,7,7,6,12.90662385168076,0,0,6,8,6,13.932390534429278,0,12.4,0.5,1.8,Graduate
1,51,1,8936,1,41,133.3,1,1,37,10,9,131.0,0,0,0,1,0,0,19,0,10,15,19,10,13.162089314317376,0,4,10,16,11,11.603764016824083,0,15.5,2.7,-4.03,Graduate
1,1,4,9301,1,1,140.3,1,1,3,3,8,133.4,1,0,0,1,0,0,18,0,0,7,7,7,15.892646300057251,0,0,8,8,8,17.270912381344797,0,8.8,1.4,1.8,Graduate
1,1,1,9552,1,1,130.6,1,38,38,3,10,133.2,1,0,0,1,0,0,18,0,0,7,0,0,0.0,0,0,7,0,0,0.0,0,10.8,1.4,3.42,Dropout
2,40,1,9227,0,18,129.9,1,37,38,9,2,148.6,0,0,0,1,1,0,46,0,0,5,6,4,13.716234426309354,0,0,5,6,2,13.144816837172428,0,10.8,1.4,1.77,Dropout
1,43,1,9325,1,40,159.3,1,1,1,4,5,148.9,0,0,0,1,0,0,19,0,0,7,7,6,16.42556626829566,0,0,8,8,8,17.021160518157643,0,13.7,2.7,-4.06,Graduate
1,40,1,8906,1,1,127.8,1,1,37,2,2,109.1,0,0,0,1,1,0,33,0,0,6,10,0,0.0,0,0,5,6,0,0.07815044948137641,0,12.6,3.7,-1.71,Dropout
1,43,1,9654,1,1,134.2,1,2,2,1,2,116.7,1,0,0,1,0,0,21,0,0,7,10,3,12.162615591492177,0,0,7,12,3,11.456948522645028,0,13.9,-0.3,0.79,Enrolled
1,40,1,9663,1,40,133.9,1,2,1,2,4,147.0,0,0,0,1,0,0,36,0,2,7,11,7,11.568921154461098,0,4,8,9,7,13.09551226965575,0,14.0,0.5,0.89,Graduate
1,41,1,9281,1,1,134.4,1,2,2,1,5,134.7,1,0,0,1,0,0,18,0,0,7,10,7,12.175959822832514,0,0,8,8,8,12.977745115351857,0,9.4,-0.8,-3.12,Graduate
1,1,1,9500,1,1,141.6,1,2,38,3,6,133.5,1,0,0,1,0,0,18,0,0,6,5,6,13.443828769334186,0,0,6,5,6,14.338063325185846,0,9.2,-0.8,1.79,Graduate
1,43,1,9092,1,40,140.6,1,2,1,5,6,122.9,0,0,0,1,0,0,19,0,5,11,12,7,12.232042774161227,0,4,10,10,7,12.934044162776953,0,10.8,1.4,1.78,Dropout
1,1,1,9718,1,1,130.9,1,38,37,9,9,131.6,1,0,0,1,0,1,19,0,0,6,6,6,14.23905701613291,0,0,6,6,6,13.099381237921657,0,9.4,-0.8,-3.13,Graduate
1,1,1,9819,1,1,134.3,1,37,37,4,4,132.1,1,0,0,1,0,0,19,0,0,7,7,6,11.474870894630717,0,0,7,7,6,11.18762888310644,0,13.9,2.7,0.78,Graduate
1,39,1,8958,1,1,132.1,1,38,38,9,4,122.3,0,0,0,0,1,0,31,0,0,5,5,0,0.0,0,0,5,6,0,0.03242904803588417,0,10.8,1.4,1.78,Dropout
1,1,1,9330,1,1,130.6,1,37,37,9,10,122.6,1,0,0,1,0,0,20,0,0,6,6,0,0.2819363301535327,0,0,6,1,0,0.0,0,9.1,1.4,3.49,Dropout
1,1,1,9183,1,1,130.1,1,37,38,9,8,120.4,0,0,0,1,0,1,19,0,0,5,6,5,11.498720021885811,0,0,5,6,5,13.130812965916965,0,13.9,-0.3,0.78,Graduate
1,1,1,9767,1,1,133.7,1,2,1,5,2,128.5,1,0,0,1,0,0,18,0,0,6,7,6,12.606978991906717,0,0,6,1,6,0.0,0,10.8,1.4,1.74,Dropout
1,1,1,9285,1,1,129.1,1,37,38,10,10,114.9,0,0,0,1,0,1,18,0,0,6,8,6,12.334211507244193,0,0,6,7,5,11.610645018136733,0,12.4,0.5,1.8,Graduate
1,18,1,9106,1,1,133.2,1,1,2,2,5,121.6,1,0,0,1,1,0,18,0,0,5,5,5,14.897262856639196,0,0,5,5,4,14.350942717822978,0,15.5,1.4,-4.06,Dropout
1,43,1,9082,1,39,134.6,1,1,2,4,2,148.8,0,0,0,0,1,0,25,0,1,5,11,2,13.357712480681416,0,1,5,11,2,12.219651925815242,0,8.9,1.4,3.45,Dropout
1,43,1,9940,1,1,133.5,1,1,37,3,4,108.2,0,0,0,1,0,0,21,0,0,6,12,3,10.300641435923971,0,0,6,12,2,11.214087773059061,0,15.5,2.8,-4.06,Dropout
1,1,3,9269,1,1,140.7,1,1,1,5,6,126.3,1,0,0,1,0,0,18,0,0,6,6,6,13.23104948104812,0,0,5,6,5,13.728442292209833,0,8.9,1.4,3.43,Graduate
1,1,1,9184,1,1,138.6,1,3,2,4,2,156.5,1,0,0,1,1,0,18,0,0,6,6,6,13.666112190908754,0,0,6,6,0,0.0,0,15.5,2.8,-4.06,Graduate
1,2,1,9507,1,1,131.3,1,37,38,9,9,130.6,1,0,0,1,0,1,19,0,0,6,7,6,12.634140836747447,0,0,6,7,6,14.183750902958225,0,15.5,2.7,3.51,Graduate
1,1,1,9123,1,1,131.9,1,38,37,8,7,113.4,0,0,0,1,0,0,21,0,0,6,6,6,11.729172228271805,0,0,6,5,0,0.0,0,14.0,-0.3,0.8,Dropout
2,40,1,8099,1,1,134.2,1,37,36,9,9,128.9,0,0,0,1,0,1,51,0,0,6,7,6,13.964246075161798,0,0,7,7,6,12.253772286275064,0,7.7,-0.8,-3.13,Graduate
1,52,1,9444,1,1,130.8,1,38,38,9,8,128.4,0,0,0,1,0,0,20,0,7,11,12,12,14.173985014059216,0,5,10,11,8,13.161315166622918,0,9.0,1.4,3.5,Graduate
2,37,1,9652,1,1,129.7,1,36,37,9,7,141.6,0,0,0,1,0,0,49,0,0,6,0,0,0.0266626189840223,0,0,6,0,0,0.0,0,9.4,-0.8,-3.11,Dropout
1,1,1,9632,1,1,136.8,1,2,3,2,5,125.5,0,0,0,1,0,0,19,0,0,6,8,6,12.796558080957707,0,0,6,8,6,12.837191401777988,0,7.6,2.7,0.31,Graduate
1,39,1,9286,1,1,134.0,1,38,38,9,9,128.7,0,0,0,1,0,0,50,0,0,11,12,11,13.28981129814421,0,4,12,10,11,11.927910369352603,0,15.4,1.4,-4.06,Dropout
1,39,1,9627,1,1,134.9,1,35,36,4,4,152.5,0,0,0,1,0,0,32,0,0,5,12,0,0.0,0,0,5,8,0,0.6758419466880835,0,9.2,1.4,3.47,Dropout
1,39,1,9244,1,1,136.3,1,37,37,10,7,144.5,0,0,1,1,0,0,35,0,0,6,0,0,0.3463401567558944,0,0,6,0,0,0.19302415868288525,0,15.5,1.4,-4.06,Dropout
1,39,1,9667,1,1,135.7,1,37,37,9,8,121.8,0,0,0,1,0,0,30,0,0,6,0,0,0.0,0,0,12,0,0,0.0,0,12.7,3.7,-1.71,Dropout
1,38,1,7881,1,1,130.7,1,38,37,9,8,129.8,0,0,0,1,0,1,34,0,0,6,7,6,12.493134079997139,0,0,6,7,6,12.020030829786041,0,7.6,2.7,0.32,Graduate
2,39,1,7979,0,20,128.7,1,37,36,9,10,140.7,0,0,0,1,0,0,38,0,6,7,10,6,13.250376266607795,0,2,7,7,5,13.386696912785885,0,16.0,0.4,-0.91,Dropout
1,38,1,9305,1,1,129.6,1,1,36,1,4,151.1,0,0,0,1,1,0,22,0,0,5,7,5,13.758974490586096,0,0,5,6,5,14.208402171455552,0,9.3,-0.8,-0.91,Dropout
1,44,1,9097,1,1,146.8,1,3,2,4,1,136.9,0,0,0,1,1,0,24,0,0,5,6,5,14.692571992863126,2,0,5,5,5,13.054314303683459,0,9.3,-0.8,-3.11,Graduate
1,39,1,9173,1,3,160.2,1,2,1,4,3,146.0,0,0,0,1,1,0,30,0,0,6,5,0,0.845884042455775,0,0,6,6,0,0.5046588124667956,0,9.0,1.4,3.47,Dropout
1,1,1,9849,1,1,133.0,1,1,2,2,5,114.2,1,0,0,1,0,0,19,0,0,7,1,6,11.39539878034915,0,0,8,0,0,0.0,0,12.5,0.5,1.81,Dropout
1,39,1,9818,1,1,130.2,1,36,38,9,8,101.3,0,0,0,1,1,0,40,0,0,6,6,0,0.1850546894774105,0,0,5,5,0,0.27343979710724203,0,15.5,2.7,-4.03,Dropout
1,1,1,9122,1,1,133.6,1,3,1,4,1,139.5,1,0,0,1,1,0,18,0,0,6,0,0,0.29484614370569767,0,0,6,0,0,0.0,0,14.0,-0.3,0.78,Dropout
1,1,4,9532,1,1,143.1,1,2,3,5,4,135.3,1,0,0,1,0,0,18,0,0,7,7,7,14.29373334211428,0,0,8,8,8,14.4759637609577,0,8.9,1.4,3.51,Graduate
1,44,1,9167,1,1,135.9,1,2,1,4,6,124.1,0,0,0,1,1,0,27,0,0,5,9,4,12.323479809943356,0,0,5,9,2,13.284501480430746,0,12.4,0.5,1.81,Dropout
1,40,1,9098,1,1,130.8,1,1,2,3,4,106.1,0,0,0,1,1,0,31,0,0,5,11,4,11.877942134747148,0,0,5,15,2,11.232024455674123,0,14.0,0.6,0.92,Dropout
1,17,1,9136,1,1,134.9,1,1,1,4,2,124.1,1,0,0,1,0,0,18,0,0,6,7,6,12.810490693158242,0,0,6,10,6,11.123882749066638,0,15.5,2.8,-4.06,Dropout
1,17,1,9175,1,1,116.7,1,19,37,9,9,115.5,1,0,0,1,1,0,19,0,0,5,9,5,10.686863677582055,0,0,5,9,5,11.558629736059865,0,12.4,0.5,1.79,Enrolled
2,39,1,9583,1,1,129.4,1,37,37,8,1,126.5,1,0,0,1,0,0,18,0,0,8,8,8,12.257888072808559,0,0,8,8,8,11.823371553762943,0,9.4,-0.8,-3.11,Graduate
1,39,1,9226,1,1,137.1,1,31,37,2,1,113.4,0,0,0,1,1,0,27,0,0,5,11,3,11.8718761247993,0,0,5,12,2,0.0,0,7.6,2.6,0.32,Dropout
1,1,1,9880,1,1,130.8,1,36,37,9,7,124.5,0,0,0,1,0,1,19,0,0,7,6,6,15.175406918654549,0,0,6,6,6,10.156364689666917,0,10.8,1.4,1.79,Graduate
1,1,1,9164,1,1,138.8,1,1,38,3,10,118.8,1,0,0,1,1,0,19,0,0,6,5,0,0.13723389516617376,0,0,6,0,0,0.0,0,11.0,0.6,1.96,Dropout
1,39,1,9194,1,1,131.4,1,37,37,8,9,167.8,0,0,0,1,1,0,30,0,0,5,6,4,14.163130766347075,0,0,5,5,5,12.613125945184985,0,12.7,3.7,-1.69,Dropout
1,44,1,9222,1,1,131.9,1,1,2,4,3,138.6,0,0,0,1,0,0,19,0,0,7,8,6,12.94301356345561,0,0,8,8,7,14.032305522380915,0,13.8,-0.2,0.8,Graduate
1,43,1,9794,1,1,133.6,1,2,1,2,4,132.1,0,0,0,1,0,0,21,0,0,7,13,7,12.49766841155348,0,5,7,12,11,10.33902718332811,0,15.9,0.4,0.78,Dropout
1,1,1,9584,1,1,138.3,1,1,3,5,3,128.2,1,0,0,1,0,0,19,0,0,6,11,0,0.2914547284889448,0,0,6,1,0,0.0,0,9.2,1.4,1.81,Dropout
1,1,1,9719,1,1,134.1,1,37,38,9,7,114.0,1,0,0,1,0,0,18,0,0,6,0,0,0.25529845165789095,0,0,6,0,0,0.07922886932751025,0,7.7,2.6,0.32,Dropout
1,1,3,9131,1,1,129.5,1,38,36,5,7,129.1,1,0,0,1,0,1,17,0,0,6,6,6,12.723128027085192,0,0,6,6,6,12.764766446351642,0,9.2,2.6,0.31,Graduate
2,39,1,8052,0,20,133.6,1,38,37,8,10,95.0,0,0,0,1,0,0,42,0,0,6,0,0,0.048983377797901004,0,0,6,1,0,0.0,0,12.4,0.5,1.82,Dropout
1,44,1,9447,1,1,131.0,1,2,2,3,3,112.4,1,0,0,1,0,0,19,0,0,7,11,7,10.929126868468819,0,0,8,11,7,13.583214134306651,0,12.4,0.5,1.78,Dropout
1,42,1,9242,1,1,133.9,1,37,38,9,6,131.0,0,0,0,1,0,0,32,0,6,10,9,9,12.83878240083641,0,4,8,8,7,12.990489831455276,0,10.8,1.4,1.78,Graduate
1,1,1,9258,1,1,134.3,1,36,38,7,8,136.4,0,0,0,1,0,0,18,0,0,5,6,0,0.0,0,0,5,6,0,0.20191702991230107,0,9.5,-0.8,-3.13,Graduate
1,1,1,9530,1,1,129.6,1,38,38,8,9,130.9,0,0,0,1,0,1,21,0,0,7,8,6,13.35578758346351,0,0,8,8,7,13.453311681804864,0,12.4,0.5,1.81,Graduate
1,1,1,9141,1,1,134.1,1,37,37,8,11,128.6,0,0,0,1,0,1,20,0,0,6,5,5,12.955749027420767,0,0,6,6,6,12.202882005679376,0,16.2,0.5,-0.81,Graduate
1,43,1,9631,1,1,141.3,1,2,3,9,2,127.8,1,0,0,1,0,0,21,0,0,7,7,7,14.511703491682212,0,4,8,10,8,13.263996137439307,0,10.9,1.4,1.76,Graduate
1,42,1,9818,1,1,133.0,1,31,32,3,5,131.6,0,0,0,1,0,0,27,0,7,10,17,12,12.564753132932118,0,4,7,12,11,12.65359324085221,0,9.3,-0.8,-3.1,Dropout
2,39,1,33,1,1,130.8,1,38,38,8,8,137.2,0,0,0,0,1,0,54,0,0,0,0,0,0.0,0,0,0,0,0,0.40626253548189634,0,8.9,2.7,3.48,Dropout
1,42,1,9302,1,1,132.2,1,2,37,3,6,95.0,0,0,0,1,1,0,24,0,3,7,12,4,11.606183069656023,0,4,7,15,2,10.665681223326763,0,15.8,-0.3,0.8,Dropout
1,1,1,9509,1,1,129.3,1,38,38,9,10,130.9,0,0,0,1,0,1,18,0,0,6,7,6,15.759896757441762,0,0,6,6,6,14.22088087836087,0,12.4,0.5,1.76,Graduate
1,2,1,9262,1,1,131.7,1,3,37,4,5,129.7,1,0,0,1,0,0,20,0,0,6,7,6,12.924844044427017,0,0,6,7,6,12.713259901498642,0,7.6,2.6,0.32,Graduate
1,1,1,9577,1,1,141.2,1,2,2,5,6,126.1,1,0,0,1,0,1,18,0,0,6,7,6,15.641094005071153,0,0,6,8,6,16.854693764598373,0,14.1,0.6,0.97,Graduate
1,38,1,33,1,1,132.3,1,38,37,2,1,150.3,0,0,0,1,1,0,35,0,0,0,0,0,0.11475056630728757,0,0,0,0,0,0.2839749138134313,0,9.0,1.4,3.48,Dropout
1,39,1,9597,1,1,131.3,1,2,3,0,6,115.8,0,0,0,1,1,0,21,0,0,7,1,0,0.33276815245887675,0,0,8,0,0,0.0,0,12.4,0.5,1.82,Dropout
1,1,1,9512,1,1,134.0,1,38,37,9,10,117.4,1,0,0,1,0,0,18,0,0,6,8,6,12.531625334935049,0,0,6,8,6,12.663201942969312,0,10.8,1.4,1.77,Graduate
1,39,1,9202,1,1,132.4,1,38,37,9,8,114.3,0,0,0,0,1,0,27,0,0,6,0,0,0.0,0,0,6,0,0,0.0,0,12.4,0.5,1.78,Dropout
1,18,1,9129,1,1,119.9,1,3,1,3,4,111.7,1,0,0,1,1,0,23,0,0,5,5,4,10.794443570506777,0,0,5,6,2,11.394349675404756,0,12.4,0.5,1.76,Enrolled
1,40,1,8042,1,40,163.0,1,37,37,2,5,163.2,0,0,0,1,0,0,32,0,0,6,6,6,13.417307366483698,0,0,6,7,6,13.994410611201438,0,9.0,1.4,3.51,Graduate
1,1,2,9480,1,1,133.4,1,37,37,9,8,115.3,1,0,0,1,0,1,17,0,0,6,6,6,11.610398229571613,0,0,6,7,6,11.885666514816336,0,12.7,3.7,-1.72,Graduate
1,1,1,9931,1,1,128.0,1,38,37,3,5,129.3,1,0,0,1,0,0,18,0,0,5,5,5,12.51320099711087,0,0,5,6,5,12.571427219144832,0,9.4,-0.8,-3.13,Graduate
1,1,1,9433,1,1,140.1,1,2,1,3,5,124.0,1,0,0,1,0,0,18,0,0,7,7,7,13.719897617227582,0,0,8,8,8,13.322335683778626,0,9.0,2.7,3.49,Graduate
1,17,2,9355,1,1,124.5,1,1,37,4,5,115.2,1,0,0,1,0,0,19,0,0,6,10,5,10.24243667110121,0,0,6,11,5,10.390132674780725,0,13.9,-0.3,0.79,Enrolled
1,1,1,33,1,1,140.1,1,3,1,8,9,132.7,1,0,0,1,0,0,18,0,0,7,7,10,14.575540993672352,0,0,8,8,8,14.602426327058298,0,9.0,1.4,3.45,Graduate
1,39,1,9122,1,39,131.9,1,38,37,9,11,140.8,0,0,0,1,0,0,27,0,0,6,7,6,13.628046237976479,0,0,6,7,6,13.226670282258775,0,15.9,0.4,0.78,Graduate
1,1,1,9491,1,1,130.9,1,37,39,5,9,125.8,1,0,0,1,0,0,18,0,0,6,8,5,13.86621241712951,0,0,6,8,5,13.286388366050486,0,9.5,-0.8,-3.12,Graduate
2,40,1,9646,0,3,132.1,1,36,37,5,3,152.6,0,0,0,0,1,0,35,0,0,4,5,0,0.0,0,0,5,5,0,0.16771503294714632,0,12.5,3.7,1.79,Dropout
1,1,1,9801,1,1,135.1,1,37,38,8,8,130.8,1,0,0,1,0,0,19,0,0,6,6,0,0.0,0,0,6,6,0,0.0,0,9.1,1.4,1.81,Graduate
1,39,1,9621,1,1,134.3,1,38,38,11,8,108.5,0,0,0,1,0,0,23,0,0,6,11,2,11.056541339591318,0,0,6,9,0,0.0,0,12.7,3.6,-1.7,Dropout
1,1,2,9684,1,1,133.6,1,38,38,9,9,124.0,1,0,0,1,0,1,19,0,0,6,6,6,12.504143564614605,0,0,6,5,6,12.690028717246339,0,9.5,-0.8,-3.12,Graduate
1,1,4,1182,1,1,121.1,1,2,1,4,4,112.9,1,0,0,1,0,0,19,0,0,0,0,0,0.0,0,0,0,0,0,0.0,0,9.0,1.4,1.8,Dropout
1,1,1,9561,1,1,130.5,1,37,37,8,8,130.5,1,0,0,1,0,1,18,0,0,6,6,6,11.83236881398942,0,0,6,6,6,14.681195332057712,0,7.6,2.6,0.32,Graduate
1,39,1,9265,1,1,133.0,1,3,37,3,5,110.2,0,0,0,1,1,0,27,0,0,6,12,0,0.005927001485063905,0,0,6,12,0,0.024221168097402483,0,15.5,2.8,-4.02,Dropout
1,43,1,9220,1,1,135.4,1,4,2,2,8,154.8,0,0,0,1,1,0,21,0,0,6,0,0,0.6314295019854581,0,0,6,0,0,0.0,0,12.4,0.5,1.82,Dropout
1,17,2,8999,1,1,118.8,1,19,37,10,7,123.5,1,0,0,1,0,1,19,0,0,5,8,5,11.009761952401098,0,0,5,9,5,11.071393162285506,0,12.4,0.5,1.8,Enrolled
1,1,3,9973,1,1,131.2,1,2,38,2,5,128.3,1,0,0,1,0,1,18,0,0,6,7,6,12.862075160740979,0,0,6,8,6,13.939172551744074,0,8.9,1.4,3.46,Graduate
1,42,1,9211,1,1,130.4,1,2,37,4,4,143.4,0,0,0,1,1,0,21,0,0,5,6,5,12.1564217782401,0,0,5,6,5,13.1794846688249,0,12.6,3.7,-1.71,Graduate
2,39,1,8175,0,1,130.3,1,38,37,10,7,119.1,0,0,0,1,0,0,38,0,0,6,12,2,11.345589656595335,0,0,5,6,2,11.186659107119699,0,12.6,0.5,1.83,Dropout
1,43,1,9590,1,1,132.3,1,2,2,6,6,127.6,0,0,0,1,0,0,20,0,0,7,12,7,11.737094972192743,0,0,8,8,8,13.41440130954628,0,15.6,2.8,-4.06,Dropout
1,42,1,9538,1,39,131.8,1,1,1,4,0,98.6,0,0,0,1,1,0,29,0,0,7,11,6,12.42676689409901,0,4,7,10,1,11.416182277591167,0,15.9,0.4,-0.92,Dropout
1,1,1,9174,1,1,121.1,1,20,37,8,9,125.3,1,0,0,1,0,1,18,0,0,6,5,6,13.030665101075895,0,0,6,5,6,13.086174993895431,0,12.4,0.5,1.77,Graduate
1,17,1,9101,1,1,120.7,1,1,38,6,8,116.1,1,0,0,1,0,0,20,0,0,5,6,0,0.1381784670590121,0,0,5,5,0,0.0,0,12.7,3.7,-1.71,Dropout
1,1,1,9740,1,1,140.5,1,37,36,10,10,127.2,1,0,0,1,0,1,17,0,0,8,8,7,13.505227042966851,0,0,8,8,7,13.93406344750631,0,12.6,3.7,-1.7,Graduate
1,1,1,9720,1,1,134.7,1,1,1,1,5,131.8,1,0,0,1,0,0,18,0,0,7,9,7,12.17646577913264,0,0,8,8,8,13.305109130451655,0,13.9,2.6,0.32,Graduate
2,43,1,9789,0,3,130.8,1,38,37,3,3,128.9,0,0,0,1,1,0,33,0,2,6,12,4,10.96999428851621,0,1,5,12,1,11.570803517735769,0,12.7,3.7,-1.68,Dropout
1,43,1,9249,0,1,124.6,1,37,37,4,4,113.4,0,0,0,1,0,0,33,0,7,9,15,4,10.638485353647201,0,3,7,12,2,9.730811436075449,0,12.6,3.7,-1.68,Dropout
1,39,1,9772,1,1,139.5,1,38,38,6,9,128.9,0,0,0,1,0,0,33,0,0,6,10,6,14.371670207203547,0,0,6,7,6,11.170951091644257,0,12.6,3.7,-1.71,Graduate
1,42,1,9694,1,1,127.6,1,3,2,3,4,125.1,0,0,0,1,0,0,22,0,9,7,12,11,13.842936329430884,0,5,11,12,9,14.257707023970848,0,16.1,0.5,0.83,Graduate
1,1,1,9483,1,1,133.0,1,2,38,3,4,119.2,1,0,0,1,0,0,19,0,0,7,9,7,13.815413689297543,0,0,8,10,7,12.346744137718915,0,12.4,0.5,1.79,Graduate
1,1,1,9041,1,1,127.2,1,2,37,5,5,130.1,0,0,0,1,1,0,19,0,0,5,6,0,0.0,0,0,5,6,0,0.0,0,9.0,2.7,0.77,Dropout
1,43,1,9214,1,1,127.9,1,2,2,3,4,132.9,1,0,0,1,1,0,19,0,0,7,11,4,13.124969076532205,0,0,8,11,1,13.033201435686657,0,12.4,0.5,1.8,Dropout
1,1,1,9499,1,1,130.5,1,3,19,2,7,132.5,1,0,0,1,0,1,19,0,0,6,8,6,13.940824614468497,0,0,6,8,6,12.168481025302814,0,15.9,0.6,-3.89,Graduate
1,17,2,9695,1,1,117.6,1,18,38,9,9,118.3,1,0,0,1,0,0,18,0,0,6,5,1,10.949349293338791,0,0,6,6,0,0.0,0,12.4,1.4,1.8,Dropout
1,43,1,9247,1,1,134.2,1,2,38,4,2,123.1,0,0,0,1,1,0,19,0,0,6,12,2,10.881859124895204,0,0,6,12,2,0.0,0,13.8,2.7,0.79,Dropout
1,39,1,314,1,1,131.9,1,37,38,9,10,137.8,0,0,0,1,0,1,39,0,0,7,1,0,0.05133327854376665,0,0,8,0,0,0.16326092717359714,0,13.9,-0.3,0.79,Graduate
1,1,1,456,1,1,133.0,1,1,2,0,2,162.3,1,0,0,1,1,0,19,0,0,0,1,0,0.7235964808607843,0,0,0,0,0,0.0,0,14.0,-0.8,-3.12,Dropout
1,1,1,9109,1,1,130.8,1,37,38,3,5,125.0,1,0,0,1,0,0,18,0,0,5,6,5,12.779478743493241,0,0,5,6,5,10.905971098130612,0,9.4,-0.8,-3.14,Graduate
1,1,1,9487,1,1,141.6,1,1,3,1,2,143.1,1,0,0,1,0,0,19,0,0,6,7,6,14.61963990212495,0,0,6,8,6,13.575666722641833,0,12.5,0.5,1.81,Graduate
1,44,1,9244,1,40,131.8,1,3,37,2,2,103.3,0,0,0,1,0,0,36,0,2,6,11,6,10.96460031563061,0,1,6,15,2,11.22975376399531,0,13.9,-0.3,0.79,Dropout
1,1,3,9173,1,1,122.3,1,1,38,3,0,125.0,1,0,0,1,0,0,18,0,0,6,6,6,12.31608340364858,0,0,6,6,6,11.685837628953632,0,7.6,2.6,0.32,Graduate
1,44,1,9399,1,1,131.9,1,2,37,3,6,110.5,1,0,0,1,0,0,19,0,0,7,11,7,12.971074580468814,0,0,8,8,7,11.435563762381452,0,13.9,-0.3,0.78,Enrolled
1,39,1,9068,1,1,132.6,1,2,2,2,1,159.3,0,0,0,1,1,0,34,0,0,6,6,0,0.11182629747039807,0,0,5,6,0,0.20552941045641793,0,8.9,1.4,3.51,Dropout
1,1,1,9711,1,1,130.9,1,38,38,8,7,113.9,1,0,0,1,0,0,19,0,0,7,12,6,12.132977098357324,0,0,8,11,6,0.0,0,14.1,0.6,2.0,Dropout
1,1,3,9728,1,1,142.8,1,18,37,4,10,127.0,1,0,0,1,0,1,19,0,0,6,7,6,15.578677568641552,0,0,6,5,6,14.110012039838344,0,9.1,2.7,0.31,Graduate
1,43,1,9170,1,1,133.3,1,2,2,2,2,117.6,0,0,0,1,0,0,21,0,0,6,12,4,12.936999867196205,0,0,6,11,4,10.435427893447276,0,15.5,2.8,-4.06,Enrolled
1,1,1,9099,1,1,134.2,1,2,37,2,5,131.1,1,0,0,1,0,0,18,0,0,6,8,6,13.157226098678215,0,0,6,7,6,11.006412606313466,0,16.0,2.5,-0.92,Graduate
1,43,1,9494,1,38,127.3,1,37,38,9,6,133.6,0,0,0,1,0,0,32,0,2,7,12,7,11.054032015469192,0,4,10,12,7,13.852070821877424,0,12.4,0.5,1.79,Dropout
1,1,1,9669,1,1,132.0,1,2,2,3,1,118.4,1,0,0,1,1,0,19,0,0,6,7,4,12.578491604141659,0,0,6,9,4,11.725163195939535,0,7.7,-0.4,0.32,Graduate
1,44,1,8981,1,1,134.9,1,2,1,5,3,124.0,1,0,0,1,0,0,20,0,0,7,14,6,11.998870421183977,0,0,7,15,12,9.845741877453486,0,15.6,2.8,-4.06,Dropout
1,1,1,9600,1,1,128.4,1,37,37,8,9,134.1,0,0,0,1,0,0,20,0,0,6,7,6,13.14977691952293,0,0,6,7,6,12.746247139918305,0,13.9,-0.3,0.79,Graduate
1,1,1,9289,1,1,129.9,1,1,1,3,3,123.1,1,0,0,1,0,0,18,0,0,7,9,7,12.622952083486096,0,0,8,9,8,13.380889716914913,0,15.9,0.4,-0.91,Graduate
1,17,1,9777,1,1,118.7,1,5,3,2,2,106.7,1,0,0,1,0,0,19,0,0,6,10,6,12.247436351992357,0,0,6,8,6,12.978389565919098,0,12.7,3.7,-1.7,Graduate
2,43,1,9560,0,39,133.0,1,37,38,4,8,121.8,0,0,0,1,0,0,51,0,2,10,9,5,13.206515601796427,0,2,7,8,5,13.166526506373316,0,13.8,-0.3,0.78,Graduate
2,39,1,8182,0,1,132.3,1,37,36,9,9,106.8,0,0,0,1,0,0,49,0,0,6,12,3,11.985116758249262,0,0,6,11,4,9.707278231283517,0,9.1,-0.8,1.8,Dropout
1,1,1,9165,1,1,137.2,1,3,3,3,8,128.2,1,0,0,1,0,1,17,0,0,6,6,6,15.304280676464106,0,0,6,6,6,14.806310745588966,0,12.7,3.7,-1.71,Graduate
1,17,1,9108,1,1,116.1,1,2,2,5,3,118.6,1,0,0,1,1,0,20,0,0,5,11,4,11.423300852696691,0,0,5,11,3,11.73184964854226,0,15.5,2.7,3.51,Enrolled
1,1,1,9230,1,1,133.0,1,1,1,2,7,115.7,0,0,0,1,1,0,18,0,0,6,6,6,12.873819628855168,0,0,6,5,0,0.0,0,14.0,0.4,0.77,Graduate
1,39,1,9494,1,1,134.7,1,37,38,9,9,126.6,0,0,0,1,0,0,21,0,0,7,8,7,13.745057409417964,0,0,8,8,8,14.30104998463604,0,15.9,0.7,-3.86,Graduate
1,17,1,9134,1,1,131.1,1,37,37,10,6,122.6,0,0,0,1,1,0,22,0,0,5,6,3,11.100711283317052,0,0,5,6,2,10.398530293781901,0,9.0,1.4,3.47,Dropout
1,1,1,9492,1,1,132.2,1,37,37,5,5,127.4,1,0,0,1,0,0,19,0,0,6,8,5,13.173659623775242,0,0,6,8,5,14.078394721108596,0,9.0,1.4,1.78,Graduate
2,39,1,8095,1,1,136.7,1,38,38,3,6,132.8,0,0,0,1,0,0,34,0,0,11,7,11,12.919106881622001,0,4,11,8,10,13.840173788216783,0,9.2,2.7,0.32,Graduate
1,44,1,9176,1,1,129.6,1,1,2,3,8,117.2,0,0,0,1,0,0,20,0,12,12,12,11,12.865298547130402,0,4,11,15,10,13.406224108146345,0,13.8,0.5,0.78,Dropout
2,38,1,9770,0,11,129.4,1,37,38,81,86,161.3,0,0,0,1,1,0,22,0,0,5,5,0,0.9736101675024208,0,0,5,5,0,0.510825577883083,0,9.1,1.4,0.32,Dropout
1,1,1,9190,1,1,123.1,1,3,19,10,9,116.1,1,0,0,1,0,1,17,0,0,5,5,5,13.558711715850746,0,0,5,6,5,13.757460429232118,0,12.5,0.5,1.81,Graduate
1,17,1,9124,1,1,131.3,1,2,37,3,4,111.6,1,0,0,1,1,0,20,0,0,5,11,1,9.772696469738143,0,0,5,12,2,0.0,0,7.6,2.6,0.32,Dropout
1,1,1,9250,1,1,130.4,1,19,37,9,7,116.2,1,0,0,1,0,0,19,0,0,6,7,6,10.880510820494191,0,0,6,6,6,0.0,0,13.8,0.5,-3.99,Graduate
1,1,3,9838,1,1,136.4,1,19,39,9,7,129.0,1,0,0,1,0,1,18,0,0,7,7,6,13.189700629677919,0,0,8,6,6,12.884658757038551,0,12.4,0.5,1.81,Graduate
1,1,1,9698,1,1,131.2,1,37,38,8,8,127.1,1,0,0,1,0,1,18,0,0,6,6,6,14.53736812241536,0,0,6,6,6,12.024042120710076,0,7.7,2.6,0.32,Graduate
2,39,1,7759,1,1,130.1,1,37,38,9,7,141.9,0,0,0,1,0,0,53,0,6,10,9,8,12.436980486301671,0,2,7,8,6,14.418723910508849,0,15.5,2.7,-4.05,Graduate
2,38,1,9524,0,12,135.1,1,34,30,1,0,100.1,0,0,0,0,1,0,35,0,0,5,9,0,0.23024483495364262,0,0,5,9,0,0.48743241950112115,0,7.6,2.6,0.32,Dropout
1,1,1,9510,1,1,132.1,1,2,19,5,5,121.1,1,0,0,1,0,0,17,0,0,6,8,5,12.879756398139145,0,0,6,9,5,11.811412352802884,0,16.0,0.4,-0.92,Graduate
1,1,1,9095,1,1,134.4,1,37,38,9,10,147.5,0,0,0,1,1,1,19,0,0,5,5,5,13.901419272968894,0,0,5,6,5,14.22362474410486,0,12.6,3.7,-1.64,Graduate
1,1,2,9197,1,1,132.0,1,19,39,9,9,126.2,1,0,0,1,0,1,18,0,0,6,6,6,14.162793607600028,0,0,6,6,6,13.046256188773611,0,12.7,3.7,-1.71,Graduate
1,1,1,9130,1,1,141.2,1,2,2,4,6,127.1,1,0,0,1,0,0,18,0,0,6,6,6,14.196584612063972,0,0,6,6,6,13.541450441042693,0,9.2,2.7,0.33,Graduate
1,1,1,9101,1,1,133.1,1,37,37,9,9,118.3,0,0,0,1,0,0,18,0,0,6,6,0,0.2993504734725543,0,0,6,6,0,0.0,0,16.1,0.5,-0.84,Dropout
1,1,4,880,1,1,129.9,1,37,37,5,9,128.2,1,0,0,1,0,0,20,0,0,0,0,0,0.0,0,0,0,0,0,0.11551224980606992,0,7.6,2.6,0.32,Dropout
1,43,1,9547,1,1,163.8,1,38,37,9,6,154.7,0,0,0,1,0,1,18,0,0,6,8,6,15.488235642246712,0,0,6,8,5,15.751474601900043,0,12.5,0.5,1.79,Graduate
1,1,1,9629,1,1,142.3,1,3,1,3,4,132.6,1,0,0,1,0,0,18,0,0,8,5,0,0.0,0,0,8,0,0,0.1944529062841207,0,9.3,-0.8,-3.15,Graduate
1,39,1,9548,1,39,131.5,1,38,37,8,0,137.9,0,0,0,1,1,0,31,0,6,11,9,5,13.069271048806364,0,4,11,12,5,12.38628063033185,0,15.5,2.8,-4.06,Dropout
2,39,1,9119,0,19,132.5,1,37,38,3,1,150.5,0,0,0,1,1,0,30,0,0,5,6,0,0.5448233725350977,0,0,5,5,0,0.2546853393840789,0,8.9,2.8,3.51,Dropout
1,17,1,9211,1,1,132.9,1,19,37,4,8,117.7,1,0,0,1,1,0,18,0,0,6,0,0,0.0,0,0,6,0,0,0.1260556055179079,0,13.9,-0.3,0.79,Dropout
1,1,1,9499,1,1,144.5,1,2,37,1,5,131.0,0,0,0,1,0,1,18,0,0,6,8,5,14.724821458072494,0,0,5,8,5,14.966410496396023,0,12.7,3.7,-1.7,Graduate
2,38,1,388,1,1,135.0,1,38,37,10,10,126.7,0,0,0,1,0,0,39,0,0,7,0,0,0.5168390638078315,0,0,8,0,0,0.0,0,9.0,1.4,1.8,Dropout
1,43,1,9210,1,1,129.1,1,4,1,2,2,117.4,0,0,0,1,1,0,20,0,0,5,11,2,0.13312953868212493,0,0,5,11,2,0.0,0,9.0,1.4,3.51,Dropout
1,1,1,9101,1,1,131.0,1,2,2,4,6,122.8,1,0,0,1,0,0,19,0,0,7,12,6,12.205524074467386,0,0,6,9,6,12.805243137360144,0,11.1,0.6,2.02,Dropout
1,42,1,9507,1,1,130.5,1,2,3,1,2,125.7,0,0,0,1,0,0,20,0,0,7,12,12,12.320526305681787,0,0,8,12,0,0.15642549193196914,0,9.3,-0.8,-3.12,Dropout
1,40,1,33,1,1,166.8,1,1,2,3,3,146.2,0,0,0,1,1,0,33,0,0,0,0,0,0.6879414292479413,0,0,0,0,0,0.122662062384234,0,9.0,2.7,1.81,Dropout
1,44,1,9481,1,1,139.5,1,2,2,4,1,132.9,1,0,0,1,0,0,21,0,0,6,8,5,13.819658148282358,0,0,6,8,5,13.074357324388439,0,10.8,1.4,1.8,Graduate
1,17,1,9213,1,1,124.7,1,19,37,6,9,113.0,1,0,0,1,0,0,19,0,0,6,12,4,12.64001165630489,0,0,6,12,1,12.345342289589423,0,13.9,-0.3,0.79,Dropout
1,39,1,9651,1,1,129.8,1,2,32,3,2,127.5,0,0,0,0,1,0,27,0,0,5,0,0,0.5392923369546925,0,0,5,0,0,0.2189582445587377,0,9.3,-0.8,-3.1,Dropout
1,39,1,9112,0,1,133.9,1,38,37,9,8,145.9,0,0,0,1,1,0,31,0,0,5,6,0,15.043796710780049,0,0,5,5,5,15.203310425531237,0,9.1,1.4,1.79,Graduate
1,1,1,9038,1,1,123.9,1,2,3,7,7,117.3,0,0,0,1,1,0,19,0,0,5,9,3,12.646552914533945,0,0,5,10,3,11.133231044512275,0,10.8,1.4,1.79,Enrolled
1,43,1,9231,1,1,116.3,1,34,37,3,5,117.9,0,0,0,1,0,0,30,0,9,15,18,13,13.056799466562696,0,9,12,15,11,10.856534849794707,0,7.6,2.6,0.32,Dropout
1,44,1,9028,1,1,132.6,1,2,2,4,4,113.6,1,0,0,1,1,0,21,0,0,6,10,0,0.0,0,0,6,12,0,0.0,0,10.8,1.4,1.82,Dropout
1,1,1,9134,1,1,133.0,1,19,37,5,8,127.7,1,0,0,1,0,0,19,0,0,5,6,5,12.602735694818325,0,0,5,5,5,14.087148796560268,0,12.6,-0.8,1.8,Graduate
1,38,1,9484,1,1,131.8,1,38,37,9,9,95.0,1,0,1,0,0,0,37,0,0,7,12,0,0.0,0,0,6,0,0,0.0,0,9.0,1.4,3.51,Dropout
1,1,3,9449,1,1,124.9,1,38,37,9,10,122.4,1,0,0,1,0,1,18,0,0,7,8,7,12.87928740064001,0,0,8,8,7,14.229864195582103,0,8.9,1.4,1.8,Graduate
1,1,1,9362,1,1,129.6,1,37,36,9,10,129.7,1,0,0,1,0,1,18,0,0,7,12,6,12.51705917993807,0,0,8,10,6,14.359970389711231,0,16.1,-0.8,-3.11,Graduate
1,17,1,9137,1,1,124.1,1,2,2,4,4,117.5,1,0,0,1,0,0,20,0,0,5,8,5,11.297024131345799,0,0,6,8,5,11.180733438408108,0,8.9,1.4,1.8,Enrolled
1,17,1,9407,1,1,131.8,1,38,37,9,7,111.7,0,0,0,1,0,0,22,0,0,6,13,1,9.973234478619403,0,0,6,12,0,0.0,0,15.5,2.7,-4.05,Dropout
1,2,3,9210,1,1,134.5,1,1,1,4,3,126.4,1,0,0,1,0,0,19,0,0,6,6,6,14.250394303799794,0,0,6,6,6,13.976346345733932,0,12.5,0.5,0.77,Graduate
1,1,1,9647,1,1,133.7,1,38,37,5,7,125.0,1,0,0,1,0,0,19,0,0,6,8,6,12.39676425225666,0,0,6,7,6,12.004660506108385,0,7.6,2.6,0.32,Graduate
1,1,1,9503,1,1,135.0,1,37,38,9,11,127.6,1,0,0,1,0,1,18,0,0,7,8,6,12.316033102361345,0,0,7,8,6,13.069986471500343,0,11.1,0.6,2.02,Graduate
1,2,1,9691,1,1,131.4,1,38,37,9,9,118.2,1,0,0,1,0,0,19,0,0,6,6,3,11.151828745095683,0,0,6,6,0,0.0,0,9.2,-0.8,-3.12,Dropout
2,39,1,9792,1,19,131.5,1,38,38,8,8,104.2,0,0,0,0,1,0,29,0,0,6,0,0,0.0,0,0,6,0,0,0.4064470695342752,0,12.4,0.5,1.8,Dropout
1,39,1,9879,1,19,134.6,1,38,37,9,9,105.9,0,0,0,1,1,0,35,0,0,7,12,0,0.03886711044593081,0,0,6,13,0,0.0,0,16.2,0.5,-0.84,Dropout
1,1,1,9276,1,1,129.0,1,1,2,3,5,129.2,1,0,0,1,0,0,19,0,0,7,13,7,13.035639799917098,0,0,8,13,7,12.1730894568398,0,10.8,1.4,1.78,Dropout
2,39,1,7907,1,40,129.7,1,38,37,6,4,154.2,0,0,0,1,0,0,36,0,5,10,9,6,12.515276256433133,0,2,7,8,6,11.75116056464202,0,8.9,1.4,3.49,Graduate
1,1,4,9377,1,1,130.3,1,19,37,4,9,140.2,1,0,0,1,0,1,18,0,0,7,8,7,13.617386170989562,0,0,8,8,8,12.48539582106058,0,11.1,0.6,1.99,Graduate
1,44,1,9054,1,39,152.3,1,1,1,2,6,151.6,0,0,0,1,1,0,30,0,2,6,11,3,12.978884471846932,0,1,6,11,2,11.457897797993754,0,10.8,1.4,1.78,Dropout
1,1,1,9740,1,1,131.9,1,37,37,9,7,125.6,0,0,0,1,0,1,20,0,0,8,8,8,13.937147918341857,0,0,7,8,7,14.193428016370808,0,9.0,1.4,3.48,Graduate
1,17,1,9797,1,1,124.3,1,3,1,3,0,109.6,1,0,0,1,1,0,19,0,0,6,0,0,0.0,0,0,6,0,0,0.12599031195879878,0,13.9,-0.3,0.79,Dropout
1,1,1,9017,1,1,131.4,1,38,37,4,7,127.1,0,0,0,1,0,0,18,0,0,5,8,5,12.274581714211507,0,0,5,8,5,14.084856973876093,0,9.3,-0.8,-3.11,Graduate
1,2,1,9434,1,1,137.1,1,2,3,3,2,110.7,1,0,0,1,0,0,19,0,0,7,12,7,11.062646596538672,0,0,8,12,8,11.687173712049043,0,15.5,2.8,-4.06,Dropout
1,1,1,9709,1,1,129.8,1,37,37,8,10,127.5,0,0,0,1,0,0,20,0,0,7,7,6,13.192154400614509,0,0,7,7,6,13.556215524741257,0,11.1,0.6,2.02,Graduate
1,16,2,9317,1,1,124.1,1,18,19,9,7,127.7,1,0,0,1,0,0,17,0,0,6,5,6,14.17755212965274,0,0,6,6,6,12.673436513874849,0,10.8,0.5,1.76,Graduate
1,40,1,9240,1,1,134.2,1,36,37,10,8,112.9,0,0,0,1,0,0,23,0,0,6,12,1,10.562782197945136,0,0,6,11,2,0.0,0,9.0,2.7,3.5,Dropout
2,42,1,8033,1,1,130.8,1,38,38,6,10,114.9,0,0,0,1,0,0,40,0,11,12,18,12,11.688218133675129,0,10,12,15,11,12.350471271705437,0,7.6,2.6,0.33,Dropout
1,1,1,9171,1,1,135.5,1,2,1,3,0,121.6,0,0,0,1,1,0,19,0,0,5,11,1,0.0,0,0,5,6,0,0.0,0,7.6,2.6,0.32,Dropout
1,1,1,9178,1,1,137.0,1,19,37,3,7,131.7,1,0,0,1,0,0,18,0,0,6,6,6,13.75897148828478,0,0,6,6,6,13.44076442243471,0,10.8,1.4,1.78,Graduate
2,40,1,9477,0,1,128.8,1,37,37,9,9,133.9,0,0,0,1,0,0,47,0,9,7,11,11,12.606023516603187,0,5,7,11,11,11.93434303021524,0,13.9,-0.3,0.78,Graduate
1,2,1,9235,1,1,132.5,1,19,38,8,7,144.5,0,0,0,1,1,0,20,0,0,5,6,0,13.442281289393446,0,0,5,6,0,0.0,0,12.6,3.7,-1.69,Graduate
2,39,1,7960,0,19,131.6,1,37,37,9,8,95.0,0,0,0,1,1,0,34,0,0,6,0,0,0.1911647007144177,0,0,6,0,0,0.0,0,11.1,0.6,2.02,Dropout
1,1,1,33,1,1,131.0,1,37,37,10,9,117.7,1,0,0,0,0,0,19,0,0,0,0,0,0.0,0,0,0,0,0,0.0,0,9.1,1.4,3.5,Dropout
1,43,1,9550,1,1,129.5,1,2,1,6,5,117.1,0,0,0,1,0,0,21,0,0,7,12,7,11.867553473886364,0,0,8,12,7,10.085789936363268,0,13.8,-0.3,0.76,Dropout
1,39,1,9010,1,1,129.6,1,2,1,4,2,97.2,0,0,0,0,1,0,29,0,0,6,11,2,0.0,0,0,6,12,0,0.0,0,9.1,2.7,0.79,Dropout
1,1,1,9123,1,1,133.0,1,38,37,5,11,125.1,1,0,0,1,0,1,18,0,0,5,5,5,14.777476944106482,0,0,5,5,5,13.646365204704932,0,8.9,1.4,3.5,Graduate
1,39,1,9514,1,1,130.0,1,38,37,2,9,112.5,0,0,0,0,0,0,31,0,0,6,13,1,0.0,0,0,6,12,0,0.0,0,9.2,0.5,1.82,Dropout
1,44,1,9366,1,40,134.9,1,2,1,3,0,153.2,0,0,0,1,0,0,20,0,0,7,14,6,13.083121776958244,0,0,8,11,6,13.98972992878035,0,15.5,1.4,-4.06,Dropout
1,40,1,9799,1,1,134.8,1,36,37,10,7,116.4,0,0,0,0,1,0,44,0,0,5,0,0,0.0,0,0,5,0,0,0.0,0,9.3,-0.8,-3.11,Dropout
1,17,1,9107,1,1,134.1,1,36,38,2,8,116.8,1,0,0,0,1,0,21,0,0,6,0,0,0.0,0,0,6,0,0,0.0,0,8.9,1.4,3.42,Dropout
1,1,3,9293,1,1,138.1,1,1,4,4,7,131.8,1,0,0,1,0,1,18,0,0,6,7,6,15.931755547719039,0,0,8,8,6,15.447963450128647,0,12.4,0.5,1.78,Graduate
1,38,1,9137,1,1,131.7,1,33,28,5,1,116.2,0,0,0,1,1,0,24,0,0,5,11,2,0.0,0,0,5,9,1,0.0,0,7.6,2.7,0.32,Dropout
2,39,1,9710,0,1,133.2,1,37,37,9,8,109.8,0,0,0,1,1,0,56,0,0,3,0,0,0.0,0,0,5,0,0,0.0,0,9.3,-0.8,-3.16,Dropout
1,8,1,9563,1,3,163.4,1,2,3,2,4,137.9,0,0,0,1,0,0,37,0,0,7,7,6,14.635582105629172,0,0,8,7,6,14.388673613769278,0,16.1,0.3,-0.93,Graduate
1,39,1,8196,1,1,133.4,1,37,37,11,10,113.3,0,0,0,1,0,0,47,0,0,7,10,6,10.397549235460065,0,0,7,11,6,11.233997031039324,0,7.6,2.6,0.32,Graduate
1,1,2,9526,1,1,117.8,1,19,38,9,10,123.1,1,0,0,1,0,1,18,0,0,7,8,6,13.193225138393124,0,0,8,8,7,12.737300254063229,0,12.4,0.5,1.79,Graduate
1,44,1,9827,1,1,128.6,1,2,1,1,3,126.7,0,0,0,1,0,0,19,0,0,7,12,7,12.586089651296772,0,4,8,14,8,12.333691977848808,0,15.5,2.7,-4.05,Dropout
1,1,1,9589,1,1,130.5,1,37,37,9,9,105.6,1,0,0,1,0,1,17,0,0,7,8,7,12.760344874914843,0,0,8,8,7,12.694423165569148,0,12.6,3.7,-1.69,Graduate
1,39,1,9577,1,1,167.0,1,37,38,4,5,139.4,0,0,0,1,0,0,38,0,0,6,5,6,14.722068278314831,0,0,6,5,6,13.78214864773677,0,9.4,-0.8,-3.12,Graduate
1,17,1,9622,1,1,130.4,1,3,3,4,3,121.1,1,0,0,1,0,0,19,0,0,7,11,6,12.829017131628088,0,0,8,10,6,14.417436723269633,0,16.0,0.6,1.96,Dropout
1,38,1,9753,1,1,158.2,1,38,38,7,2,147.6,0,0,0,1,0,0,32,0,0,6,7,6,14.962323864773893,0,0,6,7,6,16.768661705750937,0,7.7,2.6,0.31,Graduate
1,1,1,9272,1,1,127.5,1,3,38,3,6,123.3,1,0,0,1,0,1,19,0,0,6,8,5,11.551054761253422,0,0,6,8,5,10.20836912189597,0,13.9,-0.3,0.79,Graduate
2,40,1,8283,0,18,131.9,1,38,37,8,9,104.0,0,0,0,1,0,0,45,0,0,6,12,2,10.48140437669212,0,0,6,6,0,0.0,0,16.1,3.6,-1.69,Dropout
1,50,1,9186,1,40,133.3,1,2,38,2,7,126.2,0,0,0,1,0,0,33,0,5,11,10,11,13.454941756352998,0,4,10,10,5,12.723661278543762,0,8.9,1.4,3.5,Dropout
1,17,2,9559,1,1,137.5,1,2,3,5,3,112.8,1,0,0,1,0,0,18,0,0,7,9,6,12.657472546025584,0,0,8,10,0,0.043258598930159445,0,15.5,2.7,-4.03,Dropout
1,1,1,9155,1,1,139.7,1,1,2,4,0,159.2,1,0,0,1,1,0,17,0,0,5,7,5,14.62776384257929,0,0,5,5,5,15.551235474835675,0,7.6,2.7,0.33,Graduate
2,40,1,9746,0,18,130.0,1,37,38,9,4,103.1,0,0,0,0,1,0,29,0,0,6,11,0,0.0,0,0,5,12,0,0.07742353379607113,0,10.8,1.4,1.78,Dropout
2,39,1,7885,1,19,130.6,1,37,37,10,9,101.8,0,0,0,1,0,0,37,0,0,6,0,0,0.04132984828792775,0,0,6,1,0,0.30073243953921336,0,10.8,1.4,1.74,Dropout
1,1,1,9792,1,1,132.1,1,37,37,10,8,109.9,1,0,0,1,0,0,18,0,0,6,12,6,10.758742547032712,0,0,6,11,6,10.058487840304593,0,9.4,-0.8,-3.12,Enrolled
1,42,1,9126,1,41,133.7,1,2,1,4,1,160.3,0,0,0,1,0,0,36,0,0,7,7,6,12.924127456837521,0,4,11,10,2,12.975080031730048,0,15.9,0.4,-0.92,Dropout
1,1,1,9057,1,1,135.1,1,3,1,0,4,121.9,1,0,0,1,1,0,18,0,0,5,5,5,14.154901042276212,0,0,5,5,5,12.545716801825435,0,12.7,3.7,-1.7,Graduate
1,1,1,9142,1,1,130.5,1,37,37,9,7,118.2,1,0,0,1,0,1,18,0,0,5,5,5,14.390178049579925,0,0,5,5,5,14.309701940786766,0,12.6,-0.8,-3.13,Graduate
1,1,1,9348,1,1,141.4,1,2,37,9,10,130.6,1,0,0,1,0,1,18,0,0,6,7,6,13.035928356260044,0,0,8,8,6,13.956431217598132,0,12.5,0.5,1.79,Graduate
1,1,1,9252,1,1,132.8,1,36,37,10,7,122.6,0,0,0,1,0,0,22,0,0,5,5,4,12.211896920570277,0,0,5,6,5,12.11068873644925,0,9.5,-0.8,-3.15,Graduate
1,17,2,9729,1,1,118.4,1,18,37,6,8,118.7,1,0,0,1,1,0,18,0,0,5,5,0,0.3026880492006825,0,0,5,6,0,0.2940109377058731,0,9.3,-0.8,-3.1,Dropout
1,17,2,9094,1,1,118.6,1,37,37,9,11,119.8,1,0,0,1,0,0,18,0,0,5,6,3,11.117968982143918,0,0,5,10,4,11.522893135774545,0,8.9,1.4,3.43,Dropout
1,43,1,9008,1,39,141.1,1,3,3,7,5,127.1,0,0,0,1,0,0,20,0,2,7,11,6,13.84284007284006,0,4,7,15,2,10.263792138802021,0,14.0,-0.4,-0.91,Dropout
1,43,1,9617,1,1,133.7,1,2,3,5,4,125.1,1,0,0,1,0,0,19,0,0,7,11,6,12.63566195843786,0,0,7,11,6,12.460592606601029,0,13.9,-0.3,0.78,Dropout
1,1,1,9567,1,1,138.3,1,38,37,4,3,126.0,0,0,0,1,0,0,18,0,0,7,7,7,14.499292810351808,0,0,8,8,8,13.890350975557974,0,16.0,-0.8,-3.12,Graduate
1,1,1,9635,1,1,117.1,1,36,37,9,9,121.8,1,0,0,1,0,1,17,0,0,6,8,6,13.025382137751283,0,0,6,8,6,12.89545513152201,0,12.4,0.5,1.82,Graduate
1,1,1,1113,1,1,171.9,1,4,2,4,3,148.8,0,0,0,1,0,0,19,0,0,0,0,0,0.18142671366372443,0,0,0,1,0,0.5813485341305962,0,8.9,2.7,-4.03,Graduate
1,1,2,9518,1,1,123.7,1,1,38,4,4,111.6,1,0,0,1,0,0,18,0,0,6,8,5,10.66875158734187,0,0,6,8,5,10.281760632412666,0,9.3,-0.8,-3.12,Enrolled
1,1,1,9066,1,1,129.5,1,37,36,8,9,149.2,0,0,0,1,0,1,17,0,0,6,6,6,15.847570181745644,0,0,6,6,6,13.723555351528452,0,9.0,0.5,1.82,Graduate
1,39,1,222,1,1,139.3,1,37,36,8,11,162.1,0,0,0,1,0,0,30,0,0,7,6,6,0.10231589512417939,0,0,7,6,6,13.029036494555008,0,9.0,1.4,3.49,Graduate
1,45,1,9311,1,1,141.1,1,1,2,3,3,132.1,0,0,0,1,0,0,19,0,0,6,10,6,13.039968391228033,0,0,6,8,7,11.93304544458005,0,12.5,0.5,1.81,Graduate
1,1,3,9334,1,1,130.4,1,37,38,8,8,124.1,1,0,0,1,0,0,20,0,0,6,6,6,12.94019990563267,0,0,8,7,6,13.968681027976064,0,9.4,-0.8,-3.13,Graduate
1,1,1,9264,1,1,118.4,1,19,39,9,10,117.7,1,0,0,1,0,1,18,0,0,5,8,5,10.520567866651282,0,0,5,8,5,12.289558426296779,0,12.4,0.5,1.79,Graduate
1,53,1,9805,1,1,142.3,1,1,1,3,12,132.6,0,0,0,1,0,0,22,0,6,12,11,11,13.82968141510359,0,5,9,12,8,13.203817680086495,0,9.0,1.4,3.48,Graduate
1,1,1,9198,1,1,116.0,1,2,2,5,1,118.9,1,0,0,1,0,0,21,0,0,5,8,5,10.713790905451997,0,0,5,8,5,11.163034617368979,0,12.5,0.5,1.79,Enrolled
1,43,1,9018,1,1,131.3,1,4,2,2,5,99.9,0,0,0,1,1,0,20,0,2,7,10,4,11.741790403875555,0,4,7,15,2,11.609292754874867,0,15.6,2.7,-4.05,Dropout
1,39,1,9141,0,1,131.7,1,37,38,9,6,158.1,0,0,0,1,0,0,47,0,0,5,5,6,13.597278730620546,0,0,5,6,6,12.151191046655105,0,11.0,0.6,1.99,Graduate
1,1,3,9715,1,1,143.5,1,19,37,9,7,131.4,1,0,0,1,0,1,18,0,0,6,7,6,14.865645197488833,0,0,6,6,6,14.30060187439968,0,9.1,1.4,1.81,Graduate
1,17,1,9096,1,1,116.3,1,3,38,5,3,115.3,1,0,0,1,0,0,19,0,0,6,11,2,10.825809097531517,0,0,6,12,1,11.026414132254544,0,9.1,2.7,3.49,Dropout
1,1,1,9672,1,1,131.7,1,1,38,2,2,130.8,1,0,0,1,0,0,18,0,0,6,8,6,12.942275617530376,0,0,6,8,6,12.877650311085791,0,15.4,1.4,3.5,Graduate
1,1,1,9145,1,1,133.2,1,39,38,4,4,134.0,1,0,0,1,0,0,20,0,0,6,8,6,13.315075876958767,0,0,6,8,5,11.569103760774015,0,7.6,2.6,0.32,Graduate
1,44,1,9581,1,1,130.8,1,1,38,4,4,129.2,1,0,0,1,0,0,20,0,0,8,12,7,12.38597260726981,0,0,8,11,7,10.987935047356464,0,12.7,3.7,-1.7,Enrolled
1,39,1,33,1,1,132.2,1,38,37,2,5,95.5,0,0,0,1,1,0,33,0,0,3,0,0,0.05588625048455104,0,0,0,0,0,0.0,0,9.3,-0.8,-3.13,Dropout
1,1,1,9701,1,1,132.0,1,1,37,3,3,125.3,1,0,0,1,0,0,18,0,0,6,7,6,12.57869684496397,0,0,6,7,6,11.167627517706029,0,9.4,-0.8,-0.91,Graduate
1,42,1,9103,1,1,131.2,1,2,37,4,2,149.4,0,0,0,1,0,0,20,0,0,6,6,6,12.61084543080112,0,0,6,6,6,13.813201736288107,0,15.5,2.8,-4.06,Graduate
1,17,2,9096,1,1,120.2,1,37,37,11,8,118.5,1,0,0,1,0,1,19,0,0,6,8,5,11.280188124803269,0,0,6,8,5,10.397326722995302,0,10.8,1.4,1.77,Graduate
2,40,1,8006,0,1,132.8,1,38,36,9,6,110.6,0,0,0,1,0,0,38,0,0,6,11,4,11.516257950198995,0,0,6,7,6,0.0,0,9.2,-0.8,-3.12,Dropout
1,40,1,9172,1,1,133.7,1,37,37,10,9,146.3,0,0,0,1,1,0,24,0,0,5,5,0,0.35328713758234026,0,0,5,5,0,0.0,0,14.0,0.5,0.89,Dropout
1,42,1,9370,1,1,134.0,1,2,1,2,1,133.1,1,0,0,1,0,0,20,0,13,7,12,10,12.13580530748291,0,5,11,12,10,13.233617015118046,0,7.6,2.6,0.33,Graduate
1,39,1,9806,1,1,134.5,1,32,35,3,4,95.1,0,0,0,1,1,0,34,0,0,5,0,0,0.0,0,0,5,0,0,0.0,0,7.7,2.6,0.31,Dropout
1,1,1,9592,1,1,134.8,1,37,38,1,9,124.5,1,0,0,1,0,0,19,0,0,6,6,0,0.0,0,0,6,6,0,0.0,0,8.9,1.4,3.51,Dropout
1,45,1,9472,1,1,139.7,1,1,1,3,5,126.4,0,0,0,1,0,0,21,0,2,7,10,7,14.433777087850558,0,4,8,9,8,12.283953931188158,0,12.6,3.7,-1.7,Dropout
2,39,1,9783,0,19,133.4,1,38,37,9,8,95.0,0,0,0,1,1,0,46,0,0,5,9,4,11.551359150783476,0,0,5,11,1,11.376398450317094,0,12.4,0.5,1.78,Dropout
1,1,1,9147,1,1,139.8,1,1,5,5,5,146.0,0,0,0,1,0,0,19,0,0,6,5,6,13.610014461588062,0,0,6,5,6,13.981063468112886,0,12.4,0.5,1.8,Graduate
1,44,1,8999,1,40,141.6,1,2,2,4,5,138.7,0,0,0,1,1,0,18,0,0,6,10,6,14.937599806153726,0,0,6,9,5,13.31835028200253,0,12.6,-0.3,0.8,Graduate
1,1,1,9348,1,1,133.6,1,1,1,5,5,127.0,1,0,0,1,0,0,18,0,0,7,11,6,11.475746780784842,0,0,7,11,6,11.91171715170976,0,7.6,2.6,0.33,Dropout
1,17,4,9961,1,1,120.1,1,19,37,6,8,118.8,1,0,0,1,0,0,18,0,0,6,5,6,13.524401511489705,0,0,6,6,6,11.721135011149142,0,10.8,1.4,1.75,Graduate
1,1,6,9635,1,1,128.2,1,2,1,2,4,126.9,1,0,0,1,0,0,19,0,0,7,8,7,12.971147958916239,0,0,8,8,7,12.322683048135008,0,12.4,0.5,1.81,Graduate
2,39,1,9252,0,1,130.8,1,38,37,9,9,152.9,0,0,0,1,1,0,54,0,0,5,4,5,14.87869665116852,0,0,5,5,5,13.939546023859856,0,10.8,1.4,1.77,Graduate
1,1,1,9600,1,1,131.7,1,3,2,4,10,124.5,1,0,0,1,0,0,19,0,0,7,13,7,13.295476889204519,0,0,8,9,8,13.456815286010087,0,14.0,0.4,0.81,Dropout
1,1,1,9105,1,1,131.9,1,19,37,9,8,125.3,1,0,0,1,0,0,18,0,0,5,6,0,12.218071726382064,0,0,5,6,0,0.0,0,12.4,0.5,1.81,Graduate
1,1,2,9598,1,1,119.0,1,19,38,2,8,127.1,1,0,0,1,0,1,19,0,0,6,8,5,11.310118438715483,0,0,6,8,5,11.942253859954901,0,9.3,-0.8,-3.12,Graduate
1,1,1,9505,1,1,130.5,1,36,37,8,9,124.0,1,0,0,1,0,0,19,0,0,6,6,6,12.703480114765004,0,0,6,6,6,13.134946417075636,0,9.0,1.4,1.8,Graduate
1,42,1,9497,1,1,132.4,1,37,37,5,7,132.8,0,0,0,1,0,0,20,0,0,7,12,7,12.294377955876095,0,0,8,12,8,14.058021627430406,0,13.9,-0.3,0.79,Dropout
1,39,1,9102,1,1,131.7,1,38,37,10,10,119.1,0,0,0,1,1,0,24,0,0,5,6,0,0.0,0,0,5,6,0,0.0,0,13.9,-0.3,0.79,Dropout
1,39,1,9754,1,3,149.0,1,38,38,3,2,150.5,0,0,0,1,0,0,28,0,0,6,7,6,15.820368240632199,0,0,6,6,5,14.715149086881079,0,12.4,0.5,1.79,Graduate
2,38,1,9648,0,3,160.8,1,37,39,3,3,146.3,0,0,0,1,1,0,61,0,0,5,5,0,0.7316054105905456,0,0,5,5,5,15.553550132825524,0,9.4,-0.8,-3.13,Graduate
1,1,1,9264,1,1,131.4,1,20,38,10,8,114.9,0,0,0,1,0,0,20,0,0,6,11,3,11.580013072022966,0,0,6,12,4,12.434473405336425,0,15.9,0.5,0.83,Enrolled
1,2,1,9691,1,1,142.5,1,2,2,2,1,130.9,1,0,0,1,0,0,18,0,0,7,8,7,13.609107479881168,0,0,8,8,8,13.940923213731608,0,10.8,1.4,1.8,Graduate
1,1,1,485,1,1,131.9,1,38,38,3,4,116.5,1,0,0,1,1,0,19,0,0,0,1,0,0.0,0,0,0,0,0,0.1424372240285817,0,9.0,1.4,1.81,Dropout
1,43,1,9045,1,1,138.0,1,2,2,5,4,156.4,0,0,0,1,1,0,22,0,0,5,6,5,13.12880351402719,0,0,5,6,5,14.458014622530937,0,12.5,0.5,1.8,Graduate
1,42,1,8965,1,1,132.3,1,2,3,3,6,99.9,0,0,0,0,1,0,30,0,0,6,10,2,0.0,0,0,6,13,0,0.0,0,10.8,1.4,1.8,Dropout
1,39,1,9652,1,1,130.9,1,38,38,10,9,112.6,0,0,0,1,0,0,21,0,0,7,10,7,11.940775124915472,0,0,8,11,7,12.075155571677337,0,13.9,-0.3,0.79,Graduate
1,1,1,9574,1,1,133.2,1,35,34,2,1,140.7,0,0,0,1,1,0,30,0,0,5,6,0,0.1315395353611467,0,0,5,5,0,0.0,0,9.3,-0.8,-3.12,Dropout
2,39,1,8031,0,4,129.8,1,38,36,4,2,154.9,0,0,0,1,0,0,44,0,6,10,6,11,13.885207158678941,0,2,11,6,6,13.037334450174885,0,8.9,1.4,3.49,Graduate
1,1,1,9527,1,1,129.2,1,38,37,8,11,129.5,1,0,0,1,0,1,18,0,0,6,8,6,13.426175661157627,0,0,6,8,6,13.252356939991593,0,14.0,0.6,0.89,Graduate
1,40,1,9557,1,1,128.8,1,37,38,9,9,152.4,0,0,0,1,0,1,23,0,0,6,7,6,11.64152869457014,0,0,6,7,6,13.841113746597108,0,14.0,0.5,0.86,Graduate
1,1,1,9823,1,1,131.7,1,37,36,10,9,133.5,1,0,0,1,0,1,19,0,0,7,8,7,13.168593726666886,0,0,8,8,8,11.823396784168322,0,12.6,3.7,-1.66,Graduate
1,1,1,9497,1,1,141.1,1,2,1,3,3,133.7,1,0,0,1,0,0,20,0,0,7,11,7,12.096363164598234,0,0,8,9,8,12.092103304917146,0,9.2,-0.3,0.77,Dropout
1,18,2,9243,1,1,120.5,1,19,38,3,8,125.0,1,0,0,1,0,0,19,0,0,6,6,4,11.38850899551861,0,0,6,6,4,11.887296320915503,0,9.4,-0.8,-3.12,Dropout
1,44,1,9279,1,1,142.7,1,1,3,2,10,135.9,0,0,0,1,0,0,37,0,2,8,8,7,13.197040444264278,0,4,8,8,7,13.025347656198907,0,12.6,0.5,1.81,Graduate
1,39,1,9010,1,1,132.1,1,2,37,3,2,101.9,0,0,0,0,1,0,36,0,6,6,12,2,13.341842082562087,0,0,6,15,0,0.0,0,15.4,2.8,-4.02,Dropout
1,38,1,9562,1,1,130.7,1,39,38,10,8,111.4,0,0,0,1,0,0,25,0,0,6,12,4,11.54628896385997,0,0,6,12,5,11.30104585006753,0,9.3,-0.3,-3.11,Enrolled
1,1,2,9479,1,1,131.1,1,3,3,2,3,120.3,1,0,0,1,0,0,18,0,0,7,8,7,13.49869525320058,0,0,8,8,7,11.581010088066797,0,12.6,3.7,-1.69,Graduate
1,44,1,9626,1,1,141.2,1,2,1,3,2,148.2,0,0,0,1,0,0,18,0,0,7,7,7,14.169416694710147,0,0,8,9,8,15.477348651703164,0,14.0,0.5,0.88,Graduate
1,1,1,9207,1,1,119.2,1,39,37,4,5,119.3,1,0,0,1,0,0,21,0,0,6,12,4,9.7217559901679,0,0,6,10,3,10.269237800617129,0,15.9,2.6,0.77,Enrolled
1,1,1,9991,1,1,122.8,1,38,37,11,9,105.9,1,0,0,1,0,1,18,0,0,6,11,6,10.770894871424609,0,0,6,7,6,10.90839758060106,0,13.9,2.6,0.33,Enrolled
1,38,1,9172,0,4,157.7,1,2,34,1,6,157.5,0,0,0,1,1,0,37,0,0,6,6,0,0.1759208110023841,0,0,5,5,0,0.6242138270658835,0,7.6,2.7,0.33,Graduate
1,1,2,9190,1,1,120.7,1,37,38,9,10,118.6,1,0,0,1,0,1,19,0,0,5,8,5,12.03988025426252,0,0,5,9,5,11.383588839353596,0,9.0,2.7,3.47,Graduate
1,43,1,9559,1,1,132.1,1,2,1,3,7,130.5,1,0,0,1,0,0,21,0,0,7,10,7,12.43892583452551,0,0,8,13,8,13.253320015156145,0,13.9,-0.3,0.79,Dropout
2,38,1,8054,0,19,133.6,1,36,37,9,10,159.7,0,0,0,1,0,0,30,0,6,10,7,14,14.615050172111738,0,2,7,7,6,14.107442546644856,0,9.0,1.4,3.48,Graduate
1,44,1,9176,1,1,132.5,1,2,1,3,7,119.1,0,0,0,1,1,0,28,0,12,17,14,19,12.049151112928806,0,5,11,15,11,12.859362290237803,0,15.9,0.4,0.8,Dropout
1,40,1,9839,1,1,130.5,1,1,2,1,2,104.9,0,0,0,0,0,0,24,0,0,6,12,2,11.331887681731006,0,0,6,12,0,0.0,0,10.8,1.4,1.77,Dropout
1,1,1,9450,1,1,133.0,1,19,37,11,9,126.0,0,0,0,1,0,1,21,0,0,6,8,6,12.610039923770595,0,0,6,9,7,12.089871436063174,0,12.8,0.5,-1.5,Graduate
1,1,1,279,1,1,134.8,1,37,38,9,9,112.7,1,0,0,1,0,0,19,0,0,0,0,0,0.11865653631016955,0,0,0,0,0,0.0,0,9.2,2.6,0.32,Dropout
1,38,1,8187,0,1,132.1,1,37,37,8,9,127.4,0,0,0,1,0,0,37,0,0,6,7,6,12.469287959816711,0,0,6,7,5,12.11460425659508,0,7.6,2.6,0.33,Graduate
2,40,1,9613,1,1,131.5,1,37,37,9,8,122.9,0,0,0,1,0,0,46,0,0,7,10,4,11.560512643963401,0,0,7,13,0,0.0,0,10.8,1.4,1.81,Dropout
1,44,1,9571,1,1,132.5,1,3,2,4,0,153.9,0,0,0,1,0,0,26,0,0,7,12,6,0.0,0,0,8,0,0,0.2738917845571949,0,13.9,-0.3,0.78,Dropout
1,1,1,9103,1,1,134.1,1,2,2,2,7,128.9,0,0,0,1,0,0,21,0,0,6,7,6,13.333887481061256,0,0,6,7,6,11.985977552890509,0,11.1,0.6,2.02,Graduate
1,8,1,9463,1,1,135.7,1,4,1,3,4,128.6,0,0,0,1,0,0,37,0,0,7,8,7,13.769351005763474,0,0,8,9,8,14.027356741333135,0,11.1,0.6,2.05,Graduate
1,17,1,9189,1,1,122.1,1,19,38,10,9,116.3,1,0,0,1,1,0,18,0,0,5,5,3,13.049070105261045,0,0,5,5,0,0.0,0,12.7,3.7,-1.72,Dropout
2,39,1,8094,0,19,136.2,1,37,38,9,9,111.0,0,0,0,1,1,0,54,0,0,5,12,0,0.0,0,0,5,6,0,0.0,0,9.4,-0.8,-3.14,Dropout
1,2,1,9135,1,1,128.3,1,2,2,6,2,114.6,1,0,0,1,1,0,19,0,0,5,6,0,0.3387027898660138,0,0,5,5,0,0.2833894279747306,0,9.1,1.4,1.8,Dropout
1,41,1,9005,1,1,137.8,1,1,1,1,3,99.8,0,0,0,1,0,0,21,0,0,7,0,0,0.0,0,0,6,0,0,0.0,0,15.5,2.8,-4.04,Dropout
1,1,1,9432,1,1,141.2,1,3,2,1,4,127.6,1,0,0,1,0,0,18,0,0,7,8,7,13.21258516545618,0,0,8,8,8,13.009291811828051,0,14.0,-0.3,0.78,Graduate
1,39,1,290,1,1,132.4,1,1,1,3,3,147.8,0,0,0,1,0,0,28,0,0,7,0,0,0.0,0,0,8,0,0,0.31517107285684964,0,11.1,0.6,1.97,Dropout
1,39,1,9680,1,1,128.6,1,35,36,8,8,95.6,0,0,0,0,0,0,23,0,0,7,15,4,11.841287407534137,0,0,8,15,2,11.98370525541754,0,15.5,2.8,-4.06,Dropout
1,39,1,9702,1,1,130.9,1,2,2,2,0,130.1,0,0,0,1,1,0,20,0,0,6,12,3,12.56444232710886,0,0,6,11,5,12.402510943760024,0,8.9,1.4,3.46,Dropout
1,1,1,33,1,1,130.4,1,37,37,5,2,109.9,1,0,0,0,1,0,18,0,0,0,0,0,0.0,0,0,0,0,0,0.0,0,9.3,-0.8,-3.12,Dropout
2,39,1,9700,1,1,135.2,1,38,37,8,11,135.4,0,0,0,1,0,0,48,0,0,7,7,7,14.359106204121135,0,4,8,8,8,14.68147011402185,0,13.9,-0.3,0.79,Graduate
1,43,1,9156,1,40,131.9,1,1,2,2,6,135.9,0,0,0,1,0,0,26,0,12,12,24,15,12.33670362313862,0,7,11,18,11,13.36575867558761,0,15.6,2.8,-4.05,Graduate
1,40,1,9444,1,1,131.1,1,37,37,9,7,95.7,0,0,0,0,1,0,26,0,0,0,0,0,0.4914106962255612,0,0,0,0,0,0.0,0,12.7,3.7,-1.7,Dropout
1,2,1,9072,1,1,131.8,1,2,1,3,6,127.5,0,0,0,1,0,0,20,0,0,6,11,6,11.12336761385022,0,0,6,12,6,12.834537187559874,0,16.2,3.6,-0.9,Graduate
1,42,1,9678,1,1,132.9,1,37,37,4,6,115.6,0,0,0,1,0,0,30,0,0,7,12,7,11.715057286995084,0,4,8,11,11,11.623866908030498,0,14.0,-0.3,0.78,Dropout
1,40,1,9090,0,3,131.9,1,37,32,1,3,148.6,0,0,0,1,1,0,27,0,0,6,12,0,0.0,0,0,6,11,0,12.611161070307666,0,7.6,2.6,0.32,Dropout
1,1,1,9548,1,1,134.3,1,38,37,9,8,125.7,1,0,0,1,0,1,18,0,0,6,7,6,13.657638041221979,0,0,6,7,6,14.4102930522467,0,14.0,-0.3,0.79,Graduate
2,39,1,9114,0,19,129.4,1,37,38,10,7,152.6,0,0,0,1,1,0,27,0,0,5,5,5,14.710404126890845,0,0,5,5,5,11.650156283657694,0,16.1,0.4,-0.93,Graduate
1,1,2,9544,1,1,129.5,1,1,2,5,6,122.9,1,0,0,1,0,1,18,0,0,7,8,7,13.538787580771517,0,0,8,9,8,14.154354945335747,0,12.7,3.7,-1.69,Graduate
1,39,1,9221,1,1,135.2,1,38,38,8,8,97.3,0,0,0,1,0,0,32,0,0,6,0,0,0.0,0,0,6,7,0,0.26982210464841816,0,11.1,0.6,2.02,Dropout
1,1,1,9655,1,1,137.3,1,1,3,3,8,126.3,1,0,0,1,0,0,19,0,0,6,6,6,13.28745810518636,0,0,6,6,6,0.0,0,12.7,3.7,-1.71,Graduate
1,17,2,9261,1,1,121.3,1,2,2,1,4,102.0,1,0,0,1,1,0,18,0,0,5,6,2,11.373797040754814,0,0,5,5,0,0.0,0,12.6,0.5,1.8,Dropout
1,38,1,9323,0,1,135.3,1,37,36,10,8,104.8,0,0,0,1,0,1,19,0,0,5,8,5,11.162836215120072,0,0,5,5,5,10.19066328908927,0,9.3,-0.3,0.78,Graduate
1,1,1,9473,1,1,133.1,1,38,38,8,10,132.1,0,0,0,1,0,1,18,0,0,7,8,6,13.985564095446898,0,0,7,8,8,15.44357032874044,0,7.6,2.6,0.32,Graduate
1,55,1,9397,1,1,155.9,1,2,1,4,6,143.5,0,0,0,1,0,0,21,0,0,8,7,8,16.020193770097315,0,0,6,8,5,15.14934358276522,0,9.0,1.4,3.51,Graduate
1,1,1,9145,1,1,131.2,1,2,2,2,3,113.7,0,0,0,1,1,0,20,0,0,5,6,0,0.0,0,0,5,6,0,0.0,0,11.1,0.6,2.01,Dropout
1,1,1,9709,1,1,131.3,1,20,37,10,9,117.7,1,0,0,1,0,0,18,0,0,6,5,5,14.096388560999749,0,0,6,5,5,16.606226843138437,0,12.4,0.5,1.78,Graduate
1,1,1,9149,1,1,133.9,1,19,37,0,5,123.5,0,0,0,1,0,0,19,0,0,5,6,5,12.589489058126425,0,0,5,6,5,12.476243237891577,0,7.6,2.6,0.32,Graduate
1,2,1,9077,1,1,138.6,1,2,1,3,3,167.5,1,0,0,1,0,0,19,0,0,6,7,6,12.663397666487372,0,0,6,8,5,11.45295595343622,0,12.4,0.5,1.79,Graduate
1,39,1,9128,1,1,134.6,1,1,37,6,2,154.4,0,0,0,1,1,0,29,0,0,6,0,0,0.21774000041832453,0,0,6,0,0,0.36583754717416767,0,12.4,0.5,1.8,Dropout
1,1,1,9628,1,1,133.7,1,38,38,3,3,132.2,1,0,0,1,0,0,18,0,0,6,7,5,15.856037682066795,0,0,6,6,5,12.616811786699177,0,9.3,-0.8,-3.12,Graduate
1,1,1,9479,1,1,132.3,1,1,38,4,9,131.0,1,0,0,1,0,0,19,0,0,7,13,6,12.182196322160626,0,0,7,8,6,11.936153332162734,0,9.0,1.4,1.82,Graduate
1,1,1,9055,1,1,130.8,1,37,38,11,11,127.6,1,0,0,1,0,1,18,0,0,5,6,5,13.421202714880947,0,0,5,5,5,13.765818023853615,0,8.9,1.4,3.44,Graduate
1,1,1,9617,1,1,138.6,1,1,1,3,6,132.3,0,0,0,1,0,0,18,0,0,6,8,5,15.010833530471542,0,0,6,8,5,15.168904978973897,0,10.8,1.4,1.79,Graduate
1,2,1,9050,1,1,142.6,1,2,3,4,6,136.8,1,0,0,1,0,0,19,0,0,5,6,6,15.574103370645513,0,0,5,5,5,12.94017558281589,0,8.9,1.4,3.48,Graduate
1,6,1,9103,1,1,153.1,1,2,3,2,2,150.3,0,0,0,1,1,0,20,0,0,5,5,5,16.126591409814864,0,0,5,5,5,14.498962813754675,0,12.7,3.7,-1.71,Graduate
1,1,1,9541,1,1,128.4,1,2,3,2,6,130.6,1,0,0,1,0,0,19,0,0,7,8,6,12.720558376934253,0,0,7,8,6,11.865683762918195,0,13.9,2.7,0.32,Graduate
2,38,1,9610,0,11,131.3,1,34,34,4,1,102.5,0,0,0,0,1,0,36,0,0,6,11,0,0.0,0,0,5,12,0,0.0,0,7.7,2.6,0.33,Dropout
1,1,1,269,1,1,134.8,1,38,37,9,8,111.6,1,0,0,1,0,0,18,0,0,0,0,0,0.0680190586387474,0,0,0,1,0,0.030016989133062423,0,9.1,-0.8,-3.12,Dropout
1,44,1,9536,1,1,139.4,1,2,1,2,4,132.0,0,0,0,1,0,0,21,0,2,7,11,8,12.629598840368455,0,4,8,8,8,13.063548705698992,0,13.9,-0.3,0.78,Graduate
1,18,2,9647,1,1,122.5,1,2,37,4,7,123.6,1,0,0,1,0,0,18,0,0,6,5,6,12.659986638436257,0,0,6,6,6,0.0,0,13.9,-0.3,0.77,Graduate
1,1,1,9772,1,1,139.4,1,19,37,10,9,132.1,0,0,0,1,0,0,19,0,0,6,7,6,13.790153034552365,0,0,6,5,6,13.36301250554849,0,13.9,-0.3,0.82,Graduate
1,1,4,9806,1,1,130.8,1,2,2,5,3,132.7,1,0,0,1,0,0,18,0,0,6,6,6,0.0,0,0,6,0,6,0.3578078706652516,0,8.9,1.4,3.44,Graduate
1,1,1,9235,1,1,139.2,1,2,19,3,5,128.8,1,0,0,1,0,1,18,0,0,5,5,5,15.69763991100768,0,0,5,6,5,15.026640686633177,0,12.6,3.7,1.84,Graduate
1,39,1,9211,0,3,133.3,1,36,34,4,0,142.8,0,0,0,0,1,0,35,0,0,5,9,0,0.37091019075805415,0,0,5,6,0,0.0,0,7.6,2.6,0.32,Dropout
1,39,1,9111,1,1,132.0,1,38,37,4,9,116.7,0,0,0,0,1,0,27,0,0,5,10,2,0.0,0,0,5,5,0,0.0,0,12.6,3.7,1.81,Dropout
1,1,1,9620,1,1,138.4,1,37,38,8,10,131.1,1,0,0,1,0,1,18,0,0,7,7,7,13.93535074987118,0,0,8,8,8,14.535865631495803,0,13.9,2.7,0.78,Graduate
1,39,1,9928,1,1,131.3,1,36,36,9,9,131.3,0,0,0,1,0,0,21,0,0,6,6,0,0.600573629480916,0,0,6,1,0,0.23458704297706945,0,10.8,1.4,1.76,Dropout
1,1,2,9236,1,1,111.0,1,1,20,4,4,123.6,1,0,0,1,0,1,19,0,0,6,8,5,12.150032992412278,0,0,6,8,5,10.961502469158548,0,12.7,-0.8,-1.7,Graduate
1,1,1,33,1,1,134.1,1,37,38,3,8,113.6,1,0,0,0,1,0,19,0,0,0,0,0,0.0,0,0,0,0,0,0.061666748719202025,0,9.0,1.4,1.8,Dropout
1,1,1,9646,1,1,138.3,1,38,37,3,9,128.3,1,0,0,1,0,0,20,0,0,8,8,8,13.479142056451774,0,0,8,8,7,13.520058402789568,0,9.3,-0.8,-3.13,Graduate
1,39,1,9477,1,1,132.8,1,2,1,2,6,140.9,0,0,0,1,0,0,21,0,0,6,11,6,13.000531082673389,0,0,6,8,6,13.203980910377016,0,9.0,1.4,3.46,Dropout
1,1,1,9135,1,1,131.6,1,2,4,1,4,139.6,0,0,0,1,1,0,18,0,0,6,6,6,0.15925438470892966,0,0,6,6,0,0.10134736740202874,0,15.5,2.8,-4.06,Graduate
1,1,1,9342,1,1,130.8,1,37,37,10,9,128.7,0,0,0,1,0,0,19,0,0,7,8,7,13.024549517409834,0,0,8,8,8,16.315557783588552,0,11.1,0.6,1.99,Graduate
2,39,1,8076,0,19,135.8,1,37,37,8,8,102.1,0,0,0,1,1,0,57,0,0,6,12,0,0.027739418525447153,0,0,5,11,0,0.0,0,7.7,2.6,0.32,Dropout
1,1,1,104,1,1,130.1,1,37,38,9,9,132.7,1,0,0,1,0,1,19,0,0,0,0,0,0.13514299333803453,0,0,0,0,0,0.22375245915028869,0,13.9,-0.3,0.81,Graduate
1,1,3,9636,1,1,138.4,1,2,38,4,5,126.9,1,0,0,1,0,0,18,0,0,6,6,6,15.395702231485416,0,0,6,6,6,12.978619105742485,0,9.1,1.4,3.44,Graduate
1,44,1,9064,1,40,142.1,1,2,2,2,1,141.4,0,0,0,1,0,0,36,0,2,11,14,6,12.277989749732427,0,4,10,11,5,13.265600398632502,0,13.9,-0.3,0.79,Dropout
1,38,1,9223,1,1,130.8,1,37,36,9,10,117.7,0,0,0,1,1,0,28,0,0,5,11,2,11.759736272540401,0,0,5,11,0,0.0,0,7.6,2.7,0.33,Dropout
1,44,1,9355,1,1,132.6,1,2,1,2,5,98.4,0,0,0,1,1,0,26,0,0,7,12,0,0.0,0,0,7,0,0,0.19070970975547055,0,15.6,2.7,-4.01,Dropout
1,39,1,9752,1,1,134.0,1,19,37,3,2,110.6,0,0,0,1,0,0,18,0,0,6,11,3,10.409460525133854,0,0,6,15,2,12.494420612682834,0,15.7,2.8,-3.96,Dropout
1,1,1,9667,1,1,137.0,1,36,37,9,8,127.7,0,0,0,1,0,1,18,0,0,7,8,7,14.119519928610902,0,0,8,8,8,16.15402116541929,0,12.4,0.5,1.8,Graduate
1,39,1,445,1,1,133.4,1,37,37,8,9,148.8,0,0,0,1,0,0,41,0,12,10,19,11,12.219373225910731,0,9,11,0,10,13.75216673463334,0,12.4,0.5,1.84,Graduate
1,42,1,9468,1,1,132.5,1,3,1,2,5,128.4,0,0,0,1,0,0,19,0,0,7,12,7,13.707303645712317,0,0,8,12,8,11.977277895727223,0,12.6,-0.3,0.78,Dropout
2,39,1,7958,0,40,129.6,1,37,37,8,7,107.2,0,0,0,1,0,0,35,0,4,6,12,4,10.883656353995994,0,3,7,13,1,12.483983709575103,0,12.6,-0.3,0.8,Dropout
1,1,1,9231,1,1,138.8,1,2,38,5,7,137.7,0,0,0,1,1,0,18,0,0,5,5,5,13.732180394189578,0,0,5,5,5,12.22932231773349,0,9.3,-0.8,-3.14,Graduate
1,1,1,9450,1,1,131.0,1,38,38,3,6,124.7,1,0,0,1,0,0,18,0,0,6,11,4,11.548118284867067,0,0,6,11,4,11.832601147429873,0,9.4,-0.8,-3.11,Dropout
1,1,1,9369,1,1,136.5,1,19,38,9,11,126.4,1,0,0,1,0,0,18,0,0,7,7,7,15.60478409534224,0,0,8,8,8,15.57835923434658,0,10.8,0.5,1.72,Graduate
1,1,1,9142,1,1,132.0,1,38,38,8,8,133.3,1,0,0,1,0,1,17,0,0,5,6,5,12.731109239138156,0,0,5,6,5,13.983070290106106,0,8.9,1.4,3.48,Graduate
1,38,1,67,1,1,133.5,1,37,37,5,8,114.8,1,0,0,1,0,0,21,0,0,6,1,0,0.2476968009504134,0,0,6,1,0,0.02664183163909322,0,9.0,2.7,1.84,Dropout
2,38,1,8181,0,1,132.0,1,36,40,2,5,146.3,0,0,0,1,1,0,30,0,0,6,12,0,0.0,0,0,6,11,0,0.04205724370955347,0,8.9,1.4,3.49,Dropout
1,1,1,9637,1,1,143.3,1,37,37,9,8,124.5,0,0,0,1,0,1,18,0,0,8,7,7,13.912138194473519,0,0,8,8,8,13.984634063411766,0,12.7,3.7,-1.72,Graduate
1,17,1,9192,1,1,131.3,1,1,1,5,4,115.9,1,0,0,1,1,0,18,0,0,6,0,0,0.17552420506523042,0,0,6,0,0,0.0,0,7.6,2.6,0.32,Dropout
1,1,1,9202,1,1,137.2,1,37,37,3,5,150.5,0,0,0,1,0,0,19,0,0,6,6,6,16.546182310981237,0,0,6,6,6,13.929600888130558,0,7.6,2.6,0.32,Graduate
2,40,1,9693,1,3,137.0,1,37,37,8,8,127.7,0,0,0,1,0,0,42,0,10,7,9,7,13.764763807825119,0,5,8,11,10,13.087754159763726,0,16.2,0.4,-0.85,Graduate
1,1,3,9082,1,1,129.8,1,1,19,5,9,132.0,1,0,0,1,0,1,19,0,0,6,6,6,12.747936782738412,0,0,6,5,6,13.523218382668276,0,12.5,0.6,1.87,Graduate
1,1,1,9176,1,1,142.2,1,37,38,9,8,141.0,0,0,0,1,0,1,18,0,0,5,6,6,15.702151314185446,0,0,5,5,5,15.705128885471503,0,12.4,0.5,1.79,Graduate
1,1,1,9637,1,1,141.0,1,38,38,8,10,126.4,1,0,0,1,0,1,18,0,0,8,8,7,12.556875822090873,0,0,8,8,7,14.633021153161682,0,10.8,1.4,1.77,Graduate
1,44,1,9407,1,1,140.2,1,2,2,2,3,130.6,0,0,0,1,0,0,19,0,0,8,9,7,14.402004502962306,0,0,8,8,8,15.512858448619408,0,12.7,3.7,-1.71,Graduate
1,43,1,9791,1,1,132.9,1,38,37,4,7,143.1,0,0,0,1,0,0,19,0,0,6,8,6,13.504176071245684,0,0,6,7,6,14.402462889195316,0,7.7,2.6,0.32,Graduate
1,1,1,9585,1,1,139.8,1,1,2,1,0,128.7,1,0,0,1,0,0,18,0,0,6,7,6,13.502626282269425,0,0,6,7,6,13.872982197505914,0,9.4,-0.8,-3.13,Graduate
1,1,2,9558,1,1,122.7,1,19,38,6,7,118.6,1,0,0,1,0,1,19,0,0,6,8,6,12.5563612145024,0,0,6,8,6,11.21191618537398,0,7.6,2.7,0.33,Graduate
1,17,1,9619,1,1,120.1,1,2,1,5,8,126.0,1,0,0,1,0,0,18,0,0,6,12,0,0.08427263625880943,0,0,6,11,0,0.0,0,8.9,1.4,3.46,Dropout
1,7,1,8975,1,1,131.9,1,37,37,8,9,129.1,0,0,0,1,0,0,37,0,13,15,24,18,14.722168799177737,0,10,12,15,11,13.484736859326283,0,15.8,2.8,1.87,Graduate
1,44,1,9324,1,1,130.7,1,1,3,6,7,141.8,0,0,0,1,0,0,20,0,0,7,7,6,13.55071987907096,0,0,7,9,6,12.765885865415319,0,13.9,0.5,0.83,Dropout
1,1,1,9252,1,1,131.1,1,36,37,2,3,120.9,0,0,0,1,1,0,19,0,0,5,9,2,11.329205874230924,0,0,5,5,2,10.879814496089711,0,7.8,-0.8,0.32,Dropout
1,44,1,9688,1,39,153.7,1,2,2,0,3,140.3,0,0,0,1,0,0,33,0,2,8,8,5,14.684579224967866,0,4,8,8,5,12.432780234211856,0,14.0,-0.3,0.78,Graduate
1,1,1,9330,1,1,122.3,1,38,38,9,9,120.4,1,0,0,1,0,0,21,0,0,5,5,4,9.697609766792384,0,0,5,6,5,10.459373050759114,0,10.8,1.4,1.78,Graduate
2,39,1,8217,0,1,134.1,1,38,38,8,7,143.7,0,0,0,1,0,1,47,0,0,6,6,6,13.578659675860536,0,0,6,6,6,11.605261162307913,0,12.6,0.5,1.82,Graduate
1,17,1,8972,1,1,115.7,1,3,1,4,2,116.9,1,0,0,1,1,0,21,0,0,5,12,4,11.959073111858936,0,0,5,10,3,11.096080129362313,0,9.0,1.4,1.81,Enrolled
1,1,1,9780,1,1,124.7,1,2,19,4,4,104.6,1,0,0,1,0,0,17,0,0,6,10,6,11.407297878608915,0,0,6,9,5,10.809808532417218,0,12.4,0.5,1.79,Graduate
1,1,1,9688,1,1,131.7,1,38,38,9,8,118.7,1,0,0,0,1,0,19,0,0,5,0,0,0.0,0,0,5,0,0,0.0,0,9.4,-0.8,-3.12,Dropout
1,1,1,33,1,1,133.8,1,3,1,2,3,125.2,1,0,0,1,0,0,19,0,0,7,0,6,0.9960593646889871,0,0,8,0,11,0.0,0,11.1,0.6,2.02,Dropout
1,43,1,9746,1,1,132.9,1,2,1,3,4,122.1,0,0,0,1,0,0,19,0,0,6,8,6,12.769749678300487,0,0,6,8,5,14.602743140062604,0,7.6,2.7,0.32,Graduate
1,39,1,9529,1,1,139.2,1,39,38,8,5,135.8,0,0,0,1,0,0,20,0,0,6,8,5,14.125511247458018,0,0,6,8,5,12.977513318653989,0,10.8,1.4,1.8,Graduate
2,39,1,8252,0,11,130.3,1,36,37,8,96,150.9,0,0,0,1,1,0,41,0,0,5,5,0,0.4805880530632845,0,0,5,5,0,0.0,0,7.7,-0.8,-3.12,Dropout
1,2,2,9646,1,1,133.2,1,38,38,8,9,113.3,1,0,0,1,0,0,18,0,0,7,10,7,11.176335102626105,0,0,8,8,7,12.426810917242618,0,9.4,-0.8,-3.12,Graduate
1,1,1,9234,1,1,133.6,1,36,37,3,4,118.7,0,0,0,1,0,0,20,0,0,5,9,5,11.335821370314425,0,0,5,6,5,11.057069130184217,0,13.9,-0.3,0.78,Graduate
1,1,1,9454,1,1,137.3,1,19,39,9,9,131.7,1,0,0,1,0,1,19,0,0,8,8,7,12.379451857977893,0,0,8,8,7,15.090746169721724,0,12.5,0.5,1.81,Graduate
1,39,1,9471,1,1,135.1,1,38,39,9,8,132.8,0,0,0,1,0,0,41,0,0,7,8,6,13.525605717645563,0,0,8,8,7,13.442700759403065,0,16.1,0.4,-0.91,Graduate
1,42,1,9060,1,1,130.8,1,1,38,4,4,115.3,0,0,0,1,1,0,19,0,0,5,9,5,11.8854313393853,0,0,5,9,5,12.193233502522492,0,12.4,0.5,1.82,Graduate
1,2,1,9453,1,1,145.7,1,1,3,3,5,168.0,0,0,0,1,0,0,18,0,0,6,5,6,16.21992313975351,0,0,6,6,6,13.156417359589646,0,12.4,0.5,1.78,Graduate
1,1,1,9480,1,1,136.2,1,37,37,8,10,121.1,0,0,0,1,0,0,20,0,0,7,7,11,13.31130307100868,0,0,8,8,8,13.792010490073087,0,8.9,1.4,3.49,Graduate
1,18,2,9823,1,1,119.8,1,1,1,3,1,120.1,1,0,0,1,0,0,19,0,0,6,7,6,11.513732881627615,0,0,6,9,6,13.008793360110973,0,16.0,0.4,-0.91,Graduate
1,1,1,9245,1,1,130.9,1,38,38,2,6,124.1,0,0,0,1,0,0,18,0,0,6,6,6,13.085303892467893,0,0,6,6,4,12.821470416466266,0,9.0,1.4,3.51,Graduate
1,1,3,9453,1,1,122.8,1,3,2,2,6,129.3,1,0,0,1,0,1,19,0,0,7,8,7,12.528451504600799,0,0,8,8,7,13.579783767963017,0,12.4,0.5,1.79,Graduate
1,40,1,585,1,19,131.1,1,37,38,9,8,150.4,0,0,0,0,1,0,35,0,0,0,0,0,0.0,0,0,0,0,0,0.0,0,11.1,0.6,2.02,Dropout
1,1,1,9080,1,1,134.5,1,3,3,1,6,125.1,0,0,0,1,1,0,22,0,0,5,10,5,13.165685009760328,0,0,5,5,5,11.50244535823967,0,13.9,-0.3,0.78,Graduate
1,1,1,9101,1,1,118.2,1,38,37,10,10,115.2,1,0,0,1,0,0,21,0,0,6,9,4,11.71345735183103,0,0,6,11,4,9.767529989115129,0,10.8,1.4,1.78,Enrolled
1,43,1,9110,1,39,134.4,1,2,2,3,3,152.5,0,0,0,1,1,0,27,0,2,5,11,0,0.0,0,0,5,9,0,0.0,0,12.4,0.5,1.81,Dropout
1,39,1,9475,1,1,129.6,1,37,38,4,9,120.9,0,0,0,1,0,0,22,0,0,7,11,7,11.727266581232907,0,0,8,11,7,11.333933886730073,0,12.7,3.7,-1.7,Dropout
1,39,1,9592,1,1,128.0,1,2,1,3,4,136.5,0,0,0,0,1,0,32,0,0,6,10,0,0.20201300858434268,0,0,6,12,0,0.0,0,12.4,0.5,1.8,Dropout
1,17,1,9171,1,1,118.5,1,3,19,3,9,115.4,1,0,0,1,0,0,21,0,0,6,9,4,12.735168887344516,0,0,6,5,0,12.5637091009873,0,12.5,0.5,1.82,Dropout
1,43,1,9003,1,1,130.4,1,1,1,3,0,134.9,0,0,0,1,1,0,21,0,0,6,9,5,14.003005442984922,0,0,10,9,2,13.526806143848125,0,13.9,-0.3,0.81,Dropout
1,44,1,9093,1,1,133.6,1,1,2,3,4,116.3,1,0,0,1,0,0,19,0,6,14,15,4,11.056498130481213,0,4,11,16,2,10.579247363613515,0,15.5,2.7,-4.06,Dropout
1,1,1,9047,1,1,124.0,1,3,2,3,8,112.4,1,0,0,1,0,0,18,0,0,6,10,6,12.293272046572506,0,0,6,11,5,12.323395401683214,0,13.9,-0.3,0.79,Enrolled
1,39,1,9449,1,1,155.2,1,37,38,3,2,148.3,0,0,0,1,0,0,19,0,0,6,6,6,12.843851748134544,0,0,6,6,6,12.911675584810572,0,12.6,0.5,1.81,Graduate
2,39,1,9243,0,19,131.5,1,37,37,10,8,106.5,0,0,0,0,1,0,36,0,0,6,0,0,0.0,0,0,6,0,0,0.0,0,7.6,2.6,0.32,Dropout
1,42,1,9187,1,38,153.6,1,2,2,1,0,155.8,0,0,0,1,0,0,34,0,2,6,8,6,14.472167855197934,0,1,6,8,5,13.254167864149586,0,12.5,0.5,1.81,Graduate
1,1,1,9571,1,1,140.3,1,37,37,9,7,126.1,1,0,0,1,0,1,18,0,0,7,7,6,14.777981801006753,0,0,8,8,8,14.093047581363587,0,9.1,2.7,0.31,Graduate
1,7,1,9653,1,1,154.2,1,2,1,1,2,147.8,0,0,0,1,0,0,19,0,0,6,7,6,16.557863908710416,0,0,8,5,6,14.252553968287593,0,12.7,3.7,-1.71,Graduate
1,1,1,9412,1,1,131.8,1,19,37,8,8,125.9,1,0,0,1,0,1,20,0,0,7,7,6,13.058254128401872,0,0,6,7,6,13.178234601138774,0,14.1,0.6,1.97,Graduate
1,17,1,9182,1,1,119.7,1,19,37,8,10,120.4,1,0,0,1,1,0,18,0,0,5,6,0,0.0,0,0,5,5,0,0.0,0,15.5,2.7,-4.06,Dropout
1,1,1,9209,1,1,119.1,1,2,38,4,7,108.3,1,0,0,1,0,0,22,0,0,5,8,5,10.089191474419586,0,0,5,8,5,11.740234576898567,0,12.4,1.4,1.77,Graduate
1,1,1,9560,1,1,132.8,1,37,37,9,8,116.7,0,0,0,1,0,1,19,0,0,6,8,5,12.919154034701013,0,0,6,8,5,13.409028948933296,0,15.5,2.7,-4.06,Graduate
1,1,3,9147,1,1,123.4,1,2,3,1,4,122.5,1,0,0,1,0,0,19,0,0,6,5,6,14.51855876542675,0,0,6,6,6,14.682518318525155,0,9.0,1.4,1.79,Graduate
1,43,1,9202,1,1,134.8,1,1,3,2,5,115.4,1,0,0,1,0,0,20,0,0,6,11,4,12.08083059153435,0,0,6,16,2,12.511956317236045,0,7.6,2.6,0.33,Dropout
1,42,1,9150,1,1,136.1,1,2,2,7,8,118.5,0,0,0,1,1,0,22,0,0,6,13,2,0.0,0,0,6,12,0,0.0,0,15.5,2.8,-4.06,Dropout
1,1,1,9190,1,1,142.1,1,37,38,3,7,132.7,1,0,0,1,0,0,18,0,0,6,6,6,14.990769812981465,0,0,6,6,6,13.94921502265764,0,9.0,1.4,3.49,Graduate
1,1,1,9517,1,1,133.2,1,37,37,9,8,113.9,0,0,0,1,0,0,17,0,0,7,10,7,13.634285786151064,0,0,8,10,7,12.262227241393902,0,12.6,0.6,1.94,Graduate
1,38,1,9176,1,1,127.4,1,1,1,3,3,120.2,0,0,0,0,1,0,22,0,0,5,0,0,0.0,0,0,5,0,0,0.0,0,10.8,1.4,1.77,Dropout
1,39,1,9620,1,1,131.6,1,2,2,5,4,129.7,1,0,0,1,0,0,21,0,0,7,12,0,0.04801580729732238,0,0,6,11,0,0.3123912002663286,0,10.8,1.4,1.77,Dropout
1,17,2,9182,1,1,123.4,1,1,1,5,4,111.4,1,0,0,1,0,0,18,0,0,6,11,4,10.19907966209013,0,0,6,8,4,10.124864440825094,0,9.3,-0.8,-3.13,Enrolled
1,39,1,9066,1,40,132.1,1,2,2,3,5,104.3,0,0,0,1,0,0,24,0,0,7,10,6,0.37560829312406996,0,0,7,12,0,0.0,0,11.1,0.6,2.02,Dropout
1,1,1,9526,1,1,133.1,1,2,1,3,0,112.5,1,0,0,1,0,0,18,0,0,7,12,7,13.037327496848222,0,0,8,12,8,11.849115774726762,0,13.9,-0.3,0.78,Dropout
1,1,1,9648,1,1,130.6,1,2,2,4,2,118.4,1,0,0,1,0,0,18,0,0,6,11,3,13.657751270187838,0,0,6,11,2,12.680436473318377,0,9.1,1.4,0.33,Dropout
1,1,1,9117,1,1,130.0,1,38,37,9,9,124.7,0,0,0,1,1,0,19,0,0,6,6,1,0.0885738664646222,0,0,6,6,0,0.0,0,15.9,0.4,0.79,Dropout
1,17,2,9883,1,1,125.8,1,19,38,3,8,125.8,1,0,0,1,0,1,18,0,0,6,7,6,11.0212920052447,0,0,6,9,6,11.919303773496967,0,12.6,-0.3,0.79,Graduate
1,1,1,9471,1,1,130.5,1,2,38,2,7,136.7,1,0,0,1,0,0,20,0,0,7,12,6,10.526576839449502,0,0,7,8,5,11.490911919199034,0,9.0,1.4,3.48,Enrolled
1,1,1,9653,1,1,131.1,1,2,2,5,1,117.3,1,0,0,1,0,0,19,0,0,7,0,6,0.0,0,0,8,1,0,0.417439641486299,0,13.8,2.7,-4.06,Dropout
2,38,1,9909,0,19,132.1,1,37,36,11,9,100.7,0,0,0,1,1,0,31,0,0,6,0,0,0.0,0,0,6,0,0,0.28874086942293264,0,15.9,2.6,0.32,Dropout
1,1,1,9386,1,1,134.8,1,37,38,10,8,128.2,1,0,0,1,0,1,18,0,0,7,8,7,14.41367270658195,0,0,8,8,7,13.75365528356228,0,9.0,1.4,1.82,Graduate
1,1,1,33,1,1,130.2,1,37,37,10,8,119.4,1,0,0,1,0,0,19,0,0,0,0,0,0.0,0,0,0,0,0,0.02201518481902154,0,15.5,2.7,-4.06,Dropout
1,1,1,9760,1,1,139.0,1,2,2,6,5,136.2,1,0,0,1,0,1,18,0,0,6,7,6,15.219600222014831,0,0,6,7,6,13.504731100676349,0,13.9,-0.3,0.8,Graduate
1,39,1,9490,1,1,129.2,1,37,37,2,5,112.0,0,0,0,0,1,0,31,0,0,5,0,0,0.0,0,0,5,0,0,0.0,0,9.3,-0.8,-3.11,Dropout
1,40,1,9481,1,1,134.4,1,38,31,0,3,126.8,0,0,0,1,1,0,23,0,0,6,11,4,11.865467097787466,0,0,6,12,5,11.241134661165967,0,7.6,2.6,0.32,Dropout
1,18,1,9188,1,1,122.2,1,1,1,3,7,112.2,1,0,0,1,0,0,18,0,0,5,8,4,11.640064152825023,0,0,5,8,3,12.22711522537494,0,9.0,1.4,3.51,Enrolled
1,1,3,9084,1,1,125.7,1,3,2,6,5,129.2,1,0,0,1,0,0,19,0,0,6,7,6,12.227659545840956,0,0,6,7,6,11.937049159428573,0,13.9,-0.3,0.78,Graduate
1,1,2,9718,1,1,129.5,1,1,19,3,8,133.8,1,0,0,1,0,1,17,0,0,6,8,6,13.852992976612688,0,0,6,8,6,14.49272119118569,0,15.8,0.6,-3.91,Graduate
1,18,2,9271,1,1,119.6,1,1,2,4,3,124.8,1,0,0,1,0,0,19,0,0,6,7,6,10.465454101015112,0,0,6,5,4,11.321447188699292,0,13.9,-0.3,0.78,Dropout
1,17,2,9060,1,1,113.5,1,19,37,9,8,120.9,1,0,0,1,0,1,19,0,0,5,5,5,11.278107608909124,0,0,5,6,5,11.407681396122483,0,12.4,0.5,1.8,Graduate
2,38,1,9729,0,1,136.1,1,38,38,9,8,128.3,0,0,0,1,0,1,44,0,0,6,8,5,13.89509658084391,0,0,6,8,5,13.770768510434548,0,12.6,-0.8,-3.09,Graduate
1,1,1,9652,1,1,130.9,1,37,38,10,9,126.4,1,0,0,1,0,1,19,0,0,6,8,5,12.71124914402846,0,0,6,8,5,11.379806435822065,0,9.0,2.7,-4.06,Graduate
1,38,1,9765,1,1,134.0,1,37,37,9,3,144.9,0,0,0,1,0,0,35,0,0,6,7,0,13.135464627510858,0,0,6,8,0,0.0,0,10.8,1.4,1.77,Dropout
1,39,1,9063,1,1,129.3,1,37,38,9,9,159.2,0,0,0,1,1,0,27,0,0,5,6,0,0.0,0,0,5,0,0,0.23390089292010227,0,11.1,0.6,2.03,Dropout
1,1,1,9096,1,1,133.1,1,2,2,4,3,131.0,1,0,0,1,0,0,19,0,0,6,8,6,12.506036918618227,0,0,6,8,5,12.128671510467736,0,13.8,2.7,0.79,Graduate
1,42,1,9149,1,40,129.4,1,3,38,4,6,129.5,0,0,0,1,1,0,29,0,9,14,18,12,12.190769841741867,0,5,11,14,11,10.946936768304218,0,15.5,2.7,-4.05,Graduate
1,1,1,9478,1,1,143.3,1,2,2,4,4,137.6,0,0,0,1,0,0,21,0,0,7,7,7,13.923013293910733,0,4,8,8,8,14.318951710337613,0,7.6,2.7,0.32,Graduate
1,17,2,9720,1,1,121.8,1,37,37,9,9,110.4,1,0,0,1,0,0,19,0,0,6,12,2,9.335475954604831,0,0,6,6,0,0.0,0,9.1,1.4,1.81,Dropout
1,1,1,9535,1,1,131.9,1,37,37,10,9,127.0,1,0,0,1,0,0,19,0,0,5,6,5,13.99026658530197,0,0,5,6,5,11.891316906988575,0,10.7,1.4,1.73,Graduate
1,1,1,9087,1,1,140.4,1,2,2,4,6,126.5,1,0,0,1,0,0,19,0,0,6,7,6,12.693766466547332,0,0,6,8,6,13.303972613101816,0,13.8,-0.3,0.77,Graduate
1,1,1,9163,1,1,136.9,1,36,37,9,10,136.2,1,0,0,1,0,1,17,0,0,6,6,6,13.195390620538534,0,0,5,6,6,13.602726876025036,0,10.8,1.4,1.78,Graduate
1,1,1,9008,1,1,133.3,1,3,3,5,0,129.3,1,0,0,1,0,0,20,0,0,6,13,4,11.83635916656556,0,0,6,11,4,12.4023310024733,0,9.2,1.4,1.82,Dropout
1,44,1,8980,1,40,147.7,1,2,1,0,5,141.9,0,0,0,1,1,0,26,0,2,6,7,6,13.199100753983048,0,1,6,7,5,12.633797366292987,0,13.9,-0.3,0.79,Dropout
1,44,1,9034,1,40,131.7,1,3,2,3,5,144.5,0,0,0,1,1,0,20,0,0,6,9,5,11.660594946007906,0,0,6,11,5,12.552920009193011,0,12.5,-0.3,0.78,Dropout
1,39,1,9236,1,1,131.0,1,37,38,3,10,123.5,0,0,0,1,1,0,22,0,0,5,4,2,12.514722750908765,2,0,5,6,3,12.527330177399731,0,10.9,3.7,1.8,Dropout
1,1,1,9124,1,1,139.5,1,2,19,1,6,141.8,1,0,0,1,0,1,19,0,0,6,6,6,15.321697953230476,0,0,6,5,6,15.434420271827886,0,12.4,0.5,1.79,Graduate
1,1,1,9270,1,1,132.0,1,37,37,2,2,129.4,1,0,0,1,0,0,19,0,0,5,6,0,0.2586879985617177,0,0,5,6,0,0.0,0,9.3,-0.8,-3.1,Graduate
1,1,2,9235,1,1,133.8,1,37,37,9,9,120.9,1,0,0,1,0,1,19,0,0,6,5,0,0.0,0,0,6,5,0,0.0,0,10.8,1.4,1.77,Graduate
1,1,1,9173,1,1,119.3,1,2,38,5,6,123.6,1,0,0,1,0,0,19,0,0,5,8,5,11.528444081885928,0,0,5,5,5,11.475007013667682,0,9.4,-0.8,-3.12,Graduate
1,1,3,9319,1,1,119.7,1,1,19,4,5,116.9,1,0,0,1,0,1,19,0,0,6,8,6,13.184562495664926,0,0,6,8,6,14.04087950231783,0,13.8,-0.3,0.77,Graduate
2,39,1,9589,0,1,133.8,1,37,38,5,1,147.1,0,0,0,1,1,0,31,0,0,5,6,0,14.603258228842243,0,0,5,5,5,14.357078475330214,0,9.5,-0.8,-3.12,Dropout
1,38,1,9561,1,1,132.3,1,33,37,2,2,126.8,0,0,0,1,0,0,42,0,0,6,12,0,0.0,0,0,6,10,0,0.0,0,7.6,1.4,3.51,Dropout
1,38,1,559,1,1,132.6,1,2,2,3,0,149.3,0,0,0,1,1,0,41,0,0,6,0,0,0.4298457775381278,0,0,6,0,0,0.0,0,13.9,0.5,0.77,Dropout
1,40,1,9471,1,1,131.9,1,38,38,8,9,125.4,0,0,0,1,0,0,26,0,0,7,8,7,13.838829979164878,0,0,8,8,7,14.416374012652575,0,12.6,3.7,-1.7,Graduate
2,38,1,8188,0,20,134.4,1,37,36,8,10,151.8,0,0,0,1,0,0,49,0,0,6,8,6,13.127090408344595,0,2,6,7,6,13.604013027829218,0,14.0,-0.4,-0.92,Graduate
1,17,2,9219,1,1,117.3,1,2,38,5,9,118.7,1,0,0,1,1,0,18,0,0,5,6,2,11.333998726544165,0,0,5,6,0,0.0,0,10.8,1.4,1.79,Dropout
1,1,1,9071,1,1,133.8,1,1,1,3,5,125.9,1,0,0,1,1,0,19,0,0,5,6,0,0.7200140634321904,0,0,5,6,0,0.22068827026303464,0,9.5,-0.8,-3.14,Dropout
1,8,1,9427,1,1,142.5,1,1,3,4,2,165.0,0,0,0,1,0,0,19,0,0,8,7,7,15.171213870763191,0,0,8,8,7,16.058058652251027,0,10.8,0.5,1.76,Graduate
1,1,1,9205,1,1,132.4,1,36,37,8,7,118.3,1,0,0,1,0,0,19,0,0,5,6,0,0.0,0,0,5,6,0,0.0,0,12.7,3.7,-1.71,Dropout
1,1,1,9105,1,1,132.7,1,2,1,3,1,141.2,1,0,0,1,1,0,18,0,0,6,5,0,0.9517136954867351,0,0,6,6,0,0.3920393854457286,0,13.8,2.7,0.77,Graduate
1,1,4,9528,1,1,136.5,1,1,2,3,8,125.9,1,0,0,1,0,0,18,0,0,7,7,7,14.953260530303918,0,0,8,8,8,14.969644014068129,0,12.4,0.5,1.87,Graduate
1,1,1,9127,1,1,120.8,1,38,37,7,8,115.0,1,0,0,1,0,0,18,0,0,6,8,5,11.025574555214076,0,0,6,8,5,11.620381281643875,0,9.2,-0.8,-3.16,Graduate
1,1,1,9212,1,1,130.4,1,37,37,9,7,135.0,1,0,0,1,0,1,19,0,0,6,6,6,13.096222684285513,0,0,6,6,6,11.882867076636538,0,9.5,-0.8,-3.12,Graduate
1,40,1,9152,1,1,137.2,1,36,36,3,7,110.9,0,0,0,0,1,0,39,0,0,5,10,0,0.0,0,0,5,6,0,0.0,0,7.7,2.6,0.32,Dropout
1,1,1,9007,1,1,131.3,1,38,37,10,5,157.6,0,0,0,1,1,0,18,0,0,5,6,5,13.190588633438951,0,0,5,5,5,12.539750575581913,0,9.0,1.4,1.8,Graduate
1,38,1,9577,1,1,130.5,1,37,37,0,4,99.5,0,0,0,0,1,0,28,0,0,6,11,1,12.980810882619533,0,0,6,14,2,0.0,0,15.5,2.7,-4.06,Dropout
1,43,1,9022,1,40,132.8,1,3,38,2,4,162.5,0,0,0,1,0,0,51,0,5,11,12,10,12.587488059030543,0,4,11,15,11,11.705302034256926,0,9.0,2.7,-4.06,Enrolled
2,39,1,9126,0,19,132.8,1,38,37,8,8,143.0,0,0,0,1,1,0,44,0,0,5,9,5,13.372677946887478,0,0,5,8,5,13.349990509951539,0,12.4,0.5,1.77,Dropout
1,1,1,9274,1,1,136.1,1,1,1,4,6,127.0,1,0,0,1,1,0,18,0,0,5,5,0,0.12015730872867038,0,0,5,5,0,0.0,0,9.3,-0.8,-3.11,Dropout
2,39,1,9518,0,3,155.7,1,38,37,8,9,141.4,0,0,0,1,1,0,36,0,0,6,6,0,0.8145293094811265,0,0,5,5,0,0.19910210526426753,0,12.4,0.5,1.81,Graduate
1,40,1,9764,1,1,130.7,1,37,37,10,9,101.7,0,0,0,1,0,0,25,0,0,7,11,3,11.45857628258948,0,0,7,11,2,10.670058349431292,0,12.7,0.5,0.89,Dropout
1,1,1,9259,1,1,143.3,1,38,38,9,8,129.2,1,0,0,1,0,1,18,0,0,7,8,7,14.438648963572692,0,0,8,8,8,16.031301367980213,0,9.2,-0.8,-3.11,Graduate
1,1,1,9549,1,1,134.6,1,2,2,2,3,129.3,1,0,0,1,0,1,19,0,0,7,7,6,13.271785478045649,0,0,6,8,6,13.287685771495223,0,15.5,2.8,-4.04,Graduate
1,1,1,9537,1,1,132.1,1,37,38,9,10,126.8,0,0,0,1,0,1,19,0,0,6,8,6,12.358202807960245,0,0,6,7,6,12.92836740718282,0,7.6,2.7,0.32,Graduate
1,1,1,9842,1,1,133.8,1,38,36,9,10,121.8,1,0,0,1,0,1,21,0,0,7,8,6,12.113811812961112,0,0,7,11,6,13.104380537588867,0,14.0,0.5,0.82,Graduate
2,39,1,9345,0,1,131.8,1,37,37,10,9,129.3,0,0,0,1,0,0,44,0,0,6,6,6,13.784532681171042,0,0,6,7,6,13.64781351455079,0,15.7,2.8,-3.99,Graduate
1,1,2,9633,1,1,118.6,1,19,37,8,10,119.5,1,0,0,1,0,1,19,0,0,6,6,6,13.043174514134902,0,0,6,8,6,13.41764644260909,0,10.8,1.4,1.73,Graduate
1,17,2,9186,1,1,123.6,1,3,1,5,9,108.6,1,0,0,1,0,0,18,0,0,6,6,4,12.830058949306418,0,0,6,6,4,11.942598418461506,0,12.4,0.5,1.77,Graduate
2,39,1,8154,0,1,134.3,1,38,36,9,9,125.2,0,0,0,1,0,0,46,0,0,6,11,6,11.501632977370738,0,0,6,7,6,10.954852508344429,0,9.5,-0.8,-3.11,Graduate
1,40,1,33,1,19,131.9,1,38,38,9,8,148.5,0,0,0,1,0,0,35,0,0,0,1,0,0.03212989679092157,0,0,0,0,0,0.21717378510526755,0,16.0,0.4,-0.87,Graduate
1,2,2,9190,1,1,119.9,1,18,37,10,9,121.7,1,0,0,1,0,1,18,0,0,6,6,6,14.160587838801037,0,0,6,6,6,11.325259971687547,0,12.6,0.5,-1.64,Graduate
2,39,1,8149,0,4,130.5,1,37,37,9,7,149.0,0,0,0,1,1,0,30,0,0,6,10,0,0.0,0,8,8,11,0,0.13106636681906358,0,16.2,3.6,-1.69,Dropout
1,1,1,9038,1,1,133.9,1,37,37,8,8,145.4,0,0,0,1,1,0,18,0,0,5,6,0,0.0,0,0,5,5,0,0.11190394036411143,0,12.4,0.5,1.78,Graduate
1,39,1,9603,1,40,132.0,1,3,38,3,3,103.5,0,0,0,1,0,0,32,0,6,10,10,6,13.654146306186943,0,1,6,17,5,12.628974749090606,0,15.5,1.4,-4.06,Dropout
1,1,1,9639,1,1,129.5,1,2,2,3,3,130.5,1,0,0,1,0,0,19,0,0,7,12,6,12.518711440939285,0,0,7,9,8,12.304381594160759,0,15.8,2.7,-3.98,Dropout
1,40,1,9072,1,1,135.6,1,2,37,5,4,147.0,0,0,0,1,1,0,20,0,0,5,6,5,13.399684437751219,0,0,5,8,5,12.363912436472802,0,9.0,1.4,3.51,Graduate
1,40,1,9750,1,1,133.1,1,38,38,9,6,103.8,0,0,0,1,1,0,30,0,0,6,1,0,0.07325054834613018,0,0,6,0,0,0.0034624674988679247,0,14.0,0.6,1.97,Dropout
1,39,1,9646,1,1,133.8,1,37,37,9,8,115.8,0,0,0,1,0,0,45,0,0,7,12,6,11.812053459044652,0,0,7,12,6,12.681552147334088,0,13.9,-0.3,0.79,Enrolled
1,39,1,9066,1,1,128.0,1,32,40,0,4,102.9,0,0,0,1,1,0,27,0,0,6,11,0,0.0,0,0,6,10,0,0.0,0,7.6,2.6,0.32,Dropout
1,9,1,9090,1,1,139.3,1,1,2,5,2,157.4,0,0,0,1,1,0,21,0,0,6,6,0,0.2870480951995879,0,0,6,5,0,0.2890810042517101,0,12.4,1.4,1.79,Graduate
1,39,1,9127,0,1,130.6,1,36,38,9,9,104.4,0,0,0,1,1,0,48,0,0,5,6,0,0.0,0,0,5,6,0,0.0,0,13.9,-0.4,0.78,Dropout
1,43,1,9097,1,39,139.2,1,3,2,3,5,126.8,0,0,0,1,0,0,21,0,0,6,10,6,11.241849772105555,0,0,6,8,5,11.58623317630855,0,13.9,-0.3,0.78,Graduate
1,1,1,9207,1,1,128.9,1,37,38,9,10,120.5,1,0,0,1,1,0,18,0,0,5,5,0,0.0024443841483998974,0,0,5,6,0,0.0,0,9.4,-0.8,-3.11,Graduate
1,2,1,8990,1,1,132.5,1,2,2,2,2,155.8,1,0,0,1,1,0,19,0,0,5,0,0,0.17777099229312127,0,0,5,0,0,0.1310724228297575,0,9.3,-0.8,-3.13,Dropout
2,39,1,8055,0,3,161.3,1,37,37,0,6,144.8,0,0,0,1,0,0,33,0,0,6,6,6,14.575693522923531,0,0,6,5,6,12.741793234923893,0,9.1,1.4,1.81,Graduate
1,43,1,9203,1,1,159.3,1,3,3,3,0,159.3,0,0,0,1,1,0,22,0,2,5,10,3,11.530732452515362,2,0,5,8,2,13.063931389409653,0,9.4,-0.8,-3.11,Dropout
1,39,1,9129,1,1,132.5,1,38,37,9,11,157.4,0,0,0,1,1,0,18,0,0,5,6,0,0.0,0,0,5,5,0,0.0,0,11.0,0.6,1.97,Dropout
1,1,1,9319,1,1,137.9,1,37,37,5,7,136.2,1,0,0,1,0,1,18,0,0,6,6,6,14.43948476461913,0,0,6,6,6,16.4829070992267,0,9.2,-0.8,1.82,Graduate
1,43,1,9411,1,1,130.6,1,3,2,2,2,119.4,1,0,0,1,0,0,20,0,0,7,11,4,10.582811771414978,0,0,7,11,7,11.380225809992359,0,13.9,-0.3,0.79,Enrolled
2,40,1,161,1,3,131.5,1,37,38,9,9,151.5,0,0,0,1,0,0,41,0,0,0,0,0,0.9154607637179286,0,0,0,0,0,0.35337318683403046,0,12.7,3.7,-1.66,Dropout
2,39,1,8167,0,19,135.0,1,38,37,8,7,104.6,0,0,0,1,0,0,49,0,0,6,11,2,12.292101415563398,0,0,6,11,0,0.0,0,16.2,3.6,-0.91,Dropout
2,39,1,33,1,19,132.7,1,38,38,10,9,101.9,0,0,0,1,0,0,37,0,0,7,0,0,0.29465242416283566,0,0,7,1,0,0.0,0,16.0,0.5,0.86,Dropout
1,43,1,9774,1,1,138.6,1,2,2,3,6,128.0,0,0,0,1,0,0,22,0,2,7,13,7,12.83881278540604,0,5,8,8,8,13.485977511448334,0,9.3,-0.3,0.79,Graduate
1,1,1,9398,1,1,132.9,1,38,37,8,10,123.8,0,0,0,1,0,1,19,0,0,7,12,7,11.766552806910374,0,0,8,8,8,13.038613996842532,0,15.6,2.8,-4.06,Graduate
1,17,1,9043,1,1,133.8,1,2,1,3,3,138.3,1,0,0,1,1,0,18,0,0,5,7,0,0.0,0,0,5,5,0,0.0,0,13.9,2.7,0.79,Dropout
1,17,2,9942,1,1,117.6,1,37,38,9,9,117.8,1,0,0,1,0,1,19,0,0,6,10,5,10.553209066268522,0,0,6,6,5,9.877641359264329,0,14.0,-0.8,-3.12,Graduate
1,7,1,9291,1,1,154.8,1,2,1,3,4,137.7,1,0,0,1,0,0,20,0,0,5,6,5,16.062341200784807,1,0,5,6,5,14.109744812273627,0,9.4,-0.8,-3.14,Graduate
1,1,1,9451,1,1,143.9,1,19,38,8,6,124.9,0,0,0,1,0,1,19,0,0,7,7,7,14.27432743350558,0,0,8,8,8,15.719876381917333,0,16.0,0.4,0.79,Graduate
1,39,1,9074,1,1,136.9,1,38,37,4,5,121.7,0,0,0,1,1,0,27,0,0,5,6,0,0.0,0,0,5,6,0,0.0,0,9.3,-0.8,-3.11,Dropout
1,1,1,9511,1,1,139.5,1,37,38,4,5,138.6,1,0,0,1,0,0,19,0,0,8,8,6,13.43919475016578,0,0,6,8,5,14.336610061910715,0,10.8,1.4,1.79,Graduate
1,39,1,9435,1,1,132.8,1,38,38,10,9,126.0,1,0,0,1,0,0,19,0,0,7,10,3,12.90385729293327,0,0,7,11,6,11.867629259598235,0,9.3,-0.8,-3.11,Dropout
1,41,1,9024,1,40,131.0,1,1,2,3,2,145.0,0,0,0,1,1,0,19,0,2,6,13,4,11.768253620693203,0,1,6,12,2,11.6982607709775,0,12.4,0.5,1.8,Dropout
1,1,1,9568,1,1,131.9,1,38,37,8,10,131.1,1,0,0,1,0,0,19,0,0,8,8,7,14.273659056913768,0,0,8,8,8,12.989360409452026,0,12.6,3.7,-1.71,Graduate
1,1,1,9134,1,1,128.6,1,37,38,3,4,111.7,1,0,0,1,0,0,19,0,0,6,13,1,11.403898938103218,0,0,6,11,0,0.0,0,7.6,2.7,0.32,Dropout
1,1,1,9191,1,1,128.5,1,3,37,2,3,149.9,0,0,0,1,1,0,20,0,0,5,6,5,13.81888821442868,0,0,5,5,0,12.881806734771802,0,12.4,0.5,1.8,Graduate
1,1,1,9111,1,1,130.9,1,37,38,2,3,105.2,1,0,0,1,0,0,20,0,0,6,12,4,12.061639672592584,0,0,6,12,4,11.722801483251468,0,7.8,2.5,-0.93,Enrolled
1,1,1,8977,1,1,134.3,1,36,33,1,1,122.4,0,0,0,1,1,0,19,0,0,5,6,0,0.15300777008811128,0,0,5,5,0,0.318608807237311,0,7.6,2.6,0.33,Dropout
1,44,1,9177,1,40,158.0,1,4,3,2,6,149.2,0,0,0,1,0,0,19,0,0,6,6,6,13.294845673751697,0,0,6,7,6,12.80845252613023,0,15.5,2.8,-4.06,Graduate
1,1,1,33,1,1,129.4,1,37,37,9,7,117.6,1,0,0,1,0,0,19,0,0,0,0,0,0.0,0,0,0,1,0,0.0,0,10.8,1.4,1.78,Dropout
1,44,1,9724,1,1,134.1,1,3,2,2,3,114.6,0,0,0,1,0,0,20,0,0,6,12,3,10.870024727034801,0,0,6,12,4,11.191420324063735,0,15.5,2.8,-4.02,Dropout
1,1,1,9642,1,1,135.2,1,38,38,10,9,125.8,0,0,0,1,0,0,20,0,9,7,12,12,13.326323438443412,0,2,7,11,8,13.930824401309136,0,16.1,0.5,0.88,Graduate
2,39,1,9863,1,1,134.1,1,37,38,8,8,102.6,0,0,0,1,0,0,56,0,0,7,11,11,13.078288136476173,0,0,8,11,10,11.789206735873957,0,12.4,0.5,1.81,Dropout
1,1,1,407,1,1,136.4,1,36,38,9,10,143.9,0,0,0,1,1,0,19,0,0,0,0,0,0.2400595816171609,0,0,0,0,0,0.16649261203975496,0,13.9,-0.3,0.81,Dropout
1,43,1,9052,1,1,128.5,1,37,38,6,3,115.6,1,0,0,1,0,0,21,0,0,6,11,1,11.090354691107429,0,0,6,11,2,10.528244865080564,0,9.1,2.7,3.49,Dropout
1,1,1,296,1,1,133.3,1,37,37,10,10,137.8,1,0,0,1,0,0,20,0,13,12,14,12,13.233760833228061,0,5,11,19,11,14.664392442851433,0,9.1,0.5,0.78,Graduate
1,43,1,9441,1,1,131.8,1,38,38,8,8,118.2,0,0,0,1,1,0,49,0,13,12,13,11,12.945695318297128,0,4,12,18,12,13.78910925865369,0,15.6,2.7,-4.06,Graduate
1,40,1,9991,1,1,129.9,1,38,37,9,9,113.0,0,0,0,1,0,0,31,0,0,6,5,0,0.0,0,0,6,6,0,0.10958046769816525,0,10.8,1.4,1.77,Dropout
1,1,1,9260,1,1,139.9,1,1,37,5,5,135.0,1,0,0,1,0,1,19,0,0,6,8,6,13.697265859906746,0,0,6,7,6,12.675882268619457,0,14.0,-0.3,0.79,Graduate
1,1,1,9577,1,1,132.1,1,38,38,9,10,120.4,1,0,0,1,0,1,18,0,0,7,8,6,13.710319146492843,0,0,7,8,6,12.642845849989278,0,13.9,-0.3,0.81,Graduate
1,1,1,9767,1,1,134.3,1,37,37,10,10,130.1,1,0,0,1,0,1,17,0,0,7,8,6,12.377671922896798,0,0,7,8,8,13.50095972661323,0,9.2,-0.8,-3.1,Graduate
1,38,1,9572,1,1,131.0,1,37,38,9,8,101.0,0,0,0,1,1,0,24,0,0,5,6,0,0.0,0,0,5,6,0,0.0,0,10.8,1.4,1.78,Dropout
2,39,1,8171,0,19,131.0,1,37,31,9,1,125.8,0,0,0,1,1,0,42,0,0,10,11,0,0.19262680294069384,0,0,7,1,0,0.0,0,7.6,2.6,0.31,Dropout
1,1,1,9264,1,1,131.1,1,38,37,8,11,125.7,1,0,0,1,0,0,19,0,0,5,6,5,11.418727034421003,0,0,5,5,5,13.646906311704768,0,9.3,-0.8,-3.11,Graduate
1,39,1,9183,1,1,132.2,1,38,37,10,6,111.7,0,0,0,1,0,0,33,0,0,5,5,0,0.0,0,0,5,6,0,0.0,0,12.5,3.7,1.82,Dropout
1,1,1,9582,1,1,130.2,1,37,38,9,9,126.9,1,0,0,1,0,1,18,0,0,6,8,6,12.631315607210365,0,0,6,8,5,11.932580630120126,0,12.5,-0.3,0.78,Graduate
1,7,1,9113,1,3,159.3,1,2,3,3,0,153.1,0,0,0,1,1,0,30,0,0,5,5,0,0.5643444977235962,0,0,5,5,5,14.27542644778033,0,9.2,2.7,-3.12,Graduate
1,1,1,9680,1,1,145.5,1,2,19,3,4,126.9,1,0,0,1,0,1,18,0,0,6,5,6,15.146342750904171,0,0,6,6,6,14.44015736623836,0,11.1,0.6,2.0,Graduate
1,1,1,9747,1,1,132.0,1,2,2,0,6,128.7,1,0,0,1,0,0,18,0,0,8,9,7,13.113556890568562,0,0,8,8,8,12.235313018689046,0,12.7,3.7,-1.69,Graduate
1,17,1,9129,1,1,133.5,1,1,1,2,2,111.9,0,0,0,1,1,0,18,0,0,5,6,0,0.16249750891260467,0,0,5,6,0,0.1110606704435384,0,15.7,2.8,-3.95,Dropout
1,43,1,9766,1,1,134.6,1,37,37,9,8,107.8,0,0,0,1,0,0,28,0,11,11,12,4,11.538087841226462,0,8,7,14,10,12.628920248232992,0,12.5,-0.3,1.83,Dropout
1,42,1,9188,1,1,131.4,1,1,2,1,2,146.0,0,0,0,1,1,0,26,0,0,5,0,0,0.2105698003097491,0,0,5,0,0,0.0,0,7.6,2.6,0.31,Dropout
1,42,1,9061,1,1,138.2,1,1,1,4,2,132.9,1,0,0,1,0,0,20,0,2,7,11,6,12.838845906756328,0,4,10,12,5,12.543406305389462,0,7.6,2.6,0.32,Dropout
1,38,1,9192,1,1,131.9,1,3,2,3,6,142.7,0,0,0,1,1,0,32,0,0,5,0,0,0.4713253357980388,0,0,5,0,0,0.0,0,13.9,-0.3,0.77,Dropout
1,42,1,9549,1,1,132.7,1,37,38,2,5,122.9,0,0,0,1,0,0,19,0,0,7,8,5,10.181461544151988,0,0,7,8,5,11.921678961104565,0,7.6,2.6,0.32,Enrolled
2,39,1,9665,0,19,130.8,1,38,38,8,9,95.0,0,0,0,1,0,0,42,0,0,10,11,10,11.319785083644627,0,0,7,11,10,12.627818594199566,0,16.2,-0.8,-3.12,Dropout
1,17,1,9006,1,1,133.5,1,37,37,9,7,113.5,1,0,0,1,1,0,19,0,0,5,5,2,0.0,0,0,5,6,0,0.0,0,9.4,-0.8,-3.12,Dropout
1,17,1,9099,1,1,117.9,1,19,38,4,3,124.8,1,0,0,1,1,0,19,0,0,5,9,4,10.251208936314175,0,0,5,6,4,11.586391657613857,0,7.7,2.7,0.32,Enrolled
1,1,1,188,1,1,134.8,1,2,1,3,1,128.9,1,0,0,1,1,0,19,0,0,0,0,0,0.4232685767511128,0,0,0,0,0,0.0,0,10.8,1.4,1.8,Dropout
2,38,1,9207,0,19,134.5,1,37,37,9,3,105.9,0,0,0,0,1,0,37,0,0,5,6,0,0.0,0,0,5,6,0,0.0,0,15.5,2.8,-4.06,Dropout
2,39,1,9528,0,12,131.8,1,37,37,9,2,106.0,0,0,0,0,1,0,30,0,0,5,4,0,0.0,0,0,5,0,0,0.0,0,9.2,-0.8,-3.12,Dropout
1,1,1,33,1,1,141.1,1,1,2,3,2,126.5,1,0,0,1,0,0,18,0,0,6,6,6,0.6687497333051602,0,0,6,0,6,0.1066894238507579,0,9.0,1.4,3.51,Graduate
1,17,1,9095,1,1,131.8,1,2,1,0,3,128.6,1,0,0,1,0,0,18,0,0,6,12,4,11.908503564166413,0,0,6,12,4,12.162595115362926,0,12.6,3.7,-1.71,Dropout
1,38,1,9784,1,1,132.6,1,37,37,9,7,106.9,0,0,0,1,0,0,21,0,0,6,10,0,0.0,0,0,6,0,0,0.0,0,9.4,-0.8,-3.11,Dropout
1,1,1,9674,1,1,139.7,1,19,37,9,8,130.8,1,0,0,1,0,1,19,0,0,6,7,6,14.204113748558877,0,0,8,5,6,15.34809272234072,0,12.8,3.7,-1.7,Graduate
1,1,4,9435,1,1,143.4,1,2,2,3,3,131.3,1,0,0,1,0,0,18,0,0,7,7,7,14.604509018135701,0,0,8,8,8,15.573260614976634,0,13.8,0.5,0.77,Graduate
1,17,3,9934,1,1,123.4,1,19,38,5,2,117.7,1,0,0,1,0,0,19,0,0,6,12,6,10.69981533521952,0,0,6,9,6,10.751072847475875,0,9.1,2.7,0.32,Enrolled
1,39,1,9359,1,1,157.3,1,36,37,1,5,132.4,0,0,0,1,0,0,32,0,0,6,7,6,15.895018417273969,0,0,6,5,6,14.371074430187683,0,7.6,2.7,0.32,Graduate
1,1,1,9417,1,1,132.2,1,1,2,3,5,125.8,1,0,0,1,0,0,19,0,0,7,8,6,13.177730262848858,0,0,6,8,6,14.270241363271142,0,13.9,-0.3,0.79,Graduate
1,40,1,9841,1,3,128.2,1,36,33,1,5,145.4,0,0,0,1,1,0,37,0,0,5,6,0,0.08855771123886355,0,0,5,6,0,0.0,0,10.8,1.4,1.79,Dropout
2,39,1,7854,0,20,132.2,1,37,36,10,10,110.2,0,0,0,1,0,0,48,0,0,7,11,6,11.9780506428433,0,0,7,11,6,12.923360239193583,0,16.0,0.4,0.83,Dropout
1,40,1,9634,1,1,135.7,1,3,4,4,5,126.4,0,0,0,1,0,0,29,0,0,7,11,7,12.607163742720992,0,0,8,12,7,14.41391770296824,0,12.7,0.6,1.96,Dropout
2,39,1,9051,0,3,168.3,1,2,37,3,0,156.8,0,0,0,1,1,0,42,0,0,5,6,0,0.5272393639829773,0,0,5,5,0,0.25012550462656197,0,9.0,2.7,1.82,Graduate
1,44,1,9193,1,1,132.0,1,2,1,4,4,148.3,0,0,0,1,1,0,21,0,0,6,11,4,13.895797045576337,0,0,6,13,2,13.604629267730838,0,13.9,2.6,0.78,Dropout
1,39,1,9034,1,1,131.9,1,2,38,5,8,103.6,0,0,0,1,1,0,25,0,0,5,11,4,11.477599645208882,0,0,5,10,2,11.700014784690197,0,12.5,0.5,1.8,Dropout
1,1,3,9619,1,1,141.7,1,19,38,2,6,129.6,1,0,0,1,0,1,18,0,0,8,8,6,12.788854792597537,0,0,6,8,6,14.134011253892718,0,9.4,-0.8,-3.15,Graduate
1,44,1,9575,1,1,132.8,1,37,37,3,1,110.9,1,0,0,1,0,0,27,0,0,12,13,0,0.0,0,7,11,15,0,0.0,0,9.2,0.5,1.81,Dropout
1,39,1,9112,1,1,132.8,1,1,38,3,4,145.1,0,0,0,1,1,0,22,0,0,5,6,0,0.010464601318304477,0,0,5,5,0,0.12585282225913613,0,9.3,-0.8,-3.13,Dropout
2,39,1,9796,0,19,130.7,1,37,37,9,8,99.4,0,0,0,1,0,0,50,0,0,12,13,3,12.2428362383802,0,0,7,10,2,10.692490595339354,0,16.0,-0.8,-3.11,Dropout
1,1,1,9639,1,1,132.8,1,37,37,9,10,109.6,1,0,0,1,0,0,20,0,0,6,0,0,0.0,0,0,6,0,0,0.0,0,10.8,1.4,1.76,Dropout
1,1,2,9750,1,1,120.5,1,20,37,5,7,115.7,1,0,0,1,0,1,18,0,0,6,8,6,12.457957780849602,0,0,6,8,6,11.288835527027889,0,13.9,-0.3,0.77,Graduate
2,39,1,8056,0,40,131.4,1,37,38,9,9,162.9,0,0,0,1,0,0,50,0,2,7,8,7,13.844759502158322,0,2,7,7,7,13.589578682993462,0,16.0,0.4,-0.93,Graduate
1,43,1,9179,1,39,157.4,1,3,1,3,5,148.5,0,0,0,1,1,0,41,0,2,6,8,5,13.42480324473066,0,1,5,9,5,13.565683392057432,0,12.5,0.5,1.84,Graduate
1,17,1,9877,1,1,136.8,1,37,38,10,10,110.9,0,0,0,1,0,0,21,0,0,6,11,4,10.353975021264043,0,0,6,12,1,11.688254735935882,0,16.1,0.5,1.95,Dropout
1,1,1,9720,1,1,141.9,1,38,37,9,9,128.2,0,0,0,1,0,1,19,0,0,6,8,6,15.58267582334467,0,0,8,8,6,12.886405906604757,0,14.0,-0.3,0.79,Graduate
1,38,1,9948,0,1,130.5,1,38,37,9,8,127.8,0,0,0,1,0,1,49,0,0,5,6,5,14.348932669912157,0,0,5,5,5,13.226469837536118,0,9.4,-0.8,-3.11,Graduate
1,42,1,9011,1,40,132.7,1,3,1,5,4,149.2,0,0,0,1,1,0,20,0,2,6,10,4,11.884086672597576,0,1,6,11,2,13.545023155756615,0,12.4,0.5,1.82,Dropout
1,1,3,9250,1,1,127.4,1,19,38,11,8,119.7,1,0,0,1,0,1,18,0,0,6,6,6,12.681918252862776,0,0,6,6,6,15.035210968303595,0,8.9,1.4,3.47,Graduate
1,1,1,9250,1,1,137.7,1,2,2,3,3,134.0,0,0,0,1,0,0,18,0,0,7,7,7,15.243990384069718,0,0,8,8,8,15.44003600157163,0,13.9,-0.3,0.8,Graduate
1,39,1,9793,1,1,131.9,1,38,37,9,7,102.8,0,0,0,1,0,0,53,0,0,7,12,6,11.555276811569172,0,0,7,12,11,0.0,0,16.2,0.5,2.01,Dropout
1,1,1,33,1,1,144.4,1,2,1,3,4,136.1,1,0,0,1,0,0,18,0,0,7,0,11,0.8060478871806795,0,0,8,0,8,0.3004667107096407,0,9.3,-0.8,-3.12,Graduate
1,1,1,9112,1,1,133.5,1,1,19,2,5,125.2,1,0,0,1,0,0,18,0,0,5,5,6,15.253059372341717,0,0,5,6,5,15.333289747288411,0,11.0,0.6,1.95,Graduate
1,17,1,9128,1,1,121.1,1,1,2,5,6,126.9,1,0,0,1,1,0,19,0,0,5,6,0,0.0,0,0,5,5,0,0.0,0,10.8,1.4,1.78,Dropout
1,2,1,9543,1,1,129.9,1,1,3,2,2,129.7,1,0,0,1,1,0,18,0,0,6,12,0,0.23108773439382108,0,0,6,6,0,0.46452224347068966,0,9.4,-0.8,-3.13,Dropout
1,1,1,33,1,1,130.2,1,37,37,4,1,154.0,1,0,0,1,1,0,36,0,0,0,0,0,0.5338517289377279,0,0,0,0,0,0.264082759485679,0,9.2,2.6,0.32,Dropout
1,1,1,9686,1,1,135.1,1,37,37,9,9,125.8,1,0,0,1,0,1,19,0,0,7,7,6,12.492905524740019,0,0,8,8,8,11.967796253792576,0,13.8,-0.3,0.77,Graduate
2,38,1,9504,0,1,133.0,1,37,38,7,9,136.9,0,0,0,1,0,0,49,0,0,6,8,6,13.84523649395837,0,0,6,7,5,14.840866052198038,0,12.6,3.7,-1.71,Graduate
1,1,2,9936,1,1,126.2,1,38,38,3,10,119.8,1,0,0,1,0,1,18,0,0,6,8,6,10.393967990425297,0,0,6,8,7,10.654400123785479,0,9.3,-0.3,-3.12,Graduate
1,39,1,9252,1,1,132.2,1,37,38,7,4,126.1,0,0,0,1,1,0,23,0,0,5,6,2,10.794626290861688,0,0,5,5,2,11.148133090856668,0,10.8,1.4,1.78,Dropout
1,39,1,9120,0,19,134.0,1,38,37,9,8,95.0,0,0,0,1,1,0,35,0,0,5,12,2,0.0,0,0,5,6,0,0.0,0,14.0,0.5,0.82,Dropout
1,1,1,9760,1,1,141.0,1,2,3,4,0,139.8,1,0,0,1,0,0,18,0,0,6,7,6,13.633557093041011,0,0,6,5,6,14.487980080460648,0,15.5,2.7,-4.03,Graduate
1,44,1,9067,1,1,134.2,1,1,1,2,8,130.6,0,0,0,1,1,0,19,0,0,10,11,5,12.109147058809056,0,0,10,12,5,14.424864021643707,0,9.0,1.4,3.46,Dropout
1,1,4,9565,1,1,133.5,1,38,37,10,7,129.1,1,0,0,1,0,1,19,0,0,8,7,6,14.24281290317939,0,0,6,8,6,13.841051324354586,0,8.9,1.4,3.43,Graduate
1,16,1,9570,1,1,123.5,1,1,2,4,2,116.3,1,0,0,1,1,0,19,0,0,6,11,2,0.0,0,0,6,6,0,0.0,0,7.6,2.6,0.32,Dropout
1,44,1,8043,1,1,131.4,1,38,37,5,4,130.0,0,0,0,1,0,0,33,0,6,14,14,11,12.105889153686395,0,3,11,15,11,13.083245602787299,0,10.8,1.4,1.77,Graduate
2,38,1,9703,0,1,136.3,1,37,37,92,8,129.1,0,0,0,0,0,0,34,0,0,5,10,0,0.0,0,0,5,0,0,0.0,0,9.2,1.4,1.79,Dropout
1,17,1,8920,1,1,128.4,1,38,38,8,10,118.5,1,0,0,1,0,0,19,0,0,6,6,3,11.907117779433054,0,0,6,6,4,12.88503922898461,0,8.9,1.4,3.51,Enrolled
1,1,1,221,1,1,164.7,1,3,2,3,2,141.6,1,0,0,1,0,0,19,0,0,7,7,6,0.8412575090584037,0,0,8,0,6,0.050511448113061214,0,9.0,1.4,1.78,Graduate
1,1,1,71,1,1,131.7,1,2,1,1,2,113.2,1,0,0,1,1,0,21,0,0,0,0,0,0.0,0,0,0,0,0,0.0,0,7.6,2.6,0.32,Dropout
1,1,1,9095,1,1,130.2,1,19,38,9,8,123.5,1,0,0,1,0,1,19,0,0,6,6,6,12.723364716988003,0,0,6,6,6,13.978595988267672,0,11.1,0.6,2.01,Graduate
1,1,1,9727,1,1,143.0,1,1,1,3,4,135.6,1,0,0,1,0,0,19,0,0,8,8,7,12.942499981375319,0,0,8,8,8,12.95481262033229,0,12.7,3.7,-1.7,Graduate
1,39,1,9694,1,1,133.2,1,4,2,3,4,130.7,0,0,0,1,0,0,25,0,0,7,11,4,13.220154343243504,0,0,6,11,2,12.29141638816652,0,10.7,1.4,3.45,Dropout
1,1,1,9890,1,1,139.3,1,2,37,9,11,128.6,0,0,0,1,0,0,18,0,0,7,7,11,15.812108586971943,0,5,8,8,8,15.757628244893173,0,9.0,2.7,3.51,Graduate
2,39,1,9616,0,19,132.9,1,38,37,8,9,145.0,0,0,0,1,0,0,45,0,0,6,9,5,11.590290988530874,0,0,6,7,5,12.806719262437323,0,15.6,2.7,-4.05,Graduate
1,42,1,9173,1,1,134.3,1,3,38,4,3,127.5,0,0,0,1,0,0,19,0,1,6,13,6,11.741938490504175,0,2,7,8,7,12.109052246835377,0,13.9,-0.3,0.78,Graduate
1,39,1,9378,1,39,133.5,1,38,37,3,5,103.4,0,0,0,1,0,0,34,0,2,7,9,7,12.637594231166403,0,1,8,13,7,12.309577767734076,0,12.4,0.5,1.79,Dropout
2,39,1,9157,0,19,135.0,1,32,31,0,2,160.8,0,0,0,1,1,0,30,0,0,5,11,0,0.18258770108466832,0,0,5,12,0,0.09201275280971806,0,7.6,2.6,0.32,Dropout
2,43,1,9667,0,1,134.0,1,37,38,9,9,136.7,0,0,0,1,0,0,55,0,6,10,13,11,12.468771594022957,0,5,11,11,8,12.765379374349186,0,14.0,3.7,-1.71,Graduate
1,1,3,9427,1,1,139.7,1,37,38,10,10,130.5,1,0,0,1,0,1,18,0,0,6,7,6,13.577621211765722,0,0,6,7,6,15.232716591126849,0,7.6,2.7,0.33,Graduate
2,39,1,8143,0,1,133.6,1,37,37,9,9,140.7,0,0,0,1,0,1,41,0,0,6,7,6,14.3178815919287,0,0,6,7,6,14.117152535351806,0,13.8,0.5,0.82,Graduate
1,44,1,9149,1,1,132.0,1,1,1,2,7,131.4,1,0,0,1,0,0,22,0,10,12,21,12,11.740316159557786,0,10,11,12,11,13.536273935030634,0,7.6,2.6,0.32,Graduate
1,1,1,9699,1,1,129.7,1,39,37,9,7,122.3,1,0,0,1,0,1,17,0,0,7,8,6,12.89657668880588,0,0,7,8,6,12.980198119847634,0,13.9,2.7,0.85,Graduate
1,1,1,9242,1,1,133.6,1,37,37,2,3,128.9,0,0,0,1,0,0,19,0,0,5,7,5,12.476347417943503,0,0,5,6,5,11.377540768182456,0,7.6,2.6,0.32,Graduate
1,39,1,9498,1,1,132.8,1,37,38,10,8,130.1,0,0,0,1,0,0,21,0,0,6,12,6,12.21786837889586,0,0,6,11,6,12.709377574883364,0,12.5,0.5,1.82,Graduate
1,1,1,9329,1,1,132.9,1,38,38,9,11,126.3,0,0,0,1,0,0,18,0,0,7,8,6,15.133566366831358,0,0,7,8,6,14.706388027663388,0,7.6,2.6,0.32,Graduate
1,1,1,9542,1,1,130.5,1,3,2,4,0,131.2,1,0,0,1,0,0,18,0,0,8,8,8,12.676977274755172,0,0,8,8,8,12.18184018164745,0,9.4,-0.8,-3.12,Graduate
1,1,1,9568,1,1,139.4,1,36,38,10,9,127.6,1,0,0,1,0,1,19,0,0,8,7,7,13.707877823197718,0,0,8,8,6,13.849894992776138,0,8.9,1.4,3.46,Graduate
1,42,1,9566,1,1,134.7,1,2,1,4,5,134.0,0,0,0,1,0,0,20,0,0,7,11,7,12.34842410813412,0,5,8,11,8,13.521454836251843,0,12.4,1.4,1.8,Dropout
1,44,1,9599,1,1,131.6,1,1,37,4,0,126.7,0,0,0,1,0,0,20,0,0,6,8,6,12.586895921722984,0,0,6,8,5,14.152214657062023,0,14.0,-0.3,-0.92,Graduate
1,1,1,9704,1,1,134.1,1,3,1,5,7,127.9,1,0,0,1,0,0,18,0,0,7,10,7,14.372449077410476,0,0,8,8,8,12.166470427121624,0,12.4,0.5,1.8,Graduate
1,1,2,9171,1,1,117.4,1,19,37,4,8,124.3,1,0,0,1,0,1,18,0,0,6,7,5,10.719248291965606,0,0,6,8,5,11.64696706898593,0,10.8,1.4,1.75,Graduate
1,17,1,9036,1,1,130.0,1,2,3,4,1,112.0,1,0,0,1,0,0,21,0,0,6,11,2,11.008454572221131,0,0,6,11,2,10.348046425005164,0,15.4,1.4,3.46,Dropout
1,1,1,9558,1,1,140.7,1,3,2,4,3,145.5,0,0,0,1,0,0,18,0,0,7,0,6,0.5259905465480708,0,0,8,0,0,0.5466218829371277,0,15.6,2.8,-4.04,Graduate
1,2,1,9777,1,1,132.3,1,37,37,4,8,135.0,1,0,0,1,1,0,17,0,0,5,5,0,0.48254949832500166,0,0,5,5,0,0.3631907242513014,0,9.3,-0.8,-3.11,Graduate
2,39,1,9528,0,19,132.3,1,37,37,9,5,101.8,0,0,0,1,1,0,32,0,0,7,11,5,12.453638520626745,0,0,7,11,5,12.020659183929117,0,13.8,-0.3,0.78,Dropout
1,17,2,9185,1,1,113.4,1,1,19,5,5,117.0,1,0,0,1,1,0,18,0,0,5,9,5,11.534540501735679,0,0,5,6,5,11.067787705809023,0,13.9,-0.3,0.78,Graduate
1,1,4,9625,1,1,139.6,1,19,37,9,10,126.7,1,0,0,1,0,1,19,0,0,6,7,6,14.509807715603458,0,0,6,8,6,15.137330968424838,0,10.8,1.4,1.75,Graduate
1,1,1,9625,1,1,128.5,1,3,2,2,4,121.8,0,0,0,1,0,0,21,0,0,7,10,7,14.393369705246078,0,0,8,9,7,11.560329814344819,0,11.1,0.6,2.03,Dropout
1,1,1,9763,1,1,146.2,1,37,37,10,10,127.5,1,0,0,1,0,1,19,0,0,6,6,6,14.456777711583708,0,0,6,5,6,15.329247441938687,0,12.7,3.7,-1.65,Graduate
1,1,1,9693,1,1,137.4,1,19,38,9,9,131.6,1,0,0,1,0,1,17,0,0,7,7,6,15.023765005675832,0,0,8,7,6,13.456017890768372,0,13.8,-0.2,0.78,Graduate
1,17,2,9114,1,1,120.2,1,3,2,4,0,106.9,1,0,0,1,1,0,19,0,0,6,0,0,0.0,0,0,6,0,0,0.0,0,12.4,0.5,1.8,Dropout
1,1,1,9207,1,1,132.4,1,2,37,5,6,129.1,1,0,0,1,0,0,18,0,0,6,6,6,12.658601397042684,0,0,6,5,6,11.769498105333287,0,13.8,-0.3,0.79,Graduate
1,1,1,9393,1,1,131.7,1,19,37,9,10,129.3,1,0,0,1,0,0,19,0,0,7,7,7,14.122358778563974,0,0,8,8,7,11.87460555296295,0,12.4,0.5,1.78,Graduate
1,18,1,9185,1,1,123.2,1,1,1,4,2,115.9,1,0,0,1,1,0,21,0,0,5,5,3,12.387857158790066,0,0,5,6,0,0.0,0,8.9,1.4,3.44,Dropout
2,39,1,9242,0,19,135.3,1,38,38,9,9,95.0,0,0,0,0,1,0,41,0,0,5,11,2,0.0,0,0,5,10,0,0.0,0,15.6,2.7,-4.05,Dropout
1,1,3,9142,1,1,124.8,1,4,19,4,4,126.1,1,0,0,1,0,1,19,0,0,6,8,6,12.298003500233657,0,0,6,8,5,13.47348411053119,0,9.1,1.4,1.79,Graduate
1,1,2,9824,1,1,136.0,1,39,37,6,9,115.3,1,0,0,1,0,1,18,0,0,7,8,7,12.57558684821159,0,0,7,8,7,10.358281433079256,0,9.0,2.7,3.48,Graduate
1,43,1,9101,1,40,151.1,1,1,3,3,3,160.8,0,0,0,1,0,0,20,0,2,6,7,6,14.956390093257061,0,1,6,10,6,14.51387021822105,0,9.0,1.4,1.8,Graduate
1,1,1,9166,1,1,134.5,1,37,37,7,9,130.6,1,0,0,1,0,0,20,0,0,6,8,5,11.050647234135733,0,0,6,8,5,11.835229302672637,0,9.3,-0.8,-3.14,Graduate
1,1,1,9141,1,1,132.5,1,19,37,11,9,110.5,1,0,0,0,0,0,19,0,0,5,6,0,0.0,0,0,5,5,0,0.0,0,12.5,3.7,1.8,Dropout
1,1,1,9097,1,1,131.1,1,19,38,9,9,155.7,0,0,0,1,0,0,19,0,0,6,6,6,14.773136069654859,0,0,6,6,6,12.611662594223214,0,12.4,0.5,1.79,Graduate
1,1,1,346,1,1,131.5,1,37,37,10,11,150.4,0,0,0,1,0,0,18,0,0,7,0,6,13.765717637401586,0,0,8,0,6,0.13636364664478673,0,15.5,2.8,-4.04,Graduate
1,17,2,9249,1,1,115.9,1,20,37,2,8,113.5,1,0,0,1,0,0,20,0,0,6,6,4,9.900239199486148,0,0,6,5,4,10.878289589766835,0,13.9,-0.3,0.78,Enrolled
1,40,1,9292,1,1,131.6,1,37,37,9,8,98.5,0,0,0,1,1,0,27,0,0,5,11,2,9.802177208824325,0,0,5,11,2,0.0,0,12.4,0.5,1.82,Dropout
1,9,1,9528,1,1,133.3,1,1,1,3,5,127.0,0,0,0,1,0,0,19,0,0,7,7,7,14.572634249322558,0,4,8,8,8,14.333642686911336,0,11.0,0.6,1.97,Graduate
1,1,1,9147,1,1,135.3,1,37,37,9,7,127.5,1,0,0,1,0,1,18,0,0,6,8,6,12.995059443396714,0,0,6,7,5,13.928280851968719,0,7.6,2.6,0.32,Graduate
1,1,1,8928,1,1,165.4,1,4,2,2,0,148.3,0,0,0,1,1,0,18,0,0,6,7,6,14.726382346673526,0,0,6,6,5,14.50535025853287,0,14.1,0.6,0.95,Graduate
1,39,1,9113,1,1,131.9,1,36,38,3,2,155.6,0,0,0,1,1,0,25,0,0,5,5,0,0.11145119587944667,0,0,5,5,0,0.043369226117811174,0,12.7,3.7,-1.7,Dropout
1,1,1,9393,1,1,132.8,1,2,37,4,10,128.9,0,0,0,1,0,0,20,0,0,6,8,5,12.446215130907124,0,0,6,8,5,11.499715455410145,0,12.4,1.4,1.79,Graduate
1,1,1,9037,1,1,131.2,1,38,37,9,8,127.4,0,0,0,1,0,1,19,0,0,5,8,5,13.270483212184432,0,0,5,5,5,13.455393484124626,0,12.6,3.7,-1.7,Graduate
1,1,1,9546,1,1,135.6,1,37,38,9,8,121.8,1,0,0,1,0,1,19,0,0,6,10,6,12.085451719956268,0,0,8,11,6,9.761301994654378,0,12.6,3.7,-1.71,Dropout
1,17,2,9196,1,1,120.4,1,19,37,5,7,121.7,1,0,0,1,0,0,18,0,0,5,12,2,10.647008155516168,0,0,5,5,2,10.491718900763383,0,9.4,-0.8,-3.13,Dropout
1,1,1,9728,1,1,132.6,1,37,37,9,8,129.0,1,0,0,1,0,1,18,0,0,6,7,6,13.139254062423134,0,0,6,8,6,13.815268312352316,0,12.4,0.5,1.77,Graduate
1,1,1,9458,1,1,133.8,1,2,3,3,2,122.9,1,0,0,1,0,0,18,0,0,7,8,7,12.371983653656315,0,0,8,8,7,14.675524005193259,0,12.4,0.6,1.82,Graduate
1,39,1,9443,1,40,158.1,1,2,3,3,3,161.6,0,0,0,1,0,0,26,0,0,6,6,6,14.626588498070227,0,0,6,6,6,14.95604413983336,0,15.5,1.4,-4.06,Graduate
1,39,1,9158,1,1,131.0,1,37,38,4,3,146.2,0,0,0,1,1,0,36,0,0,5,5,0,0.3097488746739892,0,0,5,5,0,0.0,0,9.4,-0.8,-3.12,Dropout
1,38,1,9497,0,19,134.1,1,37,38,9,8,95.0,0,0,0,0,1,0,38,0,0,5,0,0,0.0,0,0,5,0,0,0.0,0,16.2,0.5,0.92,Dropout
1,1,1,9248,1,1,140.7,1,2,1,4,1,127.5,1,0,0,1,0,0,18,0,0,6,6,6,14.339262319945671,0,0,6,6,6,12.548790074494427,0,9.5,-0.8,-3.12,Graduate
1,1,1,33,1,1,141.1,1,2,3,1,5,138.8,1,0,0,1,1,0,18,0,0,0,0,0,0.5534036787621516,0,0,6,0,0,0.0,0,15.5,2.7,-4.04,Dropout
1,1,1,9705,1,1,136.3,1,2,2,3,3,139.0,1,0,0,1,0,0,18,0,0,6,6,0,0.24353558043717188,0,0,6,6,0,0.14660948108359814,0,13.9,-0.3,0.79,Graduate
1,2,1,9466,1,1,142.4,1,1,1,4,3,131.0,0,0,0,1,0,1,18,0,0,8,8,7,15.480540108707771,0,0,8,8,8,15.24456007160969,0,12.6,3.7,-1.7,Graduate
1,17,2,9842,1,1,126.4,1,1,2,2,4,116.4,1,0,0,0,0,0,20,0,0,6,1,0,0.0,0,0,6,0,0,0.0,0,9.1,1.4,1.81,Dropout
1,38,1,9723,1,19,133.8,1,38,37,9,11,97.8,0,0,0,1,1,0,26,0,0,6,0,0,0.0,0,0,6,0,0,0.0,0,13.9,-0.3,0.78,Dropout
1,1,3,9449,1,1,132.4,1,2,2,3,2,131.3,1,0,0,1,0,0,18,0,0,7,8,6,12.363275641813662,0,0,7,8,6,13.619910899168719,0,13.9,-0.3,0.79,Graduate
1,43,1,9563,1,39,139.8,1,2,1,3,6,143.7,0,0,0,1,0,0,21,0,2,10,8,8,13.773347184513032,0,1,11,8,5,13.2701137100629,0,9.0,1.4,3.48,Graduate
2,39,1,8075,0,3,130.4,1,37,38,9,9,129.2,0,0,0,1,0,0,35,0,5,12,10,6,12.661295249803356,0,2,7,7,6,13.146972008386598,0,12.6,3.7,-1.71,Dropout
1,1,1,9163,1,1,132.4,1,38,38,3,5,140.9,0,0,0,1,0,0,20,0,0,5,5,5,13.688614554938567,0,0,5,5,5,14.546192364909828,0,7.6,2.7,0.32,Graduate
2,39,1,9228,0,1,128.2,1,37,37,9,3,129.5,0,0,0,1,0,0,38,0,0,6,8,5,14.014222866522214,0,0,6,8,5,13.350926681925593,0,9.3,-0.8,-3.11,Graduate
1,40,1,9035,1,1,135.3,1,37,37,2,6,95.4,0,0,0,1,1,0,29,0,0,5,11,2,0.0,0,0,5,12,0,0.0,0,15.6,2.7,-4.05,Dropout
1,39,1,9404,1,1,134.7,1,37,38,10,10,126.6,0,0,0,1,0,0,56,0,0,7,9,7,11.277969582336791,0,0,8,11,8,12.367707927448969,0,15.6,2.7,-4.03,Graduate
1,1,1,9237,1,1,131.7,1,1,1,3,0,113.2,1,0,0,1,0,0,19,0,0,6,6,0,0.0,0,0,6,6,0,0.0,0,9.0,1.4,3.45,Dropout
1,43,1,9720,1,1,135.6,1,2,37,6,6,128.3,0,0,0,1,0,0,19,0,0,7,8,7,12.269194240124829,0,0,8,8,8,12.135932444237646,0,13.9,-0.3,0.79,Graduate
1,17,1,9227,1,1,130.7,1,3,2,6,6,117.6,1,0,0,1,0,0,18,0,0,6,0,0,0.21806439373114161,0,0,6,0,0,0.24068233162590844,0,15.5,2.8,-4.06,Dropout
1,39,1,9536,1,40,131.8,1,2,3,4,5,99.0,0,0,0,1,0,0,29,0,0,7,11,6,13.799198485005247,0,4,7,10,11,12.618881939790464,0,16.0,0.5,0.86,Dropout
1,1,1,9129,1,1,134.8,1,38,38,10,9,119.8,1,0,0,1,0,0,18,0,0,5,5,5,12.112518017607782,0,0,5,6,5,10.705231763526877,0,9.1,2.6,0.32,Graduate
1,39,1,9471,1,1,131.1,1,37,37,8,9,100.7,0,0,0,1,0,0,29,0,0,7,11,6,12.189345496330459,0,0,8,10,6,12.490493707000585,0,12.4,0.5,1.78,Dropout
1,44,1,9030,1,39,128.8,1,1,3,3,0,146.3,0,0,0,1,1,0,21,0,2,6,11,0,0.22978317175459978,0,1,6,13,0,0.0,0,15.5,1.4,-4.06,Dropout
1,1,1,9573,1,1,137.3,1,36,37,10,10,130.6,1,0,0,1,0,1,18,0,0,6,8,6,12.704438581867361,0,0,6,8,6,14.852051337501553,0,9.3,-0.8,-3.11,Graduate
1,1,3,9894,1,1,132.2,1,37,37,9,9,119.9,1,0,0,1,0,1,18,0,0,6,7,6,11.714610003905232,0,0,6,7,6,12.507955003832093,0,9.1,2.7,0.33,Graduate
1,1,1,9540,1,1,129.5,1,3,2,1,5,126.0,1,0,0,1,0,0,20,0,0,7,11,7,11.290914454182694,0,4,7,8,7,12.31212123392756,0,8.9,1.4,3.51,Graduate
1,1,1,502,1,1,132.1,1,3,1,4,6,134.0,1,0,0,1,0,0,19,0,0,7,0,0,0.19794751600123695,0,0,7,0,0,0.18181082451493638,0,13.8,2.7,0.33,Dropout
1,2,1,9715,1,1,143.3,1,20,38,2,9,134.7,1,0,0,1,0,0,17,0,0,6,8,6,15.110486816317792,0,0,6,8,6,12.74524807348301,0,9.5,-0.8,-3.12,Graduate
1,43,1,9161,1,1,129.9,1,1,2,3,3,126.2,0,0,0,1,0,0,20,0,0,6,12,6,11.687960278412142,0,0,6,10,6,12.364667244275038,0,15.5,2.8,-4.05,Dropout
1,1,1,9692,1,1,132.1,1,38,37,9,11,131.6,1,0,0,1,0,1,19,0,0,6,8,6,12.271196349381933,0,0,6,8,6,13.156618097106746,0,10.8,1.4,1.75,Graduate
1,1,3,9344,1,1,139.0,1,2,37,2,5,123.3,1,0,0,1,0,0,19,0,0,8,7,6,13.533153818110595,0,0,8,8,6,13.779607540399445,0,10.8,1.4,1.79,Graduate
1,1,1,9212,1,1,141.7,1,3,1,5,2,158.7,1,0,0,1,1,0,19,0,0,6,6,0,0.31141253232352645,0,0,6,5,0,0.0,0,12.5,0.5,1.82,Graduate
2,39,1,9536,1,19,137.5,1,37,37,9,10,103.6,0,0,0,0,0,0,47,0,0,7,0,0,0.05395989004489314,0,0,6,0,0,0.0,0,10.8,1.4,1.77,Dropout
2,39,1,7997,0,19,131.7,1,37,37,9,8,140.4,0,0,0,1,0,0,34,0,13,13,12,11,12.590641174338746,0,2,7,7,6,12.302165259011536,0,13.8,2.7,0.78,Graduate
1,1,1,9415,1,1,130.8,1,2,2,5,3,126.4,0,0,0,1,0,0,19,0,0,7,7,7,14.78173747440222,0,0,8,8,8,14.153536302618068,0,15.5,0.6,-4.06,Graduate
1,1,3,9312,1,1,138.2,1,1,1,3,3,127.0,1,0,0,1,0,0,18,0,0,6,6,6,12.930152998279896,0,0,6,6,6,13.9861076780896,0,12.6,3.7,1.81,Graduate
1,39,1,9221,1,1,130.0,1,1,1,4,4,130.4,0,0,0,1,1,0,29,0,0,5,12,2,11.833072058581582,0,0,5,9,2,11.43354420225952,0,12.7,3.7,-1.69,Dropout
1,39,1,9054,1,1,132.3,1,37,33,0,3,122.9,0,0,0,0,1,0,35,0,0,5,5,0,0.0,0,0,5,5,0,0.0,0,9.4,-0.8,-3.12,Dropout
1,1,1,9498,1,1,132.7,1,2,1,3,5,127.6,1,0,0,1,0,0,18,0,0,7,7,7,15.2003887322431,0,0,8,8,8,13.153559325961334,0,15.5,1.4,-4.06,Graduate
1,40,1,9046,1,1,130.2,1,1,37,2,2,104.3,0,0,0,0,1,0,31,0,0,6,10,1,10.804474599601726,0,1,6,15,2,11.155365522760423,0,10.8,1.4,1.81,Dropout
2,40,1,9752,0,3,145.0,1,37,36,8,5,140.3,0,0,0,1,0,0,24,0,0,8,8,7,12.989271314410622,0,0,8,8,5,15.447505245785937,0,16.1,-0.8,-0.92,Graduate
1,39,1,9663,1,1,133.3,1,34,35,1,7,100.8,0,0,0,1,0,0,20,0,0,6,12,3,11.953161485340182,0,0,6,11,2,0.0,0,7.6,2.6,0.32,Dropout
2,40,1,9576,0,19,131.5,1,38,37,8,4,141.0,0,0,0,1,1,0,35,0,0,5,0,0,0.10254155706208867,0,0,5,6,0,0.0,0,12.6,0.5,-1.64,Dropout
1,43,1,9215,1,1,134.0,1,2,3,2,8,121.8,1,0,0,1,0,0,20,0,0,7,9,6,12.894213769521414,0,0,8,11,7,11.90104975270069,0,12.4,0.5,1.78,Enrolled
1,1,1,9258,1,1,132.8,1,1,37,5,4,114.4,1,0,0,1,0,0,18,0,0,5,7,5,12.363239390733705,0,0,5,6,5,12.116946417366403,0,7.6,1.4,0.33,Graduate
1,1,1,9542,1,1,133.0,1,2,2,2,3,126.8,1,0,0,1,0,0,19,0,0,7,7,6,14.193898722830816,0,0,7,8,6,11.025692582744982,0,9.1,1.4,3.5,Graduate
1,1,1,9165,1,1,132.8,1,3,2,6,5,152.4,0,0,0,1,1,0,19,0,0,5,6,5,14.301263519996368,0,0,5,5,5,12.908515744957997,0,12.6,0.6,1.93,Graduate
1,43,1,9041,1,1,131.6,1,38,37,2,6,111.5,0,0,0,1,0,0,29,0,14,16,19,10,13.698457458026962,0,11,13,15,12,12.299364761969844,0,7.6,2.6,0.32,Dropout
1,39,1,8998,1,40,130.5,1,4,3,2,4,170.0,0,0,0,1,1,0,33,0,0,6,0,0,0.35474231910991266,0,0,6,0,0,0.0,0,10.8,0.5,1.74,Dropout
1,1,1,9217,1,1,131.3,1,38,38,8,8,117.0,0,0,0,1,1,0,28,0,0,5,6,3,0.0,0,0,5,6,0,0.0,0,9.6,-0.8,-3.12,Dropout
1,1,4,9554,1,1,132.8,1,38,37,9,9,131.4,1,0,0,1,0,1,18,0,0,7,7,7,13.475141268553388,0,0,8,8,6,13.430990212507398,0,10.8,1.4,1.8,Graduate
1,43,1,9402,1,1,132.3,1,3,1,0,1,125.2,1,0,0,1,0,0,19,0,0,7,11,7,12.257118897093932,0,4,8,12,11,12.048484795827777,0,13.8,2.7,0.79,Dropout
1,43,1,8964,1,1,136.2,1,2,3,4,4,101.2,0,0,0,0,1,0,19,0,0,6,11,1,12.530183449368183,0,0,6,10,2,0.26189187117151647,0,10.7,1.4,1.78,Dropout
1,1,4,9481,1,1,130.2,1,1,3,3,3,112.4,1,0,0,1,0,0,18,0,0,7,0,7,13.149204911400462,0,0,8,1,8,0.16588122342624095,0,13.9,-0.3,0.81,Dropout
1,43,1,9649,1,39,140.9,1,1,2,2,5,145.4,0,0,0,1,0,0,19,0,0,8,8,7,13.589692375317231,0,1,8,8,7,14.122794932989978,0,10.8,1.4,1.79,Graduate
1,43,1,9684,1,1,133.7,1,1,1,4,7,126.9,0,0,0,1,0,0,18,0,0,7,9,7,13.744607727548498,0,5,8,10,8,14.559393022939021,0,13.7,0.5,0.77,Graduate
1,1,1,9148,1,1,139.6,1,37,37,10,8,127.6,1,0,0,1,0,1,19,0,0,6,6,6,12.418403385652383,0,0,6,6,6,13.185056343658294,0,12.6,-0.8,-3.13,Graduate
1,1,1,9418,1,1,132.4,1,1,1,4,2,132.5,1,0,0,1,0,0,20,0,0,7,10,6,13.136363982627575,0,0,7,11,6,12.769950573602337,0,8.9,1.4,3.51,Dropout
1,1,1,9442,1,1,139.3,1,38,37,5,4,127.8,1,0,0,1,0,1,18,0,0,6,7,6,15.92825293259226,0,0,6,8,6,16.482422825888506,0,9.0,1.4,1.81,Graduate
1,1,1,9404,1,1,131.0,1,37,37,8,9,129.0,1,0,0,1,0,1,19,0,0,7,8,7,14.060477358755993,0,0,8,8,7,13.733771179844467,0,12.4,0.5,1.81,Graduate
1,17,2,9187,1,1,120.9,1,3,1,2,4,118.7,1,0,0,1,0,0,18,0,0,5,8,5,12.871737244707864,0,0,5,9,5,12.078488365927722,0,7.6,2.6,0.31,Enrolled
1,1,3,9887,1,1,124.4,1,2,3,3,3,119.8,1,0,0,1,0,0,18,0,0,6,7,6,12.442634539510268,0,0,6,8,6,13.523670580148801,0,15.5,2.7,-4.06,Graduate
1,1,3,9683,1,1,134.4,1,2,1,3,2,124.1,1,0,0,1,0,0,17,0,0,7,8,7,13.260092173488683,0,0,8,8,7,13.370571824552698,0,12.4,0.5,1.79,Graduate
1,44,1,9163,1,42,132.5,1,2,2,4,2,101.7,0,0,0,1,1,0,27,0,2,6,13,3,13.435730502779993,0,1,6,13,2,11.676964305707294,0,7.6,2.7,0.33,Dropout
1,1,1,259,1,1,129.5,1,19,38,9,7,109.6,1,0,0,1,0,0,18,0,0,0,0,0,0.1751905027315539,0,0,0,0,0,0.0,0,12.4,0.5,1.8,Graduate
1,1,1,9153,1,1,141.7,1,37,38,4,2,157.5,0,0,0,1,0,0,18,0,0,5,5,5,13.689917909354387,0,0,5,5,5,13.478791213233636,0,9.1,1.4,-3.14,Graduate
1,1,1,9561,1,1,132.7,1,38,37,8,8,124.0,1,0,0,1,0,0,19,0,0,7,0,0,0.0,0,0,8,0,0,0.0,0,12.4,0.5,1.8,Dropout
1,17,1,9089,1,1,131.0,1,1,19,2,5,120.7,0,0,0,1,1,0,19,0,0,5,5,2,12.416735958456671,0,0,5,6,2,10.64743021329777,0,15.4,1.4,3.49,Dropout
1,43,1,9145,1,1,131.7,1,3,37,5,3,106.0,0,0,0,1,1,0,22,0,7,7,10,12,11.143414760411344,0,5,11,13,11,10.931538413962544,0,16.0,0.3,-0.91,Dropout
1,17,2,9193,1,1,125.5,1,2,3,3,4,121.8,1,0,0,1,1,0,18,0,0,5,5,4,12.045574347756263,0,0,5,5,4,12.03544456451771,0,13.8,-0.3,0.77,Graduate
1,1,1,9142,1,1,139.8,1,37,37,8,9,131.1,0,0,0,1,0,1,20,0,0,6,8,6,12.50751476857116,0,0,6,7,6,12.32812813824996,0,9.4,-0.8,-3.12,Graduate
1,42,1,9043,1,1,133.1,1,3,2,4,3,120.9,0,0,0,1,1,0,22,0,0,5,10,5,12.802458445034105,0,0,5,10,5,10.26356727174647,0,12.6,-0.3,-1.69,Enrolled
1,39,1,9681,1,1,133.5,1,36,37,9,9,129.6,0,0,0,1,0,0,37,0,0,7,13,14,12.331793351737028,0,0,7,11,10,12.945577722249762,0,16.0,0.5,0.89,Graduate
1,39,1,9420,1,1,133.3,1,37,37,9,9,129.0,0,0,0,1,0,0,20,0,0,6,11,5,12.567177936082436,0,0,6,13,5,11.71886866921258,0,16.1,0.4,-0.93,Enrolled
1,38,1,9088,1,1,129.6,1,19,37,9,8,98.1,0,0,1,1,0,0,22,0,0,6,11,3,12.128509886752393,0,0,6,17,4,12.609022396301757,0,15.5,1.4,-4.05,Dropout
1,44,1,9461,1,1,137.9,1,2,1,6,4,96.8,0,0,0,1,1,0,23,0,0,6,11,4,12.29496727936048,0,0,6,15,2,11.289387948572886,0,15.5,2.8,-4.06,Dropout
1,1,1,9155,1,1,130.8,1,2,3,3,3,127.2,1,0,0,1,0,0,19,0,0,6,8,5,12.599162239331033,0,0,6,8,5,10.803260845432922,0,13.9,2.7,0.79,Enrolled
1,39,1,9261,1,1,133.9,1,34,32,3,2,113.5,1,0,0,0,1,0,25,0,0,5,0,0,0.12252623162217645,0,0,5,0,0,0.0,0,9.1,1.4,0.31,Dropout
1,38,1,9487,1,1,125.7,1,38,38,8,9,125.9,0,0,0,1,0,0,23,0,0,7,8,7,14.183602100923748,0,0,8,10,7,13.73015797245758,0,16.2,0.4,-0.83,Graduate
1,1,1,9671,1,1,131.4,1,37,36,9,9,126.4,1,0,0,1,0,0,18,0,0,6,6,0,0.3324610080209381,0,0,6,0,0,0.05932988779040679,0,12.6,3.7,-1.71,Dropout
1,1,1,9701,1,1,132.5,1,38,37,10,10,127.5,0,0,0,1,0,1,18,0,0,7,7,7,15.288273407787123,0,0,8,8,8,13.209559394359042,0,13.8,2.7,0.78,Graduate
1,1,1,9125,1,1,126.1,1,1,3,2,2,114.7,1,0,0,1,0,0,17,0,0,6,6,6,12.983923764167034,0,0,6,6,6,13.569937043119989,0,12.6,-0.3,0.79,Graduate
1,42,1,9108,1,1,128.8,1,2,1,4,5,104.9,0,0,0,1,1,0,20,0,0,5,9,2,12.042739426631579,0,0,5,11,2,0.0,0,12.4,0.5,1.77,Dropout
1,1,1,9295,1,1,134.2,1,37,37,9,8,127.0,0,0,0,1,0,1,19,0,0,6,7,6,13.29377627504875,0,0,6,7,6,15.149075964182316,0,12.7,0.6,2.0,Graduate
1,1,1,9379,1,1,132.1,1,2,2,3,0,129.6,1,0,0,1,0,0,19,0,0,7,8,6,13.650399316473521,0,0,7,8,5,14.515050972766295,0,7.6,2.6,0.34,Graduate
1,1,1,9254,1,1,127.3,1,37,38,9,9,108.8,1,0,0,1,0,0,19,0,0,5,6,2,11.87328241102367,0,0,5,5,4,10.692584505387629,0,9.3,1.4,1.8,Dropout
1,1,1,9718,1,1,137.2,1,2,19,9,9,142.0,0,0,0,1,0,1,19,0,0,6,6,6,13.57120237883799,0,0,6,5,6,13.807207305678327,0,12.7,3.7,1.86,Graduate
1,1,1,9291,1,1,140.6,1,1,1,0,4,133.9,1,0,0,1,0,0,18,0,0,6,6,6,14.311183269258333,0,0,6,6,6,13.05627775724426,0,12.4,0.5,1.8,Graduate
2,39,1,7945,0,1,133.6,1,37,38,10,11,132.1,0,0,0,1,0,0,36,0,0,7,7,6,13.571225593146185,0,0,7,8,6,13.43275474975368,0,8.9,1.4,3.49,Graduate
1,2,4,9380,1,1,138.5,1,2,1,2,5,128.3,1,0,0,1,0,1,18,0,0,7,7,7,14.873427507862148,0,0,8,8,8,16.12366332047024,0,10.9,0.6,1.9,Graduate
1,1,1,9123,1,1,140.9,1,3,1,4,5,133.0,1,0,0,1,0,0,18,0,0,6,7,6,14.552340822695516,0,0,6,8,6,11.652206795304831,0,14.0,-0.3,0.78,Graduate
1,44,1,9319,1,1,148.7,1,2,2,4,4,128.5,0,0,0,1,0,0,19,0,0,8,8,8,13.315416898748822,0,0,8,8,8,13.941729903519866,0,7.7,2.7,0.31,Graduate
1,42,1,9454,1,1,129.5,1,1,1,4,6,126.6,0,0,0,1,0,0,20,0,6,7,10,11,12.437490747003263,0,4,8,10,8,12.668296920767789,0,13.9,-0.3,0.79,Graduate
1,39,1,9558,1,1,132.7,1,37,37,8,7,130.7,0,0,0,1,0,0,25,0,0,6,6,0,0.4500161651595852,0,0,6,5,0,0.0,0,9.4,-0.8,-3.13,Dropout
1,17,1,9188,1,1,121.1,1,36,37,9,8,124.5,0,0,0,1,0,0,29,0,0,5,13,2,10.602217018822639,0,0,5,11,2,9.838267651264198,0,16.1,0.4,-3.11,Dropout
2,39,1,9481,0,1,133.9,1,38,37,10,10,144.9,0,0,0,1,0,0,38,0,0,7,8,7,13.551022957733872,0,0,7,8,7,12.244069024286947,0,13.9,-0.3,0.79,Graduate
2,39,1,9784,1,18,135.4,1,38,37,9,2,105.3,0,0,0,0,1,0,24,0,0,6,10,0,0.0,0,0,5,0,0,0.14622030266425248,0,13.9,-0.3,0.78,Dropout
1,2,1,9667,1,1,133.8,1,37,38,11,10,127.3,1,0,0,1,0,1,19,0,0,6,6,6,13.462977711430256,0,0,6,7,6,14.221435214809455,0,9.2,-0.8,1.81,Graduate
1,43,1,9741,1,1,134.9,1,3,1,2,1,131.7,0,0,0,1,0,0,20,0,12,16,13,13,11.819689901464162,0,5,11,15,11,12.112811834208125,0,12.6,0.4,0.78,Dropout
1,1,1,9139,1,1,133.8,1,2,3,1,0,147.3,1,0,0,1,1,0,19,0,0,6,0,0,0.2880732606614446,0,0,6,1,0,0.13433038670741446,0,12.6,0.6,1.92,Dropout
1,2,1,9187,1,1,132.7,1,36,37,10,8,106.4,1,0,0,1,0,0,18,0,0,5,6,0,0.0,0,0,5,1,0,0.0,0,12.6,-0.8,1.8,Dropout
1,2,1,9482,1,1,132.9,1,1,38,2,3,131.8,1,0,0,1,0,0,18,0,0,7,8,6,12.534095640478174,0,0,7,8,6,13.40138160744902,0,9.2,-0.3,0.79,Graduate
1,39,1,9836,1,1,132.1,1,38,38,5,4,113.3,1,0,0,0,0,0,27,0,0,6,12,0,0.0,0,0,6,0,0,0.0,0,10.8,1.4,1.78,Dropout
1,44,1,9203,1,1,117.4,1,3,1,3,5,118.0,0,0,0,1,1,0,19,0,0,5,13,2,12.450178515588805,0,0,5,10,2,0.0,0,13.8,-0.2,0.82,Dropout
1,1,2,9160,1,1,125.6,1,38,38,9,7,116.0,1,0,0,1,0,1,18,0,0,6,7,6,12.455282976849011,0,0,6,7,6,13.968910130434079,0,13.9,-0.3,0.79,Graduate
1,1,2,9623,1,1,134.9,1,37,37,3,8,123.3,1,0,0,1,0,0,18,0,0,6,6,4,13.291553725393214,0,0,6,8,6,10.928439472188833,0,10.8,1.4,1.72,Dropout
1,17,2,9114,1,1,129.3,1,2,19,4,6,119.4,1,0,0,1,0,0,19,0,0,5,13,3,11.112979339763179,0,0,5,10,3,10.69381487366866,0,9.0,1.4,1.8,Enrolled
1,43,1,9156,1,40,122.2,1,2,2,2,6,122.3,0,0,0,1,0,0,25,0,8,12,17,4,11.136730678927451,0,8,12,18,2,11.7905338657134,0,14.0,-0.4,0.79,Dropout
1,1,1,9711,1,1,132.5,1,2,2,5,5,115.4,0,0,0,1,0,0,20,0,0,6,12,4,12.015011707586225,0,0,6,10,5,11.64630317222149,0,11.0,0.6,1.93,Enrolled
1,40,1,9406,1,1,135.3,1,38,38,10,8,106.5,0,0,0,1,0,0,24,0,0,6,14,5,12.635647602022788,0,0,6,8,5,12.977148547339928,0,15.5,1.4,-4.06,Dropout
1,1,1,9870,1,1,137.3,1,38,38,8,9,130.3,1,0,0,1,0,1,19,0,0,6,6,6,14.20704270918932,0,0,6,6,6,15.054341126560207,0,9.4,-0.8,-3.11,Graduate
2,39,1,7925,0,18,131.7,1,37,37,7,7,103.4,0,0,0,1,1,0,39,0,0,6,0,0,0.19357124788980345,0,0,6,0,0,0.0,0,10.8,1.4,1.77,Dropout
1,1,3,9246,1,1,116.8,1,19,19,2,8,124.7,1,0,0,1,0,1,18,0,0,6,6,6,14.756344612875685,0,0,6,6,6,11.954337674413425,0,12.4,0.5,1.8,Graduate
2,39,1,7640,1,2,133.2,1,38,37,8,9,159.3,0,0,0,1,0,0,36,0,0,7,7,0,0.5672930435938981,0,0,8,0,0,0.29263732607480664,0,10.8,0.5,1.79,Dropout
1,1,1,9203,1,1,133.9,1,1,19,1,10,126.3,1,0,0,1,0,1,18,0,0,6,6,6,14.124964335598456,0,0,6,6,6,14.043903175907367,0,9.0,1.4,1.81,Graduate
1,1,1,9108,1,1,132.1,1,2,2,5,1,127.4,0,0,0,1,1,0,19,0,0,5,7,2,0.0,0,0,5,5,0,0.0,0,7.7,2.6,0.33,Dropout
1,43,1,33,1,1,132.0,1,2,36,8,8,149.4,0,0,0,1,0,0,29,0,11,12,24,11,12.713206597472876,0,10,11,12,10,13.005978512549648,0,12.4,0.5,1.82,Graduate
1,1,1,9183,1,1,131.5,1,20,38,9,10,117.3,1,0,0,1,0,1,20,0,0,6,8,6,11.629558795097175,0,0,6,9,6,9.894772899954596,0,14.0,-0.4,0.78,Graduate
1,38,1,9105,1,1,132.1,1,2,1,2,5,119.6,0,0,0,0,1,0,20,0,0,5,5,0,0.16809893521116076,0,0,5,5,0,0.0,0,12.7,3.7,-1.71,Dropout
1,1,1,9264,1,1,133.3,1,38,37,8,8,119.6,0,0,0,1,1,0,18,0,0,5,5,5,12.437484087392495,0,0,5,5,5,12.226374948427402,0,9.0,1.4,3.49,Graduate
2,38,1,458,0,19,131.7,1,37,37,9,9,154.1,0,0,0,1,0,0,41,0,0,0,0,0,0.37387823789979224,0,0,0,0,0,0.0,0,13.9,-0.3,0.78,Graduate
1,38,1,9645,1,3,161.3,1,38,32,3,0,154.1,0,0,0,1,1,0,30,0,0,6,6,0,0.19922570356115193,0,0,6,5,0,0.8245624804948491,0,9.4,-0.8,-3.13,Dropout
1,39,1,9137,1,1,130.3,1,38,38,4,3,131.3,0,0,0,1,1,0,21,0,0,5,5,4,13.1958015420928,0,0,5,6,5,12.558809684796962,0,9.1,1.4,1.81,Enrolled
1,44,1,9489,1,1,131.2,1,1,37,3,5,112.7,0,0,0,1,0,0,22,0,0,7,12,3,11.349333321307837,0,0,7,16,2,11.949425348212632,0,15.8,2.6,0.78,Dropout
1,38,1,9279,1,1,131.8,1,37,38,8,9,139.5,0,0,0,1,1,0,54,0,0,6,5,0,0.24821118702194234,0,0,6,0,0,0.0,0,8.9,1.4,3.51,Dropout
1,39,1,9164,0,1,132.2,1,38,37,10,9,151.7,0,0,0,1,0,0,42,0,0,5,6,0,0.30418704926729107,0,0,5,6,0,0.5316002735515755,0,12.5,0.5,1.79,Dropout
1,18,1,9280,1,1,121.1,1,19,38,5,7,123.4,1,0,0,1,1,0,18,0,0,5,6,1,10.988351762651396,0,0,5,6,2,12.51671611171287,0,13.9,-0.3,0.78,Dropout
1,38,1,9584,1,1,129.1,1,2,35,0,6,148.5,0,0,0,0,1,0,33,0,0,5,10,0,0.5387939475076782,0,0,5,0,0,0.2770381246651674,0,7.7,-0.8,-3.12,Dropout
1,42,1,9132,1,1,135.2,1,2,2,4,3,111.0,0,0,0,1,1,0,20,0,0,5,10,4,12.422014509298089,0,0,5,12,3,12.897279577725977,0,12.5,0.5,1.81,Dropout
1,1,1,33,1,1,134.8,1,3,2,2,0,148.8,1,0,0,1,1,0,19,0,0,0,1,0,0.0831019684324014,0,0,0,0,0,0.3360689376236196,0,10.8,1.4,1.77,Dropout
1,1,1,9133,1,1,131.1,1,1,3,0,7,99.4,0,0,0,1,1,0,22,0,0,5,5,4,11.14789074474721,0,0,5,5,4,11.732157417208152,0,9.3,-0.8,-3.13,Enrolled
1,1,4,9180,1,1,138.1,1,3,2,2,4,126.3,1,0,0,1,0,0,17,0,0,7,7,7,13.52158794464642,0,0,8,8,8,14.092080174302005,0,13.7,2.7,-4.06,Graduate
2,40,1,9609,0,18,128.8,1,38,37,8,10,97.9,0,0,0,1,1,0,34,0,0,5,13,2,11.775205206673245,0,0,5,5,0,0.0,0,9.2,-0.3,-3.12,Dropout
1,1,1,435,1,1,133.2,1,37,37,4,3,129.7,1,0,0,1,0,0,18,0,0,0,0,0,0.0,0,0,0,1,0,0.11543424855397427,0,7.6,2.6,0.32,Dropout
1,1,1,9172,1,1,130.4,1,36,37,3,9,115.7,0,0,0,1,0,0,21,0,0,5,11,3,12.542790000258778,0,0,5,8,5,11.154830726594266,0,9.3,-0.8,-3.14,Enrolled
1,39,1,9605,1,1,129.0,1,38,37,8,10,100.2,0,0,0,1,0,0,27,0,0,6,8,5,13.551927916509019,0,0,6,8,5,13.748404745613284,0,15.5,0.6,1.78,Graduate
1,39,1,9192,0,1,132.8,1,37,37,5,5,149.9,0,0,0,1,0,0,40,0,0,6,6,5,12.511545360431267,0,0,6,5,5,15.06777427846562,0,9.0,1.4,3.49,Graduate
1,1,1,9632,1,1,134.2,1,38,37,9,8,127.2,1,0,0,1,0,0,19,0,0,8,8,5,14.492353474888608,0,0,8,8,5,12.330391916178883,0,9.4,-0.8,-3.12,Graduate
1,1,1,9607,1,1,133.7,1,38,37,9,10,127.9,1,0,0,1,0,1,18,0,0,7,8,7,13.669881279377197,0,0,8,8,7,14.26075250703618,0,12.6,-0.3,0.78,Graduate
1,1,1,9453,1,1,140.0,1,2,1,2,2,129.0,1,0,0,1,0,0,18,0,0,6,8,6,11.221382758568915,0,0,6,8,7,12.08171316747906,0,12.7,3.7,-1.69,Graduate
1,39,1,9258,1,40,132.1,1,3,1,2,4,146.8,0,0,0,1,1,0,32,0,2,6,6,5,14.328762074828951,0,1,5,5,5,13.087877152056201,0,8.9,1.4,3.49,Dropout
1,17,2,9106,1,1,116.8,1,2,19,4,10,120.9,1,0,0,1,1,0,18,0,0,5,6,4,11.838906145407952,0,0,5,5,0,0.0,0,12.4,0.5,1.8,Graduate
1,17,2,9203,1,1,119.3,1,1,2,5,4,113.7,1,0,0,1,0,0,18,0,0,6,12,3,11.285490848939414,0,0,6,6,4,11.936462909785735,0,13.8,-0.2,-4.04,Enrolled
1,1,1,9184,1,1,133.3,1,2,2,2,1,157.3,0,0,0,1,1,0,18,0,0,6,5,0,0.3411430523807835,0,0,6,6,0,0.3926758424117441,0,15.5,0.6,-4.06,Dropout
1,17,3,9406,1,1,133.3,1,1,1,4,0,128.1,1,0,0,1,0,0,20,0,0,7,0,6,14.185657360989083,0,0,8,0,0,0.3729155237629772,0,15.5,2.7,-4.06,Dropout
1,1,1,9113,1,1,131.3,1,37,37,9,8,118.4,1,0,0,1,0,0,17,0,0,6,6,6,13.256936845329761,0,0,6,5,6,11.129062639825843,0,13.9,-0.3,0.79,Graduate
1,43,1,9443,1,1,130.4,1,2,2,4,6,118.1,0,0,0,1,0,0,19,0,0,7,11,6,12.924662726689322,0,0,8,11,7,13.57914457381864,0,15.6,2.7,-4.06,Dropout
1,39,1,9221,1,1,130.1,1,38,37,6,3,148.8,0,0,0,1,1,0,22,0,0,5,6,0,0.18230765913943464,0,0,5,6,0,0.0,0,9.5,-0.8,-3.11,Dropout
1,1,1,9512,1,1,142.0,1,37,37,2,3,128.5,1,0,0,1,0,0,19,0,0,6,5,6,15.243429187392715,0,0,6,6,6,13.429668425404685,0,10.9,1.4,1.79,Graduate
1,39,1,9446,1,1,131.3,1,37,37,9,6,123.5,1,0,0,1,0,0,36,0,0,7,0,0,0.0,0,0,7,0,0,0.0,0,13.9,-0.3,0.79,Dropout
1,1,1,9137,1,1,137.2,1,2,3,2,0,134.0,1,0,0,1,0,0,18,0,0,6,6,6,15.682925852454888,0,0,6,6,6,13.649493840718002,0,12.7,3.7,-1.69,Graduate
1,1,1,9172,1,1,142.7,1,1,2,3,4,133.1,1,0,0,1,0,0,18,0,0,6,7,6,14.588139374542202,0,0,6,5,5,14.431078427727616,0,13.9,0.5,0.78,Graduate
1,1,1,9681,1,1,128.8,1,36,38,10,9,142.4,0,0,0,1,0,1,19,0,0,6,6,6,0.1065100460433067,0,0,6,5,6,0.2423154403138574,0,12.7,3.7,-1.62,Graduate
1,44,1,9775,1,1,131.1,1,2,2,2,2,128.7,1,0,0,1,0,0,20,0,2,7,12,6,11.129072826778797,0,1,7,8,5,11.987017361326558,0,13.9,2.6,0.32,Enrolled
1,44,1,9109,1,1,155.2,1,2,2,3,3,135.1,0,0,0,1,0,0,19,0,0,6,7,6,14.30726947802218,0,0,6,6,6,14.212146052035154,0,13.9,-0.3,0.78,Graduate
1,44,1,9143,1,40,134.0,1,2,1,3,2,151.1,0,0,0,1,1,0,24,0,0,6,0,0,0.5327282358804808,0,0,6,6,0,0.17267873430245348,0,13.9,-0.3,0.78,Dropout
1,44,1,9234,1,39,130.6,1,2,1,0,2,105.3,0,0,0,1,0,0,21,0,2,7,11,6,11.58109912167502,0,1,7,15,1,11.300236492444288,0,13.8,-0.3,0.79,Dropout
1,42,1,9134,1,1,117.6,1,1,2,5,4,127.3,0,0,0,1,0,0,20,0,13,13,28,12,12.324745380090219,0,4,11,17,10,12.215840181771094,0,14.0,0.5,0.84,Graduate
1,1,1,9463,1,1,133.5,1,38,38,9,11,133.0,1,0,0,1,0,1,18,0,0,7,7,6,11.446237035560214,0,0,8,7,6,14.24119094222988,0,12.6,3.7,-1.71,Graduate
1,1,1,9820,1,1,139.3,1,38,38,9,9,128.4,1,0,0,1,0,1,18,0,0,6,8,6,13.770625900379866,0,0,6,8,6,13.214096166122056,0,12.6,-0.8,1.81,Graduate
1,1,1,9577,1,1,132.5,1,38,37,9,7,127.7,1,0,0,1,0,1,18,0,0,6,7,6,14.688097440011461,0,0,6,6,6,15.683140626689333,0,14.0,-0.3,0.78,Graduate
1,1,1,9511,1,1,141.0,1,38,37,9,9,126.4,1,0,0,1,0,1,18,0,0,7,7,6,14.84134699912649,0,0,8,8,6,14.483730596966604,0,8.9,1.4,3.5,Graduate
1,39,1,9111,1,1,135.6,1,1,35,3,2,158.0,0,0,0,1,1,0,36,0,0,5,11,3,13.30820537757541,0,0,5,8,2,12.83079164921972,0,7.8,-0.8,0.31,Dropout
1,1,1,9769,1,1,132.4,1,36,37,9,9,130.1,0,0,0,1,0,1,22,0,0,6,7,6,13.185169176608406,0,0,6,7,6,13.461841690765953,0,10.8,1.4,1.71,Graduate
1,1,1,9187,1,1,130.5,1,1,37,5,9,114.4,0,0,0,1,0,0,19,0,0,5,10,5,11.064611250860121,0,0,5,5,5,11.727592583853118,0,12.6,-0.3,0.79,Graduate
2,39,1,9680,1,19,134.5,1,37,37,10,7,103.3,0,0,0,1,0,0,47,0,0,7,10,0,0.0,0,0,7,13,0,0.0,0,12.4,1.4,1.8,Dropout
1,39,1,9025,1,40,130.1,1,2,1,3,2,146.1,0,0,0,1,1,0,29,0,0,6,11,0,0.0,0,0,5,5,0,0.14634354043784795,0,15.9,0.4,0.8,Dropout
1,17,2,9080,1,1,126.3,1,19,38,9,9,105.4,1,0,0,1,0,1,19,0,0,5,11,3,10.12203318695829,0,0,5,10,4,11.088721835286114,0,13.8,-0.3,0.79,Enrolled
1,43,1,9122,1,1,134.1,1,37,37,4,8,120.5,1,0,0,1,0,0,33,0,6,12,15,13,11.582622583766206,0,2,12,12,11,11.425159395102812,0,9.0,1.4,3.51,Dropout
1,1,1,9158,1,1,118.0,1,19,38,9,11,118.2,1,0,0,1,0,1,17,0,0,6,6,6,14.302650211829967,0,0,6,6,6,11.028444141231137,0,12.6,3.7,-1.69,Graduate
1,1,1,9593,1,1,131.3,1,3,38,5,4,127.9,0,0,0,1,0,0,19,0,0,7,7,6,13.92568020685033,0,0,8,8,8,13.196377581399318,0,13.8,2.7,0.8,Graduate
1,39,1,9782,1,1,133.1,1,38,38,8,9,154.2,0,0,0,1,0,0,26,0,0,6,6,0,0.0,0,0,6,6,0,0.0,0,12.5,0.5,1.81,Graduate
1,1,1,9065,1,1,116.3,1,3,2,4,1,115.6,1,0,0,1,0,0,18,0,0,6,12,5,11.67005476112368,0,0,6,8,5,11.271578616438417,0,13.9,2.6,0.78,Enrolled
1,1,4,9391,1,1,134.6,1,2,2,0,0,127.6,1,0,0,1,0,0,18,0,0,7,8,7,12.911995368925236,0,0,8,8,8,13.262125975602618,0,12.4,0.5,1.82,Graduate
1,43,1,9648,1,1,130.9,1,1,2,6,0,124.2,0,0,0,1,0,0,20,0,2,7,11,7,13.044484667933906,0,5,8,11,7,11.041448956123963,0,13.7,-0.2,0.77,Enrolled
1,39,1,9551,1,1,132.5,1,38,38,8,9,111.9,0,0,0,1,0,1,44,0,0,6,8,5,11.102467053386588,0,0,6,8,5,13.885932005544126,0,12.6,3.7,1.81,Graduate
1,1,1,33,1,1,132.7,1,1,37,8,10,163.6,1,0,0,1,0,0,18,0,0,0,0,0,0.5458279321722045,0,0,6,1,0,0.0,0,12.4,0.5,1.76,Graduate
1,39,1,9352,1,19,128.8,1,37,37,2,5,137.0,0,0,0,1,1,0,35,0,0,5,1,0,0.0,0,0,5,0,0,0.0,0,16.2,0.5,0.9,Dropout
1,1,1,9212,1,1,120.7,1,37,38,10,9,118.8,1,0,0,1,0,1,19,0,0,6,6,6,13.7348410269712,0,0,6,6,6,12.835513004597686,0,12.6,0.5,1.93,Graduate
1,39,1,9053,0,1,131.6,1,1,38,3,4,95.0,0,0,0,0,1,0,38,0,0,6,10,2,0.0,0,0,5,10,0,0.0,0,9.0,1.4,3.48,Dropout
1,43,1,9777,1,1,133.6,1,3,2,3,3,125.9,0,0,0,1,0,0,20,0,0,7,12,7,12.32430563525205,0,0,7,10,8,11.96472328854939,0,13.9,2.6,0.78,Dropout
1,1,4,9534,1,1,131.3,1,19,38,7,8,119.5,1,0,0,1,0,1,18,0,0,7,8,7,13.404405273257087,0,0,8,8,7,13.510999427961645,0,12.4,0.5,1.77,Graduate
1,42,1,9095,1,1,132.3,1,1,38,1,5,127.6,0,0,0,1,1,0,33,0,2,12,13,2,12.600410139116459,0,1,5,11,2,12.23836188088183,0,7.6,2.6,0.32,Dropout
1,44,1,8998,1,1,169.7,1,2,2,2,0,156.0,1,0,0,1,0,0,21,0,0,6,7,6,13.675736307321483,0,0,10,8,5,12.31669096982892,0,9.1,1.4,0.31,Graduate
1,1,1,9602,1,1,118.4,1,3,1,3,4,120.4,1,0,0,1,0,0,19,0,0,6,12,4,11.53962965584982,0,0,6,10,3,10.06647479941645,0,9.3,2.6,-3.1,Enrolled
1,39,1,9761,1,1,131.7,1,37,38,4,7,106.3,0,0,0,1,0,0,34,0,0,7,13,2,0.0,0,0,7,11,0,0.0,0,7.7,2.5,0.33,Dropout
1,39,1,9811,1,1,157.9,1,3,2,3,2,140.6,0,0,0,1,1,0,22,0,0,6,6,0,0.0829546475097514,0,0,6,6,0,0.25059853361367823,0,9.0,1.4,3.46,Dropout
2,39,1,33,1,1,134.6,1,38,37,9,9,135.6,0,0,0,1,0,0,49,0,0,7,7,11,0.0,0,0,8,0,11,0.1408718466138369,0,14.0,0.5,0.88,Graduate
1,1,1,9621,1,1,138.0,1,19,37,8,10,129.3,1,0,0,1,0,1,18,0,0,6,6,6,14.044994713947098,0,0,6,6,6,14.177738947891113,0,12.7,3.7,-1.7,Graduate
1,39,1,9574,1,1,132.4,1,37,37,9,9,130.1,0,0,0,1,0,1,20,0,0,6,7,6,14.06640034564642,0,0,6,7,6,12.506829342256637,0,14.0,0.6,1.96,Graduate
1,43,1,9033,1,41,130.2,1,4,4,5,5,125.3,0,0,0,1,0,0,24,0,14,14,11,12,11.876878217561886,0,4,11,15,11,12.012931275976916,0,15.5,1.4,-4.06,Dropout
1,1,3,9523,1,1,134.6,1,3,1,3,1,127.3,1,0,0,1,0,0,19,0,0,6,7,6,13.689626357025656,0,0,6,7,6,11.869376435176596,0,7.6,2.6,0.32,Graduate
1,1,1,9678,1,1,133.7,1,37,38,4,3,134.2,1,0,0,1,0,0,19,0,0,8,8,5,15.233123103289596,1,0,6,8,5,13.778002812046223,1,9.4,-0.8,-3.12,Graduate
1,1,1,9099,1,1,131.1,1,3,2,3,5,147.5,1,0,0,1,1,0,20,0,0,6,0,0,0.5924978294645492,0,0,6,1,0,0.0,0,12.4,1.4,1.81,Dropout
1,1,1,9670,1,1,132.5,1,19,37,8,8,124.9,1,0,0,1,0,1,19,0,0,7,7,6,14.800528352246435,0,0,8,6,6,13.908756851504492,0,14.0,0.5,0.85,Graduate
1,1,1,9663,1,1,155.6,1,37,37,10,8,141.5,0,0,0,1,0,0,18,0,0,7,7,6,14.067319448196512,0,0,6,5,6,14.922851278526794,0,13.7,-0.3,0.77,Graduate
1,39,1,9226,1,1,132.9,1,1,38,10,7,145.1,0,0,0,1,1,0,20,0,0,6,6,0,0.5258810616499251,0,0,6,6,0,0.0,0,15.6,0.6,-4.06,Dropout
1,43,1,9283,1,1,130.0,1,2,1,3,4,129.7,1,0,0,1,0,0,19,0,0,8,11,7,12.819327471592718,0,0,8,8,7,13.417344981530391,0,10.8,1.4,1.78,Enrolled
1,42,1,9621,1,1,129.9,1,37,37,3,4,124.8,0,0,0,1,0,0,20,0,0,6,8,6,12.90367263300769,0,0,6,8,6,11.281913729496024,0,13.8,-0.3,0.79,Graduate
1,42,1,9456,1,1,122.0,1,3,2,3,4,132.0,1,0,0,1,0,0,20,0,2,8,11,8,11.03185531137825,0,5,7,11,7,11.602890866005236,0,9.3,-0.8,-3.11,Enrolled
1,1,1,9351,1,1,134.5,1,37,37,9,9,124.3,1,0,0,1,0,0,18,0,0,7,7,7,12.132071932536867,0,0,8,8,8,13.120228147198883,0,10.8,1.4,1.78,Graduate
2,39,1,7794,0,3,133.0,1,37,37,9,8,144.2,0,0,0,1,0,0,43,0,0,6,10,0,0.0,0,0,6,7,0,0.0,0,12.6,3.7,-1.7,Dropout
1,1,1,9768,1,1,132.0,1,37,38,10,8,133.6,1,0,0,1,0,1,20,0,0,6,6,6,13.602767370898798,0,0,6,5,6,0.0,0,12.4,0.5,1.79,Graduate
1,39,1,9037,1,40,135.1,1,37,37,4,1,146.7,0,0,0,1,1,0,25,0,0,5,0,0,0.0994165824953418,0,0,5,6,0,0.0,0,12.4,0.5,1.81,Dropout
1,43,1,9225,1,1,132.4,1,2,1,2,6,150.9,0,0,0,1,0,0,20,0,0,6,7,0,0.0,0,0,6,6,0,0.0,0,13.8,2.7,-4.06,Dropout
1,39,1,9174,1,3,130.2,1,38,37,4,5,134.9,0,0,0,1,1,0,40,0,0,5,6,0,0.0,0,0,5,6,0,0.26513378663635506,0,7.6,2.6,0.78,Dropout
1,1,3,9411,1,1,122.7,1,37,38,9,9,120.2,1,0,0,1,0,1,18,0,0,6,8,6,12.366113846657852,0,0,6,8,6,12.533946500159583,0,9.1,1.4,1.81,Graduate
1,40,1,9277,1,1,134.0,1,36,37,9,8,119.0,0,0,0,1,1,0,24,0,0,5,5,0,0.0,0,0,5,5,0,0.43581658732571293,0,9.0,2.7,1.81,Dropout
1,40,1,33,1,1,136.1,1,36,37,9,9,99.5,0,0,0,1,0,0,37,0,0,0,0,0,0.0,0,0,0,0,0,0.0,0,12.7,0.5,1.95,Dropout
1,39,1,9515,1,1,133.2,1,36,37,9,8,117.8,0,0,0,0,1,0,34,0,0,5,13,2,0.0,0,0,5,11,0,0.0,0,9.2,1.4,1.81,Dropout
1,1,3,9683,1,1,137.5,1,2,3,4,3,127.8,1,0,0,1,0,0,19,0,0,6,8,6,12.172945422819849,0,0,6,8,6,12.688088265510325,0,9.3,-0.8,-3.13,Graduate
1,1,1,9103,1,1,134.2,1,2,3,1,3,130.8,1,0,0,1,0,0,17,0,0,6,9,5,12.061204539791753,0,0,6,8,5,11.06397809815578,0,14.0,-0.3,0.79,Graduate
1,1,1,9637,1,1,140.2,1,37,37,9,5,140.4,1,0,0,1,0,0,19,0,0,6,6,0,0.27398911948161003,0,0,6,6,0,0.01635692872628796,0,12.7,3.7,-1.71,Graduate
1,1,1,9643,1,1,129.6,1,3,38,5,2,144.7,0,0,0,1,0,0,18,0,0,6,5,6,0.5331779638647797,0,0,6,6,6,0.33771664165552456,0,7.6,2.7,0.32,Graduate
1,43,1,9034,1,40,133.2,1,1,1,5,6,98.4,0,0,0,1,0,0,20,0,0,6,12,0,0.16588795838900888,0,0,6,17,0,0.0,0,15.5,2.7,-4.03,Dropout
1,45,1,9060,1,40,134.2,1,1,38,6,3,95.9,0,0,0,1,0,0,36,0,0,6,13,4,11.684825238364052,0,0,6,11,2,11.841528024258043,0,13.9,-0.3,0.81,Dropout
1,39,1,612,1,1,133.2,1,38,37,9,8,144.0,0,0,0,1,1,0,32,0,0,0,5,0,0.7313444821508562,0,0,0,0,0,0.1563381702098567,0,9.1,0.6,1.88,Graduate
1,44,1,9156,1,1,132.4,1,3,1,6,1,121.2,1,0,0,1,1,0,21,0,0,6,11,5,12.3120080249395,0,0,6,12,3,9.71620228945447,0,13.9,-0.3,0.79,Enrolled
1,38,1,9694,1,1,132.1,1,3,2,2,6,103.1,0,0,0,1,0,0,38,0,2,6,11,4,13.019577803812563,0,1,6,12,3,9.938970836218301,0,10.8,1.4,1.77,Dropout
1,43,1,9286,1,40,131.8,1,2,1,4,0,124.1,0,0,0,1,0,0,26,0,2,6,12,2,12.745875738148126,0,4,6,15,0,0.3121097240675671,0,13.9,-0.3,0.78,Dropout
1,40,1,9602,1,1,127.6,1,37,38,9,9,114.9,0,0,0,0,0,0,35,0,0,4,0,0,0.6055030992786314,0,0,5,1,0,0.10419592696533644,0,9.3,-0.8,-3.15,Dropout
1,1,1,9697,1,1,130.7,1,1,2,1,4,119.7,1,0,0,1,0,0,18,0,0,7,12,6,12.043452481184506,0,0,6,12,6,12.595244071730061,0,13.9,-0.3,0.8,Graduate
2,39,1,9585,0,19,131.6,1,37,37,9,8,104.6,0,0,0,1,0,0,47,0,5,13,12,3,12.732089174360041,0,2,6,11,2,10.766757566758544,0,15.5,2.8,-4.05,Dropout
1,39,1,9167,1,1,131.6,1,37,37,9,9,101.3,1,0,1,0,0,0,24,0,0,6,11,2,0.06434472536709465,0,0,6,14,0,0.0,0,8.9,1.4,3.49,Dropout
1,1,1,9630,1,1,129.9,1,37,37,9,9,126.6,1,0,0,1,0,1,18,0,0,7,8,6,10.166221627389593,0,0,7,8,6,11.62983854020459,0,13.9,-0.3,0.79,Graduate
2,43,1,9552,1,1,128.7,1,37,36,6,7,133.7,0,0,0,1,0,0,35,0,2,8,10,5,11.713815915827086,0,2,8,8,7,11.007965597869129,0,12.5,-0.8,1.81,Enrolled
2,39,1,8128,0,1,134.3,1,36,36,10,10,130.9,0,0,0,1,0,1,28,0,0,7,8,6,12.431995891913422,0,0,7,7,6,13.431774891616227,0,16.0,0.3,-0.92,Graduate
1,1,1,9574,1,1,132.9,1,2,37,4,9,125.3,1,0,0,1,0,0,19,0,0,7,11,12,14.251416577756808,0,5,10,12,8,12.695921100234878,0,9.1,0.5,1.82,Graduate
1,39,1,33,1,41,167.9,1,1,2,4,3,137.0,0,0,0,1,0,0,22,0,0,7,7,6,14.281481739148346,0,4,11,7,6,13.97576792442689,0,15.5,2.7,-4.06,Graduate
1,39,1,9239,1,1,130.5,1,2,1,5,5,148.4,0,0,0,1,1,0,27,0,0,5,10,4,13.410925001904213,2,0,5,8,2,14.267341637066515,0,10.8,1.4,1.79,Dropout
1,1,1,9419,1,1,138.2,1,37,37,8,9,128.9,0,0,0,1,0,1,17,0,0,7,8,7,14.722815148364173,0,0,8,8,8,15.24378236062641,0,13.9,-0.3,0.79,Graduate
1,1,1,9294,1,1,139.3,1,37,37,9,9,161.5,0,0,0,1,0,1,20,0,0,6,6,6,14.197286729726239,0,0,6,6,6,12.123161900757012,0,12.6,3.7,-1.74,Graduate
1,1,3,9581,1,1,133.3,1,19,38,9,10,123.7,1,0,0,1,0,1,18,0,0,8,8,6,12.051716633464224,0,0,8,8,7,13.704932670677097,0,9.2,-0.8,-3.13,Graduate
1,1,2,9171,1,1,118.1,1,1,19,9,9,117.6,1,0,0,1,0,1,18,0,0,5,5,5,12.864963474546014,0,0,5,5,5,13.483891077442488,0,12.4,0.5,1.77,Graduate
2,39,1,9884,0,1,131.0,1,37,36,8,8,125.3,0,0,0,1,0,0,47,0,0,6,11,4,11.977473949008463,0,0,5,6,0,0.0,0,9.4,-0.8,-3.14,Dropout
2,40,1,8284,0,20,136.3,1,38,37,9,4,150.2,0,0,0,1,0,0,40,0,0,6,6,0,0.35025624411362677,0,0,6,6,0,0.6399965234160838,0,8.9,1.4,3.49,Dropout
1,1,1,9727,1,1,139.9,1,38,38,6,0,129.6,1,0,0,1,0,1,17,0,0,6,8,6,12.602695480549793,0,0,6,8,6,13.351616677791096,0,7.7,-0.8,-3.11,Graduate
1,1,1,9074,1,1,132.5,1,2,2,4,4,130.0,1,0,0,1,1,0,19,0,0,6,5,0,0.0,0,0,5,6,0,0.0,0,9.2,0.5,0.78,Dropout
1,39,1,9228,1,39,133.4,1,3,3,2,8,153.9,0,0,0,1,1,0,32,0,2,7,10,5,13.315232177261294,0,0,6,9,2,13.529131480511376,0,11.1,0.6,2.01,Dropout
1,1,1,9639,1,1,130.5,1,2,3,3,4,132.5,1,0,0,1,0,0,19,0,0,6,8,5,11.70500820042429,0,0,6,8,5,11.84588070604971,0,10.8,1.4,1.75,Graduate
1,44,1,9681,1,1,132.0,1,3,37,5,4,133.3,0,0,0,1,0,0,29,0,5,7,13,12,11.065338866107702,0,4,7,14,11,11.63825608606835,0,13.9,2.6,0.78,Dropout
1,43,1,9579,1,1,133.9,1,38,37,3,9,131.8,0,0,0,1,0,0,28,0,10,12,11,11,12.199479161382646,0,4,11,13,10,11.148231943266882,0,12.4,0.5,1.82,Graduate
1,18,2,9176,1,1,121.3,1,37,37,9,8,121.7,1,0,0,1,0,1,19,0,0,5,6,5,10.676910058506099,0,0,5,5,5,11.034707718306699,0,12.5,0.5,1.76,Graduate
1,1,1,9653,1,1,134.0,1,37,38,8,8,131.7,1,0,0,1,0,1,18,0,0,7,7,6,13.70541316684047,0,0,8,8,6,14.273378664122129,0,8.9,1.4,3.42,Graduate
1,42,1,9009,1,1,136.7,1,38,37,4,0,132.4,0,0,0,1,0,0,21,0,0,6,11,6,12.08001596827078,0,0,6,7,6,11.783071455605057,0,16.0,0.4,-0.92,Dropout
1,1,1,9146,1,1,132.4,1,2,2,4,6,108.0,1,0,0,1,0,0,20,0,0,6,6,4,12.449262199565752,0,0,6,6,0,0.1410858859752004,0,8.9,1.4,3.47,Dropout
1,39,1,8994,1,1,132.9,1,38,38,10,9,113.8,0,0,0,1,1,0,20,0,0,6,11,4,11.179434082514732,0,0,6,10,3,10.897662927687001,0,14.1,0.6,0.94,Enrolled
1,44,1,9346,1,1,134.1,1,2,37,3,10,125.9,0,0,0,1,0,0,47,0,10,11,11,10,13.674599670888755,0,5,11,12,12,13.898386624993728,0,15.5,2.8,-4.06,Graduate
2,38,1,9260,0,12,135.5,1,36,37,9,82,160.6,0,0,0,1,1,0,36,0,0,5,6,0,0.1824533538499844,0,0,5,6,0,0.0,0,7.6,2.6,0.33,Dropout
1,17,2,9085,1,1,127.5,1,2,2,3,5,123.4,1,0,0,1,0,0,18,0,0,6,10,4,11.234066261323397,0,0,6,11,4,10.578140193652402,0,10.8,1.4,1.76,Enrolled
1,1,1,9716,1,1,140.3,1,19,37,8,11,127.7,1,0,0,1,0,1,18,0,0,6,7,6,14.570193405426332,0,0,8,8,6,13.428442640629946,0,12.4,0.5,1.78,Graduate
1,1,1,9749,1,1,139.6,1,2,1,1,3,133.3,1,0,0,1,0,0,19,0,0,7,8,6,13.268939322043416,0,0,7,8,8,13.124016949687777,0,9.1,2.6,0.32,Graduate
1,1,1,9797,1,1,118.1,1,37,38,9,11,114.1,1,0,0,1,0,0,19,0,0,6,13,6,11.028055488184066,0,0,7,11,6,9.868993511958204,0,7.6,2.6,0.32,Dropout
1,16,1,9097,1,1,134.4,1,1,1,4,2,133.1,1,0,0,1,1,0,19,0,0,6,11,0,12.421744136285458,0,0,6,10,0,0.0,0,8.9,2.7,3.51,Dropout
1,2,1,9662,1,1,132.0,1,38,37,3,8,124.6,1,0,0,1,0,0,20,0,0,7,7,6,12.158523934016543,0,0,7,7,6,13.25848048889151,0,7.6,2.6,0.33,Graduate
1,39,1,33,1,1,132.5,1,1,1,5,1,117.0,1,0,0,0,0,0,23,0,0,7,0,0,0.0,0,0,11,0,0,0.0,0,9.0,1.4,-4.06,Dropout
1,40,1,9991,1,1,131.8,1,37,38,9,7,130.5,1,0,0,1,0,0,20,0,0,6,6,2,11.258606561488516,0,0,6,6,0,0.0,0,12.7,3.7,-1.7,Dropout
2,39,1,9730,0,1,128.9,1,38,37,9,9,129.9,0,0,0,1,1,0,34,0,0,5,0,0,0.0,0,0,5,0,0,0.0,0,8.9,1.4,3.46,Dropout
1,16,3,9576,1,1,131.0,1,1,2,2,3,113.6,1,0,0,1,0,0,19,0,0,6,7,6,12.794878962496055,0,0,8,10,6,13.018949207452362,0,12.7,3.7,1.82,Graduate
1,2,1,9168,1,1,131.8,1,37,37,8,8,126.8,0,0,0,1,0,0,21,0,0,5,6,5,14.01751934577886,0,0,5,6,5,13.105095211381947,0,8.9,1.4,3.48,Graduate
1,7,1,33,1,1,140.8,1,2,2,4,5,134.4,1,0,0,1,0,0,18,0,0,7,0,0,0.6710583219205624,0,0,8,0,0,0.11622691365476133,0,12.7,3.7,-1.71,Dropout
1,1,3,9569,1,1,127.3,1,2,2,3,3,130.2,1,0,0,1,0,0,18,0,0,6,8,6,12.240239558284419,0,0,6,8,7,9.844862029119083,0,12.4,0.5,1.82,Graduate
1,17,2,9122,1,1,120.4,1,37,38,10,9,124.7,1,0,0,1,1,0,19,0,0,5,6,0,0.0,0,0,5,0,0,0.4391439111158001,0,9.2,-0.8,1.79,Dropout
1,1,1,9510,1,1,131.5,1,36,37,10,6,126.7,0,0,0,1,0,0,18,0,0,7,8,7,13.0833222550418,0,0,8,8,8,16.17536640238091,0,13.9,-0.3,0.8,Graduate
1,38,1,9126,1,1,131.4,1,1,1,5,5,151.2,0,0,0,0,1,0,33,0,0,5,0,0,0.0,0,0,5,0,0,0.30204383290658526,0,10.8,1.4,1.73,Dropout
1,1,1,9203,1,1,132.2,1,2,3,3,4,148.7,0,0,0,1,1,0,20,0,0,5,5,5,14.427405902498071,0,0,5,6,5,13.834386536681718,0,12.4,0.5,1.78,Graduate
2,39,1,8004,0,39,133.7,1,38,38,9,10,158.2,0,0,0,1,0,0,41,0,2,6,8,6,13.787501441514431,0,2,6,7,6,13.657642253381981,0,12.6,-0.3,0.82,Graduate
1,42,1,9090,1,40,127.2,1,2,1,4,9,127.7,0,0,0,1,1,0,25,0,8,17,23,18,12.803833535413217,0,5,11,13,10,11.820214230687554,0,15.9,0.4,0.78,Graduate
1,1,2,9274,1,1,138.1,1,2,1,2,5,133.7,1,0,0,1,1,0,18,0,0,5,6,4,13.291767997861426,0,0,5,6,4,13.488214763279707,0,9.3,-0.8,-3.11,Enrolled
1,44,1,9789,1,1,132.9,1,2,2,2,3,116.8,0,0,0,1,1,0,20,0,0,6,0,6,0.0,0,0,6,0,0,0.0,0,12.4,0.5,1.76,Dropout
2,40,1,9906,0,1,130.1,1,36,37,10,9,127.4,0,0,0,1,0,0,34,0,0,6,10,5,11.999970872596682,0,2,6,8,5,10.844772469966548,0,13.8,2.7,0.78,Graduate
1,2,4,9460,1,1,135.1,1,19,37,4,9,131.0,1,0,0,1,0,0,19,0,0,7,7,6,12.093500253066631,0,0,8,7,8,13.52667833390813,0,9.4,-0.8,-3.12,Graduate
1,1,3,9466,1,1,137.5,1,37,37,9,11,124.5,1,0,0,1,0,1,18,0,0,8,7,6,12.476967547527957,0,0,6,8,6,13.802620017392229,0,9.1,1.4,1.79,Graduate
1,1,1,9737,1,1,142.2,1,3,2,6,5,125.4,1,0,0,1,0,0,18,0,0,6,8,6,13.607200912128542,0,0,6,8,7,11.909881121732715,0,13.9,-0.3,0.79,Graduate
1,7,1,9088,1,3,146.5,1,1,2,4,1,150.1,0,0,0,1,1,0,37,0,0,5,5,0,0.9999405549401739,0,0,5,5,0,0.28110335682035387,0,9.2,-0.8,-3.13,Graduate
1,1,1,9387,1,1,130.8,1,36,38,10,7,130.2,1,0,0,1,0,0,18,0,0,7,10,7,12.558005665201538,0,0,8,8,8,13.932091697503019,0,12.6,3.7,-1.69,Graduate
2,39,1,8203,0,1,130.0,1,37,36,9,8,123.7,0,0,0,1,0,0,60,0,12,16,18,12,11.934798349541664,0,11,12,11,11,12.320702872953195,0,9.0,2.7,3.48,Graduate
1,2,1,9236,1,1,137.3,1,38,37,8,9,128.2,0,0,0,1,0,1,18,0,0,5,6,5,11.206516176357873,0,0,5,6,5,12.409364928080967,0,9.5,-0.8,-3.11,Graduate
1,1,1,9629,1,1,132.1,1,37,38,10,8,133.7,1,0,0,1,0,1,18,0,0,7,8,8,10.953854492078225,0,0,7,8,7,10.731317910035408,0,9.2,2.7,-3.1,Graduate
1,44,1,9151,1,1,130.2,1,3,37,4,3,111.0,0,0,0,1,1,0,21,0,0,6,13,4,11.239008281454003,0,0,6,10,4,11.049146012376413,0,15.5,2.7,-4.04,Dropout
1,39,1,125,1,1,132.4,1,2,38,1,1,146.8,0,0,0,1,1,0,34,0,0,1,1,0,0.0,0,0,0,0,0,0.36678548194217064,0,8.9,2.7,3.49,Dropout
1,42,1,9067,1,38,134.6,1,2,2,4,5,99.6,0,0,0,1,0,0,19,0,2,6,12,4,11.699754305825829,0,1,6,15,2,10.991159117804834,0,13.7,1.4,1.83,Enrolled
1,17,1,271,1,1,135.2,1,2,1,3,3,127.7,1,0,0,1,0,0,21,0,0,6,1,0,0.016342089049155142,0,0,6,0,0,0.3282122062726697,0,8.9,1.4,3.5,Dropout
1,43,1,9290,1,1,133.2,1,2,37,4,6,122.8,0,0,0,1,1,0,21,0,0,5,8,3,11.317668594082479,0,0,5,11,3,9.956637330760584,0,13.9,-0.3,0.77,Enrolled
1,39,1,9149,1,1,133.3,1,2,1,2,7,95.0,0,0,0,0,1,0,25,0,0,5,11,1,0.015487566476957709,0,0,5,10,0,0.0,0,16.0,0.4,-0.92,Dropout
1,44,1,9602,1,1,131.7,1,2,2,2,6,105.8,0,0,0,1,1,0,33,0,0,7,12,4,11.489694957066973,0,0,6,11,1,0.0,0,12.5,0.5,1.82,Dropout
1,18,2,9068,1,1,123.9,1,1,2,3,2,114.5,1,0,0,1,0,0,19,0,0,6,6,0,0.5560142775766052,0,0,6,6,0,0.0,0,9.2,2.6,0.32,Dropout
1,1,1,9019,1,1,136.8,1,2,1,3,5,144.7,1,0,0,1,0,0,19,0,0,6,1,0,0.0,0,0,6,0,0,0.0,0,14.0,-0.3,0.79,Dropout
1,39,1,9067,1,1,130.8,1,38,37,6,1,109.0,0,0,0,1,0,0,23,0,0,7,12,4,11.357022427108493,0,0,7,14,2,11.383434252852854,0,16.0,0.3,-0.92,Dropout
1,1,3,9719,1,1,134.9,1,20,38,3,6,129.6,1,0,0,1,0,1,19,0,0,7,8,6,12.585913819755763,0,0,7,8,7,13.637414136248461,0,13.9,-0.3,0.78,Graduate
1,44,1,9936,1,1,137.9,1,37,37,4,5,133.1,1,0,0,1,0,0,35,0,6,12,13,11,11.77329085670129,0,3,11,11,11,12.726898309330787,0,9.3,-0.8,-3.15,Graduate
1,1,1,9165,1,1,128.3,1,37,37,10,8,117.2,1,0,0,1,0,0,19,0,0,5,6,4,12.055679137469014,0,0,5,5,4,9.910064702071248,0,9.3,-0.8,-3.11,Graduate
1,47,1,7836,0,40,127.9,1,37,37,9,11,125.0,0,0,0,1,0,0,48,0,5,10,9,8,12.964203792319,0,4,10,12,7,13.632785418319873,0,9.0,1.4,3.51,Graduate
1,1,1,9938,1,1,133.7,1,37,36,9,9,108.9,0,0,0,1,1,0,18,0,0,0,0,0,0.0,0,0,0,0,0,0.2352003360388618,0,12.7,3.7,-1.71,Dropout
1,1,1,9235,1,1,133.1,1,1,37,6,7,151.8,0,0,0,1,0,0,18,0,0,6,6,0,0.05303609144475065,0,0,6,6,0,0.011613885113835608,0,9.0,1.4,3.46,Dropout
1,1,1,9604,1,1,129.6,1,3,1,5,3,129.5,1,0,0,1,0,0,17,0,0,6,9,6,12.240534493190687,0,0,6,8,6,10.829229412768465,0,7.6,2.7,0.33,Enrolled
1,38,1,9630,1,1,137.9,1,38,38,9,7,125.5,0,0,0,1,0,0,18,0,0,7,7,7,13.613304681874503,0,5,8,8,8,13.836209450397158,0,12.5,0.5,1.81,Graduate
1,17,1,9275,1,1,132.3,1,19,38,4,7,114.6,1,0,0,1,1,0,20,0,0,5,5,0,0.0,0,0,5,6,0,0.0,0,10.8,1.4,1.79,Dropout
1,18,1,9102,1,1,121.1,1,2,19,6,6,120.3,1,0,0,1,1,0,19,0,0,5,10,2,10.029688191312012,0,0,5,5,1,10.402593187335254,0,12.4,0.5,1.79,Dropout
1,1,1,9023,1,1,132.7,1,1,37,5,3,124.0,0,0,0,1,0,0,18,0,0,6,7,6,13.70339259260383,0,0,6,7,5,11.486768505133748,0,7.6,2.6,0.33,Graduate
1,1,1,8969,1,1,129.4,1,37,36,8,8,126.1,0,0,0,1,0,1,22,0,0,6,9,6,12.762599574246467,0,0,6,8,6,12.469384918445144,0,15.7,2.8,-3.93,Graduate
1,1,1,9364,1,1,141.5,1,1,38,2,2,128.5,1,0,0,1,0,1,18,0,0,7,7,7,14.161711554411092,0,0,8,8,8,13.997884368266147,0,7.7,2.6,0.32,Graduate
1,39,1,9477,1,1,130.7,1,37,38,9,8,101.0,0,0,0,1,0,0,24,0,0,7,11,7,13.287478419342113,0,0,8,13,11,11.528182238004458,0,15.5,2.8,-4.06,Dropout
1,43,1,9588,1,1,133.2,1,3,37,3,2,124.7,0,0,0,1,0,0,20,0,0,7,12,12,12.112824047312607,0,4,8,12,8,12.417467345658242,0,9.1,1.4,1.83,Dropout
1,39,1,9376,1,1,129.3,1,37,37,10,7,95.3,0,0,0,1,1,0,23,0,0,6,11,0,0.0,0,0,6,1,0,0.0,0,15.8,2.8,-3.93,Dropout
1,1,1,9189,1,1,132.0,1,1,38,3,4,122.0,1,0,0,1,0,0,18,0,0,6,11,3,12.519891061085561,0,0,6,6,2,12.224838996638672,0,13.9,-0.3,0.79,Dropout
1,18,2,9056,1,1,121.6,1,1,37,3,8,118.3,1,0,0,1,0,0,19,0,0,5,12,4,10.19365301094542,0,0,5,9,3,9.986729155284776,0,9.4,-0.8,-3.13,Enrolled
1,17,3,9554,1,1,120.7,1,2,1,5,6,125.5,1,0,0,1,0,0,17,0,0,6,8,5,12.354887740652465,0,0,6,8,5,10.953197924777859,0,10.8,1.4,1.73,Graduate
1,1,1,9406,1,1,136.0,1,1,1,5,8,129.4,1,0,0,1,0,0,17,0,0,7,7,6,13.519109302394355,0,0,8,8,6,13.355044018840015,0,10.8,1.4,1.79,Dropout
1,17,3,9142,1,1,121.3,1,2,19,3,10,111.2,1,0,0,1,0,1,19,0,0,6,6,6,13.423589391774563,0,0,6,5,6,13.238385699663967,0,9.0,1.4,1.81,Graduate
1,39,1,8996,1,1,131.3,1,2,38,3,3,123.4,0,0,0,1,1,0,24,0,0,5,10,5,12.293047021300803,0,0,5,5,5,12.421972155206298,0,12.5,-0.3,0.78,Graduate
1,39,1,9570,1,1,131.6,1,37,38,8,7,111.1,0,0,0,1,0,0,20,0,0,6,5,5,12.464554728277914,0,0,6,6,5,13.724133846099862,0,10.8,0.5,1.76,Graduate
1,18,1,9081,1,1,120.8,1,3,2,4,4,118.2,1,0,0,1,1,0,19,0,0,5,11,2,12.397297226381799,0,0,5,11,2,0.0,0,13.9,-0.3,0.77,Dropout
1,44,1,9576,1,39,158.6,1,2,3,3,3,142.3,0,0,0,1,0,0,21,0,0,7,7,6,14.34798621150394,0,0,8,9,6,13.637417846153404,0,13.9,0.6,1.93,Graduate
1,44,1,9513,1,1,133.3,1,2,1,4,3,132.9,0,0,0,1,0,0,21,0,0,7,11,7,13.416156941675782,0,4,8,12,7,12.753072623980648,0,15.5,1.4,-4.06,Dropout
1,1,1,9848,1,1,139.0,1,2,2,2,5,154.7,0,0,0,1,1,0,20,0,0,6,7,5,15.748590796546408,0,0,6,8,5,14.606827646517461,0,12.5,0.5,1.85,Graduate
1,42,1,9314,1,1,132.1,1,2,3,2,4,114.6,1,0,0,1,0,0,19,0,0,7,12,7,12.736344805966372,0,0,8,12,7,10.481433123864765,0,13.9,-0.3,0.79,Enrolled
1,38,1,33,1,1,133.4,1,36,37,9,8,111.0,0,0,0,1,0,0,43,0,0,7,0,0,0.0,0,0,8,0,0,0.0,0,12.6,3.7,-1.69,Dropout
1,1,4,9633,1,1,137.3,1,3,2,6,5,132.8,1,0,0,1,0,0,18,0,0,7,7,7,14.61801403551167,0,0,8,8,8,14.628475217568392,0,12.5,0.5,1.79,Graduate
1,38,1,9105,1,1,132.6,1,37,37,3,3,99.1,0,0,0,1,1,0,23,0,0,6,12,1,11.617206138163228,0,0,6,14,2,12.288690143858695,0,15.8,2.6,0.32,Dropout
1,1,1,9232,1,1,140.2,1,1,1,5,2,142.2,1,0,0,1,0,0,17,0,0,6,6,0,0.0,0,0,6,5,0,0.0,0,12.7,3.7,-1.69,Graduate
1,39,1,9683,1,1,131.6,1,38,39,9,11,132.7,0,0,0,1,0,0,33,0,7,12,9,7,11.500295355958706,0,4,7,12,7,12.760846255269424,0,12.4,0.5,1.78,Dropout
1,1,1,9118,1,1,136.2,1,3,2,6,3,133.5,1,0,0,1,0,0,18,0,0,6,8,5,14.200157344728833,0,0,6,8,5,13.955959034703465,0,9.4,-0.8,-3.14,Graduate
1,1,3,9292,1,1,122.8,1,1,19,4,12,118.0,1,0,0,1,0,1,18,0,0,6,6,6,11.78726224624683,0,0,6,6,5,12.518629359150752,0,9.1,0.5,1.81,Graduate
1,17,2,9145,1,1,119.4,1,20,36,10,10,115.7,1,0,0,1,0,0,19,0,0,5,9,3,10.271070511170477,0,0,5,10,3,9.460494997874845,0,9.2,0.5,1.83,Enrolled
1,38,1,9659,1,19,133.4,1,37,37,8,5,103.1,0,0,0,1,1,0,35,0,6,10,12,4,12.639402179873864,0,4,8,11,2,12.42967370863177,0,10.8,0.5,1.74,Dropout
1,1,4,9498,1,1,138.9,1,2,2,5,2,129.9,1,0,0,1,0,0,18,0,0,7,0,7,0.47999331942553847,0,0,8,0,8,0.6306544887224536,0,9.0,1.4,1.83,Graduate
1,1,1,9173,1,1,138.9,1,1,2,2,8,132.8,1,0,0,1,0,1,18,0,0,5,8,5,15.464919852943792,0,0,5,8,5,12.450265773517986,0,12.5,0.5,1.8,Graduate
1,1,1,9780,1,1,133.7,1,37,38,9,7,131.3,0,0,0,1,0,0,19,0,0,6,6,6,13.80003454830419,0,0,6,6,6,13.282774670558542,0,11.1,0.6,2.0,Graduate
1,43,1,9534,1,1,131.0,1,2,2,5,2,109.4,1,0,0,1,0,0,19,0,0,7,11,4,11.243156838465568,0,0,8,11,3,11.045449044365494,0,12.6,0.5,1.82,Dropout
1,17,2,9696,1,1,121.8,1,1,19,3,7,118.8,1,0,0,1,0,0,19,0,0,6,8,5,12.587325960963364,0,0,6,8,5,11.186044177436349,0,15.5,2.7,-4.06,Graduate
1,1,1,9169,1,1,135.5,1,37,37,4,3,133.2,1,0,0,1,0,0,18,0,0,5,8,5,12.967571757425217,0,0,5,8,5,11.108772784359834,0,9.5,-0.8,-3.13,Graduate
1,42,1,9005,1,39,132.4,1,1,2,4,2,154.4,0,0,0,1,1,0,19,0,0,5,9,4,13.600098336799743,0,0,5,9,2,13.294308155501017,0,13.9,2.7,0.81,Dropout
1,43,1,33,1,40,133.6,1,1,2,4,7,159.2,0,0,0,1,0,0,43,0,11,12,19,11,13.776164811770782,0,4,11,12,11,15.02026790336437,0,15.5,2.8,-4.06,Graduate
1,1,1,9640,1,1,134.0,1,38,37,2,3,124.2,1,0,0,1,0,0,18,0,0,7,7,6,12.260845172472708,0,0,8,8,6,13.293013521903713,0,9.2,1.4,-3.14,Graduate
1,1,1,9481,1,1,135.4,1,37,38,8,7,132.7,0,0,0,1,0,0,20,0,0,6,8,6,12.544977321584744,0,0,6,9,5,13.778686164214353,0,11.1,0.6,2.02,Graduate
1,1,1,9294,1,1,139.8,1,1,2,5,5,135.0,1,0,0,1,0,0,17,0,0,8,8,7,13.339670704909226,0,0,8,8,7,13.049949637679665,0,10.8,1.4,1.78,Graduate
2,39,1,8089,0,3,132.6,1,37,38,8,1,145.7,0,0,0,1,0,0,40,0,7,11,13,10,14.057558339811308,0,4,10,7,6,12.596001359274373,0,7.6,2.6,0.32,Graduate
1,39,1,9704,1,1,130.0,1,36,38,8,8,129.6,0,0,0,1,0,0,32,0,0,6,6,6,13.101187486208623,0,0,6,8,6,13.24450038195752,0,9.3,-0.8,-3.15,Graduate
1,1,2,9726,1,1,118.7,1,37,38,6,8,123.4,1,0,0,1,0,1,19,0,0,6,8,6,12.374390322051411,0,0,6,8,6,10.783574165160301,0,13.9,-0.3,-3.12,Graduate
1,40,1,9726,1,1,130.6,1,37,38,8,8,112.0,0,0,0,1,0,0,20,0,0,7,13,4,12.588906970418574,0,0,7,11,2,0.07168033143025584,0,11.1,0.6,2.0,Dropout
1,40,1,9126,1,1,133.7,1,37,37,8,8,100.7,0,0,0,1,1,0,27,0,0,6,10,0,0.0,0,0,6,6,0,0.0,0,16.2,0.5,0.86,Dropout
1,41,1,9491,1,1,133.1,1,1,37,2,6,127.8,0,0,0,1,1,0,36,0,14,13,20,15,13.034471486084843,0,6,11,12,11,13.568110118439485,0,15.7,2.7,-4.06,Graduate
1,39,1,9120,0,1,133.4,1,37,38,9,8,113.5,0,0,0,1,1,0,30,0,0,5,12,2,11.687532943158738,0,0,5,10,2,12.34854316718653,0,12.5,0.5,0.77,Dropout
1,44,1,9088,1,1,132.1,1,3,3,5,4,111.6,0,0,0,1,1,0,28,0,12,6,12,0,0.0,0,7,12,16,0,0.2508811883482136,0,15.5,2.8,-4.06,Dropout
1,1,1,9185,1,1,134.4,1,38,38,10,10,121.4,1,0,0,1,0,1,21,0,0,6,8,6,10.195724731022404,0,0,6,8,5,11.159999691531002,0,15.6,2.7,-4.04,Graduate
1,1,1,9097,1,1,131.0,1,38,37,9,11,130.2,1,0,0,1,0,0,18,0,0,5,6,0,0.004532467362528041,0,0,5,6,0,0.0,0,12.6,3.7,-1.73,Graduate
1,43,1,9085,1,1,132.6,1,37,38,9,8,131.2,0,0,0,1,1,0,25,0,12,17,20,17,11.019613108073186,0,5,11,14,12,13.568693057466778,0,9.0,1.4,3.49,Graduate
1,43,1,9644,1,1,134.6,1,38,37,4,8,135.4,0,0,0,1,0,0,24,0,6,11,13,8,13.649752863078286,0,2,7,13,7,13.507991919614154,0,15.9,0.4,0.81,Graduate
1,1,1,9396,1,1,139.6,1,2,3,1,5,139.0,1,0,0,1,0,0,17,0,0,6,7,6,16.12053548659453,0,0,6,8,6,15.776655890958953,0,13.8,-0.3,0.8,Graduate
1,40,1,9717,1,1,129.9,1,38,37,3,10,96.7,0,0,0,1,0,0,35,0,0,7,11,7,12.90387642702902,0,0,8,12,7,11.42273160000049,0,12.4,0.5,1.79,Dropout
1,1,1,9185,1,1,122.9,1,37,37,9,9,109.5,1,0,0,1,0,0,21,0,0,5,6,4,11.74189546551961,0,0,5,5,4,11.565263479015055,0,10.8,1.4,1.77,Enrolled
1,40,1,9835,1,1,128.9,1,38,37,3,6,157.0,0,0,0,1,1,0,34,0,0,6,0,0,0.0,0,0,6,0,0,0.0,0,14.0,-0.3,0.78,Dropout
1,43,1,9657,1,1,132.0,1,2,1,3,4,113.2,1,0,0,1,0,0,21,0,0,7,13,6,10.595726577709698,0,0,7,11,7,10.007056135142966,0,14.0,-0.3,0.77,Enrolled
1,43,1,9752,1,40,140.1,1,2,2,3,4,162.0,0,0,0,1,0,0,20,0,2,8,8,5,14.718224513932357,0,1,8,8,5,13.570795136111977,0,12.4,0.5,1.79,Graduate
1,40,1,9812,1,1,135.5,1,38,37,9,8,136.4,0,0,0,1,0,0,43,0,0,7,12,7,14.479894154334357,0,5,8,8,8,15.387460832659304,0,11.0,0.6,2.0,Graduate
1,39,1,285,1,1,131.6,1,2,1,2,3,174.0,0,0,0,1,1,0,33,0,0,0,0,0,0.6618917856276519,0,0,0,0,0,0.0,0,7.6,2.6,0.32,Dropout
1,1,1,9130,1,1,118.3,1,2,20,4,4,116.9,1,0,0,1,0,1,18,0,0,6,8,6,11.733488661876237,0,0,6,8,5,11.495376990187962,0,15.8,0.6,-3.95,Graduate
1,39,1,9051,1,1,130.7,1,39,38,4,7,105.8,0,0,0,1,1,0,24,0,0,6,11,3,10.427123696075274,0,0,6,11,1,10.407217852541347,0,12.4,0.5,1.79,Dropout
1,1,1,9181,1,1,132.7,1,2,38,2,5,136.2,0,0,0,1,1,0,19,0,0,5,6,5,13.445662779165751,0,0,5,5,5,14.64622207704979,0,12.7,0.5,1.98,Graduate
1,39,1,9644,1,1,131.8,1,35,34,3,2,157.9,0,0,0,1,1,0,33,0,0,5,6,0,0.12532217305515067,0,0,5,6,0,0.4081436719705475,0,9.1,1.4,0.31,Dropout
1,2,1,9752,1,1,131.8,1,37,38,2,3,136.3,1,0,0,1,0,0,19,0,0,6,8,6,12.980832090585226,0,0,6,7,6,12.37046016149732,0,7.7,2.6,0.31,Graduate
1,42,1,9232,0,1,137.2,1,38,38,4,6,132.6,0,0,0,1,0,0,24,0,0,5,12,4,12.730094488110753,0,0,5,7,4,11.239828515999482,0,9.4,-0.8,-3.12,Graduate
1,1,1,9737,1,1,140.9,1,39,37,9,8,127.7,1,0,0,1,0,0,19,0,0,6,5,6,15.095923444014021,0,0,6,6,6,11.535591249826686,0,9.0,1.4,3.46,Graduate
1,1,1,9186,1,1,119.4,1,37,37,9,9,126.5,1,0,0,1,0,1,19,0,0,6,6,6,12.233099323285353,0,0,6,6,6,11.359620743499912,0,13.8,0.5,1.86,Graduate
1,39,1,9593,1,1,132.8,1,38,38,10,9,113.5,0,0,0,1,0,0,29,0,0,5,6,0,0.0,0,0,5,6,0,0.0,0,9.1,1.4,1.79,Dropout
1,1,1,9895,1,1,134.3,1,37,36,10,10,100.6,1,0,0,1,0,1,19,0,0,6,7,6,11.625378455371855,0,0,6,7,6,12.854431177523646,0,9.1,0.5,0.77,Graduate
1,1,2,9106,1,1,128.1,1,36,37,10,10,116.4,1,0,0,1,0,0,18,0,0,5,6,0,0.1433746630965057,0,0,5,5,0,0.0,0,9.2,1.4,0.31,Graduate
1,43,1,9586,1,3,131.8,1,3,3,6,4,130.7,0,0,0,1,0,0,31,0,2,6,11,4,11.0438649568832,0,4,8,12,2,13.046580313355834,0,12.7,3.7,-1.7,Dropout
2,39,1,9439,1,1,136.2,1,37,37,9,7,129.1,0,0,0,1,0,0,34,0,0,6,6,0,0.289096391445511,0,0,6,6,0,0.0,0,12.7,3.7,-1.71,Dropout
1,1,1,9133,1,1,140.7,1,4,3,4,9,155.3,1,0,0,1,1,0,18,0,0,0,6,0,0.30797693170418594,0,0,5,0,0,0.3970350105956607,0,12.4,0.5,1.82,Graduate
1,1,3,9295,1,1,119.6,1,2,2,3,5,131.3,1,0,0,1,0,0,17,0,0,6,6,6,13.92788541585413,0,0,6,5,5,12.559540373468682,0,12.5,0.5,1.83,Graduate
1,40,1,9256,1,1,133.5,1,37,37,4,2,121.0,0,0,0,1,1,0,26,0,0,5,11,2,12.654095721372142,0,0,5,10,3,11.783426041171419,0,9.0,2.7,3.5,Dropout
1,1,3,9759,1,1,119.7,1,2,2,4,1,129.4,1,0,0,1,0,0,19,0,0,6,8,6,12.617933190249975,0,0,6,8,6,11.076701431710138,0,13.9,-0.3,0.78,Graduate
1,2,1,9112,1,1,135.6,1,37,37,9,7,128.6,0,0,0,1,0,1,19,0,0,5,6,6,15.120179829562879,0,0,5,6,5,14.165651359362432,0,11.1,0.6,2.02,Graduate
1,1,1,9636,1,1,132.3,1,2,19,9,9,133.9,0,0,0,1,0,1,21,0,0,6,8,6,13.727901057073758,0,0,8,8,6,12.592508010845393,0,15.5,1.4,1.8,Graduate
1,40,1,9426,0,1,131.6,1,37,38,8,4,118.1,0,0,0,0,1,0,39,0,0,5,11,0,0.0,0,0,5,5,0,0.7480712784718174,0,8.9,1.4,3.5,Dropout
1,1,3,9389,1,1,138.4,1,20,37,8,7,130.9,1,0,0,1,0,1,18,0,0,6,7,6,13.672128647216425,0,0,6,6,6,12.2738175908195,0,12.5,0.5,1.83,Graduate
1,17,1,9944,1,1,134.1,1,37,36,10,10,129.0,1,0,0,0,1,0,19,0,0,0,0,0,0.0,0,0,5,0,0,0.0,0,10.9,1.4,1.79,Dropout
1,1,1,9228,1,1,126.5,1,19,37,6,8,127.9,1,0,0,1,0,0,19,0,0,6,7,6,11.691398482397274,0,0,6,7,6,10.223050715510134,0,13.9,-0.3,0.79,Graduate
1,1,3,9647,1,1,132.4,1,4,1,3,6,126.3,1,0,0,1,0,0,18,0,0,7,8,7,13.14923816767359,0,0,8,8,8,13.014591833691444,0,13.9,-0.3,0.79,Graduate
1,1,1,406,1,1,142.5,1,3,3,2,3,131.1,1,0,0,1,0,0,19,0,0,7,0,0,0.0,0,0,8,0,0,0.21800154857209741,0,13.8,2.7,0.78,Graduate
1,1,1,9875,1,1,130.3,1,2,38,5,8,127.8,1,0,0,1,0,0,18,0,0,6,8,5,12.91646487301865,0,0,6,8,5,11.16197943716101,0,8.9,1.4,3.46,Graduate
1,1,1,9457,1,1,149.1,1,2,2,4,5,136.0,1,0,0,1,0,0,17,0,0,8,8,6,14.884859719510446,0,0,6,8,5,15.173197834323389,0,12.6,3.7,1.8,Graduate
1,39,1,9761,1,1,128.8,1,37,37,7,9,100.9,0,0,0,1,1,0,26,0,0,6,11,0,0.0,0,0,6,11,0,0.0,0,12.7,3.7,-1.7,Dropout
1,2,1,87,1,1,154.5,1,2,3,4,4,170.2,0,0,0,1,0,0,19,0,0,6,6,6,1.338559244376574,0,0,6,6,6,14.007121526543116,0,7.6,2.7,0.32,Graduate
1,1,2,9799,1,1,133.3,1,38,38,10,9,119.4,1,0,0,1,0,1,18,0,0,5,5,0,0.10535930014131012,0,0,5,6,0,0.21614841176576702,0,8.9,1.4,1.79,Graduate
1,17,1,9118,1,1,121.3,1,2,38,3,7,108.3,0,0,0,1,1,0,22,0,0,5,9,2,10.427397688477626,0,0,5,6,2,0.032625286551074426,0,12.4,0.5,1.81,Dropout
1,44,1,9175,1,1,134.2,1,36,37,5,6,134.2,0,0,0,1,0,0,34,0,14,16,25,13,12.826422314881151,0,11,12,15,11,12.298990505483596,0,16.0,0.4,-0.92,Dropout
1,17,1,9228,1,1,130.7,1,37,37,9,9,116.9,1,0,0,1,0,0,18,0,0,6,6,2,10.81958761387558,0,0,6,6,0,0.363824707557936,0,15.5,2.8,-4.05,Dropout
1,38,1,9822,0,19,131.8,1,38,36,3,3,102.7,0,0,0,0,1,0,33,0,0,5,12,0,0.0,0,0,5,9,0,0.0,0,12.4,0.5,1.83,Dropout
1,40,1,9783,1,1,132.2,1,2,37,3,6,130.7,0,0,0,1,0,0,18,0,0,7,7,7,13.532208874045065,0,0,8,8,8,14.19665699387205,0,15.9,0.5,1.95,Graduate
2,38,1,8123,0,18,131.1,1,37,38,8,9,144.8,0,0,0,1,0,0,46,0,0,6,1,0,0.7759905569177756,0,0,0,0,0,0.2627971157942063,0,16.1,3.7,-1.7,Dropout
1,1,1,299,1,1,138.4,1,37,38,10,8,139.1,1,0,0,1,0,0,18,0,0,6,6,0,0.3325246857292035,0,0,6,0,0,0.026753224507181095,0,9.3,-0.8,-3.13,Graduate
1,43,1,9634,1,1,140.5,1,1,3,8,7,132.9,0,0,0,1,0,0,20,0,6,11,17,11,12.444439286070205,0,4,10,11,10,14.165779383347768,0,9.0,1.4,1.81,Graduate
1,1,1,9854,1,1,131.9,1,37,38,2,0,133.3,1,0,0,1,0,0,21,0,0,7,7,6,12.04040208094552,0,0,7,7,6,13.124204814649678,0,7.6,2.6,0.32,Graduate
1,1,1,9359,1,1,131.2,1,2,1,4,3,132.2,1,0,0,1,0,0,18,0,0,7,8,6,13.495473309650587,0,0,8,8,7,13.625230424536394,0,14.0,-0.4,0.79,Graduate
1,40,1,9341,1,1,130.7,1,38,36,8,8,120.3,0,0,0,1,0,0,49,0,12,7,11,13,12.235498789344202,0,5,11,12,11,13.381531557591149,0,12.6,0.5,1.9,Dropout
1,1,1,9664,1,1,132.2,1,3,1,2,4,108.8,1,0,0,1,0,0,20,0,0,7,12,5,11.387329924801609,0,0,7,12,5,10.754905397958716,0,13.7,2.7,-4.06,Enrolled
1,1,1,9201,1,1,135.5,1,37,37,9,9,121.4,1,0,0,1,0,0,20,0,0,6,10,6,10.964109029718308,0,0,6,7,6,10.339400949311418,0,13.9,-0.3,0.78,Graduate
1,42,1,7932,0,3,134.0,1,38,38,8,7,132.1,0,0,0,1,0,0,54,0,6,10,10,12,12.689789403232888,0,4,11,11,12,14.281366304599501,0,9.0,1.4,3.46,Graduate
2,39,1,9522,1,1,129.6,1,38,37,9,9,128.1,1,0,0,1,0,0,36,0,0,7,10,8,11.528151113110727,0,0,7,8,7,11.940356712959808,0,9.2,-0.8,-3.13,Graduate
1,1,1,9159,1,1,132.9,1,37,38,3,5,127.8,1,0,0,1,0,0,18,0,0,5,5,5,13.621517182831262,0,0,5,6,5,12.82764571805165,0,9.1,1.4,3.44,Graduate
1,2,1,9457,1,1,141.6,1,2,1,3,0,133.4,1,0,0,1,0,0,18,0,0,6,7,6,13.05694584943514,0,0,6,6,6,13.18723991769507,0,14.0,-0.3,0.79,Graduate
1,44,1,9151,1,1,133.0,1,2,3,4,4,129.2,0,0,0,1,1,0,21,0,0,6,11,4,10.510590131700788,0,0,6,12,2,10.408726922229217,0,13.7,2.7,-4.06,Dropout
1,17,2,9181,1,1,123.8,1,19,38,10,9,116.7,1,0,0,1,0,0,19,0,0,6,6,5,10.3631995841733,0,0,6,10,5,11.097124556922257,0,10.8,1.4,1.75,Graduate
1,39,1,9709,1,1,131.9,1,38,37,2,4,156.8,1,0,0,1,0,0,42,0,0,6,0,0,0.04708922695129607,0,0,6,0,0,0.0,0,9.0,1.4,3.47,Dropout
1,1,1,9671,1,1,133.3,1,19,38,8,7,116.2,1,0,0,1,0,1,17,0,0,7,8,7,13.511556954330963,0,0,8,8,7,13.560758882804308,0,14.0,0.4,0.79,Graduate
1,1,1,33,1,1,132.9,1,37,37,9,9,166.2,1,0,0,1,1,0,18,0,0,0,0,0,0.5299520320022958,0,0,0,0,0,0.08266034813796606,0,12.4,0.5,1.79,Dropout
1,1,1,9176,1,1,118.3,1,1,2,3,1,134.1,1,0,0,1,0,0,18,0,0,6,8,5,12.055863345249007,0,0,6,8,5,11.541029829607403,0,9.0,1.4,1.82,Graduate
1,39,1,9763,1,1,130.7,1,37,37,8,7,127.0,0,0,0,1,1,0,20,0,0,6,11,3,11.039223390178876,0,0,6,11,2,11.611125060720168,0,15.9,0.4,0.82,Dropout
1,39,1,9202,1,1,128.9,1,37,38,9,10,120.4,0,0,0,1,0,0,27,0,0,5,11,3,10.912429938242754,0,0,5,8,3,10.267579816143822,0,9.4,-0.8,-3.13,Enrolled
1,39,1,9127,1,1,136.0,1,2,2,4,2,100.7,0,0,0,0,1,0,22,0,0,6,0,0,0.0,0,0,6,0,0,0.0,0,15.5,1.4,-4.06,Dropout
1,44,1,9196,1,1,134.3,1,1,2,4,0,117.2,0,0,0,0,1,0,28,0,0,5,10,2,0.0,0,0,5,11,0,0.0,0,9.0,1.4,3.45,Dropout
1,17,1,9196,1,1,132.4,1,2,1,3,5,111.0,1,0,0,1,0,0,18,0,0,6,6,6,12.970735274396024,0,0,6,6,4,11.02746857880473,0,10.8,1.4,1.76,Dropout
1,1,1,9157,1,1,130.7,1,37,38,8,10,109.8,0,0,0,1,0,1,23,0,0,6,6,0,0.0,0,0,6,7,0,0.0,0,13.9,-0.3,0.79,Dropout
1,39,1,9117,1,1,130.3,1,38,38,10,9,125.7,0,0,0,1,0,0,24,0,0,5,12,4,12.805640586429854,0,0,5,11,5,11.957071532335249,0,9.5,-0.8,-3.12,Enrolled
2,39,1,9736,1,1,131.9,1,38,37,8,2,149.9,0,0,0,1,0,0,44,0,0,6,0,0,0.9778275082524653,0,0,6,0,0,0.0,0,7.6,2.6,0.33,Dropout
2,38,1,7906,1,3,131.6,1,38,37,9,10,151.8,0,0,0,1,0,0,39,0,6,7,7,11,14.026782248287375,0,4,11,9,8,14.553407881469717,0,16.0,-0.4,0.78,Graduate
1,1,1,9604,1,1,132.0,1,3,3,5,3,128.2,1,0,0,1,0,0,19,0,0,7,7,6,13.610799425800568,0,0,8,8,6,13.23978279706207,0,12.4,0.5,1.81,Graduate
1,44,1,9092,1,1,134.4,1,2,37,3,8,121.3,0,0,0,1,0,0,21,0,0,6,9,6,10.777136052053097,0,0,6,7,6,11.887309071866095,0,14.0,0.6,0.91,Graduate
1,44,1,9132,1,40,132.1,1,2,2,1,2,114.1,0,0,0,1,1,0,34,0,11,11,19,4,12.111156256136818,0,9,11,14,10,11.272659368214853,0,16.1,0.5,1.96,Dropout
1,39,1,9050,1,1,133.0,1,1,3,2,5,115.8,0,0,0,1,1,0,26,0,0,5,0,0,0.2203363961671354,0,0,5,0,0,0.0,0,13.9,-0.3,0.8,Dropout
1,43,1,9008,1,40,131.7,1,3,1,1,1,128.1,0,0,0,1,1,0,21,0,2,7,12,7,12.8102173006877,0,5,11,12,8,12.54686952500222,0,15.5,2.8,-4.06,Dropout
1,44,1,9318,1,1,128.3,1,36,1,3,1,133.2,1,0,0,1,0,0,20,0,0,7,7,12,12.928541737649589,0,0,7,7,8,14.088969760333418,0,7.6,2.6,0.32,Graduate
1,40,1,9143,1,1,132.1,1,37,37,8,9,108.2,0,0,0,1,0,0,19,0,0,6,0,0,0.0,0,0,6,0,0,0.0,0,13.9,-0.3,0.82,Dropout
1,1,1,9179,1,1,131.7,1,19,37,9,7,131.8,1,0,0,1,0,1,18,0,0,6,7,6,12.802730244326805,0,0,6,6,6,13.685115069000334,0,16.0,0.3,-0.92,Graduate
1,44,1,9105,1,40,133.2,1,2,1,6,6,160.8,0,0,0,1,1,0,26,0,0,6,12,0,0.15750869790348798,0,0,6,10,0,0.0,0,15.5,1.4,-4.06,Dropout
1,1,1,9118,1,1,122.3,1,2,19,2,3,129.5,1,0,0,1,0,1,17,0,0,6,8,6,14.072987473925071,0,0,6,8,5,13.171183239368887,0,15.6,2.8,-4.06,Graduate
1,1,3,9329,1,1,137.5,1,3,2,4,0,127.6,1,0,0,1,0,0,18,0,0,6,7,6,13.779229578102576,0,0,6,8,6,13.710936466266539,0,12.4,0.5,1.8,Graduate
1,39,1,9471,1,1,132.4,1,36,37,8,9,107.3,0,0,0,1,0,0,42,0,0,7,11,6,11.701695921633478,0,0,7,11,6,11.52558552087597,0,7.6,2.6,0.32,Graduate
1,44,1,9232,1,1,132.9,1,1,1,4,4,99.6,0,0,0,1,0,0,18,0,0,7,9,7,10.697238908801275,0,0,8,12,11,0.13321625129700945,0,16.1,0.4,-0.91,Dropout
1,38,1,9431,1,1,129.4,1,37,36,9,8,108.9,0,0,0,1,1,0,61,0,0,6,1,0,0.0,0,0,6,0,0,0.0,0,9.0,2.7,3.49,Dropout
1,1,1,9021,1,1,123.7,1,1,18,2,5,124.6,1,0,0,1,0,1,19,0,0,5,8,5,13.416711091963592,0,0,6,6,5,12.393298097284582,0,12.6,0.6,1.96,Graduate
1,1,1,9162,1,1,131.4,1,2,38,8,8,140.8,0,0,0,1,0,1,18,0,0,5,6,5,12.71659364141202,0,0,5,6,5,13.908983609778893,0,12.6,3.7,-1.7,Graduate
1,1,1,348,1,1,133.7,1,3,1,2,3,114.5,1,0,0,1,1,0,18,0,0,0,0,0,0.0,0,0,0,0,0,0.0,0,9.3,2.7,0.32,Dropout
1,1,1,9149,1,1,133.7,1,37,37,6,7,131.5,1,0,0,1,0,0,21,0,0,6,6,4,12.773970324810982,0,0,6,5,5,11.110112202002627,0,9.2,1.4,-3.11,Graduate
1,1,1,9642,1,1,134.7,1,38,37,1,6,129.7,1,0,0,1,0,0,18,0,0,7,7,6,12.213192602273434,0,0,7,9,8,11.412601658259579,0,7.7,2.6,-0.92,Graduate
1,38,1,9892,1,1,131.4,1,37,33,2,1,131.5,1,0,0,1,0,0,32,0,0,6,0,0,0.0,0,0,5,0,0,0.0,0,9.2,1.4,0.32,Dropout
1,1,3,9885,1,1,115.8,1,18,38,2,8,122.9,1,0,0,1,0,1,18,0,0,6,6,6,14.227612157981776,0,0,6,6,6,14.827063734794134,0,12.4,0.5,1.81,Graduate
1,17,2,9138,1,1,119.9,1,38,38,6,9,111.2,1,0,0,1,1,0,19,0,0,5,6,0,0.0,0,0,5,5,0,0.0,0,9.4,-0.8,-3.13,Dropout
1,42,1,9038,1,39,131.3,1,2,2,1,6,135.2,0,0,0,1,0,0,32,0,9,11,12,7,12.023660168109764,0,4,11,16,7,11.721038579811076,0,13.9,-0.3,0.79,Dropout
1,1,1,9418,1,1,143.4,1,37,37,5,6,126.7,1,0,0,1,0,0,18,0,0,7,7,7,15.40457601928405,0,0,8,8,8,15.250281380303125,0,9.2,2.6,0.32,Graduate
1,1,1,9176,1,1,128.8,1,37,37,9,9,115.4,1,0,0,1,0,1,19,0,0,6,6,6,11.575374201488573,0,0,6,6,6,12.224053314288089,0,12.5,0.5,1.82,Graduate
1,1,3,9708,1,1,135.3,1,37,38,8,7,129.8,1,0,0,1,0,1,18,0,0,6,7,6,13.782683632518452,0,0,6,6,6,13.228821938402694,0,13.9,-0.3,-3.11,Graduate
1,43,1,268,1,1,128.9,1,2,1,2,6,151.2,0,0,0,1,0,0,19,0,0,7,0,0,0.2383583781455419,0,0,7,0,0,0.0,0,15.9,0.4,0.83,Dropout
1,1,1,9688,1,1,137.7,1,38,37,10,9,130.7,0,0,0,1,0,1,18,0,0,8,8,7,12.894278007197038,0,0,8,8,7,12.288829897373335,0,12.7,3.7,-1.7,Graduate
1,1,1,9577,1,1,136.0,1,4,38,4,6,132.1,0,0,0,1,0,0,18,0,0,6,8,6,13.342578954521105,0,0,6,8,6,16.43074002033354,0,13.9,2.6,0.79,Graduate
1,6,1,33,1,3,153.5,1,1,1,5,3,161.6,0,0,0,1,0,0,18,0,0,6,6,0,0.2926067614703533,0,0,6,0,0,0.12004372704383766,0,10.8,1.4,1.76,Graduate
1,39,1,9233,1,1,131.7,1,37,37,9,9,169.8,0,0,0,1,0,1,43,0,0,6,6,6,15.359533054070472,0,0,6,6,6,15.463030091954677,0,15.5,1.4,-4.06,Graduate
1,1,1,9512,1,1,130.2,1,37,38,8,8,126.6,0,0,0,1,0,1,18,0,0,8,8,8,12.971803416336167,0,0,8,8,8,14.78585974586629,0,9.3,-0.8,-3.11,Graduate
1,39,1,9716,1,1,134.7,1,38,37,9,8,95.0,0,0,0,1,0,0,55,0,11,7,11,12,11.781349902889337,0,4,11,10,11,12.219591801514547,0,11.0,0.6,1.95,Dropout
1,1,3,9790,1,1,128.4,1,2,1,1,4,132.8,1,0,0,1,0,0,19,0,0,6,7,6,11.005759847289415,0,0,6,8,6,12.618947878111975,0,9.3,-0.3,0.78,Graduate
1,17,1,9017,1,1,136.6,1,2,3,2,3,110.8,1,0,0,1,1,0,19,0,0,6,0,0,0.0,0,0,6,0,0,0.24217627305367975,0,12.6,3.7,-1.7,Dropout
1,1,1,9170,1,1,128.1,1,38,38,9,6,107.8,0,0,0,1,0,0,23,0,0,5,5,2,11.408390272057659,0,0,5,6,0,0.0,0,9.4,-0.8,-3.13,Dropout
1,39,1,9059,1,1,135.6,1,37,38,5,5,150.2,0,0,0,1,0,0,37,0,10,12,19,0,0.0,0,8,12,0,0,0.021397244565562336,0,7.6,2.6,0.33,Dropout
1,38,1,9545,1,1,131.0,1,37,38,9,10,107.6,0,0,0,1,0,0,26,0,0,7,11,7,10.413626808931461,0,0,8,11,7,12.053841447894413,0,13.9,-0.3,0.79,Dropout
1,1,1,9970,1,1,142.3,1,2,1,3,5,136.2,1,0,0,1,0,0,19,0,0,6,6,6,0.18294150130163533,0,0,6,7,6,0.4625043370385291,0,9.0,1.4,3.45,Graduate
1,18,1,9084,1,1,132.5,1,3,2,5,4,127.8,1,0,0,0,1,0,22,0,0,0,1,0,0.0,0,0,5,0,0,0.4184978624385595,0,10.8,1.4,1.76,Dropout
1,44,1,9120,0,1,134.3,1,37,37,8,9,127.6,0,0,0,1,0,0,38,0,14,12,23,9,12.092426877615717,0,4,11,16,11,12.89340294807609,0,9.0,1.4,3.51,Graduate
1,43,1,9400,1,39,134.4,1,4,1,6,2,141.1,0,0,0,1,0,0,20,0,0,6,8,6,13.59824937154649,0,0,8,8,7,14.018422922789794,0,15.5,2.8,-4.05,Graduate
1,2,1,9206,1,1,144.6,1,2,2,4,6,129.7,1,0,0,1,0,0,18,0,0,7,7,7,14.574632947901911,0,0,8,8,8,15.161321365517813,0,15.5,2.8,-4.06,Graduate
1,1,1,9304,1,1,135.3,1,37,36,9,9,123.2,0,0,0,1,0,1,18,0,0,5,6,5,11.910728367790924,0,0,5,5,5,13.043466698011466,0,12.7,3.7,-1.7,Graduate
1,44,1,9190,1,38,135.3,1,3,3,4,0,125.7,0,0,0,1,1,0,20,0,3,7,12,7,14.050447026699374,0,4,10,12,8,13.978363381037445,0,14.0,0.5,0.86,Dropout
2,39,1,9248,0,19,128.3,1,37,37,7,11,99.2,0,0,0,1,0,0,55,0,0,7,10,6,11.709336201946986,0,0,7,11,0,0.19082296125865905,0,14.0,0.5,0.84,Dropout
1,17,1,9111,1,1,130.9,1,4,2,4,5,117.0,1,0,0,1,1,0,20,0,0,6,6,0,0.0,0,0,6,6,0,0.0,0,12.4,0.5,1.75,Dropout
2,40,1,9573,1,1,128.5,1,38,38,9,7,140.5,0,0,0,1,0,0,31,0,0,7,7,5,12.904839986830469,0,0,8,8,5,13.803039522867046,0,10.8,1.4,1.78,Graduate
1,2,1,9851,1,1,132.9,1,1,2,3,3,130.6,1,0,0,1,0,0,17,0,0,7,7,7,14.057009385084745,0,0,8,8,8,14.35442084689106,0,11.1,0.6,2.04,Graduate
1,1,1,9564,1,1,129.7,1,37,38,9,8,124.4,1,0,0,1,0,0,19,0,0,7,7,7,12.94888946763221,0,0,8,11,8,12.458839596651018,0,13.9,-0.3,0.79,Graduate
1,2,1,33,1,1,133.7,1,3,3,3,4,137.4,1,0,0,1,1,0,19,0,0,0,0,0,0.0,0,0,0,0,0,0.0,0,9.4,-0.8,-3.12,Dropout
1,42,1,9257,1,1,129.1,1,38,37,1,3,110.2,0,0,0,1,0,0,18,0,0,6,11,5,11.476758195903301,0,0,6,12,5,11.172531069378115,0,13.9,-0.3,0.78,Enrolled
2,40,1,7924,1,1,135.8,1,38,38,9,9,95.0,0,0,0,1,0,0,45,0,0,6,13,4,11.295476876321096,0,0,6,12,0,0.0,0,15.5,1.4,1.82,Dropout
1,2,1,9047,1,1,125.6,1,3,1,2,3,109.8,1,0,0,1,0,0,19,0,0,5,8,5,12.551841205181141,0,0,5,8,5,10.361128022667259,0,9.3,-0.8,1.8,Enrolled
1,1,1,9042,1,1,139.8,1,1,39,2,2,123.6,1,0,0,1,0,0,19,0,0,5,6,5,12.943849223970638,0,0,5,6,5,14.183622519188683,0,9.4,-0.8,-3.14,Graduate
1,39,1,9396,1,1,133.7,1,38,37,9,9,111.0,0,0,0,1,0,1,20,0,0,7,8,7,13.033399369804226,0,0,8,8,7,12.15816788374154,0,12.6,3.7,-1.69,Graduate
1,43,1,9243,1,1,127.7,1,3,37,5,2,107.5,0,0,0,1,0,0,30,0,5,12,15,8,11.828137906150225,0,4,11,15,11,11.93981143542939,0,12.4,0.5,1.8,Dropout
2,39,1,9363,1,1,132.3,1,38,37,9,9,97.3,0,0,0,1,0,0,48,0,0,7,10,6,12.376146360860162,0,0,7,7,6,12.801185873528864,0,15.9,0.4,-0.91,Graduate
1,1,1,9786,1,1,134.6,1,38,37,9,12,129.3,1,0,0,1,0,1,19,0,0,6,8,6,13.769417895944951,0,0,6,8,7,14.160534785622179,0,10.8,1.4,1.77,Graduate
1,1,1,9700,1,1,139.9,1,1,19,3,5,127.8,1,0,0,1,0,1,19,0,0,6,6,6,15.387270029599607,0,0,6,6,6,14.396976545719816,0,12.6,3.7,-1.69,Graduate
1,18,1,9221,1,1,120.7,1,37,37,9,10,111.7,1,0,0,1,0,0,19,0,0,5,9,4,11.255292604049588,0,0,5,10,3,9.659282387253672,0,12.4,0.5,1.77,Enrolled
1,1,4,33,1,1,141.6,1,37,36,8,10,129.1,1,0,0,1,0,0,18,0,0,7,7,6,13.049970007491579,0,0,8,0,8,14.645896881454124,0,9.2,-0.3,0.79,Graduate
1,1,1,9161,1,1,129.7,1,37,37,9,11,116.4,0,0,0,1,0,1,18,0,0,5,5,5,12.43102985442829,0,0,5,5,5,13.455630419946786,0,11.1,0.6,2.04,Graduate
1,38,1,9262,1,1,129.9,1,37,37,9,7,137.5,0,0,0,1,1,0,25,0,0,5,6,0,0.5731968895729758,0,0,5,6,0,0.0,0,9.0,0.5,1.86,Dropout
1,38,1,9719,1,1,132.9,1,38,38,3,2,142.3,0,0,0,1,1,0,33,0,0,5,6,0,0.0,0,0,5,6,0,0.0,0,9.4,-0.8,-3.12,Dropout
2,39,1,9535,1,3,169.9,1,38,37,4,2,139.7,0,0,0,1,0,0,39,0,0,6,6,6,16.302717792588012,0,0,6,6,6,13.202412584653505,0,9.5,-0.8,-3.13,Graduate
1,39,1,9062,1,1,131.1,1,2,1,3,2,157.8,0,0,0,1,0,0,22,0,0,6,12,5,13.570426951958462,0,0,6,8,5,13.921872569616523,0,8.9,1.4,3.47,Dropout
2,40,1,7861,0,1,132.9,1,38,37,9,8,149.4,0,0,0,1,0,1,41,0,0,6,7,6,13.143032008771884,0,0,6,7,6,14.844450695543525,0,9.0,1.4,1.8,Graduate
1,1,3,9238,1,1,142.7,1,3,2,5,4,134.4,1,0,0,1,0,0,18,0,0,6,8,6,14.726368315085487,0,0,6,8,6,13.978356685217415,0,14.0,-0.3,0.79,Graduate
1,40,1,9160,1,1,134.6,1,1,2,5,4,121.8,0,0,0,0,1,0,22,0,0,5,10,1,0.0,0,0,5,12,2,0.0,0,10.8,1.4,1.8,Dropout
1,1,1,9626,1,1,128.7,1,37,37,9,10,120.2,1,0,0,1,0,0,18,0,0,6,11,6,11.132965308408385,0,0,6,13,6,9.813319387753111,0,14.0,-0.3,0.79,Enrolled
1,18,1,9927,1,1,125.5,1,3,2,5,0,108.8,1,0,0,1,1,0,19,0,0,6,12,2,10.315569758716023,0,0,6,11,2,0.0,0,12.5,0.5,1.83,Dropout
1,1,1,9884,1,1,129.8,1,37,37,10,12,129.1,1,0,0,1,0,1,18,0,0,6,8,6,12.44821783579484,0,0,6,7,6,14.306618903680697,0,12.5,0.5,1.83,Graduate
1,1,1,9859,1,1,120.4,1,19,37,4,4,109.1,1,0,0,1,0,0,19,0,0,6,12,5,10.714050190979286,0,0,6,12,5,10.940436968809312,0,15.6,2.7,-4.04,Enrolled
1,43,1,9080,1,1,140.1,1,38,37,5,6,152.7,0,0,0,1,0,0,20,0,0,6,6,6,14.062446712830962,0,0,6,5,5,15.04006131857986,0,12.6,3.7,-1.71,Graduate
1,1,4,9597,1,1,131.3,1,19,37,6,3,130.9,1,0,0,1,0,0,19,0,0,7,8,7,12.130379418665484,0,0,8,8,8,10.626151807902051,0,14.0,-0.3,0.79,Graduate
1,1,1,9573,1,1,140.1,1,37,38,8,8,140.2,0,0,0,1,0,1,18,0,0,6,7,6,13.754458257168404,0,0,6,5,6,13.436669560257938,0,12.5,0.5,1.81,Graduate
1,1,1,9164,1,1,131.7,1,1,37,6,6,112.5,1,0,0,1,0,0,18,0,0,6,7,6,12.651217851590772,0,0,6,6,6,12.349059640372323,0,8.9,1.4,3.45,Graduate
1,39,1,9027,1,1,130.4,1,2,2,5,1,118.9,0,0,0,0,1,0,24,0,0,5,10,0,0.0,0,0,5,12,0,0.0,0,12.5,0.5,1.8,Dropout
1,1,1,9056,1,1,138.9,1,2,1,5,6,130.6,1,0,0,1,0,0,19,0,0,6,7,6,15.850322671705865,0,0,6,7,6,13.602586908960662,0,7.6,2.6,0.32,Graduate
1,39,1,9509,1,1,127.1,1,37,37,9,11,114.9,0,0,0,1,0,0,34,0,0,7,0,0,0.014499297665076277,0,0,12,0,0,0.0,0,15.5,2.8,-4.06,Dropout
1,39,1,9118,1,1,131.5,1,3,2,2,5,118.1,0,0,0,0,1,0,29,0,0,5,6,0,0.0,0,0,5,5,0,0.5769467785141739,0,9.0,1.4,3.5,Dropout
1,1,1,9617,1,1,139.3,1,3,2,2,3,133.2,1,0,0,1,0,0,18,0,0,6,8,6,13.155687383420702,0,0,6,8,5,11.452983606764958,0,9.3,-0.8,-3.12,Graduate
1,1,1,406,1,1,131.4,1,2,2,2,4,145.9,1,0,0,0,1,0,18,0,0,0,0,0,0.24089822240674036,0,0,0,0,0,0.0,0,9.0,1.4,1.83,Dropout
1,39,1,9091,1,19,129.6,1,1,2,3,2,148.2,0,0,0,0,1,0,33,0,0,5,0,0,0.5212279315831875,0,0,5,0,0,0.4077731344929372,0,15.4,2.8,-4.06,Dropout
1,43,1,9087,1,1,131.3,1,37,37,2,3,107.9,0,0,0,1,0,0,20,0,0,6,11,3,11.174379965292335,0,0,6,12,3,11.042128075671176,0,7.6,2.7,0.33,Enrolled
1,1,1,9515,1,1,132.4,1,38,37,8,10,124.3,0,0,0,1,0,0,18,0,0,7,8,7,13.943595655552066,0,0,8,8,8,14.381917954527838,0,13.9,-0.3,0.79,Graduate
1,1,1,697,1,1,132.7,1,37,37,9,9,135.7,1,0,0,1,0,0,18,0,0,0,0,0,0.09762507697879202,0,0,0,0,0,0.5804384378408733,0,13.8,2.7,-4.05,Graduate
1,1,3,9106,1,1,139.1,1,2,1,5,8,129.3,1,0,0,1,0,0,18,0,0,5,6,5,16.004010916763075,0,0,5,5,5,15.153372646323257,0,8.9,1.4,3.5,Graduate
1,1,1,9743,1,1,132.7,1,38,37,8,9,123.6,1,0,0,1,0,1,19,0,0,6,6,6,12.428545626276243,0,0,6,6,6,13.041005966678961,0,13.9,-0.3,0.78,Graduate
1,1,4,9162,1,1,139.6,1,1,2,7,5,128.4,1,0,0,1,0,1,17,0,0,7,7,7,14.372741551490176,0,0,8,8,8,15.142300540689256,0,11.1,0.6,2.0,Graduate
1,44,1,9758,1,1,131.1,1,1,1,10,9,127.5,0,0,0,1,0,0,23,0,0,7,7,12,13.07644362917847,0,5,8,10,11,14.081051268658111,0,16.0,0.4,-0.93,Graduate
1,1,1,9323,1,1,142.5,1,37,37,9,6,134.5,0,0,0,1,0,1,19,0,0,7,8,7,14.464168765531735,0,0,8,8,8,12.655706634997712,0,12.5,0.5,1.83,Graduate
1,39,1,9220,1,1,134.4,1,38,37,8,9,154.2,0,0,0,1,0,0,26,0,0,6,6,4,12.413514627022614,0,0,6,6,0,0.0,0,12.4,0.5,1.79,Dropout
1,1,1,9262,1,1,125.0,1,19,37,9,7,112.3,1,0,0,1,0,1,18,0,0,6,8,6,12.796936338580604,0,0,6,7,6,11.17138309065294,0,14.0,0.5,0.85,Graduate
1,1,1,9153,1,1,131.7,1,37,38,9,9,114.4,1,0,0,1,0,0,19,0,0,5,5,0,0.0,0,0,5,6,0,0.0,0,9.0,2.7,3.48,Dropout
1,2,1,9079,1,1,139.4,1,2,2,4,1,136.4,1,0,0,1,1,0,20,0,0,6,10,5,12.568827098833275,0,0,6,8,5,13.1699818200088,0,12.5,0.5,1.8,Graduate
1,39,1,9207,1,40,149.2,1,38,38,3,3,144.4,0,0,0,1,0,0,29,0,2,6,6,6,14.344383860862093,0,2,6,7,6,15.322635158827264,0,9.0,1.4,3.49,Graduate
1,1,1,9133,1,1,133.8,1,37,37,9,12,128.2,1,0,0,1,0,0,18,0,0,6,6,6,13.108041766016486,0,0,6,5,6,13.06600833482781,0,9.0,1.4,3.45,Graduate
1,1,1,8979,1,1,130.6,1,1,2,3,4,116.0,1,0,0,1,0,0,18,0,0,5,6,4,12.743389729590417,0,0,5,6,0,12.332126369721166,0,9.0,1.4,3.5,Dropout
1,43,1,9486,1,1,132.7,1,1,37,5,3,125.4,0,0,0,1,0,0,20,0,4,7,11,11,13.14533725547728,0,5,10,12,8,13.067316806024587,0,7.7,2.6,0.32,Graduate
1,1,1,9223,1,1,133.4,1,2,37,2,7,121.1,0,0,0,1,1,0,22,0,0,6,6,2,11.69960490969536,0,0,6,5,0,0.0,0,12.4,0.5,1.77,Dropout
1,1,3,9148,1,1,135.1,1,19,37,8,8,127.4,1,0,0,1,0,1,19,0,0,6,6,6,12.632659477964948,0,0,6,6,6,14.76400917453504,0,12.4,1.4,1.77,Graduate
1,51,1,9186,1,1,118.9,1,2,37,8,9,129.9,0,0,0,1,0,0,20,0,15,13,16,15,12.384599289404777,0,12,11,17,10,11.913456548865799,0,9.0,1.4,3.5,Graduate
1,1,1,9553,1,1,129.7,1,38,37,4,8,115.7,1,0,0,1,0,0,21,0,0,6,12,0,0.0,0,0,6,12,0,0.0,0,7.7,2.6,0.31,Dropout
1,1,3,9739,1,1,133.0,1,37,37,10,7,130.8,1,0,0,1,0,1,18,0,0,6,6,6,13.175873158254886,0,0,6,6,6,14.453894308968753,0,12.4,1.4,1.8,Graduate
1,1,1,9589,1,1,141.2,1,19,37,4,4,129.0,0,0,0,1,0,1,18,0,0,7,8,7,15.474134121242475,0,0,8,8,8,16.86898577494085,0,14.0,-0.2,0.85,Graduate
1,17,2,9482,1,1,117.4,1,3,37,6,9,113.9,1,0,0,1,0,0,18,0,0,6,8,5,11.020474640356893,0,0,6,8,5,10.073989815777965,0,13.8,-0.3,0.78,Enrolled
1,1,2,9597,1,1,124.5,1,19,37,6,9,128.2,1,0,0,1,0,1,19,0,0,6,8,6,12.903083861966643,0,0,6,8,5,12.51152072978435,0,9.3,-0.8,-3.12,Graduate
1,42,1,9501,1,1,132.2,1,3,2,1,4,126.5,0,0,0,1,0,0,20,0,0,7,7,0,0.2745761562215841,0,0,6,11,0,0.0,0,15.5,2.7,-4.05,Dropout
1,1,1,9101,1,1,139.3,1,3,2,2,2,150.9,1,0,0,1,1,0,21,0,0,6,6,5,12.251348026794881,0,0,5,5,5,14.14275336707945,0,9.0,1.4,1.8,Graduate
1,1,1,9863,1,1,132.3,1,37,38,2,3,130.0,1,0,0,1,0,0,19,0,0,7,8,7,13.431121817623321,0,0,8,8,8,14.453458594970515,0,9.2,2.7,0.78,Graduate
1,38,1,195,1,1,130.9,1,39,38,5,6,142.5,1,0,0,1,0,0,20,0,0,6,0,0,0.016003129980097876,0,0,6,0,0,0.0,0,12.5,1.4,1.82,Dropout
1,1,1,9306,1,1,134.6,1,1,37,4,0,154.2,0,0,0,1,1,0,18,0,0,5,6,0,0.0,0,0,5,5,0,0.4462421199648164,0,12.7,0.6,-2.98,Graduate
1,1,1,9152,1,1,132.3,1,38,38,10,6,124.8,0,0,0,1,0,0,21,0,0,6,8,6,11.881262437774405,0,0,6,8,6,11.111164890687624,0,10.8,1.4,1.75,Graduate
1,1,1,114,1,1,137.4,1,3,3,4,0,133.3,1,0,0,1,0,0,19,0,0,7,7,0,0.0,0,0,8,0,0,0.2874954950653795,0,16.1,0.4,-0.93,Graduate
1,1,1,9720,1,1,130.6,1,38,37,8,10,128.5,0,0,0,1,0,0,17,0,0,5,5,5,13.619880392767271,0,0,5,5,5,14.449772766023049,0,9.3,-0.8,-3.12,Graduate
1,1,1,9401,1,1,138.4,1,2,1,2,2,137.8,0,0,0,1,0,1,18,0,0,6,7,6,15.32478867370321,0,0,6,5,6,14.919348237142028,0,12.5,0.5,1.85,Graduate
1,1,3,9635,1,1,135.4,1,3,1,3,1,129.7,1,0,0,1,0,0,18,0,0,7,7,6,13.369463750765693,0,0,6,9,6,13.857883523396975,0,14.0,0.6,1.97,Graduate
1,43,1,9553,1,1,132.4,1,37,37,10,11,106.5,1,0,0,1,0,0,20,0,0,7,11,7,11.859582469567933,0,0,8,12,7,11.804819102615872,0,14.0,-0.3,0.78,Enrolled
2,39,1,9960,0,1,132.1,1,38,36,8,9,131.0,0,0,0,1,0,0,36,0,0,8,8,8,14.009003351547987,0,0,8,8,8,12.861584321962244,0,9.4,-0.8,-3.12,Graduate
1,40,1,9326,1,1,129.7,1,38,37,3,4,117.2,0,0,0,1,0,0,26,0,0,6,11,5,12.71478319991715,0,0,6,8,5,12.926527147008649,0,12.4,0.5,1.81,Enrolled
1,16,1,9280,1,1,116.0,1,37,36,9,11,116.0,0,0,0,1,1,0,28,0,0,5,5,2,0.0,0,0,5,5,0,0.5653489231105948,0,9.1,0.5,1.82,Dropout
1,43,1,9229,1,40,136.1,1,1,36,1,6,149.7,0,0,0,1,1,0,35,0,2,10,9,5,13.599545466146616,0,1,12,5,5,12.60878655689404,0,7.6,2.7,0.32,Dropout
1,1,1,9820,1,1,140.6,1,1,36,2,2,126.1,1,0,0,1,0,1,19,0,0,6,7,6,13.346295657499818,0,0,6,8,6,13.471913803949844,0,13.8,-0.3,0.78,Graduate
1,1,1,9027,1,1,133.2,1,37,37,10,8,125.4,1,0,0,1,0,1,19,0,0,6,7,6,12.65643916497585,0,0,6,7,6,13.976730529743968,0,9.1,2.7,0.32,Graduate
1,1,1,9537,1,1,132.3,1,38,37,8,7,133.5,1,0,0,1,0,1,18,0,0,6,8,5,13.897956102194886,0,0,6,8,5,13.475342522212046,0,9.4,-0.8,-3.08,Graduate
1,43,1,9087,1,40,129.0,1,1,2,4,4,139.2,0,0,0,1,0,0,21,0,0,6,9,6,12.640619374733589,0,0,6,8,7,10.856849176153945,0,12.6,-0.3,0.79,Graduate
1,39,1,9664,1,1,132.0,1,37,38,10,9,126.2,0,0,0,1,0,0,37,0,0,7,7,6,11.653623494141845,0,0,7,7,6,12.457143808787656,0,15.9,2.6,0.77,Graduate
1,1,1,9788,1,1,130.6,1,38,38,9,10,143.1,0,0,0,1,0,0,20,0,0,6,7,6,14.217904811082049,0,0,6,7,6,15.232276876679224,0,12.4,0.5,1.79,Graduate
1,1,1,8985,1,1,130.1,1,2,1,5,3,116.7,0,0,0,1,1,0,19,0,0,5,9,4,13.267060388918834,0,0,5,6,4,13.044803521587475,0,12.6,3.7,-1.69,Dropout
1,1,1,252,1,1,128.3,1,38,37,4,1,113.4,1,0,0,1,0,0,19,0,0,0,0,0,0.0,0,0,0,1,0,0.0,0,9.1,2.7,1.82,Dropout
1,17,3,9991,1,1,119.5,1,2,37,3,8,116.0,1,0,0,1,0,0,18,0,0,6,7,6,11.049434732904007,0,0,6,6,6,9.969118970410019,0,9.0,0.5,1.82,Graduate
1,39,1,9181,1,1,133.5,1,2,2,4,1,99.4,0,0,0,1,1,0,26,0,0,5,11,2,11.440889297025851,0,0,5,11,2,10.276163605064973,0,8.9,1.4,1.83,Dropout
2,39,1,9471,0,11,131.5,1,37,37,9,9,157.0,0,0,0,1,1,0,41,0,0,5,5,0,0.6678284446353923,0,0,5,5,0,0.11394728291183279,0,9.1,-0.8,-3.14,Graduate
1,1,1,9108,1,1,132.9,1,4,1,2,7,133.2,1,0,0,1,1,0,19,0,0,6,7,5,13.414281297200459,0,0,6,9,5,13.824073210673994,0,12.4,0.5,1.81,Graduate
1,39,1,9498,1,19,133.6,1,37,38,7,6,157.1,0,0,0,1,1,0,53,0,0,6,11,0,0.39254318142024097,0,0,6,7,0,0.5079958285189446,0,16.1,0.3,-0.93,Dropout
1,17,4,9769,1,1,122.8,1,19,38,6,9,108.5,1,0,0,1,0,0,18,0,0,7,1,6,0.0,0,0,7,0,0,0.0,0,14.0,0.5,0.88,Dropout
1,43,1,9260,1,1,119.2,1,38,37,4,10,112.1,0,0,0,1,0,0,37,0,11,15,18,13,13.415899480247978,0,10,13,16,11,11.289710995013417,0,13.9,0.4,0.78,Graduate
1,1,3,9280,1,1,139.5,1,3,3,4,4,126.4,1,0,0,1,0,0,19,0,0,7,8,7,13.05381390036986,0,0,8,8,7,14.48564628424471,0,12.5,0.5,1.82,Graduate
1,1,1,9724,1,1,127.9,1,36,38,9,8,128.0,1,0,0,1,0,1,18,0,0,6,8,6,14.545025373441192,0,0,6,8,6,13.377080811162525,0,12.6,-0.8,-3.16,Graduate
2,39,1,599,1,1,132.9,1,38,37,7,97,129.5,1,0,0,1,0,0,44,0,0,0,0,0,0.0,0,0,0,0,0,0.0,0,7.7,-0.8,0.33,Dropout
1,1,1,9117,1,1,131.8,1,38,37,3,4,123.4,0,0,0,1,1,0,17,0,0,5,5,4,10.923791461828452,0,0,5,5,0,0.4420899281641782,0,7.7,2.6,0.32,Dropout
1,1,1,9078,1,1,136.3,1,1,19,2,3,121.5,1,0,0,1,0,0,22,0,0,5,8,5,12.496744400364875,0,0,5,9,5,12.571454748559773,0,7.7,2.7,0.86,Graduate
1,1,4,9440,1,1,133.0,1,1,2,6,7,129.8,1,0,0,1,0,0,18,0,0,7,7,7,14.827105451664135,0,0,8,9,8,17.60155498270626,0,11.1,0.6,2.02,Graduate
1,38,1,9189,1,1,129.8,1,38,37,4,3,147.9,0,0,0,1,1,0,25,0,0,5,5,2,12.648197195396335,0,0,5,6,0,0.07469163605226796,0,9.0,1.4,1.8,Dropout
1,1,1,90,1,1,158.5,1,2,1,1,5,132.7,1,0,0,1,0,0,19,0,0,0,1,0,0.33570329517228664,0,0,0,0,0,0.22129186178092072,0,12.6,-0.8,1.8,Graduate
1,1,1,9262,1,1,132.0,1,37,37,9,11,127.2,0,0,0,1,0,1,19,0,0,7,8,7,13.594875784593754,0,0,8,8,8,14.842764388145694,0,12.8,3.7,-1.53,Graduate
1,1,1,9175,1,1,122.4,1,1,2,2,2,118.2,1,0,0,1,1,0,18,0,0,5,6,0,0.0,0,0,5,6,0,0.0,0,14.0,0.5,0.84,Graduate
1,39,1,9700,1,1,140.6,1,36,37,3,3,130.7,0,0,0,1,0,0,41,0,0,8,8,8,12.92249800206695,0,0,8,8,8,14.648999192769987,0,9.4,3.7,-1.7,Graduate
2,39,1,9991,0,1,131.0,1,38,37,9,8,123.0,0,0,0,1,1,0,30,0,0,5,6,0,0.0,0,0,5,5,0,0.0,0,7.6,2.7,0.32,Dropout
1,44,1,8953,1,40,132.5,1,2,2,4,3,107.8,0,0,0,1,0,0,21,0,2,7,14,5,11.883754642068894,0,1,6,16,3,10.981020858142895,0,15.4,2.8,-4.06,Enrolled
1,1,1,336,1,1,130.7,1,1,1,5,3,127.1,1,0,0,1,0,0,19,0,0,7,0,0,0.0,0,0,8,0,0,0.0,0,15.5,2.8,-4.05,Dropout
1,1,1,9099,1,1,133.7,1,2,1,3,4,128.7,1,0,0,1,0,0,18,0,0,5,7,5,14.28951349131725,0,0,5,9,5,13.406150143258053,0,7.6,2.6,0.3,Graduate
1,38,1,9205,1,1,129.3,1,37,38,8,8,166.6,0,0,0,1,1,0,21,0,0,6,6,6,14.223020260691866,0,0,6,5,6,13.778359942958684,0,12.7,0.6,1.95,Graduate
1,43,1,9837,1,1,135.8,1,37,37,3,1,128.2,0,0,0,1,0,0,19,0,0,7,7,7,12.679615150141165,0,0,8,8,8,13.830760416139537,0,13.9,-0.3,0.79,Graduate
1,1,1,9659,1,1,134.8,1,3,1,4,5,129.3,1,0,0,1,0,0,19,0,0,7,0,0,0.43311642715935444,0,0,6,1,0,0.0,0,15.5,2.7,-4.04,Dropout
1,39,1,9501,0,1,130.5,1,36,37,9,8,127.5,0,0,0,1,0,1,40,0,0,5,6,5,14.844348756595124,0,0,5,6,5,14.072299230762743,0,16.0,0.4,-0.91,Graduate
1,1,1,9330,1,1,132.5,1,2,2,5,7,109.7,1,0,0,1,0,0,20,0,0,7,11,7,12.478624827841148,0,0,8,11,7,14.026980835177755,0,12.4,0.5,1.79,Dropout
1,1,1,9891,1,1,129.4,1,37,36,2,9,133.2,1,0,0,1,0,0,18,0,0,6,6,6,12.324741664643385,0,0,6,5,6,11.501910010476438,0,7.6,2.6,0.32,Graduate
1,17,2,9757,1,1,118.5,1,2,38,4,8,118.3,1,0,0,1,0,1,19,0,0,6,8,6,10.592812920703977,0,0,6,8,6,10.64433248159956,0,12.7,3.7,-1.7,Graduate
1,1,1,9349,1,1,135.4,1,37,37,10,8,115.1,0,0,0,1,0,0,18,0,0,5,6,4,12.438937679034641,0,0,5,5,5,11.972771378553656,0,13.9,-0.3,0.79,Graduate
1,1,1,9718,1,1,136.7,1,37,37,9,8,145.8,0,0,0,1,0,0,20,0,0,6,6,0,0.0,0,0,6,6,0,0.03876834717085621,0,12.5,0.5,1.8,Graduate
1,39,1,9268,1,1,133.5,1,38,37,9,7,121.3,0,0,0,1,0,0,30,0,0,6,12,5,12.5545636113897,0,0,6,12,5,10.269276070727685,0,12.7,3.7,-1.7,Graduate
1,1,1,9075,1,1,129.6,1,2,1,0,0,133.6,1,0,0,1,0,0,19,0,0,6,6,4,12.113363604396147,0,0,6,8,4,13.5706383396949,0,9.2,-0.8,-3.14,Enrolled
1,39,1,9747,1,1,133.9,1,1,38,4,2,146.6,0,0,0,1,1,0,21,0,0,6,0,0,0.10909045521621846,0,0,6,0,0,0.010611165972605035,0,12.4,0.5,1.79,Dropout
2,39,1,9236,0,19,133.2,1,37,38,9,9,107.2,0,0,0,1,1,0,31,0,0,6,0,0,0.0,0,0,0,0,0,0.1628388243800359,0,7.6,2.6,0.32,Dropout
1,1,1,9162,1,1,141.3,1,2,3,2,3,139.5,1,0,0,1,1,0,18,0,0,5,5,0,0.4946594401835644,0,0,5,5,0,0.6544231266005521,0,9.4,-0.8,-3.11,Graduate
1,1,1,9270,1,1,153.6,1,2,1,3,6,138.6,0,0,0,1,0,0,18,0,0,7,7,6,14.642172409013016,0,0,8,8,8,15.763511680088206,0,13.9,-0.3,0.79,Graduate
1,38,1,9615,1,1,133.3,1,37,37,9,8,152.2,0,0,0,1,0,0,20,0,0,6,7,6,12.133002924083248,0,0,6,7,6,12.918087928367653,0,12.4,0.5,1.79,Graduate
1,1,2,9814,1,1,133.9,1,3,38,5,4,131.1,1,0,0,1,0,1,19,0,0,6,8,6,13.078921954196824,0,0,6,8,6,15.27616069954924,0,9.5,-0.8,-3.13,Graduate
1,1,1,9384,1,1,142.6,1,1,3,3,6,129.4,1,0,0,1,0,0,19,0,0,7,7,7,15.690423342143685,0,0,8,9,8,14.807951563208643,0,13.8,2.7,0.77,Graduate
1,1,2,132,1,1,129.7,1,38,38,5,8,117.4,1,0,0,0,1,0,18,0,0,5,0,0,0.047831265839403295,0,0,5,0,0,0.13771439816355566,0,10.8,1.4,1.76,Dropout
2,39,1,8125,0,19,130.7,1,37,37,10,9,97.3,0,0,0,0,0,0,61,0,0,6,10,2,0.0,0,0,5,6,0,0.0,0,9.1,1.4,3.47,Dropout
1,1,2,9504,1,1,133.0,1,37,37,5,8,129.8,1,0,0,1,0,0,18,0,0,6,8,4,11.606292722922701,0,0,6,8,5,11.449107257090269,0,9.3,-0.8,-3.12,Graduate
1,1,1,9814,1,1,138.3,1,1,38,3,4,125.5,1,0,0,1,0,0,18,0,0,6,8,6,14.985276403754128,0,0,6,8,6,14.505851908255364,0,8.9,1.4,3.51,Graduate
1,39,1,9206,1,1,130.7,1,2,3,4,2,103.4,0,0,0,1,1,0,25,0,0,6,11,4,12.54264935575782,0,0,6,13,2,11.259884514066211,0,15.7,2.8,-3.97,Dropout
1,39,1,9691,1,1,126.8,1,2,1,4,3,127.2,1,0,0,1,0,0,19,0,0,6,7,6,11.741383340907488,0,0,6,8,6,13.389531491119303,0,10.8,1.4,1.76,Dropout
1,1,1,9758,1,1,132.6,1,40,38,5,4,139.3,0,0,0,1,0,0,18,0,0,7,7,6,0.0,0,0,6,6,6,0.5264917848002675,0,16.0,-0.4,-0.92,Graduate
2,39,1,8060,0,1,130.9,1,38,37,9,10,158.1,0,0,0,1,0,0,43,0,0,6,7,6,13.489647782668431,0,0,6,7,6,13.55731656677591,0,9.0,1.4,1.81,Graduate
1,1,3,9991,1,1,139.5,1,1,2,0,8,135.5,1,0,0,1,0,1,18,0,0,6,6,6,14.645237464365906,0,0,8,6,6,14.054468104115747,0,12.7,0.6,-1.56,Graduate
2,38,1,7975,0,19,133.7,1,37,37,9,9,142.6,0,0,0,1,0,0,37,0,0,6,0,0,0.33282677855939147,0,0,6,1,0,0.04386279730327609,0,15.5,1.4,-4.06,Dropout
1,1,1,9267,1,1,133.2,1,3,3,2,0,121.2,1,0,0,1,1,0,19,0,0,6,11,3,10.833904526341243,0,0,6,11,2,10.800353165003589,0,16.0,0.4,-0.91,Dropout
1,39,1,549,1,1,132.6,1,37,35,4,3,144.8,0,0,0,1,1,0,38,0,0,0,0,0,0.3377715867757281,0,0,0,0,0,0.16707429848300878,0,9.2,2.7,0.31,Dropout
1,1,1,9117,1,1,131.2,1,19,37,10,9,114.2,0,0,0,1,0,1,20,0,0,6,6,6,11.62061896866179,0,0,6,6,6,11.054683874460883,0,11.1,0.6,1.98,Graduate
1,1,1,9646,1,1,131.9,1,37,37,9,10,126.5,1,0,0,1,0,1,18,0,0,6,6,6,14.858953904132425,0,0,6,6,6,13.256462109897573,0,12.5,0.5,1.84,Graduate
1,1,1,9207,1,1,120.3,1,3,2,4,6,122.8,1,0,0,1,1,0,18,0,0,5,9,5,11.858874074715335,0,0,5,5,5,11.113843000199523,0,9.0,1.4,1.82,Enrolled
1,16,2,9553,1,1,129.8,1,19,37,10,6,121.8,1,0,0,1,0,0,19,0,0,6,5,0,0.0,0,0,6,6,0,0.0,0,12.4,0.5,1.8,Dropout
1,40,1,33,1,1,132.4,1,37,37,8,8,140.2,1,0,0,1,0,0,19,0,0,0,0,0,0.27312362634934734,0,0,0,0,0,0.547422704423308,0,7.6,2.7,0.32,Dropout
1,1,1,9185,1,1,135.3,1,19,37,8,7,129.4,1,0,0,1,0,0,18,0,0,7,8,7,14.286072292077495,0,0,8,8,8,14.585591787026843,0,12.4,0.5,1.77,Graduate
1,1,1,9653,1,1,133.0,1,37,37,3,4,138.6,1,0,0,1,0,0,18,0,0,6,6,0,0.5407959117427531,0,0,6,0,0,0.01189707912787669,0,9.4,-0.8,-3.11,Dropout
1,17,2,9221,1,1,121.2,1,2,1,2,2,126.4,1,0,0,1,0,0,19,0,0,6,7,3,13.316174162011514,0,0,6,10,4,11.852676519662543,0,8.9,1.4,3.45,Dropout
1,2,1,9121,1,1,116.2,1,1,37,5,3,126.3,1,0,0,1,0,0,20,0,0,6,12,5,9.060726929848414,0,0,6,11,3,9.092725057190197,0,12.7,-0.8,-3.13,Enrolled
1,1,1,9066,1,1,132.1,1,1,2,2,3,107.3,0,0,0,1,1,0,22,0,0,5,9,4,11.872929935458677,0,0,5,12,5,13.08297727876386,0,12.4,0.5,1.8,Enrolled
1,1,1,9563,1,1,118.4,1,1,2,0,4,113.2,1,0,0,1,0,0,19,0,0,7,12,6,11.7073893841087,0,0,7,11,4,10.702491075293945,0,13.9,-0.3,0.78,Enrolled
1,1,1,9343,1,1,129.5,1,3,37,3,2,130.8,0,0,0,1,0,0,20,0,0,6,8,5,13.289726812003018,0,0,6,8,5,12.937302544522012,0,16.1,0.4,-0.92,Graduate
1,40,1,9104,1,1,132.0,1,1,37,4,4,99.4,0,0,0,1,1,0,22,0,0,6,11,0,0.0,0,0,6,11,0,0.0,0,15.5,2.8,-4.05,Dropout
1,1,1,9618,1,1,138.7,1,2,38,3,3,133.2,1,0,0,1,0,1,18,0,0,6,7,6,15.25374855616384,0,0,6,5,6,13.737795583164484,0,13.9,-0.3,0.79,Graduate
1,1,1,265,1,1,134.0,1,2,1,4,0,141.4,1,0,0,1,1,0,18,0,0,5,0,0,0.0,0,0,5,0,0,0.3767322589038928,0,9.4,-0.8,-3.13,Dropout
2,39,1,8099,0,1,131.7,1,37,36,10,8,145.8,0,0,0,1,0,0,38,0,0,5,6,5,13.550157022227364,0,0,5,5,5,13.946508421599297,0,9.0,1.4,3.48,Graduate
1,54,1,8043,1,1,131.0,1,36,38,8,10,131.6,0,0,0,1,0,0,52,0,6,10,14,11,11.875603349717023,0,5,11,10,11,11.950968283913111,0,8.9,1.4,3.51,Graduate
1,1,1,9061,1,1,147.7,1,3,19,10,9,135.4,1,0,0,1,0,1,18,0,0,6,6,6,14.280450181557594,0,0,6,6,6,14.842196374410774,0,11.0,0.6,1.95,Graduate
1,39,1,9673,1,1,131.7,1,37,37,8,9,150.3,0,0,0,1,0,0,49,0,0,6,7,6,14.121494850811807,0,0,6,6,6,13.624252179528845,0,12.5,0.5,1.88,Graduate
1,16,1,9528,1,1,130.4,1,37,38,4,6,116.8,1,0,0,1,0,0,21,0,0,7,12,0,0.0,0,0,7,11,0,0.0,0,7.7,2.5,0.31,Dropout
1,1,1,9221,1,1,134.6,1,37,38,9,8,158.8,0,0,0,1,0,0,21,0,0,6,6,6,13.850531820933366,0,0,6,6,6,15.17686863594735,0,11.1,0.6,2.01,Graduate
1,1,1,9804,1,1,134.4,1,36,38,8,9,122.3,1,0,0,1,0,0,18,0,0,6,6,0,0.4274701748596716,0,0,6,0,0,0.06795901401575725,0,14.0,0.5,0.89,Graduate
1,17,1,9089,1,1,119.1,1,1,19,4,3,111.4,1,0,0,1,0,0,19,0,0,5,9,5,11.377828666769364,0,0,5,9,5,10.8333935505582,0,12.4,0.5,1.8,Enrolled
1,1,1,9122,1,1,139.9,1,1,38,5,4,127.5,1,0,0,1,0,1,18,0,0,6,8,6,12.87321405649258,0,0,6,8,5,12.426829030524392,0,9.3,-0.8,-3.13,Graduate
1,44,1,9099,1,39,135.1,1,2,2,4,3,155.2,0,0,0,1,1,0,31,0,0,6,0,0,0.5667709885987203,0,0,6,1,0,0.0,0,13.8,-0.3,0.77,Dropout
1,1,1,9450,1,1,141.9,1,19,38,10,9,133.0,1,0,0,1,0,1,18,0,0,6,8,6,13.378118598609532,0,0,6,8,6,13.628158963928843,0,12.7,3.7,-1.7,Graduate
1,1,1,9169,1,1,132.1,1,18,37,9,9,128.1,1,0,0,1,0,1,18,0,0,6,5,0,0.0,0,0,6,5,0,0.6244711482724253,0,10.8,0.5,1.77,Graduate
1,1,1,9536,1,1,134.2,1,37,38,8,10,131.8,1,0,0,1,0,1,18,0,0,7,8,7,14.481378672643288,0,0,8,8,8,13.536988048588642,0,12.5,0.5,1.81,Graduate
1,41,1,9652,1,1,133.4,1,2,3,3,1,131.7,1,0,0,1,1,0,19,0,0,7,12,4,11.570039161562743,0,0,7,11,1,0.0,0,7.6,2.6,0.32,Dropout
1,1,3,9288,1,1,134.3,1,3,2,3,4,131.9,1,0,0,1,0,0,19,0,0,6,5,0,0.11392615853874997,0,0,6,6,0,0.0,0,9.4,-0.8,-3.14,Graduate
1,42,1,9086,1,1,128.3,1,1,3,4,1,126.2,1,0,0,1,1,0,21,0,0,7,11,0,0.16133361453553208,0,0,6,13,0,0.0,0,12.5,0.5,0.78,Dropout
1,38,1,33,1,38,132.8,1,3,1,3,4,147.3,0,0,0,1,1,0,38,0,0,7,0,0,0.0,0,0,8,0,0,0.0,0,11.1,0.7,2.01,Dropout
1,39,1,9171,1,1,136.4,1,38,37,4,3,111.1,0,0,0,0,1,0,25,0,0,5,12,1,0.0,0,0,5,13,0,0.0,0,10.9,1.4,1.78,Dropout
1,44,1,9701,1,1,129.6,1,37,37,3,5,117.0,1,0,0,1,0,0,19,0,0,6,12,4,10.991246753409913,0,0,6,12,3,9.082831505941297,0,9.0,1.4,1.82,Enrolled
1,17,1,9045,1,1,131.9,1,2,2,5,4,116.4,1,0,0,0,1,0,19,0,0,6,11,0,0.18375750671777485,0,0,6,11,0,0.0,0,12.4,1.4,1.79,Dropout
1,1,1,9344,1,1,133.5,1,37,38,9,9,128.3,1,0,0,1,0,0,27,0,0,8,8,8,12.181336117388424,0,0,8,8,7,13.355485096965921,0,9.1,1.4,-3.15,Graduate
1,43,1,9511,1,1,131.3,1,38,38,9,8,110.9,0,0,0,1,0,0,36,0,10,7,12,12,11.267684376722148,0,2,7,11,7,10.95639134733011,0,13.9,-0.4,0.78,Dropout
1,1,1,9732,1,1,135.0,1,3,1,4,2,132.0,1,0,0,1,0,0,18,0,0,6,7,6,13.208470627599315,0,0,6,8,6,12.838628063701265,0,15.5,1.4,-4.06,Graduate
1,1,1,9037,1,1,133.0,1,19,37,8,8,123.3,0,0,0,1,1,0,18,0,0,5,6,0,0.2475128808308199,0,0,5,6,0,0.0,0,12.5,0.5,1.81,Dropout
1,1,1,9127,1,1,130.2,1,37,38,9,3,161.8,0,0,0,1,0,0,21,0,0,6,7,6,14.2617348254205,0,0,6,6,5,12.612257698727253,0,16.1,0.3,-0.91,Graduate
2,39,1,8072,0,20,134.4,1,37,37,7,9,97.4,0,0,0,1,0,0,37,0,0,6,5,0,0.12880927538226278,0,0,6,6,0,0.0,0,15.5,2.7,-4.05,Dropout
1,1,1,9176,1,1,131.8,1,3,19,5,5,132.2,1,0,0,1,0,1,18,0,0,6,5,6,14.371199749134679,0,0,6,6,6,15.62444355616766,0,14.0,-0.3,0.78,Graduate
1,1,1,9654,1,1,141.2,1,37,37,10,9,141.5,1,0,0,1,0,1,19,0,0,6,7,6,15.760567998589401,0,0,6,6,6,13.06964378005673,0,10.8,1.4,1.81,Graduate
1,1,1,9561,1,1,131.2,1,38,38,8,11,118.5,1,0,0,1,0,1,18,0,0,7,8,6,11.661846787171088,0,0,7,8,6,13.528003674069273,0,7.6,2.6,0.32,Graduate
1,39,1,9656,1,1,131.4,1,37,38,8,7,123.2,0,0,0,1,1,0,60,0,0,6,1,0,0.0,0,0,6,0,0,0.0,0,9.3,-0.8,-3.11,Dropout
2,39,1,9751,0,19,133.2,1,38,38,8,7,153.7,0,0,0,1,1,0,49,0,0,5,5,0,0.7278707146161449,0,0,5,5,0,0.26478745358867034,0,12.4,0.5,1.8,Dropout
1,17,2,9240,1,1,118.6,1,1,37,5,8,121.9,1,0,0,1,0,0,19,0,0,5,6,2,10.641066982671159,0,0,5,5,2,9.987924282131228,0,9.3,-0.8,-3.13,Dropout
1,39,1,9783,1,1,134.4,1,31,34,1,6,120.1,0,0,0,0,1,0,30,0,0,5,0,0,0.0,0,0,5,0,0,0.26333440996754093,0,9.0,1.4,3.49,Dropout
1,17,1,9122,1,1,120.7,1,37,38,10,8,108.2,1,0,0,1,0,1,23,0,0,6,11,3,9.885494221185503,0,0,6,11,3,10.168919232518144,0,13.9,-0.3,0.78,Enrolled
1,1,1,9625,1,1,131.2,1,3,1,3,6,128.6,1,0,0,1,0,0,19,0,0,6,7,6,14.446178077741502,0,0,6,7,6,14.263379928056008,0,14.0,-0.3,0.84,Graduate
2,39,1,7919,0,20,133.0,1,36,37,3,4,129.3,0,0,0,1,0,0,41,0,5,7,12,12,13.920340814177052,0,4,7,12,11,11.84729214906089,0,7.7,2.6,0.32,Graduate
1,1,1,9784,1,1,141.2,1,1,37,2,8,127.2,1,0,0,1,0,1,19,0,0,6,6,6,14.189130203513411,0,0,6,6,6,11.996345052160864,0,9.4,-0.8,-3.13,Graduate
1,40,1,9680,1,1,133.0,1,37,38,3,4,95.7,0,0,0,1,0,0,38,0,0,7,10,6,12.243988870276548,0,0,7,11,0,11.442783121437364,0,13.9,-0.3,0.79,Dropout
1,1,1,9645,1,1,131.9,1,19,37,9,10,133.3,1,0,0,1,0,1,18,0,0,6,6,6,14.744468327961602,0,0,6,6,6,13.422430559800338,0,12.7,3.6,-1.71,Graduate
1,1,1,9876,1,1,133.2,1,38,38,4,4,123.2,1,0,0,1,0,0,18,0,0,6,6,2,0.0,0,0,6,6,0,0.0,0,9.2,1.4,-3.1,Dropout
1,41,1,9102,1,1,133.7,1,2,38,3,3,130.4,0,0,0,1,0,0,23,0,12,14,19,12,12.42860414653705,0,4,12,15,11,12.239401763519867,0,8.9,2.7,3.49,Enrolled
1,44,1,9040,1,1,132.4,1,2,1,4,6,109.3,0,0,0,1,1,0,26,0,8,7,11,4,11.504451217573443,0,10,7,15,2,12.867168381097587,0,15.9,0.4,-0.91,Dropout
1,17,1,9171,1,1,125.1,1,3,19,5,9,119.5,1,0,0,1,0,1,18,0,0,5,8,5,10.945445472572413,0,0,5,5,5,12.058429793429935,0,12.6,0.5,1.83,Graduate
1,39,1,9514,1,1,132.4,1,38,37,10,8,130.8,0,0,0,1,0,0,41,0,0,7,7,7,14.394801617634696,0,0,8,9,8,15.138780972501351,0,14.0,0.5,0.81,Graduate
1,39,1,9044,1,1,132.0,1,38,37,9,9,148.1,0,0,0,1,0,0,33,0,0,6,6,0,0.07121487350801645,0,0,6,6,0,0.0,0,11.1,0.6,2.01,Dropout
1,1,3,9744,1,1,137.4,1,19,37,10,6,132.6,1,0,0,1,0,1,18,0,0,6,7,6,13.375327120936005,0,0,6,8,6,14.326559470533368,0,9.2,0.5,1.82,Graduate
1,1,1,9310,1,1,133.2,1,2,2,2,4,128.9,1,0,0,1,0,0,18,0,0,6,6,6,13.06021254295567,0,0,6,6,6,12.40417091838746,0,11.1,0.6,2.02,Graduate
1,1,2,9094,1,1,117.8,1,19,19,10,10,118.9,1,0,0,1,0,1,18,0,0,6,6,6,11.449921973031781,0,0,6,6,5,11.994951242825616,0,12.4,0.5,1.79,Graduate
1,7,1,9669,1,1,134.0,1,1,1,3,6,158.4,0,0,0,1,1,0,28,0,0,5,5,0,0.2511602146689548,0,0,5,6,0,0.41736681422618,0,9.0,1.4,1.8,Graduate
2,39,1,9755,1,1,131.8,1,38,37,8,10,127.2,0,0,0,1,0,0,25,0,0,6,7,6,13.03053846851378,0,0,6,8,6,13.34365955456841,0,8.9,1.4,3.49,Graduate
1,1,1,8990,1,1,131.7,1,37,37,9,7,117.8,0,0,0,1,1,0,21,0,0,0,1,0,0.26244791249722416,0,0,0,1,0,0.0,0,12.4,0.5,1.8,Dropout
1,51,1,8952,1,1,137.7,1,2,1,1,7,140.1,0,0,0,1,1,0,21,0,0,6,5,0,14.782028538533156,0,0,6,5,5,13.676638121410221,0,8.9,1.4,3.48,Dropout
1,1,1,9728,1,1,124.3,1,3,19,1,5,123.3,1,0,0,1,0,0,18,0,0,6,12,5,12.381266322976503,0,0,6,8,5,10.480326248107406,0,15.5,2.8,-4.06,Graduate
1,52,1,33,1,1,135.3,1,1,38,9,8,128.9,1,0,0,1,0,0,20,0,15,12,19,11,14.220459941169292,0,9,11,15,12,12.885328791404325,0,9.0,1.4,3.5,Graduate
1,1,1,9991,1,1,131.0,1,37,37,9,9,129.9,1,0,0,1,0,0,17,0,0,7,7,6,14.06314689980549,0,0,8,6,6,14.761774261709672,0,12.6,3.7,-1.7,Graduate
1,2,1,412,1,1,133.7,1,37,38,1,7,116.0,1,0,0,1,0,0,18,0,0,0,0,0,0.6310399577493117,0,0,0,0,0,0.14852470032074497,0,7.6,2.7,0.32,Dropout
1,43,1,8964,1,1,137.2,1,2,2,4,5,113.6,0,0,0,1,1,0,21,0,0,6,11,4,11.795045187325892,0,0,6,12,2,0.0,0,12.4,0.5,1.78,Dropout
1,1,4,9741,1,1,134.9,1,37,37,9,8,116.9,1,0,0,1,0,1,19,0,0,7,7,6,12.64968984496897,0,0,8,8,6,13.481991478259328,0,13.9,-0.3,0.79,Graduate
1,17,3,9213,1,1,124.3,1,2,4,5,3,118.6,1,0,0,1,0,0,18,0,0,5,5,4,13.691576791196136,0,0,5,5,5,13.055222465182245,0,10.8,1.4,1.75,Graduate
1,1,1,9081,1,1,135.9,1,1,3,1,1,141.8,1,0,0,1,1,0,18,0,0,6,1,0,0.934809307538025,0,0,6,0,0,0.0,0,9.4,-0.8,-3.11,Dropout
1,1,1,9526,1,1,132.8,1,2,1,4,3,125.5,1,0,0,1,0,0,18,0,0,7,12,7,13.056055043597079,0,0,8,8,8,12.400051684926263,0,13.9,-0.3,0.78,Graduate
1,43,1,9163,1,1,134.3,1,3,1,1,0,115.9,0,0,0,0,1,0,22,0,0,5,11,1,0.0,0,0,5,13,2,0.0,0,9.3,-0.8,1.79,Dropout
1,1,1,9569,1,1,131.8,1,2,1,2,3,134.5,1,0,0,1,0,0,20,0,0,6,10,6,13.621472696704645,0,0,6,8,5,12.079413605632537,0,12.6,3.7,-1.7,Graduate
1,1,1,738,1,1,140.7,1,2,3,3,8,139.9,1,0,0,1,0,0,19,0,0,0,0,0,0.46416766389477176,0,0,0,0,0,0.410684226367095,0,12.5,-0.8,-3.12,Graduate
1,1,1,9593,1,1,134.8,1,38,38,9,8,121.0,0,0,0,1,1,0,24,0,0,5,6,0,0.009476636710513837,0,0,5,0,0,0.0,0,9.2,-0.8,-3.11,Dropout
1,39,1,9215,1,1,130.7,1,37,36,8,4,117.0,0,0,0,1,1,0,25,0,0,5,6,0,0.4520990789537888,0,0,5,5,0,0.0,0,9.5,-0.8,-3.13,Dropout
1,16,3,9788,1,1,124.0,1,19,38,10,8,120.5,1,0,0,1,0,1,19,0,0,6,6,6,12.191459815940686,0,0,6,5,6,12.519714937282485,0,10.8,1.4,1.79,Graduate
1,41,1,9164,1,1,134.8,1,1,2,3,4,110.0,0,0,0,0,1,0,22,0,0,5,13,2,12.5629362418834,0,0,5,15,2,0.0,0,7.6,2.6,0.32,Dropout
1,17,2,9278,1,1,122.0,1,3,1,1,4,118.7,1,0,0,1,0,0,18,0,0,6,9,4,9.420021995412444,0,0,6,12,4,9.884628395977646,0,10.8,1.4,1.75,Enrolled
1,1,1,9017,1,1,139.5,1,2,1,6,1,130.9,1,0,0,1,0,0,19,0,0,6,8,5,13.532493416482332,0,0,6,8,5,13.906161529076293,0,12.7,3.7,-1.7,Graduate
1,1,1,9687,1,1,132.3,1,2,37,8,3,131.7,1,0,0,1,0,0,18,0,0,6,8,6,12.229063965360297,0,0,6,8,7,11.000092318678897,0,12.4,1.4,1.77,Graduate
2,39,1,8163,1,40,132.8,1,1,1,4,1,159.9,0,0,0,1,0,0,29,0,2,6,6,6,14.794924362066528,0,1,6,8,6,12.888877768094432,0,10.8,1.4,1.78,Dropout
1,1,3,9366,1,1,144.2,1,1,1,6,0,130.6,1,0,0,1,0,0,18,0,0,7,7,7,16.541039340367636,0,0,8,8,8,16.985727191434027,0,13.9,-0.3,0.79,Graduate
1,43,1,9070,1,1,129.1,1,31,36,3,1,128.3,0,0,0,1,1,0,29,0,0,6,12,4,12.988262415004556,0,0,5,12,2,13.03150757481119,0,7.6,2.6,0.32,Dropout
1,1,1,9395,1,1,129.9,1,3,1,4,3,130.8,1,0,0,1,0,0,19,0,0,7,7,7,14.262127940614057,0,0,7,8,8,14.156758729347874,0,7.7,2.6,0.32,Graduate
1,1,3,9557,1,1,139.7,1,2,19,2,2,125.5,1,0,0,1,0,1,18,0,0,6,6,6,14.850517392927676,0,0,6,6,6,16.160203411142323,0,12.7,3.7,-1.66,Graduate
1,39,1,9191,1,1,132.4,1,36,37,9,5,146.2,0,0,0,1,0,0,18,0,0,6,6,6,13.50117452281296,0,0,6,6,6,12.209595376815228,0,13.9,-0.2,0.84,Graduate
1,1,1,9061,1,1,144.5,1,2,3,2,1,158.9,0,0,0,1,1,0,19,0,0,5,5,0,0.6198129374034047,0,0,5,6,0,0.0,0,12.5,0.5,1.82,Graduate
1,1,1,9404,1,1,138.3,1,4,38,2,2,126.9,1,0,0,1,0,1,18,0,0,7,8,7,14.126093116914884,0,0,8,8,7,16.291796108697696,0,12.6,-0.3,0.8,Graduate
1,39,1,1723,1,1,131.5,1,1,1,2,1,141.1,0,0,0,1,1,0,36,0,0,0,0,0,0.4116025531953379,0,0,0,0,0,0.0,0,9.0,1.4,1.82,Dropout
1,42,1,9146,1,40,135.0,1,1,2,2,3,148.0,0,0,0,1,0,0,24,0,6,6,12,6,13.154939751390703,0,1,6,13,2,13.187601522892736,0,15.6,2.7,-4.05,Dropout
1,39,1,9696,1,1,130.6,1,38,38,8,8,130.1,0,0,0,1,0,0,20,0,0,6,11,6,12.537408940651899,0,0,6,10,6,10.950424176377432,0,16.2,0.3,-0.92,Dropout
1,1,1,9571,1,1,140.5,1,38,38,9,12,130.2,1,0,0,1,0,0,19,0,0,7,7,6,13.827397599543444,0,0,8,8,8,12.421290688613464,0,9.1,2.7,0.79,Graduate
1,1,1,9815,1,1,125.4,1,37,37,9,9,116.0,1,0,0,1,0,1,18,0,0,5,8,5,11.903495741138244,0,0,5,8,5,13.075491418260771,0,9.3,-0.8,-3.12,Graduate
1,1,1,9096,1,1,131.3,1,38,38,10,9,126.4,0,0,0,1,0,0,21,0,0,6,8,5,12.715609143082487,0,0,6,10,5,11.616805129790551,0,16.2,0.5,0.92,Graduate
1,39,1,8132,1,1,125.9,1,38,37,3,4,131.3,0,0,0,1,0,0,21,0,0,6,7,6,12.734876299346968,0,0,6,7,6,13.256282079097414,0,7.7,2.6,0.32,Graduate
1,1,1,9429,1,1,133.9,1,1,2,3,7,126.2,0,0,0,1,0,0,19,0,0,7,7,6,13.781723512684938,0,0,8,10,6,14.862594167016058,0,16.2,0.5,-0.75,Graduate
1,1,3,9743,1,1,141.5,1,2,38,4,5,128.3,1,0,0,1,0,1,18,0,0,6,7,6,14.413364211236326,0,0,6,6,6,14.453724687676036,0,13.9,-0.4,0.31,Graduate
1,7,1,9156,1,1,131.2,1,2,2,2,1,146.7,0,0,0,0,1,0,18,0,0,5,0,0,0.31947589559809353,0,0,5,6,0,0.0,0,10.8,1.4,1.78,Dropout
1,1,1,9207,1,1,135.4,1,38,38,9,11,123.9,0,0,0,1,0,1,19,0,0,5,6,5,12.81973074502505,0,0,5,5,5,14.47973920651796,0,11.1,0.7,2.03,Graduate
1,39,1,8932,1,1,133.6,1,3,1,6,4,150.4,0,0,0,1,1,0,35,0,0,6,0,0,0.818884209580312,0,0,6,6,0,0.0,0,9.1,0.5,1.81,Dropout
1,17,1,9210,1,1,130.0,1,19,38,8,8,109.2,0,0,0,1,1,0,19,0,0,5,0,0,0.0,0,0,5,0,0,0.0,0,12.6,0.5,0.85,Dropout
1,1,1,9065,1,1,131.8,1,3,2,5,9,128.4,1,0,0,1,0,1,21,0,0,6,8,6,11.652830069204342,0,0,6,8,5,11.041104124562889,0,12.6,-0.3,0.8,Graduate
1,2,1,9102,1,1,133.2,1,37,36,9,8,122.6,0,0,0,1,1,0,18,0,0,5,6,0,0.24054823799796132,0,0,5,5,0,0.0,0,9.4,-0.8,-3.14,Dropout
1,1,1,9165,1,1,132.6,1,38,37,9,8,146.3,0,0,0,1,0,1,19,0,0,6,6,6,15.832716349106471,0,0,6,6,6,15.62223563077802,0,11.0,0.6,1.91,Graduate
1,44,1,9069,1,39,138.2,1,2,1,3,6,142.3,0,0,0,1,0,0,20,0,2,6,10,6,12.736783980446889,0,1,6,8,5,14.779071303157863,0,10.8,1.4,1.78,Dropout
1,1,3,1024,1,1,137.7,1,4,3,4,3,127.5,1,0,0,1,0,0,18,0,0,0,0,0,0.43749640983810506,0,0,0,0,0,0.0,0,9.1,1.4,3.47,Graduate
1,1,1,9556,1,1,129.1,1,38,38,6,6,129.1,1,0,0,1,0,0,17,0,0,7,8,7,13.902423092545508,0,0,8,8,8,13.096654940588659,0,12.4,0.5,1.8,Graduate
1,39,1,9847,1,1,132.2,1,38,38,8,3,152.3,0,0,0,1,0,0,36,0,0,6,7,6,14.531470278077864,0,0,6,9,5,13.565791274359396,0,10.9,0.6,1.87,Graduate
1,17,1,9100,1,1,122.7,1,1,2,4,4,124.6,1,0,0,1,1,0,19,0,0,6,12,1,11.712114184321294,0,0,6,12,2,0.0,0,12.4,0.5,1.81,Dropout
2,39,1,9828,1,1,133.6,1,37,34,76,2,127.5,0,0,0,0,0,0,30,0,0,4,0,0,0.5327972385705649,0,0,5,0,0,0.0,0,9.3,-0.8,-3.12,Dropout
1,1,1,8967,1,1,140.5,1,2,3,5,3,124.8,1,0,0,1,0,0,18,0,0,6,8,6,13.324455285858145,0,0,6,8,5,12.39550301409109,0,12.4,0.5,1.77,Graduate
1,42,1,9077,1,1,132.9,1,1,1,0,3,98.5,0,0,0,1,1,0,22,0,0,6,11,2,0.0,0,0,6,11,0,0.0,0,7.6,2.6,0.31,Dropout
1,1,1,9235,1,1,131.4,1,38,37,9,11,129.6,1,0,0,1,0,1,18,0,0,6,8,6,12.868147783070668,0,0,6,8,5,12.296064031781464,0,12.4,0.5,1.78,Graduate
1,2,1,334,1,1,166.0,1,3,4,4,7,147.4,0,0,0,1,1,0,18,0,0,0,0,0,0.6614203513351982,0,0,0,0,0,0.5519445359332893,0,12.4,2.7,1.81,Dropout
1,43,1,9589,1,1,134.9,1,1,2,9,10,159.1,0,0,0,1,0,0,42,0,0,7,11,7,13.230574015471811,0,4,8,12,8,13.67037763134927,0,13.9,-0.3,0.78,Graduate
1,1,1,9067,1,1,135.7,1,20,38,9,9,132.0,1,0,0,1,0,1,18,0,0,6,6,6,0.0,0,0,6,6,6,0.4422790644120764,0,14.0,-0.8,-3.11,Graduate
1,1,1,9343,1,1,131.2,1,38,37,6,6,114.0,1,0,0,1,0,0,21,0,0,6,12,4,9.733622479544621,0,0,6,12,2,10.364867649966737,0,7.6,2.6,0.31,Enrolled
1,17,2,9171,1,1,127.0,1,19,38,9,9,116.7,1,0,0,1,0,1,18,0,0,6,13,5,12.064590143434561,0,0,6,11,5,10.158289503916523,0,12.7,3.7,-1.7,Graduate
1,1,2,9187,1,1,113.5,1,19,38,11,11,117.7,1,0,0,1,0,1,18,0,0,5,5,5,12.302121649959998,0,0,5,5,5,11.519824408438716,0,12.4,0.5,1.81,Graduate
1,42,1,9071,1,40,131.3,1,2,1,2,5,141.2,0,0,0,1,0,0,19,0,2,7,12,6,13.33896786875683,0,4,6,12,6,12.823710562230733,0,15.5,2.7,-4.04,Dropout
1,39,1,9165,1,19,132.6,1,36,37,9,3,105.8,0,0,0,1,1,0,47,0,0,6,12,0,0.239683827479717,0,0,6,14,0,0.0,0,15.8,2.8,-3.91,Dropout
1,1,1,9153,1,1,131.4,1,37,37,2,6,148.6,0,0,0,1,1,0,19,0,0,5,6,5,13.414848441754891,0,0,5,5,5,12.94940717465069,0,7.6,2.7,0.34,Graduate
1,1,1,9136,1,1,129.5,1,38,38,10,10,132.9,0,0,0,1,0,0,21,0,0,7,8,9,13.357873021073265,0,0,8,8,7,11.877891158242456,0,9.0,2.7,0.8,Graduate
1,1,1,9535,1,1,131.4,1,2,2,5,6,130.5,1,0,0,1,0,0,19,0,0,7,11,6,11.129243147014652,0,0,8,11,0,0.0,0,16.1,0.4,-0.92,Dropout
1,1,1,9570,1,1,134.1,1,1,38,5,2,131.8,0,0,0,1,0,0,19,0,0,6,8,6,12.160990946683874,0,0,6,8,6,12.4433455678498,0,15.5,0.5,-4.06,Graduate
1,1,1,9617,1,1,130.6,1,37,37,10,9,128.8,0,0,0,1,0,1,19,0,0,7,7,6,14.684598379740354,0,0,7,6,6,12.80868146638803,0,15.9,0.4,0.79,Graduate
1,43,1,9566,1,1,139.7,1,2,3,4,2,136.6,0,0,0,1,0,0,18,0,0,8,8,7,12.885306209257319,0,0,8,8,7,13.998179943957702,0,12.7,3.7,-1.7,Graduate
1,39,1,9177,1,1,131.9,1,1,2,3,2,118.6,0,0,0,1,1,0,31,0,0,6,10,1,11.442583857326827,0,0,6,12,2,0.0,0,15.4,1.4,3.49,Dropout
1,38,1,9663,1,1,130.0,1,37,38,10,8,123.5,0,0,0,1,1,0,32,0,0,5,6,0,0.0,0,0,5,6,0,0.0,0,7.7,-0.8,0.31,Dropout
1,1,1,455,1,1,134.3,1,1,38,6,8,139.8,1,0,0,1,0,0,18,0,0,0,0,0,0.31451945803473935,0,0,0,0,0,0.0,0,12.6,3.7,-1.72,Graduate
2,38,1,9498,0,11,135.2,1,37,37,10,8,140.0,0,0,0,1,1,0,37,0,0,5,0,0,0.0,0,0,5,6,0,0.6405720541172515,0,7.6,2.6,0.32,Dropout
1,1,1,9156,1,1,130.5,1,1,19,9,10,123.7,1,0,0,1,0,1,18,0,0,5,5,5,14.345482072669393,0,0,5,5,5,14.635653360814532,0,14.0,0.5,0.78,Graduate
1,39,1,9991,1,1,133.7,1,37,37,10,9,103.3,0,0,0,1,0,0,21,0,0,6,7,4,11.894060065429299,0,0,6,11,0,11.615257192458191,0,12.4,0.5,1.76,Dropout
1,1,1,9484,1,1,136.8,1,2,37,3,4,127.8,1,0,0,1,0,0,18,0,0,7,8,6,12.457987509229142,0,0,8,8,7,13.352468625643578,0,13.8,-0.3,0.77,Graduate
1,43,1,9116,1,1,131.7,1,2,2,2,3,97.4,0,0,0,1,1,0,29,0,11,7,11,4,12.056238001762285,0,4,7,13,0,0.0,0,7.6,2.6,0.33,Dropout
1,44,1,9652,1,1,129.3,1,1,1,1,5,130.5,0,0,0,1,0,0,20,0,2,7,12,11,12.720255437235037,0,5,10,13,8,11.218073558915634,0,13.9,-0.3,0.79,Dropout
1,39,1,855,1,1,134.2,1,36,37,2,3,119.3,0,0,0,1,0,0,26,0,0,6,0,0,0.0,0,0,6,0,0,0.0,0,9.3,-0.3,0.78,Dropout
1,44,1,9606,1,1,131.1,1,3,3,6,6,107.0,0,0,0,1,0,0,21,0,0,7,11,6,12.245138864727327,0,0,8,12,7,13.720045189166003,0,12.5,0.7,1.9,Enrolled
1,1,1,9366,1,1,141.3,1,3,1,9,5,133.1,0,0,0,1,0,0,19,0,0,7,7,7,14.153701951273936,0,0,8,8,8,14.007871163803966,0,12.5,-0.3,0.78,Graduate
1,1,1,9569,1,1,134.2,1,1,38,4,5,118.9,0,0,0,1,0,0,20,0,0,6,11,5,12.137520585642765,0,0,6,9,5,11.623653312564,0,15.6,2.7,-4.03,Enrolled
1,1,1,9694,1,1,143.8,1,19,37,8,10,130.4,1,0,0,1,0,1,18,0,0,6,6,6,15.29154633066037,0,0,6,8,6,14.039458604612166,0,10.8,3.7,1.78,Graduate
2,39,1,9357,1,1,129.5,1,38,37,9,8,117.2,0,0,0,1,0,0,29,0,0,7,11,7,12.337691224266914,0,0,8,8,7,12.09827328090651,0,12.4,0.5,1.8,Enrolled
1,1,1,9721,1,1,130.8,1,37,37,8,8,120.8,1,0,0,1,0,0,18,0,0,6,0,0,0.0,0,0,6,0,0,0.0,0,9.1,2.7,0.32,Dropout
1,39,1,9499,1,1,127.7,1,38,38,9,7,127.6,0,0,0,1,0,1,23,0,0,6,6,6,15.719384918988732,0,0,6,5,6,14.207108086604652,0,15.5,2.7,-4.04,Graduate
2,39,1,9736,0,1,132.4,1,37,37,10,8,127.2,0,0,0,1,0,1,47,0,0,8,8,7,13.06683956576947,0,0,8,8,7,14.30006180430935,0,10.8,1.4,1.77,Graduate
1,43,1,9096,1,41,131.8,1,1,1,2,6,126.4,0,0,0,1,0,0,37,0,6,11,15,12,12.251787380017761,0,4,11,16,10,12.090921994397402,0,7.6,2.7,0.32,Dropout
1,2,1,9142,1,1,121.8,1,2,38,5,5,109.7,1,0,0,1,1,0,20,0,0,5,9,5,11.555126572136654,0,0,5,9,5,10.911555430909841,0,12.5,-0.3,0.78,Enrolled
1,1,3,9792,1,1,139.6,1,1,2,2,2,128.1,1,0,0,1,0,1,18,0,0,7,7,6,14.229674474908036,0,0,8,6,6,14.278832853448865,0,12.4,0.5,1.81,Graduate
1,39,1,9604,1,1,129.3,1,37,37,10,8,131.0,0,0,0,1,0,0,19,0,0,7,12,7,12.813257451272797,0,0,7,11,8,12.500640792746417,0,16.1,0.6,-3.75,Graduate
1,38,1,9697,1,1,135.4,1,37,37,6,6,101.6,0,0,0,1,1,0,25,0,0,6,12,0,0.0,0,0,6,12,0,0.0,0,15.9,2.6,0.79,Dropout
1,40,1,9676,1,1,131.7,1,39,38,1,6,124.6,0,0,0,1,0,0,20,0,0,6,7,6,13.45883184155945,0,0,6,7,6,11.52549649265842,0,7.6,2.7,0.33,Graduate
1,1,1,9224,0,1,132.0,1,37,38,9,8,129.6,0,0,0,1,0,0,19,0,0,5,6,5,12.83534993913814,0,0,5,5,5,11.447770981648706,0,9.0,1.4,1.78,Graduate
1,1,1,9097,1,1,140.8,1,3,2,4,4,133.9,1,0,0,1,0,0,19,0,0,6,5,6,14.959006890794264,0,0,6,6,6,12.482204828616505,0,15.5,2.8,-4.06,Graduate
1,45,1,9824,1,1,130.5,1,37,37,5,3,118.8,1,0,0,1,0,0,20,0,0,7,11,4,11.039506034961143,0,0,7,17,3,11.858184128571525,0,15.9,2.6,0.32,Enrolled
1,1,1,9661,1,1,130.8,1,4,1,4,2,134.6,1,0,0,1,1,0,18,0,0,6,6,0,0.6944942707734292,0,0,6,0,0,0.33383457289872376,0,9.4,-0.8,-3.13,Dropout
1,42,1,9059,1,1,125.1,1,3,1,2,1,107.8,1,0,0,1,1,0,20,0,0,6,11,1,0.0,0,0,6,11,0,0.0,0,13.9,-0.3,0.79,Dropout
1,1,1,9283,1,1,128.6,1,2,1,3,3,141.6,0,0,0,1,1,0,20,0,0,5,5,5,11.863377691974735,0,0,5,5,0,12.791153586890337,0,15.5,2.8,-4.06,Dropout
1,17,1,9175,1,1,124.7,1,19,38,2,4,129.5,1,0,0,1,1,0,20,0,0,5,6,2,12.257362086206166,0,0,5,5,5,12.77506596341864,0,10.8,1.4,1.77,Dropout
2,39,1,7882,0,3,147.9,1,37,37,9,4,139.1,0,0,0,1,0,0,46,0,2,10,9,6,15.481417815570968,0,2,7,7,6,14.235610658642493,0,14.0,-0.3,0.8,Graduate
2,38,1,8082,0,18,130.4,1,37,38,9,7,157.9,0,0,0,1,0,0,57,0,0,6,0,0,0.0,0,0,6,0,0,0.0,0,13.9,-0.3,0.79,Dropout
1,1,1,8926,1,1,132.3,1,2,2,2,5,139.6,0,0,0,1,1,0,19,0,0,5,9,5,14.26865627331492,0,0,5,9,5,13.920872762730829,0,12.4,0.5,1.8,Graduate
1,1,1,9589,1,1,140.6,1,2,2,6,2,127.9,1,0,0,1,0,1,18,0,0,6,7,6,14.69569043446883,0,0,6,8,6,13.16387285831349,0,11.2,0.6,2.01,Graduate
1,17,1,9141,1,1,133.7,1,19,37,9,9,120.8,1,0,0,0,0,0,19,0,0,6,0,0,0.37552231716205897,0,0,6,0,0,0.0,0,10.8,1.4,3.43,Dropout
1,1,3,9774,1,1,126.9,1,1,2,1,7,130.2,1,0,0,1,0,0,18,0,0,6,6,0,0.0,0,0,6,0,0,0.0,0,9.2,1.4,1.8,Dropout
1,1,3,9032,1,1,124.4,1,2,19,4,3,118.3,1,0,0,1,0,1,19,0,0,6,8,5,13.251409453551997,0,0,6,8,5,10.481512725206958,0,9.0,2.7,3.49,Graduate
1,2,1,9102,1,1,132.5,1,2,2,2,0,127.7,1,0,0,1,0,0,19,0,0,5,6,3,11.168115120158967,0,0,5,6,4,11.399813227115555,0,9.4,-0.8,-3.11,Enrolled
1,43,1,9080,1,39,141.4,1,1,2,3,5,131.5,0,0,0,1,1,0,31,0,2,6,12,3,13.851469256267732,0,1,6,10,2,12.417505806758129,0,12.6,3.7,-1.72,Dropout
2,39,1,7857,0,3,148.9,1,38,33,4,0,140.0,0,0,0,1,0,0,41,0,0,8,7,12,13.577868328352283,0,0,8,8,6,13.304312072945857,0,9.2,1.4,-3.16,Graduate
1,39,1,9820,1,1,130.4,1,37,38,9,9,102.4,0,0,0,1,0,0,46,0,0,7,10,9,11.968178668364077,0,0,8,10,10,0.0,0,16.1,0.4,-1.7,Dropout
1,1,1,9131,1,1,131.2,1,38,38,9,10,122.9,1,0,0,1,0,0,18,0,0,5,6,4,11.766629620681638,0,0,5,5,5,12.744090214435719,0,9.1,1.4,3.48,Graduate
1,17,3,9222,1,1,119.6,1,1,37,6,5,113.3,1,0,0,1,0,0,19,0,0,6,7,6,11.477646154381207,0,0,6,6,6,11.555682337425651,0,9.1,1.4,1.81,Graduate
1,1,3,9991,1,1,141.9,1,18,37,4,10,130.6,1,0,0,1,0,1,19,0,0,6,6,6,13.703389289205107,0,0,6,6,6,16.335750496470478,0,9.1,1.4,1.79,Graduate
1,17,1,9192,1,1,133.2,1,38,37,9,9,110.0,0,0,0,1,0,0,21,0,0,6,6,2,11.431497930282509,0,0,6,6,0,0.0,0,10.8,1.4,1.76,Dropout
2,39,1,9086,0,1,134.4,1,37,32,4,4,158.5,0,0,0,0,1,0,25,0,0,5,6,0,0.0,0,0,5,5,0,0.0,0,9.3,-0.8,-3.1,Dropout
1,44,1,9557,1,39,132.6,1,1,2,5,7,165.3,0,0,0,1,0,0,39,0,2,9,9,7,12.338841601985873,0,4,10,11,7,13.756498708049897,0,10.8,0.5,1.75,Dropout
2,39,1,9662,0,1,134.0,1,39,37,9,10,136.8,0,0,0,1,0,1,32,0,0,6,8,6,14.723555005400017,0,0,6,8,6,15.344238088328442,0,12.6,3.7,-1.68,Graduate
1,1,3,9661,1,1,134.8,1,18,37,4,7,129.2,1,0,0,1,0,1,18,0,0,6,7,6,13.091697433554272,0,0,6,8,6,14.075745707183488,0,9.1,0.5,1.81,Graduate
1,44,1,9179,1,1,131.1,1,3,2,4,1,117.6,1,0,0,1,1,0,19,0,0,6,12,2,11.624594667059469,0,0,6,6,0,0.0,0,13.9,-0.3,0.78,Dropout
1,1,1,9423,1,1,129.6,1,2,2,4,5,127.4,1,0,0,1,0,0,18,0,0,6,7,6,12.699340791690263,0,0,6,7,6,12.060997869173471,0,7.6,2.7,0.33,Graduate
1,1,1,9230,1,1,135.2,1,2,3,4,5,118.1,1,0,0,1,0,0,18,0,0,5,5,5,12.74672873391099,0,0,5,6,5,12.888329225443698,0,9.3,-0.8,-3.11,Graduate
1,1,1,9732,1,1,140.3,1,38,39,1,6,136.4,1,0,0,1,0,0,18,0,0,6,6,6,14.680252770680974,0,0,6,6,6,13.017863360887535,0,9.1,1.4,1.8,Graduate
1,1,1,9687,1,1,140.3,1,38,37,9,9,127.3,1,0,0,1,0,1,18,0,0,8,8,6,14.515546559733773,0,0,8,8,7,13.643163466357116,0,10.8,1.4,1.75,Graduate
1,17,2,9101,1,1,123.7,1,3,1,4,6,123.4,1,0,0,1,0,0,19,0,0,6,6,4,11.385921957733391,0,0,6,6,4,11.831912659416249,0,8.9,1.4,3.51,Dropout
1,2,2,9991,1,1,118.7,1,38,38,9,10,118.2,1,0,0,1,0,1,18,0,0,6,6,5,13.963103569256331,0,0,6,5,5,11.622320231514912,0,12.5,0.5,1.82,Graduate
1,39,1,9064,1,40,132.3,1,37,37,2,4,102.9,0,0,0,1,1,0,35,0,0,6,0,0,0.0,0,0,6,0,0,0.0,0,12.4,0.5,1.82,Dropout
1,1,1,9481,1,1,138.6,1,2,2,3,3,126.1,1,0,0,1,0,0,18,0,0,6,6,6,15.73499778112138,0,0,6,5,6,16.007785287206463,0,9.4,-0.8,-3.12,Graduate
1,1,1,9529,1,1,142.3,1,2,2,3,6,133.8,1,0,0,1,0,0,18,0,0,8,7,7,13.543073917025167,0,0,8,8,8,15.737638232401043,0,8.9,1.4,3.46,Graduate
1,44,1,9125,1,1,128.9,1,2,2,1,4,122.5,0,0,0,1,1,0,29,0,2,6,12,4,12.95136266088112,0,0,6,11,2,0.0,0,12.5,0.5,1.82,Dropout
1,43,1,222,1,1,135.2,1,37,38,1,9,131.4,1,0,0,1,0,0,19,0,16,13,28,12,13.968967532493604,0,8,12,15,11,10.893189805771211,0,9.0,1.4,3.51,Graduate
1,1,3,1145,1,1,138.5,1,2,4,5,3,135.2,1,0,0,1,0,0,18,0,0,7,0,6,0.0,0,0,8,0,0,0.32450533956902117,0,13.8,-0.3,0.78,Graduate
1,1,1,9167,1,1,142.5,1,1,2,6,7,132.0,1,0,0,1,0,1,18,0,0,5,6,5,13.142224998633665,0,0,5,5,5,14.573599012563427,0,12.5,0.5,1.82,Graduate
1,39,1,9038,1,1,130.6,1,3,1,2,3,102.5,0,0,1,0,1,0,25,0,6,6,13,0,0.0,0,0,6,15,0,0.0,0,15.5,2.7,-4.03,Dropout
1,1,3,9238,1,1,121.0,1,2,38,7,4,121.2,1,0,0,1,0,1,19,0,0,6,8,6,11.39103592162815,0,0,6,8,6,11.911022119641418,0,9.1,0.5,1.83,Graduate
1,1,1,9214,1,1,131.2,1,37,38,2,6,122.9,1,0,0,1,0,0,18,0,0,5,7,5,12.553742781818116,0,0,5,7,5,11.819010782041124,0,7.6,2.6,0.32,Graduate
1,43,1,9214,1,40,121.0,1,2,2,2,1,128.1,0,0,0,1,0,0,19,0,8,11,15,9,10.972264650274548,0,4,10,14,5,11.907816275453484,0,15.5,2.7,3.51,Dropout
1,1,1,9700,1,1,131.6,1,38,37,9,9,104.7,1,0,0,1,0,1,21,0,0,6,8,5,11.147244869058582,0,0,6,8,7,10.646295929607842,0,12.6,-0.3,1.83,Graduate
1,1,1,9117,1,1,120.7,1,37,37,10,9,117.4,0,0,0,1,1,0,17,0,0,5,9,5,11.61812153733855,0,0,5,8,5,12.034840248049244,0,12.4,0.5,1.78,Enrolled
1,1,1,9580,1,1,129.6,1,2,1,4,4,127.8,1,0,0,1,0,0,18,0,0,6,8,6,12.776831564314683,0,0,8,8,7,14.746074729436955,0,12.7,3.7,-1.7,Graduate
1,39,1,9517,1,1,127.4,1,37,38,9,10,139.8,0,0,0,1,0,0,44,0,0,7,7,7,12.892036090306483,0,4,8,8,8,14.878818959669058,0,12.4,0.5,1.79,Graduate
1,40,1,9657,1,1,132.5,1,1,2,2,5,148.8,0,0,0,1,1,0,23,0,0,6,0,0,0.5593210317124865,0,0,6,0,0,0.0,0,12.5,0.5,1.78,Dropout
1,1,1,9108,1,1,140.6,1,1,2,4,2,127.3,1,0,0,1,1,0,18,0,0,5,7,5,14.707554587184688,0,0,5,8,5,14.887601314104284,0,9.0,1.4,3.44,Graduate
1,1,1,9505,1,1,140.2,1,1,37,5,8,127.2,1,0,0,1,0,1,18,0,0,6,8,6,14.413786495700824,0,0,6,8,6,12.97229861746409,0,12.6,3.7,-1.71,Graduate
1,39,1,9755,1,1,134.5,1,38,37,9,10,127.7,0,0,0,1,0,0,18,0,0,7,8,7,14.544338911392096,0,0,8,8,8,14.305240370897277,0,12.4,0.5,1.8,Graduate
1,1,3,9542,1,1,142.4,1,19,37,2,2,126.6,1,0,0,1,0,1,18,0,0,7,7,6,13.290841203441104,0,0,7,8,6,13.262864285681728,0,7.6,2.6,0.31,Graduate
1,44,1,9494,1,1,132.8,1,37,37,9,11,119.3,0,0,0,1,0,0,22,0,2,8,8,7,11.989874381686914,0,2,8,8,7,14.003582296185622,0,12.6,3.7,-1.69,Graduate
1,44,1,9284,1,1,119.3,1,2,2,2,4,124.0,1,0,0,1,1,0,19,0,0,7,13,4,11.333516773132555,0,0,7,10,2,10.686788363914982,0,15.7,-0.3,0.8,Dropout
1,1,1,9318,1,1,134.4,1,3,2,4,6,136.2,0,0,0,1,0,0,18,0,0,7,7,6,14.60090527413628,0,0,8,8,8,13.672859890607151,0,14.1,0.6,2.04,Graduate
1,1,1,9170,1,1,132.8,1,2,37,4,4,122.5,1,0,0,1,1,0,18,0,0,5,5,0,0.0,0,0,5,5,0,0.3443649177143479,0,7.6,2.6,0.34,Graduate
1,1,1,9201,1,1,138.7,1,3,3,5,4,131.6,1,0,0,1,0,0,17,0,0,6,7,6,13.667447269870987,0,0,6,6,6,11.29948869702311,0,13.9,-0.3,0.78,Graduate
2,39,1,9251,0,1,127.8,1,39,37,4,6,144.0,0,0,0,1,1,0,32,0,0,5,5,5,12.909729406571909,0,0,5,6,5,12.815562392842724,0,9.4,-0.8,-3.12,Graduate
1,1,1,9614,1,1,132.7,1,37,36,3,3,116.2,0,0,0,1,0,0,20,0,0,6,8,6,14.115327432267865,0,0,6,10,5,13.182237650410974,0,11.1,0.7,2.03,Graduate
1,39,1,9105,1,1,135.3,1,3,3,4,3,99.5,0,0,0,1,1,0,24,0,0,7,11,4,11.763155264162124,0,0,7,15,0,0.0,0,16.2,0.5,2.03,Dropout
1,1,1,9644,1,1,142.8,1,2,37,8,1,133.6,1,0,0,1,0,0,19,0,0,6,6,6,0.6612691239590037,0,0,6,6,6,0.3795008129642215,0,12.7,-0.8,-3.12,Graduate
2,39,1,9248,1,1,132.8,1,36,37,10,7,135.6,0,0,0,1,0,0,39,0,0,6,0,0,0.48035341704928913,0,0,6,1,0,0.20435994854907358,0,12.5,3.7,1.78,Dropout
1,1,2,9370,1,1,134.6,1,1,38,5,3,131.5,1,0,0,1,0,0,18,0,0,7,8,7,11.937733478310555,0,0,8,8,8,11.335269214074644,0,13.9,-0.3,0.78,Graduate
1,43,1,9491,1,1,140.3,1,3,2,4,4,129.8,0,0,0,1,0,0,20,0,2,7,11,7,12.941787741290437,0,4,8,8,8,14.118601351835858,0,14.0,-0.3,0.79,Dropout
1,1,3,9140,1,1,125.3,1,3,19,5,10,120.4,1,0,0,1,0,1,19,0,0,6,8,6,11.366694541289124,0,0,6,8,5,10.697412632160825,0,12.6,-0.3,0.78,Graduate
2,39,1,530,1,1,132.6,1,38,37,9,6,134.8,0,0,0,1,0,0,39,0,0,7,0,0,0.11445161821806143,0,0,8,0,0,0.2584808977626608,0,12.5,0.5,1.83,Dropout
1,1,1,33,1,1,135.4,1,2,37,10,8,131.6,1,0,0,1,0,0,19,0,15,17,25,20,12.140309256307097,0,8,12,23,12,13.805213080930072,0,9.0,2.7,3.49,Graduate
1,1,1,9407,1,1,145.9,1,38,36,9,6,140.5,0,0,0,1,0,0,17,0,0,7,7,7,13.078019920404932,0,0,8,8,8,14.707559253098225,0,13.9,-0.3,0.79,Graduate
1,1,1,9817,1,1,128.6,1,38,37,8,10,120.0,0,0,0,1,0,1,20,0,0,6,5,0,0.41837691930586074,0,0,6,5,0,0.36676608687314394,0,12.7,3.7,-1.68,Graduate
1,39,1,9881,1,1,130.7,1,37,37,9,9,111.4,0,0,0,1,0,0,29,0,0,7,12,3,9.661535914576167,0,0,8,12,2,11.11154682786836,0,12.7,3.7,-1.71,Dropout
1,18,2,9104,1,1,122.2,1,18,37,4,9,122.7,1,0,0,1,0,1,19,0,0,5,8,5,11.576287975207622,0,0,5,9,5,10.607081200527128,0,9.5,-0.8,-3.13,Graduate
1,17,1,9773,1,1,133.6,1,36,37,1,0,117.3,1,0,0,1,1,0,17,0,0,5,0,0,0.2153338192814282,0,0,5,0,0,0.0,0,7.6,2.6,0.32,Dropout
2,39,1,8069,1,40,133.4,1,2,37,3,5,137.1,0,0,0,1,0,0,34,0,6,6,6,6,13.025948582332884,0,4,6,7,6,12.92900414072846,0,15.5,2.8,-4.06,Graduate
1,42,1,9119,1,1,133.3,1,1,1,2,0,128.1,0,0,0,1,1,0,25,0,0,5,10,2,11.578811326416545,0,0,5,6,0,0.0,0,13.9,-0.3,0.79,Dropout
1,39,1,9056,0,1,135.8,1,37,37,9,9,120.3,0,0,0,1,0,0,26,0,0,5,13,4,10.421510561983322,0,0,5,11,5,11.24934877221385,0,10.8,0.5,1.77,Dropout
1,1,1,9628,1,1,141.2,1,3,1,3,5,129.6,1,0,0,1,0,0,18,0,0,6,7,6,14.561163944777153,0,0,6,8,6,13.783813804647249,0,12.4,0.5,1.78,Graduate
1,42,1,9407,1,1,131.0,1,37,38,9,8,125.5,0,0,0,1,0,0,35,0,7,14,19,10,11.310706755366047,0,4,11,11,11,12.511505628299606,0,10.8,1.4,1.79,Dropout
1,44,1,9193,1,1,132.0,1,2,37,3,2,115.6,0,0,0,1,1,0,27,0,0,5,12,4,11.059674535849858,0,0,5,12,2,11.086876453344061,0,12.6,-0.3,-1.7,Dropout
1,44,1,9256,1,1,130.5,1,1,1,2,5,139.0,0,0,0,1,0,0,20,0,0,6,0,6,13.447040582553736,0,0,6,0,0,0.0,0,12.6,3.7,-1.69,Dropout
1,17,2,9206,1,1,120.7,1,19,37,4,8,121.8,1,0,0,1,0,0,19,0,0,6,10,3,10.293701244333246,0,0,6,10,4,10.85855081345849,0,7.6,2.7,3.49,Enrolled
1,43,1,9507,1,1,133.4,1,2,2,0,2,106.2,0,0,0,1,0,0,20,0,0,7,9,7,12.098976464047928,0,0,8,11,8,12.454647172489656,0,12.7,3.7,-1.69,Dropout
1,39,1,9291,1,1,126.4,1,39,37,2,5,105.2,0,0,0,1,0,0,26,0,0,7,12,4,11.87051242968575,0,0,7,17,2,12.164302333406562,0,15.5,2.8,-4.06,Dropout
1,44,1,9124,1,1,139.0,1,2,1,0,7,146.9,0,0,0,1,0,0,19,0,0,6,8,6,14.407157549522223,0,0,6,8,6,13.947078679020896,0,16.0,0.4,-0.92,Graduate
1,1,1,9843,1,1,130.8,1,38,38,10,9,130.4,0,0,0,1,0,1,18,0,0,6,8,6,14.355355978186864,0,0,6,7,6,15.524663514953284,0,13.8,-0.3,0.78,Graduate
1,39,1,9262,1,1,127.5,1,37,37,8,9,137.6,0,0,0,1,1,0,20,0,0,6,5,0,0.0,0,0,6,6,0,0.0,0,13.9,-0.3,0.8,Graduate
1,39,1,9733,0,10,130.0,1,37,35,74,0,143.3,0,0,0,1,1,0,41,0,0,5,6,0,0.0,0,0,5,6,0,0.09725619610931524,0,7.6,2.6,0.32,Dropout
1,1,1,9675,1,1,135.3,1,37,38,9,8,157.1,0,0,0,1,0,1,18,0,0,6,6,6,15.422407943926382,0,0,6,5,6,15.051896336933387,0,15.5,0.6,-4.06,Graduate
1,43,1,9083,1,39,138.9,1,2,1,3,2,138.1,0,0,0,1,0,0,26,0,2,11,14,6,13.256108414388175,0,4,13,11,2,12.733627365044446,0,16.0,0.4,-0.91,Dropout
1,1,3,9700,1,1,140.1,1,1,37,5,5,133.8,1,0,0,1,0,1,18,0,0,6,7,6,14.926850532869427,0,0,6,8,6,13.741685773332897,0,9.0,1.4,3.42,Graduate
1,38,1,9070,1,1,131.6,1,37,38,3,4,118.1,0,0,0,1,0,0,25,0,0,6,6,5,11.936431439864062,0,0,6,12,2,10.853581994275649,0,10.8,1.4,1.74,Dropout
1,1,1,9189,1,1,118.5,1,2,2,3,7,121.0,1,0,0,1,1,0,19,0,0,5,10,5,13.738083616267714,0,0,5,6,5,11.31465070769785,0,15.6,2.7,0.33,Enrolled
1,43,1,9125,1,1,133.8,1,4,2,5,6,152.1,1,0,0,1,1,0,20,0,0,6,0,0,0.7631548692412273,0,0,6,0,0,0.0,0,10.8,1.4,1.78,Dropout
1,1,1,9294,1,1,133.3,1,38,38,9,8,134.7,0,0,0,1,0,1,19,0,0,6,5,6,12.768925394275287,0,0,6,7,6,12.079545787861623,0,10.9,0.5,1.89,Graduate
1,18,2,9708,1,1,126.4,1,37,37,9,10,123.3,1,0,0,1,0,1,18,0,0,6,5,0,0.037396633271130186,0,0,6,1,0,0.0,0,10.8,1.4,1.72,Graduate
1,39,1,9462,1,3,144.4,1,35,36,4,5,139.6,0,0,0,1,1,0,40,0,0,6,6,0,0.8832408035905527,0,0,5,5,0,0.2669457470259908,0,10.8,1.4,3.4,Graduate
1,1,1,9147,1,1,119.4,1,2,19,5,8,122.2,1,0,0,1,0,0,18,0,0,5,5,5,12.328241719251167,0,0,5,5,5,12.274948437664152,0,15.4,2.8,-4.06,Graduate
1,1,1,9094,1,1,142.5,1,1,37,3,6,128.7,1,0,0,1,0,0,18,0,0,6,8,6,13.959380519528228,0,0,6,8,6,13.074192799239722,0,13.9,-0.3,0.79,Graduate
1,1,1,9047,1,1,161.4,1,2,2,1,4,135.1,0,0,0,1,1,0,19,0,0,5,5,0,0.5874532480528754,0,0,5,5,0,0.0,0,9.3,-0.8,-3.13,Graduate
1,1,3,9935,1,1,133.2,1,1,1,2,5,129.2,1,0,0,1,0,1,18,0,0,6,7,6,12.624354814118417,0,0,6,7,6,14.153878674875036,0,14.0,-0.3,0.79,Graduate
1,39,1,9915,1,3,133.4,1,3,2,2,1,140.1,0,0,0,1,1,0,33,0,11,7,11,0,0.0335338879125298,0,6,8,12,0,0.7067252710843851,0,16.2,0.4,-0.91,Dropout
1,1,1,9489,1,1,140.3,1,3,1,4,3,132.9,1,0,0,1,0,0,19,0,0,6,8,6,14.318426929397548,0,0,6,8,6,15.31141495144811,0,9.4,-0.8,-3.13,Graduate
1,40,1,9618,1,1,129.8,1,1,3,2,4,160.1,0,0,0,1,1,0,18,0,0,7,11,7,12.253228786221392,0,0,8,9,6,12.74483603096324,0,11.1,0.6,2.01,Dropout
1,38,1,9232,1,1,132.7,1,1,1,4,5,149.3,0,0,0,1,1,0,24,0,0,5,11,0,0.5176472768206961,0,0,5,5,0,0.0,0,12.7,3.7,-1.7,Dropout
1,39,1,9111,0,3,132.7,1,3,37,3,2,137.6,0,0,0,1,1,0,33,0,0,5,5,0,0.2695425210937825,0,0,5,5,0,0.025698270094556497,0,8.9,1.4,3.47,Dropout
1,2,2,9184,1,1,116.1,1,19,38,8,8,117.6,1,0,0,1,0,1,19,0,0,6,7,5,13.054968576223395,0,0,6,5,5,11.488080117929181,0,12.4,0.5,1.81,Graduate
1,38,1,9053,1,1,134.0,1,37,38,10,10,95.0,0,0,0,1,0,0,19,0,0,6,6,6,10.923334142436133,0,0,6,6,6,10.886615948968723,0,15.5,2.7,3.51,Dropout
1,40,1,9564,1,1,130.4,1,38,37,9,7,139.8,0,0,0,1,0,0,21,0,0,6,0,0,0.05025360473328259,0,0,6,0,0,0.161056129007179,0,16.0,0.4,-0.91,Dropout
1,44,1,9508,1,1,137.6,1,1,1,3,2,126.3,0,0,0,1,0,0,20,0,0,8,8,7,13.547142605613825,0,0,8,8,7,14.143939825458787,0,9.0,1.4,3.46,Graduate
1,43,1,9478,1,1,134.2,1,2,37,5,9,129.9,0,0,0,1,0,0,24,0,0,7,12,7,14.399495799033538,0,5,8,12,8,11.626960558285262,0,13.9,-0.3,0.78,Dropout
1,1,1,9136,1,1,129.0,1,38,38,10,8,130.2,1,0,0,1,0,1,18,0,0,5,5,5,13.196682731491064,0,0,5,5,5,14.105766003116795,0,9.2,1.4,1.8,Graduate
1,39,1,9699,1,1,133.0,1,38,37,8,7,140.8,0,0,0,1,0,0,27,0,0,6,1,0,0.13991453535766574,0,0,6,0,0,0.3458084295283573,0,12.7,3.7,-1.71,Dropout
1,1,1,9096,1,1,136.4,1,37,38,7,5,118.8,0,0,0,1,0,0,19,0,0,5,8,5,13.636300021382356,0,0,6,8,5,11.186458585780926,0,14.0,0.5,0.84,Graduate
1,1,1,9538,1,1,143.2,1,2,19,3,4,131.1,1,0,0,1,0,1,17,0,0,6,8,6,15.323864899586141,0,0,6,8,6,13.862658811397358,0,11.1,0.6,2.03,Graduate
1,39,1,9742,1,1,131.6,1,37,37,9,7,108.2,0,0,0,1,0,0,24,0,0,7,12,7,12.310092395932239,0,0,8,12,10,11.686109303633627,0,12.7,3.7,-1.7,Dropout
1,1,1,9119,1,1,132.8,1,2,2,2,3,128.7,1,0,0,1,1,0,19,0,0,6,9,4,13.497972655288981,0,0,6,5,0,12.184446857019182,0,12.7,3.7,-1.71,Dropout
1,39,1,9627,1,1,132.7,1,37,38,9,8,133.0,0,0,0,1,1,0,28,0,0,7,0,0,0.4320430566656139,0,0,8,0,0,0.038342310807902485,0,12.7,3.7,-1.71,Dropout
1,17,3,9050,1,1,125.7,1,3,4,0,2,117.8,1,0,0,1,1,0,18,0,0,6,0,0,0.0,0,0,6,0,0,0.0,0,9.2,2.6,0.31,Dropout
1,1,1,9227,1,1,138.0,1,36,38,9,7,121.5,1,0,0,1,1,0,19,0,0,5,6,0,0.02314369478843864,0,0,5,5,0,0.0,0,9.3,-0.8,-3.13,Graduate
1,44,1,9439,1,1,131.0,1,4,1,4,4,128.2,0,0,0,1,0,0,29,0,0,7,11,6,14.234615711405986,0,1,7,9,7,13.24027914655399,0,16.1,0.3,-0.92,Graduate
1,44,1,9054,1,1,133.6,1,1,3,2,5,101.5,0,0,0,1,0,0,19,0,0,7,11,6,12.627331939851516,0,0,6,12,2,11.397265814596768,0,16.0,0.6,1.96,Dropout
1,1,1,9233,1,1,131.5,1,2,1,3,6,110.1,1,0,0,1,1,0,19,0,0,5,11,3,11.49538042218046,0,0,5,11,3,11.392696613578963,0,12.6,3.7,1.8,Enrolled
1,1,6,9360,1,1,140.8,1,2,3,4,4,136.0,1,0,0,1,0,0,19,0,0,8,8,7,12.43900633075327,0,0,8,8,8,12.670806394935415,0,9.1,-0.8,1.8,Graduate
1,1,1,9151,1,1,133.1,1,37,37,9,9,118.5,0,0,0,1,1,0,25,0,0,5,5,2,14.218878235564613,0,0,5,6,0,0.01042926478652363,0,9.3,-0.8,-3.11,Dropout
1,1,1,9535,1,1,132.5,1,38,38,9,11,127.8,1,0,0,1,0,1,17,0,0,6,8,5,12.772312705465431,0,0,6,8,5,12.905324943108399,0,13.9,-0.3,0.79,Graduate
2,39,1,7883,0,1,131.3,1,37,37,9,8,137.7,0,0,0,1,0,0,44,0,5,11,10,7,14.584858144050301,0,2,11,7,7,12.317248103642772,0,9.0,1.4,3.49,Graduate
1,52,1,9297,1,1,128.5,1,2,2,4,6,132.7,0,0,0,1,0,0,20,0,2,10,10,7,14.221320765696694,0,4,10,8,7,12.89955128470407,0,15.5,1.4,3.47,Graduate
1,44,1,9077,1,1,140.5,1,2,1,3,4,146.5,0,0,0,1,1,0,22,0,0,6,7,5,13.753053883725038,0,0,6,9,5,14.573051454153498,0,14.0,-0.3,0.78,Graduate
2,39,1,7987,0,3,157.1,1,38,37,8,6,155.3,0,0,0,1,1,0,40,0,0,5,5,0,1.0234934079493105,0,0,5,5,0,0.3451048215743297,0,12.5,0.6,1.88,Graduate
1,42,1,9652,1,39,128.8,1,2,1,6,3,98.4,0,0,0,1,1,0,33,0,2,7,11,4,11.688521439779786,0,1,6,11,1,11.76859569076188,0,13.8,-0.3,0.8,Dropout
2,39,1,9142,1,1,133.3,1,38,37,9,8,151.2,0,0,0,1,1,0,35,0,0,6,6,0,0.7325922085717019,0,0,6,6,0,0.2433013525213869,0,8.9,1.4,3.49,Dropout
1,1,1,9140,1,1,140.0,1,2,1,5,2,138.1,1,0,0,1,0,0,18,0,0,5,5,5,13.69873568848993,0,0,5,6,5,14.133151989384553,0,9.2,-0.8,-3.13,Graduate
1,1,4,9621,1,1,132.1,1,36,37,9,10,124.4,1,0,0,1,0,1,19,0,0,7,7,6,12.04204610890066,0,0,7,7,6,12.842391253952494,0,7.6,2.6,0.31,Graduate
2,39,1,9603,1,19,128.7,1,38,37,8,8,156.4,0,0,0,1,0,0,44,0,0,7,7,7,14.748096235270975,0,0,8,8,6,13.406765897396017,0,11.1,0.6,2.02,Graduate
1,1,3,9093,1,1,132.9,1,19,37,4,8,118.7,1,0,0,1,0,0,19,0,0,6,6,0,0.11514628652189329,0,0,6,6,0,0.03891898700124534,0,9.2,-0.8,1.8,Graduate
1,1,1,9744,1,1,122.3,1,1,38,4,9,114.4,1,0,0,1,0,0,19,0,0,6,9,6,11.017539796533779,0,0,6,10,6,11.305414306279172,0,14.0,-0.3,0.79,Graduate
1,1,1,9431,1,1,132.6,1,2,2,1,2,122.3,1,0,0,1,1,0,17,0,0,5,0,0,0.08178368509380096,0,0,5,0,0,0.11202305400259736,0,9.3,-0.8,-3.11,Dropout
2,39,1,9438,1,19,134.3,1,38,37,10,9,95.0,0,0,0,1,0,0,33,0,0,7,0,0,0.0,0,8,12,0,0,0.0,0,16.1,0.4,-0.91,Dropout
1,1,1,9590,1,1,133.5,1,1,2,1,4,130.8,1,0,0,1,0,0,19,0,0,6,0,0,0.0,0,0,6,0,0,0.12055405087535245,0,7.6,2.7,0.32,Dropout
1,17,1,9094,1,1,117.0,1,3,4,3,3,116.4,1,0,0,1,1,0,18,0,0,6,11,2,12.264826222036161,0,0,6,6,0,0.0,0,12.7,3.7,-1.7,Dropout
1,43,1,9089,1,1,132.8,1,3,2,3,3,128.2,0,0,0,1,1,0,17,0,0,6,9,4,12.78623383069996,0,0,6,9,5,12.163241016554704,0,7.6,2.6,0.32,Enrolled
1,1,1,9082,1,1,140.9,1,2,3,5,6,130.0,1,0,0,1,0,0,21,0,0,6,8,6,11.854526211652384,0,0,6,8,5,11.959033093024418,0,10.8,1.4,1.79,Graduate
1,1,1,9713,1,1,142.5,1,19,37,9,10,123.9,1,0,0,1,0,0,19,0,0,6,7,6,14.773551162534963,0,0,8,7,6,14.223684518859452,0,16.2,3.5,-0.91,Graduate
1,43,1,9104,1,1,133.6,1,2,3,0,4,144.7,0,0,0,1,1,0,20,0,0,6,0,0,0.2626250768601371,0,0,6,0,0,0.43065307628981037,0,15.5,1.4,1.79,Dropout
2,39,1,8062,0,39,143.9,1,37,37,9,9,160.7,0,0,0,1,0,0,43,0,0,6,7,5,14.00476495575917,0,0,6,8,5,13.508354291898158,0,12.4,0.5,1.79,Graduate
1,38,1,9630,1,1,129.5,1,37,37,8,11,100.9,0,0,0,1,0,0,37,0,0,6,12,3,12.706571910454793,0,0,6,7,4,11.05405092696224,0,7.6,2.6,0.32,Dropout
1,1,1,9149,1,1,140.4,1,1,1,3,2,136.1,1,0,0,1,1,0,18,0,0,5,6,5,13.891767844177611,0,0,5,5,5,14.30362881025805,0,9.1,1.4,3.45,Graduate
1,39,1,8985,1,1,129.5,1,36,35,3,5,105.5,0,0,0,1,1,0,27,0,5,11,13,4,11.27520196545566,0,1,12,16,2,11.915979422912008,0,7.6,2.6,0.32,Dropout
1,39,1,9467,1,1,132.3,1,1,3,5,5,138.6,0,0,0,1,0,0,18,0,0,7,7,7,14.982243419362987,0,0,8,8,8,13.774681056611822,0,12.7,0.5,1.95,Graduate
1,44,1,9086,1,40,130.0,1,3,1,3,3,133.8,0,0,0,1,1,0,22,0,2,5,9,5,13.62128392040719,0,0,5,9,5,13.860934070568364,0,14.0,-0.4,0.78,Graduate
1,1,2,9705,1,1,128.7,1,37,37,10,8,124.0,1,0,0,1,0,1,19,0,0,6,8,6,12.5250550181609,0,0,8,8,6,12.975831613366365,0,15.5,1.4,-4.06,Graduate
1,1,1,9217,1,1,126.8,1,38,37,10,8,122.5,1,0,0,1,0,1,20,0,0,6,8,5,11.244413461279402,0,0,6,8,5,10.806050897301182,0,9.1,0.5,1.8,Graduate
1,38,1,9275,1,1,127.8,1,37,37,10,10,113.3,0,0,0,1,1,0,30,0,0,5,5,3,11.989143571776282,0,0,5,5,5,13.757360286805117,0,12.4,0.5,1.8,Dropout
1,1,1,9781,1,1,133.3,1,38,38,8,9,118.3,1,0,0,1,0,0,20,0,0,6,0,0,0.05502456001765363,0,0,6,0,0,0.0,0,14.1,-0.8,-3.12,Dropout
1,39,1,9512,1,1,142.3,1,38,37,6,2,128.5,0,0,0,1,0,0,20,0,0,8,5,5,15.557431144921829,0,0,6,8,5,13.950480658415724,0,9.2,1.4,1.8,Graduate
1,1,1,9196,1,1,140.2,1,3,4,1,5,155.3,1,0,0,1,0,0,20,0,0,6,7,6,12.702619239817293,0,0,6,6,5,14.297216461523195,0,12.4,0.5,1.81,Graduate
1,1,1,9260,1,1,129.6,1,38,37,9,4,130.1,0,0,0,1,0,0,19,0,0,5,6,5,12.489966994388205,0,0,5,6,5,11.694846637354152,0,9.1,1.4,-3.14,Graduate
1,17,1,9028,1,1,120.7,1,37,37,9,8,112.7,1,0,0,1,1,0,18,0,0,5,13,2,11.73161250765291,0,0,5,11,2,10.951126744255252,0,9.4,-0.8,-3.12,Dropout
1,42,1,9155,1,1,131.0,1,2,2,4,2,120.8,1,0,0,1,0,0,21,0,0,6,11,3,10.685089489503861,0,0,6,11,2,10.945263031096697,0,7.6,2.6,0.32,Dropout
1,1,1,9112,1,1,132.9,1,37,37,9,9,124.5,0,0,0,1,0,1,20,0,0,6,8,5,11.729384888100652,0,0,6,7,5,13.026443800649732,0,16.2,0.4,-0.91,Graduate
1,1,1,9125,1,1,140.6,1,19,2,4,8,128.1,1,0,0,1,0,0,19,0,0,7,7,7,15.055914449293017,0,0,8,8,8,15.257885142709322,0,12.6,3.7,-1.7,Graduate
1,1,1,9172,1,1,139.2,1,2,18,2,10,127.0,1,0,0,1,0,1,18,0,0,6,6,6,14.596931722420178,0,0,6,5,6,13.076137332637614,0,12.7,3.7,-1.71,Graduate
1,43,1,9925,1,1,129.7,1,38,37,2,8,126.9,0,0,0,1,0,0,39,0,11,14,15,10,10.870174336667185,0,5,11,16,11,12.568942298945885,0,13.9,-0.3,0.79,Graduate
1,40,1,9505,1,1,132.5,1,3,3,6,2,148.9,0,0,0,1,0,0,25,0,0,7,12,7,13.071153667342056,0,0,8,11,8,0.09974361862439446,0,12.7,3.6,-1.7,Dropout
1,1,1,33,1,1,127.8,1,2,2,4,1,125.1,1,0,0,1,0,0,20,0,0,7,1,0,0.0,0,0,8,1,0,0.0,0,10.8,1.4,1.75,Dropout
1,39,1,9489,1,1,134.0,1,2,37,4,9,119.7,0,0,0,0,0,0,24,0,0,6,12,2,0.0,0,0,6,13,0,0.0,0,12.7,3.7,-1.7,Dropout
1,43,1,9091,1,1,153.5,1,2,1,5,3,158.9,0,0,0,1,0,0,19,0,0,6,8,6,13.896417726123495,0,0,6,8,5,14.292164189726368,0,10.8,1.4,1.79,Graduate
1,1,1,9541,1,1,166.0,1,36,1,1,3,134.5,1,0,0,1,0,0,19,0,0,8,5,6,14.553834877367542,0,0,6,8,6,14.19065779256718,0,9.4,-0.8,-3.13,Graduate
1,40,1,9694,1,38,132.0,1,37,38,9,7,137.3,0,0,0,1,0,0,32,0,0,7,8,7,13.714447297293624,0,0,8,10,7,14.102304159902689,0,16.2,0.4,-0.92,Graduate
1,1,1,9376,1,1,121.3,1,38,38,9,11,119.9,1,0,0,1,0,1,18,0,0,6,6,6,12.081510376574201,0,0,6,6,6,10.83178017383082,0,11.1,0.6,2.02,Graduate
1,1,3,9591,1,1,139.8,1,19,37,5,11,136.6,1,0,0,1,0,1,17,0,0,6,7,6,15.611121882302687,0,0,6,8,6,16.011566136449872,0,9.3,-0.8,-3.14,Graduate
1,1,3,9641,1,1,139.8,1,2,2,3,3,128.5,1,0,0,1,0,0,19,0,0,8,7,6,12.531102967620054,0,0,8,8,5,14.03903406701015,0,10.8,1.4,1.78,Graduate
1,43,1,9219,1,1,130.5,1,3,2,2,0,150.8,1,0,0,1,1,0,20,0,0,6,0,0,0.18565629710244846,0,0,6,0,0,0.0019358855700256396,0,9.0,1.4,3.49,Dropout
1,43,1,9624,1,1,131.4,1,38,37,5,5,118.6,0,0,0,1,0,0,18,0,0,7,12,7,11.061888818349082,0,0,7,12,7,13.000313404728155,0,16.0,-0.4,0.78,Dropout
1,39,1,9061,1,1,131.0,1,2,2,2,6,102.5,0,0,1,0,1,0,27,0,0,6,0,0,0.532007928554146,0,0,6,0,0,0.16635294371285966,0,15.5,1.4,1.81,Dropout
1,43,1,9041,1,39,138.7,1,2,1,1,2,145.0,0,0,0,1,1,0,22,0,2,6,10,6,12.688257444366933,0,1,6,8,5,12.930165627632547,0,13.8,-0.3,0.78,Graduate
1,43,1,9611,1,1,133.2,1,3,2,3,5,112.2,1,0,0,1,1,0,20,0,0,7,10,4,11.71827528502945,0,0,6,9,5,12.153757216389565,0,12.4,0.5,1.8,Dropout
1,1,6,9432,1,1,140.3,1,3,3,4,4,133.3,1,0,0,1,0,0,18,0,0,8,8,7,13.79363223446387,0,0,8,8,7,14.088698347936361,0,12.5,3.7,1.79,Graduate
1,1,6,9322,1,1,139.1,1,2,2,3,6,128.0,1,0,0,1,0,0,18,0,0,7,8,7,13.94529611841027,0,0,8,8,7,12.234596773824224,0,12.6,-0.3,0.78,Graduate
1,1,1,9687,1,1,130.8,1,37,37,5,8,125.3,1,0,0,1,0,0,20,0,0,6,6,0,0.25340051584107853,0,0,6,6,0,0.0,0,9.3,-0.8,-3.13,Dropout
1,1,1,9319,1,1,121.2,1,37,37,9,9,127.0,1,0,0,1,0,1,18,0,0,6,8,6,11.723578969893511,0,0,6,7,5,11.281227427649702,0,7.6,2.6,0.32,Graduate
1,1,1,9736,1,1,130.1,1,38,37,9,10,124.9,1,0,0,1,0,0,19,0,0,6,6,6,11.938749543225658,0,0,6,8,6,12.606128495623091,0,8.9,1.4,3.49,Graduate
1,39,1,9119,1,1,131.5,1,38,38,8,7,157.2,0,0,0,1,0,0,19,0,0,6,7,6,12.511247058835535,0,0,6,6,6,12.229506658372282,0,12.4,0.5,1.8,Graduate
1,1,2,9367,1,1,126.0,1,36,38,7,10,104.7,1,0,0,1,0,1,18,0,0,6,5,6,11.5668047489446,0,0,6,6,5,11.72500483180724,0,9.1,1.4,3.47,Graduate
1,1,1,9159,1,1,133.5,1,2,37,4,4,135.1,1,0,0,1,0,1,18,0,0,7,7,7,14.206013221029632,0,0,8,8,8,14.306862840937457,0,13.7,2.7,-4.04,Graduate
1,7,1,33,1,1,134.7,1,1,1,3,6,143.4,1,0,0,1,0,0,22,0,11,12,19,17,13.55261795607749,0,8,12,1,11,12.591795649230777,0,15.5,1.4,-4.06,Graduate
1,1,1,9586,1,1,141.4,1,37,37,5,7,126.6,1,0,0,1,0,0,19,0,0,6,6,4,14.632362303687124,0,0,5,5,5,13.054357045753575,0,9.2,1.4,1.79,Dropout
1,45,1,9549,1,39,137.8,1,2,2,3,4,139.8,0,0,0,1,1,0,19,0,2,7,9,7,13.139427108770818,0,4,8,9,7,13.981728296741053,0,12.6,-0.3,0.78,Dropout
2,39,1,8145,1,39,132.8,1,37,37,9,9,157.4,0,0,0,1,0,0,43,0,0,6,6,6,13.621560617026455,0,0,6,6,6,14.385415139845225,0,15.4,2.8,-4.05,Graduate
1,17,1,9330,1,1,116.6,1,38,37,8,9,113.6,0,0,0,1,1,0,21,0,0,5,6,3,10.868574429108701,0,0,5,6,2,11.632558326266235,0,10.8,1.4,1.77,Dropout
1,38,1,9229,1,1,135.6,1,37,38,8,10,157.5,0,0,0,1,0,0,26,0,0,5,6,5,14.665876597087017,0,0,5,5,5,15.362868332114438,0,16.2,0.3,-0.93,Graduate
2,39,1,8142,0,11,134.2,1,38,38,9,9,142.9,0,0,0,1,0,0,33,0,0,6,0,0,0.4479247596261171,0,0,6,0,0,0.0,0,7.6,2.6,0.32,Dropout
1,1,1,9507,1,1,132.4,1,2,37,3,3,118.6,1,0,0,1,0,0,20,0,0,7,7,6,11.91141014324579,0,0,8,10,6,13.069831235011117,0,12.4,0.5,1.79,Graduate
1,17,1,9168,1,1,135.3,1,19,19,8,10,130.0,0,0,0,1,1,0,18,0,0,6,6,2,12.788221819251277,0,0,6,6,0,0.08999063293190844,0,12.4,0.5,1.79,Dropout
1,40,1,9101,1,40,132.7,1,1,1,3,6,154.0,0,0,0,1,1,0,38,0,0,6,11,4,13.998773519689454,0,0,6,8,4,12.335113369371047,0,8.9,1.4,3.5,Dropout
1,1,1,9441,1,1,128.5,1,2,2,4,3,131.3,1,0,0,1,0,0,20,0,0,6,8,6,13.515335571666423,0,0,6,8,5,12.95055670995788,0,12.4,0.6,1.85,Graduate
1,44,1,9498,1,1,132.7,1,3,2,5,3,151.4,0,0,0,1,1,0,20,0,0,6,7,5,13.827972306996184,0,0,6,9,5,12.748538929444278,0,12.4,0.5,1.79,Graduate
1,43,1,9057,1,1,133.5,1,19,38,3,2,106.8,0,0,0,1,0,0,19,0,0,6,10,4,10.724002548773964,0,0,6,13,2,10.37564545249126,0,15.5,1.4,1.76,Dropout
1,38,1,43,1,1,130.1,1,1,1,2,5,109.6,0,0,0,0,1,0,23,0,0,0,0,0,0.0,0,0,0,0,0,0.0,0,8.9,1.4,3.46,Dropout
1,17,2,9165,1,1,121.1,1,1,38,3,6,123.2,1,0,0,1,0,0,19,0,0,5,6,3,12.55667568475494,0,0,5,5,4,10.612751345260962,0,9.4,-0.8,-3.12,Graduate
1,39,1,1019,1,1,135.1,1,38,38,10,6,157.3,0,0,0,1,1,0,43,0,0,0,0,0,0.040140861080868326,0,0,0,0,0,0.0,0,12.4,0.6,1.82,Dropout
1,39,1,9691,1,1,132.7,1,37,37,9,9,114.5,0,0,0,0,1,0,31,0,0,5,10,0,0.0,0,0,5,6,0,0.0,0,9.3,2.7,-3.11,Dropout
2,39,1,9783,0,1,130.7,1,38,38,8,4,126.8,0,0,0,1,0,0,33,0,0,5,8,5,11.795517918349478,0,0,5,8,5,11.426307690699979,0,9.2,2.7,0.32,Graduate
2,39,1,9913,0,39,149.7,1,37,37,2,5,142.9,0,0,0,1,0,0,37,0,0,6,7,5,13.957118351090513,0,0,6,8,5,13.284836390365678,0,10.8,1.4,1.73,Graduate
1,44,1,9360,1,1,132.3,1,2,1,5,2,114.1,0,0,0,1,1,0,19,0,0,7,0,0,0.0,0,0,8,1,0,0.0,0,12.4,0.5,1.8,Dropout
1,9,1,9393,1,1,130.1,1,2,1,3,3,133.3,0,0,0,1,0,0,20,0,0,3,11,0,0.4254123472014252,4,0,13,11,0,0.11444111311364522,0,10.8,1.4,1.77,Dropout
1,1,1,9684,1,1,128.8,1,1,37,4,2,117.8,1,0,0,0,0,0,21,0,0,6,0,0,0.0,0,0,6,1,0,0.0,0,9.3,-0.8,-3.13,Dropout
1,1,1,9855,1,1,141.5,1,2,1,2,3,140.2,1,0,0,1,0,0,18,0,0,6,7,6,15.71430621998638,0,0,6,8,6,16.395666704256186,0,12.4,0.5,1.76,Graduate
1,1,1,9103,1,1,138.7,1,2,2,1,7,137.3,1,0,0,1,1,0,18,0,0,6,0,0,0.09397146530394467,0,0,6,0,0,0.03011717025092231,0,13.9,-0.3,0.78,Graduate
1,1,3,9253,1,1,125.2,1,3,19,6,3,123.4,1,0,0,1,0,1,18,0,0,6,8,6,13.0794106108597,0,0,6,8,5,11.210734892120357,0,9.2,0.5,0.78,Graduate
1,18,2,9552,1,1,136.2,1,3,19,4,5,115.3,1,0,0,1,0,0,18,0,0,7,10,6,14.318321112121945,0,0,8,8,5,13.550752770952053,0,8.9,1.4,-4.06,Enrolled
1,1,1,9586,1,1,134.7,1,3,2,7,3,128.2,1,0,0,1,0,0,18,0,0,7,7,6,12.731999099725467,0,0,7,8,8,12.650968885095084,0,7.6,2.6,0.32,Graduate
1,39,1,9064,1,1,135.4,1,1,1,3,10,104.0,0,0,0,0,1,0,41,0,0,5,9,2,0.0,0,0,5,12,0,0.09612463980764503,0,12.4,0.5,1.81,Dropout
1,1,1,9210,1,1,132.6,1,2,2,2,0,129.6,1,0,0,1,1,0,17,0,0,5,5,6,13.422707007805023,0,0,5,5,5,13.096620268670696,0,13.9,-0.3,0.78,Graduate
2,39,1,8132,1,3,135.8,1,38,37,10,9,106.4,0,0,0,1,0,0,37,0,5,6,13,3,12.544582618359179,0,0,8,11,0,0.0,0,12.7,3.7,-1.72,Dropout
1,1,1,9147,1,1,131.3,1,2,1,6,3,163.6,1,0,0,1,0,0,18,0,0,6,6,6,0.0,0,0,6,6,6,0.20008564184270833,0,13.9,-0.3,0.78,Graduate
1,39,1,9926,1,1,126.4,1,37,38,10,5,111.0,0,0,0,1,0,0,33,0,0,7,10,11,11.518876207176156,0,0,8,11,10,0.0,0,12.6,3.7,-1.71,Dropout
1,40,1,9144,1,1,135.0,1,1,36,2,5,156.1,0,0,0,1,1,0,43,0,0,5,5,2,0.3343199559511224,0,0,5,8,1,11.686950286781563,0,10.8,1.4,1.8,Dropout
1,1,1,9479,1,1,129.5,1,1,2,5,5,112.4,1,0,0,1,0,0,20,0,0,7,12,6,11.961547746602504,0,0,8,10,6,11.493266861622702,0,15.9,0.6,-3.86,Dropout
1,18,1,9002,1,1,122.1,1,1,2,4,3,121.9,1,0,0,1,1,0,18,0,0,5,6,0,0.0,0,0,5,6,0,0.0,0,9.1,0.5,1.82,Dropout
1,45,1,9448,1,1,140.3,1,1,37,9,3,141.6,0,0,0,1,0,0,19,0,6,7,7,10,13.138488072868991,0,4,10,9,8,14.081683535798557,0,9.0,1.4,3.49,Graduate
1,1,1,9465,1,1,140.2,1,2,3,5,7,127.6,1,0,0,1,0,0,17,0,0,8,8,7,13.760566098931012,0,0,8,8,7,13.255427808966967,0,12.6,3.7,-1.7,Graduate
2,40,1,9836,1,3,155.6,1,39,37,3,6,149.7,0,0,0,1,1,0,33,0,0,6,6,0,0.696068539396307,0,0,6,5,0,0.4796499543898298,0,9.0,1.4,1.8,Dropout
1,39,1,9202,1,4,131.5,1,1,1,5,6,154.2,0,0,0,0,1,0,35,0,0,5,11,0,0.13607083600481545,0,0,5,6,0,0.0,0,12.8,3.7,-1.69,Dropout
1,1,1,9080,1,1,131.1,1,1,1,2,4,130.2,0,0,0,1,0,0,18,0,0,5,6,5,14.191811131051574,0,0,5,6,4,13.33385132537391,0,16.2,3.6,-0.92,Dropout
1,1,2,9667,1,1,113.5,1,19,37,4,9,113.5,1,0,0,1,0,1,19,0,0,6,8,6,11.66676036874139,0,0,6,8,6,11.274425761547292,0,12.6,3.7,1.82,Graduate
1,17,1,9151,1,1,117.8,1,37,38,9,8,115.0,0,0,0,1,1,0,21,0,0,5,11,4,10.637931858350075,0,0,5,9,3,10.976722591281053,0,15.9,0.3,-0.93,Dropout
1,1,1,9991,1,1,131.4,1,2,37,4,4,131.8,1,0,0,1,0,0,19,0,0,7,8,6,12.62047079723919,0,0,7,8,6,14.065391407729265,0,8.9,1.4,3.49,Graduate
1,17,1,9809,1,1,133.0,1,2,1,2,2,118.4,1,0,0,1,0,0,19,0,0,6,7,6,10.91471861520183,0,0,6,6,0,0.0,0,15.6,2.7,-4.04,Dropout
1,1,1,9547,1,1,140.1,1,1,1,1,4,135.3,1,0,0,1,0,0,18,0,0,6,8,6,14.450995684929355,0,0,6,8,5,13.779181577685994,0,12.5,0.5,1.81,Graduate
1,17,3,9097,1,1,120.0,1,3,1,4,5,115.1,1,0,0,1,0,0,19,0,0,6,7,6,11.04346823786573,0,0,6,9,4,10.362311426389006,0,13.7,0.5,1.82,Enrolled
1,1,4,9427,1,1,133.5,1,2,2,4,6,124.5,1,0,0,1,0,1,18,0,0,8,8,7,14.759855461310552,0,0,8,8,7,14.5712472330477,0,10.8,0.5,1.74,Graduate
1,39,1,9162,1,1,131.8,1,37,37,9,8,148.4,0,0,0,1,1,0,32,0,0,5,5,5,14.057004287482233,0,0,5,5,5,12.917227040511332,0,10.8,0.5,1.75,Graduate
1,1,1,9844,1,1,129.8,1,37,37,10,9,119.0,0,0,0,1,0,1,18,0,0,6,8,5,12.259308884950228,0,0,6,9,5,12.616136499381051,0,16.1,0.4,-3.11,Graduate
1,1,1,9700,1,1,127.7,1,37,38,9,8,130.6,1,0,0,1,0,0,19,0,0,6,6,0,0.12082755353154132,0,0,6,0,0,0.0,0,12.7,3.7,-1.69,Dropout
1,1,1,9681,1,1,131.5,1,37,38,9,8,134.4,0,0,0,1,0,0,19,0,0,7,7,6,12.0622625148428,0,0,7,7,6,11.735366427099441,0,16.2,0.6,-3.74,Graduate
1,1,3,9892,1,1,141.3,1,2,3,1,3,134.2,1,0,0,1,0,0,19,0,0,6,7,6,14.714910794092889,0,0,6,7,6,14.782119332046474,0,16.0,2.6,0.32,Graduate
1,1,1,33,1,1,131.4,1,37,38,9,10,129.4,1,0,0,1,0,0,19,0,0,0,0,0,0.5761370566906867,0,0,0,0,0,0.0,0,9.1,1.4,3.48,Graduate
1,1,1,513,1,1,143.2,1,20,37,10,8,144.9,1,0,0,1,0,0,19,0,0,0,0,6,0.15971669494276924,0,0,0,0,0,0.0,0,12.5,0.5,1.83,Graduate
2,38,1,8060,0,18,132.8,1,38,36,9,11,95.0,0,0,0,1,0,0,35,0,0,6,9,4,10.512359478583933,0,0,6,6,5,11.075887213090137,0,14.0,-0.8,-3.1,Dropout
1,39,1,9281,1,1,132.9,1,1,3,2,6,112.4,0,0,0,1,1,0,22,0,0,6,0,0,0.4127194713065995,0,0,6,0,0,0.22222847156238354,0,15.7,2.7,0.31,Dropout
1,1,3,9703,1,1,141.6,1,2,19,3,5,126.3,1,0,0,1,0,1,17,0,0,6,7,6,14.938957036145446,0,0,6,8,6,14.080846394488509,0,12.4,0.5,1.79,Graduate
1,17,1,9124,1,1,125.3,1,1,2,6,4,116.9,1,0,0,1,0,0,20,0,0,5,11,1,9.959169683466554,0,0,5,13,0,0.0,0,12.5,0.5,1.79,Dropout
1,1,1,9744,1,1,142.0,1,2,19,3,10,133.5,1,0,0,1,0,1,18,0,0,6,8,6,15.094173566185265,0,0,6,8,5,15.260750810920003,0,12.6,3.7,-1.73,Graduate
1,39,1,9064,1,1,134.6,1,2,1,2,4,109.9,0,0,1,0,1,0,24,0,0,6,12,2,0.0,0,0,6,14,0,0.0,0,15.4,1.4,-4.05,Dropout
1,39,1,9679,1,1,131.8,1,38,37,10,9,97.6,0,0,0,1,0,0,25,0,0,6,10,0,0.0,0,0,6,9,0,0.0,0,11.1,0.6,2.02,Dropout
2,44,1,8038,0,1,132.9,1,37,38,4,8,133.6,0,0,0,1,0,0,46,0,7,10,15,11,10.318776559985492,0,2,7,14,2,11.317106410919441,0,9.3,-0.8,-3.12,Dropout
1,1,1,8994,1,1,127.6,1,2,1,3,5,130.3,1,0,0,1,0,0,19,0,0,6,7,5,13.572479080752172,0,0,6,8,5,13.313192866605165,0,9.0,1.4,1.8,Graduate
1,1,2,9831,1,1,131.5,1,1,1,3,8,132.4,1,0,0,1,0,1,19,0,0,6,8,6,13.471456489890375,0,0,8,8,7,13.090085938120136,0,9.4,3.7,-3.12,Graduate
1,1,1,9945,1,1,129.7,1,38,37,11,9,122.4,0,0,0,1,0,0,21,0,0,6,7,6,11.13858105633703,0,0,6,7,6,12.859332446464188,0,7.6,2.6,0.32,Graduate
1,1,1,9408,1,1,133.9,1,3,3,5,3,129.5,0,0,0,1,0,0,19,0,0,7,7,7,14.457091287874338,0,0,8,8,8,13.752271220026786,0,16.2,0.7,2.04,Graduate
1,39,1,9638,1,1,131.1,1,37,38,10,10,143.2,0,0,0,1,0,0,23,0,0,6,7,6,12.984760196452735,0,0,6,7,6,11.875101198987277,0,16.1,0.5,0.82,Graduate
1,1,1,9192,1,1,128.4,1,2,36,2,3,141.1,0,0,0,1,0,0,19,0,0,6,6,6,14.310691559280494,0,0,6,5,6,0.07069104090685285,0,13.9,-0.3,0.79,Graduate
1,1,1,9182,1,1,134.9,1,3,37,5,4,129.4,0,0,0,1,0,0,19,0,0,6,6,6,11.214296597206237,0,0,6,6,6,11.173793493179376,0,7.6,2.6,0.32,Graduate
1,18,2,9183,1,1,124.0,1,19,38,8,8,116.9,1,0,0,1,0,0,20,0,0,5,6,4,12.00556621067596,0,0,5,6,5,11.69888173370829,0,9.1,0.5,1.81,Graduate
1,38,1,7897,0,1,130.5,1,38,38,10,8,137.7,0,0,0,1,0,0,26,0,5,6,12,6,13.440913910857638,0,2,6,7,6,12.161466078075406,0,7.6,2.6,0.33,Graduate
1,44,1,9424,1,1,132.8,1,3,37,4,6,124.2,1,0,0,1,0,0,19,0,0,7,13,4,13.00661077021183,0,0,7,12,11,11.153331177104512,0,13.8,-0.3,0.78,Dropout
1,39,1,9199,1,1,134.9,1,37,37,9,8,115.9,0,0,0,1,1,0,22,0,0,6,0,0,0.0,0,0,6,0,0,0.0,0,12.4,0.5,1.77,Dropout
1,39,1,9498,1,1,133.0,1,38,37,4,2,136.0,0,0,0,1,0,0,23,0,0,7,12,7,13.155288870816236,0,0,8,9,8,12.394415603518992,0,11.1,0.6,2.03,Graduate
1,44,1,9027,1,1,132.2,1,1,3,5,5,115.5,1,0,0,1,1,0,21,0,0,6,1,0,0.09475394247598334,0,0,6,1,0,0.0,0,14.0,-0.3,0.78,Dropout
1,39,1,9178,0,1,131.2,1,36,37,8,9,157.3,0,0,0,1,1,0,33,0,0,5,6,0,0.0,0,0,5,6,0,0.2129826485773832,0,9.3,-0.8,-3.11,Dropout
1,42,1,9278,1,39,148.4,1,3,3,2,6,156.5,0,0,0,1,1,0,22,0,0,5,5,0,0.632012980147271,0,0,5,5,0,0.14421132765472064,0,10.8,1.4,1.77,Dropout
1,38,1,9159,1,1,131.8,1,1,1,5,1,155.3,0,0,0,1,1,0,28,0,0,5,6,0,0.5037091294725196,0,0,5,6,0,0.027705815312115443,0,13.9,2.8,0.84,Dropout
1,39,1,9476,1,1,132.8,1,37,37,9,8,105.9,0,0,0,1,1,0,22,0,0,6,11,0,0.0,0,0,6,0,0,0.2562644166503181,0,16.1,0.3,-0.92,Dropout
1,1,2,9516,1,1,120.1,1,37,37,9,8,111.1,1,0,0,1,0,1,18,0,0,6,7,5,11.580901418642433,0,0,6,8,5,11.410432006555029,0,10.8,1.4,1.78,Graduate
1,1,1,9263,1,1,137.9,1,1,1,2,3,140.8,0,0,0,1,0,0,18,0,0,7,7,6,14.657714233666763,0,0,8,7,6,13.11170954992309,0,16.2,0.5,2.0,Graduate
1,1,1,9617,1,1,139.2,1,3,2,3,2,128.0,1,0,0,1,0,0,18,0,0,6,6,6,15.535265242557452,0,0,6,6,6,14.011085090951537,0,14.0,-0.8,-3.11,Graduate
1,1,1,9065,1,1,132.2,1,2,2,4,3,147.4,0,0,0,1,1,0,25,0,0,5,6,5,13.656011378543297,0,0,5,5,5,13.14240749844047,0,9.5,-0.8,-3.12,Graduate
1,39,1,9539,1,1,134.2,1,38,37,4,5,114.2,0,0,0,1,0,0,20,0,0,7,11,3,11.43672426029936,0,0,7,10,2,13.963550454771328,0,13.8,2.7,0.78,Dropout
1,17,1,9228,1,1,122.9,1,36,37,11,7,118.6,1,0,0,1,0,0,21,0,0,5,5,2,10.518246485368193,0,0,5,5,2,11.218619317207706,0,12.4,0.5,1.79,Dropout
1,17,1,9463,1,1,133.4,1,2,4,5,5,123.3,1,0,0,1,0,0,19,0,0,6,11,6,11.515349392360308,0,0,6,11,4,12.419415518998743,0,15.5,2.8,-4.05,Dropout
1,1,1,9741,1,1,133.5,1,37,37,8,10,136.6,1,0,0,1,0,1,18,0,0,6,6,6,12.224153455246345,0,0,6,6,6,12.943948555198194,0,10.8,1.4,1.72,Graduate
1,1,3,9879,1,1,133.4,1,3,2,0,6,129.9,1,0,0,1,0,1,17,0,0,6,6,6,13.351911129963367,0,0,6,6,6,13.131548205072338,0,12.6,0.6,1.94,Graduate
1,1,3,9829,1,1,140.6,1,2,2,6,6,131.5,1,0,0,1,0,1,19,0,0,6,8,5,12.192379737966597,0,0,6,8,5,13.039257991204938,0,10.8,1.4,1.79,Graduate
1,39,1,9076,1,1,128.9,1,3,37,6,1,123.8,0,0,0,1,1,0,24,0,0,5,5,0,0.12199245962446464,0,0,5,5,0,0.3549484155659491,0,7.6,-0.8,-3.11,Dropout
1,44,1,9268,1,1,132.6,1,2,1,2,2,113.5,0,0,0,0,1,0,20,0,0,6,12,2,11.48272973605156,0,0,5,10,0,0.0,0,12.7,3.7,1.81,Dropout
1,40,1,9179,1,39,131.7,1,1,2,4,5,158.7,0,0,0,1,1,0,34,0,0,5,9,0,0.11809332674235574,0,0,5,5,0,0.039380813634115094,0,15.5,2.8,-4.06,Dropout
1,1,1,9991,1,1,133.0,1,37,38,2,9,116.8,1,0,0,1,0,0,19,0,0,0,0,0,0.0,0,0,0,1,0,0.047054387072873724,0,7.6,2.6,0.32,Dropout
1,43,1,9208,1,1,131.2,1,3,2,3,8,132.7,0,0,0,1,0,0,23,0,0,7,12,7,13.028824781508492,0,5,8,10,8,16.149517024250216,0,12.4,0.5,1.77,Graduate
1,39,1,9663,1,1,130.3,1,38,38,10,7,120.4,0,0,0,1,0,0,40,0,0,6,6,0,0.0,0,0,6,5,0,0.0,0,7.6,2.6,0.32,Dropout
2,39,1,9525,0,1,135.1,1,37,37,9,8,102.5,0,0,0,0,1,0,42,0,0,5,10,1,10.954667741971848,0,0,5,12,1,11.190482721067806,0,10.8,1.4,1.79,Dropout
1,1,1,308,1,1,134.6,1,3,2,3,7,125.9,1,0,0,1,0,0,18,0,0,7,7,7,13.589587036256233,0,0,8,9,8,13.680521873483826,0,15.8,2.8,-3.89,Graduate
1,1,1,9722,1,1,146.0,1,2,1,1,6,128.5,0,0,0,1,0,0,18,0,0,6,8,5,13.856002565931917,0,0,6,8,5,14.210067332279875,0,12.6,3.7,-1.7,Graduate
1,39,1,9655,1,1,130.5,1,37,37,1,5,114.5,0,0,0,1,1,0,21,0,0,6,11,0,0.0,0,0,6,0,0,0.0,0,9.3,-0.8,-3.11,Dropout
1,1,1,9593,1,1,130.1,1,38,37,9,9,118.5,1,0,0,1,0,0,19,0,0,6,6,0,0.0,0,0,5,0,0,0.0,0,12.6,3.7,-1.7,Dropout
1,44,1,9000,1,1,129.7,1,2,3,3,5,129.4,0,0,0,1,0,0,36,0,9,14,22,13,12.316936635817083,0,8,12,16,10,12.11316811801093,0,16.0,0.5,0.84,Dropout
1,1,1,9056,1,1,129.9,1,2,37,10,9,155.7,0,0,0,1,1,0,19,0,0,5,5,0,15.060124140256391,0,0,5,5,0,0.0727072832936202,0,12.7,3.7,-1.7,Graduate
1,1,2,9654,1,1,116.7,1,38,37,8,10,118.1,1,0,0,1,0,1,18,0,0,6,8,5,11.127127597453486,0,0,6,8,5,9.90085255895703,0,9.0,1.4,3.47,Graduate
1,1,3,9149,1,1,131.3,1,3,18,4,3,129.0,1,0,0,1,0,1,19,0,0,6,8,6,13.711244355498913,0,0,6,5,6,12.743487013120369,0,12.6,-0.8,-3.13,Graduate
1,1,1,9726,1,1,135.2,1,37,37,9,7,120.1,0,0,0,1,0,1,18,0,0,6,1,6,0.0,0,0,6,6,0,0.0,0,12.6,3.7,-1.7,Graduate
1,1,1,9161,1,1,129.8,1,38,37,2,6,129.4,1,0,0,1,0,0,19,0,0,6,11,0,0.0,0,0,6,5,0,0.0,0,9.3,-0.8,-3.13,Dropout
1,1,1,9252,1,1,133.0,1,37,37,9,10,131.0,1,0,0,1,0,1,17,0,0,6,6,6,14.664633151381262,0,0,6,6,6,12.690893673358355,0,10.8,1.4,1.76,Graduate
1,1,2,9817,1,1,119.7,1,37,37,9,10,123.4,1,0,0,1,0,1,18,0,0,6,8,6,12.08414033224368,0,0,6,8,6,13.097736711265728,0,12.5,-0.3,0.78,Graduate
1,1,1,9843,1,1,127.1,1,37,37,8,7,113.8,0,0,0,1,0,0,21,0,0,5,9,5,10.231964844333264,0,0,5,11,5,10.973674530987854,0,13.8,-0.3,0.77,Enrolled
1,1,1,9327,1,1,138.7,1,3,1,3,4,127.7,1,0,0,1,0,0,18,0,0,8,7,6,12.889617861738769,0,0,7,8,5,13.642568569761526,0,9.1,1.4,3.49,Graduate
1,16,2,9192,1,1,120.4,1,38,38,9,9,123.4,1,0,0,1,0,1,18,0,0,6,8,6,11.163553189115401,0,0,6,7,6,10.586865351016005,0,15.9,0.6,-3.88,Graduate
1,42,1,9056,1,40,133.1,1,2,2,2,3,132.5,0,0,0,1,0,0,21,0,2,11,11,5,13.543024150561168,0,4,7,12,5,13.07057754139089,0,9.0,1.4,3.48,Enrolled
1,1,1,33,1,1,130.5,1,38,38,10,8,159.8,1,0,0,1,0,0,20,0,13,13,0,16,0.11680537683622612,0,9,12,0,12,14.511476962261131,0,15.5,2.7,-4.05,Graduate
1,1,1,9660,1,1,132.4,1,37,37,8,10,130.0,1,0,0,1,0,1,18,0,0,8,8,7,13.908427598097507,0,0,8,8,7,14.487519389969165,0,10.8,0.5,1.79,Graduate
1,1,1,9451,1,1,128.9,1,38,38,3,7,129.9,1,0,0,1,0,0,18,0,0,6,8,6,13.348231972586813,0,0,6,8,6,12.207740465333007,0,13.8,2.7,0.79,Graduate
1,1,1,9648,1,1,140.3,1,1,3,3,3,132.5,0,0,0,1,0,0,18,0,0,7,7,7,13.108380735359628,0,0,8,8,8,13.574226933296769,0,14.0,-0.3,0.79,Graduate
1,1,3,9698,1,1,138.8,1,1,37,4,5,129.5,1,0,0,1,0,1,18,0,0,6,6,6,16.05294358666818,0,0,6,8,6,16.65837466390132,0,9.4,-0.8,-3.13,Graduate
2,39,1,9663,0,3,157.8,1,2,38,2,4,144.5,0,0,0,1,1,0,28,0,2,5,12,0,0.0,0,0,5,8,0,0.0,0,12.5,0.5,1.79,Dropout
1,38,1,9419,1,1,130.8,1,38,37,2,6,135.7,0,0,0,1,0,0,43,0,0,7,11,12,12.140460870362167,0,0,7,12,10,12.755871352441579,0,7.7,2.6,0.32,Dropout
1,40,1,9442,1,39,132.0,1,3,3,1,7,153.2,0,0,0,1,1,0,33,0,2,7,12,5,14.187187776693321,0,4,8,11,7,12.688078814304678,0,12.5,0.5,1.84,Dropout
1,1,2,9237,1,1,115.5,1,19,37,10,11,119.8,1,0,0,1,0,1,18,0,0,6,8,6,12.181595571939354,0,0,6,7,6,10.585587531291106,0,12.6,3.7,0.77,Graduate
1,1,3,9227,1,1,118.5,1,2,1,6,1,123.5,1,0,0,1,0,0,18,0,0,6,6,6,12.213082940773301,0,0,6,7,6,12.213159913649335,0,12.4,0.5,1.79,Graduate
1,39,1,798,1,1,135.7,1,37,37,9,8,110.2,0,0,0,1,1,0,34,0,0,0,0,0,0.0,0,0,0,0,0,0.16868129121717923,0,16.0,0.6,-3.81,Dropout
1,39,1,9392,1,19,134.4,1,38,38,8,8,97.9,0,0,0,1,0,0,40,0,0,7,12,12,12.098968964539962,0,10,7,11,11,0.0,0,11.1,0.6,2.02,Dropout
1,17,2,9661,1,1,119.9,1,1,38,4,8,116.4,1,0,0,1,0,0,19,0,0,7,12,6,11.268371557818858,0,0,7,10,6,11.87067393183573,0,13.9,-0.3,0.79,Enrolled
1,1,1,617,1,1,132.5,1,37,30,0,4,139.0,1,0,0,1,0,0,19,0,0,0,5,0,0.4923074191725591,0,0,5,0,0,0.37016694020112395,0,9.1,1.4,3.45,Dropout
1,39,1,9064,1,1,131.1,1,3,2,1,2,98.7,0,0,1,0,1,0,28,0,0,6,10,0,0.0,0,0,6,13,0,0.3633702174532302,0,15.7,2.7,0.32,Dropout
1,1,1,33,1,1,131.1,1,2,2,2,4,131.0,1,0,0,1,0,0,21,0,0,7,0,14,12.20426394237748,0,0,12,0,11,0.030785006994988116,0,15.6,2.7,-4.04,Graduate
2,39,1,9746,0,1,132.3,1,39,38,0,4,140.8,0,0,0,1,0,0,31,0,0,6,13,4,11.483167493643068,0,0,6,8,5,11.421017246244794,0,9.2,1.4,1.81,Dropout
1,43,1,9132,1,39,161.5,1,2,1,4,3,148.7,0,0,0,1,0,0,20,0,2,6,7,6,15.600301070868744,0,2,6,7,6,13.091791453830572,0,7.6,2.6,0.32,Graduate
2,39,1,9750,1,1,132.1,1,37,37,9,9,132.5,0,0,0,1,0,0,41,0,0,6,7,0,0.6685360870867483,0,0,8,0,0,0.035454076900895706,0,9.2,-0.8,-3.14,Dropout
1,1,1,9158,1,1,139.5,1,1,4,6,7,129.6,1,0,0,1,0,0,17,0,0,6,8,5,13.56646659916352,0,0,6,8,5,12.530651682920105,0,9.4,-0.8,-3.15,Graduate
1,39,1,33,1,1,131.2,1,38,38,8,7,152.0,0,0,1,0,1,0,25,0,0,0,0,0,0.0,0,0,0,0,0,0.0,0,8.9,1.4,-4.06,Dropout
1,17,1,9233,1,1,118.8,1,37,37,9,5,118.6,1,0,0,1,1,0,19,0,0,5,13,3,10.433970911751224,0,0,5,6,0,0.0,0,9.1,2.7,3.49,Dropout
1,1,1,9167,1,1,134.2,1,2,1,4,5,131.4,1,0,0,1,0,0,19,0,0,6,7,6,11.700342556344323,0,0,6,7,6,14.761290709118875,0,7.6,2.6,0.32,Graduate
1,18,1,9543,1,1,133.3,1,37,38,4,0,121.1,1,0,0,1,1,0,19,0,0,5,0,0,0.0,0,0,5,0,0,0.0,0,7.6,2.6,0.32,Dropout
1,1,1,9681,1,1,130.9,1,37,37,10,8,142.7,1,0,0,1,0,1,19,0,0,6,6,6,13.287010303608259,0,0,6,6,6,14.263167689304833,0,9.0,1.4,3.47,Graduate
2,39,1,7893,1,1,132.7,1,37,37,9,10,103.0,0,0,0,1,0,0,37,0,0,6,1,0,0.0,0,0,6,0,0,0.0,0,12.5,0.5,1.8,Dropout
1,6,1,9683,1,3,140.1,1,2,1,6,1,141.3,0,0,0,1,0,0,20,0,0,7,7,7,14.364842776240465,0,0,8,8,8,13.360544521150553,0,10.8,1.4,1.78,Graduate
1,43,1,33,1,1,129.0,1,2,2,2,5,148.8,0,0,0,1,1,0,23,0,0,7,0,0,0.17978175389863904,0,0,8,0,0,0.07956931326657551,0,16.1,0.4,-0.91,Dropout
1,43,1,9064,1,40,129.6,1,1,37,8,3,150.0,0,0,0,1,0,0,21,0,0,6,6,6,12.321967877858127,0,0,6,8,5,12.965171670874067,0,8.9,1.4,3.51,Graduate
1,1,1,9134,1,1,135.1,1,1,1,2,4,131.5,0,0,0,1,0,0,18,0,0,6,8,6,13.338782786830931,0,0,6,7,5,14.829126195948334,0,11.1,0.6,2.03,Graduate
2,40,1,9832,0,19,131.4,1,37,38,10,8,147.4,0,0,0,1,0,0,44,0,0,6,10,0,0.0,0,0,6,1,0,0.0,0,9.4,-0.8,-3.12,Dropout
1,43,1,9656,1,40,131.8,1,2,2,3,3,126.9,0,0,0,1,0,0,30,0,6,10,12,7,12.43546025316934,0,4,7,14,7,11.79009203229882,0,12.4,0.5,1.77,Dropout
1,39,1,9554,1,1,129.4,1,38,37,9,8,105.7,0,0,0,1,0,0,33,0,0,6,11,4,13.209483552621263,0,0,6,7,0,0.0,0,9.0,2.7,3.49,Dropout
1,1,4,9489,1,1,139.6,1,1,2,2,4,128.1,1,0,0,1,0,0,19,0,0,7,7,6,14.940316269093126,0,0,7,7,6,13.318556473127359,0,8.9,1.4,3.49,Graduate
1,1,1,9198,1,1,131.8,1,36,38,4,3,120.6,1,0,0,1,0,0,20,0,0,6,10,3,13.243833653801413,0,0,6,6,4,11.497264916396817,0,9.2,-0.8,-3.13,Enrolled
1,17,2,9766,1,1,121.3,1,3,1,3,5,119.3,1,0,0,1,0,0,18,0,0,7,11,4,11.849073286740184,0,0,7,12,3,8.156938003362301,0,13.9,-0.3,0.78,Dropout
1,1,1,9187,1,1,132.5,1,37,37,10,9,121.2,1,0,0,1,1,0,21,0,0,5,5,0,0.0,0,0,5,6,0,0.1716558689231757,0,10.8,1.4,1.77,Dropout
1,1,1,9699,1,1,132.1,1,1,1,4,5,111.6,1,0,0,1,0,0,18,0,0,7,8,7,13.23681213159155,0,0,8,9,7,13.653597968902934,0,11.1,0.6,2.03,Graduate
1,1,1,9733,1,1,133.9,1,3,1,2,3,122.8,1,0,0,1,0,0,19,0,0,8,11,4,11.29839128745998,0,0,8,11,0,10.689277104557059,0,9.3,-0.8,1.82,Dropout
1,1,1,9539,1,1,133.2,1,37,37,9,9,127.8,0,0,0,1,0,0,19,0,0,7,7,7,14.721169947293696,0,0,8,8,8,14.568217459061179,0,14.0,-0.3,0.78,Graduate
1,39,1,9098,1,1,133.8,1,1,2,1,3,101.7,0,0,0,1,1,0,33,0,6,13,15,4,12.83288334801314,0,9,11,14,2,15.196890904466494,0,11.1,0.7,2.03,Dropout
1,44,1,9128,1,1,135.2,1,2,1,0,4,113.5,1,0,0,1,0,0,19,0,0,6,11,2,10.251146900618766,0,0,6,12,0,0.0,0,12.4,0.5,1.75,Dropout
1,1,1,9098,1,1,122.5,1,1,37,3,7,110.3,1,0,0,1,0,0,19,0,0,6,9,5,12.443031755129619,0,0,6,11,5,11.318825391871425,0,13.9,-0.3,0.78,Graduate
1,1,1,9384,1,1,138.4,1,1,3,3,3,127.7,1,0,0,1,0,0,18,0,0,7,7,7,14.602064553748598,0,0,8,8,8,14.334272704339408,0,12.4,0.5,1.78,Graduate
1,42,1,9341,1,1,133.6,1,4,2,5,6,133.6,0,0,0,1,1,0,21,0,0,6,12,6,14.741576382955085,0,0,6,10,5,13.535122356448822,0,15.6,2.8,-4.05,Enrolled
1,18,1,9561,1,1,135.3,1,39,38,8,10,121.8,1,0,0,1,0,0,18,0,0,6,6,0,0.0,0,0,6,6,0,0.0,0,9.0,2.7,3.51,Dropout
1,17,1,9297,1,1,122.2,1,1,2,2,3,111.9,1,0,0,1,1,0,17,0,0,6,7,1,11.874097604114036,0,0,6,5,0,0.0,0,13.8,2.7,0.78,Dropout
1,43,1,9154,1,40,132.6,1,3,1,4,6,151.8,0,0,0,1,1,0,24,0,2,5,9,5,13.440935572684785,0,1,5,9,5,14.097428081347188,0,13.9,-0.3,0.78,Dropout
1,43,1,9120,1,39,153.1,1,1,2,5,5,146.3,0,0,0,1,0,0,35,0,1,6,9,5,14.288567124404766,0,1,6,9,5,12.469382273387282,0,12.4,-0.2,1.82,Graduate
2,39,1,9523,0,1,127.9,1,37,38,3,2,144.6,0,0,0,1,1,0,39,0,0,5,6,5,13.469467947002741,0,0,5,5,5,13.745951428283094,0,9.3,-0.8,-3.11,Graduate
1,39,1,9741,1,3,134.9,1,37,37,10,8,155.1,0,0,0,1,0,0,35,0,0,6,6,6,16.524730515498092,0,0,6,5,6,11.743626517327188,0,16.2,0.3,-0.9,Graduate
1,1,3,9510,1,1,133.0,1,2,3,3,4,125.4,1,0,0,1,0,0,19,0,0,6,0,0,0.15973000581338298,0,0,6,0,0,0.42588178058823606,0,9.3,-0.8,-3.13,Graduate
2,38,1,9453,0,1,134.9,1,37,37,8,8,99.2,0,0,0,0,0,0,38,0,0,6,10,2,0.0,0,0,6,12,0,0.0,0,10.8,1.4,1.75,Dropout
1,1,1,9835,1,1,133.9,1,38,38,9,8,107.8,1,0,0,1,0,0,20,0,0,6,0,0,0.0,0,0,6,0,0,0.0,0,10.8,1.4,1.79,Dropout
1,1,1,9185,1,1,139.5,1,37,38,4,5,138.4,0,0,0,1,0,1,18,0,0,5,6,5,14.291053175280904,0,0,5,6,5,12.978852694745031,0,9.3,-0.8,-3.12,Graduate
1,42,1,9611,1,1,135.6,1,38,37,4,4,123.0,0,0,0,1,0,0,21,0,0,6,11,6,11.973928125220109,0,0,6,9,5,12.64292450699013,0,7.6,2.6,0.32,Graduate
1,1,1,9621,1,1,138.9,1,2,2,6,2,148.1,0,0,0,1,0,0,20,0,0,6,7,6,12.865475528193969,0,0,6,8,6,14.759869168969876,0,12.4,0.5,1.81,Graduate
1,1,1,9465,1,1,132.6,1,1,3,1,4,129.7,1,0,0,1,0,0,18,0,0,7,11,7,13.012904794096931,0,4,8,15,8,13.264248676533528,0,15.4,0.6,-4.06,Graduate
1,1,1,9838,1,1,140.5,1,1,38,4,9,127.2,1,0,0,1,0,1,18,0,0,6,7,6,13.887045004545786,0,0,6,7,6,13.586073177395942,0,12.4,0.5,1.8,Graduate
1,39,1,9223,1,40,129.0,1,3,37,5,4,101.6,0,0,0,1,1,0,39,0,2,7,13,6,12.13160305925029,0,4,8,17,4,11.783245002564808,0,15.5,2.8,-4.06,Dropout
1,1,3,9517,1,1,122.4,1,2,1,5,6,118.8,1,0,0,1,0,1,18,0,0,6,8,6,14.405480732075416,0,0,6,8,6,14.19398301360484,0,12.7,0.6,1.96,Graduate
1,1,1,9049,1,1,143.0,1,1,38,6,5,138.5,1,0,0,1,0,1,18,0,0,6,8,6,15.476889375243939,0,0,6,8,6,14.919138402897952,0,9.1,0.5,0.76,Graduate
1,17,2,9305,1,1,129.6,1,2,19,6,9,130.1,1,0,0,1,0,1,20,0,0,6,6,6,13.2756494337262,0,0,6,6,6,13.616769901328434,0,10.8,1.4,3.44,Graduate
1,1,1,9224,1,1,132.3,1,38,37,8,8,160.2,0,0,0,1,0,0,21,0,0,6,5,5,12.749306256573876,0,0,5,6,5,13.764030109768875,0,12.5,0.5,1.81,Graduate
2,38,1,8165,1,19,134.0,1,38,38,10,10,144.1,0,0,0,1,0,0,44,0,0,7,7,6,13.481135164327156,0,0,7,7,6,12.464816485129132,0,15.9,2.6,-0.91,Graduate
1,43,1,9688,1,1,131.9,1,38,38,2,2,127.0,1,0,0,1,0,0,20,0,0,7,10,7,12.953678951054012,0,0,8,8,7,11.160296828838995,0,14.0,-0.8,-3.12,Graduate
1,1,1,9141,1,1,130.8,1,1,37,4,3,127.0,1,0,0,1,0,0,18,0,0,6,6,6,12.382000355793435,0,0,6,6,6,12.68819855635011,0,7.6,2.6,0.32,Graduate
1,1,1,9457,1,1,142.6,1,38,37,5,7,131.1,1,0,0,1,0,1,18,0,0,6,6,6,14.000300656475988,0,0,6,6,6,13.123330547421974,0,8.9,1.4,3.45,Graduate
2,40,1,8170,0,3,130.6,1,37,38,8,9,158.4,0,0,0,1,0,0,48,0,0,6,6,0,0.47530033431639096,0,0,6,6,0,0.028874003129885126,0,12.6,3.7,-1.74,Dropout
2,39,1,9228,0,4,151.8,1,38,38,5,1,160.4,0,0,0,1,1,0,36,0,0,5,6,5,13.456773068996819,0,0,5,6,5,14.336257746180598,0,14.0,-0.3,0.78,Graduate
1,43,1,9766,1,1,132.5,1,4,38,2,6,132.8,1,0,0,1,0,0,19,0,0,7,7,6,13.852373188374687,0,0,7,12,6,11.534619756914756,0,7.7,2.6,0.32,Graduate
1,39,1,9325,1,1,131.6,1,37,38,8,9,117.7,0,0,0,1,0,1,20,0,0,6,8,6,12.471430792016632,0,0,6,7,5,11.952799741574424,0,12.4,0.5,1.81,Graduate
1,1,3,9828,1,1,140.6,1,2,2,4,2,132.9,1,0,0,1,0,0,18,0,0,7,7,7,13.73137869679842,0,0,8,8,8,13.621958601864888,0,12.4,0.5,1.82,Graduate
1,42,1,9507,1,1,133.6,1,1,37,3,2,128.6,0,0,0,1,0,0,21,0,2,8,11,7,12.792626812253738,0,2,7,8,7,11.849423712679474,0,13.9,-0.3,0.78,Graduate
1,1,1,9570,1,1,132.6,1,36,36,9,8,105.8,1,0,0,1,0,0,20,0,0,6,12,4,12.682366001017035,0,0,6,12,4,10.548586180758882,0,8.9,1.4,3.49,Enrolled
1,40,1,9340,1,39,130.4,1,37,38,8,5,144.1,0,0,0,1,0,0,28,0,0,7,7,7,13.370125561041947,0,0,8,9,6,13.501482659107399,0,11.1,0.6,1.98,Graduate
1,39,1,9720,1,1,129.4,1,35,37,1,1,121.0,0,0,0,1,1,0,20,0,0,6,11,0,0.0,0,0,6,0,0,0.0,0,9.1,1.4,1.82,Dropout
1,1,1,9127,1,1,115.9,1,2,4,5,4,122.4,1,0,0,1,0,0,19,0,0,5,7,5,12.616686479255845,0,0,5,5,5,14.135833351580791,0,12.5,0.5,1.82,Graduate
1,39,1,9466,1,1,133.0,1,37,38,9,9,98.4,0,0,0,1,0,0,20,0,0,7,11,5,11.679171029488312,0,0,7,11,7,13.553234241432978,0,15.9,2.7,-3.89,Graduate
1,1,1,9187,1,1,128.9,1,2,1,5,4,117.3,1,0,0,1,1,0,18,0,0,0,0,0,0.46400961999182416,0,0,0,0,0,0.4231718079176362,0,10.8,1.4,1.77,Dropout
1,43,1,9125,1,1,133.8,1,3,37,3,5,113.1,0,0,0,1,1,0,20,0,0,6,11,3,10.964517224028079,0,0,6,12,2,10.566003888775512,0,13.7,2.7,-4.05,Dropout
1,43,1,9421,1,1,134.6,1,1,2,4,1,139.4,0,0,0,1,1,0,32,0,0,6,10,0,0.2988452865676626,0,0,6,12,0,0.004242505462772375,0,7.7,2.6,0.33,Dropout
1,1,1,9023,1,1,134.7,1,2,2,4,1,143.4,0,0,0,1,1,0,20,0,0,6,7,6,13.444363558190402,0,0,6,6,6,11.806253822536597,0,14.1,0.6,0.93,Graduate
1,1,1,9188,1,1,134.1,1,1,39,8,5,154.8,0,0,0,1,1,0,18,0,0,5,6,0,0.8893974279653922,0,0,5,5,0,0.7131960224795674,0,15.7,2.8,1.88,Graduate
1,1,1,9320,1,1,128.8,1,1,38,2,3,141.3,1,0,0,1,0,0,18,0,0,5,6,5,14.725212012754682,0,0,5,5,5,14.748868337711775,0,8.9,1.4,3.43,Graduate
1,7,1,288,1,1,128.4,1,2,37,2,9,137.5,0,0,0,1,0,0,27,0,0,0,0,0,0.14826704466322632,0,8,0,0,0,0.15015085581345564,0,16.0,0.5,0.85,Dropout
2,44,1,8160,0,1,130.2,1,37,37,8,9,127.8,0,0,0,1,0,0,34,0,3,9,8,8,12.201175092886812,0,2,7,8,7,13.02669819437467,0,9.3,-0.8,-3.1,Graduate
1,1,3,9991,1,1,139.7,1,1,2,3,3,128.5,1,0,0,1,0,1,18,0,0,6,7,6,14.196767635639864,0,0,6,8,6,13.237345349493134,0,14.0,-0.3,0.78,Graduate
1,39,1,9218,1,1,131.6,1,34,37,1,1,105.1,0,0,0,1,1,0,34,0,0,6,1,0,0.0,0,0,0,0,0,0.258878192015894,0,9.1,2.6,0.32,Dropout
1,1,1,9765,1,1,139.8,1,1,1,2,9,128.2,1,0,0,1,0,0,19,0,0,6,7,6,11.799691125198734,0,0,6,6,6,13.1984033722095,0,12.4,0.5,1.8,Graduate
1,1,1,9114,1,1,133.5,1,2,1,6,7,129.2,1,0,0,1,0,0,19,0,0,5,8,5,12.065969519150972,0,0,5,8,5,11.627290604926033,0,7.6,2.6,0.32,Graduate
1,44,1,9114,1,1,122.1,1,2,2,1,3,124.6,1,0,0,1,0,0,21,0,11,13,19,12,11.830741016189137,0,5,11,14,11,11.54010198350004,0,13.9,-0.3,0.78,Dropout
1,1,1,9704,1,1,137.8,1,38,38,8,9,132.1,1,0,0,1,0,1,19,0,0,8,8,7,12.348103481141477,0,0,8,8,7,14.545893230165152,0,9.2,-0.8,-3.12,Graduate
1,38,1,9639,1,1,129.7,1,36,37,9,8,152.8,0,0,0,1,1,0,47,0,0,5,6,0,0.0,0,0,5,6,0,0.0,0,7.6,2.6,0.33,Dropout
1,40,1,9237,1,40,132.9,1,38,37,8,9,103.4,0,0,0,1,0,0,32,0,0,6,11,6,12.417198325449018,0,0,6,10,0,0.19179050314447393,0,13.9,-0.3,0.79,Dropout
1,1,1,9169,1,1,133.0,1,1,3,3,2,141.0,0,0,0,1,1,0,19,0,0,6,0,0,0.17626959625503852,0,0,6,0,0,0.5850525806340003,0,15.5,2.8,-4.06,Dropout
1,1,1,9598,1,1,134.0,1,2,2,3,3,140.8,1,0,0,1,0,0,18,0,0,6,0,6,0.0,0,0,6,0,0,0.0614970072973961,0,13.9,-0.2,0.81,Graduate
1,40,1,9567,1,1,132.3,1,37,38,10,9,104.1,0,0,0,1,1,0,32,0,0,6,0,0,0.0,0,0,6,0,0,0.0,0,7.6,2.6,0.32,Dropout
1,17,2,9129,1,1,124.7,1,19,37,2,10,117.8,1,0,0,1,0,0,18,0,0,5,9,4,10.255674918523638,0,0,5,10,3,10.187574220955646,0,12.4,1.4,1.79,Enrolled
1,39,1,9483,1,1,136.7,1,3,1,3,5,142.1,0,0,0,1,0,0,21,0,0,7,7,7,16.443705506796263,0,4,8,8,8,14.981815804337746,0,10.7,1.4,1.81,Graduate
1,1,2,9741,1,1,117.8,1,37,37,8,9,125.7,1,0,0,1,0,1,18,0,0,6,8,6,12.039832614565055,0,0,6,8,6,11.017151835059066,0,12.5,-0.8,1.81,Graduate
2,39,1,9565,1,3,146.0,1,37,36,3,5,158.4,0,0,0,1,1,0,42,0,0,5,5,0,1.227580019380545,0,0,5,5,0,0.45234882570214147,0,9.3,-0.8,-3.15,Graduate
1,9,1,9135,1,40,169.2,1,2,2,5,3,148.3,0,0,0,1,0,0,20,0,0,6,7,6,15.707221700311699,0,0,6,6,6,14.81304927940926,0,12.5,0.5,1.84,Graduate
1,42,1,9618,0,1,131.3,1,37,36,3,5,134.3,0,0,0,1,0,0,26,0,2,6,8,5,13.143336351640059,0,2,6,8,5,13.322831241948105,0,13.9,-0.3,0.77,Graduate
1,1,1,9088,1,1,141.9,1,2,4,2,0,145.6,0,0,0,1,1,0,21,0,0,6,6,5,13.38459055952828,0,0,6,6,5,14.028923958900009,0,12.4,1.4,1.79,Graduate
1,16,1,9197,1,1,117.5,1,2,38,3,3,118.8,1,0,0,1,1,0,21,0,0,5,11,3,10.353513297973636,0,0,5,11,3,10.355788016309079,0,8.9,1.4,1.79,Enrolled
1,1,1,9171,1,1,120.9,1,1,38,5,4,131.5,1,0,0,1,0,1,19,0,0,6,8,5,13.235956280558247,0,0,6,8,5,12.05133750136604,0,9.0,1.4,1.83,Graduate
1,2,1,9523,1,1,130.6,1,38,37,10,9,130.5,1,0,0,1,0,1,18,0,0,6,6,6,13.079149225285732,0,0,8,6,6,14.11128282086888,0,12.5,3.7,1.8,Graduate
1,44,1,9684,1,1,133.4,1,3,1,2,5,139.0,0,0,0,1,0,0,31,0,0,7,7,7,14.045726722095182,0,0,8,10,8,13.075514712320084,0,13.8,-0.3,0.77,Graduate
1,1,1,9181,1,1,133.1,1,2,3,4,5,129.9,1,0,0,1,0,0,19,0,0,5,5,5,12.713915926912419,0,0,5,5,5,13.504849582684816,0,10.8,1.4,1.75,Graduate
1,39,1,9199,0,1,132.8,1,36,37,9,9,115.1,0,0,0,1,1,0,45,0,0,5,5,5,11.953379131039984,0,0,5,6,5,12.600646327479005,0,12.4,0.5,1.8,Dropout
2,39,1,33,1,1,134.9,1,37,36,9,9,101.8,0,0,0,1,0,0,27,0,0,7,13,11,0.0,0,0,12,1,11,0.03506321212109989,0,7.6,2.6,0.32,Dropout
1,1,1,9727,1,1,134.3,1,2,1,4,3,125.3,1,0,0,1,0,0,19,0,0,7,7,7,13.254900548585773,0,0,8,8,8,12.623168622660824,0,9.0,1.4,-4.06,Graduate
1,43,1,9134,1,39,120.1,1,3,2,2,5,124.9,0,0,0,1,0,0,21,0,5,11,13,8,11.307578339917308,0,4,10,13,11,11.653804377429566,0,9.0,1.4,3.49,Enrolled
1,1,1,9489,1,1,132.9,1,2,2,3,3,123.8,1,0,0,1,0,0,19,0,0,7,7,6,13.099566173959657,0,0,7,7,6,13.227801397596759,0,15.8,2.7,0.81,Graduate
1,44,1,9038,1,1,133.9,1,1,3,3,4,125.6,1,0,0,1,0,0,21,0,6,12,11,12,13.041248021878813,0,4,11,13,12,12.686770481933408,0,15.5,1.4,-4.06,Graduate
1,42,1,9510,1,1,136.1,1,39,37,3,5,116.3,1,0,0,1,0,0,20,0,0,8,8,5,10.340664163475303,0,0,6,8,5,10.84937517530884,0,9.4,-0.8,-3.13,Enrolled
1,1,1,9588,1,1,133.4,1,2,2,3,2,134.4,1,0,0,1,0,0,18,0,0,7,7,7,13.628158392304407,0,0,8,0,8,0.1035061928209464,0,12.4,0.5,1.8,Graduate
1,1,1,9106,1,1,131.8,1,38,38,8,10,117.3,0,0,0,1,1,0,18,0,0,5,5,0,0.3456541691474337,0,0,5,5,5,0.9801913772517278,0,10.8,1.4,1.8,Graduate
1,1,1,9546,1,1,129.5,1,36,37,9,9,129.4,0,0,0,1,0,1,20,0,0,6,8,6,12.960768086482007,0,0,6,7,6,12.248038708007712,0,13.8,-0.3,0.78,Graduate
1,17,3,9898,1,1,125.0,1,19,38,9,9,121.1,1,0,0,1,0,1,19,0,0,6,6,6,11.960323600649314,0,0,6,6,6,12.772105372236963,0,9.0,2.7,1.83,Graduate
1,44,1,9672,1,1,139.3,1,2,37,6,9,131.6,0,0,0,1,0,0,40,0,1,8,12,7,12.82832777341588,0,5,8,8,8,14.123113031569062,0,9.3,-0.8,0.77,Graduate
2,39,1,9796,0,19,131.4,1,38,37,10,8,104.3,0,0,0,1,0,0,38,0,4,6,14,4,11.236978729134343,0,2,7,14,2,11.017810828632122,0,13.9,2.6,0.79,Dropout
1,1,3,9450,1,1,147.3,1,1,2,5,3,130.1,1,0,0,1,0,1,19,0,0,6,7,6,14.036259650146514,0,0,6,8,6,15.407819264674183,0,13.9,-0.3,0.78,Graduate
1,2,1,9651,1,1,135.6,1,38,38,6,4,132.0,1,0,0,1,0,0,19,0,0,7,11,6,12.837090461971169,0,0,7,11,6,11.65755225804987,0,8.9,1.4,3.49,Enrolled
1,1,4,9426,1,1,139.6,1,1,2,3,5,128.3,1,0,0,1,0,1,17,0,0,7,7,7,14.440539286811727,0,0,8,0,8,16.65644414463341,0,12.4,0.5,1.8,Graduate
1,39,1,9370,1,1,134.1,1,38,37,9,8,128.5,0,0,0,1,0,0,19,0,0,7,8,8,14.1586603091629,0,0,8,8,8,15.51505752380185,0,16.1,0.4,-0.92,Graduate
1,1,1,9158,1,1,123.2,1,37,37,9,8,121.8,1,0,0,1,0,1,18,0,0,6,8,6,11.300494213552145,0,0,6,7,5,9.815160183640375,0,13.9,-0.3,0.78,Graduate
1,38,1,61,1,41,132.3,1,3,2,4,6,137.8,0,0,1,1,0,0,24,0,0,6,0,0,0.4041452351302349,0,0,6,0,0,0.10498580337228292,0,15.4,1.4,-4.06,Dropout
1,43,1,9445,1,40,130.7,1,3,3,3,4,149.1,0,0,0,1,0,0,27,0,7,7,10,7,13.675430140332583,0,4,8,12,11,13.569889349418343,0,12.4,0.5,1.84,Dropout
1,44,1,9570,1,39,133.2,1,1,3,3,3,154.2,0,0,0,1,0,0,21,0,0,7,10,7,14.741308012834079,0,0,8,8,7,12.973801019094521,0,12.4,0.5,1.77,Dropout
1,40,1,9004,1,1,134.7,1,2,2,8,1,136.2,0,0,0,0,1,0,25,0,0,5,5,0,0.47951807850083467,0,0,5,5,0,0.8647997952007129,0,10.8,1.4,1.79,Dropout
1,39,1,9650,1,1,130.3,1,39,37,3,3,119.7,0,0,0,1,0,0,32,0,0,8,11,8,12.730056681066335,0,0,8,8,8,14.340260991339902,0,9.5,-0.8,-3.12,Graduate
1,1,1,9347,1,1,141.0,1,3,2,7,6,141.0,0,0,0,1,0,0,18,0,0,7,7,7,14.479368415910784,0,0,8,8,8,16.194197679581137,0,13.7,2.7,0.79,Graduate
1,1,1,9875,1,1,134.2,1,37,37,9,10,134.9,1,0,0,1,0,1,21,0,0,6,8,6,10.260284952167662,0,0,6,8,6,11.464378243649547,0,12.4,1.4,1.78,Graduate
1,43,1,9105,1,40,131.0,1,3,1,4,3,130.8,0,0,0,1,1,0,29,0,2,6,13,3,10.242940438529775,0,1,6,10,1,12.472668916402444,0,7.6,2.6,0.32,Dropout
1,40,1,9606,1,1,135.3,1,38,37,10,9,104.1,0,0,0,1,1,0,35,0,0,5,11,2,0.0,0,0,5,6,0,0.0,0,7.7,2.6,0.33,Dropout
1,1,1,9627,1,1,133.2,1,38,37,9,10,135.0,1,0,0,1,0,1,17,0,0,6,7,6,13.820350612397272,0,0,6,7,6,14.10035691831427,0,12.6,3.7,-1.69,Graduate
1,1,1,9521,1,1,133.8,1,38,37,10,10,128.9,0,0,0,1,0,0,18,0,0,7,8,7,13.58333580377672,0,0,8,8,8,15.096162236346101,0,11.1,0.6,2.03,Graduate
1,39,1,9184,1,1,130.0,1,2,2,8,9,110.4,0,0,1,0,0,0,40,0,0,11,11,0,0.08038048442976978,0,0,11,17,0,0.0,0,15.6,1.4,-4.06,Dropout
1,41,1,9883,1,1,135.5,1,38,37,3,8,130.3,0,0,0,1,0,0,52,0,6,10,12,12,13.680986161911925,0,5,7,11,7,14.415987137193255,0,9.2,-0.8,0.32,Graduate
1,1,1,9167,1,1,123.8,1,2,2,7,5,129.3,1,0,0,1,0,0,18,0,0,5,8,5,12.753808569094076,0,0,6,8,5,12.747938207190323,0,12.4,0.5,1.75,Graduate
1,1,1,9152,1,1,133.8,1,37,38,2,8,122.1,1,0,0,1,0,0,20,0,0,6,6,0,0.0,0,0,6,6,0,0.0,0,10.8,1.4,1.78,Dropout
1,1,3,9897,1,1,116.9,1,2,3,5,8,131.4,1,0,0,1,0,0,18,0,0,6,7,6,12.722324282081622,0,0,6,8,6,12.187237830518587,0,9.0,1.4,1.81,Graduate
1,1,1,9681,1,1,133.8,1,38,37,6,2,108.3,1,0,0,1,0,0,21,0,0,7,11,7,11.558964412062886,0,0,8,11,7,12.082594767110583,0,14.0,-0.8,-3.12,Enrolled
1,1,2,9064,1,1,126.6,1,19,38,9,11,124.3,1,0,0,1,0,1,18,0,0,6,8,6,12.26831289147795,0,0,6,8,5,11.635179185460526,0,8.9,1.4,3.49,Graduate
1,1,1,9403,1,1,141.3,1,37,37,9,9,136.8,0,0,0,1,0,1,18,0,0,8,8,6,14.868097528952863,0,0,6,8,6,15.063660951195292,0,12.5,0.5,1.82,Graduate
1,1,1,9219,1,1,128.7,1,37,37,8,7,127.6,1,0,0,1,0,0,18,0,0,5,5,0,0.17370957646964164,0,0,5,6,0,0.034030343301710286,0,9.2,0.5,1.82,Graduate
1,43,1,9590,1,40,155.4,1,1,2,2,7,152.2,0,0,0,1,0,0,21,0,0,7,7,6,15.61102836109561,0,0,6,7,6,13.813455876036524,0,13.9,-0.3,0.82,Graduate
1,1,3,9685,1,1,137.8,1,3,19,3,5,135.1,1,0,0,1,0,1,18,0,0,6,8,6,12.805724137137409,0,0,8,8,6,15.273196501647057,0,14.0,0.5,-3.06,Graduate
1,40,1,9691,1,39,133.4,1,38,38,9,4,103.7,0,0,0,1,0,0,26,0,7,12,12,7,13.90130600475869,0,5,8,12,10,13.914576690085115,0,12.8,0.5,2.01,Dropout
1,1,1,9576,1,1,140.4,1,37,37,9,13,132.5,1,0,0,1,0,1,18,0,0,6,7,6,16.381573023292475,0,0,6,8,6,14.617545596245622,0,14.0,0.5,1.93,Graduate
1,17,1,9014,1,1,121.6,1,2,2,3,6,111.7,1,0,0,1,1,0,18,0,0,6,9,5,12.563256132189466,0,0,6,9,4,11.390786350355764,0,15.5,0.5,-4.06,Enrolled
1,43,1,9467,1,1,140.1,1,3,2,4,6,131.5,0,0,0,1,0,0,20,0,0,7,9,7,13.508318510101569,0,0,8,8,8,14.670008777605128,0,12.5,0.5,1.82,Graduate
1,42,1,9614,1,40,133.1,1,3,1,6,10,134.7,0,0,0,1,0,0,21,0,5,7,7,11,13.864101043682794,0,5,10,10,8,15.789212158969983,0,14.0,0.5,0.86,Graduate
1,40,1,9843,0,1,132.5,1,37,38,10,9,148.0,0,0,0,1,1,0,43,0,0,5,6,0,0.015988053757220854,0,0,5,5,0,0.0,0,7.6,-0.8,-3.11,Dropout
1,1,1,9832,1,1,131.4,1,3,2,2,2,123.3,1,0,0,1,0,0,18,0,0,7,7,6,13.127855045384074,0,0,7,8,6,13.982654381438461,0,15.5,2.7,3.51,Graduate
2,39,1,8110,0,1,128.6,1,38,38,9,8,136.2,0,0,0,1,0,1,33,0,0,6,6,6,13.805437599471217,0,0,6,5,6,12.542648692383288,0,9.2,0.5,1.83,Graduate
1,1,1,9179,1,1,141.5,1,3,2,5,4,136.5,1,0,0,1,0,0,19,0,0,6,8,6,11.39871855128782,0,0,6,8,6,11.242399988870798,0,9.5,-0.8,-3.11,Graduate
1,1,1,9523,1,1,114.8,1,37,37,9,9,123.3,1,0,0,1,0,0,19,0,0,6,8,5,10.460478163269958,0,0,6,9,5,10.405246495294769,0,7.7,2.5,0.32,Graduate
1,1,3,9201,1,1,121.4,1,1,37,4,10,121.7,1,0,0,1,0,1,17,0,0,6,6,6,13.255244794452969,0,0,6,6,6,13.228972762277154,0,9.2,-0.8,-3.12,Graduate
1,1,1,9265,1,1,123.7,1,19,37,9,9,114.0,1,0,0,1,0,1,20,0,0,5,6,5,12.729509858956229,0,0,5,6,5,13.468000606574417,0,12.5,0.5,1.84,Graduate
1,1,1,9142,1,1,139.7,1,1,3,4,4,138.4,1,0,0,1,0,0,19,0,0,6,8,5,14.792797895689107,0,0,6,8,5,15.424318937296725,0,12.7,3.7,-1.71,Graduate
1,7,1,216,1,41,139.9,1,2,1,3,4,135.6,0,0,0,1,0,0,19,0,6,11,6,0,0.029358673591974416,0,4,10,6,0,0.051996247665631545,0,9.0,2.7,3.5,Graduate
1,44,1,9167,1,1,118.1,1,1,1,6,5,116.6,0,0,0,1,0,0,21,0,2,6,11,4,10.982234337598648,0,0,6,11,5,10.136229414560487,0,12.7,3.7,-1.7,Enrolled
2,39,1,8071,0,3,131.6,1,38,37,10,11,129.1,0,0,0,1,0,0,47,0,6,10,12,12,13.698930911858044,0,9,8,12,11,0.1539566753224455,0,12.7,3.7,-1.68,Dropout
1,43,1,9542,1,1,133.7,1,1,37,5,4,113.2,0,0,0,1,1,0,28,0,0,7,11,4,11.180313873280078,0,0,7,13,2,11.27110958071916,0,15.5,2.8,-4.06,Dropout
1,43,1,307,1,1,135.4,1,2,2,4,5,105.8,1,0,0,1,1,0,20,0,0,0,0,0,0.49085452121111406,0,0,0,0,0,0.0600186171803051,0,13.9,-0.3,0.79,Dropout
2,40,1,8119,1,1,130.4,1,37,37,10,9,160.3,0,0,0,1,1,0,36,0,0,0,0,0,0.0,0,0,6,1,0,0.0,0,12.6,0.5,1.83,Dropout
1,42,1,9166,1,1,134.7,1,3,3,2,2,124.8,0,0,0,1,1,0,20,0,0,5,12,1,12.451975192359736,0,0,5,10,0,0.14105229929742202,0,13.9,-0.3,0.78,Dropout
1,1,1,9257,1,1,142.3,1,37,37,9,11,137.5,1,0,0,1,0,1,19,0,0,6,6,6,15.129127567095455,0,0,6,7,6,13.429181481524475,0,12.7,3.7,-1.71,Graduate
1,1,1,9533,1,1,140.0,1,38,38,3,6,126.4,1,0,0,1,0,0,18,0,0,8,8,7,13.394439588781378,0,0,8,8,7,12.931308489033503,0,10.8,1.4,1.77,Graduate
1,1,1,9251,1,1,129.7,1,37,37,10,4,150.7,0,0,0,1,1,0,19,0,0,5,5,5,14.853925099903567,0,0,5,4,5,14.629175963983393,0,12.4,0.5,1.8,Graduate
1,1,1,9135,1,1,141.0,1,3,2,6,2,141.4,1,0,0,1,1,0,18,0,0,5,6,0,0.4254149914150843,0,0,5,6,0,0.18297191440505048,0,9.3,-0.8,-3.13,Graduate
2,39,1,9726,1,1,135.5,1,38,38,9,5,156.2,0,0,0,1,0,0,52,0,0,6,7,5,14.466271505079042,0,0,6,8,5,12.93832105943229,0,9.1,1.4,1.78,Graduate
1,1,1,9805,1,1,130.8,1,38,37,9,10,130.1,1,0,0,1,0,1,18,0,0,6,6,6,12.447528600394694,0,0,6,6,6,12.236867121296848,0,8.9,1.4,3.47,Graduate
1,17,1,9195,1,1,130.6,1,1,2,3,3,117.3,0,0,0,1,1,0,20,0,0,5,5,2,12.76465856698471,0,0,5,5,2,0.06962656695974552,0,8.9,1.4,3.51,Dropout
1,1,1,9682,1,1,137.5,1,37,37,4,8,134.9,1,0,0,1,0,1,19,0,0,6,7,6,14.340813452263376,0,0,6,8,6,13.36225696004087,0,8.9,1.4,1.81,Graduate
1,39,1,9113,1,39,133.4,1,3,1,4,5,98.7,0,0,1,0,1,0,26,0,0,6,14,0,0.0,0,0,6,14,0,0.0,0,15.5,2.8,-4.06,Dropout
1,17,2,9232,1,1,115.9,1,2,2,4,7,106.7,1,0,0,1,0,0,19,0,0,6,8,5,11.400645863924847,0,0,6,8,5,10.494896143219455,0,9.2,-0.3,0.79,Enrolled
1,1,1,1193,1,1,134.1,1,38,37,5,1,136.5,1,0,0,1,0,0,18,0,0,0,0,0,0.13725532215874858,0,0,0,0,0,0.22931984459638222,0,9.3,-0.8,-3.11,Graduate
2,39,1,9703,1,1,131.7,1,37,37,10,9,125.4,0,0,0,1,0,0,38,0,0,7,11,11,11.55611217527223,0,0,8,12,10,13.271533579977154,0,9.4,-0.8,-3.12,Dropout
2,39,1,9688,1,1,131.8,1,37,37,10,9,103.3,0,0,0,1,0,0,40,0,2,7,11,4,11.160816070193356,0,2,7,11,7,12.086960130193455,0,12.5,-0.3,0.78,Dropout
1,38,1,9065,1,1,133.0,1,1,1,4,5,113.9,0,0,0,0,1,0,25,0,0,5,0,0,0.0,0,0,5,0,0,0.0,0,9.4,-0.8,-3.12,Dropout
2,38,1,9081,0,20,131.8,1,37,37,9,4,104.4,0,0,0,1,1,0,40,0,0,6,11,0,0.0,0,0,6,13,0,0.0002838122559170927,0,15.8,-0.3,0.78,Dropout
1,17,2,9504,1,1,120.4,1,37,37,11,10,109.4,1,0,0,1,0,1,19,0,0,7,11,6,9.80167138533968,0,0,6,14,6,9.63694081395407,0,15.5,2.8,-4.06,Dropout
1,43,1,9531,1,1,133.9,1,38,37,9,11,120.8,0,0,0,1,0,0,20,0,0,7,10,7,13.340575910273795,0,0,8,12,7,12.600877086286427,0,13.9,-0.3,0.81,Dropout
1,1,1,9076,1,1,132.1,1,37,37,9,8,135.9,1,0,0,1,0,1,18,0,0,6,6,6,13.76258520871206,0,0,6,6,6,0.0,0,10.8,1.4,1.76,Graduate
1,1,1,9946,1,1,132.9,1,38,37,9,11,124.4,1,0,0,1,0,0,18,0,0,6,0,0,0.0,0,0,6,0,0,0.0,0,7.6,2.6,0.32,Dropout
1,1,1,9253,1,1,119.5,1,2,38,7,2,121.5,1,0,0,1,0,0,18,0,0,5,6,5,11.35722336948647,0,0,5,6,5,10.59498879424635,0,9.4,-0.8,-3.12,Graduate
1,1,1,9506,1,1,141.4,1,37,38,9,9,132.2,1,0,0,1,0,1,18,0,0,8,8,5,14.031776655870123,0,0,6,8,5,13.854643056222185,0,12.6,3.7,-1.71,Graduate
2,39,1,9213,0,1,130.1,1,37,37,8,7,146.5,0,0,0,1,1,0,35,0,0,5,5,5,13.285522977344636,0,0,5,5,5,12.16906023149398,0,7.6,2.7,0.32,Graduate
1,44,1,9069,1,40,132.9,1,2,3,3,6,131.3,0,0,0,1,0,0,20,0,5,10,12,11,12.07331933905617,0,4,11,13,10,13.893389561748046,0,9.0,1.4,3.44,Graduate
1,1,3,9172,1,1,119.3,1,19,37,9,7,132.3,1,0,0,1,0,1,18,0,0,6,8,6,12.781281439280539,0,0,6,7,6,12.943541932802344,0,13.9,0.5,0.81,Graduate
1,1,1,9111,1,1,125.1,1,3,1,2,3,128.5,1,0,0,1,0,0,18,0,0,6,11,5,12.070161421081783,0,0,6,11,5,12.354850333067194,0,9.4,-0.8,-3.12,Enrolled
1,1,2,9759,1,1,117.3,1,19,37,3,10,115.5,1,0,0,1,0,1,19,0,0,7,8,6,11.71562087637031,0,0,8,8,7,14.546204365978648,0,12.5,-0.3,0.76,Graduate
1,1,1,9705,1,1,139.0,1,37,37,9,7,135.9,1,0,0,1,0,1,18,0,0,6,5,6,15.692098008663885,0,0,6,6,6,14.592312308878558,0,9.0,1.4,1.79,Graduate
1,1,2,9214,1,1,118.2,1,1,19,5,4,120.8,1,0,0,1,0,0,19,0,0,6,6,6,13.570900452251704,0,0,6,6,6,0.02131012547276945,0,13.9,-0.3,0.8,Graduate
1,1,1,9172,1,1,133.8,1,37,37,9,9,124.4,1,0,0,1,0,0,18,0,0,5,6,2,11.289368073860258,0,0,5,6,0,0.0,0,10.8,1.4,1.75,Dropout
1,1,1,9559,1,1,130.0,1,37,37,9,8,126.1,1,0,0,1,0,1,18,0,0,6,6,6,13.628710349055861,0,0,6,6,6,14.066960497493634,0,9.0,2.7,3.49,Graduate
1,1,1,9437,1,1,130.7,1,37,38,9,9,126.9,1,0,0,1,0,1,17,0,0,7,8,7,14.418430533128642,0,0,8,8,8,14.441257139833791,0,15.5,2.7,3.51,Graduate
1,39,1,9226,1,1,129.2,1,37,37,9,10,119.2,0,0,0,1,1,0,28,0,0,5,5,2,11.391336171595704,0,0,5,6,0,0.0,0,8.9,2.7,3.5,Dropout
1,39,1,9734,1,1,135.6,1,35,35,2,6,116.3,0,0,0,1,1,0,25,0,0,5,6,0,0.0,0,0,5,6,0,0.048167757523255125,0,7.6,2.6,0.32,Dropout
1,39,1,8147,1,19,132.3,1,36,38,0,4,150.5,0,0,0,1,0,0,49,0,0,6,12,0,0.9956198969122817,0,8,7,10,0,0.0,0,7.7,2.6,0.32,Dropout
1,1,1,9478,1,1,133.2,1,37,38,8,8,126.9,1,0,0,1,0,1,18,0,0,7,8,6,12.812486061027581,0,0,7,8,6,13.067108738147054,0,14.0,-0.3,0.84,Graduate
1,1,1,9679,1,1,140.7,1,38,37,9,8,124.5,1,0,0,1,0,1,17,0,0,6,8,6,13.071824719699094,0,0,6,8,7,12.895570721666402,0,10.8,1.4,1.75,Graduate
1,43,1,9656,1,1,137.4,1,3,1,5,4,123.8,0,0,0,1,0,0,20,0,2,7,11,7,11.568421083490135,0,5,10,12,8,13.039657468001073,0,15.5,2.7,-4.06,Graduate
1,1,1,9973,1,1,133.7,1,19,37,8,9,125.0,0,0,0,1,0,1,20,0,0,6,8,6,12.964483224603509,0,0,6,8,6,13.369013913294925,0,12.4,0.5,1.79,Graduate
1,1,1,9143,1,1,131.5,1,3,19,3,7,134.5,0,0,0,1,0,1,18,0,0,6,7,6,12.348722798986797,0,0,6,6,6,11.996311821573302,0,16.2,0.5,-0.83,Graduate
1,1,1,9143,1,1,117.0,1,37,37,8,9,119.6,1,0,0,1,0,1,19,0,0,5,6,5,10.929569600907323,0,0,5,6,5,11.940492191801386,0,7.7,2.6,0.31,Graduate
1,1,1,9500,1,1,133.6,1,2,3,3,4,128.7,1,0,0,1,0,0,18,0,0,7,7,7,12.543661636219618,0,0,8,9,8,14.278107049449147,0,11.1,0.6,2.02,Graduate
1,1,3,9757,1,1,120.8,1,2,19,5,1,130.1,1,0,0,1,0,1,18,0,0,6,8,6,11.900436328142861,0,0,6,7,6,12.900545932113184,0,11.1,0.6,2.01,Graduate
1,39,1,322,1,1,133.2,1,37,38,2,6,144.6,0,0,0,1,1,0,33,0,0,0,0,0,0.0,0,0,0,0,0,0.035665946917996405,0,9.3,-0.8,-3.11,Dropout
1,1,1,9764,1,1,130.9,1,37,37,6,4,138.3,1,0,0,1,0,0,17,0,0,6,6,6,0.0,0,0,6,5,6,0.0,0,7.6,2.7,0.34,Graduate
2,40,1,8270,0,1,141.8,1,38,37,10,9,164.4,0,0,0,1,0,0,37,0,0,6,5,0,0.6800714584961736,0,0,6,6,6,0.5293657832892305,0,9.4,-0.8,-3.12,Graduate
1,1,1,9060,1,1,134.6,1,3,37,3,6,133.0,0,0,0,1,1,0,18,0,0,5,5,5,13.623539740304807,0,0,5,5,5,13.562850155864057,0,7.6,2.7,3.51,Graduate
1,1,1,9486,1,1,134.0,1,38,38,9,9,132.6,1,0,0,1,0,1,18,0,0,7,8,7,14.684609463598658,0,0,8,8,8,12.603341850396763,0,13.9,-0.3,0.78,Graduate
1,1,1,9044,1,1,124.5,1,2,2,1,5,118.4,1,0,0,1,1,0,19,0,0,5,10,4,12.60945653223118,0,0,5,6,5,12.2123500860834,0,13.9,-0.3,0.8,Enrolled
1,38,1,9120,1,40,131.5,1,2,1,2,2,143.9,0,0,0,1,1,0,26,0,0,5,9,0,0.5458908392885365,0,0,5,5,0,0.2905339521208658,0,13.9,0.5,0.85,Dropout
1,17,1,9231,1,1,131.4,1,1,34,2,3,123.9,0,0,0,1,1,0,19,0,0,5,6,1,0.0,0,0,5,5,0,0.0,0,7.6,2.6,0.32,Dropout
1,1,2,9752,1,1,119.5,1,19,37,4,8,122.8,1,0,0,1,0,1,18,0,0,6,8,6,11.437256989660877,0,0,6,8,5,10.016381983353568,0,13.7,0.5,1.82,Graduate
1,42,1,9261,1,1,129.9,1,37,37,4,2,130.4,0,0,0,1,1,0,20,0,0,5,9,5,12.020330852942475,0,0,5,9,5,11.599339463588796,0,13.9,-0.3,0.79,Graduate
1,39,1,9763,1,1,133.9,1,37,38,8,7,133.1,0,0,0,1,0,0,21,0,0,5,6,4,13.22629037885378,0,0,5,6,5,12.269816219874219,0,9.3,-0.8,-3.13,Graduate
2,40,1,9195,0,1,136.1,1,37,38,9,2,117.6,0,0,0,1,1,0,40,0,0,5,6,2,12.92073744854548,0,0,5,6,2,12.151878718835182,0,9.2,-0.8,-3.14,Dropout
1,40,1,9167,1,1,132.4,1,37,36,5,4,115.7,0,0,0,1,0,0,21,0,0,6,11,4,11.561610616473663,0,0,5,12,4,11.696459754610583,0,7.7,2.6,0.31,Enrolled
1,42,1,9819,1,1,133.4,1,1,1,3,2,128.7,1,0,0,0,1,0,20,0,0,6,12,0,0.0,0,0,6,0,0,0.0,0,10.9,1.4,1.78,Dropout
1,39,1,9457,1,1,140.6,1,1,3,2,4,129.4,1,0,0,1,0,0,18,0,0,8,8,7,13.911484486374864,0,0,8,8,7,14.011093850532841,0,10.8,1.4,1.77,Graduate
1,1,1,8984,1,1,129.5,1,3,1,2,5,129.7,1,0,0,1,0,0,19,0,0,5,10,5,12.843371296326417,0,0,6,9,5,11.04511884868122,0,14.0,-0.3,-0.91,Graduate
1,39,1,9816,1,1,133.0,1,36,38,3,3,132.1,1,0,0,1,0,0,19,0,0,6,0,0,0.0,0,0,6,0,0,0.0,0,7.6,2.6,0.32,Dropout
1,39,1,9117,1,1,125.8,1,1,2,1,4,163.8,0,0,0,1,1,0,26,0,0,5,6,0,0.3352974257690171,0,0,5,5,0,0.0,0,10.8,1.4,1.78,Dropout
1,44,1,9756,1,40,132.5,1,3,1,3,3,139.4,0,0,0,1,0,0,22,0,0,6,11,6,13.537490671750517,0,0,6,13,6,11.7781791762465,0,12.4,0.5,1.8,Dropout
2,39,1,9235,0,1,132.2,1,37,38,8,4,111.7,0,0,0,1,1,0,42,0,0,5,12,4,12.66393811027623,0,0,5,8,2,11.458364661310338,0,15.5,2.8,-4.04,Dropout
1,1,1,9165,1,1,134.3,1,2,1,4,4,135.6,0,0,0,1,0,0,20,0,0,6,7,5,10.99384583004459,0,0,6,5,5,13.130616037135878,0,12.4,0.5,1.81,Graduate
1,1,1,9227,1,1,132.5,1,36,38,10,8,134.4,1,0,0,1,0,1,18,0,0,6,8,5,13.02084759447824,0,0,6,5,5,12.001449500318701,0,9.4,-0.8,-3.15,Graduate
1,44,1,9650,1,1,142.6,1,38,38,4,6,127.1,0,0,0,1,0,0,28,0,5,10,10,9,13.825681839186434,0,5,10,10,7,14.47038400856917,0,12.6,3.7,-1.68,Graduate
1,1,3,9164,1,1,134.4,1,3,2,4,6,132.2,1,0,0,1,0,0,19,0,0,6,5,6,13.974523641494544,0,0,6,5,6,13.142821818932626,0,9.2,-0.8,-3.12,Graduate
1,1,1,9599,1,1,132.2,1,38,37,9,9,128.6,1,0,0,1,0,1,18,0,0,7,8,8,14.093020333426479,0,0,7,8,6,12.065322613191578,0,9.0,1.4,3.51,Graduate
2,39,1,9569,1,1,129.8,1,37,37,8,8,132.0,0,0,0,1,0,0,41,0,0,7,7,7,12.231450351771253,0,5,8,8,8,15.35258116557888,0,12.4,1.4,1.82,Graduate
1,1,1,9411,1,1,141.8,1,3,3,3,3,125.8,1,0,0,1,0,0,18,0,0,6,11,4,13.958059115328956,0,0,6,6,4,15.110610444963232,0,12.7,3.7,-1.71,Dropout
1,1,1,9211,1,1,132.4,1,37,37,4,4,140.4,0,0,0,1,1,0,18,0,0,5,5,0,0.6823712629477268,0,0,5,5,5,14.801947050732634,0,8.9,1.4,3.44,Graduate
1,1,2,9743,1,1,131.4,1,37,38,9,7,113.2,1,0,0,1,0,1,19,0,0,7,8,6,11.913934824516257,0,0,7,8,6,12.049597945600794,0,14.1,0.6,2.0,Graduate
1,41,1,9161,1,1,132.7,1,2,38,3,3,117.2,0,0,0,1,0,0,20,0,14,16,13,16,12.796622717114458,0,14,12,14,11,12.701976898347517,0,15.8,2.7,0.78,Graduate
1,1,1,9125,1,1,127.6,1,38,38,8,10,130.9,1,0,0,1,0,1,17,0,0,5,8,5,13.203060908592166,0,0,5,8,5,13.748885532347373,0,12.7,-0.8,-3.12,Graduate
1,1,1,9334,1,1,136.0,1,36,37,8,9,125.0,0,0,0,1,0,0,29,0,0,5,9,4,11.072349317345774,0,0,5,6,3,11.101310411029866,0,7.6,2.6,0.32,Enrolled
1,41,1,9487,1,1,135.8,1,36,37,10,9,126.1,0,0,0,1,0,0,38,0,12,12,13,11,14.407173067278805,0,2,7,12,10,14.095472961601082,0,15.9,0.4,0.81,Graduate
1,1,1,9118,1,1,136.5,1,1,1,4,4,127.4,1,0,0,1,0,0,19,0,0,6,11,0,0.3839030363570096,0,0,6,6,0,0.24978029838605947,0,9.3,2.6,0.32,Dropout
1,43,1,89,1,1,138.8,1,3,1,5,6,156.5,0,0,0,1,0,0,18,0,0,7,1,6,0.726767919496634,0,0,8,1,0,0.08165382022801715,0,15.5,1.4,-4.06,Graduate
1,38,1,141,1,1,131.5,1,39,37,5,3,149.7,1,0,0,1,1,0,26,0,0,0,0,0,0.0,0,0,0,0,0,0.0,0,9.2,-0.8,-3.13,Dropout
1,1,1,9585,1,1,137.7,1,2,1,4,3,125.6,1,0,0,1,0,0,19,0,0,7,9,7,13.360678069670223,0,0,8,9,8,13.74458450943679,0,13.9,2.6,0.79,Graduate
1,1,1,9228,1,1,131.1,1,1,37,5,4,127.6,1,0,0,1,0,0,17,0,0,6,11,4,11.976032065446915,0,0,6,8,5,10.47396133995079,0,9.3,-0.8,-3.11,Enrolled
1,1,1,9678,1,1,134.6,1,38,38,4,7,123.6,1,0,0,1,0,0,18,0,0,6,7,6,13.599652846365391,0,0,6,7,6,14.07732725960527,0,7.6,1.4,3.5,Graduate
2,39,1,8031,0,19,134.1,1,37,37,9,7,145.3,0,0,0,1,0,0,39,0,0,6,5,0,0.040439088438731396,0,0,6,6,0,0.34684672243995357,0,12.6,0.5,1.91,Dropout
1,1,1,9135,1,1,132.8,1,39,38,6,8,130.2,1,0,0,1,0,1,18,0,0,6,8,6,12.751206264025758,0,0,6,8,6,12.141047103439632,0,13.8,2.7,0.8,Graduate
1,39,1,9781,1,1,135.8,1,37,37,8,10,126.8,0,0,0,1,0,0,42,0,0,6,5,5,13.010182396480285,0,0,6,6,5,14.579068223901519,0,7.6,2.7,0.35,Graduate
1,1,1,9462,1,1,139.6,1,38,38,4,5,128.5,1,0,0,1,0,0,20,0,0,6,7,6,13.522669298239796,0,0,6,5,6,14.311881690082586,0,9.3,-0.8,-3.11,Graduate
1,1,1,9030,1,1,129.7,1,2,2,3,6,128.6,1,0,0,1,0,1,19,0,0,7,8,6,13.27324634976381,0,0,8,8,7,14.353124487521308,0,12.7,3.7,-1.7,Graduate
1,43,1,9118,1,1,135.4,1,1,1,0,4,132.7,0,0,0,1,1,0,20,0,0,5,9,4,11.96815424384107,0,0,5,9,2,13.627852038414893,0,14.0,-0.4,-0.92,Dropout
2,39,1,8117,0,1,135.5,1,37,38,9,9,98.5,0,0,0,1,1,0,46,0,0,11,11,0,0.0,0,0,7,1,0,0.0,0,7.6,2.7,0.32,Dropout
2,39,1,8239,0,1,128.7,1,38,37,9,10,114.4,0,0,0,1,0,0,37,0,0,6,11,4,11.987075361134178,0,0,6,7,5,10.681153062056454,0,7.6,2.7,0.31,Enrolled
1,44,1,9283,0,1,137.2,1,37,38,9,10,131.7,0,0,0,1,0,0,37,0,2,6,13,5,11.482901418715642,0,2,7,10,5,12.296094027464129,0,12.4,0.5,1.81,Enrolled
1,1,1,9276,1,1,130.9,1,1,37,7,3,110.4,0,0,0,1,1,0,20,0,0,5,10,4,11.731968142289686,0,0,5,9,5,10.149108179885326,0,13.9,-0.3,0.78,Enrolled
1,1,1,9056,1,1,133.8,1,2,2,1,3,146.0,1,0,0,1,1,0,18,0,0,0,0,0,0.35582769942566167,0,0,5,0,0,4.5650663654485044e-05,0,10.8,1.4,1.78,Dropout
1,44,1,9660,1,1,131.5,1,3,1,2,1,135.3,0,0,0,1,0,0,21,0,2,7,12,7,11.980149113026275,0,5,7,11,10,12.19293885306599,0,13.9,-0.3,0.78,Dropout
1,42,1,9145,1,40,129.7,1,1,1,4,3,140.9,0,0,0,1,1,0,33,0,3,10,9,5,13.539491861910278,0,4,10,10,5,13.004086559587687,0,13.8,2.7,0.82,Dropout
1,1,1,9224,1,1,121.2,1,19,38,10,10,117.7,0,0,0,1,0,0,21,0,0,5,9,5,11.010891817477821,0,0,5,6,5,11.746295573259511,0,13.8,0.5,0.78,Graduate
1,39,1,9435,1,1,131.9,1,37,37,9,10,115.3,0,0,0,1,0,1,36,0,0,6,6,6,13.14452325812543,0,0,6,6,6,0.0,0,12.7,3.7,-1.7,Dropout
1,1,1,9088,1,1,127.6,1,38,37,8,9,122.2,1,0,0,1,0,0,19,0,0,6,6,6,12.658544755038612,0,0,6,7,6,11.753863204671514,0,10.8,1.4,1.77,Graduate
1,1,2,9107,1,1,118.8,1,19,38,4,9,116.1,1,0,0,1,0,1,17,0,0,6,8,6,11.065975368855849,0,0,6,8,6,11.846637748139132,0,9.1,0.5,1.81,Graduate
1,1,1,9470,1,1,133.3,1,1,37,3,4,127.7,1,0,0,1,0,0,19,0,0,7,8,7,13.527313965197182,0,0,8,8,7,14.183912791029234,0,12.4,0.6,1.81,Graduate
2,39,1,7938,0,19,132.3,1,37,38,10,8,101.9,0,0,0,0,1,0,46,0,0,5,0,0,0.0,0,0,5,0,0,0.0,0,7.7,2.6,0.32,Dropout
1,39,1,406,1,1,132.0,1,1,1,3,3,153.1,1,0,0,1,1,0,20,0,0,0,0,0,0.2711146466112767,0,0,0,0,0,0.03899412233682898,0,13.9,-0.3,0.8,Dropout
1,1,1,9547,1,1,138.8,1,37,38,10,8,124.6,1,0,0,1,0,0,20,0,0,6,8,5,13.016265228545484,0,0,6,8,5,13.161140060506463,0,12.5,3.7,1.8,Graduate
1,1,1,9801,1,1,134.3,1,36,37,9,10,127.1,1,0,0,1,0,0,19,0,0,6,11,4,11.253934345019204,0,0,6,12,3,9.880969281989803,0,13.9,-0.3,0.79,Enrolled
1,1,1,9171,1,1,129.6,1,2,37,5,7,128.6,1,0,0,1,1,0,19,0,0,5,5,4,10.920330280646056,0,0,5,6,5,12.032043704447313,0,9.0,1.4,1.82,Graduate
1,2,1,9072,1,1,130.5,1,37,37,8,8,120.8,1,0,0,1,0,0,17,0,0,5,5,4,12.920470244561047,0,0,5,5,5,11.092014903527268,0,9.4,-0.8,-3.12,Graduate
1,43,1,9117,1,1,133.1,1,3,1,2,3,143.2,0,0,0,0,1,0,21,0,0,6,0,0,0.4357590194485731,0,0,6,0,0,0.0,0,15.5,2.7,-4.06,Dropout
1,1,1,9375,1,1,133.2,1,37,37,11,10,131.2,0,0,0,1,0,1,19,0,0,6,8,6,13.461055191723116,0,0,6,8,6,13.27645778294508,0,9.0,1.4,3.49,Graduate
1,1,2,9305,1,1,124.1,1,18,37,10,9,121.9,1,0,0,1,0,1,20,0,0,5,8,5,10.986494574199764,0,0,5,8,5,11.530367495791303,0,13.9,-0.3,0.78,Graduate
1,1,1,9251,1,1,134.7,1,2,2,1,1,134.9,1,0,0,1,0,0,18,0,0,7,8,7,13.510489800581196,0,0,8,8,7,11.027019767184377,0,12.4,0.5,1.79,Enrolled
1,1,1,9621,1,1,133.0,1,38,38,5,9,129.8,1,0,0,1,1,0,19,0,0,5,5,0,0.0,0,0,5,6,0,0.0,0,9.5,-0.8,-3.12,Dropout
1,1,1,9693,1,1,129.6,1,37,38,9,7,129.8,1,0,0,1,0,1,17,0,0,6,8,6,12.210019923116992,0,0,6,8,6,10.929625426311347,0,10.8,1.4,1.8,Graduate
1,43,1,9790,1,1,135.0,1,1,37,3,4,103.6,0,0,0,1,0,0,21,0,0,6,11,5,11.2547253937392,0,0,6,10,5,11.618368271564995,0,12.5,0.5,1.8,Enrolled
1,17,1,9048,1,1,132.1,1,2,1,2,0,112.7,1,0,0,1,1,0,20,0,0,5,6,0,0.0,0,0,5,5,0,0.0,0,9.3,1.4,-3.14,Dropout
1,41,1,9188,1,39,127.0,1,3,1,4,0,147.8,0,0,0,1,1,0,28,0,0,5,7,5,12.616201188703608,0,0,5,7,5,11.145487622446396,0,15.9,2.6,-0.92,Dropout
1,17,1,9189,1,1,120.0,1,1,2,6,1,116.3,1,0,0,1,0,0,19,0,0,6,13,4,10.361719902745225,0,0,6,12,1,11.088216550263775,0,14.0,-0.3,0.8,Enrolled
1,38,1,9144,1,1,133.1,1,1,2,3,3,144.5,0,0,0,1,1,0,36,0,0,5,5,0,0.45643740156867524,0,0,5,5,0,0.03353001314744348,0,12.7,3.7,-1.71,Dropout
1,1,1,9204,1,1,118.7,1,38,38,11,9,126.7,1,0,0,1,0,1,18,0,0,5,8,5,13.641996341304509,0,0,5,8,5,11.28552484778094,0,9.0,1.4,1.82,Graduate
1,43,1,9321,1,1,130.6,1,2,1,3,6,138.3,0,0,0,1,1,0,18,0,0,7,7,6,0.33181959653525966,0,0,8,9,8,0.6372028171609463,0,15.9,0.4,-0.92,Dropout
1,1,1,9142,1,1,132.3,1,2,1,4,3,122.9,0,0,0,1,0,0,19,0,0,6,12,6,13.52351282837336,0,0,6,7,6,12.57450422241231,0,15.5,2.8,-4.06,Graduate
1,1,1,9835,1,1,136.2,1,37,37,9,8,118.7,1,0,0,1,0,0,22,0,0,5,5,2,12.705148400220438,0,0,5,6,0,0.0,0,10.8,1.4,1.77,Dropout
1,1,3,9433,1,1,133.5,1,2,2,3,4,131.4,1,0,0,1,0,0,18,0,0,7,7,6,13.880506319446068,0,0,7,8,6,13.493809070719179,0,8.9,1.4,3.49,Graduate
1,1,3,9552,1,1,123.8,1,1,3,4,5,133.9,1,0,0,1,0,0,19,0,0,6,7,6,12.091597630815961,0,0,6,8,6,11.968878068336428,0,13.8,-0.3,0.79,Graduate
1,17,2,9838,1,1,124.6,1,19,37,4,8,118.9,1,0,0,1,0,1,18,0,0,6,10,6,10.728510200016636,0,0,6,7,6,10.479523429257764,0,12.7,-0.3,0.78,Graduate
1,39,1,33,1,1,132.3,1,38,38,9,8,103.2,1,0,0,0,0,0,26,0,0,0,0,0,0.0,0,0,0,0,0,0.0,0,8.9,1.4,3.5,Dropout
1,17,3,9197,1,1,121.8,1,2,19,5,7,120.8,1,0,0,1,0,1,18,0,0,6,8,6,12.46165266208531,0,0,6,8,6,11.574580933072523,0,12.5,0.5,1.83,Graduate
1,39,1,9189,1,1,131.5,1,38,37,2,5,115.1,0,0,0,1,1,0,24,0,0,5,5,0,0.0,0,0,5,5,0,0.0,0,9.2,-0.8,-3.12,Dropout
1,1,1,9607,1,1,136.0,1,3,1,5,6,132.6,1,0,0,1,0,0,18,0,0,6,8,5,11.872575537677333,0,0,6,8,7,11.437609890383936,0,12.6,3.7,-1.69,Graduate
1,1,3,9473,1,1,138.6,1,37,38,8,9,130.8,1,0,0,1,0,1,19,0,0,6,6,6,15.371710772959306,0,0,6,5,6,14.78378616378551,0,9.1,1.4,1.81,Graduate
1,18,1,9124,1,1,128.9,1,1,1,2,5,121.8,1,0,0,1,1,0,18,0,0,6,7,3,12.028590603360371,0,0,6,5,2,14.366798232565806,0,7.6,2.7,0.31,Dropout
1,1,1,9107,1,1,135.0,1,1,2,2,4,129.2,0,0,0,1,0,0,18,0,0,6,7,6,13.095176893084474,0,0,6,8,6,13.425928176740998,0,12.4,0.5,1.81,Graduate
1,39,1,9257,1,1,136.9,1,38,37,8,9,112.9,0,0,0,1,1,0,29,0,0,5,6,0,0.0,0,0,5,6,0,0.0,0,12.6,0.5,0.78,Dropout
1,1,1,9161,1,1,142.2,1,37,38,9,9,144.4,0,0,0,1,0,0,21,0,0,6,6,6,12.327714029210819,0,0,5,6,5,12.18105769956937,0,10.8,1.4,1.78,Graduate
1,43,1,9091,1,1,132.1,1,3,2,0,0,148.0,0,0,0,1,1,0,19,0,0,5,9,4,12.618938822327861,0,0,5,5,2,14.191939031169081,0,13.9,-0.3,0.79,Dropout
1,43,1,9698,1,1,128.9,1,38,37,4,4,116.0,0,0,0,1,0,0,21,0,0,7,11,7,13.402729786583427,0,0,7,11,7,10.666967483740303,0,13.8,-0.3,1.83,Enrolled
1,42,1,9545,1,1,130.7,1,38,38,3,10,132.4,0,0,0,1,0,0,20,0,0,8,13,6,13.96634204010592,0,0,8,13,7,13.110695203650373,0,12.7,3.7,-1.7,Graduate
1,17,2,8992,1,1,118.0,1,2,1,2,2,114.8,1,0,0,1,1,0,19,0,0,5,9,4,11.828759367954255,0,0,5,9,3,11.221312272227225,0,7.6,2.6,0.32,Enrolled
1,45,1,9224,1,40,132.9,1,37,38,3,7,131.0,0,0,0,1,0,0,37,0,5,12,13,12,11.679717523953725,0,4,10,12,11,12.61911143245567,0,7.6,2.6,0.32,Graduate
1,1,3,9062,1,1,138.8,1,20,37,5,8,122.9,1,0,0,1,0,1,18,0,0,6,6,6,13.027181101409012,0,0,6,6,6,12.867339534432475,0,10.8,1.4,1.75,Graduate
1,1,1,824,1,1,131.0,1,38,37,9,7,111.0,1,0,0,1,0,0,19,0,0,0,0,0,0.0,0,0,0,0,0,0.0,0,9.3,-0.8,-3.13,Dropout
1,40,1,9623,1,1,133.0,1,38,37,4,2,117.8,0,0,0,1,0,0,33,0,0,7,10,4,12.168833639477864,0,0,8,12,2,10.645528030508224,0,14.0,-0.3,-1.71,Dropout
1,39,1,7982,0,1,131.4,1,37,38,9,10,120.2,0,0,0,1,0,0,32,0,5,10,13,4,10.765119291307434,0,2,7,14,2,12.04578114722047,0,10.8,1.4,1.79,Dropout
1,1,1,9154,1,1,142.1,1,38,37,10,9,136.0,1,0,0,1,0,1,18,0,0,5,6,6,15.163819269838225,0,0,5,6,5,15.582064110528046,0,12.5,-0.8,1.8,Graduate
2,39,1,7974,0,13,135.6,1,37,37,9,0,99.6,0,0,0,1,1,0,39,0,0,9,3,0,0.03619813878046749,0,0,6,0,0,0.0,0,7.6,2.7,3.5,Dropout
1,39,1,9001,1,1,133.9,1,38,38,3,3,142.5,0,0,0,1,0,0,20,0,0,6,6,6,13.511557580580625,0,0,6,6,0,0.20246225041963617,0,13.9,-0.3,0.8,Graduate
1,1,1,9393,1,1,130.1,1,2,1,4,9,129.3,0,0,0,1,0,0,19,0,0,7,12,7,12.853223251273247,0,0,8,8,8,14.80984395408506,0,15.5,2.7,-4.04,Graduate
1,1,1,9307,1,1,131.0,1,37,37,9,8,120.6,0,0,0,1,1,0,17,0,0,5,6,0,0.017709188598826756,0,0,5,5,0,0.006614296855130772,0,7.6,2.7,0.31,Dropout
1,43,1,9799,1,40,142.0,1,1,2,1,6,153.0,0,0,0,1,0,0,22,0,2,7,7,7,14.927945632856051,0,5,8,10,8,15.749231477344832,0,12.4,0.5,1.79,Graduate
1,1,3,9489,1,1,142.7,1,3,1,5,5,130.5,1,0,0,1,0,0,18,0,0,6,8,6,14.327360427674629,0,0,6,8,5,13.023968371011009,0,7.6,2.6,0.32,Graduate
1,39,1,9562,1,1,132.7,1,38,33,2,0,149.6,0,0,0,1,0,0,33,0,0,5,10,5,15.854937876732052,0,0,5,8,5,13.94004115580178,0,9.3,-0.8,-3.12,Graduate
1,1,1,9432,1,1,128.5,1,2,19,4,5,129.9,1,0,0,1,0,0,19,0,0,6,8,6,12.873630725458419,0,0,6,8,6,13.460983569379708,0,12.4,0.5,1.76,Graduate
1,1,1,9893,1,1,131.4,1,37,39,9,9,120.6,1,0,0,1,0,1,18,0,0,6,6,6,11.474526484316781,0,0,6,6,6,14.073961345782221,0,11.1,0.6,2.02,Graduate
1,1,3,9562,1,1,128.0,1,19,37,4,8,129.8,1,0,0,1,0,1,19,0,0,6,8,6,13.214090317941157,0,0,6,8,6,11.862644307242675,0,9.3,-0.8,-3.13,Graduate
1,39,1,121,1,1,133.0,1,38,37,9,10,147.4,1,0,0,1,0,0,51,0,0,0,0,0,0.08033132558397157,0,0,0,0,0,0.10239082283265769,0,9.0,1.4,1.81,Dropout
1,39,1,9532,1,1,130.9,1,37,38,10,9,153.0,0,0,0,1,0,0,35,0,0,5,6,5,13.112485846932032,0,0,5,5,5,12.886821680929007,0,11.0,0.6,1.93,Graduate
1,17,2,9154,1,1,121.2,1,1,1,3,1,118.5,1,0,0,1,0,0,18,0,0,5,5,2,0.0,0,0,5,6,0,0.0,0,9.2,1.4,3.48,Dropout
1,1,1,9116,1,1,132.7,1,1,1,3,3,132.7,1,0,0,1,1,0,18,0,0,5,6,0,0.7539831522076346,0,0,5,5,0,0.6095228581152196,0,9.2,2.6,0.32,Graduate
1,1,3,9040,1,1,116.9,1,2,37,4,7,116.4,1,0,0,1,0,1,18,0,0,6,8,6,11.994439957950547,0,0,6,8,5,11.204992154070828,0,7.6,2.6,0.32,Graduate
1,1,1,9385,1,1,134.0,1,38,38,10,9,132.6,0,0,0,1,0,1,18,0,0,7,8,7,13.823356353034331,0,0,8,8,8,13.377471091920606,0,14.0,0.4,0.79,Graduate
1,1,1,9312,1,1,131.2,1,2,2,2,5,127.8,1,0,0,1,0,0,19,0,0,7,8,7,13.979432037193583,0,0,8,8,7,15.169060387958307,0,12.5,0.6,1.83,Graduate
1,18,4,9492,1,1,133.9,1,2,4,3,4,125.4,1,0,0,1,0,0,18,0,0,6,7,6,14.137330049760232,0,0,6,0,6,0.0,0,10.8,1.4,1.75,Graduate
1,39,1,9153,1,1,134.6,1,38,38,8,8,129.9,0,0,0,1,1,0,23,0,0,5,5,0,0.0,0,0,5,0,0,0.0,0,12.6,0.5,0.86,Dropout
1,1,1,9158,1,1,129.8,1,37,36,9,9,122.3,1,0,0,1,0,1,18,0,0,6,6,6,13.563229641452757,0,0,6,6,6,12.570656153877437,0,9.5,0.5,-2.96,Graduate
1,1,1,9305,1,1,131.9,1,37,37,8,8,146.0,0,0,0,1,0,1,20,0,0,6,5,6,12.833319647026563,0,0,6,6,6,14.102734168090533,0,11.0,0.6,1.95,Graduate
1,1,1,9550,1,1,131.2,1,37,37,9,7,115.8,1,0,0,1,0,0,21,0,0,6,11,4,10.253283501405328,0,0,6,12,2,11.73825316051939,0,12.6,3.7,-1.72,Dropout
1,1,1,9253,1,1,137.6,1,38,37,9,10,127.6,1,0,0,1,0,1,19,0,0,6,8,6,12.174298602908749,0,0,6,7,6,13.400547400247246,0,9.2,-0.3,0.79,Graduate
1,39,1,348,1,1,131.1,1,36,37,10,7,155.9,0,0,0,1,1,0,32,0,0,0,0,0,0.09688179973958508,0,0,0,0,0,0.0,0,7.6,2.7,0.32,Dropout
1,43,1,9150,1,1,131.6,1,1,1,4,3,120.6,0,0,0,1,1,0,25,0,0,5,10,1,11.850804757853327,0,0,5,11,2,11.426428435585377,0,9.2,1.4,1.82,Dropout
1,39,1,9629,1,3,135.0,1,1,37,3,7,129.6,0,0,0,1,1,0,31,0,0,10,10,5,14.676727714477053,0,0,10,9,5,13.541076292979216,0,12.6,3.7,-1.66,Dropout
1,1,1,9561,1,1,130.0,1,37,39,8,12,133.3,0,0,0,1,0,0,19,0,0,7,7,6,15.09132804424955,0,0,7,7,6,14.512238482858223,0,16.0,0.4,-0.92,Graduate
1,1,3,9576,1,1,140.7,1,18,37,9,8,132.6,1,0,0,1,0,1,17,0,0,7,7,7,14.229282558212642,0,0,8,8,8,14.838143363334169,0,12.6,3.7,-1.67,Graduate
1,8,1,710,1,1,128.1,1,37,37,9,8,128.7,0,0,0,1,0,0,33,0,12,11,26,11,13.463286548935969,0,9,11,1,11,14.199458597191342,0,12.5,0.5,1.8,Graduate
1,39,1,9584,1,1,128.3,1,37,38,9,11,106.8,0,0,0,1,0,0,50,0,0,12,11,0,12.909078519896257,0,0,7,0,0,0.0,0,12.4,0.5,1.79,Dropout
1,1,1,9327,1,1,134.2,1,3,2,2,3,128.5,1,0,0,1,0,0,17,0,0,7,7,7,13.94681614480243,0,0,8,8,8,14.995964981074069,0,13.9,-0.3,0.78,Graduate
1,39,1,9032,1,1,131.1,1,1,1,4,3,144.3,0,0,0,0,1,0,35,0,0,6,0,0,0.5868124362942557,0,0,5,0,0,0.0,0,12.5,0.5,1.81,Dropout
1,1,1,9097,1,1,117.6,1,19,38,5,7,123.4,1,0,0,1,0,0,19,0,0,6,8,6,11.659069219981362,0,0,6,7,5,12.593564687114274,0,13.9,-0.3,0.79,Graduate
2,39,1,9948,0,19,133.9,1,38,37,10,8,99.0,0,0,0,0,1,0,43,0,0,3,0,0,0.0,0,0,5,0,0,0.5244506893453361,0,10.8,1.4,1.79,Dropout
1,44,1,9500,1,1,130.5,1,3,38,8,4,132.4,0,0,0,1,0,0,19,0,0,7,11,7,12.94255204407721,0,5,8,11,8,11.63424967826556,0,15.5,2.8,-4.06,Graduate
1,1,1,9569,1,1,132.4,1,37,38,3,6,121.5,1,0,0,1,0,0,19,0,0,7,7,6,12.36978887513166,0,0,7,7,6,12.590263111121923,0,13.9,-0.3,0.79,Graduate
1,17,1,9123,1,1,132.4,1,1,18,4,4,119.9,1,0,0,1,0,0,19,0,0,6,6,5,12.328768615581073,0,0,6,8,5,11.18998633630829,0,9.0,1.4,3.51,Enrolled
1,39,1,9135,0,1,133.6,1,38,38,8,11,122.6,0,0,0,1,0,0,47,0,0,6,13,4,11.836213946711185,0,0,6,11,5,11.534441395348347,0,12.6,-0.3,0.78,Enrolled
1,39,1,9781,1,40,131.8,1,37,38,8,10,163.4,0,0,0,1,0,0,47,0,14,11,17,12,11.5699252196197,0,4,11,13,11,12.927868201876146,0,15.5,0.6,-4.06,Dropout
1,17,2,9488,1,1,122.2,1,2,37,7,5,124.2,1,0,0,1,0,0,19,0,0,6,6,0,0.46587800782602157,0,0,5,5,0,0.0,0,9.1,1.4,1.82,Dropout
1,1,1,9240,1,1,133.5,1,2,37,6,4,119.2,1,0,0,1,0,0,18,0,0,5,6,3,13.061149107177824,0,0,5,8,5,11.9644921434537,0,9.1,1.4,3.48,Enrolled
1,39,1,9469,1,1,137.0,1,37,38,9,7,100.4,0,0,0,1,0,0,30,0,0,7,0,0,0.0,0,0,7,1,0,0.0028583281411421035,0,16.2,0.5,1.96,Dropout
1,43,1,9858,1,1,129.8,1,2,2,5,0,121.2,1,0,0,1,1,0,19,0,0,7,10,7,12.801538559512522,0,0,8,11,0,0.0,0,12.5,-0.3,0.77,Dropout
1,43,1,9658,1,1,137.1,1,34,34,2,6,126.6,0,0,0,1,0,0,19,0,0,6,7,6,11.176664187079686,0,0,6,8,5,11.922727219502935,0,7.6,2.6,0.31,Graduate
1,16,1,9719,1,1,117.9,1,37,37,10,7,110.3,0,0,0,1,0,0,22,0,0,7,11,3,10.684693359353126,0,0,6,10,1,11.08079759089048,0,16.2,0.3,-0.92,Dropout
1,1,1,9581,1,1,134.3,1,3,38,5,5,121.8,1,0,0,1,0,0,21,0,0,7,12,6,11.592843435443104,0,0,7,11,6,10.401436885626758,0,15.9,2.5,-0.94,Enrolled
1,17,3,9217,1,1,117.8,1,3,19,6,5,124.6,1,0,0,1,0,1,18,0,0,6,7,6,11.836877710351066,0,0,6,8,6,10.938879879878456,0,12.4,0.5,1.78,Graduate
1,1,1,9612,1,1,130.4,1,38,38,10,9,109.1,1,0,0,1,0,1,20,0,0,6,9,6,12.324880454449806,0,0,6,11,6,13.074835876158735,0,12.4,0.5,1.81,Graduate
1,1,2,9534,1,1,120.7,1,2,2,3,6,108.4,1,0,0,1,0,0,19,0,0,7,8,7,12.025587458282862,0,0,8,8,7,12.200637253678032,0,13.9,-0.3,0.8,Graduate
1,1,1,9116,1,1,132.6,1,3,3,5,6,120.0,0,0,0,1,1,0,18,0,0,5,5,0,0.532679662711427,0,0,5,5,0,1.0461425698815119,0,9.0,0.5,1.81,Dropout
1,43,1,9791,1,1,149.2,1,2,1,2,2,135.8,0,0,0,1,0,0,20,0,2,6,8,6,12.797646488616296,0,2,6,8,5,13.932546079316907,0,9.1,-0.8,1.82,Graduate
1,1,1,9447,1,1,139.6,1,19,38,10,9,132.3,1,0,0,1,0,1,19,0,0,8,8,7,13.602559613934924,0,0,8,8,7,14.506071297347466,0,10.8,1.4,1.73,Graduate
1,43,1,9423,1,1,132.7,1,2,1,3,3,126.4,0,0,0,1,0,0,19,0,2,7,11,7,13.295758101995839,0,5,8,8,7,12.762641199487572,0,13.7,2.8,-4.06,Graduate
1,43,1,9597,1,1,132.2,1,1,38,4,2,115.0,1,0,0,1,0,0,20,0,2,7,11,6,12.5975153052482,0,0,7,10,5,11.821423403170451,0,13.9,-0.3,0.78,Enrolled
1,8,1,406,1,1,133.7,1,37,37,9,7,128.4,1,0,0,1,0,0,19,0,8,11,15,10,12.428249091763465,0,8,11,12,12,12.747683861020683,0,10.8,1.4,1.76,Dropout
2,39,1,9641,1,3,144.7,1,38,37,3,3,148.4,0,0,0,1,1,0,29,0,0,6,6,5,14.333895786411807,0,0,5,5,5,13.322245226426904,0,12.7,3.7,-1.7,Graduate
1,1,1,9172,1,1,129.2,1,36,37,10,10,121.9,0,0,0,1,1,0,25,0,0,5,5,2,10.864133705858901,0,0,5,5,4,11.15179070620783,0,9.5,-0.8,-3.12,Dropout
1,1,1,9787,1,1,131.4,1,38,37,9,10,126.6,0,0,0,1,0,1,21,0,0,6,11,4,10.785833383694232,0,0,6,11,5,10.649118464118526,0,13.9,-0.3,0.79,Graduate
1,1,1,9366,1,1,133.3,1,19,38,8,10,127.0,0,0,0,1,0,0,19,0,0,7,7,7,12.69315093871426,0,0,8,8,8,13.716027116689057,0,16.2,0.4,-0.93,Graduate
1,1,1,9127,1,1,136.8,1,2,38,4,3,142.4,1,0,0,1,0,0,19,0,0,6,6,6,13.876552078609956,0,0,6,5,6,13.064839119031868,0,12.5,0.5,1.79,Graduate
1,1,1,9352,1,1,132.0,1,2,1,4,3,130.7,0,0,0,1,0,0,17,0,0,7,7,7,13.847025503501365,0,0,8,8,8,15.593003461700388,0,11.1,0.6,2.02,Graduate
1,1,1,9033,1,1,153.5,1,2,2,4,2,149.2,1,0,0,1,1,0,19,0,0,6,0,0,0.5270525820516988,0,0,6,0,0,0.1776993340949932,0,13.9,-0.3,0.78,Graduate
1,17,1,9762,1,1,130.1,1,2,1,2,6,131.6,1,0,0,1,0,0,18,0,0,7,11,7,11.863238928891342,0,0,7,11,11,11.37258492834912,0,11.1,0.5,2.02,Dropout
1,1,4,9588,1,1,142.1,1,1,2,4,4,128.3,1,0,0,1,0,0,19,0,0,7,7,6,12.857292409115905,0,0,8,6,6,16.192352358341232,0,15.5,2.7,-4.05,Graduate
1,42,1,9166,1,1,134.6,1,2,1,6,5,110.9,0,0,0,1,1,0,20,0,0,6,12,4,12.144987903074684,0,0,6,12,2,10.482807471242543,0,13.8,2.7,0.79,Dropout
1,1,2,9429,1,1,138.9,1,37,37,8,10,124.9,1,0,0,1,0,1,19,0,0,8,8,6,14.054564309238561,0,0,8,8,6,15.651729247093959,0,9.4,-0.8,-3.13,Graduate
1,43,1,9066,1,40,133.6,1,1,2,4,5,148.7,0,0,0,1,1,0,25,0,0,7,11,6,12.55250306652828,0,0,8,14,0,0.0,0,10.9,0.6,1.9,Dropout
2,40,1,8150,0,19,133.7,1,37,37,10,9,102.2,0,0,0,1,0,0,36,0,0,7,12,6,13.378943938598853,0,0,7,7,6,13.625314194548647,0,12.6,0.5,1.92,Dropout
1,43,1,9670,1,1,130.3,1,2,3,3,2,114.5,1,0,0,1,1,0,22,0,0,7,11,3,12.342531242632038,0,0,7,15,2,10.801670167824764,0,7.6,2.6,0.33,Dropout
1,43,1,9489,1,1,132.0,1,38,37,5,3,125.5,0,0,0,1,0,0,17,0,0,7,10,7,12.542339735608719,0,5,8,8,8,15.107402455048165,0,8.9,1.4,3.48,Graduate
1,43,1,9604,1,39,131.8,1,37,37,8,7,127.6,0,0,0,1,0,0,35,0,5,10,11,13,14.433776930033085,0,5,11,9,8,13.887405230254647,0,14.0,0.4,0.79,Graduate
1,39,1,9100,1,38,132.7,1,3,2,3,5,106.9,0,0,0,1,1,0,27,0,0,6,11,2,12.845718178455414,0,0,5,17,2,0.0,0,14.0,0.5,0.93,Dropout
1,38,1,9138,1,1,132.4,1,37,37,11,9,95.5,0,0,0,1,1,0,25,0,0,6,9,5,10.597503318114967,0,0,6,10,5,10.539928260859593,0,16.1,0.4,0.81,Dropout
1,39,1,9945,1,40,129.1,1,2,1,5,0,148.1,0,0,0,1,0,0,27,0,0,7,11,7,13.174007954208957,0,0,8,10,8,14.194805602803871,0,11.1,0.6,2.01,Dropout
1,1,1,33,1,1,132.6,1,2,2,3,4,127.4,1,0,0,1,0,0,20,0,0,7,12,6,12.029992746537394,0,0,7,12,12,0.0,0,15.7,2.7,-4.01,Dropout
1,1,1,9670,1,1,127.8,1,38,33,97,79,122.6,1,0,0,1,1,0,18,0,0,5,5,0,0.21365718902564534,0,0,5,6,0,0.0,0,7.7,2.6,0.32,Dropout
1,39,1,9132,1,1,131.1,1,2,1,6,0,119.6,0,0,0,1,1,0,25,0,0,5,6,2,11.595244820891994,0,0,5,5,2,0.0,0,9.0,1.4,1.79,Dropout
1,1,1,9936,1,1,135.3,1,37,37,9,7,130.3,0,0,0,1,0,0,19,0,0,6,7,6,14.11644492292021,0,0,6,7,6,14.07498137082817,0,16.0,0.4,-0.93,Graduate
1,1,1,9708,1,1,130.0,1,2,2,2,3,133.4,1,0,0,1,0,0,18,0,0,7,7,6,12.429453359097662,0,0,7,7,6,13.268334617431593,0,7.6,2.6,0.32,Graduate
1,17,2,9639,1,1,123.1,1,2,3,1,6,114.6,1,0,0,1,1,0,19,0,0,6,6,0,0.0,0,0,6,5,0,0.18477302455717007,0,13.9,2.7,0.32,Dropout
2,39,1,7913,0,1,127.1,1,38,37,9,9,123.8,0,0,0,1,0,0,38,0,5,10,13,7,12.622450067371647,0,2,7,11,7,14.071171090952435,0,7.6,2.6,0.32,Graduate
1,39,1,9177,0,1,130.1,1,38,37,10,82,157.1,0,0,0,1,1,0,36,0,0,5,5,0,0.3098043173936795,0,0,5,5,0,0.20394266377065334,0,9.3,-0.8,-3.11,Dropout
1,43,1,9288,1,1,130.5,1,2,3,3,4,124.2,0,0,0,1,0,0,20,0,0,7,11,6,13.493065369044308,0,4,7,11,10,13.363447331024382,0,13.9,2.7,0.79,Dropout
1,1,1,9095,1,1,131.2,1,1,37,5,3,145.7,0,0,0,1,1,0,19,0,0,5,6,0,0.36627232989606107,0,0,5,5,0,0.02190107303034472,0,7.6,-0.8,0.33,Graduate
1,39,1,9187,1,1,128.1,1,37,37,9,7,124.6,0,0,0,1,0,0,22,0,0,6,11,1,9.906541539412666,0,0,6,12,1,10.66088947217327,0,13.7,2.7,-4.06,Dropout
1,1,1,9725,1,1,133.0,1,19,37,9,10,132.0,1,0,0,1,0,1,18,0,0,6,7,6,12.927354930499195,0,0,6,7,6,13.688659782932111,0,14.0,-0.3,0.78,Graduate
1,38,1,8054,1,1,130.2,1,37,37,10,8,108.7,0,0,0,1,0,0,40,0,0,6,0,0,0.0,0,0,6,0,0,0.02865135567921187,0,7.7,2.6,0.32,Dropout
1,38,1,9121,1,1,132.9,1,38,38,10,2,151.1,0,0,0,1,0,0,22,0,0,6,8,6,13.489260027562382,0,0,6,8,5,13.457189483901791,0,13.9,0.6,0.87,Graduate
2,39,1,7869,0,1,148.2,1,37,37,9,10,152.5,0,0,0,1,0,0,34,0,0,6,7,6,13.420771406989614,0,0,6,7,6,14.720320497964808,0,10.8,1.4,1.78,Graduate
1,1,1,9778,1,1,129.4,1,4,37,2,2,131.6,1,0,0,1,0,0,18,0,0,7,7,6,13.439972141434051,0,0,7,8,6,13.209111475060064,0,13.9,-0.3,0.78,Graduate
1,1,1,9412,1,1,138.5,1,2,1,5,4,130.0,1,0,0,1,0,0,18,0,0,7,7,7,12.993574162541238,0,0,8,8,8,14.63739337920241,0,15.6,2.7,-4.04,Graduate
1,1,1,9548,1,1,139.5,1,37,38,3,5,135.6,1,0,0,1,0,0,18,0,0,8,8,5,14.320397797469164,0,0,6,8,5,13.783999598776564,0,9.0,1.4,1.81,Graduate
1,1,1,9462,1,1,128.6,1,19,37,8,10,128.5,1,0,0,1,0,0,18,0,0,7,5,6,13.017382889695558,0,0,8,7,6,0.5555539680619821,0,15.5,1.4,1.78,Graduate
1,39,1,9510,1,1,131.7,1,36,38,9,8,105.4,0,0,0,1,0,0,25,0,0,6,11,3,11.04251459159676,0,0,6,11,1,11.641401315544755,0,14.0,-0.3,0.79,Dropout
1,17,2,9763,1,1,135.4,1,19,19,4,6,115.2,1,0,0,1,0,1,19,0,0,7,12,6,12.616250838649728,0,0,6,9,6,11.622005093280508,0,15.9,0.6,-3.93,Graduate
1,39,1,9345,1,1,130.9,1,37,38,8,10,115.2,0,0,0,1,1,0,55,0,0,0,0,0,0.0,0,0,0,0,0,0.29525750068871864,0,12.5,-0.3,0.78,Dropout
1,39,1,9116,1,1,131.3,1,2,2,1,2,107.5,0,0,0,1,1,0,29,0,0,6,11,2,11.424695256624144,0,0,6,15,1,0.0,0,15.7,2.7,0.32,Dropout
1,1,1,9620,1,1,130.2,1,38,39,10,8,112.9,1,0,0,1,0,1,19,0,0,6,8,5,13.531189101498677,0,0,6,8,5,10.827538159523588,0,12.6,3.7,-1.7,Graduate
1,18,2,9801,1,1,122.5,1,18,37,9,10,118.9,1,0,0,1,0,1,18,0,0,7,13,6,10.903859983047619,0,0,7,10,6,11.01455949592001,0,15.5,2.8,-4.06,Graduate
1,43,1,9058,1,40,132.8,1,2,2,3,2,126.7,0,0,0,1,0,0,19,0,11,7,12,6,11.780402156901461,0,9,10,18,10,11.956164995696906,0,15.8,0.4,0.78,Dropout
1,1,1,9084,1,1,132.7,1,19,37,9,8,127.7,0,0,0,1,0,1,17,0,0,5,5,5,13.135334452070621,0,0,5,5,5,13.872056855538553,0,12.5,0.5,1.87,Graduate
1,1,1,9056,1,1,141.0,1,1,2,5,1,134.0,0,0,0,1,0,0,18,0,0,5,8,5,16.598596561798644,0,0,5,8,5,14.218909938476923,0,9.4,-0.8,-3.11,Graduate
1,1,1,9501,1,1,132.9,1,19,37,4,5,111.8,0,0,0,1,0,0,20,0,0,7,14,6,11.341218107487574,0,0,7,11,4,10.335794267927703,0,16.1,0.6,-3.77,Dropout
1,2,1,9496,1,1,139.0,1,38,38,8,4,121.1,1,0,0,1,0,1,18,0,0,8,8,8,14.342837041137308,0,0,8,8,8,15.273191748635746,0,9.4,-0.8,-3.12,Graduate
1,39,1,9219,1,1,130.6,1,1,37,4,6,112.5,0,0,0,1,1,0,23,0,0,5,10,0,0.0,0,0,5,5,0,0.0,0,12.6,-0.3,0.79,Dropout
1,1,1,9845,1,1,138.2,1,37,37,10,8,134.7,0,0,0,1,0,1,19,0,0,6,7,6,15.068693683005918,0,0,6,5,6,15.651642872095533,0,12.5,-0.3,0.78,Graduate
1,1,1,9887,1,1,127.2,1,36,37,9,9,104.0,1,0,0,1,0,0,19,0,0,7,10,6,12.030147272567723,0,0,7,9,7,12.587447114635758,0,12.4,0.5,1.79,Graduate
1,38,1,9730,0,1,134.5,1,38,37,9,8,119.4,0,0,0,1,1,0,37,0,0,5,6,4,12.55596601445446,0,0,5,8,4,11.882125061803684,0,10.8,1.4,3.41,Dropout
1,1,1,9706,1,1,133.8,1,2,2,5,3,128.2,0,0,0,1,0,0,18,0,0,7,11,7,13.938459282010786,0,5,8,8,8,11.906676807752827,0,12.6,3.7,-1.7,Graduate
1,17,1,9257,1,1,126.6,1,3,3,1,0,120.1,1,0,0,1,1,0,21,0,0,6,10,0,0.0,0,0,6,11,0,0.0,0,13.9,2.6,0.78,Dropout
1,44,1,9146,1,1,134.8,1,1,3,3,5,117.2,0,0,0,1,1,0,22,0,0,6,11,4,10.742779355725853,0,0,6,12,2,11.425801424658633,0,12.4,1.4,1.77,Enrolled
1,1,1,9231,1,1,133.5,1,34,38,2,3,122.1,0,0,0,1,1,0,19,0,0,5,5,0,0.0,0,0,5,5,0,0.12220460078237937,0,7.6,2.6,0.33,Dropout
1,39,1,9136,1,1,132.4,1,3,2,6,5,100.9,0,0,0,0,1,0,22,0,0,6,0,0,0.0,0,0,6,0,0,0.10194981870901196,0,7.6,2.6,0.32,Dropout
1,2,1,9309,1,1,144.2,1,2,2,4,4,128.7,1,0,0,1,0,0,20,0,0,6,7,6,14.116217188122992,0,0,6,8,6,12.837923591524373,0,9.0,1.4,3.45,Graduate
1,40,1,9071,1,1,132.6,1,37,37,9,8,107.4,0,0,0,0,0,0,21,0,0,6,0,0,0.0,0,0,6,0,0,0.0,0,15.5,2.7,-4.05,Dropout
1,39,1,9171,0,1,130.6,1,2,1,2,1,158.5,0,0,0,1,1,0,23,0,0,5,6,0,0.3092003938414114,2,0,5,6,0,0.1406384455905647,0,9.5,-0.8,-3.12,Dropout
2,40,1,9280,1,1,135.1,1,37,36,8,9,127.7,0,0,0,1,0,0,47,0,0,12,11,11,12.484408119606938,0,5,11,12,11,12.613399803108821,0,9.0,1.4,3.5,Graduate
1,39,1,9955,1,1,135.6,1,39,33,5,1,106.9,0,0,0,1,0,0,39,0,0,6,12,2,11.862216022001991,0,0,6,11,2,0.0,0,7.8,2.5,-0.92,Dropout
1,39,1,9625,1,1,131.8,1,37,36,1,4,116.8,0,0,0,1,1,0,20,0,0,5,0,0,0.0,0,0,5,0,0,0.051862754216320334,0,7.6,2.6,0.32,Dropout
1,40,1,9389,1,1,128.8,1,38,38,9,11,132.1,0,0,0,1,0,0,21,0,5,10,9,8,13.007541323686057,0,5,8,8,7,12.75546783924883,0,9.0,1.4,3.48,Graduate
1,39,1,9611,1,1,133.6,1,38,37,9,8,129.6,0,0,0,1,0,0,19,0,0,7,8,7,12.623692358076143,0,0,8,8,8,15.934586685815388,0,9.1,0.5,1.82,Graduate
2,38,1,9349,0,1,130.4,1,37,37,8,10,106.3,0,0,0,1,0,0,41,0,0,7,10,7,13.206233805526416,0,5,8,11,8,14.004232267769247,0,12.5,-0.3,0.76,Graduate
2,39,1,7974,0,19,129.8,1,37,38,10,8,147.5,0,0,0,1,1,0,49,0,0,5,0,0,0.0,0,0,5,0,0,0.19282009204275316,0,10.8,1.4,1.8,Dropout
2,39,1,9126,0,3,131.9,1,37,37,9,6,155.4,0,0,0,1,1,0,37,0,0,5,5,0,0.7082401671170404,0,0,5,5,0,0.027211330278175197,0,12.6,3.7,-1.7,Dropout
1,17,1,9109,1,1,121.2,1,1,1,4,1,121.3,1,0,0,1,1,0,19,0,0,5,11,4,11.130046091602745,0,0,5,10,2,11.29417051145889,0,14.0,0.5,-3.13,Dropout
1,1,1,9487,1,1,129.6,1,3,2,4,2,122.8,1,0,0,1,0,0,19,0,0,7,8,6,12.117020595809867,0,0,8,10,7,12.53082972336808,0,14.1,0.6,0.9,Graduate
1,2,3,9603,1,1,131.9,1,1,37,4,5,128.1,1,0,0,1,0,0,19,0,0,6,6,6,13.067563376589748,0,0,6,7,6,12.210502282835133,0,9.2,-0.8,1.81,Graduate
2,39,1,9529,0,1,129.7,1,37,37,10,9,100.2,0,0,0,0,1,0,49,0,0,6,0,0,0.0,0,0,5,1,0,0.0,0,15.5,2.7,-4.05,Dropout
1,1,1,35,1,1,131.1,1,1,2,4,3,117.8,1,0,0,1,0,0,18,0,0,7,0,6,0.0,0,0,8,0,0,0.1751340335436089,0,15.5,2.7,-4.04,Dropout
2,39,1,9323,0,3,134.2,1,36,37,9,8,118.7,0,0,0,1,1,0,49,0,5,10,11,4,12.132062641056239,0,2,7,10,2,11.51869999217355,0,16.0,0.4,0.79,Dropout
1,1,1,9727,1,1,134.2,1,37,37,8,10,135.4,0,0,0,1,0,0,19,0,0,7,7,6,13.128780959835789,0,0,8,8,6,13.222649820559242,0,12.4,0.5,1.79,Graduate
2,39,1,9816,0,1,129.5,1,36,33,1,0,159.1,0,0,0,1,1,0,59,0,0,6,6,0,0.0,0,0,6,0,0,0.06674620351644285,0,7.6,2.6,0.31,Dropout
1,1,1,9139,1,1,131.2,1,36,37,10,10,122.2,1,0,0,1,0,1,18,0,0,5,6,5,12.182620608362782,0,0,5,5,5,14.024240500366377,0,9.3,-0.8,-3.13,Graduate
1,41,1,9079,1,39,132.2,1,1,2,4,4,164.4,0,0,0,0,1,0,29,0,3,6,11,0,0.0,0,1,6,11,0,0.0,0,12.4,1.4,1.79,Dropout
1,1,1,9222,1,1,139.4,1,4,2,7,4,127.9,1,0,0,1,0,0,19,0,0,7,7,7,15.163613323996874,0,0,8,8,8,15.620174179306913,0,9.1,0.5,1.82,Graduate
1,42,1,9955,1,1,133.8,1,2,1,5,4,110.1,1,0,0,1,0,0,19,0,0,7,11,4,12.157368194101338,0,0,6,11,2,11.718032371485734,0,15.5,1.4,-4.06,Dropout
1,1,1,9121,1,1,140.0,1,1,38,2,10,127.7,1,0,0,1,0,1,19,0,0,6,6,6,15.440092392925514,0,0,6,6,6,13.228925789428311,0,12.8,3.7,-1.71,Graduate
1,43,1,9089,1,1,133.2,1,2,38,5,2,98.8,0,0,0,1,1,0,22,0,0,6,10,4,10.603298746772724,0,0,6,12,2,10.688272775882652,0,15.9,0.4,0.79,Dropout
1,43,1,9361,1,1,130.4,1,2,2,3,6,126.5,0,0,0,1,0,0,18,0,0,8,8,7,12.687325048044496,0,0,8,8,7,13.28784769942146,0,12.7,3.7,-1.69,Graduate
1,42,1,9690,1,1,134.6,1,2,38,3,6,95.5,0,0,0,1,0,0,19,0,0,7,11,6,12.57018956199402,0,0,7,12,7,13.444423682282302,0,16.0,0.5,0.82,Dropout
1,44,1,9209,1,1,130.7,1,2,3,2,3,158.4,0,0,0,1,1,0,20,0,0,5,7,4,12.161389895903438,0,0,5,8,5,11.664317125581952,0,8.9,1.4,3.45,Enrolled
1,1,1,9420,1,1,141.2,1,20,37,9,9,126.3,1,0,0,1,0,1,19,0,0,6,8,6,17.986190298268703,0,0,6,8,6,15.271489157309604,0,12.7,0.6,1.98,Graduate
1,1,3,9757,1,1,139.1,1,2,1,5,6,131.3,1,0,0,1,0,0,18,0,0,7,8,7,13.452296816659397,0,0,8,8,8,14.154737071197601,0,12.7,3.7,-1.7,Graduate
1,17,2,9168,1,1,117.7,1,38,38,9,10,121.2,1,0,0,1,0,1,19,0,0,5,5,5,11.657836558256554,0,0,5,5,5,10.823912014296797,0,9.3,-0.8,-3.15,Graduate
1,43,1,9223,1,40,131.9,1,3,3,1,1,153.6,0,0,0,0,1,0,26,0,0,6,12,0,0.0,0,0,6,12,0,0.0,0,9.0,1.4,3.47,Dropout
1,54,1,33,1,1,131.3,1,1,3,1,3,131.5,1,0,0,1,0,0,21,0,0,7,11,11,12.477826508759465,0,5,11,11,11,10.971779154249088,0,16.0,2.8,-3.81,Dropout
1,2,1,9760,1,1,131.2,1,38,37,9,10,116.8,1,0,0,1,0,1,18,0,0,6,6,2,10.78770130534952,0,0,6,6,0,0.0,0,14.0,-0.3,0.79,Dropout
1,17,2,9462,1,1,132.8,1,3,1,2,7,124.1,1,0,0,1,0,0,18,0,0,6,6,6,14.644516033183017,0,0,6,8,6,12.720651158371004,0,8.9,1.4,3.44,Graduate
1,1,1,9126,1,1,134.1,1,38,38,9,11,113.7,1,0,0,1,0,0,20,0,0,6,0,0,0.2149588554672171,0,0,6,1,0,0.0,0,13.8,2.7,-4.06,Dropout
1,38,1,9173,1,1,130.4,1,2,38,2,2,106.5,0,0,0,1,1,0,26,0,0,6,11,4,11.579976980855442,0,0,6,11,2,11.804569724810056,0,7.7,2.6,0.32,Dropout
1,1,1,9104,1,1,140.4,1,2,19,5,6,131.4,1,0,0,1,0,1,18,0,0,6,6,6,14.843105711238982,0,0,6,6,5,14.313371196270301,0,8.9,1.4,1.8,Graduate
1,44,1,9327,1,1,133.4,1,2,2,7,7,113.7,1,0,0,1,0,0,20,0,0,7,11,4,12.646456832254344,0,0,7,11,3,11.11866681736799,0,15.6,2.8,-4.05,Enrolled
1,17,1,9149,1,1,133.3,1,37,37,9,9,117.0,0,0,0,1,0,0,19,0,0,6,7,0,0.0,0,0,6,0,0,0.0,0,15.5,2.8,-4.04,Dropout
1,41,1,9619,1,1,132.9,1,36,38,10,10,133.6,0,0,0,1,0,0,22,0,0,7,8,7,12.947260860135982,0,2,8,8,7,14.734385019607236,0,13.9,-0.3,0.79,Graduate
1,1,3,9564,1,1,123.8,1,1,2,2,5,115.1,1,0,0,1,0,0,18,0,0,7,11,6,13.240198899943099,0,0,7,8,6,12.736742765688454,0,9.2,-0.3,0.79,Enrolled
2,39,1,8177,0,39,134.2,1,37,38,10,7,154.4,0,0,0,1,0,0,42,0,3,6,8,6,12.064532002717543,0,2,6,8,6,13.420899775182079,0,12.4,0.5,1.82,Graduate
1,1,1,9660,1,1,126.1,1,20,38,3,7,112.0,1,0,0,1,0,0,19,0,0,6,7,6,13.024639701804865,0,0,6,7,6,12.811134046890757,0,12.4,0.5,1.8,Graduate
1,44,1,9236,1,1,128.3,1,2,38,3,8,112.9,0,0,0,1,1,0,17,0,0,6,11,3,12.189763064010297,0,0,6,5,0,0.0,0,12.6,-0.3,0.78,Dropout
1,17,2,9196,1,1,125.8,1,19,37,8,10,121.1,1,0,0,1,0,0,18,0,0,6,12,4,10.212002022252333,0,0,6,11,3,10.775150866314165,0,9.0,1.4,1.78,Enrolled
1,1,1,9346,1,1,139.8,1,38,38,9,10,126.1,1,0,0,1,0,1,18,0,0,6,6,6,14.056055342044932,0,0,6,8,6,13.519712995691886,0,8.9,1.4,3.46,Graduate
1,1,1,89,1,1,137.1,1,38,37,9,10,157.9,1,0,0,1,0,0,19,0,0,0,0,0,0.1335575578417575,0,0,0,0,0,0.40345974137735025,0,9.0,1.4,-4.06,Dropout
1,1,1,9787,1,1,134.0,1,38,38,10,10,127.2,0,0,0,1,0,1,22,0,0,6,7,6,13.572491971493156,0,0,6,7,6,13.764590625823722,0,13.9,-0.3,0.79,Graduate
1,40,1,9106,1,1,129.4,1,37,38,3,6,106.4,0,0,0,0,1,0,39,0,0,3,10,0,0.06416305390633774,0,0,5,0,0,0.0,0,9.0,1.4,3.49,Dropout
1,39,1,9230,1,39,130.4,1,2,3,0,2,102.3,0,0,1,0,1,0,32,0,2,6,12,2,10.71729109598129,0,1,6,12,2,0.0,0,8.9,1.4,3.49,Dropout
1,43,1,9979,1,1,142.0,1,1,3,4,5,152.5,0,0,0,1,0,0,18,0,0,7,7,7,12.693453970767566,0,4,8,9,8,12.88291599887319,0,12.4,0.5,1.78,Dropout
1,1,1,9804,1,1,139.9,1,4,2,3,0,130.9,1,0,0,1,0,0,18,0,0,6,7,6,14.408715417813351,0,0,8,9,6,15.23463576182032,0,16.2,0.3,-0.91,Graduate
1,39,1,9554,0,1,130.0,1,37,37,9,9,125.6,0,0,0,1,0,0,55,0,0,6,7,5,11.540744398572397,0,0,6,7,5,11.040819070298394,0,7.6,2.6,0.33,Graduate
1,42,1,9547,1,1,132.9,1,3,1,1,7,136.1,0,0,0,1,0,0,21,0,0,7,11,7,12.837969076579038,0,5,8,8,8,13.364274861917425,0,15.5,2.8,-4.06,Graduate
1,1,1,9139,1,1,132.8,1,1,2,4,0,151.6,0,0,0,1,0,0,20,0,0,6,10,6,12.901645319685057,0,0,6,9,5,13.446176146183657,0,14.1,0.6,2.02,Graduate
1,1,3,9672,1,1,123.9,1,19,38,1,9,115.4,1,0,0,1,0,0,18,0,0,6,0,6,0.0,0,0,6,0,0,0.0,0,13.8,2.7,0.79,Graduate
1,1,1,9611,1,1,138.4,1,4,38,5,5,132.8,1,0,0,1,0,0,18,0,0,6,12,4,12.383865006497174,0,0,6,6,4,12.937222062556177,0,9.4,-0.8,-3.13,Dropout
1,1,1,9058,1,1,142.3,1,1,36,7,9,135.1,1,0,0,1,0,1,17,0,0,6,6,6,16.36850541562838,0,0,6,6,5,15.976615928820177,0,12.6,-0.8,-3.13,Graduate
1,1,1,9645,1,1,133.5,1,37,38,10,7,115.2,0,0,0,1,0,0,19,0,0,6,11,4,11.437855719106317,0,0,6,12,4,10.747705961609618,0,12.7,3.7,-1.7,Dropout
1,44,1,9086,1,1,132.0,1,3,1,4,2,126.9,0,0,0,1,1,0,27,0,0,5,10,2,11.676110673567944,0,0,5,11,2,13.135183358441887,0,12.4,1.4,1.8,Dropout
1,17,1,9914,1,1,118.9,1,38,37,8,10,110.7,1,0,0,1,0,0,17,0,0,6,6,2,12.439794163134732,0,0,6,6,0,0.2626040269617092,0,12.4,0.5,1.79,Dropout
1,17,1,9083,1,1,132.2,1,2,2,6,5,117.0,1,0,0,1,0,0,18,0,0,6,6,3,12.192776993330012,0,0,6,5,0,11.740413880591836,0,10.8,1.4,1.77,Dropout
1,38,1,9180,1,1,133.6,1,36,37,8,10,97.0,0,0,1,1,0,0,41,0,0,5,6,2,0.0,0,0,6,6,2,0.0,0,11.1,0.6,2.01,Dropout
1,38,1,60,1,1,136.0,1,32,32,1,3,96.9,1,0,0,1,1,0,28,0,0,6,0,0,0.0,0,0,6,0,0,0.03912399018486701,0,7.6,2.6,0.33,Dropout
1,17,1,9155,1,1,133.8,1,1,3,4,1,136.6,1,0,0,1,1,0,18,0,0,6,6,0,0.32828305570603356,0,0,6,5,0,0.14401728916570042,0,15.5,2.7,-4.06,Dropout
1,2,1,9794,1,1,130.0,1,38,37,9,7,110.6,1,0,0,1,1,0,19,0,0,6,0,0,0.0,0,0,6,0,0,0.0,0,10.8,1.4,1.79,Dropout
1,43,1,9035,1,40,157.7,1,1,1,3,4,150.6,0,0,0,1,1,0,34,0,0,6,0,0,0.3286295122776342,0,0,6,6,0,0.08498852681061923,0,12.5,0.5,1.85,Dropout
1,43,1,9079,1,1,131.0,1,2,38,3,4,104.1,0,0,0,1,1,0,23,0,0,6,11,5,11.727189335986314,0,0,6,11,4,11.291988469711288,0,15.5,2.8,-4.06,Enrolled
1,1,1,9636,1,1,120.2,1,2,1,5,4,124.0,1,0,0,1,0,0,20,0,0,6,7,6,13.298942941659142,0,0,6,9,6,12.521772086704923,0,13.8,-0.3,0.78,Graduate
1,43,1,9179,1,39,130.9,1,2,2,5,3,101.3,0,0,0,0,1,0,25,0,0,6,13,2,11.340778549821664,0,1,6,14,2,10.261771898021564,0,15.5,2.8,-4.06,Dropout
1,1,1,9229,1,1,130.9,1,37,37,9,10,122.0,1,0,0,1,0,0,19,0,0,5,5,5,13.255090267478753,0,0,5,6,5,14.72885421536592,0,9.0,1.4,3.51,Graduate
1,40,1,9718,1,1,129.7,1,38,37,8,9,158.9,0,0,0,1,1,0,31,0,0,5,0,0,0.0,0,0,5,0,0,0.0,0,12.6,3.7,-1.7,Dropout
1,44,1,9632,1,1,152.1,1,2,2,4,2,156.9,1,0,0,1,1,0,20,0,0,6,0,0,0.07342624422454067,0,0,6,0,0,0.3032910595299085,0,9.2,1.4,1.83,Dropout
1,1,1,9164,1,1,120.6,1,1,2,2,5,128.3,1,0,0,1,0,0,19,0,0,6,7,6,12.87772060898891,0,0,6,7,6,11.60965522410283,0,13.9,-0.3,0.78,Graduate
1,1,3,9524,1,1,139.2,1,1,1,5,4,129.9,1,0,0,1,0,0,18,0,0,7,7,7,14.222939941454277,0,0,8,8,8,13.077906439397859,0,12.4,0.5,1.81,Graduate
1,1,2,9776,1,1,130.2,1,37,37,8,8,122.8,1,0,0,1,0,1,18,0,0,6,8,6,13.844935790060546,0,0,6,8,6,11.25986246281612,0,9.3,-0.8,-3.1,Graduate
1,17,1,9202,1,1,128.0,1,1,2,5,4,121.8,1,0,0,1,0,0,18,0,0,6,6,4,12.54117737302063,0,0,6,7,4,12.966759601324977,0,12.6,3.7,-1.7,Graduate
1,1,1,9179,1,1,134.1,1,1,3,3,3,136.1,1,0,0,1,0,0,18,0,0,8,11,7,12.637341645304277,0,0,8,8,7,13.340203832902437,0,10.8,1.4,1.75,Enrolled
1,39,1,8933,1,1,135.4,1,2,2,1,4,127.9,0,0,0,1,1,0,25,0,0,6,11,4,11.654810299884042,0,0,5,9,5,12.215827826411179,0,8.9,1.4,3.51,Dropout
1,42,1,9070,1,41,132.6,1,3,1,5,5,140.8,0,0,0,1,0,0,37,0,12,11,12,11,12.161117925969709,0,4,11,14,11,12.10869671792792,0,12.4,0.5,1.8,Graduate
1,1,1,9417,1,1,132.7,1,1,2,5,1,131.9,1,0,0,1,0,0,18,0,0,7,12,7,13.211562895487065,0,0,8,8,7,14.046814063004723,0,12.4,0.5,1.81,Graduate
1,1,1,9591,1,1,131.1,1,38,37,8,10,129.3,0,0,0,1,0,1,19,0,0,6,6,6,14.585333220646032,0,0,6,7,6,14.576709333816027,0,15.5,2.8,-4.06,Graduate
2,39,1,8112,0,1,131.5,1,38,37,10,9,133.1,0,0,0,1,0,0,37,0,0,6,6,6,12.813329762398435,0,0,8,6,6,13.086198078622868,0,12.7,3.7,-1.7,Graduate
2,39,1,9113,0,1,129.3,1,37,38,9,8,160.6,0,0,0,1,1,0,59,0,0,5,5,1,13.077277444563244,0,0,5,5,1,12.094602130412559,0,12.6,-0.8,-3.13,Dropout
1,39,1,9191,1,1,132.3,1,38,35,3,7,102.9,0,0,0,0,1,0,31,0,0,6,11,2,0.13024651584152205,0,0,6,13,2,0.0,0,7.6,2.6,0.32,Dropout
2,38,1,9113,0,1,132.6,1,37,37,9,11,147.7,0,0,0,1,1,0,36,0,0,5,5,0,0.5457355043343945,0,0,5,5,0,0.7327762088113813,0,9.3,-0.8,-3.13,Graduate
1,39,1,9664,1,1,129.2,1,36,38,5,2,111.6,0,0,0,1,0,0,35,0,0,6,17,0,10.796286440670697,0,0,7,10,2,9.496596727205702,0,9.2,-0.8,-3.15,Dropout
1,1,3,9147,1,1,141.5,1,2,1,6,7,125.1,1,0,0,1,0,1,19,0,0,6,8,6,12.696379256306814,0,0,6,8,6,15.331174813845347,0,9.0,1.4,1.81,Graduate
1,1,3,9359,1,1,139.1,1,3,19,3,4,128.8,1,0,0,1,0,1,18,0,0,6,7,6,14.08611023991776,0,0,6,7,6,13.919634309359992,0,7.6,2.6,0.32,Graduate
1,17,2,9222,1,1,126.0,1,4,2,2,3,120.7,1,0,0,1,1,0,18,0,0,5,9,4,12.195025260623304,0,0,5,9,3,11.424729793112126,0,8.9,1.4,3.47,Enrolled
1,39,1,8976,1,1,129.9,1,38,38,9,11,149.9,0,0,0,1,1,0,18,0,0,5,7,5,11.02422276622325,0,0,5,5,5,13.493484628023078,0,14.0,-0.3,0.79,Dropout
2,39,1,782,1,1,133.1,1,38,38,8,11,145.0,0,0,0,1,0,0,50,0,0,7,0,0,0.6498319701313853,0,0,8,0,0,0.0,0,12.5,0.5,1.81,Dropout
1,1,2,9159,1,1,124.1,1,37,37,5,11,116.7,1,0,0,1,0,1,18,0,0,5,6,4,12.014388461102879,0,0,5,5,5,10.340622054167312,0,9.4,-0.8,-3.13,Graduate
1,1,2,9364,1,1,117.3,1,37,36,9,8,125.2,1,0,0,1,0,1,17,0,0,6,8,5,11.991319062479477,0,0,6,8,5,12.539489226311048,0,9.3,-0.8,-3.11,Graduate
1,1,1,9582,1,1,141.6,1,3,2,4,3,130.8,1,0,0,1,0,0,18,0,0,6,8,6,13.78317528810409,0,0,6,8,7,13.950766600501256,0,12.6,-0.3,0.78,Graduate
1,40,1,9848,1,1,133.8,1,38,37,0,3,131.5,0,0,0,1,0,0,21,0,0,6,10,4,11.662646758802852,0,0,6,7,2,12.349388765217787,0,7.6,2.5,0.33,Dropout
1,39,1,9657,1,1,129.5,1,39,37,3,2,131.5,1,0,0,1,0,0,21,0,0,7,12,6,11.433632445043544,0,0,7,12,2,12.20386803938808,0,9.0,1.4,3.51,Dropout
1,40,1,33,1,1,135.8,1,1,2,5,6,130.9,0,0,0,0,1,0,28,0,0,0,0,0,0.7944328828876869,0,0,0,0,0,0.0,0,12.5,0.5,1.79,Dropout
1,17,2,9224,1,1,119.6,1,19,38,8,9,121.0,1,0,0,1,1,0,19,0,0,5,6,4,11.227162394445353,0,0,5,5,5,12.171063254595966,0,10.8,1.4,1.75,Enrolled
1,1,1,9534,1,1,134.2,1,20,37,8,2,128.3,1,0,0,1,0,0,18,0,0,7,8,7,12.047654533594073,0,0,8,10,7,12.634083801885973,0,16.2,0.3,-0.92,Graduate
1,39,1,9791,1,1,134.8,1,37,37,10,8,127.9,0,0,0,1,0,0,20,0,0,7,7,6,12.742543687195834,0,0,7,7,6,12.401012388342707,0,7.6,2.6,0.32,Graduate
1,1,4,9743,1,1,132.7,1,18,37,9,8,132.8,1,0,0,1,0,1,18,0,0,7,7,6,12.413891420468572,0,0,8,7,6,13.032233441478851,0,13.9,-0.3,0.78,Graduate
1,1,3,9534,1,1,140.7,1,2,1,2,3,128.9,1,0,0,1,0,0,19,0,0,6,7,6,15.77194433715498,0,0,6,8,5,15.503445710458774,0,9.2,1.4,-3.11,Graduate
2,40,1,9633,0,19,132.3,1,37,37,10,6,99.8,0,0,0,1,0,0,49,0,0,6,6,0,0.17568297838102537,0,0,6,1,0,0.0,0,15.5,2.8,-4.06,Dropout
1,38,1,9819,1,1,132.9,1,38,37,9,9,113.5,1,0,0,1,0,0,20,0,0,7,11,5,10.875812632597814,0,0,7,11,5,10.895323643358525,0,7.6,2.7,0.33,Enrolled
1,1,1,9273,1,1,133.0,1,37,38,9,9,130.6,1,0,0,1,0,1,19,0,0,6,6,6,13.193992440217189,0,0,6,6,6,13.338294404688948,0,7.6,2.6,0.31,Graduate
1,43,1,9257,1,1,134.2,1,2,2,6,3,118.5,0,0,0,1,0,0,20,0,0,6,15,2,10.472433978199321,0,0,6,15,2,11.096112097115327,0,15.5,2.8,-4.06,Dropout
1,39,1,9656,1,1,131.0,1,39,37,9,9,138.0,0,0,0,1,0,0,46,0,0,5,6,0,0.19943780679412487,0,0,5,5,0,0.2237663487531065,0,9.4,-0.8,-3.11,Graduate
1,1,1,9170,1,1,142.3,1,2,2,2,7,128.9,1,0,0,1,0,0,18,0,0,6,7,6,12.646387777125057,0,0,6,8,5,13.42889574754168,0,12.4,0.5,1.78,Graduate
1,1,3,9559,1,1,137.6,1,19,37,6,9,128.5,1,0,0,1,0,1,19,0,0,6,8,6,12.095997771314144,0,0,6,8,6,15.904796239123163,0,12.5,0.5,1.78,Graduate
1,43,1,9297,1,1,139.3,1,2,3,4,4,133.4,0,0,0,1,0,0,19,0,0,8,11,7,13.861012593611411,0,0,8,12,8,12.827958593815291,0,12.6,3.7,-1.7,Dropout
1,1,3,9831,1,1,140.9,1,37,37,9,9,134.3,1,0,0,1,0,1,18,0,0,8,8,7,14.0288532951987,0,0,8,8,8,13.713086240079823,0,9.1,1.4,1.8,Graduate
1,1,1,9207,1,1,125.3,1,19,38,4,7,123.5,1,0,0,1,0,0,19,0,0,6,7,5,10.078827633605131,0,0,6,5,5,10.763159768010398,0,7.7,2.6,0.31,Graduate
1,40,1,33,1,1,130.8,1,37,36,9,8,137.7,1,0,0,1,0,0,27,0,0,0,0,0,0.0,0,0,0,0,0,0.0,0,8.9,1.4,3.5,Dropout
1,1,1,9136,1,1,132.2,1,38,37,11,9,125.7,0,0,0,1,0,1,21,0,0,5,8,5,11.003290495655047,0,0,5,7,5,11.3322983200785,0,9.3,-0.8,-3.11,Graduate
1,1,1,9093,1,1,141.2,1,3,1,3,3,137.5,1,0,0,1,0,0,19,0,0,6,6,6,13.747680347380678,0,0,6,6,6,13.54410335434762,0,9.3,-0.8,-3.11,Graduate
1,1,1,9093,1,1,140.3,1,3,2,4,6,134.0,1,0,0,1,0,0,18,0,0,6,8,5,15.36923051260121,0,0,6,8,5,14.418229586666808,0,16.1,0.3,-0.93,Graduate
1,2,2,9161,1,1,133.5,1,38,38,6,3,124.3,1,0,0,1,0,0,18,0,0,5,6,5,13.40774314042591,0,0,5,5,5,12.22715664046294,0,7.7,2.6,0.32,Graduate
1,1,3,9596,1,1,140.1,1,37,38,5,7,133.2,1,0,0,1,0,1,18,0,0,7,7,6,15.013703257105673,0,0,8,8,8,14.500563998631812,0,9.4,-0.8,-3.12,Graduate
1,1,1,9096,1,1,132.4,1,38,38,3,5,115.8,0,0,0,1,0,0,20,0,0,6,12,4,12.827229025825302,0,0,6,11,4,10.764723876039225,0,16.0,0.4,-0.93,Enrolled
1,39,1,9062,1,1,133.2,1,37,36,1,3,103.5,0,0,0,0,1,0,37,0,0,6,10,1,11.930108540295118,0,0,6,11,2,14.111695356068262,0,7.6,2.6,0.32,Dropout
1,17,1,9452,1,1,132.2,1,2,38,5,2,112.9,1,0,0,1,0,0,20,0,0,6,12,0,0.2820813600293094,0,0,6,11,0,0.10700404881375067,0,9.0,1.4,3.51,Dropout
1,39,1,446,1,1,133.7,1,38,38,9,8,134.7,1,0,0,1,0,0,45,0,10,12,12,12,12.86627355897019,0,4,12,11,11,12.400561439696387,0,9.0,2.7,3.5,Graduate
2,39,1,7940,0,3,134.4,1,37,38,9,10,147.1,0,0,0,1,0,0,35,0,10,7,7,11,13.771462977926735,0,4,11,7,10,12.927391675807439,0,16.0,0.4,-0.91,Graduate
1,1,1,9132,1,1,133.5,1,2,37,2,0,125.3,1,0,0,1,1,0,19,0,0,5,6,0,0.0,0,0,5,5,0,0.0,0,9.4,-0.8,-3.13,Dropout
1,1,1,9858,1,1,134.7,1,36,37,10,9,129.3,0,0,0,1,0,1,18,0,0,7,7,7,13.045906330884803,0,0,8,8,8,14.514248929919017,0,12.5,0.5,1.84,Graduate
1,40,1,37,1,1,159.2,1,2,38,3,4,157.7,0,0,0,1,0,0,25,0,0,6,0,0,0.32769233321575403,0,0,6,0,0,0.7833754347961792,0,13.8,2.7,0.77,Graduate
1,40,1,9506,1,1,133.7,1,37,38,2,1,130.2,0,0,0,0,1,0,31,0,0,5,10,0,0.10022483332331765,3,0,5,5,0,0.09518777688852025,0,9.5,-0.8,-3.12,Dropout
1,40,1,9226,0,1,132.8,1,37,36,4,0,116.4,0,0,0,1,1,0,42,0,0,5,12,1,12.045362134294892,0,0,5,5,1,13.340748923226146,0,7.6,2.7,0.32,Dropout
2,40,1,8150,0,19,131.2,1,38,38,9,10,97.8,0,0,0,1,0,0,32,0,0,6,11,5,12.6137233880517,0,0,6,7,5,12.886812388506266,0,14.1,0.6,2.02,Dropout
1,42,1,9049,1,40,128.0,1,38,39,6,3,121.9,0,0,0,1,1,0,23,0,2,6,12,3,11.09031479423031,0,1,6,11,2,9.853722121538626,0,14.0,-0.3,0.79,Dropout
1,1,1,9686,1,1,128.1,1,38,38,11,8,121.0,1,0,0,1,0,0,21,0,0,6,10,3,11.663274308310386,0,0,6,10,4,11.190831453351759,0,14.0,-0.3,0.79,Enrolled
1,1,1,9225,1,1,139.1,1,2,38,4,5,133.0,1,0,0,1,0,1,17,0,0,6,6,6,14.094801565068593,0,0,6,6,6,12.52612305979948,0,9.4,-0.8,-3.12,Graduate
1,1,6,9551,1,1,139.8,1,19,38,4,4,128.9,1,0,0,1,0,0,18,0,0,7,8,7,14.580883346546118,0,0,8,8,8,16.279362883785293,0,9.1,-0.8,-3.14,Graduate
1,1,1,9097,1,1,135.7,1,2,1,4,4,136.9,1,0,0,1,0,0,19,0,0,6,7,6,14.297041978826234,0,0,6,7,6,13.279137292169823,0,13.9,-0.3,0.78,Graduate
1,1,1,9153,1,1,132.4,1,37,38,9,9,124.3,1,0,0,1,0,1,18,0,0,6,6,6,13.398258017699602,0,0,6,6,6,12.22536794481875,0,7.6,2.6,0.32,Graduate
1,1,1,9391,1,1,126.3,1,38,38,9,9,118.1,1,0,0,1,0,0,19,0,0,6,11,6,11.591267668709069,0,0,6,11,6,11.049107716292621,0,7.6,2.7,0.33,Graduate
1,39,1,33,1,1,148.1,1,3,3,6,5,152.9,0,0,0,1,1,0,35,0,0,0,0,0,0.999121771272584,0,0,0,0,0,0.0,0,8.9,2.7,3.49,Dropout
1,39,1,9815,1,1,132.5,1,37,37,9,9,97.7,0,0,0,1,0,0,55,0,0,6,11,4,11.088385923281699,0,0,6,13,0,0.0,0,13.9,-0.3,0.8,Dropout
1,39,1,9174,0,1,131.6,1,37,38,9,9,118.5,0,0,0,1,1,0,43,0,0,5,6,0,0.4796825083323742,0,0,5,6,0,0.4026428126229608,0,9.0,1.4,3.47,Dropout
1,1,1,9398,1,1,128.1,1,36,38,10,11,103.9,0,0,0,1,0,1,21,0,0,6,8,5,12.793401348915319,0,0,6,8,5,13.155887658707597,0,12.5,3.7,1.81,Graduate
1,43,1,9511,1,38,129.9,1,3,1,4,6,134.6,0,0,0,1,0,0,21,0,2,7,9,6,12.654753479994136,0,1,8,8,7,12.034021993838241,0,13.9,-0.3,0.79,Graduate
1,1,1,9058,1,1,134.4,1,1,3,3,5,118.1,1,0,0,1,1,0,18,0,0,5,5,0,14.390371918840822,0,0,5,4,5,13.533969524419646,0,9.0,1.4,3.47,Graduate
1,39,1,636,1,1,129.3,1,36,36,4,3,141.4,0,0,0,1,0,0,19,0,0,7,1,6,0.11900426270876557,0,0,7,0,0,0.09045319313014162,0,15.7,2.7,0.31,Graduate
1,39,1,343,1,1,129.8,1,37,37,3,8,114.5,1,0,0,1,0,0,20,0,0,7,0,0,0.07508003568600605,0,0,7,0,0,0.0,0,12.4,1.4,1.8,Dropout
1,44,1,9351,1,1,128.6,1,3,2,3,2,142.7,0,0,0,1,1,0,18,0,0,6,10,5,13.656975686280797,0,0,6,11,5,13.223133943745403,0,12.5,0.5,1.8,Dropout
1,42,1,9848,1,1,133.4,1,2,3,2,2,135.8,0,0,0,1,1,0,21,0,10,7,10,7,11.855632794200151,0,5,11,13,11,13.539682902257567,0,16.2,0.6,2.01,Dropout
1,1,4,9662,1,1,135.7,1,19,38,10,7,116.7,1,0,0,1,0,1,18,0,0,6,7,6,12.403287495259756,0,0,6,7,6,12.303884807672027,0,16.0,0.4,0.83,Graduate
1,40,1,9636,1,1,130.8,1,38,37,8,8,127.7,0,0,0,1,0,0,30,0,0,10,11,3,11.89303925224269,0,0,7,12,2,12.131387719175644,0,9.0,1.4,1.8,Dropout
1,43,1,9384,1,1,134.9,1,2,38,4,7,117.8,0,0,0,1,0,0,19,0,0,7,11,4,11.879865895734103,0,1,7,13,3,11.04182753904883,0,15.9,2.6,0.8,Dropout
1,1,3,8987,1,1,131.2,1,19,37,9,9,118.2,1,0,0,1,0,1,19,0,0,6,6,6,14.228465920871813,0,0,6,6,5,15.023808318090563,0,8.9,1.4,3.48,Graduate
1,1,1,9633,1,1,131.4,1,3,1,2,10,120.3,1,0,0,1,0,0,19,0,0,6,6,6,13.324183035991323,0,0,6,0,0,0.02159095240589958,0,12.6,3.7,-1.7,Graduate
1,38,1,9648,1,1,131.4,1,38,38,9,8,119.6,0,0,0,1,0,0,25,0,5,13,13,11,11.762212257280062,0,2,12,1,11,11.732960815576662,0,11.0,0.5,1.92,Dropout
1,42,1,9311,1,1,130.2,1,2,3,3,3,137.5,0,0,0,1,0,0,21,0,0,7,7,6,13.69914323028916,0,0,7,9,8,12.663791761736015,0,15.9,-0.4,0.78,Dropout
1,43,1,9494,1,1,129.8,1,2,3,1,2,130.9,0,0,0,1,0,0,17,0,0,7,10,7,13.76979203427782,0,0,8,8,8,13.79211190311054,0,12.7,3.7,-1.7,Dropout
1,1,2,9347,1,1,118.9,1,37,37,8,9,121.2,1,0,0,1,0,1,18,0,0,5,8,5,11.767773096619562,0,0,5,8,5,10.353178588057897,0,7.6,2.6,0.32,Graduate
1,1,1,9564,1,1,141.8,1,37,38,9,7,126.5,1,0,0,1,0,1,18,0,0,6,6,6,15.600882410571796,0,0,6,6,6,12.363356446760047,0,10.8,1.4,1.77,Graduate
1,1,1,9224,1,1,134.9,1,2,37,3,1,117.9,1,0,0,1,1,0,18,0,0,5,9,4,12.415831120966377,0,0,5,5,4,10.819875503928447,0,9.4,-0.8,-3.12,Dropout
1,1,3,9702,1,1,120.6,1,19,38,3,8,132.8,1,0,0,1,0,1,18,0,0,8,8,7,12.379994723077962,0,0,8,8,7,12.85145020912633,0,12.4,0.5,1.77,Graduate
1,16,1,9262,1,1,121.7,1,19,38,10,9,105.7,1,0,0,1,0,0,22,0,0,6,8,3,10.940365208010624,0,0,6,12,4,9.875089685132139,0,10.8,1.4,1.72,Enrolled
1,1,1,33,1,1,134.3,1,1,2,5,0,161.0,1,0,0,1,0,0,19,0,0,0,0,0,0.1642658727780868,0,0,0,0,0,0.019753166280506697,0,12.4,1.4,1.8,Dropout
1,1,1,9523,1,1,119.3,1,2,2,3,5,117.2,1,0,0,1,0,0,20,0,0,7,12,4,11.582147299776713,0,0,7,11,3,10.833793349335592,0,13.9,-0.3,0.79,Enrolled
1,1,1,9877,1,1,138.1,1,2,37,2,7,130.0,1,0,0,1,0,0,19,0,0,7,7,6,14.118720428198726,0,0,8,7,6,12.209910737323554,0,11.1,0.7,2.04,Graduate
1,39,1,9922,1,1,128.5,1,36,37,9,9,116.5,0,0,0,0,1,0,35,0,0,6,13,0,0.0,0,0,6,0,0,0.0,0,9.1,1.4,1.82,Dropout
1,39,1,9786,1,1,134.6,1,37,37,3,3,130.1,0,0,0,1,0,0,40,0,0,6,6,5,14.069872580714494,0,0,5,8,5,12.207138019374549,0,8.9,1.4,3.51,Graduate
1,1,4,9653,1,1,141.4,1,38,37,5,7,131.3,1,0,0,1,0,0,19,0,0,7,7,6,15.36085772338609,0,0,7,7,6,14.63736469451752,0,7.6,2.6,0.32,Graduate
1,43,1,9771,1,1,135.0,1,38,37,6,10,126.3,1,0,0,1,0,0,21,0,0,6,7,6,12.629252439263055,0,0,6,12,6,14.290720599691829,0,12.4,0.5,1.78,Graduate
1,44,1,9143,1,1,134.8,1,2,1,5,5,130.8,0,0,0,1,1,0,26,0,0,5,12,4,11.551144224499287,0,0,5,10,2,10.156945123651406,0,16.1,0.4,-0.93,Dropout
1,43,1,9118,1,1,132.1,1,2,1,3,3,157.4,0,0,0,1,1,0,25,0,0,5,9,5,13.82422960888762,0,0,5,9,5,11.222048894956362,0,12.7,3.6,-1.69,Dropout
2,39,1,9328,1,18,131.3,1,38,38,9,9,101.1,0,0,0,1,0,0,37,0,0,7,10,7,12.625798081357233,0,0,8,12,7,13.848086688558425,0,12.5,0.5,1.85,Dropout
1,39,1,9030,1,1,133.3,1,37,36,2,4,153.3,0,0,1,1,1,0,19,0,0,6,10,0,0.0,0,0,6,11,0,0.0,0,8.9,1.4,3.51,Dropout
1,1,1,9785,1,1,140.1,1,1,37,6,3,127.6,1,0,0,1,0,0,18,0,0,8,5,5,15.673139436467316,0,0,6,6,5,14.599822197428518,0,12.7,3.7,-1.7,Graduate
1,17,1,9251,1,1,118.2,1,19,37,8,8,121.2,1,0,0,1,0,0,17,0,0,6,7,5,12.436961927694353,0,0,6,6,5,11.397432952371352,0,16.1,0.4,-0.92,Graduate
1,1,1,9867,1,1,132.2,1,37,38,9,9,131.9,1,0,0,1,0,0,17,0,0,7,7,7,15.020471646007103,0,0,8,8,8,14.630991289440809,0,9.0,2.7,3.51,Graduate
1,1,1,9066,1,1,137.1,1,3,2,6,2,133.7,1,0,0,1,0,1,18,0,0,6,7,6,13.68999043146205,0,0,6,8,6,13.910188025255795,0,9.2,0.5,1.81,Graduate
1,17,2,9652,1,1,121.8,1,1,1,2,7,122.6,1,0,0,1,0,0,19,0,0,7,11,4,11.281972323668528,0,0,7,13,2,11.802933258590233,0,15.8,2.6,0.78,Dropout
1,44,1,9215,1,1,132.9,1,37,37,5,9,103.5,0,0,0,1,0,0,20,0,0,6,13,2,10.139324630690144,0,0,6,11,1,0.0,0,14.0,-0.3,0.78,Dropout
1,40,1,9567,1,1,133.7,1,37,37,9,11,109.6,0,0,0,1,1,0,54,0,0,5,0,0,0.0,0,0,5,0,0,0.06546859246783808,0,7.8,-0.8,-3.11,Dropout
1,17,2,9206,1,1,129.5,1,37,37,9,8,121.9,1,0,0,1,0,0,18,0,0,5,6,2,0.0,0,0,5,6,0,0.0,0,9.0,1.4,1.8,Dropout
1,1,3,9686,1,1,132.3,1,1,1,3,2,129.7,1,0,0,1,0,0,18,0,0,6,7,6,13.104104450418353,0,0,6,7,6,13.211408464630287,0,13.9,-0.3,0.78,Graduate
1,1,1,9112,1,1,132.8,1,3,37,4,8,138.7,1,0,0,1,0,1,19,0,0,6,8,6,13.275617636260224,0,0,6,8,5,14.366863274896915,0,12.5,0.5,1.81,Graduate
1,17,4,9685,1,1,120.9,1,19,37,4,8,117.3,1,0,0,1,0,0,18,0,0,6,6,6,12.23654564583264,0,0,6,6,6,10.63514677373097,0,8.9,1.4,3.46,Graduate
1,39,1,9240,1,1,133.2,1,37,37,6,9,116.8,0,0,0,1,0,0,21,0,0,5,14,1,10.949580334907566,0,0,5,6,2,10.938832659646206,0,9.4,-0.8,-3.11,Dropout
1,8,1,9606,1,3,139.9,1,2,1,3,2,139.4,0,0,0,1,0,0,28,0,0,7,7,6,17.31788779993674,0,0,8,7,6,16.63611574987652,0,16.0,0.4,-0.89,Graduate
1,1,1,9134,1,1,134.0,1,2,1,2,5,127.6,0,0,0,1,0,0,21,0,0,6,8,6,14.13381235471578,0,0,6,7,6,14.547577124916419,0,16.1,0.5,0.92,Graduate
1,1,1,9323,1,1,135.5,1,3,1,4,3,129.6,1,0,0,1,0,0,18,0,0,6,8,6,13.841236094578328,0,0,6,8,7,14.510427152749003,0,12.4,1.4,1.78,Graduate
1,16,2,9722,1,1,122.2,1,19,37,9,9,107.1,1,0,0,1,0,1,19,0,0,6,10,6,11.05070250763947,0,0,6,9,6,11.707066315106008,0,13.9,-0.3,0.79,Graduate
1,45,1,9728,1,3,133.9,1,1,1,3,5,143.7,0,0,0,1,1,0,27,0,5,7,11,0,0.0,0,8,11,21,0,0.3595850503643536,0,16.0,0.4,-0.92,Dropout
1,1,1,9079,1,1,137.8,1,2,1,4,1,164.5,1,0,0,1,0,0,20,0,0,6,7,5,12.44885183313956,0,0,6,6,5,12.96012591269651,0,12.4,1.4,1.8,Graduate
1,1,1,9044,1,1,135.5,1,2,2,3,7,127.5,0,0,0,1,0,0,20,0,0,6,7,6,12.784987507540826,0,0,6,7,6,12.753057530956584,0,11.1,0.6,2.02,Graduate
1,1,3,9665,1,1,132.6,1,38,37,9,10,130.7,1,0,0,1,0,1,18,0,0,6,6,6,14.89937842753444,0,0,6,5,6,14.369150705540855,0,9.1,0.5,0.77,Graduate
1,39,1,398,1,1,134.4,1,39,38,10,9,140.1,1,0,0,1,0,0,18,0,0,0,0,0,0.0,0,0,0,0,0,0.0,0,12.6,3.7,-1.7,Dropout
1,17,1,9062,1,1,120.8,1,3,2,1,1,107.6,0,0,0,1,1,0,19,0,0,5,12,4,11.477419272136755,0,0,5,11,3,11.05193304403952,0,8.9,1.4,3.51,Enrolled
2,39,1,9739,0,3,132.3,1,38,30,3,2,126.8,0,0,0,0,0,0,28,0,0,5,12,0,0.0,3,0,5,10,0,0.0,0,9.5,-0.8,-3.12,Dropout
1,1,1,9856,1,1,130.4,1,37,37,9,9,129.3,1,0,0,1,0,1,19,0,0,6,5,6,13.776920526476362,0,0,6,6,6,15.062698789162399,0,12.7,3.7,-1.7,Graduate
1,43,1,9118,1,41,140.1,1,1,1,5,1,150.9,0,0,0,1,1,0,20,0,3,6,10,6,14.534896944890612,0,1,6,10,5,12.011598825718854,0,7.6,2.6,0.31,Dropout
1,43,1,9080,1,1,140.0,1,29,37,3,4,128.3,0,0,0,1,0,0,21,0,6,10,11,12,12.764979768144645,0,4,10,12,10,12.840293421440359,0,7.6,2.6,0.32,Graduate
1,17,2,9704,1,1,121.3,1,38,36,10,10,122.3,1,0,0,1,0,1,18,0,0,6,6,4,10.960832355307536,0,0,6,6,6,11.088575011657518,0,9.3,-0.8,1.82,Graduate
1,39,1,9135,1,19,128.6,1,38,37,10,6,99.2,0,0,0,0,1,0,29,0,0,6,11,0,0.0,0,0,6,11,0,0.0,0,15.5,0.5,-4.06,Dropout
1,1,1,9570,1,1,122.0,1,38,38,8,11,118.6,1,0,0,1,0,1,18,0,0,6,8,5,11.981763979685663,0,0,6,8,5,10.281988993323964,0,12.5,3.7,1.81,Graduate
1,1,1,9176,1,1,128.9,1,2,2,2,2,125.4,0,0,0,1,0,0,19,0,0,6,6,6,13.627846850881976,0,0,6,5,6,13.733918189467886,0,15.5,2.8,-4.06,Graduate
1,17,1,9086,1,1,122.0,1,2,3,4,1,116.7,1,0,0,1,0,0,19,0,0,5,8,5,13.046348396384008,0,0,5,8,5,12.233331777220359,0,8.9,1.4,3.5,Enrolled
1,17,1,9188,1,1,133.0,1,37,38,10,9,117.4,1,0,0,1,1,0,19,0,0,5,5,0,0.0,0,0,5,5,0,0.732701259656283,0,10.8,1.4,1.79,Dropout
1,42,1,9080,1,1,134.2,1,2,3,2,5,127.3,0,0,0,1,1,0,22,0,0,6,10,4,11.705931026384958,0,0,6,11,0,0.0,0,16.1,0.4,-0.92,Dropout
1,1,1,9092,1,1,133.7,1,37,38,6,6,132.1,1,0,0,1,0,0,18,0,0,5,6,5,13.119806786412806,0,0,5,8,5,12.527688494535669,0,9.0,1.4,3.48,Graduate
1,40,1,9648,1,1,131.8,1,38,37,9,8,130.6,1,0,0,1,0,0,22,0,0,7,11,7,11.383248299636149,0,5,8,12,7,11.637740591428356,0,12.4,0.5,1.76,Dropout
1,1,1,9079,1,1,133.7,1,36,37,9,9,112.3,0,0,0,1,0,1,18,0,0,6,6,6,11.635522508950986,0,0,6,6,6,12.408192973695396,0,15.5,2.7,3.48,Graduate
1,17,2,9642,1,1,113.8,1,38,37,10,9,110.3,1,0,0,1,0,0,19,0,0,6,0,0,0.0,0,0,6,0,0,0.0,0,9.0,1.4,3.42,Dropout
1,1,1,9694,1,1,134.9,1,3,2,0,4,139.0,0,0,0,1,1,0,19,0,0,6,6,0,0.3511617946564909,0,0,6,6,0,0.17382970449411486,0,8.9,2.7,3.51,Dropout
1,1,1,9495,1,1,127.1,1,2,1,3,8,119.3,0,0,0,1,1,0,17,0,0,6,5,0,0.23808046758241302,0,0,5,5,0,0.5565443677306591,0,12.6,3.7,-1.74,Dropout
1,1,1,110,1,1,138.7,1,3,1,3,5,155.2,1,0,0,1,0,0,19,0,0,7,0,6,0.14934832096205286,0,0,7,0,0,0.0,0,7.6,2.6,0.32,Graduate
1,1,1,9045,1,1,132.4,1,37,38,10,9,146.8,0,0,0,1,0,1,19,0,0,5,5,5,12.833862798976728,0,0,5,6,5,13.195582300029653,0,12.4,0.5,1.79,Graduate
1,1,1,9484,1,1,130.5,1,2,2,5,3,128.5,1,0,0,1,0,0,18,0,0,7,13,6,12.492504921184864,0,0,8,8,6,12.835336845445001,0,15.5,1.4,-4.06,Graduate
1,1,1,9502,1,1,149.8,1,37,37,3,5,142.8,0,0,0,1,0,0,20,0,0,5,5,0,0.5951320413089753,0,0,5,5,0,0.2845146178008978,0,10.8,1.4,1.77,Graduate
1,39,1,8151,1,1,135.2,1,37,38,9,9,132.1,0,0,0,1,0,0,46,0,0,7,7,6,13.057120093986743,0,0,7,7,6,12.42560297100782,0,7.6,2.6,0.32,Graduate
1,44,1,9168,1,1,134.6,1,3,3,1,2,100.7,0,0,0,0,1,0,24,0,0,5,10,0,0.0,0,0,5,16,0,0.0,0,15.5,1.4,1.81,Dropout
1,38,1,9517,1,1,133.4,1,2,2,2,6,112.1,0,0,0,1,1,0,24,0,0,6,0,0,0.0974858329942953,0,0,6,0,0,0.0,0,12.6,3.7,-1.69,Dropout
2,38,1,9464,1,1,129.3,1,37,37,9,9,104.7,0,0,0,1,0,0,40,0,0,7,10,6,12.848368516038843,0,0,8,11,6,12.713017871067679,0,15.6,0.5,-4.05,Dropout
1,1,1,9215,1,1,140.3,1,3,2,5,1,131.3,1,0,0,1,1,0,19,0,0,5,7,5,14.584849129800984,0,0,5,5,5,13.875154465757234,0,14.0,-0.3,0.78,Graduate
1,18,1,9113,1,1,119.5,1,3,2,4,4,116.5,1,0,0,1,0,0,18,0,0,6,6,3,12.866252909336175,0,0,6,5,2,11.041936629807685,0,12.4,0.5,1.77,Dropout
2,40,1,8075,1,40,161.9,1,37,37,3,4,140.1,0,0,0,1,0,0,48,0,4,7,7,8,14.090342312541418,0,2,7,8,8,14.249541009484954,0,7.6,2.6,0.33,Graduate
2,38,1,9725,0,1,130.2,1,36,36,10,8,121.9,0,0,0,1,0,0,42,0,0,5,6,0,0.0,0,0,5,6,0,0.0,0,7.7,-0.8,0.31,Dropout
1,39,1,9679,1,1,134.4,1,37,37,2,7,115.5,1,0,0,0,0,0,26,0,0,6,11,1,0.0,0,0,6,12,0,0.0,0,9.2,0.5,0.79,Dropout
1,42,1,9025,1,1,129.8,1,1,3,5,1,158.2,0,0,0,1,0,0,20,0,0,6,7,6,12.611900670693505,0,0,6,7,6,11.5953540398552,0,16.2,0.3,-0.92,Graduate
1,1,1,9135,1,1,135.5,1,1,1,3,8,111.7,1,0,0,1,0,0,19,0,0,6,6,2,11.515054784079911,0,0,6,6,0,0.0,0,13.9,-0.3,0.79,Dropout
2,39,1,7867,0,19,133.0,1,37,37,9,10,157.8,0,0,0,1,0,0,41,0,0,6,0,0,0.42847569311132166,0,0,6,0,0,0.30516386379045213,0,7.6,2.7,0.32,Dropout
1,39,1,9721,1,1,134.4,1,37,37,9,10,113.1,0,0,0,1,0,0,41,0,0,6,0,0,0.0,0,0,6,0,0,0.0,0,10.8,0.5,1.74,Dropout
1,1,1,9680,1,1,138.4,1,1,2,5,3,129.2,1,0,0,1,0,0,18,0,0,6,6,6,16.082229523531158,0,0,6,6,6,15.460172476004148,0,7.7,2.6,0.31,Graduate
1,44,1,9435,1,1,128.4,1,37,37,3,6,127.9,0,0,0,1,0,0,22,0,0,6,8,6,12.709023299324464,0,0,6,8,7,11.942916600842969,0,13.9,-0.3,0.79,Graduate
1,39,1,9636,1,1,131.7,1,37,37,8,10,151.0,0,0,0,1,0,0,48,0,0,7,7,6,0.0,0,0,7,0,0,0.1138533974594911,0,16.0,0.4,-0.91,Dropout
1,16,1,9219,1,1,121.6,1,3,3,3,2,123.8,1,0,0,1,1,0,18,0,0,6,0,0,0.0,0,0,6,5,0,0.0,0,13.8,-0.3,0.78,Dropout
1,17,1,9045,1,1,125.7,1,2,19,3,9,114.5,1,0,0,1,0,0,18,0,0,6,13,4,12.51982814898758,0,0,6,11,4,10.50872095601793,0,15.5,1.4,-4.06,Dropout
1,43,1,9759,1,1,134.9,1,2,2,2,0,129.6,0,0,0,1,1,0,29,0,3,6,12,4,12.06590479572932,0,1,6,11,2,11.427463993581203,0,9.2,0.5,1.83,Dropout
1,1,4,9938,1,1,132.6,1,2,1,5,3,127.7,1,0,0,1,0,0,18,0,0,7,8,7,12.882521593802656,0,0,8,8,8,11.970660251042315,0,9.1,-0.3,0.78,Graduate
1,1,1,9318,1,1,119.1,1,37,38,9,10,115.2,0,0,0,1,0,1,19,0,0,5,8,5,11.556248543368902,0,0,5,8,5,9.904341475161088,0,12.4,0.5,1.8,Graduate
1,17,4,9365,1,1,133.9,1,2,3,3,7,129.8,1,0,0,1,0,0,18,0,0,6,7,6,13.575944663874292,0,0,6,8,6,12.840825095641424,0,10.8,1.4,1.78,Dropout
1,39,1,218,1,1,130.7,1,37,37,9,7,98.6,1,0,0,0,0,0,28,0,0,0,0,0,0.0,0,0,0,0,0,0.0,0,10.8,1.4,1.77,Dropout
1,1,3,9708,1,1,127.0,1,3,1,3,1,127.4,1,0,0,1,0,0,18,0,0,6,8,6,13.673114601561714,0,0,6,8,6,14.653151123399583,0,13.9,-0.3,-3.11,Graduate
1,1,1,9576,1,1,139.5,1,3,38,3,3,127.3,0,0,0,1,0,1,18,0,0,7,8,7,13.498955681590292,0,0,8,8,8,13.055397359079308,0,15.6,2.8,-4.06,Graduate
1,1,1,9868,1,1,133.0,1,35,38,3,3,124.7,1,0,0,1,0,0,19,0,0,6,6,6,11.68528730865523,0,0,6,7,6,11.84990928751887,0,7.8,-0.8,-3.13,Graduate
1,1,1,9664,1,1,139.2,1,37,38,9,10,143.3,1,0,0,1,0,1,19,0,0,6,6,6,14.081759279645052,0,0,6,6,6,14.276188187862834,0,9.3,0.5,0.84,Graduate
1,1,1,9570,1,1,132.9,1,38,38,8,9,144.8,0,0,0,1,0,0,19,0,0,6,0,6,0.0,0,0,8,0,6,0.58660843447518,0,12.6,3.7,1.85,Graduate
2,39,1,893,0,11,132.5,1,37,37,9,4,150.1,0,0,0,1,1,0,47,0,0,0,0,0,0.024273643771318885,0,0,0,0,0,0.381814256509744,0,7.6,2.7,0.31,Dropout
1,1,1,9595,1,1,120.8,1,3,2,5,7,106.4,1,0,0,1,0,0,18,0,0,8,8,5,13.128756664619305,0,0,8,8,7,10.918076982344544,0,12.5,3.7,1.82,Graduate
1,17,1,9095,1,1,120.5,1,38,37,10,8,119.7,0,0,0,1,0,1,20,0,0,6,10,5,11.5059502343793,0,0,6,9,5,10.016793852543485,0,15.5,2.8,-4.06,Enrolled
1,39,1,9191,1,1,131.5,1,3,3,2,6,158.6,0,0,0,1,1,0,18,0,0,5,5,0,0.41609862545213255,0,0,5,6,0,0.0,0,8.9,1.4,3.43,Dropout
1,44,1,309,1,1,129.5,1,37,37,8,7,129.7,1,0,0,1,0,0,22,0,11,13,22,13,12.925547915018276,0,10,11,14,11,12.294537812353946,0,9.1,0.5,1.82,Graduate
1,17,3,9802,1,1,129.6,1,3,2,4,3,125.6,1,0,0,1,0,0,18,0,0,6,6,6,12.6035159041993,0,0,6,7,6,12.898271239711486,0,15.5,2.8,-4.06,Graduate
1,39,1,9041,1,1,134.6,1,2,3,5,3,116.9,0,0,0,1,1,0,28,0,0,5,5,0,0.0,0,0,5,5,0,0.0,0,14.0,-0.4,0.78,Dropout
1,7,1,853,1,1,134.0,1,38,37,5,9,151.3,1,0,0,1,0,0,35,0,8,11,21,13,0.3381078710356277,0,7,12,1,10,0.0,0,12.4,0.5,1.79,Graduate
1,2,1,9108,1,1,119.9,1,19,19,9,9,116.4,1,0,0,1,0,1,18,0,0,6,7,6,11.507552883514782,0,0,6,9,6,12.493266383054761,0,12.5,0.5,1.89,Graduate
1,42,1,9212,1,3,137.2,1,1,32,4,4,128.5,0,0,0,0,1,0,32,0,0,5,12,0,0.3653841869676214,0,0,5,11,0,0.0,0,9.3,-0.8,-3.11,Dropout
1,1,1,9837,1,1,132.3,1,1,38,4,5,121.7,1,0,0,1,0,1,19,0,0,6,8,5,12.376029206489708,0,0,6,8,5,11.775571177747985,0,9.3,-0.8,-3.13,Graduate
1,17,2,9679,1,1,123.9,1,19,37,4,6,118.7,1,0,0,1,0,0,18,0,0,7,11,6,9.988511768906314,0,0,6,11,6,10.72501447310274,0,12.4,0.5,1.8,Dropout
2,39,1,9119,0,3,133.9,1,38,37,2,5,146.5,0,0,0,0,1,0,31,0,0,5,0,0,0.0,0,0,5,0,0,0.6563731109614994,0,9.2,-0.8,-3.12,Dropout
1,1,3,9810,1,1,142.1,1,1,37,4,4,134.2,1,0,0,1,0,1,17,0,0,6,7,6,14.8917890801163,0,0,6,7,6,14.307095551286341,0,9.1,2.6,0.32,Graduate
1,1,1,9224,1,1,134.1,1,2,37,3,7,119.3,1,0,0,1,0,0,19,0,0,5,6,5,13.16986334038527,0,0,5,6,5,12.725177613452672,0,7.6,2.6,0.32,Graduate
2,39,1,9991,0,19,132.9,1,37,37,9,7,139.7,0,0,0,1,1,0,32,0,0,6,10,5,13.226660067730325,0,0,6,8,5,12.438611158260597,0,12.6,3.7,-1.69,Dropout
1,44,1,9105,1,1,133.1,1,1,1,5,0,98.4,0,0,0,1,0,0,31,0,5,7,12,4,11.386597722225584,0,4,11,17,11,11.819994952609356,0,12.4,0.5,1.82,Dropout
1,40,1,9159,1,1,128.6,1,3,2,2,6,122.1,0,0,0,0,1,0,27,0,0,5,11,1,0.0,0,0,5,9,0,0.0,0,12.7,3.7,-1.7,Dropout
2,40,1,9764,1,1,131.7,1,37,37,9,8,103.9,0,0,0,1,0,0,53,0,0,7,10,0,0.0,0,0,7,0,0,0.0,0,7.6,2.6,0.32,Dropout
2,40,1,8137,0,1,132.3,1,38,38,9,6,163.2,0,0,0,1,0,0,49,0,0,6,7,6,13.490543998368949,0,0,7,7,6,12.75285041350335,0,7.7,2.6,0.32,Graduate
2,40,1,9570,0,19,133.7,1,37,39,8,8,99.2,0,0,0,1,0,0,47,0,11,7,13,12,12.135139273095911,0,10,12,12,11,11.768254765550308,0,16.0,0.4,0.78,Dropout
1,1,3,9749,1,1,142.3,1,38,37,8,8,129.4,1,0,0,1,0,1,19,0,0,6,7,6,14.26482531193422,0,0,6,7,6,14.783408760896123,0,13.9,-0.3,0.78,Graduate
1,39,1,9152,1,1,129.7,1,2,1,3,3,114.9,0,0,0,0,1,0,26,0,0,5,9,0,0.0,0,0,5,5,0,0.0,0,7.6,2.6,0.32,Dropout
1,1,1,913,1,1,134.1,1,1,2,1,5,141.8,0,0,0,1,1,0,19,0,0,0,0,0,0.3127071117590986,0,0,0,0,0,0.01799459301714254,0,8.9,2.8,3.51,Dropout
1,1,1,9137,1,1,120.6,1,2,1,1,0,115.4,1,0,0,1,0,0,20,0,0,5,12,4,12.099454351762422,0,0,5,11,3,11.332400607968122,0,10.8,1.4,1.78,Enrolled
1,1,1,9051,1,1,131.2,1,1,37,5,2,136.5,1,0,0,1,0,0,21,0,0,6,12,2,0.0,0,0,6,12,0,0.0,0,12.7,3.7,-1.69,Dropout
1,38,1,8964,1,1,129.4,1,38,37,3,85,161.8,0,0,0,1,1,0,27,0,0,5,5,0,0.6968756446631027,0,0,5,6,5,14.056998180478656,0,9.0,1.4,3.4,Dropout
1,1,1,9515,1,1,130.3,1,38,37,1,5,132.5,1,0,0,1,0,0,18,0,0,8,8,5,13.521098519050097,0,0,8,8,5,13.090225964645422,0,10.8,1.4,1.76,Graduate
1,1,1,9181,1,1,126.7,1,2,3,4,3,140.8,1,0,0,1,1,0,18,0,0,5,6,0,0.0,0,0,5,5,0,0.0,0,7.7,-0.8,-3.12,Dropout
1,42,1,9308,1,1,130.6,1,1,1,3,8,128.1,0,0,0,1,0,0,22,0,0,7,9,7,13.336067731101952,0,0,8,8,8,13.87550878731142,0,12.4,0.5,1.8,Dropout
1,43,1,9364,1,1,132.1,1,37,37,3,4,130.2,0,0,0,1,0,0,37,0,2,10,10,6,13.59404833193289,0,1,7,11,5,13.035551982666192,0,7.6,2.6,0.33,Dropout
1,17,1,9297,1,1,135.0,1,19,37,9,7,112.5,0,0,0,0,0,0,18,0,0,6,11,2,9.922440069102686,0,0,6,11,2,0.0,0,15.4,1.4,-4.06,Dropout
1,54,1,9115,1,40,141.2,1,2,2,4,5,156.5,1,0,0,1,0,0,20,0,0,6,12,6,12.87943855935009,0,1,6,16,5,12.359993809458924,0,8.9,1.4,3.51,Enrolled
1,17,3,9104,1,1,121.8,1,1,2,0,8,119.7,1,0,0,1,0,0,18,0,0,6,7,4,11.4541773754583,0,0,6,9,4,10.046501406064197,0,7.6,2.7,3.51,Enrolled
1,17,1,9127,1,1,130.6,1,2,1,2,2,118.4,1,0,0,1,1,0,18,0,0,6,0,0,0.3884968789228305,0,0,6,1,0,0.0,0,11.1,0.6,2.0,Dropout
1,43,1,9725,1,1,131.1,1,38,37,3,8,127.2,0,0,0,1,0,0,25,0,0,7,10,7,13.119890748312681,0,5,8,8,7,13.459097101493589,0,14.0,3.7,-1.71,Graduate
1,43,1,9282,1,1,140.5,1,1,1,4,5,129.7,0,0,0,1,0,0,20,0,0,7,8,7,13.297784635183188,0,0,8,8,8,13.322674406025598,0,12.4,0.5,1.8,Graduate
1,1,1,9684,1,1,131.2,1,38,37,10,10,128.2,1,0,0,1,0,1,18,0,0,7,8,7,13.761875725432411,0,0,8,8,8,14.711256030405389,0,12.4,0.5,1.8,Graduate
1,18,1,9061,1,1,132.9,1,2,3,4,4,114.2,1,0,0,1,1,0,22,0,0,6,6,0,0.0,0,0,6,6,0,0.0,0,15.4,0.5,1.82,Dropout
1,1,1,9189,1,1,132.6,1,37,37,10,7,128.9,1,0,0,1,0,1,17,0,0,6,8,5,12.165968019424088,0,0,6,7,5,11.847749125396014,0,8.9,2.7,3.51,Graduate
1,17,1,9233,1,1,119.6,1,19,37,6,5,110.5,1,0,0,1,0,0,20,0,0,5,10,4,10.511973242250285,0,0,5,11,3,10.549274867849581,0,13.8,2.7,0.78,Enrolled
2,39,1,8012,0,1,129.5,1,36,38,8,8,138.2,0,0,0,1,0,0,47,0,0,10,0,0,0.0,0,0,7,0,0,0.0,0,9.4,-0.8,-3.12,Dropout
1,44,1,9518,1,1,132.6,1,2,2,2,6,127.3,0,0,0,1,0,0,21,0,0,7,12,6,13.13507515533596,0,0,8,8,6,13.239248675840908,0,15.7,2.8,-3.97,Graduate
1,42,1,9015,1,1,142.9,1,4,3,2,2,145.9,0,0,0,1,1,0,19,0,0,6,7,5,15.798144987478267,0,0,6,5,5,13.825189232264464,0,16.0,0.4,-0.92,Graduate
1,1,1,9136,1,1,133.2,1,1,3,1,3,130.9,1,0,0,1,0,0,18,0,0,6,7,6,13.836426791223932,0,0,6,7,6,15.196225974604348,0,16.2,0.6,-3.69,Graduate
1,1,4,9444,1,1,137.7,1,2,1,2,5,134.2,1,0,0,1,0,0,17,0,0,7,7,7,13.460977482344449,0,0,8,9,8,12.893956592396805,0,13.9,-0.3,0.78,Graduate
1,1,1,9710,1,1,128.9,1,38,37,9,11,124.7,0,0,0,1,0,1,18,0,0,6,6,6,15.35436137361783,0,0,6,6,6,14.27647655617854,0,8.9,2.7,3.47,Graduate
1,1,3,9307,1,1,142.0,1,3,3,2,3,134.8,1,0,0,1,0,0,19,0,0,6,7,6,14.72482541831634,0,0,6,8,6,13.299228638365149,0,12.5,0.5,1.8,Graduate
1,1,1,9594,1,1,132.1,1,2,3,4,3,127.1,1,0,0,1,0,0,19,0,0,7,12,7,11.859186048149725,0,0,8,8,7,11.51090719875774,0,10.8,1.4,1.77,Enrolled
1,39,1,9681,1,1,137.3,1,38,37,2,3,126.1,0,0,0,1,0,0,29,0,0,8,8,7,13.749642501960333,0,0,8,8,7,15.561027224157375,0,12.6,3.7,-1.72,Graduate
2,39,1,9272,0,19,130.5,1,37,38,2,5,102.4,0,0,0,1,1,0,29,0,0,5,9,2,11.083016557730906,0,0,5,11,2,12.565500250206945,0,7.6,2.6,0.32,Dropout
1,1,1,9484,1,1,134.8,1,38,37,8,12,123.8,1,0,0,1,0,1,18,0,0,7,8,6,13.432720439523976,0,0,7,8,7,13.55418520356532,0,13.9,-0.3,0.81,Graduate
1,39,1,9759,1,1,129.3,1,38,37,9,8,126.0,0,0,0,1,0,0,21,0,0,7,11,6,13.070805055906735,0,0,7,8,6,13.707311458634015,0,15.5,2.8,-4.05,Graduate
1,38,1,9663,1,1,129.1,1,37,37,8,7,119.5,0,0,0,1,1,0,28,0,0,5,0,0,0.0,0,0,5,0,0,0.0852838015965162,0,10.8,1.4,1.8,Dropout
2,38,1,8039,1,19,136.4,1,37,37,10,8,141.2,0,0,0,1,0,0,27,0,11,15,19,12,13.19031066029153,0,9,12,0,11,0.0,0,15.5,1.4,-4.06,Dropout
1,18,1,9071,1,1,120.5,1,2,2,2,3,116.0,0,0,0,1,1,0,19,0,0,5,6,0,0.0,0,0,5,6,0,0.1263419420331747,0,12.5,0.5,1.92,Dropout
1,42,1,9050,1,39,131.2,1,2,2,3,5,142.0,0,0,0,1,1,0,25,0,0,6,0,0,0.037479759906988305,0,0,6,1,0,0.0,0,15.5,0.6,1.8,Dropout
1,39,1,9810,1,1,132.2,1,37,37,9,8,109.3,0,0,0,0,1,0,30,0,0,6,0,0,0.0,0,0,6,0,0,0.0,0,12.7,-0.8,-3.13,Dropout
1,17,2,9544,1,1,127.4,1,1,2,0,1,109.9,1,0,0,1,0,0,19,0,0,6,12,4,11.262545822582045,0,0,6,12,4,11.869391739907732,0,9.4,-0.8,-3.13,Enrolled
1,1,1,9763,1,1,128.1,1,1,19,2,8,131.5,0,0,0,1,0,1,19,0,0,6,8,6,13.391670521623002,0,0,6,8,6,14.267910871378913,0,9.0,1.4,3.45,Graduate
1,18,1,9750,1,1,130.5,1,36,37,9,9,115.7,1,0,0,1,0,0,20,0,0,6,11,2,0.0,0,0,6,6,0,0.0,0,7.6,2.7,0.33,Dropout
1,1,1,9922,1,1,159.0,1,36,37,9,8,164.5,0,0,0,1,0,0,18,0,0,6,6,6,0.7282817986468461,0,0,6,6,6,13.544819197045511,0,9.0,1.4,3.45,Graduate
1,43,1,9661,1,1,135.5,1,1,3,3,6,128.3,1,0,0,1,0,0,18,0,0,7,11,7,13.294610411035752,0,0,8,9,8,14.044803253823307,0,13.8,-0.3,0.78,Dropout
2,39,1,9417,1,1,130.7,1,36,37,9,10,126.9,0,0,0,1,0,1,46,0,0,7,7,7,15.57538141967244,0,0,8,8,7,13.291678990110954,0,10.8,0.5,1.77,Graduate
1,1,1,9632,1,1,136.5,1,38,37,6,2,133.8,1,0,0,1,0,0,19,0,0,7,10,8,12.90340138234644,0,0,8,8,8,14.863833466449147,0,9.3,-0.8,-3.12,Graduate
1,44,1,9247,1,1,132.4,1,36,37,3,5,123.3,0,0,0,1,0,0,34,0,12,15,22,14,12.697850889524162,0,9,11,12,11,13.264097603092711,0,7.6,2.6,0.32,Dropout
1,39,1,8117,1,40,133.5,1,38,37,9,10,139.6,0,0,0,1,0,0,42,0,0,6,7,6,13.420998235447518,0,0,6,7,6,13.717071278393577,0,15.6,2.7,-4.05,Graduate
1,1,1,9762,1,1,132.3,1,38,37,3,5,125.0,1,0,0,1,0,0,19,0,0,7,13,12,11.515690429157777,0,0,8,11,8,12.784248250201601,0,9.3,-0.8,-3.11,Dropout
1,17,1,9236,1,1,117.7,1,2,2,2,2,125.6,1,0,0,1,0,0,18,0,0,6,11,5,11.263113636721702,0,0,6,10,4,11.964516760367674,0,15.4,2.8,-4.06,Enrolled
1,1,4,9675,1,1,131.1,1,19,36,9,9,115.9,1,0,0,1,0,1,18,0,0,6,8,6,14.434206184330957,0,0,6,8,6,13.406452264953584,0,8.9,1.4,3.49,Graduate
1,1,2,9241,1,1,140.5,1,2,3,4,3,130.3,1,0,0,1,0,0,18,0,0,6,8,6,11.999084325814442,0,0,6,8,5,10.485299325391054,0,12.7,3.7,-1.72,Graduate
1,44,1,9502,1,1,128.3,1,3,37,3,0,130.2,1,0,0,1,0,0,30,0,5,10,11,11,11.77344509755778,0,4,10,12,11,12.480214854466258,0,10.8,1.4,1.78,Dropout
1,39,1,9513,1,1,132.8,1,36,37,8,6,131.2,0,0,0,1,0,0,34,0,0,6,5,0,0.0,0,0,5,5,0,0.3653456555950844,0,9.4,-0.8,-3.13,Dropout
1,1,1,9149,1,1,131.5,1,38,37,10,11,132.1,0,0,0,1,0,1,21,0,0,6,6,6,13.763470295908142,0,0,6,6,6,12.938402431577165,0,15.6,2.7,-4.06,Graduate
1,1,1,9827,1,1,132.5,1,37,38,9,10,109.9,1,0,0,1,0,0,19,0,0,6,6,6,12.50939846384875,0,0,6,6,0,0.4160060235284585,0,14.0,0.5,0.89,Dropout
1,17,2,9182,1,1,113.7,1,19,38,8,9,114.7,1,0,0,1,1,0,18,0,0,5,5,0,0.0,0,0,5,5,0,0.0,0,12.5,0.5,1.82,Dropout
1,38,1,9710,0,1,130.2,1,36,38,8,6,99.9,0,0,0,1,0,0,56,0,0,6,6,3,11.775134424624703,0,0,6,8,4,12.957749401268368,0,8.9,1.4,3.49,Dropout
1,1,1,899,1,1,136.9,1,2,37,5,3,135.2,1,0,0,1,0,0,18,0,0,0,0,0,0.0,0,0,0,0,0,0.0,0,10.8,1.4,1.79,Graduate
1,1,1,9733,1,1,128.8,1,3,1,2,5,125.1,1,0,0,1,0,0,18,0,0,6,8,5,13.923160707631773,0,0,6,8,5,13.061556196223968,0,12.6,3.7,-1.71,Graduate
1,1,1,9239,1,1,129.9,1,1,19,3,5,121.5,1,0,0,1,0,1,18,0,0,5,5,5,13.816450965965812,0,0,5,5,5,12.437095076087626,0,9.3,-0.8,-3.13,Graduate
1,1,1,33,1,1,152.2,1,32,37,3,6,149.8,0,0,0,1,0,0,21,0,0,7,6,6,0.43815869344729386,0,0,6,6,6,0.0,0,8.9,1.4,3.49,Graduate
1,44,1,9110,1,40,133.3,1,2,2,4,6,125.2,0,0,0,1,0,0,26,0,7,13,16,4,12.95498104243185,0,4,11,15,2,10.482209086437287,0,9.0,1.4,3.49,Dropout
1,1,1,9680,1,1,141.9,1,2,37,6,0,137.3,0,0,0,1,0,1,17,0,0,6,7,6,15.67380773761725,0,0,6,6,5,15.753357081850877,0,9.1,0.5,-3.1,Graduate
1,1,1,9057,1,1,130.7,1,36,37,9,8,119.5,1,0,0,1,0,1,18,0,0,5,8,5,10.287299261190501,0,0,5,8,5,11.433072112003655,0,9.3,-0.8,-3.12,Graduate
1,37,1,9241,1,1,132.6,1,38,37,9,9,112.6,0,0,0,1,1,0,27,0,0,5,11,5,11.837683130258133,0,0,5,10,2,13.048447635045711,0,7.7,2.6,0.32,Dropout
1,1,1,9345,1,1,119.9,1,1,2,4,1,135.2,1,0,0,1,0,0,18,0,0,6,7,6,13.373698055088754,0,0,6,9,6,11.94236701729688,0,12.4,0.5,1.78,Graduate
1,1,1,9637,1,1,140.4,1,1,3,4,3,128.8,1,0,0,1,0,1,18,0,0,8,8,7,14.036125428867026,0,0,8,8,7,15.628467901408138,0,12.7,3.7,-1.71,Graduate
1,54,1,9097,1,1,129.9,1,2,37,2,11,123.3,1,0,0,1,0,0,20,0,13,11,21,12,12.380028602037942,0,9,11,17,11,12.415684325911705,0,9.0,1.4,3.47,Graduate
1,44,1,9066,1,40,167.8,1,1,2,3,4,156.6,0,0,0,1,0,0,19,0,3,7,7,6,13.449411135640924,0,1,6,7,6,15.661611823937442,0,15.8,2.6,0.79,Graduate
1,18,1,9085,1,1,123.0,1,3,3,6,3,122.6,1,0,0,1,1,0,18,0,0,5,9,5,12.32036808003276,0,0,5,6,5,10.790727031302964,0,12.7,3.7,-1.68,Graduate
1,1,1,9766,1,1,136.1,1,36,38,9,10,127.2,0,0,0,1,0,1,19,0,0,6,7,6,14.462933143896228,0,0,6,7,6,14.293806179217096,0,13.9,-0.3,0.78,Graduate
1,42,1,9120,1,40,133.8,1,2,2,2,1,115.2,0,0,0,1,0,0,21,0,2,7,11,4,10.095345890966465,0,1,7,13,2,10.802948034268542,0,7.6,2.6,0.32,Dropout
1,1,1,9699,1,1,143.8,1,37,37,9,9,131.6,1,0,0,1,0,1,19,0,0,6,8,6,13.895450362633499,0,0,6,8,6,14.437668534226717,0,9.3,-0.8,-3.11,Graduate
2,40,1,9713,0,3,156.9,1,38,37,2,6,153.9,0,0,0,1,0,0,39,0,0,6,6,6,14.536533630961486,0,0,6,6,5,15.343173431649884,0,14.0,-0.3,0.85,Graduate
1,39,1,33,1,1,133.6,1,1,1,3,1,132.4,1,0,0,1,0,0,20,0,0,7,0,0,0.2583287801410653,0,0,7,0,0,0.5299244076512778,0,8.9,1.4,3.51,Dropout
1,1,1,9909,1,1,132.1,1,37,37,9,6,128.4,1,0,0,1,0,1,19,0,0,6,8,6,11.101565360718812,0,0,6,8,6,10.80166086782555,0,15.5,2.8,-4.05,Graduate
1,1,3,9119,1,1,124.4,1,2,19,3,8,116.3,1,0,0,1,0,0,18,0,0,6,7,5,14.344923105102058,0,0,6,6,5,13.96644561481083,0,9.0,0.5,1.84,Graduate
1,44,1,9055,1,1,136.1,1,2,2,1,4,109.2,0,0,0,1,1,0,21,0,0,6,11,3,13.771717588379891,0,0,6,11,2,11.585628949418284,0,13.9,2.7,0.32,Dropout
1,17,1,9611,1,1,132.5,1,37,37,9,8,102.3,1,0,0,0,1,0,19,0,0,6,0,0,0.0,0,0,6,0,0,0.0,0,9.1,0.5,1.82,Dropout
1,1,1,9486,1,1,133.1,1,2,3,0,4,125.7,0,0,0,1,0,0,18,0,0,7,7,6,14.998836625139287,0,0,8,8,6,0.0,0,15.5,2.8,-4.06,Graduate
1,1,4,9644,1,1,133.4,1,1,37,3,4,116.7,1,0,0,1,0,0,19,0,0,7,7,6,13.123369304386166,0,0,7,9,8,11.744564000819217,0,13.9,-0.3,0.79,Graduate
1,17,1,9062,1,1,121.8,1,2,2,4,2,108.7,1,0,0,1,0,0,19,0,0,5,9,4,12.100899452375037,0,0,5,12,3,11.989714476644522,0,9.2,0.5,1.83,Enrolled
1,1,1,9123,1,1,122.7,1,19,37,4,1,108.3,1,0,0,1,0,0,21,0,0,5,10,4,10.441182001023375,0,0,5,10,5,9.944813945868297,0,13.9,-0.3,0.78,Enrolled
1,38,1,9151,1,1,132.4,1,1,1,8,3,105.1,0,0,0,0,1,0,35,0,0,5,10,0,0.0,0,0,5,10,0,0.05963566504135291,0,9.0,1.4,3.49,Dropout
1,39,1,9120,1,1,136.2,1,39,35,0,3,121.2,0,0,0,1,1,0,33,0,0,5,5,0,0.0,0,0,5,5,0,0.17113076892204102,0,7.6,2.6,0.32,Dropout
1,43,1,9327,1,1,130.4,1,2,2,5,2,104.0,0,0,0,1,1,0,27,0,0,7,11,4,11.50509030385454,0,0,7,13,3,11.049239539408914,0,12.4,0.5,1.81,Dropout
2,39,1,9254,0,40,157.7,1,2,35,3,3,154.8,0,0,0,1,1,0,38,0,2,6,7,5,12.189358920136131,0,1,6,8,5,12.933955900990297,0,10.8,1.4,3.43,Dropout
1,1,2,9104,1,1,124.5,1,37,38,9,10,124.4,1,0,0,1,0,0,17,0,0,6,6,0,0.06495516662126852,0,0,5,0,0,0.0,0,9.2,-0.8,-3.11,Dropout
1,1,1,9266,1,1,134.8,1,36,38,10,7,123.4,1,0,0,1,1,0,20,0,0,5,5,0,0.0,0,0,5,6,0,0.2529945629003441,0,9.0,1.4,3.46,Graduate
1,1,1,9103,1,1,135.2,1,38,37,9,8,123.8,0,0,0,1,1,0,19,0,0,5,5,4,12.0449632751064,0,0,5,5,4,11.180404803115467,0,16.1,0.5,0.39,Dropout
1,1,1,9117,1,1,133.9,1,3,3,0,1,129.3,0,0,0,1,1,0,19,0,0,5,10,4,13.031245456119859,0,0,5,10,5,11.379370465183664,0,7.8,2.6,-0.92,Enrolled
1,1,1,9480,1,1,132.1,1,37,37,5,5,127.5,1,0,0,1,0,0,18,0,0,8,8,7,13.77668357168534,0,0,8,8,7,11.34703853244982,0,10.8,1.4,1.76,Graduate
1,39,1,9210,1,39,129.0,1,2,36,5,2,144.1,0,0,0,1,1,0,26,0,2,6,5,0,0.45843978431247456,0,0,6,6,0,0.076348715921415,0,12.4,0.5,1.82,Graduate
1,1,1,9191,1,1,135.0,1,3,37,2,6,131.7,1,0,0,1,0,0,18,0,0,6,8,5,12.05211310677095,0,0,6,8,5,11.203266735690566,0,7.7,2.6,0.31,Graduate
1,1,2,9991,1,1,116.3,1,38,38,9,7,122.5,1,0,0,1,0,1,20,0,0,6,8,6,11.893088652252791,0,0,6,8,6,9.701654739084692,0,13.9,-0.3,0.78,Graduate
1,39,1,9559,1,1,130.1,1,37,37,9,9,128.6,0,0,0,1,0,0,40,0,0,7,7,7,12.901026321705526,0,0,8,8,8,13.077159732589239,0,15.9,0.4,-0.91,Graduate
1,17,1,9181,1,1,133.5,1,38,37,8,9,128.0,1,0,0,1,1,0,18,0,0,5,1,0,0.0,0,0,5,0,0,0.05162182661070126,0,12.5,0.5,1.79,Dropout
1,1,1,9282,1,1,138.9,1,2,2,4,3,139.1,1,0,0,1,0,0,18,0,0,6,6,6,16.717129764152993,0,0,6,5,6,13.239736845647101,0,9.0,2.7,3.5,Graduate
1,17,1,9223,1,1,122.8,1,2,38,3,7,108.5,1,0,0,1,1,0,20,0,0,5,6,2,0.0,0,0,5,5,0,0.0,0,10.8,1.4,1.79,Dropout
1,1,1,9154,1,1,140.5,1,2,3,5,5,132.7,1,0,0,1,0,0,19,0,0,5,6,6,13.277149680886064,0,0,6,6,5,11.689640999299392,0,13.9,-0.3,0.78,Graduate
1,44,1,9093,1,1,132.1,1,2,3,2,5,120.4,0,0,0,1,1,0,19,0,0,6,12,4,12.184112117903185,0,0,5,11,3,10.050623756769493,0,12.5,0.5,1.81,Enrolled
1,1,1,9392,1,1,129.1,1,2,3,4,3,128.9,1,0,0,1,0,0,18,0,0,7,7,6,13.787706505218567,0,0,6,7,6,13.427980378226538,0,13.8,-0.3,0.79,Graduate
1,1,1,9669,1,1,136.4,1,2,2,6,3,134.0,1,0,0,1,0,0,18,0,0,6,7,6,13.225073048713403,0,0,6,7,6,13.280373766833957,0,11.1,0.6,2.02,Graduate
1,38,1,9775,1,1,138.6,1,2,19,8,9,99.1,0,0,0,1,0,0,26,0,0,7,9,7,12.732821866891012,0,4,8,8,7,13.639305099253194,0,12.4,0.6,1.78,Dropout
1,1,1,9445,1,1,129.9,1,1,1,3,5,118.0,1,0,0,1,0,0,18,0,0,7,10,6,12.855323615227746,0,0,6,13,6,12.354000400534787,0,12.5,0.5,1.82,Graduate
1,44,1,9211,1,40,139.6,1,2,1,3,6,158.7,0,0,0,1,0,0,22,0,5,10,9,6,13.386726465162424,0,4,9,9,5,13.845742818704206,0,10.8,1.4,3.41,Graduate
1,18,1,9205,1,1,118.9,1,2,1,2,8,125.9,1,0,0,1,1,0,19,0,0,5,5,2,0.0,0,0,5,6,0,0.0,0,12.7,3.7,-1.71,Dropout
1,1,3,9312,1,1,124.2,1,3,19,4,9,118.6,1,0,0,1,0,1,19,0,0,6,6,6,13.030011867728424,0,0,6,6,6,11.880820617842229,0,12.4,0.5,1.82,Graduate
1,1,1,9358,1,1,135.6,1,38,37,10,10,129.0,0,0,0,1,0,1,19,0,0,7,8,7,12.884553327857004,0,0,8,8,8,14.893814193681408,0,14.0,-0.3,-3.11,Graduate
1,1,3,9325,1,1,123.8,1,2,3,4,3,129.5,1,0,0,1,0,0,18,0,0,6,6,6,12.590176208545481,0,0,6,6,6,11.50081540042122,0,13.8,2.7,0.79,Graduate
1,1,1,9280,1,1,142.3,1,1,1,5,2,135.4,0,0,0,1,0,0,19,0,0,7,7,7,14.111715768035948,0,0,8,8,7,12.719361292413506,0,12.4,0.5,1.8,Graduate
1,40,1,9174,0,3,166.6,1,35,1,2,4,152.8,0,0,0,1,1,0,29,0,0,5,5,0,0.5545877753491061,0,0,5,5,0,0.5837890007144033,0,10.8,1.4,1.77,Dropout
1,44,1,9467,1,1,136.3,1,3,2,6,3,115.1,1,0,0,1,0,0,20,0,0,7,11,7,12.828592586909519,0,0,8,13,7,11.326674600526548,0,13.7,-0.2,-4.06,Enrolled
1,1,3,9586,1,1,141.7,1,38,37,8,7,126.1,1,0,0,1,0,1,18,0,0,7,7,6,14.331487889699204,0,0,8,7,6,14.99692704851984,0,9.3,-0.3,-3.1,Graduate
1,1,3,9439,1,1,142.0,1,4,3,1,2,133.3,1,0,0,1,0,0,18,0,0,7,7,7,13.197489385002886,0,0,8,8,8,13.931226795389206,0,12.4,0.5,1.8,Graduate
1,2,1,9467,1,1,133.4,1,38,37,9,9,129.5,1,0,0,1,0,1,19,0,0,7,8,7,13.981160177841357,0,0,8,8,7,13.348462675048356,0,9.2,-0.3,0.79,Graduate
1,1,1,9184,1,1,133.3,1,37,37,10,5,117.4,1,0,0,1,0,0,18,0,0,5,5,5,11.555767052823512,0,0,5,6,5,14.343655532850441,0,9.4,-0.8,-3.12,Graduate
1,17,2,9163,1,1,122.5,1,2,37,5,7,118.9,1,0,0,1,1,0,18,0,0,5,6,2,12.705289469442969,0,0,5,5,4,11.904801102937121,0,9.2,-0.8,-3.12,Dropout
1,17,1,9133,1,1,119.1,1,1,2,0,3,114.7,1,0,0,1,0,0,22,0,0,6,5,4,11.319986096085477,0,0,6,9,2,12.77959708729318,0,10.8,1.4,1.77,Dropout
1,39,1,9752,1,1,126.9,1,37,37,9,8,102.6,0,0,0,1,0,0,49,0,0,6,12,6,11.832553405069746,0,0,6,13,4,11.196232330484726,0,15.5,2.8,-4.05,Dropout
1,44,1,9042,1,39,132.7,1,3,2,1,3,150.6,0,0,0,1,1,0,36,0,0,5,11,0,0.07616688143421718,0,0,5,11,0,0.19113968320263938,0,12.4,0.5,1.81,Dropout
1,39,1,9349,1,1,133.2,1,2,37,3,6,128.9,0,0,0,1,0,0,18,0,0,7,7,7,13.246295374698223,0,0,8,8,8,14.455554026835284,0,12.5,0.5,0.76,Graduate
1,1,1,9387,1,1,131.3,1,38,37,4,8,131.3,1,0,0,1,0,0,19,0,0,7,8,7,11.085702309527978,0,0,8,8,7,10.997179694319504,0,9.2,-0.8,-3.12,Graduate
1,1,1,9659,1,1,131.8,1,37,37,9,8,132.8,1,0,0,1,0,0,18,0,0,6,5,6,10.756143427160627,0,0,6,6,6,11.763514236888474,0,7.7,2.6,0.32,Graduate
1,54,1,9013,1,1,132.8,1,2,38,4,8,127.5,1,0,0,1,0,0,24,0,12,16,24,14,12.746828974193043,0,11,12,15,13,13.128857900090972,0,9.0,1.4,3.51,Graduate
1,16,1,9300,1,1,117.2,1,1,1,3,2,102.6,1,0,0,1,1,0,19,0,0,5,5,0,0.0,0,0,5,5,0,0.04008191880643615,0,14.0,0.5,0.79,Dropout
1,1,1,9402,1,1,142.3,1,1,37,3,5,129.2,1,0,0,1,0,0,18,0,0,6,6,6,13.732907479614788,0,0,6,6,6,13.153070744648653,0,12.6,-0.8,1.82,Graduate
1,1,1,9198,1,1,128.8,1,3,3,8,4,122.2,1,0,0,1,0,0,19,0,0,5,8,4,11.907089377993834,0,0,5,8,5,11.860963410037336,0,10.9,1.4,1.78,Enrolled
1,39,1,9167,1,1,131.5,1,2,4,4,1,112.1,0,0,0,0,1,0,29,0,0,0,0,0,0.34877959936838066,0,0,0,0,0,0.1329997107703913,0,12.7,3.7,-1.7,Dropout
1,1,3,9250,1,1,122.4,1,19,37,8,7,115.9,1,0,0,1,0,1,18,0,0,6,6,6,13.077502184853728,0,0,6,6,6,11.152395880113524,0,8.9,1.4,3.5,Graduate
1,44,1,9631,1,39,140.9,1,2,1,2,5,140.6,0,0,0,1,0,0,21,0,2,7,9,7,13.072450096604218,0,0,8,8,8,15.266850156028804,0,13.9,-0.3,0.79,Graduate
1,1,3,9605,1,1,132.8,1,3,37,3,2,135.0,1,0,0,1,0,1,17,0,0,7,8,6,13.022021303328543,0,0,8,8,7,12.835361552189525,0,9.5,-0.8,-3.11,Graduate
1,2,1,9149,1,1,131.0,1,38,38,8,6,117.5,1,0,0,1,0,0,18,0,0,5,6,0,11.85880320526222,0,0,5,5,0,0.38700318282420776,0,9.2,-0.8,-3.11,Graduate
1,1,1,9029,1,1,139.0,1,3,3,0,1,138.9,1,0,0,1,1,0,19,0,0,6,6,6,14.538501619301355,0,0,6,5,6,13.61038035062021,0,8.9,2.7,3.5,Graduate
1,43,1,9104,1,40,133.0,1,2,2,3,3,151.9,0,0,0,1,1,0,31,0,0,5,11,0,0.0,0,0,5,12,0,0.0,0,15.5,2.7,-4.05,Dropout
2,40,1,9785,1,19,132.0,1,37,37,9,10,103.2,0,0,0,1,1,0,49,0,0,6,11,0,0.0,0,0,6,14,0,0.0,0,16.2,0.4,-0.92,Dropout
1,1,4,9480,1,1,131.7,1,2,2,4,3,135.2,1,0,0,1,0,0,18,0,0,7,7,7,14.320517400098433,0,0,8,8,8,14.30758776593437,0,15.4,2.8,-4.03,Graduate
1,1,1,9712,1,1,134.0,1,37,37,10,7,130.4,1,0,0,1,0,1,19,0,0,7,7,6,13.592480200111797,0,0,8,6,6,12.953112743276497,0,11.1,0.6,2.02,Graduate
1,38,1,33,1,1,129.1,1,38,38,9,10,141.2,1,0,0,1,0,0,20,0,0,0,0,0,0.4114210411045324,0,0,0,0,0,0.013702829919475135,0,15.6,2.7,-4.06,Dropout
1,39,1,9433,1,1,133.2,1,38,37,8,8,129.7,0,0,0,1,0,0,41,0,0,7,14,6,12.502287258298752,0,0,7,12,6,11.792338256873656,0,7.6,2.6,0.32,Dropout
2,39,1,9578,0,1,130.3,1,37,38,10,11,159.4,0,0,0,1,0,0,32,0,0,6,7,6,11.428137706806988,0,0,6,7,6,14.183289871081579,0,13.9,-0.3,0.79,Graduate
1,1,1,9126,1,1,132.2,1,1,38,5,4,128.7,1,0,0,1,0,0,19,0,0,6,6,6,12.41741217847541,0,0,6,6,6,12.225433371048261,0,13.9,-0.3,0.79,Graduate
1,43,1,9637,1,1,131.9,1,2,37,6,3,106.6,1,0,0,1,0,0,20,0,0,7,12,6,10.907847006539296,0,0,7,11,6,12.07158447748106,0,12.4,0.5,1.83,Dropout
1,1,1,9173,1,1,131.5,1,38,37,9,7,113.4,0,0,0,1,1,0,20,0,0,5,9,5,11.704675532041188,0,0,5,6,5,12.159760187249747,0,13.8,0.6,0.8,Enrolled
1,1,1,9016,1,1,138.3,1,4,19,6,4,134.2,1,0,0,1,0,1,18,0,0,5,5,5,14.871296779679376,0,0,5,5,5,14.144254508505261,0,12.6,-0.8,1.78,Graduate
1,43,1,9230,1,38,139.8,1,3,2,3,3,148.4,0,0,0,1,1,0,36,0,2,6,11,4,13.72668669187332,0,1,6,10,2,12.358310955883784,0,14.0,-0.3,0.79,Dropout
1,39,1,9656,1,1,130.5,1,38,38,8,11,134.3,0,0,0,1,0,0,27,0,0,7,11,11,13.4040503680249,0,5,11,10,10,14.325775865370733,0,11.1,0.6,2.02,Graduate
1,39,1,9756,0,1,130.1,1,38,37,3,5,130.8,0,0,0,1,0,0,43,0,0,6,8,5,14.256655352652787,0,0,6,7,5,11.140124859209816,0,7.8,2.6,0.32,Graduate
1,1,1,9562,1,1,132.0,1,2,2,3,5,130.8,1,0,0,1,0,0,19,0,0,6,7,6,13.877754448852318,0,0,6,5,6,13.780633984531665,0,12.4,0.5,1.79,Graduate
1,44,1,9152,1,1,132.3,1,37,37,9,8,125.6,0,0,0,1,0,0,54,0,12,17,24,14,12.998826533788652,0,10,11,14,11,12.54864406799747,0,9.0,1.4,1.82,Graduate
1,39,1,9254,1,1,131.2,1,37,37,9,2,111.8,0,0,0,1,1,0,37,0,0,5,6,0,0.0,0,0,5,5,0,0.000466480038112874,0,12.6,3.7,-1.71,Dropout
1,43,1,9167,1,1,132.5,1,3,3,1,3,122.8,0,0,0,1,1,0,20,0,0,6,9,4,12.557146432433399,0,0,6,11,2,10.775287804641092,0,15.6,2.8,-4.06,Dropout
1,1,1,33,1,1,140.5,1,1,2,4,2,148.2,1,0,0,1,0,0,17,0,0,0,0,0,0.08585676376093096,0,0,0,0,0,0.0,0,9.0,1.4,1.81,Dropout
1,1,1,9228,1,1,132.2,1,37,38,6,9,127.0,1,0,0,1,1,0,17,0,0,5,5,0,0.405236077535936,0,0,5,6,0,0.0,0,9.1,1.4,1.81,Graduate
1,42,1,9498,1,1,131.1,1,1,37,6,3,132.5,1,0,0,1,0,0,20,0,2,7,12,8,12.591714304762236,0,2,7,8,7,12.577370502582315,0,9.1,-0.3,0.79,Graduate
1,1,1,9588,1,1,128.5,1,37,39,9,9,131.0,0,0,0,1,0,1,18,0,0,6,7,6,12.662521708718764,0,0,6,7,6,12.556909920437366,0,13.9,-0.3,0.79,Graduate
1,1,1,9219,1,1,137.0,1,19,37,10,9,121.2,0,0,0,1,0,0,20,0,0,5,10,5,12.652256803479094,0,0,5,5,5,11.355570817054208,0,14.0,0.5,0.87,Graduate
1,43,1,9313,1,1,134.9,1,2,4,5,2,125.4,1,0,0,1,0,0,21,0,0,7,13,0,11.970634495844083,0,0,7,14,0,0.0,0,13.9,2.6,0.79,Dropout
1,1,1,9561,1,1,133.7,1,37,37,9,9,121.9,0,0,0,1,0,1,20,0,0,6,8,5,12.797983099001867,0,0,6,8,5,11.546431751701641,0,11.0,0.6,1.93,Graduate
1,43,1,9740,1,1,134.1,1,38,38,2,5,108.8,1,0,0,1,0,0,19,0,0,7,10,5,12.027076385716892,0,0,7,12,5,10.282206748580895,0,13.9,2.6,0.79,Enrolled
1,1,1,9278,1,1,130.9,1,37,38,9,8,122.6,1,0,0,1,0,1,18,0,0,7,8,7,13.770837795962777,0,0,8,8,7,15.117788148252016,0,12.5,0.5,1.82,Graduate
2,39,1,9245,0,11,132.1,1,32,36,5,3,150.9,0,0,0,1,1,0,45,0,0,6,5,0,0.30203337856246143,0,0,6,0,0,0.0,0,9.0,1.4,3.5,Dropout
1,1,1,9087,1,1,131.5,1,2,37,4,5,121.8,1,0,0,1,0,0,19,0,0,5,6,5,13.189928186131377,0,0,5,6,5,12.102786643014724,0,9.2,-0.8,-3.1,Graduate
1,1,2,9124,1,1,122.5,1,19,38,9,8,128.8,1,0,0,1,0,1,18,0,0,6,8,5,12.240530407603362,0,0,6,8,5,10.58913478154944,0,13.9,-0.3,0.78,Graduate
1,16,1,9141,1,1,117.1,1,19,37,8,10,120.7,0,0,0,1,1,0,18,0,0,5,11,4,12.216025902669726,0,0,5,10,2,10.317911774803084,0,16.1,0.4,-0.91,Dropout
2,39,1,9277,0,19,130.1,1,37,37,3,1,101.8,0,0,0,0,1,0,38,0,2,6,11,2,11.374214406044034,0,1,5,13,1,0.0,0,15.5,2.8,-4.06,Dropout
1,1,1,9160,1,1,109.4,1,2,19,4,4,120.5,1,0,0,1,0,0,18,0,0,6,8,5,12.674348828977955,0,0,6,8,5,10.73489622051083,0,15.5,2.8,-4.06,Graduate
1,16,2,9051,1,1,126.0,1,2,3,6,2,112.7,1,0,0,1,1,0,18,0,0,5,5,2,0.0,0,0,5,6,0,0.0,0,9.3,2.7,-3.12,Dropout
1,44,1,9204,1,40,129.9,1,3,1,4,3,142.9,0,0,0,1,1,0,26,0,6,10,15,6,12.116867007285796,0,4,11,11,5,13.15389435220484,0,15.5,1.4,-4.04,Dropout
2,39,1,9942,1,1,133.1,1,37,38,9,9,103.5,0,0,0,1,0,0,57,0,0,7,11,7,11.550515649124007,0,0,8,11,7,10.806210199490781,0,14.0,-0.3,0.79,Dropout
1,1,3,9649,1,1,133.2,1,2,2,4,4,127.0,1,0,0,1,0,0,18,0,0,6,7,6,13.35652048245164,0,0,6,6,6,12.500588157881646,0,13.8,2.7,3.5,Graduate
1,40,1,9705,1,1,132.3,1,37,33,1,2,120.5,0,0,0,0,1,0,37,0,0,5,11,0,0.07033286728781159,3,0,5,9,0,0.056739641801221236,0,9.2,-0.8,-3.13,Dropout
1,40,1,9602,1,1,133.2,1,2,3,4,4,157.7,0,0,0,1,1,0,32,0,0,7,0,0,0.2003437714165906,0,0,8,0,0,0.5079044565013715,0,12.7,0.6,1.98,Dropout
1,1,1,9702,1,1,149.5,1,3,3,4,5,138.6,1,0,0,1,0,0,18,0,0,6,8,5,14.094922398110928,0,0,6,8,5,15.391497089293567,0,9.4,-0.8,-3.13,Graduate
1,1,2,9841,1,1,140.8,1,19,37,6,8,128.8,1,0,0,1,0,0,18,0,0,8,8,7,13.627664297470426,0,0,8,8,8,15.401209857981152,0,9.4,-0.8,-3.13,Graduate
1,1,1,9178,1,1,129.0,1,2,1,4,4,116.8,0,0,0,1,1,0,17,0,0,5,9,5,10.179797629771798,0,0,5,6,5,11.68783528366548,0,13.9,-0.3,0.79,Enrolled
1,39,1,9140,1,1,128.9,1,2,37,5,3,102.2,0,0,0,0,1,0,28,0,0,6,12,2,10.554093499008854,0,0,6,10,1,0.0,0,15.4,1.4,1.77,Dropout
1,40,1,9089,1,1,134.4,1,2,3,2,5,108.2,0,0,0,0,1,0,37,0,0,5,12,0,0.0,0,0,5,11,0,0.0,0,9.0,2.7,-4.03,Dropout
1,43,1,9166,1,1,124.3,1,2,1,2,7,108.3,0,0,0,1,1,0,27,0,2,5,14,2,11.47102124760358,0,0,5,8,2,10.793382142994089,0,12.5,0.5,1.83,Dropout
1,1,1,9991,1,1,133.2,1,2,2,2,2,131.6,1,0,0,1,0,0,19,0,0,6,8,6,13.423287912950595,0,0,6,9,6,12.462624258276431,0,16.2,0.4,-0.92,Graduate
1,1,2,9525,1,1,121.2,1,37,37,9,9,124.6,1,0,0,1,0,1,18,0,0,6,8,5,13.353086620193984,0,0,6,8,5,13.988824693086096,0,12.4,0.5,1.77,Graduate
1,39,1,9531,1,1,132.8,1,1,1,4,5,131.2,1,0,0,1,0,0,21,0,0,7,0,0,0.2599453512523322,0,0,7,0,0,0.0,0,9.0,1.4,3.46,Dropout
1,17,2,9556,1,1,124.5,1,3,2,5,1,122.5,1,0,0,1,0,0,18,0,0,7,11,6,12.132082276696138,0,0,6,11,4,11.119820303430204,0,15.5,0.6,-4.06,Enrolled
1,1,1,9556,1,1,133.1,1,37,37,9,7,118.1,1,0,0,1,0,1,18,0,0,7,10,7,13.690096154489243,0,0,8,8,8,13.259035500150029,0,15.5,2.8,-4.05,Graduate
1,1,1,9836,1,1,134.3,1,2,37,3,1,130.5,1,0,0,1,0,0,19,0,0,6,6,6,13.523499452779255,0,0,6,5,6,14.291724719838916,0,12.5,0.5,1.82,Graduate
1,1,1,9797,1,1,137.9,1,37,38,3,5,152.1,0,0,0,1,0,0,18,0,0,6,6,0,0.6383327871993715,0,0,6,5,0,0.0,0,10.8,1.4,1.78,Graduate
1,38,1,9256,0,1,134.4,1,38,38,10,10,136.2,0,0,0,1,0,1,34,0,0,6,6,6,13.383801632046861,0,0,6,6,6,11.863848442994163,0,15.4,2.8,-4.05,Graduate
1,43,1,9057,1,1,119.3,1,1,37,4,2,117.1,1,0,0,1,1,0,29,0,13,18,18,4,11.106152605256277,0,10,13,16,12,10.62226955810803,0,13.9,2.7,0.79,Dropout
1,2,1,9560,1,1,130.7,1,37,38,9,7,130.8,0,0,0,1,0,1,22,0,0,6,8,6,13.226990244947848,0,0,6,8,6,13.818613480602243,0,15.5,2.7,-4.06,Graduate
1,1,1,9484,1,1,143.0,1,2,1,3,7,132.9,1,0,0,1,0,1,18,0,0,7,7,7,13.832008780501404,0,0,8,8,7,14.495711973347175,0,12.5,0.5,1.83,Graduate
1,39,1,9662,0,1,132.0,1,38,38,8,9,141.1,0,0,0,1,0,0,37,0,0,5,6,5,13.82078282958174,0,0,5,6,5,13.582324392771005,0,9.4,-0.8,-3.11,Graduate
2,40,1,9522,1,3,132.5,1,38,37,8,8,148.7,0,0,0,1,0,0,46,0,0,6,7,0,0.4947814168057642,0,0,8,7,0,0.6040520368242769,0,16.2,0.4,-0.91,Dropout
1,1,3,9891,1,1,132.4,1,1,37,6,9,130.5,1,0,0,1,0,1,19,0,0,6,7,6,0.40499052726624907,0,0,6,5,6,0.0,0,9.0,1.4,3.5,Graduate
1,1,1,9700,1,1,140.9,1,1,1,9,10,126.7,1,0,0,1,0,0,18,0,0,7,7,7,14.03383676701126,0,0,8,8,8,15.336958311238233,0,10.8,1.4,1.8,Graduate
1,17,1,9238,1,1,132.6,1,1,2,3,4,116.7,0,0,0,1,1,0,24,0,0,5,5,2,0.0,0,0,5,5,0,0.0,0,9.2,-0.8,-3.14,Dropout
2,39,1,9723,0,1,131.4,1,38,35,4,8,126.1,0,0,0,1,0,0,34,0,0,11,11,4,12.043087398958946,0,0,6,11,2,0.0,0,9.4,-0.8,-3.11,Dropout
1,40,1,9178,1,1,131.6,1,38,37,8,8,125.2,0,0,0,1,0,0,24,0,0,6,9,5,12.042954074884202,0,0,5,9,5,12.44281497816246,0,12.7,3.6,-1.69,Graduate
2,39,1,9687,0,1,130.2,1,37,37,8,9,114.4,0,0,0,1,1,0,48,0,0,5,6,4,11.202643416764609,0,0,5,8,5,12.79355068411266,0,8.9,1.4,3.5,Dropout
1,1,1,9749,1,1,131.7,1,36,37,9,9,108.6,1,0,0,1,0,0,20,0,0,7,12,7,11.46802105307528,0,0,7,12,8,11.816691348360278,0,13.9,-0.3,0.78,Graduate
1,2,1,9227,1,1,127.9,1,37,37,10,10,128.5,1,0,0,1,0,1,19,0,0,5,5,5,14.31994281034242,0,0,5,6,5,11.833867723116814,0,12.7,3.7,-1.71,Graduate
1,1,1,9716,1,1,136.1,1,19,37,8,10,127.2,1,0,0,1,0,1,18,0,0,6,8,5,14.331799162101762,0,0,5,8,5,15.344285301634518,0,12.7,3.7,-1.72,Graduate
2,39,1,9859,0,19,134.4,1,36,37,10,7,98.4,0,0,0,1,1,0,41,0,0,6,0,0,0.007544022920333331,0,0,6,1,0,0.0,0,14.0,-0.3,-3.1,Dropout
1,2,1,9485,1,1,133.4,1,38,37,9,9,122.3,1,0,0,1,0,0,19,0,0,7,7,6,11.942163897305518,0,0,7,7,6,0.01777223516649577,0,16.2,0.3,-0.92,Dropout
1,1,1,9183,1,1,122.7,1,2,37,5,0,117.2,1,0,0,1,0,0,18,0,0,6,8,5,11.876996164653262,0,0,6,8,5,10.942524457956525,0,7.7,2.6,0.32,Enrolled
2,39,1,9652,1,1,129.7,1,37,36,4,7,137.0,0,0,0,0,1,0,36,0,0,5,12,1,12.604475602926593,2,0,5,10,2,12.603406916204289,1,9.5,-0.8,-3.13,Dropout
1,1,3,9161,1,1,117.2,1,2,2,3,3,117.5,1,0,0,1,0,0,18,0,0,6,6,6,0.24347229268615156,0,0,6,6,0,0.0,0,13.8,-0.3,0.78,Graduate
1,40,1,9493,1,1,132.5,1,37,37,9,8,125.3,0,0,0,1,0,1,43,0,0,7,8,7,14.658672080889879,0,0,8,8,7,14.231303601928229,0,16.0,0.4,-0.91,Graduate
1,1,1,9256,1,1,131.8,1,37,38,9,9,127.6,0,0,0,1,0,1,23,0,0,5,8,5,11.600051845372816,0,0,5,8,5,11.07496572436248,0,9.2,-0.8,1.82,Graduate
2,39,1,9835,0,1,132.3,1,37,37,8,6,142.6,0,0,0,1,0,0,42,0,0,5,5,0,0.0,0,0,5,5,0,0.5287168665550296,0,10.8,1.4,1.79,Dropout
1,1,1,9804,1,1,131.2,1,37,36,3,8,134.0,1,0,0,1,0,0,20,0,0,6,8,6,11.502811253129897,0,0,6,8,5,11.145325589076208,0,9.0,1.4,1.82,Graduate
1,1,1,9824,1,1,142.7,1,2,2,3,1,126.5,1,0,0,1,0,0,18,0,0,8,8,7,13.095175991932322,0,0,8,8,7,13.563958643472935,0,9.3,-0.8,-3.13,Graduate
1,1,1,9834,1,1,133.2,1,37,38,9,10,129.0,1,0,0,1,0,1,18,0,0,6,8,6,13.144451038293695,0,0,6,7,6,14.16879021031031,0,11.1,0.6,2.02,Graduate
1,39,1,9527,1,39,134.3,1,37,37,8,7,153.4,0,0,0,1,1,0,30,0,0,6,11,0,0.0,0,0,6,10,0,0.0,0,12.4,0.5,1.78,Dropout
1,1,1,9353,1,1,141.3,1,3,1,4,4,131.5,1,0,0,1,0,0,18,0,0,7,7,7,13.41859493936208,0,0,8,8,8,13.80922617016178,0,15.6,2.7,-4.06,Graduate
1,1,1,9239,1,1,129.4,1,38,37,2,3,117.9,1,0,0,1,0,0,21,0,0,5,11,4,10.93382804374627,0,0,5,9,3,10.526702227678154,0,7.7,-0.3,-3.13,Enrolled
1,1,1,9202,1,1,127.1,1,18,38,8,11,123.2,0,0,0,1,0,1,19,0,0,6,8,6,11.733131796205319,0,0,6,8,6,11.451326735088669,0,15.5,2.9,-4.06,Graduate
1,1,1,9201,1,1,132.5,1,1,37,4,2,125.7,1,0,0,1,0,0,18,0,0,6,6,6,13.817777697280984,0,0,6,6,6,12.892343595467846,0,14.0,-0.3,0.78,Graduate
1,1,1,9581,1,1,131.9,1,37,37,9,8,132.2,0,0,0,1,0,1,18,0,0,6,5,6,12.020679405210007,0,0,6,6,6,13.827877814839532,0,7.7,2.7,0.38,Graduate
1,1,1,9054,1,1,141.3,1,1,37,4,8,134.1,1,0,0,1,0,1,17,0,0,6,8,6,14.543706238564402,0,0,6,8,6,14.64062705869795,0,12.5,0.5,1.82,Graduate
1,1,1,9653,1,1,131.2,1,2,1,4,6,129.1,1,0,0,1,0,0,17,0,0,7,7,7,13.791506752964246,0,0,8,10,8,13.343508062616435,0,12.7,3.7,-1.63,Graduate
1,39,1,9066,1,1,134.3,1,38,38,9,7,159.4,0,0,0,1,1,0,25,0,0,5,5,0,0.0,0,0,5,5,0,0.0,0,13.9,-0.3,0.79,Dropout
1,43,1,9308,1,1,133.0,1,37,37,3,7,96.8,0,0,0,1,0,0,35,0,0,6,11,3,11.63840386941206,0,0,6,13,2,0.0,0,13.9,-0.3,0.77,Dropout
1,39,1,9873,1,1,136.1,1,36,37,3,3,131.5,0,0,0,1,1,0,26,0,0,5,6,0,0.04058469982257722,0,0,5,6,0,0.0,0,9.4,-0.8,-3.11,Dropout
1,40,1,9237,0,1,135.3,1,38,37,9,9,156.1,0,0,0,1,1,0,50,0,0,5,6,0,0.0,0,0,5,5,0,0.12035967998149873,0,7.6,2.7,0.36,Dropout
1,1,1,9686,1,1,141.9,1,19,37,9,7,137.4,0,0,0,1,0,1,18,0,0,6,7,6,15.665126131343161,0,0,8,6,6,14.711721878430575,0,13.9,-0.3,0.78,Graduate
1,39,1,107,1,3,132.0,1,3,1,6,1,146.8,0,0,0,0,1,0,32,0,0,0,1,0,0.3797305713596875,0,0,0,0,0,0.0,0,12.6,3.7,-1.72,Dropout
1,18,1,9116,1,1,133.3,1,2,2,2,2,116.8,1,0,0,1,1,0,19,0,0,5,6,0,0.5266290894802667,0,0,5,6,0,0.0,0,7.6,2.6,0.33,Dropout
1,1,1,8076,1,1,129.6,1,38,38,9,7,146.7,0,0,0,1,0,1,22,0,0,6,6,6,13.905901385544215,0,0,6,6,6,12.814671892403453,0,10.8,1.4,1.74,Graduate
1,1,1,9459,1,1,131.6,1,38,37,9,9,122.3,1,0,0,1,0,0,17,0,0,6,0,0,0.08739625520675738,0,0,6,0,0,0.13962165459154674,0,13.9,-0.3,0.79,Dropout
1,1,1,9603,1,1,131.3,1,37,36,3,6,127.4,1,0,0,1,0,0,18,0,0,7,8,7,12.434770413448215,0,0,7,8,7,12.309364060239757,0,13.9,2.7,0.79,Graduate
1,44,1,9510,1,1,132.3,1,37,38,8,8,110.3,0,0,0,1,0,0,56,0,0,7,11,7,10.369037799653519,0,5,8,12,11,13.216895461325493,0,13.9,-0.3,0.78,Dropout
1,40,1,9516,1,1,132.3,1,34,38,4,3,133.4,0,0,0,1,0,0,21,0,0,6,11,4,12.695356044988195,0,0,6,7,2,9.838071160529656,0,7.7,2.6,0.31,Dropout
1,44,1,9557,1,1,138.1,1,3,2,3,6,131.7,1,0,0,1,0,0,19,0,0,8,8,7,13.826219633231396,0,0,8,8,7,12.253223496989122,0,12.7,-0.3,0.77,Graduate
1,17,2,9533,1,1,119.6,1,37,38,9,9,118.3,1,0,0,1,0,1,18,0,0,5,6,5,12.305342138201466,0,0,5,5,5,11.07342112801582,0,12.7,3.7,1.95,Graduate
1,39,1,33,1,1,132.3,1,2,37,5,5,159.9,0,0,0,1,0,0,19,0,0,6,0,0,0.4237147208814107,0,0,6,0,0,0.0,0,16.2,0.4,-0.92,Dropout
1,42,1,9020,1,1,141.1,1,2,3,3,2,161.0,1,0,0,1,0,0,19,0,6,12,12,14,11.498851040442068,0,3,11,16,10,12.755878643922186,0,9.0,1.4,1.82,Graduate
1,1,1,9104,1,1,132.0,1,3,38,3,9,125.4,1,0,0,1,0,0,17,0,0,6,5,6,14.26310803400684,0,0,6,6,6,0.0,0,8.9,1.4,3.5,Graduate
1,1,2,9486,1,1,129.8,1,37,37,4,6,131.6,1,0,0,1,0,0,19,0,0,7,7,6,12.000716800628757,0,0,7,7,6,12.872887349737534,0,7.6,2.7,0.32,Graduate
1,1,1,9674,1,1,137.2,1,37,38,9,8,137.6,0,0,0,1,0,1,17,0,0,6,6,6,14.411136856097354,0,0,6,5,6,14.459679230166278,0,13.9,-0.3,0.78,Graduate
2,38,1,7972,0,1,129.8,1,37,38,10,8,126.6,0,0,0,1,0,1,28,0,0,6,8,6,13.136081495105103,0,0,6,8,6,12.247806085412927,0,9.0,1.4,1.82,Graduate
1,39,1,9055,1,1,129.7,1,37,38,5,4,102.9,0,0,0,1,0,0,28,0,0,6,12,3,11.241366286885187,0,0,6,13,4,11.21523712547911,0,9.0,2.7,3.51,Enrolled
2,39,1,9255,0,1,135.7,1,38,37,9,10,155.6,0,0,0,1,1,0,32,0,0,5,7,4,13.437059872711476,0,0,5,5,5,12.500419830912074,0,7.6,2.6,0.32,Dropout
1,43,1,9515,1,1,133.6,1,2,2,4,4,127.7,0,0,0,1,0,0,18,0,0,7,8,7,12.148296785443732,0,0,8,8,8,13.68449437283665,0,13.9,-0.3,0.78,Graduate
1,1,1,9310,1,1,132.8,1,19,38,9,7,189.5,1,0,0,1,0,0,19,0,0,7,0,6,14.64571204225968,0,0,8,0,6,0.032658907257982685,0,15.5,1.4,-4.06,Graduate
1,40,1,9717,1,1,132.8,1,3,3,4,4,104.5,0,0,0,1,1,0,32,0,0,7,11,0,0.0,0,0,8,11,0,0.40949501611154204,0,11.0,0.6,1.95,Dropout
1,17,2,9168,1,1,120.6,1,1,1,3,3,116.5,1,0,0,1,1,0,18,0,0,5,7,3,11.123018904172106,0,0,5,10,1,10.381189712256658,0,10.8,1.4,1.72,Dropout
1,1,1,9124,1,1,132.7,1,37,38,9,8,126.0,1,0,0,1,0,1,19,0,0,5,5,5,13.6298426674538,0,0,5,5,5,12.76480153864332,0,9.3,-0.8,-3.13,Graduate
1,1,1,9638,1,1,137.2,1,2,37,4,5,134.0,1,0,0,1,0,1,18,0,0,6,8,6,14.101551223555719,0,0,6,8,5,15.35815119404884,0,10.8,1.4,1.79,Graduate
1,1,1,9080,1,1,131.6,1,37,38,9,9,124.3,1,0,0,1,0,0,18,0,0,6,7,0,0.0,0,0,6,6,0,0.0,0,7.6,2.6,0.32,Graduate
1,1,1,9523,1,1,129.9,1,38,35,3,5,140.3,0,0,0,1,1,0,19,0,0,6,7,6,13.7180756195595,0,0,6,6,6,12.427895495674175,0,7.6,2.6,0.32,Graduate
1,1,1,9945,1,1,131.1,1,37,37,9,10,126.6,1,0,0,1,0,1,18,0,0,6,7,6,14.274680264639922,0,0,6,6,6,14.456740045979767,0,14.0,-0.3,0.78,Graduate
1,1,1,9642,1,1,135.5,1,37,37,8,8,121.6,1,0,0,1,0,0,20,0,0,7,11,7,12.33686750476019,0,0,7,11,7,11.381937379602608,0,11.2,0.5,2.01,Graduate
1,1,3,9760,1,1,126.7,1,3,1,4,1,129.9,1,0,0,1,0,1,18,0,0,6,6,6,13.175179489863462,0,0,6,6,6,14.261070173522269,0,14.0,0.6,-3.84,Graduate
1,43,1,9787,1,1,133.4,1,2,2,2,5,117.4,1,0,0,1,0,0,21,0,0,7,10,7,11.654559272530504,0,0,7,12,11,10.609884208795455,0,13.9,2.6,0.78,Dropout
1,1,1,9511,1,1,134.1,1,3,38,3,2,116.7,1,0,0,1,0,0,22,0,0,7,12,6,12.86466682107143,0,0,6,12,6,13.01837147516089,0,12.5,0.5,1.82,Enrolled
1,39,1,9571,1,1,131.3,1,38,37,8,9,124.0,0,0,0,1,0,1,39,0,0,6,7,6,12.815516990354052,0,0,6,7,6,12.60833363363822,0,9.0,2.7,-4.04,Graduate
1,18,1,9169,1,1,119.4,1,2,1,5,4,114.4,1,0,0,1,0,0,18,0,0,6,7,5,11.891050933818846,0,0,6,6,5,10.878679866470998,0,14.0,-0.3,0.86,Graduate
2,39,1,8077,0,40,132.2,1,38,37,9,7,138.5,0,0,0,1,0,0,34,0,0,6,7,6,14.416176165251231,0,0,6,7,6,14.58795574445881,0,12.7,3.7,-1.59,Graduate
1,17,1,9157,1,1,116.6,1,38,38,9,7,120.3,0,0,0,1,1,0,19,0,0,5,11,3,10.308574398457536,0,0,5,9,3,11.125339504364751,0,16.1,0.5,0.9,Enrolled
1,38,1,9168,1,1,132.8,1,3,1,3,5,101.6,0,0,0,0,1,0,24,0,0,6,11,0,0.0,0,0,6,10,0,0.0,0,15.5,1.4,-4.04,Dropout
1,39,1,9604,1,1,132.5,1,37,38,9,9,95.0,0,0,0,1,0,0,50,0,0,7,23,11,13.794013088603162,0,9,12,0,11,0.0,0,12.5,0.5,1.87,Dropout
1,44,1,9152,1,39,158.4,1,2,2,3,4,167.4,0,0,0,1,1,0,20,0,0,6,7,6,13.909270116334238,0,0,6,8,6,13.089158587765082,0,15.5,2.7,-4.05,Graduate
1,1,2,9085,1,1,120.0,1,2,20,7,4,133.1,1,0,0,1,0,1,18,0,0,6,8,5,11.623133043344337,0,0,6,8,5,11.438276019808029,0,12.4,0.5,1.78,Graduate
1,1,1,9201,1,1,119.5,1,19,37,5,10,116.1,1,0,0,1,0,1,18,0,0,6,8,5,11.785476965826986,0,0,6,8,5,12.29039949616229,0,12.6,-0.8,-3.12,Graduate
1,43,1,9513,1,1,132.3,1,37,37,9,9,132.4,0,0,0,1,0,0,31,0,6,12,13,10,12.86031081958791,0,5,10,10,7,13.81149207716379,0,14.0,0.5,0.83,Graduate
1,1,2,9791,1,1,120.4,1,38,38,8,8,117.0,1,0,0,1,0,1,19,0,0,7,8,6,12.56065453404336,0,0,8,8,7,12.708528215399866,0,12.6,-0.3,0.78,Graduate
1,1,1,9318,1,1,133.7,1,37,37,9,8,129.0,1,0,0,1,0,0,18,0,0,7,7,7,13.793479615962216,0,0,8,8,8,13.91272712687333,0,13.8,-0.3,0.78,Graduate
1,1,2,9734,1,1,128.8,1,37,37,10,9,121.7,1,0,0,1,0,0,17,0,0,6,6,0,0.0,0,0,6,0,0,0.0,0,7.7,2.6,0.32,Dropout
1,1,1,9209,1,1,137.4,1,2,2,4,0,126.6,1,0,0,1,0,0,19,0,0,5,6,4,13.377058504005578,0,0,5,6,4,12.857695772146888,0,12.6,-0.8,1.81,Dropout
1,1,1,9216,1,1,142.2,1,37,37,9,8,137.3,0,0,0,1,0,0,20,0,0,6,7,6,14.263585643356597,0,0,6,7,6,12.57709171843742,0,13.8,-0.3,0.77,Graduate
1,40,1,9308,1,1,129.9,1,37,37,10,8,125.4,0,0,0,1,0,0,21,0,0,5,11,4,9.95107220708016,0,0,5,11,3,9.021147692259643,0,9.1,1.4,1.81,Enrolled
2,39,1,9125,0,19,134.2,1,32,36,2,5,108.7,0,0,0,1,1,0,35,0,0,6,11,0,0.0,0,0,6,11,0,0.0,0,9.0,1.4,3.48,Dropout
1,1,1,9189,1,1,119.9,1,37,37,9,10,120.4,1,0,0,1,0,1,19,0,0,5,8,5,11.314708541161242,0,0,5,8,5,11.733373064298744,0,10.8,1.4,1.77,Graduate
1,2,1,9184,1,1,133.1,1,19,38,10,7,127.8,1,0,0,1,0,1,19,0,0,6,5,6,13.930308635152164,0,0,6,5,6,12.809647151600862,0,11.1,0.6,2.02,Graduate
1,43,1,9148,1,1,121.0,1,37,36,10,9,128.1,0,0,0,1,0,0,22,0,13,15,22,13,12.74962768509028,0,10,11,15,11,13.866367652559221,0,9.1,2.7,0.32,Graduate
1,17,1,9115,1,1,127.9,1,19,38,8,8,124.1,0,0,0,1,1,0,18,0,0,5,5,1,10.19439890175746,0,0,5,6,0,0.0,0,13.9,-0.3,0.78,Dropout
1,39,1,9808,1,1,132.8,1,37,37,8,9,116.3,1,0,0,1,0,0,19,0,0,6,0,0,0.0,0,0,6,0,0,0.0,0,7.6,2.7,0.32,Dropout
1,38,1,33,1,19,131.9,1,38,37,8,6,99.5,0,0,1,0,1,0,65,0,0,0,0,0,0.0,0,0,0,0,0,0.011139482532085115,0,15.5,2.8,-4.06,Dropout
1,39,1,9593,1,3,163.4,1,37,38,9,3,158.8,0,0,0,1,0,0,49,0,0,7,7,6,15.214892739058044,0,0,6,7,6,15.705757518141992,0,16.0,-0.3,-0.91,Graduate
1,1,2,9363,1,1,117.6,1,37,36,8,8,123.4,1,0,0,1,0,1,18,0,0,6,8,6,12.900875199591361,0,0,6,8,6,11.340018161287462,0,9.3,-0.8,-3.13,Graduate
1,1,1,9092,1,1,130.2,1,39,37,2,3,133.1,0,0,0,1,0,0,22,0,0,5,8,5,12.430486764411558,0,0,5,8,5,11.394413628654311,0,8.9,1.4,3.48,Graduate
1,1,1,9073,1,1,141.0,1,2,37,3,4,129.9,0,0,0,1,0,0,20,0,0,6,5,5,13.492010255036524,0,0,6,8,5,14.148548841603514,0,10.8,0.5,1.76,Graduate
1,1,1,9667,1,1,141.6,1,38,38,5,3,130.7,1,0,0,1,0,0,19,0,0,6,5,5,14.693246889518797,0,0,5,6,5,13.07763820229775,0,9.5,-0.8,-3.12,Graduate
1,43,1,9122,1,1,132.7,1,1,38,4,2,117.0,0,0,0,1,1,0,24,0,0,5,12,2,12.477364929929333,0,0,5,11,1,10.321576157642582,0,9.4,-0.3,0.78,Dropout
1,1,1,9659,1,1,127.1,1,37,38,9,5,114.5,0,0,0,1,0,0,20,0,0,7,10,6,11.073015055921353,0,0,7,10,8,13.17614067821472,0,13.9,-0.3,0.83,Graduate
1,39,1,9805,1,1,132.2,1,38,38,5,8,131.2,0,0,0,1,0,0,28,0,0,6,12,4,12.074050355661933,0,0,6,12,2,11.796348695838027,0,16.2,3.6,-0.92,Dropout
1,1,1,9290,1,1,136.0,1,3,1,4,6,130.2,1,0,0,1,0,0,18,0,0,7,8,7,13.389547308026566,0,0,8,8,7,14.410230163014038,0,13.7,-0.2,0.79,Graduate
1,45,1,9117,1,1,129.9,1,2,2,2,2,110.6,0,0,0,1,1,0,35,0,0,6,10,0,0.016567069629283726,0,0,6,11,0,0.0,0,13.9,-0.3,0.78,Dropout
1,17,1,9113,1,1,129.5,1,1,2,3,2,107.2,1,0,0,1,0,0,18,0,0,6,6,4,12.921316905610112,0,0,6,5,0,0.0,0,7.6,2.6,3.51,Dropout
2,40,1,9310,1,1,134.2,1,37,37,9,9,139.5,0,0,0,1,0,1,31,0,0,7,7,7,13.825984848581161,0,0,8,8,8,15.636538629391657,0,13.8,-0.3,0.78,Graduate
1,39,1,9725,1,1,132.7,1,37,36,4,7,120.1,1,0,0,0,1,0,26,0,0,5,0,0,0.12328118611714811,0,0,5,0,0,0.0,0,9.0,1.4,3.51,Dropout
1,2,1,9091,1,1,123.2,1,1,1,4,7,121.2,0,0,0,1,1,0,19,0,0,5,9,4,12.294425399844501,0,0,5,10,1,12.439843515064737,0,12.5,0.5,1.82,Dropout
1,1,1,9166,1,1,134.3,1,2,2,1,0,128.0,1,0,0,1,0,0,18,0,0,6,7,6,13.399456992573185,0,0,6,7,6,13.304426824859465,0,15.9,0.4,-0.92,Graduate
1,39,1,9218,1,1,132.2,1,37,38,7,8,105.9,0,0,0,0,1,0,22,0,0,6,13,0,0.0,0,0,6,1,0,0.058726528423971094,0,15.6,2.7,-4.05,Dropout
1,1,1,9651,1,1,129.3,1,37,38,9,8,144.5,0,0,0,1,0,1,19,0,0,6,6,6,14.568225757474918,0,0,6,5,6,14.617983006697848,0,10.9,0.5,1.78,Graduate
1,17,4,9610,1,1,121.7,1,19,38,5,10,122.8,1,0,0,1,0,1,18,0,0,6,6,6,10.788530413630378,0,0,6,5,6,12.21872641652285,0,10.8,1.4,1.76,Graduate
1,1,1,9862,1,1,138.9,1,38,38,8,8,132.9,1,0,0,1,0,1,19,0,0,8,8,6,14.733338781628674,0,0,6,8,6,12.293384169339411,0,12.7,3.7,-1.71,Graduate
1,42,1,33,1,1,132.4,1,2,3,0,4,154.0,0,0,0,1,1,0,19,0,0,6,0,0,0.024612479387595452,0,0,6,0,0,0.16698524913522086,0,9.4,-0.8,-3.11,Dropout
1,1,1,33,1,1,136.5,1,38,38,4,9,114.5,1,0,0,1,0,0,19,0,0,7,0,0,0.4875727535802085,0,0,8,0,0,0.0,0,10.8,1.4,1.8,Dropout
1,1,1,9622,1,1,143.6,1,2,1,5,3,130.7,1,0,0,1,0,0,18,0,0,6,8,6,13.4156716866317,0,0,6,8,5,14.466232484723497,0,9.4,3.7,-1.71,Graduate
1,1,2,9824,1,1,118.3,1,37,37,10,9,118.1,1,0,0,1,0,1,18,0,0,6,8,6,12.043727119575392,0,0,6,8,6,13.609954113872227,0,9.1,-0.8,1.82,Graduate
2,38,1,9593,1,1,132.8,1,37,38,8,9,127.2,0,0,0,1,0,0,34,0,0,7,8,7,13.41319176961365,0,0,8,8,8,13.698370501510547,0,9.3,-0.3,0.79,Graduate
1,39,1,9581,1,1,130.0,1,2,1,3,5,104.8,0,0,0,0,1,0,28,0,0,5,11,2,0.0,0,0,5,11,0,0.0,0,12.6,0.5,1.82,Dropout
1,43,1,9548,1,1,134.1,1,3,1,3,2,133.0,0,0,0,1,0,0,20,0,10,7,11,7,12.526253089019635,0,5,11,11,11,13.577495278197828,0,15.5,2.7,-4.06,Graduate
1,44,1,9722,1,1,136.4,1,2,2,5,4,107.3,0,0,0,1,0,0,21,0,0,7,12,4,11.464445914967616,0,0,7,13,2,9.279226629389386,0,15.8,2.7,0.79,Dropout
1,40,1,9144,0,1,129.4,1,38,37,1,2,131.9,0,0,0,1,1,0,31,0,0,5,10,4,13.039014785352045,0,0,5,6,5,12.048814790888077,0,9.5,-0.8,-3.12,Dropout
1,39,1,9762,1,1,130.3,1,38,38,10,9,108.0,0,0,0,1,0,0,19,0,0,7,10,5,11.307789804877515,0,0,7,11,7,11.169681181803815,0,16.2,0.4,-0.92,Enrolled
1,39,1,9716,1,1,131.1,1,36,37,8,4,149.0,0,0,0,1,0,0,38,0,0,6,6,0,0.236098317795718,0,0,6,6,0,0.6939999067591053,0,7.6,2.6,0.32,Graduate
1,43,1,9615,1,1,141.6,1,37,38,3,7,127.0,0,0,0,1,0,0,21,0,7,7,11,11,12.794654776968963,0,4,8,11,8,12.2994861953998,0,9.4,-0.8,-3.13,Graduate
1,42,1,143,1,1,127.4,1,1,2,3,2,143.4,0,0,0,1,1,0,18,0,0,0,0,0,0.0,0,0,6,0,0,0.0,0,12.5,0.5,1.81,Dropout
1,1,1,9840,1,1,133.9,1,37,38,9,9,128.8,1,0,0,1,0,0,20,0,0,7,11,7,12.820280135118328,0,0,7,8,8,12.066635648006445,0,13.9,-0.3,0.78,Graduate
1,43,1,9600,1,1,134.5,1,37,37,1,9,127.8,0,0,0,1,0,0,20,0,2,7,10,7,11.680246936513948,0,2,7,8,7,11.063369964555166,0,13.9,-0.3,0.79,Graduate
2,39,1,9875,0,1,134.3,1,37,37,9,8,149.7,0,0,0,1,0,0,40,0,0,6,6,0,0.354429943810446,0,0,6,5,0,0.7586666578971184,0,7.6,2.7,0.32,Graduate
1,38,1,7864,1,4,127.9,1,37,37,5,4,150.0,0,0,0,1,0,0,45,0,10,11,26,11,12.652704215975701,0,4,11,12,12,10.875626094204483,0,7.6,2.6,0.32,Graduate
2,39,1,8062,0,41,128.5,1,37,38,9,8,145.2,0,0,0,1,1,0,50,0,5,6,5,6,13.447302278921253,0,2,6,6,5,14.206625866732594,0,15.5,2.7,-4.06,Graduate
1,43,1,9498,1,1,130.6,1,38,38,10,10,133.9,0,0,0,1,0,1,22,0,0,6,8,6,14.78177623730159,0,0,6,8,7,14.26794730449183,0,12.4,0.5,1.78,Graduate
1,1,1,9365,1,1,135.9,1,2,1,5,4,129.2,0,0,0,1,0,0,20,0,0,7,7,6,14.078729418174657,0,0,8,9,8,13.3513917718987,0,11.1,0.6,2.03,Graduate
1,1,1,9685,1,1,137.6,1,3,3,2,4,139.5,1,0,0,1,0,0,18,0,0,6,5,5,16.31648523770617,0,0,6,5,5,14.308318144745469,0,12.6,3.7,-1.71,Graduate
1,1,1,9483,1,1,136.6,1,38,37,9,10,132.3,1,0,0,1,0,1,18,0,0,8,8,7,13.296679508471907,0,0,8,8,8,15.032299912039365,0,10.8,1.4,1.78,Graduate
1,39,1,9528,1,1,131.5,1,36,36,6,6,123.5,1,0,0,1,0,0,29,0,0,6,12,2,10.13827367616653,0,0,6,12,0,0.0,0,12.6,3.7,-1.72,Dropout
1,1,3,9873,1,1,136.4,1,3,3,0,5,131.6,1,0,0,1,0,0,18,0,0,6,7,6,13.614627864545794,0,0,6,7,6,12.136288670382179,0,9.4,-0.8,-3.14,Graduate
1,1,1,9181,1,1,129.5,1,3,37,4,3,125.8,1,0,0,1,0,0,18,0,0,6,6,4,13.185517913671319,0,0,6,6,4,11.965441754692735,0,9.3,-0.8,-3.12,Graduate
2,39,1,9311,0,1,130.8,1,38,37,9,8,105.1,0,0,0,0,1,0,38,0,0,5,0,0,0.0,0,0,5,0,0,0.31029992765094094,0,9.0,1.4,3.51,Dropout
1,1,1,9652,1,1,133.7,1,38,37,4,3,119.0,1,0,0,1,0,0,18,0,0,6,11,5,11.150673049355488,0,0,6,8,5,10.817833267118619,0,15.5,2.8,-4.06,Enrolled
1,43,1,9769,1,1,132.4,1,3,1,6,3,99.9,0,0,0,1,1,0,21,0,0,6,12,0,0.015193731640559479,0,0,6,11,0,0.0,0,12.4,0.5,1.77,Dropout
1,1,1,9663,1,1,132.5,1,37,38,9,10,140.1,0,0,0,1,0,0,19,0,0,7,7,7,16.526038878658166,0,0,8,8,8,15.63493419203239,0,13.9,-0.3,0.8,Graduate
2,39,1,8069,0,19,131.9,1,37,37,10,2,127.4,0,0,0,1,0,0,48,0,0,6,9,0,0.059437236178170184,0,0,6,7,0,0.08241380430028274,0,9.3,-0.8,-3.1,Dropout
1,1,1,9151,1,1,133.4,1,2,1,3,6,129.2,0,0,0,1,1,0,20,0,0,5,5,5,14.159034488029507,0,0,5,8,5,13.618755805431926,0,8.9,1.4,3.44,Dropout
1,42,1,8081,0,1,134.0,1,37,37,10,8,128.2,0,0,0,1,0,0,39,0,13,13,19,12,14.326774865051478,0,4,11,12,11,14.306170558209626,0,9.0,1.4,3.46,Graduate
1,40,1,9342,1,1,133.4,1,33,38,1,2,124.4,1,0,0,1,0,0,20,0,0,7,10,6,11.933991502321392,0,0,7,11,6,13.17086646889841,0,7.6,2.6,0.33,Dropout
1,1,1,9062,1,1,131.6,1,1,1,1,4,127.9,1,0,0,1,1,0,18,0,0,5,9,5,12.054075653924517,0,0,5,8,5,12.16884658521839,0,12.6,3.7,-1.71,Enrolled
1,1,1,9246,1,1,135.1,1,38,37,8,9,127.5,1,0,0,1,0,1,18,0,0,6,6,0,0.03200299940370238,0,0,6,6,0,0.2504716470281341,0,12.6,0.5,1.87,Graduate
1,17,1,9642,1,1,130.9,1,19,37,8,8,115.3,0,0,0,1,0,0,20,0,0,6,12,6,0.0,0,0,6,0,0,0.0,0,15.5,2.8,-4.04,Dropout
1,1,1,9758,1,1,140.7,1,37,37,6,4,141.3,1,0,0,1,0,0,18,0,0,6,5,0,0.06554477201219353,0,0,6,6,6,0.3491963510667122,0,9.2,1.4,-3.15,Graduate
1,1,1,9051,1,1,132.7,1,20,37,9,9,123.4,1,0,0,1,0,1,21,0,0,6,10,6,12.838132657320532,0,0,6,7,6,10.919663771688871,0,13.9,-0.3,0.8,Graduate
1,1,1,9386,1,1,131.4,1,2,2,1,3,134.0,1,0,0,1,0,0,19,0,0,7,13,6,13.392756090302305,0,0,8,8,6,13.277954708094486,0,15.5,2.7,-4.06,Graduate
1,1,1,9141,1,1,133.4,1,37,37,7,4,117.0,0,0,0,1,1,0,21,0,0,5,7,5,12.89150646334569,0,0,5,6,5,11.217004903100532,0,16.0,0.3,-0.92,Graduate
1,1,1,9099,1,1,131.2,1,2,38,7,3,115.9,1,0,0,1,0,0,18,0,0,6,6,6,13.5063152969662,0,0,6,7,6,12.304105943118994,0,15.5,2.8,-4.05,Graduate
2,39,1,9576,1,1,134.2,1,37,37,9,7,142.9,0,0,0,1,0,0,42,0,0,7,7,11,15.042070664547802,0,0,7,8,6,13.485461745407743,0,9.1,1.4,3.49,Graduate
1,1,1,9664,1,1,130.8,1,37,38,9,8,125.1,1,0,0,1,0,1,18,0,0,6,6,6,13.107116912245518,0,0,6,5,6,11.341829400864249,0,12.4,0.5,1.79,Graduate
1,39,1,9054,1,1,131.7,1,1,38,3,4,109.1,1,0,0,1,0,0,24,0,0,7,17,4,10.423937498210854,0,0,7,13,3,0.0,0,15.7,2.7,-4.02,Dropout
1,43,1,9123,1,40,132.1,1,2,3,4,3,150.3,0,0,0,1,0,0,19,0,0,7,13,6,13.709837001169685,0,0,6,7,6,12.501705295720848,0,15.7,2.7,-4.05,Graduate
1,1,1,9128,1,1,132.9,1,2,2,0,1,125.7,1,0,0,1,1,0,19,0,0,5,6,5,12.868480986738117,0,0,5,5,5,14.903054932704714,0,8.9,1.4,3.51,Graduate
1,40,1,389,1,1,131.6,1,38,37,10,8,117.2,0,0,0,0,1,0,27,0,0,0,0,0,0.0,0,0,6,0,0,0.2752041745494029,0,10.8,1.4,1.78,Dropout
1,1,1,9027,1,1,143.5,1,2,1,1,4,162.4,0,0,0,1,1,0,18,0,0,5,5,0,0.3500121297944986,0,0,5,5,0,0.24350135743296442,0,10.8,1.4,1.74,Dropout
1,1,1,9426,1,1,140.6,1,2,2,0,1,141.9,1,0,0,1,0,0,18,0,0,6,7,6,14.195418644962997,0,0,6,7,6,14.069962526722053,0,13.8,2.7,0.32,Graduate
1,1,1,9506,1,1,131.4,1,37,39,10,9,108.0,0,0,0,1,0,1,19,0,0,6,8,6,11.228716494012854,0,0,6,10,5,11.342217940896887,0,11.1,0.6,2.01,Graduate
1,43,1,9991,1,1,133.2,1,37,35,4,4,125.9,0,0,0,1,0,0,28,0,0,6,12,4,11.002509252351343,0,0,6,12,1,12.199407589997298,0,9.4,-0.8,-3.11,Dropout
1,1,1,9681,1,1,137.0,1,2,2,3,2,134.7,1,0,0,1,0,0,19,0,0,7,8,6,12.233251182457396,0,0,6,8,6,10.985836731273777,0,13.9,-0.3,0.79,Graduate
2,39,1,8272,0,1,128.1,1,37,37,9,10,127.4,0,0,0,1,0,0,41,0,0,7,7,13,13.298477377851372,0,0,8,8,6,13.605264094088088,0,10.8,1.4,1.79,Graduate
1,1,1,9686,1,1,130.0,1,38,37,8,7,127.4,1,0,0,1,0,1,18,0,0,6,6,6,14.345079802811975,0,0,6,6,6,14.38364835657343,0,9.0,1.4,3.49,Graduate
1,44,1,9752,1,39,140.0,1,3,2,2,1,152.9,0,0,0,1,1,0,20,0,0,6,7,6,13.88053708443413,0,0,6,9,5,12.662809417974028,0,12.4,0.5,1.79,Dropout
1,40,1,9134,1,1,129.2,1,1,2,5,1,151.8,0,0,0,1,1,0,31,0,0,5,0,0,0.7474176079630412,0,0,5,5,0,0.05975705756948954,0,15.7,2.8,-3.95,Dropout
1,39,1,9991,1,1,130.8,1,38,38,10,7,143.9,0,0,0,1,1,0,35,0,0,5,0,0,0.0,0,0,5,0,0,0.0,0,12.7,3.7,-1.7,Dropout
2,39,1,8179,0,3,130.8,1,36,37,10,6,147.5,0,0,0,1,0,0,50,0,0,10,11,0,0.0,0,0,11,6,0,0.0,0,9.4,-0.8,-3.13,Dropout
1,1,1,9572,1,1,131.8,1,1,2,3,7,129.2,1,0,0,1,0,0,19,0,0,7,7,7,11.95411487218933,0,0,8,8,8,13.321962521391919,0,12.4,0.5,1.8,Graduate
1,1,2,9263,1,1,129.6,1,37,37,9,9,113.8,1,0,0,1,0,1,18,0,0,5,5,5,14.081524420618205,0,0,5,5,5,13.955024049679498,0,8.9,1.4,1.82,Graduate
1,44,1,9198,1,1,130.1,1,2,2,4,3,144.4,0,0,0,1,1,0,21,0,0,6,5,0,0.0,0,0,6,5,0,0.14802628758540579,0,16.0,0.4,-0.91,Dropout
1,39,1,9090,1,3,159.9,1,2,3,1,6,166.1,0,0,0,1,1,0,33,0,0,5,5,0,0.8234587594035121,0,0,5,5,0,0.19959521485915252,0,9.1,2.7,0.32,Graduate
1,17,1,9664,1,1,125.4,1,2,2,4,2,121.6,1,0,0,1,0,0,19,0,0,6,11,6,12.937876318995423,0,0,6,11,6,11.244092536613845,0,13.8,2.7,-4.03,Enrolled
1,39,1,9477,1,1,128.6,1,38,37,8,9,121.8,1,0,0,0,1,0,25,0,0,5,0,0,0.04389822910937241,0,0,5,0,0,0.0,0,9.4,-0.8,-3.13,Dropout
1,40,1,108,1,1,133.2,1,37,36,9,9,144.8,0,0,0,1,0,0,43,0,0,7,1,0,0.4476740005800972,0,9,8,1,0,0.0,0,16.1,3.7,-1.7,Dropout
1,40,1,9008,1,40,129.5,1,1,2,0,3,147.6,0,0,0,1,1,0,34,0,2,6,9,6,14.37157665277279,0,1,6,7,5,12.942416627194167,0,13.9,0.5,0.84,Dropout
1,39,1,9150,1,1,131.9,1,37,36,3,5,129.9,0,0,0,1,0,0,19,0,0,5,8,5,12.296476272229864,0,0,5,8,5,12.9521986239232,0,9.0,1.4,3.51,Graduate
1,1,4,9463,1,1,131.1,1,37,37,9,9,136.6,1,0,0,1,0,1,19,0,0,7,8,7,13.844142689828619,0,0,8,8,8,14.584544405222537,0,13.9,-0.2,0.84,Graduate
2,39,1,9783,1,1,132.2,1,37,37,9,7,103.2,0,0,0,1,0,0,44,0,0,7,7,0,0.0,0,0,7,0,0,0.027245442054177515,0,15.7,2.7,0.32,Dropout
1,1,1,9526,1,1,144.7,1,2,2,3,4,123.8,1,0,0,1,0,0,18,0,0,6,7,6,14.688725081684932,0,0,6,8,6,13.671736656964454,0,10.8,1.4,1.74,Graduate
1,1,1,9225,1,1,138.4,1,2,2,4,4,144.2,1,0,0,1,0,0,18,0,0,6,6,6,16.139915738129798,0,0,6,6,6,14.303309280429156,0,10.8,1.4,1.77,Graduate
1,1,3,9782,1,1,132.3,1,19,37,6,8,128.9,1,0,0,1,0,1,18,0,0,6,7,6,13.626662436887713,0,0,6,8,6,12.618922177200638,0,12.6,0.5,1.82,Graduate
1,39,1,33,1,3,131.0,1,37,38,9,9,150.7,0,0,0,1,0,0,25,0,12,11,16,12,13.476377019918397,0,10,12,0,11,13.649054906526294,0,15.6,2.7,3.49,Graduate
1,1,1,9706,1,1,132.9,1,38,37,8,10,124.0,0,0,0,1,0,1,18,0,0,7,8,6,13.752235995770812,0,0,7,8,6,11.977601663422071,0,8.9,1.4,3.51,Graduate
1,1,1,9189,1,1,130.9,1,2,1,2,2,128.9,1,0,0,1,0,0,19,0,0,6,6,0,0.04052092950783291,0,0,6,0,0,0.0,0,9.4,-0.8,-3.11,Graduate
1,1,1,9575,1,1,132.2,1,36,37,10,9,116.6,1,0,0,1,0,0,21,0,0,7,11,6,10.742063817908937,0,0,7,12,11,12.290086153435535,0,15.9,0.4,0.3,Dropout
1,1,1,9274,1,1,141.9,1,38,37,8,10,128.3,1,0,0,1,0,1,18,0,0,5,8,5,11.84988640870496,0,0,5,8,5,13.699838201231007,0,12.7,3.7,-1.71,Graduate
1,1,1,9930,1,1,138.6,1,1,4,3,5,135.4,1,0,0,1,0,0,19,0,0,8,8,7,11.794338900124542,0,0,8,8,7,14.109374106213517,0,12.6,3.7,-1.71,Graduate
1,1,1,9551,1,1,128.6,1,19,38,8,6,127.1,1,0,0,1,0,1,19,0,0,6,7,6,13.395165201949109,0,0,6,8,6,12.638026081984501,0,12.4,0.5,1.77,Graduate
1,1,1,9105,1,1,129.2,1,37,38,6,2,127.3,1,0,0,1,0,0,18,0,0,5,9,5,12.607309520545328,0,0,5,5,5,12.568710165900747,0,9.4,-0.8,-3.13,Graduate
1,2,1,9436,1,1,143.2,1,3,3,3,11,128.5,1,0,0,1,0,1,18,0,0,7,7,6,14.58506331711417,0,0,8,5,6,12.995759682760973,0,12.6,3.7,1.9,Graduate
1,18,1,9706,1,1,124.7,1,3,38,4,8,117.9,1,0,0,1,0,0,18,0,0,6,13,4,11.44876214564232,0,0,6,10,4,13.681950310674093,0,12.6,-0.3,0.79,Dropout
1,1,1,9101,1,1,132.7,1,36,37,9,8,123.9,0,0,0,1,0,1,18,0,0,5,6,5,12.596164582466153,0,0,5,6,5,12.644864225233,0,16.0,0.4,-0.91,Graduate
1,40,1,9173,1,1,131.6,1,37,38,2,5,124.6,0,0,0,1,0,0,22,0,0,5,8,3,12.932356961444249,0,0,5,8,5,12.9657787636976,0,9.4,-0.8,-3.12,Enrolled
1,1,1,9901,1,1,118.4,1,20,38,10,7,116.4,1,0,0,1,0,0,19,0,0,6,12,4,12.345334916360242,0,0,6,12,4,11.004619422071482,0,12.4,0.5,1.82,Dropout
1,39,1,9120,1,1,131.8,1,37,37,9,8,107.7,0,0,0,1,0,0,20,0,0,6,12,4,10.566044257373408,0,0,6,11,2,10.628356092407039,0,10.8,1.4,1.74,Dropout
1,39,1,9444,1,1,132.4,1,3,1,4,4,148.7,0,0,0,1,1,0,30,0,0,0,0,0,0.5349323067718746,0,0,5,0,0,0.270711009231748,0,9.0,1.4,1.81,Dropout
1,2,1,9102,1,1,129.8,1,37,36,9,8,122.2,1,0,0,1,0,0,19,0,0,5,5,3,13.550201481965368,0,0,5,5,5,13.006480708259312,0,9.3,-0.8,-3.13,Graduate
1,38,1,9098,1,1,130.3,1,38,38,7,7,118.2,0,0,0,1,1,0,26,0,0,5,12,3,11.110548182406339,0,0,5,9,2,12.216613968835562,0,16.2,0.3,-0.93,Dropout
1,18,2,9331,1,1,128.0,1,19,38,10,9,115.2,1,0,0,1,0,0,19,0,0,7,10,6,11.648177541749366,0,0,7,12,6,11.541395515624021,0,14.0,0.5,0.88,Enrolled
1,39,1,9256,1,1,130.9,1,37,37,10,7,118.7,0,0,0,1,0,0,22,0,0,5,6,2,11.68668180435216,0,0,5,7,2,0.0,0,9.2,1.4,1.8,Dropout
1,39,1,9241,1,1,132.6,1,38,38,9,6,157.7,0,0,0,1,0,0,37,0,0,5,5,0,0.48467739743141425,0,0,5,5,0,0.0,0,8.9,1.4,3.49,Graduate
1,39,1,9075,1,1,135.3,1,2,3,1,6,151.1,0,0,0,1,1,0,20,0,0,6,6,0,0.06996234506338683,0,0,6,6,0,0.0,0,12.4,0.5,1.79,Dropout
1,1,1,9090,1,1,131.7,1,1,4,7,4,114.5,1,0,0,1,0,0,19,0,0,6,12,6,11.208298872760547,0,0,6,6,6,13.78397992158413,0,14.1,-0.3,0.78,Enrolled
1,51,1,623,1,1,141.6,1,2,1,2,3,133.9,1,0,0,1,0,0,20,0,5,7,7,6,14.680227540942854,0,4,10,9,6,12.459926463825482,0,7.6,2.7,0.32,Graduate
1,17,1,9505,1,1,133.3,1,1,1,2,2,110.2,1,0,0,1,0,0,19,0,0,7,12,6,12.302140960525804,0,0,6,9,6,12.96087712469435,0,12.7,0.6,1.97,Dropout
1,1,1,9689,1,1,132.2,1,19,38,7,7,131.7,1,0,0,1,0,1,18,0,0,7,7,6,12.735384641689864,0,0,8,7,6,14.073308613163817,0,15.9,0.6,1.91,Graduate
1,1,1,9170,1,1,129.7,1,37,38,0,7,126.4,1,0,0,1,0,0,18,0,0,6,6,0,0.15609405264319898,0,0,5,5,0,0.0,0,9.1,1.4,3.49,Graduate
1,43,1,9159,1,1,133.5,1,1,2,3,1,164.4,0,0,0,1,1,0,21,0,0,5,12,2,12.53415767968165,0,0,5,8,2,10.875152213216351,0,15.5,2.8,-4.04,Dropout
1,1,3,9583,1,1,138.7,1,2,2,5,3,129.6,1,0,0,1,0,1,18,0,0,7,7,7,14.859470105180057,0,0,8,8,8,15.026565424728721,0,14.0,-0.3,0.78,Graduate
2,39,1,7819,0,1,134.2,1,37,37,9,10,126.4,0,0,0,1,0,0,34,0,0,12,9,6,14.24523745618531,0,2,7,7,6,14.075739104105171,0,16.0,0.3,-0.92,Graduate
1,39,1,9286,0,1,138.8,1,37,38,4,9,123.4,0,0,0,1,1,0,29,0,0,5,6,2,12.460067055637785,0,0,5,6,2,12.40941103846407,0,9.2,-0.8,-3.13,Dropout
1,1,1,9248,1,1,134.1,1,38,37,2,3,129.2,1,0,0,1,0,0,19,0,0,5,6,3,13.70216174742906,0,0,5,5,5,13.542437143974817,0,7.8,-0.8,0.32,Graduate
1,1,1,8957,1,1,140.8,1,2,3,4,1,132.3,1,0,0,1,0,0,21,0,0,6,9,5,13.298057798589166,0,0,6,8,5,12.42689181940125,0,12.4,0.5,1.8,Graduate
1,39,1,9723,1,1,132.6,1,37,37,4,5,102.4,0,0,0,1,0,0,29,0,0,7,12,1,10.531203231039617,0,0,6,11,0,0.0,0,12.7,-0.3,-1.71,Dropout
1,1,1,9392,1,1,159.6,1,3,1,1,4,141.5,1,0,0,1,0,0,18,0,0,6,0,0,0.7019294496216111,0,0,6,0,0,0.13918559927328636,0,9.3,-0.8,-3.14,Graduate
1,43,1,9105,1,1,127.1,1,38,37,6,9,128.5,0,0,0,1,0,0,21,0,0,6,12,4,11.916374319895349,0,0,6,10,5,13.813632390362368,0,12.5,3.7,1.81,Enrolled
1,1,1,9390,1,1,130.1,1,39,37,9,8,128.6,1,0,0,1,0,1,19,0,0,7,7,6,13.188633177194172,0,0,7,7,8,12.16015977272481,0,15.9,2.6,0.32,Graduate
1,1,3,9201,1,1,124.3,1,3,2,6,6,118.0,1,0,0,1,1,0,18,0,0,5,6,5,11.97522531168459,0,0,5,6,5,14.75476152080857,0,9.0,1.4,1.8,Graduate
2,39,1,7920,0,19,134.5,1,37,36,10,8,147.2,0,0,0,1,0,0,59,0,0,6,5,0,0.0,0,0,6,6,0,0.0,0,12.7,3.7,-1.7,Dropout
1,43,1,9517,1,1,132.8,1,1,37,5,4,136.5,0,0,0,1,0,0,21,0,0,7,7,6,12.825686760196975,0,0,8,10,6,12.346475037574093,0,13.8,-0.3,0.76,Graduate
1,1,3,9677,1,1,131.8,1,3,1,4,5,123.7,1,0,0,1,0,0,18,0,0,6,5,6,0.0,0,0,6,5,0,0.2311673954525887,0,15.5,2.7,-4.04,Graduate
1,39,1,9741,1,1,129.2,1,36,38,10,9,131.4,0,0,0,1,0,0,39,0,0,6,13,4,10.780326291974985,0,0,6,7,6,11.710495284515462,0,9.4,-0.8,-3.13,Dropout
1,43,1,9809,1,1,135.1,1,3,37,5,5,111.5,1,0,0,1,0,0,20,0,0,7,12,4,11.190844322134891,0,0,7,11,1,9.71343326958424,0,12.4,0.5,1.79,Dropout
1,38,1,120,1,1,140.9,1,37,36,4,5,151.7,0,0,0,1,0,0,19,0,0,7,0,0,0.08215159071008217,0,0,0,0,0,0.7978342130897078,0,15.5,2.7,-4.04,Graduate
1,1,1,9205,1,1,132.1,1,1,1,5,4,117.8,1,0,0,1,1,0,19,0,0,5,5,4,12.855144968214804,0,0,5,5,2,10.386228325509398,0,14.0,-0.4,0.79,Dropout
2,39,1,9140,0,3,146.3,1,38,37,5,5,145.6,0,0,0,1,0,0,41,0,0,6,7,6,13.417235289479834,0,0,6,7,6,13.87820247703816,0,16.0,0.4,-0.92,Graduate
1,1,1,9432,1,1,139.4,1,37,38,10,9,128.1,1,0,0,1,0,1,20,0,0,6,7,6,15.508349141406402,0,0,6,8,6,14.247583145843699,0,12.4,0.5,1.79,Graduate
1,1,1,9229,1,1,128.7,1,2,3,0,5,119.4,1,0,0,1,1,0,17,0,0,5,6,4,12.434322481185811,0,0,5,5,0,11.690732576146772,0,12.6,3.7,-1.72,Dropout
1,1,1,9634,1,1,136.8,1,38,37,10,9,133.4,1,0,0,1,0,1,18,0,0,6,8,6,12.62844112066932,0,0,6,8,6,13.594378694194164,0,12.5,0.5,1.88,Graduate
1,1,1,9220,1,1,130.0,1,38,37,10,7,129.8,1,0,0,1,0,0,21,0,0,5,7,5,13.796126945782786,0,0,5,6,5,11.89503785283749,0,9.4,-0.8,-3.12,Graduate
1,1,3,9240,1,1,131.9,1,19,19,2,7,129.9,1,0,0,1,0,1,18,0,0,6,6,6,15.381077364750993,0,0,6,6,6,13.809757043876385,0,11.1,0.6,2.01,Graduate
1,1,2,9137,1,1,118.0,1,19,38,3,4,115.4,1,0,0,1,0,0,19,0,0,6,10,4,12.120325803909394,0,0,6,10,5,10.406972457482198,0,9.5,-0.8,-3.12,Enrolled
1,39,1,9004,1,1,130.8,1,38,37,10,8,101.2,0,0,1,0,0,0,32,0,0,6,6,0,0.0,0,0,6,6,0,0.0,0,8.9,1.4,3.51,Dropout
1,17,1,9229,1,1,117.5,1,18,37,3,5,119.9,1,0,0,1,0,0,20,0,0,6,12,3,10.183496578139449,0,0,6,12,2,10.535452719771236,0,10.8,1.4,1.77,Dropout
1,1,1,9174,1,1,142.8,1,3,2,4,6,134.2,1,0,0,1,0,0,18,0,0,6,6,6,14.175646530037868,0,0,6,6,6,12.058926416089099,0,13.9,-0.3,0.32,Graduate
1,1,1,9877,1,1,134.0,1,37,37,8,11,114.9,1,0,0,1,0,1,18,0,0,6,7,6,12.379295776884083,0,0,6,7,6,12.792136378255053,0,12.4,0.5,1.78,Graduate
2,44,1,7796,0,39,129.5,1,37,38,5,4,109.5,0,0,0,1,0,0,47,0,4,11,13,11,13.554087246277856,0,4,7,14,7,12.80654309891534,0,16.0,0.4,0.8,Dropout
1,1,1,9333,1,1,131.3,1,37,37,9,8,129.6,1,0,0,1,0,1,19,0,0,8,8,8,14.04752061371857,0,0,8,8,7,12.365005194598012,0,9.2,-0.8,-3.13,Graduate
1,1,1,9942,1,1,132.6,1,37,37,9,8,123.0,1,0,0,1,0,0,20,0,0,6,10,4,12.02676390209471,0,0,6,11,2,12.816104937775341,0,10.8,1.4,1.78,Dropout
1,1,1,9735,1,1,133.1,1,37,38,9,8,126.8,1,0,0,1,0,0,18,0,0,6,6,6,12.17587770136754,0,0,6,6,6,11.655843600246117,0,9.2,1.4,1.8,Graduate
1,1,1,9358,1,1,136.5,1,2,2,3,3,133.6,1,0,0,1,0,0,19,0,0,7,8,7,12.430936002296841,0,0,7,8,8,13.542381626711807,0,13.8,2.7,0.79,Graduate
1,1,1,9127,1,1,130.4,1,38,37,10,5,120.3,0,0,0,1,1,0,18,0,0,5,5,0,0.4837619499713973,0,0,5,5,5,14.059230871373858,0,8.9,1.4,3.47,Graduate
1,1,1,9295,1,1,117.9,1,38,38,9,8,125.3,1,0,0,1,0,1,19,0,0,6,8,5,12.068700893804298,0,0,6,8,5,10.95852747959174,0,9.0,0.5,1.83,Graduate
1,1,1,9508,1,1,131.8,1,3,38,4,2,125.3,1,0,0,1,0,1,17,0,0,6,7,6,13.881804374153461,0,0,6,7,6,13.046641651515412,0,13.9,-0.3,0.78,Graduate
1,1,1,9945,1,1,131.6,1,37,37,8,7,131.3,0,0,0,1,0,0,19,0,0,6,7,5,12.916024506093375,0,0,6,7,5,13.264887372010291,0,13.9,-0.3,0.78,Graduate
1,2,1,9797,1,1,141.8,1,38,38,4,1,124.7,1,0,0,1,0,1,18,0,0,6,7,6,13.589682918180184,0,0,6,7,6,15.213747816980348,0,7.8,-0.8,0.31,Graduate
1,17,1,9161,1,1,130.8,1,3,2,3,4,125.2,1,0,0,1,1,0,19,0,0,5,5,0,0.0,0,0,5,6,0,0.0,0,9.3,-0.8,-3.12,Dropout
1,1,1,9444,1,1,132.4,1,38,38,9,8,127.7,1,0,0,1,0,0,18,0,0,6,7,6,13.339453400942658,0,0,6,6,6,0.22209600786599235,0,12.5,0.5,1.81,Graduate
1,1,2,9433,1,1,130.1,1,37,36,10,9,121.8,1,0,0,1,0,1,18,0,0,7,11,6,11.137159539599365,0,0,7,8,6,10.829043583947872,0,13.8,2.7,0.8,Graduate
1,1,1,9493,1,1,130.7,1,19,37,4,7,115.4,1,0,0,1,0,0,18,0,0,7,7,6,11.528102516799756,0,0,8,7,6,14.233645640257354,0,14.0,0.6,0.88,Graduate
1,17,1,9154,1,1,117.4,1,38,37,10,9,120.9,0,0,0,1,1,0,25,0,0,5,9,3,10.49854442456757,0,0,5,6,3,9.900060149096403,0,7.6,-0.8,-3.11,Dropout
1,1,1,9606,1,1,141.1,1,38,38,9,8,135.4,0,0,0,1,0,1,18,0,0,6,8,6,12.147815021885728,0,0,6,8,6,15.175656237090397,0,12.7,3.7,-1.71,Graduate
1,1,1,9148,1,1,134.8,1,37,37,9,8,107.1,0,0,0,1,0,0,19,0,0,6,8,5,12.59715595890963,0,0,6,9,5,10.52187464701152,0,14.0,0.5,0.86,Graduate
1,43,1,9665,1,1,132.3,1,37,37,3,4,111.0,0,0,0,1,0,0,20,0,2,7,13,7,11.489721981883516,0,4,7,11,7,10.963344294918265,0,13.9,-0.3,0.79,Enrolled
1,17,4,9560,1,1,131.7,1,1,1,6,4,128.7,1,0,0,1,0,0,19,0,0,7,7,6,12.645939358984345,0,0,8,10,8,12.590858633593585,0,14.0,0.6,1.96,Graduate
1,40,1,9099,0,1,132.8,1,37,37,8,7,100.3,0,0,0,1,1,0,38,0,0,6,10,0,0.0,0,0,6,6,0,0.0,0,13.9,-0.3,0.78,Dropout
1,1,1,9583,1,1,133.8,1,35,37,6,2,143.1,1,0,0,1,0,0,22,0,0,6,6,6,0.0,0,0,6,6,6,0.20115973317687819,0,7.6,2.6,0.32,Graduate
1,1,3,9103,1,1,131.3,1,5,2,1,3,129.9,1,0,0,1,0,0,18,0,0,7,7,6,12.829129385880789,0,0,8,10,6,14.68612857577845,0,12.4,0.5,1.8,Graduate
2,39,1,9812,0,1,136.7,1,38,38,1,3,135.3,0,0,0,1,0,0,26,0,0,6,6,5,14.427186404489287,0,0,5,8,5,12.282525648239996,0,9.0,1.4,3.44,Graduate
1,42,1,9418,1,39,135.0,1,2,37,3,3,154.1,0,0,0,1,0,0,21,0,0,7,7,6,12.327837060941423,0,0,8,8,6,12.254415577820982,0,12.4,0.5,1.81,Graduate
1,44,1,9834,1,1,130.1,1,1,2,3,2,113.4,0,0,0,1,0,0,20,0,0,6,12,5,12.234752985001906,0,0,6,11,5,10.665389921171062,0,14.0,-0.3,0.78,Enrolled
1,39,1,9588,1,1,128.6,1,37,37,2,0,129.7,0,0,0,1,0,0,37,0,0,6,11,6,14.353149726137074,0,0,6,12,6,11.647543828719462,0,12.6,3.7,1.81,Dropout
1,38,1,9074,0,1,134.1,1,33,37,4,4,128.6,0,0,0,1,0,0,29,0,0,6,7,5,12.529233562179153,0,0,6,7,5,12.252049376492177,0,7.6,2.6,0.32,Graduate
1,44,1,9083,1,1,134.2,1,2,1,3,5,130.3,0,0,0,1,1,0,20,0,0,5,13,1,0.22336838122105362,0,0,5,12,2,0.0,0,9.1,2.7,0.32,Dropout
1,1,2,9525,1,1,130.8,1,38,37,9,7,133.2,1,0,0,1,0,0,19,0,0,6,6,6,13.996946533420665,0,0,6,6,6,14.749803121064891,0,9.3,-0.8,-3.14,Graduate
1,39,1,9107,1,1,132.0,1,3,37,9,8,122.2,0,0,0,1,1,0,28,0,0,6,11,4,12.054669993164413,0,0,6,6,0,0.0,0,12.7,3.6,-1.68,Dropout
1,1,1,9343,1,1,130.6,1,2,1,5,2,130.2,1,0,0,1,0,0,19,0,0,8,12,4,12.649559335238195,0,0,6,12,4,10.920805770439927,0,9.3,-0.8,-3.13,Dropout
1,43,1,9212,1,1,119.4,1,1,1,4,4,107.5,0,0,0,1,1,0,28,0,0,5,12,1,10.5161501206031,2,0,5,12,2,10.375345083498232,0,10.8,1.4,1.79,Dropout
1,1,1,9100,1,1,131.3,1,2,34,3,4,128.5,0,0,0,1,1,0,25,0,0,5,12,1,0.2718705769304641,2,0,5,8,2,13.678024185145624,1,9.3,-0.8,-3.1,Dropout
1,1,1,9391,1,1,141.6,1,19,37,9,8,125.6,1,0,0,1,0,1,17,0,0,6,8,6,14.254700255380042,0,0,6,8,6,13.713763689449104,0,12.7,3.7,-1.71,Graduate
1,39,1,9096,1,1,130.8,1,37,37,9,9,145.5,0,0,0,1,1,0,41,0,0,5,5,0,13.921265685660755,0,0,5,5,0,0.16463578428836897,0,10.8,0.5,1.78,Graduate
1,39,1,8995,1,1,129.9,1,1,1,2,3,101.4,0,0,0,1,0,0,35,0,6,15,10,11,12.00977096128917,0,11,11,13,11,13.51407718446154,0,11.2,0.6,2.03,Dropout
1,43,1,9619,1,1,133.2,1,2,1,0,4,130.0,0,0,0,1,0,0,19,0,2,7,11,7,12.069980236338337,0,4,8,11,7,11.778862118985913,0,13.8,0.5,1.84,Graduate
1,1,1,9571,1,1,131.6,1,2,2,2,6,132.7,1,0,0,1,0,0,19,0,0,6,7,6,12.773819773617337,0,0,6,9,6,13.557083676117268,0,14.1,0.5,0.92,Graduate
2,39,1,494,1,19,131.8,1,36,38,8,9,96.9,0,0,0,1,0,0,36,0,0,7,0,0,0.0,0,0,7,0,0,0.0,0,13.9,-0.3,0.8,Dropout
1,38,1,9100,1,1,135.0,1,2,1,3,0,105.2,0,0,0,1,1,0,37,0,0,5,9,0,0.0,0,0,5,9,0,0.22215554391182385,0,16.0,0.5,-0.92,Dropout
2,43,1,7948,0,3,158.9,1,39,38,3,4,140.6,0,0,0,1,1,0,31,0,2,6,5,5,14.348486436985697,0,1,6,6,5,13.449083788461335,0,9.1,-0.3,0.77,Graduate
1,1,1,9567,1,1,140.5,1,1,3,1,3,157.1,1,0,0,1,0,0,17,0,0,6,7,6,13.647545267424633,0,0,6,5,6,14.449993369733967,0,7.6,0.4,-0.92,Graduate
2,40,1,8035,0,19,131.8,1,37,36,9,7,101.8,0,0,0,1,0,0,37,0,0,6,13,6,10.899685064787763,0,0,6,7,6,12.203581963839484,0,7.7,2.6,-0.92,Dropout
1,39,1,9442,1,1,131.1,1,37,37,9,10,124.3,0,0,0,1,0,0,43,0,0,6,13,4,12.26521170942418,0,0,6,8,5,11.750527182524078,0,8.9,1.4,3.44,Dropout
1,1,1,9690,1,1,130.4,1,3,37,4,4,115.1,1,0,0,1,0,0,19,0,0,6,12,6,10.553744984700295,0,0,6,12,7,9.584160808997597,0,14.1,0.4,-1.7,Graduate
1,44,1,9206,1,1,135.0,1,37,37,9,9,117.7,0,0,0,1,0,0,22,0,0,6,11,3,11.795218184473498,0,0,6,7,2,11.852030317575535,0,13.9,-0.3,0.8,Dropout
1,1,1,9207,1,1,131.8,1,1,38,2,3,147.5,1,0,0,1,0,0,18,0,0,6,6,6,0.4477215410638864,0,0,6,5,6,0.7276709135417643,0,14.0,0.6,0.93,Graduate
1,17,2,9519,1,1,117.2,1,19,38,10,9,115.8,1,0,0,1,0,0,18,0,0,6,6,4,11.869057992594616,0,0,6,5,0,0.0,0,10.8,0.5,1.76,Dropout
1,39,1,9195,1,1,132.0,1,38,37,1,2,132.4,0,0,0,1,1,0,28,0,0,5,14,4,13.105076442144483,0,0,5,5,2,11.984202505604149,0,9.4,-0.8,-3.11,Dropout
1,1,2,9342,1,1,117.1,1,19,38,11,9,122.2,1,0,0,1,0,1,18,0,0,5,8,5,10.899403012119183,0,0,6,8,5,8.877779365185042,0,12.6,3.7,-1.71,Graduate
1,1,1,9186,1,1,130.7,1,2,1,5,2,118.5,0,0,0,1,1,0,22,0,0,5,10,4,11.990884697288694,0,0,5,9,3,10.889551751463515,0,7.7,2.6,0.32,Enrolled
1,39,1,9256,1,1,135.6,1,37,38,3,6,119.3,0,0,0,1,1,0,31,0,0,5,12,2,12.26020349687788,0,0,5,11,2,0.0,0,9.0,1.4,3.48,Dropout
1,17,2,9218,1,1,116.6,1,1,1,4,2,122.2,1,0,0,1,0,0,18,0,0,6,12,2,10.822526173318664,0,0,6,11,2,11.010255152638951,0,13.9,0.5,0.79,Dropout
1,39,1,9119,1,40,129.8,1,2,3,2,4,102.1,0,0,0,1,1,0,39,0,0,7,13,0,0.0,0,0,6,14,0,0.021103418325057546,0,15.9,2.8,-3.83,Dropout
1,45,1,9073,0,40,130.8,1,38,37,9,9,155.9,0,0,0,1,0,0,52,0,10,11,21,13,12.550458318998986,0,4,11,13,10,13.137631888678238,0,15.7,2.7,0.79,Graduate
1,43,1,9548,1,1,132.8,1,36,37,8,9,131.8,0,0,0,1,0,0,19,0,0,6,8,6,12.396147649241016,0,0,6,8,5,10.552100496391953,0,10.8,1.4,1.79,Graduate
1,40,1,9546,1,1,133.7,1,1,1,4,6,132.8,0,0,0,1,1,0,36,0,0,6,12,5,12.399052464931568,0,0,6,8,5,12.728718301613643,0,10.8,1.4,1.8,Dropout
1,18,1,9182,1,1,130.1,1,1,3,2,4,122.9,1,0,0,1,1,0,18,0,0,5,13,1,0.3225765718514823,0,0,5,6,0,0.0,0,12.7,3.7,-1.71,Dropout
2,38,1,9242,0,3,131.7,1,37,37,5,4,148.1,0,0,0,1,1,0,34,0,0,5,9,4,12.032506280133486,0,0,5,6,5,14.480724286931684,0,13.9,-0.3,0.79,Dropout
1,39,1,9434,1,1,132.0,1,38,37,10,9,148.6,0,0,0,1,0,1,45,0,0,6,6,6,13.402666812169576,0,0,6,6,6,13.802699080074317,0,16.2,0.5,-0.85,Graduate
1,1,1,9112,1,1,133.5,1,37,39,10,10,133.2,1,0,0,1,0,0,20,0,0,6,6,5,13.480867166608876,0,0,6,6,6,12.975967644364344,0,12.7,3.7,-1.7,Graduate
1,43,1,9991,1,1,130.6,1,36,37,1,5,126.9,0,0,0,1,0,0,27,0,6,11,11,1,13.423022883039039,5,4,11,13,2,13.32494354914668,5,7.6,-0.8,0.32,Dropout
1,1,1,9055,1,1,147.7,1,2,1,3,4,144.9,0,0,0,1,0,0,17,0,0,6,7,6,15.574979074441423,0,0,6,8,5,15.132098630549752,0,12.5,-0.3,0.78,Graduate
2,39,1,9558,1,3,129.8,1,37,38,8,9,148.8,0,0,0,1,0,0,34,0,0,7,0,0,0.5650961407962172,0,0,8,0,0,0.030911687686313145,0,12.7,3.7,-1.7,Dropout
1,1,1,9618,1,1,131.2,1,3,2,1,3,116.1,1,0,0,1,0,0,18,0,0,8,13,5,13.838039411309737,0,0,8,11,5,11.255135791990158,0,12.7,3.7,-1.7,Dropout
1,17,3,9607,1,1,125.8,1,19,37,9,8,123.3,1,0,0,1,0,0,18,0,0,6,5,4,11.93465914151705,0,0,6,6,0,11.238167576783768,0,12.5,0.5,1.79,Dropout
1,39,1,9173,1,1,133.7,1,37,37,6,6,158.4,0,0,0,1,1,0,19,0,0,5,6,0,0.4413374027428925,0,0,5,5,0,0.34184539118096474,0,7.6,-0.8,-3.12,Graduate
1,1,1,9639,1,1,131.5,1,37,38,5,4,121.4,1,0,0,1,0,1,18,0,0,7,8,7,13.143820879548677,0,0,8,8,7,15.592845710567556,0,15.6,2.7,-4.05,Graduate
1,1,1,9567,1,1,128.9,1,2,38,4,6,133.7,1,0,0,1,0,0,18,0,0,7,8,7,10.89119628832637,0,0,8,8,7,12.50239539074672,0,9.1,0.5,1.83,Graduate
1,39,1,9566,1,1,133.7,1,37,37,9,6,104.6,0,0,0,1,1,0,40,0,0,6,0,0,0.3986586248799197,0,0,6,0,0,0.15198991750616134,0,16.0,0.4,-0.92,Dropout
1,1,3,9233,1,1,123.3,1,1,37,5,7,115.9,1,0,0,1,0,0,19,0,0,6,6,6,13.25733235197439,0,0,6,6,6,13.579067155803536,0,13.9,-0.3,0.78,Graduate
1,1,1,9690,1,1,131.3,1,37,37,8,7,129.4,1,0,0,1,0,1,18,0,0,6,6,6,14.948209128457776,0,0,6,6,6,14.201294950069627,0,15.5,2.8,-4.06,Graduate
1,1,1,9451,1,1,133.3,1,1,38,3,4,128.9,1,0,0,1,0,0,22,0,0,7,11,13,12.420942399674294,0,5,8,11,8,14.094087154005253,0,12.4,0.5,1.8,Graduate
2,39,1,8108,0,1,131.4,1,37,37,8,7,126.6,0,0,0,1,0,0,34,0,0,6,13,4,11.242291759547921,0,0,6,7,6,12.372419457811919,0,9.4,-0.8,-3.12,Graduate
1,44,1,9705,1,1,132.3,1,3,2,3,4,127.3,0,0,0,1,0,0,27,0,2,8,10,5,12.559634173190148,0,0,8,8,5,14.253864397347265,0,16.1,3.6,-0.92,Graduate
1,1,1,9351,1,1,137.8,1,19,38,9,10,131.2,1,0,0,1,0,1,19,0,0,6,7,6,14.40895403300756,0,0,6,8,6,14.513774485989037,0,12.4,0.5,1.8,Graduate
1,1,3,9291,1,1,129.4,1,2,37,2,8,118.2,1,0,0,1,0,0,18,0,0,6,6,6,13.254432641552224,0,0,6,6,6,13.975494360005321,0,9.0,2.7,3.5,Graduate
2,39,1,7919,0,19,131.8,1,37,38,9,10,97.1,0,0,0,0,0,0,34,0,0,6,11,0,0.0,0,0,6,0,0,0.0,0,8.9,1.4,3.47,Dropout
1,43,1,9135,1,41,132.3,1,2,2,3,4,129.8,0,0,0,1,1,0,36,0,5,10,11,4,12.345390971301818,0,1,6,15,1,10.909364494760366,0,9.0,1.4,3.51,Dropout
1,1,1,9559,1,1,133.4,1,37,38,8,9,143.0,0,0,0,1,0,0,19,0,0,7,1,6,0.3640783982889705,0,0,8,1,6,0.0,0,12.6,3.7,-1.7,Graduate
1,1,1,9280,1,1,144.6,1,1,1,3,2,160.6,1,0,0,1,0,0,19,0,0,6,6,6,0.7396729707053313,0,0,6,6,6,15.103061582035114,0,10.8,0.5,1.78,Graduate
1,17,1,9215,1,1,121.5,1,3,2,3,3,110.7,1,0,0,1,1,0,18,0,0,6,9,3,11.147162213172766,0,0,6,11,0,0.0,0,12.6,-0.3,0.78,Dropout
2,39,1,9829,1,3,166.9,1,37,37,4,3,127.1,0,0,0,1,0,0,35,0,0,8,11,5,14.436476136656132,0,0,8,11,5,15.151482270817224,0,12.7,3.7,-1.73,Dropout
1,1,1,8987,1,1,146.4,1,2,3,1,5,156.1,0,0,0,1,0,0,18,0,0,5,6,5,14.72940160779987,0,0,5,6,5,15.84193621635512,0,12.7,0.6,1.98,Graduate
1,1,1,9204,1,1,139.2,1,2,1,2,6,137.8,1,0,0,1,0,0,18,0,0,6,6,6,14.281249897933662,0,0,6,5,6,13.6199018781176,0,9.3,-0.8,-3.13,Graduate
1,44,1,9565,1,1,132.0,1,2,1,7,5,112.0,0,0,0,1,1,0,22,0,0,7,10,3,13.332715443192608,0,0,6,11,0,14.013063271743269,0,15.6,2.7,-4.02,Dropout
1,6,1,9096,1,1,137.3,1,2,2,6,3,146.6,0,0,0,1,1,0,19,0,0,5,6,0,0.42133036232622284,0,0,5,5,0,0.12459101850174903,0,9.4,-0.8,-3.11,Dropout
1,43,1,9593,1,1,130.6,1,1,2,4,2,126.2,0,0,0,1,0,0,18,0,0,7,9,7,13.325351337586941,0,0,8,8,8,13.469354352836337,0,15.5,2.8,-4.06,Graduate
1,1,1,9831,1,1,134.1,1,38,37,0,2,131.5,1,0,0,1,0,0,18,0,0,6,6,6,13.981021719458465,0,0,6,6,6,12.218043363856157,0,7.6,2.6,0.32,Graduate
1,1,4,9368,1,1,134.9,1,37,38,9,9,129.7,1,0,0,1,0,1,18,0,0,7,6,6,13.686068434273484,0,0,6,6,6,0.0,0,13.8,2.7,0.8,Graduate
1,39,1,9228,0,1,131.9,1,38,37,3,1,95.0,0,0,0,0,1,0,36,0,0,5,12,1,9.839227344807789,0,0,5,11,2,11.71045557530167,0,12.7,3.6,-1.69,Dropout
1,1,1,9166,1,1,130.5,1,37,38,9,9,117.8,1,0,0,1,1,0,18,0,0,5,6,0,0.0,0,0,5,6,0,0.0,0,7.7,2.6,0.32,Graduate
1,1,1,9215,1,1,121.5,1,1,4,1,5,117.5,1,0,0,1,0,0,19,0,0,6,12,6,11.424864254524312,0,0,6,11,6,10.418186663305649,0,12.7,-0.8,-3.14,Graduate
1,1,1,9483,1,1,119.0,1,38,38,11,10,119.1,1,0,0,1,0,1,19,0,0,6,12,6,12.257324008375393,0,0,6,11,6,11.732632722828473,0,12.5,0.5,1.84,Graduate
1,1,2,9209,1,1,123.9,1,38,38,9,8,118.1,1,0,0,1,0,1,18,0,0,6,8,6,13.071290309985619,0,0,6,7,6,13.53687764363623,0,9.3,-0.8,-3.13,Graduate
1,1,1,9706,1,1,135.1,1,2,5,3,3,130.4,1,0,0,1,0,0,20,0,0,6,7,5,12.292401594301916,0,0,6,8,5,13.14577185841196,0,10.8,1.4,1.73,Graduate
1,1,3,9520,1,1,133.7,1,1,38,3,7,124.0,1,0,0,1,0,1,19,0,0,6,7,6,13.82372562207785,0,0,6,6,6,15.392596766093371,0,12.6,3.7,-1.71,Graduate
1,1,1,33,1,1,130.3,1,37,37,8,7,128.0,1,0,0,1,0,0,19,0,0,0,1,0,0.30996088492405843,0,0,0,0,0,0.2837959157331837,0,10.8,1.4,1.77,Graduate
1,1,1,9574,1,1,134.4,1,2,3,4,4,132.4,1,0,0,1,0,0,18,0,0,7,7,7,16.46061987249913,0,0,8,8,8,13.326509213358518,0,15.5,1.4,1.79,Graduate
1,17,2,9246,1,1,123.5,1,3,3,2,2,126.2,1,0,0,1,1,0,19,0,0,5,5,5,13.320703154251802,0,0,6,5,4,12.612723438607883,0,12.4,0.5,1.79,Graduate
1,1,1,9138,1,1,150.9,1,2,3,2,3,140.1,0,0,0,1,0,0,19,0,0,7,7,6,15.473219962764487,0,0,8,5,8,15.072367423105856,0,12.7,3.7,-1.7,Graduate
1,1,3,9721,1,1,139.9,1,2,3,3,4,128.5,1,0,0,1,0,0,19,0,0,6,8,6,13.472926113312075,0,0,6,8,6,15.41965888670172,0,9.0,2.7,3.5,Graduate
1,1,1,9024,1,1,130.1,1,37,37,9,3,120.6,1,0,0,1,1,0,18,0,0,5,6,0,0.19795677791221344,0,0,5,5,0,0.02026931340701265,0,9.3,-0.8,-3.11,Dropout
1,44,1,9036,1,1,133.5,1,2,38,5,2,128.7,0,0,0,1,0,0,24,0,13,15,30,18,11.494368627223345,0,10,12,13,13,12.980001575339138,0,15.5,2.8,-4.06,Dropout
1,1,1,9572,1,1,135.2,1,37,37,8,2,127.5,0,0,0,1,0,0,18,0,0,6,7,5,12.683852568343218,0,0,6,6,5,13.666400794649212,0,14.0,-0.8,-3.12,Graduate
1,44,1,9108,1,39,140.2,1,4,3,3,1,143.9,0,0,0,1,1,0,20,0,2,6,10,4,11.910945100887242,0,1,5,11,2,11.848056394153362,0,12.4,-0.3,1.8,Dropout
1,39,1,33,1,1,133.9,1,38,38,8,10,146.2,0,0,0,1,1,0,32,0,0,0,0,0,0.12517823237459924,0,0,0,0,0,0.0,0,12.8,0.6,-1.54,Dropout
1,1,1,9083,1,1,122.6,1,1,1,4,2,113.3,1,0,0,1,0,0,18,0,0,6,8,6,11.627265920197999,0,0,6,8,5,9.63284192975194,0,12.4,0.5,1.8,Graduate
1,1,1,9191,1,1,141.6,1,2,1,0,4,127.1,1,0,0,1,1,0,18,0,0,5,7,5,13.048402469159473,0,0,5,8,5,13.135481969010819,0,9.0,1.4,1.79,Graduate
1,1,1,9511,1,1,132.0,1,37,37,3,7,112.2,1,0,0,1,0,0,18,0,0,6,7,6,12.813558338813014,0,0,6,7,6,12.592316500470563,0,12.4,0.5,1.8,Graduate
2,38,1,8366,0,1,132.3,1,36,37,9,10,131.7,0,0,0,1,0,1,40,0,0,7,7,6,12.964672030929798,0,0,7,7,6,14.252398751873358,0,15.9,2.6,0.32,Graduate
1,43,1,9538,1,1,135.2,1,1,2,2,4,128.8,0,0,0,1,0,0,21,0,0,7,7,6,12.15545427447537,0,0,7,8,6,13.0028710745819,0,13.9,-0.3,0.79,Graduate
1,1,2,9728,1,1,122.6,1,19,37,5,10,121.5,1,0,0,1,0,1,18,0,0,6,8,6,11.920950065162566,0,0,6,8,6,10.11702668167877,0,9.0,1.4,3.48,Graduate
1,17,4,9619,1,1,134.5,1,3,38,5,5,123.1,1,0,0,1,0,0,19,0,0,6,6,6,13.889678329959999,0,0,6,6,6,0.0,0,8.9,1.4,3.5,Graduate
1,17,1,9767,1,1,129.4,1,3,19,5,6,117.8,1,0,0,1,0,1,18,0,0,6,5,6,13.69087698101904,0,0,6,8,6,14.127102858678317,0,15.5,1.5,1.76,Graduate
1,1,1,9111,1,1,130.0,1,3,2,4,4,125.5,1,0,0,1,0,0,17,0,0,6,8,5,13.01412054689903,0,0,6,8,5,10.868155322699346,0,12.4,1.4,1.79,Graduate
1,1,1,9140,1,1,133.0,1,38,37,9,10,119.3,1,0,0,1,1,0,20,0,0,5,5,0,0.0,0,0,5,6,0,0.0,0,10.8,1.4,1.77,Dropout
1,17,1,9176,1,1,132.0,1,2,2,6,2,124.1,0,0,0,1,0,0,20,0,0,6,12,2,11.52429263694555,0,0,6,11,0,0.0,0,15.4,1.5,-4.06,Dropout
1,1,1,9236,1,1,131.1,1,2,1,1,0,128.7,1,0,0,1,1,0,17,0,0,6,1,0,0.0,0,0,6,0,0,0.0618978725953179,0,14.0,-0.4,-0.93,Dropout
1,17,2,9092,1,1,129.5,1,1,2,5,4,118.1,1,0,0,1,0,0,19,0,0,6,14,2,11.237738175894068,0,0,6,11,1,12.20587075583568,0,9.0,1.4,1.83,Dropout
1,1,1,9291,1,1,138.8,1,3,1,3,6,133.0,1,0,0,1,0,0,18,0,0,7,7,7,14.665411366297377,0,0,7,8,8,14.10663597496941,0,7.6,2.6,0.33,Graduate
2,42,1,9450,1,38,132.3,1,1,1,2,3,156.9,0,0,0,1,0,0,35,0,2,6,11,3,13.59122149188656,0,4,6,10,2,11.739143531853419,0,10.8,1.4,1.76,Dropout
1,16,1,9669,1,1,130.6,1,19,19,9,8,128.6,1,0,0,1,0,1,19,0,0,6,6,6,13.179463945040856,0,0,6,8,6,12.988173657024875,0,10.8,1.4,1.78,Graduate
1,43,1,9130,1,39,139.8,1,3,4,6,4,151.0,0,0,0,1,1,0,21,0,2,6,9,5,13.702973789843373,0,1,6,8,5,14.400729228367233,0,12.4,0.5,1.78,Enrolled
1,1,1,9883,1,1,128.6,1,2,3,4,5,134.0,1,0,0,1,1,0,19,0,0,6,7,6,13.186362455144824,0,0,6,9,5,13.74705205004025,0,11.1,0.6,2.01,Graduate
2,39,1,8215,0,1,129.5,1,38,37,9,9,161.4,0,0,0,1,0,0,48,0,0,6,6,0,0.20142642074777034,0,0,6,6,0,0.2772549906262112,0,12.7,3.6,-1.69,Dropout
1,39,1,9175,1,1,134.7,1,38,37,3,2,139.4,0,0,0,1,1,0,29,0,0,5,1,0,0.7121468207036956,0,0,5,0,0,0.6382176101273164,0,11.0,0.5,1.92,Dropout
1,43,1,9605,1,1,129.8,1,2,3,2,4,133.1,0,0,0,1,1,0,19,0,0,7,9,5,11.615573583434468,0,0,7,11,2,11.263927520027854,0,16.2,0.3,-0.92,Dropout
2,39,1,8085,0,1,133.1,1,38,37,10,8,124.7,0,0,0,1,0,0,26,0,0,11,20,12,0.0,0,0,12,1,0,0.0,0,9.0,1.4,3.5,Dropout
1,43,1,8922,1,1,133.2,1,3,3,3,1,114.5,0,0,0,1,1,0,21,0,0,6,11,4,10.531048450439876,0,0,6,12,2,0.0,0,16.0,2.5,-0.93,Dropout
2,45,1,8043,0,40,154.3,1,37,38,8,9,158.3,0,0,0,1,0,0,47,0,6,11,7,12,14.654832584849602,0,4,10,9,8,13.717376863380807,0,13.9,-0.3,0.79,Graduate
1,1,3,9450,1,1,139.5,1,3,19,1,1,131.4,1,0,0,1,0,1,18,0,0,6,5,6,14.748052307699984,0,0,6,8,6,13.268718378780846,0,8.9,1.4,3.5,Graduate
1,1,3,9557,1,1,139.4,1,2,37,3,5,128.4,1,0,0,1,0,0,19,0,0,6,6,6,14.017544804763766,0,0,6,5,6,15.004722153308885,0,9.0,1.4,3.45,Graduate
1,44,1,9119,1,1,136.6,1,2,1,2,2,131.7,0,0,0,1,0,0,20,0,0,6,11,3,12.856334354070606,0,0,6,12,2,12.45645741905661,0,10.8,1.4,3.43,Dropout
1,1,3,9622,1,1,129.5,1,1,1,2,5,130.3,1,0,0,1,0,0,19,0,0,7,7,6,12.622690103646486,0,0,6,8,6,13.433318351641894,0,12.4,0.5,1.81,Graduate
1,1,2,9514,1,1,131.5,1,36,38,8,10,114.5,1,0,0,1,0,0,18,0,0,6,5,6,13.590430622280982,0,0,6,8,6,12.157870269833621,0,10.8,1.4,1.75,Graduate
1,1,3,33,1,1,137.7,1,2,37,3,5,123.8,1,0,0,1,0,1,18,0,0,6,5,6,0.31124215566446933,0,0,0,6,6,0.24464368088575353,0,9.2,-0.8,-3.11,Graduate
1,39,1,9630,1,1,132.1,1,1,38,9,7,141.9,0,0,0,1,1,0,31,0,0,6,0,0,0.6343734296055773,0,0,6,0,0,0.11897856037620744,0,16.2,0.4,-1.64,Graduate
1,1,3,9752,1,1,131.9,1,2,1,1,3,128.8,1,0,0,1,0,0,18,0,0,6,6,6,0.38399068162856415,0,0,6,5,6,0.3537473161720787,0,9.2,-0.8,-3.12,Graduate
1,1,1,33,1,1,141.7,1,3,2,5,6,154.4,1,0,0,1,1,0,18,0,0,0,0,0,0.19512856228386544,0,0,0,0,0,0.0,0,12.4,0.5,1.83,Dropout
1,39,1,9622,1,1,133.2,1,38,37,9,6,128.3,0,0,0,1,0,0,45,0,0,7,12,14,14.21286567946901,0,5,11,11,12,12.768656270436193,0,15.6,2.7,-4.04,Graduate
1,39,1,9832,0,1,131.7,1,36,37,8,7,108.1,0,0,0,1,1,0,35,0,0,5,5,0,0.0,0,0,5,0,0,0.0,0,9.3,-0.8,-3.11,Dropout
1,1,1,9438,1,1,131.4,1,37,38,9,7,132.1,0,0,0,1,0,1,19,0,0,6,5,6,14.338652402812416,0,0,6,6,6,11.699932921955615,0,7.6,2.6,0.33,Graduate
1,1,1,9113,1,1,120.8,1,1,19,4,9,113.4,1,0,0,1,0,0,19,0,0,5,8,5,11.240207307769769,0,0,5,9,5,9.659971671367385,0,12.7,3.7,-1.71,Enrolled
1,39,1,423,1,3,132.2,1,38,38,2,4,152.1,0,0,0,1,1,0,51,0,0,0,0,0,0.7427131106122354,0,0,0,6,0,0.04636358511312545,0,16.1,0.5,0.88,Graduate
1,1,1,9342,1,1,143.0,1,2,37,3,4,129.6,1,0,0,1,0,0,17,0,0,7,8,7,13.192902091884498,0,0,8,8,8,12.99612574060835,0,8.9,1.4,-4.06,Graduate
1,1,1,9684,1,1,131.2,1,3,2,1,3,132.7,1,0,0,1,0,0,17,0,0,7,8,5,12.301250064692745,0,0,7,8,5,11.27937020982774,0,14.0,-0.3,0.79,Enrolled
2,39,1,9991,0,18,133.7,1,38,38,8,10,99.1,0,0,0,0,1,0,28,0,0,5,11,0,0.17890466091952323,0,0,5,0,0,0.0,0,12.6,3.7,-1.7,Dropout
1,2,1,33,1,1,133.8,1,37,37,4,2,138.6,1,0,0,1,1,0,19,0,0,0,1,0,0.6291093258154502,0,0,0,0,0,0.0,0,7.7,-0.8,-3.12,Dropout
1,1,1,9634,1,1,139.6,1,3,3,3,5,131.0,0,0,0,1,1,0,18,0,0,6,8,5,13.875286074323174,0,0,6,8,5,13.802796474632464,0,13.9,-0.3,0.78,Graduate
1,1,1,9831,1,1,132.2,1,19,37,9,9,131.7,0,0,0,1,0,1,17,0,0,7,7,7,14.399276690026513,0,0,8,8,8,14.976629093091425,0,15.6,0.6,-4.04,Graduate
1,42,1,9142,1,1,139.2,1,2,2,1,2,133.7,1,0,0,1,1,0,20,0,0,6,7,6,12.828197381161594,0,0,6,8,5,12.651961516972541,0,9.0,1.4,1.81,Enrolled
1,1,2,9244,1,1,123.1,1,19,37,10,9,121.8,1,0,0,1,0,1,18,0,0,6,8,6,12.73691671537315,0,0,6,8,6,13.56625911658238,0,9.0,2.8,-4.06,Graduate
1,1,1,9281,1,1,131.0,1,2,37,3,2,130.3,1,0,0,1,0,0,18,0,0,5,6,5,11.914874515258653,0,0,5,5,5,12.961709349800655,0,7.6,2.6,0.33,Graduate
1,43,1,9223,1,1,132.0,1,2,38,6,2,111.1,0,0,0,1,0,0,21,0,0,6,10,2,10.53698298334098,0,0,6,13,2,0.0,0,13.9,-0.3,0.79,Dropout
1,39,1,9563,1,1,130.3,1,1,38,2,6,126.4,0,0,0,1,0,0,26,0,6,7,11,11,14.408002541637543,0,4,11,7,11,12.270813286079091,0,15.8,2.8,-3.9,Graduate
1,1,1,9870,1,1,130.6,1,37,37,10,8,121.4,0,0,0,1,0,0,18,0,0,6,9,5,11.962848804196343,0,0,6,5,5,12.33256563474069,0,12.6,3.7,-1.7,Graduate
1,1,1,9074,1,1,127.4,1,2,4,4,2,115.9,1,0,0,1,1,0,20,0,0,5,10,3,11.36481601550675,0,0,5,6,5,10.221315983764383,0,12.6,0.5,1.82,Enrolled
1,1,1,9082,1,1,129.8,1,37,38,8,9,131.4,1,0,0,1,0,0,19,0,0,5,6,5,12.939689624370192,0,0,5,6,5,13.521626245961805,0,12.5,3.7,1.78,Graduate
1,1,1,9113,1,1,130.1,1,36,38,9,9,123.2,1,0,0,1,0,1,18,0,0,6,6,6,10.988391995297393,0,0,6,7,6,11.951680450469402,0,9.0,1.4,3.51,Graduate
1,40,1,9186,1,1,133.4,1,2,38,4,2,119.8,0,0,0,1,1,0,23,0,0,5,8,4,12.624353875919658,0,0,5,8,3,11.673365082177385,0,8.9,1.4,3.49,Dropout
1,42,1,9175,1,40,157.5,1,1,3,4,1,144.3,0,0,0,1,0,0,19,0,0,6,7,6,14.691055252030353,0,0,6,8,6,14.828647068687815,0,9.0,2.7,3.49,Graduate
1,1,1,9943,1,1,129.5,1,37,37,9,7,108.4,1,0,0,1,0,1,18,0,0,6,7,6,11.644827187538995,0,0,6,7,6,12.501128953266429,0,13.9,-0.3,0.77,Graduate
1,39,1,9721,1,1,128.2,1,37,36,9,8,109.8,1,0,0,0,0,0,24,0,0,6,5,0,0.23367573908172168,0,0,6,1,0,0.0,0,9.1,1.4,1.82,Dropout
1,17,1,9264,1,1,121.0,1,37,37,8,7,115.9,1,0,0,1,0,0,19,0,0,5,6,1,10.844702893162141,0,0,5,6,0,0.0,0,12.4,0.5,1.82,Dropout
1,1,2,9156,1,1,123.4,1,39,37,11,10,121.5,1,0,0,1,0,1,18,0,0,6,8,5,12.770640843298429,0,0,6,8,5,10.539392630950148,0,9.3,-0.8,-3.13,Graduate
1,1,1,9115,1,1,123.2,1,1,2,4,4,125.8,1,0,0,1,1,0,19,0,0,5,8,5,12.919667306455802,0,0,5,5,5,10.886550384011857,0,12.4,0.5,1.81,Graduate
1,17,1,9716,1,1,127.4,1,37,38,9,8,117.7,1,0,0,0,0,0,18,0,0,6,0,0,0.0,0,0,6,0,0,0.0,0,10.8,1.4,1.78,Dropout
1,39,1,9770,1,19,131.4,1,38,37,9,8,102.5,0,0,0,1,1,0,32,0,0,6,12,0,0.0,0,0,6,10,0,0.0,0,12.4,0.5,1.76,Dropout
1,1,3,9883,1,1,125.7,1,19,37,10,8,123.9,1,0,0,1,0,1,18,0,0,6,7,6,12.559610907764972,0,0,6,7,6,13.232033481059208,0,8.9,1.4,3.44,Graduate
2,39,1,8200,0,19,129.3,1,37,36,8,10,105.8,0,0,0,1,1,0,49,0,0,2,5,0,0.0,0,0,5,0,0,0.0,0,8.9,1.4,1.81,Dropout
1,1,3,9250,1,1,122.2,1,3,1,4,6,129.9,1,0,0,1,0,0,18,0,0,6,8,6,11.45516606392724,0,0,6,8,6,11.530040648551878,0,9.0,2.7,3.51,Graduate
1,1,1,9459,1,1,140.1,1,2,3,5,8,130.4,0,0,0,1,0,0,18,0,0,7,7,7,14.584348996608338,0,0,8,8,8,12.871927854740527,0,15.5,2.7,-4.06,Graduate
1,1,1,9498,1,1,130.6,1,37,37,9,8,111.5,1,0,0,1,0,0,19,0,0,6,11,6,12.429830455864465,0,0,6,10,6,9.909513863856173,0,15.4,1.4,-4.06,Graduate
1,1,1,9321,1,1,149.8,1,3,2,4,0,129.9,1,0,0,1,0,0,18,0,0,6,8,5,14.483773503837877,0,0,6,8,5,12.810053749701513,0,12.5,0.5,1.81,Graduate
2,39,1,9795,1,1,133.0,1,38,37,9,7,128.4,0,0,0,1,0,0,44,0,0,7,1,0,0.0,0,0,8,0,0,0.24196111670270776,0,12.5,-0.8,1.79,Dropout
1,43,1,9382,1,1,140.5,1,3,37,5,3,128.2,1,0,0,1,0,0,21,0,0,7,8,6,12.754530757356823,0,0,7,8,7,13.270082578323333,0,13.9,-0.3,0.79,Graduate
1,40,1,9905,1,1,134.9,1,37,36,10,7,114.4,1,0,0,1,0,0,21,0,0,6,0,0,0.0,0,0,6,0,0,0.0,0,9.3,-0.8,-3.12,Dropout
1,1,3,9535,1,1,155.1,1,3,1,2,3,133.2,1,0,0,1,0,0,17,0,0,8,8,7,14.854063801369279,0,0,8,8,8,15.850193654540405,0,9.2,-0.8,-3.15,Graduate
1,1,1,9367,1,1,140.8,1,2,1,5,4,127.6,1,0,0,1,0,1,19,0,0,7,8,7,14.262507252957821,0,0,8,8,8,14.380599987002205,0,12.5,0.5,1.81,Graduate
1,1,1,33,1,1,133.1,1,2,2,0,0,156.1,1,0,0,1,1,0,19,0,0,0,0,0,0.100535069852418,0,0,0,0,0,0.11327101949403082,0,9.0,1.4,1.8,Dropout
1,40,1,9751,1,1,132.6,1,37,37,9,10,156.6,0,0,0,1,1,0,24,0,0,6,0,0,0.0,0,0,6,6,0,0.0,0,7.7,2.6,0.32,Dropout
1,39,1,9619,1,1,132.7,1,37,37,4,6,151.4,0,0,0,1,1,0,33,0,0,5,6,0,0.10428788345548684,0,0,5,6,0,0.2631858636499477,0,9.3,-0.8,-3.12,Dropout
1,1,1,9192,1,1,132.7,1,2,2,3,4,109.3,1,0,0,1,1,0,18,0,0,5,5,0,0.0,0,0,5,5,0,0.15074873385158552,0,9.3,-0.8,-3.11,Dropout
1,1,1,9129,1,1,131.5,1,2,4,2,6,130.7,1,0,0,1,0,0,19,0,0,5,6,5,14.61835147990185,0,0,5,5,5,16.205367113972574,0,12.7,0.5,-2.96,Graduate
1,43,1,8193,0,40,130.7,1,37,37,8,9,153.1,0,0,0,1,0,0,27,0,6,10,7,11,13.545511496458715,0,4,11,7,11,13.938895688944145,0,7.6,2.7,0.32,Graduate
1,49,1,9007,1,41,132.6,1,1,1,3,1,145.3,0,0,0,1,1,0,29,0,6,12,12,5,12.268372531272693,0,4,10,14,5,11.132590455008916,0,15.4,1.4,3.51,Dropout
1,43,1,9164,1,1,134.6,1,3,2,3,4,110.8,0,0,0,0,1,0,30,0,0,6,10,2,0.0,0,0,6,11,0,0.0,0,12.6,-0.3,0.79,Dropout
1,17,1,9476,1,1,138.0,1,19,2,2,7,112.7,1,0,0,1,0,0,18,0,0,6,7,6,13.391295154292827,0,0,6,0,0,0.0,0,10.8,1.4,1.72,Dropout
1,1,1,9547,1,1,132.1,1,37,38,10,10,107.9,1,0,0,1,0,0,20,0,0,6,8,5,11.248272423763487,0,0,6,9,5,11.807128000254966,0,16.2,0.5,0.95,Enrolled
1,1,2,9865,1,1,120.4,1,37,37,11,8,115.2,1,0,0,1,0,1,18,0,0,6,7,6,11.599106371019925,0,0,6,7,6,10.476346061081824,0,7.6,2.6,0.32,Graduate
1,17,1,9253,1,1,120.8,1,1,3,5,3,114.0,1,0,0,1,1,0,20,0,0,6,13,3,12.954450196800117,0,0,6,11,4,9.74336683706631,0,15.5,2.8,-4.06,Dropout
2,40,1,9605,0,19,130.4,1,37,37,9,10,103.1,0,0,0,1,1,0,53,0,0,5,8,1,0.0,0,0,5,6,0,0.0,0,9.0,2.7,-4.05,Dropout
1,1,3,9099,1,1,117.5,1,19,37,9,8,116.8,1,0,0,1,0,0,18,0,0,6,6,6,13.153001169034889,0,0,6,5,6,12.165430208729596,0,12.4,0.5,1.8,Graduate
1,1,1,9197,1,1,142.2,1,2,1,3,6,140.9,0,0,0,1,0,0,18,0,0,7,8,7,16.874056548975116,0,0,8,8,8,17.649225639167273,0,14.0,-0.4,0.8,Graduate
1,44,1,9045,1,1,132.8,1,3,2,3,5,116.3,0,0,0,1,1,0,27,0,0,5,11,1,11.508967208054994,0,0,5,12,2,10.149204176170795,0,16.2,0.4,-0.92,Dropout
1,1,1,9220,1,1,134.9,1,38,37,4,10,114.5,1,0,0,1,0,0,19,0,0,6,6,0,0.0,0,0,6,6,0,0.11745751649199243,0,9.2,0.5,1.81,Dropout
1,39,1,9692,1,1,132.2,1,38,37,5,2,126.9,0,0,0,1,0,0,21,0,0,6,5,4,12.997469432946845,0,0,5,6,4,12.945261254403546,0,9.4,-0.8,-3.14,Dropout
2,40,1,9731,0,1,131.7,1,38,38,3,5,148.1,0,0,0,1,1,0,45,0,0,5,6,5,13.792795002584178,0,0,5,8,5,14.364877959212173,0,9.0,1.4,3.47,Graduate
1,39,1,9146,0,40,136.3,1,2,1,4,2,144.5,0,0,0,1,1,0,24,0,0,5,12,2,0.5706936044527383,0,0,5,9,2,0.0,0,16.0,-0.4,-0.93,Dropout
1,1,1,9274,1,1,140.3,1,37,37,9,8,149.1,0,0,0,1,0,0,20,0,0,6,6,6,15.151532414521654,0,0,6,6,6,14.917193257569853,0,9.2,-0.8,-3.14,Graduate
1,1,2,9773,1,1,133.1,1,36,37,4,9,132.3,1,0,0,1,0,1,19,0,0,6,8,6,13.079790251835433,0,0,6,7,6,13.193939192599997,0,9.4,-0.8,-3.12,Graduate
1,17,3,9386,1,1,124.2,1,1,2,4,1,125.5,1,0,0,1,0,0,19,0,0,6,8,6,11.162613941136765,0,0,6,8,5,14.27352227021364,0,12.4,0.5,1.79,Graduate
1,1,1,9450,1,1,132.9,1,38,37,9,8,135.1,0,0,0,1,0,1,18,0,0,6,5,6,15.179727407319977,0,0,6,6,6,14.004507740116924,0,12.6,3.7,-1.69,Graduate
1,1,1,9158,1,1,132.4,1,2,38,6,7,137.2,1,0,0,1,0,0,20,0,0,5,6,5,13.932851439511726,2,0,5,8,5,13.674715216477873,0,10.9,1.4,1.78,Enrolled
1,42,1,33,1,1,161.6,1,3,3,1,1,153.0,0,0,0,1,1,0,19,0,0,6,0,0,0.33964402202428234,0,0,6,0,0,0.0,0,12.5,0.5,1.8,Dropout
1,40,1,9498,1,1,133.7,1,37,38,10,7,101.1,0,0,0,1,0,0,20,0,0,7,7,7,12.971895737994162,0,0,8,9,8,12.250968299946063,0,12.4,0.5,1.79,Dropout
1,17,3,9257,1,1,127.0,1,3,3,4,2,125.8,1,0,0,1,0,0,18,0,0,6,6,6,11.89045032922022,0,0,6,6,5,12.999582387964125,0,10.8,1.4,1.75,Graduate
2,39,1,9679,0,1,129.1,1,37,30,3,6,104.0,0,0,0,0,1,0,30,0,0,5,12,0,0.0,0,0,5,12,0,0.0,0,10.8,1.4,1.77,Dropout
1,1,1,9227,1,1,134.7,1,37,38,9,8,114.7,0,0,0,1,1,0,28,0,0,5,5,0,0.0,0,0,5,5,0,0.0,0,12.5,0.5,0.78,Dropout
1,1,1,9318,1,1,133.7,1,2,2,3,4,130.9,1,0,0,1,0,0,20,0,0,6,9,5,14.324240286454819,0,0,6,12,5,13.267673382517515,0,10.8,1.4,1.76,Graduate
1,1,1,9144,1,1,132.9,1,36,37,4,7,113.5,0,0,0,1,0,0,19,0,0,5,9,5,12.2771553305989,0,0,5,6,5,11.414849421493237,0,13.9,-0.3,0.78,Graduate
1,17,3,9185,1,1,123.6,1,2,3,6,3,129.5,1,0,0,1,0,0,17,0,0,6,7,6,13.217403571551532,0,0,6,5,5,11.98583314487798,0,12.4,0.5,1.77,Graduate
1,1,1,9122,1,40,141.1,1,1,2,5,5,155.4,0,0,0,1,0,0,21,0,0,6,7,6,14.122876125079049,0,0,6,7,6,13.559921471943644,0,13.9,-0.2,0.83,Graduate
1,1,1,9397,1,1,135.1,1,2,38,5,2,127.8,1,0,0,1,0,0,22,0,0,6,6,5,12.61721498381511,0,0,6,6,5,11.99531346481612,0,8.9,1.4,3.44,Graduate
1,39,1,9507,1,40,158.4,1,1,36,4,1,157.1,0,0,0,1,0,0,33,0,0,6,7,6,15.302281968853228,0,0,6,6,6,14.187068929181837,0,13.9,-0.3,0.78,Graduate
1,18,1,9182,1,1,139.5,1,2,2,1,3,102.0,1,0,0,1,1,0,21,0,0,5,6,0,0.0,0,0,5,6,0,0.0,0,12.4,0.5,1.77,Dropout
1,1,1,9699,1,1,132.2,1,38,38,10,10,126.5,1,0,0,1,0,1,19,0,0,6,7,6,13.327212361257578,0,0,6,7,6,12.954136265958125,0,16.0,0.4,-0.91,Graduate
1,39,1,9613,1,1,133.1,1,37,38,9,8,143.4,0,0,0,1,0,0,24,0,0,6,7,6,12.110256110891058,0,0,8,7,6,13.945814920960336,0,12.7,3.7,-1.7,Graduate
1,1,2,9059,1,1,117.1,1,19,37,9,7,120.5,1,0,0,1,0,1,19,0,0,5,6,5,12.9132479165678,0,0,5,6,5,12.891043442418473,0,10.8,1.4,1.75,Graduate
1,38,1,9579,1,1,125.7,1,37,37,9,10,111.0,1,0,0,1,0,0,22,0,0,6,13,4,9.825291174973625,0,0,7,11,2,10.039015737438646,0,9.3,-0.3,-3.13,Dropout
1,1,1,33,1,1,128.9,1,36,38,8,9,138.4,1,0,0,1,0,0,18,0,0,7,0,0,0.3890352430056963,0,0,8,0,0,0.33744221504992855,0,9.0,2.7,-4.06,Graduate
1,1,3,9386,1,1,139.6,1,2,2,3,3,126.6,1,0,0,1,0,1,18,0,0,7,8,7,14.80276037460319,0,0,8,8,8,14.918002803505178,0,12.6,0.5,1.85,Graduate
1,1,1,33,1,1,162.7,1,2,38,3,0,149.2,0,0,0,1,1,0,19,0,0,0,0,0,0.6725313448557216,0,0,0,0,0,0.6969445046857072,0,9.4,-0.8,-3.12,Graduate
1,1,1,9162,1,1,137.2,1,1,3,4,7,151.0,1,0,0,1,1,0,19,0,0,5,5,5,14.67830919906434,0,0,5,6,5,14.330348654525277,0,12.4,0.5,1.81,Graduate
1,17,1,9069,1,1,119.7,1,3,2,4,2,112.9,1,0,0,1,1,0,20,0,0,5,12,2,0.0,0,0,5,10,0,0.0,0,8.9,1.4,1.79,Dropout
1,17,2,9174,1,1,125.6,1,3,37,5,4,126.8,1,0,0,1,0,0,19,0,0,5,6,3,10.042671744879346,0,0,5,6,4,11.805623004306275,0,9.3,-0.8,-3.14,Enrolled
1,39,1,9684,1,1,130.3,1,37,38,9,9,116.1,0,0,0,1,0,1,26,0,0,8,12,5,11.55746151318871,0,0,8,11,7,11.312057880041035,0,12.7,3.7,-1.7,Enrolled
1,1,1,9553,1,1,143.7,1,38,37,8,10,134.3,1,0,0,1,0,1,18,0,0,6,8,6,14.603926278909894,0,0,6,8,6,14.53844740591505,0,9.2,-0.8,-3.09,Graduate
1,1,3,9901,1,1,123.7,1,1,38,3,5,132.4,1,0,0,1,0,1,18,0,0,6,8,6,13.080324959318881,0,0,6,8,6,12.849875420290234,0,9.0,2.7,3.48,Graduate
1,39,1,9082,1,1,133.9,1,36,37,9,8,104.1,0,0,0,1,0,0,30,0,0,6,6,0,0.2512295476639465,0,0,6,6,0,0.0,0,16.0,0.6,-3.81,Dropout
1,1,3,9421,1,1,140.7,1,1,2,6,5,129.0,1,0,0,1,0,1,18,0,0,7,7,6,14.872854386124315,0,0,8,7,6,15.998870982679902,0,14.0,0.4,0.77,Graduate
1,1,1,9110,1,1,133.4,1,1,2,3,4,144.1,1,0,0,1,0,0,19,0,0,6,6,1,0.727380866514168,0,0,6,6,0,0.48557223039951,0,12.4,0.5,1.79,Dropout
1,17,1,9231,1,1,122.7,1,2,1,2,1,119.9,1,0,0,1,0,0,18,0,0,6,8,5,11.417232929127447,0,0,6,9,5,11.774483916965693,0,7.6,2.6,0.31,Enrolled
1,44,1,9154,1,39,131.6,1,1,2,3,1,99.6,0,0,0,1,1,0,32,0,0,6,15,4,12.09836112228972,0,0,6,14,1,10.586021863155414,0,13.7,2.7,-4.06,Dropout
1,1,2,9156,1,1,119.9,1,1,38,7,5,127.9,1,0,0,1,0,1,19,0,0,5,8,5,11.235175734756513,0,0,5,8,5,11.919280519845888,0,9.2,0.5,1.82,Graduate
1,1,1,9489,1,1,131.6,1,1,3,3,5,117.9,1,0,0,1,0,0,18,0,0,6,7,6,13.42412784554008,0,0,6,9,6,12.165395200891599,0,13.7,-0.3,0.76,Graduate
1,1,3,9714,1,1,141.1,1,19,37,9,11,127.6,1,0,0,1,0,1,18,0,0,8,8,7,15.027478878103205,0,0,8,8,7,14.651458199277617,0,12.6,3.7,-1.71,Graduate
1,17,1,9302,1,1,129.0,1,1,1,3,5,118.7,1,0,0,1,0,0,19,0,0,7,12,4,11.943480121607813,0,0,7,11,0,0.0,0,15.5,2.7,-4.06,Dropout
1,1,1,271,1,1,131.4,1,2,1,3,0,131.0,1,0,0,1,0,0,18,0,0,6,0,0,0.0930295160335446,0,0,6,0,0,0.0,0,7.6,2.7,0.33,Graduate
1,42,1,9215,1,39,121.8,1,2,1,3,2,129.8,0,0,0,1,0,0,21,0,11,14,15,4,12.438558957639025,0,4,11,18,10,11.13757243998,0,9.1,2.7,3.5,Dropout
1,1,2,9810,1,1,132.9,1,38,37,1,9,118.7,1,0,0,1,0,1,17,0,0,6,8,6,12.618321628530547,0,0,6,8,6,13.389994243269383,0,14.0,-0.3,-3.11,Graduate
1,1,1,9176,1,1,132.7,1,36,37,9,9,129.7,1,0,0,1,0,1,18,0,0,6,6,6,13.026994438428282,0,0,6,6,6,12.209472467693619,0,9.3,-0.3,-3.12,Graduate
1,17,1,9135,1,1,132.7,1,2,2,4,4,114.2,1,0,0,1,0,0,19,0,0,6,11,6,0.0,0,0,6,1,0,0.0,0,16.2,0.6,2.01,Dropout
1,45,1,9514,1,1,130.6,1,2,1,4,5,125.8,0,0,0,1,0,0,20,0,0,7,11,7,13.55372304476693,0,0,8,8,7,13.392333464798543,0,13.7,2.7,-4.06,Dropout
1,1,1,9011,1,1,133.5,1,3,19,5,3,108.3,0,0,0,1,1,0,21,0,0,6,9,5,12.468895967484022,0,0,6,9,5,11.010198613706523,0,12.5,0.5,1.88,Enrolled
1,1,1,9225,1,1,128.7,1,2,3,5,5,118.5,1,0,0,1,1,0,20,0,0,5,5,0,0.0,0,0,5,6,0,0.0,0,14.0,-0.3,0.78,Dropout
1,1,3,9101,1,1,133.3,1,1,1,5,0,116.6,1,0,0,1,0,0,18,0,0,6,6,0,0.0,0,0,6,5,0,0.0,0,9.4,-0.8,-3.13,Graduate
1,42,1,9595,1,1,134.0,1,37,38,8,9,127.8,0,0,0,1,0,0,39,0,5,10,10,8,13.15311592044007,0,5,7,8,8,13.31429961177395,0,13.9,-0.3,0.79,Graduate
