2025-04-22 18:04:57,678 - INFO - Loaded config file: configs/generated_configs/bankMarketing/bankMarketing_synth_ep750_rows1x.yaml
2025-04-22 18:04:57,678 - INFO -  Benchmarking started for dataset: bankMarketing
2025-04-22 18:04:57,678 - INFO - Using dataset path: /mnt/NVMETank/Projects/Students/Dele/A-STUDY-INTO-THE-QUALITY-AND-USABILITY-OF-PRIVACY-FRIENDLY-SYNTHETIC-DATA/datasets/original/bankMarketing.csv
2025-04-22 18:04:57,678 - INFO - Target column: y, separator: ';'
2025-04-22 18:04:57,679 - INFO - Configuration loaded: enable_anonymization = False, enable_synthesis = True, enable_hybrid = True, enable_utility = True, delete_after_evaluation = False
2025-04-22 18:04:57,679 - INFO - Running preprocessing...
2025-04-22 18:04:57,682 - INFO - [PREPROCESSING] No preprocessed files found. Starting full preprocessing pipeline...
2025-04-22 18:04:57,788 - INFO - [PREPROCESSING] Missing value handling strategy: 'drop' applied.
2025-04-22 18:04:57,818 - INFO - [PREPROCESSING] Split data into train (36168 rows) and test (9043 rows). Test size: 0.2
2025-04-22 18:04:58,687 - INFO -  [PREPROCESSING] Saved raw train set to: datasets/train/bankMarketing_train_raw.csv
2025-04-22 18:04:58,687 - INFO -  [PREPROCESSING] Saved encoder to: artifacts/bankMarketing_binary_encoder.pkl
2025-04-22 18:04:58,687 - INFO -  [PREPROCESSING]Saved encoded train set to: datasets/cleaned/bankMarketing_cleaned.csv
2025-04-22 18:04:58,687 - INFO -  [PREPROCESSING] Saved encoded test set to: datasets/test/bankMarketing_test_set.csv
2025-04-22 18:04:58,687 - INFO - [PREPROCESSING] run_preprocessing finished executing.
2025-04-22 18:04:58,717 - INFO - Preprocessing completed. Rows before: 45211, after: 36168
2025-04-22 18:04:58,717 - INFO - Preprocessed data saved to: outputs/batch/bankMarketing_batch_2025-04-22_18-04-53/bankMarketing_synth_ep750_rows1x/preprocessing_report.txt
2025-04-22 18:04:58,717 - INFO - enable_anonymization = False
2025-04-22 18:04:58,717 - INFO - Anonymization Skipped (Disabled in Configuration).
2025-04-22 18:04:58,717 - INFO - enable_synthetic_generation = True
2025-04-22 18:04:58,717 - INFO - Starting standard Synthetic Data Generation pipeline...
2025-04-22 18:04:58,717 - INFO - Executing run_synthetic.....
2025-04-22 18:04:58,717 - INFO - [SYNTHETIC PIPELINE] executing run_synthetic for bankMarketing...
2025-04-22 18:04:58,717 - INFO - [SYNTHETIC] Processing dataset: bankMarketing
2025-04-22 18:04:58,717 - INFO - [SYNTHETIC] Original dataset size: 36168 rows
2025-04-22 18:04:58,754 - INFO - Detected metadata:
2025-04-22 18:04:58,755 - INFO - {
    "columns": {
        "age": {
            "sdtype": "numerical"
        },
        "job_0": {
            "sdtype": "categorical"
        },
        "job_1": {
            "sdtype": "categorical"
        },
        "job_2": {
            "sdtype": "categorical"
        },
        "job_3": {
            "sdtype": "categorical"
        },
        "marital_0": {
            "sdtype": "categorical"
        },
        "marital_1": {
            "sdtype": "categorical"
        },
        "education_0": {
            "sdtype": "categorical"
        },
        "education_1": {
            "sdtype": "categorical"
        },
        "education_2": {
            "sdtype": "categorical"
        },
        "default_0": {
            "sdtype": "categorical"
        },
        "default_1": {
            "sdtype": "categorical"
        },
        "balance": {
            "sdtype": "numerical"
        },
        "housing_0": {
            "sdtype": "categorical"
        },
        "housing_1": {
            "sdtype": "categorical"
        },
        "loan_0": {
            "sdtype": "categorical"
        },
        "loan_1": {
            "sdtype": "categorical"
        },
        "contact_0": {
            "sdtype": "categorical"
        },
        "contact_1": {
            "sdtype": "categorical"
        },
        "day": {
            "sdtype": "numerical"
        },
        "month_0": {
            "sdtype": "categorical"
        },
        "month_1": {
            "sdtype": "categorical"
        },
        "month_2": {
            "sdtype": "categorical"
        },
        "month_3": {
            "sdtype": "categorical"
        },
        "duration": {
            "sdtype": "numerical"
        },
        "campaign": {
            "sdtype": "numerical"
        },
        "pdays": {
            "sdtype": "numerical"
        },
        "previous": {
            "sdtype": "numerical"
        },
        "poutcome_0": {
            "sdtype": "categorical"
        },
        "poutcome_1": {
            "sdtype": "categorical"
        },
        "poutcome_2": {
            "sdtype": "categorical"
        },
        "y": {
            "sdtype": "categorical"
        }
    },
    "METADATA_SPEC_VERSION": "SINGLE_TABLE_V1"
}
2025-04-22 18:04:58,755 - INFO - [SYNTHETIC] Preparing synthesizer: CTGAN
2025-04-22 18:04:58,755 - INFO - [SYNTHETIC] Params from config: {'epochs': 750}
2025-04-22 18:04:58,755 - INFO -  [SYNTHETIC] No pre-trained synthesizer found
2025-04-22 18:04:58,755 - INFO - [SYNTHETIC] Training new CTGAN synthesizer from scratch...
2025-04-22 18:04:58,755 - WARNING - [FutureWarning] The 'SingleTableMetadata' is deprecated. Please use the new 'Metadata' class for synthesizers. (from /mnt/NVMETank/Projects/Students/Dele/A-STUDY-INTO-THE-QUALITY-AND-USABILITY-OF-PRIVACY-FRIENDLY-SYNTHETIC-DATA/.venv/lib/python3.12/site-packages/sdv/single_table/base.py:119)
2025-04-22 18:04:58,755 - WARNING - [UserWarning] We strongly recommend saving the metadata using 'save_to_json' for replicability in future SDV versions. (from /mnt/NVMETank/Projects/Students/Dele/A-STUDY-INTO-THE-QUALITY-AND-USABILITY-OF-PRIVACY-FRIENDLY-SYNTHETIC-DATA/.venv/lib/python3.12/site-packages/sdv/single_table/base.py:104)
2025-04-22 18:04:58,760 - INFO - {'EVENT': 'Instance', 'TIMESTAMP': datetime.datetime(2025, 4, 22, 18, 4, 58, 760038), 'SYNTHESIZER CLASS NAME': 'CTGANSynthesizer', 'SYNTHESIZER ID': 'CTGANSynthesizer_1.18.0_e12250b5772d4a8ea9c2d6511d9ca5fe'}
2025-04-22 18:04:58,760 - INFO - [SYNTHETIC] CTGAN initialized with epochs: 750
2025-04-22 18:04:58,760 - INFO - [SYNTHETIC] Training parameters for CTGAN: {}
2025-04-22 18:04:58,760 - INFO - [SYNTHETIC] fitting CTGAN 
2025-04-22 18:04:58,760 - INFO - {'EVENT': 'Fit', 'TIMESTAMP': datetime.datetime(2025, 4, 22, 18, 4, 58, 760309), 'SYNTHESIZER CLASS NAME': 'CTGANSynthesizer', 'SYNTHESIZER ID': 'CTGANSynthesizer_1.18.0_e12250b5772d4a8ea9c2d6511d9ca5fe', 'TOTAL NUMBER OF TABLES': 1, 'TOTAL NUMBER OF ROWS': 36168, 'TOTAL NUMBER OF COLUMNS': 32}
2025-04-22 18:04:58,839 - INFO - Fitting table  metadata
2025-04-22 18:04:58,843 - INFO - Fitting formatters for table 
2025-04-22 18:04:58,849 - INFO - Fitting constraints for table 
2025-04-22 18:04:58,849 - INFO - Setting the configuration for the ``HyperTransformer`` for table 
2025-04-22 18:04:58,853 - INFO - Fitting HyperTransformer for table 
2025-04-22 18:04:59,168 - INFO - {'EVENT': 'Fit processed data', 'TIMESTAMP': datetime.datetime(2025, 4, 22, 18, 4, 59, 168800), 'SYNTHESIZER CLASS NAME': 'CTGANSynthesizer', 'SYNTHESIZER ID': 'CTGANSynthesizer_1.18.0_e12250b5772d4a8ea9c2d6511d9ca5fe', 'TOTAL NUMBER OF TABLES': 1, 'TOTAL NUMBER OF ROWS': 36168, 'TOTAL NUMBER OF COLUMNS': 32}
2025-04-22 18:04:59,424 - INFO - Guidance: There are no missing values in column age. Extra column not created.
2025-04-22 18:07:25,347 - INFO - Guidance: There are no missing values in column balance. Extra column not created.
2025-04-22 18:10:06,553 - INFO - Guidance: There are no missing values in column day. Extra column not created.
2025-04-22 18:12:43,816 - INFO - Guidance: There are no missing values in column duration. Extra column not created.
2025-04-22 18:14:52,592 - INFO - Guidance: There are no missing values in column campaign. Extra column not created.
2025-04-22 18:16:37,554 - INFO - Guidance: There are no missing values in column pdays. Extra column not created.
2025-04-22 18:18:29,633 - INFO - Guidance: There are no missing values in column previous. Extra column not created.
2025-04-22 20:29:45,094 - INFO - [SYNTHETIC] Fitting complete for CTGAN. Duration: 8686.33 seconds.
2025-04-22 20:29:45,094 - INFO - [SYNTHETIC] CONFIRMATION CTGAN actually trained with epochs = 750
2025-04-22 20:29:45,094 - INFO - {'EVENT': 'Save', 'TIMESTAMP': datetime.datetime(2025, 4, 22, 20, 29, 45, 94614), 'SYNTHESIZER CLASS NAME': 'CTGANSynthesizer', 'SYNTHESIZER ID': 'CTGANSynthesizer_1.18.0_e12250b5772d4a8ea9c2d6511d9ca5fe'}
2025-04-22 20:29:45,143 - INFO - [SYNTHETIC] CTGAN trained and saved.
2025-04-22 20:29:45,143 - INFO - [SYNTHETIC] Preparing synthesizer: TVAE
2025-04-22 20:29:45,143 - INFO - [SYNTHETIC] Params from config: {'epochs': 750}
2025-04-22 20:29:45,143 - INFO -  [SYNTHETIC] No pre-trained synthesizer found
2025-04-22 20:29:45,143 - INFO - [SYNTHETIC] Training new TVAE synthesizer from scratch...
2025-04-22 20:29:45,143 - WARNING - [FutureWarning] The 'SingleTableMetadata' is deprecated. Please use the new 'Metadata' class for synthesizers. (from /mnt/NVMETank/Projects/Students/Dele/A-STUDY-INTO-THE-QUALITY-AND-USABILITY-OF-PRIVACY-FRIENDLY-SYNTHETIC-DATA/.venv/lib/python3.12/site-packages/sdv/single_table/base.py:119)
2025-04-22 20:29:45,146 - INFO - {'EVENT': 'Instance', 'TIMESTAMP': datetime.datetime(2025, 4, 22, 20, 29, 45, 146034), 'SYNTHESIZER CLASS NAME': 'TVAESynthesizer', 'SYNTHESIZER ID': 'TVAESynthesizer_1.18.0_90dc7c8889ca4f6bb78639b61dcae895'}
2025-04-22 20:29:45,146 - INFO - [SYNTHETIC] TVAE initialized with epochs: 750
2025-04-22 20:29:45,146 - INFO - [SYNTHETIC] Training parameters for TVAE: {}
2025-04-22 20:29:45,146 - INFO - [SYNTHETIC] fitting TVAE 
2025-04-22 20:29:45,146 - INFO - {'EVENT': 'Fit', 'TIMESTAMP': datetime.datetime(2025, 4, 22, 20, 29, 45, 146257), 'SYNTHESIZER CLASS NAME': 'TVAESynthesizer', 'SYNTHESIZER ID': 'TVAESynthesizer_1.18.0_90dc7c8889ca4f6bb78639b61dcae895', 'TOTAL NUMBER OF TABLES': 1, 'TOTAL NUMBER OF ROWS': 36168, 'TOTAL NUMBER OF COLUMNS': 32}
2025-04-22 20:29:45,240 - INFO - Fitting table  metadata
2025-04-22 20:29:45,243 - INFO - Fitting formatters for table 
2025-04-22 20:29:45,246 - INFO - Fitting constraints for table 
2025-04-22 20:29:45,246 - INFO - Setting the configuration for the ``HyperTransformer`` for table 
2025-04-22 20:29:45,248 - INFO - Fitting HyperTransformer for table 
2025-04-22 20:29:45,318 - INFO - {'EVENT': 'Fit processed data', 'TIMESTAMP': datetime.datetime(2025, 4, 22, 20, 29, 45, 318966), 'SYNTHESIZER CLASS NAME': 'TVAESynthesizer', 'SYNTHESIZER ID': 'TVAESynthesizer_1.18.0_90dc7c8889ca4f6bb78639b61dcae895', 'TOTAL NUMBER OF TABLES': 1, 'TOTAL NUMBER OF ROWS': 36168, 'TOTAL NUMBER OF COLUMNS': 32}
2025-04-22 20:29:45,321 - INFO - Guidance: There are no missing values in column age. Extra column not created.
2025-04-22 20:29:59,796 - INFO - Guidance: There are no missing values in column balance. Extra column not created.
2025-04-22 20:30:14,763 - INFO - Guidance: There are no missing values in column day. Extra column not created.
2025-04-22 20:30:31,010 - INFO - Guidance: There are no missing values in column duration. Extra column not created.
2025-04-22 20:30:45,688 - INFO - Guidance: There are no missing values in column campaign. Extra column not created.
2025-04-22 20:30:58,984 - INFO - Guidance: There are no missing values in column pdays. Extra column not created.
2025-04-22 20:31:12,695 - INFO - Guidance: There are no missing values in column previous. Extra column not created.
2025-04-22 20:41:48,214 - INFO - [SYNTHETIC] Fitting complete for TVAE. Duration: 723.07 seconds.
2025-04-22 20:41:48,214 - INFO - [SYNTHETIC] CONFIRMATION TVAE actually trained with epochs = 750
2025-04-22 20:41:48,214 - INFO - {'EVENT': 'Save', 'TIMESTAMP': datetime.datetime(2025, 4, 22, 20, 41, 48, 214798), 'SYNTHESIZER CLASS NAME': 'TVAESynthesizer', 'SYNTHESIZER ID': 'TVAESynthesizer_1.18.0_90dc7c8889ca4f6bb78639b61dcae895'}
2025-04-22 20:41:48,266 - INFO - [SYNTHETIC] TVAE trained and saved.
2025-04-22 20:41:48,266 - INFO - [SYNTHETIC] Using CTGAN to generate 36168 rows...
2025-04-22 20:41:52,523 - INFO - {'EVENT': 'Sample', 'TIMESTAMP': datetime.datetime(2025, 4, 22, 20, 41, 48, 266542), 'SYNTHESIZER CLASS NAME': 'CTGANSynthesizer', 'SYNTHESIZER ID': 'CTGANSynthesizer_1.18.0_e12250b5772d4a8ea9c2d6511d9ca5fe', 'TOTAL NUMBER OF TABLES': 1, 'TOTAL NUMBER OF ROWS': 36168, 'TOTAL NUMBER OF COLUMNS': 32}
2025-04-22 20:41:52,523 - INFO - [SYNTHETIC] CTGAN completed: 36168 rows generated.
2025-04-22 20:41:52,525 - INFO - [SYNTHETIC] Target class distribution for CTGAN: {'no': 32155, 'yes': 4013}
2025-04-22 20:41:52,525 - INFO - [SYNTHETIC] Using TVAE to generate 36168 rows...
2025-04-22 20:41:53,055 - INFO - {'EVENT': 'Sample', 'TIMESTAMP': datetime.datetime(2025, 4, 22, 20, 41, 52, 525424), 'SYNTHESIZER CLASS NAME': 'TVAESynthesizer', 'SYNTHESIZER ID': 'TVAESynthesizer_1.18.0_90dc7c8889ca4f6bb78639b61dcae895', 'TOTAL NUMBER OF TABLES': 1, 'TOTAL NUMBER OF ROWS': 36168, 'TOTAL NUMBER OF COLUMNS': 32}
2025-04-22 20:41:53,055 - INFO - [SYNTHETIC] TVAE completed: 36168 rows generated.
2025-04-22 20:41:53,057 - INFO - [SYNTHETIC] Target class distribution for TVAE: {'no': 32845, 'yes': 3323}
2025-04-22 20:41:53,058 - INFO - [SYNTHETIC PIPELINE] Synthetic Data Generation Completed.
2025-04-22 20:41:53,058 - INFO - [SYNTHETIC PIPELINE] Synthesizers used: ['CTGAN', 'TVAE']
2025-04-22 20:41:53,058 - INFO - [SYNTHETIC PIPELINE] Evaluating synthetic dataset generated by CTGAN...
2025-04-22 20:41:53,058 - INFO - [SYNTHETIC EVAL] Real data columns     (32): ['age', 'job_0', 'job_1', 'job_2', 'job_3', 'marital_0', 'marital_1', 'education_0', 'education_1', 'education_2', 'default_0', 'default_1', 'balance', 'housing_0', 'housing_1', 'loan_0', 'loan_1', 'contact_0', 'contact_1', 'day', 'month_0', 'month_1', 'month_2', 'month_3', 'duration', 'campaign', 'pdays', 'previous', 'poutcome_0', 'poutcome_1', 'poutcome_2', 'y']
2025-04-22 20:41:53,058 - INFO - [SYNTHETIC EVAL] Synthetic data columns (32): ['age', 'job_0', 'job_1', 'job_2', 'job_3', 'marital_0', 'marital_1', 'education_0', 'education_1', 'education_2', 'default_0', 'default_1', 'balance', 'housing_0', 'housing_1', 'loan_0', 'loan_1', 'contact_0', 'contact_1', 'day', 'month_0', 'month_1', 'month_2', 'month_3', 'duration', 'campaign', 'pdays', 'previous', 'poutcome_0', 'poutcome_1', 'poutcome_2', 'y']
2025-04-22 20:41:53,058 - INFO - [SYNTHETIC EVAL] Metadata columns      (32): ['age', 'job_0', 'job_1', 'job_2', 'job_3', 'marital_0', 'marital_1', 'education_0', 'education_1', 'education_2', 'default_0', 'default_1', 'balance', 'housing_0', 'housing_1', 'loan_0', 'loan_1', 'contact_0', 'contact_1', 'day', 'month_0', 'month_1', 'month_2', 'month_3', 'duration', 'campaign', 'pdays', 'previous', 'poutcome_0', 'poutcome_1', 'poutcome_2', 'y']
2025-04-22 20:41:53,058 - INFO - [SYNTHETIC EVAL] Shape — Real: (36168, 32), Synthetic: (36168, 32)
2025-04-22 20:41:53,058 - INFO - [SYNTHETIC EVAL] Metadata structure:
{
  "columns": {
    "age": {
      "sdtype": "numerical"
    },
    "job_0": {
      "sdtype": "categorical"
    },
    "job_1": {
      "sdtype": "categorical"
    },
    "job_2": {
      "sdtype": "categorical"
    },
    "job_3": {
      "sdtype": "categorical"
    },
    "marital_0": {
      "sdtype": "categorical"
    },
    "marital_1": {
      "sdtype": "categorical"
    },
    "education_0": {
      "sdtype": "categorical"
    },
    "education_1": {
      "sdtype": "categorical"
    },
    "education_2": {
      "sdtype": "categorical"
    },
    "default_0": {
      "sdtype": "categorical"
    },
    "default_1": {
      "sdtype": "categorical"
    },
    "balance": {
      "sdtype": "numerical"
    },
    "housing_0": {
      "sdtype": "categorical"
    },
    "housing_1": {
      "sdtype": "categorical"
    },
    "loan_0": {
      "sdtype": "categorical"
    },
    "loan_1": {
      "sdtype": "categorical"
    },
    "contact_0": {
      "sdtype": "categorical"
    },
    "contact_1": {
      "sdtype": "categorical"
    },
    "day": {
      "sdtype": "numerical"
    },
    "month_0": {
      "sdtype": "categorical"
    },
    "month_1": {
      "sdtype": "categorical"
    },
    "month_2": {
      "sdtype": "categorical"
    },
    "month_3": {
      "sdtype": "categorical"
    },
    "duration": {
      "sdtype": "numerical"
    },
    "campaign": {
      "sdtype": "numerical"
    },
    "pdays": {
      "sdtype": "numerical"
    },
    "previous": {
      "sdtype": "numerical"
    },
    "poutcome_0": {
      "sdtype": "categorical"
    },
    "poutcome_1": {
      "sdtype": "categorical"
    },
    "poutcome_2": {
      "sdtype": "categorical"
    },
    "y": {
      "sdtype": "categorical"
    }
  },
  "METADATA_SPEC_VERSION": "SINGLE_TABLE_V1"
}
2025-04-22 20:41:54,940 - INFO - [SYNTHETIC PIPELINE] Evaluating synthetic dataset generated by TVAE...
2025-04-22 20:41:54,941 - INFO - [SYNTHETIC EVAL] Real data columns     (32): ['age', 'job_0', 'job_1', 'job_2', 'job_3', 'marital_0', 'marital_1', 'education_0', 'education_1', 'education_2', 'default_0', 'default_1', 'balance', 'housing_0', 'housing_1', 'loan_0', 'loan_1', 'contact_0', 'contact_1', 'day', 'month_0', 'month_1', 'month_2', 'month_3', 'duration', 'campaign', 'pdays', 'previous', 'poutcome_0', 'poutcome_1', 'poutcome_2', 'y']
2025-04-22 20:41:54,941 - INFO - [SYNTHETIC EVAL] Synthetic data columns (32): ['age', 'job_0', 'job_1', 'job_2', 'job_3', 'marital_0', 'marital_1', 'education_0', 'education_1', 'education_2', 'default_0', 'default_1', 'balance', 'housing_0', 'housing_1', 'loan_0', 'loan_1', 'contact_0', 'contact_1', 'day', 'month_0', 'month_1', 'month_2', 'month_3', 'duration', 'campaign', 'pdays', 'previous', 'poutcome_0', 'poutcome_1', 'poutcome_2', 'y']
2025-04-22 20:41:54,941 - INFO - [SYNTHETIC EVAL] Metadata columns      (32): ['age', 'job_0', 'job_1', 'job_2', 'job_3', 'marital_0', 'marital_1', 'education_0', 'education_1', 'education_2', 'default_0', 'default_1', 'balance', 'housing_0', 'housing_1', 'loan_0', 'loan_1', 'contact_0', 'contact_1', 'day', 'month_0', 'month_1', 'month_2', 'month_3', 'duration', 'campaign', 'pdays', 'previous', 'poutcome_0', 'poutcome_1', 'poutcome_2', 'y']
2025-04-22 20:41:54,941 - INFO - [SYNTHETIC EVAL] Shape — Real: (36168, 32), Synthetic: (36168, 32)
2025-04-22 20:41:54,941 - INFO - [SYNTHETIC EVAL] Metadata structure:
{
  "columns": {
    "age": {
      "sdtype": "numerical"
    },
    "job_0": {
      "sdtype": "categorical"
    },
    "job_1": {
      "sdtype": "categorical"
    },
    "job_2": {
      "sdtype": "categorical"
    },
    "job_3": {
      "sdtype": "categorical"
    },
    "marital_0": {
      "sdtype": "categorical"
    },
    "marital_1": {
      "sdtype": "categorical"
    },
    "education_0": {
      "sdtype": "categorical"
    },
    "education_1": {
      "sdtype": "categorical"
    },
    "education_2": {
      "sdtype": "categorical"
    },
    "default_0": {
      "sdtype": "categorical"
    },
    "default_1": {
      "sdtype": "categorical"
    },
    "balance": {
      "sdtype": "numerical"
    },
    "housing_0": {
      "sdtype": "categorical"
    },
    "housing_1": {
      "sdtype": "categorical"
    },
    "loan_0": {
      "sdtype": "categorical"
    },
    "loan_1": {
      "sdtype": "categorical"
    },
    "contact_0": {
      "sdtype": "categorical"
    },
    "contact_1": {
      "sdtype": "categorical"
    },
    "day": {
      "sdtype": "numerical"
    },
    "month_0": {
      "sdtype": "categorical"
    },
    "month_1": {
      "sdtype": "categorical"
    },
    "month_2": {
      "sdtype": "categorical"
    },
    "month_3": {
      "sdtype": "categorical"
    },
    "duration": {
      "sdtype": "numerical"
    },
    "campaign": {
      "sdtype": "numerical"
    },
    "pdays": {
      "sdtype": "numerical"
    },
    "previous": {
      "sdtype": "numerical"
    },
    "poutcome_0": {
      "sdtype": "categorical"
    },
    "poutcome_1": {
      "sdtype": "categorical"
    },
    "poutcome_2": {
      "sdtype": "categorical"
    },
    "y": {
      "sdtype": "categorical"
    }
  },
  "METADATA_SPEC_VERSION": "SINGLE_TABLE_V1"
}
2025-04-22 20:41:56,812 - INFO -  [SYNTHETIC PIPELINE]  Synthetic Data Evaluation Completed.
2025-04-22 20:41:56,817 - INFO -  [SYNTHETIC PIPELINE] Synthetic Data Report Generated Successfully.
2025-04-22 20:41:56,991 - INFO - Synthetic data generated with 2 synthesizer(s).
2025-04-22 20:41:56,991 - INFO - Running Hybrid Pipeline...
2025-04-22 20:41:56,991 - INFO -  [HYBRID] Executing run_hybrid...
2025-04-22 20:41:56,991 - INFO -  [HYBRID] Looking for encoded anonymized data in /mnt/NVMETank/Projects/Students/Dele/A-STUDY-INTO-THE-QUALITY-AND-USABILITY-OF-PRIVACY-FRIENDLY-SYNTHETIC-DATA/datasets/anonymized/bankMarketing_k10_l2_sup10_anonymized_encoded.csv
2025-04-22 20:41:56,991 - INFO -  [HYBRID ] Loaded cached encoded anonymous data from /mnt/NVMETank/Projects/Students/Dele/A-STUDY-INTO-THE-QUALITY-AND-USABILITY-OF-PRIVACY-FRIENDLY-SYNTHETIC-DATA/datasets/anonymized/bankMarketing_k10_l2_sup10_anonymized_encoded.csv
2025-04-22 20:41:57,021 - INFO -  [HYBRID] Starting synthetic generation for hybrid pipeline...
2025-04-22 20:41:57,021 - INFO - Executing run_synthetic.....
2025-04-22 20:41:57,021 - INFO - [SYNTHETIC PIPELINE] executing run_synthetic for bankMarketing_k10_l2_sup10...
2025-04-22 20:41:57,021 - INFO - [SYNTHETIC] Processing dataset: bankMarketing_k10_l2_sup10
2025-04-22 20:41:57,021 - INFO - [SYNTHETIC] Original dataset size: 36168 rows
2025-04-22 20:41:57,078 - INFO - Detected metadata:
2025-04-22 20:41:57,078 - INFO - {
    "columns": {
        "age": {
            "sdtype": "numerical"
        },
        "job": {
            "sdtype": "categorical"
        },
        "marital": {
            "sdtype": "categorical"
        },
        "education": {
            "sdtype": "categorical"
        },
        "default": {
            "sdtype": "categorical"
        },
        "balance": {
            "sdtype": "numerical"
        },
        "housing": {
            "sdtype": "categorical"
        },
        "loan": {
            "sdtype": "categorical"
        },
        "contact": {
            "sdtype": "categorical"
        },
        "day": {
            "sdtype": "categorical"
        },
        "month": {
            "sdtype": "categorical"
        },
        "duration": {
            "sdtype": "categorical"
        },
        "campaign": {
            "sdtype": "categorical"
        },
        "pdays": {
            "sdtype": "numerical"
        },
        "previous": {
            "sdtype": "numerical"
        },
        "poutcome": {
            "sdtype": "categorical"
        },
        "y": {
            "sdtype": "categorical"
        }
    },
    "METADATA_SPEC_VERSION": "SINGLE_TABLE_V1"
}
2025-04-22 20:41:57,078 - INFO - [SYNTHETIC] Preparing synthesizer: CTGAN
2025-04-22 20:41:57,078 - INFO - [SYNTHETIC] Params from config: {'epochs': 750}
2025-04-22 20:41:57,079 - INFO -  [SYNTHETIC] No pre-trained synthesizer found
2025-04-22 20:41:57,079 - INFO - [SYNTHETIC] Training new CTGAN synthesizer from scratch...
2025-04-22 20:41:57,079 - WARNING - [FutureWarning] The 'SingleTableMetadata' is deprecated. Please use the new 'Metadata' class for synthesizers. (from /mnt/NVMETank/Projects/Students/Dele/A-STUDY-INTO-THE-QUALITY-AND-USABILITY-OF-PRIVACY-FRIENDLY-SYNTHETIC-DATA/.venv/lib/python3.12/site-packages/sdv/single_table/base.py:119)
2025-04-22 20:41:57,079 - WARNING - [UserWarning] We strongly recommend saving the metadata using 'save_to_json' for replicability in future SDV versions. (from /mnt/NVMETank/Projects/Students/Dele/A-STUDY-INTO-THE-QUALITY-AND-USABILITY-OF-PRIVACY-FRIENDLY-SYNTHETIC-DATA/.venv/lib/python3.12/site-packages/sdv/single_table/base.py:104)
2025-04-22 20:41:57,081 - INFO - {'EVENT': 'Instance', 'TIMESTAMP': datetime.datetime(2025, 4, 22, 20, 41, 57, 81646), 'SYNTHESIZER CLASS NAME': 'CTGANSynthesizer', 'SYNTHESIZER ID': 'CTGANSynthesizer_1.18.0_9671599363584c6a882dbadcf037ca00'}
2025-04-22 20:41:57,081 - INFO - [SYNTHETIC] CTGAN initialized with epochs: 750
2025-04-22 20:41:57,081 - INFO - [SYNTHETIC] Training parameters for CTGAN: {}
2025-04-22 20:41:57,081 - INFO - [SYNTHETIC] fitting CTGAN 
2025-04-22 20:41:57,081 - INFO - {'EVENT': 'Fit', 'TIMESTAMP': datetime.datetime(2025, 4, 22, 20, 41, 57, 81855), 'SYNTHESIZER CLASS NAME': 'CTGANSynthesizer', 'SYNTHESIZER ID': 'CTGANSynthesizer_1.18.0_9671599363584c6a882dbadcf037ca00', 'TOTAL NUMBER OF TABLES': 1, 'TOTAL NUMBER OF ROWS': 36168, 'TOTAL NUMBER OF COLUMNS': 17}
2025-04-22 20:41:57,124 - INFO - Fitting table  metadata
2025-04-22 20:41:57,127 - INFO - Fitting formatters for table 
2025-04-22 20:41:57,129 - INFO - Fitting constraints for table 
2025-04-22 20:41:57,129 - INFO - Setting the configuration for the ``HyperTransformer`` for table 
2025-04-22 20:41:57,130 - INFO - Fitting HyperTransformer for table 
2025-04-22 20:41:57,214 - INFO - {'EVENT': 'Fit processed data', 'TIMESTAMP': datetime.datetime(2025, 4, 22, 20, 41, 57, 214088), 'SYNTHESIZER CLASS NAME': 'CTGANSynthesizer', 'SYNTHESIZER ID': 'CTGANSynthesizer_1.18.0_9671599363584c6a882dbadcf037ca00', 'TOTAL NUMBER OF TABLES': 1, 'TOTAL NUMBER OF ROWS': 36168, 'TOTAL NUMBER OF COLUMNS': 17}
2025-04-22 20:41:57,218 - INFO - Guidance: There are no missing values in column age. Extra column not created.
2025-04-22 20:42:04,041 - INFO - Guidance: There are no missing values in column balance. Extra column not created.
2025-04-22 20:42:18,213 - INFO - Guidance: There are no missing values in column pdays. Extra column not created.
2025-04-22 20:42:33,206 - INFO - Guidance: There are no missing values in column previous. Extra column not created.
2025-04-22 22:03:29,988 - INFO - [SYNTHETIC] Fitting complete for CTGAN. Duration: 4892.91 seconds.
2025-04-22 22:03:29,989 - INFO - [SYNTHETIC] CONFIRMATION CTGAN actually trained with epochs = 750
2025-04-22 22:03:29,989 - INFO - {'EVENT': 'Save', 'TIMESTAMP': datetime.datetime(2025, 4, 22, 22, 3, 29, 989721), 'SYNTHESIZER CLASS NAME': 'CTGANSynthesizer', 'SYNTHESIZER ID': 'CTGANSynthesizer_1.18.0_9671599363584c6a882dbadcf037ca00'}
2025-04-22 22:03:30,038 - INFO - [SYNTHETIC] CTGAN trained and saved.
2025-04-22 22:03:30,038 - INFO - [SYNTHETIC] Preparing synthesizer: TVAE
2025-04-22 22:03:30,039 - INFO - [SYNTHETIC] Params from config: {'epochs': 750}
2025-04-22 22:03:30,039 - INFO -  [SYNTHETIC] No pre-trained synthesizer found
2025-04-22 22:03:30,039 - INFO - [SYNTHETIC] Training new TVAE synthesizer from scratch...
2025-04-22 22:03:30,040 - WARNING - [FutureWarning] The 'SingleTableMetadata' is deprecated. Please use the new 'Metadata' class for synthesizers. (from /mnt/NVMETank/Projects/Students/Dele/A-STUDY-INTO-THE-QUALITY-AND-USABILITY-OF-PRIVACY-FRIENDLY-SYNTHETIC-DATA/.venv/lib/python3.12/site-packages/sdv/single_table/base.py:119)
2025-04-22 22:03:30,044 - INFO - {'EVENT': 'Instance', 'TIMESTAMP': datetime.datetime(2025, 4, 22, 22, 3, 30, 44161), 'SYNTHESIZER CLASS NAME': 'TVAESynthesizer', 'SYNTHESIZER ID': 'TVAESynthesizer_1.18.0_ff5cfdb9b0a34e1b961ab153ac64758f'}
2025-04-22 22:03:30,044 - INFO - [SYNTHETIC] TVAE initialized with epochs: 750
2025-04-22 22:03:30,044 - INFO - [SYNTHETIC] Training parameters for TVAE: {}
2025-04-22 22:03:30,045 - INFO - [SYNTHETIC] fitting TVAE 
2025-04-22 22:03:30,045 - INFO - {'EVENT': 'Fit', 'TIMESTAMP': datetime.datetime(2025, 4, 22, 22, 3, 30, 45522), 'SYNTHESIZER CLASS NAME': 'TVAESynthesizer', 'SYNTHESIZER ID': 'TVAESynthesizer_1.18.0_ff5cfdb9b0a34e1b961ab153ac64758f', 'TOTAL NUMBER OF TABLES': 1, 'TOTAL NUMBER OF ROWS': 36168, 'TOTAL NUMBER OF COLUMNS': 17}
2025-04-22 22:03:30,114 - INFO - Fitting table  metadata
2025-04-22 22:03:30,118 - INFO - Fitting formatters for table 
2025-04-22 22:03:30,121 - INFO - Fitting constraints for table 
2025-04-22 22:03:30,121 - INFO - Setting the configuration for the ``HyperTransformer`` for table 
2025-04-22 22:03:30,124 - INFO - Fitting HyperTransformer for table 
2025-04-22 22:03:30,205 - INFO - {'EVENT': 'Fit processed data', 'TIMESTAMP': datetime.datetime(2025, 4, 22, 22, 3, 30, 205060), 'SYNTHESIZER CLASS NAME': 'TVAESynthesizer', 'SYNTHESIZER ID': 'TVAESynthesizer_1.18.0_ff5cfdb9b0a34e1b961ab153ac64758f', 'TOTAL NUMBER OF TABLES': 1, 'TOTAL NUMBER OF ROWS': 36168, 'TOTAL NUMBER OF COLUMNS': 17}
2025-04-22 22:03:30,210 - INFO - Guidance: There are no missing values in column age. Extra column not created.
2025-04-22 22:03:42,599 - INFO - Guidance: There are no missing values in column balance. Extra column not created.
2025-04-22 22:04:04,804 - INFO - Guidance: There are no missing values in column pdays. Extra column not created.
2025-04-22 22:04:19,559 - INFO - Guidance: There are no missing values in column previous. Extra column not created.
2025-04-22 22:12:18,440 - INFO - [SYNTHETIC] Fitting complete for TVAE. Duration: 528.39 seconds.
2025-04-22 22:12:18,440 - INFO - [SYNTHETIC] CONFIRMATION TVAE actually trained with epochs = 750
2025-04-22 22:12:18,440 - INFO - {'EVENT': 'Save', 'TIMESTAMP': datetime.datetime(2025, 4, 22, 22, 12, 18, 440405), 'SYNTHESIZER CLASS NAME': 'TVAESynthesizer', 'SYNTHESIZER ID': 'TVAESynthesizer_1.18.0_ff5cfdb9b0a34e1b961ab153ac64758f'}
2025-04-22 22:12:18,473 - INFO - [SYNTHETIC] TVAE trained and saved.
2025-04-22 22:12:18,473 - INFO - [SYNTHETIC] Using CTGAN to generate 36168 rows...
2025-04-22 22:12:20,584 - INFO - {'EVENT': 'Sample', 'TIMESTAMP': datetime.datetime(2025, 4, 22, 22, 12, 18, 473936), 'SYNTHESIZER CLASS NAME': 'CTGANSynthesizer', 'SYNTHESIZER ID': 'CTGANSynthesizer_1.18.0_9671599363584c6a882dbadcf037ca00', 'TOTAL NUMBER OF TABLES': 1, 'TOTAL NUMBER OF ROWS': 36168, 'TOTAL NUMBER OF COLUMNS': 17}
2025-04-22 22:12:20,584 - INFO - [SYNTHETIC] CTGAN completed: 36168 rows generated.
2025-04-22 22:12:20,585 - INFO - [SYNTHETIC] Target class distribution for CTGAN: {'no': 27789, 'yes': 8379}
2025-04-22 22:12:20,585 - INFO - [SYNTHETIC] Using TVAE to generate 36168 rows...
2025-04-22 22:12:20,837 - INFO - {'EVENT': 'Sample', 'TIMESTAMP': datetime.datetime(2025, 4, 22, 22, 12, 20, 585883), 'SYNTHESIZER CLASS NAME': 'TVAESynthesizer', 'SYNTHESIZER ID': 'TVAESynthesizer_1.18.0_ff5cfdb9b0a34e1b961ab153ac64758f', 'TOTAL NUMBER OF TABLES': 1, 'TOTAL NUMBER OF ROWS': 36168, 'TOTAL NUMBER OF COLUMNS': 17}
2025-04-22 22:12:20,837 - INFO - [SYNTHETIC] TVAE completed: 36168 rows generated.
2025-04-22 22:12:20,839 - INFO - [SYNTHETIC] Target class distribution for TVAE: {'no': 31773, 'yes': 4395}
2025-04-22 22:12:20,839 - INFO - [SYNTHETIC PIPELINE] Synthetic Data Generation Completed.
2025-04-22 22:12:20,840 - INFO - [SYNTHETIC PIPELINE] Synthesizers used: ['CTGAN', 'TVAE']
2025-04-22 22:12:20,840 - INFO - [SYNTHETIC PIPELINE] Evaluating synthetic dataset generated by CTGAN...
2025-04-22 22:12:20,840 - INFO - [SYNTHETIC EVAL] Real data columns     (17): ['age', 'job', 'marital', 'education', 'default', 'balance', 'housing', 'loan', 'contact', 'day', 'month', 'duration', 'campaign', 'pdays', 'previous', 'poutcome', 'y']
2025-04-22 22:12:20,840 - INFO - [SYNTHETIC EVAL] Synthetic data columns (17): ['age', 'job', 'marital', 'education', 'default', 'balance', 'housing', 'loan', 'contact', 'day', 'month', 'duration', 'campaign', 'pdays', 'previous', 'poutcome', 'y']
2025-04-22 22:12:20,840 - INFO - [SYNTHETIC EVAL] Metadata columns      (17): ['age', 'job', 'marital', 'education', 'default', 'balance', 'housing', 'loan', 'contact', 'day', 'month', 'duration', 'campaign', 'pdays', 'previous', 'poutcome', 'y']
2025-04-22 22:12:20,840 - INFO - [SYNTHETIC EVAL] Shape — Real: (36168, 17), Synthetic: (36168, 17)
2025-04-22 22:12:20,840 - INFO - [SYNTHETIC EVAL] Metadata structure:
{
  "columns": {
    "age": {
      "sdtype": "numerical"
    },
    "job": {
      "sdtype": "categorical"
    },
    "marital": {
      "sdtype": "categorical"
    },
    "education": {
      "sdtype": "categorical"
    },
    "default": {
      "sdtype": "categorical"
    },
    "balance": {
      "sdtype": "numerical"
    },
    "housing": {
      "sdtype": "categorical"
    },
    "loan": {
      "sdtype": "categorical"
    },
    "contact": {
      "sdtype": "categorical"
    },
    "day": {
      "sdtype": "categorical"
    },
    "month": {
      "sdtype": "categorical"
    },
    "duration": {
      "sdtype": "categorical"
    },
    "campaign": {
      "sdtype": "categorical"
    },
    "pdays": {
      "sdtype": "numerical"
    },
    "previous": {
      "sdtype": "numerical"
    },
    "poutcome": {
      "sdtype": "categorical"
    },
    "y": {
      "sdtype": "categorical"
    }
  },
  "METADATA_SPEC_VERSION": "SINGLE_TABLE_V1"
}
2025-04-22 22:12:22,143 - INFO - [SYNTHETIC PIPELINE] Evaluating synthetic dataset generated by TVAE...
2025-04-22 22:12:22,143 - INFO - [SYNTHETIC EVAL] Real data columns     (17): ['age', 'job', 'marital', 'education', 'default', 'balance', 'housing', 'loan', 'contact', 'day', 'month', 'duration', 'campaign', 'pdays', 'previous', 'poutcome', 'y']
2025-04-22 22:12:22,143 - INFO - [SYNTHETIC EVAL] Synthetic data columns (17): ['age', 'job', 'marital', 'education', 'default', 'balance', 'housing', 'loan', 'contact', 'day', 'month', 'duration', 'campaign', 'pdays', 'previous', 'poutcome', 'y']
2025-04-22 22:12:22,143 - INFO - [SYNTHETIC EVAL] Metadata columns      (17): ['age', 'job', 'marital', 'education', 'default', 'balance', 'housing', 'loan', 'contact', 'day', 'month', 'duration', 'campaign', 'pdays', 'previous', 'poutcome', 'y']
2025-04-22 22:12:22,143 - INFO - [SYNTHETIC EVAL] Shape — Real: (36168, 17), Synthetic: (36168, 17)
2025-04-22 22:12:22,143 - INFO - [SYNTHETIC EVAL] Metadata structure:
{
  "columns": {
    "age": {
      "sdtype": "numerical"
    },
    "job": {
      "sdtype": "categorical"
    },
    "marital": {
      "sdtype": "categorical"
    },
    "education": {
      "sdtype": "categorical"
    },
    "default": {
      "sdtype": "categorical"
    },
    "balance": {
      "sdtype": "numerical"
    },
    "housing": {
      "sdtype": "categorical"
    },
    "loan": {
      "sdtype": "categorical"
    },
    "contact": {
      "sdtype": "categorical"
    },
    "day": {
      "sdtype": "categorical"
    },
    "month": {
      "sdtype": "categorical"
    },
    "duration": {
      "sdtype": "categorical"
    },
    "campaign": {
      "sdtype": "categorical"
    },
    "pdays": {
      "sdtype": "numerical"
    },
    "previous": {
      "sdtype": "numerical"
    },
    "poutcome": {
      "sdtype": "categorical"
    },
    "y": {
      "sdtype": "categorical"
    }
  },
  "METADATA_SPEC_VERSION": "SINGLE_TABLE_V1"
}
2025-04-22 22:12:23,416 - INFO -  [SYNTHETIC PIPELINE]  Synthetic Data Evaluation Completed.
2025-04-22 22:12:23,421 - INFO -  [SYNTHETIC PIPELINE] Synthetic Data Report Generated Successfully.
2025-04-22 22:12:23,593 - ERROR - [SYNTHETIC PIPELINE] Failed to compare distributions: Could not convert ['blue-collarblue-collarblue-collarblue-collarblue-collarblue-collarblue-collarblue-collarblue-collarblue-collarblue-collarblue-collarblue-collarblue-collarblue-collarblue-collarblue-collarblue-collarblue-collarblue-collarblue-collarblue-collarblue-collarblue-collarblue-collarblue-collarblue-collarblue-collarblue-collarblue-collarblue-collarblue-collarblue-collarblue-collarblue-collarblue-collarblue-collarblue-collarblue-collarblue-collarblue-collarblue-collarblue-collarblue-collarblue-collarblue-collarblue-collarblue-collarblue-collarblue-collarblue-collarblue-collarblue-collarblue-collarblue-collarblue-collarblue-collarblue-collarblue-collarblue-collarblue-collarblue-collarblue-collarblue-collarblue-collarblue-collarblue-collarblue-collarblue-collarblue-collarblue-collarblue-collarblue-collarblue-collarblue-collarblue-collarblue-collarblue-collarblue-collarblue-collarblue-collarblue-collarblue-collarblue-collarblue-collarblue-collarblue-collarblue-collarblue-collarblue-collarblue-collarblue-collarblue-collarblue-collarblue-collarblue-collarblue-collarblue-collarblue-collarblue-collarblue-collarblue-collarblue-collarblue-collarblue-collarblue-collarblue-collarblue-collarblue-collarblue-collarblue-collarblue-collarblue-collarblue-collarblue-collarblue-collarblue-collarblue-collarblue-collarblue-collarblue-collarblue-collarblue-collarblue-collarblue-collarblue-collarblue-collarblue-collarblue-collarblue-collarblue-collarblue-collarblue-collarblue-collarblue-collarblue-collarblue-collarblue-collarblue-collarblue-collarblue-collarblue-collarblue-collarblue-collarblue-collarblue-collarblue-collarblue-collarblue-collarblue-collarblue-collarblue-collarblue-collarblue-collarblue-collarblue-collarblue-collarblue-collarblue-collarblue-collarblue-collarblue-collarblue-collarblue-collarblue-collarblue-collarblue-collarblue-collarblue-collarblue-collarblue-collarblue-collarblue-collarblue-collarblue-collarblue-collarblue-collarblue-collarblue-collarblue-collarblue-collarblue-collarblue-collarblue-collarblue-collarblue-collarblue-collarblue-collarblue-collarblue-collarblue-collarblue-collarblue-collarblue-collarblue-collarblue-collarblue-collarblue-collarblue-collarblue-collarblue-collarblue-collarblue-collarblue-collarblue-collarblue-collarblue-collarblue-collarblue-collarblue-collarblue-collarblue-collarblue-collarblue-collarblue-collarblue-collarblue-collarblue-collarblue-collarblue-collarblue-collarblue-collarblue-collarblue-collarblue-collarblue-collarblue-collarblue-collarblue-collarblue-collarblue-collarblue-collarblue-collarblue-collarblue-collarblue-collarblue-collarblue-collarblue-collarblue-collarblue-collarblue-collarblue-collarblue-collarblue-collarblue-collarblue-collarblue-collarblue-collarblue-collarblue-collarblue-collarblue-collarblue-collarblue-collarblue-collarblue-collarblue-collarblue-collarblue-collarblue-collarblue-collarblue-collarblue-collarblue-collarblue-collarblue-collarblue-collarblue-collarblue-collarblue-collarblue-collarblue-collarblue-collarblue-collarblue-collarblue-collarblue-collarblue-collarblue-collarblue-collarblue-collarblue-collarblue-collarblue-collarblue-collarblue-collarblue-collarblue-collarblue-collarblue-collarblue-collarblue-collarblue-collarblue-collarblue-collarblue-collarblue-collarblue-collarblue-collarblue-collarblue-collarblue-collarblue-collarblue-collarblue-collarblue-collarblue-collarblue-collarblue-collarblue-collarblue-collarblue-collarblue-collarblue-collarblue-collarblue-collarblue-collarblue-collarblue-collarblue-collarblue-collarblue-collarblue-collarblue-collarblue-collarblue-collarblue-collarblue-collarblue-collarblue-collarblue-collarblue-collarblue-collarblue-collarblue-collarblue-collarblue-collarblue-collarblue-collarblue-collarblue-collarblue-collarblue-collarblue-collarblue-collarblue-collarblue-collarblue-collarblue-collarblue-collarblue-collarblue-collarblue-collarblue-collarblue-collarblue-collarblue-collarblue-collarblue-collarblue-collarblue-collarblue-collarblue-collarblue-collarblue-collarblue-collarblue-collarblue-collarblue-collarblue-collarblue-collarblue-collarblue-collarblue-collarblue-collarblue-collarblue-collarblue-collarblue-collarblue-collarblue-collarblue-collarblue-collarblue-collarblue-collarblue-collarblue-collarblue-collarblue-collarblue-collarblue-collarblue-collarblue-collarblue-collarblue-collarblue-collarblue-collarblue-collarblue-collarblue-collarblue-collarblue-collarblue-collarblue-collarblue-collarblue-collarblue-collarblue-collarblue-collarblue-collarblue-collarblue-collarblue-collarblue-collarblue-collarblue-collarblue-collarblue-collarblue-collarblue-collarblue-collarblue-collarblue-collarblue-collarblue-collarblue-collarblue-collarblue-collarblue-collarblue-collarblue-collarblue-collarblue-collarblue-collarblue-collarblue-collarblue-collarblue-collarblue-collarblue-collarblue-collarblue-collarblue-collarblue-collarblue-collarblue-collarblue-collarblue-collarblue-collarblue-collarblue-collarblue-collarblue-collarblue-collarblue-collarblue-collarblue-collarblue-collarblue-collarblue-collarblue-collarblue-collarblue-collarblue-collarblue-collarblue-collarblue-collarblue-collarblue-collarblue-collarblue-collarblue-collarblue-collarblue-collarblue-collarblue-collarblue-collarblue-collarblue-collarblue-collarblue-collarblue-collarblue-collarblue-collarblue-collarblue-collarblue-collarblue-collarblue-collarblue-collarblue-collarblue-collarblue-collarblue-collarblue-collarblue-collarblue-collarblue-collarblue-collarblue-collarblue-collarblue-collarblue-collarblue-collarblue-collarblue-collarblue-collarblue-collarblue-collarblue-collarblue-collarblue-collarblue-collarblue-collarblue-collarblue-collarblue-collarblue-collarblue-collarblue-collarblue-collarblue-collarblue-collarblue-collarblue-collarblue-collarblue-collarblue-collarblue-collarblue-collarblue-collarblue-collarblue-collarblue-collarblue-collarblue-collarblue-collarblue-collarblue-collarblue-collarblue-collarblue-collarblue-collarblue-collarblue-collarblue-collarblue-collarblue-collarblue-collarblue-collarblue-collarblue-collarblue-collarblue-collarblue-collarblue-collarblue-collarblue-collarblue-collarblue-collarblue-collarblue-collarblue-collarblue-collarblue-collarblue-collarblue-collarblue-collarblue-collarblue-collarblue-collarblue-collarblue-collarblue-collarblue-collarblue-collarblue-collarblue-collarblue-collarblue-collarblue-collarblue-collarblue-collarblue-collarblue-collarblue-collarblue-collarblue-collarblue-collarblue-collarblue-collarblue-collarblue-collarblue-collarblue-collarblue-collarblue-collarblue-collarblue-collarblue-collarblue-collarblue-collarblue-collarblue-collarblue-collarblue-collarblue-collarblue-collarblue-collarblue-collarblue-collarblue-collarblue-collarblue-collarblue-collarblue-collarblue-collarblue-collarblue-collarblue-collarblue-collarblue-collarblue-collarblue-collarblue-collarblue-collarblue-collarblue-collarblue-collarblue-collarblue-collarblue-collarblue-collarblue-collarblue-collarblue-collarblue-collarblue-collarblue-collarblue-collarblue-collarblue-collarblue-collarblue-collarblue-collarblue-collarblue-collarblue-collarblue-collarblue-collarblue-collarblue-collarblue-collarblue-collarblue-collarblue-collarblue-collarblue-collarblue-collarblue-collarblue-collarblue-collarblue-collarblue-collarblue-collarblue-collarblue-collarblue-collarblue-collarblue-collarblue-collarblue-collarblue-collarblue-collarblue-collarblue-collarblue-collarblue-collarblue-collarblue-collarblue-collarblue-collarblue-collarblue-collarblue-collarblue-collarblue-collarblue-collarblue-collarblue-collarblue-collarblue-collarblue-collarblue-collarblue-collarblue-collarblue-collarblue-collarblue-collarblue-collarblue-collarblue-collarblue-collarblue-collarblue-collarblue-collarblue-collarblue-collarblue-collarblue-collarblue-collarblue-collarblue-collarblue-collarblue-collarblue-collarblue-collarblue-collarblue-collarblue-collarblue-collarblue-collarblue-collarblue-collarblue-collarblue-collarblue-collarblue-collarblue-collarblue-collarblue-collarblue-collarblue-collarblue-collarblue-collarblue-collarblue-collarblue-collarblue-collarblue-collarblue-collarblue-collarblue-collarblue-collarblue-collarblue-collarblue-collarblue-collarblue-collarblue-collarblue-collarblue-collarblue-collarblue-collarblue-collarblue-collarblue-collarblue-collarblue-collarblue-collarblue-collarblue-collarblue-collarblue-collarblue-collarblue-collarblue-collarblue-collarblue-collarblue-collarblue-collarblue-collarblue-collarblue-collarblue-collarblue-collarblue-collarblue-collarblue-collarblue-collarblue-collarblue-collarblue-collarblue-collarblue-collarblue-collarblue-collarblue-collarblue-collarblue-collarblue-collarblue-collarblue-collarblue-collarblue-collarblue-collarblue-collarblue-collarblue-collarblue-collarblue-collarblue-collarblue-collarblue-collarblue-collarblue-collarblue-collarblue-collarblue-collarblue-collarblue-collarblue-collarblue-collarblue-collarblue-collarblue-collarblue-collarblue-collarblue-collarblue-collarblue-collarblue-collarblue-collarblue-collarblue-collarblue-collarblue-collarblue-collarblue-collarblue-collarblue-collarblue-collarblue-collarblue-collarblue-collarblue-collarblue-collarblue-collarblue-collarblue-collarblue-collarblue-collarblue-collarblue-collarblue-collarblue-collarblue-collarblue-collarblue-collarblue-collarblue-collarblue-collarblue-collarblue-collarblue-collarblue-collarblue-collarblue-collarblue-collarblue-collarblue-collarblue-collarblue-collarblue-collarblue-collarblue-collarblue-collarblue-collarblue-collarblue-collarblue-collarblue-collarblue-collarblue-collarblue-collarblue-collarblue-collarblue-collarblue-collarblue-collarblue-collarblue-collarblue-collarblue-collarblue-collarblue-collarblue-collarblue-collarblue-collarblue-collarblue-collarblue-collarblue-collarblue-collarblue-collarblue-collarblue-collarblue-collarblue-collarblue-collarblue-collarblue-collarblue-collarblue-collarblue-collarblue-collarblue-collarblue-collarblue-collarblue-collarblue-collarblue-collarblue-collarblue-collarblue-collarblue-collarblue-collarblue-collarblue-collarblue-collarblue-collarblue-collarblue-collarblue-collarblue-collarblue-collarblue-collarblue-collarblue-collarblue-collarblue-collarblue-collarblue-collarblue-collarblue-collarblue-collarblue-collarblue-collarblue-collarblue-collarblue-collarblue-collarblue-collarblue-collarblue-collarblue-collarblue-collarblue-collarblue-collarblue-collarblue-collarblue-collarblue-collarblue-collarblue-collarblue-collarblue-collarblue-collarblue-collarblue-collarblue-collarblue-collarblue-collarblue-collarblue-collarblue-collarblue-collarblue-collarblue-collarblue-collarblue-collarblue-collarblue-collarblue-collarblue-collarblue-collarblue-collarblue-collarblue-collarblue-collarblue-collarblue-collarblue-collarblue-collarblue-collarblue-collarblue-collarblue-collarblue-collarblue-collarblue-collarblue-collarblue-collarblue-collarblue-collarblue-collarblue-collarblue-collarblue-collarblue-collarblue-collarblue-collarblue-collarblue-collarblue-collarblue-collarblue-collarblue-collarblue-collarblue-collarblue-collarblue-collarblue-collarblue-collarblue-collarblue-collarblue-collarblue-collarblue-collarblue-collarblue-collarblue-collarblue-collarblue-collarblue-collarblue-collarblue-collarblue-collarblue-collarblue-collarblue-collarblue-collarblue-collarblue-collarblue-collarblue-collarblue-collarblue-collarblue-collarblue-collarblue-collarblue-collarblue-collarblue-collarblue-collarblue-collarblue-collarblue-collarblue-collarblue-collarblue-collarblue-collarblue-collarblue-collarblue-collarblue-collarblue-collarblue-collarblue-collarblue-collarblue-collarblue-collarblue-collarblue-collarblue-collarblue-collarblue-collarblue-collarblue-collarblue-collarblue-collarblue-collarblue-collarblue-collarblue-collarblue-collarblue-collarblue-collarblue-collarblue-collarblue-collarblue-collarblue-collarblue-collarblue-collarblue-collarblue-collarblue-collarblue-collarblue-collarblue-collarblue-collarblue-collarblue-collarblue-collarblue-collarblue-collarblue-collarblue-collarblue-collarblue-collarblue-collarblue-collarblue-collarblue-collarblue-collarblue-collarblue-collarblue-collarblue-collarblue-collarblue-collarblue-collarblue-collarblue-collarblue-collarblue-collarblue-collarblue-collarblue-collarblue-collarblue-collarblue-collarblue-collarblue-collarblue-collarblue-collarblue-collarblue-collarblue-collarblue-collarblue-collarblue-collarblue-collarblue-collarblue-collarblue-collarblue-collarblue-collarblue-collarblue-collarblue-collarblue-collarblue-collarblue-collarblue-collarblue-collarblue-collarblue-collarblue-collarblue-collarblue-collarblue-collarblue-collarblue-collarblue-collarblue-collarblue-collarblue-collarblue-collarblue-collarblue-collarblue-collarblue-collarblue-collarblue-collarblue-collarblue-collarblue-collarblue-collarblue-collarblue-collarblue-collarblue-collarblue-collarblue-collarblue-collarblue-collarblue-collarblue-collarblue-collarblue-collarblue-collarblue-collarblue-collarblue-collarblue-collarblue-collarblue-collarblue-collarblue-collarblue-collarblue-collarblue-collarblue-collarblue-collarblue-collarblue-collarblue-collarblue-collarblue-collarblue-collarblue-collarblue-collarblue-collarblue-collarblue-collarblue-collarblue-collarblue-collarblue-collarblue-collarblue-collarblue-collarblue-collarblue-collarblue-collarblue-collarblue-collarblue-collarblue-collarblue-collarblue-collarblue-collarblue-collarblue-collarblue-collarblue-collarblue-collarblue-collarblue-collarblue-collarblue-collarblue-collarblue-collarblue-collarblue-collarblue-collarblue-collarblue-collarblue-collarblue-collarblue-collarblue-collarblue-collarblue-collarblue-collarblue-collarblue-collarblue-collarblue-collarblue-collarblue-collarblue-collarblue-collarblue-collarblue-collarblue-collarblue-collarblue-collarblue-collarblue-collarblue-collarblue-collarblue-collarblue-collarblue-collarblue-collarblue-collarblue-collarblue-collarblue-collarblue-collarblue-collarblue-collarblue-collarblue-collarblue-collarblue-collarblue-collarblue-collarblue-collarblue-collarblue-collarblue-collarblue-collarblue-collarblue-collarblue-collarblue-collarblue-collarblue-collarblue-collarblue-collarblue-collarblue-collarblue-collarblue-collarblue-collarblue-collarblue-collarblue-collarblue-collarblue-collarblue-collarblue-collarblue-collarblue-collarblue-collarblue-collarblue-collarblue-collarblue-collarblue-collarblue-collarblue-collarblue-collarblue-collarblue-collarblue-collarblue-collarblue-collarblue-collarblue-collarblue-collarblue-collarblue-collarblue-collarblue-collarblue-collarblue-collarblue-collarblue-collarblue-collarblue-collarblue-collarblue-collarblue-collarblue-collarblue-collarblue-collarblue-collarblue-collarblue-collarblue-collarblue-collarblue-collarblue-collarblue-collarblue-collarblue-collarblue-collarblue-collarblue-collarblue-collarblue-collarblue-collarblue-collarblue-collarblue-collarblue-collarblue-collarblue-collarblue-collarblue-collarblue-collarblue-collarblue-collarblue-collarblue-collarblue-collarblue-collarblue-collarblue-collarblue-collarblue-collarblue-collarblue-collarblue-collarblue-collarblue-collarblue-collarblue-collarblue-collarblue-collarblue-collarblue-collarblue-collarblue-collarblue-collarblue-collarblue-collarblue-collarblue-collarblue-collarblue-collarblue-collarblue-collarblue-collarblue-collarblue-collarblue-collarblue-collarblue-collarblue-collarblue-collarblue-collarblue-collarblue-collarblue-collarblue-collarblue-collarblue-collarblue-collarblue-collarblue-collarblue-collarblue-collarblue-collarblue-collarblue-collarblue-collarblue-collarblue-collarblue-collarblue-collarblue-collarblue-collarblue-collarblue-collarblue-collarblue-collarblue-collarblue-collarblue-collarblue-collarblue-collarblue-collarblue-collarblue-collarblue-collarblue-collarblue-collarblue-collarblue-collarblue-collarblue-collarblue-collarblue-collarblue-collarblue-collarblue-collarblue-collarblue-collarblue-collarblue-collarblue-collarblue-collarblue-collarblue-collarblue-collarblue-collarblue-collarblue-collarblue-collarblue-collarblue-collarblue-collarblue-collarblue-collarblue-collarblue-collarblue-collarblue-collarblue-collarblue-collarblue-collarblue-collarblue-collarblue-collarblue-collarblue-collarblue-collarblue-collarblue-collarblue-collarblue-collarblue-collarblue-collarblue-collarblue-collarblue-collarblue-collarblue-collarblue-collarblue-collarblue-collarblue-collarblue-collarblue-collarblue-collarblue-collarblue-collarblue-collarblue-collarblue-collarblue-collarblue-collarblue-collarblue-collarblue-collarblue-collarblue-collarblue-collarblue-collarblue-collarblue-collarblue-collarblue-collarblue-collarblue-collarblue-collarblue-collarblue-collarblue-collarblue-collarblue-collarblue-collarblue-collarblue-collarblue-collarblue-collarblue-collarblue-collarblue-collarblue-collarblue-collarblue-collarblue-collarblue-collarblue-collarblue-collarblue-collarblue-collarblue-collarblue-collarblue-collarblue-collarblue-collarblue-collarblue-collarblue-collarblue-collarblue-collarblue-collarblue-collarblue-collarblue-collarblue-collarblue-collarblue-collarblue-collarblue-collarblue-collarblue-collarblue-collarblue-collarblue-collarblue-collarblue-collarblue-collarblue-collarblue-collarblue-collarblue-collarblue-collarblue-collarblue-collarblue-collarblue-collarblue-collarblue-collarblue-collarblue-collarblue-collarblue-collarblue-collarblue-collarblue-collarblue-collarblue-collarblue-collarblue-collarblue-collarblue-collarblue-collarblue-collarblue-collarblue-collarblue-collarblue-collarblue-collarblue-collarblue-collarblue-collarblue-collarblue-collarblue-collarblue-collarblue-collarblue-collarblue-collarblue-collarblue-collarblue-collarblue-collarblue-collarblue-collarblue-collarblue-collarblue-collarblue-collarblue-collarblue-collarblue-collarblue-collarblue-collarblue-collarblue-collarblue-collarblue-collarblue-collarblue-collarblue-collarblue-collarblue-collarblue-collarblue-collarblue-collarblue-collarblue-collarblue-collarblue-collarblue-collarblue-collarblue-collarblue-collarblue-collarblue-collarblue-collarblue-collarblue-collarblue-collarblue-collarblue-collarblue-collarblue-collarblue-collarblue-collarblue-collarblue-collarblue-collarblue-collarblue-collarblue-collarblue-collarblue-collarblue-collarblue-collarblue-collarblue-collarblue-collarblue-collarblue-collarblue-collarblue-collarblue-collarblue-collarblue-collarblue-collarblue-collarblue-collarblue-collarblue-collarblue-collarblue-collarblue-collarblue-collarblue-collarblue-collarblue-collarblue-collarblue-collarblue-collarblue-collarblue-collarblue-collarblue-collarblue-collarblue-collarblue-collarblue-collarblue-collarblue-collarblue-collarblue-collarblue-collarblue-collarblue-collarblue-collarblue-collarblue-collarblue-collarblue-collarblue-collarblue-collarblue-collarblue-collarblue-collarblue-collarblue-collarblue-collarblue-collarblue-collarblue-collarblue-collarblue-collarblue-collarblue-collarblue-collarblue-collarblue-collarblue-collarblue-collarblue-collarblue-collarblue-collarblue-collarblue-collarblue-collarblue-collarblue-collarblue-collarblue-collarblue-collarblue-collarblue-collarblue-collarblue-collarblue-collarblue-collarblue-collarblue-collarblue-collarblue-collarblue-collarblue-collarblue-collarblue-collarblue-collarblue-collarblue-collarblue-collarblue-collarblue-collarblue-collarblue-collarblue-collarblue-collarblue-collarblue-collarblue-collarblue-collarblue-collarblue-collarblue-collarblue-collarblue-collarblue-collarblue-collarblue-collarblue-collarblue-collarblue-collarblue-collarblue-collarblue-collarblue-collarblue-collarblue-collarblue-collarblue-collarblue-collarblue-collarblue-collarblue-collarblue-collarblue-collarblue-collarblue-collarblue-collarblue-collarblue-collarblue-collarblue-collarblue-collarblue-collarblue-collarblue-collarblue-collarblue-collarblue-collarblue-collarblue-collarblue-collarblue-collarblue-collarblue-collarblue-collarblue-collarblue-collarblue-collarblue-collarblue-collarblue-collarblue-collarblue-collarblue-collarblue-collarblue-collarblue-collarblue-collarblue-collarblue-collarblue-collarblue-collarblue-collarblue-collarblue-collarblue-collarblue-collarblue-collarblue-collarblue-collarblue-collarblue-collarblue-collarblue-collarblue-collarblue-collarblue-collarblue-collarblue-collarblue-collarblue-collarblue-collarblue-collarblue-collarblue-collarblue-collarblue-collarblue-collarblue-collarblue-collarblue-collarblue-collarblue-collarblue-collarblue-collarblue-collarblue-collarblue-collarblue-collarblue-collarblue-collarblue-collarblue-collarblue-collarblue-collarblue-collarblue-collarblue-collarblue-collarblue-collarblue-collarblue-collarblue-collarblue-collarblue-collarblue-collarblue-collarblue-collarblue-collarblue-collarblue-collarblue-collarblue-collarblue-collarblue-collarblue-collarblue-collarblue-collarblue-collarblue-collarblue-collarblue-collarblue-collarblue-collarblue-collarblue-collarblue-collarblue-collarblue-collarblue-collarblue-collarblue-collarblue-collarblue-collarblue-collarblue-collarblue-collarblue-collarblue-collarblue-collarblue-collarblue-collarblue-collarblue-collarblue-collarblue-collarblue-collarblue-collarblue-collarblue-collarblue-collarblue-collarblue-collarblue-collarblue-collarblue-collarblue-collarblue-collarblue-collarblue-collarblue-collarblue-collarblue-collarblue-collarblue-collarblue-collarblue-collarblue-collarblue-collarblue-collarblue-collarblue-collarblue-collarblue-collarblue-collarblue-collarblue-collarblue-collarblue-collarblue-collarblue-collarblue-collarblue-collarblue-collarblue-collarblue-collarblue-collarblue-collarblue-collarblue-collarblue-collarblue-collarblue-collarblue-collarblue-collarblue-collarblue-collarblue-collarblue-collarblue-collarblue-collarblue-collarblue-collarblue-collarblue-collarblue-collarblue-collarblue-collarblue-collarblue-collarblue-collarblue-collarblue-collarblue-collarblue-collarblue-collarblue-collarblue-collarblue-collarblue-collarblue-collarblue-collarblue-collarblue-collarblue-collarblue-collarblue-collarblue-collarblue-collarblue-collarblue-collarblue-collarblue-collarblue-collarblue-collarblue-collarblue-collarblue-collarblue-collarblue-collarblue-collarblue-collarblue-collarblue-collarblue-collarblue-collarblue-collarblue-collarblue-collarblue-collarblue-collarblue-collarblue-collarblue-collarblue-collarblue-collarblue-collarblue-collarblue-collarblue-collarblue-collarblue-collarblue-collarblue-collarblue-collarblue-collarblue-collarblue-collarblue-collarblue-collarblue-collarblue-collarblue-collarblue-collarblue-collarblue-collarblue-collarblue-collarblue-collarblue-collarblue-collarblue-collarblue-collarblue-collarblue-collarblue-collarblue-collarblue-collarblue-collarblue-collarblue-collarblue-collarblue-collarblue-collarblue-collarblue-collarblue-collarblue-collarblue-collarblue-collarblue-collarblue-collarblue-collarblue-collarblue-collarblue-collarblue-collarblue-collarblue-collarblue-collarblue-collarblue-collarblue-collarblue-collarblue-collarblue-collarblue-collarblue-collarblue-collarblue-collarblue-collarblue-collarblue-collarblue-collarblue-collarblue-collarblue-collarblue-collarblue-collarblue-collarblue-collarblue-collarblue-collarblue-collarblue-collarblue-collarblue-collarblue-collarblue-collarblue-collarblue-collarblue-collarblue-collarblue-collarblue-collarblue-collarblue-collarblue-collarblue-collarblue-collarblue-collarblue-collarblue-collarblue-collarblue-collarblue-collarblue-collarblue-collarblue-collarblue-collarblue-collarblue-collarblue-collarblue-collarblue-collarblue-collarblue-collarblue-collarblue-collarblue-collarblue-collarblue-collarblue-collarblue-collarblue-collarblue-collarblue-collarblue-collarblue-collarblue-collarblue-collarblue-collarblue-collarblue-collarblue-collarblue-collarblue-collarblue-collarblue-collarblue-collarblue-collarblue-collarblue-collarblue-collarblue-collarblue-collarblue-collarblue-collarblue-collarblue-collarblue-collarblue-collarblue-collarblue-collarblue-collarblue-collarblue-collarblue-collarblue-collarblue-collarblue-collarblue-collarblue-collarblue-collarblue-collarblue-collarblue-collarblue-collarblue-collarblue-collarblue-collarblue-collarblue-collarblue-collarblue-collarblue-collarblue-collarblue-collarblue-collarblue-collarblue-collarblue-collarblue-collarblue-collarblue-collarblue-collarblue-collarblue-collarblue-collarblue-collarblue-collarblue-collarblue-collarblue-collarblue-collarblue-collarblue-collarblue-collarblue-collarblue-collarblue-collarblue-collarblue-collarblue-collarblue-collarblue-collarblue-collarblue-collarblue-collarblue-collarblue-collarblue-collarblue-collarblue-collarblue-collarblue-collarblue-collarblue-collarblue-collarblue-collarblue-collarblue-collarblue-collarblue-collarblue-collarblue-collarblue-collarblue-collarblue-collarblue-collarblue-collarblue-collarblue-collarblue-collarblue-collarblue-collarblue-collarblue-collarblue-collarblue-collarblue-collarblue-collarblue-collarblue-collarblue-collarblue-collarblue-collarblue-collarblue-collarblue-collarblue-collarblue-collarblue-collarblue-collarblue-collarblue-collarblue-collarblue-collarblue-collarblue-collarblue-collarblue-collarblue-collarblue-collarblue-collarblue-collarblue-collarblue-collarblue-collarblue-collarblue-collarblue-collarblue-collarblue-collarblue-collarblue-collarblue-collarblue-collarblue-collarblue-collarblue-collarblue-collarblue-collarblue-collarblue-collarblue-collarblue-collarblue-collarblue-collarblue-collarblue-collarblue-collarblue-collarblue-collarblue-collarblue-collarblue-collarblue-collarblue-collarblue-collarblue-collarblue-collarblue-collarblue-collarblue-collarblue-collarblue-collarblue-collarblue-collarblue-collarblue-collarblue-collarblue-collarblue-collarblue-collarblue-collarblue-collarblue-collarblue-collarblue-collarblue-collarblue-collarblue-collarblue-collarblue-collarblue-collarblue-collarblue-collarblue-collarblue-collarblue-collarblue-collarblue-collarblue-collarblue-collarblue-collarblue-collarblue-collarblue-collarblue-collarblue-collarblue-collarblue-collarblue-collarblue-collarblue-collarblue-collarblue-collarblue-collarblue-collarblue-collarblue-collarblue-collarblue-collarblue-collarblue-collarblue-collarblue-collarblue-collarblue-collarblue-collarblue-collarblue-collarblue-collarblue-collarblue-collarblue-collarblue-collarblue-collarblue-collarblue-collarblue-collarblue-collarblue-collarblue-collarblue-collarblue-collarblue-collarblue-collarblue-collarblue-collarblue-collarblue-collarblue-collarblue-collarblue-collarblue-collarblue-collarblue-collarblue-collarblue-collarblue-collarblue-collarblue-collarblue-collarblue-collarblue-collarblue-collarblue-collarblue-collarblue-collarblue-collarblue-collarblue-collarblue-collarblue-collarblue-collarblue-collarblue-collarblue-collarblue-collarblue-collarblue-collarblue-collarblue-collarblue-collarblue-collarblue-collarblue-collarblue-collarblue-collarblue-collarblue-collarblue-collarblue-collarblue-collarblue-collarblue-collarblue-collarblue-collarblue-collarblue-collarblue-collarblue-collarblue-collarblue-collarblue-collarblue-collarblue-collarblue-collarblue-collarblue-collarblue-collarblue-collarblue-collarblue-collarblue-collarblue-collarblue-collarblue-collarblue-collarblue-collarblue-collarblue-collarblue-collarblue-collarblue-collarblue-collarblue-collarblue-collarblue-collarblue-collarblue-collarblue-collarblue-collarblue-collarblue-collarblue-collarblue-collarblue-collarblue-collarblue-collarblue-collarblue-collarblue-collarblue-collarblue-collarblue-collarblue-collarblue-collarblue-collarblue-collarblue-collarblue-collarblue-collarblue-collarblue-collarblue-collarblue-collarblue-collarblue-collarblue-collarblue-collarblue-collarblue-collarblue-collarblue-collarblue-collarblue-collarblue-collarblue-collarblue-collarblue-collarblue-collarblue-collarblue-collarblue-collarblue-collarblue-collarblue-collarblue-collarblue-collarblue-collarblue-collarblue-collarblue-collarblue-collarblue-collarblue-collarblue-collarblue-collarblue-collarblue-collarblue-collarblue-collarblue-collarblue-collarblue-collarblue-collarblue-collarblue-collarblue-collarblue-collarblue-collarblue-collarblue-collarblue-collarblue-collarblue-collarblue-collarblue-collarblue-collarblue-collarblue-collarblue-collarblue-collarblue-collarblue-collarblue-collarblue-collarblue-collarblue-collarblue-collarblue-collarblue-collarblue-collarblue-collarblue-collarblue-collarblue-collarblue-collarblue-collarblue-collarblue-collarblue-collarblue-collarblue-collarblue-collarblue-collarblue-collarblue-collarblue-collarblue-collarblue-collarblue-collarblue-collarblue-collarblue-collarblue-collarblue-collarblue-collarblue-collarblue-collarblue-collarblue-collarblue-collarblue-collarblue-collarblue-collarblue-collarblue-collarblue-collarblue-collarblue-collarblue-collarblue-collarblue-collarblue-collarblue-collarblue-collarblue-collarblue-collarblue-collarblue-collarblue-collarblue-collarblue-collarblue-collarblue-collarblue-collarblue-collarblue-collarblue-collarblue-collarblue-collarblue-collarblue-collarblue-collarblue-collarblue-collarblue-collarblue-collarblue-collarblue-collarblue-collarblue-collarblue-collarblue-collarblue-collarblue-collarblue-collarblue-collarblue-collarblue-collarblue-collarblue-collarblue-collarblue-collarblue-collarblue-collarblue-collarblue-collarblue-collarblue-collarblue-collarblue-collarblue-collarblue-collarblue-collarblue-collarblue-collarblue-collarblue-collarblue-collarblue-collarblue-collarblue-collarblue-collarblue-collarblue-collarblue-collarblue-collarblue-collarblue-collarblue-collarblue-collarblue-collarblue-collarblue-collarblue-collarblue-collarblue-collarblue-collarblue-collarblue-collarblue-collarblue-collarblue-collarblue-collarblue-collarblue-collarblue-collarblue-collarblue-collarblue-collarblue-collarblue-collarblue-collarblue-collarblue-collarblue-collarblue-collarblue-collarblue-collarblue-collarblue-collarblue-collarblue-collarblue-collarblue-collarblue-collarblue-collarblue-collarblue-collarblue-collarblue-collarblue-collarblue-collarblue-collarblue-collarblue-collarblue-collarblue-collarblue-collarblue-collarblue-collarblue-collarblue-collarblue-collarblue-collarblue-collarblue-collarblue-collarblue-collarblue-collarblue-collarblue-collarblue-collarblue-collarblue-collarblue-collarblue-collarblue-collarblue-collarblue-collarblue-collarblue-collarblue-collarblue-collarblue-collarblue-collarblue-collarblue-collarblue-collarblue-collarblue-collarblue-collarblue-collarblue-collarblue-collarblue-collarblue-collarblue-collarblue-collarblue-collarblue-collarblue-collarblue-collarblue-collarblue-collarblue-collarblue-collarblue-collarblue-collarblue-collarblue-collarblue-collarblue-collarblue-collarblue-collarblue-collarblue-collarblue-collarblue-collarblue-collarblue-collarblue-collarblue-collarblue-collarblue-collarblue-collarblue-collarblue-collarblue-collarblue-collarblue-collarblue-collarblue-collarblue-collarblue-collarblue-collarblue-collarblue-collarblue-collarblue-collarblue-collarblue-collarblue-collarblue-collarblue-collarblue-collarblue-collarblue-collarblue-collarblue-collarblue-collarblue-collarblue-collarblue-collarblue-collarblue-collarblue-collarblue-collarblue-collarblue-collarblue-collarblue-collarblue-collarblue-collarblue-collarblue-collarblue-collarblue-collarblue-collarblue-collarblue-collarblue-collarblue-collarblue-collarblue-collarblue-collarblue-collarblue-collarblue-collarblue-collarblue-collarblue-collarblue-collarblue-collarblue-collarblue-collarblue-collarblue-collarblue-collarblue-collarblue-collarblue-collarblue-collarblue-collarblue-collarblue-collarblue-collarblue-collarblue-collarblue-collarblue-collarblue-collarblue-collarblue-collarblue-collarblue-collarblue-collarblue-collarblue-collarblue-collarblue-collarblue-collarblue-collarblue-collarblue-collarblue-collarblue-collarblue-collarblue-collarblue-collarblue-collarblue-collarblue-collarblue-collarblue-collarblue-collarblue-collarblue-collarblue-collarblue-collarblue-collarblue-collarblue-collarblue-collarblue-collarblue-collarblue-collarblue-collarblue-collarblue-collarblue-collarblue-collarblue-collarblue-collarblue-collarblue-collarblue-collarblue-collarblue-collarblue-collarblue-collarblue-collarblue-collarblue-collarblue-collarblue-collarblue-collarblue-collarblue-collarblue-collarblue-collarblue-collarblue-collarblue-collarblue-collarblue-collarblue-collarblue-collarblue-collarblue-collarblue-collarblue-collarblue-collarblue-collarblue-collarblue-collarblue-collarblue-collarblue-collarblue-collarblue-collarblue-collarblue-collarblue-collarblue-collarblue-collarblue-collarblue-collarblue-collarblue-collarblue-collarblue-collarblue-collarblue-collarblue-collarblue-collarblue-collarblue-collarblue-collarblue-collarblue-collarblue-collarblue-collarblue-collarblue-collarblue-collarblue-collarblue-collarblue-collarblue-collarblue-collarblue-collarblue-collarblue-collarblue-collarblue-collarblue-collarblue-collarblue-collarblue-collarblue-collarblue-collarblue-collarblue-collarblue-collarblue-collarblue-collarblue-collarblue-collarblue-collarblue-collarblue-collarblue-collarblue-collarblue-collarblue-collarblue-collarblue-collarblue-collarblue-collarblue-collarblue-collarblue-collarblue-collarblue-collarblue-collarblue-collarblue-collarblue-collarblue-collarblue-collarblue-collarblue-collarblue-collarblue-collarblue-collarblue-collarblue-collarblue-collarblue-collarblue-collarblue-collarblue-collarblue-collarblue-collarblue-collarblue-collarblue-collarblue-collarblue-collarblue-collarblue-collarblue-collarblue-collarblue-collarblue-collarblue-collarblue-collarblue-collarblue-collarblue-collarblue-collarblue-collarblue-collarblue-collarblue-collarblue-collarblue-collarblue-collarblue-collarblue-collarblue-collarblue-collarblue-collarblue-collarblue-collarblue-collarblue-collarblue-collarblue-collarblue-collarblue-collarblue-collarblue-collarblue-collarblue-collarblue-collarblue-collarblue-collarblue-collarblue-collarblue-collarblue-collarblue-collarblue-collarblue-collarblue-collarblue-collarblue-collarblue-collarblue-collarblue-collarblue-collarblue-collarblue-collarblue-collarblue-collarblue-collarblue-collarblue-collarblue-collarblue-collarblue-collarblue-collarblue-collarblue-collarblue-collarblue-collarblue-collarblue-collarblue-collarblue-collarblue-collarblue-collarblue-collarblue-collarblue-collarblue-collarblue-collarblue-collarblue-collarblue-collarblue-collarblue-collarblue-collarblue-collarblue-collarblue-collarblue-collarblue-collarblue-collarblue-collarblue-collarblue-collarblue-collarblue-collarblue-collarblue-collarblue-collarblue-collarblue-collarblue-collarblue-collarblue-collarblue-collarblue-collarblue-collarblue-collarblue-collarblue-collarblue-collarblue-collarblue-collarblue-collarblue-collarblue-collarblue-collarblue-collarblue-collarblue-collarblue-collarblue-collarblue-collarblue-collarblue-collarblue-collarblue-collarblue-collarblue-collarblue-collarblue-collarblue-collarblue-collarblue-collarblue-collarblue-collarblue-collarblue-collarblue-collarblue-collarblue-collarblue-collarblue-collarblue-collarblue-collarblue-collarblue-collarblue-collarblue-collarblue-collarblue-collarblue-collarblue-collarblue-collarblue-collarblue-collarblue-collarblue-collarblue-collarblue-collarblue-collarblue-collarblue-collarblue-collarblue-collarblue-collarblue-collarblue-collarblue-collarblue-collarblue-collarblue-collarblue-collarblue-collarblue-collarblue-collarblue-collarblue-collarblue-collarblue-collarblue-collarblue-collarblue-collarblue-collarblue-collarblue-collarblue-collarblue-collarblue-collarblue-collarblue-collarblue-collarblue-collarblue-collarblue-collarblue-collarblue-collarblue-collarblue-collarblue-collarblue-collarblue-collarblue-collarblue-collarblue-collarblue-collarblue-collarblue-collarblue-collarblue-collarblue-collarblue-collarblue-collarblue-collarblue-collarblue-collarblue-collarblue-collarblue-collarblue-collarblue-collarblue-collarblue-collarblue-collarblue-collarblue-collarblue-collarblue-collarblue-collarblue-collarblue-collarblue-collarblue-collarblue-collarblue-collarblue-collarblue-collarblue-collarblue-collarblue-collarblue-collarblue-collarblue-collarblue-collarblue-collarblue-collarblue-collarblue-collarblue-collarblue-collarblue-collarblue-collarblue-collarblue-collarblue-collarblue-collarblue-collarblue-collarblue-collarblue-collarblue-collarblue-collarblue-collarblue-collarblue-collarblue-collarblue-collarblue-collarblue-collarblue-collarblue-collarblue-collarblue-collarblue-collarblue-collarblue-collarblue-collarblue-collarblue-collarblue-collarblue-collarblue-collarblue-collarblue-collarblue-collarblue-collarblue-collarblue-collarblue-collarblue-collarblue-collarblue-collarblue-collarblue-collarblue-collarblue-collarblue-collarblue-collarblue-collarblue-collarblue-collarblue-collarblue-collarblue-collarblue-collarblue-collarblue-collarblue-collarblue-collarblue-collarblue-collarblue-collarblue-collarblue-collarblue-collarblue-collarblue-collarblue-collarblue-collarblue-collarblue-collarblue-collarblue-collarblue-collarblue-collarblue-collarblue-collarblue-collarblue-collarblue-collarblue-collarblue-collarblue-collarblue-collarblue-collarblue-collarblue-collarblue-collarblue-collarblue-collarblue-collarblue-collarblue-collarblue-collarblue-collarblue-collarblue-collarblue-collarblue-collarblue-collarblue-collarblue-collarblue-collarblue-collarblue-collarblue-collarblue-collarblue-collarblue-collarblue-collarblue-collarblue-collarblue-collarblue-collarblue-collarblue-collarblue-collarblue-collarblue-collarblue-collarblue-collarblue-collarblue-collarblue-collarblue-collarblue-collarblue-collarblue-collarblue-collarblue-collarblue-collarblue-collarblue-collarblue-collarblue-collarblue-collarblue-collarblue-collarblue-collarblue-collarblue-collarblue-collarblue-collarblue-collarblue-collarblue-collarblue-collarblue-collarblue-collarblue-collarblue-collarblue-collarblue-collarblue-collarblue-collarblue-collarblue-collarblue-collarblue-collarblue-collarblue-collarblue-collarblue-collarblue-collarblue-collarblue-collarblue-collarblue-collarblue-collarblue-collarblue-collarblue-collarblue-collarblue-collarblue-collarblue-collarblue-collarblue-collarblue-collarblue-collarblue-collarblue-collarblue-collarblue-collarblue-collarblue-collarblue-collarblue-collarblue-collarblue-collarblue-collarblue-collarblue-collarblue-collarblue-collarblue-collarblue-collarblue-collarblue-collarblue-collarblue-collarblue-collarblue-collarblue-collarblue-collarblue-collarblue-collarblue-collarblue-collarblue-collarblue-collarblue-collarblue-collarblue-collarblue-collarblue-collarblue-collarblue-collarblue-collarblue-collarblue-collarblue-collarblue-collarblue-collarblue-collarblue-collarblue-collarblue-collarblue-collarblue-collarblue-collarblue-collarblue-collarblue-collarblue-collarblue-collarblue-collarblue-collarblue-collarblue-collarblue-collarblue-collarblue-collarblue-collarblue-collarblue-collarblue-collarblue-collarblue-collarblue-collarblue-collarblue-collarblue-collarblue-collarblue-collarblue-collarblue-collarblue-collarblue-collarblue-collarblue-collarblue-collarblue-collarblue-collarblue-collarblue-collarblue-collarblue-collarblue-collarblue-collarblue-collarblue-collarblue-collarblue-collarblue-collarblue-collarblue-collarblue-collarblue-collarblue-collarblue-collarblue-collarblue-collarblue-collarblue-collarblue-collarblue-collarblue-collarblue-collarblue-collarblue-collarblue-collarblue-collarblue-collarblue-collarblue-collarblue-collarblue-collarblue-collarblue-collarblue-collarblue-collarblue-collarblue-collarblue-collarblue-collarblue-collarblue-collarblue-collarblue-collarblue-collarblue-collarblue-collarblue-collarblue-collarblue-collarblue-collarblue-collarblue-collarblue-collarblue-collarblue-collarblue-collarblue-collarblue-collarblue-collarblue-collarblue-collarblue-collarblue-collarblue-collarblue-collarblue-collarblue-collarblue-collarblue-collarblue-collarblue-collarblue-collarblue-collarblue-collarblue-collarblue-collarblue-collarblue-collarblue-collarblue-collarblue-collarblue-collarblue-collarblue-collarblue-collarblue-collarblue-collarblue-collarblue-collarblue-collarblue-collarblue-collarblue-collarblue-collarblue-collarblue-collarblue-collarblue-collarblue-collarblue-collarblue-collarblue-collarblue-collarblue-collarblue-collarblue-collarblue-collarblue-collarblue-collarblue-collarblue-collarblue-collarblue-collarblue-collarblue-collarblue-collarblue-collarblue-collarblue-collarblue-collarblue-collarblue-collarblue-collarblue-collarblue-collarblue-collarblue-collarblue-collarblue-collarblue-collarblue-collarblue-collarblue-collarblue-collarblue-collarblue-collarblue-collarblue-collarblue-collarblue-collarblue-collarblue-collarblue-collarblue-collarblue-collarblue-collarblue-collarblue-collarblue-collarblue-collarblue-collarblue-collarblue-collarblue-collarblue-collarblue-collarblue-collarblue-collarblue-collarblue-collarblue-collarblue-collarblue-collarblue-collarblue-collarblue-collarblue-collarblue-collarblue-collarblue-collarblue-collarblue-collarblue-collarblue-collarblue-collarblue-collarblue-collarblue-collarblue-collarblue-collarblue-collarblue-collarblue-collarblue-collarblue-collarblue-collarblue-collarblue-collarblue-collarblue-collarblue-collarblue-collarblue-collarblue-collarblue-collarblue-collarblue-collarblue-collarblue-collarblue-collarblue-collarblue-collarblue-collarblue-collarblue-collarblue-collarblue-collarblue-collarblue-collarblue-collarblue-collarblue-collarblue-collarblue-collarblue-collarblue-collarblue-collarblue-collarblue-collarblue-collarblue-collarblue-collarblue-collarblue-collarblue-collarblue-collarblue-collarblue-collarblue-collarblue-collarblue-collarblue-collarblue-collarblue-collarblue-collarblue-collarblue-collarblue-collarblue-collarblue-collarblue-collarblue-collarblue-collarblue-collarblue-collarblue-collarblue-collarblue-collarblue-collarblue-collarblue-collarblue-collarblue-collarblue-collarblue-collarblue-collarblue-collarblue-collarblue-collarblue-collarblue-collarblue-collarblue-collarblue-collarblue-collarblue-collarblue-collarblue-collarblue-collarblue-collarblue-collarblue-collarblue-collarblue-collarblue-collarblue-collarblue-collarblue-collarblue-collarblue-collarblue-collarblue-collarblue-collarblue-collarblue-collarblue-collarblue-collarblue-collarblue-collarblue-collarblue-collarblue-collarblue-collarblue-collarblue-collarblue-collarblue-collarblue-collarblue-collarblue-collarblue-collarblue-collarblue-collarblue-collarblue-collarblue-collarblue-collarblue-collarblue-collarblue-collarblue-collarblue-collarblue-collarblue-collarblue-collarblue-collarblue-collarblue-collarblue-collarblue-collarblue-collarblue-collarblue-collarblue-collarblue-collarblue-collarblue-collarblue-collarblue-collarblue-collarblue-collarblue-collarblue-collarblue-collarblue-collarblue-collarblue-collarblue-collarblue-collarblue-collarblue-collarblue-collarblue-collarblue-collarblue-collarblue-collarblue-collarblue-collarblue-collarblue-collarblue-collarblue-collarblue-collarblue-collarblue-collarblue-collarblue-collarblue-collarblue-collarblue-collarblue-collarblue-collarblue-collarblue-collarblue-collarblue-collarblue-collarblue-collarblue-collarblue-collarblue-collarblue-collarblue-collarblue-collarblue-collarblue-collarblue-collarblue-collarblue-collarblue-collarblue-collarblue-collarblue-collarblue-collarblue-collarblue-collarblue-collarblue-collarblue-collarblue-collarblue-collarblue-collarblue-collarblue-collarblue-collarblue-collarblue-collarblue-collarblue-collarblue-collarblue-collarblue-collarblue-collarblue-collarblue-collarblue-collarblue-collarblue-collarblue-collarblue-collarblue-collarblue-collarblue-collarblue-collarblue-collarblue-collarblue-collarblue-collarblue-collarblue-collarblue-collarblue-collarblue-collarblue-collarblue-collarblue-collarblue-collarblue-collarblue-collarblue-collarblue-collarblue-collarblue-collarblue-collarblue-collarblue-collarblue-collarblue-collarblue-collarblue-collarblue-collarblue-collarblue-collarblue-collarblue-collarblue-collarblue-collarblue-collarblue-collarblue-collarblue-collarblue-collarblue-collarblue-collarblue-collarblue-collarblue-collarblue-collarblue-collarblue-collarblue-collarblue-collarblue-collarblue-collarblue-collarblue-collarblue-collarblue-collarblue-collarblue-collarblue-collarblue-collarblue-collarblue-collarblue-collarblue-collarblue-collarblue-collarblue-collarblue-collarblue-collarblue-collarblue-collarblue-collarblue-collarblue-collarblue-collarblue-collarblue-collarblue-collarblue-collarblue-collarblue-collarblue-collarblue-collarblue-collarblue-collarblue-collarblue-collarblue-collarblue-collarblue-collarblue-collarblue-collarblue-collarblue-collarblue-collarblue-collarblue-collarblue-collarblue-collarblue-collarblue-collarblue-collarblue-collarblue-collarblue-collarblue-collarblue-collarblue-collarblue-collarblue-collarblue-collarblue-collarblue-collarblue-collarblue-collarblue-collarblue-collarblue-collarblue-collarblue-collarblue-collarblue-collarblue-collarblue-collarblue-collarblue-collarblue-collarblue-collarblue-collarblue-collarblue-collarblue-collarblue-collarblue-collarblue-collarblue-collarblue-collarblue-collarblue-collarblue-collarblue-collarblue-collarblue-collarblue-collarblue-collarblue-collarblue-collarblue-collarblue-collarblue-collarblue-collarblue-collarblue-collarblue-collarblue-collarblue-collarblue-collarblue-collarblue-collarblue-collarblue-collarblue-collarblue-collarblue-collarblue-collarblue-collarblue-collarblue-collarblue-collarblue-collarblue-collarblue-collarblue-collarblue-collarblue-collarblue-collarblue-collarblue-collarblue-collarblue-collarblue-collarblue-collarblue-collarblue-collarblue-collarblue-collarblue-collarblue-collarblue-collarblue-collarblue-collarblue-collarblue-collarblue-collarblue-collarblue-collarblue-collarblue-collarblue-collarblue-collarblue-collarblue-collarblue-collarblue-collarblue-collarblue-collarblue-collarblue-collarblue-collarblue-collarblue-collarblue-collarblue-collarblue-collarblue-collarblue-collarblue-collarblue-collarblue-collarblue-collarblue-collarblue-collarblue-collarblue-collarblue-collarblue-collarblue-collarblue-collarblue-collarblue-collarblue-collarblue-collarblue-collarblue-collarblue-collarblue-collarblue-collarblue-collarblue-collarblue-collarblue-collarblue-collarblue-collarblue-collarblue-collarblue-collarblue-collarblue-collarblue-collarblue-collarblue-collarblue-collarblue-collarblue-collarblue-collarblue-collarblue-collarblue-collarblue-collarblue-collarblue-collarblue-collarblue-collarblue-collarblue-collarblue-collarblue-collarblue-collarblue-collarblue-collarblue-collarblue-collarblue-collarblue-collarblue-collarblue-collarblue-collarblue-collarblue-collarblue-collarblue-collarblue-collarblue-collarblue-collarblue-collarblue-collarblue-collarblue-collarblue-collarblue-collarblue-collarblue-collarblue-collarblue-collarblue-collarblue-collarblue-collarblue-collarblue-collarblue-collarblue-collarblue-collarblue-collarblue-collarblue-collarblue-collarblue-collarblue-collarblue-collarblue-collarblue-collarblue-collarblue-collarblue-collarblue-collarblue-collarblue-collarblue-collarblue-collarblue-collarblue-collarblue-collarblue-collarblue-collarblue-collarblue-collarblue-collarblue-collarblue-collarblue-collarblue-collarblue-collarblue-collarblue-collarblue-collarblue-collarblue-collarblue-collarblue-collarblue-collarblue-collarblue-collarblue-collarblue-collarblue-collarblue-collarblue-collarblue-collarblue-collarblue-collarblue-collarblue-collarblue-collarblue-collarblue-collarblue-collarblue-collarblue-collarblue-collarblue-collarblue-collarblue-collarblue-collarblue-collarblue-collarblue-collarblue-collarblue-collarblue-collarblue-collarblue-collarblue-collarblue-collarblue-collarblue-collarblue-collarblue-collarblue-collarblue-collarblue-collarblue-collarblue-collarblue-collarblue-collarblue-collarblue-collarblue-collarblue-collarblue-collarblue-collarblue-collarblue-collarblue-collarblue-collarblue-collarblue-collarblue-collarblue-collarblue-collarblue-collarblue-collarblue-collarblue-collarblue-collarblue-collarblue-collarblue-collarblue-collarblue-collarblue-collarblue-collarblue-collarblue-collarblue-collarblue-collarblue-collarblue-collarblue-collarblue-collarblue-collarblue-collarblue-collarblue-collarblue-collarblue-collarblue-collarblue-collarblue-collarblue-collarblue-collarblue-collarblue-collarblue-collarblue-collarblue-collarblue-collarblue-collarblue-collarblue-collarblue-collarblue-collarblue-collarblue-collarblue-collarblue-collarblue-collarblue-collarblue-collarblue-collarblue-collarblue-collarblue-collarblue-collarblue-collarblue-collarblue-collarblue-collarblue-collarblue-collarblue-collarblue-collarblue-collarblue-collarblue-collarblue-collarblue-collarblue-collarblue-collarblue-collarblue-collarblue-collarblue-collarblue-collarblue-collarblue-collarblue-collarblue-collarblue-collarblue-collarblue-collarblue-collarblue-collarblue-collarblue-collarblue-collarblue-collarblue-collarblue-collarblue-collarblue-collarblue-collarblue-collarblue-collarblue-collarblue-collarblue-collarblue-collarblue-collarblue-collarblue-collarblue-collarblue-collarblue-collarblue-collarblue-collarblue-collarblue-collarblue-collarblue-collarblue-collarblue-collarblue-collarblue-collarblue-collarblue-collarblue-collarblue-collarblue-collarblue-collarblue-collarblue-collarblue-collarblue-collarblue-collarblue-collarblue-collarblue-collarblue-collarblue-collarblue-collarblue-collarblue-collarblue-collarblue-collarblue-collarblue-collarblue-collarblue-collarblue-collarblue-collarblue-collarblue-collarblue-collarblue-collarblue-collarblue-collarblue-collarblue-collarblue-collarblue-collarblue-collarblue-collarblue-collarblue-collarblue-collarblue-collarblue-collarblue-collarblue-collarblue-collarblue-collarblue-collarblue-collarblue-collarblue-collarblue-collarblue-collarblue-collarblue-collarblue-collarblue-collarblue-collarblue-collarblue-collarblue-collarblue-collarblue-collarblue-collarblue-collarblue-collarblue-collarblue-collarblue-collarblue-collarblue-collarblue-collarblue-collarblue-collarblue-collarblue-collarblue-collarblue-collarblue-collarblue-collarblue-collarblue-collarblue-collarblue-collarblue-collarblue-collarblue-collarblue-collarblue-collarblue-collarblue-collarblue-collarblue-collarblue-collarblue-collarblue-collarblue-collarblue-collarblue-collarblue-collarblue-collarblue-collarblue-collarblue-collarblue-collarblue-collarblue-collarblue-collarblue-collarblue-collarblue-collarblue-collarblue-collarblue-collarblue-collarblue-collarblue-collarblue-collarblue-collarblue-collarblue-collarblue-collarblue-collarblue-collarblue-collarblue-collarblue-collarblue-collarblue-collarblue-collarblue-collarblue-collarblue-collarblue-collarblue-collarblue-collarblue-collarblue-collarblue-collarblue-collarblue-collarblue-collarblue-collarblue-collarblue-collarblue-collarblue-collarblue-collarblue-collarblue-collarblue-collarblue-collarblue-collarblue-collarblue-collarblue-collarblue-collarblue-collarblue-collarblue-collarblue-collarblue-collarblue-collarblue-collarblue-collarblue-collarblue-collarblue-collarblue-collarblue-collarblue-collarblue-collarblue-collarblue-collarblue-collarblue-collarblue-collarblue-collarblue-collarblue-collarblue-collarblue-collarblue-collarblue-collarblue-collarblue-collarblue-collarblue-collarblue-collarblue-collarblue-collarblue-collarblue-collarblue-collarblue-collarblue-collarblue-collarblue-collarblue-collarblue-collarblue-collarblue-collarblue-collarblue-collarblue-collarblue-collarblue-collarblue-collarblue-collarblue-collarblue-collarblue-collarblue-collarblue-collarblue-collarblue-collarblue-collarblue-collarblue-collarblue-collarblue-collarblue-collarblue-collarblue-collarblue-collarblue-collarblue-collarblue-collarblue-collarblue-collarblue-collarblue-collarblue-collarblue-collarblue-collarblue-collarblue-collarblue-collarblue-collarblue-collarblue-collarblue-collarblue-collarblue-collarblue-collarblue-collarblue-collarblue-collarblue-collarblue-collarblue-collarblue-collarblue-collarblue-collarblue-collarblue-collarblue-collarblue-collarblue-collarblue-collarblue-collarblue-collarblue-collarblue-collarblue-collarblue-collarblue-collarblue-collarblue-collarblue-collarblue-collarblue-collarblue-collarblue-collarblue-collarblue-collarblue-collarblue-collarblue-collarblue-collarblue-collarblue-collarblue-collarblue-collarblue-collarblue-collarblue-collarblue-collarblue-collarblue-collarblue-collarblue-collarblue-collarblue-collarblue-collarblue-collarblue-collarblue-collarblue-collarblue-collarblue-collarblue-collarblue-collarblue-collarblue-collarblue-collarblue-collarblue-collarblue-collarblue-collarblue-collarblue-collarblue-collarblue-collarblue-collarblue-collarblue-collarblue-collarblue-collarblue-collarblue-collarblue-collarblue-collarblue-collarblue-collarblue-collarblue-collarblue-collarblue-collarblue-collarblue-collarblue-collarblue-collarblue-collarblue-collarblue-collarblue-collarblue-collarblue-collarblue-collarblue-collarblue-collarblue-collarblue-collarblue-collarblue-collarblue-collarblue-collarblue-collarblue-collarblue-collarblue-collarblue-collarblue-collarblue-collarblue-collarblue-collarblue-collarblue-collarblue-collarblue-collarblue-collarblue-collarblue-collarblue-collarblue-collarblue-collarblue-collarblue-collarblue-collarblue-collarblue-collarblue-collarblue-collarblue-collarblue-collarblue-collarblue-collarblue-collarblue-collarblue-collarblue-collarblue-collarblue-collarblue-collarblue-collarblue-collarblue-collarblue-collarblue-collarblue-collarblue-collarblue-collarblue-collarblue-collarblue-collarblue-collarblue-collarblue-collarblue-collarblue-collarblue-collarblue-collarblue-collarblue-collarblue-collarblue-collarblue-collarblue-collarblue-collarblue-collarblue-collarblue-collarblue-collarblue-collarblue-collarblue-collarblue-collarblue-collarblue-collarblue-collarblue-collarblue-collarblue-collarblue-collarblue-collarblue-collarblue-collarblue-collarblue-collarblue-collarblue-collarblue-collarblue-collarblue-collarblue-collarblue-collarblue-collarblue-collarblue-collarblue-collarblue-collarblue-collarblue-collarblue-collarblue-collarblue-collarblue-collarblue-collarblue-collarblue-collarblue-collarblue-collarblue-collarblue-collarblue-collarblue-collarblue-collarblue-collarblue-collarblue-collarblue-collarblue-collarblue-collarblue-collarblue-collarblue-collarblue-collarblue-collarblue-collarblue-collarblue-collarblue-collarblue-collarblue-collarblue-collarblue-collarblue-collarblue-collarblue-collarblue-collarblue-collarblue-collarblue-collarblue-collarblue-collarblue-collarblue-collarblue-collarblue-collarblue-collarblue-collarblue-collarblue-collarblue-collarblue-collarblue-collarblue-collarblue-collarblue-collarblue-collarblue-collarblue-collarblue-collarblue-collarblue-collarblue-collarblue-collarblue-collarblue-collarblue-collarblue-collarblue-collarblue-collarblue-collarblue-collarblue-collarblue-collarblue-collarblue-collarblue-collarblue-collarblue-collarblue-collarblue-collarblue-collarblue-collarblue-collarblue-collarblue-collarblue-collarblue-collarblue-collarblue-collarblue-collarblue-collarblue-collarblue-collarblue-collarblue-collarblue-collarblue-collarblue-collarblue-collarblue-collarblue-collarblue-collarblue-collarblue-collarblue-collarblue-collarblue-collarblue-collarblue-collarblue-collarblue-collarblue-collarblue-collarblue-collarblue-collarblue-collarblue-collarblue-collarblue-collarblue-collarblue-collarblue-collarblue-collarblue-collarblue-collarblue-collarblue-collarblue-collarblue-collarblue-collarblue-collarblue-collarblue-collarblue-collarblue-collarblue-collarblue-collarblue-collarblue-collarblue-collarblue-collarblue-collarblue-collarblue-collarblue-collarblue-collarblue-collarblue-collarblue-collarblue-collarblue-collarblue-collarblue-collarblue-collarblue-collarblue-collarblue-collarblue-collarblue-collarblue-collarblue-collarblue-collarblue-collarblue-collarblue-collarblue-collarblue-collarblue-collarblue-collarblue-collarblue-collarblue-collarblue-collarblue-collarblue-collarblue-collarblue-collarblue-collarblue-collarblue-collarblue-collarblue-collarblue-collarblue-collarblue-collarblue-collarblue-collarblue-collarblue-collarblue-collarblue-collarblue-collarblue-collarblue-collarblue-collarblue-collarblue-collarblue-collarblue-collarblue-collarblue-collarblue-collarblue-collarblue-collarblue-collarblue-collarblue-collarblue-collarblue-collarblue-collarblue-collarblue-collarblue-collarblue-collarblue-collarblue-collarblue-collarblue-collarblue-collarblue-collarblue-collarblue-collarblue-collarblue-collarblue-collarblue-collarblue-collarblue-collarblue-collarblue-collarblue-collarblue-collarblue-collarblue-collarblue-collarblue-collarblue-collarblue-collarblue-collarblue-collarblue-collarblue-collarblue-collarblue-collarblue-collarblue-collarblue-collarblue-collarblue-collarblue-collarblue-collarblue-collarblue-collarblue-collarblue-collarblue-collarblue-collarblue-collarblue-collarblue-collarblue-collarblue-collarblue-collarblue-collarblue-collarblue-collarblue-collarblue-collarblue-collarblue-collarblue-collarblue-collarblue-collarblue-collarblue-collarblue-collarblue-collarblue-collarblue-collarblue-collarblue-collarblue-collarblue-collarblue-collarblue-collarblue-collarblue-collarblue-collarblue-collarblue-collarblue-collarblue-collarblue-collarblue-collarblue-collarblue-collarblue-collarblue-collarblue-collarblue-collarblue-collarblue-collarblue-collarblue-collarblue-collarblue-collarblue-collarblue-collarblue-collarblue-collarblue-collarblue-collarblue-collarblue-collarblue-collarblue-collarblue-collarblue-collarblue-collarblue-collarblue-collarblue-collarblue-collarblue-collarblue-collarblue-collarblue-collarblue-collarblue-collarblue-collarblue-collarblue-collarblue-collarblue-collarblue-collarblue-collarblue-collarblue-collarblue-collarblue-collarblue-collarblue-collarblue-collarblue-collarblue-collarblue-collarblue-collarblue-collarblue-collarblue-collarblue-collarblue-collarblue-collarblue-collarblue-collarblue-collarblue-collarblue-collarblue-collarblue-collarblue-collarblue-collarblue-collarblue-collarblue-collarblue-collarblue-collarblue-collarblue-collarblue-collarblue-collarblue-collarblue-collarblue-collarblue-collarblue-collarblue-collarblue-collarblue-collarblue-collarblue-collarblue-collarblue-collarblue-collarblue-collarblue-collarblue-collarblue-collarblue-collarblue-collarblue-collarblue-collarblue-collarblue-collarblue-collarblue-collarblue-collarblue-collarblue-collarblue-collarblue-collarblue-collarblue-collarblue-collarblue-collarblue-collarblue-collarblue-collarblue-collarblue-collarblue-collarblue-collarblue-collarblue-collarblue-collarblue-collarblue-collarblue-collarblue-collarblue-collarblue-collarblue-collarblue-collarblue-collarblue-collarblue-collarblue-collarblue-collarblue-collarblue-collarblue-collarblue-collarblue-collarblue-collarblue-collarblue-collarblue-collarblue-collarblue-collarblue-collarblue-collarblue-collarblue-collarblue-collarblue-collarblue-collarblue-collarblue-collarblue-collarblue-collarblue-collarblue-collarblue-collarblue-collarblue-collarblue-collarblue-collarblue-collarblue-collarblue-collarblue-collarblue-collarblue-collarblue-collarblue-collarblue-collarblue-collarblue-collarblue-collarblue-collarblue-collarblue-collarblue-collarblue-collarblue-collarblue-collarblue-collarblue-collarblue-collarblue-collarblue-collarblue-collarblue-collarblue-collarblue-collarblue-collarblue-collarblue-collarblue-collarblue-collarblue-collarblue-collarblue-collarblue-collarblue-collarblue-collarblue-collarblue-collarblue-collarblue-collarblue-collarblue-collarblue-collarblue-collarblue-collarblue-collarblue-collarblue-collarblue-collarblue-collarblue-collarblue-collarblue-collarblue-collarblue-collarblue-collarblue-collarblue-collarblue-collarblue-collarblue-collarblue-collarblue-collarblue-collarblue-collarblue-collarblue-collarblue-collarblue-collarblue-collarblue-collarblue-collarblue-collarblue-collarblue-collarblue-collarblue-collarblue-collarblue-collarblue-collarblue-collarblue-collarblue-collarblue-collarblue-collarblue-collarblue-collarblue-collarblue-collarblue-collarblue-collarblue-collarblue-collarblue-collarblue-collarblue-collarblue-collarblue-collarblue-collarblue-collarblue-collarblue-collarblue-collarblue-collarblue-collarblue-collarblue-collarblue-collarblue-collarblue-collarblue-collarblue-collarblue-collarblue-collarblue-collarblue-collarblue-collarblue-collarblue-collarblue-collarblue-collarblue-collarblue-collarblue-collarblue-collarblue-collarblue-collarblue-collarblue-collarblue-collarblue-collarblue-collarblue-collarblue-collarblue-collarblue-collarblue-collarblue-collarblue-collarblue-collarblue-collarblue-collarblue-collarblue-collarblue-collarblue-collarblue-collarblue-collarblue-collarblue-collarblue-collarblue-collarblue-collarblue-collarblue-collarblue-collarblue-collarblue-collarblue-collarblue-collarblue-collarblue-collarblue-collarblue-collarblue-collarblue-collarblue-collarblue-collarblue-collarblue-collarblue-collarblue-collarblue-collarblue-collarblue-collarblue-collarblue-collarblue-collarblue-collarblue-collarblue-collarblue-collarblue-collarblue-collarblue-collarblue-collarblue-collarblue-collarblue-collarblue-collarblue-collarblue-collarblue-collarblue-collarblue-collarblue-collarblue-collarblue-collarblue-collarblue-collarblue-collarblue-collarblue-collarblue-collarblue-collarblue-collarblue-collarblue-collarblue-collarblue-collarblue-collarblue-collarblue-collarblue-collarblue-collarblue-collarblue-collarblue-collarblue-collarblue-collarblue-collarblue-collarblue-collarblue-collarblue-collarblue-collarblue-collarblue-collarblue-collarblue-collarblue-collarblue-collarblue-collarblue-collarblue-collarblue-collarblue-collarblue-collarblue-collarblue-collarblue-collarblue-collarblue-collarblue-collarblue-collarblue-collarblue-collarblue-collarblue-collarblue-collarblue-collarblue-collarblue-collarblue-collarblue-collarblue-collarblue-collarblue-collarblue-collarblue-collarblue-collarblue-collarblue-collarblue-collarblue-collarblue-collarblue-collarblue-collarblue-collarblue-collarblue-collarblue-collarblue-collarblue-collarblue-collarblue-collarblue-collarblue-collarblue-collarblue-collarblue-collarblue-collarblue-collarblue-collarblue-collarblue-collarblue-collarblue-collarblue-collarblue-collarblue-collarblue-collarblue-collarblue-collarblue-collarblue-collarblue-collarblue-collarblue-collarblue-collarblue-collarblue-collarblue-collarblue-collarblue-collarblue-collarblue-collarblue-collarblue-collarblue-collarblue-collarblue-collarblue-collarblue-collarblue-collarblue-collarblue-collarblue-collarblue-collarblue-collarblue-collarblue-collarblue-collarblue-collarblue-collarblue-collarblue-collarblue-collarblue-collarblue-collarblue-collarblue-collarblue-collarblue-collarblue-collarblue-collarblue-collarblue-collarblue-collarblue-collarblue-collarblue-collarblue-collarblue-collarblue-collarblue-collarblue-collarblue-collarblue-collarblue-collarblue-collarblue-collarblue-collarblue-collarblue-collarblue-collarblue-collarblue-collarblue-collarblue-collarblue-collarblue-collarblue-collarblue-collarblue-collarblue-collarblue-collarblue-collarblue-collarblue-collarblue-collarblue-collarblue-collarblue-collarblue-collarblue-collarblue-collarblue-collarblue-collarblue-collarblue-collarblue-collarblue-collarblue-collarblue-collarblue-collarblue-collarblue-collarblue-collarblue-collarblue-collarblue-collarblue-collarblue-collarblue-collarblue-collarblue-collarblue-collarblue-collarblue-collarblue-collarblue-collarblue-collarblue-collarblue-collarblue-collarblue-collarblue-collarblue-collarblue-collarblue-collarblue-collarblue-collarblue-collarblue-collarblue-collarblue-collarblue-collarblue-collarblue-collarblue-collarblue-collarblue-collarblue-collarblue-collarblue-collarblue-collarblue-collarblue-collarblue-collarblue-collarblue-collarblue-collarblue-collarblue-collarblue-collarblue-collarblue-collarblue-collarblue-collarblue-collarblue-collarblue-collarblue-collarblue-collarblue-collarblue-collarblue-collarblue-collarblue-collarblue-collarblue-collarblue-collarblue-collarblue-collarblue-collarblue-collarblue-collarblue-collarblue-collarblue-collarblue-collarblue-collarblue-collarblue-collarblue-collarblue-collarblue-collarblue-collarblue-collarblue-collarblue-collarblue-collarblue-collarblue-collarblue-collarblue-collarblue-collarblue-collarblue-collarblue-collarblue-collarblue-collarblue-collarblue-collarblue-collarblue-collarblue-collarblue-collarblue-collarblue-collarblue-collarblue-collarblue-collarblue-collarblue-collarblue-collarblue-collarblue-collarblue-collarblue-collarblue-collarblue-collarblue-collarblue-collarblue-collarblue-collarblue-collarblue-collarblue-collarblue-collarblue-collarblue-collarblue-collarblue-collarblue-collarblue-collarblue-collarblue-collarblue-collarblue-collarblue-collarblue-collarblue-collarblue-collarblue-collarblue-collarblue-collarblue-collarblue-collarblue-collarblue-collarblue-collarblue-collarblue-collarblue-collarblue-collarblue-collarblue-collarblue-collarblue-collarblue-collarblue-collarblue-collarblue-collarblue-collarblue-collarblue-collarblue-collarblue-collarblue-collarblue-collarblue-collarblue-collarblue-collarblue-collarblue-collarblue-collarblue-collarblue-collarblue-collarblue-collarblue-collarblue-collarblue-collarblue-collarblue-collarblue-collarblue-collarblue-collarblue-collarblue-collarblue-collarblue-collarblue-collarblue-collarblue-collarblue-collarblue-collarblue-collarblue-collarblue-collarblue-collarblue-collarblue-collarblue-collarblue-collarblue-collarblue-collarblue-collarblue-collarblue-collarblue-collarblue-collarblue-collarblue-collarblue-collarblue-collarblue-collarblue-collarblue-collarblue-collarblue-collarblue-collarblue-collarblue-collarblue-collarblue-collarblue-collarblue-collarblue-collarblue-collarblue-collarblue-collarblue-collarblue-collarblue-collarblue-collarblue-collarblue-collarblue-collarblue-collarblue-collarblue-collarblue-collarblue-collarblue-collarblue-collarblue-collarblue-collarblue-collarblue-collarblue-collarblue-collarblue-collarblue-collarblue-collarblue-collarblue-collarblue-collarblue-collarblue-collarblue-collarblue-collarblue-collarblue-collarblue-collarblue-collarblue-collarblue-collarblue-collarblue-collarblue-collarblue-collarblue-collarblue-collarblue-collarblue-collarblue-collarblue-collarblue-collarblue-collarblue-collarblue-collarblue-collarblue-collarblue-collarblue-collarblue-collarblue-collarblue-collarblue-collarblue-collarblue-collarblue-collarblue-collarblue-collarblue-collarblue-collarblue-collarblue-collarblue-collarblue-collarblue-collarblue-collarblue-collarblue-collarblue-collarblue-collarblue-collarblue-collarblue-collarblue-collarblue-collarblue-collarblue-collarblue-collarblue-collarblue-collarblue-collarblue-collarblue-collarblue-collarblue-collarblue-collarblue-collarblue-collarblue-collarblue-collarblue-collarblue-collarblue-collarblue-collarblue-collarblue-collarblue-collarblue-collarblue-collarblue-collarblue-collarblue-collarblue-collarblue-collarblue-collarblue-collarblue-collarblue-collarblue-collarblue-collarblue-collarblue-collarblue-collarblue-collarblue-collarblue-collarblue-collarblue-collarblue-collarblue-collarblue-collarblue-collarblue-collarblue-collarblue-collarblue-collarblue-collarblue-collarblue-collarblue-collarblue-collarblue-collarblue-collarblue-collarblue-collarblue-collarblue-collarblue-collarblue-collarblue-collarblue-collarblue-collarblue-collarblue-collarblue-collarblue-collarblue-collarblue-collarblue-collarblue-collarblue-collarblue-collarblue-collarblue-collarblue-collarblue-collarblue-collarblue-collarblue-collarblue-collarblue-collarblue-collarblue-collarblue-collarblue-collarblue-collarblue-collarblue-collarblue-collarblue-collarblue-collarblue-collarblue-collarblue-collarblue-collarblue-collarblue-collarblue-collarblue-collarblue-collarblue-collarblue-collarblue-collarblue-collarblue-collarblue-collarblue-collarblue-collarblue-collarblue-collarblue-collarblue-collarblue-collarblue-collarblue-collarblue-collarblue-collarblue-collarblue-collarblue-collarblue-collarblue-collarblue-collarblue-collarblue-collarblue-collarblue-collarblue-collarblue-collarblue-collarblue-collarblue-collarblue-collarblue-collarblue-collarblue-collarblue-collarblue-collarblue-collarblue-collarblue-collarblue-collarblue-collarblue-collarblue-collarblue-collarblue-collarblue-collarblue-collarblue-collarblue-collarblue-collarblue-collarblue-collarblue-collarblue-collarblue-collarblue-collarblue-collarblue-collarblue-collarblue-collarblue-collarblue-collarblue-collarblue-collarblue-collarblue-collarblue-collarblue-collarblue-collarblue-collarblue-collarblue-collarblue-collarblue-collarblue-collarblue-collarblue-collarblue-collarblue-collarblue-collarblue-collarblue-collarblue-collarblue-collarblue-collarblue-collarblue-collarblue-collarblue-collarblue-collarblue-collarblue-collarblue-collarblue-collarblue-collarblue-collarblue-collarblue-collarblue-collarblue-collarblue-collarblue-collarblue-collarblue-collarblue-collarblue-collarblue-collarblue-collarblue-collarblue-collarblue-collarblue-collarblue-collarblue-collarblue-collarblue-collarblue-collarblue-collarblue-collarblue-collarblue-collarblue-collarblue-collarblue-collarblue-collarblue-collarblue-collarblue-collarblue-collarblue-collarblue-collarblue-collarblue-collarblue-collarblue-collarblue-collarblue-collarblue-collarblue-collarblue-collarblue-collarblue-collarblue-collarblue-collarblue-collarblue-collarblue-collarblue-collarblue-collarblue-collarblue-collarblue-collarblue-collarblue-collarblue-collarblue-collarblue-collarblue-collarblue-collarblue-collarblue-collarblue-collarblue-collarblue-collarblue-collarblue-collarblue-collarblue-collarblue-collarblue-collarblue-collarblue-collarblue-collarblue-collarblue-collarblue-collarblue-collarblue-collarblue-collarblue-collarblue-collarblue-collarblue-collarblue-collarblue-collarblue-collarblue-collarblue-collarblue-collarblue-collarblue-collarblue-collarblue-collarblue-collarblue-collarblue-collarblue-collarblue-collarblue-collarblue-collarblue-collarblue-collarblue-collarblue-collarblue-collarblue-collarblue-collarblue-collarblue-collarblue-collarblue-collarblue-collarblue-collarblue-collarblue-collarblue-collarblue-collarblue-collarblue-collarblue-collarblue-collarblue-collarblue-collarblue-collarblue-collarblue-collarblue-collarblue-collarblue-collarblue-collarblue-collarblue-collarblue-collarblue-collarblue-collarblue-collarblue-collarblue-collarblue-collarblue-collarblue-collarblue-collarblue-collarblue-collarblue-collarblue-collarblue-collarblue-collarblue-collarblue-collarblue-collarblue-collarblue-collarblue-collarblue-collarblue-collarblue-collarblue-collarblue-collarblue-collarblue-collarblue-collarblue-collarblue-collarblue-collarblue-collarblue-collarblue-collarblue-collarblue-collarblue-collarblue-collarblue-collarblue-collarblue-collarblue-collarblue-collarblue-collarblue-collarblue-collarblue-collarblue-collarblue-collarblue-collarblue-collarblue-collarblue-collarblue-collarblue-collarblue-collarblue-collarblue-collarblue-collarblue-collarblue-collarblue-collarblue-collarblue-collarblue-collarblue-collarblue-collarblue-collarblue-collarblue-collarblue-collarblue-collarblue-collarblue-collarblue-collarblue-collarblue-collarblue-collarblue-collarblue-collarblue-collarblue-collarblue-collarblue-collarblue-collarblue-collarblue-collarblue-collarblue-collarblue-collarblue-collarblue-collarblue-collarblue-collarblue-collarblue-collarblue-collarblue-collarblue-collarblue-collarblue-collarblue-collarblue-collarblue-collarblue-collarblue-collarblue-collarblue-collarblue-collarblue-collarblue-collarblue-collarblue-collarblue-collarblue-collarblue-collarblue-collarblue-collarblue-collarblue-collarblue-collarblue-collarblue-collarblue-collarblue-collarblue-collarblue-collarblue-collarblue-collarblue-collarblue-collarblue-collarblue-collarblue-collarblue-collarblue-collarblue-collarblue-collarblue-collarblue-collarblue-collarblue-collarblue-collarblue-collarblue-collarblue-collarblue-collarblue-collarblue-collarblue-collarblue-collarblue-collarblue-collarblue-collarblue-collarblue-collarblue-collarblue-collarblue-collarblue-collarblue-collarblue-collarblue-collarblue-collarblue-collarblue-collarblue-collarblue-collarblue-collarblue-collarblue-collarblue-collarblue-collarblue-collarblue-collarblue-collarblue-collarblue-collarblue-collarblue-collarblue-collarblue-collarblue-collarblue-collarblue-collarblue-collarblue-collarblue-collarblue-collarblue-collarblue-collarblue-collarblue-collarblue-collarblue-collarblue-collarblue-collarblue-collarblue-collarblue-collarblue-collarblue-collarblue-collarblue-collarblue-collarblue-collarblue-collarblue-collarblue-collarblue-collarblue-collarblue-collarblue-collarblue-collarblue-collarblue-collarblue-collarblue-collarblue-collarblue-collarblue-collarblue-collarblue-collarblue-collarblue-collarblue-collarblue-collarblue-collarblue-collarblue-collarblue-collarblue-collarblue-collarblue-collarblue-collarblue-collarblue-collarblue-collarblue-collarblue-collarblue-collarblue-collarblue-collarblue-collarblue-collarblue-collarblue-collarblue-collarblue-collarblue-collarblue-collarblue-collarblue-collarblue-collarblue-collarblue-collarblue-collarblue-collarblue-collarblue-collarblue-collarblue-collarblue-collarblue-collarblue-collarblue-collarblue-collarblue-collarblue-collarblue-collarblue-collarblue-collarblue-collarblue-collarblue-collarblue-collarblue-collarblue-collarblue-collarblue-collarblue-collarblue-collarblue-collarblue-collarblue-collarblue-collarblue-collarblue-collarblue-collarblue-collarblue-collarblue-collarblue-collarblue-collarblue-collarblue-collarblue-collarblue-collarblue-collarblue-collarblue-collarblue-collarblue-collarblue-collarblue-collarblue-collarblue-collarblue-collarblue-collarblue-collarblue-collarblue-collarblue-collarblue-collarblue-collarblue-collarblue-collarblue-collarblue-collarblue-collarblue-collarblue-collarblue-collarblue-collarblue-collarblue-collarblue-collarblue-collarblue-collarblue-collarblue-collarblue-collarblue-collarblue-collarblue-collarblue-collarblue-collarblue-collarblue-collarblue-collarblue-collarblue-collarblue-collarblue-collarblue-collarblue-collarblue-collarblue-collarblue-collarblue-collarblue-collarblue-collarblue-collarblue-collarblue-collarblue-collarblue-collarblue-collarblue-collarblue-collarblue-collarblue-collarblue-collarblue-collarblue-collarblue-collarblue-collarblue-collarblue-collarblue-collarblue-collarblue-collarblue-collarblue-collarblue-collarblue-collarblue-collarblue-collarblue-collarblue-collarblue-collarblue-collarblue-collarblue-collarblue-collarblue-collarblue-collarblue-collarblue-collarblue-collarblue-collarblue-collarblue-collarblue-collarblue-collarblue-collarblue-collarblue-collarblue-collarblue-collarblue-collarblue-collarblue-collarblue-collarblue-collarblue-collarblue-collarblue-collarblue-collarblue-collarblue-collarblue-collarblue-collarblue-collarblue-collarblue-collarblue-collarblue-collarblue-collarblue-collarblue-collarblue-collarblue-collarblue-collarblue-collarblue-collarblue-collarblue-collarblue-collarblue-collarblue-collarblue-collarblue-collarblue-collarblue-collarblue-collarblue-collarblue-collarblue-collarblue-collarblue-collarblue-collarblue-collarblue-collarblue-collarblue-collarblue-collarblue-collarblue-collarblue-collarblue-collarblue-collarblue-collarblue-collarblue-collarblue-collarblue-collarblue-collarblue-collarblue-collarblue-collarblue-collarblue-collarblue-collarblue-collarblue-collarblue-collarblue-collarblue-collarblue-collarblue-collarblue-collarblue-collarblue-collarblue-collarblue-collarblue-collarblue-collarblue-collarblue-collarblue-collarblue-collarblue-collarblue-collarblue-collarblue-collarblue-collarblue-collarblue-collarblue-collarblue-collarblue-collarblue-collarblue-collarblue-collarblue-collarblue-collarblue-collarblue-collarblue-collarblue-collarblue-collarblue-collarblue-collarblue-collarblue-collarblue-collarblue-collarblue-collarblue-collarblue-collarblue-collarblue-collarblue-collarblue-collarblue-collarblue-collarblue-collarblue-collarblue-collarblue-collarblue-collarblue-collarblue-collarblue-collarblue-collarblue-collarblue-collarblue-collarblue-collarblue-collarblue-collarblue-collarblue-collarblue-collarblue-collarblue-collarblue-collarblue-collarblue-collarblue-collarblue-collarblue-collarblue-collarblue-collarblue-collarblue-collarblue-collarblue-collarblue-collarblue-collarblue-collarblue-collarblue-collarblue-collarblue-collarblue-collarblue-collarblue-collarblue-collarblue-collarblue-collarblue-collarblue-collarblue-collarblue-collarblue-collarblue-collarblue-collarblue-collarblue-collarblue-collarblue-collarblue-collarblue-collarblue-collarblue-collarblue-collarblue-collarblue-collarblue-collarblue-collarblue-collarblue-collarblue-collarblue-collarblue-collarblue-collarblue-collarblue-collarblue-collarblue-collarblue-collarblue-collarblue-collarblue-collarblue-collarblue-collarblue-collarblue-collarblue-collarblue-collarblue-collarblue-collarblue-collarblue-collarblue-collarblue-collarblue-collarblue-collarblue-collarblue-collarblue-collarblue-collarblue-collarblue-collarblue-collarblue-collarblue-collarblue-collarblue-collarblue-collarblue-collarblue-collarblue-collarblue-collarblue-collarblue-collarblue-collarblue-collarblue-collarblue-collarblue-collarblue-collarblue-collarblue-collarblue-collarblue-collarblue-collarblue-collarblue-collarblue-collarblue-collarblue-collarblue-collarblue-collarblue-collarblue-collarblue-collarblue-collarblue-collarblue-collarblue-collarblue-collarblue-collarblue-collarblue-collarblue-collarblue-collarblue-collarblue-collarblue-collarblue-collarblue-collarblue-collarblue-collarblue-collarblue-collarblue-collarblue-collarblue-collarblue-collarblue-collarblue-collarblue-collarblue-collarblue-collarblue-collarblue-collarblue-collarblue-collarblue-collarblue-collarblue-collarblue-collarblue-collarblue-collarblue-collarblue-collarblue-collarblue-collarblue-collarblue-collarblue-collarblue-collarblue-collarblue-collarblue-collarblue-collarblue-collarblue-collarblue-collarblue-collarblue-collarblue-collarblue-collarblue-collarblue-collarblue-collarblue-collarblue-collarblue-collarblue-collarblue-collarblue-collarblue-collarblue-collarblue-collarblue-collarblue-collarblue-collarblue-collarblue-collarblue-collarblue-collarblue-collarblue-collarblue-collarblue-collarblue-collarblue-collarblue-collarblue-collarblue-collarblue-collarblue-collarblue-collarblue-collarblue-collarblue-collarblue-collarblue-collarblue-collarblue-collarblue-collarblue-collarblue-collarblue-collarblue-collarblue-collarblue-collarblue-collarblue-collarblue-collarblue-collarblue-collarblue-collarblue-collarblue-collarblue-collarblue-collarblue-collarblue-collarblue-collarblue-collarblue-collarblue-collarblue-collarblue-collarblue-collarblue-collarblue-collarblue-collarblue-collarblue-collarblue-collarblue-collarblue-collarblue-collarblue-collarblue-collarblue-collarblue-collarblue-collarblue-collarblue-collarblue-collarblue-collarblue-collarblue-collarblue-collarblue-collarblue-collarblue-collarblue-collarblue-collarblue-collarblue-collarblue-collarblue-collarblue-collarblue-collarblue-collarblue-collarblue-collarblue-collarblue-collarblue-collarblue-collarblue-collarblue-collarblue-collarblue-collarblue-collarblue-collarblue-collarblue-collarblue-collarblue-collarblue-collarblue-collarblue-collarblue-collarblue-collarblue-collarblue-collarblue-collarblue-collarblue-collarblue-collarblue-collarblue-collarblue-collarblue-collarblue-collarblue-collarblue-collarblue-collarblue-collarblue-collarblue-collarblue-collarblue-collarblue-collarblue-collarblue-collarblue-collarblue-collarblue-collarblue-collarblue-collarblue-collarblue-collarblue-collarblue-collarblue-collarblue-collarblue-collarblue-collarblue-collarblue-collarblue-collarblue-collarblue-collarblue-collarblue-collarblue-collarblue-collarblue-collarblue-collarblue-collarblue-collarblue-collarblue-collarblue-collarblue-collarblue-collarblue-collarblue-collarblue-collarblue-collarblue-collarblue-collarblue-collarblue-collarblue-collarblue-collarblue-collarblue-collarblue-collarblue-collarblue-collarblue-collarblue-collarblue-collarblue-collarblue-collarblue-collarblue-collarblue-collarblue-collarblue-collarblue-collarblue-collarblue-collarblue-collarblue-collarblue-collarblue-collarblue-collarblue-collarblue-collarblue-collarblue-collarblue-collarblue-collarblue-collarblue-collarblue-collarblue-collarblue-collarblue-collarblue-collarblue-collarblue-collarblue-collarblue-collarblue-collarblue-collarblue-collarblue-collarblue-collarblue-collarblue-collarblue-collarblue-collarblue-collarblue-collarblue-collarblue-collarblue-collarblue-collarblue-collarblue-collarblue-collarblue-collarblue-collarblue-collarblue-collarblue-collarblue-collarblue-collarblue-collarblue-collarblue-collarblue-collarblue-collarblue-collarblue-collarblue-collarblue-collarblue-collarblue-collarblue-collarblue-collarblue-collarblue-collarblue-collarblue-collarblue-collarblue-collarblue-collarblue-collarblue-collarblue-collarblue-collarblue-collarblue-collarblue-collarblue-collarblue-collarblue-collarblue-collarblue-collarblue-collarblue-collarblue-collarblue-collarblue-collarblue-collarblue-collarblue-collarblue-collarblue-collarblue-collarblue-collarblue-collarblue-collarblue-collarblue-collarblue-collarblue-collarblue-collarblue-collarblue-collarblue-collarblue-collarblue-collarblue-collarblue-collarblue-collarblue-collarblue-collarblue-collarblue-collarblue-collarblue-collarblue-collarblue-collarblue-collarblue-collarblue-collarblue-collarblue-collarblue-collarblue-collarblue-collarblue-collarblue-collarblue-collarblue-collarblue-collarblue-collarblue-collarblue-collarblue-collarblue-collarblue-collarblue-collarblue-collarblue-collarblue-collarblue-collarblue-collarblue-collarblue-collarblue-collarblue-collarblue-collarblue-collarblue-collarblue-collarblue-collarblue-collarblue-collarblue-collarblue-collarblue-collarblue-collarblue-collarblue-collarblue-collarblue-collarblue-collarblue-collarblue-collarblue-collarblue-collarblue-collarblue-collarblue-collarblue-collarblue-collarblue-collarblue-collarblue-collarblue-collarblue-collarblue-collarblue-collarblue-collarblue-collarblue-collarblue-collarblue-collarblue-collarblue-collarblue-collarblue-collarblue-collarblue-collarblue-collarblue-collarblue-collarblue-collarblue-collarblue-collarblue-collarblue-collarblue-collarblue-collarblue-collarblue-collarblue-collarblue-collarblue-collarblue-collarblue-collarblue-collarblue-collarblue-collarblue-collarblue-collarblue-collarblue-collarblue-collarblue-collarblue-collarblue-collarblue-collarblue-collarblue-collarblue-collarblue-collarblue-collarblue-collarblue-collarblue-collarblue-collarblue-collarblue-collarblue-collarblue-collarblue-collarblue-collarblue-collarblue-collarblue-collarblue-collarblue-collarblue-collarblue-collarblue-collarblue-collarblue-collarblue-collarblue-collarblue-collarblue-collarblue-collarblue-collarblue-collarblue-collarblue-collarblue-collarblue-collarblue-collarblue-collarblue-collarblue-collarblue-collarblue-collarblue-collarblue-collarblue-collarblue-collarblue-collarblue-collarblue-collarblue-collarblue-collarblue-collarblue-collarblue-collarblue-collarblue-collarblue-collarblue-collarblue-collarblue-collarblue-collarblue-collarblue-collarblue-collarblue-collarblue-collarblue-collarblue-collarblue-collarblue-collarblue-collarblue-collarblue-collarblue-collarblue-collarblue-collarblue-collarblue-collarblue-collarblue-collarblue-collarblue-collarblue-collarblue-collarblue-collarblue-collarblue-collarblue-collarblue-collarblue-collarblue-collarblue-collarblue-collarblue-collarblue-collarblue-collarblue-collarblue-collarblue-collarblue-collarblue-collarblue-collarblue-collarblue-collarblue-collarblue-collarblue-collarblue-collarblue-collarblue-collarblue-collarblue-collarblue-collarblue-collarblue-collarblue-collarblue-collarblue-collarblue-collarblue-collarblue-collarblue-collarblue-collarblue-collarblue-collarblue-collarblue-collarblue-collarblue-collarblue-collarblue-collarblue-collarblue-collarblue-collarblue-collarblue-collarblue-collarblue-collarblue-collarblue-collarblue-collarblue-collarblue-collarblue-collarblue-collarblue-collarblue-collarblue-collarblue-collarblue-collarblue-collarblue-collarblue-collarblue-collarblue-collarblue-collarblue-collarblue-collarblue-collarblue-collarblue-collarblue-collarblue-collarblue-collarblue-collarblue-collarblue-collarblue-collarblue-collarblue-collarblue-collarblue-collarblue-collarblue-collarblue-collarblue-collarblue-collarblue-collarblue-collarblue-collarblue-collarblue-collarblue-collarblue-collarblue-collarblue-collarblue-collarblue-collarblue-collarblue-collarblue-collarblue-collarblue-collarblue-collarblue-collarblue-collarblue-collarblue-collarblue-collarblue-collarblue-collarblue-collarblue-collarblue-collarblue-collarblue-collarblue-collarblue-collarblue-collarblue-collarblue-collarblue-collarblue-collarblue-collarblue-collarblue-collarblue-collarblue-collarblue-collarblue-collarblue-collarblue-collarblue-collarblue-collarblue-collarblue-collarblue-collarblue-collarblue-collarblue-collarblue-collarblue-collarblue-collarblue-collarblue-collarblue-collarblue-collarblue-collarblue-collarblue-collarblue-collarblue-collarblue-collarblue-collarblue-collarblue-collarblue-collarblue-collarblue-collarblue-collarblue-collarblue-collarblue-collarblue-collarblue-collarblue-collarblue-collarblue-collarblue-collarblue-collarblue-collarblue-collarblue-collarblue-collarblue-collarblue-collarblue-collarblue-collarblue-collarblue-collarblue-collarblue-collarblue-collarblue-collarblue-collarblue-collarblue-collarblue-collarblue-collarblue-collarblue-collarblue-collarblue-collarblue-collarblue-collarblue-collarblue-collarblue-collarblue-collarblue-collarblue-collarblue-collarblue-collarblue-collarblue-collarblue-collarblue-collarblue-collarblue-collarblue-collarblue-collarblue-collarblue-collarblue-collarblue-collarblue-collarblue-collarblue-collarblue-collarblue-collarblue-collarblue-collarblue-collarblue-collarblue-collarblue-collarblue-collarblue-collarblue-collarblue-collarblue-collarblue-collarblue-collarblue-collarblue-collarblue-collarblue-collarblue-collarblue-collarblue-collarblue-collarblue-collarblue-collarblue-collarblue-collarblue-collarblue-collarblue-collarblue-collarblue-collarblue-collarblue-collarblue-collarblue-collarblue-collarblue-collarblue-collarblue-collarblue-collarblue-collarblue-collarblue-collarblue-collarblue-collarblue-collarblue-collarblue-collarblue-collarblue-collarblue-collarblue-collarblue-collarblue-collarblue-collarblue-collarblue-collarblue-collarblue-collarblue-collarblue-collarblue-collarblue-collarblue-collarblue-collarblue-collarblue-collarblue-collarblue-collarblue-collarblue-collarblue-collarblue-collarblue-collarblue-collarblue-collarblue-collarblue-collarblue-collarblue-collarblue-collarblue-collarblue-collarblue-collarblue-collarblue-collarblue-collarblue-collarblue-collarblue-collarblue-collarblue-collarblue-collarblue-collarblue-collarblue-collarblue-collarblue-collarblue-collarblue-collarblue-collarblue-collarblue-collarblue-collarblue-collarblue-collarblue-collarblue-collarblue-collarblue-collarblue-collarblue-collarblue-collarblue-collarblue-collarblue-collarblue-collarblue-collarblue-collarblue-collarblue-collarblue-collarblue-collarblue-collarblue-collarblue-collarblue-collarblue-collarblue-collarblue-collarblue-collarblue-collarblue-collarblue-collarblue-collarblue-collarblue-collarblue-collarblue-collarblue-collarblue-collarblue-collarblue-collarblue-collarblue-collarblue-collarblue-collarblue-collarblue-collarblue-collarblue-collarblue-collarblue-collarblue-collarblue-collarblue-collarblue-collarblue-collarblue-collarblue-collarblue-collarblue-collarblue-collarblue-collarblue-collarblue-collarblue-collarblue-collarblue-collarblue-collarblue-collarblue-collarblue-collarblue-collarblue-collarblue-collarblue-collarblue-collarblue-collarblue-collarblue-collarblue-collarblue-collarblue-collarblue-collarblue-collarblue-collarblue-collarblue-collarblue-collarblue-collarblue-collarblue-collarblue-collarblue-collarblue-collarblue-collarblue-collarblue-collarblue-collarblue-collarblue-collarblue-collarblue-collarblue-collarblue-collarblue-collarblue-collarblue-collarblue-collarblue-collarblue-collarblue-collarblue-collarblue-collarblue-collarblue-collarblue-collarblue-collarblue-collarblue-collarblue-collarblue-collarblue-collarblue-collarblue-collarblue-collarblue-collarblue-collarblue-collarblue-collarblue-collarblue-collarblue-collarblue-collarblue-collarblue-collarblue-collarblue-collarblue-collarblue-collarblue-collarblue-collarblue-collarblue-collarblue-collarblue-collarblue-collarblue-collarblue-collarblue-collarblue-collarblue-collarblue-collarblue-collarblue-collarblue-collarblue-collarblue-collarblue-collarblue-collarblue-collarblue-collarblue-collarblue-collarblue-collarblue-collarblue-collarblue-collarblue-collarblue-collarblue-collarblue-collarblue-collarblue-collarblue-collarblue-collarblue-collarblue-collarblue-collarblue-collarblue-collarblue-collarblue-collarblue-collarblue-collarblue-collarblue-collarblue-collarblue-collarblue-collarblue-collarblue-collarblue-collarblue-collarblue-collarblue-collarblue-collarblue-collarblue-collarblue-collarblue-collarblue-collarblue-collarblue-collarblue-collarblue-collarblue-collarblue-collarblue-collarblue-collarblue-collarblue-collarblue-collarblue-collarblue-collarblue-collarblue-collarblue-collarblue-collarblue-collarblue-collarblue-collarblue-collarblue-collarblue-collarblue-collarblue-collarblue-collarblue-collarblue-collarblue-collarblue-collarblue-collarblue-collarblue-collarblue-collarblue-collarblue-collarblue-collarblue-collarblue-collarblue-collarblue-collarblue-collarblue-collarblue-collarblue-collarblue-collarblue-collarblue-collarblue-collarblue-collarblue-collarblue-collarblue-collarblue-collarblue-collarblue-collarblue-collarblue-collarblue-collarblue-collarblue-collarblue-collarblue-collarblue-collarblue-collarblue-collarblue-collarblue-collarblue-collarblue-collarblue-collarblue-collarblue-collarblue-collarblue-collarblue-collarblue-collarblue-collarblue-collarblue-collarblue-collarblue-collarblue-collarblue-collarblue-collarblue-collarblue-collarblue-collarblue-collarblue-collarblue-collarblue-collarblue-collarblue-collarblue-collarblue-collarblue-collarblue-collarblue-collarblue-collarblue-collarblue-collarblue-collarblue-collarblue-collarblue-collarblue-collarblue-collarblue-collarblue-collarblue-collarblue-collarblue-collarblue-collarblue-collarblue-collarblue-collarblue-collarblue-collarblue-collarblue-collarblue-collarblue-collarblue-collarblue-collarblue-collarblue-collarblue-collarblue-collarblue-collarblue-collarblue-collarblue-collarblue-collarblue-collarblue-collarblue-collarblue-collarblue-collarblue-collarblue-collarblue-collarblue-collarblue-collarblue-collarblue-collarblue-collarblue-collarblue-collarblue-collarblue-collarblue-collarblue-collarblue-collarblue-collarblue-collarblue-collarblue-collarblue-collarblue-collarblue-collarblue-collarblue-collarblue-collarblue-collarblue-collarblue-collarblue-collarblue-collarblue-collarblue-collarblue-collarblue-collarblue-collarblue-collarblue-collarblue-collarblue-collarblue-collarblue-collarblue-collarblue-collarblue-collarblue-collarblue-collarblue-collarblue-collarblue-collarblue-collarblue-collarblue-collarblue-collarblue-collarblue-collarblue-collarblue-collarblue-collarblue-collarblue-collarblue-collarblue-collarblue-collarblue-collarblue-collarblue-collarblue-collarblue-collarblue-collarblue-collarblue-collarblue-collarblue-collarblue-collarblue-collarblue-collarblue-collarblue-collarblue-collarblue-collarblue-collarblue-collarblue-collarblue-collarblue-collarblue-collarblue-collarblue-collarblue-collarblue-collarblue-collarblue-collarblue-collarblue-collarblue-collarblue-collarblue-collarblue-collarblue-collarblue-collarblue-collarblue-collarblue-collarblue-collarblue-collarblue-collarblue-collarblue-collarblue-collarblue-collarblue-collarblue-collarblue-collarblue-collarblue-collarblue-collarblue-collarblue-collarblue-collarblue-collarblue-collarblue-collarblue-collarblue-collarblue-collarblue-collarblue-collarblue-collarblue-collarblue-collarblue-collarblue-collarblue-collarblue-collarblue-collarblue-collarblue-collarblue-collarblue-collarblue-collarblue-collarblue-collarblue-collarblue-collarblue-collarblue-collarblue-collarblue-collarblue-collarblue-collarblue-collarblue-collarblue-collarblue-collarblue-collarblue-collarblue-collarblue-collarblue-collarblue-collarblue-collarblue-collarblue-collarblue-collarblue-collarblue-collarblue-collarblue-collarblue-collarblue-collarblue-collarblue-collarblue-collarblue-collarblue-collarblue-collarblue-collarblue-collarblue-collarblue-collarblue-collarblue-collarblue-collarblue-collarblue-collarblue-collarblue-collarblue-collarblue-collarblue-collarblue-collarblue-collarblue-collarblue-collarblue-collarblue-collarblue-collarblue-collarblue-collarblue-collarblue-collarblue-collarblue-collarblue-collarblue-collarblue-collarblue-collarblue-collarblue-collarblue-collarblue-collarblue-collarblue-collarblue-collarblue-collarblue-collarblue-collarblue-collarblue-collarblue-collarblue-collarblue-collarblue-collarblue-collarblue-collarblue-collarblue-collarblue-collarblue-collarblue-collarblue-collarblue-collarblue-collarblue-collarblue-collarblue-collarblue-collarblue-collarblue-collarblue-collarblue-collarblue-collarblue-collarblue-collarblue-collarblue-collarblue-collarblue-collarblue-collarblue-collarblue-collarblue-collarblue-collarblue-collarblue-collarblue-collarblue-collarblue-collarblue-collarblue-collarblue-collarblue-collarblue-collarblue-collarblue-collarblue-collarblue-collarblue-collarblue-collarblue-collarblue-collarblue-collarblue-collarblue-collarblue-collarblue-collarblue-collarblue-collarblue-collarblue-collarblue-collarblue-collarblue-collarblue-collarblue-collarblue-collarblue-collarblue-collarblue-collarblue-collarblue-collarblue-collarblue-collarblue-collarblue-collarblue-collarblue-collarblue-collarblue-collarblue-collarblue-collarblue-collarblue-collarblue-collarblue-collarblue-collarblue-collarblue-collarblue-collarblue-collarblue-collarblue-collarblue-collarblue-collarblue-collarblue-collarblue-collarblue-collarblue-collarblue-collarblue-collarblue-collarblue-collarblue-collarblue-collarblue-collarblue-collarblue-collarblue-collarblue-collarblue-collarblue-collarblue-collarblue-collarblue-collarblue-collarblue-collarblue-collarblue-collarblue-collarblue-collarblue-collarblue-collarblue-collarblue-collarblue-collarblue-collarblue-collarblue-collarblue-collarblue-collarblue-collarblue-collarblue-collarblue-collarblue-collarblue-collarblue-collarblue-collarblue-collarblue-collarblue-collarblue-collarblue-collarblue-collarblue-collarblue-collarblue-collarblue-collarblue-collarblue-collarblue-collarblue-collarblue-collarblue-collarblue-collarblue-collarblue-collarblue-collarblue-collarblue-collarblue-collarblue-collarblue-collarblue-collarblue-collarblue-collarblue-collarblue-collarblue-collarblue-collarblue-collarblue-collarblue-collarblue-collarblue-collarblue-collarblue-collarblue-collarblue-collarblue-collarblue-collarblue-collarblue-collarblue-collarblue-collarblue-collarblue-collarblue-collarblue-collarblue-collarblue-collarblue-collarblue-collarblue-collarblue-collarblue-collarblue-collarblue-collarblue-collarblue-collarblue-collarblue-collarblue-collarblue-collarblue-collarblue-collarblue-collarblue-collarblue-collarblue-collarblue-collarblue-collarblue-collarblue-collarblue-collarblue-collarblue-collarblue-collarblue-collarblue-collarblue-collarblue-collarblue-collarblue-collarblue-collarblue-collarblue-collarblue-collarblue-collarblue-collarblue-collarblue-collarblue-collarblue-collarblue-collarblue-collarblue-collarblue-collarblue-collarblue-collarblue-collarblue-collarblue-collarblue-collarblue-collarblue-collarblue-collarblue-collarblue-collarblue-collarblue-collarblue-collarblue-collarblue-collarblue-collarblue-collarblue-collarblue-collarblue-collarblue-collarblue-collarblue-collarblue-collarblue-collarblue-collarblue-collarblue-collarblue-collarblue-collarblue-collarblue-collarblue-collarblue-collarblue-collarblue-collarblue-collarblue-collarblue-collarblue-collarblue-collarblue-collarblue-collarblue-collarblue-collarblue-collarblue-collarblue-collarblue-collarblue-collarblue-collarblue-collarblue-collarblue-collarblue-collarblue-collarblue-collarblue-collarblue-collarblue-collarblue-collarblue-collarblue-collarblue-collarblue-collarblue-collarblue-collarblue-collarblue-collarblue-collarblue-collarblue-collarblue-collarblue-collarblue-collarblue-collarblue-collarblue-collarblue-collarblue-collarblue-collarblue-collarblue-collarblue-collarblue-collarblue-collarblue-collarblue-collarblue-collarblue-collarblue-collarblue-collarblue-collarblue-collarblue-collarblue-collarblue-collarblue-collarblue-collarblue-collarblue-collarblue-collarblue-collarblue-collarblue-collarblue-collarblue-collarblue-collarblue-collarblue-collarblue-collarblue-collarblue-collarblue-collarblue-collarblue-collarblue-collarblue-collarblue-collarblue-collarblue-collarblue-collarblue-collarblue-collarblue-collarblue-collarblue-collarblue-collarblue-collarblue-collarblue-collarblue-collarblue-collarblue-collarblue-collarblue-collarblue-collarblue-collarblue-collarblue-collarblue-collarblue-collarblue-collarblue-collarblue-collarblue-collarblue-collarblue-collarblue-collarblue-collarblue-collarblue-collarblue-collarblue-collarblue-collarblue-collarblue-collarblue-collarblue-collarblue-collarblue-collarblue-collarblue-collarblue-collarblue-collarblue-collarblue-collarblue-collarblue-collarblue-collarblue-collarblue-collarblue-collarblue-collarblue-collarblue-collarblue-collarblue-collarblue-collarblue-collarblue-collarblue-collarblue-collarblue-collarblue-collarblue-collarblue-collarblue-collarblue-collarblue-collarblue-collarblue-collarblue-collarblue-collarblue-collarblue-collarblue-collarblue-collarblue-collarblue-collarblue-collarblue-collarblue-collarblue-collarblue-collarblue-collarblue-collarblue-collarblue-collarblue-collarblue-collarblue-collarblue-collarblue-collarblue-collarblue-collarblue-collarblue-collarblue-collarblue-collarblue-collarblue-collarblue-collarblue-collarblue-collarblue-collarblue-collarblue-collarblue-collarblue-collarblue-collarblue-collarblue-collarblue-collarblue-collarblue-collarblue-collarblue-collarblue-collarblue-collarblue-collarblue-collarblue-collarblue-collarblue-collarblue-collarblue-collarblue-collarblue-collarblue-collarblue-collarblue-collarblue-collarblue-collarblue-collarblue-collarblue-collarblue-collarblue-collarblue-collarblue-collarblue-collarblue-collarblue-collarblue-collarblue-collarblue-collarblue-collarblue-collarblue-collarblue-collarblue-collarblue-collarblue-collarblue-collarblue-collarblue-collarblue-collarblue-collarblue-collarblue-collarblue-collarblue-collarblue-collarblue-collarblue-collarblue-collarblue-collarblue-collarblue-collarblue-collarblue-collarblue-collarblue-collarblue-collarblue-collarblue-collarblue-collarblue-collarblue-collarblue-collarblue-collarblue-collarblue-collarblue-collarblue-collarblue-collarblue-collarblue-collarblue-collarblue-collarblue-collarblue-collarblue-collarblue-collarblue-collarblue-collarblue-collarblue-collarblue-collarblue-collarblue-collarblue-collarblue-collarblue-collarblue-collarblue-collarblue-collarblue-collarblue-collarblue-collarblue-collarblue-collarblue-collarblue-collarblue-collarblue-collarblue-collarblue-collarblue-collarblue-collarblue-collarblue-collarblue-collarblue-collarblue-collarblue-collarblue-collarblue-collarblue-collarblue-collarblue-collarblue-collarblue-collarblue-collarblue-collarblue-collarblue-collarblue-collarblue-collarblue-collarblue-collarblue-collarblue-collarblue-collarblue-collarblue-collarblue-collarblue-collarblue-collarblue-collarblue-collarblue-collarblue-collarblue-collarblue-collarblue-collarblue-collarblue-collarblue-collarblue-collarblue-collarblue-collarblue-collarblue-collarblue-collarblue-collarblue-collarblue-collarblue-collarblue-collarblue-collarblue-collarblue-collarblue-collarblue-collarblue-collarblue-collarblue-collarblue-collarblue-collarblue-collarblue-collarblue-collarblue-collarblue-collarblue-collarblue-collarblue-collarblue-collarblue-collarblue-collarblue-collarblue-collarblue-collarblue-collarblue-collarblue-collarblue-collarblue-collarblue-collarblue-collarblue-collarblue-collarblue-collarblue-collarblue-collarblue-collarblue-collarblue-collarblue-collarblue-collarblue-collarblue-collarblue-collarblue-collarblue-collarblue-collarblue-collarblue-collarblue-collarblue-collarblue-collarblue-collarblue-collarblue-collarblue-collarblue-collarblue-collarblue-collarblue-collarblue-collarblue-collarblue-collarblue-collarblue-collarblue-collarblue-collarblue-collarblue-collarblue-collarblue-collarblue-collarblue-collarblue-collarblue-collarblue-collarblue-collarblue-collarblue-collarblue-collarblue-collarblue-collarblue-collarblue-collarblue-collarblue-collarblue-collarblue-collarblue-collarblue-collarblue-collarblue-collarblue-collarblue-collarblue-collarblue-collarblue-collarblue-collarblue-collarblue-collarblue-collarblue-collarblue-collarblue-collarblue-collarblue-collarblue-collarblue-collarblue-collarblue-collarblue-collarblue-collarblue-collarblue-collarblue-collarblue-collarblue-collarblue-collarblue-collarblue-collarblue-collarblue-collarblue-collarblue-collarblue-collarblue-collarblue-collarblue-collarblue-collarblue-collarblue-collarblue-collarblue-collarblue-collarblue-collarblue-collarblue-collarblue-collarblue-collarblue-collarblue-collarblue-collarblue-collarblue-collarblue-collarblue-collarblue-collarblue-collarblue-collarblue-collarblue-collarblue-collarblue-collarblue-collarblue-collarblue-collarblue-collarblue-collarblue-collarblue-collarblue-collarblue-collarblue-collarblue-collarblue-collarblue-collarblue-collarblue-collarblue-collarblue-collarblue-collarblue-collarblue-collarblue-collarblue-collarblue-collarblue-collarblue-collarblue-collarblue-collarblue-collarblue-collarblue-collarblue-collarblue-collarblue-collarblue-collarblue-collarblue-collarblue-collarblue-collarblue-collarblue-collarblue-collarblue-collarblue-collarblue-collarblue-collarblue-collarblue-collarblue-collarblue-collarblue-collarblue-collarblue-collarblue-collarblue-collarblue-collarblue-collarblue-collarblue-collarblue-collarblue-collarblue-collarblue-collarblue-collarblue-collarblue-collarblue-collarblue-collarblue-collarblue-collarblue-collarblue-collarblue-collarblue-collarblue-collarblue-collarblue-collarblue-collarblue-collarblue-collarblue-collarblue-collarblue-collarblue-collarblue-collarblue-collarblue-collarblue-collarblue-collarblue-collarblue-collarblue-collarblue-collarblue-collarblue-collarblue-collarblue-collarblue-collarblue-collarblue-collarblue-collarblue-collarblue-collarblue-collarblue-collarblue-collarblue-collarblue-collarblue-collarblue-collarblue-collarblue-collarblue-collarblue-collarblue-collarblue-collarblue-collarblue-collarblue-collarblue-collarblue-collarblue-collarblue-collarblue-collarblue-collarblue-collarblue-collarblue-collarblue-collarblue-collarblue-collarblue-collarblue-collarblue-collarblue-collarblue-collarblue-collarblue-collarblue-collarblue-collarblue-collarblue-collarblue-collarblue-collarblue-collarblue-collarblue-collarblue-collarblue-collarblue-collarblue-collarblue-collarblue-collarblue-collarblue-collarblue-collarblue-collarblue-collarblue-collarblue-collarblue-collarblue-collarblue-collarblue-collarblue-collarblue-collarblue-collarblue-collarblue-collarblue-collarblue-collarblue-collarblue-collarblue-collarblue-collarblue-collarblue-collarblue-collarblue-collarblue-collarblue-collarblue-collarblue-collarblue-collarblue-collarblue-collarblue-collarblue-collarblue-collarblue-collarblue-collarblue-collarblue-collarblue-collarblue-collarblue-collarblue-collarblue-collarblue-collarblue-collarblue-collarblue-collarblue-collarblue-collarblue-collarblue-collarblue-collarblue-collarblue-collarblue-collarblue-collarblue-collarblue-collarblue-collarblue-collarblue-collarblue-collarblue-collarblue-collarblue-collarblue-collarblue-collarblue-collarblue-collarblue-collarblue-collarblue-collarblue-collarblue-collarblue-collarblue-collarblue-collarblue-collarblue-collarblue-collarblue-collarblue-collarblue-collarblue-collarblue-collarblue-collarblue-collarblue-collarblue-collarblue-collarblue-collarblue-collarblue-collarblue-collarblue-collarblue-collarblue-collarblue-collarblue-collarblue-collarblue-collarblue-collarblue-collarblue-collarblue-collarblue-collarblue-collarblue-collarblue-collarblue-collarblue-collarblue-collarblue-collarblue-collarblue-collarblue-collarblue-collarblue-collarblue-collarblue-collarblue-collarblue-collarblue-collarblue-collarblue-collarblue-collarblue-collarblue-collarblue-collarblue-collarblue-collarblue-collarblue-collarblue-collarblue-collarblue-collarblue-collarblue-collarblue-collarblue-collarblue-collarblue-collarblue-collarblue-collarblue-collarblue-collarblue-collarblue-collarblue-collarblue-collarblue-collarblue-collarblue-collarblue-collarblue-collarblue-collarblue-collarblue-collarblue-collarblue-collarblue-collarblue-collarblue-collarblue-collarblue-collarblue-collarblue-collarblue-collarblue-collarblue-collarblue-collarblue-collarblue-collarblue-collarblue-collarblue-collarblue-collarblue-collarblue-collarblue-collarblue-collarblue-collarblue-collarblue-collarblue-collarblue-collarblue-collarblue-collarblue-collarblue-collarblue-collarblue-collarblue-collarblue-collarblue-collarblue-collarblue-collarblue-collarblue-collarblue-collarblue-collarblue-collarblue-collarblue-collarblue-collarblue-collarblue-collarblue-collarblue-collarblue-collarblue-collarblue-collarblue-collarblue-collarblue-collarblue-collarblue-collarblue-collarblue-collarblue-collarblue-collarblue-collarblue-collarblue-collarblue-collarblue-collarblue-collarblue-collarblue-collarblue-collarblue-collarblue-collarblue-collarblue-collarblue-collarblue-collarblue-collarblue-collarblue-collarblue-collarblue-collarblue-collarblue-collarblue-collarblue-collarblue-collarblue-collarblue-collarblue-collarblue-collarblue-collarblue-collarblue-collarblue-collarblue-collarblue-collarblue-collarblue-collarblue-collarblue-collarblue-collarblue-collarblue-collarblue-collarblue-collarblue-collarblue-collarblue-collarblue-collarblue-collarblue-collarblue-collarblue-collarblue-collarblue-collarblue-collarblue-collarblue-collarblue-collarblue-collarblue-collarblue-collarblue-collarblue-collarblue-collarblue-collarblue-collarblue-collarblue-collarblue-collarblue-collarblue-collarblue-collarblue-collarblue-collarblue-collarblue-collarblue-collarblue-collarblue-collarblue-collarblue-collarblue-collarblue-collarblue-collarblue-collarblue-collarblue-collarblue-collarblue-collarblue-collarblue-collarblue-collarblue-collarblue-collarblue-collarblue-collarblue-collarblue-collarblue-collarblue-collarblue-collarblue-collarblue-collarblue-collarblue-collarblue-collarblue-collarblue-collarblue-collarblue-collarblue-collarblue-collarblue-collarblue-collarblue-collarblue-collarblue-collarblue-collarblue-collarblue-collarblue-collarblue-collarblue-collarblue-collarblue-collarblue-collarblue-collarblue-collarblue-collarblue-collarblue-collarblue-collarblue-collarblue-collarblue-collarblue-collarblue-collarblue-collarblue-collarblue-collarblue-collarblue-collarblue-collarblue-collarblue-collarblue-collarblue-collarblue-collarblue-collarblue-collarblue-collarblue-collarblue-collarblue-collarblue-collarblue-collarblue-collarblue-collarblue-collarblue-collarblue-collarblue-collarblue-collarblue-collarblue-collarblue-collarblue-collarblue-collarblue-collarblue-collarblue-collarblue-collarblue-collarblue-collarblue-collarblue-collarblue-collarblue-collarblue-collarblue-collarblue-collarblue-collarblue-collarblue-collarblue-collarblue-collarblue-collarblue-collarblue-collarblue-collarblue-collarblue-collarblue-collarblue-collarblue-collarblue-collarblue-collarblue-collarblue-collarblue-collarblue-collarblue-collarblue-collarblue-collarblue-collarblue-collarblue-collarblue-collarblue-collarblue-collarblue-collarblue-collarblue-collarblue-collarblue-collarblue-collarblue-collarblue-collarblue-collarblue-collarblue-collarblue-collarblue-collarblue-collarblue-collarblue-collarblue-collarblue-collarblue-collarblue-collarblue-collarblue-collarblue-collarblue-collarblue-collarblue-collarblue-collarblue-collarblue-collarblue-collarblue-collarblue-collarblue-collarblue-collarblue-collarblue-collarblue-collarblue-collarblue-collarblue-collarblue-collarblue-collarblue-collarblue-collarblue-collarblue-collarblue-collarblue-collarblue-collarblue-collarblue-collarblue-collarblue-collarblue-collarblue-collarblue-collarblue-collarblue-collarblue-collarblue-collarblue-collarblue-collarblue-collarblue-collarblue-collarblue-collarblue-collarblue-collarblue-collarblue-collarblue-collarblue-collarblue-collarblue-collarblue-collarblue-collarblue-collarblue-collarblue-collarblue-collarblue-collarblue-collarblue-collarblue-collarblue-collarblue-collarblue-collarblue-collarblue-collarblue-collarblue-collarblue-collarblue-collarblue-collarblue-collarblue-collarblue-collarblue-collarblue-collarblue-collarblue-collarblue-collarblue-collarblue-collarblue-collarblue-collarblue-collarblue-collarblue-collarblue-collarblue-collarblue-collarblue-collarblue-collarblue-collarblue-collarblue-collarblue-collarblue-collarblue-collarblue-collarblue-collarblue-collarblue-collarblue-collarblue-collarblue-collarblue-collarblue-collarblue-collarblue-collarblue-collarblue-collarblue-collarblue-collarblue-collarblue-collarblue-collarblue-collarblue-collarblue-collarblue-collarblue-collarblue-collarblue-collarblue-collarblue-collarblue-collarblue-collarblue-collarblue-collarblue-collarblue-collarblue-collarblue-collarblue-collarblue-collarblue-collarblue-collarblue-collarblue-collarblue-collarblue-collarblue-collarblue-collarblue-collarblue-collarblue-collarblue-collarblue-collarblue-collarblue-collarblue-collarblue-collarblue-collarblue-collarblue-collarblue-collarblue-collarblue-collarblue-collarblue-collarblue-collarblue-collarblue-collarblue-collarblue-collarblue-collarblue-collarblue-collarblue-collarblue-collarblue-collarblue-collarblue-collarblue-collarblue-collarblue-collarblue-collarblue-collarblue-collarblue-collarblue-collarblue-collarblue-collarblue-collarblue-collarblue-collarblue-collarblue-collarblue-collarblue-collarblue-collarblue-collarblue-collarblue-collarblue-collarblue-collarblue-collarblue-collarblue-collarblue-collarblue-collarblue-collarblue-collarblue-collarblue-collarblue-collarblue-collarblue-collarblue-collarblue-collarblue-collarblue-collarblue-collarblue-collarblue-collarblue-collarblue-collarblue-collarblue-collarblue-collarblue-collarblue-collarblue-collarblue-collarblue-collarblue-collarblue-collarblue-collarblue-collarblue-collarblue-collarblue-collarblue-collarblue-collarblue-collarblue-collarblue-collarblue-collarblue-collarblue-collarblue-collarblue-collarblue-collarblue-collarblue-collarblue-collarblue-collarblue-collarblue-collarblue-collarblue-collarblue-collarblue-collarblue-collarblue-collarblue-collarblue-collarblue-collarblue-collarblue-collarblue-collarblue-collarblue-collarblue-collarblue-collarblue-collarblue-collarblue-collarblue-collarblue-collarblue-collarblue-collarblue-collarblue-collarblue-collarblue-collarblue-collarblue-collarblue-collarblue-collarblue-collarblue-collarblue-collarblue-collarblue-collarblue-collarblue-collarblue-collarblue-collarblue-collarblue-collarblue-collarblue-collarblue-collarblue-collarblue-collarblue-collarblue-collarblue-collarblue-collarblue-collarblue-collarblue-collarblue-collarblue-collarblue-collarblue-collarblue-collarblue-collarblue-collarblue-collarblue-collarblue-collarblue-collarblue-collarblue-collarblue-collarblue-collarblue-collarblue-collarblue-collarblue-collarblue-collarblue-collarblue-collarblue-collarblue-collarblue-collarblue-collarblue-collarblue-collarblue-collarblue-collarblue-collarblue-collarblue-collarblue-collarblue-collarblue-collarblue-collarblue-collarblue-collarblue-collarblue-collarblue-collarblue-collarblue-collarblue-collarblue-collarblue-collarblue-collarblue-collarblue-collarblue-collarblue-collarblue-collarblue-collarblue-collarblue-collarblue-collarblue-collarblue-collarblue-collarblue-collarblue-collarblue-collarblue-collarblue-collarblue-collarblue-collarblue-collarblue-collarblue-collarblue-collarblue-collarblue-collarblue-collarblue-collarblue-collarblue-collarblue-collarblue-collarblue-collarblue-collarblue-collarblue-collarblue-collarblue-collarblue-collarblue-collarblue-collarblue-collarblue-collarblue-collarblue-collarblue-collarblue-collarblue-collarblue-collarblue-collarblue-collarblue-collarblue-collarblue-collarblue-collarblue-collarblue-collarblue-collarblue-collarblue-collarblue-collarblue-collarblue-collarblue-collarblue-collarblue-collarblue-collarblue-collarblue-collarblue-collarblue-collarblue-collarblue-collarblue-collarblue-collarblue-collarblue-collarblue-collarblue-collarblue-collarblue-collarblue-collarblue-collarblue-collarblue-collarblue-collarblue-collarblue-collarblue-collarblue-collarblue-collarblue-collarblue-collarblue-collarblue-collarblue-collarblue-collarblue-collarblue-collarblue-collarblue-collarblue-collarblue-collarblue-collarblue-collarblue-collarblue-collarblue-collarblue-collarblue-collarblue-collarblue-collarblue-collarblue-collarblue-collarblue-collarblue-collarblue-collarblue-collarblue-collarblue-collarblue-collarblue-collarblue-collarblue-collarblue-collarblue-collarblue-collarblue-collarblue-collarblue-collarblue-collarblue-collarblue-collarblue-collarblue-collarblue-collarblue-collarblue-collarblue-collarblue-collarblue-collarblue-collarblue-collarblue-collarblue-collarblue-collarblue-collarblue-collarblue-collarblue-collarblue-collarblue-collarblue-collarblue-collarblue-collarblue-collarblue-collarblue-collarblue-collarblue-collarblue-collarblue-collarblue-collarblue-collarblue-collarblue-collarblue-collarblue-collarblue-collarblue-collarblue-collarblue-collarblue-collarblue-collarblue-collarblue-collarblue-collarblue-collarblue-collarblue-collarblue-collarblue-collarblue-collarblue-collarblue-collarblue-collarblue-collarblue-collarblue-collarblue-collarblue-collarblue-collarblue-collarblue-collarblue-collarblue-collarblue-collarblue-collarblue-collarblue-collarblue-collarblue-collarblue-collarblue-collarblue-collarblue-collarblue-collarblue-collarblue-collarblue-collarblue-collarblue-collarblue-collarblue-collarblue-collarblue-collarblue-collarblue-collarblue-collarblue-collarblue-collarblue-collarblue-collarblue-collarblue-collarblue-collarblue-collarblue-collarblue-collarblue-collarblue-collarblue-collarblue-collarblue-collarblue-collarblue-collarblue-collarblue-collarblue-collarblue-collarblue-collarblue-collarblue-collarblue-collarblue-collarblue-collarblue-collarblue-collarblue-collarblue-collarblue-collarblue-collarblue-collarblue-collarblue-collarblue-collarblue-collarblue-collarblue-collarblue-collarblue-collarblue-collarblue-collarblue-collarblue-collarblue-collarblue-collarblue-collarblue-collarblue-collarblue-collarblue-collarblue-collarblue-collarblue-collarblue-collarblue-collarblue-collarblue-collarblue-collarblue-collarblue-collarblue-collarblue-collarblue-collarblue-collarblue-collarblue-collarblue-collarblue-collarblue-collarblue-collarblue-collarblue-collarblue-collarblue-collarblue-collarblue-collarblue-collarblue-collarblue-collarblue-collarblue-collarblue-collarblue-collarblue-collarblue-collarblue-collarblue-collarblue-collarblue-collarblue-collarblue-collarblue-collarblue-collarblue-collarblue-collarblue-collarblue-collarblue-collarblue-collarblue-collarblue-collarblue-collarblue-collarblue-collarblue-collarblue-collarblue-collarblue-collarblue-collarblue-collarblue-collarblue-collarblue-collarblue-collarblue-collarblue-collarblue-collarblue-collarblue-collarblue-collarblue-collarblue-collarblue-collarblue-collarblue-collarblue-collarblue-collarblue-collarblue-collarblue-collarblue-collarblue-collarblue-collarblue-collarblue-collarblue-collarblue-collarblue-collarblue-collarblue-collarblue-collarblue-collarblue-collarblue-collarblue-collarblue-collarblue-collarblue-collarblue-collarblue-collarblue-collarblue-collarblue-collarblue-collarblue-collarblue-collarblue-collarblue-collarblue-collarblue-collarblue-collarblue-collarblue-collarblue-collarblue-collarblue-collarblue-collarblue-collarblue-collarblue-collarblue-collarblue-collarblue-collarblue-collarblue-collarblue-collarblue-collarblue-collarblue-collarblue-collarblue-collarblue-collarblue-collarblue-collarblue-collarblue-collarblue-collarblue-collarblue-collarblue-collarblue-collarblue-collarblue-collarblue-collarblue-collarblue-collarblue-collarblue-collarblue-collarblue-collarblue-collarblue-collarblue-collarblue-collarblue-collarblue-collarblue-collarblue-collarblue-collarblue-collarblue-collarblue-collarblue-collarblue-collarblue-collarblue-collarblue-collarblue-collarblue-collarblue-collarblue-collarblue-collarblue-collarblue-collarblue-collarblue-collarblue-collarblue-collarblue-collarblue-collarblue-collarblue-collarblue-collarblue-collarblue-collarblue-collarblue-collarblue-collarblue-collarblue-collarblue-collarblue-collarblue-collarblue-collarblue-collarblue-collarblue-collarblue-collarblue-collarblue-collarblue-collarblue-collarblue-collarblue-collarblue-collarblue-collarblue-collarblue-collarblue-collarblue-collarblue-collarblue-collarblue-collarblue-collarblue-collarblue-collarblue-collarblue-collarblue-collarblue-collarblue-collarblue-collarblue-collarblue-collarblue-collarblue-collarblue-collarblue-collarblue-collarblue-collarblue-collarblue-collarblue-collarblue-collarblue-collarblue-collarblue-collarblue-collarblue-collarblue-collarblue-collarblue-collarblue-collarblue-collarblue-collarblue-collarblue-collarblue-collarblue-collarblue-collarblue-collarblue-collarblue-collarblue-collarblue-collarblue-collarblue-collarblue-collarblue-collarblue-collarblue-collarblue-collarblue-collarblue-collarblue-collarblue-collarblue-collarblue-collarblue-collarblue-collarblue-collarblue-collarblue-collarblue-collarblue-collarblue-collarblue-collarblue-collarblue-collarblue-collarblue-collarblue-collarblue-collarblue-collarblue-collarblue-collarblue-collarblue-collarblue-collarblue-collarblue-collarblue-collarblue-collarblue-collarblue-collarblue-collarblue-collarblue-collarblue-collarblue-collarblue-collarblue-collarblue-collarblue-collarblue-collarblue-collarblue-collarblue-collarblue-collarblue-collarblue-collarblue-collarblue-collarblue-collarblue-collarblue-collarblue-collarblue-collarblue-collarblue-collarblue-collarblue-collarblue-collarblue-collarblue-collarblue-collarblue-collarblue-collarblue-collarblue-collarblue-collarblue-collarblue-collarblue-collarblue-collarblue-collarblue-collarblue-collarblue-collarblue-collarblue-collarblue-collarblue-collarblue-collarblue-collarblue-collarblue-collarblue-collarblue-collarblue-collarblue-collarblue-collarblue-collarblue-collarblue-collarblue-collarblue-collarblue-collarblue-collarblue-collarblue-collarblue-collarblue-collarblue-collarblue-collarblue-collarblue-collarblue-collarblue-collarblue-collarblue-collarblue-collarblue-collarblue-collarblue-collarblue-collarblue-collarblue-collarblue-collarblue-collarblue-collarblue-collarblue-collarblue-collarblue-collarblue-collarblue-collarblue-collarblue-collarblue-collarblue-collarblue-collarblue-collarblue-collarblue-collarblue-collarblue-collarblue-collarblue-collarblue-collarblue-collarblue-collarblue-collarblue-collarblue-collarblue-collarblue-collarblue-collarblue-collarblue-collarblue-collarblue-collarblue-collarblue-collarblue-collarblue-collarblue-collarblue-collarblue-collarblue-collarblue-collarblue-collarblue-collarblue-collarblue-collarblue-collarblue-collarblue-collarblue-collarblue-collarblue-collarblue-collarblue-collarblue-collarblue-collarblue-collarblue-collarblue-collarblue-collarblue-collarblue-collarblue-collarblue-collarblue-collarblue-collarblue-collarblue-collarblue-collarblue-collarblue-collarblue-collarblue-collarblue-collarblue-collarblue-collarblue-collarblue-collarblue-collarblue-collarblue-collarblue-collarblue-collarblue-collarblue-collarblue-collarblue-collarblue-collarblue-collarblue-collarblue-collarblue-collarblue-collarblue-collarblue-collarblue-collarblue-collarblue-collarblue-collarblue-collarblue-collarblue-collarblue-collarblue-collarblue-collarblue-collarblue-collarblue-collarblue-collarblue-collarblue-collarblue-collarblue-collarblue-collarblue-collarblue-collarblue-collarblue-collarblue-collarblue-collarblue-collarblue-collarblue-collarblue-collarblue-collarblue-collarblue-collarblue-collarblue-collarblue-collarblue-collarblue-collarblue-collarblue-collarblue-collarblue-collarblue-collarblue-collarblue-collarblue-collarblue-collarblue-collarblue-collarblue-collarblue-collarblue-collarblue-collarblue-collarblue-collarblue-collarblue-collarblue-collarblue-collarblue-collarblue-collarblue-collarblue-collarblue-collarblue-collarblue-collarblue-collarblue-collarblue-collarblue-collarblue-collarblue-collarblue-collarblue-collarblue-collarblue-collarblue-collarblue-collarblue-collarblue-collarblue-collarblue-collarblue-collarblue-collarblue-collarblue-collarblue-collarblue-collarblue-collarblue-collarblue-collarblue-collarblue-collarblue-collarblue-collarblue-collarblue-collarblue-collarblue-collarblue-collarblue-collarblue-collarblue-collarblue-collarblue-collarblue-collarblue-collarblue-collarblue-collarblue-collarblue-collarblue-collarblue-collarblue-collarblue-collarblue-collarblue-collarblue-collarblue-collarblue-collarblue-collarblue-collarblue-collarblue-collarblue-collarblue-collarblue-collarblue-collarblue-collarblue-collarblue-collarblue-collarblue-collarblue-collarblue-collarblue-collarblue-collarblue-collarblue-collarblue-collarblue-collarblue-collarblue-collarblue-collarblue-collarblue-collarblue-collarblue-collarblue-collarblue-collarblue-collarblue-collarblue-collarblue-collarblue-collarblue-collarblue-collarblue-collarblue-collarblue-collarblue-collarblue-collarblue-collarblue-collarblue-collarblue-collarblue-collarblue-collarblue-collarblue-collarblue-collarblue-collarblue-collarblue-collarblue-collarblue-collarblue-collarblue-collarblue-collarblue-collarblue-collarblue-collarblue-collarblue-collarblue-collarblue-collarblue-collarblue-collarblue-collarblue-collarblue-collarblue-collarblue-collarblue-collarblue-collarblue-collarblue-collarblue-collarblue-collarblue-collarblue-collarblue-collarblue-collarblue-collarblue-collarblue-collarblue-collarblue-collarblue-collarblue-collarblue-collarblue-collarblue-collarblue-collarblue-collarblue-collarblue-collarblue-collarblue-collarblue-collarblue-collarblue-collarblue-collarblue-collarblue-collarblue-collarblue-collarblue-collarblue-collarblue-collarblue-collarblue-collarblue-collarblue-collarblue-collarblue-collarblue-collarblue-collarblue-collarblue-collarblue-collarblue-collarblue-collarblue-collarblue-collarblue-collarblue-collarblue-collarblue-collarblue-collarblue-collarblue-collarblue-collarblue-collarblue-collarblue-collarblue-collarblue-collarblue-collarblue-collarblue-collarblue-collarblue-collarblue-collarblue-collarblue-collarblue-collarblue-collarblue-collarblue-collarblue-collarblue-collarblue-collarblue-collarblue-collarblue-collarblue-collarblue-collarblue-collarblue-collarblue-collarblue-collarblue-collarblue-collarblue-collarblue-collarblue-collarblue-collarblue-collarblue-collarblue-collarblue-collarblue-collarblue-collarblue-collarblue-collarblue-collarblue-collarblue-collarblue-collarblue-collarblue-collarblue-collarblue-collarblue-collarblue-collarblue-collarblue-collarblue-collarblue-collarblue-collarblue-collarblue-collarblue-collarblue-collarblue-collarblue-collarblue-collarblue-collarblue-collarblue-collarblue-collarblue-collarblue-collarblue-collarblue-collarblue-collarblue-collarblue-collarblue-collarblue-collarblue-collarblue-collarblue-collarblue-collarblue-collarblue-collarblue-collarblue-collarblue-collarblue-collarblue-collarblue-collarblue-collarblue-collarblue-collarblue-collarblue-collarblue-collarblue-collarblue-collarblue-collarblue-collarblue-collarblue-collarblue-collarblue-collarblue-collarblue-collarblue-collarblue-collarblue-collarblue-collarblue-collarblue-collarblue-collarblue-collarblue-collarblue-collarblue-collarblue-collarblue-collarblue-collarblue-collarblue-collarblue-collarblue-collarblue-collarblue-collarblue-collarblue-collarblue-collarblue-collarblue-collarblue-collarblue-collarblue-collarblue-collarblue-collarblue-collarblue-collarblue-collarblue-collarblue-collarblue-collarblue-collarblue-collarblue-collarblue-collarblue-collarblue-collarblue-collarblue-collarblue-collarblue-collarblue-collarblue-collarblue-collarblue-collarblue-collarblue-collarblue-collarblue-collarblue-collarblue-collarblue-collarblue-collarblue-collarblue-collarblue-collarblue-collarblue-collarblue-collarblue-collarblue-collarblue-collarblue-collarblue-collarblue-collarblue-collarblue-collarblue-collarblue-collarblue-collarblue-collarblue-collarblue-collarblue-collarblue-collarblue-collarblue-collarblue-collarblue-collarblue-collarblue-collarblue-collarblue-collarblue-collarblue-collarblue-collarblue-collarblue-collarblue-collarblue-collarblue-collarblue-collarblue-collarblue-collarblue-collarblue-collarblue-collarblue-collarblue-collarblue-collarblue-collarblue-collarblue-collarblue-collarblue-collarblue-collarblue-collarblue-collarblue-collarblue-collarblue-collarblue-collarblue-collarblue-collarblue-collarblue-collarblue-collarblue-collarblue-collarblue-collarblue-collarblue-collarblue-collarblue-collarblue-collarblue-collarblue-collarblue-collarblue-collarblue-collarblue-collarblue-collarblue-collarblue-collarblue-collarblue-collarblue-collarblue-collarblue-collarblue-collarblue-collarblue-collarblue-collarblue-collarblue-collarblue-collarblue-collarblue-collarblue-collarblue-collarblue-collarblue-collarblue-collarblue-collarblue-collarblue-collarblue-collarblue-collarblue-collarblue-collarblue-collarblue-collarblue-collarblue-collarblue-collarblue-collarblue-collarblue-collarblue-collarblue-collarblue-collarblue-collarblue-collarblue-collarblue-collarblue-collarblue-collarblue-collarblue-collarblue-collarblue-collarblue-collarblue-collarblue-collarblue-collarblue-collarblue-collarblue-collarblue-collarblue-collarblue-collarblue-collarblue-collarblue-collarblue-collarblue-collarblue-collarblue-collarblue-collarblue-collarblue-collarblue-collarblue-collarblue-collarblue-collarblue-collarblue-collarblue-collarblue-collarblue-collarblue-collarblue-collarblue-collarblue-collarblue-collarblue-collarblue-collarblue-collarblue-collarblue-collarblue-collarblue-collarblue-collarblue-collarblue-collarblue-collarblue-collarblue-collarblue-collarblue-collarblue-collarblue-collarblue-collarblue-collarblue-collarblue-collarblue-collarblue-collarblue-collarblue-collarblue-collarblue-collarblue-collarblue-collarblue-collarblue-collarblue-collarblue-collarblue-collarblue-collarblue-collarblue-collarblue-collarblue-collarblue-collarblue-collarblue-collarblue-collarblue-collarblue-collarblue-collarblue-collarblue-collarblue-collarblue-collarblue-collarblue-collarblue-collarblue-collarblue-collarblue-collarblue-collarblue-collarblue-collarblue-collarblue-collarblue-collarblue-collarblue-collarblue-collarblue-collarblue-collarblue-collarblue-collarblue-collarblue-collarblue-collarblue-collarblue-collarblue-collarblue-collarblue-collarblue-collarblue-collarblue-collarblue-collarblue-collarblue-collarblue-collarblue-collarblue-collarblue-collarblue-collarblue-collarblue-collarblue-collarblue-collarblue-collarblue-collarblue-collarblue-collarblue-collarblue-collarblue-collarblue-collarblue-collarblue-collarblue-collarblue-collarblue-collarblue-collarblue-collarblue-collarblue-collarblue-collarblue-collarblue-collarblue-collarblue-collarblue-collarblue-collarblue-collarblue-collarblue-collarblue-collarblue-collarblue-collarblue-collarblue-collarblue-collarblue-collarblue-collarblue-collarblue-collarblue-collarblue-collarblue-collarblue-collarblue-collarblue-collarblue-collarblue-collarblue-collarblue-collarblue-collarblue-collarblue-collarblue-collarblue-collarblue-collarblue-collarblue-collarblue-collarblue-collarblue-collarblue-collarblue-collarblue-collarblue-collarblue-collarblue-collarblue-collarblue-collarblue-collarblue-collarblue-collarblue-collarblue-collarblue-collarblue-collarblue-collarblue-collarblue-collarblue-collarblue-collarblue-collarblue-collarblue-collarblue-collarblue-collarblue-collarblue-collarblue-collarblue-collarblue-collarblue-collarblue-collarblue-collarblue-collarblue-collarblue-collarblue-collarblue-collarblue-collarblue-collarblue-collarblue-collarblue-collarblue-collarblue-collarblue-collarblue-collarblue-collarblue-collarblue-collarblue-collarblue-collarblue-collarblue-collarblue-collarblue-collarblue-collarblue-collarblue-collarblue-collarblue-collarblue-collarblue-collarblue-collarblue-collarblue-collarblue-collarblue-collarblue-collarblue-collarblue-collarblue-collarblue-collarblue-collarblue-collarblue-collarblue-collarblue-collarblue-collarblue-collarblue-collarblue-collarblue-collarblue-collarblue-collarblue-collarblue-collarblue-collarblue-collarblue-collarblue-collarblue-collarblue-collarblue-collarblue-collarblue-collarblue-collarblue-collarblue-collarblue-collarblue-collarblue-collarblue-collarblue-collarblue-collarblue-collarblue-collarblue-collarblue-collarblue-collarblue-collarblue-collarblue-collarblue-collarblue-collarblue-collarblue-collarblue-collarblue-collarblue-collarblue-collarblue-collarblue-collarblue-collarblue-collarblue-collarblue-collarblue-collarblue-collarblue-collarblue-collarblue-collarblue-collarblue-collarblue-collarblue-collarblue-collarblue-collarblue-collarblue-collarblue-collarblue-collarblue-collarblue-collarblue-collarblue-collarblue-collarblue-collarblue-collarblue-collarblue-collarblue-collarblue-collarblue-collarblue-collarblue-collarblue-collarblue-collarblue-collarblue-collarblue-collarblue-collarblue-collarblue-collarblue-collarblue-collarblue-collarblue-collarblue-collarblue-collarblue-collarblue-collarblue-collarblue-collarblue-collarblue-collarblue-collarblue-collarblue-collarblue-collarblue-collarblue-collarblue-collarblue-collarblue-collarblue-collarblue-collarblue-collarblue-collarblue-collarblue-collarblue-collarblue-collarblue-collarblue-collarblue-collarblue-collarblue-collarblue-collarblue-collarblue-collarblue-collarblue-collarblue-collarblue-collarblue-collarblue-collarblue-collarblue-collarblue-collarblue-collarblue-collarblue-collarblue-collarblue-collarblue-collarblue-collarblue-collarblue-collarblue-collarblue-collarblue-collarblue-collarblue-collarblue-collarblue-collarblue-collarblue-collarblue-collarblue-collarblue-collarblue-collarblue-collarblue-collarblue-collarblue-collarblue-collarblue-collarblue-collarblue-collarblue-collarblue-collarblue-collarblue-collarblue-collarblue-collarblue-collarblue-collarblue-collarblue-collarblue-collarblue-collarblue-collarblue-collarblue-collarblue-collarblue-collarblue-collarblue-collarblue-collarblue-collarblue-collarblue-collarblue-collarblue-collarblue-collarblue-collarblue-collarblue-collarblue-collarblue-collarblue-collarblue-collarblue-collarblue-collarblue-collarblue-collarblue-collarblue-collarblue-collarblue-collarblue-collarblue-collarblue-collarblue-collarblue-collarblue-collarblue-collarblue-collarblue-collarblue-collarblue-collarblue-collarblue-collarblue-collarblue-collarblue-collarblue-collarblue-collarblue-collarblue-collarblue-collarblue-collarblue-collarblue-collarblue-collarblue-collarblue-collarblue-collarblue-collarblue-collarblue-collarblue-collarblue-collarblue-collarblue-collarblue-collarblue-collarblue-collarblue-collarblue-collarblue-collarblue-collarblue-collarblue-collarblue-collarblue-collarblue-collarblue-collarblue-collarblue-collarblue-collarblue-collarblue-collarblue-collarblue-collarblue-collarblue-collarblue-collarblue-collarblue-collarblue-collarblue-collarblue-collarblue-collarblue-collarblue-collarblue-collarblue-collarblue-collarblue-collarblue-collarblue-collarblue-collarblue-collarblue-collarblue-collarblue-collarblue-collarblue-collarblue-collarblue-collarblue-collarblue-collarblue-collarblue-collarblue-collarblue-collarblue-collarblue-collarblue-collarblue-collarblue-collarblue-collarblue-collarblue-collarblue-collarblue-collarblue-collarblue-collarblue-collarblue-collarblue-collarblue-collarblue-collarblue-collarblue-collarblue-collarblue-collarblue-collarblue-collarblue-collarblue-collarblue-collarblue-collarblue-collarblue-collarblue-collarblue-collarblue-collarblue-collarblue-collarblue-collarblue-collarblue-collarblue-collarblue-collarblue-collarblue-collarblue-collarblue-collarblue-collarblue-collarblue-collarblue-collarblue-collarblue-collarblue-collarblue-collarblue-collarblue-collarblue-collarblue-collarblue-collarblue-collarblue-collarblue-collarblue-collarblue-collarblue-collarblue-collarblue-collarblue-collarblue-collarblue-collarblue-collarblue-collarblue-collarblue-collarblue-collarblue-collarblue-collarblue-collarblue-collarblue-collarblue-collarblue-collarblue-collarblue-collarblue-collarblue-collarblue-collarblue-collarblue-collarblue-collarblue-collarblue-collarblue-collarblue-collarblue-collarblue-collarblue-collarblue-collarblue-collarblue-collarblue-collarblue-collarblue-collarblue-collarblue-collarblue-collarblue-collarblue-collarblue-collarblue-collarblue-collarblue-collarblue-collarblue-collarblue-collarblue-collarblue-collarblue-collarblue-collarblue-collarblue-collarblue-collarblue-collarblue-collarblue-collarblue-collarblue-collarblue-collarblue-collarblue-collarblue-collarblue-collarblue-collarblue-collarblue-collarblue-collarblue-collarblue-collarblue-collarblue-collarblue-collarblue-collarblue-collarblue-collarblue-collarblue-collarblue-collarblue-collarblue-collarblue-collarblue-collarblue-collarblue-collarblue-collarblue-collarblue-collarblue-collarblue-collarblue-collarblue-collarblue-collarblue-collarblue-collarblue-collarblue-collarblue-collarblue-collarblue-collarblue-collarblue-collarblue-collarblue-collarblue-collarblue-collarblue-collarblue-collarblue-collarblue-collarblue-collarblue-collarblue-collarblue-collarblue-collarblue-collarblue-collarblue-collarblue-collarblue-collarblue-collarblue-collarblue-collarblue-collarblue-collarblue-collarblue-collarblue-collarblue-collarblue-collarblue-collarblue-collarblue-collarblue-collarblue-collarblue-collarblue-collarblue-collarblue-collarblue-collarblue-collarblue-collarblue-collarblue-collarblue-collarblue-collarblue-collarblue-collarblue-collarblue-collarblue-collarblue-collarblue-collarblue-collarblue-collarblue-collarblue-collarblue-collarblue-collarblue-collarblue-collarblue-collarblue-collarblue-collarblue-collarblue-collarblue-collarblue-collarblue-collarblue-collarblue-collarblue-collarblue-collarblue-collarblue-collarblue-collarblue-collarblue-collarblue-collarblue-collarblue-collarblue-collarblue-collarblue-collarblue-collarblue-collarblue-collarblue-collarblue-collarblue-collarblue-collarblue-collarblue-collarblue-collarblue-collarblue-collarblue-collarblue-collarblue-collarblue-collarblue-collarblue-collarblue-collarblue-collarblue-collarblue-collarblue-collarblue-collarblue-collarblue-collarblue-collarblue-collarblue-collarblue-collarblue-collarblue-collarblue-collarblue-collarblue-collarblue-collarblue-collarblue-collarblue-collarblue-collarblue-collarblue-collarblue-collarblue-collarblue-collarblue-collarblue-collarblue-collarblue-collarblue-collarblue-collarblue-collarblue-collarblue-collarblue-collarblue-collarblue-collarblue-collarblue-collarblue-collarblue-collarblue-collarblue-collarblue-collarblue-collarblue-collarblue-collarblue-collarblue-collarblue-collarblue-collarblue-collarblue-collarblue-collarblue-collarblue-collarblue-collarblue-collarblue-collarblue-collarblue-collarblue-collarblue-collarblue-collarblue-collarblue-collarblue-collarblue-collarblue-collarblue-collarblue-collarblue-collarblue-collarblue-collarblue-collarblue-collarblue-collarblue-collarblue-collarblue-collarblue-collarblue-collarblue-collarblue-collarblue-collarblue-collarblue-collarblue-collarblue-collarblue-collarblue-collarblue-collarblue-collarblue-collarblue-collarblue-collarblue-collarblue-collarblue-collarblue-collarblue-collarblue-collarblue-collarblue-collarblue-collarblue-collarblue-collarblue-collarblue-collarblue-collarblue-collarblue-collarblue-collarblue-collarblue-collarblue-collarblue-collarblue-collarblue-collarblue-collarblue-collarblue-collarblue-collarblue-collarblue-collarblue-collarblue-collarblue-collarblue-collarblue-collarblue-collarblue-collarblue-collarblue-collarblue-collarblue-collarblue-collarblue-collarblue-collarblue-collarblue-collarblue-collarblue-collarblue-collarblue-collarblue-collarblue-collarblue-collarblue-collarblue-collarblue-collarblue-collarblue-collarblue-collarblue-collarblue-collarblue-collarblue-collarblue-collarblue-collarblue-collarblue-collarblue-collarblue-collarblue-collarblue-collarblue-collarblue-collarblue-collarblue-collarblue-collarblue-collarblue-collarblue-collarblue-collarblue-collarblue-collarblue-collarblue-collarblue-collarblue-collarblue-collarblue-collarblue-collarblue-collarblue-collarblue-collarblue-collarblue-collarblue-collarblue-collarblue-collarblue-collarblue-collarblue-collarblue-collarblue-collarblue-collarblue-collarblue-collarblue-collarblue-collarblue-collarblue-collarblue-collarblue-collarblue-collarblue-collarblue-collarblue-collarblue-collarblue-collarblue-collarblue-collarblue-collarblue-collarblue-collarblue-collarblue-collarblue-collarblue-collarblue-collarblue-collarblue-collarblue-collarblue-collarblue-collarblue-collarblue-collarblue-collarblue-collarblue-collarblue-collarblue-collarblue-collarblue-collarblue-collarblue-collarblue-collarblue-collarblue-collarblue-collarblue-collarblue-collarblue-collarblue-collarblue-collarblue-collarblue-collarblue-collarblue-collarblue-collarblue-collarblue-collarblue-collarblue-collarblue-collarblue-collarblue-collarblue-collarblue-collarblue-collarblue-collarblue-collarblue-collarblue-collarblue-collarblue-collarblue-collarblue-collarblue-collarblue-collarblue-collarblue-collarblue-collarblue-collarblue-collarblue-collarblue-collarblue-collarblue-collarblue-collarblue-collarblue-collarblue-collarblue-collarblue-collarblue-collarblue-collarblue-collarblue-collarblue-collarblue-collarblue-collarblue-collarblue-collarblue-collarblue-collarblue-collarblue-collarblue-collarblue-collarblue-collarblue-collarblue-collarblue-collarblue-collarblue-collarblue-collarblue-collarblue-collarblue-collarblue-collarblue-collarblue-collarblue-collarblue-collarblue-collarblue-collarblue-collarblue-collarblue-collarblue-collarblue-collarblue-collarblue-collarblue-collarblue-collarblue-collarblue-collarblue-collarblue-collarblue-collarblue-collarblue-collarblue-collarblue-collarblue-collarblue-collarblue-collarblue-collarblue-collarblue-collarblue-collarblue-collarblue-collarblue-collarblue-collarblue-collarblue-collarblue-collarblue-collarblue-collarblue-collarblue-collarblue-collarblue-collarblue-collarblue-collarblue-collarblue-collarblue-collarblue-collarblue-collarblue-collarblue-collarblue-collarblue-collarblue-collarblue-collarblue-collarblue-collarblue-collarblue-collarblue-collarblue-collarblue-collarblue-collarblue-collarblue-collarblue-collarblue-collarblue-collarblue-collarblue-collarblue-collarblue-collarblue-collarblue-collarblue-collarblue-collarblue-collarblue-collarblue-collarblue-collarblue-collarblue-collarblue-collarblue-collarblue-collarblue-collarblue-collarblue-collarblue-collarblue-collarblue-collarblue-collarblue-collarblue-collarblue-collarblue-collarblue-collarblue-collarblue-collarblue-collarblue-collarblue-collarblue-collarblue-collarblue-collarblue-collarblue-collarblue-collarblue-collarblue-collarblue-collarblue-collarblue-collarblue-collarblue-collarblue-collarblue-collarblue-collarblue-collarblue-collarblue-collarblue-collarblue-collarblue-collarblue-collarblue-collarblue-collarblue-collarblue-collarblue-collarblue-collarblue-collarblue-collarblue-collarblue-collarblue-collarblue-collarblue-collarblue-collarblue-collarblue-collarblue-collarblue-collarblue-collarblue-collarblue-collarblue-collarblue-collarblue-collarblue-collarblue-collarblue-collarblue-collarblue-collarblue-collarblue-collarblue-collarblue-collarblue-collarblue-collarblue-collarblue-collarblue-collarblue-collarblue-collarblue-collarblue-collarblue-collarblue-collarblue-collarblue-collarblue-collarblue-collarblue-collarblue-collarblue-collarblue-collarblue-collarblue-collarblue-collarblue-collarblue-collarblue-collarblue-collarblue-collarblue-collarblue-collarblue-collarblue-collarblue-collarblue-collarblue-collarblue-collarblue-collarblue-collarblue-collarblue-collarblue-collarblue-collarblue-collarblue-collarblue-collarblue-collarblue-collarblue-collarblue-collarblue-collarblue-collarblue-collarblue-collarblue-collarblue-collarblue-collarblue-collarblue-collarblue-collarblue-collarblue-collarblue-collarblue-collarblue-collarblue-collarblue-collarblue-collarblue-collarblue-collarblue-collarblue-collarblue-collarblue-collarblue-collarblue-collarblue-collarblue-collarblue-collarblue-collarblue-collarblue-collarblue-collarblue-collarblue-collarblue-collarblue-collarblue-collarblue-collarblue-collarblue-collarblue-collarblue-collarblue-collarblue-collarblue-collarblue-collarblue-collarblue-collarblue-collarblue-collarblue-collarblue-collarblue-collarblue-collarblue-collarblue-collarblue-collarblue-collarblue-collarblue-collarblue-collarblue-collarblue-collarblue-collarblue-collarblue-collarblue-collarblue-collarblue-collarblue-collarblue-collarblue-collarblue-collarblue-collarblue-collarblue-collarblue-collarblue-collarblue-collarblue-collarblue-collarblue-collarblue-collarblue-collarblue-collarblue-collarblue-collarblue-collarblue-collarblue-collarblue-collarblue-collarblue-collarblue-collarblue-collarblue-collarblue-collarblue-collarblue-collarblue-collarblue-collarblue-collarblue-collarblue-collarblue-collarblue-collarblue-collarblue-collarblue-collarblue-collarblue-collarblue-collarblue-collarblue-collarblue-collarblue-collarblue-collarblue-collarblue-collarblue-collarblue-collarblue-collarblue-collarblue-collarblue-collarblue-collarblue-collarblue-collarblue-collarblue-collarblue-collarblue-collarblue-collarblue-collarblue-collarblue-collarblue-collarblue-collarblue-collarblue-collarblue-collarblue-collarblue-collarblue-collarblue-collarblue-collarblue-collarblue-collarblue-collarblue-collarblue-collarblue-collarblue-collarblue-collarblue-collarblue-collarblue-collarblue-collarblue-collarblue-collarblue-collarblue-collarblue-collarblue-collarblue-collarblue-collarblue-collarblue-collarblue-collarblue-collarblue-collarblue-collarblue-collarblue-collarblue-collarblue-collarblue-collarblue-collarblue-collarblue-collarblue-collarblue-collarblue-collarblue-collarblue-collarblue-collarblue-collarblue-collarblue-collarblue-collarblue-collarblue-collarblue-collarblue-collarblue-collarblue-collarblue-collarblue-collarblue-collarblue-collarblue-collarblue-collarblue-collarblue-collarblue-collarblue-collarblue-collarblue-collarblue-collarblue-collarblue-collarblue-collarblue-collarblue-collarblue-collarblue-collarblue-collarblue-collarblue-collarblue-collarblue-collarblue-collarblue-collarblue-collarblue-collarblue-collarblue-collarblue-collarblue-collarblue-collarblue-collarblue-collarblue-collarblue-collarblue-collarblue-collarblue-collarblue-collarblue-collarblue-collarblue-collarblue-collarblue-collarblue-collarblue-collarblue-collarblue-collarblue-collarblue-collarblue-collarblue-collarblue-collarblue-collarblue-collarblue-collarblue-collarblue-collarblue-collarblue-collarblue-collarblue-collarblue-collarblue-collarblue-collarblue-collarblue-collarblue-collarblue-collarblue-collarblue-collarblue-collarblue-collarblue-collarblue-collarblue-collarblue-collarblue-collarblue-collarblue-collarblue-collarblue-collarblue-collarblue-collarblue-collarblue-collarblue-collarblue-collarblue-collarblue-collarblue-collarblue-collarblue-collarblue-collarblue-collarblue-collarblue-collarblue-collarblue-collarblue-collarblue-collarblue-collarblue-collarblue-collarblue-collarblue-collarblue-collarblue-collarblue-collarblue-collarblue-collarblue-collarblue-collarblue-collarblue-collarblue-collarblue-collarblue-collarblue-collarblue-collarblue-collarblue-collarblue-collarblue-collarblue-collarblue-collarblue-collarblue-collarblue-collarblue-collarblue-collarblue-collarblue-collarblue-collarblue-collarblue-collarblue-collarblue-collarblue-collarblue-collarblue-collarblue-collarblue-collarblue-collarblue-collarblue-collarblue-collarblue-collarblue-collarblue-collarblue-collarblue-collarblue-collarblue-collarblue-collarblue-collarblue-collarblue-collarblue-collarblue-collarblue-collarblue-collarblue-collarblue-collarblue-collarblue-collarblue-collarblue-collarblue-collarblue-collarblue-collarblue-collarblue-collarblue-collarblue-collarblue-collarblue-collarblue-collarblue-collarblue-collarblue-collarblue-collarblue-collarblue-collarblue-collarblue-collarblue-collarblue-collarblue-collarblue-collarblue-collarblue-collarblue-collarblue-collarblue-collarblue-collarblue-collarblue-collarblue-collarblue-collarblue-collarblue-collarblue-collarblue-collarblue-collarblue-collarblue-collarblue-collarblue-collarblue-collarblue-collarblue-collarblue-collarblue-collarblue-collarblue-collarblue-collarblue-collarblue-collarblue-collarblue-collarblue-collarblue-collarblue-collarblue-collarblue-collarblue-collarblue-collarblue-collarblue-collarblue-collarblue-collarblue-collarblue-collarblue-collarblue-collarblue-collarblue-collarblue-collarblue-collarblue-collarblue-collarblue-collarblue-collarblue-collarblue-collarblue-collarblue-collarblue-collarblue-collarblue-collarblue-collarblue-collarblue-collarblue-collarblue-collarblue-collarblue-collarblue-collarblue-collarblue-collarblue-collarblue-collarblue-collarblue-collarblue-collarblue-collarblue-collarblue-collarblue-collarblue-collarblue-collarblue-collarblue-collarblue-collarblue-collarblue-collarblue-collarblue-collarblue-collarblue-collarblue-collarblue-collarblue-collarblue-collarblue-collarblue-collarblue-collarblue-collarblue-collarblue-collarblue-collarblue-collarblue-collarblue-collarblue-collarblue-collarblue-collarblue-collarblue-collarblue-collarblue-collarblue-collarblue-collarblue-collarblue-collarblue-collarblue-collarblue-collarblue-collarblue-collarblue-collarblue-collarblue-collarblue-collarblue-collarblue-collarblue-collarblue-collarblue-collarblue-collarblue-collarblue-collarblue-collarblue-collarblue-collarblue-collarblue-collarblue-collarblue-collarblue-collarblue-collarblue-collarblue-collarblue-collarblue-collarblue-collarblue-collarblue-collarblue-collarblue-collarblue-collarblue-collarblue-collarblue-collarblue-collarblue-collarblue-collarblue-collarblue-collarblue-collarblue-collarblue-collarblue-collarblue-collarblue-collarblue-collarblue-collarblue-collarblue-collarblue-collarblue-collarblue-collarblue-collarblue-collarblue-collarblue-collarblue-collarblue-collarblue-collarblue-collarblue-collarblue-collarblue-collarblue-collarblue-collarblue-collarblue-collarblue-collarblue-collarblue-collarblue-collarblue-collarblue-collarblue-collarblue-collarblue-collarblue-collarblue-collarblue-collarblue-collarblue-collarblue-collarblue-collarblue-collarblue-collarblue-collarblue-collarblue-collarblue-collarblue-collarblue-collarblue-collarblue-collarblue-collarblue-collarblue-collarblue-collarblue-collarblue-collarblue-collarblue-collarblue-collarblue-collarblue-collarblue-collarblue-collarblue-collarblue-collarblue-collarblue-collarblue-collarblue-collarblue-collarblue-collarblue-collarblue-collarblue-collarblue-collarblue-collarblue-collarblue-collarblue-collarblue-collarblue-collarblue-collarblue-collarblue-collarblue-collarblue-collarblue-collarblue-collarblue-collarblue-collarblue-collarblue-collarblue-collarblue-collarblue-collarblue-collarblue-collarblue-collarblue-collarblue-collarblue-collarblue-collarblue-collarblue-collarblue-collarblue-collarblue-collarblue-collarblue-collarblue-collarblue-collarblue-collarblue-collarblue-collarblue-collarblue-collarblue-collarblue-collarblue-collarblue-collarblue-collarblue-collarblue-collarblue-collarblue-collarblue-collarblue-collarblue-collarblue-collarblue-collarblue-collarblue-collarblue-collarblue-collarblue-collarblue-collarblue-collarblue-collarblue-collarblue-collarblue-collarblue-collarblue-collarblue-collarblue-collarblue-collarblue-collarblue-collarblue-collarblue-collarblue-collarblue-collarblue-collarblue-collarblue-collarblue-collarblue-collarblue-collarblue-collarblue-collarblue-collarblue-collarblue-collarblue-collarblue-collarblue-collarblue-collarblue-collarblue-collarblue-collarblue-collarblue-collarblue-collarblue-collarblue-collarblue-collarblue-collarblue-collarblue-collarblue-collarblue-collarblue-collarblue-collarblue-collarblue-collarblue-collarblue-collarblue-collarblue-collarblue-collarblue-collarblue-collarblue-collarblue-collarblue-collarblue-collarblue-collarblue-collarblue-collarblue-collarblue-collarblue-collarblue-collarblue-collarblue-collarblue-collarblue-collarblue-collarblue-collarblue-collarblue-collarblue-collarblue-collarblue-collarblue-collarblue-collarblue-collarblue-collarblue-collarblue-collarblue-collarblue-collarblue-collarblue-collarblue-collarblue-collarblue-collarblue-collarblue-collarblue-collarblue-collarblue-collarblue-collarblue-collarblue-collarblue-collarblue-collarblue-collarblue-collarblue-collarblue-collarblue-collarblue-collarblue-collarblue-collarblue-collarblue-collarblue-collarblue-collarblue-collarblue-collarblue-collarblue-collarblue-collarblue-collarblue-collarblue-collarblue-collarblue-collarblue-collarblue-collarblue-collarblue-collarblue-collarblue-collarblue-collarblue-collarblue-collarblue-collarblue-collarblue-collarblue-collarblue-collarblue-collarblue-collarblue-collarblue-collarblue-collarblue-collarblue-collarblue-collarblue-collarblue-collarblue-collarblue-collarblue-collarblue-collarblue-collarblue-collarblue-collarblue-collarblue-collarblue-collarblue-collarblue-collarblue-collarblue-collarblue-collarblue-collarblue-collarblue-collarblue-collarblue-collarblue-collarblue-collarblue-collarblue-collarblue-collarblue-collarblue-collarblue-collarblue-collarblue-collarblue-collarblue-collarblue-collarblue-collarblue-collarblue-collarblue-collarblue-collarblue-collarblue-collarblue-collarblue-collarblue-collarblue-collarblue-collarblue-collarblue-collarblue-collarblue-collarblue-collarblue-collarblue-collarblue-collarblue-collarblue-collarblue-collarblue-collarblue-collarblue-collarblue-collarblue-collarblue-collarblue-collarblue-collarblue-collarblue-collarblue-collarblue-collarblue-collarblue-collarblue-collarblue-collarblue-collarblue-collarblue-collarblue-collarblue-collarblue-collarblue-collarblue-collarblue-collarblue-collarblue-collarblue-collarblue-collarblue-collarblue-collarblue-collarblue-collarblue-collarblue-collarblue-collarblue-collarblue-collarblue-collarblue-collarblue-collarblue-collarblue-collarblue-collarblue-collarblue-collarblue-collarblue-collarblue-collarblue-collarblue-collarblue-collarblue-collarblue-collarblue-collarblue-collarblue-collarblue-collarblue-collarblue-collarblue-collarblue-collarblue-collarblue-collarblue-collarblue-collarblue-collarblue-collarblue-collarblue-collarblue-collarblue-collarblue-collarblue-collarblue-collarblue-collarblue-collarblue-collarblue-collarblue-collarblue-collarblue-collarblue-collarblue-collarblue-collarblue-collarblue-collarblue-collarblue-collarblue-collarblue-collarblue-collarblue-collarblue-collarblue-collarblue-collarblue-collarblue-collarblue-collarblue-collarblue-collarblue-collarblue-collarblue-collarblue-collarblue-collarblue-collarblue-collarblue-collarblue-collarblue-collarblue-collarblue-collarblue-collarblue-collarblue-collarblue-collarblue-collarblue-collarblue-collarblue-collarblue-collarblue-collarblue-collarblue-collarblue-collarblue-collarblue-collarblue-collarblue-collarblue-collarblue-collarblue-collarblue-collarblue-collarblue-collarblue-collarblue-collarblue-collarblue-collarblue-collarblue-collarblue-collarblue-collarblue-collarblue-collarblue-collarblue-collarblue-collarblue-collarblue-collarblue-collarblue-collarblue-collarblue-collarblue-collarblue-collarblue-collarblue-collarblue-collarblue-collarblue-collarblue-collarblue-collarblue-collarblue-collarblue-collarblue-collarblue-collarblue-collarblue-collarblue-collarblue-collarblue-collarblue-collarblue-collarblue-collarblue-collarblue-collarblue-collarblue-collarblue-collarblue-collarblue-collarblue-collarblue-collarblue-collarblue-collarblue-collarblue-collarblue-collarblue-collarblue-collarblue-collarblue-collarblue-collarblue-collarblue-collarblue-collarblue-collarblue-collarblue-collarblue-collarblue-collarblue-collarblue-collarblue-collarblue-collarblue-collarblue-collarblue-collarblue-collarblue-collarblue-collarblue-collarblue-collarblue-collarblue-collarblue-collarblue-collarblue-collarblue-collarblue-collarblue-collarblue-collarblue-collarblue-collarblue-collarblue-collarblue-collarblue-collarblue-collarblue-collarblue-collarblue-collarblue-collarblue-collarblue-collarblue-collarblue-collarblue-collarblue-collarblue-collarblue-collarblue-collarblue-collarblue-collarblue-collarblue-collarblue-collarblue-collarblue-collarblue-collarblue-collarblue-collarblue-collarblue-collarblue-collarblue-collarblue-collarblue-collarblue-collarblue-collarblue-collarblue-collarblue-collarblue-collarblue-collarblue-collarblue-collarblue-collarblue-collarblue-collarblue-collarblue-collarblue-collarblue-collarblue-collarblue-collarblue-collarblue-collarblue-collarblue-collarblue-collarblue-collarblue-collarblue-collarblue-collarblue-collarblue-collarblue-collarblue-collarblue-collarblue-collarblue-collarblue-collarblue-collarblue-collarblue-collarblue-collarblue-collarblue-collarblue-collarblue-collarblue-collarblue-collarblue-collarblue-collarblue-collarblue-collarblue-collarblue-collarblue-collarblue-collarblue-collarblue-collarblue-collarblue-collarblue-collarblue-collarblue-collarblue-collarblue-collarblue-collarblue-collarblue-collarblue-collarblue-collarblue-collarblue-collarblue-collarblue-collarblue-collarblue-collarblue-collarblue-collarblue-collarblue-collarblue-collarblue-collarblue-collarblue-collarblue-collarblue-collarblue-collarblue-collarblue-collarblue-collarblue-collarblue-collarblue-collarblue-collarblue-collarblue-collarblue-collarblue-collarblue-collarblue-collarblue-collarblue-collarblue-collarblue-collarblue-collarblue-collarblue-collarblue-collarblue-collarblue-collarblue-collarblue-collarblue-collarblue-collarblue-collarblue-collarblue-collarblue-collarblue-collarblue-collarblue-collarblue-collarblue-collarblue-collarblue-collarblue-collarblue-collarblue-collarblue-collarblue-collarblue-collarblue-collarblue-collarblue-collarblue-collarblue-collarblue-collarblue-collarblue-collarblue-collarblue-collarblue-collarblue-collarblue-collarblue-collarblue-collarblue-collarblue-collarblue-collarblue-collarblue-collarblue-collarblue-collarblue-collarblue-collarblue-collarblue-collarblue-collarblue-collarblue-collarblue-collarblue-collarblue-collarblue-collarblue-collarblue-collarblue-collarblue-collarblue-collarblue-collarblue-collarblue-collarblue-collarblue-collarblue-collarblue-collarblue-collarblue-collarblue-collarblue-collarblue-collarblue-collarblue-collarblue-collarblue-collarblue-collarblue-collarblue-collarblue-collarblue-collarblue-collarblue-collarblue-collarblue-collarblue-collarblue-collarblue-collarblue-collarblue-collarblue-collarblue-collarblue-collarblue-collarblue-collarblue-collarblue-collarblue-collarblue-collarblue-collarblue-collarblue-collarblue-collarblue-collarblue-collarblue-collarblue-collarblue-collarblue-collarblue-collarblue-collarblue-collarblue-collarblue-collarblue-collarblue-collarblue-collarblue-collarblue-collarblue-collarblue-collarblue-collarblue-collarblue-collarblue-collarblue-collarblue-collarblue-collarblue-collarblue-collarblue-collarblue-collarblue-collarblue-collarblue-collarblue-collarblue-collarblue-collarblue-collarblue-collarblue-collarblue-collarblue-collarblue-collarblue-collarblue-collarblue-collarblue-collarblue-collarblue-collarblue-collarblue-collarblue-collarblue-collarblue-collarblue-collarblue-collarblue-collarblue-collarblue-collarblue-collarblue-collarblue-collarblue-collarblue-collarblue-collarblue-collarblue-collarblue-collarblue-collarblue-collarblue-collarblue-collarblue-collarblue-collarblue-collarblue-collarblue-collarblue-collarblue-collarblue-collarblue-collarblue-collarblue-collarblue-collarblue-collarblue-collarblue-collarblue-collarblue-collarblue-collarblue-collarblue-collarblue-collarblue-collarblue-collarblue-collarblue-collarblue-collarblue-collarblue-collarblue-collarblue-collarblue-collarblue-collarblue-collarblue-collarblue-collarblue-collarblue-collarblue-collarblue-collarblue-collarblue-collarblue-collarblue-collarblue-collarblue-collarblue-collarblue-collarblue-collarblue-collarblue-collarblue-collarblue-collarblue-collarblue-collarblue-collarblue-collarblue-collarblue-collarblue-collarblue-collarblue-collarblue-collarblue-collarblue-collarblue-collarblue-collarblue-collarblue-collarblue-collarblue-collarblue-collarblue-collarblue-collarblue-collarblue-collarblue-collarblue-collarblue-collarblue-collarblue-collarblue-collarblue-collarblue-collarblue-collarblue-collarblue-collarblue-collarblue-collarblue-collarblue-collarblue-collarblue-collarblue-collarblue-collarblue-collarblue-collarblue-collarblue-collarblue-collarblue-collarblue-collarblue-collarblue-collarblue-collarblue-collarblue-collarblue-collarblue-collarblue-collarblue-collarblue-collarblue-collarblue-collarblue-collarblue-collarblue-collarblue-collarblue-collarblue-collarblue-collarblue-collarblue-collarblue-collarblue-collarblue-collarblue-collarblue-collarblue-collarblue-collarblue-collarblue-collarblue-collarblue-collarblue-collarblue-collarblue-collarblue-collarblue-collarblue-collarblue-collarblue-collarblue-collarblue-collarblue-collarblue-collarblue-collarblue-collarblue-collarblue-collarblue-collarblue-collarblue-collarblue-collarblue-collarblue-collarblue-collarblue-collarblue-collarblue-collarblue-collarblue-collarblue-collarblue-collarblue-collarblue-collarblue-collarblue-collarblue-collarblue-collarblue-collarblue-collarblue-collarblue-collarblue-collarblue-collarblue-collarblue-collarblue-collarblue-collarblue-collarblue-collarblue-collarblue-collarblue-collarblue-collarblue-collarblue-collarblue-collarblue-collarblue-collarblue-collarblue-collarblue-collarblue-collarblue-collarblue-collarblue-collarblue-collarblue-collarblue-collarblue-collarblue-collarblue-collarblue-collarblue-collarblue-collarblue-collarblue-collarblue-collarblue-collarblue-collarblue-collarblue-collarblue-collarblue-collarblue-collarblue-collarblue-collarblue-collarblue-collarblue-collarblue-collarblue-collarblue-collarblue-collarblue-collarblue-collarblue-collarblue-collarblue-collarblue-collarblue-collarblue-collarblue-collarblue-collarblue-collarblue-collarblue-collarblue-collarblue-collarblue-collarblue-collarblue-collarblue-collarblue-collarblue-collarblue-collarblue-collarblue-collarblue-collarblue-collarblue-collarblue-collarblue-collarblue-collarblue-collarblue-collarblue-collarblue-collarblue-collarblue-collarblue-collarblue-collarblue-collarblue-collarblue-collarblue-collarblue-collarblue-collarblue-collarblue-collarblue-collarblue-collarblue-collarblue-collarblue-collarblue-collarblue-collarblue-collarblue-collarblue-collarblue-collarblue-collarblue-collarblue-collarblue-collarblue-collarblue-collarblue-collarblue-collarblue-collarblue-collarblue-collarblue-collarblue-collarblue-collarblue-collarblue-collarblue-collarblue-collarblue-collarblue-collarblue-collarblue-collarblue-collarblue-collarblue-collarblue-collarblue-collarblue-collarblue-collarblue-collarblue-collarblue-collarblue-collarblue-collarblue-collarblue-collarblue-collarblue-collarblue-collarblue-collarblue-collarblue-collarblue-collarblue-collarblue-collarblue-collarblue-collarblue-collarblue-collarblue-collarblue-collarblue-collarblue-collarblue-collarblue-collarblue-collarblue-collarblue-collarblue-collarblue-collarblue-collarblue-collarblue-collarblue-collarblue-collarblue-collarblue-collarblue-collarblue-collarblue-collarblue-collarblue-collarblue-collarblue-collarblue-collarblue-collarblue-collarblue-collarblue-collarblue-collarblue-collarblue-collarblue-collarblue-collarblue-collarblue-collarblue-collarblue-collarblue-collarblue-collarblue-collarblue-collarblue-collarblue-collarblue-collarblue-collarblue-collarblue-collarblue-collarblue-collarblue-collarblue-collarblue-collarblue-collarblue-collarblue-collarblue-collarblue-collarblue-collarblue-collarblue-collarblue-collarblue-collarblue-collarblue-collarblue-collarblue-collarblue-collarblue-collarblue-collarblue-collarblue-collarblue-collarblue-collarblue-collarblue-collarblue-collarblue-collarblue-collarblue-collarblue-collarblue-collarblue-collarblue-collarblue-collarblue-collarblue-collarblue-collarblue-collarblue-collarblue-collarblue-collarblue-collarblue-collarblue-collarblue-collarblue-collarblue-collarblue-collarblue-collarblue-collarblue-collarblue-collarblue-collarblue-collarblue-collarblue-collarblue-collarblue-collarblue-collarblue-collarblue-collarblue-collarblue-collarblue-collarblue-collarblue-collarblue-collarblue-collarblue-collarblue-collarblue-collarblue-collarblue-collarblue-collarblue-collarblue-collarblue-collarblue-collarblue-collarblue-collarblue-collarblue-collarblue-collarblue-collarblue-collarblue-collarblue-collarblue-collarblue-collarblue-collarblue-collarblue-collarblue-collarblue-collarblue-collarblue-collarblue-collarblue-collarblue-collarblue-collarblue-collarblue-collarblue-collarblue-collarblue-collarblue-collarblue-collarblue-collarblue-collarblue-collarblue-collarblue-collarblue-collarblue-collarblue-collarblue-collarblue-collarblue-collarblue-collarblue-collarblue-collarblue-collarblue-collarblue-collarblue-collarblue-collarblue-collarblue-collarblue-collarblue-collarblue-collarblue-collarblue-collarblue-collarblue-collarblue-collarblue-collarblue-collarblue-collarblue-collarblue-collarblue-collarblue-collarblue-collarblue-collarblue-collarblue-collarblue-collarblue-collarblue-collarblue-collarblue-collarblue-collarblue-collarblue-collarblue-collarblue-collarblue-collarblue-collarblue-collarblue-collarblue-collarblue-collarblue-collarblue-collarblue-collarblue-collarblue-collarblue-collarblue-collarblue-collarblue-collarblue-collarblue-collarblue-collarblue-collarblue-collarblue-collarblue-collarblue-collarblue-collarblue-collarblue-collarblue-collarblue-collarblue-collarblue-collarblue-collarblue-collarblue-collarblue-collarblue-collarblue-collarblue-collarblue-collarblue-collarblue-collarblue-collarblue-collarblue-collarblue-collarblue-collarblue-collarblue-collarblue-collarblue-collarblue-collarblue-collarblue-collarblue-collarblue-collarblue-collarblue-collarblue-collarblue-collarblue-collarblue-collarblue-collarblue-collarblue-collarblue-collarblue-collarblue-collarblue-collarblue-collarblue-collarblue-collarblue-collarblue-collarblue-collarblue-collarblue-collarblue-collarblue-collarblue-collarblue-collarblue-collarblue-collarblue-collarblue-collarblue-collarblue-collarblue-collarblue-collarblue-collarblue-collarblue-collarblue-collarblue-collarblue-collarblue-collarblue-collarblue-collarblue-collarblue-collarblue-collarblue-collarblue-collarblue-collarblue-collarblue-collarblue-collarblue-collarblue-collarblue-collarblue-collarblue-collarblue-collarblue-collarblue-collarblue-collarblue-collarblue-collarblue-collarblue-collarblue-collarblue-collarblue-collarblue-collarblue-collarblue-collarblue-collarblue-collarblue-collarblue-collarblue-collarblue-collarblue-collarblue-collarblue-collarblue-collarblue-collarblue-collarblue-collarblue-collarblue-collarblue-collarblue-collarblue-collarblue-collarblue-collarblue-collarblue-collarblue-collarblue-collarblue-collarblue-collarblue-collarblue-collarblue-collarblue-collarblue-collarblue-collarblue-collarblue-collarblue-collarblue-collarblue-collarblue-collarblue-collarblue-collarblue-collarblue-collarblue-collarblue-collarblue-collarblue-collarblue-collarblue-collarblue-collarblue-collarblue-collarblue-collarblue-collarblue-collarblue-collarblue-collarblue-collarblue-collarblue-collarblue-collarblue-collarblue-collarblue-collarblue-collarblue-collarblue-collarblue-collarblue-collarblue-collarblue-collarblue-collarblue-collarblue-collarblue-collarblue-collarblue-collarblue-collarblue-collarblue-collarblue-collarblue-collarblue-collarblue-collarblue-collarblue-collarblue-collarblue-collarblue-collarblue-collarblue-collarblue-collarblue-collarblue-collarblue-collarblue-collarblue-collarblue-collarblue-collarblue-collarblue-collarblue-collarblue-collarblue-collarblue-collarblue-collarblue-collarblue-collarblue-collarblue-collarblue-collarblue-collarblue-collarblue-collarblue-collarblue-collarblue-collarblue-collarblue-collarblue-collarblue-collarblue-collarblue-collarblue-collarblue-collarblue-collarblue-collarblue-collarblue-collarblue-collarblue-collarblue-collarblue-collarblue-collarblue-collarblue-collarblue-collarblue-collarblue-collarblue-collarblue-collarblue-collarblue-collarblue-collarblue-collarblue-collarblue-collarblue-collarblue-collarblue-collarblue-collarblue-collarblue-collarblue-collarblue-collarblue-collarblue-collarblue-collarblue-collarblue-collarblue-collarblue-collarblue-collarblue-collarblue-collarblue-collarblue-collarblue-collarblue-collarblue-collarblue-collarblue-collarblue-collarblue-collarblue-collarblue-collarblue-collarblue-collarblue-collarblue-collarblue-collarblue-collarblue-collarblue-collarblue-collarblue-collarblue-collarblue-collarblue-collarblue-collarblue-collarblue-collarblue-collarblue-collarblue-collarblue-collarblue-collarblue-collarblue-collarblue-collarblue-collarblue-collarblue-collarblue-collarblue-collarblue-collarblue-collarblue-collarblue-collarblue-collarblue-collarblue-collarblue-collarblue-collarblue-collarblue-collarblue-collarblue-collarblue-collarblue-collarblue-collarblue-collarblue-collarblue-collarblue-collarblue-collarblue-collarblue-collarblue-collarblue-collarblue-collarblue-collarblue-collarblue-collarblue-collarblue-collarblue-collarblue-collarblue-collarblue-collarblue-collarblue-collarblue-collarblue-collarblue-collarblue-collarblue-collarblue-collarblue-collarblue-collarblue-collarblue-collarblue-collarblue-collarblue-collarblue-collarblue-collarblue-collarblue-collarblue-collarblue-collarblue-collarblue-collarblue-collarblue-collarblue-collarblue-collarblue-collarblue-collarblue-collarblue-collarblue-collarblue-collarblue-collarblue-collarblue-collarblue-collarblue-collarblue-collarblue-collarblue-collarblue-collarblue-collarblue-collarblue-collarblue-collarblue-collarblue-collarblue-collarblue-collarblue-collarblue-collarblue-collarblue-collarblue-collarblue-collarblue-collarblue-collarblue-collarblue-collarblue-collarblue-collarblue-collarblue-collarblue-collarblue-collarblue-collarblue-collarblue-collarblue-collarblue-collarblue-collarblue-collarblue-collarblue-collarblue-collarblue-collarblue-collarblue-collarblue-collarblue-collarblue-collarblue-collarblue-collarblue-collarblue-collarblue-collarblue-collarblue-collarblue-collarblue-collarblue-collarblue-collarblue-collarblue-collarblue-collarblue-collarblue-collarblue-collarblue-collarblue-collarblue-collarblue-collarblue-collarblue-collarblue-collarblue-collarblue-collarblue-collarblue-collarblue-collarblue-collarblue-collarblue-collarblue-collarblue-collarblue-collarblue-collarblue-collarblue-collarblue-collarblue-collarblue-collarblue-collarblue-collarblue-collarblue-collarblue-collarblue-collarblue-collarblue-collarblue-collarblue-collarblue-collarblue-collarblue-collarblue-collarblue-collarblue-collarblue-collarblue-collarblue-collarblue-collarblue-collarblue-collarblue-collarblue-collarblue-collarblue-collarblue-collarblue-collarblue-collarblue-collarblue-collarblue-collarblue-collarblue-collarblue-collarblue-collarblue-collarblue-collarblue-collarblue-collarblue-collarblue-collarblue-collarblue-collarblue-collarblue-collarblue-collarblue-collarblue-collarblue-collarblue-collarblue-collarblue-collarblue-collarblue-collarblue-collarblue-collarblue-collarblue-collarblue-collarblue-collarblue-collarblue-collarblue-collarblue-collarblue-collarblue-collarblue-collarblue-collarblue-collarblue-collarblue-collarblue-collarblue-collarblue-collarblue-collarblue-collarblue-collarblue-collarblue-collarblue-collarblue-collarblue-collarblue-collarblue-collarblue-collarblue-collarblue-collarblue-collarblue-collarblue-collarblue-collarblue-collarblue-collarblue-collarblue-collarblue-collarblue-collarblue-collarblue-collarblue-collarblue-collarblue-collarblue-collarblue-collarblue-collarblue-collarblue-collarblue-collarblue-collarblue-collarblue-collarblue-collarblue-collarblue-collarblue-collarblue-collarblue-collarblue-collarblue-collarblue-collarblue-collarblue-collarblue-collarblue-collarblue-collarblue-collarblue-collarblue-collarblue-collarblue-collarblue-collarblue-collarblue-collarblue-collarblue-collarblue-collarblue-collarblue-collarblue-collarblue-collarblue-collarblue-collarblue-collarblue-collarblue-collarblue-collarblue-collarblue-collarblue-collarblue-collarblue-collarblue-collarblue-collarblue-collarblue-collarblue-collarblue-collarblue-collarblue-collarblue-collarblue-collarblue-collarblue-collarblue-collarblue-collarblue-collarblue-collarblue-collarblue-collarblue-collarblue-collarblue-collarblue-collarblue-collarblue-collarblue-collarblue-collarblue-collarblue-collarblue-collarblue-collarblue-collarblue-collarblue-collarblue-collarblue-collarblue-collarblue-collarblue-collarblue-collarblue-collarblue-collarblue-collarblue-collarblue-collarblue-collarblue-collarblue-collarblue-collarblue-collarblue-collarblue-collarblue-collarblue-collarblue-collarblue-collarblue-collarblue-collarblue-collarblue-collarblue-collarblue-collarblue-collarblue-collarblue-collarblue-collarblue-collarblue-collarblue-collarblue-collarblue-collarblue-collarblue-collarblue-collarblue-collarblue-collarblue-collarblue-collarblue-collarblue-collarblue-collarblue-collarblue-collarblue-collarblue-collarblue-collarblue-collarblue-collarblue-collarblue-collarblue-collarblue-collarblue-collarblue-collarblue-collarblue-collarblue-collarblue-collarblue-collarblue-collarblue-collarblue-collarblue-collarblue-collarblue-collarblue-collarblue-collarblue-collarblue-collarblue-collarblue-collarblue-collarblue-collarblue-collarblue-collarblue-collarblue-collarblue-collarblue-collarblue-collarblue-collarblue-collarblue-collarblue-collarblue-collarblue-collarblue-collarblue-collarblue-collarblue-collarblue-collarblue-collarblue-collarblue-collarblue-collarblue-collarblue-collarblue-collarblue-collarblue-collarblue-collarblue-collarblue-collarblue-collarblue-collarblue-collarblue-collarblue-collarblue-collarblue-collarblue-collarblue-collarblue-collarblue-collarblue-collarblue-collarblue-collarblue-collarblue-collarblue-collarblue-collarblue-collarblue-collarblue-collarblue-collarblue-collarblue-collarblue-collarblue-collarblue-collarblue-collarblue-collarblue-collarblue-collarblue-collarblue-collarblue-collarblue-collarblue-collarblue-collarblue-collarblue-collarblue-collarblue-collarblue-collarblue-collarblue-collarblue-collarblue-collarblue-collarblue-collarblue-collarblue-collarblue-collarblue-collarblue-collarblue-collarblue-collarblue-collarblue-collarblue-collarblue-collarblue-collarblue-collarblue-collarblue-collarblue-collarblue-collarblue-collarblue-collarblue-collarblue-collarblue-collarblue-collarblue-collarblue-collarblue-collarblue-collarblue-collarblue-collarblue-collarblue-collarblue-collarblue-collarblue-collarblue-collarblue-collarblue-collarblue-collarblue-collarblue-collarblue-collarblue-collarblue-collarblue-collarblue-collarblue-collarblue-collarblue-collarblue-collarblue-collarblue-collarblue-collarblue-collarblue-collarblue-collarblue-collarblue-collarblue-collarblue-collarblue-collarblue-collarblue-collarblue-collarblue-collarblue-collarblue-collarblue-collarblue-collarblue-collarblue-collarblue-collarblue-collarblue-collarblue-collarblue-collarblue-collarblue-collarblue-collarblue-collarblue-collarblue-collarblue-collarblue-collarblue-collarblue-collarblue-collarblue-collarblue-collarblue-collarblue-collarblue-collarblue-collarblue-collarblue-collarblue-collarblue-collarblue-collarblue-collarblue-collarblue-collarblue-collarblue-collarblue-collarblue-collarblue-collarblue-collarblue-collarblue-collarblue-collarblue-collarblue-collarblue-collarblue-collarblue-collarblue-collarblue-collarblue-collarblue-collarblue-collarblue-collarblue-collarblue-collarblue-collarblue-collarblue-collarblue-collarblue-collarblue-collarblue-collarblue-collarblue-collarblue-collarblue-collarblue-collarblue-collarblue-collarblue-collarblue-collarblue-collarblue-collarblue-collarblue-collarblue-collarblue-collarblue-collarblue-collarblue-collarblue-collarblue-collarblue-collarblue-collarblue-collarblue-collarblue-collarblue-collarblue-collarblue-collarblue-collarblue-collarblue-collarblue-collarblue-collarblue-collarblue-collarblue-collarblue-collarblue-collarblue-collarblue-collarblue-collarblue-collarblue-collarblue-collarblue-collarblue-collarblue-collarblue-collarblue-collarblue-collarblue-collarblue-collarblue-collarblue-collarblue-collarblue-collarblue-collarblue-collarblue-collarblue-collarblue-collarblue-collarblue-collarblue-collarblue-collarblue-collarblue-collarblue-collarblue-collarblue-collarblue-collarblue-collarblue-collarblue-collarblue-collarblue-collarblue-collarblue-collarblue-collarblue-collarblue-collarblue-collarblue-collarblue-collarblue-collarblue-collarblue-collarblue-collarblue-collarblue-collarblue-collarblue-collarblue-collarblue-collarblue-collarblue-collarblue-collarblue-collarblue-collarblue-collarblue-collarblue-collarblue-collarblue-collarblue-collarblue-collarblue-collarblue-collarblue-collarblue-collarblue-collarblue-collarblue-collarblue-collarblue-collarblue-collarblue-collarblue-collarblue-collarblue-collarblue-collarblue-collarblue-collarblue-collarblue-collarblue-collarblue-collarblue-collarblue-collarblue-collarblue-collarblue-collarblue-collarblue-collarblue-collarblue-collarblue-collarblue-collarblue-collarblue-collarblue-collarblue-collarblue-collarblue-collarblue-collarblue-collarblue-collarblue-collarblue-collarblue-collarblue-collarblue-collarblue-collarblue-collarblue-collarblue-collarblue-collarblue-collarblue-collarblue-collarblue-collarblue-collarblue-collarblue-collarblue-collarblue-collarblue-collarblue-collarblue-collarblue-collarblue-collarblue-collarblue-collarblue-collarblue-collarblue-collarblue-collarblue-collarblue-collarblue-collarblue-collarblue-collarblue-collarblue-collarblue-collarblue-collarblue-collarblue-collarblue-collarblue-collarblue-collarblue-collarblue-collarblue-collarblue-collarblue-collarblue-collarblue-collarblue-collarblue-collarblue-collarblue-collarblue-collarblue-collarblue-collarblue-collarblue-collarblue-collarblue-collarblue-collarblue-collarblue-collarblue-collarblue-collarblue-collarblue-collarblue-collarblue-collarblue-collarblue-collarblue-collarblue-collarblue-collarblue-collarblue-collarblue-collarblue-collarblue-collarblue-collarblue-collarblue-collarblue-collarblue-collarblue-collarblue-collarblue-collarblue-collarblue-collarblue-collarblue-collarblue-collarblue-collarblue-collarblue-collarblue-collarblue-collarblue-collarblue-collarblue-collarblue-collarblue-collarblue-collarblue-collarblue-collarblue-collarblue-collarblue-collarblue-collarblue-collarblue-collarblue-collarblue-collarblue-collarblue-collarblue-collarblue-collarblue-collarblue-collarblue-collarblue-collarblue-collarblue-collarblue-collarblue-collarblue-collarblue-collarblue-collarblue-collarblue-collarblue-collarblue-collarblue-collarblue-collarblue-collarblue-collarblue-collarblue-collarblue-collarblue-collarblue-collarblue-collarblue-collarblue-collarblue-collarblue-collarblue-collarblue-collarblue-collarblue-collarblue-collarblue-collarblue-collarblue-collarblue-collarblue-collarblue-collarblue-collarblue-collarblue-collarblue-collarblue-collarblue-collarblue-collarblue-collarblue-collarblue-collarblue-collarblue-collarblue-collarblue-collarblue-collarblue-collarblue-collarblue-collarblue-collarblue-collarblue-collarblue-collarblue-collarblue-collarblue-collarblue-collarblue-collarblue-collarblue-collarblue-collarblue-collarblue-collarblue-collarblue-collarblue-collarblue-collarblue-collarblue-collarblue-collarblue-collarblue-collarblue-collarblue-collarblue-collarblue-collarblue-collarblue-collarblue-collarblue-collarblue-collarblue-collarblue-collarblue-collarblue-collarblue-collarblue-collarblue-collarblue-collarblue-collarblue-collarblue-collarblue-collarblue-collarblue-collarblue-collarblue-collarblue-collarblue-collarblue-collarblue-collarblue-collarblue-collarblue-collarblue-collarblue-collarblue-collarblue-collarblue-collarblue-collarblue-collarblue-collarblue-collarblue-collarblue-collarblue-collarblue-collarblue-collarblue-collarblue-collarblue-collarblue-collarblue-collarblue-collarblue-collarblue-collarblue-collarblue-collarblue-collarblue-collarblue-collarblue-collarblue-collarblue-collarblue-collarblue-collarblue-collarblue-collarblue-collarblue-collarblue-collarblue-collarblue-collarblue-collarblue-collarblue-collarblue-collarblue-collarblue-collarblue-collarblue-collarblue-collarblue-collarblue-collarblue-collarblue-collarblue-collarblue-collarblue-collarblue-collarblue-collarblue-collarblue-collarblue-collarblue-collarblue-collarblue-collarblue-collarblue-collarblue-collarblue-collarblue-collarblue-collarblue-collarblue-collarblue-collarblue-collarblue-collarblue-collarblue-collarblue-collarblue-collarblue-collarblue-collarblue-collarblue-collarblue-collarblue-collarblue-collarblue-collarblue-collarblue-collarblue-collarblue-collarblue-collarblue-collarblue-collarblue-collarblue-collarblue-collarblue-collarblue-collarblue-collarblue-collarblue-collarblue-collarblue-collarblue-collarblue-collarblue-collarblue-collarblue-collarblue-collarblue-collarblue-collarblue-collarblue-collarblue-collarblue-collarblue-collarblue-collarblue-collarblue-collarblue-collarblue-collarblue-collarblue-collarblue-collarblue-collarblue-collarblue-collarblue-collarblue-collarblue-collarblue-collarblue-collarblue-collarblue-collarblue-collarblue-collarblue-collarblue-collarblue-collarblue-collarblue-collarblue-collarblue-collarblue-collarblue-collarblue-collarblue-collarblue-collarblue-collarblue-collarblue-collarblue-collarblue-collarblue-collarblue-collarblue-collarblue-collarblue-collarblue-collarblue-collarblue-collarblue-collarblue-collarblue-collarblue-collarblue-collarblue-collarblue-collarblue-collarblue-collarblue-collarblue-collarblue-collarblue-collarblue-collarblue-collarblue-collarblue-collarblue-collarblue-collarblue-collarblue-collarblue-collarblue-collarblue-collarblue-collarblue-collarblue-collarblue-collarblue-collarblue-collarblue-collarblue-collarblue-collarblue-collarblue-collarblue-collarblue-collarblue-collarblue-collarblue-collarblue-collarblue-collarblue-collarblue-collarblue-collarblue-collarblue-collarblue-collarblue-collarblue-collarblue-collarblue-collarblue-collarblue-collarblue-collarblue-collarblue-collarblue-collarblue-collarblue-collarblue-collarblue-collarblue-collarblue-collarblue-collarblue-collarblue-collarblue-collarblue-collarblue-collarblue-collarblue-collarblue-collarblue-collarblue-collarblue-collarblue-collarblue-collarblue-collarblue-collarblue-collarblue-collarblue-collarblue-collarblue-collarblue-collarblue-collarblue-collarblue-collarblue-collarblue-collarblue-collarblue-collarblue-collarblue-collarblue-collarblue-collarblue-collarblue-collarblue-collarblue-collarblue-collarblue-collarblue-collarblue-collarblue-collarblue-collarblue-collarblue-collarblue-collarblue-collarblue-collarblue-collarblue-collarblue-collarblue-collarblue-collarblue-collarblue-collarblue-collarblue-collarblue-collarblue-collarblue-collarblue-collarblue-collarblue-collarblue-collarblue-collarblue-collarblue-collarblue-collarblue-collarblue-collarblue-collarblue-collarblue-collarblue-collarblue-collarblue-collarblue-collarblue-collarblue-collarblue-collarblue-collarblue-collarblue-collarblue-collarblue-collarblue-collarblue-collarblue-collarblue-collarblue-collarblue-collarblue-collarblue-collarblue-collarblue-collarblue-collarblue-collarblue-collarblue-collarblue-collarblue-collarblue-collarblue-collarblue-collarblue-collarblue-collarblue-collarblue-collarblue-collarblue-collarblue-collarblue-collarblue-collarblue-collarblue-collarblue-collarblue-collarblue-collarblue-collarblue-collarblue-collarblue-collarblue-collarblue-collarblue-collarblue-collarblue-collarblue-collarblue-collarblue-collarblue-collarblue-collarblue-collarblue-collarblue-collarblue-collarblue-collarblue-collarblue-collarblue-collarblue-collarblue-collarblue-collarblue-collarblue-collarblue-collarblue-collarblue-collarblue-collarblue-collarblue-collarblue-collarblue-collarblue-collarblue-collarblue-collarblue-collarblue-collarblue-collarblue-collarblue-collarblue-collarblue-collarblue-collarblue-collarblue-collarblue-collarblue-collarblue-collarblue-collarblue-collarblue-collarblue-collarblue-collarblue-collarblue-collarblue-collarblue-collarblue-collarblue-collarblue-collarblue-collarblue-collarblue-collarblue-collarblue-collarblue-collarblue-collarblue-collarblue-collarblue-collarblue-collarblue-collarblue-collarblue-collarblue-collarblue-collarblue-collarblue-collarblue-collarblue-collarblue-collarblue-collarblue-collarblue-collarblue-collarblue-collarblue-collarblue-collarblue-collarblue-collarblue-collarblue-collarblue-collarblue-collarblue-collarblue-collarblue-collarblue-collarblue-collarblue-collarblue-collarblue-collarblue-collarblue-collarblue-collarblue-collarblue-collarblue-collarblue-collarblue-collarblue-collarblue-collarblue-collarblue-collarblue-collarblue-collarblue-collarblue-collarblue-collarblue-collarblue-collarblue-collarblue-collarblue-collarblue-collarblue-collarblue-collarblue-collarblue-collarblue-collarblue-collarblue-collarblue-collarblue-collarblue-collarblue-collarblue-collarblue-collarblue-collarblue-collarblue-collarblue-collarblue-collarblue-collarblue-collarblue-collarblue-collarblue-collarblue-collarblue-collarblue-collarblue-collarblue-collarblue-collarblue-collarblue-collarblue-collarblue-collarblue-collarblue-collarblue-collarblue-collarblue-collarblue-collarblue-collarblue-collarblue-collarblue-collarblue-collarblue-collarblue-collarblue-collarblue-collarblue-collarblue-collarblue-collarblue-collarblue-collarblue-collarblue-collarblue-collarblue-collarblue-collarblue-collarblue-collarblue-collarblue-collarblue-collarblue-collarblue-collarblue-collarblue-collarblue-collarblue-collarblue-collarblue-collarblue-collarblue-collarblue-collarblue-collarblue-collarblue-collarblue-collarblue-collarblue-collarblue-collarblue-collarblue-collarblue-collarblue-collarblue-collarblue-collarblue-collarblue-collarblue-collarblue-collarblue-collarblue-collarblue-collarblue-collarblue-collarblue-collarblue-collarblue-collarblue-collarblue-collarblue-collarblue-collarblue-collarblue-collarblue-collarblue-collarblue-collarblue-collarblue-collarblue-collarblue-collarblue-collarblue-collarblue-collarblue-collarblue-collarblue-collarblue-collarblue-collarblue-collarblue-collarblue-collarblue-collarblue-collarblue-collarblue-collarblue-collarblue-collarblue-collarblue-collarblue-collarblue-collarblue-collarblue-collarblue-collarblue-collarblue-collarblue-collarblue-collarblue-collarblue-collarblue-collarblue-collarblue-collarblue-collarblue-collarblue-collarblue-collarblue-collarblue-collarblue-collarblue-collarblue-collarblue-collarblue-collarblue-collarblue-collarblue-collarblue-collarblue-collarblue-collarblue-collarblue-collarblue-collarblue-collarblue-collarblue-collarblue-collarblue-collarblue-collarblue-collarblue-collarblue-collarblue-collarblue-collarblue-collarblue-collarblue-collarblue-collarblue-collarblue-collarblue-collarblue-collarblue-collarblue-collarblue-collarblue-collarblue-collarblue-collarblue-collarblue-collarblue-collarblue-collarblue-collarblue-collarblue-collarblue-collarblue-collarblue-collarblue-collarblue-collarblue-collarblue-collarblue-collarblue-collarblue-collarblue-collarblue-collarblue-collarblue-collarblue-collarblue-collarblue-collarblue-collarblue-collarblue-collarblue-collarblue-collarblue-collarblue-collarblue-collarblue-collarblue-collarblue-collarblue-collarblue-collarblue-collarblue-collarblue-collarblue-collarblue-collarblue-collarblue-collarblue-collarblue-collarblue-collarblue-collarblue-collarblue-collarblue-collarblue-collarblue-collarblue-collarblue-collarblue-collarblue-collarblue-collarblue-collarblue-collarblue-collarblue-collarblue-collarblue-collarblue-collarblue-collarblue-collarblue-collarblue-collarblue-collarblue-collarblue-collarblue-collarblue-collarblue-collarblue-collarblue-collarblue-collarblue-collarblue-collarblue-collarblue-collarblue-collarblue-collarblue-collarblue-collarblue-collarblue-collarblue-collarblue-collarblue-collarblue-collarblue-collarblue-collarblue-collarblue-collarblue-collarblue-collarblue-collarblue-collarblue-collarblue-collarblue-collarblue-collarblue-collarblue-collarblue-collarblue-collarblue-collarblue-collarblue-collarblue-collarblue-collarblue-collarblue-collarblue-collarblue-collarblue-collarblue-collarblue-collarblue-collarblue-collarblue-collarblue-collarblue-collarblue-collarblue-collarblue-collarblue-collarblue-collarblue-collarblue-collarblue-collarblue-collarblue-collarblue-collarblue-collarblue-collarblue-collarblue-collarblue-collarblue-collarblue-collarblue-collarblue-collarblue-collarblue-collarblue-collarblue-collarblue-collarblue-collarblue-collarblue-collarblue-collarblue-collarblue-collarblue-collarblue-collarblue-collarblue-collarblue-collarblue-collarblue-collarblue-collarblue-collarblue-collarblue-collarblue-collarblue-collarblue-collarblue-collarblue-collarblue-collarblue-collarblue-collarblue-collarblue-collarblue-collarblue-collarblue-collarblue-collarblue-collarblue-collarblue-collarblue-collarblue-collarblue-collarblue-collarblue-collarblue-collarblue-collarblue-collarblue-collarblue-collarblue-collarblue-collarblue-collarblue-collarblue-collarblue-collarblue-collarblue-collarblue-collarblue-collarblue-collarblue-collarblue-collarblue-collarblue-collarblue-collarblue-collarblue-collarblue-collarblue-collarblue-collarblue-collarblue-collarblue-collarblue-collarblue-collarblue-collarblue-collarblue-collarblue-collarblue-collarblue-collarblue-collarblue-collarblue-collarblue-collarblue-collarblue-collarblue-collarblue-collarblue-collarblue-collarblue-collarblue-collarblue-collarblue-collarblue-collarblue-collarblue-collarblue-collarblue-collarblue-collarblue-collarblue-collarblue-collarblue-collarblue-collarblue-collarblue-collarblue-collarblue-collarblue-collarblue-collarblue-collarblue-collarblue-collarblue-collarblue-collarblue-collarblue-collarblue-collarblue-collarblue-collarblue-collarblue-collarblue-collarblue-collarblue-collarblue-collarblue-collarblue-collarblue-collarblue-collarblue-collarblue-collarblue-collarblue-collarblue-collarblue-collarblue-collarblue-collarblue-collarblue-collarblue-collarblue-collarblue-collarblue-collarblue-collarblue-collarblue-collarblue-collarblue-collarblue-collarblue-collarblue-collarblue-collarblue-collarblue-collarblue-collarblue-collarblue-collarblue-collarblue-collarblue-collarblue-collarblue-collarblue-collarblue-collarblue-collarblue-collarblue-collarblue-collarblue-collarblue-collarblue-collarblue-collarblue-collarblue-collarblue-collarblue-collarblue-collarblue-collarblue-collarblue-collarblue-collarblue-collarblue-collarblue-collarblue-collarblue-collarblue-collarblue-collarblue-collarblue-collarblue-collarblue-collarblue-collarblue-collarblue-collarblue-collarblue-collarblue-collarblue-collarblue-collarblue-collarblue-collarblue-collarblue-collarblue-collarblue-collarblue-collarblue-collarblue-collarblue-collarblue-collarblue-collarblue-collarblue-collarblue-collarblue-collarblue-collarblue-collarblue-collarblue-collarblue-collarblue-collarblue-collarblue-collarblue-collarblue-collarblue-collarblue-collarblue-collarblue-collarblue-collarblue-collarblue-collarblue-collarblue-collarblue-collarblue-collarblue-collarblue-collarblue-collarblue-collarblue-collarblue-collarblue-collarblue-collarblue-collarblue-collarblue-collarblue-collarblue-collarblue-collarblue-collarblue-collarblue-collarblue-collarblue-collarblue-collarblue-collarblue-collarblue-collarblue-collarblue-collarblue-collarblue-collarblue-collarblue-collarblue-collarblue-collarblue-collarblue-collarblue-collarblue-collarblue-collarblue-collarblue-collarblue-collarblue-collarblue-collarblue-collarblue-collarblue-collarblue-collarblue-collarblue-collarblue-collarblue-collarblue-collarblue-collarblue-collarblue-collarblue-collarblue-collarblue-collarblue-collarblue-collarblue-collarblue-collarblue-collarblue-collarblue-collarblue-collarblue-collarblue-collarblue-collarblue-collarblue-collarblue-collarblue-collarblue-collarblue-collarblue-collarblue-collarblue-collarblue-collarblue-collarblue-collarblue-collarblue-collarblue-collarblue-collarblue-collarblue-collarblue-collarblue-collarblue-collarblue-collarblue-collarblue-collarblue-collarblue-collarblue-collarblue-collarblue-collarblue-collarblue-collarblue-collarblue-collarblue-collarblue-collarblue-collarblue-collarblue-collarblue-collarblue-collarblue-collarblue-collarblue-collarblue-collarblue-collarblue-collarblue-collarblue-collarblue-collarblue-collarblue-collarblue-collarblue-collarblue-collarblue-collarblue-collarblue-collarblue-collarblue-collarblue-collarblue-collarblue-collarblue-collarblue-collarblue-collarblue-collarblue-collarblue-collarblue-collarblue-collarblue-collarblue-collarblue-collarblue-collarblue-collarblue-collarblue-collarblue-collarblue-collarblue-collarblue-collarblue-collarblue-collarblue-collarblue-collarblue-collarblue-collarblue-collarblue-collarblue-collarblue-collarblue-collarblue-collarblue-collarblue-collarblue-collarblue-collarblue-collarblue-collarblue-collarblue-collarblue-collarblue-collarblue-collarblue-collarblue-collarblue-collarblue-collarblue-collarblue-collarblue-collarblue-collarblue-collarblue-collarblue-collarblue-collarblue-collarblue-collarblue-collarblue-collarblue-collarblue-collarblue-collarblue-collarblue-collarblue-collarblue-collarblue-collarblue-collarblue-collarblue-collarblue-collarblue-collarblue-collarblue-collarblue-collarblue-collarblue-collarblue-collarblue-collarblue-collarblue-collarblue-collarblue-collarblue-collarblue-collarblue-collarblue-collarblue-collarblue-collarblue-collarblue-collarblue-collarblue-collarblue-collarblue-collarblue-collarblue-collarblue-collarblue-collarblue-collarblue-collarblue-collarblue-collarblue-collarblue-collarblue-collarblue-collarblue-collarblue-collarblue-collarblue-collarblue-collarblue-collarblue-collarblue-collarblue-collarblue-collarblue-collarblue-collarblue-collarblue-collarblue-collarblue-collarblue-collarblue-collarblue-collarblue-collarblue-collarblue-collarblue-collarblue-collarblue-collarblue-collarblue-collarblue-collarblue-collarblue-collarblue-collarblue-collarblue-collarblue-collarblue-collarblue-collarblue-collarblue-collarblue-collarblue-collarblue-collarblue-collarblue-collarblue-collarblue-collarblue-collarblue-collarblue-collarblue-collarblue-collarblue-collarblue-collarblue-collarblue-collarblue-collarblue-collarblue-collarblue-collarblue-collarblue-collarblue-collarblue-collarblue-collarblue-collarblue-collarblue-collarblue-collarblue-collarblue-collarblue-collarblue-collarblue-collarblue-collarblue-collarblue-collarblue-collarblue-collarblue-collarblue-collarblue-collarblue-collarblue-collarblue-collarblue-collarblue-collarblue-collarblue-collarblue-collarblue-collarblue-collarblue-collarblue-collarblue-collarblue-collarblue-collarblue-collarblue-collarblue-collarblue-collarblue-collarblue-collarblue-collarblue-collarblue-collarblue-collarblue-collarblue-collarblue-collarblue-collarblue-collarblue-collarblue-collarblue-collarblue-collarblue-collarblue-collarblue-collarblue-collarblue-collarblue-collarblue-collarblue-collarblue-collarblue-collarblue-collarblue-collarblue-collarblue-collarblue-collarblue-collarblue-collarblue-collarblue-collarblue-collarblue-collarblue-collarblue-collarblue-collarblue-collarblue-collarblue-collarblue-collarblue-collarblue-collarblue-collarblue-collarblue-collarblue-collarblue-collarblue-collarblue-collarblue-collarblue-collarblue-collarblue-collarblue-collarblue-collarblue-collarblue-collarblue-collarblue-collarblue-collarblue-collarblue-collarblue-collarblue-collarblue-collarblue-collarblue-collarblue-collarblue-collarblue-collarblue-collarblue-collarblue-collarblue-collarblue-collarblue-collarblue-collarblue-collarblue-collarblue-collarblue-collarblue-collarblue-collarblue-collarblue-collarblue-collarblue-collarblue-collarblue-collarblue-collarblue-collarblue-collarblue-collarblue-collarblue-collarblue-collarblue-collarblue-collarblue-collarblue-collarblue-collarblue-collarblue-collarblue-collarblue-collarblue-collarblue-collarblue-collarblue-collarblue-collarblue-collarblue-collarblue-collarblue-collarblue-collarblue-collarblue-collarblue-collarblue-collarblue-collarblue-collarblue-collarblue-collarblue-collarblue-collarblue-collarblue-collarblue-collarblue-collarblue-collarblue-collarblue-collarblue-collarblue-collarblue-collarblue-collarblue-collarblue-collarblue-collarblue-collarblue-collarblue-collarblue-collarblue-collarblue-collarblue-collarblue-collarblue-collarblue-collarblue-collarblue-collarblue-collarblue-collarblue-collarblue-collarblue-collarblue-collarblue-collarblue-collarblue-collarblue-collarblue-collarblue-collarblue-collarblue-collarblue-collarblue-collarblue-collarblue-collarblue-collarblue-collarblue-collarblue-collarblue-collarblue-collarblue-collarblue-collarblue-collarblue-collarblue-collarblue-collarblue-collarblue-collarblue-collarblue-collarblue-collarblue-collarblue-collarblue-collarblue-collarblue-collarblue-collarblue-collarblue-collarblue-collarblue-collarblue-collarblue-collarblue-collarblue-collarblue-collarblue-collarblue-collarblue-collarblue-collarblue-collarblue-collarblue-collarblue-collarblue-collarblue-collarblue-collarblue-collarblue-collarblue-collarblue-collarblue-collarblue-collarblue-collarblue-collarblue-collarblue-collarblue-collarblue-collarblue-collarblue-collarblue-collarblue-collarblue-collarblue-collarblue-collarblue-collarblue-collarblue-collarblue-collarblue-collarblue-collarblue-collarblue-collarblue-collarblue-collarblue-collarblue-collarblue-collarblue-collarblue-collarblue-collarblue-collarblue-collarblue-collarblue-collarblue-collarblue-collarblue-collarblue-collarblue-collarblue-collarblue-collarblue-collarblue-collarblue-collarblue-collarblue-collarblue-collarblue-collarblue-collarblue-collarblue-collarblue-collarblue-collarblue-collarblue-collarblue-collarblue-collarblue-collarblue-collarblue-collarblue-collarblue-collarblue-collarblue-collarblue-collarblue-collarblue-collarblue-collarblue-collarblue-collarblue-collarblue-collarblue-collarblue-collarblue-collarblue-collarblue-collarblue-collarblue-collarblue-collarblue-collarblue-collarblue-collarblue-collarblue-collarblue-collarblue-collarblue-collarblue-collarblue-collarblue-collarblue-collarblue-collarblue-collarblue-collarblue-collarblue-collarblue-collarblue-collarblue-collarblue-collarblue-collarblue-collarblue-collarblue-collarblue-collarblue-collarblue-collarblue-collarblue-collarblue-collarblue-collarblue-collarblue-collarblue-collarblue-collarblue-collarblue-collarblue-collarblue-collarblue-collarblue-collarblue-collarblue-collarblue-collarblue-collarblue-collarblue-collarblue-collarblue-collarblue-collarblue-collarblue-collarblue-collarblue-collarblue-collarblue-collarblue-collarblue-collarblue-collarblue-collarblue-collarblue-collarblue-collarblue-collarblue-collarblue-collarblue-collarblue-collarblue-collarblue-collarblue-collarblue-collarblue-collarblue-collarblue-collarblue-collarblue-collarblue-collarblue-collarblue-collarblue-collarblue-collarblue-collarblue-collarblue-collarblue-collarblue-collarblue-collarblue-collarblue-collarblue-collarblue-collarblue-collarblue-collarblue-collarblue-collarblue-collarblue-collarblue-collarblue-collarblue-collarblue-collarblue-collarblue-collarblue-collarblue-collarblue-collarblue-collarblue-collarblue-collarblue-collarblue-collarblue-collarblue-collarblue-collarblue-collarblue-collarblue-collarblue-collarblue-collarblue-collarblue-collarblue-collarblue-collarblue-collarblue-collarblue-collarblue-collarblue-collarblue-collarblue-collarblue-collarblue-collarblue-collarblue-collarblue-collarblue-collarblue-collarblue-collarblue-collarblue-collarblue-collarblue-collarblue-collarblue-collarblue-collarblue-collarblue-collarblue-collarblue-collarblue-collarblue-collarblue-collarblue-collarblue-collarblue-collarblue-collarblue-collarblue-collarblue-collarblue-collarblue-collarblue-collarblue-collarblue-collarblue-collarblue-collarblue-collarblue-collarblue-collarblue-collarblue-collarblue-collarblue-collarblue-collarblue-collarblue-collarblue-collarblue-collarblue-collarblue-collarblue-collarblue-collarblue-collarblue-collarblue-collarblue-collarblue-collarblue-collarblue-collarblue-collarblue-collarblue-collarblue-collarblue-collarblue-collarblue-collarblue-collarblue-collarblue-collarblue-collarblue-collarblue-collarblue-collarblue-collarblue-collarblue-collarblue-collarblue-collarblue-collarblue-collarblue-collarblue-collarblue-collarblue-collarblue-collarblue-collarblue-collarblue-collarblue-collarblue-collarblue-collarblue-collarblue-collarblue-collarblue-collarblue-collarblue-collarblue-collarblue-collarblue-collarblue-collarblue-collarblue-collarblue-collarblue-collarblue-collarblue-collarblue-collarblue-collarblue-collarblue-collarblue-collarblue-collarblue-collarblue-collarblue-collarblue-collarblue-collarblue-collarblue-collarblue-collarblue-collarblue-collarblue-collarblue-collarblue-collarblue-collarblue-collarblue-collarblue-collarblue-collarblue-collarblue-collarblue-collarblue-collarblue-collarblue-collarblue-collarblue-collarblue-collarblue-collarblue-collarblue-collarblue-collarblue-collarblue-collarblue-collarblue-collarblue-collarblue-collarblue-collarblue-collarblue-collarblue-collarblue-collarblue-collarblue-collarblue-collarblue-collarblue-collarblue-collarblue-collarblue-collarblue-collarblue-collarblue-collarblue-collarblue-collarblue-collarblue-collarblue-collarblue-collarblue-collarblue-collarblue-collarblue-collarblue-collarblue-collarblue-collarblue-collarblue-collarblue-collarblue-collarblue-collarblue-collarblue-collarblue-collarblue-collarblue-collarblue-collarblue-collarblue-collarblue-collarblue-collarblue-collarblue-collarblue-collarblue-collarblue-collarblue-collarblue-collarblue-collarblue-collarblue-collarblue-collarblue-collarblue-collarblue-collarblue-collarblue-collarblue-collarblue-collarblue-collarblue-collarblue-collarblue-collarblue-collarblue-collarblue-collarblue-collarblue-collarblue-collarblue-collarblue-collarblue-collarblue-collarblue-collarblue-collarblue-collarblue-collarblue-collarblue-collarblue-collarblue-collarblue-collarblue-collarblue-collarblue-collarblue-collarblue-collarblue-collarblue-collarblue-collarblue-collarblue-collarblue-collarblue-collarblue-collarblue-collarblue-collarblue-collarblue-collarblue-collarblue-collarblue-collarblue-collarblue-collarblue-collarblue-collarblue-collarblue-collarblue-collarblue-collarblue-collarblue-collarblue-collarblue-collarblue-collarblue-collarblue-collarblue-collarblue-collarblue-collarblue-collarblue-collarblue-collarblue-collarblue-collarblue-collarblue-collarblue-collarblue-collarblue-collarblue-collarblue-collarblue-collarblue-collarblue-collarblue-collarblue-collarblue-collarblue-collarblue-collarblue-collarblue-collarblue-collarblue-collarblue-collarblue-collarblue-collarblue-collarblue-collarblue-collarblue-collarblue-collarblue-collarblue-collarblue-collarblue-collarblue-collarblue-collarblue-collarblue-collarblue-collarblue-collarblue-collarblue-collarblue-collarblue-collarblue-collarblue-collarblue-collarblue-collarblue-collarblue-collarblue-collarblue-collarblue-collarblue-collarblue-collarblue-collarblue-collarblue-collarblue-collarblue-collarblue-collarblue-collarblue-collarblue-collarblue-collarblue-collarblue-collarblue-collarblue-collarblue-collarblue-collarblue-collarblue-collarblue-collarblue-collarblue-collarblue-collarblue-collarblue-collarblue-collarblue-collarblue-collarblue-collarblue-collarblue-collarblue-collarblue-collarblue-collarblue-collarblue-collarblue-collarblue-collarblue-collarblue-collarblue-collarblue-collarblue-collarblue-collarblue-collarblue-collarblue-collarblue-collarblue-collarblue-collarblue-collarblue-collarblue-collarblue-collarblue-collarblue-collarblue-collarblue-collarblue-collarblue-collarblue-collarblue-collarblue-collarblue-collarblue-collarblue-collarblue-collarblue-collarblue-collarblue-collarblue-collarblue-collarblue-collarblue-collarblue-collarblue-collarblue-collarblue-collarblue-collarblue-collarblue-collarblue-collarblue-collarblue-collarblue-collarblue-collarblue-collarblue-collarblue-collarblue-collarblue-collarblue-collarblue-collarblue-collarblue-collarblue-collarblue-collarblue-collarblue-collarblue-collarblue-collarblue-collarblue-collarblue-collarblue-collarblue-collarblue-collarblue-collarblue-collarblue-collarblue-collarblue-collarblue-collarblue-collarblue-collarblue-collarblue-collarblue-collarblue-collarblue-collarblue-collarblue-collarblue-collarblue-collarblue-collarblue-collarblue-collarblue-collarblue-collarblue-collarblue-collarblue-collarblue-collarblue-collarblue-collarblue-collarblue-collarblue-collarblue-collarblue-collarblue-collarblue-collarblue-collarblue-collarblue-collarblue-collarblue-collarblue-collarblue-collarblue-collarblue-collarblue-collarblue-collarblue-collarblue-collarblue-collarblue-collarblue-collarblue-collarblue-collarblue-collarblue-collarblue-collarblue-collarblue-collarblue-collarblue-collarblue-collarblue-collarblue-collarblue-collarblue-collarblue-collarblue-collarblue-collarblue-collarblue-collarblue-collarblue-collarblue-collarblue-collarblue-collarblue-collarblue-collarblue-collarblue-collarblue-collarblue-collarblue-collarblue-collarblue-collarblue-collarblue-collarblue-collarblue-collarblue-collarblue-collarblue-collarblue-collarblue-collarblue-collarblue-collarblue-collarblue-collarblue-collarblue-collarblue-collarblue-collarblue-collarblue-collarblue-collarblue-collarblue-collarblue-collarblue-collarblue-collarblue-collarblue-collarblue-collarblue-collarblue-collarblue-collarblue-collarblue-collarblue-collarblue-collarblue-collarblue-collarblue-collarblue-collarblue-collarblue-collarblue-collarblue-collarblue-collarblue-collarblue-collarblue-collarblue-collarblue-collarblue-collarblue-collarblue-collarblue-collarblue-collarblue-collarblue-collarblue-collarblue-collarblue-collarblue-collarblue-collarblue-collarblue-collarblue-collarblue-collarblue-collarblue-collarblue-collarblue-collarblue-collarblue-collarblue-collarblue-collarblue-collarblue-collarblue-collarblue-collarblue-collarblue-collarblue-collarblue-collarblue-collarblue-collarblue-collarblue-collarblue-collarblue-collarblue-collarblue-collarblue-collarblue-collarblue-collarblue-collarblue-collarblue-collarblue-collarblue-collarblue-collarblue-collarblue-collarblue-collarblue-collarblue-collarblue-collarblue-collarblue-collarblue-collarblue-collarblue-collarblue-collarblue-collarblue-collarblue-collarblue-collarblue-collarblue-collarblue-collarblue-collarblue-collarblue-collarblue-collarblue-collarblue-collarblue-collarblue-collarblue-collarblue-collarblue-collarblue-collarblue-collarblue-collarblue-collarblue-collarblue-collarblue-collarblue-collarblue-collarblue-collarblue-collarblue-collarblue-collarblue-collarblue-collarblue-collarblue-collarblue-collarblue-collarblue-collarblue-collarblue-collarblue-collarblue-collarblue-collarblue-collarblue-collarblue-collarblue-collarblue-collarblue-collarblue-collarblue-collarblue-collarblue-collarblue-collarblue-collarblue-collarblue-collarblue-collarblue-collarblue-collarblue-collarblue-collarblue-collarblue-collarblue-collarblue-collarblue-collarblue-collarblue-collarblue-collarblue-collarblue-collarblue-collarblue-collarblue-collarblue-collarblue-collarblue-collarblue-collarblue-collarblue-collarblue-collarblue-collarblue-collarblue-collarblue-collarblue-collarblue-collarblue-collarblue-collarblue-collarblue-collarblue-collarblue-collarblue-collarblue-collarblue-collarblue-collarblue-collarblue-collarblue-collarblue-collarblue-collarblue-collarblue-collarblue-collarblue-collarblue-collarblue-collarblue-collarblue-collarblue-collarblue-collarblue-collarblue-collarblue-collarblue-collarblue-collarblue-collarblue-collarblue-collarblue-collarblue-collarblue-collarblue-collarblue-collarblue-collarblue-collarblue-collarblue-collarblue-collarblue-collarblue-collarblue-collarblue-collarblue-collarblue-collarblue-collarblue-collarblue-collarblue-collarblue-collarblue-collarblue-collarblue-collarblue-collarblue-collarblue-collarblue-collarblue-collarblue-collarblue-collarblue-collarblue-collarblue-collarblue-collarblue-collarblue-collarblue-collarblue-collarblue-collarblue-collarblue-collarblue-collarblue-collarblue-collarblue-collarblue-collarblue-collarblue-collarblue-collarblue-collarblue-collarblue-collarblue-collarblue-collarblue-collarblue-collarblue-collarblue-collarblue-collarblue-collarblue-collarblue-collarblue-collarblue-collarblue-collarblue-collarblue-collarblue-collarblue-collarblue-collarblue-collarblue-collarblue-collarblue-collarblue-collarblue-collarblue-collarblue-collarblue-collarblue-collarblue-collarblue-collarblue-collarblue-collarblue-collarblue-collarblue-collarblue-collarblue-collarblue-collarblue-collarblue-collarblue-collarblue-collarblue-collarblue-collarblue-collarblue-collarblue-collarblue-collarblue-collarblue-collarblue-collarblue-collarblue-collarblue-collarblue-collarblue-collarblue-collarblue-collarblue-collarblue-collarblue-collarblue-collarblue-collarblue-collarblue-collarblue-collarblue-collarblue-collarblue-collarblue-collarblue-collarblue-collarblue-collarblue-collarblue-collarblue-collarblue-collarblue-collarblue-collarblue-collarblue-collarblue-collarblue-collarblue-collarblue-collarblue-collarblue-collarblue-collarblue-collarblue-collarblue-collarblue-collarblue-collarblue-collarblue-collarblue-collarblue-collarblue-collarblue-collarblue-collarblue-collarblue-collarblue-collarblue-collarblue-collarblue-collarblue-collarblue-collarblue-collarblue-collarblue-collarblue-collarblue-collarblue-collarblue-collarblue-collarblue-collarblue-collarblue-collarblue-collarblue-collarblue-collarblue-collarblue-collarblue-collarblue-collarblue-collarblue-collarblue-collarblue-collarblue-collarblue-collarblue-collarblue-collarblue-collarblue-collarblue-collarblue-collarblue-collarblue-collarblue-collarblue-collarblue-collarblue-collarblue-collarblue-collarblue-collarblue-collarblue-collarblue-collarblue-collarblue-collarblue-collarblue-collarblue-collarblue-collarblue-collarblue-collarblue-collarblue-collarblue-collarblue-collarblue-collarblue-collarblue-collarblue-collarblue-collarblue-collarblue-collarblue-collarblue-collarblue-collarblue-collarblue-collarblue-collarblue-collarblue-collarblue-collarblue-collarblue-collarblue-collarblue-collarblue-collarblue-collarblue-collarblue-collarblue-collarblue-collarblue-collarblue-collarblue-collarblue-collarblue-collarblue-collarblue-collarblue-collarblue-collarblue-collarblue-collarblue-collarblue-collarblue-collarblue-collarblue-collarblue-collarblue-collarblue-collarblue-collarblue-collarblue-collarblue-collarblue-collarblue-collarblue-collarblue-collarblue-collarblue-collarblue-collarblue-collarblue-collarblue-collarblue-collarblue-collarblue-collarblue-collarblue-collarblue-collarblue-collarblue-collarblue-collarblue-collarblue-collarblue-collarblue-collarblue-collarblue-collarblue-collarblue-collarblue-collarblue-collarblue-collarblue-collarblue-collarblue-collarblue-collarblue-collarblue-collarblue-collarblue-collarblue-collarblue-collarblue-collarblue-collarblue-collarblue-collarblue-collarblue-collarblue-collarblue-collarblue-collarblue-collarblue-collarblue-collarblue-collarblue-collarblue-collarblue-collarblue-collarblue-collarblue-collarblue-collarblue-collarblue-collarblue-collarblue-collarblue-collarblue-collarblue-collarblue-collarblue-collarblue-collarblue-collarblue-collarblue-collarblue-collarblue-collarblue-collarblue-collarblue-collarblue-collarblue-collarblue-collarblue-collarblue-collarblue-collarblue-collarblue-collarblue-collarblue-collarblue-collarblue-collarblue-collarblue-collarblue-collarblue-collarblue-collarblue-collarblue-collarblue-collarblue-collarblue-collarblue-collarblue-collarblue-collarblue-collarblue-collarblue-collarblue-collarblue-collarblue-collarblue-collarblue-collarblue-collarblue-collarblue-collarblue-collarblue-collarblue-collarblue-collarblue-collarblue-collarblue-collarblue-collarblue-collarblue-collarblue-collarblue-collarblue-collarblue-collarblue-collarblue-collarblue-collarblue-collarblue-collarblue-collarblue-collarblue-collarblue-collarblue-collarblue-collarblue-collarblue-collarblue-collarblue-collarblue-collarblue-collarblue-collarblue-collarblue-collarblue-collarblue-collarblue-collarblue-collarblue-collarblue-collarblue-collarblue-collarblue-collarblue-collarblue-collarblue-collarblue-collarblue-collarblue-collarblue-collarblue-collarblue-collarblue-collarblue-collarblue-collarblue-collarblue-collarblue-collarblue-collarblue-collarblue-collarblue-collarblue-collarblue-collarblue-collarblue-collarblue-collarblue-collarblue-collarblue-collarblue-collarblue-collarblue-collarblue-collarblue-collarblue-collarblue-collarblue-collarblue-collarblue-collarblue-collarblue-collarblue-collarblue-collarblue-collarblue-collarblue-collarblue-collarblue-collarblue-collarblue-collarblue-collarblue-collarblue-collarblue-collarblue-collarblue-collarblue-collarblue-collarblue-collarblue-collarblue-collarblue-collarblue-collarblue-collarblue-collarblue-collarblue-collarblue-collarblue-collarblue-collarblue-collarblue-collarblue-collarblue-collarblue-collarblue-collarblue-collarblue-collarblue-collarblue-collarblue-collarblue-collarblue-collarblue-collarblue-collarblue-collarblue-collarblue-collarblue-collarblue-collarblue-collarblue-collarblue-collarblue-collarblue-collarblue-collarblue-collarblue-collarblue-collarblue-collarblue-collarblue-collarblue-collarblue-collarblue-collarblue-collarblue-collarblue-collarblue-collarblue-collarblue-collarblue-collarblue-collarblue-collarblue-collarblue-collarblue-collarblue-collarblue-collarblue-collarblue-collarblue-collarblue-collarblue-collarblue-collarblue-collarblue-collarblue-collarblue-collarblue-collarblue-collarblue-collarblue-collarblue-collarblue-collarblue-collarblue-collarblue-collarblue-collarblue-collarblue-collarblue-collarblue-collarblue-collarblue-collarblue-collarblue-collarblue-collarblue-collarblue-collarblue-collarblue-collarblue-collarblue-collarblue-collarblue-collarblue-collarblue-collarblue-collarblue-collarblue-collarblue-collarblue-collarblue-collarblue-collarblue-collarblue-collarblue-collarblue-collarblue-collarblue-collarblue-collarblue-collarblue-collarblue-collarblue-collarblue-collarblue-collarblue-collarblue-collarblue-collarblue-collarblue-collarblue-collarblue-collarblue-collarblue-collarblue-collarblue-collarblue-collarblue-collarblue-collarblue-collarblue-collarblue-collarblue-collarblue-collarblue-collarblue-collarblue-collarblue-collarblue-collarblue-collarblue-collarblue-collarblue-collarblue-collarblue-collarblue-collarblue-collarblue-collarblue-collarblue-collarblue-collarblue-collarblue-collarblue-collarblue-collarblue-collarblue-collarblue-collarblue-collarblue-collarblue-collarblue-collarblue-collarblue-collarblue-collarblue-collarblue-collarblue-collarblue-collarblue-collarblue-collarblue-collarblue-collarblue-collarblue-collarblue-collarblue-collarblue-collarblue-collarblue-collarblue-collarblue-collarblue-collarblue-collarblue-collarblue-collarblue-collarblue-collarblue-collarblue-collarblue-collarblue-collarblue-collarblue-collarblue-collarblue-collarblue-collarblue-collarblue-collarblue-collarblue-collarblue-collarblue-collarblue-collarblue-collarblue-collarblue-collarblue-collarblue-collarblue-collarblue-collarblue-collarblue-collarblue-collarblue-collarblue-collarblue-collarblue-collarblue-collarblue-collarblue-collarblue-collarblue-collarblue-collarblue-collarblue-collarblue-collarblue-collarblue-collarblue-collarblue-collarblue-collarblue-collarblue-collarblue-collarblue-collarblue-collarblue-collarblue-collarblue-collarblue-collarblue-collarblue-collarblue-collarblue-collarblue-collarblue-collarblue-collarblue-collarblue-collarblue-collarblue-collarblue-collarblue-collarblue-collarblue-collarblue-collarblue-collarblue-collarblue-collarblue-collarblue-collarblue-collarblue-collarblue-collarblue-collarblue-collarblue-collarblue-collarblue-collarblue-collarblue-collarblue-collarblue-collarblue-collarblue-collarblue-collarblue-collarblue-collarblue-collarblue-collarblue-collarblue-collarblue-collarblue-collarblue-collarblue-collarblue-collarblue-collarblue-collarblue-collarblue-collarblue-collarblue-collarblue-collarblue-collarblue-collarblue-collarblue-collarblue-collarblue-collarblue-collarblue-collarblue-collarblue-collarblue-collarblue-collarblue-collarblue-collarblue-collarblue-collarblue-collarblue-collarblue-collarblue-collarblue-collarblue-collarblue-collarblue-collarblue-collarblue-collarblue-collarblue-collarblue-collarblue-collarblue-collarblue-collarblue-collarblue-collarblue-collarblue-collarblue-collarblue-collarblue-collarblue-collarblue-collarblue-collarblue-collarblue-collarblue-collarblue-collarblue-collarblue-collarblue-collarblue-collarblue-collarblue-collarblue-collarblue-collarblue-collarblue-collarblue-collarblue-collarblue-collarblue-collarblue-collarblue-collarblue-collarblue-collarblue-collarblue-collarblue-collarblue-collarblue-collarblue-collarblue-collarblue-collarblue-collarblue-collarblue-collarblue-collarblue-collarblue-collarblue-collarblue-collarblue-collarblue-collarblue-collarblue-collarblue-collarblue-collarblue-collarblue-collarblue-collarblue-collarblue-collarblue-collarblue-collarblue-collarblue-collarblue-collarblue-collarblue-collarblue-collarblue-collarblue-collarblue-collarblue-collarblue-collarblue-collarblue-collarblue-collarblue-collarblue-collarblue-collarblue-collarblue-collarblue-collarblue-collarblue-collarblue-collarblue-collarblue-collarblue-collarblue-collarblue-collarblue-collarblue-collarblue-collarblue-collarblue-collarblue-collarblue-collarblue-collarblue-collarblue-collarblue-collarblue-collarblue-collarblue-collarblue-collarblue-collarblue-collarblue-collarblue-collarblue-collarblue-collarblue-collarblue-collarblue-collarblue-collarblue-collarblue-collarblue-collarblue-collarblue-collarblue-collarblue-collarblue-collarblue-collarblue-collarblue-collarblue-collarblue-collarblue-collarblue-collarblue-collarblue-collarblue-collarblue-collarblue-collarblue-collarblue-collarblue-collarblue-collarblue-collarblue-collarblue-collarblue-collarblue-collarblue-collarblue-collarblue-collarblue-collarblue-collarblue-collarblue-collarblue-collarblue-collarblue-collarblue-collarblue-collarblue-collarblue-collarblue-collarblue-collarblue-collarblue-collarblue-collarblue-collarblue-collarblue-collarblue-collarblue-collarblue-collarblue-collarblue-collarblue-collarblue-collarblue-collarblue-collarblue-collarblue-collarblue-collarblue-collarblue-collarblue-collarblue-collarblue-collarblue-collarblue-collarblue-collarblue-collarblue-collarblue-collarblue-collarblue-collarblue-collarblue-collarblue-collarblue-collarblue-collarblue-collarblue-collarblue-collarblue-collarblue-collarblue-collarblue-collarblue-collarblue-collarblue-collarblue-collarblue-collarblue-collarblue-collarblue-collarblue-collarblue-collarblue-collarblue-collarblue-collarblue-collarblue-collarblue-collarblue-collarblue-collarblue-collarblue-collarblue-collarblue-collarblue-collarblue-collarblue-collarblue-collarblue-collarblue-collarblue-collarblue-collarblue-collarblue-collarblue-collarblue-collarblue-collarblue-collarblue-collarblue-collarblue-collarblue-collarblue-collarblue-collarblue-collarblue-collarblue-collarblue-collarblue-collarblue-collarblue-collarblue-collarblue-collarblue-collarblue-collarblue-collarblue-collarblue-collarblue-collarblue-collarblue-collarblue-collarblue-collarblue-collarblue-collarblue-collarblue-collarblue-collarblue-collarblue-collarblue-collarblue-collarblue-collarblue-collarblue-collarblue-collarblue-collarblue-collarblue-collarblue-collarblue-collarblue-collarblue-collarblue-collarblue-collarblue-collarblue-collarblue-collarblue-collarblue-collarblue-collarblue-collarblue-collarblue-collarblue-collarblue-collarblue-collarblue-collarblue-collarblue-collarblue-collarblue-collarblue-collarblue-collarblue-collarblue-collarblue-collarblue-collarblue-collarblue-collarblue-collarblue-collarblue-collarblue-collarblue-collarblue-collarblue-collarblue-collarblue-collarblue-collarblue-collarblue-collarblue-collarblue-collarblue-collarblue-collarblue-collarblue-collarblue-collarblue-collarblue-collarblue-collarblue-collarblue-collarblue-collarblue-collarblue-collarblue-collarblue-collarblue-collarblue-collarblue-collarblue-collarblue-collarblue-collarblue-collarblue-collarblue-collarblue-collarblue-collarblue-collarblue-collarblue-collarblue-collarblue-collarblue-collarblue-collarblue-collarblue-collarblue-collarblue-collarblue-collarblue-collarblue-collarblue-collarblue-collarblue-collarblue-collarblue-collarblue-collarblue-collarblue-collarblue-collarblue-collarblue-collarblue-collarblue-collarblue-collarblue-collarblue-collarblue-collarblue-collarblue-collarblue-collarblue-collarblue-collarblue-collarblue-collarblue-collarblue-collarblue-collarblue-collarblue-collarblue-collarblue-collarblue-collarblue-collarblue-collarblue-collarblue-collarblue-collarblue-collarblue-collarblue-collarblue-collarblue-collarblue-collarblue-collarblue-collarblue-collarblue-collarblue-collarblue-collarblue-collarblue-collarblue-collarblue-collarblue-collarblue-collarblue-collarblue-collarblue-collarblue-collarblue-collarblue-collarblue-collarblue-collarblue-collarblue-collarblue-collarblue-collarblue-collarblue-collarblue-collarblue-collarblue-collarblue-collarblue-collarblue-collarblue-collarblue-collarblue-collarblue-collarblue-collarblue-collarblue-collarblue-collarblue-collarblue-collarblue-collarblue-collarblue-collarblue-collarblue-collarblue-collarblue-collarblue-collarblue-collarblue-collarblue-collarblue-collarblue-collarblue-collarblue-collarblue-collarblue-collarblue-collarblue-collarblue-collarblue-collarblue-collarblue-collarblue-collarblue-collarblue-collarblue-collarblue-collarblue-collarblue-collarblue-collarblue-collarblue-collarblue-collarblue-collarblue-collarblue-collarblue-collarblue-collarblue-collarblue-collarblue-collarblue-collarblue-collarblue-collarblue-collarblue-collarblue-collarblue-collarblue-collarblue-collarblue-collarblue-collarblue-collarblue-collarblue-collarblue-collarblue-collarblue-collarblue-collarblue-collarblue-collarblue-collarblue-collarblue-collarblue-collarblue-collarblue-collarblue-collarblue-collarblue-collarblue-collarblue-collarblue-collarblue-collarblue-collarblue-collarblue-collarblue-collarblue-collarblue-collarblue-collarblue-collarblue-collarblue-collarblue-collarblue-collarblue-collarblue-collarblue-collarblue-collarblue-collarblue-collarblue-collarblue-collarblue-collarblue-collarblue-collarblue-collarblue-collarblue-collarblue-collarblue-collarblue-collarblue-collarblue-collarblue-collarblue-collarblue-collarblue-collarblue-collarblue-collarblue-collarblue-collarblue-collarblue-collarblue-collarblue-collarblue-collarblue-collarblue-collarblue-collarblue-collarblue-collarblue-collarblue-collarblue-collarblue-collarblue-collarblue-collarblue-collarblue-collarblue-collarblue-collarblue-collarblue-collarblue-collarblue-collarblue-collarblue-collarblue-collarblue-collarblue-collarblue-collarblue-collarblue-collarblue-collarblue-collarblue-collarblue-collarblue-collarblue-collarblue-collarblue-collarblue-collarblue-collarblue-collarblue-collarblue-collarblue-collarblue-collarblue-collarblue-collarblue-collarblue-collarblue-collarblue-collarblue-collarblue-collarblue-collarblue-collarblue-collarblue-collarblue-collarblue-collarblue-collarblue-collarblue-collarblue-collarblue-collarblue-collarblue-collarblue-collarblue-collarblue-collarblue-collarblue-collarblue-collarblue-collarblue-collarblue-collarblue-collarblue-collarblue-collarblue-collarblue-collarblue-collarblue-collarblue-collarblue-collarblue-collarblue-collarblue-collarblue-collarblue-collarblue-collarblue-collarblue-collarblue-collarblue-collarblue-collarblue-collarblue-collarblue-collarblue-collarblue-collarblue-collarblue-collarblue-collarblue-collarblue-collarblue-collarblue-collarblue-collarblue-collarblue-collarblue-collarblue-collarblue-collarblue-collarblue-collarblue-collarblue-collarblue-collarblue-collarblue-collarblue-collarblue-collarblue-collarblue-collarblue-collarblue-collarblue-collarblue-collarblue-collarblue-collarblue-collarblue-collarblue-collarblue-collarblue-collarblue-collarblue-collarblue-collarblue-collarblue-collarblue-collarblue-collarblue-collarblue-collarblue-collarblue-collarblue-collarblue-collarblue-collarblue-collarblue-collarblue-collarblue-collarblue-collarblue-collarblue-collarblue-collarblue-collarblue-collarblue-collarblue-collarblue-collarblue-collarblue-collarblue-collarblue-collarblue-collarblue-collarblue-collarblue-collarblue-collarblue-collarblue-collarblue-collarblue-collarblue-collarblue-collarblue-collarblue-collarblue-collarblue-collarblue-collarblue-collarblue-collarblue-collarblue-collarblue-collarblue-collarblue-collarblue-collarblue-collarblue-collarblue-collarblue-collarblue-collarblue-collarblue-collarblue-collarblue-collarblue-collarblue-collarblue-collarblue-collarblue-collarblue-collarblue-collarblue-collarblue-collarblue-collarblue-collarblue-collarblue-collarblue-collarblue-collarblue-collarblue-collarblue-collarblue-collarblue-collarblue-collarblue-collarblue-collarblue-collarblue-collarblue-collarblue-collarblue-collarblue-collarblue-collarblue-collarblue-collarblue-collarblue-collarblue-collarblue-collarblue-collarblue-collarblue-collarblue-collarblue-collarblue-collarblue-collarblue-collarblue-collarblue-collarblue-collarblue-collarblue-collarblue-collarblue-collarblue-collarblue-collarblue-collarblue-collarblue-collarblue-collarblue-collarblue-collarblue-collarblue-collarblue-collarblue-collarblue-collarblue-collarblue-collarblue-collarblue-collarblue-collarblue-collarblue-collarblue-collarblue-collarblue-collarblue-collarblue-collarblue-collarblue-collarblue-collarblue-collarblue-collarblue-collarblue-collarblue-collarblue-collarblue-collarblue-collarblue-collarblue-collarblue-collarblue-collarblue-collarblue-collarblue-collarblue-collarblue-collarblue-collarblue-collarblue-collarblue-collarblue-collarblue-collarblue-collarblue-collarblue-collarblue-collarblue-collarblue-collarblue-collarblue-collarblue-collarblue-collarblue-collarblue-collarblue-collarblue-collarblue-collarblue-collarblue-collarblue-collarblue-collarblue-collarblue-collarblue-collarblue-collarblue-collarblue-collarblue-collarblue-collarblue-collarblue-collarblue-collarblue-collarblue-collarblue-collarblue-collarblue-collarblue-collarblue-collarblue-collarblue-collarblue-collarblue-collarblue-collarblue-collarblue-collarblue-collarblue-collarblue-collarblue-collarblue-collarblue-collarblue-collarblue-collarblue-collarblue-collarblue-collarblue-collarblue-collarblue-collarblue-collarblue-collarblue-collarblue-collarblue-collarblue-collarblue-collarblue-collarblue-collarblue-collarblue-collarblue-collarblue-collarblue-collarblue-collarblue-collarblue-collarblue-collarblue-collarblue-collarblue-collarblue-collarblue-collarblue-collarblue-collarblue-collarblue-collarblue-collarblue-collarblue-collarblue-collarblue-collarblue-collarblue-collarblue-collarblue-collarblue-collarblue-collarblue-collarblue-collarblue-collarblue-collarblue-collarblue-collarblue-collarblue-collarblue-collarblue-collarblue-collarblue-collarblue-collarblue-collarblue-collarblue-collarblue-collarblue-collarblue-collarblue-collarblue-collarblue-collarblue-collarblue-collarblue-collarblue-collarblue-collarblue-collarblue-collarblue-collarblue-collarblue-collarblue-collarblue-collarblue-collarblue-collarblue-collarblue-collarblue-collarblue-collarblue-collarblue-collarblue-collarblue-collarblue-collarblue-collarblue-collarblue-collarblue-collarblue-collarblue-collarblue-collarblue-collarblue-collarblue-collarblue-collarblue-collarblue-collarblue-collarblue-collarblue-collarblue-collarblue-collarblue-collarblue-collarblue-collarblue-collarblue-collarblue-collarblue-collarblue-collarblue-collarblue-collarblue-collarblue-collarblue-collarblue-collarblue-collarblue-collarblue-collarblue-collarblue-collarblue-collarblue-collarblue-collarblue-collarblue-collarblue-collarblue-collarblue-collarblue-collarblue-collarblue-collarblue-collarblue-collarblue-collarblue-collarblue-collarblue-collarblue-collarblue-collarblue-collarblue-collarblue-collarblue-collarblue-collarblue-collarblue-collarblue-collarblue-collarblue-collarblue-collarblue-collarblue-collarblue-collarblue-collarblue-collarblue-collarblue-collarblue-collarblue-collarblue-collarblue-collarblue-collarblue-collarblue-collarblue-collarblue-collarblue-collarblue-collarblue-collarblue-collarblue-collarblue-collarblue-collarblue-collarblue-collarblue-collarblue-collarblue-collarblue-collarblue-collarblue-collarblue-collarblue-collarblue-collarblue-collarblue-collarblue-collarblue-collarblue-collarblue-collarblue-collarblue-collarblue-collarblue-collarblue-collarblue-collarblue-collarblue-collarblue-collarblue-collarblue-collarblue-collarblue-collarblue-collarblue-collarblue-collarblue-collarblue-collarblue-collarblue-collarblue-collarblue-collarblue-collarblue-collarblue-collarblue-collarblue-collarblue-collarblue-collarblue-collarblue-collarblue-collarblue-collarblue-collarblue-collarblue-collarblue-collarblue-collarblue-collarblue-collarblue-collarblue-collarblue-collarblue-collarblue-collarblue-collarblue-collarblue-collarblue-collarblue-collarblue-collarblue-collarblue-collarblue-collarblue-collarblue-collarblue-collarblue-collarblue-collarblue-collarblue-collarblue-collarblue-collarblue-collarblue-collarblue-collarblue-collarblue-collarblue-collarblue-collarblue-collarblue-collarblue-collarblue-collarblue-collarblue-collarblue-collarblue-collarblue-collarblue-collarblue-collarblue-collarblue-collarblue-collarblue-collarblue-collarblue-collarblue-collarblue-collarblue-collarblue-collarblue-collarblue-collarblue-collarblue-collarblue-collarblue-collarblue-collarblue-collarblue-collarblue-collarblue-collarblue-collarblue-collarblue-collarblue-collarblue-collarblue-collarblue-collarblue-collarblue-collarblue-collarblue-collarblue-collarblue-collarblue-collarblue-collarblue-collarblue-collarblue-collarblue-collarblue-collarblue-collarblue-collarblue-collarblue-collarblue-collarblue-collarblue-collarblue-collarblue-collarblue-collarblue-collarblue-collarblue-collarblue-collarblue-collarblue-collarblue-collarblue-collarblue-collarblue-collarblue-collarblue-collarblue-collarblue-collarblue-collarblue-collarblue-collarblue-collarblue-collarblue-collarblue-collarblue-collarblue-collarblue-collarblue-collarblue-collarblue-collarblue-collarblue-collarblue-collarblue-collarblue-collarblue-collarblue-collarblue-collarblue-collarblue-collarblue-collarblue-collarblue-collarblue-collarblue-collarblue-collarblue-collarblue-collarblue-collarblue-collarblue-collarblue-collarblue-collarblue-collarblue-collarblue-collarblue-collarblue-collarblue-collarblue-collarblue-collarblue-collarblue-collarblue-collarblue-collarblue-collarblue-collarblue-collarblue-collarblue-collarblue-collarblue-collarblue-collarblue-collarblue-collarblue-collarblue-collarblue-collarblue-collarblue-collarblue-collarblue-collarblue-collarblue-collarblue-collarblue-collarblue-collarblue-collarblue-collarblue-collarblue-collarblue-collarblue-collarblue-collarblue-collarblue-collarblue-collarblue-collarblue-collarblue-collarblue-collarblue-collarblue-collarblue-collarblue-collarblue-collarblue-collarblue-collarblue-collarblue-collarblue-collarblue-collarblue-collarblue-collarblue-collarblue-collarblue-collarblue-collarblue-collarblue-collarblue-collarblue-collarblue-collarblue-collarblue-collarblue-collarblue-collarblue-collarblue-collarblue-collarblue-collarblue-collarblue-collarblue-collarblue-collarblue-collarblue-collarblue-collarblue-collarblue-collarblue-collarblue-collarblue-collarblue-collarblue-collarblue-collarblue-collarblue-collarblue-collarblue-collarblue-collarblue-collarblue-collarblue-collarblue-collarblue-collarblue-collarblue-collarblue-collarblue-collarblue-collarblue-collarblue-collarblue-collarblue-collarblue-collarblue-collarblue-collarblue-collarblue-collarblue-collarblue-collarblue-collarblue-collarblue-collarblue-collarblue-collarblue-collarblue-collarblue-collarblue-collarblue-collarblue-collarblue-collarblue-collarblue-collarblue-collarblue-collarblue-collarblue-collarblue-collarblue-collarblue-collarblue-collarblue-collarblue-collarblue-collarblue-collarblue-collarblue-collarblue-collarblue-collarblue-collarblue-collarblue-collarblue-collarblue-collarblue-collarblue-collarblue-collarblue-collarblue-collarblue-collarblue-collarblue-collarblue-collarblue-collarblue-collarblue-collarblue-collarblue-collarblue-collarblue-collarblue-collarblue-collarblue-collarblue-collarblue-collarblue-collarblue-collarblue-collarblue-collarblue-collarblue-collarblue-collarblue-collarblue-collarblue-collarblue-collarblue-collarblue-collarblue-collarblue-collarblue-collarblue-collarblue-collarblue-collarblue-collarblue-collarblue-collarblue-collarblue-collarblue-collarblue-collarblue-collarblue-collarblue-collarblue-collarblue-collarblue-collarblue-collarblue-collarblue-collarblue-collarblue-collarblue-collarblue-collarblue-collarblue-collarblue-collarblue-collarblue-collarblue-collarblue-collarblue-collarblue-collarblue-collarblue-collarblue-collarblue-collarblue-collarblue-collarblue-collarblue-collarblue-collarblue-collarblue-collarblue-collarblue-collarblue-collarblue-collarblue-collarblue-collarblue-collarblue-collarblue-collarblue-collarblue-collarblue-collarblue-collarblue-collarblue-collarblue-collarblue-collarblue-collarblue-collarblue-collarblue-collarblue-collarblue-collarblue-collarblue-collarblue-collarblue-collarblue-collarblue-collarblue-collarblue-collarblue-collarblue-collarblue-collarblue-collarblue-collarblue-collarblue-collarblue-collarblue-collarblue-collarblue-collarblue-collarblue-collarblue-collarblue-collarblue-collarblue-collarblue-collarblue-collarblue-collarblue-collarblue-collarblue-collarblue-collarblue-collarblue-collarblue-collarblue-collarblue-collarblue-collarblue-collarblue-collarblue-collarblue-collarblue-collarblue-collarblue-collarblue-collarblue-collarblue-collarblue-collarblue-collarblue-collarblue-collarblue-collarblue-collarblue-collarblue-collarblue-collarblue-collarblue-collarblue-collarblue-collarblue-collarblue-collarblue-collarblue-collarblue-collarblue-collarblue-collarblue-collarblue-collarblue-collarblue-collarblue-collarblue-collarblue-collarblue-collarblue-collarblue-collarblue-collarblue-collarblue-collarblue-collarblue-collarblue-collarblue-collarblue-collarblue-collarblue-collarblue-collarblue-collarblue-collarblue-collarblue-collarblue-collarblue-collarblue-collarblue-collarblue-collarblue-collarblue-collarblue-collarblue-collarblue-collarblue-collarblue-collarblue-collarblue-collarblue-collarblue-collarblue-collarblue-collarblue-collarblue-collarblue-collarblue-collarblue-collarblue-collarblue-collarblue-collarblue-collarblue-collarblue-collarblue-collarblue-collarblue-collarblue-collarblue-collarblue-collarblue-collarblue-collarblue-collarblue-collarblue-collarblue-collarblue-collarblue-collarblue-collarblue-collarblue-collarblue-collarblue-collarblue-collarblue-collarblue-collarblue-collarblue-collarblue-collarblue-collarblue-collarblue-collarblue-collarblue-collarblue-collarblue-collarblue-collarblue-collarblue-collarblue-collarblue-collarblue-collarblue-collarblue-collarblue-collarblue-collarblue-collarblue-collarblue-collarblue-collarblue-collarblue-collarblue-collarblue-collarblue-collarblue-collarblue-collarblue-collarblue-collarblue-collarblue-collarblue-collarblue-collarblue-collarblue-collarblue-collarblue-collarblue-collarblue-collarblue-collarblue-collarblue-collarblue-collarblue-collarblue-collarblue-collarblue-collarblue-collarblue-collarblue-collarblue-collarblue-collarblue-collarblue-collarblue-collarblue-collarblue-collarblue-collarblue-collarblue-collarblue-collarblue-collarblue-collarblue-collarblue-collarblue-collarblue-collarblue-collarblue-collarblue-collarblue-collarblue-collarblue-collarblue-collarblue-collarblue-collarblue-collarblue-collarblue-collarblue-collarblue-collarblue-collarblue-collarblue-collarblue-collarblue-collarblue-collarblue-collarblue-collarblue-collarblue-collarblue-collarblue-collarblue-collarblue-collarblue-collarblue-collarblue-collarblue-collarblue-collarblue-collarblue-collarblue-collarblue-collarblue-collarblue-collarblue-collarblue-collarblue-collarblue-collarblue-collarblue-collarblue-collarblue-collarblue-collarblue-collarblue-collarblue-collarblue-collarblue-collarblue-collarblue-collarblue-collarblue-collarblue-collarblue-collarblue-collarblue-collarblue-collarblue-collarblue-collarblue-collarblue-collarblue-collarblue-collarblue-collarblue-collarblue-collarblue-collarblue-collarblue-collarblue-collarblue-collarblue-collarblue-collarblue-collarblue-collarblue-collarblue-collarblue-collarblue-collarblue-collarblue-collarblue-collarblue-collarblue-collarblue-collarblue-collarblue-collarblue-collarblue-collarblue-collarblue-collarblue-collarblue-collarblue-collarblue-collarblue-collarblue-collarblue-collarblue-collarblue-collarblue-collarblue-collarblue-collarblue-collarblue-collarblue-collarblue-collarblue-collarblue-collarblue-collarblue-collarblue-collarblue-collarblue-collarblue-collarblue-collarblue-collarblue-collarblue-collarblue-collarblue-collarblue-collarblue-collarblue-collarblue-collarblue-collarblue-collarblue-collarblue-collarblue-collarblue-collarblue-collarblue-collarblue-collarblue-collarblue-collarblue-collarblue-collarblue-collarblue-collarblue-collarblue-collarblue-collarblue-collarblue-collarblue-collarblue-collarblue-collarblue-collarblue-collarblue-collarblue-collarblue-collarblue-collarblue-collarblue-collarblue-collarblue-collarblue-collarblue-collarblue-collarblue-collarblue-collarblue-collarblue-collarblue-collarblue-collarblue-collarblue-collarblue-collarblue-collarblue-collarblue-collarblue-collarblue-collarblue-collarblue-collarblue-collarblue-collarblue-collarblue-collarblue-collarblue-collarblue-collarblue-collarblue-collarblue-collarblue-collarblue-collarblue-collarblue-collarblue-collarblue-collarblue-collarblue-collarblue-collarblue-collarblue-collarblue-collarblue-collarblue-collarblue-collarblue-collarblue-collarblue-collarblue-collarblue-collarblue-collarblue-collarblue-collarblue-collarblue-collarblue-collarblue-collarblue-collarblue-collarblue-collarblue-collarblue-collarblue-collarblue-collarblue-collarblue-collarblue-collarblue-collarblue-collarblue-collarblue-collarblue-collarblue-collarblue-collarblue-collarblue-collarblue-collarblue-collarblue-collarblue-collarblue-collarblue-collarblue-collarblue-collarblue-collarblue-collarblue-collarblue-collarblue-collarblue-collarblue-collarblue-collarblue-collarblue-collarblue-collarblue-collarblue-collarblue-collarblue-collarblue-collarblue-collarblue-collarblue-collarblue-collarblue-collarblue-collarblue-collarblue-collarblue-collarblue-collarblue-collarblue-collarblue-collarblue-collarblue-collarblue-collarblue-collarblue-collarblue-collarblue-collarblue-collarblue-collarblue-collarblue-collarblue-collarblue-collarblue-collarblue-collarblue-collarblue-collarblue-collarblue-collarblue-collarblue-collarblue-collarblue-collarblue-collarblue-collarblue-collarblue-collarblue-collarblue-collarblue-collarblue-collarblue-collarblue-collarblue-collarblue-collarblue-collarblue-collarblue-collarblue-collarblue-collarblue-collarblue-collarblue-collarblue-collarblue-collarblue-collarblue-collarblue-collarblue-collarblue-collarblue-collarblue-collarblue-collarblue-collarblue-collarblue-collarblue-collarblue-collarblue-collarblue-collarblue-collarblue-collarblue-collarblue-collarblue-collarblue-collarblue-collarblue-collarblue-collarblue-collarblue-collarblue-collarblue-collarblue-collarblue-collarblue-collarblue-collarblue-collarblue-collarblue-collarblue-collarblue-collarblue-collarblue-collarblue-collarblue-collarblue-collarblue-collarblue-collarblue-collarblue-collarblue-collarblue-collarblue-collarblue-collarblue-collarblue-collarblue-collarblue-collarblue-collarblue-collarblue-collarblue-collarblue-collarblue-collarblue-collarblue-collarblue-collarblue-collarblue-collarblue-collarblue-collarblue-collarblue-collarblue-collarblue-collarblue-collarblue-collarblue-collarblue-collarblue-collarblue-collarblue-collarblue-collarblue-collarblue-collarblue-collarblue-collarblue-collarblue-collarblue-collarblue-collarblue-collarblue-collarblue-collarblue-collarblue-collarblue-collarblue-collarblue-collarblue-collarblue-collarblue-collarblue-collarblue-collarblue-collarblue-collarblue-collarblue-collarblue-collarblue-collarblue-collarblue-collarblue-collarblue-collarblue-collarblue-collarblue-collarblue-collarblue-collarblue-collarblue-collarblue-collarblue-collarblue-collarblue-collarblue-collarblue-collarblue-collarblue-collarblue-collarblue-collarblue-collarblue-collarblue-collarblue-collarblue-collarblue-collarblue-collarblue-collarblue-collarblue-collarblue-collarblue-collarblue-collarblue-collarblue-collarblue-collarblue-collarblue-collarblue-collarblue-collarblue-collarblue-collarblue-collarblue-collarblue-collarblue-collarblue-collarblue-collarblue-collarblue-collarblue-collarblue-collarblue-collarblue-collarblue-collarblue-collarblue-collarblue-collarblue-collarblue-collarblue-collarblue-collarblue-collarblue-collarblue-collarblue-collarblue-collarblue-collarblue-collarblue-collarblue-collarblue-collarblue-collarblue-collarblue-collarblue-collarblue-collarblue-collarblue-collarblue-collarblue-collarblue-collarblue-collarblue-collarblue-collarblue-collarblue-collarblue-collarblue-collarblue-collarblue-collarblue-collarblue-collarblue-collarblue-collarblue-collarblue-collarblue-collarblue-collarblue-collarblue-collarblue-collarblue-collarblue-collarblue-collarblue-collarblue-collarblue-collarblue-collarblue-collarblue-collarblue-collarblue-collarblue-collarblue-collarblue-collarblue-collarblue-collarblue-collarblue-collarblue-collarblue-collarblue-collarblue-collarblue-collarblue-collarblue-collarblue-collarblue-collarblue-collarblue-collarblue-collarblue-collarblue-collarblue-collarblue-collarblue-collarblue-collarblue-collarblue-collarblue-collarblue-collarblue-collarblue-collarblue-collarblue-collarblue-collarblue-collarblue-collarblue-collarblue-collarblue-collarblue-collarblue-collarblue-collarblue-collarblue-collarblue-collarblue-collarblue-collarblue-collarblue-collarblue-collarblue-collarblue-collarblue-collarblue-collarblue-collarblue-collarblue-collarblue-collarblue-collarblue-collarblue-collarblue-collarblue-collarblue-collarblue-collarblue-collarblue-collarblue-collarblue-collarblue-collarblue-collarblue-collarblue-collarblue-collarblue-collarblue-collarblue-collarblue-collarblue-collarblue-collarblue-collarblue-collarblue-collarblue-collarblue-collarblue-collarblue-collarblue-collarblue-collarblue-collarblue-collarblue-collarblue-collarblue-collarblue-collarblue-collarblue-collarblue-collarblue-collarblue-collarblue-collarblue-collarblue-collarblue-collarblue-collarblue-collarblue-collarblue-collarblue-collarblue-collarblue-collarblue-collarblue-collarblue-collarblue-collarblue-collarblue-collarblue-collarblue-collarblue-collarblue-collarblue-collarblue-collarblue-collarblue-collarblue-collarblue-collarblue-collarblue-collarblue-collarblue-collarblue-collarblue-collarblue-collarblue-collarblue-collarblue-collarblue-collarblue-collarblue-collarblue-collarblue-collarblue-collarblue-collarblue-collarblue-collarblue-collarblue-collarblue-collarblue-collarblue-collarblue-collarblue-collarblue-collarblue-collarblue-collarblue-collarblue-collarblue-collarblue-collarblue-collarblue-collarblue-collarblue-collarblue-collarblue-collarblue-collarblue-collarblue-collarblue-collarblue-collarblue-collarblue-collarblue-collarblue-collarblue-collarblue-collarblue-collarblue-collarblue-collarblue-collarblue-collarblue-collarblue-collarblue-collarblue-collarblue-collarblue-collarblue-collarblue-collarblue-collarblue-collarblue-collarblue-collarblue-collarblue-collarblue-collarblue-collarblue-collarblue-collarblue-collarblue-collarblue-collarblue-collarblue-collarblue-collarblue-collarblue-collarblue-collarblue-collarblue-collarblue-collarblue-collarblue-collarblue-collarblue-collarblue-collarblue-collarblue-collarblue-collarblue-collarblue-collarblue-collarblue-collarblue-collarblue-collarblue-collarblue-collarblue-collarblue-collarblue-collarblue-collarblue-collarblue-collarblue-collarblue-collarblue-collarblue-collarblue-collarblue-collarblue-collarblue-collarblue-collarblue-collarblue-collarblue-collarblue-collarblue-collarblue-collarblue-collarblue-collarblue-collarblue-collarblue-collarblue-collarblue-collarblue-collarblue-collarblue-collarblue-collarblue-collarblue-collarblue-collarblue-collarblue-collarblue-collarblue-collarblue-collarblue-collarblue-collarblue-collarblue-collarblue-collarblue-collarblue-collarblue-collarblue-collarblue-collarblue-collarblue-collarblue-collarblue-collarblue-collarblue-collarblue-collarblue-collarblue-collarblue-collarblue-collarblue-collarblue-collarblue-collarblue-collarblue-collarblue-collarblue-collarblue-collarblue-collarblue-collarblue-collarblue-collarblue-collarblue-collarblue-collarblue-collarblue-collarblue-collarblue-collarblue-collarblue-collarblue-collarblue-collarblue-collarblue-collarblue-collarblue-collarblue-collarblue-collarblue-collarblue-collarblue-collarblue-collarblue-collarblue-collarblue-collarblue-collarblue-collarblue-collarblue-collarblue-collarblue-collarblue-collarblue-collarblue-collarblue-collarblue-collarblue-collarblue-collarblue-collarblue-collarblue-collarblue-collarblue-collarblue-collarblue-collarblue-collarblue-collarblue-collarblue-collarblue-collarblue-collarblue-collarblue-collarblue-collarblue-collarblue-collarblue-collarblue-collarblue-collarblue-collarblue-collarblue-collarblue-collarblue-collarblue-collarblue-collarblue-collarblue-collarblue-collarblue-collarblue-collarblue-collarblue-collarblue-collarblue-collarblue-collarblue-collarblue-collarblue-collarblue-collarblue-collarblue-collarblue-collarblue-collarblue-collarblue-collarblue-collarblue-collarblue-collarblue-collarblue-collarblue-collarblue-collarblue-collarblue-collarblue-collarblue-collarblue-collarblue-collarblue-collarblue-collarblue-collarblue-collarblue-collarblue-collarblue-collarblue-collarblue-collarblue-collarblue-collarblue-collarblue-collarblue-collarblue-collarblue-collarblue-collarblue-collarblue-collarblue-collarblue-collarblue-collarblue-collarblue-collarblue-collarblue-collarblue-collarblue-collarblue-collarblue-collarblue-collarblue-collarblue-collarblue-collarblue-collarblue-collarblue-collarblue-collarblue-collarblue-collarblue-collarblue-collarblue-collarblue-collarblue-collarblue-collarblue-collarblue-collarblue-collarblue-collarblue-collarblue-collarblue-collarblue-collarblue-collarblue-collarblue-collarblue-collarblue-collarblue-collarblue-collarblue-collarblue-collarblue-collarblue-collarblue-collarblue-collarblue-collarblue-collarblue-collarblue-collarblue-collarblue-collarblue-collarblue-collarblue-collarblue-collarblue-collarblue-collarblue-collarblue-collarblue-collarblue-collarblue-collarblue-collarblue-collarblue-collarblue-collarblue-collarblue-collarblue-collarblue-collarblue-collarblue-collarblue-collarblue-collarblue-collarblue-collarblue-collarblue-collarblue-collarblue-collarblue-collarblue-collarblue-collarblue-collarblue-collarblue-collarblue-collarblue-collarblue-collarblue-collarblue-collarblue-collarblue-collarblue-collarblue-collarblue-collarblue-collarblue-collarblue-collarblue-collarblue-collarblue-collarblue-collarblue-collarblue-collarblue-collarblue-collarblue-collarblue-collarblue-collarblue-collarblue-collarblue-collarblue-collarblue-collarblue-collarblue-collarblue-collarblue-collarblue-collarblue-collarblue-collarblue-collarblue-collarblue-collarblue-collarblue-collarblue-collarblue-collarblue-collarblue-collarblue-collarblue-collarblue-collarblue-collarblue-collarblue-collarblue-collarblue-collarblue-collarblue-collarblue-collarblue-collarblue-collarblue-collarblue-collarblue-collarblue-collarblue-collarblue-collarblue-collarblue-collarblue-collarblue-collarblue-collarblue-collarblue-collarblue-collarblue-collarblue-collarblue-collarblue-collarblue-collarblue-collarblue-collarblue-collarblue-collarblue-collarblue-collarblue-collarblue-collarblue-collarblue-collarblue-collarblue-collarblue-collarblue-collarblue-collarblue-collarblue-collarblue-collarblue-collarblue-collarblue-collarblue-collarblue-collarblue-collarblue-collarblue-collarblue-collarblue-collarblue-collarblue-collarblue-collarblue-collarblue-collarblue-collarblue-collarblue-collarblue-collarblue-collarblue-collarblue-collarblue-collarblue-collarblue-collarblue-collarblue-collarblue-collarblue-collarblue-collarblue-collarblue-collarblue-collarblue-collarblue-collarblue-collarblue-collarblue-collarblue-collarblue-collarblue-collarblue-collarblue-collarblue-collarblue-collarblue-collarblue-collarblue-collarblue-collarblue-collarblue-collarblue-collarblue-collarblue-collarblue-collarblue-collarblue-collarblue-collarblue-collarblue-collarblue-collarblue-collarblue-collarblue-collarblue-collarblue-collarblue-collarblue-collarblue-collarblue-collarblue-collarblue-collarblue-collarblue-collarblue-collarblue-collarblue-collarblue-collarblue-collarblue-collarblue-collarblue-collarblue-collarblue-collarblue-collarblue-collarblue-collarblue-collarblue-collarblue-collarblue-collarblue-collarblue-collarblue-collarblue-collarblue-collarblue-collarblue-collarblue-collarblue-collarblue-collarblue-collarblue-collarblue-collarblue-collarblue-collarblue-collarblue-collarblue-collarblue-collarblue-collarblue-collarblue-collarblue-collarblue-collarblue-collarblue-collarblue-collarblue-collarblue-collarblue-collarblue-collarblue-collarblue-collarblue-collarblue-collarblue-collarblue-collarblue-collarblue-collarblue-collarblue-collarblue-collarblue-collarblue-collarblue-collarblue-collarblue-collarblue-collarblue-collarblue-collarblue-collarblue-collarblue-collarblue-collarblue-collarblue-collarblue-collarblue-collarblue-collarblue-collarblue-collarblue-collarblue-collarblue-collarblue-collarblue-collarblue-collarblue-collarblue-collarblue-collarblue-collarblue-collarblue-collarblue-collarblue-collarblue-collarblue-collarblue-collarblue-collarblue-collarblue-collarblue-collarblue-collarblue-collarblue-collarblue-collarblue-collarblue-collarblue-collarblue-collarblue-collarblue-collarblue-collarblue-collarblue-collarblue-collarblue-collarblue-collarblue-collarblue-collarblue-collarblue-collarblue-collarblue-collarblue-collarblue-collarblue-collarblue-collarblue-collarblue-collarblue-collarblue-collarblue-collarblue-collarblue-collarblue-collarblue-collarblue-collarblue-collarblue-collarblue-collarblue-collarblue-collarblue-collarblue-collarblue-collarblue-collarblue-collarblue-collarblue-collarblue-collarblue-collarblue-collarblue-collarblue-collarblue-collarblue-collarblue-collarblue-collarblue-collarblue-collarblue-collarblue-collarblue-collarblue-collarblue-collarblue-collarblue-collarblue-collarblue-collarblue-collarblue-collarblue-collarblue-collarblue-collarblue-collarblue-collarblue-collarblue-collarblue-collarblue-collarblue-collarblue-collarblue-collarblue-collarblue-collarblue-collarblue-collarblue-collarblue-collarblue-collarblue-collarblue-collarblue-collarblue-collarblue-collarblue-collarblue-collarblue-collarblue-collarblue-collarblue-collarblue-collarblue-collarblue-collarblue-collarblue-collarblue-collarblue-collarblue-collarblue-collarblue-collarblue-collarblue-collarblue-collarblue-collarblue-collarblue-collarblue-collarblue-collarblue-collarblue-collarblue-collarblue-collarblue-collarblue-collarblue-collarblue-collarblue-collarblue-collarblue-collarblue-collarblue-collarblue-collarblue-collarblue-collarblue-collarblue-collarblue-collarblue-collarblue-collarblue-collarblue-collarblue-collarblue-collarblue-collarblue-collarblue-collarblue-collarblue-collarblue-collarblue-collarblue-collarblue-collarblue-collarblue-collarblue-collarblue-collarblue-collarblue-collarblue-collarblue-collarblue-collarblue-collarblue-collarblue-collarblue-collarblue-collarblue-collarblue-collarblue-collarblue-collarblue-collarblue-collarblue-collarblue-collarblue-collarblue-collarblue-collarblue-collarblue-collarblue-collarblue-collarblue-collarblue-collarblue-collarblue-collarblue-collarblue-collarblue-collarblue-collarblue-collarblue-collarblue-collarblue-collarblue-collarblue-collarblue-collarblue-collarblue-collarblue-collarblue-collarblue-collarblue-collarblue-collarblue-collarblue-collarblue-collarblue-collarblue-collarblue-collarblue-collarblue-collarblue-collarblue-collarblue-collarblue-collarblue-collarblue-collarblue-collarblue-collarblue-collarblue-collarblue-collarblue-collarblue-collarblue-collarblue-collarblue-collarblue-collarblue-collarblue-collarblue-collarblue-collarblue-collarblue-collarblue-collarblue-collarblue-collarblue-collarblue-collarblue-collarblue-collarblue-collarblue-collarblue-collarblue-collarblue-collarblue-collarblue-collarblue-collarblue-collarblue-collarblue-collarblue-collarblue-collarblue-collarblue-collarblue-collarblue-collarblue-collarblue-collarblue-collarblue-collarblue-collarblue-collarblue-collarblue-collarblue-collarblue-collarblue-collarblue-collarblue-collarblue-collarblue-collarblue-collarblue-collarblue-collarblue-collarblue-collarblue-collarblue-collarblue-collarblue-collarblue-collarblue-collarblue-collarblue-collarblue-collarblue-collarblue-collarblue-collarblue-collarblue-collarblue-collarblue-collarblue-collarblue-collarblue-collarblue-collarblue-collarblue-collarblue-collarblue-collarblue-collarblue-collarblue-collarblue-collarblue-collarblue-collarblue-collarblue-collarblue-collarblue-collarblue-collarblue-collarblue-collarblue-collarblue-collarblue-collarblue-collarblue-collarblue-collarblue-collarblue-collarblue-collarblue-collarblue-collarblue-collarblue-collarblue-collarblue-collarblue-collarblue-collarblue-collarblue-collarblue-collarblue-collarblue-collarblue-collarblue-collarblue-collarblue-collarblue-collarblue-collarblue-collarblue-collarblue-collarblue-collarblue-collarblue-collarblue-collarblue-collarblue-collarblue-collarblue-collarblue-collarblue-collarblue-collarblue-collarblue-collarblue-collarblue-collarblue-collarblue-collarblue-collarblue-collarblue-collarblue-collarblue-collarblue-collarblue-collarblue-collarblue-collarblue-collarblue-collarblue-collarblue-collarblue-collarblue-collarblue-collarblue-collarblue-collarblue-collarblue-collarblue-collarblue-collarblue-collarblue-collarblue-collarblue-collarblue-collarblue-collarblue-collarblue-collarblue-collarblue-collarblue-collarblue-collarblue-collarblue-collarblue-collarblue-collarblue-collarblue-collarblue-collarblue-collarblue-collarblue-collarblue-collarblue-collarblue-collarblue-collarblue-collarblue-collarblue-collarblue-collarblue-collarblue-collarblue-collarblue-collarblue-collarblue-collarblue-collarblue-collarblue-collarblue-collarblue-collarblue-collarblue-collarblue-collarblue-collarblue-collarblue-collarblue-collarblue-collarblue-collarblue-collarblue-collarblue-collarblue-collarblue-collarblue-collarblue-collarblue-collarblue-collarblue-collarblue-collarblue-collarblue-collarblue-collarblue-collarblue-collarblue-collarblue-collarblue-collarblue-collarblue-collarblue-collarblue-collarblue-collarblue-collarblue-collarblue-collarblue-collarblue-collarblue-collarblue-collarblue-collarblue-collarblue-collarblue-collarblue-collarblue-collarblue-collarblue-collarblue-collarblue-collarblue-collarblue-collarblue-collarblue-collarblue-collarblue-collarblue-collarblue-collarblue-collarblue-collarblue-collarblue-collarblue-collarblue-collarblue-collarblue-collarblue-collarblue-collarblue-collarblue-collarblue-collarblue-collarblue-collarblue-collarblue-collarblue-collarblue-collarblue-collarblue-collarblue-collarblue-collarblue-collarblue-collarblue-collarblue-collarblue-collarblue-collarblue-collarblue-collarblue-collarblue-collarblue-collarblue-collarblue-collarblue-collarblue-collarblue-collarblue-collarblue-collarblue-collarblue-collarblue-collarblue-collarblue-collarblue-collarblue-collarblue-collarblue-collarblue-collarblue-collarblue-collarblue-collarblue-collarblue-collarblue-collarblue-collarblue-collarblue-collarblue-collarblue-collarblue-collarblue-collarblue-collarblue-collarblue-collarblue-collarblue-collarblue-collarblue-collarblue-collarblue-collarblue-collarblue-collarblue-collarblue-collarblue-collarblue-collarblue-collarblue-collarblue-collarblue-collarblue-collarblue-collarblue-collarblue-collarblue-collarblue-collarblue-collarblue-collarblue-collarblue-collarblue-collarblue-collarblue-collarblue-collarblue-collarblue-collarblue-collarblue-collarblue-collarblue-collarblue-collarblue-collarblue-collarblue-collarblue-collarblue-collarblue-collarblue-collarblue-collarblue-collarblue-collarblue-collarblue-collarblue-collarblue-collarblue-collarblue-collarblue-collarblue-collarblue-collarblue-collarblue-collarblue-collarblue-collarblue-collarblue-collarblue-collarblue-collarblue-collarblue-collarblue-collarblue-collarblue-collarblue-collarblue-collarblue-collarblue-collarblue-collarblue-collarblue-collarblue-collarblue-collarblue-collarblue-collarblue-collarblue-collarblue-collarblue-collarblue-collarblue-collarblue-collarblue-collarblue-collarblue-collarblue-collarblue-collarblue-collarblue-collarblue-collarblue-collarblue-collarblue-collarblue-collarblue-collarblue-collarblue-collarblue-collarblue-collarblue-collarblue-collarblue-collarblue-collarblue-collarblue-collarblue-collarblue-collarblue-collarblue-collarblue-collarblue-collarblue-collarblue-collarblue-collarblue-collarblue-collarblue-collarblue-collarblue-collarblue-collarblue-collarblue-collarblue-collarblue-collarblue-collarblue-collarblue-collarblue-collarblue-collarblue-collarblue-collarblue-collarblue-collarblue-collarblue-collarblue-collarblue-collarblue-collarblue-collarblue-collarblue-collarblue-collarblue-collarblue-collarblue-collarblue-collarblue-collarblue-collarblue-collarblue-collarblue-collarblue-collarblue-collarblue-collarblue-collarblue-collarblue-collarblue-collarblue-collarblue-collarblue-collarblue-collarblue-collarblue-collarblue-collarblue-collarblue-collarblue-collarblue-collarblue-collarblue-collarblue-collarblue-collarblue-collarblue-collarblue-collarblue-collarblue-collarblue-collarblue-collarblue-collarblue-collarblue-collarblue-collarblue-collarblue-collarblue-collarblue-collarblue-collarblue-collarblue-collarblue-collarblue-collarblue-collarblue-collarblue-collarblue-collarblue-collarblue-collarblue-collarblue-collarblue-collarblue-collarblue-collarblue-collarblue-collarblue-collarblue-collarblue-collarblue-collarblue-collarblue-collarblue-collarblue-collarblue-collarblue-collarblue-collarblue-collarblue-collarblue-collarblue-collarblue-collarblue-collarblue-collarblue-collarblue-collarblue-collarblue-collarblue-collarblue-collarblue-collarblue-collarblue-collarblue-collarblue-collarblue-collarblue-collarblue-collarblue-collarblue-collarblue-collarblue-collarblue-collarblue-collarblue-collarblue-collarblue-collarblue-collarblue-collarblue-collarblue-collarblue-collarblue-collarblue-collarblue-collarblue-collarblue-collarblue-collarblue-collarblue-collarblue-collarblue-collarblue-collarblue-collarblue-collarblue-collarblue-collarblue-collarblue-collarblue-collarblue-collarblue-collarblue-collarblue-collarblue-collarblue-collarblue-collarblue-collarblue-collarblue-collarblue-collarblue-collarblue-collarblue-collarblue-collarblue-collarblue-collarblue-collarblue-collarblue-collarblue-collarblue-collarblue-collarblue-collarblue-collarblue-collarblue-collarblue-collarblue-collarblue-collarblue-collarblue-collarblue-collarblue-collarblue-collarblue-collarblue-collarblue-collarblue-collarblue-collarblue-collarblue-collarblue-collarblue-collarblue-collarblue-collarblue-collarblue-collarblue-collarblue-collarblue-collarblue-collarblue-collarblue-collarblue-collarblue-collarblue-collarblue-collarblue-collarblue-collarblue-collarblue-collarblue-collarblue-collarblue-collarblue-collarblue-collarblue-collarblue-collarblue-collarblue-collarblue-collarblue-collarblue-collarblue-collarblue-collarblue-collarblue-collarblue-collarblue-collarblue-collarblue-collarblue-collarblue-collarblue-collarblue-collarblue-collarblue-collarblue-collarblue-collarblue-collarblue-collarblue-collarblue-collarblue-collarblue-collarblue-collarblue-collarblue-collarblue-collarblue-collarblue-collarblue-collarblue-collarblue-collarblue-collarblue-collarblue-collarblue-collarblue-collarblue-collarblue-collarblue-collarblue-collarblue-collarblue-collarblue-collarblue-collarblue-collarblue-collarblue-collarblue-collarblue-collarblue-collarblue-collarblue-collarblue-collarblue-collarblue-collarblue-collarblue-collarblue-collarblue-collarblue-collarblue-collarblue-collarblue-collarblue-collarblue-collarblue-collarblue-collarblue-collarblue-collarblue-collarblue-collarblue-collarblue-collarblue-collarblue-collarblue-collarblue-collarblue-collarblue-collarblue-collarblue-collarblue-collarblue-collarblue-collarblue-collarblue-collarblue-collarblue-collarblue-collarblue-collarblue-collarblue-collarblue-collarblue-collarblue-collarblue-collarblue-collarblue-collarblue-collarblue-collarblue-collarblue-collarblue-collarblue-collarblue-collarblue-collarblue-collarblue-collarblue-collarblue-collarblue-collarblue-collarblue-collarblue-collarblue-collarblue-collarblue-collarblue-collarblue-collarblue-collarblue-collarblue-collarblue-collarblue-collarblue-collarblue-collarblue-collarblue-collarblue-collarblue-collarblue-collarblue-collarblue-collarblue-collarblue-collarblue-collarblue-collarblue-collarblue-collarblue-collarblue-collarblue-collarblue-collarblue-collarblue-collarblue-collarblue-collarblue-collarblue-collarblue-collarblue-collarblue-collarblue-collarblue-collarblue-collarblue-collarblue-collarblue-collarblue-collarblue-collarblue-collarblue-collarblue-collarblue-collarblue-collarblue-collarblue-collarblue-collarblue-collarblue-collarblue-collarblue-collarblue-collarblue-collarblue-collarblue-collarblue-collarblue-collarblue-collarblue-collarblue-collarblue-collarblue-collarblue-collarblue-collarblue-collarblue-collarblue-collarblue-collarblue-collarblue-collarblue-collarblue-collarblue-collarblue-collarblue-collarblue-collarblue-collarblue-collarblue-collarblue-collarblue-collarblue-collarblue-collarblue-collarblue-collarblue-collarblue-collarblue-collarblue-collarblue-collarblue-collarblue-collarblue-collarblue-collarblue-collarblue-collarblue-collarblue-collarblue-collarblue-collarblue-collarblue-collarblue-collarblue-collarblue-collarblue-collarblue-collarblue-collarblue-collarblue-collarblue-collarblue-collarblue-collarblue-collarblue-collarblue-collarblue-collarblue-collarblue-collarblue-collarblue-collarblue-collarblue-collarblue-collarblue-collarblue-collarblue-collarblue-collarblue-collarblue-collarblue-collarblue-collarblue-collarblue-collarblue-collarblue-collarblue-collarblue-collarblue-collarblue-collarblue-collarblue-collarblue-collarblue-collarblue-collarblue-collarblue-collarblue-collarblue-collarblue-collarblue-collarblue-collarblue-collarblue-collarblue-collarblue-collarblue-collarblue-collarblue-collarblue-collarblue-collarblue-collarblue-collarblue-collarblue-collarblue-collarblue-collarblue-collarblue-collarblue-collarblue-collarblue-collarblue-collarblue-collarblue-collarblue-collarblue-collarblue-collarblue-collarblue-collarblue-collarblue-collarblue-collarblue-collarblue-collarblue-collarblue-collarblue-collarblue-collarblue-collarblue-collarblue-collarblue-collarblue-collarblue-collarblue-collarblue-collarblue-collarblue-collarblue-collarblue-collarblue-collarblue-collarblue-collarblue-collarblue-collarblue-collarblue-collarblue-collarblue-collarblue-collarblue-collarblue-collarblue-collarblue-collarblue-collarblue-collarblue-collarblue-collarblue-collarblue-collarblue-collarblue-collarblue-collarblue-collarblue-collarblue-collarblue-collarblue-collarblue-collarblue-collarblue-collarblue-collarblue-collarblue-collarblue-collarblue-collarblue-collarblue-collarblue-collarblue-collarblue-collarblue-collarblue-collarblue-collarblue-collarblue-collarblue-collarblue-collarblue-collarblue-collarblue-collarblue-collarblue-collarblue-collarblue-collarblue-collarblue-collarblue-collarblue-collarblue-collarblue-collarblue-collarblue-collarblue-collarblue-collarblue-collarblue-collarblue-collarblue-collarblue-collarblue-collarblue-collarblue-collarblue-collarblue-collarblue-collarblue-collarblue-collarblue-collarblue-collarblue-collarblue-collarblue-collarblue-collarblue-collarblue-collarblue-collarblue-collarblue-collarblue-collarblue-collarblue-collarblue-collarblue-collarblue-collarblue-collarblue-collarblue-collarblue-collarblue-collarblue-collarblue-collarblue-collarblue-collarblue-collarblue-collarblue-collarblue-collarblue-collarblue-collarblue-collarblue-collarblue-collarblue-collarblue-collarblue-collarblue-collarblue-collarblue-collarblue-collarblue-collarblue-collarblue-collarblue-collarblue-collarblue-collarblue-collarblue-collarblue-collarblue-collarblue-collarblue-collarblue-collarblue-collarblue-collarblue-collarblue-collarblue-collarblue-collarblue-collarblue-collarblue-collarblue-collarblue-collarblue-collarblue-collarblue-collarblue-collarblue-collarblue-collarblue-collarblue-collarblue-collarblue-collarblue-collarblue-collarblue-collarblue-collarblue-collarblue-collarblue-collarblue-collarblue-collarblue-collarblue-collarblue-collarblue-collarblue-collarblue-collarblue-collarblue-collarblue-collarblue-collarblue-collarblue-collarblue-collarblue-collarblue-collarblue-collarblue-collarblue-collarblue-collarblue-collarblue-collarblue-collarblue-collarblue-collarblue-collarblue-collarblue-collarblue-collarblue-collarblue-collarblue-collarblue-collarblue-collarblue-collarblue-collarblue-collarblue-collarblue-collarblue-collarblue-collarblue-collarblue-collarblue-collarblue-collarblue-collarblue-collarblue-collarblue-collarblue-collarblue-collarblue-collarblue-collarblue-collarblue-collarblue-collarblue-collarblue-collarblue-collarblue-collarblue-collarblue-collarblue-collarblue-collarblue-collarblue-collarblue-collarblue-collarblue-collarblue-collarblue-collarblue-collarblue-collarblue-collarblue-collarblue-collarblue-collarblue-collarblue-collarblue-collarblue-collarblue-collarblue-collarblue-collarblue-collarblue-collarblue-collarblue-collarblue-collarblue-collarblue-collarblue-collarblue-collarblue-collarblue-collarblue-collarblue-collarblue-collarblue-collarblue-collarblue-collarblue-collarblue-collarblue-collarblue-collarblue-collarblue-collarblue-collarblue-collarblue-collarblue-collarblue-collarblue-collarblue-collarblue-collarblue-collarblue-collarblue-collarblue-collarblue-collarblue-collarblue-collarblue-collarblue-collarblue-collarblue-collarblue-collarblue-collarblue-collarblue-collarblue-collarblue-collarblue-collarblue-collarblue-collarblue-collarblue-collarblue-collarblue-collarblue-collarblue-collarblue-collarblue-collarblue-collarblue-collarblue-collarblue-collarblue-collarblue-collarblue-collarblue-collarblue-collarblue-collarblue-collarblue-collarblue-collarblue-collarblue-collarblue-collarblue-collarblue-collarblue-collarblue-collarblue-collarblue-collarblue-collarblue-collarblue-collarblue-collarblue-collarblue-collarblue-collarblue-collarblue-collarblue-collarblue-collarblue-collarblue-collarblue-collarblue-collarblue-collarblue-collarblue-collarblue-collarblue-collarblue-collarblue-collarblue-collarblue-collarblue-collarblue-collarblue-collarblue-collarblue-collarblue-collarblue-collarblue-collarblue-collarblue-collarblue-collarblue-collarblue-collarblue-collarblue-collarblue-collarblue-collarblue-collarblue-collarblue-collarblue-collarblue-collarblue-collarblue-collarblue-collarblue-collarblue-collarblue-collarblue-collarblue-collarblue-collarblue-collarblue-collarblue-collarblue-collarblue-collarblue-collarblue-collarblue-collarblue-collarblue-collarblue-collarblue-collarblue-collarblue-collarblue-collarblue-collarblue-collarblue-collarblue-collarblue-collarblue-collarblue-collarblue-collarblue-collarblue-collarblue-collarblue-collarblue-collarblue-collarblue-collarblue-collarblue-collarblue-collarblue-collarblue-collarblue-collarblue-collarblue-collarblue-collarblue-collarblue-collarblue-collarblue-collarblue-collarblue-collarblue-collarblue-collarblue-collarblue-collarblue-collarblue-collarblue-collarblue-collarblue-collarblue-collarblue-collarblue-collarblue-collarblue-collarblue-collarblue-collarblue-collarblue-collarblue-collarblue-collarblue-collarblue-collarblue-collarblue-collarblue-collarblue-collarblue-collarblue-collarblue-collarblue-collarblue-collarblue-collarblue-collarblue-collarblue-collarblue-collarblue-collarblue-collarblue-collarblue-collarblue-collarblue-collarblue-collarblue-collarblue-collarblue-collarblue-collarblue-collarblue-collarblue-collarblue-collarblue-collarblue-collarblue-collarblue-collarblue-collarblue-collarblue-collarblue-collarblue-collarblue-collarblue-collarblue-collarblue-collarblue-collarblue-collarblue-collarblue-collarblue-collarblue-collarblue-collarblue-collarblue-collarblue-collarblue-collarblue-collarblue-collarblue-collarblue-collarblue-collarblue-collarblue-collarblue-collarblue-collarblue-collarblue-collarblue-collarblue-collarblue-collarblue-collarblue-collarblue-collarblue-collarblue-collarblue-collarblue-collarblue-collarblue-collarblue-collarblue-collarblue-collarblue-collarblue-collarblue-collarblue-collarblue-collarblue-collarblue-collarblue-collarblue-collarblue-collarblue-collarblue-collarblue-collarblue-collarblue-collarblue-collarblue-collarblue-collarblue-collarblue-collarblue-collarblue-collarblue-collarblue-collarblue-collarblue-collarblue-collarblue-collarblue-collarblue-collarblue-collarblue-collarblue-collarblue-collarblue-collarblue-collarblue-collarblue-collarblue-collarblue-collarblue-collarblue-collarblue-collarblue-collarblue-collarblue-collarblue-collarblue-collarblue-collarblue-collarblue-collarblue-collarblue-collarblue-collarblue-collarblue-collarblue-collarblue-collarblue-collarblue-collarblue-collarblue-collarblue-collarblue-collarblue-collarblue-collarblue-collarblue-collarblue-collarblue-collarblue-collarblue-collarblue-collarblue-collarblue-collarblue-collarblue-collarblue-collarblue-collarblue-collarblue-collarblue-collarblue-collarblue-collarblue-collarblue-collarblue-collarblue-collarblue-collarblue-collarblue-collarblue-collarblue-collarblue-collarblue-collarblue-collarblue-collarblue-collarblue-collarblue-collarblue-collarblue-collarblue-collarblue-collarblue-collarblue-collarblue-collarblue-collarblue-collarblue-collarblue-collarblue-collarblue-collarblue-collarblue-collarblue-collarblue-collarblue-collarblue-collarblue-collarblue-collarblue-collarblue-collarblue-collarblue-collarblue-collarblue-collarblue-collarblue-collarblue-collarblue-collarblue-collarblue-collarblue-collarblue-collarblue-collarblue-collarblue-collarblue-collarblue-collarblue-collarblue-collarblue-collarblue-collarblue-collarblue-collarblue-collarblue-collarblue-collarblue-collarblue-collarblue-collarblue-collarblue-collarblue-collarblue-collarblue-collarblue-collarblue-collarblue-collarblue-collarblue-collarblue-collarblue-collarblue-collarblue-collarblue-collarblue-collarblue-collarblue-collarblue-collarblue-collarblue-collarblue-collarblue-collarblue-collarblue-collarblue-collarblue-collarblue-collarblue-collarblue-collarblue-collarblue-collarblue-collarblue-collarblue-collarblue-collarblue-collarblue-collarblue-collarblue-collarblue-collarblue-collarblue-collarblue-collarblue-collarblue-collarblue-collarblue-collarblue-collarblue-collarblue-collarblue-collarblue-collarblue-collarblue-collarblue-collarblue-collarblue-collarblue-collarblue-collarblue-collarblue-collarblue-collarblue-collarblue-collarblue-collarblue-collarblue-collarblue-collarblue-collarblue-collarblue-collarblue-collarblue-collarblue-collarblue-collarblue-collarblue-collarblue-collarblue-collarblue-collarblue-collarblue-collarblue-collarblue-collarblue-collarblue-collarblue-collarblue-collarblue-collarblue-collarblue-collarblue-collarblue-collarblue-collarblue-collarblue-collarblue-collarblue-collarblue-collarblue-collarblue-collarblue-collarblue-collarblue-collarblue-collarblue-collarblue-collarblue-collarblue-collarblue-collarblue-collarblue-collarblue-collarblue-collarblue-collarblue-collarblue-collarblue-collarblue-collarblue-collarblue-collarblue-collarblue-collarblue-collarblue-collarblue-collarblue-collarblue-collarblue-collarblue-collarblue-collarblue-collarblue-collarblue-collarblue-collarblue-collarblue-collarblue-collarblue-collarblue-collarblue-collarblue-collarblue-collarblue-collarblue-collarblue-collarblue-collarblue-collarblue-collarblue-collarblue-collarblue-collarblue-collarblue-collarblue-collarblue-collarblue-collarblue-collarblue-collarblue-collarblue-collarblue-collarblue-collarblue-collarblue-collarblue-collarblue-collarblue-collarblue-collarblue-collarblue-collarblue-collarblue-collarblue-collarblue-collarblue-collarblue-collarblue-collarblue-collarblue-collarblue-collarblue-collarblue-collarblue-collarblue-collarblue-collarblue-collarblue-collarblue-collarblue-collarblue-collarblue-collarblue-collarblue-collarblue-collarblue-collarblue-collarblue-collarblue-collarblue-collarblue-collarblue-collarblue-collarblue-collarblue-collarblue-collarblue-collarblue-collarblue-collarblue-collarblue-collarblue-collarblue-collarblue-collarblue-collarblue-collarblue-collarblue-collarblue-collarblue-collarblue-collarblue-collarblue-collarblue-collarblue-collarblue-collarblue-collarblue-collarblue-collarblue-collarblue-collarblue-collarblue-collarblue-collarblue-collarblue-collarblue-collarblue-collarblue-collarblue-collarblue-collarblue-collarblue-collarblue-collarblue-collarblue-collarblue-collarblue-collarblue-collarblue-collarblue-collarblue-collarblue-collarblue-collarblue-collarblue-collarblue-collarblue-collarblue-collarblue-collarblue-collarblue-collarblue-collarblue-collarblue-collarblue-collarblue-collarblue-collarblue-collarblue-collarblue-collarblue-collarblue-collarblue-collarblue-collarblue-collarblue-collarblue-collarblue-collarblue-collarblue-collarblue-collarblue-collarblue-collarblue-collarblue-collarblue-collarblue-collarblue-collarblue-collarblue-collarblue-collarblue-collarblue-collarblue-collarblue-collarblue-collarblue-collarblue-collarblue-collarblue-collarblue-collarblue-collarblue-collarblue-collarblue-collarblue-collarblue-collarblue-collarblue-collarblue-collarblue-collarblue-collarblue-collarblue-collarblue-collarblue-collarblue-collarblue-collarblue-collarblue-collarblue-collarblue-collarblue-collarblue-collarblue-collarblue-collarblue-collarblue-collarblue-collarblue-collarblue-collarblue-collarblue-collarblue-collarblue-collarblue-collarblue-collarblue-collarblue-collarblue-collarblue-collarblue-collarblue-collarblue-collarblue-collarblue-collarblue-collarblue-collarblue-collarblue-collarblue-collarblue-collarblue-collarblue-collarblue-collarblue-collarblue-collarblue-collarblue-collarblue-collarblue-collarblue-collarblue-collarblue-collarblue-collarblue-collarblue-collarblue-collarblue-collarblue-collarblue-collarblue-collarblue-collarblue-collarblue-collarblue-collarblue-collarblue-collarblue-collarblue-collarblue-collarblue-collarblue-collarblue-collarblue-collarblue-collarblue-collarblue-collarblue-collarblue-collarblue-collarblue-collarblue-collarblue-collarblue-collarblue-collarblue-collarblue-collarblue-collarblue-collarblue-collarblue-collarblue-collarblue-collarblue-collarblue-collarblue-collarblue-collarblue-collarblue-collarblue-collarblue-collarblue-collarblue-collarblue-collarblue-collarblue-collarblue-collarblue-collarblue-collarblue-collarblue-collarblue-collarblue-collarblue-collarblue-collarblue-collarblue-collarblue-collarblue-collarblue-collarblue-collarblue-collarblue-collarblue-collarblue-collarblue-collarblue-collarblue-collarblue-collarblue-collarblue-collarblue-collarblue-collarblue-collarblue-collarblue-collarblue-collarblue-collarblue-collarblue-collarblue-collarblue-collarblue-collarblue-collarblue-collarblue-collarblue-collarblue-collarblue-collarblue-collarblue-collarblue-collarblue-collarblue-collarblue-collarblue-collarblue-collarblue-collarblue-collarblue-collarblue-collarblue-collarblue-collarblue-collarblue-collarblue-collarblue-collarblue-collarblue-collarblue-collarblue-collarblue-collarblue-collarblue-collarblue-collarblue-collarblue-collarblue-collarblue-collarblue-collarblue-collarblue-collarblue-collarblue-collarblue-collarblue-collarblue-collarblue-collarblue-collarblue-collarblue-collarblue-collarblue-collarblue-collarblue-collarblue-collarblue-collarblue-collarblue-collarblue-collarblue-collarblue-collarblue-collarblue-collarblue-collarblue-collarblue-collarblue-collarblue-collarblue-collarblue-collarblue-collarblue-collarblue-collarblue-collarblue-collarblue-collarblue-collarblue-collarblue-collarblue-collarblue-collarblue-collarblue-collarblue-collarblue-collarblue-collarblue-collarblue-collarblue-collarblue-collarblue-collarblue-collarblue-collarblue-collarblue-collarblue-collarblue-collarblue-collarblue-collarblue-collarblue-collarblue-collarblue-collarblue-collarblue-collarblue-collarblue-collarblue-collarblue-collarblue-collarblue-collarblue-collarblue-collarblue-collarblue-collarblue-collarblue-collarblue-collarblue-collarblue-collarblue-collarblue-collarblue-collarblue-collarblue-collarblue-collarblue-collarblue-collarblue-collarblue-collarblue-collarblue-collarblue-collarblue-collarblue-collarblue-collarblue-collarblue-collarblue-collarblue-collarblue-collarblue-collarblue-collarblue-collarblue-collarblue-collarblue-collarblue-collarblue-collarblue-collarblue-collarblue-collarblue-collarblue-collarblue-collarblue-collarblue-collarblue-collarblue-collarblue-collarblue-collarblue-collarblue-collarblue-collarblue-collarblue-collarblue-collarblue-collarblue-collarblue-collarblue-collarblue-collarblue-collarblue-collarblue-collarblue-collarblue-collarblue-collarblue-collarblue-collarblue-collarblue-collarblue-collarblue-collarblue-collarblue-collarblue-collarblue-collarblue-collarblue-collarblue-collarblue-collarblue-collarblue-collarblue-collarblue-collarblue-collarblue-collarblue-collarblue-collarblue-collarblue-collarblue-collarblue-collarblue-collarblue-collarblue-collarblue-collarblue-collarblue-collarblue-collarblue-collarblue-collarblue-collarblue-collarblue-collarblue-collarblue-collarblue-collarblue-collarblue-collarblue-collarblue-collarblue-collarblue-collarblue-collarblue-collarblue-collarblue-collarblue-collarblue-collarblue-collarblue-collarblue-collarblue-collarblue-collarblue-collarblue-collarblue-collarblue-collarblue-collarblue-collarblue-collarblue-collarblue-collarblue-collarblue-collarblue-collarblue-collarblue-collarblue-collarblue-collarblue-collarblue-collarblue-collarblue-collarblue-collarblue-collarblue-collarblue-collarblue-collarblue-collarblue-collarblue-collarblue-collarblue-collarblue-collarblue-collarblue-collarblue-collarblue-collarblue-collarblue-collarblue-collarblue-collarblue-collarblue-collarblue-collarblue-collarblue-collarblue-collarblue-collarblue-collarblue-collarblue-collarblue-collarblue-collarblue-collarblue-collarblue-collarblue-collarblue-collarblue-collarblue-collarblue-collarblue-collarblue-collarblue-collarblue-collarblue-collarblue-collarblue-collarblue-collarblue-collarblue-collarblue-collarblue-collarblue-collarblue-collarblue-collarblue-collarblue-collarblue-collarblue-collarblue-collarblue-collarblue-collarblue-collarblue-collarblue-collarblue-collarblue-collarblue-collarblue-collarblue-collarblue-collarblue-collarblue-collarblue-collarblue-collarblue-collarblue-collarblue-collarblue-collarblue-collarblue-collarblue-collarblue-collarblue-collarblue-collarblue-collarblue-collarblue-collarblue-collarblue-collarblue-collarblue-collarblue-collarblue-collarblue-collarblue-collarblue-collarblue-collarblue-collarblue-collarblue-collarblue-collarblue-collarblue-collarblue-collarblue-collarblue-collarblue-collarblue-collarblue-collarblue-collarblue-collarblue-collarblue-collarblue-collarblue-collarblue-collarblue-collarblue-collarblue-collarblue-collarblue-collarblue-collarblue-collarblue-collarblue-collarblue-collarblue-collarblue-collarblue-collarblue-collarblue-collarblue-collarblue-collarblue-collarblue-collarblue-collarblue-collarblue-collarblue-collarblue-collarblue-collarblue-collarblue-collarblue-collarblue-collarblue-collarblue-collarblue-collarblue-collarblue-collarblue-collarblue-collarblue-collarblue-collarblue-collarblue-collarblue-collarblue-collarblue-collarblue-collarblue-collarblue-collarblue-collarblue-collarblue-collarblue-collarblue-collarblue-collarblue-collarblue-collarblue-collarblue-collarblue-collarblue-collarblue-collarblue-collarblue-collarblue-collarblue-collarblue-collarblue-collarblue-collarblue-collarblue-collarblue-collarblue-collarblue-collarblue-collarblue-collarblue-collarblue-collarblue-collarblue-collarblue-collarblue-collarblue-collarblue-collarblue-collarblue-collarblue-collarblue-collarblue-collarblue-collarblue-collarblue-collarblue-collarblue-collarblue-collarblue-collarblue-collarblue-collarblue-collarblue-collarblue-collarblue-collarblue-collarblue-collarblue-collarblue-collarblue-collarblue-collarblue-collarblue-collarblue-collarblue-collarblue-collarblue-collarblue-collarblue-collarblue-collarblue-collarblue-collarblue-collarblue-collarblue-collarblue-collarblue-collarblue-collarblue-collarblue-collarblue-collarblue-collarblue-collarblue-collarblue-collarblue-collarblue-collarblue-collarblue-collarblue-collarblue-collarblue-collarblue-collarblue-collarblue-collarblue-collarblue-collarblue-collarblue-collarblue-collarblue-collarblue-collarblue-collarblue-collarblue-collarblue-collarblue-collarblue-collarblue-collarblue-collarblue-collarblue-collarblue-collarblue-collarblue-collarblue-collarblue-collarblue-collarblue-collarblue-collarblue-collarblue-collarblue-collarblue-collarblue-collarblue-collarblue-collarblue-collarblue-collarblue-collarblue-collarblue-collarblue-collarblue-collarblue-collarblue-collarblue-collarblue-collarblue-collarblue-collarblue-collarblue-collarblue-collarblue-collarblue-collarblue-collarblue-collarblue-collarblue-collarblue-collarblue-collarblue-collarblue-collarblue-collarblue-collarblue-collarblue-collarblue-collarblue-collarblue-collarblue-collarblue-collarblue-collarblue-collarblue-collarblue-collarblue-collarblue-collarblue-collarblue-collarblue-collarblue-collarblue-collarblue-collarblue-collarblue-collarblue-collarblue-collarblue-collarblue-collarblue-collarblue-collarblue-collarblue-collarblue-collarblue-collarblue-collarblue-collarblue-collarblue-collarblue-collarblue-collarblue-collarblue-collarblue-collarblue-collarblue-collarblue-collarblue-collarblue-collarblue-collarblue-collarblue-collarblue-collarblue-collarblue-collarblue-collarblue-collarblue-collarblue-collarblue-collarblue-collarblue-collarblue-collarblue-collarblue-collarblue-collarblue-collarblue-collarblue-collarblue-collarblue-collarblue-collarblue-collarblue-collarblue-collarblue-collarblue-collarblue-collarblue-collarblue-collarblue-collarblue-collarblue-collarblue-collarblue-collarblue-collarblue-collarblue-collarblue-collarblue-collarblue-collarblue-collarblue-collarblue-collarblue-collarblue-collarblue-collarblue-collarblue-collarblue-collarblue-collarblue-collarblue-collarblue-collarblue-collarblue-collarblue-collarblue-collarblue-collarblue-collarblue-collarblue-collarblue-collarblue-collarblue-collarblue-collarblue-collarblue-collarblue-collarblue-collarblue-collarblue-collarblue-collarblue-collarblue-collarblue-collarblue-collarblue-collarblue-collarblue-collarblue-collarblue-collarblue-collarblue-collarblue-collarblue-collarblue-collarblue-collarblue-collarblue-collarblue-collarblue-collarblue-collarblue-collarblue-collarblue-collarblue-collarblue-collarblue-collarblue-collarblue-collarblue-collarblue-collarblue-collarblue-collarblue-collarblue-collarblue-collarblue-collarblue-collarblue-collarblue-collarblue-collarblue-collarblue-collarblue-collarblue-collarblue-collarblue-collarblue-collarblue-collarblue-collarblue-collarblue-collarblue-collarblue-collarblue-collarblue-collarblue-collarblue-collarblue-collarblue-collarblue-collarblue-collarblue-collarblue-collarblue-collarblue-collarblue-collarblue-collarblue-collarblue-collarblue-collarblue-collarblue-collarblue-collarblue-collarblue-collarblue-collarblue-collarblue-collarblue-collarblue-collarblue-collarblue-collarblue-collarblue-collarblue-collarblue-collarblue-collarblue-collarblue-collarblue-collarblue-collarblue-collarblue-collarblue-collarblue-collarblue-collarblue-collarblue-collarblue-collarblue-collarblue-collarblue-collarblue-collarblue-collarblue-collarblue-collarblue-collarblue-collarblue-collarblue-collarblue-collarblue-collarblue-collarblue-collarblue-collarblue-collarblue-collarblue-collarblue-collarblue-collarblue-collarblue-collarblue-collarblue-collarblue-collarblue-collarblue-collarblue-collarblue-collarblue-collarblue-collarblue-collarblue-collarblue-collarblue-collarblue-collarblue-collarblue-collarblue-collarblue-collarblue-collarblue-collarblue-collarblue-collarblue-collarblue-collarblue-collarblue-collarblue-collarblue-collarblue-collarblue-collarblue-collarblue-collarblue-collarblue-collarblue-collarblue-collarblue-collarblue-collarblue-collarblue-collarblue-collarblue-collarblue-collarblue-collarblue-collarblue-collarblue-collarblue-collarblue-collarblue-collarblue-collarblue-collarblue-collarblue-collarblue-collarblue-collarblue-collarblue-collarblue-collarblue-collarblue-collarblue-collarblue-collarblue-collarblue-collarblue-collarblue-collarblue-collarblue-collarblue-collarblue-collarblue-collarblue-collarblue-collarblue-collarblue-collarblue-collarblue-collarblue-collarblue-collarblue-collarblue-collarblue-collarblue-collarblue-collarblue-collarblue-collarblue-collarblue-collarblue-collarblue-collarblue-collarblue-collarblue-collarblue-collarblue-collarblue-collarblue-collarblue-collarblue-collarblue-collarblue-collarblue-collarblue-collarblue-collarblue-collarblue-collarblue-collarblue-collarblue-collarblue-collarblue-collarblue-collarblue-collarblue-collarblue-collarblue-collarblue-collarblue-collarblue-collarblue-collarblue-collarblue-collarblue-collarblue-collarblue-collarblue-collarblue-collarblue-collarblue-collarblue-collarblue-collarblue-collarblue-collarblue-collarblue-collarblue-collarblue-collarblue-collarblue-collarblue-collarblue-collarblue-collarblue-collarblue-collarblue-collarblue-collarblue-collarblue-collarblue-collarblue-collarblue-collarblue-collarblue-collarblue-collarblue-collarblue-collarblue-collarblue-collarblue-collarblue-collarblue-collarblue-collarblue-collarblue-collarblue-collarblue-collarblue-collarblue-collarblue-collarblue-collarblue-collarblue-collarblue-collarblue-collarblue-collarblue-collarblue-collarblue-collarblue-collarblue-collarblue-collarblue-collarblue-collarblue-collarblue-collarblue-collarblue-collarblue-collarblue-collarblue-collarblue-collarblue-collarblue-collarblue-collarblue-collarblue-collarblue-collarblue-collarblue-collarblue-collarblue-collarblue-collarblue-collarblue-collarblue-collarblue-collarblue-collarblue-collarblue-collarblue-collarblue-collarblue-collarblue-collarblue-collarblue-collarblue-collarblue-collarblue-collarblue-collarblue-collarblue-collarblue-collarblue-collarblue-collarblue-collarblue-collarblue-collarblue-collarblue-collarblue-collarblue-collarblue-collarblue-collarblue-collarblue-collarblue-collarblue-collarblue-collarblue-collarblue-collarblue-collarblue-collarblue-collarblue-collarblue-collarblue-collarblue-collarblue-collarblue-collarblue-collarblue-collarblue-collarblue-collarblue-collarblue-collarblue-collarblue-collarblue-collarblue-collarblue-collarblue-collarblue-collarblue-collarblue-collarblue-collarblue-collarblue-collarblue-collarblue-collarblue-collarblue-collarblue-collarblue-collarblue-collarblue-collarblue-collarblue-collarblue-collarblue-collarblue-collarblue-collarblue-collarblue-collarblue-collarblue-collarblue-collarblue-collarblue-collarblue-collarblue-collarblue-collarblue-collarblue-collarblue-collarblue-collarblue-collarblue-collarblue-collarblue-collarblue-collarblue-collarblue-collarblue-collarblue-collarblue-collarblue-collarblue-collarblue-collarblue-collarblue-collarblue-collarblue-collarblue-collarblue-collarblue-collarblue-collarblue-collarblue-collarblue-collarblue-collarblue-collarblue-collarblue-collarblue-collarblue-collarblue-collarblue-collarblue-collarblue-collarblue-collarblue-collarblue-collarblue-collarblue-collarblue-collarblue-collarblue-collarblue-collarblue-collarblue-collarblue-collarblue-collarblue-collarblue-collarblue-collarblue-collarblue-collarblue-collarblue-collarblue-collarblue-collarblue-collarblue-collarblue-collarblue-collarblue-collarblue-collarblue-collarblue-collarblue-collarblue-collarblue-collarblue-collarblue-collarblue-collarblue-collarblue-collarblue-collarblue-collarblue-collarblue-collarblue-collarblue-collarblue-collarblue-collarblue-collarblue-collarblue-collarblue-collarblue-collarblue-collarblue-collarblue-collarblue-collarblue-collarblue-collarblue-collarblue-collarblue-collarblue-collarblue-collarblue-collarblue-collarblue-collarblue-collarblue-collarblue-collarblue-collarblue-collarblue-collarblue-collarblue-collarblue-collarblue-collarblue-collarblue-collarblue-collarblue-collarblue-collarblue-collarblue-collarblue-collarblue-collarblue-collarblue-collarblue-collarblue-collarblue-collarblue-collarblue-collarblue-collarblue-collarblue-collarblue-collarblue-collarblue-collarblue-collarblue-collarblue-collarblue-collarblue-collarblue-collarblue-collarblue-collarblue-collarblue-collarblue-collarblue-collarblue-collarblue-collarblue-collarblue-collarblue-collarblue-collarblue-collarblue-collarblue-collarblue-collarblue-collarblue-collarblue-collarblue-collarblue-collarblue-collarblue-collarblue-collarblue-collarblue-collarblue-collarblue-collarblue-collarblue-collarblue-collarblue-collarblue-collarblue-collarblue-collarblue-collarblue-collarblue-collarblue-collarblue-collarblue-collarblue-collarblue-collarblue-collarblue-collarblue-collarblue-collarblue-collarblue-collarblue-collarblue-collarblue-collarblue-collarblue-collarblue-collarblue-collarblue-collarblue-collarblue-collarblue-collarblue-collarblue-collarblue-collarblue-collarblue-collarblue-collarblue-collarblue-collarblue-collarblue-collarblue-collarblue-collarblue-collarblue-collarblue-collarblue-collarblue-collarblue-collarblue-collarblue-collarblue-collarblue-collarblue-collarblue-collarblue-collarblue-collarblue-collarblue-collarblue-collarblue-collarblue-collarblue-collarblue-collarblue-collarblue-collarblue-collarblue-collarblue-collarblue-collarblue-collarblue-collarblue-collarblue-collarblue-collarblue-collarblue-collarblue-collarblue-collarblue-collarblue-collarblue-collarblue-collarblue-collarblue-collarblue-collarblue-collarblue-collarblue-collarblue-collarblue-collarblue-collarblue-collarblue-collarblue-collarblue-collarblue-collarblue-collarblue-collarblue-collarblue-collarblue-collarblue-collarblue-collarblue-collarblue-collarblue-collarblue-collarblue-collarblue-collarblue-collarblue-collarblue-collarblue-collarblue-collarblue-collarblue-collarblue-collarblue-collarblue-collarblue-collarblue-collarblue-collarblue-collarblue-collarblue-collarblue-collarblue-collarblue-collarblue-collarblue-collarblue-collarblue-collarblue-collarblue-collarblue-collarblue-collarblue-collarblue-collarblue-collarblue-collarblue-collarblue-collarblue-collarblue-collarblue-collarblue-collarblue-collarblue-collarblue-collarblue-collarblue-collarblue-collarblue-collarblue-collarblue-collarblue-collarblue-collarblue-collarblue-collarblue-collarblue-collarblue-collarblue-collarblue-collarblue-collarblue-collarblue-collarblue-collarblue-collarblue-collarblue-collarblue-collarblue-collarblue-collarblue-collarblue-collarblue-collarblue-collarblue-collarblue-collarblue-collarblue-collarblue-collarblue-collarblue-collarblue-collarblue-collarblue-collarblue-collarblue-collarblue-collarblue-collarblue-collarblue-collarblue-collarblue-collarblue-collarblue-collarblue-collarblue-collarblue-collarblue-collarblue-collarblue-collarblue-collarblue-collarblue-collarblue-collarblue-collarblue-collarblue-collarblue-collarblue-collarblue-collarblue-collarblue-collarblue-collarblue-collarblue-collarblue-collarblue-collarblue-collarblue-collarblue-collarblue-collarblue-collarblue-collarblue-collarblue-collarblue-collarblue-collarblue-collarblue-collarblue-collarblue-collarblue-collarblue-collarblue-collarblue-collarblue-collarblue-collarblue-collarblue-collarblue-collarblue-collarblue-collarblue-collarblue-collarblue-collarblue-collarblue-collarblue-collarblue-collarblue-collarblue-collarblue-collarblue-collarblue-collarblue-collarblue-collarblue-collarblue-collarblue-collarblue-collarblue-collarblue-collarblue-collarblue-collarblue-collarblue-collarblue-collarblue-collarblue-collarblue-collarblue-collarblue-collarblue-collarblue-collarblue-collarblue-collarblue-collarblue-collarblue-collarblue-collarblue-collarblue-collarblue-collarblue-collarblue-collarblue-collarblue-collarblue-collarblue-collarblue-collarblue-collarblue-collarblue-collarblue-collarblue-collarblue-collarblue-collarblue-collarblue-collarblue-collarblue-collarblue-collarblue-collarblue-collarblue-collarblue-collarblue-collarblue-collarblue-collarblue-collarblue-collarblue-collarblue-collarblue-collarblue-collarblue-collarblue-collarblue-collarblue-collarblue-collarblue-collarblue-collarblue-collarblue-collarblue-collarblue-collarblue-collarblue-collarblue-collarblue-collarblue-collarblue-collarblue-collarblue-collarblue-collarblue-collarblue-collarblue-collarblue-collarblue-collarblue-collarblue-collarblue-collarblue-collarblue-collarblue-collarblue-collarblue-collarblue-collarblue-collarblue-collarblue-collarblue-collarblue-collarblue-collarblue-collarblue-collarblue-collarblue-collarblue-collarblue-collarblue-collarblue-collarblue-collarblue-collarblue-collarblue-collarblue-collarblue-collarblue-collarblue-collarblue-collarblue-collarblue-collarblue-collarblue-collarblue-collarblue-collarblue-collarblue-collarblue-collarblue-collarblue-collarblue-collarblue-collarblue-collarblue-collarblue-collarblue-collarblue-collarblue-collarblue-collarblue-collarblue-collarblue-collarblue-collarblue-collarblue-collarblue-collarblue-collarblue-collarblue-collarblue-collarblue-collarblue-collarblue-collarblue-collarblue-collarblue-collarblue-collarblue-collarblue-collarblue-collarblue-collarblue-collarblue-collarblue-collarblue-collarblue-collarblue-collarblue-collarblue-collarblue-collarblue-collarblue-collarblue-collarblue-collarblue-collarblue-collarblue-collarblue-collarblue-collarblue-collarblue-collarblue-collarblue-collarblue-collarblue-collarblue-collarblue-collarblue-collarblue-collarblue-collarblue-collarblue-collarblue-collarblue-collarblue-collarblue-collarblue-collarblue-collarblue-collarblue-collarblue-collarblue-collarblue-collarblue-collarblue-collarblue-collarblue-collarblue-collarblue-collarblue-collarblue-collarblue-collarblue-collarblue-collarblue-collarblue-collarblue-collarblue-collarblue-collarblue-collarblue-collarblue-collarblue-collarblue-collarblue-collarblue-collarblue-collarblue-collarblue-collarblue-collarblue-collarblue-collarblue-collarblue-collarblue-collarblue-collarblue-collarblue-collarblue-collarblue-collarblue-collarblue-collarblue-collarblue-collarblue-collarblue-collarblue-collarblue-collarblue-collarblue-collarblue-collarblue-collarblue-collarblue-collarblue-collarblue-collarblue-collarblue-collarblue-collarblue-collarblue-collarblue-collarblue-collarblue-collarblue-collarblue-collarblue-collarblue-collarblue-collarblue-collarblue-collarblue-collarblue-collarblue-collarblue-collarblue-collarblue-collarblue-collarblue-collarblue-collarblue-collarblue-collarblue-collarblue-collarblue-collarblue-collarblue-collarblue-collarblue-collarblue-collarblue-collarblue-collarblue-collarblue-collarblue-collarblue-collarblue-collarblue-collarblue-collarblue-collarblue-collarblue-collarblue-collarblue-collarblue-collarblue-collarblue-collarblue-collarblue-collarblue-collarblue-collarblue-collarblue-collarblue-collarblue-collarblue-collarblue-collarblue-collarblue-collarblue-collarblue-collarblue-collarblue-collarblue-collarblue-collarblue-collarblue-collarblue-collarblue-collarblue-collarblue-collarblue-collarblue-collarblue-collarblue-collarblue-collarblue-collarblue-collarblue-collarblue-collarblue-collarblue-collarblue-collarblue-collarblue-collarblue-collarblue-collarblue-collarblue-collarblue-collarblue-collarblue-collarblue-collarblue-collarblue-collarblue-collarblue-collarblue-collarblue-collarblue-collarblue-collarblue-collarblue-collarblue-collarblue-collarblue-collarblue-collarblue-collarblue-collarblue-collarblue-collarblue-collarblue-collarblue-collarblue-collarblue-collarblue-collarblue-collarblue-collarblue-collarblue-collarblue-collarblue-collarblue-collarblue-collarblue-collarblue-collarblue-collarblue-collarblue-collarblue-collarblue-collarblue-collarblue-collarblue-collarblue-collarblue-collarblue-collarblue-collarblue-collarblue-collarblue-collarblue-collarblue-collarblue-collarblue-collarblue-collarblue-collarblue-collarblue-collarblue-collarblue-collarblue-collarblue-collarblue-collarblue-collarblue-collarblue-collarblue-collarblue-collarblue-collarblue-collarblue-collarblue-collarblue-collarblue-collarblue-collarblue-collarblue-collarblue-collarblue-collarblue-collarblue-collarblue-collarblue-collarblue-collarblue-collarblue-collarblue-collarblue-collarblue-collarblue-collarblue-collarblue-collarblue-collarblue-collarblue-collarblue-collarblue-collarblue-collarblue-collarblue-collarblue-collarblue-collarblue-collarblue-collarblue-collarblue-collarblue-collarblue-collarblue-collarblue-collarblue-collarblue-collarblue-collarblue-collarblue-collarblue-collarblue-collarblue-collarblue-collarblue-collarblue-collarblue-collarblue-collarblue-collarblue-collarblue-collarblue-collarblue-collarblue-collarblue-collarblue-collarblue-collarblue-collarblue-collarblue-collarblue-collarblue-collarblue-collarblue-collarblue-collarblue-collarblue-collarblue-collarblue-collarblue-collarblue-collarblue-collarblue-collarblue-collarblue-collarblue-collarblue-collarblue-collarblue-collarblue-collarblue-collarblue-collarblue-collarblue-collarblue-collarblue-collarblue-collarblue-collarblue-collarblue-collarblue-collarblue-collarblue-collarblue-collarblue-collarblue-collarblue-collarblue-collarblue-collarblue-collarblue-collarblue-collarblue-collarblue-collarblue-collarblue-collarblue-collarblue-collarblue-collarblue-collarblue-collarblue-collarblue-collarblue-collarblue-collarblue-collarblue-collarblue-collarblue-collarblue-collarblue-collarblue-collarblue-collarblue-collarblue-collarblue-collarblue-collarblue-collarblue-collarblue-collarblue-collarblue-collarblue-collarblue-collarblue-collarblue-collarblue-collarblue-collarblue-collarblue-collarblue-collarblue-collarblue-collarblue-collarblue-collarblue-collarblue-collarblue-collarblue-collarblue-collarblue-collarblue-collarblue-collarblue-collarblue-collarblue-collarblue-collarblue-collarblue-collarblue-collarblue-collarblue-collarblue-collarblue-collarblue-collarblue-collarblue-collarblue-collarblue-collarblue-collarblue-collarblue-collarblue-collarblue-collarblue-collarblue-collarblue-collarblue-collarblue-collarblue-collarblue-collarblue-collarblue-collarblue-collarblue-collarblue-collarblue-collarblue-collarblue-collarblue-collarblue-collarblue-collarblue-collarblue-collarblue-collarblue-collarblue-collarblue-collarblue-collarblue-collarblue-collarblue-collarblue-collarblue-collarblue-collarblue-collarblue-collarblue-collarblue-collarblue-collarblue-collarblue-collarblue-collarblue-collarblue-collarblue-collarblue-collarblue-collarblue-collarblue-collarblue-collarblue-collarblue-collarblue-collarblue-collarblue-collarblue-collarblue-collarblue-collarblue-collarblue-collarblue-collarblue-collarblue-collarblue-collarblue-collarblue-collarblue-collarblue-collarblue-collarblue-collarblue-collarblue-collarblue-collarblue-collarblue-collarblue-collarblue-collarblue-collarblue-collarblue-collarblue-collarblue-collarblue-collarblue-collarblue-collarblue-collarblue-collarblue-collarblue-collarblue-collarblue-collarblue-collarblue-collarblue-collarblue-collarblue-collarblue-collarblue-collarblue-collarblue-collarblue-collarblue-collarblue-collarblue-collarblue-collarblue-collarblue-collarblue-collarblue-collarblue-collarblue-collarblue-collarblue-collarblue-collarblue-collarblue-collarblue-collarblue-collarblue-collarblue-collarblue-collarblue-collarblue-collarblue-collarblue-collarblue-collarblue-collarblue-collarblue-collarblue-collarblue-collarblue-collarblue-collarblue-collarblue-collarblue-collarblue-collarblue-collarblue-collarblue-collarblue-collarblue-collarblue-collarblue-collarblue-collarblue-collarblue-collarblue-collarblue-collarblue-collarblue-collarblue-collarblue-collarblue-collarblue-collarblue-collarblue-collarblue-collarblue-collarblue-collarblue-collarblue-collarblue-collarblue-collarblue-collarblue-collarblue-collarblue-collarblue-collarblue-collarblue-collarblue-collarblue-collarblue-collarblue-collarblue-collarblue-collarblue-collarblue-collarblue-collarblue-collarblue-collarblue-collarblue-collarblue-collarblue-collarblue-collarblue-collarblue-collarblue-collarblue-collarblue-collarblue-collarblue-collarblue-collarblue-collarblue-collarblue-collarblue-collarblue-collarblue-collarblue-collarblue-collarblue-collarblue-collarblue-collarblue-collarblue-collarblue-collarblue-collarblue-collarblue-collarblue-collarblue-collarblue-collarblue-collarblue-collarblue-collarblue-collarblue-collarblue-collarblue-collarblue-collarblue-collarblue-collarblue-collarblue-collarblue-collarblue-collarblue-collarblue-collarblue-collarblue-collarblue-collarblue-collarblue-collarblue-collarblue-collarblue-collarblue-collarblue-collarblue-collarblue-collarblue-collarblue-collarblue-collarblue-collarblue-collarblue-collarblue-collarblue-collarblue-collarblue-collarblue-collarblue-collarblue-collarblue-collarblue-collarblue-collarblue-collarblue-collarblue-collarblue-collarblue-collarblue-collarblue-collarblue-collarblue-collarblue-collarblue-collarblue-collarblue-collarblue-collarblue-collarblue-collarblue-collarblue-collarblue-collarblue-collarblue-collarblue-collarblue-collarblue-collarblue-collarblue-collarblue-collarblue-collarblue-collarblue-collarblue-collarblue-collarblue-collarblue-collarblue-collarblue-collarblue-collarblue-collarblue-collarblue-collarblue-collarblue-collarblue-collarblue-collarblue-collarblue-collarblue-collarblue-collarblue-collarblue-collarblue-collarblue-collarblue-collarblue-collarblue-collarblue-collarblue-collarblue-collarblue-collarblue-collarblue-collarblue-collarblue-collarblue-collarblue-collarblue-collarblue-collarblue-collarblue-collarblue-collarblue-collarblue-collarblue-collarblue-collarblue-collarblue-collarblue-collarblue-collarblue-collarblue-collarblue-collarblue-collarblue-collarblue-collarblue-collarblue-collarblue-collarblue-collarblue-collarblue-collarblue-collarblue-collarblue-collarblue-collarblue-collarblue-collarblue-collarblue-collarblue-collarblue-collarblue-collarblue-collarblue-collarblue-collarblue-collarblue-collarblue-collarblue-collarblue-collarblue-collarblue-collarblue-collarblue-collarblue-collarblue-collarblue-collarblue-collarblue-collarblue-collarblue-collarblue-collarblue-collarblue-collarblue-collarblue-collarblue-collarblue-collarblue-collarblue-collarblue-collarblue-collarblue-collarblue-collarblue-collarblue-collarblue-collarblue-collarblue-collarblue-collarblue-collarblue-collarblue-collarblue-collarblue-collarblue-collarblue-collarblue-collarblue-collarblue-collarblue-collarblue-collarblue-collarblue-collarblue-collarblue-collarblue-collarblue-collarblue-collarblue-collarblue-collarblue-collarblue-collarblue-collarblue-collarblue-collarblue-collarblue-collarblue-collarblue-collarblue-collarblue-collarblue-collarblue-collarblue-collarblue-collarblue-collarblue-collarblue-collarblue-collarblue-collarblue-collarblue-collarblue-collarblue-collarblue-collarblue-collarblue-collarblue-collarblue-collarblue-collarblue-collarblue-collarblue-collarblue-collarblue-collarblue-collarblue-collarblue-collarblue-collarblue-collarblue-collarblue-collarblue-collarblue-collarblue-collarblue-collarblue-collarblue-collarblue-collarblue-collarblue-collarblue-collarblue-collarblue-collarblue-collarblue-collarblue-collarblue-collarblue-collarblue-collarblue-collarblue-collarblue-collarblue-collarblue-collarblue-collarblue-collarblue-collarblue-collarblue-collarblue-collarblue-collarblue-collarblue-collarblue-collarblue-collarblue-collarblue-collarblue-collarblue-collarblue-collarblue-collarblue-collarblue-collarblue-collarblue-collarblue-collarblue-collarblue-collarblue-collarblue-collarblue-collarblue-collarblue-collarblue-collarblue-collarblue-collarblue-collarblue-collarblue-collarblue-collarblue-collarblue-collarblue-collarblue-collarblue-collarblue-collarblue-collarblue-collarblue-collarblue-collarblue-collarblue-collarblue-collarblue-collarblue-collarblue-collarblue-collarblue-collarblue-collarblue-collarblue-collarblue-collarblue-collarblue-collarblue-collarblue-collarblue-collarblue-collarblue-collarblue-collarblue-collarblue-collarblue-collarblue-collarblue-collarblue-collarblue-collarblue-collarblue-collarblue-collarblue-collarblue-collarblue-collarblue-collarblue-collarblue-collarblue-collarblue-collarblue-collarblue-collarblue-collarblue-collarblue-collarblue-collarblue-collarblue-collarblue-collarblue-collarblue-collarblue-collarblue-collarblue-collarblue-collarblue-collarblue-collarblue-collarblue-collarblue-collarblue-collarblue-collarblue-collarblue-collarblue-collarblue-collarblue-collarblue-collarblue-collarblue-collarblue-collarblue-collarblue-collarblue-collarblue-collarblue-collarblue-collarblue-collarblue-collarblue-collarblue-collarblue-collarblue-collarblue-collarblue-collarblue-collarblue-collarblue-collarblue-collarblue-collarblue-collarblue-collarblue-collarblue-collarblue-collarblue-collarblue-collarblue-collarblue-collarblue-collarblue-collarblue-collarblue-collarblue-collarblue-collarblue-collarblue-collarblue-collarblue-collarblue-collarblue-collarblue-collarblue-collarblue-collarblue-collarblue-collarblue-collarblue-collarblue-collarblue-collarblue-collarblue-collarblue-collarblue-collarblue-collarblue-collarblue-collarblue-collarblue-collarblue-collarblue-collarblue-collarblue-collarblue-collarblue-collarblue-collarblue-collarblue-collarblue-collarblue-collarblue-collarblue-collarblue-collarblue-collarblue-collarblue-collarblue-collarblue-collarblue-collarblue-collarblue-collarblue-collarblue-collarblue-collarblue-collarblue-collarblue-collarblue-collarblue-collarblue-collarblue-collarblue-collarblue-collarblue-collarblue-collarblue-collarblue-collarblue-collarblue-collarblue-collarblue-collarblue-collarblue-collarblue-collarblue-collarblue-collarblue-collarblue-collarblue-collarblue-collarblue-collarblue-collarblue-collarblue-collarblue-collarblue-collarblue-collarblue-collarblue-collarblue-collarblue-collarblue-collarblue-collarblue-collarblue-collarblue-collarblue-collarblue-collarblue-collarblue-collarblue-collarblue-collarblue-collarblue-collarblue-collarblue-collarblue-collarblue-collarblue-collarblue-collarblue-collarblue-collarblue-collarblue-collarblue-collarblue-collarblue-collarblue-collarblue-collarblue-collarblue-collarblue-collarblue-collarblue-collarblue-collarblue-collarblue-collarblue-collarblue-collarblue-collarblue-collarblue-collarblue-collarblue-collarblue-collarblue-collarblue-collarblue-collarblue-collarblue-collarblue-collarblue-collarblue-collarblue-collarblue-collarblue-collarblue-collarblue-collarblue-collarblue-collarblue-collarblue-collarblue-collarblue-collarblue-collarblue-collarblue-collarblue-collarblue-collarblue-collarblue-collarblue-collarblue-collarblue-collarblue-collarblue-collarblue-collarblue-collarblue-collarblue-collarblue-collarblue-collarblue-collarblue-collarblue-collarblue-collarblue-collarblue-collarblue-collarblue-collarblue-collarblue-collarblue-collarblue-collarblue-collarblue-collarblue-collarblue-collarblue-collarblue-collarblue-collarblue-collarblue-collarblue-collarblue-collarblue-collarblue-collarblue-collarblue-collarblue-collarblue-collarblue-collarblue-collarblue-collarblue-collarblue-collarblue-collarblue-collarblue-collarblue-collarblue-collarblue-collarblue-collarblue-collarblue-collarblue-collarblue-collarblue-collarblue-collarblue-collarblue-collarblue-collarblue-collarblue-collarblue-collarblue-collarblue-collarblue-collarblue-collarblue-collarblue-collarblue-collarblue-collarblue-collarblue-collarblue-collarblue-collarblue-collarblue-collarblue-collarblue-collarblue-collarblue-collarblue-collarblue-collarblue-collarblue-collarblue-collarblue-collarblue-collarblue-collarblue-collarblue-collarblue-collarblue-collarblue-collarblue-collarblue-collarblue-collarblue-collarblue-collarblue-collarblue-collarblue-collarblue-collarblue-collarblue-collarblue-collarblue-collarblue-collarblue-collarblue-collarblue-collarblue-collarblue-collarblue-collarblue-collarblue-collarblue-collarblue-collarblue-collarblue-collarblue-collarblue-collarblue-collarblue-collarblue-collarblue-collarblue-collarblue-collarblue-collarblue-collarblue-collarblue-collarblue-collarblue-collarblue-collarblue-collarblue-collarblue-collarblue-collarblue-collarblue-collarblue-collarblue-collarblue-collarblue-collarblue-collarblue-collarblue-collarblue-collarblue-collarblue-collarblue-collarblue-collarblue-collarblue-collarblue-collarblue-collarblue-collarblue-collarblue-collarblue-collarblue-collarblue-collarblue-collarblue-collarblue-collarblue-collarblue-collarblue-collarblue-collarblue-collarblue-collarblue-collarblue-collarblue-collarblue-collarblue-collarblue-collarblue-collarblue-collarblue-collarblue-collarblue-collarblue-collarblue-collarblue-collarblue-collarblue-collarblue-collarblue-collarblue-collarblue-collarblue-collarblue-collarblue-collarblue-collarblue-collarblue-collarblue-collarblue-collarblue-collarblue-collarblue-collarblue-collarblue-collarblue-collarblue-collarblue-collarblue-collarblue-collarblue-collarblue-collarblue-collarblue-collarblue-collarblue-collarblue-collarblue-collarblue-collarblue-collarblue-collarblue-collarblue-collarblue-collarblue-collarblue-collarblue-collarblue-collarblue-collarblue-collarblue-collarblue-collarblue-collarblue-collarblue-collarblue-collarblue-collarblue-collarblue-collarblue-collarblue-collarblue-collarblue-collarblue-collarblue-collarblue-collarblue-collarblue-collarblue-collarblue-collarblue-collarblue-collarblue-collarblue-collarblue-collarblue-collarblue-collarblue-collarblue-collarblue-collarblue-collarblue-collarblue-collarblue-collarblue-collarblue-collarblue-collarblue-collarblue-collarblue-collarblue-collarblue-collarblue-collarblue-collarblue-collarblue-collarblue-collarblue-collarblue-collarblue-collarblue-collarblue-collarblue-collarblue-collarblue-collarblue-collarblue-collarblue-collarblue-collarblue-collarblue-collarblue-collarblue-collarblue-collarblue-collarblue-collarblue-collarblue-collarblue-collarblue-collarblue-collarblue-collarblue-collarblue-collarblue-collarblue-collarblue-collarblue-collarblue-collarblue-collarblue-collarblue-collarblue-collarblue-collarblue-collarblue-collarblue-collarblue-collarblue-collarblue-collarblue-collarblue-collarblue-collarblue-collarblue-collarblue-collarblue-collarblue-collarblue-collarblue-collarblue-collarblue-collarblue-collarblue-collarblue-collarblue-collarblue-collarblue-collarblue-collarblue-collarblue-collarblue-collarblue-collarblue-collarblue-collarblue-collarblue-collarblue-collarblue-collarblue-collarblue-collarblue-collarblue-collarblue-collarblue-collarblue-collarblue-collarblue-collarblue-collarblue-collarblue-collarblue-collarblue-collarblue-collarblue-collarblue-collarblue-collarblue-collarblue-collarblue-collarblue-collarblue-collarblue-collarblue-collarblue-collarblue-collarblue-collarblue-collarblue-collarblue-collarblue-collarblue-collarblue-collarblue-collarblue-collarblue-collarblue-collarblue-collarblue-collarblue-collarblue-collarblue-collarblue-collarblue-collarblue-collarblue-collarblue-collarblue-collarblue-collarblue-collarblue-collarblue-collarblue-collarblue-collarblue-collarblue-collarblue-collarblue-collarblue-collarblue-collarblue-collarblue-collarblue-collarblue-collarblue-collarblue-collarblue-collarblue-collarblue-collarblue-collarblue-collarblue-collarblue-collarblue-collarblue-collarblue-collarblue-collarblue-collarblue-collarblue-collarblue-collarblue-collarblue-collarblue-collarblue-collarblue-collarblue-collarblue-collarblue-collarblue-collarblue-collarblue-collarblue-collarblue-collarblue-collarblue-collarblue-collarblue-collarblue-collarblue-collarblue-collarblue-collarblue-collarblue-collarblue-collarblue-collarblue-collarblue-collarblue-collarblue-collarblue-collarblue-collarblue-collarblue-collarblue-collarblue-collarblue-collarblue-collarblue-collarblue-collarblue-collarblue-collarblue-collarblue-collarblue-collarblue-collarblue-collarblue-collarblue-collarblue-collarblue-collarblue-collarblue-collarblue-collarblue-collarblue-collarblue-collarblue-collarblue-collarblue-collarblue-collarblue-collarblue-collarblue-collarblue-collarblue-collarblue-collarblue-collarblue-collarblue-collarblue-collarblue-collarblue-collarblue-collarblue-collarblue-collarblue-collarblue-collarblue-collarblue-collarblue-collarblue-collarblue-collarblue-collarblue-collarblue-collarblue-collarblue-collarblue-collarblue-collarblue-collarblue-collarblue-collarblue-collarblue-collarblue-collarblue-collarblue-collarblue-collarblue-collarblue-collarblue-collarblue-collarblue-collarblue-collarblue-collarblue-collarblue-collarblue-collarblue-collarblue-collarblue-collarblue-collarblue-collarblue-collarblue-collarblue-collarblue-collarblue-collarblue-collarblue-collarblue-collarblue-collarblue-collarblue-collarblue-collarblue-collarblue-collarblue-collarblue-collarblue-collarblue-collarblue-collarblue-collarblue-collarblue-collarblue-collarblue-collarblue-collarblue-collarblue-collarblue-collarblue-collarblue-collarblue-collarblue-collarblue-collarblue-collarblue-collarblue-collarblue-collarblue-collarblue-collarblue-collarblue-collarblue-collarblue-collarblue-collarblue-collarblue-collarblue-collarblue-collarblue-collarblue-collarblue-collarblue-collarblue-collarblue-collarblue-collarblue-collarblue-collarblue-collarblue-collarblue-collarblue-collarblue-collarblue-collarblue-collarblue-collarblue-collarblue-collarblue-collarblue-collarblue-collarblue-collarblue-collarblue-collarblue-collarblue-collarblue-collarblue-collarblue-collarblue-collarblue-collarblue-collarblue-collarblue-collarblue-collarblue-collarblue-collarblue-collarblue-collarblue-collarblue-collarblue-collarblue-collarblue-collarblue-collarblue-collarblue-collarblue-collarblue-collarblue-collarblue-collarblue-collarblue-collarblue-collarblue-collarblue-collarblue-collarblue-collarblue-collarblue-collarblue-collarblue-collarblue-collarblue-collarblue-collarblue-collarblue-collarblue-collarblue-collarblue-collarblue-collarblue-collarblue-collarblue-collarblue-collarblue-collarblue-collarblue-collarblue-collarblue-collarblue-collarblue-collarblue-collarblue-collarblue-collarblue-collarblue-collarblue-collarblue-collarblue-collarblue-collarblue-collarblue-collarblue-collarblue-collarblue-collarblue-collarblue-collarblue-collarblue-collarblue-collarblue-collarblue-collarblue-collarblue-collarblue-collarblue-collarblue-collarblue-collarblue-collarblue-collarblue-collarblue-collarblue-collarblue-collarblue-collarblue-collarblue-collarblue-collarblue-collarblue-collarblue-collarblue-collarblue-collarblue-collarblue-collarblue-collarblue-collarblue-collarblue-collarblue-collarblue-collarblue-collarblue-collarblue-collarblue-collarblue-collarblue-collarblue-collarblue-collarblue-collarblue-collarblue-collarblue-collarblue-collarblue-collarblue-collarblue-collarblue-collarblue-collarblue-collarblue-collarblue-collarblue-collarblue-collarblue-collarblue-collarblue-collarblue-collarblue-collarblue-collarblue-collarblue-collarblue-collarblue-collarblue-collarblue-collarblue-collarblue-collarblue-collarblue-collarblue-collarblue-collarblue-collarblue-collarblue-collarblue-collarblue-collarblue-collarblue-collarblue-collarblue-collarblue-collarblue-collarblue-collarblue-collarblue-collarblue-collarblue-collarblue-collarblue-collarblue-collarblue-collarblue-collarblue-collarblue-collarblue-collarblue-collarblue-collarblue-collarblue-collarblue-collarblue-collarblue-collarblue-collarblue-collarblue-collarblue-collarblue-collarblue-collarblue-collarblue-collarblue-collarblue-collarblue-collarblue-collarblue-collarblue-collarblue-collarblue-collarblue-collarblue-collarblue-collarblue-collarblue-collarblue-collarblue-collarblue-collarblue-collarblue-collarblue-collarblue-collarblue-collarblue-collarblue-collarblue-collarblue-collarblue-collarblue-collarblue-collarblue-collarblue-collarblue-collarblue-collarblue-collarblue-collarblue-collarblue-collarblue-collarblue-collarblue-collarblue-collarblue-collarblue-collarblue-collarblue-collarblue-collarblue-collarblue-collarblue-collarblue-collarblue-collarblue-collarblue-collarblue-collarblue-collarblue-collarblue-collarblue-collarblue-collarblue-collarblue-collarblue-collarblue-collarblue-collarblue-collarblue-collarblue-collarblue-collarblue-collarblue-collarblue-collarblue-collarblue-collarblue-collarblue-collarblue-collarblue-collarblue-collarblue-collarblue-collarblue-collarblue-collarblue-collarblue-collarblue-collarblue-collarblue-collarblue-collarblue-collarblue-collarblue-collarblue-collarblue-collarblue-collarblue-collarblue-collarblue-collarblue-collarblue-collarblue-collarblue-collarblue-collarblue-collarblue-collarblue-collarblue-collarblue-collarblue-collarblue-collarblue-collarblue-collarblue-collarblue-collarblue-collarblue-collarblue-collarblue-collarblue-collarblue-collarblue-collarblue-collarblue-collarblue-collarblue-collarblue-collarblue-collarblue-collarblue-collarblue-collarblue-collarblue-collarblue-collarblue-collarblue-collarblue-collarblue-collarblue-collarblue-collarblue-collarblue-collarblue-collarblue-collarblue-collarblue-collarblue-collarblue-collarblue-collarblue-collarblue-collarblue-collarblue-collarblue-collarblue-collarblue-collarblue-collarblue-collarblue-collarblue-collarblue-collarblue-collarblue-collarblue-collarblue-collarblue-collarblue-collarblue-collarblue-collarblue-collarblue-collarblue-collarblue-collarblue-collarblue-collarblue-collarblue-collarblue-collarblue-collarblue-collarblue-collarblue-collarblue-collarblue-collarblue-collarblue-collarblue-collarblue-collarblue-collarblue-collarblue-collarblue-collarblue-collarblue-collarblue-collarblue-collarblue-collarblue-collarblue-collarblue-collarblue-collarblue-collarblue-collarblue-collarblue-collarblue-collarblue-collarblue-collarblue-collarblue-collarblue-collarblue-collarblue-collarblue-collarblue-collarblue-collarblue-collarblue-collarblue-collarblue-collarblue-collarblue-collarblue-collarblue-collarblue-collarblue-collarblue-collarblue-collarblue-collarblue-collarblue-collarblue-collarblue-collarblue-collarblue-collarblue-collarblue-collarblue-collarblue-collarblue-collarblue-collarblue-collarblue-collarblue-collarblue-collarblue-collarblue-collarblue-collarblue-collarblue-collarblue-collarblue-collarblue-collarblue-collarblue-collarblue-collarblue-collarblue-collarblue-collarblue-collarblue-collarblue-collarblue-collarblue-collarblue-collarblue-collarblue-collarblue-collarblue-collarblue-collarblue-collarblue-collarblue-collarblue-collarblue-collarblue-collarblue-collarblue-collarblue-collarblue-collarblue-collarblue-collarblue-collarblue-collarblue-collarblue-collarblue-collarblue-collarblue-collarblue-collarblue-collarblue-collarblue-collarblue-collarblue-collarblue-collarblue-collarblue-collarblue-collarblue-collarblue-collarblue-collarblue-collarblue-collarblue-collarblue-collarblue-collarblue-collarblue-collarblue-collarblue-collarblue-collarblue-collarblue-collarblue-collarblue-collarblue-collarblue-collarblue-collarblue-collarblue-collarblue-collarblue-collarblue-collarblue-collarblue-collarblue-collarblue-collarblue-collarblue-collarblue-collarblue-collarblue-collarblue-collarblue-collarblue-collarblue-collarblue-collarblue-collarblue-collarblue-collarblue-collarblue-collarblue-collarblue-collarblue-collarblue-collarblue-collarblue-collarblue-collarblue-collarblue-collarblue-collarblue-collarblue-collarblue-collarblue-collarblue-collarblue-collarblue-collarblue-collarblue-collarblue-collarblue-collarblue-collarblue-collarblue-collarblue-collarblue-collarblue-collarblue-collarblue-collarblue-collarblue-collarblue-collarblue-collarblue-collarblue-collarblue-collarblue-collarblue-collarblue-collarblue-collarblue-collarblue-collarblue-collarblue-collarblue-collarblue-collarblue-collarblue-collarblue-collarblue-collarblue-collarblue-collarblue-collarblue-collarblue-collarblue-collarblue-collarblue-collarblue-collarblue-collarblue-collarblue-collarblue-collarblue-collarblue-collarblue-collarblue-collarblue-collarblue-collarblue-collarblue-collarblue-collarblue-collarblue-collarblue-collarblue-collarblue-collarblue-collarblue-collarblue-collarblue-collarblue-collarblue-collarblue-collarblue-collarblue-collarblue-collarblue-collarblue-collarblue-collarblue-collarblue-collarblue-collarblue-collarblue-collarblue-collarblue-collarblue-collarblue-collarblue-collarblue-collarblue-collarblue-collarblue-collarblue-collarblue-collarblue-collarblue-collarblue-collarblue-collarblue-collarblue-collarblue-collarblue-collarblue-collarblue-collarblue-collarblue-collarblue-collarblue-collarblue-collarblue-collarblue-collarblue-collarblue-collarblue-collarblue-collarblue-collarblue-collarblue-collarblue-collarblue-collarblue-collarblue-collarblue-collarblue-collarblue-collarblue-collarblue-collarblue-collarblue-collarblue-collarblue-collarblue-collarblue-collarblue-collarblue-collarblue-collarblue-collarblue-collarblue-collarblue-collarblue-collarblue-collarblue-collarblue-collarblue-collarblue-collarblue-collarblue-collarblue-collarblue-collarblue-collarblue-collarblue-collarblue-collarblue-collarblue-collarblue-collarblue-collarblue-collarblue-collarblue-collarblue-collarblue-collarblue-collarblue-collarblue-collarblue-collarblue-collarblue-collarblue-collarblue-collarblue-collarblue-collarblue-collarblue-collarblue-collarblue-collarblue-collarblue-collarblue-collarblue-collarblue-collarblue-collarblue-collarblue-collarblue-collarblue-collarblue-collarblue-collarblue-collarblue-collarblue-collarblue-collarblue-collarblue-collarblue-collarblue-collarblue-collarblue-collarblue-collarblue-collarblue-collarblue-collarblue-collarblue-collarblue-collarblue-collarblue-collarblue-collarblue-collarblue-collarblue-collarblue-collarblue-collarblue-collarblue-collarblue-collarblue-collarblue-collarblue-collarblue-collarblue-collarblue-collarblue-collarblue-collarblue-collarblue-collarblue-collarblue-collarblue-collarblue-collarblue-collarblue-collarblue-collarblue-collarblue-collarblue-collarblue-collarblue-collarblue-collarblue-collarblue-collarblue-collarblue-collarblue-collarblue-collarblue-collarblue-collarblue-collarblue-collarblue-collarblue-collarblue-collarblue-collarblue-collarblue-collarblue-collarblue-collarblue-collarblue-collarblue-collarblue-collarblue-collarblue-collarblue-collarblue-collarblue-collarblue-collarblue-collarblue-collarblue-collarblue-collarblue-collarblue-collarblue-collarblue-collarblue-collarblue-collarblue-collarblue-collarblue-collarblue-collarblue-collarblue-collarblue-collarblue-collarblue-collarblue-collarblue-collarblue-collarblue-collarblue-collarblue-collarblue-collarblue-collarblue-collarblue-collarblue-collarblue-collarblue-collarblue-collarblue-collarblue-collarblue-collarblue-collarblue-collarblue-collarblue-collarblue-collarblue-collarblue-collarblue-collarblue-collarblue-collarblue-collarblue-collarblue-collarblue-collarblue-collarblue-collarblue-collarblue-collarblue-collarblue-collarblue-collarblue-collarblue-collarblue-collarblue-collarblue-collarblue-collarblue-collarblue-collarblue-collarblue-collarblue-collarblue-collarblue-collarblue-collarblue-collarblue-collarblue-collarblue-collarblue-collarblue-collarblue-collarblue-collarblue-collarblue-collarblue-collarblue-collarblue-collarblue-collarblue-collarblue-collarblue-collarblue-collarblue-collarblue-collarblue-collarblue-collarblue-collarblue-collarblue-collarblue-collarblue-collarblue-collarblue-collarblue-collarblue-collarblue-collarblue-collarblue-collarblue-collarblue-collarblue-collarblue-collarblue-collarblue-collarblue-collarblue-collarblue-collarblue-collarblue-collarblue-collarblue-collarblue-collarblue-collarblue-collarblue-collarblue-collarblue-collarblue-collarblue-collarblue-collarblue-collarblue-collarblue-collarblue-collarblue-collarblue-collarblue-collarblue-collarblue-collarblue-collarblue-collarblue-collarblue-collarblue-collarblue-collarblue-collarblue-collarblue-collarblue-collarblue-collarblue-collarblue-collarblue-collarblue-collarblue-collarblue-collarblue-collarblue-collarblue-collarblue-collarblue-collarblue-collarblue-collarblue-collarblue-collarblue-collarblue-collarblue-collarblue-collarblue-collarblue-collarblue-collarblue-collarblue-collarblue-collarblue-collarblue-collarblue-collarblue-collarblue-collarblue-collarblue-collarblue-collarblue-collarblue-collarblue-collarblue-collarblue-collarblue-collarblue-collarblue-collarblue-collarblue-collarblue-collarblue-collarblue-collarblue-collarblue-collarblue-collarblue-collarblue-collarblue-collarblue-collarblue-collarblue-collarblue-collarblue-collarblue-collarblue-collarblue-collarblue-collarblue-collarblue-collarblue-collarblue-collarblue-collarblue-collarblue-collarblue-collarblue-collarblue-collarblue-collarblue-collarblue-collarblue-collarblue-collarblue-collarblue-collarblue-collarblue-collarblue-collarblue-collarblue-collarblue-collarblue-collarblue-collarblue-collarblue-collarblue-collarblue-collarblue-collarblue-collarblue-collarblue-collarblue-collarblue-collarblue-collarblue-collarblue-collarblue-collarblue-collarblue-collarblue-collarblue-collarblue-collarblue-collarblue-collarblue-collarblue-collarblue-collarblue-collarblue-collarblue-collarblue-collarblue-collarblue-collarblue-collarblue-collarblue-collarblue-collarblue-collarblue-collarblue-collarblue-collarblue-collarblue-collarblue-collarblue-collarblue-collarblue-collarblue-collarblue-collarblue-collarblue-collarblue-collarblue-collarblue-collarblue-collarblue-collarblue-collarblue-collarblue-collarblue-collarblue-collarblue-collarblue-collarblue-collarblue-collarblue-collarblue-collarblue-collarblue-collarblue-collarblue-collarblue-collarblue-collarblue-collarblue-collarblue-collarblue-collarblue-collarblue-collarblue-collarblue-collarblue-collarblue-collarblue-collarblue-collarblue-collarblue-collarblue-collarblue-collarblue-collarblue-collarblue-collarblue-collarblue-collarblue-collarblue-collarblue-collarblue-collarblue-collarblue-collarblue-collarblue-collarblue-collarblue-collarblue-collarblue-collarblue-collarblue-collarblue-collarblue-collarblue-collarblue-collarblue-collarblue-collarblue-collarblue-collarblue-collarblue-collarblue-collarblue-collarblue-collarblue-collarblue-collarblue-collarblue-collarblue-collarblue-collarblue-collarblue-collarblue-collarblue-collarblue-collarblue-collarblue-collarblue-collarblue-collarblue-collarblue-collarblue-collarblue-collarblue-collarblue-collarblue-collarblue-collarblue-collarblue-collarblue-collarblue-collarblue-collarblue-collarblue-collarblue-collarblue-collarblue-collarblue-collarblue-collarblue-collarblue-collarblue-collarblue-collarblue-collarblue-collarblue-collarblue-collarblue-collarblue-collarblue-collarblue-collarblue-collarblue-collarblue-collarblue-collarblue-collarblue-collarblue-collarblue-collarblue-collarblue-collarblue-collarblue-collarblue-collarblue-collarblue-collarblue-collarblue-collarblue-collarblue-collarblue-collarblue-collarblue-collarblue-collarblue-collarblue-collarblue-collarblue-collarblue-collarblue-collarblue-collarblue-collarblue-collarblue-collarblue-collarblue-collarblue-collarblue-collarblue-collarblue-collarblue-collarblue-collarblue-collarblue-collarblue-collarblue-collarblue-collarblue-collarblue-collarblue-collarblue-collarblue-collarblue-collarblue-collarblue-collarblue-collarblue-collarblue-collarblue-collarblue-collarblue-collarblue-collarblue-collarblue-collarblue-collarblue-collarblue-collarblue-collarblue-collarblue-collarblue-collarblue-collarblue-collarblue-collarblue-collarblue-collarblue-collarblue-collarblue-collarblue-collarblue-collarblue-collarblue-collarblue-collarblue-collarblue-collarblue-collarblue-collarblue-collarblue-collarblue-collarblue-collarblue-collarblue-collarblue-collarblue-collarblue-collarblue-collarblue-collarblue-collarblue-collarblue-collarblue-collarblue-collarblue-collarblue-collarblue-collarblue-collarblue-collarblue-collarblue-collarblue-collarblue-collarblue-collarblue-collarblue-collarblue-collarblue-collarblue-collarblue-collarblue-collarblue-collarblue-collarblue-collarblue-collarblue-collarblue-collarblue-collarblue-collarblue-collarblue-collarblue-collarblue-collarblue-collarblue-collarblue-collarblue-collarblue-collarblue-collarblue-collarblue-collarblue-collarblue-collarblue-collarblue-collarblue-collarblue-collarblue-collarblue-collarblue-collarblue-collarblue-collarblue-collarblue-collarblue-collarblue-collarblue-collarblue-collarblue-collarblue-collarblue-collarblue-collarblue-collarblue-collarblue-collarblue-collarblue-collarblue-collarblue-collarblue-collarblue-collarblue-collarblue-collarblue-collarblue-collarblue-collarblue-collarblue-collarblue-collarblue-collarblue-collarblue-collarblue-collarblue-collarblue-collarblue-collarblue-collarblue-collarblue-collarblue-collarblue-collarblue-collarblue-collarblue-collarblue-collarblue-collarblue-collarblue-collarblue-collarblue-collarblue-collarblue-collarblue-collarblue-collarblue-collarblue-collarblue-collarblue-collarblue-collarblue-collarblue-collarblue-collarblue-collarblue-collarblue-collarblue-collarblue-collarblue-collarblue-collarblue-collarblue-collarblue-collarblue-collarblue-collarblue-collarblue-collarblue-collarblue-collarblue-collarblue-collarblue-collarblue-collarblue-collarblue-collarblue-collarblue-collarblue-collarblue-collarblue-collarblue-collarblue-collarblue-collarblue-collarblue-collarblue-collarblue-collarblue-collarblue-collarblue-collarblue-collarblue-collarblue-collarblue-collarblue-collarblue-collarblue-collarblue-collarblue-collarblue-collarblue-collarblue-collarblue-collarblue-collarblue-collarblue-collarblue-collarblue-collarblue-collarblue-collarblue-collarblue-collarblue-collarblue-collarblue-collarblue-collarblue-collarblue-collarblue-collarblue-collarblue-collarblue-collarblue-collarblue-collarblue-collarblue-collarblue-collarblue-collarblue-collarblue-collarblue-collarblue-collarblue-collarblue-collarblue-collarblue-collarblue-collarblue-collarblue-collarblue-collarblue-collarblue-collarblue-collarblue-collarblue-collarblue-collarblue-collarblue-collarblue-collarblue-collarblue-collarblue-collarblue-collarblue-collarblue-collarblue-collarblue-collarblue-collarblue-collarblue-collarblue-collarblue-collarblue-collarblue-collarblue-collarblue-collarblue-collarblue-collarblue-collarblue-collarblue-collarblue-collarblue-collarblue-collarblue-collarblue-collarblue-collarblue-collarblue-collarblue-collarblue-collarblue-collarblue-collarblue-collarblue-collarblue-collarblue-collarblue-collarblue-collarblue-collarblue-collarblue-collarblue-collarblue-collarblue-collarblue-collarblue-collarblue-collarblue-collarblue-collarblue-collarblue-collarblue-collarblue-collarblue-collarblue-collarblue-collarblue-collarblue-collarblue-collarblue-collarblue-collarblue-collarblue-collarblue-collarblue-collarblue-collarblue-collarblue-collarblue-collarblue-collarblue-collarblue-collarblue-collarblue-collarblue-collarblue-collarblue-collarblue-collarblue-collarblue-collarblue-collarblue-collarblue-collarblue-collarblue-collarblue-collarblue-collarblue-collarblue-collarblue-collarblue-collarblue-collarblue-collarblue-collarblue-collarblue-collarblue-collarblue-collarblue-collarblue-collarblue-collarblue-collarblue-collarblue-collarblue-collarblue-collarblue-collarblue-collarblue-collarblue-collarblue-collarblue-collarblue-collarblue-collarblue-collarblue-collarblue-collarblue-collarblue-collarblue-collarblue-collarblue-collarblue-collarblue-collarblue-collarblue-collarblue-collarblue-collarblue-collarblue-collarblue-collarblue-collarblue-collarblue-collarblue-collarblue-collarblue-collarblue-collarblue-collarblue-collarblue-collarblue-collarblue-collarblue-collarblue-collarblue-collarblue-collarblue-collarblue-collarblue-collarblue-collarblue-collarblue-collarblue-collarblue-collarblue-collarblue-collarblue-collarblue-collarblue-collarblue-collarblue-collarblue-collarblue-collarblue-collarblue-collarblue-collarblue-collarblue-collarblue-collarblue-collarblue-collarblue-collarblue-collarblue-collarblue-collarblue-collarblue-collarblue-collarblue-collarblue-collarblue-collarblue-collarblue-collarblue-collarblue-collarblue-collarblue-collarblue-collarblue-collarblue-collarblue-collarblue-collarblue-collarblue-collarblue-collarblue-collarblue-collarblue-collarblue-collarblue-collarblue-collarblue-collarblue-collarblue-collarblue-collarblue-collarblue-collarblue-collarblue-collarblue-collarblue-collarblue-collarblue-collarblue-collarblue-collarblue-collarblue-collarblue-collarblue-collarblue-collarblue-collarblue-collarblue-collarblue-collarblue-collarblue-collarblue-collarblue-collarblue-collarblue-collarblue-collarblue-collarblue-collarblue-collarblue-collarblue-collarblue-collarblue-collarblue-collarblue-collarblue-collarblue-collarblue-collarblue-collarblue-collarblue-collarblue-collarblue-collarblue-collarblue-collarblue-collarblue-collarblue-collarblue-collarblue-collarblue-collarblue-collarblue-collarblue-collarblue-collarblue-collarblue-collarblue-collarblue-collarblue-collarblue-collarblue-collarblue-collarblue-collarblue-collarblue-collarblue-collarblue-collarblue-collarblue-collarblue-collarblue-collarblue-collarblue-collarblue-collarblue-collarblue-collarblue-collarblue-collarblue-collarblue-collarblue-collarblue-collarblue-collarblue-collarblue-collarblue-collarblue-collarblue-collarblue-collarblue-collarblue-collarblue-collarblue-collarblue-collarblue-collarblue-collarblue-collarblue-collarblue-collarblue-collarblue-collarblue-collarblue-collarblue-collarblue-collarblue-collarblue-collarblue-collarblue-collarblue-collarblue-collarblue-collarblue-collarblue-collarblue-collarblue-collarblue-collarblue-collarblue-collarblue-collarblue-collarblue-collarblue-collarblue-collarblue-collarblue-collarblue-collarblue-collarblue-collarblue-collarblue-collarblue-collarblue-collarblue-collarblue-collarblue-collarblue-collarblue-collarblue-collarblue-collarblue-collarblue-collarblue-collarblue-collarblue-collarblue-collarblue-collarblue-collarblue-collarblue-collarblue-collarblue-collarblue-collarblue-collarblue-collarblue-collarblue-collarblue-collarblue-collarblue-collarblue-collarblue-collarblue-collarblue-collarblue-collarblue-collarblue-collarblue-collarblue-collarblue-collarblue-collarblue-collarblue-collarblue-collarblue-collarblue-collarblue-collarblue-collarblue-collarblue-collarblue-collarblue-collarblue-collarblue-collarblue-collarblue-collarblue-collarblue-collarblue-collarblue-collarblue-collarblue-collarblue-collarblue-collarblue-collarblue-collarblue-collarblue-collarblue-collarblue-collarblue-collarblue-collarblue-collarblue-collarblue-collarblue-collarblue-collarblue-collarblue-collarblue-collarblue-collarblue-collarblue-collarblue-collarblue-collarblue-collarblue-collarblue-collarblue-collarblue-collarblue-collarblue-collarblue-collarblue-collarblue-collarblue-collarblue-collarblue-collarblue-collarblue-collarblue-collarblue-collarblue-collarblue-collarblue-collarblue-collarblue-collarblue-collarblue-collarblue-collarblue-collarblue-collarblue-collarblue-collarblue-collarblue-collarblue-collarblue-collarblue-collarblue-collarblue-collarblue-collarblue-collarblue-collarblue-collarblue-collarblue-collarblue-collarblue-collarblue-collarblue-collarblue-collarblue-collarblue-collarblue-collarblue-collarblue-collarblue-collarblue-collarblue-collarblue-collarblue-collarblue-collarblue-collarblue-collarblue-collarblue-collarblue-collarblue-collarblue-collarblue-collarblue-collarblue-collarblue-collarblue-collarblue-collarblue-collarblue-collarblue-collarblue-collarblue-collarblue-collarblue-collarblue-collarblue-collarblue-collarblue-collarblue-collarblue-collarblue-collarblue-collarblue-collarblue-collarblue-collarblue-collarblue-collarblue-collarblue-collarblue-collarblue-collarblue-collarblue-collarblue-collarblue-collarblue-collarblue-collarblue-collarblue-collarblue-collarblue-collarblue-collarblue-collarblue-collarblue-collarblue-collarblue-collarblue-collarblue-collarblue-collarblue-collarblue-collarblue-collarblue-collarblue-collarblue-collarblue-collarblue-collarblue-collarblue-collarblue-collarblue-collarblue-collarblue-collarblue-collarblue-collarblue-collarblue-collarblue-collarblue-collarblue-collarblue-collarblue-collarblue-collarblue-collarblue-collarblue-collarblue-collarblue-collarblue-collarblue-collarblue-collarblue-collarblue-collarblue-collarblue-collarblue-collarblue-collarblue-collarblue-collarblue-collarblue-collarblue-collarblue-collarblue-collarblue-collarblue-collarblue-collarblue-collarblue-collarblue-collarblue-collarblue-collarblue-collarblue-collarblue-collarblue-collarblue-collarblue-collarblue-collarblue-collarblue-collarblue-collarblue-collarblue-collarblue-collarblue-collarblue-collarblue-collarblue-collarblue-collarblue-collarblue-collarblue-collarblue-collarblue-collarblue-collarblue-collarblue-collarblue-collarblue-collarblue-collarblue-collarblue-collarblue-collarblue-collarblue-collarblue-collarblue-collarblue-collarblue-collarblue-collarblue-collarblue-collarblue-collarblue-collarblue-collarblue-collarblue-collarblue-collarblue-collarblue-collarblue-collarblue-collarblue-collarblue-collarblue-collarblue-collarblue-collarblue-collarblue-collarblue-collarblue-collarblue-collarblue-collarblue-collarblue-collarblue-collarblue-collarblue-collarblue-collarblue-collarblue-collarblue-collarblue-collarblue-collarblue-collarblue-collarblue-collarblue-collarblue-collarblue-collarblue-collarblue-collarblue-collarblue-collarblue-collarblue-collarblue-collarblue-collarblue-collarblue-collarblue-collarblue-collarblue-collarblue-collarblue-collarblue-collarblue-collarblue-collarblue-collarblue-collarblue-collarblue-collarblue-collarblue-collarblue-collarblue-collarblue-collarblue-collarblue-collarblue-collarblue-collarblue-collarblue-collarblue-collarblue-collarblue-collarblue-collarblue-collarblue-collarblue-collarblue-collarblue-collarblue-collarblue-collarblue-collarblue-collarblue-collarblue-collarblue-collarblue-collarblue-collarblue-collarblue-collarblue-collarblue-collarblue-collarblue-collarblue-collarblue-collarblue-collarblue-collarblue-collarblue-collarblue-collarblue-collarblue-collarblue-collarblue-collarblue-collarblue-collarblue-collarblue-collarblue-collarblue-collarblue-collarblue-collarblue-collarblue-collarblue-collarblue-collarblue-collarblue-collarblue-collarblue-collarblue-collarblue-collarblue-collarblue-collarblue-collarblue-collarblue-collarblue-collarblue-collarblue-collarblue-collarblue-collarblue-collarblue-collarblue-collarblue-collarblue-collarblue-collarblue-collarblue-collarblue-collarblue-collarblue-collarblue-collarblue-collarblue-collarblue-collarblue-collarblue-collarblue-collarblue-collarblue-collarblue-collarblue-collarblue-collarblue-collarblue-collarblue-collarblue-collarblue-collarblue-collarblue-collarblue-collarblue-collarblue-collarblue-collarblue-collarblue-collarblue-collarblue-collarblue-collarblue-collarblue-collarblue-collarblue-collarblue-collarblue-collarblue-collarblue-collarblue-collarblue-collarblue-collarblue-collarblue-collarblue-collarblue-collarblue-collarblue-collarblue-collarblue-collarblue-collarblue-collarblue-collarblue-collarblue-collarblue-collarblue-collarblue-collarblue-collarblue-collarblue-collarblue-collarblue-collarblue-collarblue-collarblue-collarblue-collarblue-collarblue-collarblue-collarblue-collarblue-collarblue-collarblue-collarblue-collarblue-collarblue-collarblue-collarblue-collarblue-collarblue-collarblue-collarblue-collarblue-collarblue-collarblue-collarblue-collarblue-collarblue-collarblue-collarblue-collarblue-collarblue-collarblue-collarblue-collarblue-collarblue-collarblue-collarblue-collarblue-collarblue-collarblue-collarblue-collarblue-collarblue-collarblue-collarblue-collarblue-collarblue-collarblue-collarblue-collarblue-collarblue-collarblue-collarblue-collarblue-collarblue-collarblue-collarblue-collarblue-collarblue-collarblue-collarblue-collarblue-collarblue-collarblue-collarblue-collarblue-collarblue-collarblue-collarblue-collarblue-collarblue-collarblue-collarblue-collarblue-collarblue-collarblue-collarblue-collarblue-collarblue-collarblue-collarblue-collarblue-collarblue-collarblue-collarblue-collarblue-collarblue-collarblue-collarblue-collarblue-collarblue-collarblue-collarblue-collarblue-collarblue-collarblue-collarblue-collarblue-collarblue-collarblue-collarblue-collarblue-collarblue-collarblue-collarblue-collarblue-collarblue-collarblue-collarblue-collarblue-collarblue-collarblue-collarblue-collarblue-collarblue-collarblue-collarblue-collarblue-collarblue-collarblue-collarblue-collarblue-collarblue-collarblue-collarblue-collarblue-collarblue-collarblue-collarblue-collarblue-collarblue-collarblue-collarblue-collarblue-collarblue-collarblue-collarblue-collarblue-collarblue-collarblue-collarblue-collarblue-collarblue-collarblue-collarblue-collarblue-collarblue-collarblue-collarblue-collarblue-collarblue-collarblue-collarblue-collarblue-collarblue-collarblue-collarblue-collarblue-collarblue-collarblue-collarblue-collarblue-collarblue-collarblue-collarblue-collarblue-collarblue-collarblue-collarblue-collarblue-collarblue-collarblue-collarblue-collarblue-collarblue-collarblue-collarblue-collarblue-collarblue-collarblue-collarblue-collarblue-collarblue-collarblue-collarblue-collarblue-collarblue-collarblue-collarblue-collarblue-collarblue-collarblue-collarblue-collarblue-collarblue-collarblue-collarblue-collarblue-collarblue-collarblue-collarblue-collarblue-collarblue-collarblue-collarblue-collarblue-collarblue-collarblue-collarblue-collarblue-collarblue-collarblue-collarblue-collarblue-collarblue-collarblue-collarblue-collarblue-collarblue-collarblue-collarblue-collarblue-collarblue-collarblue-collarblue-collarblue-collarblue-collarblue-collarblue-collarblue-collarblue-collarblue-collarblue-collarblue-collarblue-collarblue-collarblue-collarblue-collarblue-collarblue-collarblue-collarblue-collarblue-collarblue-collarblue-collarblue-collarblue-collarblue-collarblue-collarblue-collarblue-collarblue-collarblue-collarblue-collarblue-collarblue-collarblue-collarblue-collarblue-collarblue-collarblue-collarblue-collarblue-collarblue-collarblue-collarblue-collarblue-collarblue-collarblue-collarblue-collarblue-collarblue-collarblue-collarblue-collarblue-collarblue-collarblue-collarblue-collarblue-collarblue-collarblue-collarblue-collarblue-collarblue-collarblue-collarblue-collarblue-collarblue-collarblue-collarblue-collarblue-collarblue-collarblue-collarblue-collarblue-collarblue-collarblue-collarblue-collarblue-collarblue-collarblue-collarblue-collarblue-collarblue-collarblue-collarblue-collarblue-collarblue-collarblue-collarblue-collarblue-collarblue-collarblue-collarblue-collarblue-collarblue-collarblue-collarblue-collarblue-collarblue-collarblue-collarblue-collarblue-collarblue-collarblue-collarblue-collarblue-collarblue-collarblue-collarblue-collarblue-collarblue-collarblue-collarblue-collarblue-collarblue-collarblue-collarblue-collarblue-collarblue-collarblue-collarblue-collarblue-collarblue-collarblue-collarblue-collarblue-collarblue-collarblue-collarblue-collarblue-collarblue-collarblue-collarblue-collarblue-collarblue-collarblue-collarblue-collarblue-collarblue-collarblue-collarblue-collarblue-collarblue-collarblue-collarblue-collarblue-collarblue-collarblue-collarblue-collarblue-collarblue-collarblue-collarblue-collarblue-collarblue-collarblue-collarblue-collarblue-collarblue-collarblue-collarblue-collarblue-collarblue-collarblue-collarblue-collarblue-collarblue-collarblue-collarblue-collarblue-collarblue-collarblue-collarblue-collarblue-collarblue-collarblue-collarblue-collarblue-collarblue-collarblue-collarblue-collarblue-collarblue-collarblue-collarblue-collarblue-collarblue-collarblue-collarblue-collarblue-collarblue-collarblue-collarblue-collarblue-collarblue-collarblue-collarblue-collarblue-collarblue-collarblue-collarblue-collarblue-collarblue-collarblue-collarblue-collarblue-collarblue-collarblue-collarblue-collarblue-collarblue-collarblue-collarblue-collarblue-collarblue-collarblue-collarblue-collarblue-collarblue-collarblue-collarblue-collarblue-collarblue-collarblue-collarblue-collarblue-collarblue-collarblue-collarblue-collarblue-collarblue-collarblue-collarblue-collarblue-collarblue-collarblue-collarblue-collarblue-collarblue-collarblue-collarblue-collarblue-collarblue-collarblue-collarblue-collarblue-collarblue-collarblue-collarblue-collarblue-collarblue-collarblue-collarblue-collarblue-collarblue-collarblue-collarblue-collarblue-collarblue-collarblue-collarblue-collarblue-collarblue-collarblue-collarblue-collarblue-collarblue-collarblue-collarblue-collarblue-collarblue-collarblue-collarblue-collarblue-collarblue-collarblue-collarblue-collarblue-collarblue-collarblue-collarblue-collarblue-collarblue-collarblue-collarblue-collarblue-collarblue-collarblue-collarblue-collarblue-collarblue-collarblue-collarblue-collarblue-collarblue-collarblue-collarblue-collarblue-collarblue-collarblue-collarblue-collarblue-collarblue-collarblue-collarblue-collarblue-collarblue-collarblue-collarblue-collarblue-collarblue-collarblue-collarblue-collarblue-collarblue-collarblue-collarblue-collarblue-collarblue-collarblue-collarblue-collarblue-collarblue-collarblue-collarblue-collarblue-collarblue-collarblue-collarblue-collarblue-collarblue-collarblue-collarblue-collarblue-collarblue-collarblue-collarblue-collarblue-collarblue-collarblue-collarblue-collarblue-collarblue-collarblue-collarblue-collarblue-collarblue-collarblue-collarblue-collarblue-collarblue-collarblue-collarblue-collarblue-collarblue-collarblue-collarblue-collarblue-collarblue-collarblue-collarblue-collarblue-collarblue-collarblue-collarblue-collarblue-collarblue-collarblue-collarblue-collarblue-collarblue-collarblue-collarblue-collarblue-collarblue-collarblue-collarblue-collarblue-collarblue-collarblue-collarblue-collarblue-collarblue-collarblue-collarblue-collarblue-collarblue-collarblue-collarblue-collarblue-collarblue-collarblue-collarblue-collarblue-collarblue-collarblue-collarblue-collarblue-collarblue-collarblue-collarblue-collarblue-collarblue-collarblue-collarblue-collarblue-collarblue-collarblue-collarblue-collarblue-collarblue-collarblue-collarblue-collarblue-collarblue-collarblue-collarblue-collarblue-collarblue-collarblue-collarblue-collarblue-collarblue-collarblue-collarblue-collarblue-collarblue-collarblue-collarblue-collarblue-collarblue-collarblue-collarblue-collarblue-collarblue-collarblue-collarblue-collarblue-collarblue-collarblue-collarblue-collarblue-collarblue-collarblue-collarblue-collarblue-collarblue-collarblue-collarblue-collarblue-collarblue-collarblue-collarblue-collarblue-collarblue-collarblue-collarblue-collarblue-collarblue-collarblue-collarblue-collarblue-collarblue-collarblue-collarblue-collarblue-collarblue-collarblue-collarblue-collarblue-collarblue-collarblue-collarblue-collarblue-collarblue-collarblue-collarblue-collarblue-collarblue-collarblue-collarblue-collarblue-collarblue-collarblue-collarblue-collarblue-collarblue-collarblue-collarblue-collarblue-collarblue-collarblue-collarblue-collarblue-collarblue-collarblue-collarblue-collarblue-collarblue-collarblue-collarblue-collarblue-collarblue-collarblue-collarblue-collarblue-collarblue-collarblue-collarblue-collarblue-collarblue-collarblue-collarblue-collarblue-collarblue-collarblue-collarblue-collarblue-collarblue-collarblue-collarblue-collarblue-collarblue-collarblue-collarblue-collarblue-collarblue-collarblue-collarblue-collarblue-collarblue-collarblue-collarblue-collarblue-collarblue-collarblue-collarblue-collarblue-collarblue-collarblue-collarblue-collarblue-collarblue-collarblue-collarblue-collarblue-collarblue-collarblue-collarblue-collarblue-collarblue-collarblue-collarblue-collarblue-collarblue-collarblue-collarblue-collarblue-collarblue-collarblue-collarblue-collarblue-collarblue-collarblue-collarblue-collarblue-collarblue-collarblue-collarblue-collarblue-collarblue-collarblue-collarblue-collarblue-collarblue-collarblue-collarblue-collarblue-collarblue-collarblue-collarblue-collarblue-collarblue-collarblue-collarblue-collarblue-collarblue-collarblue-collarblue-collarblue-collarblue-collarblue-collarblue-collarblue-collarblue-collarblue-collarblue-collarblue-collarblue-collarblue-collarblue-collarblue-collarblue-collarblue-collarblue-collarblue-collarblue-collarblue-collarblue-collarblue-collarblue-collarblue-collarblue-collarblue-collarblue-collarblue-collarblue-collarblue-collarblue-collarblue-collarblue-collarblue-collarblue-collarblue-collarblue-collarblue-collarblue-collarblue-collarblue-collarblue-collarblue-collarblue-collarblue-collarblue-collarblue-collarblue-collarblue-collarblue-collarblue-collarblue-collarblue-collarblue-collarblue-collarblue-collarblue-collarblue-collarblue-collarblue-collarblue-collarblue-collarblue-collarblue-collarblue-collarblue-collarblue-collarblue-collarblue-collarblue-collarblue-collarblue-collarblue-collarblue-collarblue-collarblue-collarblue-collarblue-collarblue-collarblue-collarblue-collarblue-collarblue-collarblue-collarblue-collarblue-collarblue-collarblue-collarblue-collarblue-collarblue-collarblue-collarblue-collarblue-collarblue-collarblue-collarblue-collarblue-collarblue-collarblue-collarblue-collarblue-collarblue-collarblue-collarblue-collarblue-collarblue-collarblue-collarblue-collarblue-collarblue-collarblue-collarblue-collarblue-collarblue-collarblue-collarblue-collarblue-collarblue-collarblue-collarblue-collarblue-collarblue-collarblue-collarblue-collarblue-collarblue-collarblue-collarblue-collarblue-collarblue-collarblue-collarblue-collarblue-collarblue-collarblue-collarblue-collarblue-collarblue-collarblue-collarblue-collarblue-collarblue-collarblue-collarblue-collarblue-collarblue-collarblue-collarblue-collarblue-collarblue-collarblue-collarblue-collarblue-collarblue-collarblue-collarblue-collarblue-collarblue-collarblue-collarblue-collarblue-collarblue-collarblue-collarblue-collarblue-collarblue-collarblue-collarblue-collarblue-collarblue-collarblue-collarblue-collarblue-collarblue-collarblue-collarblue-collarblue-collarblue-collarblue-collarblue-collarblue-collarblue-collarblue-collarblue-collarblue-collarblue-collarblue-collarblue-collarblue-collarblue-collarblue-collarblue-collarblue-collarblue-collarblue-collarblue-collarblue-collarblue-collarblue-collarblue-collarblue-collarblue-collarblue-collarblue-collarblue-collarblue-collarblue-collarblue-collarblue-collarblue-collarblue-collarblue-collarblue-collarblue-collarblue-collarblue-collarblue-collarblue-collarblue-collarblue-collarblue-collarblue-collarblue-collarblue-collarblue-collarblue-collarblue-collarblue-collarblue-collarblue-collarblue-collarblue-collarblue-collarblue-collarblue-collarblue-collarblue-collarblue-collarblue-collarblue-collarblue-collarblue-collarblue-collarblue-collarblue-collarblue-collarblue-collarblue-collarblue-collarblue-collarblue-collarblue-collarblue-collarblue-collarblue-collarblue-collarblue-collarblue-collarblue-collarblue-collarblue-collarblue-collarblue-collarblue-collarblue-collarblue-collarblue-collarblue-collarblue-collarblue-collarblue-collarblue-collarblue-collarblue-collarblue-collarblue-collarblue-collarblue-collarblue-collarblue-collarblue-collarblue-collarblue-collarblue-collarblue-collarblue-collarblue-collarblue-collarblue-collarblue-collarblue-collarblue-collarblue-collarblue-collarblue-collarblue-collarblue-collarblue-collarblue-collarblue-collarblue-collarblue-collarblue-collarblue-collarblue-collarblue-collarblue-collarblue-collarblue-collarblue-collarblue-collarblue-collarblue-collarblue-collarblue-collarblue-collarblue-collarblue-collarblue-collarblue-collarblue-collarblue-collarblue-collarblue-collarblue-collarblue-collarblue-collarblue-collarblue-collarblue-collarblue-collarblue-collarblue-collarblue-collarblue-collarblue-collarblue-collarblue-collarblue-collarblue-collarblue-collarblue-collarblue-collarblue-collarblue-collarblue-collarblue-collarblue-collarblue-collarblue-collarblue-collarblue-collarblue-collarblue-collarblue-collarblue-collarblue-collarblue-collarblue-collarblue-collarblue-collarblue-collarblue-collarblue-collarblue-collarblue-collarblue-collarblue-collarblue-collarblue-collarblue-collarblue-collarblue-collarblue-collarblue-collarblue-collarblue-collarblue-collarblue-collarblue-collarblue-collarblue-collarblue-collarblue-collarblue-collarblue-collarblue-collarblue-collarblue-collarblue-collarblue-collarblue-collarblue-collarblue-collarblue-collarblue-collarblue-collarblue-collarblue-collarblue-collarblue-collarblue-collarblue-collarblue-collarblue-collarblue-collarblue-collarblue-collarblue-collarblue-collarblue-collarblue-collarblue-collarblue-collarblue-collarblue-collarblue-collarblue-collarblue-collarblue-collarblue-collarblue-collarblue-collarblue-collarblue-collarblue-collarblue-collarblue-collarblue-collarblue-collarblue-collarblue-collarblue-collarblue-collarblue-collarblue-collarblue-collarblue-collarblue-collarblue-collarblue-collarblue-collarblue-collarblue-collarblue-collarblue-collarblue-collarblue-collarblue-collarblue-collarblue-collarblue-collarblue-collarblue-collarblue-collarblue-collarblue-collarblue-collarblue-collarblue-collarblue-collarblue-collarblue-collarblue-collarblue-collarblue-collarblue-collarblue-collarblue-collarblue-collarblue-collarblue-collarblue-collarblue-collarblue-collarblue-collarblue-collarblue-collarblue-collarblue-collarblue-collarblue-collarblue-collarblue-collarblue-collarblue-collarblue-collarblue-collarblue-collarblue-collarblue-collarblue-collarblue-collarblue-collarblue-collarblue-collarblue-collarblue-collarblue-collarblue-collarblue-collarblue-collarblue-collarblue-collarblue-collarblue-collarblue-collarblue-collarblue-collarblue-collarblue-collarblue-collarblue-collarblue-collarblue-collarblue-collarblue-collarblue-collarblue-collarblue-collarblue-collarblue-collarblue-collarblue-collarblue-collarblue-collarblue-collarblue-collarblue-collarblue-collarblue-collarblue-collarblue-collarblue-collarblue-collarblue-collarblue-collarblue-collarblue-collarblue-collarblue-collarblue-collarblue-collarblue-collarblue-collarblue-collarblue-collarblue-collarblue-collarblue-collarblue-collarblue-collarblue-collarblue-collarblue-collarblue-collarblue-collarblue-collarblue-collarblue-collarblue-collarblue-collarblue-collarblue-collarblue-collarblue-collarblue-collarblue-collarblue-collarblue-collarblue-collarblue-collarblue-collarblue-collarblue-collarblue-collarblue-collarblue-collarblue-collarblue-collarblue-collarblue-collarblue-collarblue-collarblue-collarblue-collarblue-collarblue-collarblue-collarblue-collarblue-collarblue-collarblue-collarblue-collarblue-collarblue-collarblue-collarblue-collarblue-collarblue-collarblue-collarblue-collarblue-collarblue-collarblue-collarblue-collarblue-collarblue-collarblue-collarblue-collarblue-collarblue-collarblue-collarblue-collarblue-collarblue-collarblue-collarblue-collarblue-collarblue-collarblue-collarblue-collarblue-collarblue-collarblue-collarblue-collarblue-collarblue-collarblue-collarblue-collarblue-collarblue-collarblue-collarblue-collarblue-collarblue-collarblue-collarblue-collarblue-collarblue-collarblue-collarblue-collarblue-collarblue-collarblue-collarblue-collarblue-collarblue-collarblue-collarblue-collarblue-collarblue-collarblue-collarblue-collarblue-collarblue-collarblue-collarblue-collarblue-collarblue-collarblue-collarblue-collarblue-collarblue-collarblue-collarblue-collarblue-collarblue-collarblue-collarblue-collarblue-collarblue-collarblue-collarblue-collarblue-collarblue-collarblue-collarblue-collarblue-collarblue-collarblue-collarblue-collarblue-collarblue-collarblue-collarblue-collarblue-collarblue-collarblue-collarblue-collarblue-collarblue-collarblue-collarblue-collarblue-collarblue-collarblue-collarblue-collarblue-collarblue-collarblue-collarblue-collarblue-collarblue-collarblue-collarblue-collarblue-collarblue-collarblue-collarblue-collarblue-collarblue-collarblue-collarblue-collarblue-collarblue-collarblue-collarblue-collarblue-collarblue-collarblue-collarblue-collarblue-collarblue-collarblue-collarblue-collarblue-collarblue-collarblue-collarblue-collarblue-collarblue-collarblue-collarblue-collarblue-collarblue-collarblue-collarblue-collarblue-collarblue-collarblue-collarblue-collarblue-collarblue-collarblue-collarblue-collarblue-collarblue-collarblue-collarblue-collarblue-collarblue-collarblue-collarblue-collarblue-collarblue-collarblue-collarblue-collarblue-collarblue-collarblue-collarblue-collarblue-collarblue-collarblue-collarblue-collarblue-collarblue-collarblue-collarblue-collarblue-collarblue-collarblue-collarblue-collarblue-collarblue-collarblue-collarblue-collarblue-collarblue-collarblue-collarblue-collarblue-collarblue-collarblue-collarblue-collarblue-collarblue-collarblue-collarblue-collarblue-collarblue-collarblue-collarblue-collarblue-collarblue-collarblue-collarblue-collarblue-collarblue-collarblue-collarblue-collarblue-collarblue-collarblue-collarblue-collarblue-collarblue-collarblue-collarblue-collarblue-collarblue-collarblue-collarblue-collarblue-collarblue-collarblue-collarblue-collarblue-collarblue-collarblue-collarblue-collarblue-collarblue-collarblue-collarblue-collarblue-collarblue-collarblue-collarblue-collarblue-collarblue-collarblue-collarblue-collarblue-collarblue-collarblue-collarblue-collarblue-collarblue-collarblue-collarblue-collarblue-collarblue-collarblue-collarblue-collarblue-collarblue-collarblue-collarblue-collarblue-collarblue-collarblue-collarblue-collarblue-collarblue-collarblue-collarblue-collarblue-collarblue-collarblue-collarblue-collarblue-collarblue-collarblue-collarblue-collarblue-collarblue-collarblue-collarblue-collarblue-collarblue-collarblue-collarblue-collarblue-collarblue-collarblue-collarblue-collarblue-collarblue-collarblue-collarblue-collarblue-collarblue-collarblue-collarblue-collarblue-collarblue-collarblue-collarblue-collarblue-collarblue-collarblue-collarblue-collarblue-collarblue-collarblue-collarblue-collarblue-collarblue-collarblue-collarblue-collarblue-collarblue-collarblue-collarblue-collarblue-collarblue-collarblue-collarblue-collarblue-collarblue-collarblue-collarblue-collarblue-collarblue-collarblue-collarblue-collarblue-collarblue-collarblue-collarblue-collarblue-collarblue-collarblue-collarblue-collarblue-collarblue-collarblue-collarblue-collarblue-collarblue-collarblue-collarblue-collarblue-collarblue-collarblue-collarblue-collarblue-collarblue-collarblue-collarblue-collarblue-collarblue-collarblue-collarblue-collarblue-collarblue-collarblue-collarblue-collarblue-collarblue-collarblue-collarblue-collarblue-collarblue-collarblue-collarblue-collarblue-collarblue-collarblue-collarblue-collarblue-collarblue-collarblue-collarblue-collarblue-collarblue-collarblue-collarblue-collarblue-collarblue-collarblue-collarblue-collarblue-collarblue-collarblue-collarblue-collarblue-collarblue-collarblue-collarblue-collarblue-collarblue-collarblue-collarblue-collarblue-collarblue-collarblue-collarblue-collarblue-collarblue-collarblue-collarblue-collarblue-collarblue-collarblue-collarblue-collarblue-collarblue-collarblue-collarblue-collarblue-collarblue-collarblue-collarblue-collarblue-collarblue-collarblue-collarblue-collarblue-collarblue-collarblue-collarblue-collarblue-collarblue-collarblue-collarblue-collarblue-collarblue-collarblue-collarblue-collarblue-collarblue-collarblue-collarblue-collarblue-collarblue-collarblue-collarblue-collarblue-collarblue-collarblue-collarblue-collarblue-collarblue-collarblue-collarblue-collarblue-collarblue-collarblue-collarblue-collarblue-collarblue-collarblue-collarblue-collarblue-collarblue-collarblue-collarblue-collarblue-collarblue-collarblue-collarblue-collarblue-collarblue-collarblue-collarblue-collarblue-collarblue-collarblue-collarblue-collarblue-collarblue-collarblue-collarblue-collarblue-collarblue-collarblue-collarblue-collarblue-collarblue-collarblue-collarblue-collarblue-collarblue-collarblue-collarblue-collarblue-collarblue-collarblue-collarblue-collarblue-collarblue-collarblue-collarblue-collarblue-collarblue-collarblue-collarblue-collarblue-collarblue-collarblue-collarblue-collarblue-collarblue-collarblue-collarblue-collarblue-collarblue-collarblue-collarblue-collarblue-collarblue-collarblue-collarblue-collarblue-collarblue-collarblue-collarblue-collarblue-collarblue-collarblue-collarblue-collarblue-collarblue-collarblue-collarblue-collarblue-collarblue-collarblue-collarblue-collarblue-collarblue-collarblue-collarblue-collarblue-collarblue-collarblue-collarblue-collarblue-collarblue-collarblue-collarblue-collarblue-collarblue-collarblue-collarblue-collarblue-collarblue-collarblue-collarblue-collarblue-collarblue-collarblue-collarblue-collarblue-collarblue-collarblue-collarblue-collarblue-collarblue-collarblue-collarblue-collarblue-collarblue-collarblue-collarblue-collarblue-collarblue-collarblue-collarblue-collarblue-collarblue-collarblue-collarblue-collarblue-collarblue-collarblue-collarblue-collarblue-collarblue-collarblue-collarblue-collarblue-collarblue-collarblue-collarblue-collarblue-collarblue-collarblue-collarblue-collarblue-collarblue-collarblue-collarblue-collarblue-collarblue-collarblue-collarblue-collarblue-collarblue-collarblue-collarblue-collarblue-collarblue-collarblue-collarblue-collarblue-collarblue-collarblue-collarblue-collarblue-collarblue-collarblue-collarblue-collarblue-collarblue-collarblue-collarblue-collarblue-collarblue-collarblue-collarblue-collarblue-collarblue-collarblue-collarblue-collarblue-collarblue-collarblue-collarblue-collarblue-collarblue-collarblue-collarblue-collarblue-collarblue-collarblue-collarblue-collarblue-collarblue-collarblue-collarblue-collarblue-collarblue-collarblue-collarblue-collarblue-collarblue-collarblue-collarblue-collarblue-collarblue-collarblue-collarblue-collarblue-collarblue-collarblue-collarblue-collarblue-collarblue-collarblue-collarblue-collarblue-collarblue-collarblue-collarblue-collarblue-collarblue-collarblue-collarblue-collarblue-collarblue-collarblue-collarblue-collarblue-collarblue-collarblue-collarblue-collarblue-collarblue-collarblue-collarblue-collarblue-collarblue-collarblue-collarblue-collarblue-collarblue-collarblue-collarblue-collarblue-collarblue-collarblue-collarblue-collarblue-collarblue-collarblue-collarblue-collarblue-collarblue-collarblue-collarblue-collarblue-collarblue-collarblue-collarblue-collarblue-collarblue-collarblue-collarblue-collarblue-collarblue-collarblue-collarblue-collarblue-collarblue-collarblue-collarblue-collarblue-collarblue-collarblue-collarblue-collarblue-collarblue-collarblue-collarblue-collarblue-collarblue-collarblue-collarblue-collarblue-collarblue-collarblue-collarblue-collarblue-collarblue-collarblue-collarblue-collarblue-collarblue-collarblue-collarblue-collarblue-collarblue-collarblue-collarblue-collarblue-collarblue-collarblue-collarblue-collarblue-collarblue-collarblue-collarblue-collarblue-collarblue-collarblue-collarblue-collarblue-collarblue-collarblue-collarblue-collarblue-collarblue-collarblue-collarblue-collarblue-collarblue-collarblue-collarblue-collarblue-collarblue-collarblue-collarblue-collarblue-collarblue-collarblue-collarblue-collarblue-collarblue-collarblue-collarblue-collarblue-collarblue-collarblue-collarblue-collarblue-collarblue-collarblue-collarblue-collarblue-collarblue-collarblue-collarblue-collarblue-collarblue-collarblue-collarblue-collarblue-collarblue-collarblue-collarblue-collarblue-collarblue-collarblue-collarblue-collarblue-collarblue-collarblue-collarblue-collarblue-collarblue-collarblue-collarblue-collarblue-collarblue-collarblue-collarblue-collarblue-collarblue-collarblue-collarblue-collarblue-collarblue-collarblue-collarblue-collarblue-collarblue-collarblue-collarblue-collarblue-collarblue-collarblue-collarblue-collarblue-collarblue-collarblue-collarblue-collarblue-collarblue-collarblue-collarblue-collarblue-collarblue-collarblue-collarblue-collarblue-collarblue-collarblue-collarblue-collarblue-collarblue-collarblue-collarblue-collarblue-collarblue-collarblue-collarblue-collarblue-collarblue-collarblue-collarblue-collarblue-collarblue-collarblue-collarblue-collarblue-collarblue-collarblue-collarblue-collarblue-collarblue-collarblue-collarblue-collarblue-collarblue-collarblue-collarblue-collarblue-collarblue-collarblue-collarblue-collarblue-collarblue-collarblue-collarblue-collarblue-collarblue-collarblue-collarblue-collarblue-collarblue-collarblue-collarblue-collarblue-collarblue-collarblue-collarblue-collarblue-collarblue-collarblue-collarblue-collarblue-collarblue-collarblue-collarblue-collarblue-collarblue-collarblue-collarblue-collarblue-collarblue-collarblue-collarblue-collarblue-collarblue-collarblue-collarblue-collarblue-collarblue-collarblue-collarblue-collarblue-collarblue-collarblue-collarblue-collarblue-collarblue-collarblue-collarblue-collarblue-collarblue-collarblue-collarblue-collarblue-collarblue-collarblue-collarblue-collarblue-collarblue-collarblue-collarblue-collarblue-collarblue-collarblue-collarblue-collarblue-collarblue-collarblue-collarblue-collarblue-collarblue-collarblue-collarblue-collarblue-collarblue-collarblue-collarblue-collarblue-collarblue-collarblue-collarblue-collarblue-collarblue-collarblue-collarblue-collarblue-collarblue-collarblue-collarblue-collarblue-collarblue-collarblue-collarblue-collarblue-collarblue-collarblue-collarblue-collarblue-collarblue-collarblue-collarblue-collarblue-collarblue-collarblue-collarblue-collarblue-collarblue-collarblue-collarblue-collarblue-collarblue-collarblue-collarblue-collarblue-collarblue-collarblue-collarblue-collarblue-collarblue-collarblue-collarblue-collarblue-collarblue-collarblue-collarblue-collarblue-collarblue-collarblue-collarblue-collarblue-collarblue-collarblue-collarblue-collarblue-collarblue-collarblue-collarblue-collarblue-collarblue-collarblue-collarblue-collarblue-collarblue-collarblue-collarblue-collarblue-collarblue-collarblue-collarblue-collarblue-collarblue-collarblue-collarblue-collarblue-collarblue-collarblue-collarblue-collarblue-collarblue-collarblue-collarblue-collarblue-collarblue-collarblue-collarblue-collarblue-collarblue-collarblue-collarblue-collarblue-collarblue-collarblue-collarblue-collarblue-collarblue-collarblue-collarblue-collarblue-collarblue-collarblue-collarblue-collarblue-collarblue-collarblue-collarblue-collarblue-collarblue-collarblue-collarblue-collarblue-collarblue-collarblue-collarblue-collarblue-collarblue-collarblue-collarblue-collarblue-collarblue-collarblue-collarblue-collarblue-collarblue-collarblue-collarblue-collarblue-collarblue-collarblue-collarblue-collarblue-collarblue-collarblue-collarblue-collarblue-collarblue-collarblue-collarblue-collarblue-collarblue-collarblue-collarblue-collarblue-collarblue-collarblue-collarblue-collarblue-collarblue-collarblue-collarblue-collarblue-collarblue-collarblue-collarblue-collarblue-collarblue-collarblue-collarblue-collarblue-collarblue-collarblue-collarblue-collarblue-collarblue-collarblue-collarblue-collarblue-collarblue-collarblue-collarblue-collarblue-collarblue-collarblue-collarblue-collarblue-collarblue-collarblue-collarblue-collarblue-collarblue-collarblue-collarblue-collarblue-collarblue-collarblue-collarblue-collarblue-collarblue-collarblue-collarblue-collarblue-collarblue-collarblue-collarblue-collarblue-collarblue-collarblue-collarblue-collarblue-collarblue-collarblue-collarblue-collarblue-collarblue-collarblue-collarblue-collarblue-collarblue-collarblue-collarblue-collarblue-collarblue-collarblue-collarblue-collarblue-collarblue-collarblue-collarblue-collarblue-collarblue-collarblue-collarblue-collarblue-collarblue-collarblue-collarblue-collarblue-collarblue-collarblue-collarblue-collarblue-collarblue-collarblue-collarblue-collarblue-collarblue-collarblue-collarblue-collarblue-collarblue-collarblue-collarblue-collarblue-collarblue-collarblue-collarblue-collarblue-collarblue-collarblue-collarblue-collarblue-collarblue-collarblue-collarblue-collarblue-collarblue-collarblue-collarblue-collarblue-collarblue-collarblue-collarblue-collarblue-collarblue-collarblue-collarblue-collarblue-collarblue-collarblue-collarblue-collarblue-collarblue-collarblue-collarblue-collarblue-collarblue-collarblue-collarblue-collarblue-collarblue-collarblue-collarblue-collarblue-collarblue-collarblue-collarblue-collarblue-collarblue-collarblue-collarblue-collarblue-collarblue-collarblue-collarblue-collarblue-collarblue-collarblue-collarblue-collarblue-collarblue-collarblue-collarblue-collarblue-collarblue-collarblue-collarblue-collarblue-collarblue-collarblue-collarblue-collarblue-collarblue-collarblue-collarblue-collarblue-collarblue-collarblue-collarblue-collarblue-collarblue-collarblue-collarblue-collarblue-collarblue-collarblue-collarblue-collarblue-collarblue-collarblue-collarblue-collarblue-collarblue-collarblue-collarblue-collarblue-collarblue-collarblue-collarblue-collarblue-collarblue-collarblue-collarblue-collarblue-collarblue-collarblue-collarblue-collarblue-collarblue-collarblue-collarblue-collarblue-collarblue-collarblue-collarblue-collarblue-collarblue-collarblue-collarblue-collarblue-collarblue-collarblue-collarblue-collarblue-collarblue-collarblue-collarblue-collarblue-collarblue-collarblue-collarblue-collarblue-collarblue-collarblue-collarblue-collarblue-collarblue-collarblue-collarblue-collarblue-collarblue-collarblue-collarblue-collarblue-collarblue-collarblue-collarblue-collarblue-collarblue-collarblue-collarblue-collarblue-collarblue-collarblue-collarblue-collarblue-collarblue-collarblue-collarblue-collarblue-collarblue-collarblue-collarblue-collarblue-collarblue-collarblue-collarblue-collarblue-collarblue-collarblue-collarblue-collarblue-collarblue-collarblue-collarblue-collarblue-collarblue-collarblue-collarblue-collarblue-collarblue-collarblue-collarblue-collarblue-collarblue-collarblue-collarblue-collarblue-collarblue-collarblue-collarblue-collarblue-collarblue-collarblue-collarblue-collarblue-collarblue-collarblue-collarblue-collarblue-collarblue-collarblue-collarblue-collarblue-collarblue-collarblue-collarblue-collarblue-collarblue-collarblue-collarblue-collarblue-collarblue-collarblue-collarblue-collarblue-collarblue-collarblue-collarblue-collarblue-collarblue-collarblue-collarblue-collarblue-collarblue-collarblue-collarblue-collarblue-collarblue-collarblue-collarblue-collarblue-collarblue-collarblue-collarblue-collarblue-collarblue-collarblue-collarblue-collarblue-collarblue-collarblue-collarblue-collarblue-collarblue-collarblue-collarblue-collarblue-collarblue-collarblue-collarblue-collarblue-collarblue-collarblue-collarblue-collarblue-collarblue-collarblue-collarblue-collarblue-collarblue-collarblue-collarblue-collarblue-collarblue-collarblue-collarblue-collarblue-collarblue-collarblue-collarblue-collarblue-collarblue-collarblue-collarblue-collarblue-collarblue-collarblue-collarblue-collarblue-collarblue-collarblue-collarblue-collarblue-collarblue-collarblue-collarblue-collarblue-collarblue-collarblue-collarblue-collarblue-collarblue-collarblue-collarblue-collarblue-collarblue-collarblue-collarblue-collarblue-collarblue-collarblue-collarblue-collarblue-collarblue-collarblue-collarblue-collarblue-collarblue-collarblue-collarblue-collarblue-collarblue-collarblue-collarblue-collarblue-collarblue-collarblue-collarblue-collarblue-collarblue-collarblue-collarblue-collarblue-collarblue-collarblue-collarblue-collarblue-collarblue-collarblue-collarblue-collarblue-collarblue-collarblue-collarblue-collarblue-collarblue-collarblue-collarblue-collarblue-collarblue-collarblue-collarblue-collarblue-collarblue-collarblue-collarblue-collarblue-collarblue-collarblue-collarblue-collarblue-collarblue-collarblue-collarblue-collarblue-collarblue-collarblue-collarblue-collarblue-collarblue-collarblue-collarblue-collarblue-collarblue-collarblue-collarblue-collarblue-collarblue-collarblue-collarblue-collarblue-collarblue-collarblue-collarblue-collarblue-collarblue-collarblue-collarblue-collarblue-collarblue-collarblue-collarblue-collarblue-collarblue-collarblue-collarblue-collarblue-collarblue-collarblue-collarblue-collarblue-collarblue-collarblue-collarblue-collarblue-collarblue-collarblue-collarblue-collarblue-collarblue-collarblue-collarblue-collarblue-collarblue-collarblue-collarblue-collarblue-collarblue-collarblue-collarblue-collarblue-collarblue-collarblue-collarblue-collarblue-collarblue-collarblue-collarblue-collarblue-collarblue-collarblue-collarblue-collarblue-collarblue-collarblue-collarblue-collarblue-collarblue-collarblue-collarblue-collarblue-collarblue-collarblue-collarblue-collarblue-collarblue-collarblue-collarblue-collarblue-collarblue-collarblue-collarblue-collarblue-collarblue-collarblue-collarblue-collarblue-collarblue-collarblue-collarblue-collarblue-collarblue-collarblue-collarblue-collarblue-collarblue-collarblue-collarblue-collarblue-collarblue-collarblue-collarblue-collarblue-collarblue-collarblue-collarblue-collarblue-collarblue-collarblue-collarblue-collarblue-collarblue-collarblue-collarblue-collarblue-collarblue-collarblue-collarblue-collarblue-collarblue-collarblue-collarblue-collarblue-collarblue-collarblue-collarblue-collarblue-collarblue-collarblue-collarblue-collarblue-collarblue-collarblue-collarblue-collarblue-collarblue-collarblue-collarblue-collarblue-collarblue-collarblue-collarblue-collarblue-collarblue-collarblue-collarblue-collarblue-collarblue-collarblue-collarblue-collarblue-collarblue-collarblue-collarblue-collarblue-collarblue-collarblue-collarblue-collarblue-collarblue-collarblue-collarblue-collarblue-collarblue-collarblue-collarblue-collarblue-collarblue-collarblue-collarblue-collarblue-collarblue-collarblue-collarblue-collarblue-collarblue-collarblue-collarblue-collarblue-collarblue-collarblue-collarblue-collarblue-collarblue-collarblue-collarblue-collarblue-collarblue-collarblue-collarblue-collarblue-collarblue-collarblue-collarblue-collarblue-collarblue-collarblue-collarblue-collarblue-collarblue-collarblue-collarblue-collarblue-collarblue-collarblue-collarblue-collarblue-collarblue-collarblue-collarblue-collarblue-collarblue-collarblue-collarblue-collarblue-collarblue-collarblue-collarblue-collarblue-collarblue-collarblue-collarblue-collarblue-collarblue-collarblue-collarblue-collarblue-collarblue-collarblue-collarblue-collarblue-collarblue-collarblue-collarblue-collarblue-collarblue-collarblue-collarblue-collarblue-collarblue-collarblue-collarblue-collarblue-collarblue-collarblue-collarblue-collarblue-collarblue-collarblue-collarblue-collarblue-collarblue-collarblue-collarblue-collarblue-collarblue-collarblue-collarblue-collarblue-collarblue-collarblue-collarblue-collarblue-collarblue-collarblue-collarblue-collarblue-collarblue-collarblue-collarblue-collarblue-collarblue-collarblue-collarblue-collarblue-collarblue-collarblue-collarblue-collarblue-collarblue-collarblue-collarblue-collarblue-collarblue-collarblue-collarblue-collarblue-collarblue-collarblue-collarblue-collarblue-collarblue-collarblue-collarblue-collarblue-collarblue-collarblue-collarblue-collarblue-collarblue-collarblue-collarblue-collarblue-collarblue-collarblue-collarblue-collarblue-collarblue-collarblue-collarblue-collarblue-collarblue-collarblue-collarblue-collarblue-collarblue-collarblue-collarblue-collarblue-collarblue-collarblue-collarblue-collarblue-collarblue-collarblue-collarblue-collarblue-collarblue-collarblue-collarblue-collarblue-collarblue-collarblue-collarblue-collarblue-collarblue-collarblue-collarblue-collarblue-collarblue-collarblue-collarblue-collarblue-collarblue-collarblue-collarblue-collarblue-collarblue-collarblue-collarblue-collarblue-collarblue-collarblue-collarblue-collarblue-collarblue-collarblue-collarblue-collarblue-collarblue-collarblue-collarblue-collarblue-collarblue-collarblue-collarblue-collarblue-collarblue-collarblue-collarblue-collarblue-collarblue-collarblue-collarblue-collarblue-collarblue-collarblue-collarblue-collarblue-collarblue-collarblue-collarblue-collarblue-collarblue-collarblue-collarblue-collarblue-collarblue-collarblue-collarblue-collarblue-collarblue-collarblue-collarblue-collarblue-collarblue-collarblue-collarblue-collarblue-collarblue-collarblue-collarblue-collarblue-collarblue-collarblue-collarblue-collarblue-collarblue-collarblue-collarblue-collarblue-collarblue-collarblue-collarblue-collarblue-collarblue-collarblue-collarblue-collarblue-collarblue-collarblue-collarblue-collarblue-collarblue-collarblue-collarblue-collarblue-collarblue-collarblue-collarblue-collarblue-collarblue-collarblue-collarblue-collarblue-collarblue-collarblue-collarblue-collarblue-collarblue-collarblue-collarblue-collarblue-collarblue-collarblue-collarblue-collarblue-collarblue-collarblue-collarblue-collarblue-collarblue-collarblue-collarblue-collarblue-collarblue-collarblue-collarblue-collarblue-collarblue-collarblue-collarblue-collarblue-collarblue-collarblue-collarblue-collarblue-collarblue-collarblue-collarblue-collarblue-collarblue-collarblue-collarblue-collarblue-collarblue-collarblue-collarblue-collarblue-collarblue-collarblue-collarblue-collarblue-collarblue-collarblue-collarblue-collarblue-collarblue-collarblue-collarblue-collarblue-collarblue-collarblue-collarblue-collarblue-collarblue-collarblue-collarblue-collarblue-collarblue-collarblue-collarblue-collarblue-collarblue-collarblue-collarblue-collarblue-collarblue-collarblue-collarblue-collarblue-collarblue-collarblue-collarblue-collarblue-collarblue-collarblue-collarblue-collarblue-collarblue-collarblue-collarblue-collarblue-collarblue-collarblue-collarblue-collarblue-collarblue-collarblue-collarblue-collarblue-collarblue-collarblue-collarblue-collarblue-collarblue-collarblue-collarblue-collarblue-collarblue-collarblue-collarblue-collarblue-collarblue-collarblue-collarblue-collarblue-collarblue-collarblue-collarblue-collarblue-collarblue-collarblue-collarblue-collarblue-collarblue-collarblue-collarblue-collarblue-collarblue-collarblue-collarblue-collarblue-collarblue-collarblue-collarblue-collarblue-collarblue-collarblue-collarblue-collarblue-collarblue-collarblue-collarblue-collarblue-collarblue-collarblue-collarblue-collarblue-collarblue-collarblue-collarblue-collarblue-collarblue-collarblue-collarblue-collarblue-collarblue-collarblue-collarblue-collarblue-collarblue-collarblue-collarblue-collarblue-collarblue-collarblue-collarblue-collarblue-collarblue-collarblue-collarblue-collarblue-collarblue-collarblue-collarblue-collarblue-collarblue-collarblue-collarblue-collarblue-collarblue-collarblue-collarblue-collarblue-collarblue-collarblue-collarblue-collarblue-collarblue-collarblue-collarblue-collarblue-collarblue-collarblue-collarblue-collarblue-collarblue-collarblue-collarblue-collarblue-collarblue-collarblue-collarblue-collarblue-collarblue-collarblue-collarblue-collarblue-collarblue-collarblue-collarblue-collarblue-collarblue-collarblue-collarblue-collarblue-collarblue-collarblue-collarblue-collarblue-collarblue-collarblue-collarblue-collarblue-collarblue-collarblue-collarblue-collarblue-collarblue-collarblue-collarblue-collarblue-collarblue-collarblue-collarblue-collarblue-collarblue-collarblue-collarblue-collarblue-collarblue-collarblue-collarblue-collarblue-collarblue-collarblue-collarblue-collarblue-collarblue-collarblue-collarblue-collarblue-collarblue-collarblue-collarblue-collarblue-collarblue-collarblue-collarblue-collarblue-collarblue-collarblue-collarblue-collarblue-collarblue-collarblue-collarblue-collarblue-collarblue-collarblue-collarblue-collarblue-collarblue-collarblue-collarblue-collarblue-collarblue-collarblue-collarblue-collarblue-collarblue-collarblue-collarblue-collarblue-collarblue-collarblue-collarblue-collarblue-collarblue-collarblue-collarblue-collarblue-collarblue-collarblue-collarblue-collarblue-collarblue-collarblue-collarblue-collarblue-collarblue-collarblue-collarblue-collarblue-collarblue-collarblue-collarblue-collarblue-collarblue-collarblue-collarblue-collarblue-collarblue-collarblue-collarblue-collarblue-collarblue-collarblue-collarblue-collarblue-collarblue-collarblue-collarblue-collarblue-collarblue-collarblue-collarblue-collarblue-collarblue-collarblue-collarblue-collarblue-collarblue-collarblue-collarblue-collarblue-collarblue-collarblue-collarblue-collarblue-collarblue-collarblue-collarblue-collarblue-collarblue-collarblue-collarblue-collarblue-collarblue-collarblue-collarblue-collarblue-collarblue-collarblue-collarblue-collarblue-collarblue-collarblue-collarblue-collarblue-collarblue-collarblue-collarblue-collarblue-collarblue-collarblue-collarblue-collarblue-collarblue-collarblue-collarblue-collarblue-collarblue-collarblue-collarblue-collarblue-collarblue-collarblue-collarblue-collarblue-collarblue-collarblue-collarblue-collarblue-collarblue-collarblue-collarblue-collarblue-collarblue-collarblue-collarblue-collarblue-collarblue-collarblue-collarblue-collarblue-collarblue-collarblue-collarblue-collarblue-collarblue-collarblue-collarblue-collarblue-collarblue-collarblue-collarblue-collarblue-collarblue-collarblue-collarblue-collarblue-collarblue-collarblue-collarblue-collarblue-collarblue-collarblue-collarblue-collarblue-collarblue-collarblue-collarblue-collarblue-collarblue-collarblue-collarblue-collarblue-collarblue-collarblue-collarblue-collarblue-collarblue-collarblue-collarblue-collarblue-collarblue-collarblue-collarblue-collarblue-collarblue-collarblue-collarblue-collarblue-collarblue-collarblue-collarblue-collarblue-collarblue-collarblue-collarblue-collarblue-collarblue-collarblue-collarblue-collarblue-collarblue-collarblue-collarblue-collarblue-collarblue-collarblue-collarblue-collarblue-collarblue-collarblue-collarblue-collarblue-collarblue-collarblue-collarblue-collarblue-collarblue-collarblue-collarblue-collarblue-collarblue-collarblue-collarblue-collarblue-collarblue-collarblue-collarblue-collarblue-collarblue-collarblue-collarblue-collarblue-collarblue-collarblue-collarblue-collarblue-collarblue-collarblue-collarblue-collarblue-collarblue-collarblue-collarblue-collarblue-collarblue-collarblue-collarblue-collarblue-collarblue-collarblue-collarblue-collarblue-collarblue-collarblue-collarblue-collarblue-collarblue-collarblue-collarblue-collarblue-collarblue-collarblue-collarblue-collarblue-collarblue-collarblue-collarblue-collarblue-collarblue-collarblue-collarblue-collarblue-collarblue-collarblue-collarblue-collarblue-collarblue-collarblue-collarblue-collarblue-collarblue-collarblue-collarblue-collarblue-collarblue-collarblue-collarblue-collarblue-collarblue-collarblue-collarblue-collarblue-collarblue-collarblue-collarblue-collarblue-collarblue-collarblue-collarblue-collarblue-collarblue-collarblue-collarblue-collarblue-collarblue-collarblue-collarblue-collarblue-collarblue-collarblue-collarblue-collarblue-collarblue-collarblue-collarblue-collarblue-collarblue-collarblue-collarblue-collarblue-collarblue-collarblue-collarblue-collarblue-collarblue-collarblue-collarblue-collarblue-collarblue-collarblue-collarblue-collarblue-collarblue-collarblue-collarblue-collarblue-collarblue-collarblue-collarblue-collarblue-collarblue-collarblue-collarblue-collarblue-collarblue-collarblue-collarblue-collarblue-collarblue-collarblue-collarblue-collarblue-collarblue-collarblue-collarblue-collarblue-collarblue-collarblue-collarblue-collarblue-collarblue-collarblue-collarblue-collarblue-collarblue-collarblue-collarblue-collarblue-collarblue-collarblue-collarblue-collarblue-collarblue-collarblue-collarblue-collarblue-collarblue-collarblue-collarblue-collarblue-collarblue-collarblue-collarblue-collarblue-collarblue-collarblue-collarblue-collarblue-collarblue-collarblue-collarblue-collarblue-collarblue-collarblue-collarblue-collarblue-collarblue-collarblue-collarblue-collarblue-collarblue-collarblue-collarblue-collarblue-collarblue-collarblue-collarblue-collarblue-collarblue-collarblue-collarblue-collarblue-collarblue-collarblue-collarblue-collarblue-collarblue-collarblue-collarblue-collarblue-collarblue-collarblue-collarblue-collarblue-collarblue-collarblue-collarblue-collarblue-collarblue-collarblue-collarblue-collarblue-collarblue-collarblue-collarblue-collarblue-collarblue-collarblue-collarblue-collarblue-collarblue-collarblue-collarblue-collarblue-collarblue-collarblue-collarblue-collarblue-collarblue-collarblue-collarblue-collarblue-collarblue-collarblue-collarblue-collarblue-collarblue-collarblue-collarblue-collarblue-collarblue-collarblue-collarblue-collarblue-collarblue-collarblue-collarblue-collarblue-collarblue-collarblue-collarblue-collarblue-collarblue-collarblue-collarblue-collarblue-collarblue-collarblue-collarblue-collarblue-collarblue-collarblue-collarblue-collarblue-collarblue-collarblue-collarblue-collarblue-collarblue-collarblue-collarblue-collarblue-collarblue-collarblue-collarblue-collarblue-collarblue-collarblue-collarblue-collarblue-collarblue-collarblue-collarblue-collarblue-collarblue-collarblue-collarblue-collarblue-collarblue-collarblue-collarblue-collarblue-collarblue-collarblue-collarblue-collarblue-collarblue-collarblue-collarblue-collarblue-collarblue-collarblue-collarblue-collarblue-collarblue-collarblue-collarblue-collarblue-collarblue-collarblue-collarblue-collarblue-collarblue-collarblue-collarblue-collarblue-collarblue-collarblue-collarblue-collarblue-collarblue-collarblue-collarblue-collarblue-collarblue-collarblue-collarblue-collarblue-collarblue-collarblue-collarblue-collarblue-collarblue-collarblue-collarblue-collarblue-collarblue-collarblue-collarblue-collarblue-collarblue-collarblue-collarblue-collarblue-collarblue-collarblue-collarblue-collarblue-collarblue-collarblue-collarblue-collarblue-collarblue-collarblue-collarblue-collarblue-collarblue-collarblue-collarblue-collarblue-collarblue-collarblue-collarblue-collarblue-collarblue-collarblue-collarblue-collarblue-collarblue-collarblue-collarblue-collarblue-collarblue-collarblue-collarblue-collarblue-collarblue-collarblue-collarblue-collarblue-collarblue-collarblue-collarblue-collarblue-collarblue-collarblue-collarblue-collarblue-collarblue-collarblue-collarblue-collarblue-collarblue-collarblue-collarblue-collarblue-collarblue-collarblue-collarblue-collarblue-collarblue-collarblue-collarblue-collarblue-collarblue-collarblue-collarblue-collarblue-collarblue-collarblue-collarblue-collarblue-collarblue-collarblue-collarblue-collarblue-collarblue-collarblue-collarblue-collarblue-collarblue-collarblue-collarblue-collarblue-collarblue-collarblue-collarblue-collarblue-collarblue-collarblue-collarblue-collarblue-collarblue-collarblue-collarblue-collarblue-collarblue-collarblue-collarblue-collarblue-collarblue-collarblue-collarblue-collarblue-collarblue-collarblue-collarblue-collarblue-collarblue-collarblue-collarblue-collarblue-collarblue-collarblue-collarblue-collarblue-collarblue-collarblue-collarblue-collarblue-collarblue-collarblue-collarblue-collarblue-collarblue-collarblue-collarblue-collarblue-collarblue-collarblue-collarblue-collarblue-collarblue-collarblue-collarblue-collarblue-collarblue-collarblue-collarblue-collarblue-collarblue-collarblue-collarblue-collarblue-collarblue-collarblue-collarblue-collarblue-collarblue-collarblue-collarblue-collarblue-collarblue-collarblue-collarblue-collarblue-collarblue-collarblue-collarblue-collarblue-collarblue-collarblue-collarblue-collarblue-collarblue-collarblue-collarblue-collarblue-collarblue-collarblue-collarblue-collarblue-collarblue-collarblue-collarblue-collarblue-collarblue-collarblue-collarblue-collarblue-collarblue-collarblue-collarblue-collarblue-collarblue-collarblue-collarblue-collarblue-collarblue-collarblue-collarblue-collarblue-collarblue-collarblue-collarblue-collarblue-collarblue-collarblue-collarblue-collarblue-collarblue-collarblue-collarblue-collarblue-collarblue-collarblue-collarblue-collarblue-collarblue-collarblue-collarblue-collarblue-collarblue-collarblue-collarblue-collarblue-collarblue-collarblue-collarblue-collarblue-collarblue-collarblue-collarblue-collarblue-collarblue-collarblue-collarblue-collarblue-collarblue-collarblue-collarblue-collarblue-collarblue-collarblue-collarblue-collarblue-collarblue-collarblue-collarblue-collarblue-collarblue-collarblue-collarblue-collarblue-collarblue-collarblue-collarblue-collarblue-collarblue-collarblue-collarblue-collarblue-collarblue-collarblue-collarblue-collarblue-collarblue-collarblue-collarblue-collarblue-collarblue-collarblue-collarblue-collarblue-collarblue-collarblue-collarblue-collarblue-collarblue-collarblue-collarblue-collarblue-collarblue-collarblue-collarblue-collarblue-collarblue-collarblue-collarblue-collarblue-collarblue-collarblue-collarblue-collarblue-collarblue-collarblue-collarblue-collarblue-collarblue-collarblue-collarblue-collarblue-collarblue-collarblue-collarblue-collarblue-collarblue-collarblue-collarblue-collarblue-collarblue-collarblue-collarblue-collarblue-collarblue-collarblue-collarblue-collarblue-collarblue-collarblue-collarblue-collarblue-collarblue-collarblue-collarblue-collarblue-collarblue-collarblue-collarblue-collarblue-collarblue-collarblue-collarblue-collarblue-collarblue-collarblue-collarblue-collarblue-collarblue-collarblue-collarblue-collarblue-collarblue-collarblue-collarblue-collarblue-collarblue-collarblue-collarblue-collarblue-collarblue-collarblue-collarblue-collarblue-collarblue-collarblue-collarblue-collarblue-collarblue-collarblue-collarblue-collarblue-collarblue-collarblue-collarblue-collarblue-collarblue-collarblue-collarblue-collarblue-collarblue-collarblue-collarblue-collarblue-collarblue-collarblue-collarblue-collarblue-collarblue-collarblue-collarblue-collarblue-collarblue-collarblue-collarblue-collarblue-collarblue-collarblue-collarblue-collarblue-collarblue-collarblue-collarblue-collarblue-collarblue-collarblue-collarblue-collarblue-collarblue-collarblue-collarblue-collarblue-collarblue-collarblue-collarblue-collarblue-collarblue-collarblue-collarblue-collarblue-collarblue-collarblue-collarblue-collarblue-collarblue-collarblue-collarblue-collarblue-collarblue-collarblue-collarblue-collarblue-collarblue-collarblue-collarblue-collarblue-collarblue-collarblue-collarblue-collarblue-collarblue-collarblue-collarblue-collarblue-collarblue-collarblue-collarblue-collarblue-collarblue-collarblue-collarblue-collarblue-collarblue-collarblue-collarblue-collarblue-collarblue-collarblue-collarblue-collarblue-collarblue-collarblue-collarblue-collarblue-collarblue-collarblue-collarblue-collarblue-collarblue-collarblue-collarblue-collarblue-collarblue-collarblue-collarblue-collarblue-collarblue-collarblue-collarblue-collarblue-collarblue-collarblue-collarblue-collarblue-collarblue-collarblue-collarblue-collarblue-collarblue-collarblue-collarblue-collarblue-collarblue-collarblue-collarblue-collarblue-collarblue-collarblue-collarblue-collarblue-collarblue-collarblue-collarblue-collarblue-collarblue-collarblue-collarblue-collarblue-collarblue-collarblue-collarblue-collarblue-collarblue-collarblue-collarblue-collarblue-collarblue-collarblue-collarblue-collarblue-collarblue-collarblue-collarblue-collarblue-collarblue-collarblue-collarblue-collarblue-collarblue-collarblue-collarblue-collarblue-collarblue-collarblue-collarblue-collarblue-collarblue-collarblue-collarblue-collarblue-collarblue-collarblue-collarblue-collarblue-collarblue-collarblue-collarblue-collarblue-collarblue-collarblue-collarblue-collarblue-collarblue-collarblue-collarblue-collarblue-collarblue-collarblue-collarblue-collarblue-collarblue-collarblue-collarblue-collarblue-collarblue-collarblue-collarblue-collarblue-collarblue-collarblue-collarblue-collarblue-collarblue-collarblue-collarblue-collarblue-collarblue-collarblue-collarblue-collarblue-collarblue-collarblue-collarblue-collarblue-collarblue-collarblue-collarblue-collarblue-collarblue-collarblue-collarblue-collarblue-collarblue-collarblue-collarblue-collarblue-collarblue-collarblue-collarblue-collarblue-collarblue-collarblue-collarblue-collarblue-collarblue-collarblue-collarblue-collarblue-collarblue-collarblue-collarblue-collarblue-collarblue-collarblue-collarblue-collarblue-collarblue-collarblue-collarblue-collarblue-collarblue-collarblue-collarblue-collarblue-collarblue-collarblue-collarblue-collarblue-collarblue-collarblue-collarblue-collarblue-collarblue-collarblue-collarblue-collarblue-collarblue-collarblue-collarblue-collarblue-collarblue-collarblue-collarblue-collarblue-collarblue-collarblue-collarblue-collarblue-collarblue-collarblue-collarblue-collarblue-collarblue-collarblue-collarblue-collarblue-collarblue-collarblue-collarblue-collarblue-collarblue-collarblue-collarblue-collarblue-collarblue-collarblue-collarblue-collarblue-collarblue-collarblue-collarblue-collarblue-collarblue-collarblue-collarblue-collarblue-collarblue-collarblue-collarblue-collarblue-collarblue-collarblue-collarblue-collarblue-collarblue-collarblue-collarblue-collarblue-collarblue-collarblue-collarblue-collarblue-collarblue-collarblue-collarblue-collarblue-collarblue-collarblue-collarblue-collarblue-collarblue-collarblue-collarblue-collarblue-collarblue-collarblue-collarblue-collarblue-collarblue-collarblue-collarblue-collarblue-collarblue-collarblue-collarblue-collarblue-collarblue-collarblue-collarblue-collarblue-collarblue-collarblue-collarblue-collarblue-collarblue-collarblue-collarblue-collarblue-collarblue-collarblue-collarblue-collarblue-collarblue-collarblue-collarblue-collarblue-collarblue-collarblue-collarblue-collarblue-collarblue-collarblue-collarblue-collarblue-collarblue-collarblue-collarblue-collarblue-collarblue-collarblue-collarblue-collarblue-collarblue-collarblue-collarblue-collarblue-collarblue-collarblue-collarblue-collarblue-collarblue-collarblue-collarblue-collarblue-collarblue-collarblue-collarblue-collarblue-collarblue-collarblue-collarblue-collarblue-collarblue-collarblue-collarblue-collarblue-collarblue-collarblue-collarblue-collarblue-collarblue-collarblue-collarblue-collarblue-collarblue-collarblue-collarblue-collarblue-collarblue-collarblue-collarblue-collarblue-collarblue-collarblue-collarblue-collarblue-collarblue-collarblue-collarblue-collarblue-collarblue-collarblue-collarblue-collarblue-collarblue-collarblue-collarblue-collarblue-collarblue-collarblue-collarblue-collarblue-collarblue-collarblue-collarblue-collarblue-collarblue-collarblue-collarblue-collarblue-collarblue-collarblue-collarblue-collarblue-collarblue-collarblue-collarblue-collarblue-collarblue-collarblue-collarblue-collarblue-collarblue-collarblue-collarblue-collarblue-collarblue-collarblue-collarblue-collarblue-collarblue-collarblue-collarblue-collarblue-collarblue-collarblue-collarblue-collarblue-collarblue-collarblue-collarblue-collarblue-collarblue-collarblue-collarblue-collarblue-collarblue-collarblue-collarblue-collarblue-collarblue-collarblue-collarblue-collarblue-collarblue-collarblue-collarblue-collarblue-collarblue-collarblue-collarblue-collarblue-collarblue-collarblue-collarblue-collarblue-collarblue-collarblue-collarblue-collarblue-collarblue-collarblue-collarblue-collarblue-collarblue-collarblue-collarblue-collarblue-collarblue-collarblue-collarblue-collarblue-collarblue-collarblue-collarblue-collarblue-collarblue-collarblue-collarblue-collarblue-collarblue-collarblue-collarblue-collarblue-collarblue-collarblue-collarblue-collarblue-collarblue-collarblue-collarblue-collarblue-collarblue-collarblue-collarblue-collarblue-collarblue-collarblue-collarblue-collarblue-collarblue-collarblue-collarblue-collarblue-collarblue-collarblue-collarblue-collarblue-collarblue-collarblue-collarblue-collarblue-collarblue-collarblue-collarblue-collarblue-collarblue-collarblue-collarblue-collarblue-collarblue-collarblue-collarblue-collarblue-collarblue-collarblue-collarblue-collarblue-collarblue-collarblue-collarblue-collarblue-collarblue-collarblue-collarblue-collarblue-collarblue-collarblue-collarblue-collarblue-collarblue-collarblue-collarblue-collarblue-collarblue-collarblue-collarblue-collarblue-collarblue-collarblue-collarblue-collarblue-collarblue-collarblue-collarblue-collarblue-collarblue-collarblue-collarblue-collarblue-collarblue-collarblue-collarblue-collarblue-collarblue-collarblue-collarblue-collarblue-collarblue-collarblue-collarblue-collarblue-collarblue-collarblue-collarblue-collarblue-collarblue-collarblue-collarblue-collarblue-collarblue-collarblue-collarblue-collarblue-collarblue-collarblue-collarblue-collarblue-collarblue-collarblue-collarblue-collarblue-collarblue-collarblue-collarblue-collarblue-collarblue-collarblue-collarblue-collarblue-collarblue-collarblue-collarblue-collarblue-collarblue-collarblue-collarblue-collarblue-collarblue-collarblue-collarblue-collarblue-collarblue-collarblue-collarblue-collarblue-collarblue-collarblue-collarblue-collarblue-collarblue-collarblue-collarblue-collarblue-collarblue-collarblue-collarblue-collarblue-collarblue-collarblue-collarblue-collarblue-collarblue-collarblue-collarblue-collarblue-collarblue-collarblue-collarblue-collarblue-collarblue-collarblue-collarblue-collarblue-collarblue-collar'] to numeric
2025-04-22 22:12:23,703 - INFO - [HYBRID] Generated hybrid dataset shape for CTGAN: (36168, 17)
2025-04-22 22:12:23,705 - INFO - [HYBRID] Target distribution for CTGAN: {'no': 27789, 'yes': 8379}
2025-04-22 22:12:23,818 - INFO -  [HYBRID] Saved hybrid dataset to /mnt/NVMETank/Projects/Students/Dele/A-STUDY-INTO-THE-QUALITY-AND-USABILITY-OF-PRIVACY-FRIENDLY-SYNTHETIC-DATA/datasets/hybrid/bankMarketing_k10_l2_sup10_CTGAN_HYBRID.csv
2025-04-22 22:12:23,819 - INFO - [HYBRID] Generated hybrid dataset shape for TVAE: (36168, 17)
2025-04-22 22:12:23,820 - INFO - [HYBRID] Target distribution for TVAE: {'no': 31773, 'yes': 4395}
2025-04-22 22:12:23,927 - INFO -  [HYBRID] Saved hybrid dataset to /mnt/NVMETank/Projects/Students/Dele/A-STUDY-INTO-THE-QUALITY-AND-USABILITY-OF-PRIVACY-FRIENDLY-SYNTHETIC-DATA/datasets/hybrid/bankMarketing_k10_l2_sup10_TVAE_HYBRID.csv
2025-04-22 22:12:23,927 - INFO -  [HYBRID] Hybrid pipeline complete — 2 dataset(s) ready.
2025-04-22 22:12:23,927 - INFO - [HYBRID] Total rows across all hybrid datasets: 72336
2025-04-22 22:12:23,928 - INFO - Hybrid pipeline completed successfully.
2025-04-22 22:12:23,928 - INFO - Hybrid pipeline duration: 5426.94 seconds
2025-04-22 22:12:23,928 - INFO - Starting Utility...
2025-04-22 22:12:23,928 - INFO - [UTILITY] Preparing datasets for machine learning...
2025-04-22 22:12:23,929 - INFO - [UTILITY] Original Data - Training Size: 36168, Testing Size: 9043
2025-04-22 22:12:23,931 - INFO - [UTILITY] Target class distribution (Original): {'no': 31937, 'yes': 4231}
2025-04-22 22:12:23,932 - INFO - [UTILITY] Processing synthetic dataset generated by CTGAN...
2025-04-22 22:12:23,934 - INFO - [UTILITY] Synthetic Data (CTGAN) - Training Size: 36168
2025-04-22 22:12:23,935 - INFO - [UTILITY] Target class distribution (CTGAN): {'no': 32155, 'yes': 4013}
2025-04-22 22:12:23,936 - INFO - [UTILITY] Processing synthetic dataset generated by TVAE...
2025-04-22 22:12:23,940 - INFO - [UTILITY] Synthetic Data (TVAE) - Training Size: 36168
2025-04-22 22:12:23,942 - INFO - [UTILITY] Target class distribution (TVAE): {'no': 32845, 'yes': 3323}
2025-04-22 22:12:23,943 - INFO - [UTILITY] Processing hybrid dataset generated by CTGAN...
2025-04-22 22:12:23,947 - INFO - [UTILITY] Hybrid Data (CTGAN_HYBRID) - Training Size: 36168
2025-04-22 22:12:23,949 - INFO - [UTILITY] Target class distribution (CTGAN_HYBRID): {'no': 27789, 'yes': 8379}
2025-04-22 22:12:23,950 - INFO - [UTILITY] Processing hybrid dataset generated by TVAE...
2025-04-22 22:12:23,955 - INFO - [UTILITY] Hybrid Data (TVAE_HYBRID) - Training Size: 36168
2025-04-22 22:12:23,956 - INFO - [UTILITY] Target class distribution (TVAE_HYBRID): {'no': 31773, 'yes': 4395}
2025-04-22 22:12:23,956 - INFO - [UTILITY] Training models on all datasets...
2025-04-22 22:12:23,956 - INFO - [UTILITY] Total datasets used for training: 5
2025-04-22 22:12:23,956 - INFO - [TRAINING] Training models from scratch...
2025-04-22 22:12:23,956 - INFO - [TRAINING] Starting training for dataset: Original — Rows: 36168, Features: 31
2025-04-22 22:12:23,956 - INFO - [TRAINING] Training DecisionTree on Original...
2025-04-22 22:12:24,176 - INFO - [TRAINING] DecisionTree trained successfully on Original in 0.22 sec
2025-04-22 22:12:24,176 - INFO - [TRAINING] Training KNN on Original...
2025-04-22 22:12:24,199 - INFO - [TRAINING] KNN trained successfully on Original in 0.02 sec
2025-04-22 22:12:24,199 - INFO - [TRAINING] Training LogisticRegression on Original...
2025-04-22 22:12:24,591 - INFO - [TRAINING] LogisticRegression trained successfully on Original in 0.39 sec
2025-04-22 22:12:24,591 - INFO - [TRAINING] Training RandomForest on Original...
2025-04-22 22:12:28,211 - INFO - [TRAINING] RandomForest trained successfully on Original in 3.62 sec
2025-04-22 22:12:28,215 - INFO - [TRAINING] Finished training 4 model(s) for dataset: Original
2025-04-22 22:12:28,215 - INFO - [TRAINING] Starting training for dataset: CTGAN — Rows: 36168, Features: 31
2025-04-22 22:12:28,215 - INFO - [TRAINING] Training DecisionTree on CTGAN...
2025-04-22 22:12:28,771 - INFO - [TRAINING] DecisionTree trained successfully on CTGAN in 0.56 sec
2025-04-22 22:12:28,776 - INFO - [TRAINING] Training KNN on CTGAN...
2025-04-22 22:12:28,831 - INFO - [TRAINING] KNN trained successfully on CTGAN in 0.06 sec
2025-04-22 22:12:28,835 - INFO - [TRAINING] Training LogisticRegression on CTGAN...
2025-04-22 22:12:29,827 - INFO - [TRAINING] LogisticRegression trained successfully on CTGAN in 0.99 sec
2025-04-22 22:12:29,827 - INFO - [TRAINING] Training RandomForest on CTGAN...
2025-04-22 22:12:36,076 - INFO - [TRAINING] RandomForest trained successfully on CTGAN in 6.25 sec
2025-04-22 22:12:36,076 - INFO - [TRAINING] Finished training 4 model(s) for dataset: CTGAN
2025-04-22 22:12:36,076 - INFO - [TRAINING] Starting training for dataset: TVAE — Rows: 36168, Features: 31
2025-04-22 22:12:36,077 - INFO - [TRAINING] Training DecisionTree on TVAE...
2025-04-22 22:12:36,285 - INFO - [TRAINING] DecisionTree trained successfully on TVAE in 0.21 sec
2025-04-22 22:12:36,285 - INFO - [TRAINING] Training KNN on TVAE...
2025-04-22 22:12:36,312 - INFO - [TRAINING] KNN trained successfully on TVAE in 0.03 sec
2025-04-22 22:12:36,313 - INFO - [TRAINING] Training LogisticRegression on TVAE...
2025-04-22 22:12:37,130 - INFO - [TRAINING] LogisticRegression trained successfully on TVAE in 0.82 sec
2025-04-22 22:12:37,130 - INFO - [TRAINING] Training RandomForest on TVAE...
2025-04-22 22:12:41,297 - INFO - [TRAINING] RandomForest trained successfully on TVAE in 4.17 sec
2025-04-22 22:12:41,298 - INFO - [TRAINING] Finished training 4 model(s) for dataset: TVAE
2025-04-22 22:12:41,298 - INFO - [TRAINING] Starting training for dataset: CTGAN_HYBRID — Rows: 36168, Features: 16
2025-04-22 22:12:41,298 - INFO - [TRAINING] Training DecisionTree on CTGAN_HYBRID...
2025-04-22 22:12:41,315 - ERROR -  ERROR Training failed for DecisionTree on CTGAN_HYBRID: could not convert string to float: 'blue-collar'
Traceback (most recent call last):
  File "/mnt/NVMETank/Projects/Students/Dele/A-STUDY-INTO-THE-QUALITY-AND-USABILITY-OF-PRIVACY-FRIENDLY-SYNTHETIC-DATA/src/modelOperations/model_training.py", line 53, in train_models
    model_instance.train(X_train, y_train)
  File "/mnt/NVMETank/Projects/Students/Dele/A-STUDY-INTO-THE-QUALITY-AND-USABILITY-OF-PRIVACY-FRIENDLY-SYNTHETIC-DATA/src/modelOperations/models.py", line 62, in train
    self.model.fit(X_train, y_train)
  File "/mnt/NVMETank/Projects/Students/Dele/A-STUDY-INTO-THE-QUALITY-AND-USABILITY-OF-PRIVACY-FRIENDLY-SYNTHETIC-DATA/.venv/lib/python3.12/site-packages/sklearn/base.py", line 1389, in wrapper
    return fit_method(estimator, *args, **kwargs)
           ^^^^^^^^^^^^^^^^^^^^^^^^^^^^^^^^^^^^^^
  File "/mnt/NVMETank/Projects/Students/Dele/A-STUDY-INTO-THE-QUALITY-AND-USABILITY-OF-PRIVACY-FRIENDLY-SYNTHETIC-DATA/.venv/lib/python3.12/site-packages/sklearn/tree/_classes.py", line 1024, in fit
    super()._fit(
  File "/mnt/NVMETank/Projects/Students/Dele/A-STUDY-INTO-THE-QUALITY-AND-USABILITY-OF-PRIVACY-FRIENDLY-SYNTHETIC-DATA/.venv/lib/python3.12/site-packages/sklearn/tree/_classes.py", line 252, in _fit
    X, y = validate_data(
           ^^^^^^^^^^^^^^
  File "/mnt/NVMETank/Projects/Students/Dele/A-STUDY-INTO-THE-QUALITY-AND-USABILITY-OF-PRIVACY-FRIENDLY-SYNTHETIC-DATA/.venv/lib/python3.12/site-packages/sklearn/utils/validation.py", line 2956, in validate_data
    X = check_array(X, input_name="X", **check_X_params)
        ^^^^^^^^^^^^^^^^^^^^^^^^^^^^^^^^^^^^^^^^^^^^^^^^
  File "/mnt/NVMETank/Projects/Students/Dele/A-STUDY-INTO-THE-QUALITY-AND-USABILITY-OF-PRIVACY-FRIENDLY-SYNTHETIC-DATA/.venv/lib/python3.12/site-packages/sklearn/utils/validation.py", line 1055, in check_array
    array = _asarray_with_order(array, order=order, dtype=dtype, xp=xp)
            ^^^^^^^^^^^^^^^^^^^^^^^^^^^^^^^^^^^^^^^^^^^^^^^^^^^^^^^^^^^
  File "/mnt/NVMETank/Projects/Students/Dele/A-STUDY-INTO-THE-QUALITY-AND-USABILITY-OF-PRIVACY-FRIENDLY-SYNTHETIC-DATA/.venv/lib/python3.12/site-packages/sklearn/utils/_array_api.py", line 839, in _asarray_with_order
    array = numpy.asarray(array, order=order, dtype=dtype)
            ^^^^^^^^^^^^^^^^^^^^^^^^^^^^^^^^^^^^^^^^^^^^^^
  File "/mnt/NVMETank/Projects/Students/Dele/A-STUDY-INTO-THE-QUALITY-AND-USABILITY-OF-PRIVACY-FRIENDLY-SYNTHETIC-DATA/.venv/lib/python3.12/site-packages/pandas/core/generic.py", line 2153, in __array__
    arr = np.asarray(values, dtype=dtype)
          ^^^^^^^^^^^^^^^^^^^^^^^^^^^^^^^
ValueError: could not convert string to float: 'blue-collar'
2025-04-22 22:12:41,327 - INFO - [TRAINING] Training KNN on CTGAN_HYBRID...
2025-04-22 22:12:41,339 - ERROR -  ERROR Training failed for KNN on CTGAN_HYBRID: could not convert string to float: 'blue-collar'
Traceback (most recent call last):
  File "/mnt/NVMETank/Projects/Students/Dele/A-STUDY-INTO-THE-QUALITY-AND-USABILITY-OF-PRIVACY-FRIENDLY-SYNTHETIC-DATA/src/modelOperations/model_training.py", line 53, in train_models
    model_instance.train(X_train, y_train)
  File "/mnt/NVMETank/Projects/Students/Dele/A-STUDY-INTO-THE-QUALITY-AND-USABILITY-OF-PRIVACY-FRIENDLY-SYNTHETIC-DATA/src/modelOperations/models.py", line 33, in train
    self.model.fit(X_train, y_train)
  File "/mnt/NVMETank/Projects/Students/Dele/A-STUDY-INTO-THE-QUALITY-AND-USABILITY-OF-PRIVACY-FRIENDLY-SYNTHETIC-DATA/.venv/lib/python3.12/site-packages/sklearn/base.py", line 1389, in wrapper
    return fit_method(estimator, *args, **kwargs)
           ^^^^^^^^^^^^^^^^^^^^^^^^^^^^^^^^^^^^^^
  File "/mnt/NVMETank/Projects/Students/Dele/A-STUDY-INTO-THE-QUALITY-AND-USABILITY-OF-PRIVACY-FRIENDLY-SYNTHETIC-DATA/.venv/lib/python3.12/site-packages/sklearn/neighbors/_classification.py", line 239, in fit
    return self._fit(X, y)
           ^^^^^^^^^^^^^^^
  File "/mnt/NVMETank/Projects/Students/Dele/A-STUDY-INTO-THE-QUALITY-AND-USABILITY-OF-PRIVACY-FRIENDLY-SYNTHETIC-DATA/.venv/lib/python3.12/site-packages/sklearn/neighbors/_base.py", line 478, in _fit
    X, y = validate_data(
           ^^^^^^^^^^^^^^
  File "/mnt/NVMETank/Projects/Students/Dele/A-STUDY-INTO-THE-QUALITY-AND-USABILITY-OF-PRIVACY-FRIENDLY-SYNTHETIC-DATA/.venv/lib/python3.12/site-packages/sklearn/utils/validation.py", line 2961, in validate_data
    X, y = check_X_y(X, y, **check_params)
           ^^^^^^^^^^^^^^^^^^^^^^^^^^^^^^^
  File "/mnt/NVMETank/Projects/Students/Dele/A-STUDY-INTO-THE-QUALITY-AND-USABILITY-OF-PRIVACY-FRIENDLY-SYNTHETIC-DATA/.venv/lib/python3.12/site-packages/sklearn/utils/validation.py", line 1370, in check_X_y
    X = check_array(
        ^^^^^^^^^^^^
  File "/mnt/NVMETank/Projects/Students/Dele/A-STUDY-INTO-THE-QUALITY-AND-USABILITY-OF-PRIVACY-FRIENDLY-SYNTHETIC-DATA/.venv/lib/python3.12/site-packages/sklearn/utils/validation.py", line 1055, in check_array
    array = _asarray_with_order(array, order=order, dtype=dtype, xp=xp)
            ^^^^^^^^^^^^^^^^^^^^^^^^^^^^^^^^^^^^^^^^^^^^^^^^^^^^^^^^^^^
  File "/mnt/NVMETank/Projects/Students/Dele/A-STUDY-INTO-THE-QUALITY-AND-USABILITY-OF-PRIVACY-FRIENDLY-SYNTHETIC-DATA/.venv/lib/python3.12/site-packages/sklearn/utils/_array_api.py", line 839, in _asarray_with_order
    array = numpy.asarray(array, order=order, dtype=dtype)
            ^^^^^^^^^^^^^^^^^^^^^^^^^^^^^^^^^^^^^^^^^^^^^^
  File "/mnt/NVMETank/Projects/Students/Dele/A-STUDY-INTO-THE-QUALITY-AND-USABILITY-OF-PRIVACY-FRIENDLY-SYNTHETIC-DATA/.venv/lib/python3.12/site-packages/pandas/core/generic.py", line 2153, in __array__
    arr = np.asarray(values, dtype=dtype)
          ^^^^^^^^^^^^^^^^^^^^^^^^^^^^^^^
ValueError: could not convert string to float: 'blue-collar'
2025-04-22 22:12:41,346 - INFO - [TRAINING] Training LogisticRegression on CTGAN_HYBRID...
2025-04-22 22:12:41,361 - ERROR -  ERROR Training failed for LogisticRegression on CTGAN_HYBRID: could not convert string to float: 'blue-collar'
Traceback (most recent call last):
  File "/mnt/NVMETank/Projects/Students/Dele/A-STUDY-INTO-THE-QUALITY-AND-USABILITY-OF-PRIVACY-FRIENDLY-SYNTHETIC-DATA/src/modelOperations/model_training.py", line 53, in train_models
    model_instance.train(X_train, y_train)
  File "/mnt/NVMETank/Projects/Students/Dele/A-STUDY-INTO-THE-QUALITY-AND-USABILITY-OF-PRIVACY-FRIENDLY-SYNTHETIC-DATA/src/modelOperations/models.py", line 18, in train
    self.model.fit(X_train, y_train)
  File "/mnt/NVMETank/Projects/Students/Dele/A-STUDY-INTO-THE-QUALITY-AND-USABILITY-OF-PRIVACY-FRIENDLY-SYNTHETIC-DATA/.venv/lib/python3.12/site-packages/sklearn/base.py", line 1389, in wrapper
    return fit_method(estimator, *args, **kwargs)
           ^^^^^^^^^^^^^^^^^^^^^^^^^^^^^^^^^^^^^^
  File "/mnt/NVMETank/Projects/Students/Dele/A-STUDY-INTO-THE-QUALITY-AND-USABILITY-OF-PRIVACY-FRIENDLY-SYNTHETIC-DATA/.venv/lib/python3.12/site-packages/sklearn/pipeline.py", line 654, in fit
    Xt = self._fit(X, y, routed_params, raw_params=params)
         ^^^^^^^^^^^^^^^^^^^^^^^^^^^^^^^^^^^^^^^^^^^^^^^^^
  File "/mnt/NVMETank/Projects/Students/Dele/A-STUDY-INTO-THE-QUALITY-AND-USABILITY-OF-PRIVACY-FRIENDLY-SYNTHETIC-DATA/.venv/lib/python3.12/site-packages/sklearn/pipeline.py", line 588, in _fit
    X, fitted_transformer = fit_transform_one_cached(
                            ^^^^^^^^^^^^^^^^^^^^^^^^^
  File "/mnt/NVMETank/Projects/Students/Dele/A-STUDY-INTO-THE-QUALITY-AND-USABILITY-OF-PRIVACY-FRIENDLY-SYNTHETIC-DATA/.venv/lib/python3.12/site-packages/joblib/memory.py", line 312, in __call__
    return self.func(*args, **kwargs)
           ^^^^^^^^^^^^^^^^^^^^^^^^^^
  File "/mnt/NVMETank/Projects/Students/Dele/A-STUDY-INTO-THE-QUALITY-AND-USABILITY-OF-PRIVACY-FRIENDLY-SYNTHETIC-DATA/.venv/lib/python3.12/site-packages/sklearn/pipeline.py", line 1551, in _fit_transform_one
    res = transformer.fit_transform(X, y, **params.get("fit_transform", {}))
          ^^^^^^^^^^^^^^^^^^^^^^^^^^^^^^^^^^^^^^^^^^^^^^^^^^^^^^^^^^^^^^^^^^
  File "/mnt/NVMETank/Projects/Students/Dele/A-STUDY-INTO-THE-QUALITY-AND-USABILITY-OF-PRIVACY-FRIENDLY-SYNTHETIC-DATA/.venv/lib/python3.12/site-packages/sklearn/utils/_set_output.py", line 319, in wrapped
    data_to_wrap = f(self, X, *args, **kwargs)
                   ^^^^^^^^^^^^^^^^^^^^^^^^^^^
  File "/mnt/NVMETank/Projects/Students/Dele/A-STUDY-INTO-THE-QUALITY-AND-USABILITY-OF-PRIVACY-FRIENDLY-SYNTHETIC-DATA/.venv/lib/python3.12/site-packages/sklearn/base.py", line 921, in fit_transform
    return self.fit(X, y, **fit_params).transform(X)
           ^^^^^^^^^^^^^^^^^^^^^^^^^^^^
  File "/mnt/NVMETank/Projects/Students/Dele/A-STUDY-INTO-THE-QUALITY-AND-USABILITY-OF-PRIVACY-FRIENDLY-SYNTHETIC-DATA/.venv/lib/python3.12/site-packages/sklearn/preprocessing/_data.py", line 894, in fit
    return self.partial_fit(X, y, sample_weight)
           ^^^^^^^^^^^^^^^^^^^^^^^^^^^^^^^^^^^^^
  File "/mnt/NVMETank/Projects/Students/Dele/A-STUDY-INTO-THE-QUALITY-AND-USABILITY-OF-PRIVACY-FRIENDLY-SYNTHETIC-DATA/.venv/lib/python3.12/site-packages/sklearn/base.py", line 1389, in wrapper
    return fit_method(estimator, *args, **kwargs)
           ^^^^^^^^^^^^^^^^^^^^^^^^^^^^^^^^^^^^^^
  File "/mnt/NVMETank/Projects/Students/Dele/A-STUDY-INTO-THE-QUALITY-AND-USABILITY-OF-PRIVACY-FRIENDLY-SYNTHETIC-DATA/.venv/lib/python3.12/site-packages/sklearn/preprocessing/_data.py", line 930, in partial_fit
    X = validate_data(
        ^^^^^^^^^^^^^^
  File "/mnt/NVMETank/Projects/Students/Dele/A-STUDY-INTO-THE-QUALITY-AND-USABILITY-OF-PRIVACY-FRIENDLY-SYNTHETIC-DATA/.venv/lib/python3.12/site-packages/sklearn/utils/validation.py", line 2944, in validate_data
    out = check_array(X, input_name="X", **check_params)
          ^^^^^^^^^^^^^^^^^^^^^^^^^^^^^^^^^^^^^^^^^^^^^^
  File "/mnt/NVMETank/Projects/Students/Dele/A-STUDY-INTO-THE-QUALITY-AND-USABILITY-OF-PRIVACY-FRIENDLY-SYNTHETIC-DATA/.venv/lib/python3.12/site-packages/sklearn/utils/validation.py", line 1055, in check_array
    array = _asarray_with_order(array, order=order, dtype=dtype, xp=xp)
            ^^^^^^^^^^^^^^^^^^^^^^^^^^^^^^^^^^^^^^^^^^^^^^^^^^^^^^^^^^^
  File "/mnt/NVMETank/Projects/Students/Dele/A-STUDY-INTO-THE-QUALITY-AND-USABILITY-OF-PRIVACY-FRIENDLY-SYNTHETIC-DATA/.venv/lib/python3.12/site-packages/sklearn/utils/_array_api.py", line 839, in _asarray_with_order
    array = numpy.asarray(array, order=order, dtype=dtype)
            ^^^^^^^^^^^^^^^^^^^^^^^^^^^^^^^^^^^^^^^^^^^^^^
  File "/mnt/NVMETank/Projects/Students/Dele/A-STUDY-INTO-THE-QUALITY-AND-USABILITY-OF-PRIVACY-FRIENDLY-SYNTHETIC-DATA/.venv/lib/python3.12/site-packages/pandas/core/generic.py", line 2153, in __array__
    arr = np.asarray(values, dtype=dtype)
          ^^^^^^^^^^^^^^^^^^^^^^^^^^^^^^^
ValueError: could not convert string to float: 'blue-collar'
2025-04-22 22:12:41,371 - INFO - [TRAINING] Training RandomForest on CTGAN_HYBRID...
2025-04-22 22:12:41,382 - ERROR -  ERROR Training failed for RandomForest on CTGAN_HYBRID: could not convert string to float: 'blue-collar'
Traceback (most recent call last):
  File "/mnt/NVMETank/Projects/Students/Dele/A-STUDY-INTO-THE-QUALITY-AND-USABILITY-OF-PRIVACY-FRIENDLY-SYNTHETIC-DATA/src/modelOperations/model_training.py", line 53, in train_models
    model_instance.train(X_train, y_train)
  File "/mnt/NVMETank/Projects/Students/Dele/A-STUDY-INTO-THE-QUALITY-AND-USABILITY-OF-PRIVACY-FRIENDLY-SYNTHETIC-DATA/src/modelOperations/models.py", line 48, in train
    self.model.fit(X_train, y_train)
  File "/mnt/NVMETank/Projects/Students/Dele/A-STUDY-INTO-THE-QUALITY-AND-USABILITY-OF-PRIVACY-FRIENDLY-SYNTHETIC-DATA/.venv/lib/python3.12/site-packages/sklearn/base.py", line 1389, in wrapper
    return fit_method(estimator, *args, **kwargs)
           ^^^^^^^^^^^^^^^^^^^^^^^^^^^^^^^^^^^^^^
  File "/mnt/NVMETank/Projects/Students/Dele/A-STUDY-INTO-THE-QUALITY-AND-USABILITY-OF-PRIVACY-FRIENDLY-SYNTHETIC-DATA/.venv/lib/python3.12/site-packages/sklearn/ensemble/_forest.py", line 360, in fit
    X, y = validate_data(
           ^^^^^^^^^^^^^^
  File "/mnt/NVMETank/Projects/Students/Dele/A-STUDY-INTO-THE-QUALITY-AND-USABILITY-OF-PRIVACY-FRIENDLY-SYNTHETIC-DATA/.venv/lib/python3.12/site-packages/sklearn/utils/validation.py", line 2961, in validate_data
    X, y = check_X_y(X, y, **check_params)
           ^^^^^^^^^^^^^^^^^^^^^^^^^^^^^^^
  File "/mnt/NVMETank/Projects/Students/Dele/A-STUDY-INTO-THE-QUALITY-AND-USABILITY-OF-PRIVACY-FRIENDLY-SYNTHETIC-DATA/.venv/lib/python3.12/site-packages/sklearn/utils/validation.py", line 1370, in check_X_y
    X = check_array(
        ^^^^^^^^^^^^
  File "/mnt/NVMETank/Projects/Students/Dele/A-STUDY-INTO-THE-QUALITY-AND-USABILITY-OF-PRIVACY-FRIENDLY-SYNTHETIC-DATA/.venv/lib/python3.12/site-packages/sklearn/utils/validation.py", line 1055, in check_array
    array = _asarray_with_order(array, order=order, dtype=dtype, xp=xp)
            ^^^^^^^^^^^^^^^^^^^^^^^^^^^^^^^^^^^^^^^^^^^^^^^^^^^^^^^^^^^
  File "/mnt/NVMETank/Projects/Students/Dele/A-STUDY-INTO-THE-QUALITY-AND-USABILITY-OF-PRIVACY-FRIENDLY-SYNTHETIC-DATA/.venv/lib/python3.12/site-packages/sklearn/utils/_array_api.py", line 839, in _asarray_with_order
    array = numpy.asarray(array, order=order, dtype=dtype)
            ^^^^^^^^^^^^^^^^^^^^^^^^^^^^^^^^^^^^^^^^^^^^^^
  File "/mnt/NVMETank/Projects/Students/Dele/A-STUDY-INTO-THE-QUALITY-AND-USABILITY-OF-PRIVACY-FRIENDLY-SYNTHETIC-DATA/.venv/lib/python3.12/site-packages/pandas/core/generic.py", line 2153, in __array__
    arr = np.asarray(values, dtype=dtype)
          ^^^^^^^^^^^^^^^^^^^^^^^^^^^^^^^
ValueError: could not convert string to float: 'blue-collar'
2025-04-22 22:12:41,385 - INFO - [TRAINING] Finished training 0 model(s) for dataset: CTGAN_HYBRID
2025-04-22 22:12:41,386 - INFO - [TRAINING] Starting training for dataset: TVAE_HYBRID — Rows: 36168, Features: 16
2025-04-22 22:12:41,386 - INFO - [TRAINING] Training DecisionTree on TVAE_HYBRID...
2025-04-22 22:12:41,393 - ERROR -  ERROR Training failed for DecisionTree on TVAE_HYBRID: could not convert string to float: 'blue-collar'
Traceback (most recent call last):
  File "/mnt/NVMETank/Projects/Students/Dele/A-STUDY-INTO-THE-QUALITY-AND-USABILITY-OF-PRIVACY-FRIENDLY-SYNTHETIC-DATA/src/modelOperations/model_training.py", line 53, in train_models
    model_instance.train(X_train, y_train)
  File "/mnt/NVMETank/Projects/Students/Dele/A-STUDY-INTO-THE-QUALITY-AND-USABILITY-OF-PRIVACY-FRIENDLY-SYNTHETIC-DATA/src/modelOperations/models.py", line 62, in train
    self.model.fit(X_train, y_train)
  File "/mnt/NVMETank/Projects/Students/Dele/A-STUDY-INTO-THE-QUALITY-AND-USABILITY-OF-PRIVACY-FRIENDLY-SYNTHETIC-DATA/.venv/lib/python3.12/site-packages/sklearn/base.py", line 1389, in wrapper
    return fit_method(estimator, *args, **kwargs)
           ^^^^^^^^^^^^^^^^^^^^^^^^^^^^^^^^^^^^^^
  File "/mnt/NVMETank/Projects/Students/Dele/A-STUDY-INTO-THE-QUALITY-AND-USABILITY-OF-PRIVACY-FRIENDLY-SYNTHETIC-DATA/.venv/lib/python3.12/site-packages/sklearn/tree/_classes.py", line 1024, in fit
    super()._fit(
  File "/mnt/NVMETank/Projects/Students/Dele/A-STUDY-INTO-THE-QUALITY-AND-USABILITY-OF-PRIVACY-FRIENDLY-SYNTHETIC-DATA/.venv/lib/python3.12/site-packages/sklearn/tree/_classes.py", line 252, in _fit
    X, y = validate_data(
           ^^^^^^^^^^^^^^
  File "/mnt/NVMETank/Projects/Students/Dele/A-STUDY-INTO-THE-QUALITY-AND-USABILITY-OF-PRIVACY-FRIENDLY-SYNTHETIC-DATA/.venv/lib/python3.12/site-packages/sklearn/utils/validation.py", line 2956, in validate_data
    X = check_array(X, input_name="X", **check_X_params)
        ^^^^^^^^^^^^^^^^^^^^^^^^^^^^^^^^^^^^^^^^^^^^^^^^
  File "/mnt/NVMETank/Projects/Students/Dele/A-STUDY-INTO-THE-QUALITY-AND-USABILITY-OF-PRIVACY-FRIENDLY-SYNTHETIC-DATA/.venv/lib/python3.12/site-packages/sklearn/utils/validation.py", line 1055, in check_array
    array = _asarray_with_order(array, order=order, dtype=dtype, xp=xp)
            ^^^^^^^^^^^^^^^^^^^^^^^^^^^^^^^^^^^^^^^^^^^^^^^^^^^^^^^^^^^
  File "/mnt/NVMETank/Projects/Students/Dele/A-STUDY-INTO-THE-QUALITY-AND-USABILITY-OF-PRIVACY-FRIENDLY-SYNTHETIC-DATA/.venv/lib/python3.12/site-packages/sklearn/utils/_array_api.py", line 839, in _asarray_with_order
    array = numpy.asarray(array, order=order, dtype=dtype)
            ^^^^^^^^^^^^^^^^^^^^^^^^^^^^^^^^^^^^^^^^^^^^^^
  File "/mnt/NVMETank/Projects/Students/Dele/A-STUDY-INTO-THE-QUALITY-AND-USABILITY-OF-PRIVACY-FRIENDLY-SYNTHETIC-DATA/.venv/lib/python3.12/site-packages/pandas/core/generic.py", line 2153, in __array__
    arr = np.asarray(values, dtype=dtype)
          ^^^^^^^^^^^^^^^^^^^^^^^^^^^^^^^
ValueError: could not convert string to float: 'blue-collar'
2025-04-22 22:12:41,398 - INFO - [TRAINING] Training KNN on TVAE_HYBRID...
2025-04-22 22:12:41,405 - ERROR -  ERROR Training failed for KNN on TVAE_HYBRID: could not convert string to float: 'blue-collar'
Traceback (most recent call last):
  File "/mnt/NVMETank/Projects/Students/Dele/A-STUDY-INTO-THE-QUALITY-AND-USABILITY-OF-PRIVACY-FRIENDLY-SYNTHETIC-DATA/src/modelOperations/model_training.py", line 53, in train_models
    model_instance.train(X_train, y_train)
  File "/mnt/NVMETank/Projects/Students/Dele/A-STUDY-INTO-THE-QUALITY-AND-USABILITY-OF-PRIVACY-FRIENDLY-SYNTHETIC-DATA/src/modelOperations/models.py", line 33, in train
    self.model.fit(X_train, y_train)
  File "/mnt/NVMETank/Projects/Students/Dele/A-STUDY-INTO-THE-QUALITY-AND-USABILITY-OF-PRIVACY-FRIENDLY-SYNTHETIC-DATA/.venv/lib/python3.12/site-packages/sklearn/base.py", line 1389, in wrapper
    return fit_method(estimator, *args, **kwargs)
           ^^^^^^^^^^^^^^^^^^^^^^^^^^^^^^^^^^^^^^
  File "/mnt/NVMETank/Projects/Students/Dele/A-STUDY-INTO-THE-QUALITY-AND-USABILITY-OF-PRIVACY-FRIENDLY-SYNTHETIC-DATA/.venv/lib/python3.12/site-packages/sklearn/neighbors/_classification.py", line 239, in fit
    return self._fit(X, y)
           ^^^^^^^^^^^^^^^
  File "/mnt/NVMETank/Projects/Students/Dele/A-STUDY-INTO-THE-QUALITY-AND-USABILITY-OF-PRIVACY-FRIENDLY-SYNTHETIC-DATA/.venv/lib/python3.12/site-packages/sklearn/neighbors/_base.py", line 478, in _fit
    X, y = validate_data(
           ^^^^^^^^^^^^^^
  File "/mnt/NVMETank/Projects/Students/Dele/A-STUDY-INTO-THE-QUALITY-AND-USABILITY-OF-PRIVACY-FRIENDLY-SYNTHETIC-DATA/.venv/lib/python3.12/site-packages/sklearn/utils/validation.py", line 2961, in validate_data
    X, y = check_X_y(X, y, **check_params)
           ^^^^^^^^^^^^^^^^^^^^^^^^^^^^^^^
  File "/mnt/NVMETank/Projects/Students/Dele/A-STUDY-INTO-THE-QUALITY-AND-USABILITY-OF-PRIVACY-FRIENDLY-SYNTHETIC-DATA/.venv/lib/python3.12/site-packages/sklearn/utils/validation.py", line 1370, in check_X_y
    X = check_array(
        ^^^^^^^^^^^^
  File "/mnt/NVMETank/Projects/Students/Dele/A-STUDY-INTO-THE-QUALITY-AND-USABILITY-OF-PRIVACY-FRIENDLY-SYNTHETIC-DATA/.venv/lib/python3.12/site-packages/sklearn/utils/validation.py", line 1055, in check_array
    array = _asarray_with_order(array, order=order, dtype=dtype, xp=xp)
            ^^^^^^^^^^^^^^^^^^^^^^^^^^^^^^^^^^^^^^^^^^^^^^^^^^^^^^^^^^^
  File "/mnt/NVMETank/Projects/Students/Dele/A-STUDY-INTO-THE-QUALITY-AND-USABILITY-OF-PRIVACY-FRIENDLY-SYNTHETIC-DATA/.venv/lib/python3.12/site-packages/sklearn/utils/_array_api.py", line 839, in _asarray_with_order
    array = numpy.asarray(array, order=order, dtype=dtype)
            ^^^^^^^^^^^^^^^^^^^^^^^^^^^^^^^^^^^^^^^^^^^^^^
  File "/mnt/NVMETank/Projects/Students/Dele/A-STUDY-INTO-THE-QUALITY-AND-USABILITY-OF-PRIVACY-FRIENDLY-SYNTHETIC-DATA/.venv/lib/python3.12/site-packages/pandas/core/generic.py", line 2153, in __array__
    arr = np.asarray(values, dtype=dtype)
          ^^^^^^^^^^^^^^^^^^^^^^^^^^^^^^^
ValueError: could not convert string to float: 'blue-collar'
2025-04-22 22:12:41,411 - INFO - [TRAINING] Training LogisticRegression on TVAE_HYBRID...
2025-04-22 22:12:41,418 - ERROR -  ERROR Training failed for LogisticRegression on TVAE_HYBRID: could not convert string to float: 'blue-collar'
Traceback (most recent call last):
  File "/mnt/NVMETank/Projects/Students/Dele/A-STUDY-INTO-THE-QUALITY-AND-USABILITY-OF-PRIVACY-FRIENDLY-SYNTHETIC-DATA/src/modelOperations/model_training.py", line 53, in train_models
    model_instance.train(X_train, y_train)
  File "/mnt/NVMETank/Projects/Students/Dele/A-STUDY-INTO-THE-QUALITY-AND-USABILITY-OF-PRIVACY-FRIENDLY-SYNTHETIC-DATA/src/modelOperations/models.py", line 18, in train
    self.model.fit(X_train, y_train)
  File "/mnt/NVMETank/Projects/Students/Dele/A-STUDY-INTO-THE-QUALITY-AND-USABILITY-OF-PRIVACY-FRIENDLY-SYNTHETIC-DATA/.venv/lib/python3.12/site-packages/sklearn/base.py", line 1389, in wrapper
    return fit_method(estimator, *args, **kwargs)
           ^^^^^^^^^^^^^^^^^^^^^^^^^^^^^^^^^^^^^^
  File "/mnt/NVMETank/Projects/Students/Dele/A-STUDY-INTO-THE-QUALITY-AND-USABILITY-OF-PRIVACY-FRIENDLY-SYNTHETIC-DATA/.venv/lib/python3.12/site-packages/sklearn/pipeline.py", line 654, in fit
    Xt = self._fit(X, y, routed_params, raw_params=params)
         ^^^^^^^^^^^^^^^^^^^^^^^^^^^^^^^^^^^^^^^^^^^^^^^^^
  File "/mnt/NVMETank/Projects/Students/Dele/A-STUDY-INTO-THE-QUALITY-AND-USABILITY-OF-PRIVACY-FRIENDLY-SYNTHETIC-DATA/.venv/lib/python3.12/site-packages/sklearn/pipeline.py", line 588, in _fit
    X, fitted_transformer = fit_transform_one_cached(
                            ^^^^^^^^^^^^^^^^^^^^^^^^^
  File "/mnt/NVMETank/Projects/Students/Dele/A-STUDY-INTO-THE-QUALITY-AND-USABILITY-OF-PRIVACY-FRIENDLY-SYNTHETIC-DATA/.venv/lib/python3.12/site-packages/joblib/memory.py", line 312, in __call__
    return self.func(*args, **kwargs)
           ^^^^^^^^^^^^^^^^^^^^^^^^^^
  File "/mnt/NVMETank/Projects/Students/Dele/A-STUDY-INTO-THE-QUALITY-AND-USABILITY-OF-PRIVACY-FRIENDLY-SYNTHETIC-DATA/.venv/lib/python3.12/site-packages/sklearn/pipeline.py", line 1551, in _fit_transform_one
    res = transformer.fit_transform(X, y, **params.get("fit_transform", {}))
          ^^^^^^^^^^^^^^^^^^^^^^^^^^^^^^^^^^^^^^^^^^^^^^^^^^^^^^^^^^^^^^^^^^
  File "/mnt/NVMETank/Projects/Students/Dele/A-STUDY-INTO-THE-QUALITY-AND-USABILITY-OF-PRIVACY-FRIENDLY-SYNTHETIC-DATA/.venv/lib/python3.12/site-packages/sklearn/utils/_set_output.py", line 319, in wrapped
    data_to_wrap = f(self, X, *args, **kwargs)
                   ^^^^^^^^^^^^^^^^^^^^^^^^^^^
  File "/mnt/NVMETank/Projects/Students/Dele/A-STUDY-INTO-THE-QUALITY-AND-USABILITY-OF-PRIVACY-FRIENDLY-SYNTHETIC-DATA/.venv/lib/python3.12/site-packages/sklearn/base.py", line 921, in fit_transform
    return self.fit(X, y, **fit_params).transform(X)
           ^^^^^^^^^^^^^^^^^^^^^^^^^^^^
  File "/mnt/NVMETank/Projects/Students/Dele/A-STUDY-INTO-THE-QUALITY-AND-USABILITY-OF-PRIVACY-FRIENDLY-SYNTHETIC-DATA/.venv/lib/python3.12/site-packages/sklearn/preprocessing/_data.py", line 894, in fit
    return self.partial_fit(X, y, sample_weight)
           ^^^^^^^^^^^^^^^^^^^^^^^^^^^^^^^^^^^^^
  File "/mnt/NVMETank/Projects/Students/Dele/A-STUDY-INTO-THE-QUALITY-AND-USABILITY-OF-PRIVACY-FRIENDLY-SYNTHETIC-DATA/.venv/lib/python3.12/site-packages/sklearn/base.py", line 1389, in wrapper
    return fit_method(estimator, *args, **kwargs)
           ^^^^^^^^^^^^^^^^^^^^^^^^^^^^^^^^^^^^^^
  File "/mnt/NVMETank/Projects/Students/Dele/A-STUDY-INTO-THE-QUALITY-AND-USABILITY-OF-PRIVACY-FRIENDLY-SYNTHETIC-DATA/.venv/lib/python3.12/site-packages/sklearn/preprocessing/_data.py", line 930, in partial_fit
    X = validate_data(
        ^^^^^^^^^^^^^^
  File "/mnt/NVMETank/Projects/Students/Dele/A-STUDY-INTO-THE-QUALITY-AND-USABILITY-OF-PRIVACY-FRIENDLY-SYNTHETIC-DATA/.venv/lib/python3.12/site-packages/sklearn/utils/validation.py", line 2944, in validate_data
    out = check_array(X, input_name="X", **check_params)
          ^^^^^^^^^^^^^^^^^^^^^^^^^^^^^^^^^^^^^^^^^^^^^^
  File "/mnt/NVMETank/Projects/Students/Dele/A-STUDY-INTO-THE-QUALITY-AND-USABILITY-OF-PRIVACY-FRIENDLY-SYNTHETIC-DATA/.venv/lib/python3.12/site-packages/sklearn/utils/validation.py", line 1055, in check_array
    array = _asarray_with_order(array, order=order, dtype=dtype, xp=xp)
            ^^^^^^^^^^^^^^^^^^^^^^^^^^^^^^^^^^^^^^^^^^^^^^^^^^^^^^^^^^^
  File "/mnt/NVMETank/Projects/Students/Dele/A-STUDY-INTO-THE-QUALITY-AND-USABILITY-OF-PRIVACY-FRIENDLY-SYNTHETIC-DATA/.venv/lib/python3.12/site-packages/sklearn/utils/_array_api.py", line 839, in _asarray_with_order
    array = numpy.asarray(array, order=order, dtype=dtype)
            ^^^^^^^^^^^^^^^^^^^^^^^^^^^^^^^^^^^^^^^^^^^^^^
  File "/mnt/NVMETank/Projects/Students/Dele/A-STUDY-INTO-THE-QUALITY-AND-USABILITY-OF-PRIVACY-FRIENDLY-SYNTHETIC-DATA/.venv/lib/python3.12/site-packages/pandas/core/generic.py", line 2153, in __array__
    arr = np.asarray(values, dtype=dtype)
          ^^^^^^^^^^^^^^^^^^^^^^^^^^^^^^^
ValueError: could not convert string to float: 'blue-collar'
2025-04-22 22:12:41,421 - INFO - [TRAINING] Training RandomForest on TVAE_HYBRID...
2025-04-22 22:12:41,430 - ERROR -  ERROR Training failed for RandomForest on TVAE_HYBRID: could not convert string to float: 'blue-collar'
Traceback (most recent call last):
  File "/mnt/NVMETank/Projects/Students/Dele/A-STUDY-INTO-THE-QUALITY-AND-USABILITY-OF-PRIVACY-FRIENDLY-SYNTHETIC-DATA/src/modelOperations/model_training.py", line 53, in train_models
    model_instance.train(X_train, y_train)
  File "/mnt/NVMETank/Projects/Students/Dele/A-STUDY-INTO-THE-QUALITY-AND-USABILITY-OF-PRIVACY-FRIENDLY-SYNTHETIC-DATA/src/modelOperations/models.py", line 48, in train
    self.model.fit(X_train, y_train)
  File "/mnt/NVMETank/Projects/Students/Dele/A-STUDY-INTO-THE-QUALITY-AND-USABILITY-OF-PRIVACY-FRIENDLY-SYNTHETIC-DATA/.venv/lib/python3.12/site-packages/sklearn/base.py", line 1389, in wrapper
    return fit_method(estimator, *args, **kwargs)
           ^^^^^^^^^^^^^^^^^^^^^^^^^^^^^^^^^^^^^^
  File "/mnt/NVMETank/Projects/Students/Dele/A-STUDY-INTO-THE-QUALITY-AND-USABILITY-OF-PRIVACY-FRIENDLY-SYNTHETIC-DATA/.venv/lib/python3.12/site-packages/sklearn/ensemble/_forest.py", line 360, in fit
    X, y = validate_data(
           ^^^^^^^^^^^^^^
  File "/mnt/NVMETank/Projects/Students/Dele/A-STUDY-INTO-THE-QUALITY-AND-USABILITY-OF-PRIVACY-FRIENDLY-SYNTHETIC-DATA/.venv/lib/python3.12/site-packages/sklearn/utils/validation.py", line 2961, in validate_data
    X, y = check_X_y(X, y, **check_params)
           ^^^^^^^^^^^^^^^^^^^^^^^^^^^^^^^
  File "/mnt/NVMETank/Projects/Students/Dele/A-STUDY-INTO-THE-QUALITY-AND-USABILITY-OF-PRIVACY-FRIENDLY-SYNTHETIC-DATA/.venv/lib/python3.12/site-packages/sklearn/utils/validation.py", line 1370, in check_X_y
    X = check_array(
        ^^^^^^^^^^^^
  File "/mnt/NVMETank/Projects/Students/Dele/A-STUDY-INTO-THE-QUALITY-AND-USABILITY-OF-PRIVACY-FRIENDLY-SYNTHETIC-DATA/.venv/lib/python3.12/site-packages/sklearn/utils/validation.py", line 1055, in check_array
    array = _asarray_with_order(array, order=order, dtype=dtype, xp=xp)
            ^^^^^^^^^^^^^^^^^^^^^^^^^^^^^^^^^^^^^^^^^^^^^^^^^^^^^^^^^^^
  File "/mnt/NVMETank/Projects/Students/Dele/A-STUDY-INTO-THE-QUALITY-AND-USABILITY-OF-PRIVACY-FRIENDLY-SYNTHETIC-DATA/.venv/lib/python3.12/site-packages/sklearn/utils/_array_api.py", line 839, in _asarray_with_order
    array = numpy.asarray(array, order=order, dtype=dtype)
            ^^^^^^^^^^^^^^^^^^^^^^^^^^^^^^^^^^^^^^^^^^^^^^
  File "/mnt/NVMETank/Projects/Students/Dele/A-STUDY-INTO-THE-QUALITY-AND-USABILITY-OF-PRIVACY-FRIENDLY-SYNTHETIC-DATA/.venv/lib/python3.12/site-packages/pandas/core/generic.py", line 2153, in __array__
    arr = np.asarray(values, dtype=dtype)
          ^^^^^^^^^^^^^^^^^^^^^^^^^^^^^^^
ValueError: could not convert string to float: 'blue-collar'
2025-04-22 22:12:41,435 - INFO - [TRAINING] Finished training 0 model(s) for dataset: TVAE_HYBRID
2025-04-22 22:12:41,436 - INFO - [TRAINING] Total models trained across all datasets: 12
2025-04-22 22:12:41,436 - INFO - [UTILITY] Trained model names: ['Original', 'CTGAN', 'TVAE', 'CTGAN_HYBRID', 'TVAE_HYBRID']
2025-04-22 22:12:41,436 - INFO - [UTILITY] Model Training Completed.
2025-04-22 22:12:41,437 - INFO - Starting the Evaluating of models...
2025-04-22 22:12:41,437 - INFO - Preparing evaluation for model 'DecisionTree' across all datasets...
2025-04-22 22:12:41,438 - INFO - Evaluating DecisionTree on Original...
2025-04-22 22:12:41,441 - INFO - Predictions completed for DecisionTree on Original
2025-04-22 22:12:41,442 - INFO - Prediction distribution for DecisionTree on Original: {'no': 7959, 'yes': 1084}
2025-04-22 22:12:41,607 - INFO - Computed 8 metric(s) for DecisionTree on Original
2025-04-22 22:12:41,607 - INFO - Evaluating DecisionTree on CTGAN...
2025-04-22 22:12:41,611 - INFO - Predictions completed for DecisionTree on CTGAN
2025-04-22 22:12:41,612 - INFO - Prediction distribution for DecisionTree on CTGAN: {'no': 8035, 'yes': 1008}
2025-04-22 22:12:41,776 - INFO - Computed 8 metric(s) for DecisionTree on CTGAN
2025-04-22 22:12:41,777 - INFO - Evaluating DecisionTree on TVAE...
2025-04-22 22:12:41,780 - INFO - Predictions completed for DecisionTree on TVAE
2025-04-22 22:12:41,781 - INFO - Prediction distribution for DecisionTree on TVAE: {'no': 8144, 'yes': 899}
2025-04-22 22:12:41,945 - INFO - Computed 8 metric(s) for DecisionTree on TVAE
2025-04-22 22:12:41,945 - INFO - Preparing evaluation for model 'KNN' across all datasets...
2025-04-22 22:12:41,946 - INFO - Evaluating KNN on Original...
2025-04-22 22:12:45,920 - INFO - Predictions completed for KNN on Original
2025-04-22 22:12:45,922 - INFO - Prediction distribution for KNN on Original: {'no': 8435, 'yes': 608}
2025-04-22 22:12:52,134 - INFO - Computed 8 metric(s) for KNN on Original
2025-04-22 22:12:52,134 - INFO - Evaluating KNN on CTGAN...
2025-04-22 22:12:55,507 - INFO - Predictions completed for KNN on CTGAN
2025-04-22 22:12:55,509 - INFO - Prediction distribution for KNN on CTGAN: {'no': 8685, 'yes': 358}
2025-04-22 22:13:03,609 - INFO - Computed 8 metric(s) for KNN on CTGAN
2025-04-22 22:13:03,614 - INFO - Evaluating KNN on TVAE...
2025-04-22 22:13:09,095 - INFO - Predictions completed for KNN on TVAE
2025-04-22 22:13:09,096 - INFO - Prediction distribution for KNN on TVAE: {'no': 8630, 'yes': 413}
2025-04-22 22:13:19,583 - INFO - Computed 8 metric(s) for KNN on TVAE
2025-04-22 22:13:19,583 - INFO - Preparing evaluation for model 'LogisticRegression' across all datasets...
2025-04-22 22:13:19,584 - INFO - Evaluating LogisticRegression on Original...
2025-04-22 22:13:19,587 - INFO - Predictions completed for LogisticRegression on Original
2025-04-22 22:13:19,597 - INFO - Prediction distribution for LogisticRegression on Original: {'no': 8497, 'yes': 546}
2025-04-22 22:13:19,995 - INFO - Computed 8 metric(s) for LogisticRegression on Original
2025-04-22 22:13:19,995 - INFO - Evaluating LogisticRegression on CTGAN...
2025-04-22 22:13:20,002 - INFO - Predictions completed for LogisticRegression on CTGAN
2025-04-22 22:13:20,007 - INFO - Prediction distribution for LogisticRegression on CTGAN: {'no': 8687, 'yes': 356}
2025-04-22 22:13:20,363 - INFO - Computed 8 metric(s) for LogisticRegression on CTGAN
2025-04-22 22:13:20,367 - INFO - Evaluating LogisticRegression on TVAE...
2025-04-22 22:13:20,370 - INFO - Predictions completed for LogisticRegression on TVAE
2025-04-22 22:13:20,371 - INFO - Prediction distribution for LogisticRegression on TVAE: {'no': 8312, 'yes': 731}
2025-04-22 22:13:20,828 - INFO - Computed 8 metric(s) for LogisticRegression on TVAE
2025-04-22 22:13:20,832 - INFO - Preparing evaluation for model 'RandomForest' across all datasets...
2025-04-22 22:13:20,832 - INFO - Evaluating RandomForest on Original...
2025-04-22 22:13:21,117 - INFO - Predictions completed for RandomForest on Original
2025-04-22 22:13:21,121 - INFO - Prediction distribution for RandomForest on Original: {'no': 8419, 'yes': 624}
2025-04-22 22:13:22,135 - INFO - Computed 8 metric(s) for RandomForest on Original
2025-04-22 22:13:22,139 - INFO - Evaluating RandomForest on CTGAN...
2025-04-22 22:13:22,430 - INFO - Predictions completed for RandomForest on CTGAN
2025-04-22 22:13:22,431 - INFO - Prediction distribution for RandomForest on CTGAN: {'no': 8763, 'yes': 280}
2025-04-22 22:13:23,487 - INFO - Computed 8 metric(s) for RandomForest on CTGAN
2025-04-22 22:13:23,487 - INFO - Evaluating RandomForest on TVAE...
2025-04-22 22:13:23,713 - INFO - Predictions completed for RandomForest on TVAE
2025-04-22 22:13:23,714 - INFO - Prediction distribution for RandomForest on TVAE: {'no': 8566, 'yes': 477}
2025-04-22 22:13:24,504 - INFO - Computed 8 metric(s) for RandomForest on TVAE
2025-04-22 22:13:24,520 - INFO - Evaluation completed for all models.
2025-04-22 22:13:24,520 - INFO - Model evaluation completed in 43.08 seconds.
2025-04-22 22:13:24,527 - INFO - Evaluated models: ['DecisionTree', 'KNN', 'LogisticRegression', 'RandomForest']
2025-04-22 22:13:24,528 - INFO - Model Training and Evaluation completed.
2025-04-22 22:13:26,079 - INFO -  Visualizations saved.
2025-04-22 22:13:26,079 - INFO -  Benchmarking Completed. Results saved in output folder.
