2025-04-22 18:04:57,679 - INFO - Loaded config file: configs/generated_configs/bankMarketing/bankMarketing_synth_ep50_rows1x.yaml
2025-04-22 18:04:57,679 - INFO -  Benchmarking started for dataset: bankMarketing
2025-04-22 18:04:57,679 - INFO - Using dataset path: /mnt/NVMETank/Projects/Students/Dele/A-STUDY-INTO-THE-QUALITY-AND-USABILITY-OF-PRIVACY-FRIENDLY-SYNTHETIC-DATA/datasets/original/bankMarketing.csv
2025-04-22 18:04:57,679 - INFO - Target column: y, separator: ';'
2025-04-22 18:04:57,679 - INFO - Configuration loaded: enable_anonymization = False, enable_synthesis = True, enable_hybrid = True, enable_utility = True, delete_after_evaluation = False
2025-04-22 18:04:57,679 - INFO - Running preprocessing...
2025-04-22 18:04:57,683 - INFO - [PREPROCESSING] No preprocessed files found. Starting full preprocessing pipeline...
2025-04-22 18:04:57,789 - INFO - [PREPROCESSING] Missing value handling strategy: 'drop' applied.
2025-04-22 18:04:57,820 - INFO - [PREPROCESSING] Split data into train (36168 rows) and test (9043 rows). Test size: 0.2
2025-04-22 18:04:58,678 - INFO -  [PREPROCESSING] Saved raw train set to: datasets/train/bankMarketing_train_raw.csv
2025-04-22 18:04:58,678 - INFO -  [PREPROCESSING] Saved encoder to: artifacts/bankMarketing_binary_encoder.pkl
2025-04-22 18:04:58,678 - INFO -  [PREPROCESSING]Saved encoded train set to: datasets/cleaned/bankMarketing_cleaned.csv
2025-04-22 18:04:58,678 - INFO -  [PREPROCESSING] Saved encoded test set to: datasets/test/bankMarketing_test_set.csv
2025-04-22 18:04:58,678 - INFO - [PREPROCESSING] run_preprocessing finished executing.
2025-04-22 18:04:58,705 - INFO - Preprocessing completed. Rows before: 45211, after: 36168
2025-04-22 18:04:58,705 - INFO - Preprocessed data saved to: outputs/batch/bankMarketing_batch_2025-04-22_18-04-53/bankMarketing_synth_ep50_rows1x/preprocessing_report.txt
2025-04-22 18:04:58,705 - INFO - enable_anonymization = False
2025-04-22 18:04:58,705 - INFO - Anonymization Skipped (Disabled in Configuration).
2025-04-22 18:04:58,705 - INFO - enable_synthetic_generation = True
2025-04-22 18:04:58,705 - INFO - Starting standard Synthetic Data Generation pipeline...
2025-04-22 18:04:58,705 - INFO - Executing run_synthetic.....
2025-04-22 18:04:58,705 - INFO - [SYNTHETIC PIPELINE] executing run_synthetic for bankMarketing...
2025-04-22 18:04:58,705 - INFO - [SYNTHETIC] Processing dataset: bankMarketing
2025-04-22 18:04:58,705 - INFO - [SYNTHETIC] Original dataset size: 36168 rows
2025-04-22 18:04:58,741 - INFO - Detected metadata:
2025-04-22 18:04:58,741 - INFO - {
    "columns": {
        "age": {
            "sdtype": "numerical"
        },
        "job_0": {
            "sdtype": "categorical"
        },
        "job_1": {
            "sdtype": "categorical"
        },
        "job_2": {
            "sdtype": "categorical"
        },
        "job_3": {
            "sdtype": "categorical"
        },
        "marital_0": {
            "sdtype": "categorical"
        },
        "marital_1": {
            "sdtype": "categorical"
        },
        "education_0": {
            "sdtype": "categorical"
        },
        "education_1": {
            "sdtype": "categorical"
        },
        "education_2": {
            "sdtype": "categorical"
        },
        "default_0": {
            "sdtype": "categorical"
        },
        "default_1": {
            "sdtype": "categorical"
        },
        "balance": {
            "sdtype": "numerical"
        },
        "housing_0": {
            "sdtype": "categorical"
        },
        "housing_1": {
            "sdtype": "categorical"
        },
        "loan_0": {
            "sdtype": "categorical"
        },
        "loan_1": {
            "sdtype": "categorical"
        },
        "contact_0": {
            "sdtype": "categorical"
        },
        "contact_1": {
            "sdtype": "categorical"
        },
        "day": {
            "sdtype": "numerical"
        },
        "month_0": {
            "sdtype": "categorical"
        },
        "month_1": {
            "sdtype": "categorical"
        },
        "month_2": {
            "sdtype": "categorical"
        },
        "month_3": {
            "sdtype": "categorical"
        },
        "duration": {
            "sdtype": "numerical"
        },
        "campaign": {
            "sdtype": "numerical"
        },
        "pdays": {
            "sdtype": "numerical"
        },
        "previous": {
            "sdtype": "numerical"
        },
        "poutcome_0": {
            "sdtype": "categorical"
        },
        "poutcome_1": {
            "sdtype": "categorical"
        },
        "poutcome_2": {
            "sdtype": "categorical"
        },
        "y": {
            "sdtype": "categorical"
        }
    },
    "METADATA_SPEC_VERSION": "SINGLE_TABLE_V1"
}
2025-04-22 18:04:58,741 - INFO - [SYNTHETIC] Preparing synthesizer: CTGAN
2025-04-22 18:04:58,741 - INFO - [SYNTHETIC] Params from config: {'epochs': 50}
2025-04-22 18:04:58,741 - INFO -  [SYNTHETIC] No pre-trained synthesizer found
2025-04-22 18:04:58,741 - INFO - [SYNTHETIC] Training new CTGAN synthesizer from scratch...
2025-04-22 18:04:58,741 - WARNING - [FutureWarning] The 'SingleTableMetadata' is deprecated. Please use the new 'Metadata' class for synthesizers. (from /mnt/NVMETank/Projects/Students/Dele/A-STUDY-INTO-THE-QUALITY-AND-USABILITY-OF-PRIVACY-FRIENDLY-SYNTHETIC-DATA/.venv/lib/python3.12/site-packages/sdv/single_table/base.py:119)
2025-04-22 18:04:58,741 - WARNING - [UserWarning] We strongly recommend saving the metadata using 'save_to_json' for replicability in future SDV versions. (from /mnt/NVMETank/Projects/Students/Dele/A-STUDY-INTO-THE-QUALITY-AND-USABILITY-OF-PRIVACY-FRIENDLY-SYNTHETIC-DATA/.venv/lib/python3.12/site-packages/sdv/single_table/base.py:104)
2025-04-22 18:04:58,745 - INFO - {'EVENT': 'Instance', 'TIMESTAMP': datetime.datetime(2025, 4, 22, 18, 4, 58, 745827), 'SYNTHESIZER CLASS NAME': 'CTGANSynthesizer', 'SYNTHESIZER ID': 'CTGANSynthesizer_1.18.0_393b70b562b04784b460e88bf2031207'}
2025-04-22 18:04:58,745 - INFO - [SYNTHETIC] CTGAN initialized with epochs: 50
2025-04-22 18:04:58,745 - INFO - [SYNTHETIC] Training parameters for CTGAN: {}
2025-04-22 18:04:58,746 - INFO - [SYNTHETIC] fitting CTGAN 
2025-04-22 18:04:58,746 - INFO - {'EVENT': 'Fit', 'TIMESTAMP': datetime.datetime(2025, 4, 22, 18, 4, 58, 746038), 'SYNTHESIZER CLASS NAME': 'CTGANSynthesizer', 'SYNTHESIZER ID': 'CTGANSynthesizer_1.18.0_393b70b562b04784b460e88bf2031207', 'TOTAL NUMBER OF TABLES': 1, 'TOTAL NUMBER OF ROWS': 36168, 'TOTAL NUMBER OF COLUMNS': 32}
2025-04-22 18:04:58,833 - INFO - Fitting table  metadata
2025-04-22 18:04:58,837 - INFO - Fitting formatters for table 
2025-04-22 18:04:58,844 - INFO - Fitting constraints for table 
2025-04-22 18:04:58,844 - INFO - Setting the configuration for the ``HyperTransformer`` for table 
2025-04-22 18:04:58,847 - INFO - Fitting HyperTransformer for table 
2025-04-22 18:04:59,163 - INFO - {'EVENT': 'Fit processed data', 'TIMESTAMP': datetime.datetime(2025, 4, 22, 18, 4, 59, 163768), 'SYNTHESIZER CLASS NAME': 'CTGANSynthesizer', 'SYNTHESIZER ID': 'CTGANSynthesizer_1.18.0_393b70b562b04784b460e88bf2031207', 'TOTAL NUMBER OF TABLES': 1, 'TOTAL NUMBER OF ROWS': 36168, 'TOTAL NUMBER OF COLUMNS': 32}
2025-04-22 18:04:59,415 - INFO - Guidance: There are no missing values in column age. Extra column not created.
2025-04-22 18:07:29,763 - INFO - Guidance: There are no missing values in column balance. Extra column not created.
2025-04-22 18:10:09,932 - INFO - Guidance: There are no missing values in column day. Extra column not created.
2025-04-22 18:12:43,410 - INFO - Guidance: There are no missing values in column duration. Extra column not created.
2025-04-22 18:14:53,267 - INFO - Guidance: There are no missing values in column campaign. Extra column not created.
2025-04-22 18:16:36,323 - INFO - Guidance: There are no missing values in column pdays. Extra column not created.
2025-04-22 18:18:28,833 - INFO - Guidance: There are no missing values in column previous. Extra column not created.
2025-04-22 18:28:00,571 - INFO - [SYNTHETIC] Fitting complete for CTGAN. Duration: 1381.82 seconds.
2025-04-22 18:28:00,571 - INFO - [SYNTHETIC] CONFIRMATION CTGAN actually trained with epochs = 50
2025-04-22 18:28:00,571 - INFO - {'EVENT': 'Save', 'TIMESTAMP': datetime.datetime(2025, 4, 22, 18, 28, 0, 571256), 'SYNTHESIZER CLASS NAME': 'CTGANSynthesizer', 'SYNTHESIZER ID': 'CTGANSynthesizer_1.18.0_393b70b562b04784b460e88bf2031207'}
2025-04-22 18:28:00,623 - INFO - [SYNTHETIC] CTGAN trained and saved.
2025-04-22 18:28:00,623 - INFO - [SYNTHETIC] Preparing synthesizer: TVAE
2025-04-22 18:28:00,623 - INFO - [SYNTHETIC] Params from config: {'epochs': 50}
2025-04-22 18:28:00,623 - INFO -  [SYNTHETIC] No pre-trained synthesizer found
2025-04-22 18:28:00,623 - INFO - [SYNTHETIC] Training new TVAE synthesizer from scratch...
2025-04-22 18:28:00,623 - WARNING - [FutureWarning] The 'SingleTableMetadata' is deprecated. Please use the new 'Metadata' class for synthesizers. (from /mnt/NVMETank/Projects/Students/Dele/A-STUDY-INTO-THE-QUALITY-AND-USABILITY-OF-PRIVACY-FRIENDLY-SYNTHETIC-DATA/.venv/lib/python3.12/site-packages/sdv/single_table/base.py:119)
2025-04-22 18:28:00,626 - INFO - {'EVENT': 'Instance', 'TIMESTAMP': datetime.datetime(2025, 4, 22, 18, 28, 0, 626508), 'SYNTHESIZER CLASS NAME': 'TVAESynthesizer', 'SYNTHESIZER ID': 'TVAESynthesizer_1.18.0_0c1bc26fa004458280ef17d1b2f0425a'}
2025-04-22 18:28:00,626 - INFO - [SYNTHETIC] TVAE initialized with epochs: 50
2025-04-22 18:28:00,626 - INFO - [SYNTHETIC] Training parameters for TVAE: {}
2025-04-22 18:28:00,626 - INFO - [SYNTHETIC] fitting TVAE 
2025-04-22 18:28:00,626 - INFO - {'EVENT': 'Fit', 'TIMESTAMP': datetime.datetime(2025, 4, 22, 18, 28, 0, 626721), 'SYNTHESIZER CLASS NAME': 'TVAESynthesizer', 'SYNTHESIZER ID': 'TVAESynthesizer_1.18.0_0c1bc26fa004458280ef17d1b2f0425a', 'TOTAL NUMBER OF TABLES': 1, 'TOTAL NUMBER OF ROWS': 36168, 'TOTAL NUMBER OF COLUMNS': 32}
2025-04-22 18:28:00,706 - INFO - Fitting table  metadata
2025-04-22 18:28:00,708 - INFO - Fitting formatters for table 
2025-04-22 18:28:00,711 - INFO - Fitting constraints for table 
2025-04-22 18:28:00,711 - INFO - Setting the configuration for the ``HyperTransformer`` for table 
2025-04-22 18:28:00,714 - INFO - Fitting HyperTransformer for table 
2025-04-22 18:28:00,782 - INFO - {'EVENT': 'Fit processed data', 'TIMESTAMP': datetime.datetime(2025, 4, 22, 18, 28, 0, 782776), 'SYNTHESIZER CLASS NAME': 'TVAESynthesizer', 'SYNTHESIZER ID': 'TVAESynthesizer_1.18.0_0c1bc26fa004458280ef17d1b2f0425a', 'TOTAL NUMBER OF TABLES': 1, 'TOTAL NUMBER OF ROWS': 36168, 'TOTAL NUMBER OF COLUMNS': 32}
2025-04-22 18:28:00,785 - INFO - Guidance: There are no missing values in column age. Extra column not created.
2025-04-22 18:28:26,419 - INFO - Guidance: There are no missing values in column balance. Extra column not created.
2025-04-22 18:28:52,578 - INFO - Guidance: There are no missing values in column day. Extra column not created.
2025-04-22 18:29:18,297 - INFO - Guidance: There are no missing values in column duration. Extra column not created.
2025-04-22 18:29:44,562 - INFO - Guidance: There are no missing values in column campaign. Extra column not created.
2025-04-22 18:30:18,565 - INFO - Guidance: There are no missing values in column pdays. Extra column not created.
2025-04-22 18:30:46,893 - INFO - Guidance: There are no missing values in column previous. Extra column not created.
2025-04-22 18:31:58,080 - INFO - [SYNTHETIC] Fitting complete for TVAE. Duration: 237.45 seconds.
2025-04-22 18:31:58,080 - INFO - [SYNTHETIC] CONFIRMATION TVAE actually trained with epochs = 50
2025-04-22 18:31:58,080 - INFO - {'EVENT': 'Save', 'TIMESTAMP': datetime.datetime(2025, 4, 22, 18, 31, 58, 80951), 'SYNTHESIZER CLASS NAME': 'TVAESynthesizer', 'SYNTHESIZER ID': 'TVAESynthesizer_1.18.0_0c1bc26fa004458280ef17d1b2f0425a'}
2025-04-22 18:31:58,133 - INFO - [SYNTHETIC] TVAE trained and saved.
2025-04-22 18:31:58,133 - INFO - [SYNTHETIC] Using CTGAN to generate 36168 rows...
2025-04-22 18:32:02,571 - INFO - {'EVENT': 'Sample', 'TIMESTAMP': datetime.datetime(2025, 4, 22, 18, 31, 58, 133797), 'SYNTHESIZER CLASS NAME': 'CTGANSynthesizer', 'SYNTHESIZER ID': 'CTGANSynthesizer_1.18.0_393b70b562b04784b460e88bf2031207', 'TOTAL NUMBER OF TABLES': 1, 'TOTAL NUMBER OF ROWS': 36168, 'TOTAL NUMBER OF COLUMNS': 32}
2025-04-22 18:32:02,571 - INFO - [SYNTHETIC] CTGAN completed: 36168 rows generated.
2025-04-22 18:32:02,573 - INFO - [SYNTHETIC] Target class distribution for CTGAN: {'no': 28397, 'yes': 7771}
2025-04-22 18:32:02,573 - INFO - [SYNTHETIC] Using TVAE to generate 36168 rows...
2025-04-22 18:32:03,164 - INFO - {'EVENT': 'Sample', 'TIMESTAMP': datetime.datetime(2025, 4, 22, 18, 32, 2, 573724), 'SYNTHESIZER CLASS NAME': 'TVAESynthesizer', 'SYNTHESIZER ID': 'TVAESynthesizer_1.18.0_0c1bc26fa004458280ef17d1b2f0425a', 'TOTAL NUMBER OF TABLES': 1, 'TOTAL NUMBER OF ROWS': 36168, 'TOTAL NUMBER OF COLUMNS': 32}
2025-04-22 18:32:03,164 - INFO - [SYNTHETIC] TVAE completed: 36168 rows generated.
2025-04-22 18:32:03,165 - INFO - [SYNTHETIC] Target class distribution for TVAE: {'no': 33197, 'yes': 2971}
2025-04-22 18:32:03,166 - INFO - [SYNTHETIC PIPELINE] Synthetic Data Generation Completed.
2025-04-22 18:32:03,166 - INFO - [SYNTHETIC PIPELINE] Synthesizers used: ['CTGAN', 'TVAE']
2025-04-22 18:32:03,166 - INFO - [SYNTHETIC PIPELINE] Evaluating synthetic dataset generated by CTGAN...
2025-04-22 18:32:03,166 - INFO - [SYNTHETIC EVAL] Real data columns     (32): ['age', 'job_0', 'job_1', 'job_2', 'job_3', 'marital_0', 'marital_1', 'education_0', 'education_1', 'education_2', 'default_0', 'default_1', 'balance', 'housing_0', 'housing_1', 'loan_0', 'loan_1', 'contact_0', 'contact_1', 'day', 'month_0', 'month_1', 'month_2', 'month_3', 'duration', 'campaign', 'pdays', 'previous', 'poutcome_0', 'poutcome_1', 'poutcome_2', 'y']
2025-04-22 18:32:03,166 - INFO - [SYNTHETIC EVAL] Synthetic data columns (32): ['age', 'job_0', 'job_1', 'job_2', 'job_3', 'marital_0', 'marital_1', 'education_0', 'education_1', 'education_2', 'default_0', 'default_1', 'balance', 'housing_0', 'housing_1', 'loan_0', 'loan_1', 'contact_0', 'contact_1', 'day', 'month_0', 'month_1', 'month_2', 'month_3', 'duration', 'campaign', 'pdays', 'previous', 'poutcome_0', 'poutcome_1', 'poutcome_2', 'y']
2025-04-22 18:32:03,166 - INFO - [SYNTHETIC EVAL] Metadata columns      (32): ['age', 'job_0', 'job_1', 'job_2', 'job_3', 'marital_0', 'marital_1', 'education_0', 'education_1', 'education_2', 'default_0', 'default_1', 'balance', 'housing_0', 'housing_1', 'loan_0', 'loan_1', 'contact_0', 'contact_1', 'day', 'month_0', 'month_1', 'month_2', 'month_3', 'duration', 'campaign', 'pdays', 'previous', 'poutcome_0', 'poutcome_1', 'poutcome_2', 'y']
2025-04-22 18:32:03,166 - INFO - [SYNTHETIC EVAL] Shape — Real: (36168, 32), Synthetic: (36168, 32)
2025-04-22 18:32:03,167 - INFO - [SYNTHETIC EVAL] Metadata structure:
{
  "columns": {
    "age": {
      "sdtype": "numerical"
    },
    "job_0": {
      "sdtype": "categorical"
    },
    "job_1": {
      "sdtype": "categorical"
    },
    "job_2": {
      "sdtype": "categorical"
    },
    "job_3": {
      "sdtype": "categorical"
    },
    "marital_0": {
      "sdtype": "categorical"
    },
    "marital_1": {
      "sdtype": "categorical"
    },
    "education_0": {
      "sdtype": "categorical"
    },
    "education_1": {
      "sdtype": "categorical"
    },
    "education_2": {
      "sdtype": "categorical"
    },
    "default_0": {
      "sdtype": "categorical"
    },
    "default_1": {
      "sdtype": "categorical"
    },
    "balance": {
      "sdtype": "numerical"
    },
    "housing_0": {
      "sdtype": "categorical"
    },
    "housing_1": {
      "sdtype": "categorical"
    },
    "loan_0": {
      "sdtype": "categorical"
    },
    "loan_1": {
      "sdtype": "categorical"
    },
    "contact_0": {
      "sdtype": "categorical"
    },
    "contact_1": {
      "sdtype": "categorical"
    },
    "day": {
      "sdtype": "numerical"
    },
    "month_0": {
      "sdtype": "categorical"
    },
    "month_1": {
      "sdtype": "categorical"
    },
    "month_2": {
      "sdtype": "categorical"
    },
    "month_3": {
      "sdtype": "categorical"
    },
    "duration": {
      "sdtype": "numerical"
    },
    "campaign": {
      "sdtype": "numerical"
    },
    "pdays": {
      "sdtype": "numerical"
    },
    "previous": {
      "sdtype": "numerical"
    },
    "poutcome_0": {
      "sdtype": "categorical"
    },
    "poutcome_1": {
      "sdtype": "categorical"
    },
    "poutcome_2": {
      "sdtype": "categorical"
    },
    "y": {
      "sdtype": "categorical"
    }
  },
  "METADATA_SPEC_VERSION": "SINGLE_TABLE_V1"
}
2025-04-22 18:32:05,077 - INFO - [SYNTHETIC PIPELINE] Evaluating synthetic dataset generated by TVAE...
2025-04-22 18:32:05,077 - INFO - [SYNTHETIC EVAL] Real data columns     (32): ['age', 'job_0', 'job_1', 'job_2', 'job_3', 'marital_0', 'marital_1', 'education_0', 'education_1', 'education_2', 'default_0', 'default_1', 'balance', 'housing_0', 'housing_1', 'loan_0', 'loan_1', 'contact_0', 'contact_1', 'day', 'month_0', 'month_1', 'month_2', 'month_3', 'duration', 'campaign', 'pdays', 'previous', 'poutcome_0', 'poutcome_1', 'poutcome_2', 'y']
2025-04-22 18:32:05,077 - INFO - [SYNTHETIC EVAL] Synthetic data columns (32): ['age', 'job_0', 'job_1', 'job_2', 'job_3', 'marital_0', 'marital_1', 'education_0', 'education_1', 'education_2', 'default_0', 'default_1', 'balance', 'housing_0', 'housing_1', 'loan_0', 'loan_1', 'contact_0', 'contact_1', 'day', 'month_0', 'month_1', 'month_2', 'month_3', 'duration', 'campaign', 'pdays', 'previous', 'poutcome_0', 'poutcome_1', 'poutcome_2', 'y']
2025-04-22 18:32:05,078 - INFO - [SYNTHETIC EVAL] Metadata columns      (32): ['age', 'job_0', 'job_1', 'job_2', 'job_3', 'marital_0', 'marital_1', 'education_0', 'education_1', 'education_2', 'default_0', 'default_1', 'balance', 'housing_0', 'housing_1', 'loan_0', 'loan_1', 'contact_0', 'contact_1', 'day', 'month_0', 'month_1', 'month_2', 'month_3', 'duration', 'campaign', 'pdays', 'previous', 'poutcome_0', 'poutcome_1', 'poutcome_2', 'y']
2025-04-22 18:32:05,078 - INFO - [SYNTHETIC EVAL] Shape — Real: (36168, 32), Synthetic: (36168, 32)
2025-04-22 18:32:05,078 - INFO - [SYNTHETIC EVAL] Metadata structure:
{
  "columns": {
    "age": {
      "sdtype": "numerical"
    },
    "job_0": {
      "sdtype": "categorical"
    },
    "job_1": {
      "sdtype": "categorical"
    },
    "job_2": {
      "sdtype": "categorical"
    },
    "job_3": {
      "sdtype": "categorical"
    },
    "marital_0": {
      "sdtype": "categorical"
    },
    "marital_1": {
      "sdtype": "categorical"
    },
    "education_0": {
      "sdtype": "categorical"
    },
    "education_1": {
      "sdtype": "categorical"
    },
    "education_2": {
      "sdtype": "categorical"
    },
    "default_0": {
      "sdtype": "categorical"
    },
    "default_1": {
      "sdtype": "categorical"
    },
    "balance": {
      "sdtype": "numerical"
    },
    "housing_0": {
      "sdtype": "categorical"
    },
    "housing_1": {
      "sdtype": "categorical"
    },
    "loan_0": {
      "sdtype": "categorical"
    },
    "loan_1": {
      "sdtype": "categorical"
    },
    "contact_0": {
      "sdtype": "categorical"
    },
    "contact_1": {
      "sdtype": "categorical"
    },
    "day": {
      "sdtype": "numerical"
    },
    "month_0": {
      "sdtype": "categorical"
    },
    "month_1": {
      "sdtype": "categorical"
    },
    "month_2": {
      "sdtype": "categorical"
    },
    "month_3": {
      "sdtype": "categorical"
    },
    "duration": {
      "sdtype": "numerical"
    },
    "campaign": {
      "sdtype": "numerical"
    },
    "pdays": {
      "sdtype": "numerical"
    },
    "previous": {
      "sdtype": "numerical"
    },
    "poutcome_0": {
      "sdtype": "categorical"
    },
    "poutcome_1": {
      "sdtype": "categorical"
    },
    "poutcome_2": {
      "sdtype": "categorical"
    },
    "y": {
      "sdtype": "categorical"
    }
  },
  "METADATA_SPEC_VERSION": "SINGLE_TABLE_V1"
}
2025-04-22 18:32:06,979 - INFO -  [SYNTHETIC PIPELINE]  Synthetic Data Evaluation Completed.
2025-04-22 18:32:06,985 - INFO -  [SYNTHETIC PIPELINE] Synthetic Data Report Generated Successfully.
2025-04-22 18:32:07,151 - INFO - Synthetic data generated with 2 synthesizer(s).
2025-04-22 18:32:07,151 - INFO - Running Hybrid Pipeline...
2025-04-22 18:32:07,151 - INFO -  [HYBRID] Executing run_hybrid...
2025-04-22 18:32:07,151 - INFO -  [HYBRID] Looking for encoded anonymized data in /mnt/NVMETank/Projects/Students/Dele/A-STUDY-INTO-THE-QUALITY-AND-USABILITY-OF-PRIVACY-FRIENDLY-SYNTHETIC-DATA/datasets/anonymized/bankMarketing_k10_l2_sup10_anonymized_encoded.csv
2025-04-22 18:32:07,151 - INFO -  [HYBRID] No anonymized CSV - running ARX anonymization on datasets/train/bankMarketing_train_raw.csv …
2025-04-22 18:32:08,655 - INFO -  [HYBRID] Anonymization of datasets/train/bankMarketing_train_raw.csv successful, data saved to /mnt/NVMETank/Projects/Students/Dele/A-STUDY-INTO-THE-QUALITY-AND-USABILITY-OF-PRIVACY-FRIENDLY-SYNTHETIC-DATA/datasets/anonymized/bankMarketing_k10_l2_sup10_anonymized.csv
2025-04-22 18:32:08,655 - INFO -  [HYBRID] Attempting post-processing of /mnt/NVMETank/Projects/Students/Dele/A-STUDY-INTO-THE-QUALITY-AND-USABILITY-OF-PRIVACY-FRIENDLY-SYNTHETIC-DATA/datasets/anonymized/bankMarketing_k10_l2_sup10_anonymized.csv …
2025-04-22 18:32:08,655 - INFO -  [POSTPROCESSING] Postprocessing anonymized data: /mnt/NVMETank/Projects/Students/Dele/A-STUDY-INTO-THE-QUALITY-AND-USABILITY-OF-PRIVACY-FRIENDLY-SYNTHETIC-DATA/datasets/anonymized/bankMarketing_k10_l2_sup10_anonymized.csv
2025-04-22 18:32:08,685 - INFO -  [POSTPROCESSING] Loaded anonymized data: (36168, 17)
2025-04-22 18:32:08,764 - INFO -  [POSTPROCESSING] Loaded fallback maps from training data. Categorical cols: 10, Numeric cols: 7
2025-04-22 18:32:08,764 - INFO -  [POSTPROCESSING] Normalizing anonymized data using ARX artifact cleaning and fallback values.
2025-04-22 18:32:09,465 - INFO -  [POSTPROCESSING] Normalized anonymized data saved to: /mnt/NVMETank/Projects/Students/Dele/A-STUDY-INTO-THE-QUALITY-AND-USABILITY-OF-PRIVACY-FRIENDLY-SYNTHETIC-DATA/datasets/anonymized/bankMarketing_k10_l2_sup10_anonymized_processed.csv
2025-04-22 18:32:09,465 - INFO -  [POSTPROCESSING] No encoder present. Skipping encoding of anonymized data.Will use processed anonymous data directly
2025-04-22 18:32:09,574 - INFO -  [HYBRID] Post-processing successful!
2025-04-22 18:32:09,574 - INFO -  [HYBRID] Encoded anon data saved to /mnt/NVMETank/Projects/Students/Dele/A-STUDY-INTO-THE-QUALITY-AND-USABILITY-OF-PRIVACY-FRIENDLY-SYNTHETIC-DATA/datasets/anonymized/bankMarketing_k10_l2_sup10_anonymized_encoded.csv
2025-04-22 18:32:09,574 - INFO -  [HYBRID] Starting synthetic generation for hybrid pipeline...
2025-04-22 18:32:09,574 - INFO - Executing run_synthetic.....
2025-04-22 18:32:09,574 - INFO - [SYNTHETIC PIPELINE] executing run_synthetic for bankMarketing_k10_l2_sup10...
2025-04-22 18:32:09,574 - INFO - [SYNTHETIC] Processing dataset: bankMarketing_k10_l2_sup10
2025-04-22 18:32:09,574 - INFO - [SYNTHETIC] Original dataset size: 36168 rows
2025-04-22 18:32:09,648 - INFO - Detected metadata:
2025-04-22 18:32:09,649 - INFO - {
    "columns": {
        "age": {
            "sdtype": "numerical"
        },
        "job": {
            "sdtype": "categorical"
        },
        "marital": {
            "sdtype": "categorical"
        },
        "education": {
            "sdtype": "categorical"
        },
        "default": {
            "sdtype": "categorical"
        },
        "balance": {
            "sdtype": "categorical"
        },
        "housing": {
            "sdtype": "categorical"
        },
        "loan": {
            "sdtype": "categorical"
        },
        "contact": {
            "sdtype": "categorical"
        },
        "day": {
            "sdtype": "categorical"
        },
        "month": {
            "sdtype": "categorical"
        },
        "duration": {
            "sdtype": "categorical"
        },
        "campaign": {
            "sdtype": "categorical"
        },
        "pdays": {
            "sdtype": "categorical"
        },
        "previous": {
            "sdtype": "categorical"
        },
        "poutcome": {
            "sdtype": "categorical"
        },
        "y": {
            "sdtype": "categorical"
        }
    },
    "METADATA_SPEC_VERSION": "SINGLE_TABLE_V1"
}
2025-04-22 18:32:09,649 - INFO - [SYNTHETIC] Preparing synthesizer: CTGAN
2025-04-22 18:32:09,649 - INFO - [SYNTHETIC] Params from config: {'epochs': 50}
2025-04-22 18:32:09,649 - INFO -  [SYNTHETIC] No pre-trained synthesizer found
2025-04-22 18:32:09,649 - INFO - [SYNTHETIC] Training new CTGAN synthesizer from scratch...
2025-04-22 18:32:09,649 - WARNING - [FutureWarning] The 'SingleTableMetadata' is deprecated. Please use the new 'Metadata' class for synthesizers. (from /mnt/NVMETank/Projects/Students/Dele/A-STUDY-INTO-THE-QUALITY-AND-USABILITY-OF-PRIVACY-FRIENDLY-SYNTHETIC-DATA/.venv/lib/python3.12/site-packages/sdv/single_table/base.py:119)
2025-04-22 18:32:09,649 - WARNING - [UserWarning] We strongly recommend saving the metadata using 'save_to_json' for replicability in future SDV versions. (from /mnt/NVMETank/Projects/Students/Dele/A-STUDY-INTO-THE-QUALITY-AND-USABILITY-OF-PRIVACY-FRIENDLY-SYNTHETIC-DATA/.venv/lib/python3.12/site-packages/sdv/single_table/base.py:104)
2025-04-22 18:32:09,651 - INFO - {'EVENT': 'Instance', 'TIMESTAMP': datetime.datetime(2025, 4, 22, 18, 32, 9, 651924), 'SYNTHESIZER CLASS NAME': 'CTGANSynthesizer', 'SYNTHESIZER ID': 'CTGANSynthesizer_1.18.0_9c21268371d04b84add7690cf0285c52'}
2025-04-22 18:32:09,652 - INFO - [SYNTHETIC] CTGAN initialized with epochs: 50
2025-04-22 18:32:09,652 - INFO - [SYNTHETIC] Training parameters for CTGAN: {}
2025-04-22 18:32:09,652 - INFO - [SYNTHETIC] fitting CTGAN 
2025-04-22 18:32:09,652 - INFO - {'EVENT': 'Fit', 'TIMESTAMP': datetime.datetime(2025, 4, 22, 18, 32, 9, 652131), 'SYNTHESIZER CLASS NAME': 'CTGANSynthesizer', 'SYNTHESIZER ID': 'CTGANSynthesizer_1.18.0_9c21268371d04b84add7690cf0285c52', 'TOTAL NUMBER OF TABLES': 1, 'TOTAL NUMBER OF ROWS': 36168, 'TOTAL NUMBER OF COLUMNS': 17}
2025-04-22 18:32:09,662 - INFO - Fitting table  metadata
2025-04-22 18:32:09,666 - INFO - Fitting formatters for table 
2025-04-22 18:32:09,667 - INFO - Fitting constraints for table 
2025-04-22 18:32:09,667 - INFO - Setting the configuration for the ``HyperTransformer`` for table 
2025-04-22 18:32:09,667 - INFO - Fitting HyperTransformer for table 
2025-04-22 18:32:09,719 - INFO - {'EVENT': 'Fit processed data', 'TIMESTAMP': datetime.datetime(2025, 4, 22, 18, 32, 9, 719712), 'SYNTHESIZER CLASS NAME': 'CTGANSynthesizer', 'SYNTHESIZER ID': 'CTGANSynthesizer_1.18.0_9c21268371d04b84add7690cf0285c52', 'TOTAL NUMBER OF TABLES': 1, 'TOTAL NUMBER OF ROWS': 36168, 'TOTAL NUMBER OF COLUMNS': 17}
2025-04-22 18:32:09,724 - INFO - Guidance: There are no missing values in column age. Extra column not created.
2025-04-22 18:45:45,139 - INFO - [SYNTHETIC] Fitting complete for CTGAN. Duration: 815.49 seconds.
2025-04-22 18:45:45,140 - INFO - [SYNTHETIC] CONFIRMATION CTGAN actually trained with epochs = 50
2025-04-22 18:45:45,140 - INFO - {'EVENT': 'Save', 'TIMESTAMP': datetime.datetime(2025, 4, 22, 18, 45, 45, 140348), 'SYNTHESIZER CLASS NAME': 'CTGANSynthesizer', 'SYNTHESIZER ID': 'CTGANSynthesizer_1.18.0_9c21268371d04b84add7690cf0285c52'}
2025-04-22 18:45:46,131 - INFO - [SYNTHETIC] CTGAN trained and saved.
2025-04-22 18:45:46,131 - INFO - [SYNTHETIC] Preparing synthesizer: TVAE
2025-04-22 18:45:46,132 - INFO - [SYNTHETIC] Params from config: {'epochs': 50}
2025-04-22 18:45:46,132 - INFO - [SYNTHETIC] Found existing TVAE synthesizer: /mnt/NVMETank/Projects/Students/Dele/A-STUDY-INTO-THE-QUALITY-AND-USABILITY-OF-PRIVACY-FRIENDLY-SYNTHETIC-DATA/artifacts/synthesizers/bankMarketing_k10_l2_sup10_TVAE_epochs50_synthesizer.pkl
2025-04-22 18:45:46,185 - INFO - {'EVENT': 'Load', 'TIMESTAMP': datetime.datetime(2025, 4, 22, 18, 45, 46, 185116), 'SYNTHESIZER CLASS NAME': 'TVAESynthesizer', 'SYNTHESIZER ID': 'TVAESynthesizer_1.18.0_f8075fde92ee43d28936260bbadaeadd'}
2025-04-22 18:45:46,185 - INFO - [SYNTHETIC] Using CTGAN to generate 36168 rows...
2025-04-22 18:45:52,520 - INFO - {'EVENT': 'Sample', 'TIMESTAMP': datetime.datetime(2025, 4, 22, 18, 45, 46, 185451), 'SYNTHESIZER CLASS NAME': 'CTGANSynthesizer', 'SYNTHESIZER ID': 'CTGANSynthesizer_1.18.0_9c21268371d04b84add7690cf0285c52', 'TOTAL NUMBER OF TABLES': 1, 'TOTAL NUMBER OF ROWS': 36168, 'TOTAL NUMBER OF COLUMNS': 17}
2025-04-22 18:45:52,520 - INFO - [SYNTHETIC] CTGAN completed: 36168 rows generated.
2025-04-22 18:45:52,522 - INFO - [SYNTHETIC] Target class distribution for CTGAN: {'no': 28261, 'yes': 7907}
2025-04-22 18:45:52,522 - INFO - [SYNTHETIC] Using TVAE to generate 36168 rows...
2025-04-22 18:45:52,792 - INFO - {'EVENT': 'Sample', 'TIMESTAMP': datetime.datetime(2025, 4, 22, 18, 45, 52, 522967), 'SYNTHESIZER CLASS NAME': 'TVAESynthesizer', 'SYNTHESIZER ID': 'TVAESynthesizer_1.18.0_f8075fde92ee43d28936260bbadaeadd', 'TOTAL NUMBER OF TABLES': 1, 'TOTAL NUMBER OF ROWS': 36168, 'TOTAL NUMBER OF COLUMNS': 17}
2025-04-22 18:45:52,792 - INFO - [SYNTHETIC] TVAE completed: 36168 rows generated.
2025-04-22 18:45:52,793 - INFO - [SYNTHETIC] Target class distribution for TVAE: {'no': 35359, 'yes': 809}
2025-04-22 18:45:52,795 - INFO - [SYNTHETIC PIPELINE] Synthetic Data Generation Completed.
2025-04-22 18:45:52,795 - INFO - [SYNTHETIC PIPELINE] Synthesizers used: ['CTGAN', 'TVAE']
2025-04-22 18:45:52,795 - INFO - [SYNTHETIC PIPELINE] Evaluating synthetic dataset generated by CTGAN...
2025-04-22 18:45:52,795 - INFO - [SYNTHETIC EVAL] Real data columns     (17): ['age', 'job', 'marital', 'education', 'default', 'balance', 'housing', 'loan', 'contact', 'day', 'month', 'duration', 'campaign', 'pdays', 'previous', 'poutcome', 'y']
2025-04-22 18:45:52,795 - INFO - [SYNTHETIC EVAL] Synthetic data columns (17): ['age', 'job', 'marital', 'education', 'default', 'balance', 'housing', 'loan', 'contact', 'day', 'month', 'duration', 'campaign', 'pdays', 'previous', 'poutcome', 'y']
2025-04-22 18:45:52,795 - INFO - [SYNTHETIC EVAL] Metadata columns      (17): ['age', 'job', 'marital', 'education', 'default', 'balance', 'housing', 'loan', 'contact', 'day', 'month', 'duration', 'campaign', 'pdays', 'previous', 'poutcome', 'y']
2025-04-22 18:45:52,795 - INFO - [SYNTHETIC EVAL] Shape — Real: (36168, 17), Synthetic: (36168, 17)
2025-04-22 18:45:52,796 - INFO - [SYNTHETIC EVAL] Metadata structure:
{
  "columns": {
    "age": {
      "sdtype": "numerical"
    },
    "job": {
      "sdtype": "categorical"
    },
    "marital": {
      "sdtype": "categorical"
    },
    "education": {
      "sdtype": "categorical"
    },
    "default": {
      "sdtype": "categorical"
    },
    "balance": {
      "sdtype": "categorical"
    },
    "housing": {
      "sdtype": "categorical"
    },
    "loan": {
      "sdtype": "categorical"
    },
    "contact": {
      "sdtype": "categorical"
    },
    "day": {
      "sdtype": "categorical"
    },
    "month": {
      "sdtype": "categorical"
    },
    "duration": {
      "sdtype": "categorical"
    },
    "campaign": {
      "sdtype": "categorical"
    },
    "pdays": {
      "sdtype": "categorical"
    },
    "previous": {
      "sdtype": "categorical"
    },
    "poutcome": {
      "sdtype": "categorical"
    },
    "y": {
      "sdtype": "categorical"
    }
  },
  "METADATA_SPEC_VERSION": "SINGLE_TABLE_V1"
}
2025-04-22 18:45:55,480 - INFO - [SYNTHETIC PIPELINE] Evaluating synthetic dataset generated by TVAE...
2025-04-22 18:45:55,481 - INFO - [SYNTHETIC EVAL] Real data columns     (17): ['age', 'job', 'marital', 'education', 'default', 'balance', 'housing', 'loan', 'contact', 'day', 'month', 'duration', 'campaign', 'pdays', 'previous', 'poutcome', 'y']
2025-04-22 18:45:55,482 - INFO - [SYNTHETIC EVAL] Synthetic data columns (17): ['age', 'job', 'marital', 'education', 'default', 'balance', 'housing', 'loan', 'contact', 'day', 'month', 'duration', 'campaign', 'pdays', 'previous', 'poutcome', 'y']
2025-04-22 18:45:55,482 - INFO - [SYNTHETIC EVAL] Metadata columns      (17): ['age', 'job', 'marital', 'education', 'default', 'balance', 'housing', 'loan', 'contact', 'day', 'month', 'duration', 'campaign', 'pdays', 'previous', 'poutcome', 'y']
2025-04-22 18:45:55,482 - INFO - [SYNTHETIC EVAL] Shape — Real: (36168, 17), Synthetic: (36168, 17)
2025-04-22 18:45:55,483 - INFO - [SYNTHETIC EVAL] Metadata structure:
{
  "columns": {
    "age": {
      "sdtype": "numerical"
    },
    "job": {
      "sdtype": "categorical"
    },
    "marital": {
      "sdtype": "categorical"
    },
    "education": {
      "sdtype": "categorical"
    },
    "default": {
      "sdtype": "categorical"
    },
    "balance": {
      "sdtype": "categorical"
    },
    "housing": {
      "sdtype": "categorical"
    },
    "loan": {
      "sdtype": "categorical"
    },
    "contact": {
      "sdtype": "categorical"
    },
    "day": {
      "sdtype": "categorical"
    },
    "month": {
      "sdtype": "categorical"
    },
    "duration": {
      "sdtype": "categorical"
    },
    "campaign": {
      "sdtype": "categorical"
    },
    "pdays": {
      "sdtype": "categorical"
    },
    "previous": {
      "sdtype": "categorical"
    },
    "poutcome": {
      "sdtype": "categorical"
    },
    "y": {
      "sdtype": "categorical"
    }
  },
  "METADATA_SPEC_VERSION": "SINGLE_TABLE_V1"
}
2025-04-22 18:45:58,548 - INFO -  [SYNTHETIC PIPELINE]  Synthetic Data Evaluation Completed.
2025-04-22 18:45:58,554 - INFO -  [SYNTHETIC PIPELINE] Synthetic Data Report Generated Successfully.
2025-04-22 18:45:58,769 - ERROR - [SYNTHETIC PIPELINE] Failed to compare distributions: Could not convert ['blue-collarblue-collarblue-collarblue-collarblue-collarblue-collarblue-collarblue-collarblue-collarblue-collarblue-collarblue-collarblue-collarblue-collarblue-collarblue-collarblue-collarblue-collarblue-collarblue-collarblue-collarblue-collarblue-collarblue-collarblue-collarblue-collarblue-collarblue-collarblue-collarblue-collarblue-collarblue-collarblue-collarblue-collarblue-collarblue-collarblue-collarblue-collarblue-collarblue-collarblue-collarblue-collarblue-collarblue-collarblue-collarblue-collarblue-collarblue-collarblue-collarblue-collarblue-collarblue-collarblue-collarblue-collarblue-collarblue-collarblue-collarblue-collarblue-collarblue-collarblue-collarblue-collarblue-collarblue-collarblue-collarblue-collarblue-collarblue-collarblue-collarblue-collarblue-collarblue-collarblue-collarblue-collarblue-collarblue-collarblue-collarblue-collarblue-collarblue-collarblue-collarblue-collarblue-collarblue-collarblue-collarblue-collarblue-collarblue-collarblue-collarblue-collarblue-collarblue-collarblue-collarblue-collarblue-collarblue-collarblue-collarblue-collarblue-collarblue-collarblue-collarblue-collarblue-collarblue-collarblue-collarblue-collarblue-collarblue-collarblue-collarblue-collarblue-collarblue-collarblue-collarblue-collarblue-collarblue-collarblue-collarblue-collarblue-collarblue-collarblue-collarblue-collarblue-collarblue-collarblue-collarblue-collarblue-collarblue-collarblue-collarblue-collarblue-collarblue-collarblue-collarblue-collarblue-collarblue-collarblue-collarblue-collarblue-collarblue-collarblue-collarblue-collarblue-collarblue-collarblue-collarblue-collarblue-collarblue-collarblue-collarblue-collarblue-collarblue-collarblue-collarblue-collarblue-collarblue-collarblue-collarblue-collarblue-collarblue-collarblue-collarblue-collarblue-collarblue-collarblue-collarblue-collarblue-collarblue-collarblue-collarblue-collarblue-collarblue-collarblue-collarblue-collarblue-collarblue-collarblue-collarblue-collarblue-collarblue-collarblue-collarblue-collarblue-collarblue-collarblue-collarblue-collarblue-collarblue-collarblue-collarblue-collarblue-collarblue-collarblue-collarblue-collarblue-collarblue-collarblue-collarblue-collarblue-collarblue-collarblue-collarblue-collarblue-collarblue-collarblue-collarblue-collarblue-collarblue-collarblue-collarblue-collarblue-collarblue-collarblue-collarblue-collarblue-collarblue-collarblue-collarblue-collarblue-collarblue-collarblue-collarblue-collarblue-collarblue-collarblue-collarblue-collarblue-collarblue-collarblue-collarblue-collarblue-collarblue-collarblue-collarblue-collarblue-collarblue-collarblue-collarblue-collarblue-collarblue-collarblue-collarblue-collarblue-collarblue-collarblue-collarblue-collarblue-collarblue-collarblue-collarblue-collarblue-collarblue-collarblue-collarblue-collarblue-collarblue-collarblue-collarblue-collarblue-collarblue-collarblue-collarblue-collarblue-collarblue-collarblue-collarblue-collarblue-collarblue-collarblue-collarblue-collarblue-collarblue-collarblue-collarblue-collarblue-collarblue-collarblue-collarblue-collarblue-collarblue-collarblue-collarblue-collarblue-collarblue-collarblue-collarblue-collarblue-collarblue-collarblue-collarblue-collarblue-collarblue-collarblue-collarblue-collarblue-collarblue-collarblue-collarblue-collarblue-collarblue-collarblue-collarblue-collarblue-collarblue-collarblue-collarblue-collarblue-collarblue-collarblue-collarblue-collarblue-collarblue-collarblue-collarblue-collarblue-collarblue-collarblue-collarblue-collarblue-collarblue-collarblue-collarblue-collarblue-collarblue-collarblue-collarblue-collarblue-collarblue-collarblue-collarblue-collarblue-collarblue-collarblue-collarblue-collarblue-collarblue-collarblue-collarblue-collarblue-collarblue-collarblue-collarblue-collarblue-collarblue-collarblue-collarblue-collarblue-collarblue-collarblue-collarblue-collarblue-collarblue-collarblue-collarblue-collarblue-collarblue-collarblue-collarblue-collarblue-collarblue-collarblue-collarblue-collarblue-collarblue-collarblue-collarblue-collarblue-collarblue-collarblue-collarblue-collarblue-collarblue-collarblue-collarblue-collarblue-collarblue-collarblue-collarblue-collarblue-collarblue-collarblue-collarblue-collarblue-collarblue-collarblue-collarblue-collarblue-collarblue-collarblue-collarblue-collarblue-collarblue-collarblue-collarblue-collarblue-collarblue-collarblue-collarblue-collarblue-collarblue-collarblue-collarblue-collarblue-collarblue-collarblue-collarblue-collarblue-collarblue-collarblue-collarblue-collarblue-collarblue-collarblue-collarblue-collarblue-collarblue-collarblue-collarblue-collarblue-collarblue-collarblue-collarblue-collarblue-collarblue-collarblue-collarblue-collarblue-collarblue-collarblue-collarblue-collarblue-collarblue-collarblue-collarblue-collarblue-collarblue-collarblue-collarblue-collarblue-collarblue-collarblue-collarblue-collarblue-collarblue-collarblue-collarblue-collarblue-collarblue-collarblue-collarblue-collarblue-collarblue-collarblue-collarblue-collarblue-collarblue-collarblue-collarblue-collarblue-collarblue-collarblue-collarblue-collarblue-collarblue-collarblue-collarblue-collarblue-collarblue-collarblue-collarblue-collarblue-collarblue-collarblue-collarblue-collarblue-collarblue-collarblue-collarblue-collarblue-collarblue-collarblue-collarblue-collarblue-collarblue-collarblue-collarblue-collarblue-collarblue-collarblue-collarblue-collarblue-collarblue-collarblue-collarblue-collarblue-collarblue-collarblue-collarblue-collarblue-collarblue-collarblue-collarblue-collarblue-collarblue-collarblue-collarblue-collarblue-collarblue-collarblue-collarblue-collarblue-collarblue-collarblue-collarblue-collarblue-collarblue-collarblue-collarblue-collarblue-collarblue-collarblue-collarblue-collarblue-collarblue-collarblue-collarblue-collarblue-collarblue-collarblue-collarblue-collarblue-collarblue-collarblue-collarblue-collarblue-collarblue-collarblue-collarblue-collarblue-collarblue-collarblue-collarblue-collarblue-collarblue-collarblue-collarblue-collarblue-collarblue-collarblue-collarblue-collarblue-collarblue-collarblue-collarblue-collarblue-collarblue-collarblue-collarblue-collarblue-collarblue-collarblue-collarblue-collarblue-collarblue-collarblue-collarblue-collarblue-collarblue-collarblue-collarblue-collarblue-collarblue-collarblue-collarblue-collarblue-collarblue-collarblue-collarblue-collarblue-collarblue-collarblue-collarblue-collarblue-collarblue-collarblue-collarblue-collarblue-collarblue-collarblue-collarblue-collarblue-collarblue-collarblue-collarblue-collarblue-collarblue-collarblue-collarblue-collarblue-collarblue-collarblue-collarblue-collarblue-collarblue-collarblue-collarblue-collarblue-collarblue-collarblue-collarblue-collarblue-collarblue-collarblue-collarblue-collarblue-collarblue-collarblue-collarblue-collarblue-collarblue-collarblue-collarblue-collarblue-collarblue-collarblue-collarblue-collarblue-collarblue-collarblue-collarblue-collarblue-collarblue-collarblue-collarblue-collarblue-collarblue-collarblue-collarblue-collarblue-collarblue-collarblue-collarblue-collarblue-collarblue-collarblue-collarblue-collarblue-collarblue-collarblue-collarblue-collarblue-collarblue-collarblue-collarblue-collarblue-collarblue-collarblue-collarblue-collarblue-collarblue-collarblue-collarblue-collarblue-collarblue-collarblue-collarblue-collarblue-collarblue-collarblue-collarblue-collarblue-collarblue-collarblue-collarblue-collarblue-collarblue-collarblue-collarblue-collarblue-collarblue-collarblue-collarblue-collarblue-collarblue-collarblue-collarblue-collarblue-collarblue-collarblue-collarblue-collarblue-collarblue-collarblue-collarblue-collarblue-collarblue-collarblue-collarblue-collarblue-collarblue-collarblue-collarblue-collarblue-collarblue-collarblue-collarblue-collarblue-collarblue-collarblue-collarblue-collarblue-collarblue-collarblue-collarblue-collarblue-collarblue-collarblue-collarblue-collarblue-collarblue-collarblue-collarblue-collarblue-collarblue-collarblue-collarblue-collarblue-collarblue-collarblue-collarblue-collarblue-collarblue-collarblue-collarblue-collarblue-collarblue-collarblue-collarblue-collarblue-collarblue-collarblue-collarblue-collarblue-collarblue-collarblue-collarblue-collarblue-collarblue-collarblue-collarblue-collarblue-collarblue-collarblue-collarblue-collarblue-collarblue-collarblue-collarblue-collarblue-collarblue-collarblue-collarblue-collarblue-collarblue-collarblue-collarblue-collarblue-collarblue-collarblue-collarblue-collarblue-collarblue-collarblue-collarblue-collarblue-collarblue-collarblue-collarblue-collarblue-collarblue-collarblue-collarblue-collarblue-collarblue-collarblue-collarblue-collarblue-collarblue-collarblue-collarblue-collarblue-collarblue-collarblue-collarblue-collarblue-collarblue-collarblue-collarblue-collarblue-collarblue-collarblue-collarblue-collarblue-collarblue-collarblue-collarblue-collarblue-collarblue-collarblue-collarblue-collarblue-collarblue-collarblue-collarblue-collarblue-collarblue-collarblue-collarblue-collarblue-collarblue-collarblue-collarblue-collarblue-collarblue-collarblue-collarblue-collarblue-collarblue-collarblue-collarblue-collarblue-collarblue-collarblue-collarblue-collarblue-collarblue-collarblue-collarblue-collarblue-collarblue-collarblue-collarblue-collarblue-collarblue-collarblue-collarblue-collarblue-collarblue-collarblue-collarblue-collarblue-collarblue-collarblue-collarblue-collarblue-collarblue-collarblue-collarblue-collarblue-collarblue-collarblue-collarblue-collarblue-collarblue-collarblue-collarblue-collarblue-collarblue-collarblue-collarblue-collarblue-collarblue-collarblue-collarblue-collarblue-collarblue-collarblue-collarblue-collarblue-collarblue-collarblue-collarblue-collarblue-collarblue-collarblue-collarblue-collarblue-collarblue-collarblue-collarblue-collarblue-collarblue-collarblue-collarblue-collarblue-collarblue-collarblue-collarblue-collarblue-collarblue-collarblue-collarblue-collarblue-collarblue-collarblue-collarblue-collarblue-collarblue-collarblue-collarblue-collarblue-collarblue-collarblue-collarblue-collarblue-collarblue-collarblue-collarblue-collarblue-collarblue-collarblue-collarblue-collarblue-collarblue-collarblue-collarblue-collarblue-collarblue-collarblue-collarblue-collarblue-collarblue-collarblue-collarblue-collarblue-collarblue-collarblue-collarblue-collarblue-collarblue-collarblue-collarblue-collarblue-collarblue-collarblue-collarblue-collarblue-collarblue-collarblue-collarblue-collarblue-collarblue-collarblue-collarblue-collarblue-collarblue-collarblue-collarblue-collarblue-collarblue-collarblue-collarblue-collarblue-collarblue-collarblue-collarblue-collarblue-collarblue-collarblue-collarblue-collarblue-collarblue-collarblue-collarblue-collarblue-collarblue-collarblue-collarblue-collarblue-collarblue-collarblue-collarblue-collarblue-collarblue-collarblue-collarblue-collarblue-collarblue-collarblue-collarblue-collarblue-collarblue-collarblue-collarblue-collarblue-collarblue-collarblue-collarblue-collarblue-collarblue-collarblue-collarblue-collarblue-collarblue-collarblue-collarblue-collarblue-collarblue-collarblue-collarblue-collarblue-collarblue-collarblue-collarblue-collarblue-collarblue-collarblue-collarblue-collarblue-collarblue-collarblue-collarblue-collarblue-collarblue-collarblue-collarblue-collarblue-collarblue-collarblue-collarblue-collarblue-collarblue-collarblue-collarblue-collarblue-collarblue-collarblue-collarblue-collarblue-collarblue-collarblue-collarblue-collarblue-collarblue-collarblue-collarblue-collarblue-collarblue-collarblue-collarblue-collarblue-collarblue-collarblue-collarblue-collarblue-collarblue-collarblue-collarblue-collarblue-collarblue-collarblue-collarblue-collarblue-collarblue-collarblue-collarblue-collarblue-collarblue-collarblue-collarblue-collarblue-collarblue-collarblue-collarblue-collarblue-collarblue-collarblue-collarblue-collarblue-collarblue-collarblue-collarblue-collarblue-collarblue-collarblue-collarblue-collarblue-collarblue-collarblue-collarblue-collarblue-collarblue-collarblue-collarblue-collarblue-collarblue-collarblue-collarblue-collarblue-collarblue-collarblue-collarblue-collarblue-collarblue-collarblue-collarblue-collarblue-collarblue-collarblue-collarblue-collarblue-collarblue-collarblue-collarblue-collarblue-collarblue-collarblue-collarblue-collarblue-collarblue-collarblue-collarblue-collarblue-collarblue-collarblue-collarblue-collarblue-collarblue-collarblue-collarblue-collarblue-collarblue-collarblue-collarblue-collarblue-collarblue-collarblue-collarblue-collarblue-collarblue-collarblue-collarblue-collarblue-collarblue-collarblue-collarblue-collarblue-collarblue-collarblue-collarblue-collarblue-collarblue-collarblue-collarblue-collarblue-collarblue-collarblue-collarblue-collarblue-collarblue-collarblue-collarblue-collarblue-collarblue-collarblue-collarblue-collarblue-collarblue-collarblue-collarblue-collarblue-collarblue-collarblue-collarblue-collarblue-collarblue-collarblue-collarblue-collarblue-collarblue-collarblue-collarblue-collarblue-collarblue-collarblue-collarblue-collarblue-collarblue-collarblue-collarblue-collarblue-collarblue-collarblue-collarblue-collarblue-collarblue-collarblue-collarblue-collarblue-collarblue-collarblue-collarblue-collarblue-collarblue-collarblue-collarblue-collarblue-collarblue-collarblue-collarblue-collarblue-collarblue-collarblue-collarblue-collarblue-collarblue-collarblue-collarblue-collarblue-collarblue-collarblue-collarblue-collarblue-collarblue-collarblue-collarblue-collarblue-collarblue-collarblue-collarblue-collarblue-collarblue-collarblue-collarblue-collarblue-collarblue-collarblue-collarblue-collarblue-collarblue-collarblue-collarblue-collarblue-collarblue-collarblue-collarblue-collarblue-collarblue-collarblue-collarblue-collarblue-collarblue-collarblue-collarblue-collarblue-collarblue-collarblue-collarblue-collarblue-collarblue-collarblue-collarblue-collarblue-collarblue-collarblue-collarblue-collarblue-collarblue-collarblue-collarblue-collarblue-collarblue-collarblue-collarblue-collarblue-collarblue-collarblue-collarblue-collarblue-collarblue-collarblue-collarblue-collarblue-collarblue-collarblue-collarblue-collarblue-collarblue-collarblue-collarblue-collarblue-collarblue-collarblue-collarblue-collarblue-collarblue-collarblue-collarblue-collarblue-collarblue-collarblue-collarblue-collarblue-collarblue-collarblue-collarblue-collarblue-collarblue-collarblue-collarblue-collarblue-collarblue-collarblue-collarblue-collarblue-collarblue-collarblue-collarblue-collarblue-collarblue-collarblue-collarblue-collarblue-collarblue-collarblue-collarblue-collarblue-collarblue-collarblue-collarblue-collarblue-collarblue-collarblue-collarblue-collarblue-collarblue-collarblue-collarblue-collarblue-collarblue-collarblue-collarblue-collarblue-collarblue-collarblue-collarblue-collarblue-collarblue-collarblue-collarblue-collarblue-collarblue-collarblue-collarblue-collarblue-collarblue-collarblue-collarblue-collarblue-collarblue-collarblue-collarblue-collarblue-collarblue-collarblue-collarblue-collarblue-collarblue-collarblue-collarblue-collarblue-collarblue-collarblue-collarblue-collarblue-collarblue-collarblue-collarblue-collarblue-collarblue-collarblue-collarblue-collarblue-collarblue-collarblue-collarblue-collarblue-collarblue-collarblue-collarblue-collarblue-collarblue-collarblue-collarblue-collarblue-collarblue-collarblue-collarblue-collarblue-collarblue-collarblue-collarblue-collarblue-collarblue-collarblue-collarblue-collarblue-collarblue-collarblue-collarblue-collarblue-collarblue-collarblue-collarblue-collarblue-collarblue-collarblue-collarblue-collarblue-collarblue-collarblue-collarblue-collarblue-collarblue-collarblue-collarblue-collarblue-collarblue-collarblue-collarblue-collarblue-collarblue-collarblue-collarblue-collarblue-collarblue-collarblue-collarblue-collarblue-collarblue-collarblue-collarblue-collarblue-collarblue-collarblue-collarblue-collarblue-collarblue-collarblue-collarblue-collarblue-collarblue-collarblue-collarblue-collarblue-collarblue-collarblue-collarblue-collarblue-collarblue-collarblue-collarblue-collarblue-collarblue-collarblue-collarblue-collarblue-collarblue-collarblue-collarblue-collarblue-collarblue-collarblue-collarblue-collarblue-collarblue-collarblue-collarblue-collarblue-collarblue-collarblue-collarblue-collarblue-collarblue-collarblue-collarblue-collarblue-collarblue-collarblue-collarblue-collarblue-collarblue-collarblue-collarblue-collarblue-collarblue-collarblue-collarblue-collarblue-collarblue-collarblue-collarblue-collarblue-collarblue-collarblue-collarblue-collarblue-collarblue-collarblue-collarblue-collarblue-collarblue-collarblue-collarblue-collarblue-collarblue-collarblue-collarblue-collarblue-collarblue-collarblue-collarblue-collarblue-collarblue-collarblue-collarblue-collarblue-collarblue-collarblue-collarblue-collarblue-collarblue-collarblue-collarblue-collarblue-collarblue-collarblue-collarblue-collarblue-collarblue-collarblue-collarblue-collarblue-collarblue-collarblue-collarblue-collarblue-collarblue-collarblue-collarblue-collarblue-collarblue-collarblue-collarblue-collarblue-collarblue-collarblue-collarblue-collarblue-collarblue-collarblue-collarblue-collarblue-collarblue-collarblue-collarblue-collarblue-collarblue-collarblue-collarblue-collarblue-collarblue-collarblue-collarblue-collarblue-collarblue-collarblue-collarblue-collarblue-collarblue-collarblue-collarblue-collarblue-collarblue-collarblue-collarblue-collarblue-collarblue-collarblue-collarblue-collarblue-collarblue-collarblue-collarblue-collarblue-collarblue-collarblue-collarblue-collarblue-collarblue-collarblue-collarblue-collarblue-collarblue-collarblue-collarblue-collarblue-collarblue-collarblue-collarblue-collarblue-collarblue-collarblue-collarblue-collarblue-collarblue-collarblue-collarblue-collarblue-collarblue-collarblue-collarblue-collarblue-collarblue-collarblue-collarblue-collarblue-collarblue-collarblue-collarblue-collarblue-collarblue-collarblue-collarblue-collarblue-collarblue-collarblue-collarblue-collarblue-collarblue-collarblue-collarblue-collarblue-collarblue-collarblue-collarblue-collarblue-collarblue-collarblue-collarblue-collarblue-collarblue-collarblue-collarblue-collarblue-collarblue-collarblue-collarblue-collarblue-collarblue-collarblue-collarblue-collarblue-collarblue-collarblue-collarblue-collarblue-collarblue-collarblue-collarblue-collarblue-collarblue-collarblue-collarblue-collarblue-collarblue-collarblue-collarblue-collarblue-collarblue-collarblue-collarblue-collarblue-collarblue-collarblue-collarblue-collarblue-collarblue-collarblue-collarblue-collarblue-collarblue-collarblue-collarblue-collarblue-collarblue-collarblue-collarblue-collarblue-collarblue-collarblue-collarblue-collarblue-collarblue-collarblue-collarblue-collarblue-collarblue-collarblue-collarblue-collarblue-collarblue-collarblue-collarblue-collarblue-collarblue-collarblue-collarblue-collarblue-collarblue-collarblue-collarblue-collarblue-collarblue-collarblue-collarblue-collarblue-collarblue-collarblue-collarblue-collarblue-collarblue-collarblue-collarblue-collarblue-collarblue-collarblue-collarblue-collarblue-collarblue-collarblue-collarblue-collarblue-collarblue-collarblue-collarblue-collarblue-collarblue-collarblue-collarblue-collarblue-collarblue-collarblue-collarblue-collarblue-collarblue-collarblue-collarblue-collarblue-collarblue-collarblue-collarblue-collarblue-collarblue-collarblue-collarblue-collarblue-collarblue-collarblue-collarblue-collarblue-collarblue-collarblue-collarblue-collarblue-collarblue-collarblue-collarblue-collarblue-collarblue-collarblue-collarblue-collarblue-collarblue-collarblue-collarblue-collarblue-collarblue-collarblue-collarblue-collarblue-collarblue-collarblue-collarblue-collarblue-collarblue-collarblue-collarblue-collarblue-collarblue-collarblue-collarblue-collarblue-collarblue-collarblue-collarblue-collarblue-collarblue-collarblue-collarblue-collarblue-collarblue-collarblue-collarblue-collarblue-collarblue-collarblue-collarblue-collarblue-collarblue-collarblue-collarblue-collarblue-collarblue-collarblue-collarblue-collarblue-collarblue-collarblue-collarblue-collarblue-collarblue-collarblue-collarblue-collarblue-collarblue-collarblue-collarblue-collarblue-collarblue-collarblue-collarblue-collarblue-collarblue-collarblue-collarblue-collarblue-collarblue-collarblue-collarblue-collarblue-collarblue-collarblue-collarblue-collarblue-collarblue-collarblue-collarblue-collarblue-collarblue-collarblue-collarblue-collarblue-collarblue-collarblue-collarblue-collarblue-collarblue-collarblue-collarblue-collarblue-collarblue-collarblue-collarblue-collarblue-collarblue-collarblue-collarblue-collarblue-collarblue-collarblue-collarblue-collarblue-collarblue-collarblue-collarblue-collarblue-collarblue-collarblue-collarblue-collarblue-collarblue-collarblue-collarblue-collarblue-collarblue-collarblue-collarblue-collarblue-collarblue-collarblue-collarblue-collarblue-collarblue-collarblue-collarblue-collarblue-collarblue-collarblue-collarblue-collarblue-collarblue-collarblue-collarblue-collarblue-collarblue-collarblue-collarblue-collarblue-collarblue-collarblue-collarblue-collarblue-collarblue-collarblue-collarblue-collarblue-collarblue-collarblue-collarblue-collarblue-collarblue-collarblue-collarblue-collarblue-collarblue-collarblue-collarblue-collarblue-collarblue-collarblue-collarblue-collarblue-collarblue-collarblue-collarblue-collarblue-collarblue-collarblue-collarblue-collarblue-collarblue-collarblue-collarblue-collarblue-collarblue-collarblue-collarblue-collarblue-collarblue-collarblue-collarblue-collarblue-collarblue-collarblue-collarblue-collarblue-collarblue-collarblue-collarblue-collarblue-collarblue-collarblue-collarblue-collarblue-collarblue-collarblue-collarblue-collarblue-collarblue-collarblue-collarblue-collarblue-collarblue-collarblue-collarblue-collarblue-collarblue-collarblue-collarblue-collarblue-collarblue-collarblue-collarblue-collarblue-collarblue-collarblue-collarblue-collarblue-collarblue-collarblue-collarblue-collarblue-collarblue-collarblue-collarblue-collarblue-collarblue-collarblue-collarblue-collarblue-collarblue-collarblue-collarblue-collarblue-collarblue-collarblue-collarblue-collarblue-collarblue-collarblue-collarblue-collarblue-collarblue-collarblue-collarblue-collarblue-collarblue-collarblue-collarblue-collarblue-collarblue-collarblue-collarblue-collarblue-collarblue-collarblue-collarblue-collarblue-collarblue-collarblue-collarblue-collarblue-collarblue-collarblue-collarblue-collarblue-collarblue-collarblue-collarblue-collarblue-collarblue-collarblue-collarblue-collarblue-collarblue-collarblue-collarblue-collarblue-collarblue-collarblue-collarblue-collarblue-collarblue-collarblue-collarblue-collarblue-collarblue-collarblue-collarblue-collarblue-collarblue-collarblue-collarblue-collarblue-collarblue-collarblue-collarblue-collarblue-collarblue-collarblue-collarblue-collarblue-collarblue-collarblue-collarblue-collarblue-collarblue-collarblue-collarblue-collarblue-collarblue-collarblue-collarblue-collarblue-collarblue-collarblue-collarblue-collarblue-collarblue-collarblue-collarblue-collarblue-collarblue-collarblue-collarblue-collarblue-collarblue-collarblue-collarblue-collarblue-collarblue-collarblue-collarblue-collarblue-collarblue-collarblue-collarblue-collarblue-collarblue-collarblue-collarblue-collarblue-collarblue-collarblue-collarblue-collarblue-collarblue-collarblue-collarblue-collarblue-collarblue-collarblue-collarblue-collarblue-collarblue-collarblue-collarblue-collarblue-collarblue-collarblue-collarblue-collarblue-collarblue-collarblue-collarblue-collarblue-collarblue-collarblue-collarblue-collarblue-collarblue-collarblue-collarblue-collarblue-collarblue-collarblue-collarblue-collarblue-collarblue-collarblue-collarblue-collarblue-collarblue-collarblue-collarblue-collarblue-collarblue-collarblue-collarblue-collarblue-collarblue-collarblue-collarblue-collarblue-collarblue-collarblue-collarblue-collarblue-collarblue-collarblue-collarblue-collarblue-collarblue-collarblue-collarblue-collarblue-collarblue-collarblue-collarblue-collarblue-collarblue-collarblue-collarblue-collarblue-collarblue-collarblue-collarblue-collarblue-collarblue-collarblue-collarblue-collarblue-collarblue-collarblue-collarblue-collarblue-collarblue-collarblue-collarblue-collarblue-collarblue-collarblue-collarblue-collarblue-collarblue-collarblue-collarblue-collarblue-collarblue-collarblue-collarblue-collarblue-collarblue-collarblue-collarblue-collarblue-collarblue-collarblue-collarblue-collarblue-collarblue-collarblue-collarblue-collarblue-collarblue-collarblue-collarblue-collarblue-collarblue-collarblue-collarblue-collarblue-collarblue-collarblue-collarblue-collarblue-collarblue-collarblue-collarblue-collarblue-collarblue-collarblue-collarblue-collarblue-collarblue-collarblue-collarblue-collarblue-collarblue-collarblue-collarblue-collarblue-collarblue-collarblue-collarblue-collarblue-collarblue-collarblue-collarblue-collarblue-collarblue-collarblue-collarblue-collarblue-collarblue-collarblue-collarblue-collarblue-collarblue-collarblue-collarblue-collarblue-collarblue-collarblue-collarblue-collarblue-collarblue-collarblue-collarblue-collarblue-collarblue-collarblue-collarblue-collarblue-collarblue-collarblue-collarblue-collarblue-collarblue-collarblue-collarblue-collarblue-collarblue-collarblue-collarblue-collarblue-collarblue-collarblue-collarblue-collarblue-collarblue-collarblue-collarblue-collarblue-collarblue-collarblue-collarblue-collarblue-collarblue-collarblue-collarblue-collarblue-collarblue-collarblue-collarblue-collarblue-collarblue-collarblue-collarblue-collarblue-collarblue-collarblue-collarblue-collarblue-collarblue-collarblue-collarblue-collarblue-collarblue-collarblue-collarblue-collarblue-collarblue-collarblue-collarblue-collarblue-collarblue-collarblue-collarblue-collarblue-collarblue-collarblue-collarblue-collarblue-collarblue-collarblue-collarblue-collarblue-collarblue-collarblue-collarblue-collarblue-collarblue-collarblue-collarblue-collarblue-collarblue-collarblue-collarblue-collarblue-collarblue-collarblue-collarblue-collarblue-collarblue-collarblue-collarblue-collarblue-collarblue-collarblue-collarblue-collarblue-collarblue-collarblue-collarblue-collarblue-collarblue-collarblue-collarblue-collarblue-collarblue-collarblue-collarblue-collarblue-collarblue-collarblue-collarblue-collarblue-collarblue-collarblue-collarblue-collarblue-collarblue-collarblue-collarblue-collarblue-collarblue-collarblue-collarblue-collarblue-collarblue-collarblue-collarblue-collarblue-collarblue-collarblue-collarblue-collarblue-collarblue-collarblue-collarblue-collarblue-collarblue-collarblue-collarblue-collarblue-collarblue-collarblue-collarblue-collarblue-collarblue-collarblue-collarblue-collarblue-collarblue-collarblue-collarblue-collarblue-collarblue-collarblue-collarblue-collarblue-collarblue-collarblue-collarblue-collarblue-collarblue-collarblue-collarblue-collarblue-collarblue-collarblue-collarblue-collarblue-collarblue-collarblue-collarblue-collarblue-collarblue-collarblue-collarblue-collarblue-collarblue-collarblue-collarblue-collarblue-collarblue-collarblue-collarblue-collarblue-collarblue-collarblue-collarblue-collarblue-collarblue-collarblue-collarblue-collarblue-collarblue-collarblue-collarblue-collarblue-collarblue-collarblue-collarblue-collarblue-collarblue-collarblue-collarblue-collarblue-collarblue-collarblue-collarblue-collarblue-collarblue-collarblue-collarblue-collarblue-collarblue-collarblue-collarblue-collarblue-collarblue-collarblue-collarblue-collarblue-collarblue-collarblue-collarblue-collarblue-collarblue-collarblue-collarblue-collarblue-collarblue-collarblue-collarblue-collarblue-collarblue-collarblue-collarblue-collarblue-collarblue-collarblue-collarblue-collarblue-collarblue-collarblue-collarblue-collarblue-collarblue-collarblue-collarblue-collarblue-collarblue-collarblue-collarblue-collarblue-collarblue-collarblue-collarblue-collarblue-collarblue-collarblue-collarblue-collarblue-collarblue-collarblue-collarblue-collarblue-collarblue-collarblue-collarblue-collarblue-collarblue-collarblue-collarblue-collarblue-collarblue-collarblue-collarblue-collarblue-collarblue-collarblue-collarblue-collarblue-collarblue-collarblue-collarblue-collarblue-collarblue-collarblue-collarblue-collarblue-collarblue-collarblue-collarblue-collarblue-collarblue-collarblue-collarblue-collarblue-collarblue-collarblue-collarblue-collarblue-collarblue-collarblue-collarblue-collarblue-collarblue-collarblue-collarblue-collarblue-collarblue-collarblue-collarblue-collarblue-collarblue-collarblue-collarblue-collarblue-collarblue-collarblue-collarblue-collarblue-collarblue-collarblue-collarblue-collarblue-collarblue-collarblue-collarblue-collarblue-collarblue-collarblue-collarblue-collarblue-collarblue-collarblue-collarblue-collarblue-collarblue-collarblue-collarblue-collarblue-collarblue-collarblue-collarblue-collarblue-collarblue-collarblue-collarblue-collarblue-collarblue-collarblue-collarblue-collarblue-collarblue-collarblue-collarblue-collarblue-collarblue-collarblue-collarblue-collarblue-collarblue-collarblue-collarblue-collarblue-collarblue-collarblue-collarblue-collarblue-collarblue-collarblue-collarblue-collarblue-collarblue-collarblue-collarblue-collarblue-collarblue-collarblue-collarblue-collarblue-collarblue-collarblue-collarblue-collarblue-collarblue-collarblue-collarblue-collarblue-collarblue-collarblue-collarblue-collarblue-collarblue-collarblue-collarblue-collarblue-collarblue-collarblue-collarblue-collarblue-collarblue-collarblue-collarblue-collarblue-collarblue-collarblue-collarblue-collarblue-collarblue-collarblue-collarblue-collarblue-collarblue-collarblue-collarblue-collarblue-collarblue-collarblue-collarblue-collarblue-collarblue-collarblue-collarblue-collarblue-collarblue-collarblue-collarblue-collarblue-collarblue-collarblue-collarblue-collarblue-collarblue-collarblue-collarblue-collarblue-collarblue-collarblue-collarblue-collarblue-collarblue-collarblue-collarblue-collarblue-collarblue-collarblue-collarblue-collarblue-collarblue-collarblue-collarblue-collarblue-collarblue-collarblue-collarblue-collarblue-collarblue-collarblue-collarblue-collarblue-collarblue-collarblue-collarblue-collarblue-collarblue-collarblue-collarblue-collarblue-collarblue-collarblue-collarblue-collarblue-collarblue-collarblue-collarblue-collarblue-collarblue-collarblue-collarblue-collarblue-collarblue-collarblue-collarblue-collarblue-collarblue-collarblue-collarblue-collarblue-collarblue-collarblue-collarblue-collarblue-collarblue-collarblue-collarblue-collarblue-collarblue-collarblue-collarblue-collarblue-collarblue-collarblue-collarblue-collarblue-collarblue-collarblue-collarblue-collarblue-collarblue-collarblue-collarblue-collarblue-collarblue-collarblue-collarblue-collarblue-collarblue-collarblue-collarblue-collarblue-collarblue-collarblue-collarblue-collarblue-collarblue-collarblue-collarblue-collarblue-collarblue-collarblue-collarblue-collarblue-collarblue-collarblue-collarblue-collarblue-collarblue-collarblue-collarblue-collarblue-collarblue-collarblue-collarblue-collarblue-collarblue-collarblue-collarblue-collarblue-collarblue-collarblue-collarblue-collarblue-collarblue-collarblue-collarblue-collarblue-collarblue-collarblue-collarblue-collarblue-collarblue-collarblue-collarblue-collarblue-collarblue-collarblue-collarblue-collarblue-collarblue-collarblue-collarblue-collarblue-collarblue-collarblue-collarblue-collarblue-collarblue-collarblue-collarblue-collarblue-collarblue-collarblue-collarblue-collarblue-collarblue-collarblue-collarblue-collarblue-collarblue-collarblue-collarblue-collarblue-collarblue-collarblue-collarblue-collarblue-collarblue-collarblue-collarblue-collarblue-collarblue-collarblue-collarblue-collarblue-collarblue-collarblue-collarblue-collarblue-collarblue-collarblue-collarblue-collarblue-collarblue-collarblue-collarblue-collarblue-collarblue-collarblue-collarblue-collarblue-collarblue-collarblue-collarblue-collarblue-collarblue-collarblue-collarblue-collarblue-collarblue-collarblue-collarblue-collarblue-collarblue-collarblue-collarblue-collarblue-collarblue-collarblue-collarblue-collarblue-collarblue-collarblue-collarblue-collarblue-collarblue-collarblue-collarblue-collarblue-collarblue-collarblue-collarblue-collarblue-collarblue-collarblue-collarblue-collarblue-collarblue-collarblue-collarblue-collarblue-collarblue-collarblue-collarblue-collarblue-collarblue-collarblue-collarblue-collarblue-collarblue-collarblue-collarblue-collarblue-collarblue-collarblue-collarblue-collarblue-collarblue-collarblue-collarblue-collarblue-collarblue-collarblue-collarblue-collarblue-collarblue-collarblue-collarblue-collarblue-collarblue-collarblue-collarblue-collarblue-collarblue-collarblue-collarblue-collarblue-collarblue-collarblue-collarblue-collarblue-collarblue-collarblue-collarblue-collarblue-collarblue-collarblue-collarblue-collarblue-collarblue-collarblue-collarblue-collarblue-collarblue-collarblue-collarblue-collarblue-collarblue-collarblue-collarblue-collarblue-collarblue-collarblue-collarblue-collarblue-collarblue-collarblue-collarblue-collarblue-collarblue-collarblue-collarblue-collarblue-collarblue-collarblue-collarblue-collarblue-collarblue-collarblue-collarblue-collarblue-collarblue-collarblue-collarblue-collarblue-collarblue-collarblue-collarblue-collarblue-collarblue-collarblue-collarblue-collarblue-collarblue-collarblue-collarblue-collarblue-collarblue-collarblue-collarblue-collarblue-collarblue-collarblue-collarblue-collarblue-collarblue-collarblue-collarblue-collarblue-collarblue-collarblue-collarblue-collarblue-collarblue-collarblue-collarblue-collarblue-collarblue-collarblue-collarblue-collarblue-collarblue-collarblue-collarblue-collarblue-collarblue-collarblue-collarblue-collarblue-collarblue-collarblue-collarblue-collarblue-collarblue-collarblue-collarblue-collarblue-collarblue-collarblue-collarblue-collarblue-collarblue-collarblue-collarblue-collarblue-collarblue-collarblue-collarblue-collarblue-collarblue-collarblue-collarblue-collarblue-collarblue-collarblue-collarblue-collarblue-collarblue-collarblue-collarblue-collarblue-collarblue-collarblue-collarblue-collarblue-collarblue-collarblue-collarblue-collarblue-collarblue-collarblue-collarblue-collarblue-collarblue-collarblue-collarblue-collarblue-collarblue-collarblue-collarblue-collarblue-collarblue-collarblue-collarblue-collarblue-collarblue-collarblue-collarblue-collarblue-collarblue-collarblue-collarblue-collarblue-collarblue-collarblue-collarblue-collarblue-collarblue-collarblue-collarblue-collarblue-collarblue-collarblue-collarblue-collarblue-collarblue-collarblue-collarblue-collarblue-collarblue-collarblue-collarblue-collarblue-collarblue-collarblue-collarblue-collarblue-collarblue-collarblue-collarblue-collarblue-collarblue-collarblue-collarblue-collarblue-collarblue-collarblue-collarblue-collarblue-collarblue-collarblue-collarblue-collarblue-collarblue-collarblue-collarblue-collarblue-collarblue-collarblue-collarblue-collarblue-collarblue-collarblue-collarblue-collarblue-collarblue-collarblue-collarblue-collarblue-collarblue-collarblue-collarblue-collarblue-collarblue-collarblue-collarblue-collarblue-collarblue-collarblue-collarblue-collarblue-collarblue-collarblue-collarblue-collarblue-collarblue-collarblue-collarblue-collarblue-collarblue-collarblue-collarblue-collarblue-collarblue-collarblue-collarblue-collarblue-collarblue-collarblue-collarblue-collarblue-collarblue-collarblue-collarblue-collarblue-collarblue-collarblue-collarblue-collarblue-collarblue-collarblue-collarblue-collarblue-collarblue-collarblue-collarblue-collarblue-collarblue-collarblue-collarblue-collarblue-collarblue-collarblue-collarblue-collarblue-collarblue-collarblue-collarblue-collarblue-collarblue-collarblue-collarblue-collarblue-collarblue-collarblue-collarblue-collarblue-collarblue-collarblue-collarblue-collarblue-collarblue-collarblue-collarblue-collarblue-collarblue-collarblue-collarblue-collarblue-collarblue-collarblue-collarblue-collarblue-collarblue-collarblue-collarblue-collarblue-collarblue-collarblue-collarblue-collarblue-collarblue-collarblue-collarblue-collarblue-collarblue-collarblue-collarblue-collarblue-collarblue-collarblue-collarblue-collarblue-collarblue-collarblue-collarblue-collarblue-collarblue-collarblue-collarblue-collarblue-collarblue-collarblue-collarblue-collarblue-collarblue-collarblue-collarblue-collarblue-collarblue-collarblue-collarblue-collarblue-collarblue-collarblue-collarblue-collarblue-collarblue-collarblue-collarblue-collarblue-collarblue-collarblue-collarblue-collarblue-collarblue-collarblue-collarblue-collarblue-collarblue-collarblue-collarblue-collarblue-collarblue-collarblue-collarblue-collarblue-collarblue-collarblue-collarblue-collarblue-collarblue-collarblue-collarblue-collarblue-collarblue-collarblue-collarblue-collarblue-collarblue-collarblue-collarblue-collarblue-collarblue-collarblue-collarblue-collarblue-collarblue-collarblue-collarblue-collarblue-collarblue-collarblue-collarblue-collarblue-collarblue-collarblue-collarblue-collarblue-collarblue-collarblue-collarblue-collarblue-collarblue-collarblue-collarblue-collarblue-collarblue-collarblue-collarblue-collarblue-collarblue-collarblue-collarblue-collarblue-collarblue-collarblue-collarblue-collarblue-collarblue-collarblue-collarblue-collarblue-collarblue-collarblue-collarblue-collarblue-collarblue-collarblue-collarblue-collarblue-collarblue-collarblue-collarblue-collarblue-collarblue-collarblue-collarblue-collarblue-collarblue-collarblue-collarblue-collarblue-collarblue-collarblue-collarblue-collarblue-collarblue-collarblue-collarblue-collarblue-collarblue-collarblue-collarblue-collarblue-collarblue-collarblue-collarblue-collarblue-collarblue-collarblue-collarblue-collarblue-collarblue-collarblue-collarblue-collarblue-collarblue-collarblue-collarblue-collarblue-collarblue-collarblue-collarblue-collarblue-collarblue-collarblue-collarblue-collarblue-collarblue-collarblue-collarblue-collarblue-collarblue-collarblue-collarblue-collarblue-collarblue-collarblue-collarblue-collarblue-collarblue-collarblue-collarblue-collarblue-collarblue-collarblue-collarblue-collarblue-collarblue-collarblue-collarblue-collarblue-collarblue-collarblue-collarblue-collarblue-collarblue-collarblue-collarblue-collarblue-collarblue-collarblue-collarblue-collarblue-collarblue-collarblue-collarblue-collarblue-collarblue-collarblue-collarblue-collarblue-collarblue-collarblue-collarblue-collarblue-collarblue-collarblue-collarblue-collarblue-collarblue-collarblue-collarblue-collarblue-collarblue-collarblue-collarblue-collarblue-collarblue-collarblue-collarblue-collarblue-collarblue-collarblue-collarblue-collarblue-collarblue-collarblue-collarblue-collarblue-collarblue-collarblue-collarblue-collarblue-collarblue-collarblue-collarblue-collarblue-collarblue-collarblue-collarblue-collarblue-collarblue-collarblue-collarblue-collarblue-collarblue-collarblue-collarblue-collarblue-collarblue-collarblue-collarblue-collarblue-collarblue-collarblue-collarblue-collarblue-collarblue-collarblue-collarblue-collarblue-collarblue-collarblue-collarblue-collarblue-collarblue-collarblue-collarblue-collarblue-collarblue-collarblue-collarblue-collarblue-collarblue-collarblue-collarblue-collarblue-collarblue-collarblue-collarblue-collarblue-collarblue-collarblue-collarblue-collarblue-collarblue-collarblue-collarblue-collarblue-collarblue-collarblue-collarblue-collarblue-collarblue-collarblue-collarblue-collarblue-collarblue-collarblue-collarblue-collarblue-collarblue-collarblue-collarblue-collarblue-collarblue-collarblue-collarblue-collarblue-collarblue-collarblue-collarblue-collarblue-collarblue-collarblue-collarblue-collarblue-collarblue-collarblue-collarblue-collarblue-collarblue-collarblue-collarblue-collarblue-collarblue-collarblue-collarblue-collarblue-collarblue-collarblue-collarblue-collarblue-collarblue-collarblue-collarblue-collarblue-collarblue-collarblue-collarblue-collarblue-collarblue-collarblue-collarblue-collarblue-collarblue-collarblue-collarblue-collarblue-collarblue-collarblue-collarblue-collarblue-collarblue-collarblue-collarblue-collarblue-collarblue-collarblue-collarblue-collarblue-collarblue-collarblue-collarblue-collarblue-collarblue-collarblue-collarblue-collarblue-collarblue-collarblue-collarblue-collarblue-collarblue-collarblue-collarblue-collarblue-collarblue-collarblue-collarblue-collarblue-collarblue-collarblue-collarblue-collarblue-collarblue-collarblue-collarblue-collarblue-collarblue-collarblue-collarblue-collarblue-collarblue-collarblue-collarblue-collarblue-collarblue-collarblue-collarblue-collarblue-collarblue-collarblue-collarblue-collarblue-collarblue-collarblue-collarblue-collarblue-collarblue-collarblue-collarblue-collarblue-collarblue-collarblue-collarblue-collarblue-collarblue-collarblue-collarblue-collarblue-collarblue-collarblue-collarblue-collarblue-collarblue-collarblue-collarblue-collarblue-collarblue-collarblue-collarblue-collarblue-collarblue-collarblue-collarblue-collarblue-collarblue-collarblue-collarblue-collarblue-collarblue-collarblue-collarblue-collarblue-collarblue-collarblue-collarblue-collarblue-collarblue-collarblue-collarblue-collarblue-collarblue-collarblue-collarblue-collarblue-collarblue-collarblue-collarblue-collarblue-collarblue-collarblue-collarblue-collarblue-collarblue-collarblue-collarblue-collarblue-collarblue-collarblue-collarblue-collarblue-collarblue-collarblue-collarblue-collarblue-collarblue-collarblue-collarblue-collarblue-collarblue-collarblue-collarblue-collarblue-collarblue-collarblue-collarblue-collarblue-collarblue-collarblue-collarblue-collarblue-collarblue-collarblue-collarblue-collarblue-collarblue-collarblue-collarblue-collarblue-collarblue-collarblue-collarblue-collarblue-collarblue-collarblue-collarblue-collarblue-collarblue-collarblue-collarblue-collarblue-collarblue-collarblue-collarblue-collarblue-collarblue-collarblue-collarblue-collarblue-collarblue-collarblue-collarblue-collarblue-collarblue-collarblue-collarblue-collarblue-collarblue-collarblue-collarblue-collarblue-collarblue-collarblue-collarblue-collarblue-collarblue-collarblue-collarblue-collarblue-collarblue-collarblue-collarblue-collarblue-collarblue-collarblue-collarblue-collarblue-collarblue-collarblue-collarblue-collarblue-collarblue-collarblue-collarblue-collarblue-collarblue-collarblue-collarblue-collarblue-collarblue-collarblue-collarblue-collarblue-collarblue-collarblue-collarblue-collarblue-collarblue-collarblue-collarblue-collarblue-collarblue-collarblue-collarblue-collarblue-collarblue-collarblue-collarblue-collarblue-collarblue-collarblue-collarblue-collarblue-collarblue-collarblue-collarblue-collarblue-collarblue-collarblue-collarblue-collarblue-collarblue-collarblue-collarblue-collarblue-collarblue-collarblue-collarblue-collarblue-collarblue-collarblue-collarblue-collarblue-collarblue-collarblue-collarblue-collarblue-collarblue-collarblue-collarblue-collarblue-collarblue-collarblue-collarblue-collarblue-collarblue-collarblue-collarblue-collarblue-collarblue-collarblue-collarblue-collarblue-collarblue-collarblue-collarblue-collarblue-collarblue-collarblue-collarblue-collarblue-collarblue-collarblue-collarblue-collarblue-collarblue-collarblue-collarblue-collarblue-collarblue-collarblue-collarblue-collarblue-collarblue-collarblue-collarblue-collarblue-collarblue-collarblue-collarblue-collarblue-collarblue-collarblue-collarblue-collarblue-collarblue-collarblue-collarblue-collarblue-collarblue-collarblue-collarblue-collarblue-collarblue-collarblue-collarblue-collarblue-collarblue-collarblue-collarblue-collarblue-collarblue-collarblue-collarblue-collarblue-collarblue-collarblue-collarblue-collarblue-collarblue-collarblue-collarblue-collarblue-collarblue-collarblue-collarblue-collarblue-collarblue-collarblue-collarblue-collarblue-collarblue-collarblue-collarblue-collarblue-collarblue-collarblue-collarblue-collarblue-collarblue-collarblue-collarblue-collarblue-collarblue-collarblue-collarblue-collarblue-collarblue-collarblue-collarblue-collarblue-collarblue-collarblue-collarblue-collarblue-collarblue-collarblue-collarblue-collarblue-collarblue-collarblue-collarblue-collarblue-collarblue-collarblue-collarblue-collarblue-collarblue-collarblue-collarblue-collarblue-collarblue-collarblue-collarblue-collarblue-collarblue-collarblue-collarblue-collarblue-collarblue-collarblue-collarblue-collarblue-collarblue-collarblue-collarblue-collarblue-collarblue-collarblue-collarblue-collarblue-collarblue-collarblue-collarblue-collarblue-collarblue-collarblue-collarblue-collarblue-collarblue-collarblue-collarblue-collarblue-collarblue-collarblue-collarblue-collarblue-collarblue-collarblue-collarblue-collarblue-collarblue-collarblue-collarblue-collarblue-collarblue-collarblue-collarblue-collarblue-collarblue-collarblue-collarblue-collarblue-collarblue-collarblue-collarblue-collarblue-collarblue-collarblue-collarblue-collarblue-collarblue-collarblue-collarblue-collarblue-collarblue-collarblue-collarblue-collarblue-collarblue-collarblue-collarblue-collarblue-collarblue-collarblue-collarblue-collarblue-collarblue-collarblue-collarblue-collarblue-collarblue-collarblue-collarblue-collarblue-collarblue-collarblue-collarblue-collarblue-collarblue-collarblue-collarblue-collarblue-collarblue-collarblue-collarblue-collarblue-collarblue-collarblue-collarblue-collarblue-collarblue-collarblue-collarblue-collarblue-collarblue-collarblue-collarblue-collarblue-collarblue-collarblue-collarblue-collarblue-collarblue-collarblue-collarblue-collarblue-collarblue-collarblue-collarblue-collarblue-collarblue-collarblue-collarblue-collarblue-collarblue-collarblue-collarblue-collarblue-collarblue-collarblue-collarblue-collarblue-collarblue-collarblue-collarblue-collarblue-collarblue-collarblue-collarblue-collarblue-collarblue-collarblue-collarblue-collarblue-collarblue-collarblue-collarblue-collarblue-collarblue-collarblue-collarblue-collarblue-collarblue-collarblue-collarblue-collarblue-collarblue-collarblue-collarblue-collarblue-collarblue-collarblue-collarblue-collarblue-collarblue-collarblue-collarblue-collarblue-collarblue-collarblue-collarblue-collarblue-collarblue-collarblue-collarblue-collarblue-collarblue-collarblue-collarblue-collarblue-collarblue-collarblue-collarblue-collarblue-collarblue-collarblue-collarblue-collarblue-collarblue-collarblue-collarblue-collarblue-collarblue-collarblue-collarblue-collarblue-collarblue-collarblue-collarblue-collarblue-collarblue-collarblue-collarblue-collarblue-collarblue-collarblue-collarblue-collarblue-collarblue-collarblue-collarblue-collarblue-collarblue-collarblue-collarblue-collarblue-collarblue-collarblue-collarblue-collarblue-collarblue-collarblue-collarblue-collarblue-collarblue-collarblue-collarblue-collarblue-collarblue-collarblue-collarblue-collarblue-collarblue-collarblue-collarblue-collarblue-collarblue-collarblue-collarblue-collarblue-collarblue-collarblue-collarblue-collarblue-collarblue-collarblue-collarblue-collarblue-collarblue-collarblue-collarblue-collarblue-collarblue-collarblue-collarblue-collarblue-collarblue-collarblue-collarblue-collarblue-collarblue-collarblue-collarblue-collarblue-collarblue-collarblue-collarblue-collarblue-collarblue-collarblue-collarblue-collarblue-collarblue-collarblue-collarblue-collarblue-collarblue-collarblue-collarblue-collarblue-collarblue-collarblue-collarblue-collarblue-collarblue-collarblue-collarblue-collarblue-collarblue-collarblue-collarblue-collarblue-collarblue-collarblue-collarblue-collarblue-collarblue-collarblue-collarblue-collarblue-collarblue-collarblue-collarblue-collarblue-collarblue-collarblue-collarblue-collarblue-collarblue-collarblue-collarblue-collarblue-collarblue-collarblue-collarblue-collarblue-collarblue-collarblue-collarblue-collarblue-collarblue-collarblue-collarblue-collarblue-collarblue-collarblue-collarblue-collarblue-collarblue-collarblue-collarblue-collarblue-collarblue-collarblue-collarblue-collarblue-collarblue-collarblue-collarblue-collarblue-collarblue-collarblue-collarblue-collarblue-collarblue-collarblue-collarblue-collarblue-collarblue-collarblue-collarblue-collarblue-collarblue-collarblue-collarblue-collarblue-collarblue-collarblue-collarblue-collarblue-collarblue-collarblue-collarblue-collarblue-collarblue-collarblue-collarblue-collarblue-collarblue-collarblue-collarblue-collarblue-collarblue-collarblue-collarblue-collarblue-collarblue-collarblue-collarblue-collarblue-collarblue-collarblue-collarblue-collarblue-collarblue-collarblue-collarblue-collarblue-collarblue-collarblue-collarblue-collarblue-collarblue-collarblue-collarblue-collarblue-collarblue-collarblue-collarblue-collarblue-collarblue-collarblue-collarblue-collarblue-collarblue-collarblue-collarblue-collarblue-collarblue-collarblue-collarblue-collarblue-collarblue-collarblue-collarblue-collarblue-collarblue-collarblue-collarblue-collarblue-collarblue-collarblue-collarblue-collarblue-collarblue-collarblue-collarblue-collarblue-collarblue-collarblue-collarblue-collarblue-collarblue-collarblue-collarblue-collarblue-collarblue-collarblue-collarblue-collarblue-collarblue-collarblue-collarblue-collarblue-collarblue-collarblue-collarblue-collarblue-collarblue-collarblue-collarblue-collarblue-collarblue-collarblue-collarblue-collarblue-collarblue-collarblue-collarblue-collarblue-collarblue-collarblue-collarblue-collarblue-collarblue-collarblue-collarblue-collarblue-collarblue-collarblue-collarblue-collarblue-collarblue-collarblue-collarblue-collarblue-collarblue-collarblue-collarblue-collarblue-collarblue-collarblue-collarblue-collarblue-collarblue-collarblue-collarblue-collarblue-collarblue-collarblue-collarblue-collarblue-collarblue-collarblue-collarblue-collarblue-collarblue-collarblue-collarblue-collarblue-collarblue-collarblue-collarblue-collarblue-collarblue-collarblue-collarblue-collarblue-collarblue-collarblue-collarblue-collarblue-collarblue-collarblue-collarblue-collarblue-collarblue-collarblue-collarblue-collarblue-collarblue-collarblue-collarblue-collarblue-collarblue-collarblue-collarblue-collarblue-collarblue-collarblue-collarblue-collarblue-collarblue-collarblue-collarblue-collarblue-collarblue-collarblue-collarblue-collarblue-collarblue-collarblue-collarblue-collarblue-collarblue-collarblue-collarblue-collarblue-collarblue-collarblue-collarblue-collarblue-collarblue-collarblue-collarblue-collarblue-collarblue-collarblue-collarblue-collarblue-collarblue-collarblue-collarblue-collarblue-collarblue-collarblue-collarblue-collarblue-collarblue-collarblue-collarblue-collarblue-collarblue-collarblue-collarblue-collarblue-collarblue-collarblue-collarblue-collarblue-collarblue-collarblue-collarblue-collarblue-collarblue-collarblue-collarblue-collarblue-collarblue-collarblue-collarblue-collarblue-collarblue-collarblue-collarblue-collarblue-collarblue-collarblue-collarblue-collarblue-collarblue-collarblue-collarblue-collarblue-collarblue-collarblue-collarblue-collarblue-collarblue-collarblue-collarblue-collarblue-collarblue-collarblue-collarblue-collarblue-collarblue-collarblue-collarblue-collarblue-collarblue-collarblue-collarblue-collarblue-collarblue-collarblue-collarblue-collarblue-collarblue-collarblue-collarblue-collarblue-collarblue-collarblue-collarblue-collarblue-collarblue-collarblue-collarblue-collarblue-collarblue-collarblue-collarblue-collarblue-collarblue-collarblue-collarblue-collarblue-collarblue-collarblue-collarblue-collarblue-collarblue-collarblue-collarblue-collarblue-collarblue-collarblue-collarblue-collarblue-collarblue-collarblue-collarblue-collarblue-collarblue-collarblue-collarblue-collarblue-collarblue-collarblue-collarblue-collarblue-collarblue-collarblue-collarblue-collarblue-collarblue-collarblue-collarblue-collarblue-collarblue-collarblue-collarblue-collarblue-collarblue-collarblue-collarblue-collarblue-collarblue-collarblue-collarblue-collarblue-collarblue-collarblue-collarblue-collarblue-collarblue-collarblue-collarblue-collarblue-collarblue-collarblue-collarblue-collarblue-collarblue-collarblue-collarblue-collarblue-collarblue-collarblue-collarblue-collarblue-collarblue-collarblue-collarblue-collarblue-collarblue-collarblue-collarblue-collarblue-collarblue-collarblue-collarblue-collarblue-collarblue-collarblue-collarblue-collarblue-collarblue-collarblue-collarblue-collarblue-collarblue-collarblue-collarblue-collarblue-collarblue-collarblue-collarblue-collarblue-collarblue-collarblue-collarblue-collarblue-collarblue-collarblue-collarblue-collarblue-collarblue-collarblue-collarblue-collarblue-collarblue-collarblue-collarblue-collarblue-collarblue-collarblue-collarblue-collarblue-collarblue-collarblue-collarblue-collarblue-collarblue-collarblue-collarblue-collarblue-collarblue-collarblue-collarblue-collarblue-collarblue-collarblue-collarblue-collarblue-collarblue-collarblue-collarblue-collarblue-collarblue-collarblue-collarblue-collarblue-collarblue-collarblue-collarblue-collarblue-collarblue-collarblue-collarblue-collarblue-collarblue-collarblue-collarblue-collarblue-collarblue-collarblue-collarblue-collarblue-collarblue-collarblue-collarblue-collarblue-collarblue-collarblue-collarblue-collarblue-collarblue-collarblue-collarblue-collarblue-collarblue-collarblue-collarblue-collarblue-collarblue-collarblue-collarblue-collarblue-collarblue-collarblue-collarblue-collarblue-collarblue-collarblue-collarblue-collarblue-collarblue-collarblue-collarblue-collarblue-collarblue-collarblue-collarblue-collarblue-collarblue-collarblue-collarblue-collarblue-collarblue-collarblue-collarblue-collarblue-collarblue-collarblue-collarblue-collarblue-collarblue-collarblue-collarblue-collarblue-collarblue-collarblue-collarblue-collarblue-collarblue-collarblue-collarblue-collarblue-collarblue-collarblue-collarblue-collarblue-collarblue-collarblue-collarblue-collarblue-collarblue-collarblue-collarblue-collarblue-collarblue-collarblue-collarblue-collarblue-collarblue-collarblue-collarblue-collarblue-collarblue-collarblue-collarblue-collarblue-collarblue-collarblue-collarblue-collarblue-collarblue-collarblue-collarblue-collarblue-collarblue-collarblue-collarblue-collarblue-collarblue-collarblue-collarblue-collarblue-collarblue-collarblue-collarblue-collarblue-collarblue-collarblue-collarblue-collarblue-collarblue-collarblue-collarblue-collarblue-collarblue-collarblue-collarblue-collarblue-collarblue-collarblue-collarblue-collarblue-collarblue-collarblue-collarblue-collarblue-collarblue-collarblue-collarblue-collarblue-collarblue-collarblue-collarblue-collarblue-collarblue-collarblue-collarblue-collarblue-collarblue-collarblue-collarblue-collarblue-collarblue-collarblue-collarblue-collarblue-collarblue-collarblue-collarblue-collarblue-collarblue-collarblue-collarblue-collarblue-collarblue-collarblue-collarblue-collarblue-collarblue-collarblue-collarblue-collarblue-collarblue-collarblue-collarblue-collarblue-collarblue-collarblue-collarblue-collarblue-collarblue-collarblue-collarblue-collarblue-collarblue-collarblue-collarblue-collarblue-collarblue-collarblue-collarblue-collarblue-collarblue-collarblue-collarblue-collarblue-collarblue-collarblue-collarblue-collarblue-collarblue-collarblue-collarblue-collarblue-collarblue-collarblue-collarblue-collarblue-collarblue-collarblue-collarblue-collarblue-collarblue-collarblue-collarblue-collarblue-collarblue-collarblue-collarblue-collarblue-collarblue-collarblue-collarblue-collarblue-collarblue-collarblue-collarblue-collarblue-collarblue-collarblue-collarblue-collarblue-collarblue-collarblue-collarblue-collarblue-collarblue-collarblue-collarblue-collarblue-collarblue-collarblue-collarblue-collarblue-collarblue-collarblue-collarblue-collarblue-collarblue-collarblue-collarblue-collarblue-collarblue-collarblue-collarblue-collarblue-collarblue-collarblue-collarblue-collarblue-collarblue-collarblue-collarblue-collarblue-collarblue-collarblue-collarblue-collarblue-collarblue-collarblue-collarblue-collarblue-collarblue-collarblue-collarblue-collarblue-collarblue-collarblue-collarblue-collarblue-collarblue-collarblue-collarblue-collarblue-collarblue-collarblue-collarblue-collarblue-collarblue-collarblue-collarblue-collarblue-collarblue-collarblue-collarblue-collarblue-collarblue-collarblue-collarblue-collarblue-collarblue-collarblue-collarblue-collarblue-collarblue-collarblue-collarblue-collarblue-collarblue-collarblue-collarblue-collarblue-collarblue-collarblue-collarblue-collarblue-collarblue-collarblue-collarblue-collarblue-collarblue-collarblue-collarblue-collarblue-collarblue-collarblue-collarblue-collarblue-collarblue-collarblue-collarblue-collarblue-collarblue-collarblue-collarblue-collarblue-collarblue-collarblue-collarblue-collarblue-collarblue-collarblue-collarblue-collarblue-collarblue-collarblue-collarblue-collarblue-collarblue-collarblue-collarblue-collarblue-collarblue-collarblue-collarblue-collarblue-collarblue-collarblue-collarblue-collarblue-collarblue-collarblue-collarblue-collarblue-collarblue-collarblue-collarblue-collarblue-collarblue-collarblue-collarblue-collarblue-collarblue-collarblue-collarblue-collarblue-collarblue-collarblue-collarblue-collarblue-collarblue-collarblue-collarblue-collarblue-collarblue-collarblue-collarblue-collarblue-collarblue-collarblue-collarblue-collarblue-collarblue-collarblue-collarblue-collarblue-collarblue-collarblue-collarblue-collarblue-collarblue-collarblue-collarblue-collarblue-collarblue-collarblue-collarblue-collarblue-collarblue-collarblue-collarblue-collarblue-collarblue-collarblue-collarblue-collarblue-collarblue-collarblue-collarblue-collarblue-collarblue-collarblue-collarblue-collarblue-collarblue-collarblue-collarblue-collarblue-collarblue-collarblue-collarblue-collarblue-collarblue-collarblue-collarblue-collarblue-collarblue-collarblue-collarblue-collarblue-collarblue-collarblue-collarblue-collarblue-collarblue-collarblue-collarblue-collarblue-collarblue-collarblue-collarblue-collarblue-collarblue-collarblue-collarblue-collarblue-collarblue-collarblue-collarblue-collarblue-collarblue-collarblue-collarblue-collarblue-collarblue-collarblue-collarblue-collarblue-collarblue-collarblue-collarblue-collarblue-collarblue-collarblue-collarblue-collarblue-collarblue-collarblue-collarblue-collarblue-collarblue-collarblue-collarblue-collarblue-collarblue-collarblue-collarblue-collarblue-collarblue-collarblue-collarblue-collarblue-collarblue-collarblue-collarblue-collarblue-collarblue-collarblue-collarblue-collarblue-collarblue-collarblue-collarblue-collarblue-collarblue-collarblue-collarblue-collarblue-collarblue-collarblue-collarblue-collarblue-collarblue-collarblue-collarblue-collarblue-collarblue-collarblue-collarblue-collarblue-collarblue-collarblue-collarblue-collarblue-collarblue-collarblue-collarblue-collarblue-collarblue-collarblue-collarblue-collarblue-collarblue-collarblue-collarblue-collarblue-collarblue-collarblue-collarblue-collarblue-collarblue-collarblue-collarblue-collarblue-collarblue-collarblue-collarblue-collarblue-collarblue-collarblue-collarblue-collarblue-collarblue-collarblue-collarblue-collarblue-collarblue-collarblue-collarblue-collarblue-collarblue-collarblue-collarblue-collarblue-collarblue-collarblue-collarblue-collarblue-collarblue-collarblue-collarblue-collarblue-collarblue-collarblue-collarblue-collarblue-collarblue-collarblue-collarblue-collarblue-collarblue-collarblue-collarblue-collarblue-collarblue-collarblue-collarblue-collarblue-collarblue-collarblue-collarblue-collarblue-collarblue-collarblue-collarblue-collarblue-collarblue-collarblue-collarblue-collarblue-collarblue-collarblue-collarblue-collarblue-collarblue-collarblue-collarblue-collarblue-collarblue-collarblue-collarblue-collarblue-collarblue-collarblue-collarblue-collarblue-collarblue-collarblue-collarblue-collarblue-collarblue-collarblue-collarblue-collarblue-collarblue-collarblue-collarblue-collarblue-collarblue-collarblue-collarblue-collarblue-collarblue-collarblue-collarblue-collarblue-collarblue-collarblue-collarblue-collarblue-collarblue-collarblue-collarblue-collarblue-collarblue-collarblue-collarblue-collarblue-collarblue-collarblue-collarblue-collarblue-collarblue-collarblue-collarblue-collarblue-collarblue-collarblue-collarblue-collarblue-collarblue-collarblue-collarblue-collarblue-collarblue-collarblue-collarblue-collarblue-collarblue-collarblue-collarblue-collarblue-collarblue-collarblue-collarblue-collarblue-collarblue-collarblue-collarblue-collarblue-collarblue-collarblue-collarblue-collarblue-collarblue-collarblue-collarblue-collarblue-collarblue-collarblue-collarblue-collarblue-collarblue-collarblue-collarblue-collarblue-collarblue-collarblue-collarblue-collarblue-collarblue-collarblue-collarblue-collarblue-collarblue-collarblue-collarblue-collarblue-collarblue-collarblue-collarblue-collarblue-collarblue-collarblue-collarblue-collarblue-collarblue-collarblue-collarblue-collarblue-collarblue-collarblue-collarblue-collarblue-collarblue-collarblue-collarblue-collarblue-collarblue-collarblue-collarblue-collarblue-collarblue-collarblue-collarblue-collarblue-collarblue-collarblue-collarblue-collarblue-collarblue-collarblue-collarblue-collarblue-collarblue-collarblue-collarblue-collarblue-collarblue-collarblue-collarblue-collarblue-collarblue-collarblue-collarblue-collarblue-collarblue-collarblue-collarblue-collarblue-collarblue-collarblue-collarblue-collarblue-collarblue-collarblue-collarblue-collarblue-collarblue-collarblue-collarblue-collarblue-collarblue-collarblue-collarblue-collarblue-collarblue-collarblue-collarblue-collarblue-collarblue-collarblue-collarblue-collarblue-collarblue-collarblue-collarblue-collarblue-collarblue-collarblue-collarblue-collarblue-collarblue-collarblue-collarblue-collarblue-collarblue-collarblue-collarblue-collarblue-collarblue-collarblue-collarblue-collarblue-collarblue-collarblue-collarblue-collarblue-collarblue-collarblue-collarblue-collarblue-collarblue-collarblue-collarblue-collarblue-collarblue-collarblue-collarblue-collarblue-collarblue-collarblue-collarblue-collarblue-collarblue-collarblue-collarblue-collarblue-collarblue-collarblue-collarblue-collarblue-collarblue-collarblue-collarblue-collarblue-collarblue-collarblue-collarblue-collarblue-collarblue-collarblue-collarblue-collarblue-collarblue-collarblue-collarblue-collarblue-collarblue-collarblue-collarblue-collarblue-collarblue-collarblue-collarblue-collarblue-collarblue-collarblue-collarblue-collarblue-collarblue-collarblue-collarblue-collarblue-collarblue-collarblue-collarblue-collarblue-collarblue-collarblue-collarblue-collarblue-collarblue-collarblue-collarblue-collarblue-collarblue-collarblue-collarblue-collarblue-collarblue-collarblue-collarblue-collarblue-collarblue-collarblue-collarblue-collarblue-collarblue-collarblue-collarblue-collarblue-collarblue-collarblue-collarblue-collarblue-collarblue-collarblue-collarblue-collarblue-collarblue-collarblue-collarblue-collarblue-collarblue-collarblue-collarblue-collarblue-collarblue-collarblue-collarblue-collarblue-collarblue-collarblue-collarblue-collarblue-collarblue-collarblue-collarblue-collarblue-collarblue-collarblue-collarblue-collarblue-collarblue-collarblue-collarblue-collarblue-collarblue-collarblue-collarblue-collarblue-collarblue-collarblue-collarblue-collarblue-collarblue-collarblue-collarblue-collarblue-collarblue-collarblue-collarblue-collarblue-collarblue-collarblue-collarblue-collarblue-collarblue-collarblue-collarblue-collarblue-collarblue-collarblue-collarblue-collarblue-collarblue-collarblue-collarblue-collarblue-collarblue-collarblue-collarblue-collarblue-collarblue-collarblue-collarblue-collarblue-collarblue-collarblue-collarblue-collarblue-collarblue-collarblue-collarblue-collarblue-collarblue-collarblue-collarblue-collarblue-collarblue-collarblue-collarblue-collarblue-collarblue-collarblue-collarblue-collarblue-collarblue-collarblue-collarblue-collarblue-collarblue-collarblue-collarblue-collarblue-collarblue-collarblue-collarblue-collarblue-collarblue-collarblue-collarblue-collarblue-collarblue-collarblue-collarblue-collarblue-collarblue-collarblue-collarblue-collarblue-collarblue-collarblue-collarblue-collarblue-collarblue-collarblue-collarblue-collarblue-collarblue-collarblue-collarblue-collarblue-collarblue-collarblue-collarblue-collarblue-collarblue-collarblue-collarblue-collarblue-collarblue-collarblue-collarblue-collarblue-collarblue-collarblue-collarblue-collarblue-collarblue-collarblue-collarblue-collarblue-collarblue-collarblue-collarblue-collarblue-collarblue-collarblue-collarblue-collarblue-collarblue-collarblue-collarblue-collarblue-collarblue-collarblue-collarblue-collarblue-collarblue-collarblue-collarblue-collarblue-collarblue-collarblue-collarblue-collarblue-collarblue-collarblue-collarblue-collarblue-collarblue-collarblue-collarblue-collarblue-collarblue-collarblue-collarblue-collarblue-collarblue-collarblue-collarblue-collarblue-collarblue-collarblue-collarblue-collarblue-collarblue-collarblue-collarblue-collarblue-collarblue-collarblue-collarblue-collarblue-collarblue-collarblue-collarblue-collarblue-collarblue-collarblue-collarblue-collarblue-collarblue-collarblue-collarblue-collarblue-collarblue-collarblue-collarblue-collarblue-collarblue-collarblue-collarblue-collarblue-collarblue-collarblue-collarblue-collarblue-collarblue-collarblue-collarblue-collarblue-collarblue-collarblue-collarblue-collarblue-collarblue-collarblue-collarblue-collarblue-collarblue-collarblue-collarblue-collarblue-collarblue-collarblue-collarblue-collarblue-collarblue-collarblue-collarblue-collarblue-collarblue-collarblue-collarblue-collarblue-collarblue-collarblue-collarblue-collarblue-collarblue-collarblue-collarblue-collarblue-collarblue-collarblue-collarblue-collarblue-collarblue-collarblue-collarblue-collarblue-collarblue-collarblue-collarblue-collarblue-collarblue-collarblue-collarblue-collarblue-collarblue-collarblue-collarblue-collarblue-collarblue-collarblue-collarblue-collarblue-collarblue-collarblue-collarblue-collarblue-collarblue-collarblue-collarblue-collarblue-collarblue-collarblue-collarblue-collarblue-collarblue-collarblue-collarblue-collarblue-collarblue-collarblue-collarblue-collarblue-collarblue-collarblue-collarblue-collarblue-collarblue-collarblue-collarblue-collarblue-collarblue-collarblue-collarblue-collarblue-collarblue-collarblue-collarblue-collarblue-collarblue-collarblue-collarblue-collarblue-collarblue-collarblue-collarblue-collarblue-collarblue-collarblue-collarblue-collarblue-collarblue-collarblue-collarblue-collarblue-collarblue-collarblue-collarblue-collarblue-collarblue-collarblue-collarblue-collarblue-collarblue-collarblue-collarblue-collarblue-collarblue-collarblue-collarblue-collarblue-collarblue-collarblue-collarblue-collarblue-collarblue-collarblue-collarblue-collarblue-collarblue-collarblue-collarblue-collarblue-collarblue-collarblue-collarblue-collarblue-collarblue-collarblue-collarblue-collarblue-collarblue-collarblue-collarblue-collarblue-collarblue-collarblue-collarblue-collarblue-collarblue-collarblue-collarblue-collarblue-collarblue-collarblue-collarblue-collarblue-collarblue-collarblue-collarblue-collarblue-collarblue-collarblue-collarblue-collarblue-collarblue-collarblue-collarblue-collarblue-collarblue-collarblue-collarblue-collarblue-collarblue-collarblue-collarblue-collarblue-collarblue-collarblue-collarblue-collarblue-collarblue-collarblue-collarblue-collarblue-collarblue-collarblue-collarblue-collarblue-collarblue-collarblue-collarblue-collarblue-collarblue-collarblue-collarblue-collarblue-collarblue-collarblue-collarblue-collarblue-collarblue-collarblue-collarblue-collarblue-collarblue-collarblue-collarblue-collarblue-collarblue-collarblue-collarblue-collarblue-collarblue-collarblue-collarblue-collarblue-collarblue-collarblue-collarblue-collarblue-collarblue-collarblue-collarblue-collarblue-collarblue-collarblue-collarblue-collarblue-collarblue-collarblue-collarblue-collarblue-collarblue-collarblue-collarblue-collarblue-collarblue-collarblue-collarblue-collarblue-collarblue-collarblue-collarblue-collarblue-collarblue-collarblue-collarblue-collarblue-collarblue-collarblue-collarblue-collarblue-collarblue-collarblue-collarblue-collarblue-collarblue-collarblue-collarblue-collarblue-collarblue-collarblue-collarblue-collarblue-collarblue-collarblue-collarblue-collarblue-collarblue-collarblue-collarblue-collarblue-collarblue-collarblue-collarblue-collarblue-collarblue-collarblue-collarblue-collarblue-collarblue-collarblue-collarblue-collarblue-collarblue-collarblue-collarblue-collarblue-collarblue-collarblue-collarblue-collarblue-collarblue-collarblue-collarblue-collarblue-collarblue-collarblue-collarblue-collarblue-collarblue-collarblue-collarblue-collarblue-collarblue-collarblue-collarblue-collarblue-collarblue-collarblue-collarblue-collarblue-collarblue-collarblue-collarblue-collarblue-collarblue-collarblue-collarblue-collarblue-collarblue-collarblue-collarblue-collarblue-collarblue-collarblue-collarblue-collarblue-collarblue-collarblue-collarblue-collarblue-collarblue-collarblue-collarblue-collarblue-collarblue-collarblue-collarblue-collarblue-collarblue-collarblue-collarblue-collarblue-collarblue-collarblue-collarblue-collarblue-collarblue-collarblue-collarblue-collarblue-collarblue-collarblue-collarblue-collarblue-collarblue-collarblue-collarblue-collarblue-collarblue-collarblue-collarblue-collarblue-collarblue-collarblue-collarblue-collarblue-collarblue-collarblue-collarblue-collarblue-collarblue-collarblue-collarblue-collarblue-collarblue-collarblue-collarblue-collarblue-collarblue-collarblue-collarblue-collarblue-collarblue-collarblue-collarblue-collarblue-collarblue-collarblue-collarblue-collarblue-collarblue-collarblue-collarblue-collarblue-collarblue-collarblue-collarblue-collarblue-collarblue-collarblue-collarblue-collarblue-collarblue-collarblue-collarblue-collarblue-collarblue-collarblue-collarblue-collarblue-collarblue-collarblue-collarblue-collarblue-collarblue-collarblue-collarblue-collarblue-collarblue-collarblue-collarblue-collarblue-collarblue-collarblue-collarblue-collarblue-collarblue-collarblue-collarblue-collarblue-collarblue-collarblue-collarblue-collarblue-collarblue-collarblue-collarblue-collarblue-collarblue-collarblue-collarblue-collarblue-collarblue-collarblue-collarblue-collarblue-collarblue-collarblue-collarblue-collarblue-collarblue-collarblue-collarblue-collarblue-collarblue-collarblue-collarblue-collarblue-collarblue-collarblue-collarblue-collarblue-collarblue-collarblue-collarblue-collarblue-collarblue-collarblue-collarblue-collarblue-collarblue-collarblue-collarblue-collarblue-collarblue-collarblue-collarblue-collarblue-collarblue-collarblue-collarblue-collarblue-collarblue-collarblue-collarblue-collarblue-collarblue-collarblue-collarblue-collarblue-collarblue-collarblue-collarblue-collarblue-collarblue-collarblue-collarblue-collarblue-collarblue-collarblue-collarblue-collarblue-collarblue-collarblue-collarblue-collarblue-collarblue-collarblue-collarblue-collarblue-collarblue-collarblue-collarblue-collarblue-collarblue-collarblue-collarblue-collarblue-collarblue-collarblue-collarblue-collarblue-collarblue-collarblue-collarblue-collarblue-collarblue-collarblue-collarblue-collarblue-collarblue-collarblue-collarblue-collarblue-collarblue-collarblue-collarblue-collarblue-collarblue-collarblue-collarblue-collarblue-collarblue-collarblue-collarblue-collarblue-collarblue-collarblue-collarblue-collarblue-collarblue-collarblue-collarblue-collarblue-collarblue-collarblue-collarblue-collarblue-collarblue-collarblue-collarblue-collarblue-collarblue-collarblue-collarblue-collarblue-collarblue-collarblue-collarblue-collarblue-collarblue-collarblue-collarblue-collarblue-collarblue-collarblue-collarblue-collarblue-collarblue-collarblue-collarblue-collarblue-collarblue-collarblue-collarblue-collarblue-collarblue-collarblue-collarblue-collarblue-collarblue-collarblue-collarblue-collarblue-collarblue-collarblue-collarblue-collarblue-collarblue-collarblue-collarblue-collarblue-collarblue-collarblue-collarblue-collarblue-collarblue-collarblue-collarblue-collarblue-collarblue-collarblue-collarblue-collarblue-collarblue-collarblue-collarblue-collarblue-collarblue-collarblue-collarblue-collarblue-collarblue-collarblue-collarblue-collarblue-collarblue-collarblue-collarblue-collarblue-collarblue-collarblue-collarblue-collarblue-collarblue-collarblue-collarblue-collarblue-collarblue-collarblue-collarblue-collarblue-collarblue-collarblue-collarblue-collarblue-collarblue-collarblue-collarblue-collarblue-collarblue-collarblue-collarblue-collarblue-collarblue-collarblue-collarblue-collarblue-collarblue-collarblue-collarblue-collarblue-collarblue-collarblue-collarblue-collarblue-collarblue-collarblue-collarblue-collarblue-collarblue-collarblue-collarblue-collarblue-collarblue-collarblue-collarblue-collarblue-collarblue-collarblue-collarblue-collarblue-collarblue-collarblue-collarblue-collarblue-collarblue-collarblue-collarblue-collarblue-collarblue-collarblue-collarblue-collarblue-collarblue-collarblue-collarblue-collarblue-collarblue-collarblue-collarblue-collarblue-collarblue-collarblue-collarblue-collarblue-collarblue-collarblue-collarblue-collarblue-collarblue-collarblue-collarblue-collarblue-collarblue-collarblue-collarblue-collarblue-collarblue-collarblue-collarblue-collarblue-collarblue-collarblue-collarblue-collarblue-collarblue-collarblue-collarblue-collarblue-collarblue-collarblue-collarblue-collarblue-collarblue-collarblue-collarblue-collarblue-collarblue-collarblue-collarblue-collarblue-collarblue-collarblue-collarblue-collarblue-collarblue-collarblue-collarblue-collarblue-collarblue-collarblue-collarblue-collarblue-collarblue-collarblue-collarblue-collarblue-collarblue-collarblue-collarblue-collarblue-collarblue-collarblue-collarblue-collarblue-collarblue-collarblue-collarblue-collarblue-collarblue-collarblue-collarblue-collarblue-collarblue-collarblue-collarblue-collarblue-collarblue-collarblue-collarblue-collarblue-collarblue-collarblue-collarblue-collarblue-collarblue-collarblue-collarblue-collarblue-collarblue-collarblue-collarblue-collarblue-collarblue-collarblue-collarblue-collarblue-collarblue-collarblue-collarblue-collarblue-collarblue-collarblue-collarblue-collarblue-collarblue-collarblue-collarblue-collarblue-collarblue-collarblue-collarblue-collarblue-collarblue-collarblue-collarblue-collarblue-collarblue-collarblue-collarblue-collarblue-collarblue-collarblue-collarblue-collarblue-collarblue-collarblue-collarblue-collarblue-collarblue-collarblue-collarblue-collarblue-collarblue-collarblue-collarblue-collarblue-collarblue-collarblue-collarblue-collarblue-collarblue-collarblue-collarblue-collarblue-collarblue-collarblue-collarblue-collarblue-collarblue-collarblue-collarblue-collarblue-collarblue-collarblue-collarblue-collarblue-collarblue-collarblue-collarblue-collarblue-collarblue-collarblue-collarblue-collarblue-collarblue-collarblue-collarblue-collarblue-collarblue-collarblue-collarblue-collarblue-collarblue-collarblue-collarblue-collarblue-collarblue-collarblue-collarblue-collarblue-collarblue-collarblue-collarblue-collarblue-collarblue-collarblue-collarblue-collarblue-collarblue-collarblue-collarblue-collarblue-collarblue-collarblue-collarblue-collarblue-collarblue-collarblue-collarblue-collarblue-collarblue-collarblue-collarblue-collarblue-collarblue-collarblue-collarblue-collarblue-collarblue-collarblue-collarblue-collarblue-collarblue-collarblue-collarblue-collarblue-collarblue-collarblue-collarblue-collarblue-collarblue-collarblue-collarblue-collarblue-collarblue-collarblue-collarblue-collarblue-collarblue-collarblue-collarblue-collarblue-collarblue-collarblue-collarblue-collarblue-collarblue-collarblue-collarblue-collarblue-collarblue-collarblue-collarblue-collarblue-collarblue-collarblue-collarblue-collarblue-collarblue-collarblue-collarblue-collarblue-collarblue-collarblue-collarblue-collarblue-collarblue-collarblue-collarblue-collarblue-collarblue-collarblue-collarblue-collarblue-collarblue-collarblue-collarblue-collarblue-collarblue-collarblue-collarblue-collarblue-collarblue-collarblue-collarblue-collarblue-collarblue-collarblue-collarblue-collarblue-collarblue-collarblue-collarblue-collarblue-collarblue-collarblue-collarblue-collarblue-collarblue-collarblue-collarblue-collarblue-collarblue-collarblue-collarblue-collarblue-collarblue-collarblue-collarblue-collarblue-collarblue-collarblue-collarblue-collarblue-collarblue-collarblue-collarblue-collarblue-collarblue-collarblue-collarblue-collarblue-collarblue-collarblue-collarblue-collarblue-collarblue-collarblue-collarblue-collarblue-collarblue-collarblue-collarblue-collarblue-collarblue-collarblue-collarblue-collarblue-collarblue-collarblue-collarblue-collarblue-collarblue-collarblue-collarblue-collarblue-collarblue-collarblue-collarblue-collarblue-collarblue-collarblue-collarblue-collarblue-collarblue-collarblue-collarblue-collarblue-collarblue-collarblue-collarblue-collarblue-collarblue-collarblue-collarblue-collarblue-collarblue-collarblue-collarblue-collarblue-collarblue-collarblue-collarblue-collarblue-collarblue-collarblue-collarblue-collarblue-collarblue-collarblue-collarblue-collarblue-collarblue-collarblue-collarblue-collarblue-collarblue-collarblue-collarblue-collarblue-collarblue-collarblue-collarblue-collarblue-collarblue-collarblue-collarblue-collarblue-collarblue-collarblue-collarblue-collarblue-collarblue-collarblue-collarblue-collarblue-collarblue-collarblue-collarblue-collarblue-collarblue-collarblue-collarblue-collarblue-collarblue-collarblue-collarblue-collarblue-collarblue-collarblue-collarblue-collarblue-collarblue-collarblue-collarblue-collarblue-collarblue-collarblue-collarblue-collarblue-collarblue-collarblue-collarblue-collarblue-collarblue-collarblue-collarblue-collarblue-collarblue-collarblue-collarblue-collarblue-collarblue-collarblue-collarblue-collarblue-collarblue-collarblue-collarblue-collarblue-collarblue-collarblue-collarblue-collarblue-collarblue-collarblue-collarblue-collarblue-collarblue-collarblue-collarblue-collarblue-collarblue-collarblue-collarblue-collarblue-collarblue-collarblue-collarblue-collarblue-collarblue-collarblue-collarblue-collarblue-collarblue-collarblue-collarblue-collarblue-collarblue-collarblue-collarblue-collarblue-collarblue-collarblue-collarblue-collarblue-collarblue-collarblue-collarblue-collarblue-collarblue-collarblue-collarblue-collarblue-collarblue-collarblue-collarblue-collarblue-collarblue-collarblue-collarblue-collarblue-collarblue-collarblue-collarblue-collarblue-collarblue-collarblue-collarblue-collarblue-collarblue-collarblue-collarblue-collarblue-collarblue-collarblue-collarblue-collarblue-collarblue-collarblue-collarblue-collarblue-collarblue-collarblue-collarblue-collarblue-collarblue-collarblue-collarblue-collarblue-collarblue-collarblue-collarblue-collarblue-collarblue-collarblue-collarblue-collarblue-collarblue-collarblue-collarblue-collarblue-collarblue-collarblue-collarblue-collarblue-collarblue-collarblue-collarblue-collarblue-collarblue-collarblue-collarblue-collarblue-collarblue-collarblue-collarblue-collarblue-collarblue-collarblue-collarblue-collarblue-collarblue-collarblue-collarblue-collarblue-collarblue-collarblue-collarblue-collarblue-collarblue-collarblue-collarblue-collarblue-collarblue-collarblue-collarblue-collarblue-collarblue-collarblue-collarblue-collarblue-collarblue-collarblue-collarblue-collarblue-collarblue-collarblue-collarblue-collarblue-collarblue-collarblue-collarblue-collarblue-collarblue-collarblue-collarblue-collarblue-collarblue-collarblue-collarblue-collarblue-collarblue-collarblue-collarblue-collarblue-collarblue-collarblue-collarblue-collarblue-collarblue-collarblue-collarblue-collarblue-collarblue-collarblue-collarblue-collarblue-collarblue-collarblue-collarblue-collarblue-collarblue-collarblue-collarblue-collarblue-collarblue-collarblue-collarblue-collarblue-collarblue-collarblue-collarblue-collarblue-collarblue-collarblue-collarblue-collarblue-collarblue-collarblue-collarblue-collarblue-collarblue-collarblue-collarblue-collarblue-collarblue-collarblue-collarblue-collarblue-collarblue-collarblue-collarblue-collarblue-collarblue-collarblue-collarblue-collarblue-collarblue-collarblue-collarblue-collarblue-collarblue-collarblue-collarblue-collarblue-collarblue-collarblue-collarblue-collarblue-collarblue-collarblue-collarblue-collarblue-collarblue-collarblue-collarblue-collarblue-collarblue-collarblue-collarblue-collarblue-collarblue-collarblue-collarblue-collarblue-collarblue-collarblue-collarblue-collarblue-collarblue-collarblue-collarblue-collarblue-collarblue-collarblue-collarblue-collarblue-collarblue-collarblue-collarblue-collarblue-collarblue-collarblue-collarblue-collarblue-collarblue-collarblue-collarblue-collarblue-collarblue-collarblue-collarblue-collarblue-collarblue-collarblue-collarblue-collarblue-collarblue-collarblue-collarblue-collarblue-collarblue-collarblue-collarblue-collarblue-collarblue-collarblue-collarblue-collarblue-collarblue-collarblue-collarblue-collarblue-collarblue-collarblue-collarblue-collarblue-collarblue-collarblue-collarblue-collarblue-collarblue-collarblue-collarblue-collarblue-collarblue-collarblue-collarblue-collarblue-collarblue-collarblue-collarblue-collarblue-collarblue-collarblue-collarblue-collarblue-collarblue-collarblue-collarblue-collarblue-collarblue-collarblue-collarblue-collarblue-collarblue-collarblue-collarblue-collarblue-collarblue-collarblue-collarblue-collarblue-collarblue-collarblue-collarblue-collarblue-collarblue-collarblue-collarblue-collarblue-collarblue-collarblue-collarblue-collarblue-collarblue-collarblue-collarblue-collarblue-collarblue-collarblue-collarblue-collarblue-collarblue-collarblue-collarblue-collarblue-collarblue-collarblue-collarblue-collarblue-collarblue-collarblue-collarblue-collarblue-collarblue-collarblue-collarblue-collarblue-collarblue-collarblue-collarblue-collarblue-collarblue-collarblue-collarblue-collarblue-collarblue-collarblue-collarblue-collarblue-collarblue-collarblue-collarblue-collarblue-collarblue-collarblue-collarblue-collarblue-collarblue-collarblue-collarblue-collarblue-collarblue-collarblue-collarblue-collarblue-collarblue-collarblue-collarblue-collarblue-collarblue-collarblue-collarblue-collarblue-collarblue-collarblue-collarblue-collarblue-collarblue-collarblue-collarblue-collarblue-collarblue-collarblue-collarblue-collarblue-collarblue-collarblue-collarblue-collarblue-collarblue-collarblue-collarblue-collarblue-collarblue-collarblue-collarblue-collarblue-collarblue-collarblue-collarblue-collarblue-collarblue-collarblue-collarblue-collarblue-collarblue-collarblue-collarblue-collarblue-collarblue-collarblue-collarblue-collarblue-collarblue-collarblue-collarblue-collarblue-collarblue-collarblue-collarblue-collarblue-collarblue-collarblue-collarblue-collarblue-collarblue-collarblue-collarblue-collarblue-collarblue-collarblue-collarblue-collarblue-collarblue-collarblue-collarblue-collarblue-collarblue-collarblue-collarblue-collarblue-collarblue-collarblue-collarblue-collarblue-collarblue-collarblue-collarblue-collarblue-collarblue-collarblue-collarblue-collarblue-collarblue-collarblue-collarblue-collarblue-collarblue-collarblue-collarblue-collarblue-collarblue-collarblue-collarblue-collarblue-collarblue-collarblue-collarblue-collarblue-collarblue-collarblue-collarblue-collarblue-collarblue-collarblue-collarblue-collarblue-collarblue-collarblue-collarblue-collarblue-collarblue-collarblue-collarblue-collarblue-collarblue-collarblue-collarblue-collarblue-collarblue-collarblue-collarblue-collarblue-collarblue-collarblue-collarblue-collarblue-collarblue-collarblue-collarblue-collarblue-collarblue-collarblue-collarblue-collarblue-collarblue-collarblue-collarblue-collarblue-collarblue-collarblue-collarblue-collarblue-collarblue-collarblue-collarblue-collarblue-collarblue-collarblue-collarblue-collarblue-collarblue-collarblue-collarblue-collarblue-collarblue-collarblue-collarblue-collarblue-collarblue-collarblue-collarblue-collarblue-collarblue-collarblue-collarblue-collarblue-collarblue-collarblue-collarblue-collarblue-collarblue-collarblue-collarblue-collarblue-collarblue-collarblue-collarblue-collarblue-collarblue-collarblue-collarblue-collarblue-collarblue-collarblue-collarblue-collarblue-collarblue-collarblue-collarblue-collarblue-collarblue-collarblue-collarblue-collarblue-collarblue-collarblue-collarblue-collarblue-collarblue-collarblue-collarblue-collarblue-collarblue-collarblue-collarblue-collarblue-collarblue-collarblue-collarblue-collarblue-collarblue-collarblue-collarblue-collarblue-collarblue-collarblue-collarblue-collarblue-collarblue-collarblue-collarblue-collarblue-collarblue-collarblue-collarblue-collarblue-collarblue-collarblue-collarblue-collarblue-collarblue-collarblue-collarblue-collarblue-collarblue-collarblue-collarblue-collarblue-collarblue-collarblue-collarblue-collarblue-collarblue-collarblue-collarblue-collarblue-collarblue-collarblue-collarblue-collarblue-collarblue-collarblue-collarblue-collarblue-collarblue-collarblue-collarblue-collarblue-collarblue-collarblue-collarblue-collarblue-collarblue-collarblue-collarblue-collarblue-collarblue-collarblue-collarblue-collarblue-collarblue-collarblue-collarblue-collarblue-collarblue-collarblue-collarblue-collarblue-collarblue-collarblue-collarblue-collarblue-collarblue-collarblue-collarblue-collarblue-collarblue-collarblue-collarblue-collarblue-collarblue-collarblue-collarblue-collarblue-collarblue-collarblue-collarblue-collarblue-collarblue-collarblue-collarblue-collarblue-collarblue-collarblue-collarblue-collarblue-collarblue-collarblue-collarblue-collarblue-collarblue-collarblue-collarblue-collarblue-collarblue-collarblue-collarblue-collarblue-collarblue-collarblue-collarblue-collarblue-collarblue-collarblue-collarblue-collarblue-collarblue-collarblue-collarblue-collarblue-collarblue-collarblue-collarblue-collarblue-collarblue-collarblue-collarblue-collarblue-collarblue-collarblue-collarblue-collarblue-collarblue-collarblue-collarblue-collarblue-collarblue-collarblue-collarblue-collarblue-collarblue-collarblue-collarblue-collarblue-collarblue-collarblue-collarblue-collarblue-collarblue-collarblue-collarblue-collarblue-collarblue-collarblue-collarblue-collarblue-collarblue-collarblue-collarblue-collarblue-collarblue-collarblue-collarblue-collarblue-collarblue-collarblue-collarblue-collarblue-collarblue-collarblue-collarblue-collarblue-collarblue-collarblue-collarblue-collarblue-collarblue-collarblue-collarblue-collarblue-collarblue-collarblue-collarblue-collarblue-collarblue-collarblue-collarblue-collarblue-collarblue-collarblue-collarblue-collarblue-collarblue-collarblue-collarblue-collarblue-collarblue-collarblue-collarblue-collarblue-collarblue-collarblue-collarblue-collarblue-collarblue-collarblue-collarblue-collarblue-collarblue-collarblue-collarblue-collarblue-collarblue-collarblue-collarblue-collarblue-collarblue-collarblue-collarblue-collarblue-collarblue-collarblue-collarblue-collarblue-collarblue-collarblue-collarblue-collarblue-collarblue-collarblue-collarblue-collarblue-collarblue-collarblue-collarblue-collarblue-collarblue-collarblue-collarblue-collarblue-collarblue-collarblue-collarblue-collarblue-collarblue-collarblue-collarblue-collarblue-collarblue-collarblue-collarblue-collarblue-collarblue-collarblue-collarblue-collarblue-collarblue-collarblue-collarblue-collarblue-collarblue-collarblue-collarblue-collarblue-collarblue-collarblue-collarblue-collarblue-collarblue-collarblue-collarblue-collarblue-collarblue-collarblue-collarblue-collarblue-collarblue-collarblue-collarblue-collarblue-collarblue-collarblue-collarblue-collarblue-collarblue-collarblue-collarblue-collarblue-collarblue-collarblue-collarblue-collarblue-collarblue-collarblue-collarblue-collarblue-collarblue-collarblue-collarblue-collarblue-collarblue-collarblue-collarblue-collarblue-collarblue-collarblue-collarblue-collarblue-collarblue-collarblue-collarblue-collarblue-collarblue-collarblue-collarblue-collarblue-collarblue-collarblue-collarblue-collarblue-collarblue-collarblue-collarblue-collarblue-collarblue-collarblue-collarblue-collarblue-collarblue-collarblue-collarblue-collarblue-collarblue-collarblue-collarblue-collarblue-collarblue-collarblue-collarblue-collarblue-collarblue-collarblue-collarblue-collarblue-collarblue-collarblue-collarblue-collarblue-collarblue-collarblue-collarblue-collarblue-collarblue-collarblue-collarblue-collarblue-collarblue-collarblue-collarblue-collarblue-collarblue-collarblue-collarblue-collarblue-collarblue-collarblue-collarblue-collarblue-collarblue-collarblue-collarblue-collarblue-collarblue-collarblue-collarblue-collarblue-collarblue-collarblue-collarblue-collarblue-collarblue-collarblue-collarblue-collarblue-collarblue-collarblue-collarblue-collarblue-collarblue-collarblue-collarblue-collarblue-collarblue-collarblue-collarblue-collarblue-collarblue-collarblue-collarblue-collarblue-collarblue-collarblue-collarblue-collarblue-collarblue-collarblue-collarblue-collarblue-collarblue-collarblue-collarblue-collarblue-collarblue-collarblue-collarblue-collarblue-collarblue-collarblue-collarblue-collarblue-collarblue-collarblue-collarblue-collarblue-collarblue-collarblue-collarblue-collarblue-collarblue-collarblue-collarblue-collarblue-collarblue-collarblue-collarblue-collarblue-collarblue-collarblue-collarblue-collarblue-collarblue-collarblue-collarblue-collarblue-collarblue-collarblue-collarblue-collarblue-collarblue-collarblue-collarblue-collarblue-collarblue-collarblue-collarblue-collarblue-collarblue-collarblue-collarblue-collarblue-collarblue-collarblue-collarblue-collarblue-collarblue-collarblue-collarblue-collarblue-collarblue-collarblue-collarblue-collarblue-collarblue-collarblue-collarblue-collarblue-collarblue-collarblue-collarblue-collarblue-collarblue-collarblue-collarblue-collarblue-collarblue-collarblue-collarblue-collarblue-collarblue-collarblue-collarblue-collarblue-collarblue-collarblue-collarblue-collarblue-collarblue-collarblue-collarblue-collarblue-collarblue-collarblue-collarblue-collarblue-collarblue-collarblue-collarblue-collarblue-collarblue-collarblue-collarblue-collarblue-collarblue-collarblue-collarblue-collarblue-collarblue-collarblue-collarblue-collarblue-collarblue-collarblue-collarblue-collarblue-collarblue-collarblue-collarblue-collarblue-collarblue-collarblue-collarblue-collarblue-collarblue-collarblue-collarblue-collarblue-collarblue-collarblue-collarblue-collarblue-collarblue-collarblue-collarblue-collarblue-collarblue-collarblue-collarblue-collarblue-collarblue-collarblue-collarblue-collarblue-collarblue-collarblue-collarblue-collarblue-collarblue-collarblue-collarblue-collarblue-collarblue-collarblue-collarblue-collarblue-collarblue-collarblue-collarblue-collarblue-collarblue-collarblue-collarblue-collarblue-collarblue-collarblue-collarblue-collarblue-collarblue-collarblue-collarblue-collarblue-collarblue-collarblue-collarblue-collarblue-collarblue-collarblue-collarblue-collarblue-collarblue-collarblue-collarblue-collarblue-collarblue-collarblue-collarblue-collarblue-collarblue-collarblue-collarblue-collarblue-collarblue-collarblue-collarblue-collarblue-collarblue-collarblue-collarblue-collarblue-collarblue-collarblue-collarblue-collarblue-collarblue-collarblue-collarblue-collarblue-collarblue-collarblue-collarblue-collarblue-collarblue-collarblue-collarblue-collarblue-collarblue-collarblue-collarblue-collarblue-collarblue-collarblue-collarblue-collarblue-collarblue-collarblue-collarblue-collarblue-collarblue-collarblue-collarblue-collarblue-collarblue-collarblue-collarblue-collarblue-collarblue-collarblue-collarblue-collarblue-collarblue-collarblue-collarblue-collarblue-collarblue-collarblue-collarblue-collarblue-collarblue-collarblue-collarblue-collarblue-collarblue-collarblue-collarblue-collarblue-collarblue-collarblue-collarblue-collarblue-collarblue-collarblue-collarblue-collarblue-collarblue-collarblue-collarblue-collarblue-collarblue-collarblue-collarblue-collarblue-collarblue-collarblue-collarblue-collarblue-collarblue-collarblue-collarblue-collarblue-collarblue-collarblue-collarblue-collarblue-collarblue-collarblue-collarblue-collarblue-collarblue-collarblue-collarblue-collarblue-collarblue-collarblue-collarblue-collarblue-collarblue-collarblue-collarblue-collarblue-collarblue-collarblue-collarblue-collarblue-collarblue-collarblue-collarblue-collarblue-collarblue-collarblue-collarblue-collarblue-collarblue-collarblue-collarblue-collarblue-collarblue-collarblue-collarblue-collarblue-collarblue-collarblue-collarblue-collarblue-collarblue-collarblue-collarblue-collarblue-collarblue-collarblue-collarblue-collarblue-collarblue-collarblue-collarblue-collarblue-collarblue-collarblue-collarblue-collarblue-collarblue-collarblue-collarblue-collarblue-collarblue-collarblue-collarblue-collarblue-collarblue-collarblue-collarblue-collarblue-collarblue-collarblue-collarblue-collarblue-collarblue-collarblue-collarblue-collarblue-collarblue-collarblue-collarblue-collarblue-collarblue-collarblue-collarblue-collarblue-collarblue-collarblue-collarblue-collarblue-collarblue-collarblue-collarblue-collarblue-collarblue-collarblue-collarblue-collarblue-collarblue-collarblue-collarblue-collarblue-collarblue-collarblue-collarblue-collarblue-collarblue-collarblue-collarblue-collarblue-collarblue-collarblue-collarblue-collarblue-collarblue-collarblue-collarblue-collarblue-collarblue-collarblue-collarblue-collarblue-collarblue-collarblue-collarblue-collarblue-collarblue-collarblue-collarblue-collarblue-collarblue-collarblue-collarblue-collarblue-collarblue-collarblue-collarblue-collarblue-collarblue-collarblue-collarblue-collarblue-collarblue-collarblue-collarblue-collarblue-collarblue-collarblue-collarblue-collarblue-collarblue-collarblue-collarblue-collarblue-collarblue-collarblue-collarblue-collarblue-collarblue-collarblue-collarblue-collarblue-collarblue-collarblue-collarblue-collarblue-collarblue-collarblue-collarblue-collarblue-collarblue-collarblue-collarblue-collarblue-collarblue-collarblue-collarblue-collarblue-collarblue-collarblue-collarblue-collarblue-collarblue-collarblue-collarblue-collarblue-collarblue-collarblue-collarblue-collarblue-collarblue-collarblue-collarblue-collarblue-collarblue-collarblue-collarblue-collarblue-collarblue-collarblue-collarblue-collarblue-collarblue-collarblue-collarblue-collarblue-collarblue-collarblue-collarblue-collarblue-collarblue-collarblue-collarblue-collarblue-collarblue-collarblue-collarblue-collarblue-collarblue-collarblue-collarblue-collarblue-collarblue-collarblue-collarblue-collarblue-collarblue-collarblue-collarblue-collarblue-collarblue-collarblue-collarblue-collarblue-collarblue-collarblue-collarblue-collarblue-collarblue-collarblue-collarblue-collarblue-collarblue-collarblue-collarblue-collarblue-collarblue-collarblue-collarblue-collarblue-collarblue-collarblue-collarblue-collarblue-collarblue-collarblue-collarblue-collarblue-collarblue-collarblue-collarblue-collarblue-collarblue-collarblue-collarblue-collarblue-collarblue-collarblue-collarblue-collarblue-collarblue-collarblue-collarblue-collarblue-collarblue-collarblue-collarblue-collarblue-collarblue-collarblue-collarblue-collarblue-collarblue-collarblue-collarblue-collarblue-collarblue-collarblue-collarblue-collarblue-collarblue-collarblue-collarblue-collarblue-collarblue-collarblue-collarblue-collarblue-collarblue-collarblue-collarblue-collarblue-collarblue-collarblue-collarblue-collarblue-collarblue-collarblue-collarblue-collarblue-collarblue-collarblue-collarblue-collarblue-collarblue-collarblue-collarblue-collarblue-collarblue-collarblue-collarblue-collarblue-collarblue-collarblue-collarblue-collarblue-collarblue-collarblue-collarblue-collarblue-collarblue-collarblue-collarblue-collarblue-collarblue-collarblue-collarblue-collarblue-collarblue-collarblue-collarblue-collarblue-collarblue-collarblue-collarblue-collarblue-collarblue-collarblue-collarblue-collarblue-collarblue-collarblue-collarblue-collarblue-collarblue-collarblue-collarblue-collarblue-collarblue-collarblue-collarblue-collarblue-collarblue-collarblue-collarblue-collarblue-collarblue-collarblue-collarblue-collarblue-collarblue-collarblue-collarblue-collarblue-collarblue-collarblue-collarblue-collarblue-collarblue-collarblue-collarblue-collarblue-collarblue-collarblue-collarblue-collarblue-collarblue-collarblue-collarblue-collarblue-collarblue-collarblue-collarblue-collarblue-collarblue-collarblue-collarblue-collarblue-collarblue-collarblue-collarblue-collarblue-collarblue-collarblue-collarblue-collarblue-collarblue-collarblue-collarblue-collarblue-collarblue-collarblue-collarblue-collarblue-collarblue-collarblue-collarblue-collarblue-collarblue-collarblue-collarblue-collarblue-collarblue-collarblue-collarblue-collarblue-collarblue-collarblue-collarblue-collarblue-collarblue-collarblue-collarblue-collarblue-collarblue-collarblue-collarblue-collarblue-collarblue-collarblue-collarblue-collarblue-collarblue-collarblue-collarblue-collarblue-collarblue-collarblue-collarblue-collarblue-collarblue-collarblue-collarblue-collarblue-collarblue-collarblue-collarblue-collarblue-collarblue-collarblue-collarblue-collarblue-collarblue-collarblue-collarblue-collarblue-collarblue-collarblue-collarblue-collarblue-collarblue-collarblue-collarblue-collarblue-collarblue-collarblue-collarblue-collarblue-collarblue-collarblue-collarblue-collarblue-collarblue-collarblue-collarblue-collarblue-collarblue-collarblue-collarblue-collarblue-collarblue-collarblue-collarblue-collarblue-collarblue-collarblue-collarblue-collarblue-collarblue-collarblue-collarblue-collarblue-collarblue-collarblue-collarblue-collarblue-collarblue-collarblue-collarblue-collarblue-collarblue-collarblue-collarblue-collarblue-collarblue-collarblue-collarblue-collarblue-collarblue-collarblue-collarblue-collarblue-collarblue-collarblue-collarblue-collarblue-collarblue-collarblue-collarblue-collarblue-collarblue-collarblue-collarblue-collarblue-collarblue-collarblue-collarblue-collarblue-collarblue-collarblue-collarblue-collarblue-collarblue-collarblue-collarblue-collarblue-collarblue-collarblue-collarblue-collarblue-collarblue-collarblue-collarblue-collarblue-collarblue-collarblue-collarblue-collarblue-collarblue-collarblue-collarblue-collarblue-collarblue-collarblue-collarblue-collarblue-collarblue-collarblue-collarblue-collarblue-collarblue-collarblue-collarblue-collarblue-collarblue-collarblue-collarblue-collarblue-collarblue-collarblue-collarblue-collarblue-collarblue-collarblue-collarblue-collarblue-collarblue-collarblue-collarblue-collarblue-collarblue-collarblue-collarblue-collarblue-collarblue-collarblue-collarblue-collarblue-collarblue-collarblue-collarblue-collarblue-collarblue-collarblue-collarblue-collarblue-collarblue-collarblue-collarblue-collarblue-collarblue-collarblue-collarblue-collarblue-collarblue-collarblue-collarblue-collarblue-collarblue-collarblue-collarblue-collarblue-collarblue-collarblue-collarblue-collarblue-collarblue-collarblue-collarblue-collarblue-collarblue-collarblue-collarblue-collarblue-collarblue-collarblue-collarblue-collarblue-collarblue-collarblue-collarblue-collarblue-collarblue-collarblue-collarblue-collarblue-collarblue-collarblue-collarblue-collarblue-collarblue-collarblue-collarblue-collarblue-collarblue-collarblue-collarblue-collarblue-collarblue-collarblue-collarblue-collarblue-collarblue-collarblue-collarblue-collarblue-collarblue-collarblue-collarblue-collarblue-collarblue-collarblue-collarblue-collarblue-collarblue-collarblue-collarblue-collarblue-collarblue-collarblue-collarblue-collarblue-collarblue-collarblue-collarblue-collarblue-collarblue-collarblue-collarblue-collarblue-collarblue-collarblue-collarblue-collarblue-collarblue-collarblue-collarblue-collarblue-collarblue-collarblue-collarblue-collarblue-collarblue-collarblue-collarblue-collarblue-collarblue-collarblue-collarblue-collarblue-collarblue-collarblue-collarblue-collarblue-collarblue-collarblue-collarblue-collarblue-collarblue-collarblue-collarblue-collarblue-collarblue-collarblue-collarblue-collarblue-collarblue-collarblue-collarblue-collarblue-collarblue-collarblue-collarblue-collarblue-collarblue-collarblue-collarblue-collarblue-collarblue-collarblue-collarblue-collarblue-collarblue-collarblue-collarblue-collarblue-collarblue-collarblue-collarblue-collarblue-collarblue-collarblue-collarblue-collarblue-collarblue-collarblue-collarblue-collarblue-collarblue-collarblue-collarblue-collarblue-collarblue-collarblue-collarblue-collarblue-collarblue-collarblue-collarblue-collarblue-collarblue-collarblue-collarblue-collarblue-collarblue-collarblue-collarblue-collarblue-collarblue-collarblue-collarblue-collarblue-collarblue-collarblue-collarblue-collarblue-collarblue-collarblue-collarblue-collarblue-collarblue-collarblue-collarblue-collarblue-collarblue-collarblue-collarblue-collarblue-collarblue-collarblue-collarblue-collarblue-collarblue-collarblue-collarblue-collarblue-collarblue-collarblue-collarblue-collarblue-collarblue-collarblue-collarblue-collarblue-collarblue-collarblue-collarblue-collarblue-collarblue-collarblue-collarblue-collarblue-collarblue-collarblue-collarblue-collarblue-collarblue-collarblue-collarblue-collarblue-collarblue-collarblue-collarblue-collarblue-collarblue-collarblue-collarblue-collarblue-collarblue-collarblue-collarblue-collarblue-collarblue-collarblue-collarblue-collarblue-collarblue-collarblue-collarblue-collarblue-collarblue-collarblue-collarblue-collarblue-collarblue-collarblue-collarblue-collarblue-collarblue-collarblue-collarblue-collarblue-collarblue-collarblue-collarblue-collarblue-collarblue-collarblue-collarblue-collarblue-collarblue-collarblue-collarblue-collarblue-collarblue-collarblue-collarblue-collarblue-collarblue-collarblue-collarblue-collarblue-collarblue-collarblue-collarblue-collarblue-collarblue-collarblue-collarblue-collarblue-collarblue-collarblue-collarblue-collarblue-collarblue-collarblue-collarblue-collarblue-collarblue-collarblue-collarblue-collarblue-collarblue-collarblue-collarblue-collarblue-collarblue-collarblue-collarblue-collarblue-collarblue-collarblue-collarblue-collarblue-collarblue-collarblue-collarblue-collarblue-collarblue-collarblue-collarblue-collarblue-collarblue-collarblue-collarblue-collarblue-collarblue-collarblue-collarblue-collarblue-collarblue-collarblue-collarblue-collarblue-collarblue-collarblue-collarblue-collarblue-collarblue-collarblue-collarblue-collarblue-collarblue-collarblue-collarblue-collarblue-collarblue-collarblue-collarblue-collarblue-collarblue-collarblue-collarblue-collarblue-collarblue-collarblue-collarblue-collarblue-collarblue-collarblue-collarblue-collarblue-collarblue-collarblue-collarblue-collarblue-collarblue-collarblue-collarblue-collarblue-collarblue-collarblue-collarblue-collarblue-collarblue-collarblue-collarblue-collarblue-collarblue-collarblue-collarblue-collarblue-collarblue-collarblue-collarblue-collarblue-collarblue-collarblue-collarblue-collarblue-collarblue-collarblue-collarblue-collarblue-collarblue-collarblue-collarblue-collarblue-collarblue-collarblue-collarblue-collarblue-collarblue-collarblue-collarblue-collarblue-collarblue-collarblue-collarblue-collarblue-collarblue-collarblue-collarblue-collarblue-collarblue-collarblue-collarblue-collarblue-collarblue-collarblue-collarblue-collarblue-collarblue-collarblue-collarblue-collarblue-collarblue-collarblue-collarblue-collarblue-collarblue-collarblue-collarblue-collarblue-collarblue-collarblue-collarblue-collarblue-collarblue-collarblue-collarblue-collarblue-collarblue-collarblue-collarblue-collarblue-collarblue-collarblue-collarblue-collarblue-collarblue-collarblue-collarblue-collarblue-collarblue-collarblue-collarblue-collarblue-collarblue-collarblue-collarblue-collarblue-collarblue-collarblue-collarblue-collarblue-collarblue-collarblue-collarblue-collarblue-collarblue-collarblue-collarblue-collarblue-collarblue-collarblue-collarblue-collarblue-collarblue-collarblue-collarblue-collarblue-collarblue-collarblue-collarblue-collarblue-collarblue-collarblue-collarblue-collarblue-collarblue-collarblue-collarblue-collarblue-collarblue-collarblue-collarblue-collarblue-collarblue-collarblue-collarblue-collarblue-collarblue-collarblue-collarblue-collarblue-collarblue-collarblue-collarblue-collarblue-collarblue-collarblue-collarblue-collarblue-collarblue-collarblue-collarblue-collarblue-collarblue-collarblue-collarblue-collarblue-collarblue-collarblue-collarblue-collarblue-collarblue-collarblue-collarblue-collarblue-collarblue-collarblue-collarblue-collarblue-collarblue-collarblue-collarblue-collarblue-collarblue-collarblue-collarblue-collarblue-collarblue-collarblue-collarblue-collarblue-collarblue-collarblue-collarblue-collarblue-collarblue-collarblue-collarblue-collarblue-collarblue-collarblue-collarblue-collarblue-collarblue-collarblue-collarblue-collarblue-collarblue-collarblue-collarblue-collarblue-collarblue-collarblue-collarblue-collarblue-collarblue-collarblue-collarblue-collarblue-collarblue-collarblue-collarblue-collarblue-collarblue-collarblue-collarblue-collarblue-collarblue-collarblue-collarblue-collarblue-collarblue-collarblue-collarblue-collarblue-collarblue-collarblue-collarblue-collarblue-collarblue-collarblue-collarblue-collarblue-collarblue-collarblue-collarblue-collarblue-collarblue-collarblue-collarblue-collarblue-collarblue-collarblue-collarblue-collarblue-collarblue-collarblue-collarblue-collarblue-collarblue-collarblue-collarblue-collarblue-collarblue-collarblue-collarblue-collarblue-collarblue-collarblue-collarblue-collarblue-collarblue-collarblue-collarblue-collarblue-collarblue-collarblue-collarblue-collarblue-collarblue-collarblue-collarblue-collarblue-collarblue-collarblue-collarblue-collarblue-collarblue-collarblue-collarblue-collarblue-collarblue-collarblue-collarblue-collarblue-collarblue-collarblue-collarblue-collarblue-collarblue-collarblue-collarblue-collarblue-collarblue-collarblue-collarblue-collarblue-collarblue-collarblue-collarblue-collarblue-collarblue-collarblue-collarblue-collarblue-collarblue-collarblue-collarblue-collarblue-collarblue-collarblue-collarblue-collarblue-collarblue-collarblue-collarblue-collarblue-collarblue-collarblue-collarblue-collarblue-collarblue-collarblue-collarblue-collarblue-collarblue-collarblue-collarblue-collarblue-collarblue-collarblue-collarblue-collarblue-collarblue-collarblue-collarblue-collarblue-collarblue-collarblue-collarblue-collarblue-collarblue-collarblue-collarblue-collarblue-collarblue-collarblue-collarblue-collarblue-collarblue-collarblue-collarblue-collarblue-collarblue-collarblue-collarblue-collarblue-collarblue-collarblue-collarblue-collarblue-collarblue-collarblue-collarblue-collarblue-collarblue-collarblue-collarblue-collarblue-collarblue-collarblue-collarblue-collarblue-collarblue-collarblue-collarblue-collarblue-collarblue-collarblue-collarblue-collarblue-collarblue-collarblue-collarblue-collarblue-collarblue-collarblue-collarblue-collarblue-collarblue-collarblue-collarblue-collarblue-collarblue-collarblue-collarblue-collarblue-collarblue-collarblue-collarblue-collarblue-collarblue-collarblue-collarblue-collarblue-collarblue-collarblue-collarblue-collarblue-collarblue-collarblue-collarblue-collarblue-collarblue-collarblue-collarblue-collarblue-collarblue-collarblue-collarblue-collarblue-collarblue-collarblue-collarblue-collarblue-collarblue-collarblue-collarblue-collarblue-collarblue-collarblue-collarblue-collarblue-collarblue-collarblue-collarblue-collarblue-collarblue-collarblue-collarblue-collarblue-collarblue-collarblue-collarblue-collarblue-collarblue-collarblue-collarblue-collarblue-collarblue-collarblue-collarblue-collarblue-collarblue-collarblue-collarblue-collarblue-collarblue-collarblue-collarblue-collarblue-collarblue-collarblue-collarblue-collarblue-collarblue-collarblue-collarblue-collarblue-collarblue-collarblue-collarblue-collarblue-collarblue-collarblue-collarblue-collarblue-collarblue-collarblue-collarblue-collarblue-collarblue-collarblue-collarblue-collarblue-collarblue-collarblue-collarblue-collarblue-collarblue-collarblue-collarblue-collarblue-collarblue-collarblue-collarblue-collarblue-collarblue-collarblue-collarblue-collarblue-collarblue-collarblue-collarblue-collarblue-collarblue-collarblue-collarblue-collarblue-collarblue-collarblue-collarblue-collarblue-collarblue-collarblue-collarblue-collarblue-collarblue-collarblue-collarblue-collarblue-collarblue-collarblue-collarblue-collarblue-collarblue-collarblue-collarblue-collarblue-collarblue-collarblue-collarblue-collarblue-collarblue-collarblue-collarblue-collarblue-collarblue-collarblue-collarblue-collarblue-collarblue-collarblue-collarblue-collarblue-collarblue-collarblue-collarblue-collarblue-collarblue-collarblue-collarblue-collarblue-collarblue-collarblue-collarblue-collarblue-collarblue-collarblue-collarblue-collarblue-collarblue-collarblue-collarblue-collarblue-collarblue-collarblue-collarblue-collarblue-collarblue-collarblue-collarblue-collarblue-collarblue-collarblue-collarblue-collarblue-collarblue-collarblue-collarblue-collarblue-collarblue-collarblue-collarblue-collarblue-collarblue-collarblue-collarblue-collarblue-collarblue-collarblue-collarblue-collarblue-collarblue-collarblue-collarblue-collarblue-collarblue-collarblue-collarblue-collarblue-collarblue-collarblue-collarblue-collarblue-collarblue-collarblue-collarblue-collarblue-collarblue-collarblue-collarblue-collarblue-collarblue-collarblue-collarblue-collarblue-collarblue-collarblue-collarblue-collarblue-collarblue-collarblue-collarblue-collarblue-collarblue-collarblue-collarblue-collarblue-collarblue-collarblue-collarblue-collarblue-collarblue-collarblue-collarblue-collarblue-collarblue-collarblue-collarblue-collarblue-collarblue-collarblue-collarblue-collarblue-collarblue-collarblue-collarblue-collarblue-collarblue-collarblue-collarblue-collarblue-collarblue-collarblue-collarblue-collarblue-collarblue-collarblue-collarblue-collarblue-collarblue-collarblue-collarblue-collarblue-collarblue-collarblue-collarblue-collarblue-collarblue-collarblue-collarblue-collarblue-collarblue-collarblue-collarblue-collarblue-collarblue-collarblue-collarblue-collarblue-collarblue-collarblue-collarblue-collarblue-collarblue-collarblue-collarblue-collarblue-collarblue-collarblue-collarblue-collarblue-collarblue-collarblue-collarblue-collarblue-collarblue-collarblue-collarblue-collarblue-collarblue-collarblue-collarblue-collarblue-collarblue-collarblue-collarblue-collarblue-collarblue-collarblue-collarblue-collarblue-collarblue-collarblue-collarblue-collarblue-collarblue-collarblue-collarblue-collarblue-collarblue-collarblue-collarblue-collarblue-collarblue-collarblue-collarblue-collarblue-collarblue-collarblue-collarblue-collarblue-collarblue-collarblue-collarblue-collarblue-collarblue-collarblue-collarblue-collarblue-collarblue-collarblue-collarblue-collarblue-collarblue-collarblue-collarblue-collarblue-collarblue-collarblue-collarblue-collarblue-collarblue-collarblue-collarblue-collarblue-collarblue-collarblue-collarblue-collarblue-collarblue-collarblue-collarblue-collarblue-collarblue-collarblue-collarblue-collarblue-collarblue-collarblue-collarblue-collarblue-collarblue-collarblue-collarblue-collarblue-collarblue-collarblue-collarblue-collarblue-collarblue-collarblue-collarblue-collarblue-collarblue-collarblue-collarblue-collarblue-collarblue-collarblue-collarblue-collarblue-collarblue-collarblue-collarblue-collarblue-collarblue-collarblue-collarblue-collarblue-collarblue-collarblue-collarblue-collarblue-collarblue-collarblue-collarblue-collarblue-collarblue-collarblue-collarblue-collarblue-collarblue-collarblue-collarblue-collarblue-collarblue-collarblue-collarblue-collarblue-collarblue-collarblue-collarblue-collarblue-collarblue-collarblue-collarblue-collarblue-collarblue-collarblue-collarblue-collarblue-collarblue-collarblue-collarblue-collarblue-collarblue-collarblue-collarblue-collarblue-collarblue-collarblue-collarblue-collarblue-collarblue-collarblue-collarblue-collarblue-collarblue-collarblue-collarblue-collarblue-collarblue-collarblue-collarblue-collarblue-collarblue-collarblue-collarblue-collarblue-collarblue-collarblue-collarblue-collarblue-collarblue-collarblue-collarblue-collarblue-collarblue-collarblue-collarblue-collarblue-collarblue-collarblue-collarblue-collarblue-collarblue-collarblue-collarblue-collarblue-collarblue-collarblue-collarblue-collarblue-collarblue-collarblue-collarblue-collarblue-collarblue-collarblue-collarblue-collarblue-collarblue-collarblue-collarblue-collarblue-collarblue-collarblue-collarblue-collarblue-collarblue-collarblue-collarblue-collarblue-collarblue-collarblue-collarblue-collarblue-collarblue-collarblue-collarblue-collarblue-collarblue-collarblue-collarblue-collarblue-collarblue-collarblue-collarblue-collarblue-collarblue-collarblue-collarblue-collarblue-collarblue-collarblue-collarblue-collarblue-collarblue-collarblue-collarblue-collarblue-collarblue-collarblue-collarblue-collarblue-collarblue-collarblue-collarblue-collarblue-collarblue-collarblue-collarblue-collarblue-collarblue-collarblue-collarblue-collarblue-collarblue-collarblue-collarblue-collarblue-collarblue-collarblue-collarblue-collarblue-collarblue-collarblue-collarblue-collarblue-collarblue-collarblue-collarblue-collarblue-collarblue-collarblue-collarblue-collarblue-collarblue-collarblue-collarblue-collarblue-collarblue-collarblue-collarblue-collarblue-collarblue-collarblue-collarblue-collarblue-collarblue-collarblue-collarblue-collarblue-collarblue-collarblue-collarblue-collarblue-collarblue-collarblue-collarblue-collarblue-collarblue-collarblue-collarblue-collarblue-collarblue-collarblue-collarblue-collarblue-collarblue-collarblue-collarblue-collarblue-collarblue-collarblue-collarblue-collarblue-collarblue-collarblue-collarblue-collarblue-collarblue-collarblue-collarblue-collarblue-collarblue-collarblue-collarblue-collarblue-collarblue-collarblue-collarblue-collarblue-collarblue-collarblue-collarblue-collarblue-collarblue-collarblue-collarblue-collarblue-collarblue-collarblue-collarblue-collarblue-collarblue-collarblue-collarblue-collarblue-collarblue-collarblue-collarblue-collarblue-collarblue-collarblue-collarblue-collarblue-collarblue-collarblue-collarblue-collarblue-collarblue-collarblue-collarblue-collarblue-collarblue-collarblue-collarblue-collarblue-collarblue-collarblue-collarblue-collarblue-collarblue-collarblue-collarblue-collarblue-collarblue-collarblue-collarblue-collarblue-collarblue-collarblue-collarblue-collarblue-collarblue-collarblue-collarblue-collarblue-collarblue-collarblue-collarblue-collarblue-collarblue-collarblue-collarblue-collarblue-collarblue-collarblue-collarblue-collarblue-collarblue-collarblue-collarblue-collarblue-collarblue-collarblue-collarblue-collarblue-collarblue-collarblue-collarblue-collarblue-collarblue-collarblue-collarblue-collarblue-collarblue-collarblue-collarblue-collarblue-collarblue-collarblue-collarblue-collarblue-collarblue-collarblue-collarblue-collarblue-collarblue-collarblue-collarblue-collarblue-collarblue-collarblue-collarblue-collarblue-collarblue-collarblue-collarblue-collarblue-collarblue-collarblue-collarblue-collarblue-collarblue-collarblue-collarblue-collarblue-collarblue-collarblue-collarblue-collarblue-collarblue-collarblue-collarblue-collarblue-collarblue-collarblue-collarblue-collarblue-collarblue-collarblue-collarblue-collarblue-collarblue-collarblue-collarblue-collarblue-collarblue-collarblue-collarblue-collarblue-collarblue-collarblue-collarblue-collarblue-collarblue-collarblue-collarblue-collarblue-collarblue-collarblue-collarblue-collarblue-collarblue-collarblue-collarblue-collarblue-collarblue-collarblue-collarblue-collarblue-collarblue-collarblue-collarblue-collarblue-collarblue-collarblue-collarblue-collarblue-collarblue-collarblue-collarblue-collarblue-collarblue-collarblue-collarblue-collarblue-collarblue-collarblue-collarblue-collarblue-collarblue-collarblue-collarblue-collarblue-collarblue-collarblue-collarblue-collarblue-collarblue-collarblue-collarblue-collarblue-collarblue-collarblue-collarblue-collarblue-collarblue-collarblue-collarblue-collarblue-collarblue-collarblue-collarblue-collarblue-collarblue-collarblue-collarblue-collarblue-collarblue-collarblue-collarblue-collarblue-collarblue-collarblue-collarblue-collarblue-collarblue-collarblue-collarblue-collarblue-collarblue-collarblue-collarblue-collarblue-collarblue-collarblue-collarblue-collarblue-collarblue-collarblue-collarblue-collarblue-collarblue-collarblue-collarblue-collarblue-collarblue-collarblue-collarblue-collarblue-collarblue-collarblue-collarblue-collarblue-collarblue-collarblue-collarblue-collarblue-collarblue-collarblue-collarblue-collarblue-collarblue-collarblue-collarblue-collarblue-collarblue-collarblue-collarblue-collarblue-collarblue-collarblue-collarblue-collarblue-collarblue-collarblue-collarblue-collarblue-collarblue-collarblue-collarblue-collarblue-collarblue-collarblue-collarblue-collarblue-collarblue-collarblue-collarblue-collarblue-collarblue-collarblue-collarblue-collarblue-collarblue-collarblue-collarblue-collarblue-collarblue-collarblue-collarblue-collarblue-collarblue-collarblue-collarblue-collarblue-collarblue-collarblue-collarblue-collarblue-collarblue-collarblue-collarblue-collarblue-collarblue-collarblue-collarblue-collarblue-collarblue-collarblue-collarblue-collarblue-collarblue-collarblue-collarblue-collarblue-collarblue-collarblue-collarblue-collarblue-collarblue-collarblue-collarblue-collarblue-collarblue-collarblue-collarblue-collarblue-collarblue-collarblue-collarblue-collarblue-collarblue-collarblue-collarblue-collarblue-collarblue-collarblue-collarblue-collarblue-collarblue-collarblue-collarblue-collarblue-collarblue-collarblue-collarblue-collarblue-collarblue-collarblue-collarblue-collarblue-collarblue-collarblue-collarblue-collarblue-collarblue-collarblue-collarblue-collarblue-collarblue-collarblue-collarblue-collarblue-collarblue-collarblue-collarblue-collarblue-collarblue-collarblue-collarblue-collarblue-collarblue-collarblue-collarblue-collarblue-collarblue-collarblue-collarblue-collarblue-collarblue-collarblue-collarblue-collarblue-collarblue-collarblue-collarblue-collarblue-collarblue-collarblue-collarblue-collarblue-collarblue-collarblue-collarblue-collarblue-collarblue-collarblue-collarblue-collarblue-collarblue-collarblue-collarblue-collarblue-collarblue-collarblue-collarblue-collarblue-collarblue-collarblue-collarblue-collarblue-collarblue-collarblue-collarblue-collarblue-collarblue-collarblue-collarblue-collarblue-collarblue-collarblue-collarblue-collarblue-collarblue-collarblue-collarblue-collarblue-collarblue-collarblue-collarblue-collarblue-collarblue-collarblue-collarblue-collarblue-collarblue-collarblue-collarblue-collarblue-collarblue-collarblue-collarblue-collarblue-collarblue-collarblue-collarblue-collarblue-collarblue-collarblue-collarblue-collarblue-collarblue-collarblue-collarblue-collarblue-collarblue-collarblue-collarblue-collarblue-collarblue-collarblue-collarblue-collarblue-collarblue-collarblue-collarblue-collarblue-collarblue-collarblue-collarblue-collarblue-collarblue-collarblue-collarblue-collarblue-collarblue-collarblue-collarblue-collarblue-collarblue-collarblue-collarblue-collarblue-collarblue-collarblue-collarblue-collarblue-collarblue-collarblue-collarblue-collarblue-collarblue-collarblue-collarblue-collarblue-collarblue-collarblue-collarblue-collarblue-collarblue-collarblue-collarblue-collarblue-collarblue-collarblue-collarblue-collarblue-collarblue-collarblue-collarblue-collarblue-collarblue-collarblue-collarblue-collarblue-collarblue-collarblue-collarblue-collarblue-collarblue-collarblue-collarblue-collarblue-collarblue-collarblue-collarblue-collarblue-collarblue-collarblue-collarblue-collarblue-collarblue-collarblue-collarblue-collarblue-collarblue-collarblue-collarblue-collarblue-collarblue-collarblue-collarblue-collarblue-collarblue-collarblue-collarblue-collarblue-collarblue-collarblue-collarblue-collarblue-collarblue-collarblue-collarblue-collarblue-collarblue-collarblue-collarblue-collarblue-collarblue-collarblue-collarblue-collarblue-collarblue-collarblue-collarblue-collarblue-collarblue-collarblue-collarblue-collarblue-collarblue-collarblue-collarblue-collarblue-collarblue-collarblue-collarblue-collarblue-collarblue-collarblue-collarblue-collarblue-collarblue-collarblue-collarblue-collarblue-collarblue-collarblue-collarblue-collarblue-collarblue-collarblue-collarblue-collarblue-collarblue-collarblue-collarblue-collarblue-collarblue-collarblue-collarblue-collarblue-collarblue-collarblue-collarblue-collarblue-collarblue-collarblue-collarblue-collarblue-collarblue-collarblue-collarblue-collarblue-collarblue-collarblue-collarblue-collarblue-collarblue-collarblue-collarblue-collarblue-collarblue-collarblue-collarblue-collarblue-collarblue-collarblue-collarblue-collarblue-collarblue-collarblue-collarblue-collarblue-collarblue-collarblue-collarblue-collarblue-collarblue-collarblue-collarblue-collarblue-collarblue-collarblue-collarblue-collarblue-collarblue-collarblue-collarblue-collarblue-collarblue-collarblue-collarblue-collarblue-collarblue-collarblue-collarblue-collarblue-collarblue-collarblue-collarblue-collarblue-collarblue-collarblue-collarblue-collarblue-collarblue-collarblue-collarblue-collarblue-collarblue-collarblue-collarblue-collarblue-collarblue-collarblue-collarblue-collarblue-collarblue-collarblue-collarblue-collarblue-collarblue-collarblue-collarblue-collarblue-collarblue-collarblue-collarblue-collarblue-collarblue-collarblue-collarblue-collarblue-collarblue-collarblue-collarblue-collarblue-collarblue-collarblue-collarblue-collarblue-collarblue-collarblue-collarblue-collarblue-collarblue-collarblue-collarblue-collarblue-collarblue-collarblue-collarblue-collarblue-collarblue-collarblue-collarblue-collarblue-collarblue-collarblue-collarblue-collarblue-collarblue-collarblue-collarblue-collarblue-collarblue-collarblue-collarblue-collarblue-collarblue-collarblue-collarblue-collarblue-collarblue-collarblue-collarblue-collarblue-collarblue-collarblue-collarblue-collarblue-collarblue-collarblue-collarblue-collarblue-collarblue-collarblue-collarblue-collarblue-collarblue-collarblue-collarblue-collarblue-collarblue-collarblue-collarblue-collarblue-collarblue-collarblue-collarblue-collarblue-collarblue-collarblue-collarblue-collarblue-collarblue-collarblue-collarblue-collarblue-collarblue-collarblue-collarblue-collarblue-collarblue-collarblue-collarblue-collarblue-collarblue-collarblue-collarblue-collarblue-collarblue-collarblue-collarblue-collarblue-collarblue-collarblue-collarblue-collarblue-collarblue-collarblue-collarblue-collarblue-collarblue-collarblue-collarblue-collarblue-collarblue-collarblue-collarblue-collarblue-collarblue-collarblue-collarblue-collarblue-collarblue-collarblue-collarblue-collarblue-collarblue-collarblue-collarblue-collarblue-collarblue-collarblue-collarblue-collarblue-collarblue-collarblue-collarblue-collarblue-collarblue-collarblue-collarblue-collarblue-collarblue-collarblue-collarblue-collarblue-collarblue-collarblue-collarblue-collarblue-collarblue-collarblue-collarblue-collarblue-collarblue-collarblue-collarblue-collarblue-collarblue-collarblue-collarblue-collarblue-collarblue-collarblue-collarblue-collarblue-collarblue-collarblue-collarblue-collarblue-collarblue-collarblue-collarblue-collarblue-collarblue-collarblue-collarblue-collarblue-collarblue-collarblue-collarblue-collarblue-collarblue-collarblue-collarblue-collarblue-collarblue-collarblue-collarblue-collarblue-collarblue-collarblue-collarblue-collarblue-collarblue-collarblue-collarblue-collarblue-collarblue-collarblue-collarblue-collarblue-collarblue-collarblue-collarblue-collarblue-collarblue-collarblue-collarblue-collarblue-collarblue-collarblue-collarblue-collarblue-collarblue-collarblue-collarblue-collarblue-collarblue-collarblue-collarblue-collarblue-collarblue-collarblue-collarblue-collarblue-collarblue-collarblue-collarblue-collarblue-collarblue-collarblue-collarblue-collarblue-collarblue-collarblue-collarblue-collarblue-collarblue-collarblue-collarblue-collarblue-collarblue-collarblue-collarblue-collarblue-collarblue-collarblue-collarblue-collarblue-collarblue-collarblue-collarblue-collarblue-collarblue-collarblue-collarblue-collarblue-collarblue-collarblue-collarblue-collarblue-collarblue-collarblue-collarblue-collarblue-collarblue-collarblue-collarblue-collarblue-collarblue-collarblue-collarblue-collarblue-collarblue-collarblue-collarblue-collarblue-collarblue-collarblue-collarblue-collarblue-collarblue-collarblue-collarblue-collarblue-collarblue-collarblue-collarblue-collarblue-collarblue-collarblue-collarblue-collarblue-collarblue-collarblue-collarblue-collarblue-collarblue-collarblue-collarblue-collarblue-collarblue-collarblue-collarblue-collarblue-collarblue-collarblue-collarblue-collarblue-collarblue-collarblue-collarblue-collarblue-collarblue-collarblue-collarblue-collarblue-collarblue-collarblue-collarblue-collarblue-collarblue-collarblue-collarblue-collarblue-collarblue-collarblue-collarblue-collarblue-collarblue-collarblue-collarblue-collarblue-collarblue-collarblue-collarblue-collarblue-collarblue-collarblue-collarblue-collarblue-collarblue-collarblue-collarblue-collarblue-collarblue-collarblue-collarblue-collarblue-collarblue-collarblue-collarblue-collarblue-collarblue-collarblue-collarblue-collarblue-collarblue-collarblue-collarblue-collarblue-collarblue-collarblue-collarblue-collarblue-collarblue-collarblue-collarblue-collarblue-collarblue-collarblue-collarblue-collarblue-collarblue-collarblue-collarblue-collarblue-collarblue-collarblue-collarblue-collarblue-collarblue-collarblue-collarblue-collarblue-collarblue-collarblue-collarblue-collarblue-collarblue-collarblue-collarblue-collarblue-collarblue-collarblue-collarblue-collarblue-collarblue-collarblue-collarblue-collarblue-collarblue-collarblue-collarblue-collarblue-collarblue-collarblue-collarblue-collarblue-collarblue-collarblue-collarblue-collarblue-collarblue-collarblue-collarblue-collarblue-collarblue-collarblue-collarblue-collarblue-collarblue-collarblue-collarblue-collarblue-collarblue-collarblue-collarblue-collarblue-collarblue-collarblue-collarblue-collarblue-collarblue-collarblue-collarblue-collarblue-collarblue-collarblue-collarblue-collarblue-collarblue-collarblue-collarblue-collarblue-collarblue-collarblue-collarblue-collarblue-collarblue-collarblue-collarblue-collarblue-collarblue-collarblue-collarblue-collarblue-collarblue-collarblue-collarblue-collarblue-collarblue-collarblue-collarblue-collarblue-collarblue-collarblue-collarblue-collarblue-collarblue-collarblue-collarblue-collarblue-collarblue-collarblue-collarblue-collarblue-collarblue-collarblue-collarblue-collarblue-collarblue-collarblue-collarblue-collarblue-collarblue-collarblue-collarblue-collarblue-collarblue-collarblue-collarblue-collarblue-collarblue-collarblue-collarblue-collarblue-collarblue-collarblue-collarblue-collarblue-collarblue-collarblue-collarblue-collarblue-collarblue-collarblue-collarblue-collarblue-collarblue-collarblue-collarblue-collarblue-collarblue-collarblue-collarblue-collarblue-collarblue-collarblue-collarblue-collarblue-collarblue-collarblue-collarblue-collarblue-collarblue-collarblue-collarblue-collarblue-collarblue-collarblue-collarblue-collarblue-collarblue-collarblue-collarblue-collarblue-collarblue-collarblue-collarblue-collarblue-collarblue-collarblue-collarblue-collarblue-collarblue-collarblue-collarblue-collarblue-collarblue-collarblue-collarblue-collarblue-collarblue-collarblue-collarblue-collarblue-collarblue-collarblue-collarblue-collarblue-collarblue-collarblue-collarblue-collarblue-collarblue-collarblue-collarblue-collarblue-collarblue-collarblue-collarblue-collarblue-collarblue-collarblue-collarblue-collarblue-collarblue-collarblue-collarblue-collarblue-collarblue-collarblue-collarblue-collarblue-collarblue-collarblue-collarblue-collarblue-collarblue-collarblue-collarblue-collarblue-collarblue-collarblue-collarblue-collarblue-collarblue-collarblue-collarblue-collarblue-collarblue-collarblue-collarblue-collarblue-collarblue-collarblue-collarblue-collarblue-collarblue-collarblue-collarblue-collarblue-collarblue-collarblue-collarblue-collarblue-collarblue-collarblue-collarblue-collarblue-collarblue-collarblue-collarblue-collarblue-collarblue-collarblue-collarblue-collarblue-collarblue-collarblue-collarblue-collarblue-collarblue-collarblue-collarblue-collarblue-collarblue-collarblue-collarblue-collarblue-collarblue-collarblue-collarblue-collarblue-collarblue-collarblue-collarblue-collarblue-collarblue-collarblue-collarblue-collarblue-collarblue-collarblue-collarblue-collarblue-collarblue-collarblue-collarblue-collarblue-collarblue-collarblue-collarblue-collarblue-collarblue-collarblue-collarblue-collarblue-collarblue-collarblue-collarblue-collarblue-collarblue-collarblue-collarblue-collarblue-collarblue-collarblue-collarblue-collarblue-collarblue-collarblue-collarblue-collarblue-collarblue-collarblue-collarblue-collarblue-collarblue-collarblue-collarblue-collarblue-collarblue-collarblue-collarblue-collarblue-collarblue-collarblue-collarblue-collarblue-collarblue-collarblue-collarblue-collarblue-collarblue-collarblue-collarblue-collarblue-collarblue-collarblue-collarblue-collarblue-collarblue-collarblue-collarblue-collarblue-collarblue-collarblue-collarblue-collarblue-collarblue-collarblue-collarblue-collarblue-collarblue-collarblue-collarblue-collarblue-collarblue-collarblue-collarblue-collarblue-collarblue-collarblue-collarblue-collarblue-collarblue-collarblue-collarblue-collarblue-collarblue-collarblue-collarblue-collarblue-collarblue-collarblue-collarblue-collarblue-collarblue-collarblue-collarblue-collarblue-collarblue-collarblue-collarblue-collarblue-collarblue-collarblue-collarblue-collarblue-collarblue-collarblue-collarblue-collarblue-collarblue-collarblue-collarblue-collarblue-collarblue-collarblue-collarblue-collarblue-collarblue-collarblue-collarblue-collarblue-collarblue-collarblue-collarblue-collarblue-collarblue-collarblue-collarblue-collarblue-collarblue-collarblue-collarblue-collarblue-collarblue-collarblue-collarblue-collarblue-collarblue-collarblue-collarblue-collarblue-collarblue-collarblue-collarblue-collarblue-collarblue-collarblue-collarblue-collarblue-collarblue-collarblue-collarblue-collarblue-collarblue-collarblue-collarblue-collarblue-collarblue-collarblue-collarblue-collarblue-collarblue-collarblue-collarblue-collarblue-collarblue-collarblue-collarblue-collarblue-collarblue-collarblue-collarblue-collarblue-collarblue-collarblue-collarblue-collarblue-collarblue-collarblue-collarblue-collarblue-collarblue-collarblue-collarblue-collarblue-collarblue-collarblue-collarblue-collarblue-collarblue-collarblue-collarblue-collarblue-collarblue-collarblue-collarblue-collarblue-collarblue-collarblue-collarblue-collarblue-collarblue-collarblue-collarblue-collarblue-collarblue-collarblue-collarblue-collarblue-collarblue-collarblue-collarblue-collarblue-collarblue-collarblue-collarblue-collarblue-collarblue-collarblue-collarblue-collarblue-collarblue-collarblue-collarblue-collarblue-collarblue-collarblue-collarblue-collarblue-collarblue-collarblue-collarblue-collarblue-collarblue-collarblue-collarblue-collarblue-collarblue-collarblue-collarblue-collarblue-collarblue-collarblue-collarblue-collarblue-collarblue-collarblue-collarblue-collarblue-collarblue-collarblue-collarblue-collarblue-collarblue-collarblue-collarblue-collarblue-collarblue-collarblue-collarblue-collarblue-collarblue-collarblue-collarblue-collarblue-collarblue-collarblue-collarblue-collarblue-collarblue-collarblue-collarblue-collarblue-collarblue-collarblue-collarblue-collarblue-collarblue-collarblue-collarblue-collarblue-collarblue-collarblue-collarblue-collarblue-collarblue-collarblue-collarblue-collarblue-collarblue-collarblue-collarblue-collarblue-collarblue-collarblue-collarblue-collarblue-collarblue-collarblue-collarblue-collarblue-collarblue-collarblue-collarblue-collarblue-collarblue-collarblue-collarblue-collarblue-collarblue-collarblue-collarblue-collarblue-collarblue-collarblue-collarblue-collarblue-collarblue-collarblue-collarblue-collarblue-collarblue-collarblue-collarblue-collarblue-collarblue-collarblue-collarblue-collarblue-collarblue-collarblue-collarblue-collarblue-collarblue-collarblue-collarblue-collarblue-collarblue-collarblue-collarblue-collarblue-collarblue-collarblue-collarblue-collarblue-collarblue-collarblue-collarblue-collarblue-collarblue-collarblue-collarblue-collarblue-collarblue-collarblue-collarblue-collarblue-collarblue-collarblue-collarblue-collarblue-collarblue-collarblue-collarblue-collarblue-collarblue-collarblue-collarblue-collarblue-collarblue-collarblue-collarblue-collarblue-collarblue-collarblue-collarblue-collarblue-collarblue-collarblue-collarblue-collarblue-collarblue-collarblue-collarblue-collarblue-collarblue-collarblue-collarblue-collarblue-collarblue-collarblue-collarblue-collarblue-collarblue-collarblue-collarblue-collarblue-collarblue-collarblue-collarblue-collarblue-collarblue-collarblue-collarblue-collarblue-collarblue-collarblue-collarblue-collarblue-collarblue-collarblue-collarblue-collarblue-collarblue-collarblue-collarblue-collarblue-collarblue-collarblue-collarblue-collarblue-collarblue-collarblue-collarblue-collarblue-collarblue-collarblue-collarblue-collarblue-collarblue-collarblue-collarblue-collarblue-collarblue-collarblue-collarblue-collarblue-collarblue-collarblue-collarblue-collarblue-collarblue-collarblue-collarblue-collarblue-collarblue-collarblue-collarblue-collarblue-collarblue-collarblue-collarblue-collarblue-collarblue-collarblue-collarblue-collarblue-collarblue-collarblue-collarblue-collarblue-collarblue-collarblue-collarblue-collarblue-collarblue-collarblue-collarblue-collarblue-collarblue-collarblue-collarblue-collarblue-collarblue-collarblue-collarblue-collarblue-collarblue-collarblue-collarblue-collarblue-collarblue-collarblue-collarblue-collarblue-collarblue-collarblue-collarblue-collarblue-collarblue-collarblue-collarblue-collarblue-collarblue-collarblue-collarblue-collarblue-collarblue-collarblue-collarblue-collarblue-collarblue-collarblue-collarblue-collarblue-collarblue-collarblue-collarblue-collarblue-collarblue-collarblue-collarblue-collarblue-collarblue-collarblue-collarblue-collarblue-collarblue-collarblue-collarblue-collarblue-collarblue-collarblue-collarblue-collarblue-collarblue-collarblue-collarblue-collarblue-collarblue-collarblue-collarblue-collarblue-collarblue-collarblue-collarblue-collarblue-collarblue-collarblue-collarblue-collarblue-collarblue-collarblue-collarblue-collarblue-collarblue-collarblue-collarblue-collarblue-collarblue-collarblue-collarblue-collarblue-collarblue-collarblue-collarblue-collarblue-collarblue-collarblue-collarblue-collarblue-collarblue-collarblue-collarblue-collarblue-collarblue-collarblue-collarblue-collarblue-collarblue-collarblue-collarblue-collarblue-collarblue-collarblue-collarblue-collarblue-collarblue-collarblue-collarblue-collarblue-collarblue-collarblue-collarblue-collarblue-collarblue-collarblue-collarblue-collarblue-collarblue-collarblue-collarblue-collarblue-collarblue-collarblue-collarblue-collarblue-collarblue-collarblue-collarblue-collarblue-collarblue-collarblue-collarblue-collarblue-collarblue-collarblue-collarblue-collarblue-collarblue-collarblue-collarblue-collarblue-collarblue-collarblue-collarblue-collarblue-collarblue-collarblue-collarblue-collarblue-collarblue-collarblue-collarblue-collarblue-collarblue-collarblue-collarblue-collarblue-collarblue-collarblue-collarblue-collarblue-collarblue-collarblue-collarblue-collarblue-collarblue-collarblue-collarblue-collarblue-collarblue-collarblue-collarblue-collarblue-collarblue-collarblue-collarblue-collarblue-collarblue-collarblue-collarblue-collarblue-collarblue-collarblue-collarblue-collarblue-collarblue-collarblue-collarblue-collarblue-collarblue-collarblue-collarblue-collarblue-collarblue-collarblue-collarblue-collarblue-collarblue-collarblue-collarblue-collarblue-collarblue-collarblue-collarblue-collarblue-collarblue-collarblue-collarblue-collarblue-collarblue-collarblue-collarblue-collarblue-collarblue-collarblue-collarblue-collarblue-collarblue-collarblue-collarblue-collarblue-collarblue-collarblue-collarblue-collarblue-collarblue-collarblue-collarblue-collarblue-collarblue-collarblue-collarblue-collarblue-collarblue-collarblue-collarblue-collarblue-collarblue-collarblue-collarblue-collarblue-collarblue-collarblue-collarblue-collarblue-collarblue-collarblue-collarblue-collarblue-collarblue-collarblue-collarblue-collarblue-collarblue-collarblue-collarblue-collarblue-collarblue-collarblue-collarblue-collarblue-collarblue-collarblue-collarblue-collarblue-collarblue-collarblue-collarblue-collarblue-collarblue-collarblue-collarblue-collarblue-collarblue-collarblue-collarblue-collarblue-collarblue-collarblue-collarblue-collarblue-collarblue-collarblue-collarblue-collarblue-collarblue-collarblue-collarblue-collarblue-collarblue-collarblue-collarblue-collarblue-collarblue-collarblue-collarblue-collarblue-collarblue-collarblue-collarblue-collarblue-collarblue-collarblue-collarblue-collarblue-collarblue-collarblue-collarblue-collarblue-collarblue-collarblue-collarblue-collarblue-collarblue-collarblue-collarblue-collarblue-collarblue-collarblue-collarblue-collarblue-collarblue-collarblue-collarblue-collarblue-collarblue-collarblue-collarblue-collarblue-collarblue-collarblue-collarblue-collarblue-collarblue-collarblue-collarblue-collarblue-collarblue-collarblue-collarblue-collarblue-collarblue-collarblue-collarblue-collarblue-collarblue-collarblue-collarblue-collarblue-collarblue-collarblue-collarblue-collarblue-collarblue-collarblue-collarblue-collarblue-collarblue-collarblue-collarblue-collarblue-collarblue-collarblue-collarblue-collarblue-collarblue-collarblue-collarblue-collarblue-collarblue-collarblue-collarblue-collarblue-collarblue-collarblue-collarblue-collarblue-collarblue-collarblue-collarblue-collarblue-collarblue-collarblue-collarblue-collarblue-collarblue-collarblue-collarblue-collarblue-collarblue-collarblue-collarblue-collarblue-collarblue-collarblue-collarblue-collarblue-collarblue-collarblue-collarblue-collarblue-collarblue-collarblue-collarblue-collarblue-collarblue-collarblue-collarblue-collarblue-collarblue-collarblue-collarblue-collarblue-collarblue-collarblue-collarblue-collarblue-collarblue-collarblue-collarblue-collarblue-collarblue-collarblue-collarblue-collarblue-collarblue-collarblue-collarblue-collarblue-collarblue-collarblue-collarblue-collarblue-collarblue-collarblue-collarblue-collarblue-collarblue-collarblue-collarblue-collarblue-collarblue-collarblue-collarblue-collarblue-collarblue-collarblue-collarblue-collarblue-collarblue-collarblue-collarblue-collarblue-collarblue-collarblue-collarblue-collarblue-collarblue-collarblue-collarblue-collarblue-collarblue-collarblue-collarblue-collarblue-collarblue-collarblue-collarblue-collarblue-collarblue-collarblue-collarblue-collarblue-collarblue-collarblue-collarblue-collarblue-collarblue-collarblue-collarblue-collarblue-collarblue-collarblue-collarblue-collarblue-collarblue-collarblue-collarblue-collarblue-collarblue-collarblue-collarblue-collarblue-collarblue-collarblue-collarblue-collarblue-collarblue-collarblue-collarblue-collarblue-collarblue-collarblue-collarblue-collarblue-collarblue-collarblue-collarblue-collarblue-collarblue-collarblue-collarblue-collarblue-collarblue-collarblue-collarblue-collarblue-collarblue-collarblue-collarblue-collarblue-collarblue-collarblue-collarblue-collarblue-collarblue-collarblue-collarblue-collarblue-collarblue-collarblue-collarblue-collarblue-collarblue-collarblue-collarblue-collarblue-collarblue-collarblue-collarblue-collarblue-collarblue-collarblue-collarblue-collarblue-collarblue-collarblue-collarblue-collarblue-collarblue-collarblue-collarblue-collarblue-collarblue-collarblue-collarblue-collarblue-collarblue-collarblue-collarblue-collarblue-collarblue-collarblue-collarblue-collarblue-collarblue-collarblue-collarblue-collarblue-collarblue-collarblue-collarblue-collarblue-collarblue-collarblue-collarblue-collarblue-collarblue-collarblue-collarblue-collarblue-collarblue-collarblue-collarblue-collarblue-collarblue-collarblue-collarblue-collarblue-collarblue-collarblue-collarblue-collarblue-collarblue-collarblue-collarblue-collarblue-collarblue-collarblue-collarblue-collarblue-collarblue-collarblue-collarblue-collarblue-collarblue-collarblue-collarblue-collarblue-collarblue-collarblue-collarblue-collarblue-collarblue-collarblue-collarblue-collarblue-collarblue-collarblue-collarblue-collarblue-collarblue-collarblue-collarblue-collarblue-collarblue-collarblue-collarblue-collarblue-collarblue-collarblue-collarblue-collarblue-collarblue-collarblue-collarblue-collarblue-collarblue-collarblue-collarblue-collarblue-collarblue-collarblue-collarblue-collarblue-collarblue-collarblue-collarblue-collarblue-collarblue-collarblue-collarblue-collarblue-collarblue-collarblue-collarblue-collarblue-collarblue-collarblue-collarblue-collarblue-collarblue-collarblue-collarblue-collarblue-collarblue-collarblue-collarblue-collarblue-collarblue-collarblue-collarblue-collarblue-collarblue-collarblue-collarblue-collarblue-collarblue-collarblue-collarblue-collarblue-collarblue-collarblue-collarblue-collarblue-collarblue-collarblue-collarblue-collarblue-collarblue-collarblue-collarblue-collarblue-collarblue-collarblue-collarblue-collarblue-collarblue-collarblue-collarblue-collarblue-collarblue-collarblue-collarblue-collarblue-collarblue-collarblue-collarblue-collarblue-collarblue-collarblue-collarblue-collarblue-collarblue-collarblue-collarblue-collarblue-collarblue-collarblue-collarblue-collarblue-collarblue-collarblue-collarblue-collarblue-collarblue-collarblue-collarblue-collarblue-collarblue-collarblue-collarblue-collarblue-collarblue-collarblue-collarblue-collarblue-collarblue-collarblue-collarblue-collarblue-collarblue-collarblue-collarblue-collarblue-collarblue-collarblue-collarblue-collarblue-collarblue-collarblue-collarblue-collarblue-collarblue-collarblue-collarblue-collarblue-collarblue-collarblue-collarblue-collarblue-collarblue-collarblue-collarblue-collarblue-collarblue-collarblue-collarblue-collarblue-collarblue-collarblue-collarblue-collarblue-collarblue-collarblue-collarblue-collarblue-collarblue-collarblue-collarblue-collarblue-collarblue-collarblue-collarblue-collarblue-collarblue-collarblue-collarblue-collarblue-collarblue-collarblue-collarblue-collarblue-collarblue-collarblue-collarblue-collarblue-collarblue-collarblue-collarblue-collarblue-collarblue-collarblue-collarblue-collarblue-collarblue-collarblue-collarblue-collarblue-collarblue-collarblue-collarblue-collarblue-collarblue-collarblue-collarblue-collarblue-collarblue-collarblue-collarblue-collarblue-collarblue-collarblue-collarblue-collarblue-collarblue-collarblue-collarblue-collarblue-collarblue-collarblue-collarblue-collarblue-collarblue-collarblue-collarblue-collarblue-collarblue-collarblue-collarblue-collarblue-collarblue-collarblue-collarblue-collarblue-collarblue-collarblue-collarblue-collarblue-collarblue-collarblue-collarblue-collarblue-collarblue-collarblue-collarblue-collarblue-collarblue-collarblue-collarblue-collarblue-collarblue-collarblue-collarblue-collarblue-collarblue-collarblue-collarblue-collarblue-collarblue-collarblue-collarblue-collarblue-collarblue-collarblue-collarblue-collarblue-collarblue-collarblue-collarblue-collarblue-collarblue-collarblue-collarblue-collarblue-collarblue-collarblue-collarblue-collarblue-collarblue-collarblue-collarblue-collarblue-collarblue-collarblue-collarblue-collarblue-collarblue-collarblue-collarblue-collarblue-collarblue-collarblue-collarblue-collarblue-collarblue-collarblue-collarblue-collarblue-collarblue-collarblue-collarblue-collarblue-collarblue-collarblue-collarblue-collarblue-collarblue-collarblue-collarblue-collarblue-collarblue-collarblue-collarblue-collarblue-collarblue-collarblue-collarblue-collarblue-collarblue-collarblue-collarblue-collarblue-collarblue-collarblue-collarblue-collarblue-collarblue-collarblue-collarblue-collarblue-collarblue-collarblue-collarblue-collarblue-collarblue-collarblue-collarblue-collarblue-collarblue-collarblue-collarblue-collarblue-collarblue-collarblue-collarblue-collarblue-collarblue-collarblue-collarblue-collarblue-collarblue-collarblue-collarblue-collarblue-collarblue-collarblue-collarblue-collarblue-collarblue-collarblue-collarblue-collarblue-collarblue-collarblue-collarblue-collarblue-collarblue-collarblue-collarblue-collarblue-collarblue-collarblue-collarblue-collarblue-collarblue-collarblue-collarblue-collarblue-collarblue-collarblue-collarblue-collarblue-collarblue-collarblue-collarblue-collarblue-collarblue-collarblue-collarblue-collarblue-collarblue-collarblue-collarblue-collarblue-collarblue-collarblue-collarblue-collarblue-collarblue-collarblue-collarblue-collarblue-collarblue-collarblue-collarblue-collarblue-collarblue-collarblue-collarblue-collarblue-collarblue-collarblue-collarblue-collarblue-collarblue-collarblue-collarblue-collarblue-collarblue-collarblue-collarblue-collarblue-collarblue-collarblue-collarblue-collarblue-collarblue-collarblue-collarblue-collarblue-collarblue-collarblue-collarblue-collarblue-collarblue-collarblue-collarblue-collarblue-collarblue-collarblue-collarblue-collarblue-collarblue-collarblue-collarblue-collarblue-collarblue-collarblue-collarblue-collarblue-collarblue-collarblue-collarblue-collarblue-collarblue-collarblue-collarblue-collarblue-collarblue-collarblue-collarblue-collarblue-collarblue-collarblue-collarblue-collarblue-collarblue-collarblue-collarblue-collarblue-collarblue-collarblue-collarblue-collarblue-collarblue-collarblue-collarblue-collarblue-collarblue-collarblue-collarblue-collarblue-collarblue-collarblue-collarblue-collarblue-collarblue-collarblue-collarblue-collarblue-collarblue-collarblue-collarblue-collarblue-collarblue-collarblue-collarblue-collarblue-collarblue-collarblue-collarblue-collarblue-collarblue-collarblue-collarblue-collarblue-collarblue-collarblue-collarblue-collarblue-collarblue-collarblue-collarblue-collarblue-collarblue-collarblue-collarblue-collarblue-collarblue-collarblue-collarblue-collarblue-collarblue-collarblue-collarblue-collarblue-collarblue-collarblue-collarblue-collarblue-collarblue-collarblue-collarblue-collarblue-collarblue-collarblue-collarblue-collarblue-collarblue-collarblue-collarblue-collarblue-collarblue-collarblue-collarblue-collarblue-collarblue-collarblue-collarblue-collarblue-collarblue-collarblue-collarblue-collarblue-collarblue-collarblue-collarblue-collarblue-collarblue-collarblue-collarblue-collarblue-collarblue-collarblue-collarblue-collarblue-collarblue-collarblue-collarblue-collarblue-collarblue-collarblue-collarblue-collarblue-collarblue-collarblue-collarblue-collarblue-collarblue-collarblue-collarblue-collarblue-collarblue-collarblue-collarblue-collarblue-collarblue-collarblue-collarblue-collarblue-collarblue-collarblue-collarblue-collarblue-collarblue-collarblue-collarblue-collarblue-collarblue-collarblue-collarblue-collarblue-collarblue-collarblue-collarblue-collarblue-collarblue-collarblue-collarblue-collarblue-collarblue-collarblue-collarblue-collarblue-collarblue-collarblue-collarblue-collarblue-collarblue-collarblue-collarblue-collarblue-collarblue-collarblue-collarblue-collarblue-collarblue-collarblue-collarblue-collarblue-collarblue-collarblue-collarblue-collarblue-collarblue-collarblue-collarblue-collarblue-collarblue-collarblue-collarblue-collarblue-collarblue-collarblue-collarblue-collarblue-collarblue-collarblue-collarblue-collarblue-collarblue-collarblue-collarblue-collarblue-collarblue-collarblue-collarblue-collarblue-collarblue-collarblue-collarblue-collarblue-collarblue-collarblue-collarblue-collarblue-collarblue-collarblue-collarblue-collarblue-collarblue-collarblue-collarblue-collarblue-collarblue-collarblue-collarblue-collarblue-collarblue-collarblue-collarblue-collarblue-collarblue-collarblue-collarblue-collarblue-collarblue-collarblue-collarblue-collarblue-collarblue-collarblue-collarblue-collarblue-collarblue-collarblue-collarblue-collarblue-collarblue-collarblue-collarblue-collarblue-collarblue-collarblue-collarblue-collarblue-collarblue-collarblue-collarblue-collarblue-collarblue-collarblue-collarblue-collarblue-collarblue-collarblue-collarblue-collarblue-collarblue-collarblue-collarblue-collarblue-collarblue-collarblue-collarblue-collarblue-collarblue-collarblue-collarblue-collarblue-collarblue-collarblue-collarblue-collarblue-collarblue-collarblue-collarblue-collarblue-collarblue-collarblue-collarblue-collarblue-collarblue-collarblue-collarblue-collarblue-collarblue-collarblue-collarblue-collarblue-collarblue-collarblue-collarblue-collarblue-collarblue-collarblue-collarblue-collarblue-collarblue-collarblue-collarblue-collarblue-collarblue-collarblue-collarblue-collarblue-collarblue-collarblue-collarblue-collarblue-collarblue-collarblue-collarblue-collarblue-collarblue-collarblue-collarblue-collarblue-collarblue-collarblue-collarblue-collarblue-collarblue-collarblue-collarblue-collarblue-collarblue-collarblue-collarblue-collarblue-collarblue-collarblue-collarblue-collarblue-collarblue-collarblue-collarblue-collarblue-collarblue-collarblue-collarblue-collarblue-collarblue-collarblue-collarblue-collarblue-collarblue-collarblue-collarblue-collarblue-collarblue-collarblue-collarblue-collarblue-collarblue-collarblue-collarblue-collarblue-collarblue-collarblue-collarblue-collarblue-collarblue-collarblue-collarblue-collarblue-collarblue-collarblue-collarblue-collarblue-collarblue-collarblue-collarblue-collarblue-collarblue-collarblue-collarblue-collarblue-collarblue-collarblue-collarblue-collarblue-collarblue-collarblue-collarblue-collarblue-collarblue-collarblue-collarblue-collarblue-collarblue-collarblue-collarblue-collarblue-collarblue-collarblue-collarblue-collarblue-collarblue-collarblue-collarblue-collarblue-collarblue-collarblue-collarblue-collarblue-collarblue-collarblue-collarblue-collarblue-collarblue-collarblue-collarblue-collarblue-collarblue-collarblue-collarblue-collarblue-collarblue-collarblue-collarblue-collarblue-collarblue-collarblue-collarblue-collarblue-collarblue-collarblue-collarblue-collarblue-collarblue-collarblue-collarblue-collarblue-collarblue-collarblue-collarblue-collarblue-collarblue-collarblue-collarblue-collarblue-collarblue-collarblue-collarblue-collarblue-collarblue-collarblue-collarblue-collarblue-collarblue-collarblue-collarblue-collarblue-collarblue-collarblue-collarblue-collarblue-collarblue-collarblue-collarblue-collarblue-collarblue-collarblue-collarblue-collarblue-collarblue-collarblue-collarblue-collarblue-collarblue-collarblue-collarblue-collarblue-collarblue-collarblue-collarblue-collarblue-collarblue-collarblue-collarblue-collarblue-collarblue-collarblue-collarblue-collarblue-collarblue-collarblue-collarblue-collarblue-collarblue-collarblue-collarblue-collarblue-collarblue-collarblue-collarblue-collarblue-collarblue-collarblue-collarblue-collarblue-collarblue-collarblue-collarblue-collarblue-collarblue-collarblue-collarblue-collarblue-collarblue-collarblue-collarblue-collarblue-collarblue-collarblue-collarblue-collarblue-collarblue-collarblue-collarblue-collarblue-collarblue-collarblue-collarblue-collarblue-collarblue-collarblue-collarblue-collarblue-collarblue-collarblue-collarblue-collarblue-collarblue-collarblue-collarblue-collarblue-collarblue-collarblue-collarblue-collarblue-collarblue-collarblue-collarblue-collarblue-collarblue-collarblue-collarblue-collarblue-collarblue-collarblue-collarblue-collarblue-collarblue-collarblue-collarblue-collarblue-collarblue-collarblue-collarblue-collarblue-collarblue-collarblue-collarblue-collarblue-collarblue-collarblue-collarblue-collarblue-collarblue-collarblue-collarblue-collarblue-collarblue-collarblue-collarblue-collarblue-collarblue-collarblue-collarblue-collarblue-collarblue-collarblue-collarblue-collarblue-collarblue-collarblue-collarblue-collarblue-collarblue-collarblue-collarblue-collarblue-collarblue-collarblue-collarblue-collarblue-collarblue-collarblue-collarblue-collarblue-collarblue-collarblue-collarblue-collarblue-collarblue-collarblue-collarblue-collarblue-collarblue-collarblue-collarblue-collarblue-collarblue-collarblue-collarblue-collarblue-collarblue-collarblue-collarblue-collarblue-collarblue-collarblue-collarblue-collarblue-collarblue-collarblue-collarblue-collarblue-collarblue-collarblue-collarblue-collarblue-collarblue-collarblue-collarblue-collarblue-collarblue-collarblue-collarblue-collarblue-collarblue-collarblue-collarblue-collarblue-collarblue-collarblue-collarblue-collarblue-collarblue-collarblue-collarblue-collarblue-collarblue-collarblue-collarblue-collarblue-collarblue-collarblue-collarblue-collarblue-collarblue-collarblue-collarblue-collarblue-collarblue-collarblue-collarblue-collarblue-collarblue-collarblue-collarblue-collarblue-collarblue-collarblue-collarblue-collarblue-collarblue-collarblue-collarblue-collarblue-collarblue-collarblue-collarblue-collarblue-collarblue-collarblue-collarblue-collarblue-collarblue-collarblue-collarblue-collarblue-collarblue-collarblue-collarblue-collarblue-collarblue-collarblue-collarblue-collarblue-collarblue-collarblue-collarblue-collarblue-collarblue-collarblue-collarblue-collarblue-collarblue-collarblue-collarblue-collarblue-collarblue-collarblue-collarblue-collarblue-collarblue-collarblue-collarblue-collarblue-collarblue-collarblue-collarblue-collarblue-collarblue-collarblue-collarblue-collarblue-collarblue-collarblue-collarblue-collarblue-collarblue-collarblue-collarblue-collarblue-collarblue-collarblue-collarblue-collarblue-collarblue-collarblue-collarblue-collarblue-collarblue-collarblue-collarblue-collarblue-collarblue-collarblue-collarblue-collarblue-collarblue-collarblue-collarblue-collarblue-collarblue-collarblue-collarblue-collarblue-collarblue-collarblue-collarblue-collarblue-collarblue-collarblue-collarblue-collarblue-collarblue-collarblue-collarblue-collarblue-collarblue-collarblue-collarblue-collarblue-collarblue-collarblue-collarblue-collarblue-collarblue-collarblue-collarblue-collarblue-collarblue-collarblue-collarblue-collarblue-collarblue-collarblue-collarblue-collarblue-collarblue-collarblue-collarblue-collarblue-collarblue-collarblue-collarblue-collarblue-collarblue-collarblue-collarblue-collarblue-collarblue-collarblue-collarblue-collarblue-collarblue-collarblue-collarblue-collarblue-collarblue-collarblue-collarblue-collarblue-collarblue-collarblue-collarblue-collarblue-collarblue-collarblue-collarblue-collarblue-collarblue-collarblue-collarblue-collarblue-collarblue-collarblue-collarblue-collarblue-collarblue-collarblue-collarblue-collarblue-collarblue-collarblue-collarblue-collarblue-collarblue-collarblue-collarblue-collarblue-collarblue-collarblue-collarblue-collarblue-collarblue-collarblue-collarblue-collarblue-collarblue-collarblue-collarblue-collarblue-collarblue-collarblue-collarblue-collarblue-collarblue-collarblue-collarblue-collarblue-collarblue-collarblue-collarblue-collarblue-collarblue-collarblue-collarblue-collarblue-collarblue-collarblue-collarblue-collarblue-collarblue-collarblue-collarblue-collarblue-collarblue-collarblue-collarblue-collarblue-collarblue-collarblue-collarblue-collarblue-collarblue-collarblue-collarblue-collarblue-collarblue-collarblue-collarblue-collarblue-collarblue-collarblue-collarblue-collarblue-collarblue-collarblue-collarblue-collarblue-collarblue-collarblue-collarblue-collarblue-collarblue-collarblue-collarblue-collarblue-collarblue-collarblue-collarblue-collarblue-collarblue-collarblue-collarblue-collarblue-collarblue-collarblue-collarblue-collarblue-collarblue-collarblue-collarblue-collarblue-collarblue-collarblue-collarblue-collarblue-collarblue-collarblue-collarblue-collarblue-collarblue-collarblue-collarblue-collarblue-collarblue-collarblue-collarblue-collarblue-collarblue-collarblue-collarblue-collarblue-collarblue-collarblue-collarblue-collarblue-collarblue-collarblue-collarblue-collarblue-collarblue-collarblue-collarblue-collarblue-collarblue-collarblue-collarblue-collarblue-collarblue-collarblue-collarblue-collarblue-collarblue-collarblue-collarblue-collarblue-collarblue-collarblue-collarblue-collarblue-collarblue-collarblue-collarblue-collarblue-collarblue-collarblue-collarblue-collarblue-collarblue-collarblue-collarblue-collarblue-collarblue-collarblue-collarblue-collarblue-collarblue-collarblue-collarblue-collarblue-collarblue-collarblue-collarblue-collarblue-collarblue-collarblue-collarblue-collarblue-collarblue-collarblue-collarblue-collarblue-collarblue-collarblue-collarblue-collarblue-collarblue-collarblue-collarblue-collarblue-collarblue-collarblue-collarblue-collarblue-collarblue-collarblue-collarblue-collarblue-collarblue-collarblue-collarblue-collarblue-collarblue-collarblue-collarblue-collarblue-collarblue-collarblue-collarblue-collarblue-collarblue-collarblue-collarblue-collarblue-collarblue-collarblue-collarblue-collarblue-collarblue-collarblue-collarblue-collarblue-collarblue-collarblue-collarblue-collarblue-collarblue-collarblue-collarblue-collarblue-collarblue-collarblue-collarblue-collarblue-collarblue-collarblue-collarblue-collarblue-collarblue-collarblue-collarblue-collarblue-collarblue-collarblue-collarblue-collarblue-collarblue-collarblue-collarblue-collarblue-collarblue-collarblue-collarblue-collarblue-collarblue-collarblue-collarblue-collarblue-collarblue-collarblue-collarblue-collarblue-collarblue-collarblue-collarblue-collarblue-collarblue-collarblue-collarblue-collarblue-collarblue-collarblue-collarblue-collarblue-collarblue-collarblue-collarblue-collarblue-collarblue-collarblue-collarblue-collarblue-collarblue-collarblue-collarblue-collarblue-collarblue-collarblue-collarblue-collarblue-collarblue-collarblue-collarblue-collarblue-collarblue-collarblue-collarblue-collarblue-collarblue-collarblue-collarblue-collarblue-collarblue-collarblue-collarblue-collarblue-collarblue-collarblue-collarblue-collarblue-collarblue-collarblue-collarblue-collarblue-collarblue-collarblue-collarblue-collarblue-collarblue-collarblue-collarblue-collarblue-collarblue-collarblue-collarblue-collarblue-collarblue-collarblue-collarblue-collarblue-collarblue-collarblue-collarblue-collarblue-collarblue-collarblue-collarblue-collarblue-collarblue-collarblue-collarblue-collarblue-collarblue-collarblue-collarblue-collarblue-collarblue-collarblue-collarblue-collarblue-collarblue-collarblue-collarblue-collarblue-collarblue-collarblue-collarblue-collarblue-collarblue-collarblue-collarblue-collarblue-collarblue-collarblue-collarblue-collarblue-collarblue-collarblue-collarblue-collarblue-collarblue-collarblue-collarblue-collarblue-collarblue-collarblue-collarblue-collarblue-collarblue-collarblue-collarblue-collarblue-collarblue-collarblue-collarblue-collarblue-collarblue-collarblue-collarblue-collarblue-collarblue-collarblue-collarblue-collarblue-collarblue-collarblue-collarblue-collarblue-collarblue-collarblue-collarblue-collarblue-collarblue-collarblue-collarblue-collarblue-collarblue-collarblue-collarblue-collarblue-collarblue-collarblue-collarblue-collarblue-collarblue-collarblue-collarblue-collarblue-collarblue-collarblue-collarblue-collarblue-collarblue-collarblue-collarblue-collarblue-collarblue-collarblue-collarblue-collarblue-collarblue-collarblue-collarblue-collarblue-collarblue-collarblue-collarblue-collarblue-collarblue-collarblue-collarblue-collarblue-collarblue-collarblue-collarblue-collarblue-collarblue-collarblue-collarblue-collarblue-collarblue-collarblue-collarblue-collarblue-collarblue-collarblue-collarblue-collarblue-collarblue-collarblue-collarblue-collarblue-collarblue-collarblue-collarblue-collarblue-collarblue-collarblue-collarblue-collarblue-collarblue-collarblue-collarblue-collarblue-collarblue-collarblue-collarblue-collarblue-collarblue-collarblue-collarblue-collarblue-collarblue-collarblue-collarblue-collarblue-collarblue-collarblue-collarblue-collarblue-collarblue-collarblue-collarblue-collarblue-collarblue-collarblue-collarblue-collarblue-collarblue-collarblue-collarblue-collarblue-collarblue-collarblue-collarblue-collarblue-collarblue-collarblue-collarblue-collarblue-collarblue-collarblue-collarblue-collarblue-collarblue-collarblue-collarblue-collarblue-collarblue-collarblue-collarblue-collarblue-collarblue-collarblue-collarblue-collarblue-collarblue-collarblue-collarblue-collarblue-collarblue-collarblue-collarblue-collarblue-collarblue-collarblue-collarblue-collarblue-collarblue-collarblue-collarblue-collarblue-collarblue-collarblue-collarblue-collarblue-collarblue-collarblue-collarblue-collarblue-collarblue-collarblue-collarblue-collarblue-collarblue-collarblue-collarblue-collarblue-collarblue-collarblue-collarblue-collarblue-collarblue-collarblue-collarblue-collarblue-collarblue-collarblue-collarblue-collarblue-collarblue-collarblue-collarblue-collarblue-collarblue-collarblue-collarblue-collarblue-collarblue-collarblue-collarblue-collarblue-collarblue-collarblue-collarblue-collarblue-collarblue-collarblue-collarblue-collarblue-collarblue-collarblue-collarblue-collarblue-collarblue-collarblue-collarblue-collarblue-collarblue-collarblue-collarblue-collarblue-collarblue-collarblue-collarblue-collarblue-collarblue-collarblue-collarblue-collarblue-collarblue-collarblue-collarblue-collarblue-collarblue-collarblue-collarblue-collarblue-collarblue-collarblue-collarblue-collarblue-collarblue-collarblue-collarblue-collarblue-collarblue-collarblue-collarblue-collarblue-collarblue-collarblue-collarblue-collarblue-collarblue-collarblue-collarblue-collarblue-collarblue-collarblue-collarblue-collarblue-collarblue-collarblue-collarblue-collarblue-collarblue-collarblue-collarblue-collarblue-collarblue-collarblue-collarblue-collarblue-collarblue-collarblue-collarblue-collarblue-collarblue-collarblue-collarblue-collarblue-collarblue-collarblue-collarblue-collarblue-collarblue-collarblue-collarblue-collarblue-collarblue-collarblue-collarblue-collarblue-collarblue-collarblue-collarblue-collarblue-collarblue-collarblue-collarblue-collarblue-collarblue-collarblue-collarblue-collarblue-collarblue-collarblue-collarblue-collarblue-collarblue-collarblue-collarblue-collarblue-collarblue-collarblue-collarblue-collarblue-collarblue-collarblue-collarblue-collarblue-collarblue-collarblue-collarblue-collarblue-collarblue-collarblue-collarblue-collarblue-collarblue-collarblue-collarblue-collarblue-collarblue-collarblue-collarblue-collarblue-collarblue-collarblue-collarblue-collarblue-collarblue-collarblue-collarblue-collarblue-collarblue-collarblue-collarblue-collarblue-collarblue-collarblue-collarblue-collarblue-collarblue-collarblue-collarblue-collarblue-collarblue-collarblue-collarblue-collarblue-collarblue-collarblue-collarblue-collarblue-collarblue-collarblue-collarblue-collarblue-collarblue-collarblue-collarblue-collarblue-collarblue-collarblue-collarblue-collarblue-collarblue-collarblue-collarblue-collarblue-collarblue-collarblue-collarblue-collarblue-collarblue-collarblue-collarblue-collarblue-collarblue-collarblue-collarblue-collarblue-collarblue-collarblue-collarblue-collarblue-collarblue-collarblue-collarblue-collarblue-collarblue-collarblue-collarblue-collarblue-collarblue-collarblue-collarblue-collarblue-collarblue-collarblue-collarblue-collarblue-collarblue-collarblue-collarblue-collarblue-collarblue-collarblue-collarblue-collarblue-collarblue-collarblue-collarblue-collarblue-collarblue-collarblue-collarblue-collarblue-collarblue-collarblue-collarblue-collarblue-collarblue-collarblue-collarblue-collarblue-collarblue-collarblue-collarblue-collarblue-collarblue-collarblue-collarblue-collarblue-collarblue-collarblue-collarblue-collarblue-collarblue-collarblue-collarblue-collarblue-collarblue-collarblue-collarblue-collarblue-collarblue-collarblue-collarblue-collarblue-collarblue-collarblue-collarblue-collarblue-collarblue-collarblue-collarblue-collarblue-collarblue-collarblue-collarblue-collarblue-collarblue-collarblue-collarblue-collarblue-collarblue-collarblue-collarblue-collarblue-collarblue-collarblue-collarblue-collarblue-collarblue-collarblue-collarblue-collarblue-collarblue-collarblue-collarblue-collarblue-collarblue-collarblue-collarblue-collarblue-collarblue-collarblue-collarblue-collarblue-collarblue-collarblue-collarblue-collarblue-collarblue-collarblue-collarblue-collarblue-collarblue-collarblue-collarblue-collarblue-collarblue-collarblue-collarblue-collarblue-collarblue-collarblue-collarblue-collarblue-collarblue-collarblue-collarblue-collarblue-collarblue-collarblue-collarblue-collarblue-collarblue-collarblue-collarblue-collarblue-collarblue-collarblue-collarblue-collarblue-collarblue-collarblue-collarblue-collarblue-collarblue-collarblue-collarblue-collarblue-collarblue-collarblue-collarblue-collarblue-collarblue-collarblue-collarblue-collarblue-collarblue-collarblue-collarblue-collarblue-collarblue-collarblue-collarblue-collarblue-collarblue-collarblue-collarblue-collarblue-collarblue-collarblue-collarblue-collarblue-collarblue-collarblue-collarblue-collarblue-collarblue-collarblue-collarblue-collarblue-collarblue-collarblue-collarblue-collarblue-collarblue-collarblue-collarblue-collarblue-collarblue-collarblue-collarblue-collarblue-collarblue-collarblue-collarblue-collarblue-collarblue-collarblue-collarblue-collarblue-collarblue-collarblue-collarblue-collarblue-collarblue-collarblue-collarblue-collarblue-collarblue-collarblue-collarblue-collarblue-collarblue-collarblue-collarblue-collarblue-collarblue-collarblue-collarblue-collarblue-collarblue-collarblue-collarblue-collarblue-collarblue-collarblue-collarblue-collarblue-collarblue-collarblue-collarblue-collarblue-collarblue-collarblue-collarblue-collarblue-collarblue-collarblue-collarblue-collarblue-collarblue-collarblue-collarblue-collarblue-collarblue-collarblue-collarblue-collarblue-collarblue-collarblue-collarblue-collarblue-collarblue-collarblue-collarblue-collarblue-collarblue-collarblue-collarblue-collarblue-collarblue-collarblue-collarblue-collarblue-collarblue-collarblue-collarblue-collarblue-collarblue-collarblue-collarblue-collarblue-collarblue-collarblue-collarblue-collarblue-collarblue-collarblue-collarblue-collarblue-collarblue-collarblue-collarblue-collarblue-collarblue-collarblue-collarblue-collarblue-collarblue-collarblue-collarblue-collarblue-collarblue-collarblue-collarblue-collarblue-collarblue-collarblue-collarblue-collarblue-collarblue-collarblue-collarblue-collarblue-collarblue-collarblue-collarblue-collarblue-collarblue-collarblue-collarblue-collarblue-collarblue-collarblue-collarblue-collarblue-collarblue-collarblue-collarblue-collarblue-collarblue-collarblue-collarblue-collarblue-collarblue-collarblue-collarblue-collarblue-collarblue-collarblue-collarblue-collarblue-collarblue-collarblue-collarblue-collarblue-collarblue-collarblue-collarblue-collarblue-collarblue-collarblue-collarblue-collarblue-collarblue-collarblue-collarblue-collarblue-collarblue-collarblue-collarblue-collarblue-collarblue-collarblue-collarblue-collarblue-collarblue-collarblue-collarblue-collarblue-collarblue-collarblue-collarblue-collarblue-collarblue-collarblue-collarblue-collarblue-collarblue-collarblue-collarblue-collarblue-collarblue-collarblue-collarblue-collarblue-collarblue-collarblue-collarblue-collarblue-collarblue-collarblue-collarblue-collarblue-collarblue-collarblue-collarblue-collarblue-collarblue-collarblue-collarblue-collarblue-collarblue-collarblue-collarblue-collarblue-collarblue-collarblue-collarblue-collarblue-collarblue-collarblue-collarblue-collarblue-collarblue-collarblue-collarblue-collarblue-collarblue-collarblue-collarblue-collarblue-collarblue-collarblue-collarblue-collarblue-collarblue-collarblue-collarblue-collarblue-collarblue-collarblue-collarblue-collarblue-collarblue-collarblue-collarblue-collarblue-collarblue-collarblue-collarblue-collarblue-collarblue-collarblue-collarblue-collarblue-collarblue-collarblue-collarblue-collarblue-collarblue-collarblue-collarblue-collarblue-collarblue-collarblue-collarblue-collarblue-collarblue-collarblue-collarblue-collarblue-collarblue-collarblue-collarblue-collarblue-collarblue-collarblue-collarblue-collarblue-collarblue-collarblue-collarblue-collarblue-collarblue-collarblue-collarblue-collarblue-collarblue-collarblue-collarblue-collarblue-collarblue-collarblue-collarblue-collarblue-collarblue-collarblue-collarblue-collarblue-collarblue-collarblue-collarblue-collarblue-collarblue-collarblue-collarblue-collarblue-collarblue-collarblue-collarblue-collarblue-collarblue-collarblue-collarblue-collarblue-collarblue-collarblue-collarblue-collarblue-collarblue-collarblue-collarblue-collarblue-collarblue-collarblue-collarblue-collarblue-collarblue-collarblue-collarblue-collarblue-collarblue-collarblue-collarblue-collarblue-collarblue-collarblue-collarblue-collarblue-collarblue-collarblue-collarblue-collarblue-collarblue-collarblue-collarblue-collarblue-collarblue-collarblue-collarblue-collarblue-collarblue-collarblue-collarblue-collarblue-collarblue-collarblue-collarblue-collarblue-collarblue-collarblue-collarblue-collarblue-collarblue-collarblue-collarblue-collarblue-collarblue-collarblue-collarblue-collarblue-collarblue-collarblue-collarblue-collarblue-collarblue-collarblue-collarblue-collarblue-collarblue-collarblue-collarblue-collarblue-collarblue-collarblue-collarblue-collarblue-collarblue-collarblue-collarblue-collarblue-collarblue-collarblue-collarblue-collarblue-collarblue-collarblue-collarblue-collarblue-collarblue-collarblue-collarblue-collarblue-collarblue-collarblue-collarblue-collarblue-collarblue-collarblue-collarblue-collarblue-collarblue-collarblue-collarblue-collarblue-collarblue-collarblue-collarblue-collarblue-collarblue-collarblue-collarblue-collarblue-collarblue-collarblue-collarblue-collarblue-collarblue-collarblue-collarblue-collarblue-collarblue-collarblue-collarblue-collarblue-collarblue-collarblue-collarblue-collarblue-collarblue-collarblue-collarblue-collarblue-collarblue-collarblue-collarblue-collarblue-collarblue-collarblue-collarblue-collarblue-collarblue-collarblue-collarblue-collarblue-collarblue-collarblue-collarblue-collarblue-collarblue-collarblue-collarblue-collarblue-collarblue-collarblue-collarblue-collarblue-collarblue-collarblue-collarblue-collarblue-collarblue-collarblue-collarblue-collarblue-collarblue-collarblue-collarblue-collarblue-collarblue-collarblue-collarblue-collarblue-collarblue-collarblue-collarblue-collarblue-collarblue-collarblue-collarblue-collarblue-collarblue-collarblue-collarblue-collarblue-collarblue-collarblue-collarblue-collarblue-collarblue-collarblue-collarblue-collarblue-collarblue-collarblue-collarblue-collarblue-collarblue-collarblue-collarblue-collarblue-collarblue-collarblue-collarblue-collarblue-collarblue-collarblue-collarblue-collarblue-collarblue-collarblue-collarblue-collarblue-collarblue-collarblue-collarblue-collarblue-collarblue-collarblue-collarblue-collarblue-collarblue-collarblue-collarblue-collarblue-collarblue-collarblue-collarblue-collarblue-collarblue-collarblue-collarblue-collarblue-collarblue-collarblue-collarblue-collarblue-collarblue-collarblue-collarblue-collarblue-collarblue-collarblue-collarblue-collarblue-collarblue-collarblue-collarblue-collarblue-collarblue-collarblue-collarblue-collarblue-collarblue-collarblue-collarblue-collarblue-collarblue-collarblue-collarblue-collarblue-collarblue-collarblue-collarblue-collarblue-collarblue-collarblue-collarblue-collarblue-collarblue-collarblue-collarblue-collarblue-collarblue-collarblue-collarblue-collarblue-collarblue-collarblue-collarblue-collarblue-collarblue-collarblue-collarblue-collarblue-collarblue-collarblue-collarblue-collarblue-collarblue-collarblue-collarblue-collarblue-collarblue-collarblue-collarblue-collarblue-collarblue-collarblue-collarblue-collarblue-collarblue-collarblue-collarblue-collarblue-collarblue-collarblue-collarblue-collarblue-collarblue-collarblue-collarblue-collarblue-collarblue-collarblue-collarblue-collarblue-collarblue-collarblue-collarblue-collarblue-collarblue-collarblue-collarblue-collarblue-collarblue-collarblue-collarblue-collarblue-collarblue-collarblue-collarblue-collarblue-collarblue-collarblue-collarblue-collarblue-collarblue-collarblue-collarblue-collarblue-collarblue-collarblue-collarblue-collarblue-collarblue-collarblue-collarblue-collarblue-collarblue-collarblue-collarblue-collarblue-collarblue-collarblue-collarblue-collarblue-collarblue-collarblue-collarblue-collarblue-collarblue-collarblue-collarblue-collarblue-collarblue-collarblue-collarblue-collarblue-collarblue-collarblue-collarblue-collarblue-collarblue-collarblue-collarblue-collarblue-collarblue-collarblue-collarblue-collarblue-collarblue-collarblue-collarblue-collarblue-collarblue-collarblue-collarblue-collarblue-collarblue-collarblue-collarblue-collarblue-collarblue-collarblue-collarblue-collarblue-collarblue-collarblue-collarblue-collarblue-collarblue-collarblue-collarblue-collarblue-collarblue-collarblue-collarblue-collarblue-collarblue-collarblue-collarblue-collarblue-collarblue-collarblue-collarblue-collarblue-collarblue-collarblue-collarblue-collarblue-collarblue-collarblue-collarblue-collarblue-collarblue-collarblue-collarblue-collarblue-collarblue-collarblue-collarblue-collarblue-collarblue-collarblue-collarblue-collarblue-collarblue-collarblue-collarblue-collarblue-collarblue-collarblue-collarblue-collarblue-collarblue-collarblue-collarblue-collarblue-collarblue-collarblue-collarblue-collarblue-collarblue-collarblue-collarblue-collarblue-collarblue-collarblue-collarblue-collarblue-collarblue-collarblue-collarblue-collarblue-collarblue-collarblue-collarblue-collarblue-collarblue-collarblue-collarblue-collarblue-collarblue-collarblue-collarblue-collarblue-collarblue-collarblue-collarblue-collarblue-collarblue-collarblue-collarblue-collarblue-collarblue-collarblue-collarblue-collarblue-collarblue-collarblue-collarblue-collarblue-collarblue-collarblue-collarblue-collarblue-collarblue-collarblue-collarblue-collarblue-collarblue-collarblue-collarblue-collarblue-collarblue-collarblue-collarblue-collarblue-collarblue-collarblue-collarblue-collarblue-collarblue-collarblue-collarblue-collarblue-collarblue-collarblue-collarblue-collarblue-collarblue-collarblue-collarblue-collarblue-collarblue-collarblue-collarblue-collarblue-collarblue-collarblue-collarblue-collarblue-collarblue-collarblue-collarblue-collarblue-collarblue-collarblue-collarblue-collarblue-collarblue-collarblue-collarblue-collarblue-collarblue-collarblue-collarblue-collarblue-collarblue-collarblue-collarblue-collarblue-collarblue-collarblue-collarblue-collarblue-collarblue-collarblue-collarblue-collarblue-collarblue-collarblue-collarblue-collarblue-collarblue-collarblue-collarblue-collarblue-collarblue-collarblue-collarblue-collarblue-collarblue-collarblue-collarblue-collarblue-collarblue-collarblue-collarblue-collarblue-collarblue-collarblue-collarblue-collarblue-collarblue-collarblue-collarblue-collarblue-collarblue-collarblue-collarblue-collarblue-collarblue-collarblue-collarblue-collarblue-collarblue-collarblue-collarblue-collarblue-collarblue-collarblue-collarblue-collarblue-collarblue-collarblue-collarblue-collarblue-collarblue-collarblue-collarblue-collarblue-collarblue-collarblue-collarblue-collarblue-collarblue-collarblue-collarblue-collarblue-collarblue-collarblue-collarblue-collarblue-collarblue-collarblue-collarblue-collarblue-collarblue-collarblue-collarblue-collarblue-collarblue-collarblue-collarblue-collarblue-collarblue-collarblue-collarblue-collarblue-collarblue-collarblue-collarblue-collarblue-collarblue-collarblue-collarblue-collarblue-collarblue-collarblue-collarblue-collarblue-collarblue-collarblue-collarblue-collarblue-collarblue-collarblue-collarblue-collarblue-collarblue-collarblue-collarblue-collarblue-collarblue-collarblue-collarblue-collarblue-collarblue-collarblue-collarblue-collarblue-collarblue-collarblue-collarblue-collarblue-collarblue-collarblue-collarblue-collarblue-collarblue-collarblue-collarblue-collarblue-collarblue-collarblue-collarblue-collarblue-collarblue-collarblue-collarblue-collarblue-collarblue-collarblue-collarblue-collarblue-collarblue-collarblue-collarblue-collarblue-collarblue-collarblue-collarblue-collarblue-collarblue-collarblue-collarblue-collarblue-collarblue-collarblue-collarblue-collarblue-collarblue-collarblue-collarblue-collarblue-collarblue-collarblue-collarblue-collarblue-collarblue-collarblue-collarblue-collarblue-collarblue-collarblue-collarblue-collarblue-collarblue-collarblue-collarblue-collarblue-collarblue-collarblue-collarblue-collarblue-collarblue-collarblue-collarblue-collarblue-collarblue-collarblue-collarblue-collarblue-collarblue-collarblue-collarblue-collarblue-collarblue-collarblue-collarblue-collarblue-collarblue-collarblue-collarblue-collarblue-collarblue-collarblue-collarblue-collarblue-collarblue-collarblue-collarblue-collarblue-collarblue-collarblue-collarblue-collarblue-collarblue-collarblue-collarblue-collarblue-collarblue-collarblue-collarblue-collarblue-collarblue-collarblue-collarblue-collarblue-collarblue-collarblue-collarblue-collarblue-collarblue-collarblue-collarblue-collarblue-collarblue-collarblue-collarblue-collarblue-collarblue-collarblue-collarblue-collarblue-collarblue-collarblue-collarblue-collarblue-collarblue-collarblue-collarblue-collarblue-collarblue-collarblue-collarblue-collarblue-collarblue-collarblue-collarblue-collarblue-collarblue-collarblue-collarblue-collarblue-collarblue-collarblue-collarblue-collarblue-collarblue-collarblue-collarblue-collarblue-collarblue-collarblue-collarblue-collarblue-collarblue-collarblue-collarblue-collarblue-collarblue-collarblue-collarblue-collarblue-collarblue-collarblue-collarblue-collarblue-collarblue-collarblue-collarblue-collarblue-collarblue-collarblue-collarblue-collarblue-collarblue-collarblue-collarblue-collarblue-collarblue-collarblue-collarblue-collarblue-collarblue-collarblue-collarblue-collarblue-collarblue-collarblue-collarblue-collarblue-collarblue-collarblue-collarblue-collarblue-collarblue-collarblue-collarblue-collarblue-collarblue-collarblue-collarblue-collarblue-collarblue-collarblue-collarblue-collarblue-collarblue-collarblue-collarblue-collarblue-collarblue-collarblue-collarblue-collarblue-collarblue-collarblue-collarblue-collarblue-collarblue-collarblue-collarblue-collarblue-collarblue-collarblue-collarblue-collarblue-collarblue-collarblue-collarblue-collarblue-collarblue-collarblue-collarblue-collarblue-collarblue-collarblue-collarblue-collarblue-collarblue-collarblue-collarblue-collarblue-collarblue-collarblue-collarblue-collarblue-collarblue-collarblue-collarblue-collarblue-collarblue-collarblue-collarblue-collarblue-collarblue-collarblue-collarblue-collarblue-collarblue-collarblue-collarblue-collarblue-collarblue-collarblue-collarblue-collarblue-collarblue-collarblue-collarblue-collarblue-collarblue-collarblue-collarblue-collarblue-collarblue-collarblue-collarblue-collarblue-collarblue-collarblue-collarblue-collarblue-collarblue-collarblue-collarblue-collarblue-collarblue-collarblue-collarblue-collarblue-collarblue-collarblue-collarblue-collarblue-collarblue-collarblue-collarblue-collarblue-collarblue-collarblue-collarblue-collarblue-collarblue-collarblue-collarblue-collarblue-collarblue-collarblue-collarblue-collarblue-collarblue-collarblue-collarblue-collarblue-collarblue-collarblue-collarblue-collarblue-collarblue-collarblue-collarblue-collarblue-collarblue-collarblue-collarblue-collarblue-collarblue-collarblue-collarblue-collarblue-collarblue-collarblue-collarblue-collarblue-collarblue-collarblue-collarblue-collarblue-collarblue-collarblue-collarblue-collarblue-collarblue-collarblue-collarblue-collarblue-collarblue-collarblue-collarblue-collarblue-collarblue-collarblue-collarblue-collarblue-collarblue-collarblue-collarblue-collarblue-collarblue-collarblue-collarblue-collarblue-collarblue-collarblue-collarblue-collarblue-collarblue-collarblue-collarblue-collarblue-collarblue-collarblue-collarblue-collarblue-collarblue-collarblue-collarblue-collarblue-collarblue-collarblue-collarblue-collarblue-collarblue-collarblue-collarblue-collarblue-collarblue-collarblue-collarblue-collarblue-collarblue-collarblue-collarblue-collarblue-collarblue-collarblue-collarblue-collarblue-collarblue-collarblue-collarblue-collarblue-collarblue-collarblue-collarblue-collarblue-collarblue-collarblue-collarblue-collarblue-collarblue-collarblue-collarblue-collarblue-collarblue-collarblue-collarblue-collarblue-collarblue-collarblue-collarblue-collarblue-collarblue-collarblue-collarblue-collarblue-collarblue-collarblue-collarblue-collarblue-collarblue-collarblue-collarblue-collarblue-collarblue-collarblue-collarblue-collarblue-collarblue-collarblue-collarblue-collarblue-collarblue-collarblue-collarblue-collarblue-collarblue-collarblue-collarblue-collarblue-collarblue-collarblue-collarblue-collarblue-collarblue-collarblue-collarblue-collarblue-collarblue-collarblue-collarblue-collarblue-collarblue-collarblue-collarblue-collarblue-collarblue-collarblue-collarblue-collarblue-collarblue-collarblue-collarblue-collarblue-collarblue-collarblue-collarblue-collarblue-collarblue-collarblue-collarblue-collarblue-collarblue-collarblue-collarblue-collarblue-collarblue-collarblue-collarblue-collarblue-collarblue-collarblue-collarblue-collarblue-collarblue-collarblue-collarblue-collarblue-collarblue-collarblue-collarblue-collarblue-collarblue-collarblue-collarblue-collarblue-collarblue-collarblue-collarblue-collarblue-collarblue-collarblue-collarblue-collarblue-collarblue-collarblue-collarblue-collarblue-collarblue-collarblue-collarblue-collarblue-collarblue-collarblue-collarblue-collarblue-collarblue-collarblue-collarblue-collarblue-collarblue-collarblue-collarblue-collarblue-collarblue-collarblue-collarblue-collarblue-collarblue-collarblue-collarblue-collarblue-collarblue-collarblue-collarblue-collarblue-collarblue-collarblue-collarblue-collarblue-collarblue-collarblue-collarblue-collarblue-collarblue-collarblue-collarblue-collarblue-collarblue-collarblue-collarblue-collarblue-collarblue-collarblue-collarblue-collarblue-collarblue-collarblue-collarblue-collarblue-collarblue-collarblue-collarblue-collarblue-collarblue-collarblue-collarblue-collarblue-collarblue-collarblue-collarblue-collarblue-collarblue-collarblue-collarblue-collarblue-collarblue-collarblue-collarblue-collarblue-collarblue-collarblue-collarblue-collarblue-collarblue-collarblue-collarblue-collarblue-collarblue-collarblue-collarblue-collarblue-collarblue-collarblue-collarblue-collarblue-collarblue-collarblue-collarblue-collarblue-collarblue-collarblue-collarblue-collarblue-collarblue-collarblue-collarblue-collarblue-collarblue-collarblue-collarblue-collarblue-collarblue-collarblue-collarblue-collarblue-collarblue-collarblue-collarblue-collarblue-collarblue-collarblue-collarblue-collarblue-collarblue-collarblue-collarblue-collarblue-collarblue-collarblue-collarblue-collarblue-collarblue-collarblue-collarblue-collarblue-collarblue-collarblue-collarblue-collarblue-collarblue-collarblue-collarblue-collarblue-collarblue-collarblue-collarblue-collarblue-collarblue-collarblue-collarblue-collarblue-collarblue-collarblue-collarblue-collarblue-collarblue-collarblue-collarblue-collarblue-collarblue-collarblue-collarblue-collarblue-collarblue-collarblue-collarblue-collarblue-collarblue-collarblue-collarblue-collarblue-collarblue-collarblue-collarblue-collarblue-collarblue-collarblue-collarblue-collarblue-collarblue-collarblue-collarblue-collarblue-collarblue-collarblue-collarblue-collarblue-collarblue-collarblue-collarblue-collarblue-collarblue-collarblue-collarblue-collarblue-collarblue-collarblue-collarblue-collarblue-collarblue-collarblue-collarblue-collarblue-collarblue-collarblue-collarblue-collarblue-collarblue-collarblue-collarblue-collarblue-collarblue-collarblue-collarblue-collarblue-collarblue-collarblue-collarblue-collarblue-collarblue-collarblue-collarblue-collarblue-collarblue-collarblue-collarblue-collarblue-collarblue-collarblue-collarblue-collarblue-collarblue-collarblue-collarblue-collarblue-collarblue-collarblue-collarblue-collarblue-collarblue-collarblue-collarblue-collarblue-collarblue-collarblue-collarblue-collarblue-collarblue-collarblue-collarblue-collarblue-collarblue-collarblue-collarblue-collarblue-collarblue-collarblue-collarblue-collarblue-collarblue-collarblue-collarblue-collarblue-collarblue-collarblue-collarblue-collarblue-collarblue-collarblue-collarblue-collarblue-collarblue-collarblue-collarblue-collarblue-collarblue-collarblue-collarblue-collarblue-collarblue-collarblue-collarblue-collarblue-collarblue-collarblue-collarblue-collarblue-collarblue-collarblue-collarblue-collarblue-collarblue-collarblue-collarblue-collarblue-collarblue-collarblue-collarblue-collarblue-collarblue-collarblue-collarblue-collarblue-collarblue-collarblue-collarblue-collarblue-collarblue-collarblue-collarblue-collarblue-collarblue-collarblue-collarblue-collarblue-collarblue-collarblue-collarblue-collarblue-collarblue-collarblue-collarblue-collarblue-collarblue-collarblue-collarblue-collarblue-collarblue-collarblue-collarblue-collarblue-collarblue-collarblue-collarblue-collarblue-collarblue-collarblue-collarblue-collarblue-collarblue-collarblue-collarblue-collarblue-collarblue-collarblue-collarblue-collarblue-collarblue-collarblue-collarblue-collarblue-collarblue-collarblue-collarblue-collarblue-collarblue-collarblue-collarblue-collarblue-collarblue-collarblue-collarblue-collarblue-collarblue-collarblue-collarblue-collarblue-collarblue-collarblue-collarblue-collarblue-collarblue-collarblue-collarblue-collarblue-collarblue-collarblue-collarblue-collarblue-collarblue-collarblue-collarblue-collarblue-collarblue-collarblue-collarblue-collarblue-collarblue-collarblue-collarblue-collarblue-collarblue-collarblue-collarblue-collarblue-collarblue-collarblue-collarblue-collarblue-collarblue-collarblue-collarblue-collarblue-collarblue-collarblue-collarblue-collarblue-collarblue-collarblue-collarblue-collarblue-collarblue-collarblue-collarblue-collarblue-collarblue-collarblue-collarblue-collarblue-collarblue-collarblue-collarblue-collarblue-collarblue-collarblue-collarblue-collarblue-collarblue-collarblue-collarblue-collarblue-collarblue-collarblue-collarblue-collarblue-collarblue-collarblue-collarblue-collarblue-collarblue-collarblue-collarblue-collarblue-collarblue-collarblue-collarblue-collarblue-collarblue-collarblue-collarblue-collarblue-collarblue-collarblue-collarblue-collarblue-collarblue-collarblue-collarblue-collarblue-collarblue-collarblue-collarblue-collarblue-collarblue-collarblue-collarblue-collarblue-collarblue-collarblue-collarblue-collarblue-collarblue-collarblue-collarblue-collarblue-collarblue-collarblue-collarblue-collarblue-collarblue-collarblue-collarblue-collarblue-collarblue-collarblue-collarblue-collarblue-collarblue-collarblue-collarblue-collarblue-collarblue-collarblue-collarblue-collarblue-collarblue-collarblue-collarblue-collarblue-collarblue-collarblue-collarblue-collarblue-collarblue-collarblue-collarblue-collarblue-collarblue-collarblue-collarblue-collarblue-collarblue-collarblue-collarblue-collarblue-collarblue-collarblue-collarblue-collarblue-collarblue-collarblue-collarblue-collarblue-collarblue-collarblue-collarblue-collarblue-collarblue-collarblue-collarblue-collarblue-collarblue-collarblue-collarblue-collarblue-collarblue-collarblue-collarblue-collarblue-collarblue-collarblue-collarblue-collarblue-collarblue-collarblue-collarblue-collarblue-collarblue-collarblue-collarblue-collarblue-collarblue-collarblue-collarblue-collarblue-collarblue-collarblue-collarblue-collarblue-collarblue-collarblue-collarblue-collarblue-collarblue-collarblue-collarblue-collarblue-collarblue-collarblue-collarblue-collarblue-collarblue-collarblue-collarblue-collarblue-collarblue-collarblue-collarblue-collarblue-collarblue-collarblue-collarblue-collarblue-collarblue-collarblue-collarblue-collarblue-collarblue-collarblue-collarblue-collarblue-collarblue-collarblue-collarblue-collarblue-collarblue-collarblue-collarblue-collarblue-collarblue-collarblue-collarblue-collarblue-collarblue-collarblue-collarblue-collarblue-collarblue-collarblue-collarblue-collarblue-collarblue-collarblue-collarblue-collarblue-collarblue-collarblue-collarblue-collarblue-collarblue-collarblue-collarblue-collarblue-collarblue-collarblue-collarblue-collarblue-collarblue-collarblue-collarblue-collarblue-collarblue-collarblue-collarblue-collarblue-collarblue-collarblue-collarblue-collarblue-collarblue-collarblue-collarblue-collarblue-collarblue-collarblue-collarblue-collarblue-collarblue-collarblue-collarblue-collarblue-collarblue-collarblue-collarblue-collarblue-collarblue-collarblue-collarblue-collarblue-collarblue-collarblue-collarblue-collarblue-collarblue-collarblue-collarblue-collarblue-collarblue-collarblue-collarblue-collarblue-collarblue-collarblue-collarblue-collarblue-collarblue-collarblue-collarblue-collarblue-collarblue-collarblue-collarblue-collarblue-collarblue-collarblue-collarblue-collarblue-collarblue-collarblue-collarblue-collarblue-collarblue-collarblue-collarblue-collarblue-collarblue-collarblue-collarblue-collarblue-collarblue-collarblue-collarblue-collarblue-collarblue-collarblue-collarblue-collarblue-collarblue-collarblue-collarblue-collarblue-collarblue-collarblue-collarblue-collarblue-collarblue-collarblue-collarblue-collarblue-collarblue-collarblue-collarblue-collarblue-collarblue-collarblue-collarblue-collarblue-collarblue-collarblue-collarblue-collarblue-collarblue-collarblue-collarblue-collarblue-collarblue-collarblue-collarblue-collarblue-collarblue-collarblue-collarblue-collarblue-collarblue-collarblue-collarblue-collarblue-collarblue-collarblue-collarblue-collarblue-collarblue-collarblue-collarblue-collarblue-collarblue-collarblue-collarblue-collarblue-collarblue-collarblue-collarblue-collarblue-collarblue-collarblue-collarblue-collarblue-collarblue-collarblue-collarblue-collarblue-collarblue-collarblue-collarblue-collarblue-collarblue-collarblue-collarblue-collarblue-collarblue-collarblue-collarblue-collarblue-collarblue-collarblue-collarblue-collarblue-collarblue-collarblue-collarblue-collarblue-collarblue-collarblue-collarblue-collarblue-collarblue-collarblue-collarblue-collarblue-collarblue-collarblue-collarblue-collarblue-collarblue-collarblue-collarblue-collarblue-collarblue-collarblue-collarblue-collarblue-collarblue-collarblue-collarblue-collarblue-collarblue-collarblue-collarblue-collarblue-collarblue-collarblue-collarblue-collarblue-collarblue-collarblue-collarblue-collarblue-collarblue-collarblue-collarblue-collarblue-collarblue-collarblue-collarblue-collarblue-collarblue-collarblue-collarblue-collarblue-collarblue-collarblue-collarblue-collarblue-collarblue-collarblue-collarblue-collarblue-collarblue-collarblue-collarblue-collarblue-collarblue-collarblue-collarblue-collarblue-collarblue-collarblue-collarblue-collarblue-collarblue-collarblue-collarblue-collarblue-collarblue-collarblue-collarblue-collarblue-collarblue-collarblue-collarblue-collarblue-collarblue-collarblue-collarblue-collarblue-collarblue-collarblue-collarblue-collarblue-collarblue-collarblue-collarblue-collarblue-collarblue-collarblue-collarblue-collarblue-collarblue-collarblue-collarblue-collarblue-collarblue-collarblue-collarblue-collarblue-collarblue-collarblue-collarblue-collarblue-collarblue-collarblue-collarblue-collarblue-collarblue-collarblue-collarblue-collarblue-collarblue-collarblue-collarblue-collarblue-collarblue-collarblue-collarblue-collarblue-collarblue-collarblue-collarblue-collarblue-collarblue-collarblue-collarblue-collarblue-collarblue-collarblue-collarblue-collarblue-collarblue-collarblue-collarblue-collarblue-collarblue-collarblue-collarblue-collarblue-collarblue-collarblue-collarblue-collarblue-collarblue-collarblue-collarblue-collarblue-collarblue-collarblue-collarblue-collarblue-collarblue-collarblue-collarblue-collarblue-collarblue-collarblue-collarblue-collarblue-collarblue-collarblue-collarblue-collarblue-collarblue-collarblue-collarblue-collarblue-collarblue-collarblue-collarblue-collarblue-collarblue-collarblue-collarblue-collarblue-collarblue-collarblue-collarblue-collarblue-collarblue-collarblue-collarblue-collarblue-collarblue-collarblue-collarblue-collarblue-collarblue-collarblue-collarblue-collarblue-collarblue-collarblue-collarblue-collarblue-collarblue-collarblue-collarblue-collarblue-collarblue-collarblue-collarblue-collarblue-collarblue-collarblue-collarblue-collarblue-collarblue-collarblue-collarblue-collarblue-collarblue-collarblue-collarblue-collarblue-collarblue-collarblue-collarblue-collarblue-collarblue-collarblue-collarblue-collarblue-collarblue-collarblue-collarblue-collarblue-collarblue-collarblue-collarblue-collarblue-collarblue-collarblue-collarblue-collarblue-collarblue-collarblue-collarblue-collarblue-collarblue-collarblue-collarblue-collarblue-collarblue-collarblue-collarblue-collarblue-collarblue-collarblue-collarblue-collarblue-collarblue-collarblue-collarblue-collarblue-collarblue-collarblue-collarblue-collarblue-collarblue-collarblue-collarblue-collarblue-collarblue-collarblue-collarblue-collarblue-collarblue-collarblue-collarblue-collarblue-collarblue-collarblue-collarblue-collarblue-collarblue-collarblue-collarblue-collarblue-collarblue-collarblue-collarblue-collarblue-collarblue-collarblue-collarblue-collarblue-collarblue-collarblue-collarblue-collarblue-collarblue-collarblue-collarblue-collarblue-collarblue-collarblue-collarblue-collarblue-collarblue-collarblue-collarblue-collarblue-collarblue-collarblue-collarblue-collarblue-collarblue-collarblue-collarblue-collarblue-collarblue-collarblue-collarblue-collarblue-collarblue-collarblue-collarblue-collarblue-collarblue-collarblue-collarblue-collarblue-collarblue-collarblue-collarblue-collarblue-collarblue-collarblue-collarblue-collarblue-collarblue-collarblue-collarblue-collarblue-collarblue-collarblue-collarblue-collarblue-collarblue-collarblue-collarblue-collarblue-collarblue-collarblue-collarblue-collarblue-collarblue-collarblue-collarblue-collarblue-collarblue-collarblue-collarblue-collarblue-collarblue-collarblue-collarblue-collarblue-collarblue-collarblue-collarblue-collarblue-collarblue-collarblue-collarblue-collarblue-collarblue-collarblue-collarblue-collarblue-collarblue-collarblue-collarblue-collarblue-collarblue-collarblue-collarblue-collarblue-collarblue-collarblue-collarblue-collarblue-collarblue-collarblue-collarblue-collarblue-collarblue-collarblue-collarblue-collarblue-collarblue-collarblue-collarblue-collarblue-collarblue-collarblue-collarblue-collarblue-collarblue-collarblue-collarblue-collarblue-collarblue-collarblue-collarblue-collarblue-collarblue-collarblue-collarblue-collarblue-collarblue-collarblue-collarblue-collarblue-collarblue-collarblue-collarblue-collarblue-collarblue-collarblue-collarblue-collarblue-collarblue-collarblue-collarblue-collarblue-collarblue-collarblue-collarblue-collarblue-collarblue-collarblue-collarblue-collarblue-collarblue-collarblue-collarblue-collarblue-collarblue-collarblue-collarblue-collarblue-collarblue-collarblue-collarblue-collarblue-collarblue-collarblue-collarblue-collarblue-collarblue-collarblue-collarblue-collarblue-collarblue-collarblue-collarblue-collarblue-collarblue-collarblue-collarblue-collarblue-collarblue-collarblue-collarblue-collarblue-collarblue-collarblue-collarblue-collarblue-collarblue-collarblue-collarblue-collarblue-collarblue-collarblue-collarblue-collarblue-collarblue-collarblue-collarblue-collarblue-collarblue-collarblue-collarblue-collarblue-collarblue-collarblue-collarblue-collarblue-collarblue-collarblue-collarblue-collarblue-collarblue-collarblue-collarblue-collarblue-collarblue-collarblue-collarblue-collarblue-collarblue-collarblue-collarblue-collarblue-collarblue-collarblue-collarblue-collarblue-collarblue-collarblue-collarblue-collarblue-collarblue-collarblue-collarblue-collarblue-collarblue-collarblue-collarblue-collarblue-collarblue-collarblue-collarblue-collarblue-collarblue-collarblue-collarblue-collarblue-collarblue-collarblue-collarblue-collarblue-collarblue-collarblue-collarblue-collarblue-collarblue-collarblue-collarblue-collarblue-collarblue-collarblue-collarblue-collarblue-collarblue-collarblue-collarblue-collarblue-collarblue-collarblue-collarblue-collarblue-collarblue-collarblue-collarblue-collarblue-collarblue-collarblue-collarblue-collarblue-collarblue-collarblue-collarblue-collarblue-collarblue-collarblue-collarblue-collarblue-collarblue-collarblue-collarblue-collarblue-collarblue-collarblue-collarblue-collarblue-collarblue-collarblue-collarblue-collarblue-collarblue-collarblue-collarblue-collarblue-collarblue-collarblue-collarblue-collarblue-collarblue-collarblue-collarblue-collarblue-collarblue-collarblue-collarblue-collarblue-collarblue-collarblue-collarblue-collarblue-collarblue-collarblue-collarblue-collarblue-collarblue-collarblue-collarblue-collarblue-collarblue-collarblue-collarblue-collarblue-collarblue-collarblue-collarblue-collarblue-collarblue-collarblue-collarblue-collarblue-collarblue-collarblue-collarblue-collarblue-collarblue-collarblue-collarblue-collarblue-collarblue-collarblue-collarblue-collarblue-collarblue-collarblue-collarblue-collarblue-collarblue-collarblue-collarblue-collarblue-collarblue-collarblue-collarblue-collarblue-collarblue-collarblue-collarblue-collarblue-collarblue-collarblue-collarblue-collarblue-collarblue-collarblue-collarblue-collarblue-collarblue-collarblue-collarblue-collarblue-collarblue-collarblue-collarblue-collarblue-collarblue-collarblue-collarblue-collarblue-collarblue-collarblue-collarblue-collarblue-collarblue-collarblue-collarblue-collarblue-collarblue-collarblue-collarblue-collarblue-collarblue-collarblue-collarblue-collarblue-collarblue-collarblue-collarblue-collarblue-collarblue-collarblue-collarblue-collarblue-collarblue-collarblue-collarblue-collarblue-collarblue-collarblue-collarblue-collarblue-collarblue-collarblue-collarblue-collarblue-collarblue-collarblue-collarblue-collarblue-collarblue-collarblue-collarblue-collarblue-collarblue-collarblue-collarblue-collarblue-collarblue-collarblue-collarblue-collarblue-collarblue-collarblue-collarblue-collarblue-collarblue-collarblue-collarblue-collarblue-collarblue-collarblue-collarblue-collarblue-collarblue-collarblue-collarblue-collarblue-collarblue-collarblue-collarblue-collarblue-collarblue-collarblue-collarblue-collarblue-collarblue-collarblue-collarblue-collarblue-collarblue-collarblue-collarblue-collarblue-collarblue-collarblue-collarblue-collarblue-collarblue-collarblue-collarblue-collarblue-collarblue-collarblue-collarblue-collarblue-collarblue-collarblue-collarblue-collarblue-collarblue-collarblue-collarblue-collarblue-collarblue-collarblue-collarblue-collarblue-collarblue-collarblue-collarblue-collarblue-collarblue-collarblue-collarblue-collarblue-collarblue-collarblue-collarblue-collarblue-collarblue-collarblue-collarblue-collarblue-collarblue-collarblue-collarblue-collarblue-collarblue-collarblue-collarblue-collarblue-collarblue-collarblue-collarblue-collarblue-collarblue-collarblue-collarblue-collarblue-collarblue-collarblue-collarblue-collarblue-collarblue-collarblue-collarblue-collarblue-collarblue-collarblue-collarblue-collarblue-collarblue-collarblue-collarblue-collarblue-collarblue-collarblue-collarblue-collarblue-collarblue-collarblue-collarblue-collarblue-collarblue-collarblue-collarblue-collarblue-collarblue-collarblue-collarblue-collarblue-collarblue-collarblue-collarblue-collarblue-collarblue-collarblue-collarblue-collarblue-collarblue-collarblue-collarblue-collarblue-collarblue-collarblue-collarblue-collarblue-collarblue-collarblue-collarblue-collarblue-collarblue-collarblue-collarblue-collarblue-collarblue-collarblue-collarblue-collarblue-collarblue-collarblue-collarblue-collarblue-collarblue-collarblue-collarblue-collarblue-collarblue-collarblue-collarblue-collarblue-collarblue-collarblue-collarblue-collarblue-collarblue-collarblue-collarblue-collarblue-collarblue-collarblue-collarblue-collarblue-collarblue-collarblue-collarblue-collarblue-collarblue-collarblue-collarblue-collarblue-collarblue-collarblue-collarblue-collarblue-collarblue-collarblue-collarblue-collarblue-collarblue-collarblue-collarblue-collarblue-collarblue-collarblue-collarblue-collarblue-collarblue-collarblue-collarblue-collarblue-collarblue-collarblue-collarblue-collarblue-collarblue-collarblue-collarblue-collarblue-collarblue-collarblue-collarblue-collarblue-collarblue-collarblue-collarblue-collarblue-collarblue-collarblue-collarblue-collarblue-collarblue-collarblue-collarblue-collarblue-collarblue-collarblue-collarblue-collarblue-collarblue-collarblue-collarblue-collarblue-collarblue-collarblue-collarblue-collarblue-collarblue-collarblue-collarblue-collarblue-collarblue-collarblue-collarblue-collarblue-collarblue-collarblue-collarblue-collarblue-collarblue-collarblue-collarblue-collarblue-collarblue-collarblue-collarblue-collarblue-collarblue-collarblue-collarblue-collarblue-collarblue-collarblue-collarblue-collarblue-collarblue-collarblue-collarblue-collarblue-collarblue-collarblue-collarblue-collarblue-collarblue-collarblue-collarblue-collarblue-collarblue-collarblue-collarblue-collarblue-collarblue-collarblue-collarblue-collarblue-collarblue-collarblue-collarblue-collarblue-collarblue-collarblue-collarblue-collarblue-collarblue-collarblue-collarblue-collarblue-collarblue-collarblue-collarblue-collarblue-collarblue-collarblue-collarblue-collarblue-collarblue-collarblue-collarblue-collarblue-collarblue-collarblue-collarblue-collarblue-collarblue-collarblue-collarblue-collarblue-collarblue-collarblue-collarblue-collarblue-collarblue-collarblue-collarblue-collarblue-collarblue-collarblue-collarblue-collarblue-collarblue-collarblue-collarblue-collarblue-collarblue-collarblue-collarblue-collarblue-collarblue-collarblue-collarblue-collarblue-collarblue-collarblue-collarblue-collarblue-collarblue-collarblue-collarblue-collarblue-collarblue-collarblue-collarblue-collarblue-collarblue-collarblue-collarblue-collarblue-collarblue-collarblue-collarblue-collarblue-collarblue-collarblue-collarblue-collarblue-collarblue-collarblue-collarblue-collarblue-collarblue-collarblue-collarblue-collarblue-collarblue-collarblue-collarblue-collarblue-collarblue-collarblue-collarblue-collarblue-collarblue-collarblue-collarblue-collarblue-collarblue-collarblue-collarblue-collarblue-collarblue-collarblue-collarblue-collarblue-collarblue-collarblue-collarblue-collarblue-collarblue-collarblue-collarblue-collarblue-collarblue-collarblue-collarblue-collarblue-collarblue-collarblue-collarblue-collarblue-collarblue-collarblue-collarblue-collarblue-collarblue-collarblue-collarblue-collarblue-collarblue-collarblue-collarblue-collarblue-collarblue-collarblue-collarblue-collarblue-collarblue-collarblue-collarblue-collarblue-collarblue-collarblue-collarblue-collarblue-collarblue-collarblue-collarblue-collarblue-collarblue-collarblue-collarblue-collarblue-collarblue-collarblue-collarblue-collarblue-collarblue-collarblue-collarblue-collarblue-collarblue-collarblue-collarblue-collarblue-collarblue-collarblue-collarblue-collarblue-collarblue-collarblue-collarblue-collarblue-collarblue-collarblue-collarblue-collarblue-collarblue-collarblue-collarblue-collarblue-collarblue-collarblue-collarblue-collarblue-collarblue-collarblue-collarblue-collarblue-collarblue-collarblue-collarblue-collarblue-collarblue-collarblue-collarblue-collarblue-collarblue-collarblue-collarblue-collarblue-collarblue-collarblue-collarblue-collarblue-collarblue-collarblue-collarblue-collarblue-collarblue-collarblue-collarblue-collarblue-collarblue-collarblue-collarblue-collarblue-collarblue-collarblue-collarblue-collarblue-collarblue-collarblue-collarblue-collarblue-collarblue-collarblue-collarblue-collarblue-collarblue-collarblue-collarblue-collarblue-collarblue-collarblue-collarblue-collarblue-collarblue-collarblue-collarblue-collarblue-collarblue-collarblue-collarblue-collarblue-collarblue-collarblue-collarblue-collarblue-collarblue-collarblue-collarblue-collarblue-collarblue-collarblue-collarblue-collarblue-collarblue-collarblue-collarblue-collarblue-collarblue-collarblue-collarblue-collarblue-collarblue-collarblue-collarblue-collarblue-collarblue-collarblue-collarblue-collarblue-collarblue-collarblue-collarblue-collarblue-collarblue-collarblue-collarblue-collarblue-collarblue-collarblue-collarblue-collarblue-collarblue-collarblue-collarblue-collarblue-collarblue-collarblue-collarblue-collarblue-collarblue-collarblue-collarblue-collarblue-collarblue-collarblue-collarblue-collarblue-collarblue-collarblue-collarblue-collarblue-collarblue-collarblue-collarblue-collarblue-collarblue-collarblue-collarblue-collarblue-collarblue-collarblue-collarblue-collarblue-collarblue-collarblue-collarblue-collarblue-collarblue-collarblue-collarblue-collarblue-collarblue-collarblue-collarblue-collarblue-collarblue-collarblue-collarblue-collarblue-collarblue-collarblue-collarblue-collarblue-collarblue-collarblue-collarblue-collarblue-collarblue-collarblue-collarblue-collarblue-collarblue-collarblue-collarblue-collarblue-collarblue-collarblue-collarblue-collarblue-collarblue-collarblue-collarblue-collarblue-collarblue-collarblue-collarblue-collarblue-collarblue-collarblue-collarblue-collarblue-collarblue-collarblue-collarblue-collarblue-collarblue-collarblue-collarblue-collarblue-collarblue-collarblue-collarblue-collarblue-collarblue-collarblue-collarblue-collarblue-collarblue-collarblue-collarblue-collarblue-collarblue-collarblue-collarblue-collarblue-collarblue-collarblue-collarblue-collarblue-collarblue-collarblue-collarblue-collarblue-collarblue-collarblue-collarblue-collarblue-collarblue-collarblue-collarblue-collarblue-collarblue-collarblue-collarblue-collarblue-collarblue-collarblue-collarblue-collarblue-collarblue-collarblue-collarblue-collarblue-collarblue-collarblue-collarblue-collarblue-collarblue-collarblue-collarblue-collarblue-collarblue-collarblue-collarblue-collarblue-collarblue-collarblue-collarblue-collarblue-collarblue-collarblue-collarblue-collarblue-collarblue-collarblue-collarblue-collarblue-collarblue-collarblue-collarblue-collarblue-collarblue-collarblue-collarblue-collarblue-collarblue-collarblue-collarblue-collarblue-collarblue-collarblue-collarblue-collarblue-collarblue-collarblue-collarblue-collarblue-collarblue-collarblue-collarblue-collarblue-collarblue-collarblue-collarblue-collarblue-collarblue-collarblue-collarblue-collarblue-collarblue-collarblue-collarblue-collarblue-collarblue-collarblue-collarblue-collarblue-collarblue-collarblue-collarblue-collarblue-collarblue-collarblue-collarblue-collarblue-collarblue-collarblue-collarblue-collarblue-collarblue-collarblue-collarblue-collarblue-collarblue-collarblue-collarblue-collarblue-collarblue-collarblue-collarblue-collarblue-collarblue-collarblue-collarblue-collarblue-collarblue-collarblue-collarblue-collarblue-collarblue-collarblue-collarblue-collarblue-collarblue-collarblue-collarblue-collarblue-collarblue-collarblue-collarblue-collarblue-collarblue-collarblue-collarblue-collarblue-collarblue-collarblue-collarblue-collarblue-collarblue-collarblue-collarblue-collarblue-collarblue-collarblue-collarblue-collarblue-collarblue-collarblue-collarblue-collarblue-collarblue-collarblue-collarblue-collarblue-collarblue-collarblue-collarblue-collarblue-collarblue-collarblue-collarblue-collarblue-collarblue-collarblue-collarblue-collarblue-collarblue-collarblue-collarblue-collarblue-collarblue-collarblue-collarblue-collarblue-collarblue-collarblue-collarblue-collarblue-collarblue-collarblue-collarblue-collarblue-collarblue-collarblue-collarblue-collarblue-collarblue-collarblue-collarblue-collarblue-collarblue-collarblue-collarblue-collarblue-collarblue-collarblue-collarblue-collarblue-collarblue-collarblue-collarblue-collarblue-collarblue-collarblue-collarblue-collarblue-collarblue-collarblue-collarblue-collarblue-collarblue-collarblue-collarblue-collarblue-collarblue-collarblue-collarblue-collarblue-collarblue-collarblue-collarblue-collarblue-collarblue-collarblue-collarblue-collarblue-collarblue-collarblue-collarblue-collarblue-collarblue-collarblue-collarblue-collarblue-collarblue-collarblue-collarblue-collarblue-collarblue-collarblue-collarblue-collarblue-collarblue-collarblue-collarblue-collarblue-collarblue-collarblue-collarblue-collarblue-collarblue-collarblue-collarblue-collarblue-collarblue-collarblue-collarblue-collarblue-collarblue-collarblue-collarblue-collarblue-collarblue-collarblue-collarblue-collarblue-collarblue-collarblue-collarblue-collarblue-collarblue-collarblue-collarblue-collarblue-collarblue-collarblue-collarblue-collarblue-collarblue-collarblue-collarblue-collarblue-collarblue-collarblue-collarblue-collarblue-collarblue-collarblue-collarblue-collarblue-collarblue-collarblue-collarblue-collarblue-collarblue-collarblue-collarblue-collarblue-collarblue-collarblue-collarblue-collarblue-collarblue-collarblue-collarblue-collarblue-collarblue-collarblue-collarblue-collarblue-collarblue-collarblue-collarblue-collarblue-collarblue-collarblue-collarblue-collarblue-collarblue-collarblue-collarblue-collarblue-collarblue-collarblue-collarblue-collarblue-collarblue-collarblue-collarblue-collarblue-collarblue-collarblue-collarblue-collarblue-collarblue-collarblue-collarblue-collarblue-collarblue-collarblue-collarblue-collarblue-collarblue-collarblue-collarblue-collarblue-collarblue-collarblue-collarblue-collarblue-collarblue-collarblue-collarblue-collarblue-collarblue-collarblue-collarblue-collarblue-collarblue-collarblue-collarblue-collarblue-collarblue-collarblue-collarblue-collarblue-collarblue-collarblue-collarblue-collarblue-collarblue-collarblue-collarblue-collarblue-collarblue-collarblue-collarblue-collarblue-collarblue-collarblue-collarblue-collarblue-collarblue-collarblue-collarblue-collarblue-collarblue-collarblue-collarblue-collarblue-collarblue-collarblue-collarblue-collarblue-collarblue-collarblue-collarblue-collarblue-collarblue-collarblue-collarblue-collarblue-collarblue-collarblue-collarblue-collarblue-collarblue-collarblue-collarblue-collarblue-collarblue-collarblue-collarblue-collarblue-collarblue-collarblue-collarblue-collarblue-collarblue-collarblue-collarblue-collarblue-collarblue-collarblue-collarblue-collarblue-collarblue-collarblue-collarblue-collarblue-collarblue-collarblue-collarblue-collarblue-collarblue-collarblue-collarblue-collarblue-collarblue-collarblue-collarblue-collarblue-collarblue-collarblue-collarblue-collarblue-collarblue-collarblue-collarblue-collarblue-collarblue-collarblue-collarblue-collarblue-collarblue-collarblue-collarblue-collarblue-collarblue-collarblue-collarblue-collarblue-collarblue-collarblue-collarblue-collarblue-collarblue-collarblue-collarblue-collarblue-collarblue-collarblue-collarblue-collarblue-collarblue-collarblue-collarblue-collarblue-collarblue-collarblue-collarblue-collarblue-collarblue-collarblue-collarblue-collarblue-collarblue-collarblue-collarblue-collarblue-collarblue-collarblue-collarblue-collarblue-collarblue-collarblue-collarblue-collarblue-collarblue-collarblue-collarblue-collarblue-collarblue-collarblue-collarblue-collarblue-collarblue-collarblue-collarblue-collarblue-collarblue-collarblue-collarblue-collarblue-collarblue-collarblue-collarblue-collarblue-collarblue-collarblue-collarblue-collarblue-collarblue-collarblue-collarblue-collarblue-collarblue-collarblue-collarblue-collarblue-collarblue-collarblue-collarblue-collarblue-collarblue-collarblue-collarblue-collarblue-collarblue-collarblue-collarblue-collarblue-collarblue-collarblue-collarblue-collarblue-collarblue-collarblue-collarblue-collarblue-collarblue-collarblue-collarblue-collarblue-collarblue-collarblue-collarblue-collarblue-collarblue-collarblue-collarblue-collarblue-collarblue-collarblue-collarblue-collarblue-collarblue-collarblue-collarblue-collarblue-collarblue-collarblue-collarblue-collarblue-collarblue-collarblue-collarblue-collarblue-collarblue-collarblue-collarblue-collarblue-collarblue-collarblue-collarblue-collarblue-collarblue-collarblue-collarblue-collarblue-collarblue-collarblue-collarblue-collarblue-collarblue-collarblue-collarblue-collarblue-collarblue-collarblue-collarblue-collarblue-collarblue-collarblue-collarblue-collarblue-collarblue-collarblue-collarblue-collarblue-collarblue-collarblue-collarblue-collarblue-collarblue-collarblue-collarblue-collarblue-collarblue-collarblue-collarblue-collarblue-collarblue-collarblue-collarblue-collarblue-collarblue-collarblue-collarblue-collarblue-collarblue-collarblue-collarblue-collarblue-collarblue-collarblue-collarblue-collarblue-collarblue-collarblue-collarblue-collarblue-collarblue-collarblue-collarblue-collarblue-collarblue-collarblue-collarblue-collarblue-collarblue-collarblue-collarblue-collarblue-collarblue-collarblue-collarblue-collarblue-collarblue-collarblue-collarblue-collarblue-collarblue-collarblue-collarblue-collarblue-collarblue-collarblue-collarblue-collarblue-collarblue-collarblue-collarblue-collarblue-collarblue-collarblue-collarblue-collarblue-collarblue-collarblue-collarblue-collarblue-collarblue-collarblue-collarblue-collarblue-collarblue-collarblue-collarblue-collarblue-collarblue-collarblue-collarblue-collarblue-collarblue-collarblue-collarblue-collarblue-collarblue-collarblue-collarblue-collarblue-collarblue-collarblue-collarblue-collarblue-collarblue-collarblue-collarblue-collarblue-collarblue-collarblue-collarblue-collarblue-collarblue-collarblue-collarblue-collarblue-collarblue-collarblue-collarblue-collarblue-collarblue-collarblue-collarblue-collarblue-collarblue-collarblue-collarblue-collarblue-collarblue-collarblue-collarblue-collarblue-collarblue-collarblue-collarblue-collarblue-collarblue-collarblue-collarblue-collarblue-collarblue-collarblue-collarblue-collarblue-collarblue-collarblue-collarblue-collarblue-collarblue-collarblue-collarblue-collarblue-collarblue-collarblue-collarblue-collarblue-collarblue-collarblue-collarblue-collarblue-collarblue-collarblue-collarblue-collarblue-collarblue-collarblue-collarblue-collarblue-collarblue-collarblue-collarblue-collarblue-collarblue-collarblue-collarblue-collarblue-collarblue-collarblue-collarblue-collarblue-collarblue-collarblue-collarblue-collarblue-collarblue-collarblue-collarblue-collarblue-collarblue-collarblue-collarblue-collarblue-collarblue-collarblue-collarblue-collarblue-collarblue-collarblue-collarblue-collarblue-collarblue-collarblue-collarblue-collarblue-collarblue-collarblue-collarblue-collarblue-collarblue-collarblue-collarblue-collarblue-collarblue-collarblue-collarblue-collarblue-collarblue-collarblue-collarblue-collarblue-collarblue-collarblue-collarblue-collarblue-collarblue-collarblue-collarblue-collarblue-collarblue-collarblue-collarblue-collarblue-collarblue-collarblue-collarblue-collarblue-collarblue-collarblue-collarblue-collarblue-collarblue-collarblue-collarblue-collarblue-collarblue-collarblue-collarblue-collarblue-collarblue-collarblue-collarblue-collarblue-collarblue-collarblue-collarblue-collarblue-collarblue-collarblue-collarblue-collarblue-collarblue-collarblue-collarblue-collarblue-collarblue-collarblue-collarblue-collarblue-collarblue-collarblue-collarblue-collarblue-collarblue-collarblue-collarblue-collarblue-collarblue-collarblue-collarblue-collarblue-collarblue-collarblue-collarblue-collarblue-collarblue-collarblue-collarblue-collarblue-collarblue-collarblue-collarblue-collarblue-collarblue-collarblue-collarblue-collarblue-collarblue-collarblue-collarblue-collarblue-collarblue-collarblue-collarblue-collarblue-collarblue-collarblue-collarblue-collarblue-collarblue-collarblue-collarblue-collarblue-collarblue-collarblue-collarblue-collarblue-collarblue-collarblue-collarblue-collarblue-collarblue-collarblue-collarblue-collarblue-collarblue-collarblue-collarblue-collarblue-collarblue-collarblue-collarblue-collarblue-collarblue-collarblue-collarblue-collarblue-collarblue-collarblue-collarblue-collarblue-collarblue-collarblue-collarblue-collarblue-collarblue-collarblue-collarblue-collarblue-collarblue-collarblue-collarblue-collarblue-collarblue-collarblue-collarblue-collarblue-collarblue-collarblue-collarblue-collarblue-collarblue-collarblue-collarblue-collarblue-collarblue-collarblue-collarblue-collarblue-collarblue-collarblue-collarblue-collarblue-collarblue-collarblue-collarblue-collarblue-collarblue-collarblue-collarblue-collarblue-collarblue-collarblue-collarblue-collarblue-collarblue-collarblue-collarblue-collarblue-collarblue-collarblue-collarblue-collarblue-collarblue-collarblue-collarblue-collarblue-collarblue-collarblue-collarblue-collarblue-collarblue-collarblue-collarblue-collarblue-collarblue-collarblue-collarblue-collarblue-collarblue-collarblue-collarblue-collarblue-collarblue-collarblue-collarblue-collarblue-collarblue-collarblue-collarblue-collarblue-collarblue-collarblue-collarblue-collarblue-collarblue-collarblue-collarblue-collarblue-collarblue-collarblue-collarblue-collarblue-collarblue-collarblue-collarblue-collarblue-collarblue-collarblue-collarblue-collarblue-collarblue-collarblue-collarblue-collarblue-collarblue-collarblue-collarblue-collarblue-collarblue-collarblue-collarblue-collarblue-collarblue-collarblue-collarblue-collarblue-collarblue-collarblue-collarblue-collarblue-collarblue-collarblue-collarblue-collarblue-collarblue-collarblue-collarblue-collarblue-collarblue-collarblue-collarblue-collarblue-collarblue-collarblue-collarblue-collarblue-collarblue-collarblue-collarblue-collarblue-collarblue-collarblue-collarblue-collarblue-collarblue-collarblue-collarblue-collarblue-collarblue-collarblue-collarblue-collarblue-collarblue-collarblue-collarblue-collarblue-collarblue-collarblue-collarblue-collarblue-collarblue-collarblue-collarblue-collarblue-collarblue-collarblue-collarblue-collarblue-collarblue-collarblue-collarblue-collarblue-collarblue-collarblue-collarblue-collarblue-collarblue-collarblue-collarblue-collarblue-collarblue-collarblue-collarblue-collarblue-collarblue-collarblue-collarblue-collarblue-collarblue-collarblue-collarblue-collarblue-collarblue-collarblue-collarblue-collarblue-collarblue-collarblue-collarblue-collarblue-collarblue-collarblue-collarblue-collarblue-collarblue-collarblue-collarblue-collarblue-collarblue-collarblue-collarblue-collarblue-collarblue-collarblue-collarblue-collarblue-collarblue-collarblue-collarblue-collarblue-collarblue-collarblue-collarblue-collarblue-collarblue-collarblue-collarblue-collarblue-collarblue-collarblue-collarblue-collarblue-collarblue-collarblue-collarblue-collarblue-collarblue-collarblue-collarblue-collarblue-collarblue-collarblue-collarblue-collarblue-collarblue-collarblue-collarblue-collarblue-collarblue-collarblue-collarblue-collarblue-collarblue-collarblue-collarblue-collarblue-collarblue-collarblue-collarblue-collarblue-collarblue-collarblue-collarblue-collarblue-collarblue-collarblue-collarblue-collarblue-collarblue-collarblue-collarblue-collarblue-collarblue-collarblue-collarblue-collarblue-collarblue-collarblue-collarblue-collarblue-collarblue-collarblue-collarblue-collarblue-collarblue-collarblue-collarblue-collarblue-collarblue-collarblue-collarblue-collarblue-collarblue-collarblue-collarblue-collarblue-collarblue-collarblue-collarblue-collarblue-collarblue-collarblue-collarblue-collarblue-collarblue-collarblue-collarblue-collarblue-collarblue-collarblue-collarblue-collarblue-collarblue-collarblue-collarblue-collarblue-collarblue-collarblue-collarblue-collarblue-collarblue-collarblue-collarblue-collarblue-collarblue-collarblue-collarblue-collarblue-collarblue-collarblue-collarblue-collarblue-collarblue-collarblue-collarblue-collarblue-collarblue-collarblue-collarblue-collarblue-collarblue-collarblue-collarblue-collarblue-collarblue-collarblue-collarblue-collarblue-collarblue-collarblue-collarblue-collarblue-collarblue-collarblue-collarblue-collarblue-collarblue-collarblue-collarblue-collarblue-collarblue-collarblue-collarblue-collarblue-collarblue-collarblue-collarblue-collarblue-collarblue-collarblue-collarblue-collarblue-collarblue-collarblue-collarblue-collarblue-collarblue-collarblue-collarblue-collarblue-collarblue-collarblue-collarblue-collarblue-collarblue-collarblue-collarblue-collarblue-collarblue-collarblue-collarblue-collarblue-collarblue-collarblue-collarblue-collarblue-collarblue-collarblue-collarblue-collarblue-collarblue-collarblue-collarblue-collarblue-collarblue-collarblue-collarblue-collarblue-collarblue-collarblue-collarblue-collarblue-collarblue-collarblue-collarblue-collarblue-collarblue-collarblue-collarblue-collarblue-collarblue-collarblue-collarblue-collarblue-collarblue-collarblue-collarblue-collarblue-collarblue-collarblue-collarblue-collarblue-collarblue-collarblue-collarblue-collarblue-collarblue-collarblue-collarblue-collarblue-collarblue-collarblue-collarblue-collarblue-collarblue-collarblue-collarblue-collarblue-collarblue-collarblue-collarblue-collarblue-collarblue-collarblue-collarblue-collarblue-collarblue-collarblue-collarblue-collarblue-collarblue-collarblue-collarblue-collarblue-collarblue-collarblue-collarblue-collarblue-collarblue-collarblue-collarblue-collarblue-collarblue-collarblue-collarblue-collarblue-collarblue-collarblue-collarblue-collarblue-collarblue-collarblue-collarblue-collarblue-collarblue-collarblue-collarblue-collarblue-collarblue-collarblue-collarblue-collarblue-collarblue-collarblue-collarblue-collarblue-collarblue-collarblue-collarblue-collarblue-collarblue-collarblue-collarblue-collarblue-collarblue-collarblue-collarblue-collarblue-collarblue-collarblue-collarblue-collarblue-collarblue-collarblue-collarblue-collarblue-collarblue-collarblue-collarblue-collarblue-collarblue-collarblue-collarblue-collarblue-collarblue-collarblue-collarblue-collarblue-collarblue-collarblue-collarblue-collarblue-collarblue-collarblue-collarblue-collarblue-collarblue-collarblue-collarblue-collarblue-collarblue-collarblue-collarblue-collarblue-collarblue-collarblue-collarblue-collarblue-collarblue-collarblue-collarblue-collarblue-collarblue-collarblue-collarblue-collarblue-collarblue-collarblue-collarblue-collarblue-collarblue-collarblue-collarblue-collarblue-collarblue-collarblue-collarblue-collarblue-collarblue-collarblue-collarblue-collarblue-collarblue-collarblue-collarblue-collarblue-collarblue-collarblue-collarblue-collarblue-collarblue-collarblue-collarblue-collarblue-collarblue-collarblue-collarblue-collarblue-collarblue-collarblue-collarblue-collarblue-collarblue-collarblue-collarblue-collarblue-collarblue-collarblue-collarblue-collarblue-collarblue-collarblue-collarblue-collarblue-collarblue-collarblue-collarblue-collarblue-collarblue-collarblue-collarblue-collarblue-collarblue-collarblue-collarblue-collarblue-collarblue-collarblue-collarblue-collarblue-collarblue-collarblue-collarblue-collarblue-collarblue-collarblue-collarblue-collarblue-collarblue-collarblue-collarblue-collarblue-collarblue-collarblue-collarblue-collarblue-collarblue-collarblue-collarblue-collarblue-collarblue-collarblue-collarblue-collarblue-collarblue-collarblue-collarblue-collarblue-collarblue-collarblue-collarblue-collarblue-collarblue-collarblue-collarblue-collarblue-collarblue-collarblue-collarblue-collarblue-collarblue-collarblue-collarblue-collarblue-collarblue-collarblue-collarblue-collarblue-collarblue-collarblue-collarblue-collarblue-collarblue-collarblue-collarblue-collarblue-collarblue-collarblue-collarblue-collarblue-collarblue-collarblue-collarblue-collarblue-collarblue-collarblue-collarblue-collarblue-collarblue-collarblue-collarblue-collarblue-collarblue-collarblue-collarblue-collarblue-collarblue-collarblue-collarblue-collarblue-collarblue-collarblue-collarblue-collarblue-collarblue-collarblue-collarblue-collarblue-collarblue-collarblue-collarblue-collarblue-collarblue-collarblue-collarblue-collarblue-collarblue-collarblue-collarblue-collarblue-collarblue-collarblue-collarblue-collarblue-collarblue-collarblue-collarblue-collarblue-collarblue-collarblue-collarblue-collarblue-collarblue-collarblue-collarblue-collarblue-collarblue-collarblue-collarblue-collarblue-collarblue-collarblue-collarblue-collarblue-collarblue-collarblue-collarblue-collarblue-collarblue-collarblue-collarblue-collarblue-collarblue-collarblue-collarblue-collarblue-collarblue-collarblue-collarblue-collarblue-collarblue-collarblue-collarblue-collarblue-collarblue-collarblue-collarblue-collarblue-collarblue-collarblue-collarblue-collarblue-collarblue-collarblue-collarblue-collarblue-collarblue-collarblue-collarblue-collarblue-collarblue-collarblue-collarblue-collarblue-collarblue-collarblue-collarblue-collarblue-collarblue-collarblue-collarblue-collarblue-collarblue-collarblue-collarblue-collarblue-collarblue-collarblue-collarblue-collarblue-collarblue-collarblue-collarblue-collarblue-collarblue-collarblue-collarblue-collarblue-collarblue-collarblue-collarblue-collarblue-collarblue-collarblue-collarblue-collarblue-collarblue-collarblue-collarblue-collarblue-collarblue-collarblue-collarblue-collarblue-collarblue-collarblue-collarblue-collarblue-collarblue-collarblue-collarblue-collarblue-collarblue-collarblue-collarblue-collarblue-collarblue-collarblue-collarblue-collarblue-collarblue-collarblue-collarblue-collarblue-collarblue-collarblue-collarblue-collarblue-collarblue-collarblue-collarblue-collarblue-collarblue-collarblue-collarblue-collarblue-collarblue-collarblue-collarblue-collarblue-collarblue-collarblue-collarblue-collarblue-collarblue-collarblue-collarblue-collarblue-collarblue-collarblue-collarblue-collarblue-collarblue-collarblue-collarblue-collarblue-collarblue-collarblue-collarblue-collarblue-collarblue-collarblue-collarblue-collarblue-collarblue-collarblue-collarblue-collarblue-collarblue-collarblue-collarblue-collarblue-collarblue-collarblue-collarblue-collarblue-collarblue-collarblue-collarblue-collarblue-collarblue-collarblue-collarblue-collarblue-collarblue-collarblue-collarblue-collarblue-collarblue-collarblue-collarblue-collarblue-collarblue-collarblue-collarblue-collarblue-collarblue-collarblue-collarblue-collarblue-collarblue-collarblue-collarblue-collarblue-collarblue-collarblue-collarblue-collarblue-collarblue-collarblue-collarblue-collarblue-collarblue-collarblue-collarblue-collarblue-collarblue-collarblue-collarblue-collarblue-collarblue-collarblue-collarblue-collarblue-collarblue-collarblue-collarblue-collarblue-collarblue-collarblue-collarblue-collarblue-collarblue-collarblue-collarblue-collarblue-collarblue-collarblue-collarblue-collarblue-collarblue-collarblue-collarblue-collarblue-collarblue-collarblue-collarblue-collarblue-collarblue-collarblue-collarblue-collarblue-collarblue-collarblue-collarblue-collarblue-collarblue-collarblue-collarblue-collarblue-collarblue-collarblue-collarblue-collarblue-collarblue-collarblue-collarblue-collarblue-collarblue-collarblue-collarblue-collarblue-collarblue-collarblue-collarblue-collarblue-collarblue-collarblue-collarblue-collarblue-collarblue-collarblue-collarblue-collarblue-collarblue-collarblue-collarblue-collarblue-collarblue-collarblue-collarblue-collarblue-collarblue-collarblue-collarblue-collarblue-collarblue-collarblue-collarblue-collarblue-collarblue-collarblue-collarblue-collarblue-collarblue-collarblue-collarblue-collarblue-collarblue-collarblue-collarblue-collarblue-collarblue-collarblue-collarblue-collarblue-collarblue-collarblue-collarblue-collarblue-collarblue-collarblue-collarblue-collarblue-collarblue-collarblue-collarblue-collarblue-collarblue-collarblue-collarblue-collarblue-collarblue-collarblue-collarblue-collarblue-collarblue-collarblue-collarblue-collarblue-collarblue-collarblue-collarblue-collarblue-collarblue-collarblue-collarblue-collarblue-collarblue-collarblue-collarblue-collarblue-collarblue-collarblue-collarblue-collarblue-collarblue-collarblue-collarblue-collarblue-collarblue-collarblue-collarblue-collarblue-collarblue-collarblue-collarblue-collarblue-collarblue-collarblue-collarblue-collarblue-collarblue-collarblue-collarblue-collarblue-collarblue-collarblue-collarblue-collarblue-collarblue-collarblue-collarblue-collarblue-collarblue-collarblue-collarblue-collarblue-collarblue-collarblue-collarblue-collarblue-collarblue-collarblue-collarblue-collarblue-collarblue-collarblue-collarblue-collarblue-collarblue-collarblue-collarblue-collarblue-collarblue-collarblue-collarblue-collarblue-collarblue-collarblue-collarblue-collarblue-collarblue-collarblue-collarblue-collarblue-collarblue-collarblue-collarblue-collarblue-collarblue-collarblue-collarblue-collarblue-collarblue-collarblue-collarblue-collarblue-collarblue-collarblue-collarblue-collarblue-collarblue-collarblue-collarblue-collarblue-collarblue-collarblue-collarblue-collarblue-collarblue-collarblue-collarblue-collarblue-collarblue-collarblue-collarblue-collarblue-collarblue-collarblue-collarblue-collarblue-collarblue-collarblue-collarblue-collarblue-collarblue-collarblue-collarblue-collarblue-collarblue-collarblue-collarblue-collarblue-collarblue-collarblue-collarblue-collarblue-collarblue-collarblue-collarblue-collarblue-collarblue-collarblue-collarblue-collarblue-collarblue-collarblue-collarblue-collarblue-collarblue-collarblue-collarblue-collarblue-collarblue-collarblue-collarblue-collarblue-collarblue-collarblue-collarblue-collarblue-collarblue-collarblue-collarblue-collarblue-collarblue-collarblue-collarblue-collarblue-collarblue-collarblue-collarblue-collarblue-collarblue-collarblue-collarblue-collarblue-collarblue-collarblue-collarblue-collarblue-collarblue-collarblue-collarblue-collarblue-collarblue-collarblue-collarblue-collarblue-collarblue-collarblue-collarblue-collarblue-collarblue-collarblue-collarblue-collarblue-collarblue-collarblue-collarblue-collarblue-collarblue-collarblue-collarblue-collarblue-collarblue-collarblue-collarblue-collarblue-collarblue-collarblue-collarblue-collarblue-collarblue-collarblue-collarblue-collarblue-collarblue-collarblue-collarblue-collarblue-collarblue-collarblue-collarblue-collarblue-collarblue-collarblue-collarblue-collarblue-collarblue-collarblue-collarblue-collarblue-collarblue-collarblue-collarblue-collarblue-collarblue-collarblue-collarblue-collarblue-collarblue-collarblue-collarblue-collarblue-collarblue-collarblue-collarblue-collarblue-collarblue-collarblue-collarblue-collarblue-collarblue-collarblue-collarblue-collarblue-collarblue-collarblue-collarblue-collarblue-collarblue-collarblue-collarblue-collarblue-collarblue-collarblue-collarblue-collarblue-collarblue-collarblue-collarblue-collarblue-collarblue-collarblue-collarblue-collarblue-collarblue-collarblue-collarblue-collarblue-collarblue-collarblue-collarblue-collarblue-collarblue-collarblue-collarblue-collarblue-collarblue-collarblue-collarblue-collarblue-collarblue-collarblue-collarblue-collarblue-collarblue-collarblue-collarblue-collarblue-collarblue-collarblue-collarblue-collarblue-collarblue-collarblue-collarblue-collarblue-collarblue-collarblue-collarblue-collarblue-collarblue-collarblue-collarblue-collarblue-collarblue-collarblue-collarblue-collarblue-collarblue-collarblue-collarblue-collarblue-collarblue-collarblue-collarblue-collarblue-collarblue-collarblue-collarblue-collarblue-collarblue-collarblue-collarblue-collarblue-collarblue-collarblue-collarblue-collarblue-collarblue-collarblue-collarblue-collarblue-collarblue-collarblue-collarblue-collarblue-collarblue-collarblue-collarblue-collarblue-collarblue-collarblue-collarblue-collarblue-collarblue-collarblue-collarblue-collarblue-collarblue-collarblue-collarblue-collarblue-collarblue-collarblue-collarblue-collarblue-collarblue-collarblue-collarblue-collarblue-collarblue-collarblue-collarblue-collarblue-collarblue-collarblue-collarblue-collarblue-collarblue-collarblue-collarblue-collarblue-collarblue-collarblue-collarblue-collarblue-collarblue-collarblue-collarblue-collarblue-collarblue-collarblue-collarblue-collarblue-collarblue-collarblue-collarblue-collarblue-collarblue-collarblue-collarblue-collarblue-collarblue-collarblue-collarblue-collarblue-collarblue-collarblue-collarblue-collarblue-collarblue-collarblue-collarblue-collarblue-collarblue-collarblue-collarblue-collarblue-collarblue-collarblue-collarblue-collarblue-collarblue-collarblue-collarblue-collarblue-collarblue-collarblue-collarblue-collarblue-collarblue-collarblue-collarblue-collarblue-collarblue-collarblue-collarblue-collarblue-collarblue-collarblue-collarblue-collarblue-collarblue-collarblue-collarblue-collarblue-collarblue-collarblue-collarblue-collarblue-collarblue-collarblue-collarblue-collarblue-collarblue-collarblue-collarblue-collarblue-collarblue-collarblue-collarblue-collarblue-collarblue-collarblue-collarblue-collarblue-collarblue-collarblue-collarblue-collarblue-collarblue-collarblue-collarblue-collarblue-collarblue-collarblue-collarblue-collarblue-collarblue-collarblue-collarblue-collarblue-collarblue-collarblue-collarblue-collarblue-collarblue-collarblue-collarblue-collarblue-collarblue-collarblue-collarblue-collarblue-collarblue-collarblue-collarblue-collarblue-collarblue-collarblue-collarblue-collarblue-collarblue-collarblue-collarblue-collarblue-collarblue-collarblue-collarblue-collarblue-collarblue-collarblue-collarblue-collarblue-collarblue-collarblue-collarblue-collarblue-collarblue-collarblue-collarblue-collarblue-collarblue-collarblue-collarblue-collarblue-collarblue-collarblue-collarblue-collarblue-collarblue-collarblue-collarblue-collarblue-collarblue-collarblue-collarblue-collarblue-collarblue-collarblue-collarblue-collarblue-collarblue-collarblue-collarblue-collarblue-collarblue-collarblue-collarblue-collarblue-collarblue-collarblue-collarblue-collarblue-collarblue-collarblue-collarblue-collarblue-collarblue-collarblue-collarblue-collarblue-collarblue-collarblue-collarblue-collarblue-collarblue-collarblue-collarblue-collarblue-collarblue-collarblue-collarblue-collarblue-collarblue-collarblue-collarblue-collarblue-collarblue-collarblue-collarblue-collarblue-collarblue-collarblue-collarblue-collarblue-collarblue-collarblue-collarblue-collarblue-collarblue-collarblue-collarblue-collarblue-collarblue-collarblue-collarblue-collarblue-collarblue-collarblue-collarblue-collarblue-collarblue-collarblue-collarblue-collarblue-collarblue-collarblue-collarblue-collarblue-collarblue-collarblue-collarblue-collarblue-collarblue-collarblue-collarblue-collarblue-collarblue-collarblue-collarblue-collarblue-collarblue-collarblue-collarblue-collarblue-collarblue-collarblue-collarblue-collarblue-collarblue-collarblue-collarblue-collarblue-collarblue-collarblue-collarblue-collarblue-collarblue-collarblue-collarblue-collarblue-collarblue-collarblue-collarblue-collarblue-collarblue-collarblue-collarblue-collarblue-collarblue-collarblue-collarblue-collarblue-collarblue-collarblue-collarblue-collarblue-collarblue-collarblue-collarblue-collarblue-collarblue-collarblue-collarblue-collarblue-collarblue-collarblue-collarblue-collarblue-collarblue-collarblue-collarblue-collarblue-collarblue-collarblue-collarblue-collarblue-collarblue-collarblue-collarblue-collarblue-collarblue-collarblue-collarblue-collarblue-collarblue-collarblue-collarblue-collarblue-collarblue-collarblue-collarblue-collarblue-collarblue-collarblue-collarblue-collarblue-collarblue-collarblue-collarblue-collarblue-collarblue-collarblue-collarblue-collarblue-collarblue-collarblue-collarblue-collarblue-collarblue-collarblue-collarblue-collarblue-collarblue-collarblue-collarblue-collarblue-collarblue-collarblue-collarblue-collarblue-collarblue-collarblue-collarblue-collarblue-collarblue-collarblue-collarblue-collarblue-collarblue-collarblue-collarblue-collarblue-collarblue-collarblue-collarblue-collarblue-collarblue-collarblue-collarblue-collarblue-collarblue-collarblue-collarblue-collarblue-collarblue-collarblue-collarblue-collarblue-collarblue-collarblue-collarblue-collarblue-collarblue-collarblue-collarblue-collarblue-collarblue-collarblue-collarblue-collarblue-collarblue-collarblue-collarblue-collarblue-collarblue-collarblue-collarblue-collarblue-collarblue-collarblue-collarblue-collarblue-collarblue-collarblue-collarblue-collarblue-collarblue-collarblue-collarblue-collarblue-collarblue-collarblue-collarblue-collarblue-collarblue-collarblue-collarblue-collarblue-collarblue-collarblue-collarblue-collarblue-collarblue-collarblue-collarblue-collarblue-collarblue-collarblue-collarblue-collarblue-collarblue-collarblue-collarblue-collarblue-collarblue-collarblue-collarblue-collarblue-collarblue-collarblue-collarblue-collarblue-collarblue-collarblue-collarblue-collarblue-collarblue-collarblue-collarblue-collarblue-collarblue-collarblue-collarblue-collarblue-collarblue-collarblue-collarblue-collarblue-collarblue-collarblue-collarblue-collarblue-collarblue-collarblue-collarblue-collarblue-collarblue-collarblue-collarblue-collarblue-collarblue-collarblue-collarblue-collarblue-collarblue-collarblue-collarblue-collarblue-collarblue-collarblue-collarblue-collarblue-collarblue-collarblue-collarblue-collarblue-collarblue-collarblue-collarblue-collarblue-collarblue-collarblue-collarblue-collarblue-collarblue-collarblue-collarblue-collarblue-collarblue-collarblue-collarblue-collarblue-collarblue-collarblue-collarblue-collarblue-collarblue-collarblue-collarblue-collarblue-collarblue-collarblue-collarblue-collarblue-collarblue-collarblue-collarblue-collarblue-collarblue-collarblue-collarblue-collarblue-collarblue-collarblue-collarblue-collarblue-collarblue-collarblue-collarblue-collarblue-collarblue-collarblue-collarblue-collarblue-collarblue-collarblue-collarblue-collarblue-collarblue-collarblue-collarblue-collarblue-collarblue-collarblue-collarblue-collarblue-collarblue-collarblue-collarblue-collarblue-collarblue-collarblue-collarblue-collarblue-collarblue-collarblue-collarblue-collarblue-collarblue-collarblue-collarblue-collarblue-collarblue-collarblue-collarblue-collarblue-collarblue-collarblue-collarblue-collarblue-collarblue-collarblue-collarblue-collarblue-collarblue-collarblue-collarblue-collarblue-collarblue-collarblue-collarblue-collarblue-collarblue-collarblue-collarblue-collarblue-collarblue-collarblue-collarblue-collarblue-collarblue-collarblue-collarblue-collarblue-collarblue-collarblue-collarblue-collarblue-collarblue-collarblue-collarblue-collarblue-collarblue-collarblue-collarblue-collarblue-collarblue-collarblue-collarblue-collarblue-collarblue-collarblue-collarblue-collarblue-collarblue-collarblue-collarblue-collarblue-collarblue-collarblue-collarblue-collarblue-collarblue-collarblue-collarblue-collarblue-collarblue-collarblue-collarblue-collarblue-collarblue-collarblue-collarblue-collarblue-collarblue-collarblue-collarblue-collarblue-collarblue-collarblue-collarblue-collarblue-collarblue-collarblue-collarblue-collarblue-collarblue-collarblue-collarblue-collarblue-collarblue-collarblue-collarblue-collarblue-collarblue-collarblue-collarblue-collarblue-collarblue-collarblue-collarblue-collarblue-collarblue-collarblue-collarblue-collarblue-collarblue-collarblue-collarblue-collarblue-collarblue-collarblue-collarblue-collarblue-collarblue-collarblue-collarblue-collarblue-collarblue-collarblue-collarblue-collarblue-collarblue-collarblue-collarblue-collarblue-collarblue-collarblue-collarblue-collarblue-collarblue-collarblue-collarblue-collarblue-collarblue-collarblue-collarblue-collarblue-collarblue-collarblue-collarblue-collarblue-collarblue-collarblue-collarblue-collarblue-collarblue-collarblue-collarblue-collarblue-collarblue-collarblue-collarblue-collarblue-collarblue-collarblue-collarblue-collarblue-collarblue-collarblue-collarblue-collarblue-collarblue-collarblue-collarblue-collarblue-collarblue-collarblue-collarblue-collarblue-collarblue-collarblue-collarblue-collarblue-collarblue-collarblue-collarblue-collarblue-collarblue-collarblue-collarblue-collarblue-collarblue-collarblue-collarblue-collarblue-collarblue-collarblue-collarblue-collarblue-collarblue-collarblue-collarblue-collarblue-collarblue-collarblue-collarblue-collarblue-collarblue-collarblue-collarblue-collarblue-collarblue-collarblue-collarblue-collarblue-collarblue-collarblue-collarblue-collarblue-collarblue-collarblue-collarblue-collarblue-collarblue-collarblue-collarblue-collarblue-collarblue-collarblue-collarblue-collarblue-collarblue-collarblue-collarblue-collarblue-collarblue-collarblue-collarblue-collarblue-collarblue-collarblue-collarblue-collarblue-collarblue-collarblue-collarblue-collarblue-collarblue-collarblue-collarblue-collarblue-collarblue-collarblue-collarblue-collarblue-collarblue-collarblue-collarblue-collarblue-collarblue-collarblue-collarblue-collarblue-collarblue-collarblue-collarblue-collarblue-collarblue-collarblue-collarblue-collarblue-collarblue-collarblue-collarblue-collarblue-collarblue-collarblue-collarblue-collarblue-collarblue-collarblue-collarblue-collarblue-collarblue-collarblue-collarblue-collarblue-collarblue-collarblue-collarblue-collarblue-collarblue-collarblue-collarblue-collarblue-collarblue-collarblue-collarblue-collarblue-collarblue-collarblue-collarblue-collarblue-collarblue-collarblue-collarblue-collarblue-collarblue-collarblue-collarblue-collarblue-collarblue-collarblue-collarblue-collarblue-collarblue-collarblue-collarblue-collarblue-collarblue-collarblue-collarblue-collarblue-collarblue-collarblue-collarblue-collarblue-collarblue-collarblue-collarblue-collarblue-collarblue-collarblue-collarblue-collarblue-collarblue-collarblue-collarblue-collarblue-collarblue-collarblue-collarblue-collarblue-collarblue-collarblue-collarblue-collarblue-collarblue-collarblue-collarblue-collarblue-collarblue-collarblue-collarblue-collarblue-collarblue-collarblue-collarblue-collarblue-collarblue-collarblue-collarblue-collarblue-collarblue-collarblue-collarblue-collarblue-collarblue-collarblue-collarblue-collarblue-collarblue-collarblue-collarblue-collarblue-collarblue-collarblue-collarblue-collarblue-collarblue-collarblue-collarblue-collarblue-collarblue-collarblue-collarblue-collarblue-collarblue-collarblue-collarblue-collarblue-collarblue-collarblue-collarblue-collarblue-collarblue-collarblue-collarblue-collarblue-collarblue-collarblue-collarblue-collarblue-collarblue-collarblue-collarblue-collarblue-collarblue-collarblue-collarblue-collarblue-collarblue-collarblue-collarblue-collarblue-collarblue-collarblue-collarblue-collarblue-collarblue-collarblue-collarblue-collarblue-collarblue-collarblue-collarblue-collarblue-collarblue-collarblue-collarblue-collarblue-collarblue-collarblue-collarblue-collarblue-collarblue-collarblue-collarblue-collarblue-collarblue-collarblue-collarblue-collarblue-collarblue-collarblue-collarblue-collarblue-collarblue-collarblue-collarblue-collarblue-collarblue-collarblue-collarblue-collarblue-collarblue-collarblue-collarblue-collarblue-collarblue-collarblue-collarblue-collarblue-collarblue-collarblue-collarblue-collarblue-collarblue-collarblue-collarblue-collarblue-collarblue-collarblue-collarblue-collarblue-collarblue-collarblue-collarblue-collarblue-collarblue-collarblue-collarblue-collarblue-collarblue-collarblue-collarblue-collarblue-collarblue-collarblue-collarblue-collarblue-collarblue-collarblue-collarblue-collarblue-collarblue-collarblue-collarblue-collarblue-collarblue-collarblue-collarblue-collarblue-collarblue-collarblue-collarblue-collarblue-collarblue-collarblue-collarblue-collarblue-collarblue-collarblue-collarblue-collarblue-collarblue-collarblue-collarblue-collarblue-collarblue-collarblue-collarblue-collarblue-collarblue-collarblue-collarblue-collarblue-collarblue-collarblue-collarblue-collarblue-collarblue-collarblue-collarblue-collarblue-collarblue-collarblue-collarblue-collarblue-collarblue-collarblue-collarblue-collarblue-collarblue-collarblue-collarblue-collarblue-collarblue-collarblue-collarblue-collarblue-collarblue-collarblue-collarblue-collarblue-collarblue-collarblue-collarblue-collarblue-collarblue-collarblue-collarblue-collarblue-collarblue-collarblue-collarblue-collarblue-collarblue-collarblue-collarblue-collarblue-collarblue-collarblue-collarblue-collarblue-collarblue-collarblue-collarblue-collarblue-collarblue-collarblue-collarblue-collarblue-collarblue-collarblue-collarblue-collarblue-collarblue-collarblue-collarblue-collarblue-collarblue-collarblue-collarblue-collarblue-collarblue-collarblue-collarblue-collarblue-collarblue-collarblue-collarblue-collarblue-collarblue-collarblue-collarblue-collarblue-collarblue-collarblue-collarblue-collarblue-collarblue-collarblue-collarblue-collarblue-collarblue-collarblue-collarblue-collarblue-collarblue-collarblue-collarblue-collarblue-collarblue-collarblue-collarblue-collarblue-collarblue-collarblue-collarblue-collarblue-collarblue-collarblue-collarblue-collarblue-collarblue-collarblue-collarblue-collarblue-collarblue-collarblue-collarblue-collarblue-collarblue-collarblue-collarblue-collarblue-collarblue-collarblue-collarblue-collarblue-collarblue-collarblue-collarblue-collarblue-collarblue-collarblue-collarblue-collarblue-collarblue-collarblue-collarblue-collarblue-collarblue-collarblue-collarblue-collarblue-collarblue-collarblue-collarblue-collarblue-collarblue-collarblue-collarblue-collarblue-collarblue-collarblue-collarblue-collarblue-collarblue-collarblue-collarblue-collarblue-collarblue-collarblue-collarblue-collarblue-collarblue-collarblue-collarblue-collarblue-collarblue-collarblue-collarblue-collarblue-collarblue-collarblue-collarblue-collarblue-collarblue-collarblue-collarblue-collarblue-collarblue-collarblue-collarblue-collarblue-collarblue-collarblue-collarblue-collarblue-collarblue-collarblue-collarblue-collarblue-collarblue-collarblue-collarblue-collarblue-collarblue-collarblue-collarblue-collarblue-collarblue-collarblue-collarblue-collarblue-collarblue-collarblue-collarblue-collarblue-collarblue-collarblue-collarblue-collarblue-collarblue-collarblue-collarblue-collarblue-collarblue-collarblue-collarblue-collarblue-collarblue-collarblue-collarblue-collarblue-collarblue-collarblue-collarblue-collarblue-collarblue-collarblue-collarblue-collarblue-collarblue-collarblue-collarblue-collarblue-collarblue-collarblue-collarblue-collarblue-collarblue-collarblue-collarblue-collarblue-collarblue-collarblue-collarblue-collarblue-collarblue-collarblue-collarblue-collarblue-collarblue-collarblue-collarblue-collarblue-collarblue-collarblue-collarblue-collarblue-collarblue-collarblue-collarblue-collarblue-collarblue-collarblue-collarblue-collarblue-collarblue-collarblue-collarblue-collarblue-collarblue-collarblue-collarblue-collarblue-collarblue-collarblue-collarblue-collarblue-collarblue-collarblue-collarblue-collarblue-collarblue-collarblue-collarblue-collarblue-collarblue-collarblue-collarblue-collarblue-collarblue-collarblue-collarblue-collarblue-collarblue-collarblue-collarblue-collarblue-collarblue-collarblue-collarblue-collarblue-collarblue-collarblue-collarblue-collarblue-collarblue-collarblue-collarblue-collarblue-collarblue-collarblue-collarblue-collarblue-collarblue-collarblue-collarblue-collarblue-collarblue-collarblue-collarblue-collarblue-collarblue-collarblue-collarblue-collarblue-collarblue-collarblue-collarblue-collarblue-collarblue-collarblue-collarblue-collarblue-collarblue-collarblue-collarblue-collarblue-collarblue-collarblue-collarblue-collarblue-collarblue-collarblue-collarblue-collarblue-collarblue-collarblue-collarblue-collarblue-collarblue-collarblue-collarblue-collarblue-collarblue-collarblue-collarblue-collarblue-collarblue-collarblue-collarblue-collarblue-collarblue-collarblue-collarblue-collarblue-collarblue-collarblue-collarblue-collarblue-collarblue-collarblue-collarblue-collarblue-collarblue-collarblue-collarblue-collarblue-collarblue-collarblue-collarblue-collarblue-collarblue-collarblue-collarblue-collarblue-collarblue-collarblue-collarblue-collarblue-collarblue-collarblue-collarblue-collarblue-collarblue-collarblue-collarblue-collarblue-collarblue-collarblue-collarblue-collarblue-collarblue-collarblue-collarblue-collarblue-collarblue-collarblue-collarblue-collarblue-collarblue-collarblue-collarblue-collarblue-collarblue-collarblue-collarblue-collarblue-collarblue-collarblue-collarblue-collarblue-collarblue-collarblue-collarblue-collarblue-collarblue-collarblue-collarblue-collarblue-collarblue-collarblue-collarblue-collarblue-collarblue-collarblue-collarblue-collarblue-collarblue-collarblue-collarblue-collarblue-collarblue-collarblue-collarblue-collarblue-collarblue-collarblue-collarblue-collarblue-collarblue-collarblue-collarblue-collarblue-collarblue-collarblue-collarblue-collarblue-collarblue-collarblue-collarblue-collarblue-collarblue-collarblue-collarblue-collarblue-collarblue-collarblue-collarblue-collarblue-collarblue-collarblue-collarblue-collarblue-collarblue-collarblue-collarblue-collarblue-collarblue-collarblue-collarblue-collarblue-collarblue-collarblue-collarblue-collarblue-collarblue-collarblue-collarblue-collarblue-collarblue-collarblue-collarblue-collarblue-collarblue-collarblue-collarblue-collarblue-collarblue-collarblue-collarblue-collarblue-collarblue-collarblue-collarblue-collarblue-collarblue-collarblue-collarblue-collarblue-collarblue-collarblue-collarblue-collarblue-collarblue-collarblue-collarblue-collarblue-collarblue-collarblue-collarblue-collarblue-collarblue-collarblue-collarblue-collarblue-collarblue-collarblue-collarblue-collarblue-collarblue-collarblue-collarblue-collarblue-collarblue-collarblue-collarblue-collarblue-collarblue-collarblue-collarblue-collarblue-collarblue-collarblue-collarblue-collarblue-collarblue-collarblue-collarblue-collarblue-collarblue-collarblue-collarblue-collarblue-collarblue-collarblue-collarblue-collarblue-collarblue-collarblue-collarblue-collarblue-collarblue-collarblue-collarblue-collarblue-collarblue-collarblue-collarblue-collarblue-collarblue-collarblue-collarblue-collarblue-collarblue-collarblue-collarblue-collarblue-collarblue-collarblue-collarblue-collarblue-collarblue-collarblue-collarblue-collarblue-collarblue-collarblue-collarblue-collarblue-collarblue-collarblue-collarblue-collarblue-collarblue-collarblue-collarblue-collarblue-collarblue-collarblue-collarblue-collarblue-collarblue-collarblue-collarblue-collarblue-collarblue-collarblue-collarblue-collarblue-collarblue-collarblue-collarblue-collarblue-collarblue-collarblue-collarblue-collarblue-collarblue-collarblue-collarblue-collarblue-collarblue-collarblue-collarblue-collarblue-collarblue-collarblue-collarblue-collarblue-collarblue-collarblue-collarblue-collarblue-collarblue-collarblue-collarblue-collarblue-collarblue-collarblue-collarblue-collarblue-collarblue-collarblue-collarblue-collarblue-collarblue-collarblue-collarblue-collarblue-collarblue-collarblue-collarblue-collarblue-collarblue-collarblue-collarblue-collarblue-collarblue-collarblue-collarblue-collarblue-collarblue-collarblue-collarblue-collarblue-collarblue-collarblue-collarblue-collarblue-collarblue-collarblue-collarblue-collarblue-collarblue-collarblue-collarblue-collarblue-collarblue-collarblue-collarblue-collarblue-collarblue-collarblue-collarblue-collarblue-collarblue-collarblue-collarblue-collarblue-collarblue-collarblue-collarblue-collarblue-collarblue-collarblue-collarblue-collarblue-collarblue-collarblue-collarblue-collarblue-collarblue-collarblue-collarblue-collarblue-collarblue-collarblue-collarblue-collarblue-collarblue-collarblue-collarblue-collarblue-collarblue-collarblue-collarblue-collarblue-collarblue-collarblue-collarblue-collarblue-collarblue-collarblue-collarblue-collarblue-collarblue-collarblue-collarblue-collarblue-collarblue-collarblue-collarblue-collarblue-collarblue-collarblue-collarblue-collarblue-collarblue-collarblue-collarblue-collarblue-collarblue-collarblue-collarblue-collarblue-collarblue-collarblue-collarblue-collarblue-collarblue-collarblue-collarblue-collarblue-collarblue-collarblue-collarblue-collarblue-collarblue-collarblue-collarblue-collarblue-collarblue-collarblue-collarblue-collarblue-collarblue-collarblue-collarblue-collarblue-collarblue-collarblue-collarblue-collarblue-collarblue-collarblue-collarblue-collarblue-collarblue-collarblue-collarblue-collarblue-collarblue-collarblue-collarblue-collarblue-collarblue-collarblue-collarblue-collarblue-collarblue-collarblue-collarblue-collarblue-collarblue-collarblue-collarblue-collarblue-collarblue-collarblue-collarblue-collarblue-collarblue-collarblue-collarblue-collarblue-collarblue-collarblue-collarblue-collarblue-collarblue-collarblue-collarblue-collarblue-collarblue-collarblue-collarblue-collarblue-collarblue-collarblue-collarblue-collarblue-collarblue-collarblue-collarblue-collarblue-collarblue-collarblue-collarblue-collarblue-collarblue-collarblue-collarblue-collarblue-collarblue-collarblue-collarblue-collarblue-collarblue-collarblue-collarblue-collarblue-collarblue-collarblue-collarblue-collarblue-collarblue-collarblue-collarblue-collarblue-collarblue-collarblue-collarblue-collarblue-collarblue-collarblue-collarblue-collarblue-collarblue-collarblue-collarblue-collarblue-collarblue-collarblue-collarblue-collarblue-collarblue-collarblue-collarblue-collarblue-collarblue-collarblue-collarblue-collarblue-collarblue-collarblue-collarblue-collarblue-collarblue-collarblue-collarblue-collarblue-collarblue-collarblue-collarblue-collarblue-collarblue-collarblue-collarblue-collarblue-collarblue-collarblue-collarblue-collarblue-collarblue-collarblue-collarblue-collarblue-collarblue-collarblue-collarblue-collarblue-collarblue-collarblue-collarblue-collarblue-collarblue-collarblue-collarblue-collarblue-collarblue-collarblue-collarblue-collarblue-collarblue-collarblue-collarblue-collarblue-collarblue-collarblue-collarblue-collarblue-collarblue-collarblue-collarblue-collarblue-collarblue-collarblue-collarblue-collarblue-collarblue-collarblue-collarblue-collarblue-collarblue-collarblue-collarblue-collarblue-collarblue-collarblue-collarblue-collarblue-collarblue-collarblue-collarblue-collarblue-collarblue-collarblue-collarblue-collarblue-collarblue-collarblue-collarblue-collarblue-collarblue-collarblue-collarblue-collarblue-collarblue-collarblue-collarblue-collarblue-collarblue-collarblue-collarblue-collarblue-collarblue-collarblue-collarblue-collarblue-collarblue-collarblue-collarblue-collarblue-collarblue-collarblue-collarblue-collarblue-collarblue-collarblue-collarblue-collarblue-collarblue-collarblue-collarblue-collarblue-collarblue-collarblue-collarblue-collarblue-collarblue-collarblue-collarblue-collarblue-collarblue-collarblue-collarblue-collarblue-collarblue-collarblue-collarblue-collarblue-collarblue-collarblue-collarblue-collarblue-collarblue-collarblue-collarblue-collarblue-collarblue-collarblue-collarblue-collarblue-collarblue-collarblue-collarblue-collarblue-collarblue-collarblue-collarblue-collarblue-collarblue-collarblue-collarblue-collarblue-collarblue-collarblue-collarblue-collarblue-collarblue-collarblue-collarblue-collarblue-collarblue-collarblue-collarblue-collarblue-collarblue-collarblue-collarblue-collarblue-collarblue-collarblue-collarblue-collarblue-collarblue-collarblue-collarblue-collarblue-collarblue-collarblue-collarblue-collarblue-collarblue-collarblue-collarblue-collarblue-collarblue-collarblue-collarblue-collarblue-collarblue-collarblue-collarblue-collarblue-collarblue-collarblue-collarblue-collarblue-collarblue-collarblue-collarblue-collarblue-collarblue-collarblue-collarblue-collarblue-collarblue-collarblue-collarblue-collarblue-collarblue-collarblue-collarblue-collarblue-collarblue-collarblue-collarblue-collarblue-collarblue-collarblue-collarblue-collarblue-collarblue-collarblue-collarblue-collarblue-collarblue-collarblue-collarblue-collarblue-collarblue-collarblue-collarblue-collarblue-collarblue-collarblue-collarblue-collarblue-collarblue-collarblue-collarblue-collarblue-collarblue-collarblue-collarblue-collarblue-collarblue-collarblue-collarblue-collarblue-collarblue-collarblue-collarblue-collarblue-collarblue-collarblue-collarblue-collarblue-collarblue-collarblue-collarblue-collarblue-collarblue-collarblue-collarblue-collarblue-collarblue-collarblue-collarblue-collarblue-collarblue-collarblue-collarblue-collarblue-collarblue-collarblue-collarblue-collarblue-collarblue-collarblue-collarblue-collarblue-collarblue-collarblue-collarblue-collarblue-collarblue-collarblue-collarblue-collarblue-collarblue-collarblue-collarblue-collarblue-collarblue-collarblue-collarblue-collarblue-collarblue-collarblue-collarblue-collarblue-collarblue-collarblue-collarblue-collarblue-collarblue-collarblue-collarblue-collarblue-collarblue-collarblue-collarblue-collarblue-collarblue-collarblue-collarblue-collarblue-collarblue-collarblue-collarblue-collarblue-collarblue-collarblue-collarblue-collarblue-collarblue-collarblue-collarblue-collarblue-collarblue-collarblue-collarblue-collarblue-collarblue-collarblue-collarblue-collarblue-collarblue-collarblue-collarblue-collarblue-collarblue-collarblue-collarblue-collarblue-collarblue-collarblue-collarblue-collarblue-collarblue-collarblue-collarblue-collarblue-collarblue-collarblue-collarblue-collarblue-collarblue-collarblue-collarblue-collarblue-collarblue-collarblue-collarblue-collarblue-collarblue-collarblue-collarblue-collarblue-collarblue-collarblue-collarblue-collarblue-collarblue-collarblue-collarblue-collarblue-collarblue-collarblue-collarblue-collarblue-collarblue-collarblue-collarblue-collarblue-collarblue-collarblue-collarblue-collarblue-collarblue-collarblue-collarblue-collarblue-collarblue-collarblue-collarblue-collarblue-collarblue-collarblue-collarblue-collarblue-collarblue-collarblue-collarblue-collarblue-collarblue-collarblue-collarblue-collarblue-collarblue-collarblue-collarblue-collarblue-collarblue-collarblue-collarblue-collarblue-collarblue-collarblue-collarblue-collarblue-collarblue-collarblue-collarblue-collarblue-collarblue-collarblue-collarblue-collarblue-collarblue-collarblue-collarblue-collarblue-collarblue-collarblue-collarblue-collarblue-collarblue-collarblue-collarblue-collarblue-collarblue-collarblue-collarblue-collarblue-collarblue-collarblue-collarblue-collarblue-collarblue-collarblue-collarblue-collarblue-collarblue-collarblue-collarblue-collarblue-collarblue-collarblue-collarblue-collarblue-collarblue-collarblue-collarblue-collarblue-collarblue-collarblue-collarblue-collarblue-collarblue-collarblue-collarblue-collarblue-collarblue-collarblue-collarblue-collarblue-collarblue-collarblue-collarblue-collarblue-collarblue-collarblue-collarblue-collarblue-collarblue-collarblue-collarblue-collarblue-collarblue-collarblue-collarblue-collarblue-collarblue-collarblue-collarblue-collarblue-collarblue-collarblue-collarblue-collarblue-collarblue-collarblue-collarblue-collarblue-collarblue-collarblue-collarblue-collarblue-collarblue-collarblue-collarblue-collarblue-collarblue-collarblue-collarblue-collarblue-collarblue-collarblue-collarblue-collarblue-collarblue-collarblue-collarblue-collarblue-collarblue-collarblue-collarblue-collarblue-collarblue-collarblue-collarblue-collarblue-collarblue-collarblue-collarblue-collarblue-collarblue-collarblue-collarblue-collarblue-collarblue-collarblue-collarblue-collarblue-collarblue-collarblue-collarblue-collarblue-collarblue-collarblue-collarblue-collarblue-collarblue-collarblue-collarblue-collarblue-collarblue-collarblue-collarblue-collarblue-collarblue-collarblue-collarblue-collarblue-collarblue-collarblue-collarblue-collarblue-collarblue-collarblue-collarblue-collarblue-collarblue-collarblue-collarblue-collarblue-collarblue-collarblue-collarblue-collarblue-collarblue-collarblue-collarblue-collarblue-collarblue-collarblue-collarblue-collarblue-collarblue-collarblue-collarblue-collarblue-collarblue-collarblue-collarblue-collarblue-collarblue-collarblue-collarblue-collarblue-collarblue-collarblue-collarblue-collarblue-collarblue-collarblue-collarblue-collarblue-collarblue-collarblue-collarblue-collarblue-collarblue-collarblue-collarblue-collarblue-collarblue-collarblue-collarblue-collarblue-collarblue-collarblue-collarblue-collarblue-collarblue-collarblue-collarblue-collarblue-collarblue-collarblue-collarblue-collarblue-collarblue-collarblue-collarblue-collarblue-collarblue-collarblue-collarblue-collarblue-collarblue-collarblue-collarblue-collarblue-collarblue-collarblue-collarblue-collarblue-collarblue-collarblue-collarblue-collarblue-collarblue-collarblue-collarblue-collarblue-collarblue-collarblue-collarblue-collarblue-collarblue-collarblue-collarblue-collarblue-collarblue-collarblue-collarblue-collarblue-collarblue-collarblue-collarblue-collarblue-collarblue-collarblue-collarblue-collarblue-collarblue-collarblue-collarblue-collarblue-collarblue-collarblue-collarblue-collarblue-collarblue-collarblue-collarblue-collarblue-collarblue-collarblue-collarblue-collarblue-collarblue-collarblue-collarblue-collarblue-collarblue-collarblue-collarblue-collarblue-collarblue-collarblue-collarblue-collarblue-collarblue-collarblue-collarblue-collarblue-collarblue-collarblue-collarblue-collarblue-collarblue-collarblue-collarblue-collarblue-collarblue-collarblue-collarblue-collarblue-collarblue-collarblue-collarblue-collarblue-collarblue-collarblue-collarblue-collarblue-collarblue-collarblue-collarblue-collarblue-collarblue-collarblue-collarblue-collarblue-collarblue-collarblue-collarblue-collarblue-collarblue-collarblue-collarblue-collarblue-collarblue-collarblue-collarblue-collarblue-collarblue-collarblue-collarblue-collarblue-collarblue-collarblue-collarblue-collarblue-collarblue-collarblue-collarblue-collarblue-collarblue-collarblue-collarblue-collarblue-collarblue-collarblue-collarblue-collarblue-collarblue-collarblue-collarblue-collarblue-collarblue-collarblue-collarblue-collarblue-collarblue-collarblue-collarblue-collarblue-collarblue-collarblue-collarblue-collarblue-collarblue-collarblue-collarblue-collarblue-collarblue-collarblue-collarblue-collarblue-collarblue-collarblue-collarblue-collarblue-collarblue-collarblue-collarblue-collarblue-collarblue-collarblue-collarblue-collarblue-collarblue-collarblue-collarblue-collarblue-collarblue-collarblue-collarblue-collarblue-collarblue-collarblue-collarblue-collarblue-collarblue-collarblue-collarblue-collarblue-collarblue-collarblue-collarblue-collarblue-collarblue-collarblue-collarblue-collarblue-collarblue-collarblue-collarblue-collarblue-collarblue-collarblue-collarblue-collarblue-collarblue-collarblue-collarblue-collarblue-collarblue-collarblue-collarblue-collarblue-collarblue-collarblue-collarblue-collarblue-collarblue-collarblue-collarblue-collarblue-collarblue-collarblue-collarblue-collarblue-collarblue-collarblue-collarblue-collarblue-collarblue-collarblue-collarblue-collarblue-collarblue-collarblue-collarblue-collarblue-collarblue-collarblue-collarblue-collarblue-collarblue-collarblue-collarblue-collarblue-collarblue-collarblue-collarblue-collarblue-collarblue-collarblue-collarblue-collarblue-collarblue-collarblue-collarblue-collarblue-collarblue-collarblue-collarblue-collarblue-collarblue-collarblue-collarblue-collarblue-collarblue-collarblue-collarblue-collarblue-collarblue-collarblue-collarblue-collarblue-collarblue-collarblue-collarblue-collarblue-collarblue-collarblue-collarblue-collarblue-collarblue-collarblue-collarblue-collarblue-collarblue-collarblue-collarblue-collarblue-collarblue-collarblue-collarblue-collarblue-collarblue-collarblue-collarblue-collarblue-collarblue-collarblue-collarblue-collarblue-collarblue-collarblue-collarblue-collarblue-collarblue-collarblue-collarblue-collarblue-collarblue-collarblue-collarblue-collarblue-collarblue-collarblue-collarblue-collarblue-collarblue-collarblue-collarblue-collarblue-collarblue-collarblue-collarblue-collarblue-collarblue-collarblue-collarblue-collarblue-collarblue-collarblue-collarblue-collarblue-collarblue-collarblue-collarblue-collarblue-collarblue-collarblue-collarblue-collarblue-collarblue-collarblue-collarblue-collarblue-collarblue-collarblue-collarblue-collarblue-collarblue-collarblue-collarblue-collarblue-collarblue-collarblue-collarblue-collarblue-collarblue-collarblue-collarblue-collarblue-collarblue-collarblue-collarblue-collarblue-collarblue-collarblue-collarblue-collarblue-collarblue-collarblue-collarblue-collarblue-collarblue-collarblue-collarblue-collarblue-collarblue-collarblue-collarblue-collarblue-collarblue-collarblue-collarblue-collarblue-collarblue-collarblue-collarblue-collarblue-collarblue-collarblue-collarblue-collarblue-collarblue-collarblue-collarblue-collarblue-collarblue-collarblue-collarblue-collarblue-collarblue-collarblue-collarblue-collarblue-collarblue-collarblue-collarblue-collarblue-collarblue-collarblue-collarblue-collarblue-collarblue-collarblue-collarblue-collarblue-collarblue-collarblue-collarblue-collarblue-collarblue-collarblue-collarblue-collarblue-collarblue-collarblue-collarblue-collarblue-collarblue-collarblue-collarblue-collarblue-collarblue-collarblue-collarblue-collarblue-collarblue-collarblue-collarblue-collarblue-collarblue-collarblue-collarblue-collarblue-collarblue-collarblue-collarblue-collarblue-collarblue-collarblue-collarblue-collarblue-collarblue-collarblue-collarblue-collarblue-collarblue-collarblue-collarblue-collarblue-collarblue-collarblue-collarblue-collarblue-collarblue-collarblue-collarblue-collarblue-collarblue-collarblue-collarblue-collarblue-collarblue-collarblue-collarblue-collarblue-collarblue-collarblue-collarblue-collarblue-collarblue-collarblue-collarblue-collarblue-collarblue-collarblue-collarblue-collarblue-collarblue-collarblue-collarblue-collarblue-collarblue-collarblue-collarblue-collarblue-collarblue-collarblue-collarblue-collarblue-collarblue-collarblue-collarblue-collarblue-collarblue-collarblue-collarblue-collarblue-collarblue-collarblue-collarblue-collarblue-collarblue-collarblue-collarblue-collarblue-collarblue-collarblue-collarblue-collarblue-collarblue-collarblue-collarblue-collarblue-collarblue-collarblue-collarblue-collarblue-collarblue-collarblue-collarblue-collarblue-collarblue-collarblue-collarblue-collarblue-collarblue-collarblue-collarblue-collarblue-collarblue-collarblue-collarblue-collarblue-collarblue-collarblue-collarblue-collarblue-collarblue-collarblue-collarblue-collarblue-collarblue-collarblue-collarblue-collarblue-collarblue-collarblue-collarblue-collarblue-collarblue-collarblue-collarblue-collarblue-collarblue-collarblue-collarblue-collarblue-collarblue-collarblue-collarblue-collarblue-collarblue-collarblue-collarblue-collarblue-collarblue-collarblue-collarblue-collarblue-collarblue-collarblue-collarblue-collarblue-collarblue-collarblue-collarblue-collarblue-collarblue-collarblue-collarblue-collarblue-collarblue-collarblue-collarblue-collarblue-collarblue-collarblue-collarblue-collarblue-collarblue-collarblue-collarblue-collarblue-collarblue-collarblue-collarblue-collarblue-collarblue-collarblue-collarblue-collarblue-collarblue-collarblue-collarblue-collarblue-collarblue-collarblue-collarblue-collarblue-collarblue-collarblue-collarblue-collarblue-collarblue-collarblue-collarblue-collarblue-collarblue-collarblue-collarblue-collarblue-collarblue-collarblue-collarblue-collarblue-collarblue-collarblue-collarblue-collarblue-collarblue-collarblue-collarblue-collarblue-collarblue-collarblue-collarblue-collarblue-collarblue-collarblue-collarblue-collarblue-collarblue-collarblue-collarblue-collarblue-collarblue-collarblue-collarblue-collarblue-collarblue-collarblue-collarblue-collarblue-collarblue-collarblue-collarblue-collarblue-collarblue-collarblue-collarblue-collarblue-collarblue-collarblue-collarblue-collarblue-collarblue-collarblue-collarblue-collarblue-collarblue-collarblue-collarblue-collarblue-collarblue-collarblue-collarblue-collarblue-collarblue-collarblue-collarblue-collarblue-collarblue-collarblue-collarblue-collarblue-collarblue-collarblue-collarblue-collarblue-collarblue-collarblue-collarblue-collarblue-collarblue-collarblue-collarblue-collarblue-collarblue-collarblue-collarblue-collarblue-collarblue-collarblue-collarblue-collarblue-collarblue-collarblue-collarblue-collarblue-collarblue-collarblue-collarblue-collarblue-collarblue-collarblue-collarblue-collarblue-collarblue-collarblue-collarblue-collarblue-collarblue-collarblue-collarblue-collarblue-collarblue-collarblue-collarblue-collarblue-collarblue-collarblue-collarblue-collarblue-collarblue-collarblue-collarblue-collarblue-collarblue-collarblue-collarblue-collarblue-collarblue-collarblue-collarblue-collarblue-collarblue-collarblue-collarblue-collarblue-collarblue-collarblue-collarblue-collarblue-collarblue-collarblue-collarblue-collarblue-collarblue-collarblue-collarblue-collarblue-collarblue-collarblue-collarblue-collarblue-collarblue-collarblue-collarblue-collarblue-collarblue-collarblue-collarblue-collarblue-collarblue-collarblue-collarblue-collarblue-collarblue-collarblue-collarblue-collarblue-collarblue-collarblue-collarblue-collarblue-collarblue-collarblue-collarblue-collarblue-collarblue-collarblue-collarblue-collarblue-collarblue-collarblue-collarblue-collarblue-collarblue-collarblue-collarblue-collarblue-collarblue-collarblue-collarblue-collarblue-collarblue-collarblue-collarblue-collarblue-collarblue-collarblue-collarblue-collarblue-collarblue-collarblue-collarblue-collarblue-collarblue-collarblue-collarblue-collarblue-collarblue-collarblue-collarblue-collarblue-collarblue-collarblue-collarblue-collarblue-collarblue-collarblue-collarblue-collarblue-collarblue-collarblue-collarblue-collarblue-collarblue-collarblue-collarblue-collarblue-collarblue-collarblue-collarblue-collarblue-collarblue-collarblue-collarblue-collarblue-collarblue-collarblue-collarblue-collarblue-collarblue-collarblue-collarblue-collarblue-collarblue-collarblue-collarblue-collarblue-collarblue-collarblue-collarblue-collarblue-collarblue-collarblue-collarblue-collarblue-collarblue-collarblue-collarblue-collarblue-collarblue-collarblue-collarblue-collarblue-collarblue-collarblue-collarblue-collarblue-collarblue-collarblue-collarblue-collarblue-collarblue-collarblue-collarblue-collarblue-collarblue-collarblue-collarblue-collarblue-collarblue-collarblue-collarblue-collarblue-collarblue-collarblue-collarblue-collarblue-collarblue-collarblue-collarblue-collarblue-collarblue-collarblue-collarblue-collarblue-collarblue-collarblue-collarblue-collarblue-collarblue-collarblue-collarblue-collarblue-collarblue-collarblue-collarblue-collarblue-collarblue-collarblue-collarblue-collarblue-collarblue-collarblue-collarblue-collarblue-collarblue-collarblue-collarblue-collarblue-collarblue-collarblue-collarblue-collarblue-collarblue-collarblue-collarblue-collarblue-collarblue-collarblue-collarblue-collarblue-collarblue-collarblue-collarblue-collarblue-collarblue-collarblue-collarblue-collarblue-collarblue-collarblue-collarblue-collarblue-collarblue-collarblue-collarblue-collarblue-collarblue-collarblue-collarblue-collarblue-collarblue-collarblue-collarblue-collarblue-collarblue-collarblue-collarblue-collarblue-collarblue-collarblue-collarblue-collarblue-collarblue-collarblue-collarblue-collarblue-collarblue-collarblue-collarblue-collarblue-collarblue-collarblue-collarblue-collarblue-collarblue-collarblue-collarblue-collarblue-collarblue-collarblue-collarblue-collarblue-collarblue-collarblue-collarblue-collarblue-collarblue-collarblue-collarblue-collarblue-collarblue-collarblue-collarblue-collarblue-collarblue-collarblue-collarblue-collarblue-collarblue-collarblue-collarblue-collarblue-collarblue-collarblue-collarblue-collarblue-collarblue-collarblue-collarblue-collarblue-collarblue-collarblue-collarblue-collarblue-collarblue-collarblue-collarblue-collarblue-collarblue-collarblue-collarblue-collarblue-collarblue-collarblue-collarblue-collarblue-collarblue-collarblue-collarblue-collarblue-collarblue-collarblue-collarblue-collarblue-collarblue-collarblue-collarblue-collarblue-collarblue-collarblue-collarblue-collarblue-collarblue-collarblue-collarblue-collarblue-collarblue-collarblue-collarblue-collarblue-collarblue-collarblue-collarblue-collarblue-collarblue-collarblue-collarblue-collarblue-collarblue-collarblue-collarblue-collarblue-collarblue-collarblue-collarblue-collarblue-collarblue-collarblue-collarblue-collarblue-collarblue-collarblue-collarblue-collarblue-collarblue-collarblue-collarblue-collarblue-collarblue-collarblue-collarblue-collarblue-collarblue-collarblue-collarblue-collarblue-collarblue-collarblue-collarblue-collarblue-collarblue-collarblue-collarblue-collarblue-collarblue-collarblue-collarblue-collarblue-collarblue-collarblue-collarblue-collarblue-collarblue-collarblue-collarblue-collarblue-collarblue-collarblue-collarblue-collarblue-collarblue-collarblue-collarblue-collarblue-collarblue-collarblue-collarblue-collarblue-collarblue-collarblue-collarblue-collarblue-collarblue-collarblue-collarblue-collarblue-collarblue-collarblue-collarblue-collarblue-collarblue-collarblue-collarblue-collarblue-collarblue-collarblue-collarblue-collarblue-collarblue-collarblue-collarblue-collarblue-collarblue-collarblue-collarblue-collarblue-collarblue-collarblue-collarblue-collarblue-collarblue-collarblue-collarblue-collarblue-collarblue-collarblue-collarblue-collarblue-collarblue-collarblue-collarblue-collarblue-collarblue-collarblue-collarblue-collarblue-collarblue-collarblue-collarblue-collarblue-collarblue-collarblue-collarblue-collarblue-collarblue-collarblue-collarblue-collarblue-collarblue-collarblue-collarblue-collarblue-collarblue-collarblue-collarblue-collarblue-collarblue-collarblue-collarblue-collarblue-collarblue-collarblue-collarblue-collarblue-collarblue-collarblue-collarblue-collarblue-collarblue-collarblue-collarblue-collarblue-collarblue-collarblue-collarblue-collarblue-collarblue-collarblue-collarblue-collarblue-collarblue-collarblue-collarblue-collarblue-collarblue-collarblue-collarblue-collarblue-collarblue-collarblue-collarblue-collarblue-collarblue-collarblue-collarblue-collarblue-collarblue-collarblue-collarblue-collarblue-collarblue-collarblue-collarblue-collarblue-collarblue-collarblue-collarblue-collarblue-collarblue-collarblue-collarblue-collarblue-collarblue-collarblue-collarblue-collarblue-collarblue-collarblue-collarblue-collarblue-collarblue-collarblue-collarblue-collarblue-collarblue-collarblue-collarblue-collarblue-collarblue-collarblue-collarblue-collarblue-collarblue-collarblue-collarblue-collarblue-collarblue-collarblue-collarblue-collarblue-collarblue-collarblue-collarblue-collarblue-collarblue-collarblue-collarblue-collarblue-collarblue-collarblue-collarblue-collarblue-collarblue-collarblue-collarblue-collarblue-collarblue-collarblue-collarblue-collarblue-collarblue-collarblue-collarblue-collarblue-collarblue-collarblue-collarblue-collarblue-collarblue-collarblue-collarblue-collarblue-collarblue-collarblue-collarblue-collarblue-collarblue-collarblue-collarblue-collarblue-collarblue-collarblue-collarblue-collarblue-collarblue-collarblue-collarblue-collarblue-collarblue-collarblue-collarblue-collarblue-collarblue-collarblue-collarblue-collarblue-collarblue-collarblue-collarblue-collarblue-collarblue-collarblue-collarblue-collarblue-collarblue-collarblue-collarblue-collarblue-collarblue-collarblue-collarblue-collarblue-collarblue-collarblue-collarblue-collarblue-collarblue-collarblue-collarblue-collarblue-collarblue-collarblue-collarblue-collarblue-collarblue-collarblue-collarblue-collarblue-collarblue-collarblue-collarblue-collarblue-collarblue-collarblue-collarblue-collarblue-collarblue-collarblue-collarblue-collarblue-collarblue-collarblue-collarblue-collarblue-collarblue-collarblue-collarblue-collarblue-collarblue-collarblue-collarblue-collarblue-collarblue-collarblue-collarblue-collarblue-collarblue-collarblue-collarblue-collarblue-collarblue-collarblue-collarblue-collarblue-collarblue-collarblue-collarblue-collarblue-collarblue-collarblue-collarblue-collarblue-collarblue-collarblue-collarblue-collarblue-collarblue-collarblue-collarblue-collarblue-collarblue-collarblue-collarblue-collarblue-collarblue-collarblue-collarblue-collarblue-collarblue-collarblue-collarblue-collarblue-collarblue-collarblue-collarblue-collarblue-collarblue-collarblue-collarblue-collarblue-collarblue-collarblue-collarblue-collarblue-collarblue-collarblue-collarblue-collarblue-collarblue-collarblue-collarblue-collarblue-collarblue-collarblue-collarblue-collarblue-collarblue-collarblue-collarblue-collarblue-collarblue-collarblue-collarblue-collarblue-collarblue-collarblue-collarblue-collarblue-collarblue-collarblue-collarblue-collarblue-collarblue-collarblue-collarblue-collarblue-collarblue-collarblue-collarblue-collarblue-collarblue-collarblue-collarblue-collarblue-collarblue-collarblue-collarblue-collarblue-collarblue-collarblue-collarblue-collarblue-collarblue-collarblue-collarblue-collarblue-collarblue-collarblue-collarblue-collarblue-collarblue-collarblue-collarblue-collarblue-collarblue-collarblue-collarblue-collarblue-collarblue-collarblue-collarblue-collarblue-collarblue-collarblue-collarblue-collarblue-collarblue-collarblue-collarblue-collarblue-collarblue-collarblue-collarblue-collarblue-collarblue-collarblue-collarblue-collarblue-collarblue-collarblue-collarblue-collarblue-collarblue-collarblue-collarblue-collarblue-collarblue-collarblue-collarblue-collarblue-collarblue-collarblue-collarblue-collarblue-collarblue-collarblue-collarblue-collarblue-collarblue-collarblue-collarblue-collarblue-collarblue-collarblue-collarblue-collarblue-collarblue-collarblue-collarblue-collarblue-collarblue-collarblue-collarblue-collarblue-collarblue-collarblue-collarblue-collarblue-collarblue-collarblue-collarblue-collarblue-collarblue-collarblue-collarblue-collarblue-collarblue-collarblue-collarblue-collarblue-collarblue-collarblue-collarblue-collarblue-collarblue-collarblue-collarblue-collarblue-collarblue-collarblue-collarblue-collarblue-collarblue-collarblue-collarblue-collarblue-collarblue-collarblue-collarblue-collarblue-collarblue-collarblue-collarblue-collarblue-collarblue-collarblue-collarblue-collarblue-collarblue-collarblue-collarblue-collarblue-collarblue-collarblue-collarblue-collarblue-collarblue-collarblue-collarblue-collarblue-collarblue-collarblue-collarblue-collarblue-collarblue-collarblue-collarblue-collarblue-collarblue-collarblue-collarblue-collarblue-collarblue-collarblue-collarblue-collarblue-collarblue-collarblue-collarblue-collarblue-collarblue-collarblue-collarblue-collarblue-collarblue-collarblue-collarblue-collarblue-collarblue-collarblue-collarblue-collarblue-collarblue-collarblue-collarblue-collarblue-collarblue-collarblue-collarblue-collarblue-collarblue-collarblue-collarblue-collarblue-collarblue-collarblue-collarblue-collarblue-collarblue-collarblue-collarblue-collarblue-collarblue-collarblue-collarblue-collarblue-collarblue-collarblue-collarblue-collarblue-collarblue-collarblue-collarblue-collarblue-collarblue-collarblue-collarblue-collarblue-collarblue-collarblue-collarblue-collarblue-collarblue-collarblue-collarblue-collarblue-collarblue-collarblue-collarblue-collarblue-collarblue-collarblue-collarblue-collarblue-collarblue-collarblue-collarblue-collarblue-collarblue-collarblue-collarblue-collarblue-collarblue-collarblue-collarblue-collarblue-collarblue-collarblue-collarblue-collarblue-collarblue-collarblue-collarblue-collarblue-collarblue-collarblue-collarblue-collarblue-collarblue-collarblue-collarblue-collarblue-collarblue-collarblue-collarblue-collarblue-collarblue-collarblue-collarblue-collarblue-collarblue-collarblue-collarblue-collarblue-collarblue-collarblue-collarblue-collarblue-collarblue-collarblue-collarblue-collarblue-collarblue-collarblue-collarblue-collarblue-collarblue-collarblue-collarblue-collarblue-collarblue-collarblue-collarblue-collarblue-collarblue-collarblue-collarblue-collarblue-collarblue-collarblue-collarblue-collarblue-collarblue-collarblue-collarblue-collarblue-collarblue-collarblue-collarblue-collarblue-collarblue-collarblue-collarblue-collarblue-collarblue-collarblue-collarblue-collarblue-collarblue-collarblue-collarblue-collarblue-collarblue-collarblue-collarblue-collarblue-collarblue-collarblue-collarblue-collarblue-collarblue-collarblue-collarblue-collarblue-collarblue-collarblue-collarblue-collarblue-collarblue-collarblue-collarblue-collarblue-collarblue-collarblue-collarblue-collarblue-collarblue-collarblue-collarblue-collarblue-collarblue-collarblue-collarblue-collarblue-collarblue-collarblue-collarblue-collarblue-collarblue-collarblue-collarblue-collarblue-collarblue-collarblue-collarblue-collarblue-collarblue-collarblue-collarblue-collarblue-collarblue-collarblue-collarblue-collarblue-collarblue-collarblue-collarblue-collarblue-collarblue-collarblue-collarblue-collarblue-collarblue-collarblue-collarblue-collarblue-collarblue-collarblue-collarblue-collarblue-collarblue-collarblue-collarblue-collarblue-collarblue-collarblue-collarblue-collarblue-collarblue-collarblue-collarblue-collarblue-collarblue-collarblue-collarblue-collarblue-collarblue-collarblue-collarblue-collarblue-collarblue-collarblue-collarblue-collarblue-collarblue-collarblue-collarblue-collarblue-collarblue-collarblue-collarblue-collarblue-collarblue-collarblue-collarblue-collarblue-collarblue-collarblue-collarblue-collarblue-collarblue-collarblue-collarblue-collarblue-collarblue-collarblue-collarblue-collarblue-collarblue-collarblue-collarblue-collarblue-collarblue-collarblue-collarblue-collarblue-collarblue-collarblue-collarblue-collarblue-collarblue-collarblue-collarblue-collarblue-collarblue-collarblue-collarblue-collarblue-collarblue-collarblue-collarblue-collarblue-collarblue-collarblue-collarblue-collarblue-collarblue-collarblue-collarblue-collarblue-collarblue-collarblue-collarblue-collarblue-collarblue-collarblue-collarblue-collarblue-collarblue-collarblue-collarblue-collarblue-collarblue-collarblue-collarblue-collarblue-collarblue-collarblue-collarblue-collarblue-collarblue-collarblue-collarblue-collarblue-collarblue-collarblue-collarblue-collarblue-collarblue-collarblue-collarblue-collarblue-collarblue-collarblue-collarblue-collarblue-collarblue-collarblue-collarblue-collarblue-collarblue-collarblue-collarblue-collarblue-collarblue-collarblue-collarblue-collarblue-collarblue-collarblue-collarblue-collarblue-collarblue-collarblue-collarblue-collarblue-collarblue-collarblue-collarblue-collarblue-collarblue-collarblue-collarblue-collarblue-collarblue-collarblue-collarblue-collarblue-collarblue-collarblue-collarblue-collarblue-collarblue-collarblue-collarblue-collarblue-collarblue-collarblue-collarblue-collarblue-collarblue-collarblue-collarblue-collarblue-collarblue-collarblue-collarblue-collarblue-collarblue-collarblue-collarblue-collarblue-collarblue-collarblue-collarblue-collarblue-collarblue-collarblue-collarblue-collarblue-collarblue-collarblue-collarblue-collarblue-collarblue-collarblue-collarblue-collarblue-collarblue-collarblue-collarblue-collarblue-collarblue-collarblue-collarblue-collarblue-collarblue-collarblue-collarblue-collarblue-collarblue-collarblue-collarblue-collarblue-collarblue-collarblue-collarblue-collarblue-collarblue-collarblue-collarblue-collarblue-collarblue-collarblue-collarblue-collarblue-collarblue-collarblue-collarblue-collarblue-collarblue-collarblue-collarblue-collarblue-collarblue-collarblue-collarblue-collarblue-collarblue-collarblue-collarblue-collarblue-collarblue-collarblue-collarblue-collarblue-collarblue-collarblue-collarblue-collarblue-collarblue-collarblue-collarblue-collarblue-collarblue-collarblue-collarblue-collarblue-collarblue-collarblue-collarblue-collarblue-collarblue-collarblue-collarblue-collarblue-collarblue-collarblue-collarblue-collarblue-collarblue-collarblue-collarblue-collarblue-collarblue-collarblue-collarblue-collarblue-collarblue-collarblue-collarblue-collarblue-collarblue-collarblue-collarblue-collarblue-collarblue-collarblue-collarblue-collarblue-collarblue-collarblue-collarblue-collarblue-collarblue-collarblue-collarblue-collarblue-collarblue-collarblue-collarblue-collarblue-collarblue-collarblue-collarblue-collarblue-collarblue-collarblue-collarblue-collarblue-collarblue-collarblue-collarblue-collarblue-collarblue-collarblue-collarblue-collarblue-collarblue-collarblue-collarblue-collarblue-collarblue-collarblue-collarblue-collarblue-collarblue-collarblue-collarblue-collarblue-collarblue-collarblue-collarblue-collarblue-collarblue-collarblue-collarblue-collarblue-collarblue-collarblue-collarblue-collarblue-collarblue-collarblue-collarblue-collarblue-collarblue-collarblue-collarblue-collarblue-collarblue-collarblue-collarblue-collarblue-collarblue-collarblue-collarblue-collarblue-collarblue-collarblue-collarblue-collarblue-collarblue-collarblue-collarblue-collarblue-collarblue-collarblue-collarblue-collarblue-collarblue-collarblue-collarblue-collarblue-collarblue-collarblue-collarblue-collarblue-collarblue-collarblue-collarblue-collarblue-collarblue-collarblue-collarblue-collarblue-collarblue-collarblue-collarblue-collarblue-collarblue-collarblue-collarblue-collarblue-collarblue-collarblue-collarblue-collarblue-collarblue-collarblue-collarblue-collarblue-collarblue-collarblue-collarblue-collarblue-collarblue-collarblue-collarblue-collarblue-collarblue-collarblue-collarblue-collarblue-collarblue-collarblue-collarblue-collarblue-collarblue-collarblue-collarblue-collarblue-collarblue-collarblue-collarblue-collarblue-collarblue-collarblue-collarblue-collarblue-collarblue-collarblue-collarblue-collarblue-collarblue-collarblue-collarblue-collarblue-collarblue-collarblue-collarblue-collarblue-collarblue-collarblue-collarblue-collarblue-collarblue-collarblue-collarblue-collarblue-collarblue-collarblue-collarblue-collarblue-collarblue-collarblue-collarblue-collarblue-collarblue-collarblue-collarblue-collarblue-collarblue-collarblue-collarblue-collarblue-collarblue-collarblue-collarblue-collarblue-collarblue-collarblue-collarblue-collarblue-collarblue-collarblue-collarblue-collarblue-collarblue-collarblue-collarblue-collarblue-collarblue-collarblue-collarblue-collarblue-collarblue-collarblue-collarblue-collarblue-collarblue-collarblue-collarblue-collarblue-collarblue-collarblue-collarblue-collarblue-collarblue-collarblue-collarblue-collarblue-collarblue-collarblue-collarblue-collarblue-collarblue-collarblue-collarblue-collarblue-collarblue-collarblue-collarblue-collarblue-collarblue-collarblue-collarblue-collarblue-collarblue-collarblue-collarblue-collarblue-collarblue-collarblue-collarblue-collarblue-collarblue-collarblue-collarblue-collarblue-collarblue-collarblue-collarblue-collarblue-collarblue-collarblue-collarblue-collarblue-collarblue-collarblue-collarblue-collarblue-collarblue-collarblue-collarblue-collarblue-collarblue-collarblue-collarblue-collarblue-collarblue-collarblue-collarblue-collarblue-collarblue-collarblue-collarblue-collarblue-collarblue-collarblue-collarblue-collarblue-collarblue-collarblue-collarblue-collarblue-collarblue-collarblue-collarblue-collarblue-collarblue-collarblue-collarblue-collarblue-collarblue-collarblue-collarblue-collarblue-collarblue-collarblue-collarblue-collarblue-collarblue-collarblue-collarblue-collarblue-collarblue-collarblue-collarblue-collarblue-collarblue-collarblue-collarblue-collarblue-collarblue-collarblue-collarblue-collarblue-collarblue-collarblue-collarblue-collarblue-collarblue-collarblue-collarblue-collarblue-collarblue-collarblue-collarblue-collarblue-collarblue-collarblue-collarblue-collarblue-collarblue-collarblue-collarblue-collarblue-collarblue-collarblue-collarblue-collarblue-collarblue-collarblue-collarblue-collarblue-collarblue-collarblue-collarblue-collarblue-collarblue-collarblue-collarblue-collarblue-collarblue-collarblue-collarblue-collarblue-collarblue-collarblue-collarblue-collarblue-collarblue-collarblue-collarblue-collarblue-collarblue-collarblue-collarblue-collarblue-collarblue-collarblue-collarblue-collarblue-collarblue-collarblue-collarblue-collarblue-collarblue-collarblue-collarblue-collarblue-collarblue-collarblue-collarblue-collarblue-collarblue-collarblue-collarblue-collarblue-collarblue-collarblue-collarblue-collarblue-collarblue-collarblue-collarblue-collarblue-collarblue-collarblue-collarblue-collarblue-collarblue-collarblue-collarblue-collarblue-collarblue-collarblue-collarblue-collarblue-collarblue-collarblue-collarblue-collarblue-collarblue-collarblue-collarblue-collarblue-collarblue-collarblue-collarblue-collarblue-collarblue-collarblue-collarblue-collarblue-collarblue-collarblue-collarblue-collarblue-collarblue-collarblue-collarblue-collarblue-collarblue-collarblue-collarblue-collarblue-collarblue-collarblue-collarblue-collarblue-collarblue-collarblue-collarblue-collarblue-collarblue-collarblue-collarblue-collarblue-collarblue-collarblue-collarblue-collarblue-collarblue-collarblue-collarblue-collarblue-collarblue-collarblue-collarblue-collarblue-collarblue-collarblue-collarblue-collarblue-collarblue-collarblue-collarblue-collarblue-collarblue-collarblue-collarblue-collarblue-collarblue-collarblue-collarblue-collarblue-collarblue-collarblue-collarblue-collarblue-collarblue-collarblue-collarblue-collarblue-collarblue-collarblue-collarblue-collarblue-collarblue-collarblue-collarblue-collarblue-collarblue-collarblue-collarblue-collarblue-collarblue-collarblue-collarblue-collarblue-collarblue-collarblue-collarblue-collarblue-collarblue-collarblue-collarblue-collarblue-collarblue-collarblue-collarblue-collarblue-collarblue-collarblue-collarblue-collarblue-collarblue-collarblue-collarblue-collarblue-collarblue-collarblue-collarblue-collarblue-collarblue-collarblue-collarblue-collarblue-collarblue-collarblue-collarblue-collarblue-collarblue-collarblue-collarblue-collarblue-collarblue-collarblue-collarblue-collarblue-collarblue-collarblue-collarblue-collarblue-collarblue-collarblue-collarblue-collarblue-collarblue-collarblue-collarblue-collarblue-collarblue-collarblue-collarblue-collarblue-collarblue-collarblue-collarblue-collarblue-collarblue-collarblue-collarblue-collarblue-collarblue-collarblue-collarblue-collarblue-collarblue-collarblue-collarblue-collarblue-collarblue-collarblue-collarblue-collarblue-collarblue-collarblue-collarblue-collarblue-collarblue-collarblue-collarblue-collarblue-collarblue-collarblue-collarblue-collarblue-collarblue-collarblue-collarblue-collarblue-collarblue-collarblue-collarblue-collarblue-collarblue-collarblue-collarblue-collarblue-collarblue-collarblue-collarblue-collarblue-collarblue-collarblue-collarblue-collarblue-collarblue-collarblue-collarblue-collarblue-collarblue-collarblue-collarblue-collarblue-collarblue-collarblue-collarblue-collarblue-collarblue-collarblue-collarblue-collarblue-collarblue-collarblue-collarblue-collarblue-collarblue-collarblue-collarblue-collarblue-collarblue-collarblue-collarblue-collarblue-collarblue-collarblue-collarblue-collarblue-collarblue-collarblue-collarblue-collarblue-collarblue-collarblue-collarblue-collarblue-collarblue-collarblue-collarblue-collarblue-collarblue-collarblue-collarblue-collarblue-collarblue-collarblue-collarblue-collarblue-collarblue-collarblue-collarblue-collarblue-collarblue-collarblue-collarblue-collarblue-collarblue-collarblue-collarblue-collarblue-collarblue-collarblue-collarblue-collarblue-collarblue-collarblue-collarblue-collarblue-collarblue-collarblue-collarblue-collarblue-collarblue-collarblue-collarblue-collarblue-collarblue-collarblue-collarblue-collarblue-collarblue-collarblue-collarblue-collarblue-collarblue-collarblue-collarblue-collarblue-collarblue-collarblue-collarblue-collarblue-collarblue-collarblue-collarblue-collarblue-collarblue-collarblue-collarblue-collarblue-collarblue-collarblue-collarblue-collarblue-collarblue-collarblue-collarblue-collarblue-collarblue-collarblue-collarblue-collarblue-collarblue-collarblue-collarblue-collarblue-collarblue-collarblue-collarblue-collarblue-collarblue-collarblue-collarblue-collarblue-collarblue-collarblue-collarblue-collarblue-collarblue-collarblue-collarblue-collarblue-collarblue-collarblue-collarblue-collarblue-collarblue-collarblue-collarblue-collarblue-collarblue-collarblue-collarblue-collarblue-collarblue-collarblue-collarblue-collarblue-collarblue-collarblue-collarblue-collarblue-collarblue-collarblue-collarblue-collarblue-collarblue-collarblue-collarblue-collarblue-collarblue-collarblue-collarblue-collarblue-collarblue-collarblue-collarblue-collarblue-collarblue-collarblue-collarblue-collarblue-collarblue-collarblue-collarblue-collarblue-collarblue-collarblue-collarblue-collarblue-collarblue-collarblue-collarblue-collarblue-collarblue-collarblue-collarblue-collarblue-collarblue-collarblue-collarblue-collarblue-collarblue-collarblue-collarblue-collarblue-collarblue-collarblue-collarblue-collarblue-collarblue-collarblue-collarblue-collarblue-collarblue-collarblue-collarblue-collarblue-collarblue-collarblue-collarblue-collarblue-collarblue-collarblue-collarblue-collarblue-collarblue-collarblue-collarblue-collarblue-collarblue-collarblue-collarblue-collarblue-collarblue-collarblue-collarblue-collarblue-collarblue-collarblue-collarblue-collarblue-collarblue-collarblue-collarblue-collarblue-collarblue-collarblue-collarblue-collarblue-collarblue-collarblue-collarblue-collarblue-collarblue-collarblue-collarblue-collarblue-collarblue-collarblue-collarblue-collarblue-collarblue-collarblue-collarblue-collarblue-collarblue-collarblue-collarblue-collarblue-collarblue-collarblue-collarblue-collarblue-collarblue-collarblue-collarblue-collarblue-collarblue-collarblue-collarblue-collarblue-collarblue-collarblue-collarblue-collarblue-collarblue-collarblue-collarblue-collarblue-collarblue-collarblue-collarblue-collarblue-collarblue-collarblue-collarblue-collarblue-collarblue-collarblue-collarblue-collarblue-collarblue-collarblue-collarblue-collarblue-collarblue-collarblue-collarblue-collarblue-collarblue-collarblue-collarblue-collarblue-collarblue-collarblue-collarblue-collarblue-collarblue-collarblue-collarblue-collarblue-collarblue-collarblue-collarblue-collarblue-collarblue-collarblue-collarblue-collarblue-collarblue-collarblue-collarblue-collarblue-collarblue-collarblue-collarblue-collarblue-collarblue-collarblue-collarblue-collarblue-collarblue-collarblue-collarblue-collarblue-collarblue-collarblue-collarblue-collarblue-collarblue-collarblue-collarblue-collarblue-collarblue-collarblue-collarblue-collarblue-collarblue-collarblue-collarblue-collarblue-collarblue-collarblue-collarblue-collarblue-collarblue-collarblue-collarblue-collarblue-collarblue-collarblue-collarblue-collarblue-collarblue-collarblue-collarblue-collarblue-collarblue-collarblue-collarblue-collarblue-collarblue-collarblue-collarblue-collarblue-collarblue-collarblue-collarblue-collarblue-collarblue-collarblue-collarblue-collarblue-collarblue-collarblue-collarblue-collarblue-collarblue-collarblue-collarblue-collarblue-collarblue-collarblue-collarblue-collarblue-collarblue-collarblue-collarblue-collarblue-collarblue-collarblue-collarblue-collarblue-collarblue-collarblue-collarblue-collarblue-collarblue-collarblue-collarblue-collarblue-collarblue-collarblue-collarblue-collarblue-collarblue-collarblue-collarblue-collarblue-collarblue-collarblue-collarblue-collarblue-collarblue-collarblue-collarblue-collarblue-collarblue-collarblue-collarblue-collarblue-collarblue-collarblue-collarblue-collarblue-collarblue-collarblue-collarblue-collarblue-collarblue-collarblue-collarblue-collarblue-collarblue-collarblue-collarblue-collarblue-collarblue-collarblue-collarblue-collarblue-collarblue-collarblue-collarblue-collarblue-collarblue-collarblue-collarblue-collarblue-collarblue-collarblue-collarblue-collarblue-collarblue-collarblue-collarblue-collarblue-collarblue-collarblue-collarblue-collarblue-collarblue-collarblue-collarblue-collarblue-collarblue-collarblue-collarblue-collarblue-collarblue-collarblue-collarblue-collarblue-collarblue-collarblue-collarblue-collarblue-collarblue-collarblue-collarblue-collarblue-collarblue-collarblue-collarblue-collarblue-collarblue-collarblue-collarblue-collarblue-collarblue-collarblue-collarblue-collarblue-collarblue-collarblue-collarblue-collarblue-collarblue-collarblue-collarblue-collarblue-collarblue-collarblue-collarblue-collarblue-collarblue-collarblue-collarblue-collarblue-collarblue-collarblue-collarblue-collarblue-collarblue-collarblue-collarblue-collarblue-collarblue-collarblue-collarblue-collarblue-collarblue-collarblue-collarblue-collarblue-collarblue-collarblue-collarblue-collarblue-collarblue-collarblue-collarblue-collarblue-collarblue-collarblue-collarblue-collarblue-collarblue-collarblue-collarblue-collarblue-collarblue-collarblue-collarblue-collarblue-collarblue-collarblue-collarblue-collarblue-collarblue-collarblue-collarblue-collarblue-collarblue-collarblue-collarblue-collarblue-collarblue-collarblue-collarblue-collarblue-collarblue-collarblue-collarblue-collarblue-collarblue-collarblue-collarblue-collarblue-collarblue-collarblue-collarblue-collarblue-collarblue-collarblue-collarblue-collarblue-collarblue-collarblue-collarblue-collarblue-collarblue-collarblue-collarblue-collarblue-collarblue-collarblue-collarblue-collarblue-collarblue-collarblue-collarblue-collarblue-collarblue-collarblue-collarblue-collarblue-collarblue-collarblue-collarblue-collarblue-collarblue-collarblue-collarblue-collarblue-collarblue-collarblue-collarblue-collarblue-collarblue-collarblue-collarblue-collarblue-collarblue-collarblue-collarblue-collarblue-collarblue-collarblue-collarblue-collarblue-collarblue-collarblue-collarblue-collarblue-collarblue-collarblue-collarblue-collarblue-collarblue-collarblue-collarblue-collarblue-collarblue-collarblue-collarblue-collarblue-collarblue-collarblue-collarblue-collarblue-collarblue-collarblue-collarblue-collarblue-collarblue-collarblue-collarblue-collarblue-collarblue-collarblue-collarblue-collarblue-collarblue-collarblue-collarblue-collarblue-collarblue-collarblue-collarblue-collarblue-collarblue-collarblue-collarblue-collarblue-collarblue-collarblue-collarblue-collarblue-collarblue-collarblue-collarblue-collarblue-collarblue-collarblue-collarblue-collarblue-collarblue-collarblue-collarblue-collarblue-collarblue-collarblue-collarblue-collarblue-collarblue-collarblue-collarblue-collarblue-collarblue-collarblue-collarblue-collarblue-collarblue-collarblue-collarblue-collarblue-collarblue-collarblue-collarblue-collarblue-collarblue-collarblue-collarblue-collarblue-collarblue-collarblue-collarblue-collarblue-collarblue-collarblue-collarblue-collarblue-collarblue-collarblue-collarblue-collarblue-collarblue-collarblue-collarblue-collarblue-collarblue-collarblue-collarblue-collarblue-collarblue-collarblue-collarblue-collarblue-collarblue-collarblue-collarblue-collarblue-collarblue-collarblue-collarblue-collarblue-collarblue-collarblue-collarblue-collarblue-collarblue-collarblue-collarblue-collarblue-collarblue-collarblue-collarblue-collarblue-collarblue-collarblue-collarblue-collarblue-collarblue-collarblue-collarblue-collarblue-collarblue-collarblue-collarblue-collarblue-collarblue-collarblue-collarblue-collarblue-collarblue-collarblue-collarblue-collarblue-collarblue-collarblue-collarblue-collarblue-collarblue-collarblue-collarblue-collarblue-collarblue-collarblue-collarblue-collarblue-collarblue-collarblue-collarblue-collarblue-collarblue-collarblue-collarblue-collarblue-collarblue-collarblue-collarblue-collarblue-collarblue-collarblue-collarblue-collarblue-collarblue-collarblue-collarblue-collarblue-collarblue-collarblue-collarblue-collarblue-collarblue-collarblue-collarblue-collarblue-collarblue-collarblue-collarblue-collarblue-collarblue-collarblue-collarblue-collarblue-collarblue-collarblue-collarblue-collarblue-collarblue-collarblue-collarblue-collarblue-collarblue-collarblue-collarblue-collarblue-collarblue-collarblue-collarblue-collarblue-collarblue-collarblue-collarblue-collarblue-collarblue-collarblue-collarblue-collarblue-collarblue-collarblue-collarblue-collarblue-collarblue-collarblue-collarblue-collarblue-collarblue-collarblue-collarblue-collarblue-collarblue-collarblue-collarblue-collarblue-collarblue-collarblue-collarblue-collarblue-collarblue-collarblue-collarblue-collarblue-collarblue-collarblue-collarblue-collarblue-collarblue-collarblue-collarblue-collarblue-collarblue-collarblue-collarblue-collarblue-collarblue-collarblue-collarblue-collarblue-collarblue-collarblue-collarblue-collarblue-collarblue-collarblue-collarblue-collarblue-collarblue-collarblue-collarblue-collarblue-collarblue-collarblue-collarblue-collarblue-collarblue-collarblue-collarblue-collarblue-collarblue-collarblue-collarblue-collarblue-collarblue-collarblue-collarblue-collarblue-collarblue-collarblue-collarblue-collarblue-collarblue-collarblue-collarblue-collarblue-collarblue-collarblue-collarblue-collarblue-collarblue-collarblue-collarblue-collarblue-collarblue-collarblue-collarblue-collarblue-collarblue-collarblue-collarblue-collarblue-collarblue-collarblue-collarblue-collarblue-collarblue-collarblue-collarblue-collarblue-collarblue-collarblue-collarblue-collarblue-collarblue-collarblue-collarblue-collarblue-collarblue-collarblue-collarblue-collarblue-collarblue-collarblue-collarblue-collarblue-collarblue-collarblue-collarblue-collarblue-collarblue-collarblue-collarblue-collarblue-collarblue-collarblue-collarblue-collarblue-collarblue-collarblue-collarblue-collarblue-collarblue-collarblue-collarblue-collarblue-collarblue-collarblue-collarblue-collarblue-collarblue-collarblue-collarblue-collarblue-collarblue-collarblue-collarblue-collarblue-collarblue-collarblue-collarblue-collarblue-collarblue-collarblue-collarblue-collarblue-collarblue-collarblue-collarblue-collarblue-collarblue-collarblue-collarblue-collarblue-collarblue-collarblue-collarblue-collarblue-collarblue-collarblue-collarblue-collarblue-collarblue-collarblue-collarblue-collarblue-collarblue-collarblue-collarblue-collarblue-collarblue-collarblue-collarblue-collarblue-collarblue-collarblue-collarblue-collarblue-collarblue-collarblue-collarblue-collarblue-collarblue-collarblue-collarblue-collarblue-collarblue-collarblue-collarblue-collarblue-collarblue-collarblue-collarblue-collarblue-collarblue-collarblue-collarblue-collarblue-collarblue-collarblue-collarblue-collarblue-collarblue-collarblue-collarblue-collarblue-collarblue-collarblue-collarblue-collarblue-collarblue-collarblue-collarblue-collarblue-collarblue-collarblue-collarblue-collarblue-collarblue-collarblue-collarblue-collarblue-collarblue-collarblue-collarblue-collarblue-collarblue-collarblue-collarblue-collarblue-collarblue-collarblue-collarblue-collarblue-collarblue-collarblue-collarblue-collarblue-collarblue-collarblue-collarblue-collarblue-collarblue-collarblue-collarblue-collarblue-collarblue-collarblue-collarblue-collarblue-collarblue-collarblue-collarblue-collarblue-collarblue-collarblue-collarblue-collarblue-collarblue-collarblue-collarblue-collarblue-collarblue-collarblue-collarblue-collarblue-collarblue-collarblue-collarblue-collarblue-collarblue-collarblue-collarblue-collarblue-collarblue-collarblue-collarblue-collarblue-collarblue-collarblue-collarblue-collarblue-collarblue-collarblue-collarblue-collarblue-collarblue-collarblue-collarblue-collarblue-collarblue-collarblue-collarblue-collarblue-collarblue-collarblue-collarblue-collarblue-collarblue-collarblue-collarblue-collarblue-collarblue-collarblue-collarblue-collarblue-collarblue-collarblue-collarblue-collarblue-collarblue-collarblue-collarblue-collarblue-collarblue-collarblue-collarblue-collarblue-collarblue-collarblue-collarblue-collarblue-collarblue-collarblue-collarblue-collarblue-collarblue-collarblue-collarblue-collarblue-collarblue-collarblue-collarblue-collarblue-collarblue-collarblue-collarblue-collarblue-collarblue-collarblue-collarblue-collarblue-collarblue-collarblue-collarblue-collarblue-collarblue-collarblue-collarblue-collarblue-collarblue-collarblue-collarblue-collarblue-collarblue-collarblue-collarblue-collarblue-collarblue-collarblue-collarblue-collarblue-collarblue-collarblue-collarblue-collarblue-collarblue-collarblue-collarblue-collarblue-collarblue-collarblue-collarblue-collarblue-collarblue-collarblue-collarblue-collarblue-collarblue-collarblue-collarblue-collarblue-collarblue-collarblue-collarblue-collarblue-collarblue-collarblue-collarblue-collarblue-collarblue-collarblue-collarblue-collarblue-collarblue-collarblue-collarblue-collarblue-collarblue-collarblue-collarblue-collarblue-collarblue-collarblue-collarblue-collarblue-collarblue-collarblue-collarblue-collarblue-collarblue-collarblue-collarblue-collarblue-collarblue-collarblue-collarblue-collarblue-collarblue-collarblue-collarblue-collarblue-collarblue-collarblue-collarblue-collarblue-collarblue-collarblue-collarblue-collarblue-collarblue-collarblue-collarblue-collarblue-collarblue-collarblue-collarblue-collarblue-collarblue-collarblue-collarblue-collarblue-collarblue-collarblue-collarblue-collarblue-collarblue-collarblue-collarblue-collarblue-collarblue-collarblue-collarblue-collarblue-collarblue-collarblue-collarblue-collarblue-collarblue-collarblue-collarblue-collarblue-collarblue-collarblue-collarblue-collarblue-collarblue-collarblue-collarblue-collarblue-collarblue-collarblue-collarblue-collarblue-collarblue-collarblue-collarblue-collarblue-collarblue-collarblue-collarblue-collarblue-collarblue-collarblue-collarblue-collarblue-collarblue-collarblue-collarblue-collarblue-collarblue-collarblue-collarblue-collarblue-collarblue-collarblue-collarblue-collarblue-collarblue-collarblue-collarblue-collarblue-collarblue-collarblue-collarblue-collarblue-collarblue-collarblue-collarblue-collarblue-collarblue-collarblue-collarblue-collarblue-collarblue-collarblue-collarblue-collarblue-collarblue-collarblue-collarblue-collarblue-collarblue-collarblue-collarblue-collarblue-collarblue-collarblue-collarblue-collarblue-collarblue-collarblue-collarblue-collarblue-collarblue-collarblue-collarblue-collarblue-collarblue-collarblue-collarblue-collarblue-collarblue-collarblue-collarblue-collarblue-collarblue-collarblue-collarblue-collarblue-collarblue-collarblue-collarblue-collarblue-collarblue-collarblue-collarblue-collarblue-collarblue-collarblue-collarblue-collarblue-collarblue-collarblue-collarblue-collarblue-collarblue-collarblue-collarblue-collarblue-collarblue-collarblue-collarblue-collarblue-collarblue-collarblue-collarblue-collarblue-collarblue-collarblue-collarblue-collarblue-collarblue-collarblue-collarblue-collarblue-collarblue-collarblue-collarblue-collarblue-collarblue-collarblue-collarblue-collarblue-collarblue-collarblue-collarblue-collarblue-collarblue-collarblue-collarblue-collarblue-collarblue-collarblue-collarblue-collarblue-collarblue-collarblue-collarblue-collarblue-collarblue-collarblue-collarblue-collarblue-collarblue-collarblue-collarblue-collarblue-collarblue-collarblue-collarblue-collarblue-collarblue-collarblue-collarblue-collarblue-collarblue-collarblue-collarblue-collarblue-collarblue-collarblue-collarblue-collarblue-collarblue-collarblue-collarblue-collarblue-collarblue-collarblue-collarblue-collarblue-collarblue-collarblue-collarblue-collarblue-collarblue-collarblue-collarblue-collarblue-collarblue-collarblue-collarblue-collarblue-collarblue-collarblue-collarblue-collarblue-collarblue-collarblue-collarblue-collarblue-collarblue-collarblue-collarblue-collarblue-collarblue-collarblue-collarblue-collarblue-collarblue-collarblue-collarblue-collarblue-collarblue-collarblue-collarblue-collarblue-collarblue-collarblue-collarblue-collarblue-collarblue-collarblue-collarblue-collarblue-collarblue-collarblue-collarblue-collarblue-collarblue-collarblue-collarblue-collarblue-collarblue-collarblue-collarblue-collarblue-collarblue-collarblue-collarblue-collarblue-collarblue-collarblue-collarblue-collarblue-collarblue-collarblue-collarblue-collarblue-collarblue-collarblue-collarblue-collarblue-collarblue-collarblue-collarblue-collarblue-collarblue-collarblue-collarblue-collarblue-collarblue-collarblue-collarblue-collarblue-collarblue-collarblue-collarblue-collarblue-collarblue-collarblue-collarblue-collarblue-collarblue-collarblue-collarblue-collarblue-collarblue-collarblue-collarblue-collarblue-collarblue-collarblue-collarblue-collarblue-collarblue-collarblue-collarblue-collarblue-collarblue-collarblue-collarblue-collarblue-collarblue-collarblue-collarblue-collarblue-collarblue-collarblue-collarblue-collarblue-collarblue-collarblue-collarblue-collarblue-collarblue-collarblue-collarblue-collarblue-collarblue-collarblue-collarblue-collarblue-collarblue-collarblue-collarblue-collarblue-collarblue-collarblue-collarblue-collarblue-collarblue-collarblue-collarblue-collarblue-collarblue-collarblue-collarblue-collarblue-collarblue-collarblue-collarblue-collarblue-collarblue-collarblue-collarblue-collarblue-collarblue-collarblue-collarblue-collarblue-collarblue-collarblue-collarblue-collarblue-collarblue-collarblue-collarblue-collarblue-collarblue-collarblue-collarblue-collarblue-collarblue-collarblue-collarblue-collarblue-collarblue-collarblue-collarblue-collarblue-collarblue-collarblue-collarblue-collarblue-collarblue-collarblue-collarblue-collarblue-collarblue-collarblue-collarblue-collarblue-collarblue-collarblue-collarblue-collarblue-collarblue-collarblue-collarblue-collarblue-collarblue-collarblue-collarblue-collarblue-collarblue-collarblue-collarblue-collarblue-collarblue-collarblue-collarblue-collarblue-collarblue-collarblue-collarblue-collarblue-collarblue-collarblue-collarblue-collarblue-collarblue-collarblue-collarblue-collarblue-collarblue-collarblue-collarblue-collarblue-collarblue-collarblue-collarblue-collarblue-collarblue-collarblue-collarblue-collarblue-collarblue-collarblue-collarblue-collarblue-collarblue-collarblue-collarblue-collarblue-collarblue-collarblue-collarblue-collarblue-collarblue-collarblue-collarblue-collarblue-collarblue-collarblue-collarblue-collarblue-collarblue-collarblue-collarblue-collarblue-collarblue-collarblue-collarblue-collarblue-collarblue-collarblue-collarblue-collarblue-collarblue-collarblue-collarblue-collarblue-collarblue-collarblue-collarblue-collarblue-collarblue-collarblue-collarblue-collarblue-collarblue-collarblue-collarblue-collarblue-collarblue-collarblue-collarblue-collarblue-collarblue-collarblue-collarblue-collarblue-collarblue-collarblue-collarblue-collarblue-collarblue-collarblue-collarblue-collarblue-collarblue-collarblue-collarblue-collarblue-collarblue-collarblue-collarblue-collarblue-collarblue-collarblue-collarblue-collarblue-collarblue-collarblue-collarblue-collarblue-collarblue-collarblue-collarblue-collarblue-collarblue-collarblue-collarblue-collarblue-collarblue-collarblue-collarblue-collarblue-collarblue-collarblue-collarblue-collarblue-collarblue-collarblue-collarblue-collarblue-collarblue-collarblue-collarblue-collarblue-collarblue-collarblue-collarblue-collarblue-collarblue-collarblue-collarblue-collarblue-collarblue-collarblue-collarblue-collarblue-collarblue-collarblue-collarblue-collarblue-collarblue-collarblue-collarblue-collarblue-collarblue-collarblue-collarblue-collarblue-collarblue-collarblue-collarblue-collarblue-collarblue-collarblue-collarblue-collarblue-collarblue-collarblue-collarblue-collarblue-collarblue-collarblue-collarblue-collarblue-collarblue-collarblue-collarblue-collarblue-collarblue-collarblue-collarblue-collarblue-collarblue-collarblue-collarblue-collarblue-collarblue-collarblue-collarblue-collarblue-collarblue-collarblue-collarblue-collarblue-collarblue-collarblue-collarblue-collarblue-collarblue-collarblue-collarblue-collarblue-collarblue-collarblue-collarblue-collarblue-collarblue-collarblue-collarblue-collarblue-collarblue-collarblue-collarblue-collarblue-collarblue-collarblue-collarblue-collarblue-collarblue-collarblue-collarblue-collarblue-collarblue-collarblue-collarblue-collarblue-collarblue-collarblue-collarblue-collarblue-collarblue-collarblue-collarblue-collarblue-collarblue-collarblue-collarblue-collarblue-collarblue-collarblue-collarblue-collarblue-collarblue-collarblue-collarblue-collarblue-collarblue-collarblue-collarblue-collarblue-collarblue-collarblue-collarblue-collarblue-collarblue-collarblue-collarblue-collarblue-collarblue-collarblue-collarblue-collarblue-collarblue-collarblue-collarblue-collarblue-collarblue-collarblue-collarblue-collarblue-collarblue-collarblue-collarblue-collarblue-collarblue-collarblue-collarblue-collarblue-collarblue-collarblue-collarblue-collarblue-collarblue-collarblue-collarblue-collarblue-collarblue-collarblue-collarblue-collarblue-collarblue-collarblue-collarblue-collarblue-collarblue-collarblue-collarblue-collarblue-collarblue-collarblue-collarblue-collarblue-collarblue-collarblue-collarblue-collarblue-collarblue-collarblue-collarblue-collarblue-collarblue-collarblue-collarblue-collarblue-collarblue-collarblue-collarblue-collarblue-collarblue-collarblue-collarblue-collarblue-collarblue-collarblue-collarblue-collarblue-collarblue-collarblue-collarblue-collarblue-collarblue-collarblue-collarblue-collarblue-collarblue-collarblue-collarblue-collarblue-collarblue-collarblue-collarblue-collarblue-collarblue-collarblue-collarblue-collarblue-collarblue-collarblue-collarblue-collarblue-collarblue-collarblue-collarblue-collarblue-collarblue-collarblue-collarblue-collarblue-collarblue-collarblue-collarblue-collarblue-collarblue-collarblue-collarblue-collarblue-collarblue-collarblue-collarblue-collarblue-collarblue-collarblue-collarblue-collarblue-collarblue-collarblue-collarblue-collarblue-collarblue-collarblue-collarblue-collarblue-collarblue-collarblue-collarblue-collarblue-collarblue-collarblue-collarblue-collarblue-collarblue-collarblue-collarblue-collarblue-collarblue-collarblue-collarblue-collarblue-collarblue-collarblue-collarblue-collarblue-collarblue-collarblue-collarblue-collarblue-collarblue-collarblue-collarblue-collarblue-collarblue-collarblue-collarblue-collarblue-collarblue-collarblue-collarblue-collarblue-collarblue-collarblue-collarblue-collarblue-collarblue-collarblue-collarblue-collarblue-collarblue-collarblue-collarblue-collarblue-collarblue-collarblue-collarblue-collarblue-collarblue-collarblue-collarblue-collarblue-collarblue-collarblue-collarblue-collarblue-collarblue-collarblue-collarblue-collarblue-collarblue-collarblue-collarblue-collarblue-collarblue-collarblue-collarblue-collarblue-collarblue-collarblue-collarblue-collarblue-collarblue-collarblue-collarblue-collarblue-collarblue-collarblue-collarblue-collarblue-collarblue-collarblue-collarblue-collarblue-collarblue-collarblue-collarblue-collarblue-collarblue-collarblue-collarblue-collarblue-collarblue-collarblue-collarblue-collarblue-collarblue-collarblue-collarblue-collarblue-collarblue-collarblue-collarblue-collarblue-collarblue-collarblue-collarblue-collarblue-collarblue-collarblue-collarblue-collarblue-collarblue-collarblue-collarblue-collarblue-collarblue-collarblue-collarblue-collarblue-collarblue-collarblue-collarblue-collarblue-collarblue-collarblue-collarblue-collarblue-collarblue-collarblue-collarblue-collarblue-collarblue-collarblue-collarblue-collarblue-collarblue-collarblue-collarblue-collarblue-collarblue-collarblue-collarblue-collarblue-collarblue-collarblue-collarblue-collarblue-collarblue-collarblue-collarblue-collarblue-collarblue-collarblue-collarblue-collarblue-collarblue-collarblue-collarblue-collarblue-collarblue-collarblue-collarblue-collarblue-collarblue-collarblue-collarblue-collarblue-collarblue-collarblue-collarblue-collarblue-collarblue-collarblue-collarblue-collarblue-collarblue-collarblue-collarblue-collarblue-collarblue-collarblue-collarblue-collarblue-collarblue-collarblue-collarblue-collarblue-collarblue-collarblue-collarblue-collarblue-collarblue-collarblue-collarblue-collarblue-collarblue-collarblue-collarblue-collarblue-collarblue-collarblue-collarblue-collarblue-collarblue-collarblue-collarblue-collarblue-collarblue-collarblue-collarblue-collarblue-collarblue-collarblue-collarblue-collarblue-collarblue-collarblue-collarblue-collarblue-collarblue-collarblue-collarblue-collarblue-collarblue-collarblue-collarblue-collarblue-collarblue-collarblue-collarblue-collarblue-collarblue-collarblue-collarblue-collarblue-collarblue-collarblue-collarblue-collarblue-collarblue-collarblue-collarblue-collarblue-collarblue-collarblue-collarblue-collarblue-collarblue-collarblue-collarblue-collarblue-collarblue-collarblue-collarblue-collarblue-collarblue-collarblue-collarblue-collarblue-collarblue-collarblue-collarblue-collarblue-collarblue-collarblue-collarblue-collarblue-collarblue-collarblue-collarblue-collarblue-collarblue-collarblue-collarblue-collarblue-collarblue-collarblue-collarblue-collarblue-collarblue-collarblue-collarblue-collarblue-collarblue-collarblue-collarblue-collarblue-collarblue-collarblue-collarblue-collarblue-collarblue-collarblue-collarblue-collarblue-collarblue-collarblue-collarblue-collarblue-collarblue-collarblue-collarblue-collarblue-collarblue-collarblue-collarblue-collarblue-collarblue-collarblue-collarblue-collarblue-collarblue-collarblue-collarblue-collarblue-collarblue-collarblue-collarblue-collarblue-collarblue-collarblue-collarblue-collarblue-collarblue-collarblue-collarblue-collarblue-collarblue-collarblue-collarblue-collarblue-collarblue-collarblue-collarblue-collarblue-collarblue-collarblue-collarblue-collarblue-collarblue-collarblue-collarblue-collarblue-collarblue-collarblue-collarblue-collarblue-collarblue-collarblue-collarblue-collarblue-collarblue-collarblue-collarblue-collarblue-collarblue-collarblue-collarblue-collarblue-collarblue-collarblue-collarblue-collarblue-collarblue-collarblue-collarblue-collarblue-collarblue-collarblue-collarblue-collarblue-collarblue-collarblue-collarblue-collarblue-collarblue-collarblue-collarblue-collarblue-collarblue-collarblue-collarblue-collarblue-collarblue-collarblue-collarblue-collarblue-collarblue-collarblue-collarblue-collarblue-collarblue-collarblue-collarblue-collarblue-collarblue-collarblue-collarblue-collarblue-collarblue-collarblue-collarblue-collarblue-collarblue-collarblue-collarblue-collarblue-collarblue-collarblue-collarblue-collarblue-collarblue-collarblue-collarblue-collarblue-collarblue-collarblue-collarblue-collarblue-collarblue-collarblue-collarblue-collarblue-collarblue-collarblue-collarblue-collarblue-collarblue-collarblue-collarblue-collarblue-collarblue-collarblue-collarblue-collarblue-collarblue-collarblue-collarblue-collarblue-collarblue-collarblue-collarblue-collarblue-collarblue-collarblue-collarblue-collarblue-collarblue-collarblue-collarblue-collarblue-collarblue-collarblue-collarblue-collarblue-collarblue-collarblue-collarblue-collarblue-collarblue-collarblue-collarblue-collarblue-collarblue-collarblue-collarblue-collarblue-collarblue-collarblue-collarblue-collarblue-collarblue-collarblue-collarblue-collarblue-collarblue-collarblue-collarblue-collarblue-collarblue-collarblue-collarblue-collarblue-collarblue-collarblue-collarblue-collarblue-collarblue-collarblue-collarblue-collarblue-collarblue-collarblue-collarblue-collarblue-collarblue-collarblue-collarblue-collarblue-collarblue-collarblue-collarblue-collarblue-collarblue-collarblue-collarblue-collarblue-collarblue-collarblue-collarblue-collarblue-collarblue-collarblue-collarblue-collarblue-collarblue-collarblue-collarblue-collarblue-collarblue-collarblue-collarblue-collarblue-collarblue-collarblue-collarblue-collarblue-collarblue-collarblue-collarblue-collarblue-collarblue-collarblue-collarblue-collarblue-collarblue-collarblue-collarblue-collarblue-collarblue-collarblue-collarblue-collarblue-collarblue-collarblue-collarblue-collarblue-collarblue-collarblue-collarblue-collarblue-collarblue-collarblue-collarblue-collarblue-collarblue-collarblue-collarblue-collarblue-collarblue-collarblue-collarblue-collarblue-collarblue-collarblue-collarblue-collarblue-collarblue-collarblue-collarblue-collarblue-collarblue-collarblue-collarblue-collarblue-collarblue-collarblue-collarblue-collarblue-collarblue-collarblue-collarblue-collarblue-collarblue-collarblue-collarblue-collarblue-collarblue-collarblue-collarblue-collarblue-collarblue-collarblue-collarblue-collarblue-collarblue-collarblue-collarblue-collarblue-collarblue-collarblue-collarblue-collarblue-collarblue-collarblue-collarblue-collarblue-collarblue-collarblue-collarblue-collarblue-collarblue-collarblue-collarblue-collarblue-collarblue-collarblue-collarblue-collarblue-collarblue-collarblue-collarblue-collarblue-collarblue-collarblue-collarblue-collarblue-collarblue-collarblue-collarblue-collarblue-collarblue-collarblue-collarblue-collarblue-collarblue-collarblue-collarblue-collarblue-collarblue-collarblue-collarblue-collarblue-collarblue-collarblue-collarblue-collarblue-collarblue-collarblue-collarblue-collarblue-collarblue-collarblue-collarblue-collarblue-collarblue-collarblue-collarblue-collarblue-collarblue-collarblue-collarblue-collarblue-collarblue-collarblue-collarblue-collarblue-collarblue-collarblue-collarblue-collarblue-collarblue-collarblue-collarblue-collarblue-collarblue-collarblue-collarblue-collarblue-collarblue-collarblue-collarblue-collarblue-collarblue-collarblue-collarblue-collarblue-collarblue-collarblue-collarblue-collarblue-collarblue-collarblue-collarblue-collarblue-collarblue-collarblue-collarblue-collarblue-collarblue-collarblue-collarblue-collarblue-collarblue-collarblue-collarblue-collarblue-collarblue-collarblue-collarblue-collarblue-collarblue-collarblue-collarblue-collarblue-collarblue-collarblue-collarblue-collarblue-collarblue-collarblue-collarblue-collarblue-collarblue-collarblue-collarblue-collarblue-collarblue-collarblue-collarblue-collarblue-collarblue-collarblue-collarblue-collarblue-collarblue-collarblue-collarblue-collarblue-collarblue-collarblue-collarblue-collarblue-collarblue-collarblue-collarblue-collarblue-collarblue-collarblue-collarblue-collarblue-collarblue-collarblue-collarblue-collarblue-collarblue-collarblue-collarblue-collarblue-collarblue-collarblue-collarblue-collarblue-collarblue-collarblue-collarblue-collarblue-collarblue-collarblue-collarblue-collarblue-collarblue-collarblue-collarblue-collarblue-collarblue-collarblue-collarblue-collarblue-collarblue-collarblue-collarblue-collarblue-collarblue-collarblue-collarblue-collarblue-collarblue-collarblue-collarblue-collarblue-collarblue-collarblue-collarblue-collarblue-collarblue-collarblue-collarblue-collarblue-collarblue-collarblue-collarblue-collarblue-collarblue-collarblue-collarblue-collarblue-collarblue-collarblue-collarblue-collarblue-collarblue-collarblue-collarblue-collarblue-collarblue-collarblue-collarblue-collarblue-collarblue-collarblue-collarblue-collarblue-collarblue-collarblue-collarblue-collarblue-collarblue-collarblue-collarblue-collarblue-collarblue-collarblue-collarblue-collarblue-collarblue-collarblue-collarblue-collarblue-collarblue-collarblue-collarblue-collarblue-collarblue-collarblue-collarblue-collarblue-collarblue-collarblue-collarblue-collarblue-collarblue-collarblue-collarblue-collarblue-collarblue-collarblue-collarblue-collarblue-collarblue-collarblue-collarblue-collarblue-collarblue-collarblue-collarblue-collarblue-collarblue-collarblue-collarblue-collarblue-collarblue-collarblue-collarblue-collarblue-collarblue-collarblue-collarblue-collarblue-collarblue-collarblue-collarblue-collarblue-collarblue-collarblue-collarblue-collarblue-collarblue-collarblue-collarblue-collarblue-collarblue-collarblue-collarblue-collarblue-collarblue-collarblue-collarblue-collarblue-collarblue-collarblue-collarblue-collarblue-collarblue-collarblue-collarblue-collarblue-collarblue-collarblue-collarblue-collarblue-collarblue-collarblue-collarblue-collarblue-collarblue-collarblue-collarblue-collarblue-collarblue-collarblue-collarblue-collarblue-collarblue-collarblue-collarblue-collarblue-collarblue-collarblue-collarblue-collarblue-collarblue-collarblue-collarblue-collarblue-collarblue-collarblue-collarblue-collarblue-collarblue-collarblue-collarblue-collarblue-collarblue-collarblue-collarblue-collarblue-collarblue-collarblue-collarblue-collarblue-collarblue-collarblue-collarblue-collarblue-collarblue-collarblue-collarblue-collarblue-collarblue-collarblue-collarblue-collarblue-collarblue-collarblue-collarblue-collarblue-collarblue-collarblue-collarblue-collarblue-collarblue-collarblue-collarblue-collarblue-collarblue-collarblue-collarblue-collarblue-collarblue-collarblue-collarblue-collarblue-collarblue-collarblue-collarblue-collarblue-collarblue-collarblue-collarblue-collarblue-collarblue-collarblue-collarblue-collarblue-collarblue-collarblue-collarblue-collarblue-collarblue-collarblue-collarblue-collarblue-collarblue-collarblue-collarblue-collarblue-collarblue-collarblue-collarblue-collarblue-collarblue-collarblue-collarblue-collarblue-collarblue-collarblue-collarblue-collarblue-collarblue-collarblue-collarblue-collarblue-collarblue-collarblue-collarblue-collarblue-collarblue-collarblue-collarblue-collarblue-collarblue-collarblue-collarblue-collarblue-collarblue-collarblue-collarblue-collarblue-collarblue-collarblue-collarblue-collarblue-collarblue-collarblue-collarblue-collarblue-collarblue-collarblue-collarblue-collarblue-collarblue-collarblue-collarblue-collarblue-collarblue-collarblue-collarblue-collarblue-collarblue-collarblue-collarblue-collarblue-collarblue-collarblue-collarblue-collarblue-collarblue-collarblue-collarblue-collarblue-collarblue-collarblue-collarblue-collarblue-collarblue-collarblue-collarblue-collarblue-collarblue-collarblue-collarblue-collarblue-collarblue-collarblue-collarblue-collarblue-collarblue-collarblue-collarblue-collarblue-collarblue-collarblue-collarblue-collarblue-collarblue-collarblue-collarblue-collarblue-collarblue-collarblue-collarblue-collarblue-collarblue-collarblue-collarblue-collarblue-collarblue-collarblue-collarblue-collarblue-collarblue-collarblue-collarblue-collarblue-collarblue-collarblue-collarblue-collarblue-collarblue-collarblue-collarblue-collarblue-collarblue-collarblue-collarblue-collarblue-collarblue-collarblue-collarblue-collarblue-collarblue-collarblue-collarblue-collarblue-collarblue-collarblue-collarblue-collarblue-collarblue-collarblue-collarblue-collarblue-collarblue-collarblue-collarblue-collarblue-collarblue-collarblue-collarblue-collarblue-collarblue-collarblue-collarblue-collarblue-collarblue-collarblue-collarblue-collarblue-collarblue-collarblue-collarblue-collarblue-collarblue-collarblue-collarblue-collarblue-collarblue-collarblue-collarblue-collarblue-collarblue-collarblue-collarblue-collarblue-collarblue-collarblue-collarblue-collarblue-collarblue-collarblue-collarblue-collarblue-collarblue-collarblue-collarblue-collarblue-collarblue-collarblue-collarblue-collarblue-collarblue-collarblue-collarblue-collarblue-collarblue-collarblue-collarblue-collarblue-collarblue-collarblue-collarblue-collarblue-collarblue-collarblue-collarblue-collarblue-collarblue-collarblue-collarblue-collarblue-collarblue-collarblue-collarblue-collarblue-collarblue-collarblue-collarblue-collarblue-collarblue-collarblue-collarblue-collarblue-collarblue-collarblue-collarblue-collarblue-collarblue-collarblue-collarblue-collarblue-collarblue-collarblue-collarblue-collarblue-collarblue-collarblue-collarblue-collarblue-collarblue-collarblue-collarblue-collarblue-collarblue-collarblue-collarblue-collarblue-collarblue-collarblue-collarblue-collarblue-collarblue-collarblue-collarblue-collarblue-collarblue-collarblue-collarblue-collarblue-collarblue-collarblue-collarblue-collarblue-collarblue-collarblue-collarblue-collarblue-collarblue-collarblue-collarblue-collarblue-collarblue-collarblue-collarblue-collarblue-collarblue-collarblue-collarblue-collarblue-collarblue-collarblue-collarblue-collarblue-collarblue-collarblue-collarblue-collarblue-collarblue-collarblue-collarblue-collarblue-collarblue-collarblue-collarblue-collarblue-collarblue-collarblue-collarblue-collarblue-collarblue-collarblue-collarblue-collarblue-collarblue-collarblue-collarblue-collarblue-collarblue-collarblue-collarblue-collarblue-collarblue-collarblue-collarblue-collarblue-collarblue-collarblue-collarblue-collarblue-collarblue-collarblue-collarblue-collarblue-collarblue-collarblue-collarblue-collarblue-collarblue-collarblue-collarblue-collarblue-collarblue-collarblue-collarblue-collarblue-collarblue-collarblue-collarblue-collarblue-collarblue-collarblue-collarblue-collarblue-collarblue-collarblue-collarblue-collarblue-collarblue-collarblue-collarblue-collarblue-collarblue-collarblue-collarblue-collarblue-collarblue-collarblue-collarblue-collarblue-collarblue-collarblue-collarblue-collarblue-collarblue-collarblue-collarblue-collarblue-collarblue-collarblue-collarblue-collarblue-collarblue-collarblue-collarblue-collarblue-collarblue-collarblue-collarblue-collarblue-collarblue-collarblue-collarblue-collarblue-collarblue-collarblue-collarblue-collarblue-collarblue-collarblue-collarblue-collarblue-collarblue-collarblue-collarblue-collarblue-collarblue-collarblue-collarblue-collarblue-collarblue-collarblue-collarblue-collarblue-collarblue-collarblue-collarblue-collarblue-collarblue-collarblue-collarblue-collarblue-collarblue-collarblue-collarblue-collarblue-collarblue-collarblue-collarblue-collarblue-collarblue-collarblue-collarblue-collarblue-collarblue-collarblue-collarblue-collarblue-collarblue-collarblue-collarblue-collarblue-collarblue-collarblue-collarblue-collarblue-collarblue-collarblue-collarblue-collarblue-collarblue-collarblue-collarblue-collarblue-collarblue-collarblue-collarblue-collarblue-collarblue-collarblue-collarblue-collarblue-collarblue-collarblue-collarblue-collarblue-collarblue-collarblue-collarblue-collarblue-collarblue-collarblue-collarblue-collarblue-collarblue-collarblue-collarblue-collarblue-collarblue-collarblue-collarblue-collarblue-collarblue-collarblue-collarblue-collarblue-collarblue-collarblue-collarblue-collarblue-collarblue-collarblue-collarblue-collarblue-collarblue-collarblue-collarblue-collarblue-collarblue-collarblue-collarblue-collarblue-collarblue-collarblue-collarblue-collarblue-collarblue-collarblue-collarblue-collarblue-collarblue-collarblue-collarblue-collarblue-collarblue-collarblue-collarblue-collarblue-collarblue-collarblue-collarblue-collarblue-collarblue-collarblue-collarblue-collarblue-collarblue-collarblue-collarblue-collarblue-collarblue-collarblue-collarblue-collarblue-collarblue-collarblue-collarblue-collarblue-collarblue-collarblue-collarblue-collarblue-collarblue-collarblue-collarblue-collarblue-collarblue-collarblue-collarblue-collarblue-collarblue-collarblue-collarblue-collarblue-collarblue-collarblue-collarblue-collarblue-collarblue-collarblue-collarblue-collarblue-collarblue-collarblue-collarblue-collarblue-collarblue-collarblue-collarblue-collarblue-collarblue-collarblue-collarblue-collarblue-collarblue-collarblue-collarblue-collarblue-collarblue-collarblue-collarblue-collarblue-collarblue-collarblue-collarblue-collarblue-collarblue-collarblue-collarblue-collarblue-collarblue-collarblue-collarblue-collarblue-collarblue-collarblue-collarblue-collarblue-collarblue-collarblue-collarblue-collarblue-collarblue-collarblue-collarblue-collarblue-collarblue-collarblue-collarblue-collarblue-collarblue-collarblue-collarblue-collarblue-collarblue-collarblue-collarblue-collarblue-collarblue-collarblue-collarblue-collarblue-collarblue-collarblue-collarblue-collarblue-collarblue-collarblue-collarblue-collarblue-collarblue-collarblue-collarblue-collarblue-collarblue-collarblue-collarblue-collarblue-collarblue-collarblue-collarblue-collarblue-collarblue-collarblue-collarblue-collarblue-collarblue-collarblue-collarblue-collarblue-collarblue-collarblue-collarblue-collarblue-collarblue-collarblue-collarblue-collarblue-collarblue-collarblue-collarblue-collarblue-collarblue-collarblue-collarblue-collarblue-collarblue-collarblue-collarblue-collarblue-collarblue-collarblue-collarblue-collarblue-collarblue-collarblue-collarblue-collarblue-collarblue-collarblue-collarblue-collarblue-collarblue-collarblue-collarblue-collarblue-collarblue-collarblue-collarblue-collarblue-collarblue-collarblue-collarblue-collarblue-collarblue-collarblue-collarblue-collarblue-collarblue-collarblue-collarblue-collarblue-collarblue-collarblue-collarblue-collarblue-collarblue-collarblue-collarblue-collarblue-collarblue-collarblue-collarblue-collarblue-collarblue-collarblue-collarblue-collarblue-collarblue-collarblue-collarblue-collarblue-collarblue-collarblue-collarblue-collarblue-collarblue-collarblue-collarblue-collarblue-collarblue-collarblue-collarblue-collarblue-collarblue-collarblue-collarblue-collarblue-collarblue-collarblue-collarblue-collarblue-collarblue-collarblue-collarblue-collarblue-collarblue-collarblue-collarblue-collarblue-collarblue-collarblue-collarblue-collarblue-collarblue-collarblue-collarblue-collarblue-collarblue-collarblue-collarblue-collarblue-collarblue-collarblue-collarblue-collarblue-collarblue-collarblue-collarblue-collarblue-collarblue-collarblue-collarblue-collarblue-collarblue-collarblue-collarblue-collarblue-collarblue-collarblue-collarblue-collarblue-collarblue-collarblue-collarblue-collarblue-collarblue-collarblue-collarblue-collarblue-collarblue-collarblue-collarblue-collarblue-collarblue-collarblue-collarblue-collarblue-collarblue-collarblue-collarblue-collarblue-collarblue-collarblue-collarblue-collarblue-collarblue-collarblue-collarblue-collarblue-collarblue-collarblue-collarblue-collarblue-collarblue-collarblue-collarblue-collarblue-collarblue-collarblue-collarblue-collarblue-collarblue-collarblue-collarblue-collarblue-collarblue-collarblue-collarblue-collarblue-collarblue-collarblue-collarblue-collarblue-collarblue-collarblue-collarblue-collarblue-collarblue-collarblue-collarblue-collarblue-collarblue-collarblue-collarblue-collarblue-collarblue-collarblue-collarblue-collarblue-collarblue-collarblue-collarblue-collarblue-collarblue-collarblue-collarblue-collarblue-collarblue-collarblue-collarblue-collarblue-collarblue-collarblue-collarblue-collarblue-collarblue-collarblue-collarblue-collarblue-collarblue-collarblue-collarblue-collarblue-collarblue-collarblue-collarblue-collarblue-collarblue-collarblue-collarblue-collarblue-collarblue-collarblue-collarblue-collarblue-collarblue-collarblue-collarblue-collarblue-collarblue-collarblue-collarblue-collarblue-collarblue-collarblue-collarblue-collarblue-collarblue-collarblue-collarblue-collarblue-collarblue-collarblue-collarblue-collarblue-collarblue-collarblue-collarblue-collarblue-collarblue-collarblue-collarblue-collarblue-collarblue-collarblue-collarblue-collarblue-collarblue-collarblue-collarblue-collarblue-collarblue-collarblue-collarblue-collarblue-collarblue-collarblue-collarblue-collarblue-collarblue-collarblue-collarblue-collarblue-collarblue-collarblue-collarblue-collarblue-collarblue-collarblue-collarblue-collarblue-collarblue-collarblue-collarblue-collarblue-collarblue-collarblue-collarblue-collarblue-collarblue-collarblue-collarblue-collarblue-collarblue-collarblue-collarblue-collarblue-collarblue-collarblue-collarblue-collarblue-collarblue-collarblue-collarblue-collarblue-collarblue-collarblue-collarblue-collarblue-collarblue-collarblue-collarblue-collarblue-collarblue-collarblue-collarblue-collarblue-collarblue-collarblue-collarblue-collarblue-collarblue-collarblue-collarblue-collarblue-collarblue-collarblue-collarblue-collarblue-collarblue-collarblue-collarblue-collarblue-collarblue-collarblue-collarblue-collarblue-collarblue-collarblue-collarblue-collarblue-collarblue-collarblue-collarblue-collarblue-collarblue-collarblue-collarblue-collarblue-collarblue-collarblue-collarblue-collarblue-collarblue-collarblue-collarblue-collarblue-collarblue-collarblue-collarblue-collarblue-collarblue-collarblue-collarblue-collarblue-collarblue-collarblue-collarblue-collarblue-collarblue-collarblue-collarblue-collarblue-collarblue-collarblue-collarblue-collarblue-collarblue-collarblue-collarblue-collarblue-collarblue-collarblue-collarblue-collarblue-collarblue-collarblue-collarblue-collarblue-collarblue-collarblue-collarblue-collarblue-collarblue-collarblue-collarblue-collarblue-collarblue-collarblue-collarblue-collarblue-collarblue-collarblue-collarblue-collarblue-collarblue-collarblue-collarblue-collarblue-collarblue-collarblue-collarblue-collarblue-collarblue-collarblue-collarblue-collarblue-collarblue-collarblue-collarblue-collarblue-collarblue-collarblue-collarblue-collarblue-collarblue-collarblue-collarblue-collarblue-collarblue-collarblue-collarblue-collarblue-collarblue-collarblue-collarblue-collarblue-collarblue-collarblue-collarblue-collarblue-collarblue-collarblue-collarblue-collarblue-collarblue-collarblue-collarblue-collarblue-collarblue-collarblue-collarblue-collarblue-collarblue-collarblue-collarblue-collarblue-collarblue-collarblue-collarblue-collarblue-collarblue-collarblue-collarblue-collarblue-collarblue-collarblue-collarblue-collarblue-collarblue-collarblue-collarblue-collarblue-collarblue-collarblue-collarblue-collarblue-collarblue-collarblue-collarblue-collarblue-collarblue-collarblue-collarblue-collarblue-collarblue-collarblue-collarblue-collarblue-collarblue-collarblue-collarblue-collarblue-collarblue-collarblue-collarblue-collarblue-collarblue-collarblue-collarblue-collarblue-collarblue-collarblue-collarblue-collarblue-collarblue-collarblue-collarblue-collarblue-collarblue-collarblue-collarblue-collarblue-collarblue-collarblue-collarblue-collarblue-collarblue-collarblue-collarblue-collarblue-collarblue-collarblue-collarblue-collarblue-collarblue-collarblue-collarblue-collarblue-collarblue-collarblue-collarblue-collarblue-collarblue-collarblue-collarblue-collarblue-collarblue-collarblue-collarblue-collarblue-collarblue-collarblue-collarblue-collarblue-collarblue-collarblue-collarblue-collarblue-collarblue-collarblue-collarblue-collarblue-collarblue-collarblue-collarblue-collarblue-collarblue-collarblue-collarblue-collarblue-collarblue-collarblue-collarblue-collarblue-collarblue-collarblue-collarblue-collarblue-collarblue-collarblue-collarblue-collarblue-collarblue-collarblue-collarblue-collarblue-collarblue-collarblue-collarblue-collarblue-collarblue-collarblue-collarblue-collarblue-collarblue-collarblue-collarblue-collarblue-collarblue-collarblue-collarblue-collarblue-collarblue-collarblue-collarblue-collarblue-collarblue-collarblue-collarblue-collarblue-collarblue-collarblue-collarblue-collarblue-collarblue-collarblue-collarblue-collarblue-collarblue-collarblue-collarblue-collarblue-collarblue-collarblue-collarblue-collarblue-collarblue-collarblue-collarblue-collarblue-collarblue-collarblue-collarblue-collarblue-collarblue-collarblue-collarblue-collarblue-collarblue-collarblue-collarblue-collarblue-collarblue-collarblue-collarblue-collarblue-collarblue-collarblue-collarblue-collarblue-collarblue-collarblue-collarblue-collarblue-collarblue-collarblue-collarblue-collarblue-collarblue-collarblue-collarblue-collarblue-collarblue-collarblue-collarblue-collarblue-collarblue-collarblue-collarblue-collarblue-collarblue-collarblue-collarblue-collarblue-collarblue-collarblue-collarblue-collarblue-collarblue-collarblue-collarblue-collarblue-collarblue-collarblue-collarblue-collarblue-collarblue-collarblue-collarblue-collarblue-collarblue-collarblue-collarblue-collarblue-collarblue-collarblue-collarblue-collarblue-collarblue-collarblue-collarblue-collarblue-collarblue-collarblue-collarblue-collarblue-collarblue-collarblue-collarblue-collarblue-collarblue-collarblue-collarblue-collarblue-collarblue-collarblue-collarblue-collarblue-collarblue-collarblue-collarblue-collarblue-collarblue-collarblue-collarblue-collarblue-collarblue-collarblue-collarblue-collarblue-collarblue-collarblue-collarblue-collarblue-collarblue-collarblue-collarblue-collarblue-collarblue-collarblue-collarblue-collarblue-collarblue-collarblue-collarblue-collarblue-collarblue-collarblue-collarblue-collarblue-collarblue-collarblue-collarblue-collarblue-collarblue-collarblue-collarblue-collarblue-collarblue-collarblue-collarblue-collarblue-collarblue-collarblue-collarblue-collarblue-collarblue-collarblue-collarblue-collarblue-collarblue-collarblue-collarblue-collarblue-collarblue-collarblue-collarblue-collarblue-collarblue-collarblue-collarblue-collarblue-collarblue-collarblue-collarblue-collarblue-collarblue-collarblue-collarblue-collarblue-collarblue-collarblue-collarblue-collarblue-collarblue-collarblue-collarblue-collarblue-collarblue-collarblue-collarblue-collarblue-collarblue-collarblue-collarblue-collarblue-collarblue-collarblue-collarblue-collarblue-collarblue-collarblue-collarblue-collarblue-collarblue-collarblue-collarblue-collarblue-collarblue-collarblue-collarblue-collarblue-collarblue-collarblue-collarblue-collarblue-collarblue-collarblue-collarblue-collarblue-collarblue-collarblue-collarblue-collarblue-collarblue-collarblue-collarblue-collarblue-collarblue-collarblue-collarblue-collarblue-collarblue-collarblue-collarblue-collarblue-collarblue-collarblue-collarblue-collarblue-collarblue-collarblue-collarblue-collarblue-collarblue-collarblue-collarblue-collarblue-collarblue-collarblue-collarblue-collarblue-collarblue-collarblue-collarblue-collarblue-collarblue-collarblue-collarblue-collarblue-collarblue-collarblue-collarblue-collarblue-collarblue-collarblue-collarblue-collarblue-collarblue-collarblue-collarblue-collarblue-collarblue-collarblue-collarblue-collarblue-collarblue-collarblue-collarblue-collarblue-collarblue-collarblue-collarblue-collarblue-collarblue-collarblue-collarblue-collarblue-collarblue-collarblue-collarblue-collarblue-collarblue-collarblue-collarblue-collarblue-collarblue-collarblue-collarblue-collarblue-collarblue-collarblue-collarblue-collarblue-collarblue-collarblue-collarblue-collarblue-collarblue-collarblue-collarblue-collarblue-collarblue-collarblue-collarblue-collarblue-collarblue-collarblue-collarblue-collarblue-collarblue-collarblue-collarblue-collarblue-collarblue-collarblue-collarblue-collarblue-collarblue-collarblue-collarblue-collarblue-collarblue-collarblue-collarblue-collarblue-collarblue-collarblue-collarblue-collarblue-collarblue-collarblue-collarblue-collarblue-collarblue-collarblue-collarblue-collarblue-collarblue-collarblue-collarblue-collarblue-collarblue-collarblue-collarblue-collarblue-collarblue-collarblue-collarblue-collarblue-collarblue-collarblue-collarblue-collarblue-collarblue-collarblue-collarblue-collarblue-collarblue-collarblue-collarblue-collarblue-collarblue-collarblue-collarblue-collarblue-collarblue-collarblue-collarblue-collarblue-collarblue-collarblue-collarblue-collarblue-collarblue-collarblue-collarblue-collarblue-collarblue-collarblue-collarblue-collarblue-collarblue-collarblue-collarblue-collarblue-collarblue-collarblue-collarblue-collarblue-collarblue-collarblue-collarblue-collarblue-collarblue-collarblue-collarblue-collarblue-collarblue-collarblue-collarblue-collarblue-collarblue-collarblue-collarblue-collarblue-collarblue-collarblue-collarblue-collarblue-collarblue-collarblue-collarblue-collarblue-collarblue-collarblue-collarblue-collarblue-collarblue-collarblue-collarblue-collarblue-collarblue-collarblue-collarblue-collarblue-collarblue-collarblue-collarblue-collarblue-collarblue-collarblue-collarblue-collarblue-collarblue-collarblue-collarblue-collarblue-collarblue-collarblue-collarblue-collarblue-collarblue-collarblue-collarblue-collarblue-collarblue-collarblue-collarblue-collarblue-collarblue-collarblue-collarblue-collarblue-collarblue-collarblue-collarblue-collarblue-collarblue-collarblue-collarblue-collarblue-collarblue-collarblue-collarblue-collarblue-collarblue-collarblue-collarblue-collarblue-collarblue-collarblue-collarblue-collarblue-collarblue-collarblue-collarblue-collarblue-collarblue-collarblue-collarblue-collarblue-collarblue-collarblue-collarblue-collarblue-collarblue-collarblue-collarblue-collarblue-collarblue-collarblue-collarblue-collarblue-collarblue-collarblue-collarblue-collarblue-collarblue-collarblue-collarblue-collarblue-collarblue-collarblue-collarblue-collarblue-collarblue-collarblue-collarblue-collarblue-collarblue-collarblue-collarblue-collarblue-collarblue-collarblue-collarblue-collarblue-collarblue-collarblue-collarblue-collarblue-collarblue-collarblue-collarblue-collarblue-collarblue-collarblue-collarblue-collarblue-collarblue-collarblue-collarblue-collarblue-collarblue-collarblue-collarblue-collarblue-collarblue-collarblue-collarblue-collarblue-collarblue-collarblue-collarblue-collarblue-collarblue-collarblue-collarblue-collarblue-collarblue-collarblue-collarblue-collarblue-collarblue-collarblue-collarblue-collarblue-collarblue-collarblue-collarblue-collarblue-collarblue-collarblue-collarblue-collarblue-collarblue-collarblue-collarblue-collarblue-collarblue-collarblue-collarblue-collarblue-collarblue-collarblue-collarblue-collarblue-collarblue-collarblue-collarblue-collarblue-collarblue-collarblue-collarblue-collarblue-collarblue-collarblue-collarblue-collarblue-collarblue-collarblue-collarblue-collarblue-collarblue-collarblue-collarblue-collarblue-collarblue-collarblue-collarblue-collarblue-collarblue-collarblue-collarblue-collarblue-collarblue-collarblue-collarblue-collarblue-collarblue-collarblue-collarblue-collarblue-collarblue-collarblue-collarblue-collarblue-collarblue-collarblue-collarblue-collarblue-collarblue-collarblue-collarblue-collarblue-collarblue-collarblue-collarblue-collarblue-collarblue-collarblue-collarblue-collarblue-collarblue-collarblue-collarblue-collarblue-collarblue-collarblue-collarblue-collarblue-collarblue-collarblue-collarblue-collarblue-collarblue-collarblue-collarblue-collarblue-collarblue-collarblue-collarblue-collarblue-collarblue-collarblue-collarblue-collarblue-collarblue-collarblue-collarblue-collarblue-collarblue-collarblue-collarblue-collarblue-collarblue-collarblue-collarblue-collarblue-collarblue-collarblue-collarblue-collarblue-collarblue-collarblue-collarblue-collarblue-collarblue-collarblue-collarblue-collarblue-collarblue-collarblue-collarblue-collarblue-collarblue-collarblue-collarblue-collarblue-collarblue-collarblue-collarblue-collarblue-collarblue-collarblue-collarblue-collarblue-collarblue-collarblue-collarblue-collarblue-collarblue-collarblue-collarblue-collarblue-collarblue-collarblue-collarblue-collarblue-collarblue-collarblue-collarblue-collarblue-collarblue-collarblue-collarblue-collarblue-collarblue-collarblue-collarblue-collarblue-collarblue-collarblue-collarblue-collarblue-collarblue-collarblue-collarblue-collarblue-collarblue-collarblue-collarblue-collarblue-collarblue-collarblue-collarblue-collarblue-collarblue-collarblue-collarblue-collarblue-collarblue-collarblue-collarblue-collarblue-collarblue-collarblue-collarblue-collarblue-collarblue-collarblue-collarblue-collarblue-collarblue-collarblue-collarblue-collarblue-collarblue-collarblue-collarblue-collarblue-collarblue-collarblue-collarblue-collarblue-collarblue-collarblue-collarblue-collarblue-collarblue-collarblue-collarblue-collarblue-collarblue-collarblue-collarblue-collarblue-collarblue-collarblue-collarblue-collarblue-collarblue-collarblue-collarblue-collarblue-collarblue-collarblue-collarblue-collarblue-collarblue-collarblue-collarblue-collarblue-collarblue-collarblue-collarblue-collarblue-collarblue-collarblue-collarblue-collarblue-collarblue-collarblue-collarblue-collarblue-collarblue-collarblue-collarblue-collarblue-collarblue-collarblue-collarblue-collarblue-collarblue-collarblue-collarblue-collarblue-collarblue-collarblue-collarblue-collarblue-collarblue-collarblue-collarblue-collarblue-collarblue-collarblue-collarblue-collarblue-collarblue-collarblue-collarblue-collarblue-collarblue-collarblue-collarblue-collarblue-collarblue-collarblue-collarblue-collarblue-collarblue-collarblue-collarblue-collarblue-collarblue-collarblue-collarblue-collarblue-collarblue-collarblue-collarblue-collarblue-collarblue-collarblue-collarblue-collarblue-collarblue-collarblue-collarblue-collarblue-collarblue-collarblue-collarblue-collarblue-collarblue-collarblue-collarblue-collarblue-collarblue-collarblue-collarblue-collarblue-collarblue-collarblue-collarblue-collarblue-collarblue-collarblue-collarblue-collarblue-collarblue-collarblue-collarblue-collarblue-collarblue-collarblue-collarblue-collarblue-collarblue-collarblue-collarblue-collarblue-collarblue-collarblue-collarblue-collarblue-collarblue-collarblue-collarblue-collarblue-collarblue-collarblue-collarblue-collarblue-collarblue-collarblue-collarblue-collarblue-collarblue-collarblue-collarblue-collarblue-collarblue-collarblue-collarblue-collarblue-collarblue-collarblue-collarblue-collarblue-collarblue-collarblue-collarblue-collarblue-collarblue-collarblue-collarblue-collarblue-collarblue-collarblue-collarblue-collarblue-collarblue-collarblue-collarblue-collarblue-collarblue-collarblue-collarblue-collarblue-collarblue-collarblue-collarblue-collarblue-collarblue-collarblue-collarblue-collarblue-collarblue-collarblue-collarblue-collarblue-collarblue-collarblue-collarblue-collarblue-collarblue-collarblue-collarblue-collarblue-collarblue-collarblue-collarblue-collarblue-collarblue-collarblue-collarblue-collarblue-collarblue-collarblue-collarblue-collarblue-collarblue-collarblue-collarblue-collarblue-collarblue-collarblue-collarblue-collarblue-collarblue-collarblue-collarblue-collarblue-collarblue-collarblue-collarblue-collarblue-collarblue-collarblue-collarblue-collarblue-collarblue-collarblue-collarblue-collarblue-collarblue-collarblue-collarblue-collarblue-collarblue-collarblue-collarblue-collarblue-collarblue-collarblue-collarblue-collarblue-collarblue-collarblue-collarblue-collarblue-collarblue-collarblue-collarblue-collarblue-collarblue-collarblue-collarblue-collarblue-collarblue-collarblue-collarblue-collarblue-collarblue-collarblue-collarblue-collarblue-collarblue-collarblue-collarblue-collarblue-collarblue-collarblue-collarblue-collarblue-collarblue-collarblue-collarblue-collarblue-collarblue-collarblue-collarblue-collarblue-collarblue-collarblue-collarblue-collarblue-collarblue-collarblue-collarblue-collarblue-collarblue-collarblue-collarblue-collarblue-collarblue-collarblue-collarblue-collarblue-collarblue-collarblue-collarblue-collarblue-collarblue-collarblue-collarblue-collarblue-collarblue-collarblue-collarblue-collarblue-collarblue-collarblue-collarblue-collarblue-collarblue-collarblue-collarblue-collarblue-collarblue-collarblue-collarblue-collarblue-collarblue-collarblue-collarblue-collarblue-collarblue-collarblue-collarblue-collarblue-collarblue-collarblue-collarblue-collarblue-collarblue-collarblue-collarblue-collarblue-collarblue-collarblue-collarblue-collarblue-collarblue-collarblue-collarblue-collarblue-collarblue-collarblue-collarblue-collarblue-collarblue-collarblue-collarblue-collarblue-collarblue-collarblue-collarblue-collarblue-collarblue-collarblue-collarblue-collarblue-collarblue-collarblue-collarblue-collarblue-collarblue-collarblue-collarblue-collarblue-collarblue-collarblue-collarblue-collarblue-collarblue-collarblue-collarblue-collarblue-collarblue-collarblue-collarblue-collarblue-collarblue-collarblue-collarblue-collarblue-collarblue-collarblue-collarblue-collarblue-collarblue-collarblue-collarblue-collarblue-collarblue-collarblue-collarblue-collarblue-collarblue-collarblue-collarblue-collarblue-collarblue-collarblue-collarblue-collarblue-collarblue-collarblue-collarblue-collarblue-collarblue-collarblue-collarblue-collarblue-collarblue-collarblue-collarblue-collarblue-collarblue-collarblue-collarblue-collarblue-collarblue-collarblue-collarblue-collarblue-collarblue-collarblue-collarblue-collarblue-collarblue-collarblue-collarblue-collarblue-collarblue-collarblue-collarblue-collarblue-collarblue-collarblue-collarblue-collarblue-collarblue-collarblue-collarblue-collarblue-collarblue-collarblue-collarblue-collarblue-collarblue-collarblue-collarblue-collarblue-collarblue-collarblue-collarblue-collarblue-collarblue-collarblue-collarblue-collarblue-collarblue-collarblue-collarblue-collarblue-collarblue-collarblue-collarblue-collarblue-collarblue-collarblue-collarblue-collarblue-collarblue-collarblue-collarblue-collarblue-collarblue-collarblue-collarblue-collarblue-collarblue-collarblue-collarblue-collarblue-collarblue-collarblue-collarblue-collarblue-collarblue-collarblue-collarblue-collarblue-collarblue-collarblue-collarblue-collarblue-collarblue-collarblue-collarblue-collarblue-collarblue-collarblue-collarblue-collarblue-collarblue-collarblue-collarblue-collarblue-collarblue-collarblue-collarblue-collarblue-collarblue-collarblue-collarblue-collarblue-collarblue-collarblue-collarblue-collarblue-collarblue-collarblue-collarblue-collarblue-collarblue-collarblue-collarblue-collarblue-collarblue-collarblue-collarblue-collarblue-collarblue-collarblue-collarblue-collarblue-collarblue-collarblue-collarblue-collarblue-collarblue-collarblue-collarblue-collarblue-collarblue-collarblue-collarblue-collarblue-collarblue-collarblue-collarblue-collarblue-collarblue-collarblue-collarblue-collarblue-collarblue-collarblue-collarblue-collarblue-collarblue-collarblue-collarblue-collarblue-collarblue-collarblue-collarblue-collarblue-collarblue-collarblue-collarblue-collarblue-collarblue-collarblue-collarblue-collarblue-collarblue-collarblue-collarblue-collarblue-collarblue-collarblue-collarblue-collarblue-collarblue-collarblue-collarblue-collarblue-collarblue-collarblue-collarblue-collarblue-collarblue-collarblue-collarblue-collarblue-collarblue-collarblue-collarblue-collarblue-collarblue-collarblue-collarblue-collarblue-collarblue-collarblue-collarblue-collarblue-collarblue-collarblue-collarblue-collarblue-collarblue-collarblue-collarblue-collarblue-collarblue-collarblue-collarblue-collarblue-collarblue-collarblue-collarblue-collarblue-collarblue-collarblue-collarblue-collarblue-collarblue-collarblue-collarblue-collarblue-collarblue-collarblue-collarblue-collarblue-collarblue-collarblue-collarblue-collarblue-collarblue-collarblue-collarblue-collarblue-collarblue-collarblue-collarblue-collarblue-collarblue-collarblue-collarblue-collarblue-collarblue-collarblue-collarblue-collarblue-collarblue-collarblue-collarblue-collarblue-collarblue-collarblue-collarblue-collarblue-collarblue-collarblue-collarblue-collarblue-collarblue-collarblue-collarblue-collarblue-collarblue-collarblue-collarblue-collarblue-collarblue-collarblue-collarblue-collarblue-collarblue-collarblue-collarblue-collarblue-collarblue-collarblue-collarblue-collarblue-collarblue-collarblue-collarblue-collarblue-collarblue-collarblue-collarblue-collarblue-collarblue-collarblue-collarblue-collarblue-collarblue-collarblue-collarblue-collarblue-collarblue-collarblue-collarblue-collarblue-collarblue-collarblue-collarblue-collarblue-collarblue-collarblue-collarblue-collarblue-collarblue-collarblue-collarblue-collarblue-collarblue-collarblue-collarblue-collarblue-collarblue-collarblue-collarblue-collarblue-collarblue-collarblue-collarblue-collarblue-collarblue-collarblue-collarblue-collarblue-collarblue-collarblue-collarblue-collarblue-collarblue-collarblue-collarblue-collarblue-collarblue-collarblue-collarblue-collarblue-collarblue-collarblue-collarblue-collarblue-collarblue-collarblue-collarblue-collarblue-collarblue-collarblue-collarblue-collarblue-collarblue-collarblue-collarblue-collarblue-collarblue-collarblue-collarblue-collarblue-collarblue-collarblue-collarblue-collarblue-collarblue-collarblue-collarblue-collarblue-collarblue-collarblue-collarblue-collarblue-collarblue-collarblue-collarblue-collarblue-collarblue-collarblue-collarblue-collarblue-collarblue-collarblue-collarblue-collarblue-collarblue-collarblue-collarblue-collarblue-collarblue-collarblue-collarblue-collarblue-collarblue-collarblue-collarblue-collarblue-collarblue-collarblue-collarblue-collarblue-collarblue-collarblue-collarblue-collarblue-collarblue-collarblue-collarblue-collarblue-collarblue-collarblue-collarblue-collarblue-collarblue-collarblue-collarblue-collarblue-collarblue-collarblue-collarblue-collarblue-collarblue-collarblue-collarblue-collarblue-collarblue-collarblue-collarblue-collarblue-collarblue-collarblue-collarblue-collarblue-collarblue-collarblue-collarblue-collarblue-collarblue-collarblue-collarblue-collarblue-collarblue-collarblue-collarblue-collarblue-collarblue-collarblue-collarblue-collarblue-collarblue-collarblue-collarblue-collarblue-collarblue-collarblue-collarblue-collarblue-collarblue-collarblue-collarblue-collarblue-collarblue-collarblue-collarblue-collarblue-collarblue-collarblue-collarblue-collarblue-collarblue-collarblue-collarblue-collarblue-collarblue-collarblue-collarblue-collarblue-collarblue-collarblue-collarblue-collarblue-collarblue-collarblue-collarblue-collarblue-collarblue-collarblue-collarblue-collarblue-collarblue-collarblue-collarblue-collarblue-collarblue-collarblue-collarblue-collarblue-collarblue-collarblue-collarblue-collarblue-collarblue-collarblue-collarblue-collarblue-collarblue-collarblue-collarblue-collarblue-collarblue-collarblue-collarblue-collarblue-collarblue-collarblue-collarblue-collarblue-collarblue-collarblue-collarblue-collarblue-collarblue-collarblue-collarblue-collarblue-collarblue-collarblue-collarblue-collarblue-collarblue-collarblue-collarblue-collarblue-collarblue-collarblue-collarblue-collarblue-collarblue-collarblue-collarblue-collarblue-collarblue-collarblue-collarblue-collarblue-collarblue-collarblue-collarblue-collarblue-collarblue-collarblue-collarblue-collarblue-collarblue-collarblue-collarblue-collarblue-collarblue-collarblue-collarblue-collarblue-collarblue-collarblue-collarblue-collarblue-collarblue-collarblue-collarblue-collarblue-collarblue-collarblue-collarblue-collarblue-collarblue-collarblue-collarblue-collarblue-collarblue-collarblue-collarblue-collarblue-collarblue-collarblue-collarblue-collarblue-collarblue-collarblue-collarblue-collarblue-collarblue-collarblue-collarblue-collarblue-collarblue-collarblue-collarblue-collarblue-collarblue-collarblue-collarblue-collarblue-collarblue-collarblue-collarblue-collarblue-collarblue-collarblue-collarblue-collarblue-collarblue-collarblue-collarblue-collarblue-collarblue-collarblue-collarblue-collarblue-collarblue-collarblue-collarblue-collarblue-collarblue-collarblue-collarblue-collarblue-collarblue-collarblue-collarblue-collarblue-collarblue-collarblue-collarblue-collarblue-collarblue-collarblue-collarblue-collarblue-collarblue-collarblue-collarblue-collarblue-collarblue-collarblue-collarblue-collarblue-collarblue-collarblue-collarblue-collarblue-collarblue-collarblue-collarblue-collarblue-collarblue-collarblue-collarblue-collarblue-collarblue-collarblue-collarblue-collarblue-collarblue-collarblue-collarblue-collarblue-collarblue-collarblue-collarblue-collarblue-collarblue-collarblue-collarblue-collarblue-collarblue-collarblue-collarblue-collarblue-collarblue-collarblue-collarblue-collarblue-collarblue-collarblue-collarblue-collarblue-collarblue-collarblue-collarblue-collarblue-collarblue-collarblue-collarblue-collarblue-collarblue-collarblue-collarblue-collarblue-collarblue-collarblue-collarblue-collarblue-collarblue-collarblue-collarblue-collarblue-collarblue-collarblue-collarblue-collarblue-collarblue-collarblue-collarblue-collarblue-collarblue-collarblue-collarblue-collarblue-collarblue-collarblue-collarblue-collarblue-collarblue-collarblue-collarblue-collarblue-collarblue-collarblue-collarblue-collarblue-collarblue-collarblue-collarblue-collarblue-collarblue-collarblue-collarblue-collarblue-collarblue-collarblue-collarblue-collarblue-collarblue-collarblue-collarblue-collarblue-collarblue-collarblue-collarblue-collarblue-collarblue-collarblue-collarblue-collarblue-collarblue-collarblue-collarblue-collarblue-collarblue-collarblue-collarblue-collarblue-collarblue-collarblue-collarblue-collarblue-collarblue-collarblue-collarblue-collarblue-collarblue-collarblue-collarblue-collarblue-collarblue-collarblue-collarblue-collarblue-collarblue-collarblue-collarblue-collarblue-collarblue-collarblue-collarblue-collarblue-collarblue-collarblue-collarblue-collarblue-collarblue-collarblue-collarblue-collarblue-collarblue-collarblue-collarblue-collarblue-collarblue-collarblue-collarblue-collarblue-collarblue-collarblue-collarblue-collarblue-collarblue-collarblue-collarblue-collarblue-collarblue-collarblue-collarblue-collarblue-collarblue-collarblue-collarblue-collarblue-collarblue-collarblue-collarblue-collarblue-collarblue-collarblue-collarblue-collarblue-collarblue-collarblue-collarblue-collarblue-collarblue-collarblue-collarblue-collarblue-collarblue-collarblue-collarblue-collarblue-collarblue-collarblue-collarblue-collarblue-collarblue-collarblue-collarblue-collarblue-collarblue-collarblue-collarblue-collarblue-collarblue-collarblue-collarblue-collarblue-collarblue-collarblue-collarblue-collarblue-collarblue-collarblue-collarblue-collarblue-collarblue-collarblue-collarblue-collarblue-collarblue-collarblue-collarblue-collarblue-collarblue-collarblue-collarblue-collarblue-collarblue-collarblue-collarblue-collarblue-collarblue-collarblue-collarblue-collarblue-collarblue-collarblue-collarblue-collarblue-collarblue-collarblue-collarblue-collarblue-collarblue-collarblue-collarblue-collarblue-collarblue-collarblue-collarblue-collarblue-collarblue-collarblue-collarblue-collarblue-collarblue-collarblue-collarblue-collarblue-collarblue-collarblue-collarblue-collarblue-collarblue-collarblue-collarblue-collarblue-collarblue-collarblue-collarblue-collarblue-collarblue-collarblue-collarblue-collarblue-collarblue-collarblue-collarblue-collarblue-collarblue-collarblue-collarblue-collarblue-collarblue-collarblue-collarblue-collarblue-collarblue-collarblue-collarblue-collarblue-collarblue-collarblue-collarblue-collarblue-collarblue-collarblue-collarblue-collarblue-collarblue-collarblue-collarblue-collarblue-collarblue-collarblue-collarblue-collarblue-collarblue-collarblue-collarblue-collarblue-collarblue-collarblue-collarblue-collarblue-collarblue-collarblue-collarblue-collarblue-collarblue-collarblue-collarblue-collarblue-collarblue-collarblue-collarblue-collarblue-collarblue-collarblue-collarblue-collarblue-collarblue-collarblue-collarblue-collarblue-collarblue-collarblue-collarblue-collarblue-collarblue-collarblue-collarblue-collarblue-collarblue-collarblue-collarblue-collarblue-collarblue-collarblue-collarblue-collarblue-collarblue-collarblue-collarblue-collarblue-collarblue-collarblue-collarblue-collarblue-collarblue-collarblue-collarblue-collarblue-collarblue-collarblue-collarblue-collarblue-collarblue-collarblue-collarblue-collarblue-collarblue-collarblue-collarblue-collarblue-collarblue-collarblue-collarblue-collarblue-collarblue-collarblue-collarblue-collarblue-collarblue-collarblue-collarblue-collarblue-collarblue-collarblue-collarblue-collarblue-collarblue-collarblue-collarblue-collarblue-collarblue-collarblue-collarblue-collarblue-collarblue-collarblue-collarblue-collarblue-collarblue-collarblue-collarblue-collarblue-collarblue-collarblue-collarblue-collarblue-collarblue-collarblue-collarblue-collarblue-collarblue-collarblue-collarblue-collarblue-collarblue-collarblue-collarblue-collarblue-collarblue-collarblue-collarblue-collarblue-collarblue-collarblue-collarblue-collarblue-collarblue-collarblue-collarblue-collarblue-collarblue-collarblue-collarblue-collarblue-collarblue-collarblue-collarblue-collarblue-collarblue-collarblue-collarblue-collarblue-collarblue-collarblue-collarblue-collarblue-collarblue-collarblue-collarblue-collarblue-collarblue-collarblue-collarblue-collarblue-collarblue-collarblue-collarblue-collarblue-collarblue-collarblue-collarblue-collarblue-collarblue-collarblue-collarblue-collarblue-collarblue-collarblue-collarblue-collarblue-collarblue-collarblue-collarblue-collarblue-collarblue-collarblue-collarblue-collarblue-collarblue-collarblue-collarblue-collarblue-collarblue-collarblue-collarblue-collarblue-collarblue-collarblue-collarblue-collarblue-collarblue-collarblue-collarblue-collarblue-collarblue-collarblue-collarblue-collarblue-collarblue-collarblue-collarblue-collarblue-collarblue-collarblue-collarblue-collarblue-collarblue-collarblue-collarblue-collarblue-collarblue-collarblue-collarblue-collarblue-collarblue-collarblue-collarblue-collarblue-collarblue-collarblue-collarblue-collarblue-collarblue-collarblue-collarblue-collarblue-collarblue-collarblue-collarblue-collarblue-collarblue-collarblue-collarblue-collarblue-collarblue-collarblue-collarblue-collarblue-collarblue-collarblue-collarblue-collarblue-collarblue-collarblue-collarblue-collarblue-collarblue-collarblue-collarblue-collarblue-collarblue-collarblue-collarblue-collarblue-collarblue-collarblue-collarblue-collarblue-collarblue-collarblue-collarblue-collarblue-collarblue-collarblue-collarblue-collarblue-collarblue-collarblue-collarblue-collarblue-collarblue-collarblue-collarblue-collarblue-collarblue-collarblue-collarblue-collarblue-collarblue-collarblue-collarblue-collarblue-collarblue-collarblue-collarblue-collarblue-collarblue-collarblue-collarblue-collarblue-collarblue-collarblue-collarblue-collarblue-collarblue-collarblue-collarblue-collarblue-collarblue-collarblue-collarblue-collarblue-collarblue-collarblue-collarblue-collarblue-collarblue-collarblue-collarblue-collarblue-collarblue-collarblue-collarblue-collarblue-collarblue-collarblue-collarblue-collarblue-collarblue-collarblue-collarblue-collarblue-collarblue-collarblue-collarblue-collarblue-collarblue-collarblue-collarblue-collarblue-collarblue-collarblue-collarblue-collarblue-collarblue-collarblue-collarblue-collarblue-collarblue-collarblue-collarblue-collarblue-collarblue-collarblue-collarblue-collarblue-collarblue-collarblue-collarblue-collarblue-collarblue-collarblue-collarblue-collarblue-collarblue-collarblue-collarblue-collarblue-collarblue-collarblue-collarblue-collarblue-collarblue-collarblue-collarblue-collarblue-collarblue-collarblue-collarblue-collarblue-collarblue-collarblue-collarblue-collarblue-collarblue-collarblue-collarblue-collarblue-collarblue-collarblue-collarblue-collarblue-collarblue-collarblue-collarblue-collarblue-collarblue-collarblue-collarblue-collarblue-collarblue-collarblue-collarblue-collarblue-collarblue-collarblue-collarblue-collarblue-collarblue-collarblue-collarblue-collarblue-collarblue-collarblue-collarblue-collarblue-collarblue-collarblue-collarblue-collarblue-collarblue-collarblue-collarblue-collarblue-collarblue-collarblue-collarblue-collarblue-collarblue-collarblue-collarblue-collarblue-collarblue-collarblue-collarblue-collarblue-collarblue-collarblue-collarblue-collarblue-collarblue-collarblue-collarblue-collarblue-collarblue-collarblue-collarblue-collarblue-collarblue-collarblue-collarblue-collarblue-collarblue-collarblue-collarblue-collarblue-collarblue-collarblue-collarblue-collarblue-collarblue-collarblue-collarblue-collarblue-collarblue-collarblue-collarblue-collarblue-collarblue-collarblue-collarblue-collarblue-collarblue-collarblue-collarblue-collarblue-collarblue-collarblue-collarblue-collarblue-collarblue-collarblue-collarblue-collarblue-collarblue-collarblue-collarblue-collarblue-collarblue-collarblue-collarblue-collarblue-collarblue-collarblue-collarblue-collarblue-collarblue-collarblue-collarblue-collarblue-collarblue-collarblue-collarblue-collarblue-collarblue-collarblue-collarblue-collarblue-collarblue-collarblue-collarblue-collarblue-collarblue-collarblue-collarblue-collarblue-collarblue-collarblue-collarblue-collarblue-collarblue-collarblue-collarblue-collarblue-collarblue-collarblue-collarblue-collarblue-collarblue-collarblue-collarblue-collarblue-collarblue-collarblue-collarblue-collarblue-collarblue-collarblue-collarblue-collarblue-collarblue-collarblue-collarblue-collarblue-collarblue-collarblue-collarblue-collarblue-collarblue-collarblue-collarblue-collarblue-collarblue-collarblue-collarblue-collarblue-collarblue-collarblue-collarblue-collarblue-collarblue-collarblue-collarblue-collarblue-collarblue-collarblue-collarblue-collarblue-collarblue-collarblue-collarblue-collarblue-collarblue-collarblue-collarblue-collarblue-collarblue-collarblue-collarblue-collarblue-collarblue-collarblue-collarblue-collarblue-collarblue-collarblue-collarblue-collarblue-collarblue-collarblue-collarblue-collarblue-collarblue-collarblue-collarblue-collarblue-collarblue-collarblue-collarblue-collarblue-collarblue-collarblue-collarblue-collarblue-collarblue-collarblue-collarblue-collarblue-collarblue-collarblue-collarblue-collarblue-collarblue-collarblue-collarblue-collarblue-collarblue-collarblue-collarblue-collarblue-collarblue-collarblue-collarblue-collarblue-collarblue-collarblue-collarblue-collarblue-collarblue-collarblue-collarblue-collarblue-collarblue-collarblue-collarblue-collarblue-collarblue-collarblue-collarblue-collarblue-collarblue-collarblue-collarblue-collarblue-collarblue-collarblue-collarblue-collarblue-collarblue-collarblue-collarblue-collarblue-collarblue-collarblue-collarblue-collarblue-collarblue-collarblue-collarblue-collarblue-collarblue-collarblue-collarblue-collarblue-collarblue-collarblue-collarblue-collarblue-collarblue-collarblue-collarblue-collarblue-collarblue-collarblue-collarblue-collarblue-collarblue-collarblue-collarblue-collarblue-collarblue-collarblue-collarblue-collarblue-collarblue-collarblue-collarblue-collarblue-collarblue-collarblue-collarblue-collarblue-collarblue-collarblue-collarblue-collarblue-collarblue-collarblue-collarblue-collarblue-collarblue-collarblue-collarblue-collarblue-collarblue-collarblue-collarblue-collarblue-collarblue-collarblue-collarblue-collarblue-collarblue-collarblue-collarblue-collarblue-collarblue-collarblue-collarblue-collarblue-collarblue-collarblue-collarblue-collarblue-collarblue-collarblue-collarblue-collarblue-collarblue-collarblue-collarblue-collarblue-collarblue-collarblue-collarblue-collarblue-collarblue-collarblue-collarblue-collarblue-collarblue-collarblue-collarblue-collarblue-collarblue-collarblue-collarblue-collarblue-collarblue-collarblue-collarblue-collarblue-collarblue-collarblue-collarblue-collarblue-collarblue-collarblue-collarblue-collarblue-collarblue-collarblue-collarblue-collarblue-collarblue-collarblue-collarblue-collarblue-collarblue-collarblue-collarblue-collarblue-collarblue-collarblue-collarblue-collarblue-collarblue-collarblue-collarblue-collarblue-collarblue-collarblue-collarblue-collarblue-collarblue-collarblue-collarblue-collarblue-collarblue-collarblue-collarblue-collarblue-collarblue-collarblue-collarblue-collarblue-collarblue-collarblue-collarblue-collarblue-collarblue-collarblue-collarblue-collarblue-collarblue-collarblue-collarblue-collarblue-collarblue-collarblue-collarblue-collarblue-collarblue-collarblue-collarblue-collarblue-collarblue-collarblue-collarblue-collarblue-collarblue-collarblue-collarblue-collarblue-collarblue-collarblue-collarblue-collarblue-collarblue-collarblue-collarblue-collarblue-collarblue-collarblue-collarblue-collarblue-collarblue-collarblue-collarblue-collarblue-collarblue-collarblue-collarblue-collarblue-collarblue-collarblue-collarblue-collarblue-collarblue-collarblue-collarblue-collarblue-collarblue-collarblue-collarblue-collarblue-collarblue-collarblue-collarblue-collarblue-collarblue-collarblue-collarblue-collarblue-collarblue-collarblue-collarblue-collarblue-collarblue-collarblue-collarblue-collarblue-collarblue-collarblue-collarblue-collarblue-collarblue-collarblue-collarblue-collarblue-collarblue-collarblue-collarblue-collarblue-collarblue-collarblue-collarblue-collarblue-collarblue-collarblue-collarblue-collarblue-collarblue-collarblue-collarblue-collarblue-collarblue-collarblue-collarblue-collarblue-collarblue-collarblue-collarblue-collarblue-collarblue-collarblue-collarblue-collarblue-collarblue-collarblue-collarblue-collarblue-collarblue-collarblue-collarblue-collarblue-collarblue-collarblue-collarblue-collarblue-collarblue-collarblue-collarblue-collarblue-collarblue-collarblue-collarblue-collarblue-collarblue-collarblue-collarblue-collarblue-collarblue-collarblue-collarblue-collarblue-collarblue-collarblue-collarblue-collarblue-collarblue-collarblue-collarblue-collarblue-collarblue-collarblue-collarblue-collarblue-collarblue-collarblue-collarblue-collarblue-collarblue-collarblue-collarblue-collarblue-collarblue-collarblue-collarblue-collarblue-collarblue-collarblue-collarblue-collarblue-collarblue-collarblue-collarblue-collarblue-collarblue-collarblue-collarblue-collarblue-collarblue-collarblue-collarblue-collarblue-collarblue-collarblue-collarblue-collarblue-collarblue-collarblue-collarblue-collarblue-collarblue-collarblue-collarblue-collarblue-collarblue-collarblue-collarblue-collarblue-collarblue-collarblue-collarblue-collarblue-collarblue-collarblue-collarblue-collarblue-collarblue-collarblue-collarblue-collarblue-collarblue-collarblue-collarblue-collarblue-collarblue-collarblue-collarblue-collarblue-collarblue-collarblue-collarblue-collarblue-collarblue-collarblue-collarblue-collarblue-collarblue-collarblue-collarblue-collarblue-collarblue-collarblue-collarblue-collarblue-collarblue-collarblue-collarblue-collarblue-collarblue-collarblue-collarblue-collarblue-collarblue-collarblue-collarblue-collarblue-collarblue-collarblue-collarblue-collarblue-collarblue-collarblue-collarblue-collarblue-collarblue-collarblue-collarblue-collarblue-collarblue-collarblue-collarblue-collarblue-collarblue-collarblue-collarblue-collarblue-collarblue-collarblue-collarblue-collarblue-collarblue-collarblue-collarblue-collarblue-collarblue-collarblue-collarblue-collarblue-collarblue-collarblue-collarblue-collarblue-collarblue-collarblue-collarblue-collarblue-collarblue-collarblue-collarblue-collarblue-collarblue-collarblue-collarblue-collarblue-collarblue-collarblue-collarblue-collarblue-collarblue-collarblue-collarblue-collarblue-collarblue-collarblue-collarblue-collarblue-collarblue-collarblue-collarblue-collarblue-collarblue-collarblue-collarblue-collarblue-collarblue-collarblue-collarblue-collarblue-collarblue-collarblue-collarblue-collarblue-collarblue-collarblue-collarblue-collarblue-collarblue-collarblue-collarblue-collarblue-collarblue-collarblue-collarblue-collarblue-collarblue-collarblue-collarblue-collarblue-collarblue-collarblue-collarblue-collarblue-collarblue-collarblue-collarblue-collarblue-collarblue-collarblue-collarblue-collarblue-collarblue-collarblue-collarblue-collarblue-collarblue-collarblue-collarblue-collarblue-collarblue-collarblue-collarblue-collarblue-collarblue-collarblue-collarblue-collarblue-collarblue-collarblue-collarblue-collarblue-collarblue-collarblue-collarblue-collarblue-collarblue-collarblue-collarblue-collarblue-collarblue-collarblue-collarblue-collarblue-collarblue-collarblue-collarblue-collarblue-collarblue-collarblue-collarblue-collarblue-collarblue-collarblue-collarblue-collarblue-collarblue-collarblue-collarblue-collarblue-collarblue-collarblue-collarblue-collarblue-collarblue-collarblue-collarblue-collarblue-collarblue-collarblue-collarblue-collarblue-collarblue-collarblue-collarblue-collarblue-collarblue-collarblue-collarblue-collarblue-collarblue-collarblue-collarblue-collarblue-collarblue-collarblue-collarblue-collarblue-collarblue-collarblue-collarblue-collarblue-collarblue-collarblue-collarblue-collarblue-collarblue-collarblue-collarblue-collarblue-collarblue-collarblue-collarblue-collarblue-collarblue-collarblue-collarblue-collarblue-collarblue-collarblue-collarblue-collarblue-collarblue-collarblue-collarblue-collarblue-collarblue-collarblue-collarblue-collarblue-collarblue-collarblue-collarblue-collarblue-collarblue-collarblue-collarblue-collarblue-collarblue-collarblue-collarblue-collarblue-collarblue-collarblue-collarblue-collarblue-collarblue-collarblue-collarblue-collarblue-collarblue-collarblue-collarblue-collarblue-collarblue-collarblue-collarblue-collarblue-collarblue-collarblue-collarblue-collarblue-collarblue-collarblue-collarblue-collarblue-collarblue-collarblue-collarblue-collarblue-collarblue-collarblue-collarblue-collarblue-collarblue-collarblue-collarblue-collarblue-collarblue-collarblue-collarblue-collarblue-collarblue-collarblue-collarblue-collarblue-collarblue-collarblue-collarblue-collarblue-collarblue-collarblue-collarblue-collarblue-collarblue-collarblue-collarblue-collarblue-collarblue-collarblue-collarblue-collarblue-collarblue-collarblue-collarblue-collarblue-collarblue-collarblue-collarblue-collarblue-collarblue-collarblue-collarblue-collarblue-collarblue-collarblue-collarblue-collarblue-collarblue-collarblue-collarblue-collarblue-collarblue-collarblue-collarblue-collarblue-collarblue-collarblue-collarblue-collarblue-collarblue-collarblue-collarblue-collarblue-collarblue-collarblue-collarblue-collarblue-collarblue-collarblue-collarblue-collarblue-collarblue-collarblue-collarblue-collarblue-collarblue-collarblue-collarblue-collarblue-collarblue-collarblue-collarblue-collarblue-collarblue-collarblue-collarblue-collarblue-collarblue-collarblue-collarblue-collarblue-collarblue-collarblue-collarblue-collarblue-collarblue-collarblue-collarblue-collarblue-collarblue-collarblue-collarblue-collarblue-collarblue-collarblue-collarblue-collarblue-collarblue-collarblue-collarblue-collarblue-collarblue-collarblue-collarblue-collarblue-collarblue-collarblue-collarblue-collarblue-collarblue-collarblue-collarblue-collarblue-collarblue-collarblue-collarblue-collarblue-collarblue-collarblue-collarblue-collarblue-collarblue-collarblue-collarblue-collarblue-collarblue-collarblue-collarblue-collarblue-collarblue-collarblue-collarblue-collarblue-collarblue-collarblue-collarblue-collarblue-collarblue-collarblue-collarblue-collarblue-collarblue-collarblue-collarblue-collarblue-collarblue-collarblue-collarblue-collarblue-collarblue-collarblue-collarblue-collarblue-collarblue-collarblue-collarblue-collarblue-collarblue-collarblue-collarblue-collarblue-collarblue-collarblue-collarblue-collarblue-collarblue-collarblue-collarblue-collarblue-collarblue-collarblue-collarblue-collarblue-collarblue-collarblue-collarblue-collarblue-collarblue-collarblue-collarblue-collarblue-collarblue-collarblue-collarblue-collarblue-collarblue-collarblue-collarblue-collarblue-collarblue-collarblue-collarblue-collarblue-collarblue-collarblue-collarblue-collarblue-collarblue-collarblue-collarblue-collarblue-collarblue-collarblue-collarblue-collarblue-collarblue-collarblue-collarblue-collarblue-collarblue-collarblue-collarblue-collarblue-collarblue-collarblue-collarblue-collarblue-collarblue-collarblue-collarblue-collarblue-collarblue-collarblue-collarblue-collarblue-collarblue-collarblue-collarblue-collarblue-collarblue-collarblue-collarblue-collarblue-collarblue-collarblue-collarblue-collarblue-collarblue-collarblue-collarblue-collarblue-collarblue-collarblue-collarblue-collarblue-collarblue-collarblue-collarblue-collarblue-collarblue-collarblue-collarblue-collarblue-collarblue-collarblue-collarblue-collarblue-collarblue-collarblue-collarblue-collarblue-collarblue-collarblue-collarblue-collarblue-collarblue-collarblue-collarblue-collarblue-collarblue-collarblue-collarblue-collarblue-collarblue-collarblue-collarblue-collarblue-collarblue-collarblue-collarblue-collarblue-collarblue-collarblue-collarblue-collarblue-collarblue-collarblue-collarblue-collarblue-collarblue-collarblue-collarblue-collarblue-collarblue-collarblue-collarblue-collarblue-collarblue-collarblue-collarblue-collarblue-collarblue-collarblue-collarblue-collarblue-collarblue-collarblue-collarblue-collarblue-collarblue-collarblue-collarblue-collarblue-collarblue-collarblue-collarblue-collarblue-collarblue-collarblue-collarblue-collarblue-collarblue-collarblue-collarblue-collarblue-collarblue-collarblue-collarblue-collarblue-collarblue-collarblue-collarblue-collarblue-collarblue-collarblue-collarblue-collarblue-collarblue-collarblue-collarblue-collarblue-collarblue-collarblue-collarblue-collarblue-collarblue-collarblue-collarblue-collarblue-collarblue-collarblue-collarblue-collarblue-collarblue-collarblue-collarblue-collarblue-collarblue-collarblue-collarblue-collarblue-collarblue-collarblue-collarblue-collarblue-collarblue-collarblue-collarblue-collarblue-collarblue-collarblue-collarblue-collarblue-collarblue-collarblue-collarblue-collarblue-collarblue-collarblue-collarblue-collarblue-collarblue-collarblue-collarblue-collarblue-collarblue-collarblue-collarblue-collarblue-collarblue-collarblue-collarblue-collarblue-collarblue-collarblue-collarblue-collarblue-collarblue-collarblue-collarblue-collarblue-collarblue-collarblue-collarblue-collarblue-collarblue-collarblue-collarblue-collarblue-collarblue-collarblue-collarblue-collarblue-collarblue-collarblue-collarblue-collarblue-collarblue-collarblue-collarblue-collarblue-collarblue-collarblue-collarblue-collarblue-collarblue-collarblue-collarblue-collarblue-collarblue-collarblue-collarblue-collarblue-collarblue-collarblue-collarblue-collarblue-collarblue-collarblue-collarblue-collarblue-collarblue-collarblue-collarblue-collarblue-collarblue-collarblue-collarblue-collarblue-collarblue-collarblue-collarblue-collarblue-collarblue-collarblue-collarblue-collarblue-collarblue-collarblue-collarblue-collarblue-collarblue-collarblue-collarblue-collarblue-collarblue-collarblue-collarblue-collarblue-collarblue-collarblue-collarblue-collarblue-collarblue-collarblue-collarblue-collarblue-collarblue-collarblue-collarblue-collarblue-collarblue-collarblue-collarblue-collarblue-collarblue-collarblue-collarblue-collarblue-collarblue-collarblue-collarblue-collarblue-collarblue-collarblue-collarblue-collarblue-collarblue-collarblue-collarblue-collarblue-collarblue-collarblue-collarblue-collarblue-collarblue-collarblue-collarblue-collarblue-collarblue-collarblue-collarblue-collarblue-collarblue-collarblue-collarblue-collarblue-collarblue-collarblue-collarblue-collarblue-collarblue-collarblue-collarblue-collarblue-collarblue-collarblue-collarblue-collarblue-collarblue-collarblue-collarblue-collarblue-collarblue-collarblue-collarblue-collarblue-collarblue-collarblue-collarblue-collarblue-collarblue-collarblue-collarblue-collarblue-collarblue-collarblue-collarblue-collarblue-collarblue-collarblue-collarblue-collarblue-collarblue-collarblue-collarblue-collarblue-collarblue-collarblue-collarblue-collarblue-collarblue-collarblue-collarblue-collarblue-collarblue-collarblue-collarblue-collarblue-collarblue-collarblue-collarblue-collarblue-collarblue-collarblue-collarblue-collarblue-collarblue-collarblue-collarblue-collarblue-collarblue-collarblue-collarblue-collarblue-collarblue-collarblue-collarblue-collarblue-collarblue-collarblue-collarblue-collarblue-collarblue-collarblue-collarblue-collarblue-collarblue-collarblue-collarblue-collarblue-collarblue-collarblue-collarblue-collarblue-collarblue-collarblue-collarblue-collarblue-collarblue-collarblue-collarblue-collarblue-collarblue-collarblue-collarblue-collarblue-collarblue-collarblue-collarblue-collarblue-collarblue-collarblue-collarblue-collarblue-collarblue-collarblue-collarblue-collarblue-collarblue-collarblue-collarblue-collarblue-collarblue-collarblue-collarblue-collarblue-collarblue-collarblue-collarblue-collarblue-collarblue-collarblue-collarblue-collarblue-collarblue-collarblue-collarblue-collarblue-collarblue-collarblue-collarblue-collarblue-collarblue-collarblue-collarblue-collarblue-collarblue-collarblue-collarblue-collarblue-collarblue-collarblue-collarblue-collarblue-collarblue-collarblue-collarblue-collarblue-collarblue-collarblue-collarblue-collarblue-collarblue-collarblue-collarblue-collarblue-collarblue-collarblue-collarblue-collarblue-collarblue-collarblue-collarblue-collarblue-collarblue-collarblue-collarblue-collarblue-collarblue-collarblue-collarblue-collarblue-collarblue-collarblue-collarblue-collarblue-collarblue-collarblue-collarblue-collarblue-collarblue-collarblue-collarblue-collarblue-collarblue-collarblue-collarblue-collarblue-collarblue-collarblue-collarblue-collarblue-collarblue-collarblue-collarblue-collarblue-collarblue-collarblue-collarblue-collarblue-collarblue-collarblue-collarblue-collarblue-collarblue-collarblue-collarblue-collarblue-collarblue-collarblue-collarblue-collarblue-collarblue-collarblue-collarblue-collarblue-collarblue-collarblue-collarblue-collarblue-collarblue-collarblue-collarblue-collarblue-collarblue-collarblue-collarblue-collarblue-collarblue-collarblue-collarblue-collarblue-collarblue-collarblue-collarblue-collarblue-collarblue-collarblue-collarblue-collarblue-collarblue-collarblue-collarblue-collarblue-collarblue-collarblue-collarblue-collarblue-collarblue-collarblue-collarblue-collarblue-collarblue-collarblue-collarblue-collarblue-collarblue-collarblue-collarblue-collarblue-collarblue-collarblue-collarblue-collarblue-collarblue-collarblue-collarblue-collarblue-collarblue-collarblue-collarblue-collarblue-collarblue-collarblue-collarblue-collarblue-collarblue-collarblue-collarblue-collarblue-collarblue-collarblue-collarblue-collarblue-collarblue-collarblue-collarblue-collarblue-collarblue-collarblue-collarblue-collarblue-collarblue-collarblue-collarblue-collarblue-collarblue-collarblue-collarblue-collarblue-collarblue-collarblue-collarblue-collarblue-collarblue-collarblue-collarblue-collarblue-collarblue-collarblue-collarblue-collarblue-collarblue-collarblue-collarblue-collarblue-collarblue-collarblue-collarblue-collarblue-collarblue-collarblue-collarblue-collarblue-collarblue-collarblue-collarblue-collarblue-collarblue-collarblue-collarblue-collarblue-collarblue-collarblue-collarblue-collarblue-collarblue-collarblue-collarblue-collarblue-collarblue-collarblue-collarblue-collarblue-collarblue-collarblue-collarblue-collarblue-collarblue-collarblue-collarblue-collarblue-collarblue-collarblue-collarblue-collarblue-collarblue-collarblue-collarblue-collarblue-collarblue-collarblue-collarblue-collarblue-collarblue-collarblue-collarblue-collarblue-collarblue-collarblue-collarblue-collarblue-collarblue-collarblue-collarblue-collarblue-collarblue-collarblue-collarblue-collarblue-collarblue-collarblue-collarblue-collarblue-collarblue-collarblue-collarblue-collarblue-collarblue-collarblue-collarblue-collarblue-collarblue-collarblue-collarblue-collarblue-collarblue-collarblue-collarblue-collarblue-collarblue-collarblue-collarblue-collarblue-collarblue-collarblue-collarblue-collarblue-collarblue-collarblue-collarblue-collarblue-collarblue-collarblue-collarblue-collarblue-collarblue-collarblue-collarblue-collarblue-collarblue-collarblue-collarblue-collarblue-collarblue-collarblue-collarblue-collarblue-collarblue-collarblue-collarblue-collarblue-collarblue-collarblue-collarblue-collarblue-collarblue-collarblue-collarblue-collarblue-collarblue-collarblue-collarblue-collarblue-collarblue-collarblue-collarblue-collarblue-collarblue-collarblue-collarblue-collarblue-collarblue-collarblue-collarblue-collarblue-collarblue-collarblue-collarblue-collarblue-collarblue-collarblue-collarblue-collarblue-collarblue-collarblue-collarblue-collarblue-collarblue-collarblue-collarblue-collarblue-collarblue-collarblue-collarblue-collarblue-collarblue-collarblue-collarblue-collarblue-collarblue-collarblue-collarblue-collarblue-collarblue-collarblue-collarblue-collarblue-collarblue-collarblue-collarblue-collarblue-collarblue-collarblue-collarblue-collarblue-collarblue-collarblue-collarblue-collarblue-collarblue-collarblue-collarblue-collarblue-collarblue-collarblue-collarblue-collarblue-collarblue-collarblue-collarblue-collarblue-collarblue-collarblue-collarblue-collarblue-collarblue-collarblue-collarblue-collarblue-collarblue-collarblue-collarblue-collarblue-collarblue-collarblue-collarblue-collarblue-collarblue-collarblue-collarblue-collarblue-collarblue-collarblue-collarblue-collarblue-collarblue-collarblue-collarblue-collarblue-collarblue-collarblue-collarblue-collarblue-collarblue-collarblue-collarblue-collarblue-collarblue-collarblue-collarblue-collarblue-collarblue-collarblue-collarblue-collarblue-collarblue-collarblue-collarblue-collarblue-collarblue-collarblue-collarblue-collarblue-collarblue-collarblue-collarblue-collarblue-collarblue-collarblue-collarblue-collarblue-collarblue-collarblue-collarblue-collarblue-collarblue-collarblue-collarblue-collarblue-collarblue-collarblue-collarblue-collarblue-collarblue-collarblue-collarblue-collarblue-collarblue-collarblue-collarblue-collarblue-collarblue-collarblue-collarblue-collarblue-collarblue-collarblue-collarblue-collarblue-collarblue-collarblue-collarblue-collarblue-collarblue-collarblue-collarblue-collarblue-collarblue-collarblue-collarblue-collarblue-collarblue-collarblue-collarblue-collarblue-collarblue-collarblue-collarblue-collarblue-collarblue-collarblue-collarblue-collarblue-collarblue-collarblue-collarblue-collarblue-collarblue-collarblue-collarblue-collarblue-collarblue-collarblue-collarblue-collarblue-collarblue-collarblue-collarblue-collarblue-collarblue-collarblue-collarblue-collarblue-collarblue-collarblue-collarblue-collarblue-collarblue-collarblue-collarblue-collarblue-collarblue-collarblue-collarblue-collarblue-collarblue-collarblue-collarblue-collarblue-collarblue-collarblue-collarblue-collarblue-collarblue-collarblue-collarblue-collarblue-collarblue-collarblue-collarblue-collarblue-collarblue-collarblue-collarblue-collarblue-collarblue-collarblue-collarblue-collarblue-collarblue-collarblue-collarblue-collarblue-collarblue-collarblue-collarblue-collarblue-collarblue-collarblue-collarblue-collarblue-collarblue-collarblue-collarblue-collarblue-collarblue-collarblue-collarblue-collarblue-collarblue-collarblue-collarblue-collarblue-collarblue-collarblue-collarblue-collarblue-collarblue-collarblue-collarblue-collarblue-collarblue-collarblue-collarblue-collarblue-collarblue-collarblue-collarblue-collarblue-collarblue-collarblue-collarblue-collarblue-collarblue-collarblue-collarblue-collarblue-collarblue-collarblue-collarblue-collarblue-collarblue-collarblue-collarblue-collarblue-collarblue-collarblue-collarblue-collarblue-collarblue-collarblue-collarblue-collarblue-collarblue-collarblue-collarblue-collarblue-collarblue-collarblue-collarblue-collarblue-collarblue-collarblue-collarblue-collarblue-collarblue-collarblue-collarblue-collarblue-collarblue-collarblue-collarblue-collarblue-collarblue-collarblue-collarblue-collarblue-collarblue-collarblue-collarblue-collarblue-collarblue-collarblue-collarblue-collarblue-collarblue-collarblue-collarblue-collarblue-collarblue-collarblue-collarblue-collarblue-collarblue-collarblue-collarblue-collarblue-collarblue-collarblue-collarblue-collarblue-collarblue-collarblue-collarblue-collarblue-collarblue-collarblue-collarblue-collarblue-collarblue-collarblue-collarblue-collarblue-collarblue-collarblue-collarblue-collarblue-collarblue-collarblue-collarblue-collarblue-collarblue-collarblue-collarblue-collarblue-collarblue-collarblue-collarblue-collarblue-collarblue-collarblue-collarblue-collarblue-collarblue-collarblue-collarblue-collarblue-collarblue-collarblue-collarblue-collarblue-collarblue-collarblue-collarblue-collarblue-collarblue-collarblue-collarblue-collarblue-collarblue-collarblue-collarblue-collarblue-collarblue-collarblue-collarblue-collarblue-collarblue-collarblue-collarblue-collarblue-collarblue-collarblue-collarblue-collarblue-collarblue-collarblue-collarblue-collarblue-collarblue-collarblue-collarblue-collarblue-collarblue-collarblue-collarblue-collarblue-collarblue-collarblue-collarblue-collarblue-collarblue-collarblue-collarblue-collarblue-collarblue-collarblue-collarblue-collarblue-collarblue-collarblue-collarblue-collarblue-collarblue-collarblue-collarblue-collarblue-collarblue-collarblue-collarblue-collarblue-collarblue-collarblue-collarblue-collarblue-collarblue-collarblue-collarblue-collarblue-collarblue-collarblue-collarblue-collarblue-collarblue-collarblue-collarblue-collarblue-collarblue-collarblue-collarblue-collarblue-collarblue-collarblue-collarblue-collarblue-collarblue-collarblue-collarblue-collarblue-collarblue-collarblue-collarblue-collarblue-collarblue-collarblue-collarblue-collarblue-collarblue-collarblue-collarblue-collarblue-collarblue-collarblue-collarblue-collarblue-collarblue-collarblue-collarblue-collarblue-collarblue-collarblue-collarblue-collarblue-collarblue-collarblue-collarblue-collarblue-collarblue-collarblue-collarblue-collarblue-collarblue-collarblue-collarblue-collarblue-collarblue-collarblue-collarblue-collarblue-collarblue-collarblue-collarblue-collarblue-collarblue-collarblue-collarblue-collarblue-collarblue-collarblue-collarblue-collarblue-collarblue-collarblue-collarblue-collarblue-collarblue-collarblue-collarblue-collarblue-collarblue-collarblue-collarblue-collarblue-collarblue-collarblue-collarblue-collarblue-collarblue-collarblue-collarblue-collarblue-collarblue-collarblue-collarblue-collarblue-collarblue-collarblue-collarblue-collarblue-collarblue-collarblue-collarblue-collarblue-collarblue-collarblue-collarblue-collarblue-collarblue-collarblue-collarblue-collarblue-collarblue-collarblue-collarblue-collarblue-collarblue-collarblue-collarblue-collarblue-collarblue-collarblue-collarblue-collarblue-collarblue-collarblue-collarblue-collarblue-collarblue-collarblue-collarblue-collarblue-collarblue-collarblue-collarblue-collarblue-collarblue-collarblue-collarblue-collarblue-collarblue-collarblue-collarblue-collarblue-collarblue-collarblue-collarblue-collarblue-collarblue-collarblue-collarblue-collarblue-collarblue-collarblue-collarblue-collarblue-collarblue-collarblue-collarblue-collarblue-collarblue-collarblue-collarblue-collarblue-collarblue-collarblue-collarblue-collarblue-collarblue-collarblue-collarblue-collarblue-collarblue-collarblue-collarblue-collarblue-collarblue-collarblue-collarblue-collarblue-collarblue-collarblue-collarblue-collarblue-collarblue-collarblue-collarblue-collarblue-collarblue-collarblue-collarblue-collarblue-collarblue-collarblue-collarblue-collarblue-collarblue-collarblue-collarblue-collarblue-collarblue-collarblue-collarblue-collarblue-collarblue-collarblue-collarblue-collarblue-collarblue-collarblue-collarblue-collarblue-collarblue-collarblue-collarblue-collarblue-collarblue-collarblue-collarblue-collarblue-collarblue-collarblue-collarblue-collarblue-collarblue-collarblue-collarblue-collarblue-collarblue-collarblue-collarblue-collarblue-collarblue-collarblue-collarblue-collarblue-collarblue-collarblue-collarblue-collarblue-collarblue-collarblue-collarblue-collarblue-collarblue-collarblue-collarblue-collarblue-collarblue-collarblue-collarblue-collarblue-collarblue-collarblue-collarblue-collarblue-collarblue-collarblue-collarblue-collarblue-collarblue-collarblue-collarblue-collarblue-collarblue-collarblue-collarblue-collarblue-collarblue-collarblue-collarblue-collarblue-collarblue-collarblue-collarblue-collarblue-collarblue-collarblue-collarblue-collarblue-collarblue-collarblue-collarblue-collarblue-collarblue-collarblue-collarblue-collarblue-collarblue-collarblue-collarblue-collarblue-collarblue-collarblue-collarblue-collarblue-collarblue-collarblue-collarblue-collarblue-collarblue-collarblue-collarblue-collarblue-collarblue-collarblue-collarblue-collarblue-collarblue-collarblue-collarblue-collarblue-collarblue-collarblue-collarblue-collarblue-collarblue-collarblue-collarblue-collarblue-collarblue-collarblue-collarblue-collarblue-collarblue-collarblue-collarblue-collarblue-collarblue-collarblue-collarblue-collarblue-collarblue-collarblue-collarblue-collarblue-collarblue-collarblue-collarblue-collarblue-collarblue-collarblue-collarblue-collarblue-collarblue-collarblue-collarblue-collarblue-collarblue-collarblue-collarblue-collarblue-collarblue-collarblue-collarblue-collarblue-collarblue-collarblue-collarblue-collarblue-collarblue-collarblue-collarblue-collarblue-collarblue-collarblue-collarblue-collarblue-collarblue-collarblue-collarblue-collarblue-collarblue-collarblue-collarblue-collarblue-collarblue-collarblue-collarblue-collarblue-collarblue-collarblue-collarblue-collarblue-collarblue-collarblue-collarblue-collarblue-collarblue-collarblue-collarblue-collarblue-collarblue-collarblue-collarblue-collarblue-collarblue-collarblue-collarblue-collarblue-collarblue-collarblue-collarblue-collarblue-collarblue-collarblue-collarblue-collarblue-collarblue-collarblue-collarblue-collarblue-collarblue-collarblue-collarblue-collarblue-collarblue-collarblue-collarblue-collarblue-collarblue-collarblue-collarblue-collarblue-collarblue-collarblue-collarblue-collarblue-collarblue-collarblue-collarblue-collarblue-collarblue-collarblue-collarblue-collarblue-collarblue-collarblue-collarblue-collarblue-collarblue-collarblue-collarblue-collarblue-collarblue-collarblue-collarblue-collarblue-collarblue-collarblue-collarblue-collarblue-collarblue-collarblue-collarblue-collarblue-collarblue-collarblue-collarblue-collarblue-collarblue-collarblue-collarblue-collarblue-collarblue-collarblue-collarblue-collarblue-collarblue-collarblue-collarblue-collarblue-collarblue-collarblue-collarblue-collarblue-collarblue-collarblue-collarblue-collarblue-collarblue-collarblue-collarblue-collarblue-collarblue-collarblue-collarblue-collarblue-collarblue-collarblue-collarblue-collarblue-collarblue-collarblue-collarblue-collarblue-collarblue-collarblue-collarblue-collarblue-collarblue-collarblue-collarblue-collarblue-collarblue-collarblue-collarblue-collarblue-collarblue-collarblue-collarblue-collarblue-collarblue-collarblue-collarblue-collarblue-collarblue-collar'] to numeric
2025-04-22 18:45:58,883 - INFO - [HYBRID] Generated hybrid dataset shape for CTGAN: (36168, 17)
2025-04-22 18:45:58,885 - INFO - [HYBRID] Target distribution for CTGAN: {'no': 28261, 'yes': 7907}
2025-04-22 18:45:58,996 - INFO -  [HYBRID] Saved hybrid dataset to /mnt/NVMETank/Projects/Students/Dele/A-STUDY-INTO-THE-QUALITY-AND-USABILITY-OF-PRIVACY-FRIENDLY-SYNTHETIC-DATA/datasets/hybrid/bankMarketing_k10_l2_sup10_CTGAN_HYBRID.csv
2025-04-22 18:45:58,996 - INFO - [HYBRID] Generated hybrid dataset shape for TVAE: (36168, 17)
2025-04-22 18:45:58,997 - INFO - [HYBRID] Target distribution for TVAE: {'no': 35359, 'yes': 809}
2025-04-22 18:45:59,126 - INFO -  [HYBRID] Saved hybrid dataset to /mnt/NVMETank/Projects/Students/Dele/A-STUDY-INTO-THE-QUALITY-AND-USABILITY-OF-PRIVACY-FRIENDLY-SYNTHETIC-DATA/datasets/hybrid/bankMarketing_k10_l2_sup10_TVAE_HYBRID.csv
2025-04-22 18:45:59,126 - INFO -  [HYBRID] Hybrid pipeline complete — 2 dataset(s) ready.
2025-04-22 18:45:59,126 - INFO - [HYBRID] Total rows across all hybrid datasets: 72336
2025-04-22 18:45:59,128 - INFO - Hybrid pipeline completed successfully.
2025-04-22 18:45:59,128 - INFO - Hybrid pipeline duration: 831.98 seconds
2025-04-22 18:45:59,128 - INFO - Starting Utility...
2025-04-22 18:45:59,128 - INFO - [UTILITY] Preparing datasets for machine learning...
2025-04-22 18:45:59,130 - INFO - [UTILITY] Original Data - Training Size: 36168, Testing Size: 9043
2025-04-22 18:45:59,133 - INFO - [UTILITY] Target class distribution (Original): {'no': 31937, 'yes': 4231}
2025-04-22 18:45:59,134 - INFO - [UTILITY] Processing synthetic dataset generated by CTGAN...
2025-04-22 18:45:59,139 - INFO - [UTILITY] Synthetic Data (CTGAN) - Training Size: 36168
2025-04-22 18:45:59,140 - INFO - [UTILITY] Target class distribution (CTGAN): {'no': 28397, 'yes': 7771}
2025-04-22 18:45:59,141 - INFO - [UTILITY] Processing synthetic dataset generated by TVAE...
2025-04-22 18:45:59,144 - INFO - [UTILITY] Synthetic Data (TVAE) - Training Size: 36168
2025-04-22 18:45:59,145 - INFO - [UTILITY] Target class distribution (TVAE): {'no': 33197, 'yes': 2971}
2025-04-22 18:45:59,146 - INFO - [UTILITY] Processing hybrid dataset generated by CTGAN...
2025-04-22 18:45:59,151 - INFO - [UTILITY] Hybrid Data (CTGAN_HYBRID) - Training Size: 36168
2025-04-22 18:45:59,153 - INFO - [UTILITY] Target class distribution (CTGAN_HYBRID): {'no': 28261, 'yes': 7907}
2025-04-22 18:45:59,155 - INFO - [UTILITY] Processing hybrid dataset generated by TVAE...
2025-04-22 18:45:59,159 - INFO - [UTILITY] Hybrid Data (TVAE_HYBRID) - Training Size: 36168
2025-04-22 18:45:59,161 - INFO - [UTILITY] Target class distribution (TVAE_HYBRID): {'no': 35359, 'yes': 809}
2025-04-22 18:45:59,162 - INFO - [UTILITY] Training models on all datasets...
2025-04-22 18:45:59,162 - INFO - [UTILITY] Total datasets used for training: 5
2025-04-22 18:45:59,162 - INFO - [TRAINING] Training models from scratch...
2025-04-22 18:45:59,162 - INFO - [TRAINING] Starting training for dataset: Original — Rows: 36168, Features: 31
2025-04-22 18:45:59,162 - INFO - [TRAINING] Training DecisionTree on Original...
2025-04-22 18:45:59,562 - INFO - [TRAINING] DecisionTree trained successfully on Original in 0.40 sec
2025-04-22 18:45:59,563 - INFO - [TRAINING] Training KNN on Original...
2025-04-22 18:45:59,589 - INFO - [TRAINING] KNN trained successfully on Original in 0.03 sec
2025-04-22 18:45:59,589 - INFO - [TRAINING] Training LogisticRegression on Original...
2025-04-22 18:45:59,947 - INFO - [TRAINING] LogisticRegression trained successfully on Original in 0.36 sec
2025-04-22 18:45:59,948 - INFO - [TRAINING] Training RandomForest on Original...
2025-04-22 18:46:03,565 - INFO - [TRAINING] RandomForest trained successfully on Original in 3.62 sec
2025-04-22 18:46:03,565 - INFO - [TRAINING] Finished training 4 model(s) for dataset: Original
2025-04-22 18:46:03,565 - INFO - [TRAINING] Starting training for dataset: CTGAN — Rows: 36168, Features: 31
2025-04-22 18:46:03,565 - INFO - [TRAINING] Training DecisionTree on CTGAN...
2025-04-22 18:46:03,836 - INFO - [TRAINING] DecisionTree trained successfully on CTGAN in 0.27 sec
2025-04-22 18:46:03,836 - INFO - [TRAINING] Training KNN on CTGAN...
2025-04-22 18:46:03,919 - INFO - [TRAINING] KNN trained successfully on CTGAN in 0.08 sec
2025-04-22 18:46:03,928 - INFO - [TRAINING] Training LogisticRegression on CTGAN...
2025-04-22 18:46:04,461 - INFO - [TRAINING] LogisticRegression trained successfully on CTGAN in 0.53 sec
2025-04-22 18:46:04,461 - INFO - [TRAINING] Training RandomForest on CTGAN...
2025-04-22 18:46:08,674 - INFO - [TRAINING] RandomForest trained successfully on CTGAN in 4.21 sec
2025-04-22 18:46:08,674 - INFO - [TRAINING] Finished training 4 model(s) for dataset: CTGAN
2025-04-22 18:46:08,674 - INFO - [TRAINING] Starting training for dataset: TVAE — Rows: 36168, Features: 31
2025-04-22 18:46:08,674 - INFO - [TRAINING] Training DecisionTree on TVAE...
2025-04-22 18:46:08,809 - INFO - [TRAINING] DecisionTree trained successfully on TVAE in 0.13 sec
2025-04-22 18:46:08,809 - INFO - [TRAINING] Training KNN on TVAE...
2025-04-22 18:46:08,828 - INFO - [TRAINING] KNN trained successfully on TVAE in 0.02 sec
2025-04-22 18:46:08,828 - INFO - [TRAINING] Training LogisticRegression on TVAE...
2025-04-22 18:46:09,598 - INFO - [TRAINING] LogisticRegression trained successfully on TVAE in 0.77 sec
2025-04-22 18:46:09,598 - INFO - [TRAINING] Training RandomForest on TVAE...
2025-04-22 18:46:11,822 - INFO - [TRAINING] RandomForest trained successfully on TVAE in 2.22 sec
2025-04-22 18:46:11,822 - INFO - [TRAINING] Finished training 4 model(s) for dataset: TVAE
2025-04-22 18:46:11,822 - INFO - [TRAINING] Starting training for dataset: CTGAN_HYBRID — Rows: 36168, Features: 16
2025-04-22 18:46:11,822 - INFO - [TRAINING] Training DecisionTree on CTGAN_HYBRID...
2025-04-22 18:46:11,828 - ERROR -  ERROR Training failed for DecisionTree on CTGAN_HYBRID: could not convert string to float: 'blue-collar'
Traceback (most recent call last):
  File "/mnt/NVMETank/Projects/Students/Dele/A-STUDY-INTO-THE-QUALITY-AND-USABILITY-OF-PRIVACY-FRIENDLY-SYNTHETIC-DATA/src/modelOperations/model_training.py", line 53, in train_models
    model_instance.train(X_train, y_train)
  File "/mnt/NVMETank/Projects/Students/Dele/A-STUDY-INTO-THE-QUALITY-AND-USABILITY-OF-PRIVACY-FRIENDLY-SYNTHETIC-DATA/src/modelOperations/models.py", line 62, in train
    self.model.fit(X_train, y_train)
  File "/mnt/NVMETank/Projects/Students/Dele/A-STUDY-INTO-THE-QUALITY-AND-USABILITY-OF-PRIVACY-FRIENDLY-SYNTHETIC-DATA/.venv/lib/python3.12/site-packages/sklearn/base.py", line 1389, in wrapper
    return fit_method(estimator, *args, **kwargs)
           ^^^^^^^^^^^^^^^^^^^^^^^^^^^^^^^^^^^^^^
  File "/mnt/NVMETank/Projects/Students/Dele/A-STUDY-INTO-THE-QUALITY-AND-USABILITY-OF-PRIVACY-FRIENDLY-SYNTHETIC-DATA/.venv/lib/python3.12/site-packages/sklearn/tree/_classes.py", line 1024, in fit
    super()._fit(
  File "/mnt/NVMETank/Projects/Students/Dele/A-STUDY-INTO-THE-QUALITY-AND-USABILITY-OF-PRIVACY-FRIENDLY-SYNTHETIC-DATA/.venv/lib/python3.12/site-packages/sklearn/tree/_classes.py", line 252, in _fit
    X, y = validate_data(
           ^^^^^^^^^^^^^^
  File "/mnt/NVMETank/Projects/Students/Dele/A-STUDY-INTO-THE-QUALITY-AND-USABILITY-OF-PRIVACY-FRIENDLY-SYNTHETIC-DATA/.venv/lib/python3.12/site-packages/sklearn/utils/validation.py", line 2956, in validate_data
    X = check_array(X, input_name="X", **check_X_params)
        ^^^^^^^^^^^^^^^^^^^^^^^^^^^^^^^^^^^^^^^^^^^^^^^^
  File "/mnt/NVMETank/Projects/Students/Dele/A-STUDY-INTO-THE-QUALITY-AND-USABILITY-OF-PRIVACY-FRIENDLY-SYNTHETIC-DATA/.venv/lib/python3.12/site-packages/sklearn/utils/validation.py", line 1055, in check_array
    array = _asarray_with_order(array, order=order, dtype=dtype, xp=xp)
            ^^^^^^^^^^^^^^^^^^^^^^^^^^^^^^^^^^^^^^^^^^^^^^^^^^^^^^^^^^^
  File "/mnt/NVMETank/Projects/Students/Dele/A-STUDY-INTO-THE-QUALITY-AND-USABILITY-OF-PRIVACY-FRIENDLY-SYNTHETIC-DATA/.venv/lib/python3.12/site-packages/sklearn/utils/_array_api.py", line 839, in _asarray_with_order
    array = numpy.asarray(array, order=order, dtype=dtype)
            ^^^^^^^^^^^^^^^^^^^^^^^^^^^^^^^^^^^^^^^^^^^^^^
  File "/mnt/NVMETank/Projects/Students/Dele/A-STUDY-INTO-THE-QUALITY-AND-USABILITY-OF-PRIVACY-FRIENDLY-SYNTHETIC-DATA/.venv/lib/python3.12/site-packages/pandas/core/generic.py", line 2153, in __array__
    arr = np.asarray(values, dtype=dtype)
          ^^^^^^^^^^^^^^^^^^^^^^^^^^^^^^^
ValueError: could not convert string to float: 'blue-collar'
2025-04-22 18:46:11,833 - INFO - [TRAINING] Training KNN on CTGAN_HYBRID...
2025-04-22 18:46:11,838 - ERROR -  ERROR Training failed for KNN on CTGAN_HYBRID: could not convert string to float: 'blue-collar'
Traceback (most recent call last):
  File "/mnt/NVMETank/Projects/Students/Dele/A-STUDY-INTO-THE-QUALITY-AND-USABILITY-OF-PRIVACY-FRIENDLY-SYNTHETIC-DATA/src/modelOperations/model_training.py", line 53, in train_models
    model_instance.train(X_train, y_train)
  File "/mnt/NVMETank/Projects/Students/Dele/A-STUDY-INTO-THE-QUALITY-AND-USABILITY-OF-PRIVACY-FRIENDLY-SYNTHETIC-DATA/src/modelOperations/models.py", line 33, in train
    self.model.fit(X_train, y_train)
  File "/mnt/NVMETank/Projects/Students/Dele/A-STUDY-INTO-THE-QUALITY-AND-USABILITY-OF-PRIVACY-FRIENDLY-SYNTHETIC-DATA/.venv/lib/python3.12/site-packages/sklearn/base.py", line 1389, in wrapper
    return fit_method(estimator, *args, **kwargs)
           ^^^^^^^^^^^^^^^^^^^^^^^^^^^^^^^^^^^^^^
  File "/mnt/NVMETank/Projects/Students/Dele/A-STUDY-INTO-THE-QUALITY-AND-USABILITY-OF-PRIVACY-FRIENDLY-SYNTHETIC-DATA/.venv/lib/python3.12/site-packages/sklearn/neighbors/_classification.py", line 239, in fit
    return self._fit(X, y)
           ^^^^^^^^^^^^^^^
  File "/mnt/NVMETank/Projects/Students/Dele/A-STUDY-INTO-THE-QUALITY-AND-USABILITY-OF-PRIVACY-FRIENDLY-SYNTHETIC-DATA/.venv/lib/python3.12/site-packages/sklearn/neighbors/_base.py", line 478, in _fit
    X, y = validate_data(
           ^^^^^^^^^^^^^^
  File "/mnt/NVMETank/Projects/Students/Dele/A-STUDY-INTO-THE-QUALITY-AND-USABILITY-OF-PRIVACY-FRIENDLY-SYNTHETIC-DATA/.venv/lib/python3.12/site-packages/sklearn/utils/validation.py", line 2961, in validate_data
    X, y = check_X_y(X, y, **check_params)
           ^^^^^^^^^^^^^^^^^^^^^^^^^^^^^^^
  File "/mnt/NVMETank/Projects/Students/Dele/A-STUDY-INTO-THE-QUALITY-AND-USABILITY-OF-PRIVACY-FRIENDLY-SYNTHETIC-DATA/.venv/lib/python3.12/site-packages/sklearn/utils/validation.py", line 1370, in check_X_y
    X = check_array(
        ^^^^^^^^^^^^
  File "/mnt/NVMETank/Projects/Students/Dele/A-STUDY-INTO-THE-QUALITY-AND-USABILITY-OF-PRIVACY-FRIENDLY-SYNTHETIC-DATA/.venv/lib/python3.12/site-packages/sklearn/utils/validation.py", line 1055, in check_array
    array = _asarray_with_order(array, order=order, dtype=dtype, xp=xp)
            ^^^^^^^^^^^^^^^^^^^^^^^^^^^^^^^^^^^^^^^^^^^^^^^^^^^^^^^^^^^
  File "/mnt/NVMETank/Projects/Students/Dele/A-STUDY-INTO-THE-QUALITY-AND-USABILITY-OF-PRIVACY-FRIENDLY-SYNTHETIC-DATA/.venv/lib/python3.12/site-packages/sklearn/utils/_array_api.py", line 839, in _asarray_with_order
    array = numpy.asarray(array, order=order, dtype=dtype)
            ^^^^^^^^^^^^^^^^^^^^^^^^^^^^^^^^^^^^^^^^^^^^^^
  File "/mnt/NVMETank/Projects/Students/Dele/A-STUDY-INTO-THE-QUALITY-AND-USABILITY-OF-PRIVACY-FRIENDLY-SYNTHETIC-DATA/.venv/lib/python3.12/site-packages/pandas/core/generic.py", line 2153, in __array__
    arr = np.asarray(values, dtype=dtype)
          ^^^^^^^^^^^^^^^^^^^^^^^^^^^^^^^
ValueError: could not convert string to float: 'blue-collar'
2025-04-22 18:46:11,840 - INFO - [TRAINING] Training LogisticRegression on CTGAN_HYBRID...
2025-04-22 18:46:11,845 - ERROR -  ERROR Training failed for LogisticRegression on CTGAN_HYBRID: could not convert string to float: 'blue-collar'
Traceback (most recent call last):
  File "/mnt/NVMETank/Projects/Students/Dele/A-STUDY-INTO-THE-QUALITY-AND-USABILITY-OF-PRIVACY-FRIENDLY-SYNTHETIC-DATA/src/modelOperations/model_training.py", line 53, in train_models
    model_instance.train(X_train, y_train)
  File "/mnt/NVMETank/Projects/Students/Dele/A-STUDY-INTO-THE-QUALITY-AND-USABILITY-OF-PRIVACY-FRIENDLY-SYNTHETIC-DATA/src/modelOperations/models.py", line 18, in train
    self.model.fit(X_train, y_train)
  File "/mnt/NVMETank/Projects/Students/Dele/A-STUDY-INTO-THE-QUALITY-AND-USABILITY-OF-PRIVACY-FRIENDLY-SYNTHETIC-DATA/.venv/lib/python3.12/site-packages/sklearn/base.py", line 1389, in wrapper
    return fit_method(estimator, *args, **kwargs)
           ^^^^^^^^^^^^^^^^^^^^^^^^^^^^^^^^^^^^^^
  File "/mnt/NVMETank/Projects/Students/Dele/A-STUDY-INTO-THE-QUALITY-AND-USABILITY-OF-PRIVACY-FRIENDLY-SYNTHETIC-DATA/.venv/lib/python3.12/site-packages/sklearn/pipeline.py", line 654, in fit
    Xt = self._fit(X, y, routed_params, raw_params=params)
         ^^^^^^^^^^^^^^^^^^^^^^^^^^^^^^^^^^^^^^^^^^^^^^^^^
  File "/mnt/NVMETank/Projects/Students/Dele/A-STUDY-INTO-THE-QUALITY-AND-USABILITY-OF-PRIVACY-FRIENDLY-SYNTHETIC-DATA/.venv/lib/python3.12/site-packages/sklearn/pipeline.py", line 588, in _fit
    X, fitted_transformer = fit_transform_one_cached(
                            ^^^^^^^^^^^^^^^^^^^^^^^^^
  File "/mnt/NVMETank/Projects/Students/Dele/A-STUDY-INTO-THE-QUALITY-AND-USABILITY-OF-PRIVACY-FRIENDLY-SYNTHETIC-DATA/.venv/lib/python3.12/site-packages/joblib/memory.py", line 312, in __call__
    return self.func(*args, **kwargs)
           ^^^^^^^^^^^^^^^^^^^^^^^^^^
  File "/mnt/NVMETank/Projects/Students/Dele/A-STUDY-INTO-THE-QUALITY-AND-USABILITY-OF-PRIVACY-FRIENDLY-SYNTHETIC-DATA/.venv/lib/python3.12/site-packages/sklearn/pipeline.py", line 1551, in _fit_transform_one
    res = transformer.fit_transform(X, y, **params.get("fit_transform", {}))
          ^^^^^^^^^^^^^^^^^^^^^^^^^^^^^^^^^^^^^^^^^^^^^^^^^^^^^^^^^^^^^^^^^^
  File "/mnt/NVMETank/Projects/Students/Dele/A-STUDY-INTO-THE-QUALITY-AND-USABILITY-OF-PRIVACY-FRIENDLY-SYNTHETIC-DATA/.venv/lib/python3.12/site-packages/sklearn/utils/_set_output.py", line 319, in wrapped
    data_to_wrap = f(self, X, *args, **kwargs)
                   ^^^^^^^^^^^^^^^^^^^^^^^^^^^
  File "/mnt/NVMETank/Projects/Students/Dele/A-STUDY-INTO-THE-QUALITY-AND-USABILITY-OF-PRIVACY-FRIENDLY-SYNTHETIC-DATA/.venv/lib/python3.12/site-packages/sklearn/base.py", line 921, in fit_transform
    return self.fit(X, y, **fit_params).transform(X)
           ^^^^^^^^^^^^^^^^^^^^^^^^^^^^
  File "/mnt/NVMETank/Projects/Students/Dele/A-STUDY-INTO-THE-QUALITY-AND-USABILITY-OF-PRIVACY-FRIENDLY-SYNTHETIC-DATA/.venv/lib/python3.12/site-packages/sklearn/preprocessing/_data.py", line 894, in fit
    return self.partial_fit(X, y, sample_weight)
           ^^^^^^^^^^^^^^^^^^^^^^^^^^^^^^^^^^^^^
  File "/mnt/NVMETank/Projects/Students/Dele/A-STUDY-INTO-THE-QUALITY-AND-USABILITY-OF-PRIVACY-FRIENDLY-SYNTHETIC-DATA/.venv/lib/python3.12/site-packages/sklearn/base.py", line 1389, in wrapper
    return fit_method(estimator, *args, **kwargs)
           ^^^^^^^^^^^^^^^^^^^^^^^^^^^^^^^^^^^^^^
  File "/mnt/NVMETank/Projects/Students/Dele/A-STUDY-INTO-THE-QUALITY-AND-USABILITY-OF-PRIVACY-FRIENDLY-SYNTHETIC-DATA/.venv/lib/python3.12/site-packages/sklearn/preprocessing/_data.py", line 930, in partial_fit
    X = validate_data(
        ^^^^^^^^^^^^^^
  File "/mnt/NVMETank/Projects/Students/Dele/A-STUDY-INTO-THE-QUALITY-AND-USABILITY-OF-PRIVACY-FRIENDLY-SYNTHETIC-DATA/.venv/lib/python3.12/site-packages/sklearn/utils/validation.py", line 2944, in validate_data
    out = check_array(X, input_name="X", **check_params)
          ^^^^^^^^^^^^^^^^^^^^^^^^^^^^^^^^^^^^^^^^^^^^^^
  File "/mnt/NVMETank/Projects/Students/Dele/A-STUDY-INTO-THE-QUALITY-AND-USABILITY-OF-PRIVACY-FRIENDLY-SYNTHETIC-DATA/.venv/lib/python3.12/site-packages/sklearn/utils/validation.py", line 1055, in check_array
    array = _asarray_with_order(array, order=order, dtype=dtype, xp=xp)
            ^^^^^^^^^^^^^^^^^^^^^^^^^^^^^^^^^^^^^^^^^^^^^^^^^^^^^^^^^^^
  File "/mnt/NVMETank/Projects/Students/Dele/A-STUDY-INTO-THE-QUALITY-AND-USABILITY-OF-PRIVACY-FRIENDLY-SYNTHETIC-DATA/.venv/lib/python3.12/site-packages/sklearn/utils/_array_api.py", line 839, in _asarray_with_order
    array = numpy.asarray(array, order=order, dtype=dtype)
            ^^^^^^^^^^^^^^^^^^^^^^^^^^^^^^^^^^^^^^^^^^^^^^
  File "/mnt/NVMETank/Projects/Students/Dele/A-STUDY-INTO-THE-QUALITY-AND-USABILITY-OF-PRIVACY-FRIENDLY-SYNTHETIC-DATA/.venv/lib/python3.12/site-packages/pandas/core/generic.py", line 2153, in __array__
    arr = np.asarray(values, dtype=dtype)
          ^^^^^^^^^^^^^^^^^^^^^^^^^^^^^^^
ValueError: could not convert string to float: 'blue-collar'
2025-04-22 18:46:11,848 - INFO - [TRAINING] Training RandomForest on CTGAN_HYBRID...
2025-04-22 18:46:11,852 - ERROR -  ERROR Training failed for RandomForest on CTGAN_HYBRID: could not convert string to float: 'blue-collar'
Traceback (most recent call last):
  File "/mnt/NVMETank/Projects/Students/Dele/A-STUDY-INTO-THE-QUALITY-AND-USABILITY-OF-PRIVACY-FRIENDLY-SYNTHETIC-DATA/src/modelOperations/model_training.py", line 53, in train_models
    model_instance.train(X_train, y_train)
  File "/mnt/NVMETank/Projects/Students/Dele/A-STUDY-INTO-THE-QUALITY-AND-USABILITY-OF-PRIVACY-FRIENDLY-SYNTHETIC-DATA/src/modelOperations/models.py", line 48, in train
    self.model.fit(X_train, y_train)
  File "/mnt/NVMETank/Projects/Students/Dele/A-STUDY-INTO-THE-QUALITY-AND-USABILITY-OF-PRIVACY-FRIENDLY-SYNTHETIC-DATA/.venv/lib/python3.12/site-packages/sklearn/base.py", line 1389, in wrapper
    return fit_method(estimator, *args, **kwargs)
           ^^^^^^^^^^^^^^^^^^^^^^^^^^^^^^^^^^^^^^
  File "/mnt/NVMETank/Projects/Students/Dele/A-STUDY-INTO-THE-QUALITY-AND-USABILITY-OF-PRIVACY-FRIENDLY-SYNTHETIC-DATA/.venv/lib/python3.12/site-packages/sklearn/ensemble/_forest.py", line 360, in fit
    X, y = validate_data(
           ^^^^^^^^^^^^^^
  File "/mnt/NVMETank/Projects/Students/Dele/A-STUDY-INTO-THE-QUALITY-AND-USABILITY-OF-PRIVACY-FRIENDLY-SYNTHETIC-DATA/.venv/lib/python3.12/site-packages/sklearn/utils/validation.py", line 2961, in validate_data
    X, y = check_X_y(X, y, **check_params)
           ^^^^^^^^^^^^^^^^^^^^^^^^^^^^^^^
  File "/mnt/NVMETank/Projects/Students/Dele/A-STUDY-INTO-THE-QUALITY-AND-USABILITY-OF-PRIVACY-FRIENDLY-SYNTHETIC-DATA/.venv/lib/python3.12/site-packages/sklearn/utils/validation.py", line 1370, in check_X_y
    X = check_array(
        ^^^^^^^^^^^^
  File "/mnt/NVMETank/Projects/Students/Dele/A-STUDY-INTO-THE-QUALITY-AND-USABILITY-OF-PRIVACY-FRIENDLY-SYNTHETIC-DATA/.venv/lib/python3.12/site-packages/sklearn/utils/validation.py", line 1055, in check_array
    array = _asarray_with_order(array, order=order, dtype=dtype, xp=xp)
            ^^^^^^^^^^^^^^^^^^^^^^^^^^^^^^^^^^^^^^^^^^^^^^^^^^^^^^^^^^^
  File "/mnt/NVMETank/Projects/Students/Dele/A-STUDY-INTO-THE-QUALITY-AND-USABILITY-OF-PRIVACY-FRIENDLY-SYNTHETIC-DATA/.venv/lib/python3.12/site-packages/sklearn/utils/_array_api.py", line 839, in _asarray_with_order
    array = numpy.asarray(array, order=order, dtype=dtype)
            ^^^^^^^^^^^^^^^^^^^^^^^^^^^^^^^^^^^^^^^^^^^^^^
  File "/mnt/NVMETank/Projects/Students/Dele/A-STUDY-INTO-THE-QUALITY-AND-USABILITY-OF-PRIVACY-FRIENDLY-SYNTHETIC-DATA/.venv/lib/python3.12/site-packages/pandas/core/generic.py", line 2153, in __array__
    arr = np.asarray(values, dtype=dtype)
          ^^^^^^^^^^^^^^^^^^^^^^^^^^^^^^^
ValueError: could not convert string to float: 'blue-collar'
2025-04-22 18:46:11,854 - INFO - [TRAINING] Finished training 0 model(s) for dataset: CTGAN_HYBRID
2025-04-22 18:46:11,854 - INFO - [TRAINING] Starting training for dataset: TVAE_HYBRID — Rows: 36168, Features: 16
2025-04-22 18:46:11,854 - INFO - [TRAINING] Training DecisionTree on TVAE_HYBRID...
2025-04-22 18:46:11,860 - ERROR -  ERROR Training failed for DecisionTree on TVAE_HYBRID: could not convert string to float: 'blue-collar'
Traceback (most recent call last):
  File "/mnt/NVMETank/Projects/Students/Dele/A-STUDY-INTO-THE-QUALITY-AND-USABILITY-OF-PRIVACY-FRIENDLY-SYNTHETIC-DATA/src/modelOperations/model_training.py", line 53, in train_models
    model_instance.train(X_train, y_train)
  File "/mnt/NVMETank/Projects/Students/Dele/A-STUDY-INTO-THE-QUALITY-AND-USABILITY-OF-PRIVACY-FRIENDLY-SYNTHETIC-DATA/src/modelOperations/models.py", line 62, in train
    self.model.fit(X_train, y_train)
  File "/mnt/NVMETank/Projects/Students/Dele/A-STUDY-INTO-THE-QUALITY-AND-USABILITY-OF-PRIVACY-FRIENDLY-SYNTHETIC-DATA/.venv/lib/python3.12/site-packages/sklearn/base.py", line 1389, in wrapper
    return fit_method(estimator, *args, **kwargs)
           ^^^^^^^^^^^^^^^^^^^^^^^^^^^^^^^^^^^^^^
  File "/mnt/NVMETank/Projects/Students/Dele/A-STUDY-INTO-THE-QUALITY-AND-USABILITY-OF-PRIVACY-FRIENDLY-SYNTHETIC-DATA/.venv/lib/python3.12/site-packages/sklearn/tree/_classes.py", line 1024, in fit
    super()._fit(
  File "/mnt/NVMETank/Projects/Students/Dele/A-STUDY-INTO-THE-QUALITY-AND-USABILITY-OF-PRIVACY-FRIENDLY-SYNTHETIC-DATA/.venv/lib/python3.12/site-packages/sklearn/tree/_classes.py", line 252, in _fit
    X, y = validate_data(
           ^^^^^^^^^^^^^^
  File "/mnt/NVMETank/Projects/Students/Dele/A-STUDY-INTO-THE-QUALITY-AND-USABILITY-OF-PRIVACY-FRIENDLY-SYNTHETIC-DATA/.venv/lib/python3.12/site-packages/sklearn/utils/validation.py", line 2956, in validate_data
    X = check_array(X, input_name="X", **check_X_params)
        ^^^^^^^^^^^^^^^^^^^^^^^^^^^^^^^^^^^^^^^^^^^^^^^^
  File "/mnt/NVMETank/Projects/Students/Dele/A-STUDY-INTO-THE-QUALITY-AND-USABILITY-OF-PRIVACY-FRIENDLY-SYNTHETIC-DATA/.venv/lib/python3.12/site-packages/sklearn/utils/validation.py", line 1055, in check_array
    array = _asarray_with_order(array, order=order, dtype=dtype, xp=xp)
            ^^^^^^^^^^^^^^^^^^^^^^^^^^^^^^^^^^^^^^^^^^^^^^^^^^^^^^^^^^^
  File "/mnt/NVMETank/Projects/Students/Dele/A-STUDY-INTO-THE-QUALITY-AND-USABILITY-OF-PRIVACY-FRIENDLY-SYNTHETIC-DATA/.venv/lib/python3.12/site-packages/sklearn/utils/_array_api.py", line 839, in _asarray_with_order
    array = numpy.asarray(array, order=order, dtype=dtype)
            ^^^^^^^^^^^^^^^^^^^^^^^^^^^^^^^^^^^^^^^^^^^^^^
  File "/mnt/NVMETank/Projects/Students/Dele/A-STUDY-INTO-THE-QUALITY-AND-USABILITY-OF-PRIVACY-FRIENDLY-SYNTHETIC-DATA/.venv/lib/python3.12/site-packages/pandas/core/generic.py", line 2153, in __array__
    arr = np.asarray(values, dtype=dtype)
          ^^^^^^^^^^^^^^^^^^^^^^^^^^^^^^^
ValueError: could not convert string to float: 'blue-collar'
2025-04-22 18:46:11,862 - INFO - [TRAINING] Training KNN on TVAE_HYBRID...
2025-04-22 18:46:11,867 - ERROR -  ERROR Training failed for KNN on TVAE_HYBRID: could not convert string to float: 'blue-collar'
Traceback (most recent call last):
  File "/mnt/NVMETank/Projects/Students/Dele/A-STUDY-INTO-THE-QUALITY-AND-USABILITY-OF-PRIVACY-FRIENDLY-SYNTHETIC-DATA/src/modelOperations/model_training.py", line 53, in train_models
    model_instance.train(X_train, y_train)
  File "/mnt/NVMETank/Projects/Students/Dele/A-STUDY-INTO-THE-QUALITY-AND-USABILITY-OF-PRIVACY-FRIENDLY-SYNTHETIC-DATA/src/modelOperations/models.py", line 33, in train
    self.model.fit(X_train, y_train)
  File "/mnt/NVMETank/Projects/Students/Dele/A-STUDY-INTO-THE-QUALITY-AND-USABILITY-OF-PRIVACY-FRIENDLY-SYNTHETIC-DATA/.venv/lib/python3.12/site-packages/sklearn/base.py", line 1389, in wrapper
    return fit_method(estimator, *args, **kwargs)
           ^^^^^^^^^^^^^^^^^^^^^^^^^^^^^^^^^^^^^^
  File "/mnt/NVMETank/Projects/Students/Dele/A-STUDY-INTO-THE-QUALITY-AND-USABILITY-OF-PRIVACY-FRIENDLY-SYNTHETIC-DATA/.venv/lib/python3.12/site-packages/sklearn/neighbors/_classification.py", line 239, in fit
    return self._fit(X, y)
           ^^^^^^^^^^^^^^^
  File "/mnt/NVMETank/Projects/Students/Dele/A-STUDY-INTO-THE-QUALITY-AND-USABILITY-OF-PRIVACY-FRIENDLY-SYNTHETIC-DATA/.venv/lib/python3.12/site-packages/sklearn/neighbors/_base.py", line 478, in _fit
    X, y = validate_data(
           ^^^^^^^^^^^^^^
  File "/mnt/NVMETank/Projects/Students/Dele/A-STUDY-INTO-THE-QUALITY-AND-USABILITY-OF-PRIVACY-FRIENDLY-SYNTHETIC-DATA/.venv/lib/python3.12/site-packages/sklearn/utils/validation.py", line 2961, in validate_data
    X, y = check_X_y(X, y, **check_params)
           ^^^^^^^^^^^^^^^^^^^^^^^^^^^^^^^
  File "/mnt/NVMETank/Projects/Students/Dele/A-STUDY-INTO-THE-QUALITY-AND-USABILITY-OF-PRIVACY-FRIENDLY-SYNTHETIC-DATA/.venv/lib/python3.12/site-packages/sklearn/utils/validation.py", line 1370, in check_X_y
    X = check_array(
        ^^^^^^^^^^^^
  File "/mnt/NVMETank/Projects/Students/Dele/A-STUDY-INTO-THE-QUALITY-AND-USABILITY-OF-PRIVACY-FRIENDLY-SYNTHETIC-DATA/.venv/lib/python3.12/site-packages/sklearn/utils/validation.py", line 1055, in check_array
    array = _asarray_with_order(array, order=order, dtype=dtype, xp=xp)
            ^^^^^^^^^^^^^^^^^^^^^^^^^^^^^^^^^^^^^^^^^^^^^^^^^^^^^^^^^^^
  File "/mnt/NVMETank/Projects/Students/Dele/A-STUDY-INTO-THE-QUALITY-AND-USABILITY-OF-PRIVACY-FRIENDLY-SYNTHETIC-DATA/.venv/lib/python3.12/site-packages/sklearn/utils/_array_api.py", line 839, in _asarray_with_order
    array = numpy.asarray(array, order=order, dtype=dtype)
            ^^^^^^^^^^^^^^^^^^^^^^^^^^^^^^^^^^^^^^^^^^^^^^
  File "/mnt/NVMETank/Projects/Students/Dele/A-STUDY-INTO-THE-QUALITY-AND-USABILITY-OF-PRIVACY-FRIENDLY-SYNTHETIC-DATA/.venv/lib/python3.12/site-packages/pandas/core/generic.py", line 2153, in __array__
    arr = np.asarray(values, dtype=dtype)
          ^^^^^^^^^^^^^^^^^^^^^^^^^^^^^^^
ValueError: could not convert string to float: 'blue-collar'
2025-04-22 18:46:11,869 - INFO - [TRAINING] Training LogisticRegression on TVAE_HYBRID...
2025-04-22 18:46:11,874 - ERROR -  ERROR Training failed for LogisticRegression on TVAE_HYBRID: could not convert string to float: 'blue-collar'
Traceback (most recent call last):
  File "/mnt/NVMETank/Projects/Students/Dele/A-STUDY-INTO-THE-QUALITY-AND-USABILITY-OF-PRIVACY-FRIENDLY-SYNTHETIC-DATA/src/modelOperations/model_training.py", line 53, in train_models
    model_instance.train(X_train, y_train)
  File "/mnt/NVMETank/Projects/Students/Dele/A-STUDY-INTO-THE-QUALITY-AND-USABILITY-OF-PRIVACY-FRIENDLY-SYNTHETIC-DATA/src/modelOperations/models.py", line 18, in train
    self.model.fit(X_train, y_train)
  File "/mnt/NVMETank/Projects/Students/Dele/A-STUDY-INTO-THE-QUALITY-AND-USABILITY-OF-PRIVACY-FRIENDLY-SYNTHETIC-DATA/.venv/lib/python3.12/site-packages/sklearn/base.py", line 1389, in wrapper
    return fit_method(estimator, *args, **kwargs)
           ^^^^^^^^^^^^^^^^^^^^^^^^^^^^^^^^^^^^^^
  File "/mnt/NVMETank/Projects/Students/Dele/A-STUDY-INTO-THE-QUALITY-AND-USABILITY-OF-PRIVACY-FRIENDLY-SYNTHETIC-DATA/.venv/lib/python3.12/site-packages/sklearn/pipeline.py", line 654, in fit
    Xt = self._fit(X, y, routed_params, raw_params=params)
         ^^^^^^^^^^^^^^^^^^^^^^^^^^^^^^^^^^^^^^^^^^^^^^^^^
  File "/mnt/NVMETank/Projects/Students/Dele/A-STUDY-INTO-THE-QUALITY-AND-USABILITY-OF-PRIVACY-FRIENDLY-SYNTHETIC-DATA/.venv/lib/python3.12/site-packages/sklearn/pipeline.py", line 588, in _fit
    X, fitted_transformer = fit_transform_one_cached(
                            ^^^^^^^^^^^^^^^^^^^^^^^^^
  File "/mnt/NVMETank/Projects/Students/Dele/A-STUDY-INTO-THE-QUALITY-AND-USABILITY-OF-PRIVACY-FRIENDLY-SYNTHETIC-DATA/.venv/lib/python3.12/site-packages/joblib/memory.py", line 312, in __call__
    return self.func(*args, **kwargs)
           ^^^^^^^^^^^^^^^^^^^^^^^^^^
  File "/mnt/NVMETank/Projects/Students/Dele/A-STUDY-INTO-THE-QUALITY-AND-USABILITY-OF-PRIVACY-FRIENDLY-SYNTHETIC-DATA/.venv/lib/python3.12/site-packages/sklearn/pipeline.py", line 1551, in _fit_transform_one
    res = transformer.fit_transform(X, y, **params.get("fit_transform", {}))
          ^^^^^^^^^^^^^^^^^^^^^^^^^^^^^^^^^^^^^^^^^^^^^^^^^^^^^^^^^^^^^^^^^^
  File "/mnt/NVMETank/Projects/Students/Dele/A-STUDY-INTO-THE-QUALITY-AND-USABILITY-OF-PRIVACY-FRIENDLY-SYNTHETIC-DATA/.venv/lib/python3.12/site-packages/sklearn/utils/_set_output.py", line 319, in wrapped
    data_to_wrap = f(self, X, *args, **kwargs)
                   ^^^^^^^^^^^^^^^^^^^^^^^^^^^
  File "/mnt/NVMETank/Projects/Students/Dele/A-STUDY-INTO-THE-QUALITY-AND-USABILITY-OF-PRIVACY-FRIENDLY-SYNTHETIC-DATA/.venv/lib/python3.12/site-packages/sklearn/base.py", line 921, in fit_transform
    return self.fit(X, y, **fit_params).transform(X)
           ^^^^^^^^^^^^^^^^^^^^^^^^^^^^
  File "/mnt/NVMETank/Projects/Students/Dele/A-STUDY-INTO-THE-QUALITY-AND-USABILITY-OF-PRIVACY-FRIENDLY-SYNTHETIC-DATA/.venv/lib/python3.12/site-packages/sklearn/preprocessing/_data.py", line 894, in fit
    return self.partial_fit(X, y, sample_weight)
           ^^^^^^^^^^^^^^^^^^^^^^^^^^^^^^^^^^^^^
  File "/mnt/NVMETank/Projects/Students/Dele/A-STUDY-INTO-THE-QUALITY-AND-USABILITY-OF-PRIVACY-FRIENDLY-SYNTHETIC-DATA/.venv/lib/python3.12/site-packages/sklearn/base.py", line 1389, in wrapper
    return fit_method(estimator, *args, **kwargs)
           ^^^^^^^^^^^^^^^^^^^^^^^^^^^^^^^^^^^^^^
  File "/mnt/NVMETank/Projects/Students/Dele/A-STUDY-INTO-THE-QUALITY-AND-USABILITY-OF-PRIVACY-FRIENDLY-SYNTHETIC-DATA/.venv/lib/python3.12/site-packages/sklearn/preprocessing/_data.py", line 930, in partial_fit
    X = validate_data(
        ^^^^^^^^^^^^^^
  File "/mnt/NVMETank/Projects/Students/Dele/A-STUDY-INTO-THE-QUALITY-AND-USABILITY-OF-PRIVACY-FRIENDLY-SYNTHETIC-DATA/.venv/lib/python3.12/site-packages/sklearn/utils/validation.py", line 2944, in validate_data
    out = check_array(X, input_name="X", **check_params)
          ^^^^^^^^^^^^^^^^^^^^^^^^^^^^^^^^^^^^^^^^^^^^^^
  File "/mnt/NVMETank/Projects/Students/Dele/A-STUDY-INTO-THE-QUALITY-AND-USABILITY-OF-PRIVACY-FRIENDLY-SYNTHETIC-DATA/.venv/lib/python3.12/site-packages/sklearn/utils/validation.py", line 1055, in check_array
    array = _asarray_with_order(array, order=order, dtype=dtype, xp=xp)
            ^^^^^^^^^^^^^^^^^^^^^^^^^^^^^^^^^^^^^^^^^^^^^^^^^^^^^^^^^^^
  File "/mnt/NVMETank/Projects/Students/Dele/A-STUDY-INTO-THE-QUALITY-AND-USABILITY-OF-PRIVACY-FRIENDLY-SYNTHETIC-DATA/.venv/lib/python3.12/site-packages/sklearn/utils/_array_api.py", line 839, in _asarray_with_order
    array = numpy.asarray(array, order=order, dtype=dtype)
            ^^^^^^^^^^^^^^^^^^^^^^^^^^^^^^^^^^^^^^^^^^^^^^
  File "/mnt/NVMETank/Projects/Students/Dele/A-STUDY-INTO-THE-QUALITY-AND-USABILITY-OF-PRIVACY-FRIENDLY-SYNTHETIC-DATA/.venv/lib/python3.12/site-packages/pandas/core/generic.py", line 2153, in __array__
    arr = np.asarray(values, dtype=dtype)
          ^^^^^^^^^^^^^^^^^^^^^^^^^^^^^^^
ValueError: could not convert string to float: 'blue-collar'
2025-04-22 18:46:11,876 - INFO - [TRAINING] Training RandomForest on TVAE_HYBRID...
2025-04-22 18:46:11,882 - ERROR -  ERROR Training failed for RandomForest on TVAE_HYBRID: could not convert string to float: 'blue-collar'
Traceback (most recent call last):
  File "/mnt/NVMETank/Projects/Students/Dele/A-STUDY-INTO-THE-QUALITY-AND-USABILITY-OF-PRIVACY-FRIENDLY-SYNTHETIC-DATA/src/modelOperations/model_training.py", line 53, in train_models
    model_instance.train(X_train, y_train)
  File "/mnt/NVMETank/Projects/Students/Dele/A-STUDY-INTO-THE-QUALITY-AND-USABILITY-OF-PRIVACY-FRIENDLY-SYNTHETIC-DATA/src/modelOperations/models.py", line 48, in train
    self.model.fit(X_train, y_train)
  File "/mnt/NVMETank/Projects/Students/Dele/A-STUDY-INTO-THE-QUALITY-AND-USABILITY-OF-PRIVACY-FRIENDLY-SYNTHETIC-DATA/.venv/lib/python3.12/site-packages/sklearn/base.py", line 1389, in wrapper
    return fit_method(estimator, *args, **kwargs)
           ^^^^^^^^^^^^^^^^^^^^^^^^^^^^^^^^^^^^^^
  File "/mnt/NVMETank/Projects/Students/Dele/A-STUDY-INTO-THE-QUALITY-AND-USABILITY-OF-PRIVACY-FRIENDLY-SYNTHETIC-DATA/.venv/lib/python3.12/site-packages/sklearn/ensemble/_forest.py", line 360, in fit
    X, y = validate_data(
           ^^^^^^^^^^^^^^
  File "/mnt/NVMETank/Projects/Students/Dele/A-STUDY-INTO-THE-QUALITY-AND-USABILITY-OF-PRIVACY-FRIENDLY-SYNTHETIC-DATA/.venv/lib/python3.12/site-packages/sklearn/utils/validation.py", line 2961, in validate_data
    X, y = check_X_y(X, y, **check_params)
           ^^^^^^^^^^^^^^^^^^^^^^^^^^^^^^^
  File "/mnt/NVMETank/Projects/Students/Dele/A-STUDY-INTO-THE-QUALITY-AND-USABILITY-OF-PRIVACY-FRIENDLY-SYNTHETIC-DATA/.venv/lib/python3.12/site-packages/sklearn/utils/validation.py", line 1370, in check_X_y
    X = check_array(
        ^^^^^^^^^^^^
  File "/mnt/NVMETank/Projects/Students/Dele/A-STUDY-INTO-THE-QUALITY-AND-USABILITY-OF-PRIVACY-FRIENDLY-SYNTHETIC-DATA/.venv/lib/python3.12/site-packages/sklearn/utils/validation.py", line 1055, in check_array
    array = _asarray_with_order(array, order=order, dtype=dtype, xp=xp)
            ^^^^^^^^^^^^^^^^^^^^^^^^^^^^^^^^^^^^^^^^^^^^^^^^^^^^^^^^^^^
  File "/mnt/NVMETank/Projects/Students/Dele/A-STUDY-INTO-THE-QUALITY-AND-USABILITY-OF-PRIVACY-FRIENDLY-SYNTHETIC-DATA/.venv/lib/python3.12/site-packages/sklearn/utils/_array_api.py", line 839, in _asarray_with_order
    array = numpy.asarray(array, order=order, dtype=dtype)
            ^^^^^^^^^^^^^^^^^^^^^^^^^^^^^^^^^^^^^^^^^^^^^^
  File "/mnt/NVMETank/Projects/Students/Dele/A-STUDY-INTO-THE-QUALITY-AND-USABILITY-OF-PRIVACY-FRIENDLY-SYNTHETIC-DATA/.venv/lib/python3.12/site-packages/pandas/core/generic.py", line 2153, in __array__
    arr = np.asarray(values, dtype=dtype)
          ^^^^^^^^^^^^^^^^^^^^^^^^^^^^^^^
ValueError: could not convert string to float: 'blue-collar'
2025-04-22 18:46:11,883 - INFO - [TRAINING] Finished training 0 model(s) for dataset: TVAE_HYBRID
2025-04-22 18:46:11,884 - INFO - [TRAINING] Total models trained across all datasets: 12
2025-04-22 18:46:11,884 - INFO - [UTILITY] Trained model names: ['Original', 'CTGAN', 'TVAE', 'CTGAN_HYBRID', 'TVAE_HYBRID']
2025-04-22 18:46:11,884 - INFO - [UTILITY] Model Training Completed.
2025-04-22 18:46:11,884 - INFO - Starting the Evaluating of models...
2025-04-22 18:46:11,884 - INFO - Preparing evaluation for model 'DecisionTree' across all datasets...
2025-04-22 18:46:11,884 - INFO - Evaluating DecisionTree on Original...
2025-04-22 18:46:11,887 - INFO - Predictions completed for DecisionTree on Original
2025-04-22 18:46:11,887 - INFO - Prediction distribution for DecisionTree on Original: {'no': 7972, 'yes': 1071}
2025-04-22 18:46:12,000 - INFO - Computed 8 metric(s) for DecisionTree on Original
2025-04-22 18:46:12,000 - INFO - Evaluating DecisionTree on CTGAN...
2025-04-22 18:46:12,003 - INFO - Predictions completed for DecisionTree on CTGAN
2025-04-22 18:46:12,003 - INFO - Prediction distribution for DecisionTree on CTGAN: {'no': 7422, 'yes': 1621}
2025-04-22 18:46:12,111 - INFO - Computed 8 metric(s) for DecisionTree on CTGAN
2025-04-22 18:46:12,111 - INFO - Evaluating DecisionTree on TVAE...
2025-04-22 18:46:12,113 - INFO - Predictions completed for DecisionTree on TVAE
2025-04-22 18:46:12,114 - INFO - Prediction distribution for DecisionTree on TVAE: {'no': 7021, 'yes': 2022}
2025-04-22 18:46:12,220 - INFO - Computed 8 metric(s) for DecisionTree on TVAE
2025-04-22 18:46:12,220 - INFO - Preparing evaluation for model 'KNN' across all datasets...
2025-04-22 18:46:12,220 - INFO - Evaluating KNN on Original...
2025-04-22 18:46:15,872 - INFO - Predictions completed for KNN on Original
2025-04-22 18:46:15,873 - INFO - Prediction distribution for KNN on Original: {'no': 8435, 'yes': 608}
2025-04-22 18:46:21,900 - INFO - Computed 8 metric(s) for KNN on Original
2025-04-22 18:46:21,900 - INFO - Evaluating KNN on CTGAN...
2025-04-22 18:46:25,549 - INFO - Predictions completed for KNN on CTGAN
2025-04-22 18:46:25,550 - INFO - Prediction distribution for KNN on CTGAN: {'no': 8390, 'yes': 653}
2025-04-22 18:46:32,395 - INFO - Computed 8 metric(s) for KNN on CTGAN
2025-04-22 18:46:32,395 - INFO - Evaluating KNN on TVAE...
2025-04-22 18:46:35,899 - INFO - Predictions completed for KNN on TVAE
2025-04-22 18:46:35,901 - INFO - Prediction distribution for KNN on TVAE: {'no': 6653, 'yes': 2390}
2025-04-22 18:46:42,613 - INFO - Computed 8 metric(s) for KNN on TVAE
2025-04-22 18:46:42,613 - INFO - Preparing evaluation for model 'LogisticRegression' across all datasets...
2025-04-22 18:46:42,613 - INFO - Evaluating LogisticRegression on Original...
2025-04-22 18:46:42,616 - INFO - Predictions completed for LogisticRegression on Original
2025-04-22 18:46:42,617 - INFO - Prediction distribution for LogisticRegression on Original: {'no': 8497, 'yes': 546}
2025-04-22 18:46:42,734 - INFO - Computed 8 metric(s) for LogisticRegression on Original
2025-04-22 18:46:42,734 - INFO - Evaluating LogisticRegression on CTGAN...
2025-04-22 18:46:42,738 - INFO - Predictions completed for LogisticRegression on CTGAN
2025-04-22 18:46:42,738 - INFO - Prediction distribution for LogisticRegression on CTGAN: {'no': 8654, 'yes': 389}
2025-04-22 18:46:42,851 - INFO - Computed 8 metric(s) for LogisticRegression on CTGAN
2025-04-22 18:46:42,851 - INFO - Evaluating LogisticRegression on TVAE...
2025-04-22 18:46:42,854 - INFO - Predictions completed for LogisticRegression on TVAE
2025-04-22 18:46:42,855 - INFO - Prediction distribution for LogisticRegression on TVAE: {'no': 7591, 'yes': 1452}
2025-04-22 18:46:42,968 - INFO - Computed 8 metric(s) for LogisticRegression on TVAE
2025-04-22 18:46:42,968 - INFO - Preparing evaluation for model 'RandomForest' across all datasets...
2025-04-22 18:46:42,968 - INFO - Evaluating RandomForest on Original...
2025-04-22 18:46:43,057 - INFO - Predictions completed for RandomForest on Original
2025-04-22 18:46:43,058 - INFO - Prediction distribution for RandomForest on Original: {'no': 8439, 'yes': 604}
2025-04-22 18:46:43,591 - INFO - Computed 8 metric(s) for RandomForest on Original
2025-04-22 18:46:43,591 - INFO - Evaluating RandomForest on CTGAN...
2025-04-22 18:46:43,710 - INFO - Predictions completed for RandomForest on CTGAN
2025-04-22 18:46:43,711 - INFO - Prediction distribution for RandomForest on CTGAN: {'no': 8533, 'yes': 510}
2025-04-22 18:46:44,035 - INFO - Computed 8 metric(s) for RandomForest on CTGAN
2025-04-22 18:46:44,035 - INFO - Evaluating RandomForest on TVAE...
2025-04-22 18:46:44,093 - INFO - Predictions completed for RandomForest on TVAE
2025-04-22 18:46:44,094 - INFO - Prediction distribution for RandomForest on TVAE: {'no': 7952, 'yes': 1091}
2025-04-22 18:46:44,587 - INFO - Computed 8 metric(s) for RandomForest on TVAE
2025-04-22 18:46:44,592 - INFO - Evaluation completed for all models.
2025-04-22 18:46:44,592 - INFO - Model evaluation completed in 32.71 seconds.
2025-04-22 18:46:44,594 - INFO - Evaluated models: ['DecisionTree', 'KNN', 'LogisticRegression', 'RandomForest']
2025-04-22 18:46:44,594 - INFO - Model Training and Evaluation completed.
2025-04-22 18:46:45,088 - INFO -  Visualizations saved.
2025-04-22 18:46:45,088 - INFO -  Benchmarking Completed. Results saved in output folder.
