2025-04-22 19:27:50,692 - INFO - Loaded config file: configs/generated_configs/bankMarketing/bankMarketing_synth_ep50_rows2x.yaml
2025-04-22 19:27:50,692 - INFO -  Benchmarking started for dataset: bankMarketing
2025-04-22 19:27:50,692 - INFO - Using dataset path: /mnt/NVMETank/Projects/Students/Dele/A-STUDY-INTO-THE-QUALITY-AND-USABILITY-OF-PRIVACY-FRIENDLY-SYNTHETIC-DATA/datasets/original/bankMarketing.csv
2025-04-22 19:27:50,692 - INFO - Target column: y, separator: ';'
2025-04-22 19:27:50,692 - INFO - Configuration loaded: enable_anonymization = False, enable_synthesis = True, enable_hybrid = True, enable_utility = True, delete_after_evaluation = False
2025-04-22 19:27:50,692 - INFO - Running preprocessing...
2025-04-22 19:27:50,696 - INFO -  [PREPROCESSING] Preprocessed files found. Skipping preprocessing.
2025-04-22 19:27:50,816 - INFO - Preprocessing completed. Rows before: 45211, after: 36168
2025-04-22 19:27:50,816 - INFO - Preprocessed data saved to: outputs/batch/bankMarketing_batch_2025-04-22_18-04-53/bankMarketing_synth_ep50_rows2x/preprocessing_report.txt
2025-04-22 19:27:50,816 - INFO - enable_anonymization = False
2025-04-22 19:27:50,816 - INFO - Anonymization Skipped (Disabled in Configuration).
2025-04-22 19:27:50,816 - INFO - enable_synthetic_generation = True
2025-04-22 19:27:50,816 - INFO - Starting standard Synthetic Data Generation pipeline...
2025-04-22 19:27:50,816 - INFO - Executing run_synthetic.....
2025-04-22 19:27:50,816 - INFO - [SYNTHETIC PIPELINE] executing run_synthetic for bankMarketing...
2025-04-22 19:27:50,816 - INFO - [SYNTHETIC] Processing dataset: bankMarketing
2025-04-22 19:27:50,816 - INFO - [SYNTHETIC] Original dataset size: 36168 rows
2025-04-22 19:27:50,855 - INFO - Detected metadata:
2025-04-22 19:27:50,856 - INFO - {
    "columns": {
        "age": {
            "sdtype": "numerical"
        },
        "job_0": {
            "sdtype": "categorical"
        },
        "job_1": {
            "sdtype": "categorical"
        },
        "job_2": {
            "sdtype": "categorical"
        },
        "job_3": {
            "sdtype": "categorical"
        },
        "marital_0": {
            "sdtype": "categorical"
        },
        "marital_1": {
            "sdtype": "categorical"
        },
        "education_0": {
            "sdtype": "categorical"
        },
        "education_1": {
            "sdtype": "categorical"
        },
        "education_2": {
            "sdtype": "categorical"
        },
        "default_0": {
            "sdtype": "categorical"
        },
        "default_1": {
            "sdtype": "categorical"
        },
        "balance": {
            "sdtype": "numerical"
        },
        "housing_0": {
            "sdtype": "categorical"
        },
        "housing_1": {
            "sdtype": "categorical"
        },
        "loan_0": {
            "sdtype": "categorical"
        },
        "loan_1": {
            "sdtype": "categorical"
        },
        "contact_0": {
            "sdtype": "categorical"
        },
        "contact_1": {
            "sdtype": "categorical"
        },
        "day": {
            "sdtype": "numerical"
        },
        "month_0": {
            "sdtype": "categorical"
        },
        "month_1": {
            "sdtype": "categorical"
        },
        "month_2": {
            "sdtype": "categorical"
        },
        "month_3": {
            "sdtype": "categorical"
        },
        "duration": {
            "sdtype": "numerical"
        },
        "campaign": {
            "sdtype": "numerical"
        },
        "pdays": {
            "sdtype": "numerical"
        },
        "previous": {
            "sdtype": "numerical"
        },
        "poutcome_0": {
            "sdtype": "categorical"
        },
        "poutcome_1": {
            "sdtype": "categorical"
        },
        "poutcome_2": {
            "sdtype": "categorical"
        },
        "y": {
            "sdtype": "categorical"
        }
    },
    "METADATA_SPEC_VERSION": "SINGLE_TABLE_V1"
}
2025-04-22 19:27:50,856 - INFO - [SYNTHETIC] Preparing synthesizer: CTGAN
2025-04-22 19:27:50,856 - INFO - [SYNTHETIC] Params from config: {'epochs': 50}
2025-04-22 19:27:50,856 - INFO - [SYNTHETIC] Found existing CTGAN synthesizer: /mnt/NVMETank/Projects/Students/Dele/A-STUDY-INTO-THE-QUALITY-AND-USABILITY-OF-PRIVACY-FRIENDLY-SYNTHETIC-DATA/artifacts/synthesizers/bankMarketing_CTGAN_epochs50_synthesizer.pkl
2025-04-22 19:27:51,190 - INFO - {'EVENT': 'Load', 'TIMESTAMP': datetime.datetime(2025, 4, 22, 19, 27, 51, 190062), 'SYNTHESIZER CLASS NAME': 'CTGANSynthesizer', 'SYNTHESIZER ID': 'CTGANSynthesizer_1.18.0_67b15dca3c3249b89a988dbb3552bb6c'}
2025-04-22 19:27:51,190 - INFO - [SYNTHETIC] Preparing synthesizer: TVAE
2025-04-22 19:27:51,190 - INFO - [SYNTHETIC] Params from config: {'epochs': 50}
2025-04-22 19:27:51,190 - INFO - [SYNTHETIC] Found existing TVAE synthesizer: /mnt/NVMETank/Projects/Students/Dele/A-STUDY-INTO-THE-QUALITY-AND-USABILITY-OF-PRIVACY-FRIENDLY-SYNTHETIC-DATA/artifacts/synthesizers/bankMarketing_TVAE_epochs50_synthesizer.pkl
2025-04-22 19:27:51,239 - INFO - {'EVENT': 'Load', 'TIMESTAMP': datetime.datetime(2025, 4, 22, 19, 27, 51, 239380), 'SYNTHESIZER CLASS NAME': 'TVAESynthesizer', 'SYNTHESIZER ID': 'TVAESynthesizer_1.18.0_e07eba6cb3ab4a9ca70a25461f967134'}
2025-04-22 19:27:51,239 - INFO - [SYNTHETIC] Using CTGAN to generate 72336 rows...
2025-04-22 19:27:59,809 - INFO - {'EVENT': 'Sample', 'TIMESTAMP': datetime.datetime(2025, 4, 22, 19, 27, 51, 239562), 'SYNTHESIZER CLASS NAME': 'CTGANSynthesizer', 'SYNTHESIZER ID': 'CTGANSynthesizer_1.18.0_67b15dca3c3249b89a988dbb3552bb6c', 'TOTAL NUMBER OF TABLES': 1, 'TOTAL NUMBER OF ROWS': 72336, 'TOTAL NUMBER OF COLUMNS': 32}
2025-04-22 19:27:59,809 - INFO - [SYNTHETIC] CTGAN completed: 72336 rows generated.
2025-04-22 19:27:59,812 - INFO - [SYNTHETIC] Target class distribution for CTGAN: {'no': 61757, 'yes': 10579}
2025-04-22 19:27:59,812 - INFO - [SYNTHETIC] Using TVAE to generate 72336 rows...
2025-04-22 19:28:00,810 - INFO - {'EVENT': 'Sample', 'TIMESTAMP': datetime.datetime(2025, 4, 22, 19, 27, 59, 812263), 'SYNTHESIZER CLASS NAME': 'TVAESynthesizer', 'SYNTHESIZER ID': 'TVAESynthesizer_1.18.0_e07eba6cb3ab4a9ca70a25461f967134', 'TOTAL NUMBER OF TABLES': 1, 'TOTAL NUMBER OF ROWS': 72336, 'TOTAL NUMBER OF COLUMNS': 32}
2025-04-22 19:28:00,810 - INFO - [SYNTHETIC] TVAE completed: 72336 rows generated.
2025-04-22 19:28:00,812 - INFO - [SYNTHETIC] Target class distribution for TVAE: {'no': 66170, 'yes': 6166}
2025-04-22 19:28:00,813 - INFO - [SYNTHETIC PIPELINE] Synthetic Data Generation Completed.
2025-04-22 19:28:00,813 - INFO - [SYNTHETIC PIPELINE] Synthesizers used: ['CTGAN', 'TVAE']
2025-04-22 19:28:00,813 - INFO - [SYNTHETIC PIPELINE] Evaluating synthetic dataset generated by CTGAN...
2025-04-22 19:28:00,813 - INFO - [SYNTHETIC EVAL] Real data columns     (32): ['age', 'job_0', 'job_1', 'job_2', 'job_3', 'marital_0', 'marital_1', 'education_0', 'education_1', 'education_2', 'default_0', 'default_1', 'balance', 'housing_0', 'housing_1', 'loan_0', 'loan_1', 'contact_0', 'contact_1', 'day', 'month_0', 'month_1', 'month_2', 'month_3', 'duration', 'campaign', 'pdays', 'previous', 'poutcome_0', 'poutcome_1', 'poutcome_2', 'y']
2025-04-22 19:28:00,813 - INFO - [SYNTHETIC EVAL] Synthetic data columns (32): ['age', 'job_0', 'job_1', 'job_2', 'job_3', 'marital_0', 'marital_1', 'education_0', 'education_1', 'education_2', 'default_0', 'default_1', 'balance', 'housing_0', 'housing_1', 'loan_0', 'loan_1', 'contact_0', 'contact_1', 'day', 'month_0', 'month_1', 'month_2', 'month_3', 'duration', 'campaign', 'pdays', 'previous', 'poutcome_0', 'poutcome_1', 'poutcome_2', 'y']
2025-04-22 19:28:00,813 - INFO - [SYNTHETIC EVAL] Metadata columns      (32): ['age', 'job_0', 'job_1', 'job_2', 'job_3', 'marital_0', 'marital_1', 'education_0', 'education_1', 'education_2', 'default_0', 'default_1', 'balance', 'housing_0', 'housing_1', 'loan_0', 'loan_1', 'contact_0', 'contact_1', 'day', 'month_0', 'month_1', 'month_2', 'month_3', 'duration', 'campaign', 'pdays', 'previous', 'poutcome_0', 'poutcome_1', 'poutcome_2', 'y']
2025-04-22 19:28:00,813 - INFO - [SYNTHETIC EVAL] Shape — Real: (36168, 32), Synthetic: (72336, 32)
2025-04-22 19:28:00,813 - INFO - [SYNTHETIC EVAL] Metadata structure:
{
  "columns": {
    "age": {
      "sdtype": "numerical"
    },
    "job_0": {
      "sdtype": "categorical"
    },
    "job_1": {
      "sdtype": "categorical"
    },
    "job_2": {
      "sdtype": "categorical"
    },
    "job_3": {
      "sdtype": "categorical"
    },
    "marital_0": {
      "sdtype": "categorical"
    },
    "marital_1": {
      "sdtype": "categorical"
    },
    "education_0": {
      "sdtype": "categorical"
    },
    "education_1": {
      "sdtype": "categorical"
    },
    "education_2": {
      "sdtype": "categorical"
    },
    "default_0": {
      "sdtype": "categorical"
    },
    "default_1": {
      "sdtype": "categorical"
    },
    "balance": {
      "sdtype": "numerical"
    },
    "housing_0": {
      "sdtype": "categorical"
    },
    "housing_1": {
      "sdtype": "categorical"
    },
    "loan_0": {
      "sdtype": "categorical"
    },
    "loan_1": {
      "sdtype": "categorical"
    },
    "contact_0": {
      "sdtype": "categorical"
    },
    "contact_1": {
      "sdtype": "categorical"
    },
    "day": {
      "sdtype": "numerical"
    },
    "month_0": {
      "sdtype": "categorical"
    },
    "month_1": {
      "sdtype": "categorical"
    },
    "month_2": {
      "sdtype": "categorical"
    },
    "month_3": {
      "sdtype": "categorical"
    },
    "duration": {
      "sdtype": "numerical"
    },
    "campaign": {
      "sdtype": "numerical"
    },
    "pdays": {
      "sdtype": "numerical"
    },
    "previous": {
      "sdtype": "numerical"
    },
    "poutcome_0": {
      "sdtype": "categorical"
    },
    "poutcome_1": {
      "sdtype": "categorical"
    },
    "poutcome_2": {
      "sdtype": "categorical"
    },
    "y": {
      "sdtype": "categorical"
    }
  },
  "METADATA_SPEC_VERSION": "SINGLE_TABLE_V1"
}
2025-04-22 19:28:03,691 - INFO - [SYNTHETIC PIPELINE] Evaluating synthetic dataset generated by TVAE...
2025-04-22 19:28:03,692 - INFO - [SYNTHETIC EVAL] Real data columns     (32): ['age', 'job_0', 'job_1', 'job_2', 'job_3', 'marital_0', 'marital_1', 'education_0', 'education_1', 'education_2', 'default_0', 'default_1', 'balance', 'housing_0', 'housing_1', 'loan_0', 'loan_1', 'contact_0', 'contact_1', 'day', 'month_0', 'month_1', 'month_2', 'month_3', 'duration', 'campaign', 'pdays', 'previous', 'poutcome_0', 'poutcome_1', 'poutcome_2', 'y']
2025-04-22 19:28:03,692 - INFO - [SYNTHETIC EVAL] Synthetic data columns (32): ['age', 'job_0', 'job_1', 'job_2', 'job_3', 'marital_0', 'marital_1', 'education_0', 'education_1', 'education_2', 'default_0', 'default_1', 'balance', 'housing_0', 'housing_1', 'loan_0', 'loan_1', 'contact_0', 'contact_1', 'day', 'month_0', 'month_1', 'month_2', 'month_3', 'duration', 'campaign', 'pdays', 'previous', 'poutcome_0', 'poutcome_1', 'poutcome_2', 'y']
2025-04-22 19:28:03,692 - INFO - [SYNTHETIC EVAL] Metadata columns      (32): ['age', 'job_0', 'job_1', 'job_2', 'job_3', 'marital_0', 'marital_1', 'education_0', 'education_1', 'education_2', 'default_0', 'default_1', 'balance', 'housing_0', 'housing_1', 'loan_0', 'loan_1', 'contact_0', 'contact_1', 'day', 'month_0', 'month_1', 'month_2', 'month_3', 'duration', 'campaign', 'pdays', 'previous', 'poutcome_0', 'poutcome_1', 'poutcome_2', 'y']
2025-04-22 19:28:03,692 - INFO - [SYNTHETIC EVAL] Shape — Real: (36168, 32), Synthetic: (72336, 32)
2025-04-22 19:28:03,692 - INFO - [SYNTHETIC EVAL] Metadata structure:
{
  "columns": {
    "age": {
      "sdtype": "numerical"
    },
    "job_0": {
      "sdtype": "categorical"
    },
    "job_1": {
      "sdtype": "categorical"
    },
    "job_2": {
      "sdtype": "categorical"
    },
    "job_3": {
      "sdtype": "categorical"
    },
    "marital_0": {
      "sdtype": "categorical"
    },
    "marital_1": {
      "sdtype": "categorical"
    },
    "education_0": {
      "sdtype": "categorical"
    },
    "education_1": {
      "sdtype": "categorical"
    },
    "education_2": {
      "sdtype": "categorical"
    },
    "default_0": {
      "sdtype": "categorical"
    },
    "default_1": {
      "sdtype": "categorical"
    },
    "balance": {
      "sdtype": "numerical"
    },
    "housing_0": {
      "sdtype": "categorical"
    },
    "housing_1": {
      "sdtype": "categorical"
    },
    "loan_0": {
      "sdtype": "categorical"
    },
    "loan_1": {
      "sdtype": "categorical"
    },
    "contact_0": {
      "sdtype": "categorical"
    },
    "contact_1": {
      "sdtype": "categorical"
    },
    "day": {
      "sdtype": "numerical"
    },
    "month_0": {
      "sdtype": "categorical"
    },
    "month_1": {
      "sdtype": "categorical"
    },
    "month_2": {
      "sdtype": "categorical"
    },
    "month_3": {
      "sdtype": "categorical"
    },
    "duration": {
      "sdtype": "numerical"
    },
    "campaign": {
      "sdtype": "numerical"
    },
    "pdays": {
      "sdtype": "numerical"
    },
    "previous": {
      "sdtype": "numerical"
    },
    "poutcome_0": {
      "sdtype": "categorical"
    },
    "poutcome_1": {
      "sdtype": "categorical"
    },
    "poutcome_2": {
      "sdtype": "categorical"
    },
    "y": {
      "sdtype": "categorical"
    }
  },
  "METADATA_SPEC_VERSION": "SINGLE_TABLE_V1"
}
2025-04-22 19:28:06,564 - INFO -  [SYNTHETIC PIPELINE]  Synthetic Data Evaluation Completed.
2025-04-22 19:28:06,570 - INFO -  [SYNTHETIC PIPELINE] Synthetic Data Report Generated Successfully.
2025-04-22 19:28:06,780 - INFO - Synthetic data generated with 2 synthesizer(s).
2025-04-22 19:28:06,780 - INFO - Running Hybrid Pipeline...
2025-04-22 19:28:06,780 - INFO -  [HYBRID] Executing run_hybrid...
2025-04-22 19:28:06,780 - INFO -  [HYBRID] Looking for encoded anonymized data in /mnt/NVMETank/Projects/Students/Dele/A-STUDY-INTO-THE-QUALITY-AND-USABILITY-OF-PRIVACY-FRIENDLY-SYNTHETIC-DATA/datasets/anonymized/bankMarketing_k10_l2_sup10_anonymized_encoded.csv
2025-04-22 19:28:06,780 - INFO -  [HYBRID ] Loaded cached encoded anonymous data from /mnt/NVMETank/Projects/Students/Dele/A-STUDY-INTO-THE-QUALITY-AND-USABILITY-OF-PRIVACY-FRIENDLY-SYNTHETIC-DATA/datasets/anonymized/bankMarketing_k10_l2_sup10_anonymized_encoded.csv
2025-04-22 19:28:06,811 - INFO -  [HYBRID] Starting synthetic generation for hybrid pipeline...
2025-04-22 19:28:06,811 - INFO - Executing run_synthetic.....
2025-04-22 19:28:06,811 - INFO - [SYNTHETIC PIPELINE] executing run_synthetic for bankMarketing_k10_l2_sup10...
2025-04-22 19:28:06,811 - INFO - [SYNTHETIC] Processing dataset: bankMarketing_k10_l2_sup10
2025-04-22 19:28:06,811 - INFO - [SYNTHETIC] Original dataset size: 36168 rows
2025-04-22 19:28:06,868 - INFO - Detected metadata:
2025-04-22 19:28:06,868 - INFO - {
    "columns": {
        "age": {
            "sdtype": "numerical"
        },
        "job": {
            "sdtype": "categorical"
        },
        "marital": {
            "sdtype": "categorical"
        },
        "education": {
            "sdtype": "categorical"
        },
        "default": {
            "sdtype": "categorical"
        },
        "balance": {
            "sdtype": "numerical"
        },
        "housing": {
            "sdtype": "categorical"
        },
        "loan": {
            "sdtype": "categorical"
        },
        "contact": {
            "sdtype": "categorical"
        },
        "day": {
            "sdtype": "categorical"
        },
        "month": {
            "sdtype": "categorical"
        },
        "duration": {
            "sdtype": "categorical"
        },
        "campaign": {
            "sdtype": "categorical"
        },
        "pdays": {
            "sdtype": "numerical"
        },
        "previous": {
            "sdtype": "numerical"
        },
        "poutcome": {
            "sdtype": "categorical"
        },
        "y": {
            "sdtype": "categorical"
        }
    },
    "METADATA_SPEC_VERSION": "SINGLE_TABLE_V1"
}
2025-04-22 19:28:06,868 - INFO - [SYNTHETIC] Preparing synthesizer: CTGAN
2025-04-22 19:28:06,868 - INFO - [SYNTHETIC] Params from config: {'epochs': 50}
2025-04-22 19:28:06,868 - INFO - [SYNTHETIC] Found existing CTGAN synthesizer: /mnt/NVMETank/Projects/Students/Dele/A-STUDY-INTO-THE-QUALITY-AND-USABILITY-OF-PRIVACY-FRIENDLY-SYNTHETIC-DATA/artifacts/synthesizers/bankMarketing_k10_l2_sup10_CTGAN_epochs50_synthesizer.pkl
2025-04-22 19:28:07,366 - INFO - {'EVENT': 'Load', 'TIMESTAMP': datetime.datetime(2025, 4, 22, 19, 28, 7, 366766), 'SYNTHESIZER CLASS NAME': 'CTGANSynthesizer', 'SYNTHESIZER ID': 'CTGANSynthesizer_1.18.0_9c21268371d04b84add7690cf0285c52'}
2025-04-22 19:28:07,366 - INFO - [SYNTHETIC] Preparing synthesizer: TVAE
2025-04-22 19:28:07,367 - INFO - [SYNTHETIC] Params from config: {'epochs': 50}
2025-04-22 19:28:07,367 - INFO - [SYNTHETIC] Found existing TVAE synthesizer: /mnt/NVMETank/Projects/Students/Dele/A-STUDY-INTO-THE-QUALITY-AND-USABILITY-OF-PRIVACY-FRIENDLY-SYNTHETIC-DATA/artifacts/synthesizers/bankMarketing_k10_l2_sup10_TVAE_epochs50_synthesizer.pkl
2025-04-22 19:28:07,399 - INFO - {'EVENT': 'Load', 'TIMESTAMP': datetime.datetime(2025, 4, 22, 19, 28, 7, 399121), 'SYNTHESIZER CLASS NAME': 'TVAESynthesizer', 'SYNTHESIZER ID': 'TVAESynthesizer_1.18.0_f8075fde92ee43d28936260bbadaeadd'}
2025-04-22 19:28:07,399 - INFO - [SYNTHETIC] Using CTGAN to generate 72336 rows...
2025-04-22 19:28:16,508 - INFO - {'EVENT': 'Sample', 'TIMESTAMP': datetime.datetime(2025, 4, 22, 19, 28, 7, 399296), 'SYNTHESIZER CLASS NAME': 'CTGANSynthesizer', 'SYNTHESIZER ID': 'CTGANSynthesizer_1.18.0_9c21268371d04b84add7690cf0285c52', 'TOTAL NUMBER OF TABLES': 1, 'TOTAL NUMBER OF ROWS': 72336, 'TOTAL NUMBER OF COLUMNS': 17}
2025-04-22 19:28:16,508 - INFO - [SYNTHETIC] CTGAN completed: 72336 rows generated.
2025-04-22 19:28:16,511 - INFO - [SYNTHETIC] Target class distribution for CTGAN: {'no': 56572, 'yes': 15764}
2025-04-22 19:28:16,511 - INFO - [SYNTHETIC] Using TVAE to generate 72336 rows...
2025-04-22 19:28:17,011 - INFO - {'EVENT': 'Sample', 'TIMESTAMP': datetime.datetime(2025, 4, 22, 19, 28, 16, 511143), 'SYNTHESIZER CLASS NAME': 'TVAESynthesizer', 'SYNTHESIZER ID': 'TVAESynthesizer_1.18.0_f8075fde92ee43d28936260bbadaeadd', 'TOTAL NUMBER OF TABLES': 1, 'TOTAL NUMBER OF ROWS': 72336, 'TOTAL NUMBER OF COLUMNS': 17}
2025-04-22 19:28:17,011 - INFO - [SYNTHETIC] TVAE completed: 72336 rows generated.
2025-04-22 19:28:17,014 - INFO - [SYNTHETIC] Target class distribution for TVAE: {'no': 70684, 'yes': 1652}
2025-04-22 19:28:17,016 - INFO - [SYNTHETIC PIPELINE] Synthetic Data Generation Completed.
2025-04-22 19:28:17,016 - INFO - [SYNTHETIC PIPELINE] Synthesizers used: ['CTGAN', 'TVAE']
2025-04-22 19:28:17,016 - INFO - [SYNTHETIC PIPELINE] Evaluating synthetic dataset generated by CTGAN...
2025-04-22 19:28:17,016 - INFO - [SYNTHETIC EVAL] Real data columns     (17): ['age', 'job', 'marital', 'education', 'default', 'balance', 'housing', 'loan', 'contact', 'day', 'month', 'duration', 'campaign', 'pdays', 'previous', 'poutcome', 'y']
2025-04-22 19:28:17,016 - INFO - [SYNTHETIC EVAL] Synthetic data columns (17): ['age', 'job', 'marital', 'education', 'default', 'balance', 'housing', 'loan', 'contact', 'day', 'month', 'duration', 'campaign', 'pdays', 'previous', 'poutcome', 'y']
2025-04-22 19:28:17,016 - INFO - [SYNTHETIC EVAL] Metadata columns      (17): ['age', 'job', 'marital', 'education', 'default', 'balance', 'housing', 'loan', 'contact', 'day', 'month', 'duration', 'campaign', 'pdays', 'previous', 'poutcome', 'y']
2025-04-22 19:28:17,016 - INFO - [SYNTHETIC EVAL] Shape — Real: (36168, 17), Synthetic: (72336, 17)
2025-04-22 19:28:17,016 - INFO - [SYNTHETIC EVAL] Metadata structure:
{
  "columns": {
    "age": {
      "sdtype": "numerical"
    },
    "job": {
      "sdtype": "categorical"
    },
    "marital": {
      "sdtype": "categorical"
    },
    "education": {
      "sdtype": "categorical"
    },
    "default": {
      "sdtype": "categorical"
    },
    "balance": {
      "sdtype": "numerical"
    },
    "housing": {
      "sdtype": "categorical"
    },
    "loan": {
      "sdtype": "categorical"
    },
    "contact": {
      "sdtype": "categorical"
    },
    "day": {
      "sdtype": "categorical"
    },
    "month": {
      "sdtype": "categorical"
    },
    "duration": {
      "sdtype": "categorical"
    },
    "campaign": {
      "sdtype": "categorical"
    },
    "pdays": {
      "sdtype": "numerical"
    },
    "previous": {
      "sdtype": "numerical"
    },
    "poutcome": {
      "sdtype": "categorical"
    },
    "y": {
      "sdtype": "categorical"
    }
  },
  "METADATA_SPEC_VERSION": "SINGLE_TABLE_V1"
}
2025-04-22 19:28:18,686 - INFO - [SYNTHETIC PIPELINE] Evaluating synthetic dataset generated by TVAE...
2025-04-22 19:28:18,686 - INFO - [SYNTHETIC EVAL] Real data columns     (17): ['age', 'job', 'marital', 'education', 'default', 'balance', 'housing', 'loan', 'contact', 'day', 'month', 'duration', 'campaign', 'pdays', 'previous', 'poutcome', 'y']
2025-04-22 19:28:18,686 - INFO - [SYNTHETIC EVAL] Synthetic data columns (17): ['age', 'job', 'marital', 'education', 'default', 'balance', 'housing', 'loan', 'contact', 'day', 'month', 'duration', 'campaign', 'pdays', 'previous', 'poutcome', 'y']
2025-04-22 19:28:18,686 - INFO - [SYNTHETIC EVAL] Metadata columns      (17): ['age', 'job', 'marital', 'education', 'default', 'balance', 'housing', 'loan', 'contact', 'day', 'month', 'duration', 'campaign', 'pdays', 'previous', 'poutcome', 'y']
2025-04-22 19:28:18,686 - INFO - [SYNTHETIC EVAL] Shape — Real: (36168, 17), Synthetic: (72336, 17)
2025-04-22 19:28:18,686 - INFO - [SYNTHETIC EVAL] Metadata structure:
{
  "columns": {
    "age": {
      "sdtype": "numerical"
    },
    "job": {
      "sdtype": "categorical"
    },
    "marital": {
      "sdtype": "categorical"
    },
    "education": {
      "sdtype": "categorical"
    },
    "default": {
      "sdtype": "categorical"
    },
    "balance": {
      "sdtype": "numerical"
    },
    "housing": {
      "sdtype": "categorical"
    },
    "loan": {
      "sdtype": "categorical"
    },
    "contact": {
      "sdtype": "categorical"
    },
    "day": {
      "sdtype": "categorical"
    },
    "month": {
      "sdtype": "categorical"
    },
    "duration": {
      "sdtype": "categorical"
    },
    "campaign": {
      "sdtype": "categorical"
    },
    "pdays": {
      "sdtype": "numerical"
    },
    "previous": {
      "sdtype": "numerical"
    },
    "poutcome": {
      "sdtype": "categorical"
    },
    "y": {
      "sdtype": "categorical"
    }
  },
  "METADATA_SPEC_VERSION": "SINGLE_TABLE_V1"
}
2025-04-22 19:28:20,524 - INFO -  [SYNTHETIC PIPELINE]  Synthetic Data Evaluation Completed.
2025-04-22 19:28:20,529 - INFO -  [SYNTHETIC PIPELINE] Synthetic Data Report Generated Successfully.
2025-04-22 19:28:21,200 - ERROR - [SYNTHETIC PIPELINE] Failed to compare distributions: Could not convert ['blue-collarblue-collarblue-collarblue-collarblue-collarblue-collarblue-collarblue-collarblue-collarblue-collarblue-collarblue-collarblue-collarblue-collarblue-collarblue-collarblue-collarblue-collarblue-collarblue-collarblue-collarblue-collarblue-collarblue-collarblue-collarblue-collarblue-collarblue-collarblue-collarblue-collarblue-collarblue-collarblue-collarblue-collarblue-collarblue-collarblue-collarblue-collarblue-collarblue-collarblue-collarblue-collarblue-collarblue-collarblue-collarblue-collarblue-collarblue-collarblue-collarblue-collarblue-collarblue-collarblue-collarblue-collarblue-collarblue-collarblue-collarblue-collarblue-collarblue-collarblue-collarblue-collarblue-collarblue-collarblue-collarblue-collarblue-collarblue-collarblue-collarblue-collarblue-collarblue-collarblue-collarblue-collarblue-collarblue-collarblue-collarblue-collarblue-collarblue-collarblue-collarblue-collarblue-collarblue-collarblue-collarblue-collarblue-collarblue-collarblue-collarblue-collarblue-collarblue-collarblue-collarblue-collarblue-collarblue-collarblue-collarblue-collarblue-collarblue-collarblue-collarblue-collarblue-collarblue-collarblue-collarblue-collarblue-collarblue-collarblue-collarblue-collarblue-collarblue-collarblue-collarblue-collarblue-collarblue-collarblue-collarblue-collarblue-collarblue-collarblue-collarblue-collarblue-collarblue-collarblue-collarblue-collarblue-collarblue-collarblue-collarblue-collarblue-collarblue-collarblue-collarblue-collarblue-collarblue-collarblue-collarblue-collarblue-collarblue-collarblue-collarblue-collarblue-collarblue-collarblue-collarblue-collarblue-collarblue-collarblue-collarblue-collarblue-collarblue-collarblue-collarblue-collarblue-collarblue-collarblue-collarblue-collarblue-collarblue-collarblue-collarblue-collarblue-collarblue-collarblue-collarblue-collarblue-collarblue-collarblue-collarblue-collarblue-collarblue-collarblue-collarblue-collarblue-collarblue-collarblue-collarblue-collarblue-collarblue-collarblue-collarblue-collarblue-collarblue-collarblue-collarblue-collarblue-collarblue-collarblue-collarblue-collarblue-collarblue-collarblue-collarblue-collarblue-collarblue-collarblue-collarblue-collarblue-collarblue-collarblue-collarblue-collarblue-collarblue-collarblue-collarblue-collarblue-collarblue-collarblue-collarblue-collarblue-collarblue-collarblue-collarblue-collarblue-collarblue-collarblue-collarblue-collarblue-collarblue-collarblue-collarblue-collarblue-collarblue-collarblue-collarblue-collarblue-collarblue-collarblue-collarblue-collarblue-collarblue-collarblue-collarblue-collarblue-collarblue-collarblue-collarblue-collarblue-collarblue-collarblue-collarblue-collarblue-collarblue-collarblue-collarblue-collarblue-collarblue-collarblue-collarblue-collarblue-collarblue-collarblue-collarblue-collarblue-collarblue-collarblue-collarblue-collarblue-collarblue-collarblue-collarblue-collarblue-collarblue-collarblue-collarblue-collarblue-collarblue-collarblue-collarblue-collarblue-collarblue-collarblue-collarblue-collarblue-collarblue-collarblue-collarblue-collarblue-collarblue-collarblue-collarblue-collarblue-collarblue-collarblue-collarblue-collarblue-collarblue-collarblue-collarblue-collarblue-collarblue-collarblue-collarblue-collarblue-collarblue-collarblue-collarblue-collarblue-collarblue-collarblue-collarblue-collarblue-collarblue-collarblue-collarblue-collarblue-collarblue-collarblue-collarblue-collarblue-collarblue-collarblue-collarblue-collarblue-collarblue-collarblue-collarblue-collarblue-collarblue-collarblue-collarblue-collarblue-collarblue-collarblue-collarblue-collarblue-collarblue-collarblue-collarblue-collarblue-collarblue-collarblue-collarblue-collarblue-collarblue-collarblue-collarblue-collarblue-collarblue-collarblue-collarblue-collarblue-collarblue-collarblue-collarblue-collarblue-collarblue-collarblue-collarblue-collarblue-collarblue-collarblue-collarblue-collarblue-collarblue-collarblue-collarblue-collarblue-collarblue-collarblue-collarblue-collarblue-collarblue-collarblue-collarblue-collarblue-collarblue-collarblue-collarblue-collarblue-collarblue-collarblue-collarblue-collarblue-collarblue-collarblue-collarblue-collarblue-collarblue-collarblue-collarblue-collarblue-collarblue-collarblue-collarblue-collarblue-collarblue-collarblue-collarblue-collarblue-collarblue-collarblue-collarblue-collarblue-collarblue-collarblue-collarblue-collarblue-collarblue-collarblue-collarblue-collarblue-collarblue-collarblue-collarblue-collarblue-collarblue-collarblue-collarblue-collarblue-collarblue-collarblue-collarblue-collarblue-collarblue-collarblue-collarblue-collarblue-collarblue-collarblue-collarblue-collarblue-collarblue-collarblue-collarblue-collarblue-collarblue-collarblue-collarblue-collarblue-collarblue-collarblue-collarblue-collarblue-collarblue-collarblue-collarblue-collarblue-collarblue-collarblue-collarblue-collarblue-collarblue-collarblue-collarblue-collarblue-collarblue-collarblue-collarblue-collarblue-collarblue-collarblue-collarblue-collarblue-collarblue-collarblue-collarblue-collarblue-collarblue-collarblue-collarblue-collarblue-collarblue-collarblue-collarblue-collarblue-collarblue-collarblue-collarblue-collarblue-collarblue-collarblue-collarblue-collarblue-collarblue-collarblue-collarblue-collarblue-collarblue-collarblue-collarblue-collarblue-collarblue-collarblue-collarblue-collarblue-collarblue-collarblue-collarblue-collarblue-collarblue-collarblue-collarblue-collarblue-collarblue-collarblue-collarblue-collarblue-collarblue-collarblue-collarblue-collarblue-collarblue-collarblue-collarblue-collarblue-collarblue-collarblue-collarblue-collarblue-collarblue-collarblue-collarblue-collarblue-collarblue-collarblue-collarblue-collarblue-collarblue-collarblue-collarblue-collarblue-collarblue-collarblue-collarblue-collarblue-collarblue-collarblue-collarblue-collarblue-collarblue-collarblue-collarblue-collarblue-collarblue-collarblue-collarblue-collarblue-collarblue-collarblue-collarblue-collarblue-collarblue-collarblue-collarblue-collarblue-collarblue-collarblue-collarblue-collarblue-collarblue-collarblue-collarblue-collarblue-collarblue-collarblue-collarblue-collarblue-collarblue-collarblue-collarblue-collarblue-collarblue-collarblue-collarblue-collarblue-collarblue-collarblue-collarblue-collarblue-collarblue-collarblue-collarblue-collarblue-collarblue-collarblue-collarblue-collarblue-collarblue-collarblue-collarblue-collarblue-collarblue-collarblue-collarblue-collarblue-collarblue-collarblue-collarblue-collarblue-collarblue-collarblue-collarblue-collarblue-collarblue-collarblue-collarblue-collarblue-collarblue-collarblue-collarblue-collarblue-collarblue-collarblue-collarblue-collarblue-collarblue-collarblue-collarblue-collarblue-collarblue-collarblue-collarblue-collarblue-collarblue-collarblue-collarblue-collarblue-collarblue-collarblue-collarblue-collarblue-collarblue-collarblue-collarblue-collarblue-collarblue-collarblue-collarblue-collarblue-collarblue-collarblue-collarblue-collarblue-collarblue-collarblue-collarblue-collarblue-collarblue-collarblue-collarblue-collarblue-collarblue-collarblue-collarblue-collarblue-collarblue-collarblue-collarblue-collarblue-collarblue-collarblue-collarblue-collarblue-collarblue-collarblue-collarblue-collarblue-collarblue-collarblue-collarblue-collarblue-collarblue-collarblue-collarblue-collarblue-collarblue-collarblue-collarblue-collarblue-collarblue-collarblue-collarblue-collarblue-collarblue-collarblue-collarblue-collarblue-collarblue-collarblue-collarblue-collarblue-collarblue-collarblue-collarblue-collarblue-collarblue-collarblue-collarblue-collarblue-collarblue-collarblue-collarblue-collarblue-collarblue-collarblue-collarblue-collarblue-collarblue-collarblue-collarblue-collarblue-collarblue-collarblue-collarblue-collarblue-collarblue-collarblue-collarblue-collarblue-collarblue-collarblue-collarblue-collarblue-collarblue-collarblue-collarblue-collarblue-collarblue-collarblue-collarblue-collarblue-collarblue-collarblue-collarblue-collarblue-collarblue-collarblue-collarblue-collarblue-collarblue-collarblue-collarblue-collarblue-collarblue-collarblue-collarblue-collarblue-collarblue-collarblue-collarblue-collarblue-collarblue-collarblue-collarblue-collarblue-collarblue-collarblue-collarblue-collarblue-collarblue-collarblue-collarblue-collarblue-collarblue-collarblue-collarblue-collarblue-collarblue-collarblue-collarblue-collarblue-collarblue-collarblue-collarblue-collarblue-collarblue-collarblue-collarblue-collarblue-collarblue-collarblue-collarblue-collarblue-collarblue-collarblue-collarblue-collarblue-collarblue-collarblue-collarblue-collarblue-collarblue-collarblue-collarblue-collarblue-collarblue-collarblue-collarblue-collarblue-collarblue-collarblue-collarblue-collarblue-collarblue-collarblue-collarblue-collarblue-collarblue-collarblue-collarblue-collarblue-collarblue-collarblue-collarblue-collarblue-collarblue-collarblue-collarblue-collarblue-collarblue-collarblue-collarblue-collarblue-collarblue-collarblue-collarblue-collarblue-collarblue-collarblue-collarblue-collarblue-collarblue-collarblue-collarblue-collarblue-collarblue-collarblue-collarblue-collarblue-collarblue-collarblue-collarblue-collarblue-collarblue-collarblue-collarblue-collarblue-collarblue-collarblue-collarblue-collarblue-collarblue-collarblue-collarblue-collarblue-collarblue-collarblue-collarblue-collarblue-collarblue-collarblue-collarblue-collarblue-collarblue-collarblue-collarblue-collarblue-collarblue-collarblue-collarblue-collarblue-collarblue-collarblue-collarblue-collarblue-collarblue-collarblue-collarblue-collarblue-collarblue-collarblue-collarblue-collarblue-collarblue-collarblue-collarblue-collarblue-collarblue-collarblue-collarblue-collarblue-collarblue-collarblue-collarblue-collarblue-collarblue-collarblue-collarblue-collarblue-collarblue-collarblue-collarblue-collarblue-collarblue-collarblue-collarblue-collarblue-collarblue-collarblue-collarblue-collarblue-collarblue-collarblue-collarblue-collarblue-collarblue-collarblue-collarblue-collarblue-collarblue-collarblue-collarblue-collarblue-collarblue-collarblue-collarblue-collarblue-collarblue-collarblue-collarblue-collarblue-collarblue-collarblue-collarblue-collarblue-collarblue-collarblue-collarblue-collarblue-collarblue-collarblue-collarblue-collarblue-collarblue-collarblue-collarblue-collarblue-collarblue-collarblue-collarblue-collarblue-collarblue-collarblue-collarblue-collarblue-collarblue-collarblue-collarblue-collarblue-collarblue-collarblue-collarblue-collarblue-collarblue-collarblue-collarblue-collarblue-collarblue-collarblue-collarblue-collarblue-collarblue-collarblue-collarblue-collarblue-collarblue-collarblue-collarblue-collarblue-collarblue-collarblue-collarblue-collarblue-collarblue-collarblue-collarblue-collarblue-collarblue-collarblue-collarblue-collarblue-collarblue-collarblue-collarblue-collarblue-collarblue-collarblue-collarblue-collarblue-collarblue-collarblue-collarblue-collarblue-collarblue-collarblue-collarblue-collarblue-collarblue-collarblue-collarblue-collarblue-collarblue-collarblue-collarblue-collarblue-collarblue-collarblue-collarblue-collarblue-collarblue-collarblue-collarblue-collarblue-collarblue-collarblue-collarblue-collarblue-collarblue-collarblue-collarblue-collarblue-collarblue-collarblue-collarblue-collarblue-collarblue-collarblue-collarblue-collarblue-collarblue-collarblue-collarblue-collarblue-collarblue-collarblue-collarblue-collarblue-collarblue-collarblue-collarblue-collarblue-collarblue-collarblue-collarblue-collarblue-collarblue-collarblue-collarblue-collarblue-collarblue-collarblue-collarblue-collarblue-collarblue-collarblue-collarblue-collarblue-collarblue-collarblue-collarblue-collarblue-collarblue-collarblue-collarblue-collarblue-collarblue-collarblue-collarblue-collarblue-collarblue-collarblue-collarblue-collarblue-collarblue-collarblue-collarblue-collarblue-collarblue-collarblue-collarblue-collarblue-collarblue-collarblue-collarblue-collarblue-collarblue-collarblue-collarblue-collarblue-collarblue-collarblue-collarblue-collarblue-collarblue-collarblue-collarblue-collarblue-collarblue-collarblue-collarblue-collarblue-collarblue-collarblue-collarblue-collarblue-collarblue-collarblue-collarblue-collarblue-collarblue-collarblue-collarblue-collarblue-collarblue-collarblue-collarblue-collarblue-collarblue-collarblue-collarblue-collarblue-collarblue-collarblue-collarblue-collarblue-collarblue-collarblue-collarblue-collarblue-collarblue-collarblue-collarblue-collarblue-collarblue-collarblue-collarblue-collarblue-collarblue-collarblue-collarblue-collarblue-collarblue-collarblue-collarblue-collarblue-collarblue-collarblue-collarblue-collarblue-collarblue-collarblue-collarblue-collarblue-collarblue-collarblue-collarblue-collarblue-collarblue-collarblue-collarblue-collarblue-collarblue-collarblue-collarblue-collarblue-collarblue-collarblue-collarblue-collarblue-collarblue-collarblue-collarblue-collarblue-collarblue-collarblue-collarblue-collarblue-collarblue-collarblue-collarblue-collarblue-collarblue-collarblue-collarblue-collarblue-collarblue-collarblue-collarblue-collarblue-collarblue-collarblue-collarblue-collarblue-collarblue-collarblue-collarblue-collarblue-collarblue-collarblue-collarblue-collarblue-collarblue-collarblue-collarblue-collarblue-collarblue-collarblue-collarblue-collarblue-collarblue-collarblue-collarblue-collarblue-collarblue-collarblue-collarblue-collarblue-collarblue-collarblue-collarblue-collarblue-collarblue-collarblue-collarblue-collarblue-collarblue-collarblue-collarblue-collarblue-collarblue-collarblue-collarblue-collarblue-collarblue-collarblue-collarblue-collarblue-collarblue-collarblue-collarblue-collarblue-collarblue-collarblue-collarblue-collarblue-collarblue-collarblue-collarblue-collarblue-collarblue-collarblue-collarblue-collarblue-collarblue-collarblue-collarblue-collarblue-collarblue-collarblue-collarblue-collarblue-collarblue-collarblue-collarblue-collarblue-collarblue-collarblue-collarblue-collarblue-collarblue-collarblue-collarblue-collarblue-collarblue-collarblue-collarblue-collarblue-collarblue-collarblue-collarblue-collarblue-collarblue-collarblue-collarblue-collarblue-collarblue-collarblue-collarblue-collarblue-collarblue-collarblue-collarblue-collarblue-collarblue-collarblue-collarblue-collarblue-collarblue-collarblue-collarblue-collarblue-collarblue-collarblue-collarblue-collarblue-collarblue-collarblue-collarblue-collarblue-collarblue-collarblue-collarblue-collarblue-collarblue-collarblue-collarblue-collarblue-collarblue-collarblue-collarblue-collarblue-collarblue-collarblue-collarblue-collarblue-collarblue-collarblue-collarblue-collarblue-collarblue-collarblue-collarblue-collarblue-collarblue-collarblue-collarblue-collarblue-collarblue-collarblue-collarblue-collarblue-collarblue-collarblue-collarblue-collarblue-collarblue-collarblue-collarblue-collarblue-collarblue-collarblue-collarblue-collarblue-collarblue-collarblue-collarblue-collarblue-collarblue-collarblue-collarblue-collarblue-collarblue-collarblue-collarblue-collarblue-collarblue-collarblue-collarblue-collarblue-collarblue-collarblue-collarblue-collarblue-collarblue-collarblue-collarblue-collarblue-collarblue-collarblue-collarblue-collarblue-collarblue-collarblue-collarblue-collarblue-collarblue-collarblue-collarblue-collarblue-collarblue-collarblue-collarblue-collarblue-collarblue-collarblue-collarblue-collarblue-collarblue-collarblue-collarblue-collarblue-collarblue-collarblue-collarblue-collarblue-collarblue-collarblue-collarblue-collarblue-collarblue-collarblue-collarblue-collarblue-collarblue-collarblue-collarblue-collarblue-collarblue-collarblue-collarblue-collarblue-collarblue-collarblue-collarblue-collarblue-collarblue-collarblue-collarblue-collarblue-collarblue-collarblue-collarblue-collarblue-collarblue-collarblue-collarblue-collarblue-collarblue-collarblue-collarblue-collarblue-collarblue-collarblue-collarblue-collarblue-collarblue-collarblue-collarblue-collarblue-collarblue-collarblue-collarblue-collarblue-collarblue-collarblue-collarblue-collarblue-collarblue-collarblue-collarblue-collarblue-collarblue-collarblue-collarblue-collarblue-collarblue-collarblue-collarblue-collarblue-collarblue-collarblue-collarblue-collarblue-collarblue-collarblue-collarblue-collarblue-collarblue-collarblue-collarblue-collarblue-collarblue-collarblue-collarblue-collarblue-collarblue-collarblue-collarblue-collarblue-collarblue-collarblue-collarblue-collarblue-collarblue-collarblue-collarblue-collarblue-collarblue-collarblue-collarblue-collarblue-collarblue-collarblue-collarblue-collarblue-collarblue-collarblue-collarblue-collarblue-collarblue-collarblue-collarblue-collarblue-collarblue-collarblue-collarblue-collarblue-collarblue-collarblue-collarblue-collarblue-collarblue-collarblue-collarblue-collarblue-collarblue-collarblue-collarblue-collarblue-collarblue-collarblue-collarblue-collarblue-collarblue-collarblue-collarblue-collarblue-collarblue-collarblue-collarblue-collarblue-collarblue-collarblue-collarblue-collarblue-collarblue-collarblue-collarblue-collarblue-collarblue-collarblue-collarblue-collarblue-collarblue-collarblue-collarblue-collarblue-collarblue-collarblue-collarblue-collarblue-collarblue-collarblue-collarblue-collarblue-collarblue-collarblue-collarblue-collarblue-collarblue-collarblue-collarblue-collarblue-collarblue-collarblue-collarblue-collarblue-collarblue-collarblue-collarblue-collarblue-collarblue-collarblue-collarblue-collarblue-collarblue-collarblue-collarblue-collarblue-collarblue-collarblue-collarblue-collarblue-collarblue-collarblue-collarblue-collarblue-collarblue-collarblue-collarblue-collarblue-collarblue-collarblue-collarblue-collarblue-collarblue-collarblue-collarblue-collarblue-collarblue-collarblue-collarblue-collarblue-collarblue-collarblue-collarblue-collarblue-collarblue-collarblue-collarblue-collarblue-collarblue-collarblue-collarblue-collarblue-collarblue-collarblue-collarblue-collarblue-collarblue-collarblue-collarblue-collarblue-collarblue-collarblue-collarblue-collarblue-collarblue-collarblue-collarblue-collarblue-collarblue-collarblue-collarblue-collarblue-collarblue-collarblue-collarblue-collarblue-collarblue-collarblue-collarblue-collarblue-collarblue-collarblue-collarblue-collarblue-collarblue-collarblue-collarblue-collarblue-collarblue-collarblue-collarblue-collarblue-collarblue-collarblue-collarblue-collarblue-collarblue-collarblue-collarblue-collarblue-collarblue-collarblue-collarblue-collarblue-collarblue-collarblue-collarblue-collarblue-collarblue-collarblue-collarblue-collarblue-collarblue-collarblue-collarblue-collarblue-collarblue-collarblue-collarblue-collarblue-collarblue-collarblue-collarblue-collarblue-collarblue-collarblue-collarblue-collarblue-collarblue-collarblue-collarblue-collarblue-collarblue-collarblue-collarblue-collarblue-collarblue-collarblue-collarblue-collarblue-collarblue-collarblue-collarblue-collarblue-collarblue-collarblue-collarblue-collarblue-collarblue-collarblue-collarblue-collarblue-collarblue-collarblue-collarblue-collarblue-collarblue-collarblue-collarblue-collarblue-collarblue-collarblue-collarblue-collarblue-collarblue-collarblue-collarblue-collarblue-collarblue-collarblue-collarblue-collarblue-collarblue-collarblue-collarblue-collarblue-collarblue-collarblue-collarblue-collarblue-collarblue-collarblue-collarblue-collarblue-collarblue-collarblue-collarblue-collarblue-collarblue-collarblue-collarblue-collarblue-collarblue-collarblue-collarblue-collarblue-collarblue-collarblue-collarblue-collarblue-collarblue-collarblue-collarblue-collarblue-collarblue-collarblue-collarblue-collarblue-collarblue-collarblue-collarblue-collarblue-collarblue-collarblue-collarblue-collarblue-collarblue-collarblue-collarblue-collarblue-collarblue-collarblue-collarblue-collarblue-collarblue-collarblue-collarblue-collarblue-collarblue-collarblue-collarblue-collarblue-collarblue-collarblue-collarblue-collarblue-collarblue-collarblue-collarblue-collarblue-collarblue-collarblue-collarblue-collarblue-collarblue-collarblue-collarblue-collarblue-collarblue-collarblue-collarblue-collarblue-collarblue-collarblue-collarblue-collarblue-collarblue-collarblue-collarblue-collarblue-collarblue-collarblue-collarblue-collarblue-collarblue-collarblue-collarblue-collarblue-collarblue-collarblue-collarblue-collarblue-collarblue-collarblue-collarblue-collarblue-collarblue-collarblue-collarblue-collarblue-collarblue-collarblue-collarblue-collarblue-collarblue-collarblue-collarblue-collarblue-collarblue-collarblue-collarblue-collarblue-collarblue-collarblue-collarblue-collarblue-collarblue-collarblue-collarblue-collarblue-collarblue-collarblue-collarblue-collarblue-collarblue-collarblue-collarblue-collarblue-collarblue-collarblue-collarblue-collarblue-collarblue-collarblue-collarblue-collarblue-collarblue-collarblue-collarblue-collarblue-collarblue-collarblue-collarblue-collarblue-collarblue-collarblue-collarblue-collarblue-collarblue-collarblue-collarblue-collarblue-collarblue-collarblue-collarblue-collarblue-collarblue-collarblue-collarblue-collarblue-collarblue-collarblue-collarblue-collarblue-collarblue-collarblue-collarblue-collarblue-collarblue-collarblue-collarblue-collarblue-collarblue-collarblue-collarblue-collarblue-collarblue-collarblue-collarblue-collarblue-collarblue-collarblue-collarblue-collarblue-collarblue-collarblue-collarblue-collarblue-collarblue-collarblue-collarblue-collarblue-collarblue-collarblue-collarblue-collarblue-collarblue-collarblue-collarblue-collarblue-collarblue-collarblue-collarblue-collarblue-collarblue-collarblue-collarblue-collarblue-collarblue-collarblue-collarblue-collarblue-collarblue-collarblue-collarblue-collarblue-collarblue-collarblue-collarblue-collarblue-collarblue-collarblue-collarblue-collarblue-collarblue-collarblue-collarblue-collarblue-collarblue-collarblue-collarblue-collarblue-collarblue-collarblue-collarblue-collarblue-collarblue-collarblue-collarblue-collarblue-collarblue-collarblue-collarblue-collarblue-collarblue-collarblue-collarblue-collarblue-collarblue-collarblue-collarblue-collarblue-collarblue-collarblue-collarblue-collarblue-collarblue-collarblue-collarblue-collarblue-collarblue-collarblue-collarblue-collarblue-collarblue-collarblue-collarblue-collarblue-collarblue-collarblue-collarblue-collarblue-collarblue-collarblue-collarblue-collarblue-collarblue-collarblue-collarblue-collarblue-collarblue-collarblue-collarblue-collarblue-collarblue-collarblue-collarblue-collarblue-collarblue-collarblue-collarblue-collarblue-collarblue-collarblue-collarblue-collarblue-collarblue-collarblue-collarblue-collarblue-collarblue-collarblue-collarblue-collarblue-collarblue-collarblue-collarblue-collarblue-collarblue-collarblue-collarblue-collarblue-collarblue-collarblue-collarblue-collarblue-collarblue-collarblue-collarblue-collarblue-collarblue-collarblue-collarblue-collarblue-collarblue-collarblue-collarblue-collarblue-collarblue-collarblue-collarblue-collarblue-collarblue-collarblue-collarblue-collarblue-collarblue-collarblue-collarblue-collarblue-collarblue-collarblue-collarblue-collarblue-collarblue-collarblue-collarblue-collarblue-collarblue-collarblue-collarblue-collarblue-collarblue-collarblue-collarblue-collarblue-collarblue-collarblue-collarblue-collarblue-collarblue-collarblue-collarblue-collarblue-collarblue-collarblue-collarblue-collarblue-collarblue-collarblue-collarblue-collarblue-collarblue-collarblue-collarblue-collarblue-collarblue-collarblue-collarblue-collarblue-collarblue-collarblue-collarblue-collarblue-collarblue-collarblue-collarblue-collarblue-collarblue-collarblue-collarblue-collarblue-collarblue-collarblue-collarblue-collarblue-collarblue-collarblue-collarblue-collarblue-collarblue-collarblue-collarblue-collarblue-collarblue-collarblue-collarblue-collarblue-collarblue-collarblue-collarblue-collarblue-collarblue-collarblue-collarblue-collarblue-collarblue-collarblue-collarblue-collarblue-collarblue-collarblue-collarblue-collarblue-collarblue-collarblue-collarblue-collarblue-collarblue-collarblue-collarblue-collarblue-collarblue-collarblue-collarblue-collarblue-collarblue-collarblue-collarblue-collarblue-collarblue-collarblue-collarblue-collarblue-collarblue-collarblue-collarblue-collarblue-collarblue-collarblue-collarblue-collarblue-collarblue-collarblue-collarblue-collarblue-collarblue-collarblue-collarblue-collarblue-collarblue-collarblue-collarblue-collarblue-collarblue-collarblue-collarblue-collarblue-collarblue-collarblue-collarblue-collarblue-collarblue-collarblue-collarblue-collarblue-collarblue-collarblue-collarblue-collarblue-collarblue-collarblue-collarblue-collarblue-collarblue-collarblue-collarblue-collarblue-collarblue-collarblue-collarblue-collarblue-collarblue-collarblue-collarblue-collarblue-collarblue-collarblue-collarblue-collarblue-collarblue-collarblue-collarblue-collarblue-collarblue-collarblue-collarblue-collarblue-collarblue-collarblue-collarblue-collarblue-collarblue-collarblue-collarblue-collarblue-collarblue-collarblue-collarblue-collarblue-collarblue-collarblue-collarblue-collarblue-collarblue-collarblue-collarblue-collarblue-collarblue-collarblue-collarblue-collarblue-collarblue-collarblue-collarblue-collarblue-collarblue-collarblue-collarblue-collarblue-collarblue-collarblue-collarblue-collarblue-collarblue-collarblue-collarblue-collarblue-collarblue-collarblue-collarblue-collarblue-collarblue-collarblue-collarblue-collarblue-collarblue-collarblue-collarblue-collarblue-collarblue-collarblue-collarblue-collarblue-collarblue-collarblue-collarblue-collarblue-collarblue-collarblue-collarblue-collarblue-collarblue-collarblue-collarblue-collarblue-collarblue-collarblue-collarblue-collarblue-collarblue-collarblue-collarblue-collarblue-collarblue-collarblue-collarblue-collarblue-collarblue-collarblue-collarblue-collarblue-collarblue-collarblue-collarblue-collarblue-collarblue-collarblue-collarblue-collarblue-collarblue-collarblue-collarblue-collarblue-collarblue-collarblue-collarblue-collarblue-collarblue-collarblue-collarblue-collarblue-collarblue-collarblue-collarblue-collarblue-collarblue-collarblue-collarblue-collarblue-collarblue-collarblue-collarblue-collarblue-collarblue-collarblue-collarblue-collarblue-collarblue-collarblue-collarblue-collarblue-collarblue-collarblue-collarblue-collarblue-collarblue-collarblue-collarblue-collarblue-collarblue-collarblue-collarblue-collarblue-collarblue-collarblue-collarblue-collarblue-collarblue-collarblue-collarblue-collarblue-collarblue-collarblue-collarblue-collarblue-collarblue-collarblue-collarblue-collarblue-collarblue-collarblue-collarblue-collarblue-collarblue-collarblue-collarblue-collarblue-collarblue-collarblue-collarblue-collarblue-collarblue-collarblue-collarblue-collarblue-collarblue-collarblue-collarblue-collarblue-collarblue-collarblue-collarblue-collarblue-collarblue-collarblue-collarblue-collarblue-collarblue-collarblue-collarblue-collarblue-collarblue-collarblue-collarblue-collarblue-collarblue-collarblue-collarblue-collarblue-collarblue-collarblue-collarblue-collarblue-collarblue-collarblue-collarblue-collarblue-collarblue-collarblue-collarblue-collarblue-collarblue-collarblue-collarblue-collarblue-collarblue-collarblue-collarblue-collarblue-collarblue-collarblue-collarblue-collarblue-collarblue-collarblue-collarblue-collarblue-collarblue-collarblue-collarblue-collarblue-collarblue-collarblue-collarblue-collarblue-collarblue-collarblue-collarblue-collarblue-collarblue-collarblue-collarblue-collarblue-collarblue-collarblue-collarblue-collarblue-collarblue-collarblue-collarblue-collarblue-collarblue-collarblue-collarblue-collarblue-collarblue-collarblue-collarblue-collarblue-collarblue-collarblue-collarblue-collarblue-collarblue-collarblue-collarblue-collarblue-collarblue-collarblue-collarblue-collarblue-collarblue-collarblue-collarblue-collarblue-collarblue-collarblue-collarblue-collarblue-collarblue-collarblue-collarblue-collarblue-collarblue-collarblue-collarblue-collarblue-collarblue-collarblue-collarblue-collarblue-collarblue-collarblue-collarblue-collarblue-collarblue-collarblue-collarblue-collarblue-collarblue-collarblue-collarblue-collarblue-collarblue-collarblue-collarblue-collarblue-collarblue-collarblue-collarblue-collarblue-collarblue-collarblue-collarblue-collarblue-collarblue-collarblue-collarblue-collarblue-collarblue-collarblue-collarblue-collarblue-collarblue-collarblue-collarblue-collarblue-collarblue-collarblue-collarblue-collarblue-collarblue-collarblue-collarblue-collarblue-collarblue-collarblue-collarblue-collarblue-collarblue-collarblue-collarblue-collarblue-collarblue-collarblue-collarblue-collarblue-collarblue-collarblue-collarblue-collarblue-collarblue-collarblue-collarblue-collarblue-collarblue-collarblue-collarblue-collarblue-collarblue-collarblue-collarblue-collarblue-collarblue-collarblue-collarblue-collarblue-collarblue-collarblue-collarblue-collarblue-collarblue-collarblue-collarblue-collarblue-collarblue-collarblue-collarblue-collarblue-collarblue-collarblue-collarblue-collarblue-collarblue-collarblue-collarblue-collarblue-collarblue-collarblue-collarblue-collarblue-collarblue-collarblue-collarblue-collarblue-collarblue-collarblue-collarblue-collarblue-collarblue-collarblue-collarblue-collarblue-collarblue-collarblue-collarblue-collarblue-collarblue-collarblue-collarblue-collarblue-collarblue-collarblue-collarblue-collarblue-collarblue-collarblue-collarblue-collarblue-collarblue-collarblue-collarblue-collarblue-collarblue-collarblue-collarblue-collarblue-collarblue-collarblue-collarblue-collarblue-collarblue-collarblue-collarblue-collarblue-collarblue-collarblue-collarblue-collarblue-collarblue-collarblue-collarblue-collarblue-collarblue-collarblue-collarblue-collarblue-collarblue-collarblue-collarblue-collarblue-collarblue-collarblue-collarblue-collarblue-collarblue-collarblue-collarblue-collarblue-collarblue-collarblue-collarblue-collarblue-collarblue-collarblue-collarblue-collarblue-collarblue-collarblue-collarblue-collarblue-collarblue-collarblue-collarblue-collarblue-collarblue-collarblue-collarblue-collarblue-collarblue-collarblue-collarblue-collarblue-collarblue-collarblue-collarblue-collarblue-collarblue-collarblue-collarblue-collarblue-collarblue-collarblue-collarblue-collarblue-collarblue-collarblue-collarblue-collarblue-collarblue-collarblue-collarblue-collarblue-collarblue-collarblue-collarblue-collarblue-collarblue-collarblue-collarblue-collarblue-collarblue-collarblue-collarblue-collarblue-collarblue-collarblue-collarblue-collarblue-collarblue-collarblue-collarblue-collarblue-collarblue-collarblue-collarblue-collarblue-collarblue-collarblue-collarblue-collarblue-collarblue-collarblue-collarblue-collarblue-collarblue-collarblue-collarblue-collarblue-collarblue-collarblue-collarblue-collarblue-collarblue-collarblue-collarblue-collarblue-collarblue-collarblue-collarblue-collarblue-collarblue-collarblue-collarblue-collarblue-collarblue-collarblue-collarblue-collarblue-collarblue-collarblue-collarblue-collarblue-collarblue-collarblue-collarblue-collarblue-collarblue-collarblue-collarblue-collarblue-collarblue-collarblue-collarblue-collarblue-collarblue-collarblue-collarblue-collarblue-collarblue-collarblue-collarblue-collarblue-collarblue-collarblue-collarblue-collarblue-collarblue-collarblue-collarblue-collarblue-collarblue-collarblue-collarblue-collarblue-collarblue-collarblue-collarblue-collarblue-collarblue-collarblue-collarblue-collarblue-collarblue-collarblue-collarblue-collarblue-collarblue-collarblue-collarblue-collarblue-collarblue-collarblue-collarblue-collarblue-collarblue-collarblue-collarblue-collarblue-collarblue-collarblue-collarblue-collarblue-collarblue-collarblue-collarblue-collarblue-collarblue-collarblue-collarblue-collarblue-collarblue-collarblue-collarblue-collarblue-collarblue-collarblue-collarblue-collarblue-collarblue-collarblue-collarblue-collarblue-collarblue-collarblue-collarblue-collarblue-collarblue-collarblue-collarblue-collarblue-collarblue-collarblue-collarblue-collarblue-collarblue-collarblue-collarblue-collarblue-collarblue-collarblue-collarblue-collarblue-collarblue-collarblue-collarblue-collarblue-collarblue-collarblue-collarblue-collarblue-collarblue-collarblue-collarblue-collarblue-collarblue-collarblue-collarblue-collarblue-collarblue-collarblue-collarblue-collarblue-collarblue-collarblue-collarblue-collarblue-collarblue-collarblue-collarblue-collarblue-collarblue-collarblue-collarblue-collarblue-collarblue-collarblue-collarblue-collarblue-collarblue-collarblue-collarblue-collarblue-collarblue-collarblue-collarblue-collarblue-collarblue-collarblue-collarblue-collarblue-collarblue-collarblue-collarblue-collarblue-collarblue-collarblue-collarblue-collarblue-collarblue-collarblue-collarblue-collarblue-collarblue-collarblue-collarblue-collarblue-collarblue-collarblue-collarblue-collarblue-collarblue-collarblue-collarblue-collarblue-collarblue-collarblue-collarblue-collarblue-collarblue-collarblue-collarblue-collarblue-collarblue-collarblue-collarblue-collarblue-collarblue-collarblue-collarblue-collarblue-collarblue-collarblue-collarblue-collarblue-collarblue-collarblue-collarblue-collarblue-collarblue-collarblue-collarblue-collarblue-collarblue-collarblue-collarblue-collarblue-collarblue-collarblue-collarblue-collarblue-collarblue-collarblue-collarblue-collarblue-collarblue-collarblue-collarblue-collarblue-collarblue-collarblue-collarblue-collarblue-collarblue-collarblue-collarblue-collarblue-collarblue-collarblue-collarblue-collarblue-collarblue-collarblue-collarblue-collarblue-collarblue-collarblue-collarblue-collarblue-collarblue-collarblue-collarblue-collarblue-collarblue-collarblue-collarblue-collarblue-collarblue-collarblue-collarblue-collarblue-collarblue-collarblue-collarblue-collarblue-collarblue-collarblue-collarblue-collarblue-collarblue-collarblue-collarblue-collarblue-collarblue-collarblue-collarblue-collarblue-collarblue-collarblue-collarblue-collarblue-collarblue-collarblue-collarblue-collarblue-collarblue-collarblue-collarblue-collarblue-collarblue-collarblue-collarblue-collarblue-collarblue-collarblue-collarblue-collarblue-collarblue-collarblue-collarblue-collarblue-collarblue-collarblue-collarblue-collarblue-collarblue-collarblue-collarblue-collarblue-collarblue-collarblue-collarblue-collarblue-collarblue-collarblue-collarblue-collarblue-collarblue-collarblue-collarblue-collarblue-collarblue-collarblue-collarblue-collarblue-collarblue-collarblue-collarblue-collarblue-collarblue-collarblue-collarblue-collarblue-collarblue-collarblue-collarblue-collarblue-collarblue-collarblue-collarblue-collarblue-collarblue-collarblue-collarblue-collarblue-collarblue-collarblue-collarblue-collarblue-collarblue-collarblue-collarblue-collarblue-collarblue-collarblue-collarblue-collarblue-collarblue-collarblue-collarblue-collarblue-collarblue-collarblue-collarblue-collarblue-collarblue-collarblue-collarblue-collarblue-collarblue-collarblue-collarblue-collarblue-collarblue-collarblue-collarblue-collarblue-collarblue-collarblue-collarblue-collarblue-collarblue-collarblue-collarblue-collarblue-collarblue-collarblue-collarblue-collarblue-collarblue-collarblue-collarblue-collarblue-collarblue-collarblue-collarblue-collarblue-collarblue-collarblue-collarblue-collarblue-collarblue-collarblue-collarblue-collarblue-collarblue-collarblue-collarblue-collarblue-collarblue-collarblue-collarblue-collarblue-collarblue-collarblue-collarblue-collarblue-collarblue-collarblue-collarblue-collarblue-collarblue-collarblue-collarblue-collarblue-collarblue-collarblue-collarblue-collarblue-collarblue-collarblue-collarblue-collarblue-collarblue-collarblue-collarblue-collarblue-collarblue-collarblue-collarblue-collarblue-collarblue-collarblue-collarblue-collarblue-collarblue-collarblue-collarblue-collarblue-collarblue-collarblue-collarblue-collarblue-collarblue-collarblue-collarblue-collarblue-collarblue-collarblue-collarblue-collarblue-collarblue-collarblue-collarblue-collarblue-collarblue-collarblue-collarblue-collarblue-collarblue-collarblue-collarblue-collarblue-collarblue-collarblue-collarblue-collarblue-collarblue-collarblue-collarblue-collarblue-collarblue-collarblue-collarblue-collarblue-collarblue-collarblue-collarblue-collarblue-collarblue-collarblue-collarblue-collarblue-collarblue-collarblue-collarblue-collarblue-collarblue-collarblue-collarblue-collarblue-collarblue-collarblue-collarblue-collarblue-collarblue-collarblue-collarblue-collarblue-collarblue-collarblue-collarblue-collarblue-collarblue-collarblue-collarblue-collarblue-collarblue-collarblue-collarblue-collarblue-collarblue-collarblue-collarblue-collarblue-collarblue-collarblue-collarblue-collarblue-collarblue-collarblue-collarblue-collarblue-collarblue-collarblue-collarblue-collarblue-collarblue-collarblue-collarblue-collarblue-collarblue-collarblue-collarblue-collarblue-collarblue-collarblue-collarblue-collarblue-collarblue-collarblue-collarblue-collarblue-collarblue-collarblue-collarblue-collarblue-collarblue-collarblue-collarblue-collarblue-collarblue-collarblue-collarblue-collarblue-collarblue-collarblue-collarblue-collarblue-collarblue-collarblue-collarblue-collarblue-collarblue-collarblue-collarblue-collarblue-collarblue-collarblue-collarblue-collarblue-collarblue-collarblue-collarblue-collarblue-collarblue-collarblue-collarblue-collarblue-collarblue-collarblue-collarblue-collarblue-collarblue-collarblue-collarblue-collarblue-collarblue-collarblue-collarblue-collarblue-collarblue-collarblue-collarblue-collarblue-collarblue-collarblue-collarblue-collarblue-collarblue-collarblue-collarblue-collarblue-collarblue-collarblue-collarblue-collarblue-collarblue-collarblue-collarblue-collarblue-collarblue-collarblue-collarblue-collarblue-collarblue-collarblue-collarblue-collarblue-collarblue-collarblue-collarblue-collarblue-collarblue-collarblue-collarblue-collarblue-collarblue-collarblue-collarblue-collarblue-collarblue-collarblue-collarblue-collarblue-collarblue-collarblue-collarblue-collarblue-collarblue-collarblue-collarblue-collarblue-collarblue-collarblue-collarblue-collarblue-collarblue-collarblue-collarblue-collarblue-collarblue-collarblue-collarblue-collarblue-collarblue-collarblue-collarblue-collarblue-collarblue-collarblue-collarblue-collarblue-collarblue-collarblue-collarblue-collarblue-collarblue-collarblue-collarblue-collarblue-collarblue-collarblue-collarblue-collarblue-collarblue-collarblue-collarblue-collarblue-collarblue-collarblue-collarblue-collarblue-collarblue-collarblue-collarblue-collarblue-collarblue-collarblue-collarblue-collarblue-collarblue-collarblue-collarblue-collarblue-collarblue-collarblue-collarblue-collarblue-collarblue-collarblue-collarblue-collarblue-collarblue-collarblue-collarblue-collarblue-collarblue-collarblue-collarblue-collarblue-collarblue-collarblue-collarblue-collarblue-collarblue-collarblue-collarblue-collarblue-collarblue-collarblue-collarblue-collarblue-collarblue-collarblue-collarblue-collarblue-collarblue-collarblue-collarblue-collarblue-collarblue-collarblue-collarblue-collarblue-collarblue-collarblue-collarblue-collarblue-collarblue-collarblue-collarblue-collarblue-collarblue-collarblue-collarblue-collarblue-collarblue-collarblue-collarblue-collarblue-collarblue-collarblue-collarblue-collarblue-collarblue-collarblue-collarblue-collarblue-collarblue-collarblue-collarblue-collarblue-collarblue-collarblue-collarblue-collarblue-collarblue-collarblue-collarblue-collarblue-collarblue-collarblue-collarblue-collarblue-collarblue-collarblue-collarblue-collarblue-collarblue-collarblue-collarblue-collarblue-collarblue-collarblue-collarblue-collarblue-collarblue-collarblue-collarblue-collarblue-collarblue-collarblue-collarblue-collarblue-collarblue-collarblue-collarblue-collarblue-collarblue-collarblue-collarblue-collarblue-collarblue-collarblue-collarblue-collarblue-collarblue-collarblue-collarblue-collarblue-collarblue-collarblue-collarblue-collarblue-collarblue-collarblue-collarblue-collarblue-collarblue-collarblue-collarblue-collarblue-collarblue-collarblue-collarblue-collarblue-collarblue-collarblue-collarblue-collarblue-collarblue-collarblue-collarblue-collarblue-collarblue-collarblue-collarblue-collarblue-collarblue-collarblue-collarblue-collarblue-collarblue-collarblue-collarblue-collarblue-collarblue-collarblue-collarblue-collarblue-collarblue-collarblue-collarblue-collarblue-collarblue-collarblue-collarblue-collarblue-collarblue-collarblue-collarblue-collarblue-collarblue-collarblue-collarblue-collarblue-collarblue-collarblue-collarblue-collarblue-collarblue-collarblue-collarblue-collarblue-collarblue-collarblue-collarblue-collarblue-collarblue-collarblue-collarblue-collarblue-collarblue-collarblue-collarblue-collarblue-collarblue-collarblue-collarblue-collarblue-collarblue-collarblue-collarblue-collarblue-collarblue-collarblue-collarblue-collarblue-collarblue-collarblue-collarblue-collarblue-collarblue-collarblue-collarblue-collarblue-collarblue-collarblue-collarblue-collarblue-collarblue-collarblue-collarblue-collarblue-collarblue-collarblue-collarblue-collarblue-collarblue-collarblue-collarblue-collarblue-collarblue-collarblue-collarblue-collarblue-collarblue-collarblue-collarblue-collarblue-collarblue-collarblue-collarblue-collarblue-collarblue-collarblue-collarblue-collarblue-collarblue-collarblue-collarblue-collarblue-collarblue-collarblue-collarblue-collarblue-collarblue-collarblue-collarblue-collarblue-collarblue-collarblue-collarblue-collarblue-collarblue-collarblue-collarblue-collarblue-collarblue-collarblue-collarblue-collarblue-collarblue-collarblue-collarblue-collarblue-collarblue-collarblue-collarblue-collarblue-collarblue-collarblue-collarblue-collarblue-collarblue-collarblue-collarblue-collarblue-collarblue-collarblue-collarblue-collarblue-collarblue-collarblue-collarblue-collarblue-collarblue-collarblue-collarblue-collarblue-collarblue-collarblue-collarblue-collarblue-collarblue-collarblue-collarblue-collarblue-collarblue-collarblue-collarblue-collarblue-collarblue-collarblue-collarblue-collarblue-collarblue-collarblue-collarblue-collarblue-collarblue-collarblue-collarblue-collarblue-collarblue-collarblue-collarblue-collarblue-collarblue-collarblue-collarblue-collarblue-collarblue-collarblue-collarblue-collarblue-collarblue-collarblue-collarblue-collarblue-collarblue-collarblue-collarblue-collarblue-collarblue-collarblue-collarblue-collarblue-collarblue-collarblue-collarblue-collarblue-collarblue-collarblue-collarblue-collarblue-collarblue-collarblue-collarblue-collarblue-collarblue-collarblue-collarblue-collarblue-collarblue-collarblue-collarblue-collarblue-collarblue-collarblue-collarblue-collarblue-collarblue-collarblue-collarblue-collarblue-collarblue-collarblue-collarblue-collarblue-collarblue-collarblue-collarblue-collarblue-collarblue-collarblue-collarblue-collarblue-collarblue-collarblue-collarblue-collarblue-collarblue-collarblue-collarblue-collarblue-collarblue-collarblue-collarblue-collarblue-collarblue-collarblue-collarblue-collarblue-collarblue-collarblue-collarblue-collarblue-collarblue-collarblue-collarblue-collarblue-collarblue-collarblue-collarblue-collarblue-collarblue-collarblue-collarblue-collarblue-collarblue-collarblue-collarblue-collarblue-collarblue-collarblue-collarblue-collarblue-collarblue-collarblue-collarblue-collarblue-collarblue-collarblue-collarblue-collarblue-collarblue-collarblue-collarblue-collarblue-collarblue-collarblue-collarblue-collarblue-collarblue-collarblue-collarblue-collarblue-collarblue-collarblue-collarblue-collarblue-collarblue-collarblue-collarblue-collarblue-collarblue-collarblue-collarblue-collarblue-collarblue-collarblue-collarblue-collarblue-collarblue-collarblue-collarblue-collarblue-collarblue-collarblue-collarblue-collarblue-collarblue-collarblue-collarblue-collarblue-collarblue-collarblue-collarblue-collarblue-collarblue-collarblue-collarblue-collarblue-collarblue-collarblue-collarblue-collarblue-collarblue-collarblue-collarblue-collarblue-collarblue-collarblue-collarblue-collarblue-collarblue-collarblue-collarblue-collarblue-collarblue-collarblue-collarblue-collarblue-collarblue-collarblue-collarblue-collarblue-collarblue-collarblue-collarblue-collarblue-collarblue-collarblue-collarblue-collarblue-collarblue-collarblue-collarblue-collarblue-collarblue-collarblue-collarblue-collarblue-collarblue-collarblue-collarblue-collarblue-collarblue-collarblue-collarblue-collarblue-collarblue-collarblue-collarblue-collarblue-collarblue-collarblue-collarblue-collarblue-collarblue-collarblue-collarblue-collarblue-collarblue-collarblue-collarblue-collarblue-collarblue-collarblue-collarblue-collarblue-collarblue-collarblue-collarblue-collarblue-collarblue-collarblue-collarblue-collarblue-collarblue-collarblue-collarblue-collarblue-collarblue-collarblue-collarblue-collarblue-collarblue-collarblue-collarblue-collarblue-collarblue-collarblue-collarblue-collarblue-collarblue-collarblue-collarblue-collarblue-collarblue-collarblue-collarblue-collarblue-collarblue-collarblue-collarblue-collarblue-collarblue-collarblue-collarblue-collarblue-collarblue-collarblue-collarblue-collarblue-collarblue-collarblue-collarblue-collarblue-collarblue-collarblue-collarblue-collarblue-collarblue-collarblue-collarblue-collarblue-collarblue-collarblue-collarblue-collarblue-collarblue-collarblue-collarblue-collarblue-collarblue-collarblue-collarblue-collarblue-collarblue-collarblue-collarblue-collarblue-collarblue-collarblue-collarblue-collarblue-collarblue-collarblue-collarblue-collarblue-collarblue-collarblue-collarblue-collarblue-collarblue-collarblue-collarblue-collarblue-collarblue-collarblue-collarblue-collarblue-collarblue-collarblue-collarblue-collarblue-collarblue-collarblue-collarblue-collarblue-collarblue-collarblue-collarblue-collarblue-collarblue-collarblue-collarblue-collarblue-collarblue-collarblue-collarblue-collarblue-collarblue-collarblue-collarblue-collarblue-collarblue-collarblue-collarblue-collarblue-collarblue-collarblue-collarblue-collarblue-collarblue-collarblue-collarblue-collarblue-collarblue-collarblue-collarblue-collarblue-collarblue-collarblue-collarblue-collarblue-collarblue-collarblue-collarblue-collarblue-collarblue-collarblue-collarblue-collarblue-collarblue-collarblue-collarblue-collarblue-collarblue-collarblue-collarblue-collarblue-collarblue-collarblue-collarblue-collarblue-collarblue-collarblue-collarblue-collarblue-collarblue-collarblue-collarblue-collarblue-collarblue-collarblue-collarblue-collarblue-collarblue-collarblue-collarblue-collarblue-collarblue-collarblue-collarblue-collarblue-collarblue-collarblue-collarblue-collarblue-collarblue-collarblue-collarblue-collarblue-collarblue-collarblue-collarblue-collarblue-collarblue-collarblue-collarblue-collarblue-collarblue-collarblue-collarblue-collarblue-collarblue-collarblue-collarblue-collarblue-collarblue-collarblue-collarblue-collarblue-collarblue-collarblue-collarblue-collarblue-collarblue-collarblue-collarblue-collarblue-collarblue-collarblue-collarblue-collarblue-collarblue-collarblue-collarblue-collarblue-collarblue-collarblue-collarblue-collarblue-collarblue-collarblue-collarblue-collarblue-collarblue-collarblue-collarblue-collarblue-collarblue-collarblue-collarblue-collarblue-collarblue-collarblue-collarblue-collarblue-collarblue-collarblue-collarblue-collarblue-collarblue-collarblue-collarblue-collarblue-collarblue-collarblue-collarblue-collarblue-collarblue-collarblue-collarblue-collarblue-collarblue-collarblue-collarblue-collarblue-collarblue-collarblue-collarblue-collarblue-collarblue-collarblue-collarblue-collarblue-collarblue-collarblue-collarblue-collarblue-collarblue-collarblue-collarblue-collarblue-collarblue-collarblue-collarblue-collarblue-collarblue-collarblue-collarblue-collarblue-collarblue-collarblue-collarblue-collarblue-collarblue-collarblue-collarblue-collarblue-collarblue-collarblue-collarblue-collarblue-collarblue-collarblue-collarblue-collarblue-collarblue-collarblue-collarblue-collarblue-collarblue-collarblue-collarblue-collarblue-collarblue-collarblue-collarblue-collarblue-collarblue-collarblue-collarblue-collarblue-collarblue-collarblue-collarblue-collarblue-collarblue-collarblue-collarblue-collarblue-collarblue-collarblue-collarblue-collarblue-collarblue-collarblue-collarblue-collarblue-collarblue-collarblue-collarblue-collarblue-collarblue-collarblue-collarblue-collarblue-collarblue-collarblue-collarblue-collarblue-collarblue-collarblue-collarblue-collarblue-collarblue-collarblue-collarblue-collarblue-collarblue-collarblue-collarblue-collarblue-collarblue-collarblue-collarblue-collarblue-collarblue-collarblue-collarblue-collarblue-collarblue-collarblue-collarblue-collarblue-collarblue-collarblue-collarblue-collarblue-collarblue-collarblue-collarblue-collarblue-collarblue-collarblue-collarblue-collarblue-collarblue-collarblue-collarblue-collarblue-collarblue-collarblue-collarblue-collarblue-collarblue-collarblue-collarblue-collarblue-collarblue-collarblue-collarblue-collarblue-collarblue-collarblue-collarblue-collarblue-collarblue-collarblue-collarblue-collarblue-collarblue-collarblue-collarblue-collarblue-collarblue-collarblue-collarblue-collarblue-collarblue-collarblue-collarblue-collarblue-collarblue-collarblue-collarblue-collarblue-collarblue-collarblue-collarblue-collarblue-collarblue-collarblue-collarblue-collarblue-collarblue-collarblue-collarblue-collarblue-collarblue-collarblue-collarblue-collarblue-collarblue-collarblue-collarblue-collarblue-collarblue-collarblue-collarblue-collarblue-collarblue-collarblue-collarblue-collarblue-collarblue-collarblue-collarblue-collarblue-collarblue-collarblue-collarblue-collarblue-collarblue-collarblue-collarblue-collarblue-collarblue-collarblue-collarblue-collarblue-collarblue-collarblue-collarblue-collarblue-collarblue-collarblue-collarblue-collarblue-collarblue-collarblue-collarblue-collarblue-collarblue-collarblue-collarblue-collarblue-collarblue-collarblue-collarblue-collarblue-collarblue-collarblue-collarblue-collarblue-collarblue-collarblue-collarblue-collarblue-collarblue-collarblue-collarblue-collarblue-collarblue-collarblue-collarblue-collarblue-collarblue-collarblue-collarblue-collarblue-collarblue-collarblue-collarblue-collarblue-collarblue-collarblue-collarblue-collarblue-collarblue-collarblue-collarblue-collarblue-collarblue-collarblue-collarblue-collarblue-collarblue-collarblue-collarblue-collarblue-collarblue-collarblue-collarblue-collarblue-collarblue-collarblue-collarblue-collarblue-collarblue-collarblue-collarblue-collarblue-collarblue-collarblue-collarblue-collarblue-collarblue-collarblue-collarblue-collarblue-collarblue-collarblue-collarblue-collarblue-collarblue-collarblue-collarblue-collarblue-collarblue-collarblue-collarblue-collarblue-collarblue-collarblue-collarblue-collarblue-collarblue-collarblue-collarblue-collarblue-collarblue-collarblue-collarblue-collarblue-collarblue-collarblue-collarblue-collarblue-collarblue-collarblue-collarblue-collarblue-collarblue-collarblue-collarblue-collarblue-collarblue-collarblue-collarblue-collarblue-collarblue-collarblue-collarblue-collarblue-collarblue-collarblue-collarblue-collarblue-collarblue-collarblue-collarblue-collarblue-collarblue-collarblue-collarblue-collarblue-collarblue-collarblue-collarblue-collarblue-collarblue-collarblue-collarblue-collarblue-collarblue-collarblue-collarblue-collarblue-collarblue-collarblue-collarblue-collarblue-collarblue-collarblue-collarblue-collarblue-collarblue-collarblue-collarblue-collarblue-collarblue-collarblue-collarblue-collarblue-collarblue-collarblue-collarblue-collarblue-collarblue-collarblue-collarblue-collarblue-collarblue-collarblue-collarblue-collarblue-collarblue-collarblue-collarblue-collarblue-collarblue-collarblue-collarblue-collarblue-collarblue-collarblue-collarblue-collarblue-collarblue-collarblue-collarblue-collarblue-collarblue-collarblue-collarblue-collarblue-collarblue-collarblue-collarblue-collarblue-collarblue-collarblue-collarblue-collarblue-collarblue-collarblue-collarblue-collarblue-collarblue-collarblue-collarblue-collarblue-collarblue-collarblue-collarblue-collarblue-collarblue-collarblue-collarblue-collarblue-collarblue-collarblue-collarblue-collarblue-collarblue-collarblue-collarblue-collarblue-collarblue-collarblue-collarblue-collarblue-collarblue-collarblue-collarblue-collarblue-collarblue-collarblue-collarblue-collarblue-collarblue-collarblue-collarblue-collarblue-collarblue-collarblue-collarblue-collarblue-collarblue-collarblue-collarblue-collarblue-collarblue-collarblue-collarblue-collarblue-collarblue-collarblue-collarblue-collarblue-collarblue-collarblue-collarblue-collarblue-collarblue-collarblue-collarblue-collarblue-collarblue-collarblue-collarblue-collarblue-collarblue-collarblue-collarblue-collarblue-collarblue-collarblue-collarblue-collarblue-collarblue-collarblue-collarblue-collarblue-collarblue-collarblue-collarblue-collarblue-collarblue-collarblue-collarblue-collarblue-collarblue-collarblue-collarblue-collarblue-collarblue-collarblue-collarblue-collarblue-collarblue-collarblue-collarblue-collarblue-collarblue-collarblue-collarblue-collarblue-collarblue-collarblue-collarblue-collarblue-collarblue-collarblue-collarblue-collarblue-collarblue-collarblue-collarblue-collarblue-collarblue-collarblue-collarblue-collarblue-collarblue-collarblue-collarblue-collarblue-collarblue-collarblue-collarblue-collarblue-collarblue-collarblue-collarblue-collarblue-collarblue-collarblue-collarblue-collarblue-collarblue-collarblue-collarblue-collarblue-collarblue-collarblue-collarblue-collarblue-collarblue-collarblue-collarblue-collarblue-collarblue-collarblue-collarblue-collarblue-collarblue-collarblue-collarblue-collarblue-collarblue-collarblue-collarblue-collarblue-collarblue-collarblue-collarblue-collarblue-collarblue-collarblue-collarblue-collarblue-collarblue-collarblue-collarblue-collarblue-collarblue-collarblue-collarblue-collarblue-collarblue-collarblue-collarblue-collarblue-collarblue-collarblue-collarblue-collarblue-collarblue-collarblue-collarblue-collarblue-collarblue-collarblue-collarblue-collarblue-collarblue-collarblue-collarblue-collarblue-collarblue-collarblue-collarblue-collarblue-collarblue-collarblue-collarblue-collarblue-collarblue-collarblue-collarblue-collarblue-collarblue-collarblue-collarblue-collarblue-collarblue-collarblue-collarblue-collarblue-collarblue-collarblue-collarblue-collarblue-collarblue-collarblue-collarblue-collarblue-collarblue-collarblue-collarblue-collarblue-collarblue-collarblue-collarblue-collarblue-collarblue-collarblue-collarblue-collarblue-collarblue-collarblue-collarblue-collarblue-collarblue-collarblue-collarblue-collarblue-collarblue-collarblue-collarblue-collarblue-collarblue-collarblue-collarblue-collarblue-collarblue-collarblue-collarblue-collarblue-collarblue-collarblue-collarblue-collarblue-collarblue-collarblue-collarblue-collarblue-collarblue-collarblue-collarblue-collarblue-collarblue-collarblue-collarblue-collarblue-collarblue-collarblue-collarblue-collarblue-collarblue-collarblue-collarblue-collarblue-collarblue-collarblue-collarblue-collarblue-collarblue-collarblue-collarblue-collarblue-collarblue-collarblue-collarblue-collarblue-collarblue-collarblue-collarblue-collarblue-collarblue-collarblue-collarblue-collarblue-collarblue-collarblue-collarblue-collarblue-collarblue-collarblue-collarblue-collarblue-collarblue-collarblue-collarblue-collarblue-collarblue-collarblue-collarblue-collarblue-collarblue-collarblue-collarblue-collarblue-collarblue-collarblue-collarblue-collarblue-collarblue-collarblue-collarblue-collarblue-collarblue-collarblue-collarblue-collarblue-collarblue-collarblue-collarblue-collarblue-collarblue-collarblue-collarblue-collarblue-collarblue-collarblue-collarblue-collarblue-collarblue-collarblue-collarblue-collarblue-collarblue-collarblue-collarblue-collarblue-collarblue-collarblue-collarblue-collarblue-collarblue-collarblue-collarblue-collarblue-collarblue-collarblue-collarblue-collarblue-collarblue-collarblue-collarblue-collarblue-collarblue-collarblue-collarblue-collarblue-collarblue-collarblue-collarblue-collarblue-collarblue-collarblue-collarblue-collarblue-collarblue-collarblue-collarblue-collarblue-collarblue-collarblue-collarblue-collarblue-collarblue-collarblue-collarblue-collarblue-collarblue-collarblue-collarblue-collarblue-collarblue-collarblue-collarblue-collarblue-collarblue-collarblue-collarblue-collarblue-collarblue-collarblue-collarblue-collarblue-collarblue-collarblue-collarblue-collarblue-collarblue-collarblue-collarblue-collarblue-collarblue-collarblue-collarblue-collarblue-collarblue-collarblue-collarblue-collarblue-collarblue-collarblue-collarblue-collarblue-collarblue-collarblue-collarblue-collarblue-collarblue-collarblue-collarblue-collarblue-collarblue-collarblue-collarblue-collarblue-collarblue-collarblue-collarblue-collarblue-collarblue-collarblue-collarblue-collarblue-collarblue-collarblue-collarblue-collarblue-collarblue-collarblue-collarblue-collarblue-collarblue-collarblue-collarblue-collarblue-collarblue-collarblue-collarblue-collarblue-collarblue-collarblue-collarblue-collarblue-collarblue-collarblue-collarblue-collarblue-collarblue-collarblue-collarblue-collarblue-collarblue-collarblue-collarblue-collarblue-collarblue-collarblue-collarblue-collarblue-collarblue-collarblue-collarblue-collarblue-collarblue-collarblue-collarblue-collarblue-collarblue-collarblue-collarblue-collarblue-collarblue-collarblue-collarblue-collarblue-collarblue-collarblue-collarblue-collarblue-collarblue-collarblue-collarblue-collarblue-collarblue-collarblue-collarblue-collarblue-collarblue-collarblue-collarblue-collarblue-collarblue-collarblue-collarblue-collarblue-collarblue-collarblue-collarblue-collarblue-collarblue-collarblue-collarblue-collarblue-collarblue-collarblue-collarblue-collarblue-collarblue-collarblue-collarblue-collarblue-collarblue-collarblue-collarblue-collarblue-collarblue-collarblue-collarblue-collarblue-collarblue-collarblue-collarblue-collarblue-collarblue-collarblue-collarblue-collarblue-collarblue-collarblue-collarblue-collarblue-collarblue-collarblue-collarblue-collarblue-collarblue-collarblue-collarblue-collarblue-collarblue-collarblue-collarblue-collarblue-collarblue-collarblue-collarblue-collarblue-collarblue-collarblue-collarblue-collarblue-collarblue-collarblue-collarblue-collarblue-collarblue-collarblue-collarblue-collarblue-collarblue-collarblue-collarblue-collarblue-collarblue-collarblue-collarblue-collarblue-collarblue-collarblue-collarblue-collarblue-collarblue-collarblue-collarblue-collarblue-collarblue-collarblue-collarblue-collarblue-collarblue-collarblue-collarblue-collarblue-collarblue-collarblue-collarblue-collarblue-collarblue-collarblue-collarblue-collarblue-collarblue-collarblue-collarblue-collarblue-collarblue-collarblue-collarblue-collarblue-collarblue-collarblue-collarblue-collarblue-collarblue-collarblue-collarblue-collarblue-collarblue-collarblue-collarblue-collarblue-collarblue-collarblue-collarblue-collarblue-collarblue-collarblue-collarblue-collarblue-collarblue-collarblue-collarblue-collarblue-collarblue-collarblue-collarblue-collarblue-collarblue-collarblue-collarblue-collarblue-collarblue-collarblue-collarblue-collarblue-collarblue-collarblue-collarblue-collarblue-collarblue-collarblue-collarblue-collarblue-collarblue-collarblue-collarblue-collarblue-collarblue-collarblue-collarblue-collarblue-collarblue-collarblue-collarblue-collarblue-collarblue-collarblue-collarblue-collarblue-collarblue-collarblue-collarblue-collarblue-collarblue-collarblue-collarblue-collarblue-collarblue-collarblue-collarblue-collarblue-collarblue-collarblue-collarblue-collarblue-collarblue-collarblue-collarblue-collarblue-collarblue-collarblue-collarblue-collarblue-collarblue-collarblue-collarblue-collarblue-collarblue-collarblue-collarblue-collarblue-collarblue-collarblue-collarblue-collarblue-collarblue-collarblue-collarblue-collarblue-collarblue-collarblue-collarblue-collarblue-collarblue-collarblue-collarblue-collarblue-collarblue-collarblue-collarblue-collarblue-collarblue-collarblue-collarblue-collarblue-collarblue-collarblue-collarblue-collarblue-collarblue-collarblue-collarblue-collarblue-collarblue-collarblue-collarblue-collarblue-collarblue-collarblue-collarblue-collarblue-collarblue-collarblue-collarblue-collarblue-collarblue-collarblue-collarblue-collarblue-collarblue-collarblue-collarblue-collarblue-collarblue-collarblue-collarblue-collarblue-collarblue-collarblue-collarblue-collarblue-collarblue-collarblue-collarblue-collarblue-collarblue-collarblue-collarblue-collarblue-collarblue-collarblue-collarblue-collarblue-collarblue-collarblue-collarblue-collarblue-collarblue-collarblue-collarblue-collarblue-collarblue-collarblue-collarblue-collarblue-collarblue-collarblue-collarblue-collarblue-collarblue-collarblue-collarblue-collarblue-collarblue-collarblue-collarblue-collarblue-collarblue-collarblue-collarblue-collarblue-collarblue-collarblue-collarblue-collarblue-collarblue-collarblue-collarblue-collarblue-collarblue-collarblue-collarblue-collarblue-collarblue-collarblue-collarblue-collarblue-collarblue-collarblue-collarblue-collarblue-collarblue-collarblue-collarblue-collarblue-collarblue-collarblue-collarblue-collarblue-collarblue-collarblue-collarblue-collarblue-collarblue-collarblue-collarblue-collarblue-collarblue-collarblue-collarblue-collarblue-collarblue-collarblue-collarblue-collarblue-collarblue-collarblue-collarblue-collarblue-collarblue-collarblue-collarblue-collarblue-collarblue-collarblue-collarblue-collarblue-collarblue-collarblue-collarblue-collarblue-collarblue-collarblue-collarblue-collarblue-collarblue-collarblue-collarblue-collarblue-collarblue-collarblue-collarblue-collarblue-collarblue-collarblue-collarblue-collarblue-collarblue-collarblue-collarblue-collarblue-collarblue-collarblue-collarblue-collarblue-collarblue-collarblue-collarblue-collarblue-collarblue-collarblue-collarblue-collarblue-collarblue-collarblue-collarblue-collarblue-collarblue-collarblue-collarblue-collarblue-collarblue-collarblue-collarblue-collarblue-collarblue-collarblue-collarblue-collarblue-collarblue-collarblue-collarblue-collarblue-collarblue-collarblue-collarblue-collarblue-collarblue-collarblue-collarblue-collarblue-collarblue-collarblue-collarblue-collarblue-collarblue-collarblue-collarblue-collarblue-collarblue-collarblue-collarblue-collarblue-collarblue-collarblue-collarblue-collarblue-collarblue-collarblue-collarblue-collarblue-collarblue-collarblue-collarblue-collarblue-collarblue-collarblue-collarblue-collarblue-collarblue-collarblue-collarblue-collarblue-collarblue-collarblue-collarblue-collarblue-collarblue-collarblue-collarblue-collarblue-collarblue-collarblue-collarblue-collarblue-collarblue-collarblue-collarblue-collarblue-collarblue-collarblue-collarblue-collarblue-collarblue-collarblue-collarblue-collarblue-collarblue-collarblue-collarblue-collarblue-collarblue-collarblue-collarblue-collarblue-collarblue-collarblue-collarblue-collarblue-collarblue-collarblue-collarblue-collarblue-collarblue-collarblue-collarblue-collarblue-collarblue-collarblue-collarblue-collarblue-collarblue-collarblue-collarblue-collarblue-collarblue-collarblue-collarblue-collarblue-collarblue-collarblue-collarblue-collarblue-collarblue-collarblue-collarblue-collarblue-collarblue-collarblue-collarblue-collarblue-collarblue-collarblue-collarblue-collarblue-collarblue-collarblue-collarblue-collarblue-collarblue-collarblue-collarblue-collarblue-collarblue-collarblue-collarblue-collarblue-collarblue-collarblue-collarblue-collarblue-collarblue-collarblue-collarblue-collarblue-collarblue-collarblue-collarblue-collarblue-collarblue-collarblue-collarblue-collarblue-collarblue-collarblue-collarblue-collarblue-collarblue-collarblue-collarblue-collarblue-collarblue-collarblue-collarblue-collarblue-collarblue-collarblue-collarblue-collarblue-collarblue-collarblue-collarblue-collarblue-collarblue-collarblue-collarblue-collarblue-collarblue-collarblue-collarblue-collarblue-collarblue-collarblue-collarblue-collarblue-collarblue-collarblue-collarblue-collarblue-collarblue-collarblue-collarblue-collarblue-collarblue-collarblue-collarblue-collarblue-collarblue-collarblue-collarblue-collarblue-collarblue-collarblue-collarblue-collarblue-collarblue-collarblue-collarblue-collarblue-collarblue-collarblue-collarblue-collarblue-collarblue-collarblue-collarblue-collarblue-collarblue-collarblue-collarblue-collarblue-collarblue-collarblue-collarblue-collarblue-collarblue-collarblue-collarblue-collarblue-collarblue-collarblue-collarblue-collarblue-collarblue-collarblue-collarblue-collarblue-collarblue-collarblue-collarblue-collarblue-collarblue-collarblue-collarblue-collarblue-collarblue-collarblue-collarblue-collarblue-collarblue-collarblue-collarblue-collarblue-collarblue-collarblue-collarblue-collarblue-collarblue-collarblue-collarblue-collarblue-collarblue-collarblue-collarblue-collarblue-collarblue-collarblue-collarblue-collarblue-collarblue-collarblue-collarblue-collarblue-collarblue-collarblue-collarblue-collarblue-collarblue-collarblue-collarblue-collarblue-collarblue-collarblue-collarblue-collarblue-collarblue-collarblue-collarblue-collarblue-collarblue-collarblue-collarblue-collarblue-collarblue-collarblue-collarblue-collarblue-collarblue-collarblue-collarblue-collarblue-collarblue-collarblue-collarblue-collarblue-collarblue-collarblue-collarblue-collarblue-collarblue-collarblue-collarblue-collarblue-collarblue-collarblue-collarblue-collarblue-collarblue-collarblue-collarblue-collarblue-collarblue-collarblue-collarblue-collarblue-collarblue-collarblue-collarblue-collarblue-collarblue-collarblue-collarblue-collarblue-collarblue-collarblue-collarblue-collarblue-collarblue-collarblue-collarblue-collarblue-collarblue-collarblue-collarblue-collarblue-collarblue-collarblue-collarblue-collarblue-collarblue-collarblue-collarblue-collarblue-collarblue-collarblue-collarblue-collarblue-collarblue-collarblue-collarblue-collarblue-collarblue-collarblue-collarblue-collarblue-collarblue-collarblue-collarblue-collarblue-collarblue-collarblue-collarblue-collarblue-collarblue-collarblue-collarblue-collarblue-collarblue-collarblue-collarblue-collarblue-collarblue-collarblue-collarblue-collarblue-collarblue-collarblue-collarblue-collarblue-collarblue-collarblue-collarblue-collarblue-collarblue-collarblue-collarblue-collarblue-collarblue-collarblue-collarblue-collarblue-collarblue-collarblue-collarblue-collarblue-collarblue-collarblue-collarblue-collarblue-collarblue-collarblue-collarblue-collarblue-collarblue-collarblue-collarblue-collarblue-collarblue-collarblue-collarblue-collarblue-collarblue-collarblue-collarblue-collarblue-collarblue-collarblue-collarblue-collarblue-collarblue-collarblue-collarblue-collarblue-collarblue-collarblue-collarblue-collarblue-collarblue-collarblue-collarblue-collarblue-collarblue-collarblue-collarblue-collarblue-collarblue-collarblue-collarblue-collarblue-collarblue-collarblue-collarblue-collarblue-collarblue-collarblue-collarblue-collarblue-collarblue-collarblue-collarblue-collarblue-collarblue-collarblue-collarblue-collarblue-collarblue-collarblue-collarblue-collarblue-collarblue-collarblue-collarblue-collarblue-collarblue-collarblue-collarblue-collarblue-collarblue-collarblue-collarblue-collarblue-collarblue-collarblue-collarblue-collarblue-collarblue-collarblue-collarblue-collarblue-collarblue-collarblue-collarblue-collarblue-collarblue-collarblue-collarblue-collarblue-collarblue-collarblue-collarblue-collarblue-collarblue-collarblue-collarblue-collarblue-collarblue-collarblue-collarblue-collarblue-collarblue-collarblue-collarblue-collarblue-collarblue-collarblue-collarblue-collarblue-collarblue-collarblue-collarblue-collarblue-collarblue-collarblue-collarblue-collarblue-collarblue-collarblue-collarblue-collarblue-collarblue-collarblue-collarblue-collarblue-collarblue-collarblue-collarblue-collarblue-collarblue-collarblue-collarblue-collarblue-collarblue-collarblue-collarblue-collarblue-collarblue-collarblue-collarblue-collarblue-collarblue-collarblue-collarblue-collarblue-collarblue-collarblue-collarblue-collarblue-collarblue-collarblue-collarblue-collarblue-collarblue-collarblue-collarblue-collarblue-collarblue-collarblue-collarblue-collarblue-collarblue-collarblue-collarblue-collarblue-collarblue-collarblue-collarblue-collarblue-collarblue-collarblue-collarblue-collarblue-collarblue-collarblue-collarblue-collarblue-collarblue-collarblue-collarblue-collarblue-collarblue-collarblue-collarblue-collarblue-collarblue-collarblue-collarblue-collarblue-collarblue-collarblue-collarblue-collarblue-collarblue-collarblue-collarblue-collarblue-collarblue-collarblue-collarblue-collarblue-collarblue-collarblue-collarblue-collarblue-collarblue-collarblue-collarblue-collarblue-collarblue-collarblue-collarblue-collarblue-collarblue-collarblue-collarblue-collarblue-collarblue-collarblue-collarblue-collarblue-collarblue-collarblue-collarblue-collarblue-collarblue-collarblue-collarblue-collarblue-collarblue-collarblue-collarblue-collarblue-collarblue-collarblue-collarblue-collarblue-collarblue-collarblue-collarblue-collarblue-collarblue-collarblue-collarblue-collarblue-collarblue-collarblue-collarblue-collarblue-collarblue-collarblue-collarblue-collarblue-collarblue-collarblue-collarblue-collarblue-collarblue-collarblue-collarblue-collarblue-collarblue-collarblue-collarblue-collarblue-collarblue-collarblue-collarblue-collarblue-collarblue-collarblue-collarblue-collarblue-collarblue-collarblue-collarblue-collarblue-collarblue-collarblue-collarblue-collarblue-collarblue-collarblue-collarblue-collarblue-collarblue-collarblue-collarblue-collarblue-collarblue-collarblue-collarblue-collarblue-collarblue-collarblue-collarblue-collarblue-collarblue-collarblue-collarblue-collarblue-collarblue-collarblue-collarblue-collarblue-collarblue-collarblue-collarblue-collarblue-collarblue-collarblue-collarblue-collarblue-collarblue-collarblue-collarblue-collarblue-collarblue-collarblue-collarblue-collarblue-collarblue-collarblue-collarblue-collarblue-collarblue-collarblue-collarblue-collarblue-collarblue-collarblue-collarblue-collarblue-collarblue-collarblue-collarblue-collarblue-collarblue-collarblue-collarblue-collarblue-collarblue-collarblue-collarblue-collarblue-collarblue-collarblue-collarblue-collarblue-collarblue-collarblue-collarblue-collarblue-collarblue-collarblue-collarblue-collarblue-collarblue-collarblue-collarblue-collarblue-collarblue-collarblue-collarblue-collarblue-collarblue-collarblue-collarblue-collarblue-collarblue-collarblue-collarblue-collarblue-collarblue-collarblue-collarblue-collarblue-collarblue-collarblue-collarblue-collarblue-collarblue-collarblue-collarblue-collarblue-collarblue-collarblue-collarblue-collarblue-collarblue-collarblue-collarblue-collarblue-collarblue-collarblue-collarblue-collarblue-collarblue-collarblue-collarblue-collarblue-collarblue-collarblue-collarblue-collarblue-collarblue-collarblue-collarblue-collarblue-collarblue-collarblue-collarblue-collarblue-collarblue-collarblue-collarblue-collarblue-collarblue-collarblue-collarblue-collarblue-collarblue-collarblue-collarblue-collarblue-collarblue-collarblue-collarblue-collarblue-collarblue-collarblue-collarblue-collarblue-collarblue-collarblue-collarblue-collarblue-collarblue-collarblue-collarblue-collarblue-collarblue-collarblue-collarblue-collarblue-collarblue-collarblue-collarblue-collarblue-collarblue-collarblue-collarblue-collarblue-collarblue-collarblue-collarblue-collarblue-collarblue-collarblue-collarblue-collarblue-collarblue-collarblue-collarblue-collarblue-collarblue-collarblue-collarblue-collarblue-collarblue-collarblue-collarblue-collarblue-collarblue-collarblue-collarblue-collarblue-collarblue-collarblue-collarblue-collarblue-collarblue-collarblue-collarblue-collarblue-collarblue-collarblue-collarblue-collarblue-collarblue-collarblue-collarblue-collarblue-collarblue-collarblue-collarblue-collarblue-collarblue-collarblue-collarblue-collarblue-collarblue-collarblue-collarblue-collarblue-collarblue-collarblue-collarblue-collarblue-collarblue-collarblue-collarblue-collarblue-collarblue-collarblue-collarblue-collarblue-collarblue-collarblue-collarblue-collarblue-collarblue-collarblue-collarblue-collarblue-collarblue-collarblue-collarblue-collarblue-collarblue-collarblue-collarblue-collarblue-collarblue-collarblue-collarblue-collarblue-collarblue-collarblue-collarblue-collarblue-collarblue-collarblue-collarblue-collarblue-collarblue-collarblue-collarblue-collarblue-collarblue-collarblue-collarblue-collarblue-collarblue-collarblue-collarblue-collarblue-collarblue-collarblue-collarblue-collarblue-collarblue-collarblue-collarblue-collarblue-collarblue-collarblue-collarblue-collarblue-collarblue-collarblue-collarblue-collarblue-collarblue-collarblue-collarblue-collarblue-collarblue-collarblue-collarblue-collarblue-collarblue-collarblue-collarblue-collarblue-collarblue-collarblue-collarblue-collarblue-collarblue-collarblue-collarblue-collarblue-collarblue-collarblue-collarblue-collarblue-collarblue-collarblue-collarblue-collarblue-collarblue-collarblue-collarblue-collarblue-collarblue-collarblue-collarblue-collarblue-collarblue-collarblue-collarblue-collarblue-collarblue-collarblue-collarblue-collarblue-collarblue-collarblue-collarblue-collarblue-collarblue-collarblue-collarblue-collarblue-collarblue-collarblue-collarblue-collarblue-collarblue-collarblue-collarblue-collarblue-collarblue-collarblue-collarblue-collarblue-collarblue-collarblue-collarblue-collarblue-collarblue-collarblue-collarblue-collarblue-collarblue-collarblue-collarblue-collarblue-collarblue-collarblue-collarblue-collarblue-collarblue-collarblue-collarblue-collarblue-collarblue-collarblue-collarblue-collarblue-collarblue-collarblue-collarblue-collarblue-collarblue-collarblue-collarblue-collarblue-collarblue-collarblue-collarblue-collarblue-collarblue-collarblue-collarblue-collarblue-collarblue-collarblue-collarblue-collarblue-collarblue-collarblue-collarblue-collarblue-collarblue-collarblue-collarblue-collarblue-collarblue-collarblue-collarblue-collarblue-collarblue-collarblue-collarblue-collarblue-collarblue-collarblue-collarblue-collarblue-collarblue-collarblue-collarblue-collarblue-collarblue-collarblue-collarblue-collarblue-collarblue-collarblue-collarblue-collarblue-collarblue-collarblue-collarblue-collarblue-collarblue-collarblue-collarblue-collarblue-collarblue-collarblue-collarblue-collarblue-collarblue-collarblue-collarblue-collarblue-collarblue-collarblue-collarblue-collarblue-collarblue-collarblue-collarblue-collarblue-collarblue-collarblue-collarblue-collarblue-collarblue-collarblue-collarblue-collarblue-collarblue-collarblue-collarblue-collarblue-collarblue-collarblue-collarblue-collarblue-collarblue-collarblue-collarblue-collarblue-collarblue-collarblue-collarblue-collarblue-collarblue-collarblue-collarblue-collarblue-collarblue-collarblue-collarblue-collarblue-collarblue-collarblue-collarblue-collarblue-collarblue-collarblue-collarblue-collarblue-collarblue-collarblue-collarblue-collarblue-collarblue-collarblue-collarblue-collarblue-collarblue-collarblue-collarblue-collarblue-collarblue-collarblue-collarblue-collarblue-collarblue-collarblue-collarblue-collarblue-collarblue-collarblue-collarblue-collarblue-collarblue-collarblue-collarblue-collarblue-collarblue-collarblue-collarblue-collarblue-collarblue-collarblue-collarblue-collarblue-collarblue-collarblue-collarblue-collarblue-collarblue-collarblue-collarblue-collarblue-collarblue-collarblue-collarblue-collarblue-collarblue-collarblue-collarblue-collarblue-collarblue-collarblue-collarblue-collarblue-collarblue-collarblue-collarblue-collarblue-collarblue-collarblue-collarblue-collarblue-collarblue-collarblue-collarblue-collarblue-collarblue-collarblue-collarblue-collarblue-collarblue-collarblue-collarblue-collarblue-collarblue-collarblue-collarblue-collarblue-collarblue-collarblue-collarblue-collarblue-collarblue-collarblue-collarblue-collarblue-collarblue-collarblue-collarblue-collarblue-collarblue-collarblue-collarblue-collarblue-collarblue-collarblue-collarblue-collarblue-collarblue-collarblue-collarblue-collarblue-collarblue-collarblue-collarblue-collarblue-collarblue-collarblue-collarblue-collarblue-collarblue-collarblue-collarblue-collarblue-collarblue-collarblue-collarblue-collarblue-collarblue-collarblue-collarblue-collarblue-collarblue-collarblue-collarblue-collarblue-collarblue-collarblue-collarblue-collarblue-collarblue-collarblue-collarblue-collarblue-collarblue-collarblue-collarblue-collarblue-collarblue-collarblue-collarblue-collarblue-collarblue-collarblue-collarblue-collarblue-collarblue-collarblue-collarblue-collarblue-collarblue-collarblue-collarblue-collarblue-collarblue-collarblue-collarblue-collarblue-collarblue-collarblue-collarblue-collarblue-collarblue-collarblue-collarblue-collarblue-collarblue-collarblue-collarblue-collarblue-collarblue-collarblue-collarblue-collarblue-collarblue-collarblue-collarblue-collarblue-collarblue-collarblue-collarblue-collarblue-collarblue-collarblue-collarblue-collarblue-collarblue-collarblue-collarblue-collarblue-collarblue-collarblue-collarblue-collarblue-collarblue-collarblue-collarblue-collarblue-collarblue-collarblue-collarblue-collarblue-collarblue-collarblue-collarblue-collarblue-collarblue-collarblue-collarblue-collarblue-collarblue-collarblue-collarblue-collarblue-collarblue-collarblue-collarblue-collarblue-collarblue-collarblue-collarblue-collarblue-collarblue-collarblue-collarblue-collarblue-collarblue-collarblue-collarblue-collarblue-collarblue-collarblue-collarblue-collarblue-collarblue-collarblue-collarblue-collarblue-collarblue-collarblue-collarblue-collarblue-collarblue-collarblue-collarblue-collarblue-collarblue-collarblue-collarblue-collarblue-collarblue-collarblue-collarblue-collarblue-collarblue-collarblue-collarblue-collarblue-collarblue-collarblue-collarblue-collarblue-collarblue-collarblue-collarblue-collarblue-collarblue-collarblue-collarblue-collarblue-collarblue-collarblue-collarblue-collarblue-collarblue-collarblue-collarblue-collarblue-collarblue-collarblue-collarblue-collarblue-collarblue-collarblue-collarblue-collarblue-collarblue-collarblue-collarblue-collarblue-collarblue-collarblue-collarblue-collarblue-collarblue-collarblue-collarblue-collarblue-collarblue-collarblue-collarblue-collarblue-collarblue-collarblue-collarblue-collarblue-collarblue-collarblue-collarblue-collarblue-collarblue-collarblue-collarblue-collarblue-collarblue-collarblue-collarblue-collarblue-collarblue-collarblue-collarblue-collarblue-collarblue-collarblue-collarblue-collarblue-collarblue-collarblue-collarblue-collarblue-collarblue-collarblue-collarblue-collarblue-collarblue-collarblue-collarblue-collarblue-collarblue-collarblue-collarblue-collarblue-collarblue-collarblue-collarblue-collarblue-collarblue-collarblue-collarblue-collarblue-collarblue-collarblue-collarblue-collarblue-collarblue-collarblue-collarblue-collarblue-collarblue-collarblue-collarblue-collarblue-collarblue-collarblue-collarblue-collarblue-collarblue-collarblue-collarblue-collarblue-collarblue-collarblue-collarblue-collarblue-collarblue-collarblue-collarblue-collarblue-collarblue-collarblue-collarblue-collarblue-collarblue-collarblue-collarblue-collarblue-collarblue-collarblue-collarblue-collarblue-collarblue-collarblue-collarblue-collarblue-collarblue-collarblue-collarblue-collarblue-collarblue-collarblue-collarblue-collarblue-collarblue-collarblue-collarblue-collarblue-collarblue-collarblue-collarblue-collarblue-collarblue-collarblue-collarblue-collarblue-collarblue-collarblue-collarblue-collarblue-collarblue-collarblue-collarblue-collarblue-collarblue-collarblue-collarblue-collarblue-collarblue-collarblue-collarblue-collarblue-collarblue-collarblue-collarblue-collarblue-collarblue-collarblue-collarblue-collarblue-collarblue-collarblue-collarblue-collarblue-collarblue-collarblue-collarblue-collarblue-collarblue-collarblue-collarblue-collarblue-collarblue-collarblue-collarblue-collarblue-collarblue-collarblue-collarblue-collarblue-collarblue-collarblue-collarblue-collarblue-collarblue-collarblue-collarblue-collarblue-collarblue-collarblue-collarblue-collarblue-collarblue-collarblue-collarblue-collarblue-collarblue-collarblue-collarblue-collarblue-collarblue-collarblue-collarblue-collarblue-collarblue-collarblue-collarblue-collarblue-collarblue-collarblue-collarblue-collarblue-collarblue-collarblue-collarblue-collarblue-collarblue-collarblue-collarblue-collarblue-collarblue-collarblue-collarblue-collarblue-collarblue-collarblue-collarblue-collarblue-collarblue-collarblue-collarblue-collarblue-collarblue-collarblue-collarblue-collarblue-collarblue-collarblue-collarblue-collarblue-collarblue-collarblue-collarblue-collarblue-collarblue-collarblue-collarblue-collarblue-collarblue-collarblue-collarblue-collarblue-collarblue-collarblue-collarblue-collarblue-collarblue-collarblue-collarblue-collarblue-collarblue-collarblue-collarblue-collarblue-collarblue-collarblue-collarblue-collarblue-collarblue-collarblue-collarblue-collarblue-collarblue-collarblue-collarblue-collarblue-collarblue-collarblue-collarblue-collarblue-collarblue-collarblue-collarblue-collarblue-collarblue-collarblue-collarblue-collarblue-collarblue-collarblue-collarblue-collarblue-collarblue-collarblue-collarblue-collarblue-collarblue-collarblue-collarblue-collarblue-collarblue-collarblue-collarblue-collarblue-collarblue-collarblue-collarblue-collarblue-collarblue-collarblue-collarblue-collarblue-collarblue-collarblue-collarblue-collarblue-collarblue-collarblue-collarblue-collarblue-collarblue-collarblue-collarblue-collarblue-collarblue-collarblue-collarblue-collarblue-collarblue-collarblue-collarblue-collarblue-collarblue-collarblue-collarblue-collarblue-collarblue-collarblue-collarblue-collarblue-collarblue-collarblue-collarblue-collarblue-collarblue-collarblue-collarblue-collarblue-collarblue-collarblue-collarblue-collarblue-collarblue-collarblue-collarblue-collarblue-collarblue-collarblue-collarblue-collarblue-collarblue-collarblue-collarblue-collarblue-collarblue-collarblue-collarblue-collarblue-collarblue-collarblue-collarblue-collarblue-collarblue-collarblue-collarblue-collarblue-collarblue-collarblue-collarblue-collarblue-collarblue-collarblue-collarblue-collarblue-collarblue-collarblue-collarblue-collarblue-collarblue-collarblue-collarblue-collarblue-collarblue-collarblue-collarblue-collarblue-collarblue-collarblue-collarblue-collarblue-collarblue-collarblue-collarblue-collarblue-collarblue-collarblue-collarblue-collarblue-collarblue-collarblue-collarblue-collarblue-collarblue-collarblue-collarblue-collarblue-collarblue-collarblue-collarblue-collarblue-collarblue-collarblue-collarblue-collarblue-collarblue-collarblue-collarblue-collarblue-collarblue-collarblue-collarblue-collarblue-collarblue-collarblue-collarblue-collarblue-collarblue-collarblue-collarblue-collarblue-collarblue-collarblue-collarblue-collarblue-collarblue-collarblue-collarblue-collarblue-collarblue-collarblue-collarblue-collarblue-collarblue-collarblue-collarblue-collarblue-collarblue-collarblue-collarblue-collarblue-collarblue-collarblue-collarblue-collarblue-collarblue-collarblue-collarblue-collarblue-collarblue-collarblue-collarblue-collarblue-collarblue-collarblue-collarblue-collarblue-collarblue-collarblue-collarblue-collarblue-collarblue-collarblue-collarblue-collarblue-collarblue-collarblue-collarblue-collarblue-collarblue-collarblue-collarblue-collarblue-collarblue-collarblue-collarblue-collarblue-collarblue-collarblue-collarblue-collarblue-collarblue-collarblue-collarblue-collarblue-collarblue-collarblue-collarblue-collarblue-collarblue-collarblue-collarblue-collarblue-collarblue-collarblue-collarblue-collarblue-collarblue-collarblue-collarblue-collarblue-collarblue-collarblue-collarblue-collarblue-collarblue-collarblue-collarblue-collarblue-collarblue-collarblue-collarblue-collarblue-collarblue-collarblue-collarblue-collarblue-collarblue-collarblue-collarblue-collarblue-collarblue-collarblue-collarblue-collarblue-collarblue-collarblue-collarblue-collarblue-collarblue-collarblue-collarblue-collarblue-collarblue-collarblue-collarblue-collarblue-collarblue-collarblue-collarblue-collarblue-collarblue-collarblue-collarblue-collarblue-collarblue-collarblue-collarblue-collarblue-collarblue-collarblue-collarblue-collarblue-collarblue-collarblue-collarblue-collarblue-collarblue-collarblue-collarblue-collarblue-collarblue-collarblue-collarblue-collarblue-collarblue-collarblue-collarblue-collarblue-collarblue-collarblue-collarblue-collarblue-collarblue-collarblue-collarblue-collarblue-collarblue-collarblue-collarblue-collarblue-collarblue-collarblue-collarblue-collarblue-collarblue-collarblue-collarblue-collarblue-collarblue-collarblue-collarblue-collarblue-collarblue-collarblue-collarblue-collarblue-collarblue-collarblue-collarblue-collarblue-collarblue-collarblue-collarblue-collarblue-collarblue-collarblue-collarblue-collarblue-collarblue-collarblue-collarblue-collarblue-collarblue-collarblue-collarblue-collarblue-collarblue-collarblue-collarblue-collarblue-collarblue-collarblue-collarblue-collarblue-collarblue-collarblue-collarblue-collarblue-collarblue-collarblue-collarblue-collarblue-collarblue-collarblue-collarblue-collarblue-collarblue-collarblue-collarblue-collarblue-collarblue-collarblue-collarblue-collarblue-collarblue-collarblue-collarblue-collarblue-collarblue-collarblue-collarblue-collarblue-collarblue-collarblue-collarblue-collarblue-collarblue-collarblue-collarblue-collarblue-collarblue-collarblue-collarblue-collarblue-collarblue-collarblue-collarblue-collarblue-collarblue-collarblue-collarblue-collarblue-collarblue-collarblue-collarblue-collarblue-collarblue-collarblue-collarblue-collarblue-collarblue-collarblue-collarblue-collarblue-collarblue-collarblue-collarblue-collarblue-collarblue-collarblue-collarblue-collarblue-collarblue-collarblue-collarblue-collarblue-collarblue-collarblue-collarblue-collarblue-collarblue-collarblue-collarblue-collarblue-collarblue-collarblue-collarblue-collarblue-collarblue-collarblue-collarblue-collarblue-collarblue-collarblue-collarblue-collarblue-collarblue-collarblue-collarblue-collarblue-collarblue-collarblue-collarblue-collarblue-collarblue-collarblue-collarblue-collarblue-collarblue-collarblue-collarblue-collarblue-collarblue-collarblue-collarblue-collarblue-collarblue-collarblue-collarblue-collarblue-collarblue-collarblue-collarblue-collarblue-collarblue-collarblue-collarblue-collarblue-collarblue-collarblue-collarblue-collarblue-collarblue-collarblue-collarblue-collarblue-collarblue-collarblue-collarblue-collarblue-collarblue-collarblue-collarblue-collarblue-collarblue-collarblue-collarblue-collarblue-collarblue-collarblue-collarblue-collarblue-collarblue-collarblue-collarblue-collarblue-collarblue-collarblue-collarblue-collarblue-collarblue-collarblue-collarblue-collarblue-collarblue-collarblue-collarblue-collarblue-collarblue-collarblue-collarblue-collarblue-collarblue-collarblue-collarblue-collarblue-collarblue-collarblue-collarblue-collarblue-collarblue-collarblue-collarblue-collarblue-collarblue-collarblue-collarblue-collarblue-collarblue-collarblue-collarblue-collarblue-collarblue-collarblue-collarblue-collarblue-collarblue-collarblue-collarblue-collarblue-collarblue-collarblue-collarblue-collarblue-collarblue-collarblue-collarblue-collarblue-collarblue-collarblue-collarblue-collarblue-collarblue-collarblue-collarblue-collarblue-collarblue-collarblue-collarblue-collarblue-collarblue-collarblue-collarblue-collarblue-collarblue-collarblue-collarblue-collarblue-collarblue-collarblue-collarblue-collarblue-collarblue-collarblue-collarblue-collarblue-collarblue-collarblue-collarblue-collarblue-collarblue-collarblue-collarblue-collarblue-collarblue-collarblue-collarblue-collarblue-collarblue-collarblue-collarblue-collarblue-collarblue-collarblue-collarblue-collarblue-collarblue-collarblue-collarblue-collarblue-collarblue-collarblue-collarblue-collarblue-collarblue-collarblue-collarblue-collarblue-collarblue-collarblue-collarblue-collarblue-collarblue-collarblue-collarblue-collarblue-collarblue-collarblue-collarblue-collarblue-collarblue-collarblue-collarblue-collarblue-collarblue-collarblue-collarblue-collarblue-collarblue-collarblue-collarblue-collarblue-collarblue-collarblue-collarblue-collarblue-collarblue-collarblue-collarblue-collarblue-collarblue-collarblue-collarblue-collarblue-collarblue-collarblue-collarblue-collarblue-collarblue-collarblue-collarblue-collarblue-collarblue-collarblue-collarblue-collarblue-collarblue-collarblue-collarblue-collarblue-collarblue-collarblue-collarblue-collarblue-collarblue-collarblue-collarblue-collarblue-collarblue-collarblue-collarblue-collarblue-collarblue-collarblue-collarblue-collarblue-collarblue-collarblue-collarblue-collarblue-collarblue-collarblue-collarblue-collarblue-collarblue-collarblue-collarblue-collarblue-collarblue-collarblue-collarblue-collarblue-collarblue-collarblue-collarblue-collarblue-collarblue-collarblue-collarblue-collarblue-collarblue-collarblue-collarblue-collarblue-collarblue-collarblue-collarblue-collarblue-collarblue-collarblue-collarblue-collarblue-collarblue-collarblue-collarblue-collarblue-collarblue-collarblue-collarblue-collarblue-collarblue-collarblue-collarblue-collarblue-collarblue-collarblue-collarblue-collarblue-collarblue-collarblue-collarblue-collarblue-collarblue-collarblue-collarblue-collarblue-collarblue-collarblue-collarblue-collarblue-collarblue-collarblue-collarblue-collarblue-collarblue-collarblue-collarblue-collarblue-collarblue-collarblue-collarblue-collarblue-collarblue-collarblue-collarblue-collarblue-collarblue-collarblue-collarblue-collarblue-collarblue-collarblue-collarblue-collarblue-collarblue-collarblue-collarblue-collarblue-collarblue-collarblue-collarblue-collarblue-collarblue-collarblue-collarblue-collarblue-collarblue-collarblue-collarblue-collarblue-collarblue-collarblue-collarblue-collarblue-collarblue-collarblue-collarblue-collarblue-collarblue-collarblue-collarblue-collarblue-collarblue-collarblue-collarblue-collarblue-collarblue-collarblue-collarblue-collarblue-collarblue-collarblue-collarblue-collarblue-collarblue-collarblue-collarblue-collarblue-collarblue-collarblue-collarblue-collarblue-collarblue-collarblue-collarblue-collarblue-collarblue-collarblue-collarblue-collarblue-collarblue-collarblue-collarblue-collarblue-collarblue-collarblue-collarblue-collarblue-collarblue-collarblue-collarblue-collarblue-collarblue-collarblue-collarblue-collarblue-collarblue-collarblue-collarblue-collarblue-collarblue-collarblue-collarblue-collarblue-collarblue-collarblue-collarblue-collarblue-collarblue-collarblue-collarblue-collarblue-collarblue-collarblue-collarblue-collarblue-collarblue-collarblue-collarblue-collarblue-collarblue-collarblue-collarblue-collarblue-collarblue-collarblue-collarblue-collarblue-collarblue-collarblue-collarblue-collarblue-collarblue-collarblue-collarblue-collarblue-collarblue-collarblue-collarblue-collarblue-collarblue-collarblue-collarblue-collarblue-collarblue-collarblue-collarblue-collarblue-collarblue-collarblue-collarblue-collarblue-collarblue-collarblue-collarblue-collarblue-collarblue-collarblue-collarblue-collarblue-collarblue-collarblue-collarblue-collarblue-collarblue-collarblue-collarblue-collarblue-collarblue-collarblue-collarblue-collarblue-collarblue-collarblue-collarblue-collarblue-collarblue-collarblue-collarblue-collarblue-collarblue-collarblue-collarblue-collarblue-collarblue-collarblue-collarblue-collarblue-collarblue-collarblue-collarblue-collarblue-collarblue-collarblue-collarblue-collarblue-collarblue-collarblue-collarblue-collarblue-collarblue-collarblue-collarblue-collarblue-collarblue-collarblue-collarblue-collarblue-collarblue-collarblue-collarblue-collarblue-collarblue-collarblue-collarblue-collarblue-collarblue-collarblue-collarblue-collarblue-collarblue-collarblue-collarblue-collarblue-collarblue-collarblue-collarblue-collarblue-collarblue-collarblue-collarblue-collarblue-collarblue-collarblue-collarblue-collarblue-collarblue-collarblue-collarblue-collarblue-collarblue-collarblue-collarblue-collarblue-collarblue-collarblue-collarblue-collarblue-collarblue-collarblue-collarblue-collarblue-collarblue-collarblue-collarblue-collarblue-collarblue-collarblue-collarblue-collarblue-collarblue-collarblue-collarblue-collarblue-collarblue-collarblue-collarblue-collarblue-collarblue-collarblue-collarblue-collarblue-collarblue-collarblue-collarblue-collarblue-collarblue-collarblue-collarblue-collarblue-collarblue-collarblue-collarblue-collarblue-collarblue-collarblue-collarblue-collarblue-collarblue-collarblue-collarblue-collarblue-collarblue-collarblue-collarblue-collarblue-collarblue-collarblue-collarblue-collarblue-collarblue-collarblue-collarblue-collarblue-collarblue-collarblue-collarblue-collarblue-collarblue-collarblue-collarblue-collarblue-collarblue-collarblue-collarblue-collarblue-collarblue-collarblue-collarblue-collarblue-collarblue-collarblue-collarblue-collarblue-collarblue-collarblue-collarblue-collarblue-collarblue-collarblue-collarblue-collarblue-collarblue-collarblue-collarblue-collarblue-collarblue-collarblue-collarblue-collarblue-collarblue-collarblue-collarblue-collarblue-collarblue-collarblue-collarblue-collarblue-collarblue-collarblue-collarblue-collarblue-collarblue-collarblue-collarblue-collarblue-collarblue-collarblue-collarblue-collarblue-collarblue-collarblue-collarblue-collarblue-collarblue-collarblue-collarblue-collarblue-collarblue-collarblue-collarblue-collarblue-collarblue-collarblue-collarblue-collarblue-collarblue-collarblue-collarblue-collarblue-collarblue-collarblue-collarblue-collarblue-collarblue-collarblue-collarblue-collarblue-collarblue-collarblue-collarblue-collarblue-collarblue-collarblue-collarblue-collarblue-collarblue-collarblue-collarblue-collarblue-collarblue-collarblue-collarblue-collarblue-collarblue-collarblue-collarblue-collarblue-collarblue-collarblue-collarblue-collarblue-collarblue-collarblue-collarblue-collarblue-collarblue-collarblue-collarblue-collarblue-collarblue-collarblue-collarblue-collarblue-collarblue-collarblue-collarblue-collarblue-collarblue-collarblue-collarblue-collarblue-collarblue-collarblue-collarblue-collarblue-collarblue-collarblue-collarblue-collarblue-collarblue-collarblue-collarblue-collarblue-collarblue-collarblue-collarblue-collarblue-collarblue-collarblue-collarblue-collarblue-collarblue-collarblue-collarblue-collarblue-collarblue-collarblue-collarblue-collarblue-collarblue-collarblue-collarblue-collarblue-collarblue-collarblue-collarblue-collarblue-collarblue-collarblue-collarblue-collarblue-collarblue-collarblue-collarblue-collarblue-collarblue-collarblue-collarblue-collarblue-collarblue-collarblue-collarblue-collarblue-collarblue-collarblue-collarblue-collarblue-collarblue-collarblue-collarblue-collarblue-collarblue-collarblue-collarblue-collarblue-collarblue-collarblue-collarblue-collarblue-collarblue-collarblue-collarblue-collarblue-collarblue-collarblue-collarblue-collarblue-collarblue-collarblue-collarblue-collarblue-collarblue-collarblue-collarblue-collarblue-collarblue-collarblue-collarblue-collarblue-collarblue-collarblue-collarblue-collarblue-collarblue-collarblue-collarblue-collarblue-collarblue-collarblue-collarblue-collarblue-collarblue-collarblue-collarblue-collarblue-collarblue-collarblue-collarblue-collarblue-collarblue-collarblue-collarblue-collarblue-collarblue-collarblue-collarblue-collarblue-collarblue-collarblue-collarblue-collarblue-collarblue-collarblue-collarblue-collarblue-collarblue-collarblue-collarblue-collarblue-collarblue-collarblue-collarblue-collarblue-collarblue-collarblue-collarblue-collarblue-collarblue-collarblue-collarblue-collarblue-collarblue-collarblue-collarblue-collarblue-collarblue-collarblue-collarblue-collarblue-collarblue-collarblue-collarblue-collarblue-collarblue-collarblue-collarblue-collarblue-collarblue-collarblue-collarblue-collarblue-collarblue-collarblue-collarblue-collarblue-collarblue-collarblue-collarblue-collarblue-collarblue-collarblue-collarblue-collarblue-collarblue-collarblue-collarblue-collarblue-collarblue-collarblue-collarblue-collarblue-collarblue-collarblue-collarblue-collarblue-collarblue-collarblue-collarblue-collarblue-collarblue-collarblue-collarblue-collarblue-collarblue-collarblue-collarblue-collarblue-collarblue-collarblue-collarblue-collarblue-collarblue-collarblue-collarblue-collarblue-collarblue-collarblue-collarblue-collarblue-collarblue-collarblue-collarblue-collarblue-collarblue-collarblue-collarblue-collarblue-collarblue-collarblue-collarblue-collarblue-collarblue-collarblue-collarblue-collarblue-collarblue-collarblue-collarblue-collarblue-collarblue-collarblue-collarblue-collarblue-collarblue-collarblue-collarblue-collarblue-collarblue-collarblue-collarblue-collarblue-collarblue-collarblue-collarblue-collarblue-collarblue-collarblue-collarblue-collarblue-collarblue-collarblue-collarblue-collarblue-collarblue-collarblue-collarblue-collarblue-collarblue-collarblue-collarblue-collarblue-collarblue-collarblue-collarblue-collarblue-collarblue-collarblue-collarblue-collarblue-collarblue-collarblue-collarblue-collarblue-collarblue-collarblue-collarblue-collarblue-collarblue-collarblue-collarblue-collarblue-collarblue-collarblue-collarblue-collarblue-collarblue-collarblue-collarblue-collarblue-collarblue-collarblue-collarblue-collarblue-collarblue-collarblue-collarblue-collarblue-collarblue-collarblue-collarblue-collarblue-collarblue-collarblue-collarblue-collarblue-collarblue-collarblue-collarblue-collarblue-collarblue-collarblue-collarblue-collarblue-collarblue-collarblue-collarblue-collarblue-collarblue-collarblue-collarblue-collarblue-collarblue-collarblue-collarblue-collarblue-collarblue-collarblue-collarblue-collarblue-collarblue-collarblue-collarblue-collarblue-collarblue-collarblue-collarblue-collarblue-collarblue-collarblue-collarblue-collarblue-collarblue-collarblue-collarblue-collarblue-collarblue-collarblue-collarblue-collarblue-collarblue-collarblue-collarblue-collarblue-collarblue-collarblue-collarblue-collarblue-collarblue-collarblue-collarblue-collarblue-collarblue-collarblue-collarblue-collarblue-collarblue-collarblue-collarblue-collarblue-collarblue-collarblue-collarblue-collarblue-collarblue-collarblue-collarblue-collarblue-collarblue-collarblue-collarblue-collarblue-collarblue-collarblue-collarblue-collarblue-collarblue-collarblue-collarblue-collarblue-collarblue-collarblue-collarblue-collarblue-collarblue-collarblue-collarblue-collarblue-collarblue-collarblue-collarblue-collarblue-collarblue-collarblue-collarblue-collarblue-collarblue-collarblue-collarblue-collarblue-collarblue-collarblue-collarblue-collarblue-collarblue-collarblue-collarblue-collarblue-collarblue-collarblue-collarblue-collarblue-collarblue-collarblue-collarblue-collarblue-collarblue-collarblue-collarblue-collarblue-collarblue-collarblue-collarblue-collarblue-collarblue-collarblue-collarblue-collarblue-collarblue-collarblue-collarblue-collarblue-collarblue-collarblue-collarblue-collarblue-collarblue-collarblue-collarblue-collarblue-collarblue-collarblue-collarblue-collarblue-collarblue-collarblue-collarblue-collarblue-collarblue-collarblue-collarblue-collarblue-collarblue-collarblue-collarblue-collarblue-collarblue-collarblue-collarblue-collarblue-collarblue-collarblue-collarblue-collarblue-collarblue-collarblue-collarblue-collarblue-collarblue-collarblue-collarblue-collarblue-collarblue-collarblue-collarblue-collarblue-collarblue-collarblue-collarblue-collarblue-collarblue-collarblue-collarblue-collarblue-collarblue-collarblue-collarblue-collarblue-collarblue-collarblue-collarblue-collarblue-collarblue-collarblue-collarblue-collarblue-collarblue-collarblue-collarblue-collarblue-collarblue-collarblue-collarblue-collarblue-collarblue-collarblue-collarblue-collarblue-collarblue-collarblue-collarblue-collarblue-collarblue-collarblue-collarblue-collarblue-collarblue-collarblue-collarblue-collarblue-collarblue-collarblue-collarblue-collarblue-collarblue-collarblue-collarblue-collarblue-collarblue-collarblue-collarblue-collarblue-collarblue-collarblue-collarblue-collarblue-collarblue-collarblue-collarblue-collarblue-collarblue-collarblue-collarblue-collarblue-collarblue-collarblue-collarblue-collarblue-collarblue-collarblue-collarblue-collarblue-collarblue-collarblue-collarblue-collarblue-collarblue-collarblue-collarblue-collarblue-collarblue-collarblue-collarblue-collarblue-collarblue-collarblue-collarblue-collarblue-collarblue-collarblue-collarblue-collarblue-collarblue-collarblue-collarblue-collarblue-collarblue-collarblue-collarblue-collarblue-collarblue-collarblue-collarblue-collarblue-collarblue-collarblue-collarblue-collarblue-collarblue-collarblue-collarblue-collarblue-collarblue-collarblue-collarblue-collarblue-collarblue-collarblue-collarblue-collarblue-collarblue-collarblue-collarblue-collarblue-collarblue-collarblue-collarblue-collarblue-collarblue-collarblue-collarblue-collarblue-collarblue-collarblue-collarblue-collarblue-collarblue-collarblue-collarblue-collarblue-collarblue-collarblue-collarblue-collarblue-collarblue-collarblue-collarblue-collarblue-collarblue-collarblue-collarblue-collarblue-collarblue-collarblue-collarblue-collarblue-collarblue-collarblue-collarblue-collarblue-collarblue-collarblue-collarblue-collarblue-collarblue-collarblue-collarblue-collarblue-collarblue-collarblue-collarblue-collarblue-collarblue-collarblue-collarblue-collarblue-collarblue-collarblue-collarblue-collarblue-collarblue-collarblue-collarblue-collarblue-collarblue-collarblue-collarblue-collarblue-collarblue-collarblue-collarblue-collarblue-collarblue-collarblue-collarblue-collarblue-collarblue-collarblue-collarblue-collarblue-collarblue-collarblue-collarblue-collarblue-collarblue-collarblue-collarblue-collarblue-collarblue-collarblue-collarblue-collarblue-collarblue-collarblue-collarblue-collarblue-collarblue-collarblue-collarblue-collarblue-collarblue-collarblue-collarblue-collarblue-collarblue-collarblue-collarblue-collarblue-collarblue-collarblue-collarblue-collarblue-collarblue-collarblue-collarblue-collarblue-collarblue-collarblue-collarblue-collarblue-collarblue-collarblue-collarblue-collarblue-collarblue-collarblue-collarblue-collarblue-collarblue-collarblue-collarblue-collarblue-collarblue-collarblue-collarblue-collarblue-collarblue-collarblue-collarblue-collarblue-collarblue-collarblue-collarblue-collarblue-collarblue-collarblue-collarblue-collarblue-collarblue-collarblue-collarblue-collarblue-collarblue-collarblue-collarblue-collarblue-collarblue-collarblue-collarblue-collarblue-collarblue-collarblue-collarblue-collarblue-collarblue-collarblue-collarblue-collarblue-collarblue-collarblue-collarblue-collarblue-collarblue-collarblue-collarblue-collarblue-collarblue-collarblue-collarblue-collarblue-collarblue-collarblue-collarblue-collarblue-collarblue-collarblue-collarblue-collarblue-collarblue-collarblue-collarblue-collarblue-collarblue-collarblue-collarblue-collarblue-collarblue-collarblue-collarblue-collarblue-collarblue-collarblue-collarblue-collarblue-collarblue-collarblue-collarblue-collarblue-collarblue-collarblue-collarblue-collarblue-collarblue-collarblue-collarblue-collarblue-collarblue-collarblue-collarblue-collarblue-collarblue-collarblue-collarblue-collarblue-collarblue-collarblue-collarblue-collarblue-collarblue-collarblue-collarblue-collarblue-collarblue-collarblue-collarblue-collarblue-collarblue-collarblue-collarblue-collarblue-collarblue-collarblue-collarblue-collarblue-collarblue-collarblue-collarblue-collarblue-collarblue-collarblue-collarblue-collarblue-collarblue-collarblue-collarblue-collarblue-collarblue-collarblue-collarblue-collarblue-collarblue-collarblue-collarblue-collarblue-collarblue-collarblue-collarblue-collarblue-collarblue-collarblue-collarblue-collarblue-collarblue-collarblue-collarblue-collarblue-collarblue-collarblue-collarblue-collarblue-collarblue-collarblue-collarblue-collarblue-collarblue-collarblue-collarblue-collarblue-collarblue-collarblue-collarblue-collarblue-collarblue-collarblue-collarblue-collarblue-collarblue-collarblue-collarblue-collarblue-collarblue-collarblue-collarblue-collarblue-collarblue-collarblue-collarblue-collarblue-collarblue-collarblue-collarblue-collarblue-collarblue-collarblue-collarblue-collarblue-collarblue-collarblue-collarblue-collarblue-collarblue-collarblue-collarblue-collarblue-collarblue-collarblue-collarblue-collarblue-collarblue-collarblue-collarblue-collarblue-collarblue-collarblue-collarblue-collarblue-collarblue-collarblue-collarblue-collarblue-collarblue-collarblue-collarblue-collarblue-collarblue-collarblue-collarblue-collarblue-collarblue-collarblue-collarblue-collarblue-collarblue-collarblue-collarblue-collarblue-collarblue-collarblue-collarblue-collarblue-collarblue-collarblue-collarblue-collarblue-collarblue-collarblue-collarblue-collarblue-collarblue-collarblue-collarblue-collarblue-collarblue-collarblue-collarblue-collarblue-collarblue-collarblue-collarblue-collarblue-collarblue-collarblue-collarblue-collarblue-collarblue-collarblue-collarblue-collarblue-collarblue-collarblue-collarblue-collarblue-collarblue-collarblue-collarblue-collarblue-collarblue-collarblue-collarblue-collarblue-collarblue-collarblue-collarblue-collarblue-collarblue-collarblue-collarblue-collarblue-collarblue-collarblue-collarblue-collarblue-collarblue-collarblue-collarblue-collarblue-collarblue-collarblue-collarblue-collarblue-collarblue-collarblue-collarblue-collarblue-collarblue-collarblue-collarblue-collarblue-collarblue-collarblue-collarblue-collarblue-collarblue-collarblue-collarblue-collarblue-collarblue-collarblue-collarblue-collarblue-collarblue-collarblue-collarblue-collarblue-collarblue-collarblue-collarblue-collarblue-collarblue-collarblue-collarblue-collarblue-collarblue-collarblue-collarblue-collarblue-collarblue-collarblue-collarblue-collarblue-collarblue-collarblue-collarblue-collarblue-collarblue-collarblue-collarblue-collarblue-collarblue-collarblue-collarblue-collarblue-collarblue-collarblue-collarblue-collarblue-collarblue-collarblue-collarblue-collarblue-collarblue-collarblue-collarblue-collarblue-collarblue-collarblue-collarblue-collarblue-collarblue-collarblue-collarblue-collarblue-collarblue-collarblue-collarblue-collarblue-collarblue-collarblue-collarblue-collarblue-collarblue-collarblue-collarblue-collarblue-collarblue-collarblue-collarblue-collarblue-collarblue-collarblue-collarblue-collarblue-collarblue-collarblue-collarblue-collarblue-collarblue-collarblue-collarblue-collarblue-collarblue-collarblue-collarblue-collarblue-collarblue-collarblue-collarblue-collarblue-collarblue-collarblue-collarblue-collarblue-collarblue-collarblue-collarblue-collarblue-collarblue-collarblue-collarblue-collarblue-collarblue-collarblue-collarblue-collarblue-collarblue-collarblue-collarblue-collarblue-collarblue-collarblue-collarblue-collarblue-collarblue-collarblue-collarblue-collarblue-collarblue-collarblue-collarblue-collarblue-collarblue-collarblue-collarblue-collarblue-collarblue-collarblue-collarblue-collarblue-collarblue-collarblue-collarblue-collarblue-collarblue-collarblue-collarblue-collarblue-collarblue-collarblue-collarblue-collarblue-collarblue-collarblue-collarblue-collarblue-collarblue-collarblue-collarblue-collarblue-collarblue-collarblue-collarblue-collarblue-collarblue-collarblue-collarblue-collarblue-collarblue-collarblue-collarblue-collarblue-collarblue-collarblue-collarblue-collarblue-collarblue-collarblue-collarblue-collarblue-collarblue-collarblue-collarblue-collarblue-collarblue-collarblue-collarblue-collarblue-collarblue-collarblue-collarblue-collarblue-collarblue-collarblue-collarblue-collarblue-collarblue-collarblue-collarblue-collarblue-collarblue-collarblue-collarblue-collarblue-collarblue-collarblue-collarblue-collarblue-collarblue-collarblue-collarblue-collarblue-collarblue-collarblue-collarblue-collarblue-collarblue-collarblue-collarblue-collarblue-collarblue-collarblue-collarblue-collarblue-collarblue-collarblue-collarblue-collarblue-collarblue-collarblue-collarblue-collarblue-collarblue-collarblue-collarblue-collarblue-collarblue-collarblue-collarblue-collarblue-collarblue-collarblue-collarblue-collarblue-collarblue-collarblue-collarblue-collarblue-collarblue-collarblue-collarblue-collarblue-collarblue-collarblue-collarblue-collarblue-collarblue-collarblue-collarblue-collarblue-collarblue-collarblue-collarblue-collarblue-collarblue-collarblue-collarblue-collarblue-collarblue-collarblue-collarblue-collarblue-collarblue-collarblue-collarblue-collarblue-collarblue-collarblue-collarblue-collarblue-collarblue-collarblue-collarblue-collarblue-collarblue-collarblue-collarblue-collarblue-collarblue-collarblue-collarblue-collarblue-collarblue-collarblue-collarblue-collarblue-collarblue-collarblue-collarblue-collarblue-collarblue-collarblue-collarblue-collarblue-collarblue-collarblue-collarblue-collarblue-collarblue-collarblue-collarblue-collarblue-collarblue-collarblue-collarblue-collarblue-collarblue-collarblue-collarblue-collarblue-collarblue-collarblue-collarblue-collarblue-collarblue-collarblue-collarblue-collarblue-collarblue-collarblue-collarblue-collarblue-collarblue-collarblue-collarblue-collarblue-collarblue-collarblue-collarblue-collarblue-collarblue-collarblue-collarblue-collarblue-collarblue-collarblue-collarblue-collarblue-collarblue-collarblue-collarblue-collarblue-collarblue-collarblue-collarblue-collarblue-collarblue-collarblue-collarblue-collarblue-collarblue-collarblue-collarblue-collarblue-collarblue-collarblue-collarblue-collarblue-collarblue-collarblue-collarblue-collarblue-collarblue-collarblue-collarblue-collarblue-collarblue-collarblue-collarblue-collarblue-collarblue-collarblue-collarblue-collarblue-collarblue-collarblue-collarblue-collarblue-collarblue-collarblue-collarblue-collarblue-collarblue-collarblue-collarblue-collarblue-collarblue-collarblue-collarblue-collarblue-collarblue-collarblue-collarblue-collarblue-collarblue-collarblue-collarblue-collarblue-collarblue-collarblue-collarblue-collarblue-collarblue-collarblue-collarblue-collarblue-collarblue-collarblue-collarblue-collarblue-collarblue-collarblue-collarblue-collarblue-collarblue-collarblue-collarblue-collarblue-collarblue-collarblue-collarblue-collarblue-collarblue-collarblue-collarblue-collarblue-collarblue-collarblue-collarblue-collarblue-collarblue-collarblue-collarblue-collarblue-collarblue-collarblue-collarblue-collarblue-collarblue-collarblue-collarblue-collarblue-collarblue-collarblue-collarblue-collarblue-collarblue-collarblue-collarblue-collarblue-collarblue-collarblue-collarblue-collarblue-collarblue-collarblue-collarblue-collarblue-collarblue-collarblue-collarblue-collarblue-collarblue-collarblue-collarblue-collarblue-collarblue-collarblue-collarblue-collarblue-collarblue-collarblue-collarblue-collarblue-collarblue-collarblue-collarblue-collarblue-collarblue-collarblue-collarblue-collarblue-collarblue-collarblue-collarblue-collarblue-collarblue-collarblue-collarblue-collarblue-collarblue-collarblue-collarblue-collarblue-collarblue-collarblue-collarblue-collarblue-collarblue-collarblue-collarblue-collarblue-collarblue-collarblue-collarblue-collarblue-collarblue-collarblue-collarblue-collarblue-collarblue-collarblue-collarblue-collarblue-collarblue-collarblue-collarblue-collarblue-collarblue-collarblue-collarblue-collarblue-collarblue-collarblue-collarblue-collarblue-collarblue-collarblue-collarblue-collarblue-collarblue-collarblue-collarblue-collarblue-collarblue-collarblue-collarblue-collarblue-collarblue-collarblue-collarblue-collarblue-collarblue-collarblue-collarblue-collarblue-collarblue-collarblue-collarblue-collarblue-collarblue-collarblue-collarblue-collarblue-collarblue-collarblue-collarblue-collarblue-collarblue-collarblue-collarblue-collarblue-collarblue-collarblue-collarblue-collarblue-collarblue-collarblue-collarblue-collarblue-collarblue-collarblue-collarblue-collarblue-collarblue-collarblue-collarblue-collarblue-collarblue-collarblue-collarblue-collarblue-collarblue-collarblue-collarblue-collarblue-collarblue-collarblue-collarblue-collarblue-collarblue-collarblue-collarblue-collarblue-collarblue-collarblue-collarblue-collarblue-collarblue-collarblue-collarblue-collarblue-collarblue-collarblue-collarblue-collarblue-collarblue-collarblue-collarblue-collarblue-collarblue-collarblue-collarblue-collarblue-collarblue-collarblue-collarblue-collarblue-collarblue-collarblue-collarblue-collarblue-collarblue-collarblue-collarblue-collarblue-collarblue-collarblue-collarblue-collarblue-collarblue-collarblue-collarblue-collarblue-collarblue-collarblue-collarblue-collarblue-collarblue-collarblue-collarblue-collarblue-collarblue-collarblue-collarblue-collarblue-collarblue-collarblue-collarblue-collarblue-collarblue-collarblue-collarblue-collarblue-collarblue-collarblue-collarblue-collarblue-collarblue-collarblue-collarblue-collarblue-collarblue-collarblue-collarblue-collarblue-collarblue-collarblue-collarblue-collarblue-collarblue-collarblue-collarblue-collarblue-collarblue-collarblue-collarblue-collarblue-collarblue-collarblue-collarblue-collarblue-collarblue-collarblue-collarblue-collarblue-collarblue-collarblue-collarblue-collarblue-collarblue-collarblue-collarblue-collarblue-collarblue-collarblue-collarblue-collarblue-collarblue-collarblue-collarblue-collarblue-collarblue-collarblue-collarblue-collarblue-collarblue-collarblue-collarblue-collarblue-collarblue-collarblue-collarblue-collarblue-collarblue-collarblue-collarblue-collarblue-collarblue-collarblue-collarblue-collarblue-collarblue-collarblue-collarblue-collarblue-collarblue-collarblue-collarblue-collarblue-collarblue-collarblue-collarblue-collarblue-collarblue-collarblue-collarblue-collarblue-collarblue-collarblue-collarblue-collarblue-collarblue-collarblue-collarblue-collarblue-collarblue-collarblue-collarblue-collarblue-collarblue-collarblue-collarblue-collarblue-collarblue-collarblue-collarblue-collarblue-collarblue-collarblue-collarblue-collarblue-collarblue-collarblue-collarblue-collarblue-collarblue-collarblue-collarblue-collarblue-collarblue-collarblue-collarblue-collarblue-collarblue-collarblue-collarblue-collarblue-collarblue-collarblue-collarblue-collarblue-collarblue-collarblue-collarblue-collarblue-collarblue-collarblue-collarblue-collarblue-collarblue-collarblue-collarblue-collarblue-collarblue-collarblue-collarblue-collarblue-collarblue-collarblue-collarblue-collarblue-collarblue-collarblue-collarblue-collarblue-collarblue-collarblue-collarblue-collarblue-collarblue-collarblue-collarblue-collarblue-collarblue-collarblue-collarblue-collarblue-collarblue-collarblue-collarblue-collarblue-collarblue-collarblue-collarblue-collarblue-collarblue-collarblue-collarblue-collarblue-collarblue-collarblue-collarblue-collarblue-collarblue-collarblue-collarblue-collarblue-collarblue-collarblue-collarblue-collarblue-collarblue-collarblue-collarblue-collarblue-collarblue-collarblue-collarblue-collarblue-collarblue-collarblue-collarblue-collarblue-collarblue-collarblue-collarblue-collarblue-collarblue-collarblue-collarblue-collarblue-collarblue-collarblue-collarblue-collarblue-collarblue-collarblue-collarblue-collarblue-collarblue-collarblue-collarblue-collarblue-collarblue-collarblue-collarblue-collarblue-collarblue-collarblue-collarblue-collarblue-collarblue-collarblue-collarblue-collarblue-collarblue-collarblue-collarblue-collarblue-collarblue-collarblue-collarblue-collarblue-collarblue-collarblue-collarblue-collarblue-collarblue-collarblue-collarblue-collarblue-collarblue-collarblue-collarblue-collarblue-collarblue-collarblue-collarblue-collarblue-collarblue-collarblue-collarblue-collarblue-collarblue-collarblue-collarblue-collarblue-collarblue-collarblue-collarblue-collarblue-collarblue-collarblue-collarblue-collarblue-collarblue-collarblue-collarblue-collarblue-collarblue-collarblue-collarblue-collarblue-collarblue-collarblue-collarblue-collarblue-collarblue-collarblue-collarblue-collarblue-collarblue-collarblue-collarblue-collarblue-collarblue-collarblue-collarblue-collarblue-collarblue-collarblue-collarblue-collarblue-collarblue-collarblue-collarblue-collarblue-collarblue-collarblue-collarblue-collarblue-collarblue-collarblue-collarblue-collarblue-collarblue-collarblue-collarblue-collarblue-collarblue-collarblue-collarblue-collarblue-collarblue-collarblue-collarblue-collarblue-collarblue-collarblue-collarblue-collarblue-collarblue-collarblue-collarblue-collarblue-collarblue-collarblue-collarblue-collarblue-collarblue-collarblue-collarblue-collarblue-collarblue-collarblue-collarblue-collarblue-collarblue-collarblue-collarblue-collarblue-collarblue-collarblue-collarblue-collarblue-collarblue-collarblue-collarblue-collarblue-collarblue-collarblue-collarblue-collarblue-collarblue-collarblue-collarblue-collarblue-collarblue-collarblue-collarblue-collarblue-collarblue-collarblue-collarblue-collarblue-collarblue-collarblue-collarblue-collarblue-collarblue-collarblue-collarblue-collarblue-collarblue-collarblue-collarblue-collarblue-collarblue-collarblue-collarblue-collarblue-collarblue-collarblue-collarblue-collarblue-collarblue-collarblue-collarblue-collarblue-collarblue-collarblue-collarblue-collarblue-collarblue-collarblue-collarblue-collarblue-collarblue-collarblue-collarblue-collarblue-collarblue-collarblue-collarblue-collarblue-collarblue-collarblue-collarblue-collarblue-collarblue-collarblue-collarblue-collarblue-collarblue-collarblue-collarblue-collarblue-collarblue-collarblue-collarblue-collarblue-collarblue-collarblue-collarblue-collarblue-collarblue-collarblue-collarblue-collarblue-collarblue-collarblue-collarblue-collarblue-collarblue-collarblue-collarblue-collarblue-collarblue-collarblue-collarblue-collarblue-collarblue-collarblue-collarblue-collarblue-collarblue-collarblue-collarblue-collarblue-collarblue-collarblue-collarblue-collarblue-collarblue-collarblue-collarblue-collarblue-collarblue-collarblue-collarblue-collarblue-collarblue-collarblue-collarblue-collarblue-collarblue-collarblue-collarblue-collarblue-collarblue-collarblue-collarblue-collarblue-collarblue-collarblue-collarblue-collarblue-collarblue-collarblue-collarblue-collarblue-collarblue-collarblue-collarblue-collarblue-collarblue-collarblue-collarblue-collarblue-collarblue-collarblue-collarblue-collarblue-collarblue-collarblue-collarblue-collarblue-collarblue-collarblue-collarblue-collarblue-collarblue-collarblue-collarblue-collarblue-collarblue-collarblue-collarblue-collarblue-collarblue-collarblue-collarblue-collarblue-collarblue-collarblue-collarblue-collarblue-collarblue-collarblue-collarblue-collarblue-collarblue-collarblue-collarblue-collarblue-collarblue-collarblue-collarblue-collarblue-collarblue-collarblue-collarblue-collarblue-collarblue-collarblue-collarblue-collarblue-collarblue-collarblue-collarblue-collarblue-collarblue-collarblue-collarblue-collarblue-collarblue-collarblue-collarblue-collarblue-collarblue-collarblue-collarblue-collarblue-collarblue-collarblue-collarblue-collarblue-collarblue-collarblue-collarblue-collarblue-collarblue-collarblue-collarblue-collarblue-collarblue-collarblue-collarblue-collarblue-collarblue-collarblue-collarblue-collarblue-collarblue-collarblue-collarblue-collarblue-collarblue-collarblue-collarblue-collarblue-collarblue-collarblue-collarblue-collarblue-collarblue-collarblue-collarblue-collarblue-collarblue-collarblue-collarblue-collarblue-collarblue-collarblue-collarblue-collarblue-collarblue-collarblue-collarblue-collarblue-collarblue-collarblue-collarblue-collarblue-collarblue-collarblue-collarblue-collarblue-collarblue-collarblue-collarblue-collarblue-collarblue-collarblue-collarblue-collarblue-collarblue-collarblue-collarblue-collarblue-collarblue-collarblue-collarblue-collarblue-collarblue-collarblue-collarblue-collarblue-collarblue-collarblue-collarblue-collarblue-collarblue-collarblue-collarblue-collarblue-collarblue-collarblue-collarblue-collarblue-collarblue-collarblue-collarblue-collarblue-collarblue-collarblue-collarblue-collarblue-collarblue-collarblue-collarblue-collarblue-collarblue-collarblue-collarblue-collarblue-collarblue-collarblue-collarblue-collarblue-collarblue-collarblue-collarblue-collarblue-collarblue-collarblue-collarblue-collarblue-collarblue-collarblue-collarblue-collarblue-collarblue-collarblue-collarblue-collarblue-collarblue-collarblue-collarblue-collarblue-collarblue-collarblue-collarblue-collarblue-collarblue-collarblue-collarblue-collarblue-collarblue-collarblue-collarblue-collarblue-collarblue-collarblue-collarblue-collarblue-collarblue-collarblue-collarblue-collarblue-collarblue-collarblue-collarblue-collarblue-collarblue-collarblue-collarblue-collarblue-collarblue-collarblue-collarblue-collarblue-collarblue-collarblue-collarblue-collarblue-collarblue-collarblue-collarblue-collarblue-collarblue-collarblue-collarblue-collarblue-collarblue-collarblue-collarblue-collarblue-collarblue-collarblue-collarblue-collarblue-collarblue-collarblue-collarblue-collarblue-collarblue-collarblue-collarblue-collarblue-collarblue-collarblue-collarblue-collarblue-collarblue-collarblue-collarblue-collarblue-collarblue-collarblue-collarblue-collarblue-collarblue-collarblue-collarblue-collarblue-collarblue-collarblue-collarblue-collarblue-collarblue-collarblue-collarblue-collarblue-collarblue-collarblue-collarblue-collarblue-collarblue-collarblue-collarblue-collarblue-collarblue-collarblue-collarblue-collarblue-collarblue-collarblue-collarblue-collarblue-collarblue-collarblue-collarblue-collarblue-collarblue-collarblue-collarblue-collarblue-collarblue-collarblue-collarblue-collarblue-collarblue-collarblue-collarblue-collarblue-collarblue-collarblue-collarblue-collarblue-collarblue-collarblue-collarblue-collarblue-collarblue-collarblue-collarblue-collarblue-collarblue-collarblue-collarblue-collarblue-collarblue-collarblue-collarblue-collarblue-collarblue-collarblue-collarblue-collarblue-collarblue-collarblue-collarblue-collarblue-collarblue-collarblue-collarblue-collarblue-collarblue-collarblue-collarblue-collarblue-collarblue-collarblue-collarblue-collarblue-collarblue-collarblue-collarblue-collarblue-collarblue-collarblue-collarblue-collarblue-collarblue-collarblue-collarblue-collarblue-collarblue-collarblue-collarblue-collarblue-collarblue-collarblue-collarblue-collarblue-collarblue-collarblue-collarblue-collarblue-collarblue-collarblue-collarblue-collarblue-collarblue-collarblue-collarblue-collarblue-collarblue-collarblue-collarblue-collarblue-collarblue-collarblue-collarblue-collarblue-collarblue-collarblue-collarblue-collarblue-collarblue-collarblue-collarblue-collarblue-collarblue-collarblue-collarblue-collarblue-collarblue-collarblue-collarblue-collarblue-collarblue-collarblue-collarblue-collarblue-collarblue-collarblue-collarblue-collarblue-collarblue-collarblue-collarblue-collarblue-collarblue-collarblue-collarblue-collarblue-collarblue-collarblue-collarblue-collarblue-collarblue-collarblue-collarblue-collarblue-collarblue-collarblue-collarblue-collarblue-collarblue-collarblue-collarblue-collarblue-collarblue-collarblue-collarblue-collarblue-collarblue-collarblue-collarblue-collarblue-collarblue-collarblue-collarblue-collarblue-collarblue-collarblue-collarblue-collarblue-collarblue-collarblue-collarblue-collarblue-collarblue-collarblue-collarblue-collarblue-collarblue-collarblue-collarblue-collarblue-collarblue-collarblue-collarblue-collarblue-collarblue-collarblue-collarblue-collarblue-collarblue-collarblue-collarblue-collarblue-collarblue-collarblue-collarblue-collarblue-collarblue-collarblue-collarblue-collarblue-collarblue-collarblue-collarblue-collarblue-collarblue-collarblue-collarblue-collarblue-collarblue-collarblue-collarblue-collarblue-collarblue-collarblue-collarblue-collarblue-collarblue-collarblue-collarblue-collarblue-collarblue-collarblue-collarblue-collarblue-collarblue-collarblue-collarblue-collarblue-collarblue-collarblue-collarblue-collarblue-collarblue-collarblue-collarblue-collarblue-collarblue-collarblue-collarblue-collarblue-collarblue-collarblue-collarblue-collarblue-collarblue-collarblue-collarblue-collarblue-collarblue-collarblue-collarblue-collarblue-collarblue-collarblue-collarblue-collarblue-collarblue-collarblue-collarblue-collarblue-collarblue-collarblue-collarblue-collarblue-collarblue-collarblue-collarblue-collarblue-collarblue-collarblue-collarblue-collarblue-collarblue-collarblue-collarblue-collarblue-collarblue-collarblue-collarblue-collarblue-collarblue-collarblue-collarblue-collarblue-collarblue-collarblue-collarblue-collarblue-collarblue-collarblue-collarblue-collarblue-collarblue-collarblue-collarblue-collarblue-collarblue-collarblue-collarblue-collarblue-collarblue-collarblue-collarblue-collarblue-collarblue-collarblue-collarblue-collarblue-collarblue-collarblue-collarblue-collarblue-collarblue-collarblue-collarblue-collarblue-collarblue-collarblue-collarblue-collarblue-collarblue-collarblue-collarblue-collarblue-collarblue-collarblue-collarblue-collarblue-collarblue-collarblue-collarblue-collarblue-collarblue-collarblue-collarblue-collarblue-collarblue-collarblue-collarblue-collarblue-collarblue-collarblue-collarblue-collarblue-collarblue-collarblue-collarblue-collarblue-collarblue-collarblue-collarblue-collarblue-collarblue-collarblue-collarblue-collarblue-collarblue-collarblue-collarblue-collarblue-collarblue-collarblue-collarblue-collarblue-collarblue-collarblue-collarblue-collarblue-collarblue-collarblue-collarblue-collarblue-collarblue-collarblue-collarblue-collarblue-collarblue-collarblue-collarblue-collarblue-collarblue-collarblue-collarblue-collarblue-collarblue-collarblue-collarblue-collarblue-collarblue-collarblue-collarblue-collarblue-collarblue-collarblue-collarblue-collarblue-collarblue-collarblue-collarblue-collarblue-collarblue-collarblue-collarblue-collarblue-collarblue-collarblue-collarblue-collarblue-collarblue-collarblue-collarblue-collarblue-collarblue-collarblue-collarblue-collarblue-collarblue-collarblue-collarblue-collarblue-collarblue-collarblue-collarblue-collarblue-collarblue-collarblue-collarblue-collarblue-collarblue-collarblue-collarblue-collarblue-collarblue-collarblue-collarblue-collarblue-collarblue-collarblue-collarblue-collarblue-collarblue-collarblue-collarblue-collarblue-collarblue-collarblue-collarblue-collarblue-collarblue-collarblue-collarblue-collarblue-collarblue-collarblue-collarblue-collarblue-collarblue-collarblue-collarblue-collarblue-collarblue-collarblue-collarblue-collarblue-collarblue-collarblue-collarblue-collarblue-collarblue-collarblue-collarblue-collarblue-collarblue-collarblue-collarblue-collarblue-collarblue-collarblue-collarblue-collarblue-collarblue-collarblue-collarblue-collarblue-collarblue-collarblue-collarblue-collarblue-collarblue-collarblue-collarblue-collarblue-collarblue-collarblue-collarblue-collarblue-collarblue-collarblue-collarblue-collarblue-collarblue-collarblue-collarblue-collarblue-collarblue-collarblue-collarblue-collarblue-collarblue-collarblue-collarblue-collarblue-collarblue-collarblue-collarblue-collarblue-collarblue-collarblue-collarblue-collarblue-collarblue-collarblue-collarblue-collarblue-collarblue-collarblue-collarblue-collarblue-collarblue-collarblue-collarblue-collarblue-collarblue-collarblue-collarblue-collarblue-collarblue-collarblue-collarblue-collarblue-collarblue-collarblue-collarblue-collarblue-collarblue-collarblue-collarblue-collarblue-collarblue-collarblue-collarblue-collarblue-collarblue-collarblue-collarblue-collarblue-collarblue-collarblue-collarblue-collarblue-collarblue-collarblue-collarblue-collarblue-collarblue-collarblue-collarblue-collarblue-collarblue-collarblue-collarblue-collarblue-collarblue-collarblue-collarblue-collarblue-collarblue-collarblue-collarblue-collarblue-collarblue-collarblue-collarblue-collarblue-collarblue-collarblue-collarblue-collarblue-collarblue-collarblue-collarblue-collarblue-collarblue-collarblue-collarblue-collarblue-collarblue-collarblue-collarblue-collarblue-collarblue-collarblue-collarblue-collarblue-collarblue-collarblue-collarblue-collarblue-collarblue-collarblue-collarblue-collarblue-collarblue-collarblue-collarblue-collarblue-collarblue-collarblue-collarblue-collarblue-collarblue-collarblue-collarblue-collarblue-collarblue-collarblue-collarblue-collarblue-collarblue-collarblue-collarblue-collarblue-collarblue-collarblue-collarblue-collarblue-collarblue-collarblue-collarblue-collarblue-collarblue-collarblue-collarblue-collarblue-collarblue-collarblue-collarblue-collarblue-collarblue-collarblue-collarblue-collarblue-collarblue-collarblue-collarblue-collarblue-collarblue-collarblue-collarblue-collarblue-collarblue-collarblue-collarblue-collarblue-collarblue-collarblue-collarblue-collarblue-collarblue-collarblue-collarblue-collarblue-collarblue-collarblue-collarblue-collarblue-collarblue-collarblue-collarblue-collarblue-collarblue-collarblue-collarblue-collarblue-collarblue-collarblue-collarblue-collarblue-collarblue-collarblue-collarblue-collarblue-collarblue-collarblue-collarblue-collarblue-collarblue-collarblue-collarblue-collarblue-collarblue-collarblue-collarblue-collarblue-collarblue-collarblue-collarblue-collarblue-collarblue-collarblue-collarblue-collarblue-collarblue-collarblue-collarblue-collarblue-collarblue-collarblue-collarblue-collarblue-collarblue-collarblue-collarblue-collarblue-collarblue-collarblue-collarblue-collarblue-collarblue-collarblue-collarblue-collarblue-collarblue-collarblue-collarblue-collarblue-collarblue-collarblue-collarblue-collarblue-collarblue-collarblue-collarblue-collarblue-collarblue-collarblue-collarblue-collarblue-collarblue-collarblue-collarblue-collarblue-collarblue-collarblue-collarblue-collarblue-collarblue-collarblue-collarblue-collarblue-collarblue-collarblue-collarblue-collarblue-collarblue-collarblue-collarblue-collarblue-collarblue-collarblue-collarblue-collarblue-collarblue-collarblue-collarblue-collarblue-collarblue-collarblue-collarblue-collarblue-collarblue-collarblue-collarblue-collarblue-collarblue-collarblue-collarblue-collarblue-collarblue-collarblue-collarblue-collarblue-collarblue-collarblue-collarblue-collarblue-collarblue-collarblue-collarblue-collarblue-collarblue-collarblue-collarblue-collarblue-collarblue-collarblue-collarblue-collarblue-collarblue-collarblue-collarblue-collarblue-collarblue-collarblue-collarblue-collarblue-collarblue-collarblue-collarblue-collarblue-collarblue-collarblue-collarblue-collarblue-collarblue-collarblue-collarblue-collarblue-collarblue-collarblue-collarblue-collarblue-collarblue-collarblue-collarblue-collarblue-collarblue-collarblue-collarblue-collarblue-collarblue-collarblue-collarblue-collarblue-collarblue-collarblue-collarblue-collarblue-collarblue-collarblue-collarblue-collarblue-collarblue-collarblue-collarblue-collarblue-collarblue-collarblue-collarblue-collarblue-collarblue-collarblue-collarblue-collarblue-collarblue-collarblue-collarblue-collarblue-collarblue-collarblue-collarblue-collarblue-collarblue-collarblue-collarblue-collarblue-collarblue-collarblue-collarblue-collarblue-collarblue-collarblue-collarblue-collarblue-collarblue-collarblue-collarblue-collarblue-collarblue-collarblue-collarblue-collarblue-collarblue-collarblue-collarblue-collarblue-collarblue-collarblue-collarblue-collarblue-collarblue-collarblue-collarblue-collarblue-collarblue-collarblue-collarblue-collarblue-collarblue-collarblue-collarblue-collarblue-collarblue-collarblue-collarblue-collarblue-collarblue-collarblue-collarblue-collarblue-collarblue-collarblue-collarblue-collarblue-collarblue-collarblue-collarblue-collarblue-collarblue-collarblue-collarblue-collarblue-collarblue-collarblue-collarblue-collarblue-collarblue-collarblue-collarblue-collarblue-collarblue-collarblue-collarblue-collarblue-collarblue-collarblue-collarblue-collarblue-collarblue-collarblue-collarblue-collarblue-collarblue-collarblue-collarblue-collarblue-collarblue-collarblue-collarblue-collarblue-collarblue-collarblue-collarblue-collarblue-collarblue-collarblue-collarblue-collarblue-collarblue-collarblue-collarblue-collarblue-collarblue-collarblue-collarblue-collarblue-collarblue-collarblue-collarblue-collarblue-collarblue-collarblue-collarblue-collarblue-collarblue-collarblue-collarblue-collarblue-collarblue-collarblue-collarblue-collarblue-collarblue-collarblue-collarblue-collarblue-collarblue-collarblue-collarblue-collarblue-collarblue-collarblue-collarblue-collarblue-collarblue-collarblue-collarblue-collarblue-collarblue-collarblue-collarblue-collarblue-collarblue-collarblue-collarblue-collarblue-collarblue-collarblue-collarblue-collarblue-collarblue-collarblue-collarblue-collarblue-collarblue-collarblue-collarblue-collarblue-collarblue-collarblue-collarblue-collarblue-collarblue-collarblue-collarblue-collarblue-collarblue-collarblue-collarblue-collarblue-collarblue-collarblue-collarblue-collarblue-collarblue-collarblue-collarblue-collarblue-collarblue-collarblue-collarblue-collarblue-collarblue-collarblue-collarblue-collarblue-collarblue-collarblue-collarblue-collarblue-collarblue-collarblue-collarblue-collarblue-collarblue-collarblue-collarblue-collarblue-collarblue-collarblue-collarblue-collarblue-collarblue-collarblue-collarblue-collarblue-collarblue-collarblue-collarblue-collarblue-collarblue-collarblue-collarblue-collarblue-collarblue-collarblue-collarblue-collarblue-collarblue-collarblue-collarblue-collarblue-collarblue-collarblue-collarblue-collarblue-collarblue-collarblue-collarblue-collarblue-collarblue-collarblue-collarblue-collarblue-collarblue-collarblue-collarblue-collarblue-collarblue-collarblue-collarblue-collarblue-collarblue-collarblue-collarblue-collarblue-collarblue-collarblue-collarblue-collarblue-collarblue-collarblue-collarblue-collarblue-collarblue-collarblue-collarblue-collarblue-collarblue-collarblue-collarblue-collarblue-collarblue-collarblue-collarblue-collarblue-collarblue-collarblue-collarblue-collarblue-collarblue-collarblue-collarblue-collarblue-collarblue-collarblue-collarblue-collarblue-collarblue-collarblue-collarblue-collarblue-collarblue-collarblue-collarblue-collarblue-collarblue-collarblue-collarblue-collarblue-collarblue-collarblue-collarblue-collarblue-collarblue-collarblue-collarblue-collarblue-collarblue-collarblue-collarblue-collarblue-collarblue-collarblue-collarblue-collarblue-collarblue-collarblue-collarblue-collarblue-collarblue-collarblue-collarblue-collarblue-collarblue-collarblue-collarblue-collarblue-collarblue-collarblue-collarblue-collarblue-collarblue-collarblue-collarblue-collarblue-collarblue-collarblue-collarblue-collarblue-collarblue-collarblue-collarblue-collarblue-collarblue-collarblue-collarblue-collarblue-collarblue-collarblue-collarblue-collarblue-collarblue-collarblue-collarblue-collarblue-collarblue-collarblue-collarblue-collarblue-collarblue-collarblue-collarblue-collarblue-collarblue-collarblue-collarblue-collarblue-collarblue-collarblue-collarblue-collarblue-collarblue-collarblue-collarblue-collarblue-collarblue-collarblue-collarblue-collarblue-collarblue-collarblue-collarblue-collarblue-collarblue-collarblue-collarblue-collarblue-collarblue-collarblue-collarblue-collarblue-collarblue-collarblue-collarblue-collarblue-collarblue-collarblue-collarblue-collarblue-collarblue-collarblue-collarblue-collarblue-collarblue-collarblue-collarblue-collarblue-collarblue-collarblue-collarblue-collarblue-collarblue-collarblue-collarblue-collarblue-collarblue-collarblue-collarblue-collarblue-collarblue-collarblue-collarblue-collarblue-collarblue-collarblue-collarblue-collarblue-collarblue-collarblue-collarblue-collarblue-collarblue-collarblue-collarblue-collarblue-collarblue-collarblue-collarblue-collarblue-collarblue-collarblue-collarblue-collarblue-collarblue-collarblue-collarblue-collarblue-collarblue-collarblue-collarblue-collarblue-collarblue-collarblue-collarblue-collarblue-collarblue-collarblue-collarblue-collarblue-collarblue-collarblue-collarblue-collarblue-collarblue-collarblue-collarblue-collarblue-collarblue-collarblue-collarblue-collarblue-collarblue-collarblue-collarblue-collarblue-collarblue-collarblue-collarblue-collarblue-collarblue-collarblue-collarblue-collarblue-collarblue-collarblue-collarblue-collarblue-collarblue-collarblue-collarblue-collarblue-collarblue-collarblue-collarblue-collarblue-collarblue-collarblue-collarblue-collarblue-collarblue-collarblue-collarblue-collarblue-collarblue-collarblue-collarblue-collarblue-collarblue-collarblue-collarblue-collarblue-collarblue-collarblue-collarblue-collarblue-collarblue-collarblue-collarblue-collarblue-collarblue-collarblue-collarblue-collarblue-collarblue-collarblue-collarblue-collarblue-collarblue-collarblue-collarblue-collarblue-collarblue-collarblue-collarblue-collarblue-collarblue-collarblue-collarblue-collarblue-collarblue-collarblue-collarblue-collarblue-collarblue-collarblue-collarblue-collarblue-collarblue-collarblue-collarblue-collarblue-collarblue-collarblue-collarblue-collarblue-collarblue-collarblue-collarblue-collarblue-collarblue-collarblue-collarblue-collarblue-collarblue-collarblue-collarblue-collarblue-collarblue-collarblue-collarblue-collarblue-collarblue-collarblue-collarblue-collarblue-collarblue-collarblue-collarblue-collarblue-collarblue-collarblue-collarblue-collarblue-collarblue-collarblue-collarblue-collarblue-collarblue-collarblue-collarblue-collarblue-collarblue-collarblue-collarblue-collarblue-collarblue-collarblue-collarblue-collarblue-collarblue-collarblue-collarblue-collarblue-collarblue-collarblue-collarblue-collarblue-collarblue-collarblue-collarblue-collarblue-collarblue-collarblue-collarblue-collarblue-collarblue-collarblue-collarblue-collarblue-collarblue-collarblue-collarblue-collarblue-collarblue-collarblue-collarblue-collarblue-collarblue-collarblue-collarblue-collarblue-collarblue-collarblue-collarblue-collarblue-collarblue-collarblue-collarblue-collarblue-collarblue-collarblue-collarblue-collarblue-collarblue-collarblue-collarblue-collarblue-collarblue-collarblue-collarblue-collarblue-collarblue-collarblue-collarblue-collarblue-collarblue-collarblue-collarblue-collarblue-collarblue-collarblue-collarblue-collarblue-collarblue-collarblue-collarblue-collarblue-collarblue-collarblue-collarblue-collarblue-collarblue-collarblue-collarblue-collarblue-collarblue-collarblue-collarblue-collarblue-collarblue-collarblue-collarblue-collarblue-collarblue-collarblue-collarblue-collarblue-collarblue-collarblue-collarblue-collarblue-collarblue-collarblue-collarblue-collarblue-collarblue-collarblue-collarblue-collarblue-collarblue-collarblue-collarblue-collarblue-collarblue-collarblue-collarblue-collarblue-collarblue-collarblue-collarblue-collarblue-collarblue-collarblue-collarblue-collarblue-collarblue-collarblue-collarblue-collarblue-collarblue-collarblue-collarblue-collarblue-collarblue-collarblue-collarblue-collarblue-collarblue-collarblue-collarblue-collarblue-collarblue-collarblue-collarblue-collarblue-collarblue-collarblue-collarblue-collarblue-collarblue-collarblue-collarblue-collarblue-collarblue-collarblue-collarblue-collarblue-collarblue-collarblue-collarblue-collarblue-collarblue-collarblue-collarblue-collarblue-collarblue-collarblue-collarblue-collarblue-collarblue-collarblue-collarblue-collarblue-collarblue-collarblue-collarblue-collarblue-collarblue-collarblue-collarblue-collarblue-collarblue-collarblue-collarblue-collarblue-collarblue-collarblue-collarblue-collarblue-collarblue-collarblue-collarblue-collarblue-collarblue-collarblue-collarblue-collarblue-collarblue-collarblue-collarblue-collarblue-collarblue-collarblue-collarblue-collarblue-collarblue-collarblue-collarblue-collarblue-collarblue-collarblue-collarblue-collarblue-collarblue-collarblue-collarblue-collarblue-collarblue-collarblue-collarblue-collarblue-collarblue-collarblue-collarblue-collarblue-collarblue-collarblue-collarblue-collarblue-collarblue-collarblue-collarblue-collarblue-collarblue-collarblue-collarblue-collarblue-collarblue-collarblue-collarblue-collarblue-collarblue-collarblue-collarblue-collarblue-collarblue-collarblue-collarblue-collarblue-collarblue-collarblue-collarblue-collarblue-collarblue-collarblue-collarblue-collarblue-collarblue-collarblue-collarblue-collarblue-collarblue-collarblue-collarblue-collarblue-collarblue-collarblue-collarblue-collarblue-collarblue-collarblue-collarblue-collarblue-collarblue-collarblue-collarblue-collarblue-collarblue-collarblue-collarblue-collarblue-collarblue-collarblue-collarblue-collarblue-collarblue-collarblue-collarblue-collarblue-collarblue-collarblue-collarblue-collarblue-collarblue-collarblue-collarblue-collarblue-collarblue-collarblue-collarblue-collarblue-collarblue-collarblue-collarblue-collarblue-collarblue-collarblue-collarblue-collarblue-collarblue-collarblue-collarblue-collarblue-collarblue-collarblue-collarblue-collarblue-collarblue-collarblue-collarblue-collarblue-collarblue-collarblue-collarblue-collarblue-collarblue-collarblue-collarblue-collarblue-collarblue-collarblue-collarblue-collarblue-collarblue-collarblue-collarblue-collarblue-collarblue-collarblue-collarblue-collarblue-collarblue-collarblue-collarblue-collarblue-collarblue-collarblue-collarblue-collarblue-collarblue-collarblue-collarblue-collarblue-collarblue-collarblue-collarblue-collarblue-collarblue-collarblue-collarblue-collarblue-collarblue-collarblue-collarblue-collarblue-collarblue-collarblue-collarblue-collarblue-collarblue-collarblue-collarblue-collarblue-collarblue-collarblue-collarblue-collarblue-collarblue-collarblue-collarblue-collarblue-collarblue-collarblue-collarblue-collarblue-collarblue-collarblue-collarblue-collarblue-collarblue-collarblue-collarblue-collarblue-collarblue-collarblue-collarblue-collarblue-collarblue-collarblue-collarblue-collarblue-collarblue-collarblue-collarblue-collarblue-collarblue-collarblue-collarblue-collarblue-collarblue-collarblue-collarblue-collarblue-collarblue-collarblue-collarblue-collarblue-collarblue-collarblue-collarblue-collarblue-collarblue-collarblue-collarblue-collarblue-collarblue-collarblue-collarblue-collarblue-collarblue-collarblue-collarblue-collarblue-collarblue-collarblue-collarblue-collarblue-collarblue-collarblue-collarblue-collarblue-collarblue-collarblue-collarblue-collarblue-collarblue-collarblue-collarblue-collarblue-collarblue-collarblue-collarblue-collarblue-collarblue-collarblue-collarblue-collarblue-collarblue-collarblue-collarblue-collarblue-collarblue-collarblue-collarblue-collarblue-collarblue-collarblue-collarblue-collarblue-collarblue-collarblue-collarblue-collarblue-collarblue-collarblue-collarblue-collarblue-collarblue-collarblue-collarblue-collarblue-collarblue-collarblue-collarblue-collarblue-collarblue-collarblue-collarblue-collarblue-collarblue-collarblue-collarblue-collarblue-collarblue-collarblue-collarblue-collarblue-collarblue-collarblue-collarblue-collarblue-collarblue-collarblue-collarblue-collarblue-collarblue-collarblue-collarblue-collarblue-collarblue-collarblue-collarblue-collarblue-collarblue-collarblue-collarblue-collarblue-collarblue-collarblue-collarblue-collarblue-collarblue-collarblue-collarblue-collarblue-collarblue-collarblue-collarblue-collarblue-collarblue-collarblue-collarblue-collarblue-collarblue-collarblue-collarblue-collarblue-collarblue-collarblue-collarblue-collarblue-collarblue-collarblue-collarblue-collarblue-collarblue-collarblue-collarblue-collarblue-collarblue-collarblue-collarblue-collarblue-collarblue-collarblue-collarblue-collarblue-collarblue-collarblue-collarblue-collarblue-collarblue-collarblue-collarblue-collarblue-collarblue-collarblue-collarblue-collarblue-collarblue-collarblue-collarblue-collarblue-collarblue-collarblue-collarblue-collarblue-collarblue-collarblue-collarblue-collarblue-collarblue-collarblue-collarblue-collarblue-collarblue-collarblue-collarblue-collarblue-collarblue-collarblue-collarblue-collarblue-collarblue-collarblue-collarblue-collarblue-collarblue-collarblue-collarblue-collarblue-collarblue-collarblue-collarblue-collarblue-collarblue-collarblue-collarblue-collarblue-collarblue-collarblue-collarblue-collarblue-collarblue-collarblue-collarblue-collarblue-collarblue-collarblue-collarblue-collarblue-collarblue-collarblue-collarblue-collarblue-collarblue-collarblue-collarblue-collarblue-collarblue-collarblue-collarblue-collarblue-collarblue-collarblue-collarblue-collarblue-collarblue-collarblue-collarblue-collarblue-collarblue-collarblue-collarblue-collarblue-collarblue-collarblue-collarblue-collarblue-collarblue-collarblue-collarblue-collarblue-collarblue-collarblue-collarblue-collarblue-collarblue-collarblue-collarblue-collarblue-collarblue-collarblue-collarblue-collarblue-collarblue-collarblue-collarblue-collarblue-collarblue-collarblue-collarblue-collarblue-collarblue-collarblue-collarblue-collarblue-collarblue-collarblue-collarblue-collarblue-collarblue-collarblue-collarblue-collarblue-collarblue-collarblue-collarblue-collarblue-collarblue-collarblue-collarblue-collarblue-collarblue-collarblue-collarblue-collarblue-collarblue-collarblue-collarblue-collarblue-collarblue-collarblue-collarblue-collarblue-collarblue-collarblue-collarblue-collarblue-collarblue-collarblue-collarblue-collarblue-collarblue-collarblue-collarblue-collarblue-collarblue-collarblue-collarblue-collarblue-collarblue-collarblue-collarblue-collarblue-collarblue-collarblue-collarblue-collarblue-collarblue-collarblue-collarblue-collarblue-collarblue-collarblue-collarblue-collarblue-collarblue-collarblue-collarblue-collarblue-collarblue-collarblue-collarblue-collarblue-collarblue-collarblue-collarblue-collarblue-collarblue-collarblue-collarblue-collarblue-collarblue-collarblue-collarblue-collarblue-collarblue-collarblue-collarblue-collarblue-collarblue-collarblue-collarblue-collarblue-collarblue-collarblue-collarblue-collarblue-collarblue-collarblue-collarblue-collarblue-collarblue-collarblue-collarblue-collarblue-collarblue-collarblue-collarblue-collarblue-collarblue-collarblue-collarblue-collarblue-collarblue-collarblue-collarblue-collarblue-collarblue-collarblue-collarblue-collarblue-collarblue-collarblue-collarblue-collarblue-collarblue-collarblue-collarblue-collarblue-collarblue-collarblue-collarblue-collarblue-collarblue-collarblue-collarblue-collarblue-collarblue-collarblue-collarblue-collarblue-collarblue-collarblue-collarblue-collarblue-collarblue-collarblue-collarblue-collarblue-collarblue-collarblue-collarblue-collarblue-collarblue-collarblue-collarblue-collarblue-collarblue-collarblue-collarblue-collarblue-collarblue-collarblue-collarblue-collarblue-collarblue-collarblue-collarblue-collarblue-collarblue-collarblue-collarblue-collarblue-collarblue-collarblue-collarblue-collarblue-collarblue-collarblue-collarblue-collarblue-collarblue-collarblue-collarblue-collarblue-collarblue-collarblue-collarblue-collarblue-collarblue-collarblue-collarblue-collarblue-collarblue-collarblue-collarblue-collarblue-collarblue-collarblue-collarblue-collarblue-collarblue-collarblue-collarblue-collarblue-collarblue-collarblue-collarblue-collarblue-collarblue-collarblue-collarblue-collarblue-collarblue-collarblue-collarblue-collarblue-collarblue-collarblue-collarblue-collarblue-collarblue-collarblue-collarblue-collarblue-collarblue-collarblue-collarblue-collarblue-collarblue-collarblue-collarblue-collarblue-collarblue-collarblue-collarblue-collarblue-collarblue-collarblue-collarblue-collarblue-collarblue-collarblue-collarblue-collarblue-collarblue-collarblue-collarblue-collarblue-collarblue-collarblue-collarblue-collarblue-collarblue-collarblue-collarblue-collarblue-collarblue-collarblue-collarblue-collarblue-collarblue-collarblue-collarblue-collarblue-collarblue-collarblue-collarblue-collarblue-collarblue-collarblue-collarblue-collarblue-collarblue-collarblue-collarblue-collarblue-collarblue-collarblue-collarblue-collarblue-collarblue-collarblue-collarblue-collarblue-collarblue-collarblue-collarblue-collarblue-collarblue-collarblue-collarblue-collarblue-collarblue-collarblue-collarblue-collarblue-collarblue-collarblue-collarblue-collarblue-collarblue-collarblue-collarblue-collarblue-collarblue-collarblue-collarblue-collarblue-collarblue-collarblue-collarblue-collarblue-collarblue-collarblue-collarblue-collarblue-collarblue-collarblue-collarblue-collarblue-collarblue-collarblue-collarblue-collarblue-collarblue-collarblue-collarblue-collarblue-collarblue-collarblue-collarblue-collarblue-collarblue-collarblue-collarblue-collarblue-collarblue-collarblue-collarblue-collarblue-collarblue-collarblue-collarblue-collarblue-collarblue-collarblue-collarblue-collarblue-collarblue-collarblue-collarblue-collarblue-collarblue-collarblue-collarblue-collarblue-collarblue-collarblue-collarblue-collarblue-collarblue-collarblue-collarblue-collarblue-collarblue-collarblue-collarblue-collarblue-collarblue-collarblue-collarblue-collarblue-collarblue-collarblue-collarblue-collarblue-collarblue-collarblue-collarblue-collarblue-collarblue-collarblue-collarblue-collarblue-collarblue-collarblue-collarblue-collarblue-collarblue-collarblue-collarblue-collarblue-collarblue-collarblue-collarblue-collarblue-collarblue-collarblue-collarblue-collarblue-collarblue-collarblue-collarblue-collarblue-collarblue-collarblue-collarblue-collarblue-collarblue-collarblue-collarblue-collarblue-collarblue-collarblue-collarblue-collarblue-collarblue-collarblue-collarblue-collarblue-collarblue-collarblue-collarblue-collarblue-collarblue-collarblue-collarblue-collarblue-collarblue-collarblue-collarblue-collarblue-collarblue-collarblue-collarblue-collarblue-collarblue-collarblue-collarblue-collarblue-collarblue-collarblue-collarblue-collarblue-collarblue-collarblue-collarblue-collarblue-collarblue-collarblue-collarblue-collarblue-collarblue-collarblue-collarblue-collarblue-collarblue-collarblue-collarblue-collarblue-collarblue-collarblue-collarblue-collarblue-collarblue-collarblue-collarblue-collarblue-collarblue-collarblue-collarblue-collarblue-collarblue-collarblue-collarblue-collarblue-collarblue-collarblue-collarblue-collarblue-collarblue-collarblue-collarblue-collarblue-collarblue-collarblue-collarblue-collarblue-collarblue-collarblue-collarblue-collarblue-collarblue-collarblue-collarblue-collarblue-collarblue-collarblue-collarblue-collarblue-collarblue-collarblue-collarblue-collarblue-collarblue-collarblue-collarblue-collarblue-collarblue-collarblue-collarblue-collarblue-collarblue-collarblue-collarblue-collarblue-collarblue-collarblue-collarblue-collarblue-collarblue-collarblue-collarblue-collarblue-collarblue-collarblue-collarblue-collarblue-collarblue-collarblue-collarblue-collarblue-collarblue-collarblue-collarblue-collarblue-collarblue-collarblue-collarblue-collarblue-collarblue-collarblue-collarblue-collarblue-collarblue-collarblue-collarblue-collarblue-collarblue-collarblue-collarblue-collarblue-collarblue-collarblue-collarblue-collarblue-collarblue-collarblue-collarblue-collarblue-collarblue-collarblue-collarblue-collarblue-collarblue-collarblue-collarblue-collarblue-collarblue-collarblue-collarblue-collarblue-collarblue-collarblue-collarblue-collarblue-collarblue-collarblue-collarblue-collarblue-collarblue-collarblue-collarblue-collarblue-collarblue-collarblue-collarblue-collarblue-collarblue-collarblue-collarblue-collarblue-collarblue-collarblue-collarblue-collarblue-collarblue-collarblue-collarblue-collarblue-collarblue-collarblue-collarblue-collarblue-collarblue-collarblue-collarblue-collarblue-collarblue-collarblue-collarblue-collarblue-collarblue-collarblue-collarblue-collarblue-collarblue-collarblue-collarblue-collarblue-collarblue-collarblue-collarblue-collarblue-collarblue-collarblue-collarblue-collarblue-collarblue-collarblue-collarblue-collarblue-collarblue-collarblue-collarblue-collarblue-collarblue-collarblue-collarblue-collarblue-collarblue-collarblue-collarblue-collarblue-collarblue-collarblue-collarblue-collarblue-collarblue-collarblue-collarblue-collarblue-collarblue-collarblue-collarblue-collarblue-collarblue-collarblue-collarblue-collarblue-collarblue-collarblue-collarblue-collarblue-collarblue-collarblue-collarblue-collarblue-collarblue-collarblue-collarblue-collarblue-collarblue-collarblue-collarblue-collarblue-collarblue-collarblue-collarblue-collarblue-collarblue-collarblue-collarblue-collarblue-collarblue-collarblue-collarblue-collarblue-collarblue-collarblue-collarblue-collarblue-collarblue-collarblue-collarblue-collarblue-collarblue-collarblue-collarblue-collarblue-collarblue-collarblue-collarblue-collarblue-collarblue-collarblue-collarblue-collarblue-collarblue-collarblue-collarblue-collarblue-collarblue-collarblue-collarblue-collarblue-collarblue-collarblue-collarblue-collarblue-collarblue-collarblue-collarblue-collarblue-collarblue-collarblue-collarblue-collarblue-collarblue-collarblue-collarblue-collarblue-collarblue-collarblue-collarblue-collarblue-collarblue-collarblue-collarblue-collarblue-collarblue-collarblue-collarblue-collarblue-collarblue-collarblue-collarblue-collarblue-collarblue-collarblue-collarblue-collarblue-collarblue-collarblue-collarblue-collarblue-collarblue-collarblue-collarblue-collarblue-collarblue-collarblue-collarblue-collarblue-collarblue-collarblue-collarblue-collarblue-collarblue-collarblue-collarblue-collarblue-collarblue-collarblue-collarblue-collarblue-collarblue-collarblue-collarblue-collarblue-collarblue-collarblue-collarblue-collarblue-collarblue-collarblue-collarblue-collarblue-collarblue-collarblue-collarblue-collarblue-collarblue-collarblue-collarblue-collarblue-collarblue-collarblue-collarblue-collarblue-collarblue-collarblue-collarblue-collarblue-collarblue-collarblue-collarblue-collarblue-collarblue-collarblue-collarblue-collarblue-collarblue-collarblue-collarblue-collarblue-collarblue-collarblue-collarblue-collarblue-collarblue-collarblue-collarblue-collarblue-collarblue-collarblue-collarblue-collarblue-collarblue-collarblue-collarblue-collarblue-collarblue-collarblue-collarblue-collarblue-collarblue-collarblue-collarblue-collarblue-collarblue-collarblue-collarblue-collarblue-collarblue-collarblue-collarblue-collarblue-collarblue-collarblue-collarblue-collarblue-collarblue-collarblue-collarblue-collarblue-collarblue-collarblue-collarblue-collarblue-collarblue-collarblue-collarblue-collarblue-collarblue-collarblue-collarblue-collarblue-collarblue-collarblue-collarblue-collarblue-collarblue-collarblue-collarblue-collarblue-collarblue-collarblue-collarblue-collarblue-collarblue-collarblue-collarblue-collarblue-collarblue-collarblue-collarblue-collarblue-collarblue-collarblue-collarblue-collarblue-collarblue-collarblue-collarblue-collarblue-collarblue-collarblue-collarblue-collarblue-collarblue-collarblue-collarblue-collarblue-collarblue-collarblue-collarblue-collarblue-collarblue-collarblue-collarblue-collarblue-collarblue-collarblue-collarblue-collarblue-collarblue-collarblue-collarblue-collarblue-collarblue-collarblue-collarblue-collarblue-collarblue-collarblue-collarblue-collarblue-collarblue-collarblue-collarblue-collarblue-collarblue-collarblue-collarblue-collarblue-collarblue-collarblue-collarblue-collarblue-collarblue-collarblue-collarblue-collarblue-collarblue-collarblue-collarblue-collarblue-collarblue-collarblue-collarblue-collarblue-collarblue-collarblue-collarblue-collarblue-collarblue-collarblue-collarblue-collarblue-collarblue-collarblue-collarblue-collarblue-collarblue-collarblue-collarblue-collarblue-collarblue-collarblue-collarblue-collarblue-collarblue-collarblue-collarblue-collarblue-collarblue-collarblue-collarblue-collarblue-collarblue-collarblue-collarblue-collarblue-collarblue-collarblue-collarblue-collarblue-collarblue-collarblue-collarblue-collarblue-collarblue-collarblue-collarblue-collarblue-collarblue-collarblue-collarblue-collarblue-collarblue-collarblue-collarblue-collarblue-collarblue-collarblue-collarblue-collarblue-collarblue-collarblue-collarblue-collarblue-collarblue-collarblue-collarblue-collarblue-collarblue-collarblue-collarblue-collarblue-collarblue-collarblue-collarblue-collarblue-collarblue-collarblue-collarblue-collarblue-collarblue-collarblue-collarblue-collarblue-collarblue-collarblue-collarblue-collarblue-collarblue-collarblue-collarblue-collarblue-collarblue-collarblue-collarblue-collarblue-collarblue-collarblue-collarblue-collarblue-collarblue-collarblue-collarblue-collarblue-collarblue-collarblue-collarblue-collarblue-collarblue-collarblue-collarblue-collarblue-collarblue-collarblue-collarblue-collarblue-collarblue-collarblue-collarblue-collarblue-collarblue-collarblue-collarblue-collarblue-collarblue-collarblue-collarblue-collarblue-collarblue-collarblue-collarblue-collarblue-collarblue-collarblue-collarblue-collarblue-collarblue-collarblue-collarblue-collarblue-collarblue-collarblue-collarblue-collarblue-collarblue-collarblue-collarblue-collarblue-collarblue-collarblue-collarblue-collarblue-collarblue-collarblue-collarblue-collarblue-collarblue-collarblue-collarblue-collarblue-collarblue-collarblue-collarblue-collarblue-collarblue-collarblue-collarblue-collarblue-collarblue-collarblue-collarblue-collarblue-collarblue-collarblue-collarblue-collarblue-collarblue-collarblue-collarblue-collarblue-collarblue-collarblue-collarblue-collarblue-collarblue-collarblue-collarblue-collarblue-collarblue-collarblue-collarblue-collarblue-collarblue-collarblue-collarblue-collarblue-collarblue-collarblue-collarblue-collarblue-collarblue-collarblue-collarblue-collarblue-collarblue-collarblue-collarblue-collarblue-collarblue-collarblue-collarblue-collarblue-collarblue-collarblue-collarblue-collarblue-collarblue-collarblue-collarblue-collarblue-collarblue-collarblue-collarblue-collarblue-collarblue-collarblue-collarblue-collarblue-collarblue-collarblue-collarblue-collarblue-collarblue-collarblue-collarblue-collarblue-collarblue-collarblue-collarblue-collarblue-collarblue-collarblue-collarblue-collarblue-collarblue-collarblue-collarblue-collarblue-collarblue-collarblue-collarblue-collarblue-collarblue-collarblue-collarblue-collarblue-collarblue-collarblue-collarblue-collarblue-collarblue-collarblue-collarblue-collarblue-collarblue-collarblue-collarblue-collarblue-collarblue-collarblue-collarblue-collarblue-collarblue-collarblue-collarblue-collarblue-collarblue-collarblue-collarblue-collarblue-collarblue-collarblue-collarblue-collarblue-collarblue-collarblue-collarblue-collarblue-collarblue-collarblue-collarblue-collarblue-collarblue-collarblue-collarblue-collarblue-collarblue-collarblue-collarblue-collarblue-collarblue-collarblue-collarblue-collarblue-collarblue-collarblue-collarblue-collarblue-collarblue-collarblue-collarblue-collarblue-collarblue-collarblue-collarblue-collarblue-collarblue-collarblue-collarblue-collarblue-collarblue-collarblue-collarblue-collarblue-collarblue-collarblue-collarblue-collarblue-collarblue-collarblue-collarblue-collarblue-collarblue-collarblue-collarblue-collarblue-collarblue-collarblue-collarblue-collarblue-collarblue-collarblue-collarblue-collarblue-collarblue-collarblue-collarblue-collarblue-collarblue-collarblue-collarblue-collarblue-collarblue-collarblue-collarblue-collarblue-collarblue-collarblue-collarblue-collarblue-collarblue-collarblue-collarblue-collarblue-collarblue-collarblue-collarblue-collarblue-collarblue-collarblue-collarblue-collarblue-collarblue-collarblue-collarblue-collarblue-collarblue-collarblue-collarblue-collarblue-collarblue-collarblue-collarblue-collarblue-collarblue-collarblue-collarblue-collarblue-collarblue-collarblue-collarblue-collarblue-collarblue-collarblue-collarblue-collarblue-collarblue-collarblue-collarblue-collarblue-collarblue-collarblue-collarblue-collarblue-collarblue-collarblue-collarblue-collarblue-collarblue-collarblue-collarblue-collarblue-collarblue-collarblue-collarblue-collarblue-collarblue-collarblue-collarblue-collarblue-collarblue-collarblue-collarblue-collarblue-collarblue-collarblue-collarblue-collarblue-collarblue-collarblue-collarblue-collarblue-collarblue-collarblue-collarblue-collarblue-collarblue-collarblue-collarblue-collarblue-collarblue-collarblue-collarblue-collarblue-collarblue-collarblue-collarblue-collarblue-collarblue-collarblue-collarblue-collarblue-collarblue-collarblue-collarblue-collarblue-collarblue-collarblue-collarblue-collarblue-collarblue-collarblue-collarblue-collarblue-collarblue-collarblue-collarblue-collarblue-collarblue-collarblue-collarblue-collarblue-collarblue-collarblue-collarblue-collarblue-collarblue-collarblue-collarblue-collarblue-collarblue-collarblue-collarblue-collarblue-collarblue-collarblue-collarblue-collarblue-collarblue-collarblue-collarblue-collarblue-collarblue-collarblue-collarblue-collarblue-collarblue-collarblue-collarblue-collarblue-collarblue-collarblue-collarblue-collarblue-collarblue-collarblue-collarblue-collarblue-collarblue-collarblue-collarblue-collarblue-collarblue-collarblue-collarblue-collarblue-collarblue-collarblue-collarblue-collarblue-collarblue-collarblue-collarblue-collarblue-collarblue-collarblue-collarblue-collarblue-collarblue-collarblue-collarblue-collarblue-collarblue-collarblue-collarblue-collarblue-collarblue-collarblue-collarblue-collarblue-collarblue-collarblue-collarblue-collarblue-collarblue-collarblue-collarblue-collarblue-collarblue-collarblue-collarblue-collarblue-collarblue-collarblue-collarblue-collarblue-collarblue-collarblue-collarblue-collarblue-collarblue-collarblue-collarblue-collarblue-collarblue-collarblue-collarblue-collarblue-collarblue-collarblue-collarblue-collarblue-collarblue-collarblue-collarblue-collarblue-collarblue-collarblue-collarblue-collarblue-collarblue-collarblue-collarblue-collarblue-collarblue-collarblue-collarblue-collarblue-collarblue-collarblue-collarblue-collarblue-collarblue-collarblue-collarblue-collarblue-collarblue-collarblue-collarblue-collarblue-collarblue-collarblue-collarblue-collarblue-collarblue-collarblue-collarblue-collarblue-collarblue-collarblue-collarblue-collarblue-collarblue-collarblue-collarblue-collarblue-collarblue-collarblue-collarblue-collarblue-collarblue-collarblue-collarblue-collarblue-collarblue-collarblue-collarblue-collarblue-collarblue-collarblue-collarblue-collarblue-collarblue-collarblue-collarblue-collarblue-collarblue-collarblue-collarblue-collarblue-collarblue-collarblue-collarblue-collarblue-collarblue-collarblue-collarblue-collarblue-collarblue-collarblue-collarblue-collarblue-collarblue-collarblue-collarblue-collarblue-collarblue-collarblue-collarblue-collarblue-collarblue-collarblue-collarblue-collarblue-collarblue-collarblue-collarblue-collarblue-collarblue-collarblue-collarblue-collarblue-collarblue-collarblue-collarblue-collarblue-collarblue-collarblue-collarblue-collarblue-collarblue-collarblue-collarblue-collarblue-collarblue-collarblue-collarblue-collarblue-collarblue-collarblue-collarblue-collarblue-collarblue-collarblue-collarblue-collarblue-collarblue-collarblue-collarblue-collarblue-collarblue-collarblue-collarblue-collarblue-collarblue-collarblue-collarblue-collarblue-collarblue-collarblue-collarblue-collarblue-collarblue-collarblue-collarblue-collarblue-collarblue-collarblue-collarblue-collarblue-collarblue-collarblue-collarblue-collarblue-collarblue-collarblue-collarblue-collarblue-collarblue-collarblue-collarblue-collarblue-collarblue-collarblue-collarblue-collarblue-collarblue-collarblue-collarblue-collarblue-collarblue-collarblue-collarblue-collarblue-collarblue-collarblue-collarblue-collarblue-collarblue-collarblue-collarblue-collarblue-collarblue-collarblue-collarblue-collarblue-collarblue-collarblue-collarblue-collarblue-collarblue-collarblue-collarblue-collarblue-collarblue-collarblue-collarblue-collarblue-collarblue-collarblue-collarblue-collarblue-collarblue-collarblue-collarblue-collarblue-collarblue-collarblue-collarblue-collarblue-collarblue-collarblue-collarblue-collarblue-collarblue-collarblue-collarblue-collarblue-collarblue-collarblue-collarblue-collarblue-collarblue-collarblue-collarblue-collarblue-collarblue-collarblue-collarblue-collarblue-collarblue-collarblue-collarblue-collarblue-collarblue-collarblue-collarblue-collarblue-collarblue-collarblue-collarblue-collarblue-collarblue-collarblue-collarblue-collarblue-collarblue-collarblue-collarblue-collarblue-collarblue-collarblue-collarblue-collarblue-collarblue-collarblue-collarblue-collarblue-collarblue-collarblue-collarblue-collarblue-collarblue-collarblue-collarblue-collarblue-collarblue-collarblue-collarblue-collarblue-collarblue-collarblue-collarblue-collarblue-collarblue-collarblue-collarblue-collarblue-collarblue-collarblue-collarblue-collarblue-collarblue-collarblue-collarblue-collarblue-collarblue-collarblue-collarblue-collarblue-collarblue-collarblue-collarblue-collarblue-collarblue-collarblue-collarblue-collarblue-collarblue-collarblue-collarblue-collarblue-collarblue-collarblue-collarblue-collarblue-collarblue-collarblue-collarblue-collarblue-collarblue-collarblue-collarblue-collarblue-collarblue-collarblue-collarblue-collarblue-collarblue-collarblue-collarblue-collarblue-collarblue-collarblue-collarblue-collarblue-collarblue-collarblue-collarblue-collarblue-collarblue-collarblue-collarblue-collarblue-collarblue-collarblue-collarblue-collarblue-collarblue-collarblue-collarblue-collarblue-collarblue-collarblue-collarblue-collarblue-collarblue-collarblue-collarblue-collarblue-collarblue-collarblue-collarblue-collarblue-collarblue-collarblue-collarblue-collarblue-collarblue-collarblue-collarblue-collarblue-collarblue-collarblue-collarblue-collarblue-collarblue-collarblue-collarblue-collarblue-collarblue-collarblue-collarblue-collarblue-collarblue-collarblue-collarblue-collarblue-collarblue-collarblue-collarblue-collarblue-collarblue-collarblue-collarblue-collarblue-collarblue-collarblue-collarblue-collarblue-collarblue-collarblue-collarblue-collarblue-collarblue-collarblue-collarblue-collarblue-collarblue-collarblue-collarblue-collarblue-collarblue-collarblue-collarblue-collarblue-collarblue-collarblue-collarblue-collarblue-collarblue-collarblue-collarblue-collarblue-collarblue-collarblue-collarblue-collarblue-collarblue-collarblue-collarblue-collarblue-collarblue-collarblue-collarblue-collarblue-collarblue-collarblue-collarblue-collarblue-collarblue-collarblue-collarblue-collarblue-collarblue-collarblue-collarblue-collarblue-collarblue-collarblue-collarblue-collarblue-collarblue-collarblue-collarblue-collarblue-collarblue-collarblue-collarblue-collarblue-collarblue-collarblue-collarblue-collarblue-collarblue-collarblue-collarblue-collarblue-collarblue-collarblue-collarblue-collarblue-collarblue-collarblue-collarblue-collarblue-collarblue-collarblue-collarblue-collarblue-collarblue-collarblue-collarblue-collarblue-collarblue-collarblue-collarblue-collarblue-collarblue-collarblue-collarblue-collarblue-collarblue-collarblue-collarblue-collarblue-collarblue-collarblue-collarblue-collarblue-collarblue-collarblue-collarblue-collarblue-collarblue-collarblue-collarblue-collarblue-collarblue-collarblue-collarblue-collarblue-collarblue-collarblue-collarblue-collarblue-collarblue-collarblue-collarblue-collarblue-collarblue-collarblue-collarblue-collarblue-collarblue-collarblue-collarblue-collarblue-collarblue-collarblue-collarblue-collarblue-collarblue-collarblue-collarblue-collarblue-collarblue-collarblue-collarblue-collarblue-collarblue-collarblue-collarblue-collarblue-collarblue-collarblue-collarblue-collarblue-collarblue-collarblue-collarblue-collarblue-collarblue-collarblue-collarblue-collarblue-collarblue-collarblue-collarblue-collarblue-collarblue-collarblue-collarblue-collarblue-collarblue-collarblue-collarblue-collarblue-collarblue-collarblue-collarblue-collarblue-collarblue-collarblue-collarblue-collarblue-collarblue-collarblue-collarblue-collarblue-collarblue-collarblue-collarblue-collarblue-collarblue-collarblue-collarblue-collarblue-collarblue-collarblue-collarblue-collarblue-collarblue-collarblue-collarblue-collarblue-collarblue-collarblue-collarblue-collarblue-collarblue-collarblue-collarblue-collarblue-collarblue-collarblue-collarblue-collarblue-collarblue-collarblue-collarblue-collarblue-collarblue-collarblue-collarblue-collarblue-collarblue-collarblue-collarblue-collarblue-collarblue-collarblue-collarblue-collarblue-collarblue-collarblue-collarblue-collarblue-collarblue-collarblue-collarblue-collarblue-collarblue-collarblue-collarblue-collarblue-collarblue-collarblue-collarblue-collarblue-collarblue-collarblue-collarblue-collarblue-collarblue-collarblue-collarblue-collarblue-collarblue-collarblue-collarblue-collarblue-collarblue-collarblue-collarblue-collarblue-collarblue-collarblue-collarblue-collarblue-collarblue-collarblue-collarblue-collarblue-collarblue-collarblue-collarblue-collarblue-collarblue-collarblue-collarblue-collarblue-collarblue-collarblue-collarblue-collarblue-collarblue-collarblue-collarblue-collarblue-collarblue-collarblue-collarblue-collarblue-collarblue-collarblue-collarblue-collarblue-collarblue-collarblue-collarblue-collarblue-collarblue-collarblue-collarblue-collarblue-collarblue-collarblue-collarblue-collarblue-collarblue-collarblue-collarblue-collarblue-collarblue-collarblue-collarblue-collarblue-collarblue-collarblue-collarblue-collarblue-collarblue-collarblue-collarblue-collarblue-collarblue-collarblue-collarblue-collarblue-collarblue-collarblue-collarblue-collarblue-collarblue-collarblue-collarblue-collarblue-collarblue-collarblue-collarblue-collarblue-collarblue-collarblue-collarblue-collarblue-collarblue-collarblue-collarblue-collarblue-collarblue-collarblue-collarblue-collarblue-collarblue-collarblue-collarblue-collarblue-collarblue-collarblue-collarblue-collarblue-collarblue-collarblue-collarblue-collarblue-collarblue-collarblue-collarblue-collarblue-collarblue-collarblue-collarblue-collarblue-collarblue-collarblue-collarblue-collarblue-collarblue-collarblue-collarblue-collarblue-collarblue-collarblue-collarblue-collarblue-collarblue-collarblue-collarblue-collarblue-collarblue-collarblue-collarblue-collarblue-collarblue-collarblue-collarblue-collarblue-collarblue-collarblue-collarblue-collarblue-collarblue-collarblue-collarblue-collarblue-collarblue-collarblue-collarblue-collarblue-collarblue-collarblue-collarblue-collarblue-collarblue-collarblue-collarblue-collarblue-collarblue-collarblue-collarblue-collarblue-collarblue-collarblue-collarblue-collarblue-collarblue-collarblue-collarblue-collarblue-collarblue-collarblue-collarblue-collarblue-collarblue-collarblue-collarblue-collarblue-collarblue-collarblue-collarblue-collarblue-collarblue-collarblue-collarblue-collarblue-collarblue-collarblue-collarblue-collarblue-collarblue-collarblue-collarblue-collarblue-collarblue-collarblue-collarblue-collarblue-collarblue-collarblue-collarblue-collarblue-collarblue-collarblue-collarblue-collarblue-collarblue-collarblue-collarblue-collarblue-collarblue-collarblue-collarblue-collarblue-collarblue-collarblue-collarblue-collarblue-collarblue-collarblue-collarblue-collarblue-collarblue-collarblue-collarblue-collarblue-collarblue-collarblue-collarblue-collarblue-collarblue-collarblue-collarblue-collarblue-collarblue-collarblue-collarblue-collarblue-collarblue-collarblue-collarblue-collarblue-collarblue-collarblue-collarblue-collarblue-collarblue-collarblue-collarblue-collarblue-collarblue-collarblue-collarblue-collarblue-collarblue-collarblue-collarblue-collarblue-collarblue-collarblue-collarblue-collarblue-collarblue-collarblue-collarblue-collarblue-collarblue-collarblue-collarblue-collarblue-collarblue-collarblue-collarblue-collarblue-collarblue-collarblue-collarblue-collarblue-collarblue-collarblue-collarblue-collarblue-collarblue-collarblue-collarblue-collarblue-collarblue-collarblue-collarblue-collarblue-collarblue-collarblue-collarblue-collarblue-collarblue-collarblue-collarblue-collarblue-collarblue-collarblue-collarblue-collarblue-collarblue-collarblue-collarblue-collarblue-collarblue-collarblue-collarblue-collarblue-collarblue-collarblue-collarblue-collarblue-collarblue-collarblue-collarblue-collarblue-collarblue-collarblue-collarblue-collarblue-collarblue-collarblue-collarblue-collarblue-collarblue-collarblue-collarblue-collarblue-collarblue-collarblue-collarblue-collarblue-collarblue-collarblue-collarblue-collarblue-collarblue-collarblue-collarblue-collarblue-collarblue-collarblue-collarblue-collarblue-collarblue-collarblue-collarblue-collarblue-collarblue-collarblue-collarblue-collarblue-collarblue-collarblue-collarblue-collarblue-collarblue-collarblue-collarblue-collarblue-collarblue-collarblue-collarblue-collarblue-collarblue-collarblue-collarblue-collarblue-collarblue-collarblue-collarblue-collarblue-collarblue-collarblue-collarblue-collarblue-collarblue-collarblue-collarblue-collarblue-collarblue-collarblue-collarblue-collarblue-collarblue-collarblue-collarblue-collarblue-collarblue-collarblue-collarblue-collarblue-collarblue-collarblue-collarblue-collarblue-collarblue-collarblue-collarblue-collarblue-collarblue-collarblue-collarblue-collarblue-collarblue-collarblue-collarblue-collarblue-collarblue-collarblue-collarblue-collarblue-collarblue-collarblue-collarblue-collarblue-collarblue-collarblue-collarblue-collarblue-collarblue-collarblue-collarblue-collarblue-collarblue-collarblue-collarblue-collarblue-collarblue-collarblue-collarblue-collarblue-collarblue-collarblue-collarblue-collarblue-collarblue-collarblue-collarblue-collarblue-collarblue-collarblue-collarblue-collarblue-collarblue-collarblue-collarblue-collarblue-collarblue-collarblue-collarblue-collarblue-collarblue-collarblue-collarblue-collarblue-collarblue-collarblue-collarblue-collarblue-collarblue-collarblue-collarblue-collarblue-collarblue-collarblue-collarblue-collarblue-collarblue-collarblue-collarblue-collarblue-collarblue-collarblue-collarblue-collarblue-collarblue-collarblue-collarblue-collarblue-collarblue-collarblue-collarblue-collarblue-collarblue-collarblue-collarblue-collarblue-collarblue-collarblue-collarblue-collarblue-collarblue-collarblue-collarblue-collarblue-collarblue-collarblue-collarblue-collarblue-collarblue-collarblue-collarblue-collarblue-collarblue-collarblue-collarblue-collarblue-collarblue-collarblue-collarblue-collarblue-collarblue-collarblue-collarblue-collarblue-collarblue-collarblue-collarblue-collarblue-collarblue-collarblue-collarblue-collarblue-collarblue-collarblue-collarblue-collarblue-collarblue-collarblue-collarblue-collarblue-collarblue-collarblue-collarblue-collarblue-collarblue-collarblue-collarblue-collarblue-collarblue-collarblue-collarblue-collarblue-collarblue-collarblue-collarblue-collarblue-collarblue-collarblue-collarblue-collarblue-collarblue-collarblue-collarblue-collarblue-collarblue-collarblue-collarblue-collarblue-collarblue-collarblue-collarblue-collarblue-collarblue-collarblue-collarblue-collarblue-collarblue-collarblue-collarblue-collarblue-collarblue-collarblue-collarblue-collarblue-collarblue-collarblue-collarblue-collarblue-collarblue-collarblue-collarblue-collarblue-collarblue-collarblue-collarblue-collarblue-collarblue-collarblue-collarblue-collarblue-collarblue-collarblue-collarblue-collarblue-collarblue-collarblue-collarblue-collarblue-collarblue-collarblue-collarblue-collarblue-collarblue-collarblue-collarblue-collarblue-collarblue-collarblue-collarblue-collarblue-collarblue-collarblue-collarblue-collarblue-collarblue-collarblue-collarblue-collarblue-collarblue-collarblue-collarblue-collarblue-collarblue-collarblue-collarblue-collarblue-collarblue-collarblue-collarblue-collarblue-collarblue-collarblue-collarblue-collarblue-collarblue-collarblue-collarblue-collarblue-collarblue-collarblue-collarblue-collarblue-collarblue-collarblue-collarblue-collarblue-collarblue-collarblue-collarblue-collarblue-collarblue-collarblue-collarblue-collarblue-collarblue-collarblue-collarblue-collarblue-collarblue-collarblue-collarblue-collarblue-collarblue-collarblue-collarblue-collarblue-collarblue-collarblue-collarblue-collarblue-collarblue-collarblue-collarblue-collarblue-collarblue-collarblue-collarblue-collarblue-collarblue-collarblue-collarblue-collarblue-collarblue-collarblue-collarblue-collarblue-collarblue-collarblue-collarblue-collarblue-collarblue-collarblue-collarblue-collarblue-collarblue-collarblue-collarblue-collarblue-collarblue-collarblue-collarblue-collarblue-collarblue-collarblue-collarblue-collarblue-collarblue-collarblue-collarblue-collarblue-collarblue-collarblue-collarblue-collarblue-collarblue-collarblue-collarblue-collarblue-collarblue-collarblue-collarblue-collarblue-collarblue-collarblue-collarblue-collarblue-collarblue-collarblue-collarblue-collarblue-collarblue-collarblue-collarblue-collarblue-collarblue-collarblue-collarblue-collarblue-collarblue-collarblue-collarblue-collarblue-collarblue-collarblue-collarblue-collarblue-collarblue-collarblue-collarblue-collarblue-collarblue-collarblue-collarblue-collarblue-collarblue-collarblue-collarblue-collarblue-collarblue-collarblue-collarblue-collarblue-collarblue-collarblue-collarblue-collarblue-collarblue-collarblue-collarblue-collarblue-collarblue-collarblue-collarblue-collarblue-collarblue-collarblue-collarblue-collarblue-collarblue-collarblue-collarblue-collarblue-collarblue-collarblue-collarblue-collarblue-collarblue-collarblue-collarblue-collarblue-collarblue-collarblue-collarblue-collarblue-collarblue-collarblue-collarblue-collarblue-collarblue-collarblue-collarblue-collarblue-collarblue-collarblue-collarblue-collarblue-collarblue-collarblue-collarblue-collarblue-collarblue-collarblue-collarblue-collarblue-collarblue-collarblue-collarblue-collarblue-collarblue-collarblue-collarblue-collarblue-collarblue-collarblue-collarblue-collarblue-collarblue-collarblue-collarblue-collarblue-collarblue-collarblue-collarblue-collarblue-collarblue-collarblue-collarblue-collarblue-collarblue-collarblue-collarblue-collarblue-collarblue-collarblue-collarblue-collarblue-collarblue-collarblue-collarblue-collarblue-collarblue-collarblue-collarblue-collarblue-collarblue-collarblue-collarblue-collarblue-collarblue-collarblue-collarblue-collarblue-collarblue-collarblue-collarblue-collarblue-collarblue-collarblue-collarblue-collarblue-collarblue-collarblue-collarblue-collarblue-collarblue-collarblue-collarblue-collarblue-collarblue-collarblue-collarblue-collarblue-collarblue-collarblue-collarblue-collarblue-collarblue-collarblue-collarblue-collarblue-collarblue-collarblue-collarblue-collarblue-collarblue-collarblue-collarblue-collarblue-collarblue-collarblue-collarblue-collarblue-collarblue-collarblue-collarblue-collarblue-collarblue-collarblue-collarblue-collarblue-collarblue-collarblue-collarblue-collarblue-collarblue-collarblue-collarblue-collarblue-collarblue-collarblue-collarblue-collarblue-collarblue-collarblue-collarblue-collarblue-collarblue-collarblue-collarblue-collarblue-collarblue-collarblue-collarblue-collarblue-collarblue-collarblue-collarblue-collarblue-collarblue-collarblue-collarblue-collarblue-collarblue-collarblue-collarblue-collarblue-collarblue-collarblue-collarblue-collarblue-collarblue-collarblue-collarblue-collarblue-collarblue-collarblue-collarblue-collarblue-collarblue-collarblue-collarblue-collarblue-collarblue-collarblue-collarblue-collarblue-collarblue-collarblue-collarblue-collarblue-collarblue-collarblue-collarblue-collarblue-collarblue-collarblue-collarblue-collarblue-collarblue-collarblue-collarblue-collarblue-collarblue-collarblue-collarblue-collarblue-collarblue-collarblue-collarblue-collarblue-collarblue-collarblue-collarblue-collarblue-collarblue-collarblue-collarblue-collarblue-collarblue-collarblue-collarblue-collarblue-collarblue-collarblue-collarblue-collarblue-collarblue-collarblue-collarblue-collarblue-collarblue-collarblue-collarblue-collarblue-collarblue-collarblue-collarblue-collarblue-collarblue-collarblue-collarblue-collarblue-collarblue-collarblue-collarblue-collarblue-collarblue-collarblue-collarblue-collarblue-collarblue-collarblue-collarblue-collarblue-collarblue-collarblue-collarblue-collarblue-collarblue-collarblue-collarblue-collarblue-collarblue-collarblue-collarblue-collarblue-collarblue-collarblue-collarblue-collarblue-collarblue-collarblue-collarblue-collarblue-collarblue-collarblue-collarblue-collarblue-collarblue-collarblue-collarblue-collarblue-collarblue-collarblue-collarblue-collarblue-collarblue-collarblue-collarblue-collarblue-collarblue-collarblue-collarblue-collarblue-collarblue-collarblue-collarblue-collarblue-collarblue-collarblue-collarblue-collarblue-collarblue-collarblue-collarblue-collarblue-collarblue-collarblue-collarblue-collarblue-collarblue-collarblue-collarblue-collarblue-collarblue-collarblue-collarblue-collarblue-collarblue-collarblue-collarblue-collarblue-collarblue-collarblue-collarblue-collarblue-collarblue-collarblue-collarblue-collarblue-collarblue-collarblue-collarblue-collarblue-collarblue-collarblue-collarblue-collarblue-collarblue-collarblue-collarblue-collarblue-collarblue-collarblue-collarblue-collarblue-collarblue-collarblue-collarblue-collarblue-collarblue-collarblue-collarblue-collarblue-collarblue-collarblue-collarblue-collarblue-collarblue-collarblue-collarblue-collarblue-collarblue-collarblue-collarblue-collarblue-collarblue-collarblue-collarblue-collarblue-collarblue-collarblue-collarblue-collarblue-collarblue-collarblue-collarblue-collarblue-collarblue-collarblue-collarblue-collarblue-collarblue-collarblue-collarblue-collarblue-collarblue-collarblue-collarblue-collarblue-collarblue-collarblue-collarblue-collarblue-collarblue-collarblue-collarblue-collarblue-collarblue-collarblue-collarblue-collarblue-collarblue-collarblue-collarblue-collarblue-collarblue-collarblue-collarblue-collarblue-collarblue-collarblue-collarblue-collarblue-collarblue-collarblue-collarblue-collarblue-collarblue-collarblue-collarblue-collarblue-collarblue-collarblue-collarblue-collarblue-collarblue-collarblue-collarblue-collarblue-collarblue-collarblue-collarblue-collarblue-collarblue-collarblue-collarblue-collarblue-collarblue-collarblue-collarblue-collarblue-collarblue-collarblue-collarblue-collarblue-collarblue-collarblue-collarblue-collarblue-collarblue-collarblue-collarblue-collarblue-collarblue-collarblue-collarblue-collarblue-collarblue-collarblue-collarblue-collarblue-collarblue-collarblue-collarblue-collarblue-collarblue-collarblue-collarblue-collarblue-collarblue-collarblue-collarblue-collarblue-collarblue-collarblue-collarblue-collarblue-collarblue-collarblue-collarblue-collarblue-collarblue-collarblue-collarblue-collarblue-collarblue-collarblue-collarblue-collarblue-collarblue-collarblue-collarblue-collarblue-collarblue-collarblue-collarblue-collarblue-collarblue-collarblue-collarblue-collarblue-collarblue-collarblue-collarblue-collarblue-collarblue-collarblue-collarblue-collarblue-collarblue-collarblue-collarblue-collarblue-collarblue-collarblue-collarblue-collarblue-collarblue-collarblue-collarblue-collarblue-collarblue-collarblue-collarblue-collarblue-collarblue-collarblue-collarblue-collarblue-collarblue-collarblue-collarblue-collarblue-collarblue-collarblue-collarblue-collarblue-collarblue-collarblue-collarblue-collarblue-collarblue-collarblue-collarblue-collarblue-collarblue-collarblue-collarblue-collarblue-collarblue-collarblue-collarblue-collarblue-collarblue-collarblue-collarblue-collarblue-collarblue-collarblue-collarblue-collarblue-collarblue-collarblue-collarblue-collarblue-collarblue-collarblue-collarblue-collarblue-collarblue-collarblue-collarblue-collarblue-collarblue-collarblue-collarblue-collarblue-collarblue-collarblue-collarblue-collarblue-collarblue-collarblue-collarblue-collarblue-collarblue-collarblue-collarblue-collarblue-collarblue-collarblue-collarblue-collarblue-collarblue-collarblue-collarblue-collarblue-collarblue-collarblue-collarblue-collarblue-collarblue-collarblue-collarblue-collarblue-collarblue-collarblue-collarblue-collarblue-collarblue-collarblue-collarblue-collarblue-collarblue-collarblue-collarblue-collarblue-collarblue-collarblue-collarblue-collarblue-collarblue-collarblue-collarblue-collarblue-collarblue-collarblue-collarblue-collarblue-collarblue-collarblue-collarblue-collarblue-collarblue-collarblue-collarblue-collarblue-collarblue-collarblue-collarblue-collarblue-collarblue-collarblue-collarblue-collarblue-collarblue-collarblue-collarblue-collarblue-collarblue-collarblue-collarblue-collarblue-collarblue-collarblue-collarblue-collarblue-collarblue-collarblue-collarblue-collarblue-collarblue-collarblue-collarblue-collarblue-collarblue-collarblue-collarblue-collarblue-collarblue-collarblue-collarblue-collarblue-collarblue-collarblue-collarblue-collarblue-collarblue-collarblue-collarblue-collarblue-collarblue-collarblue-collarblue-collarblue-collarblue-collarblue-collarblue-collarblue-collarblue-collarblue-collarblue-collarblue-collarblue-collarblue-collarblue-collarblue-collarblue-collarblue-collarblue-collarblue-collarblue-collarblue-collarblue-collarblue-collarblue-collarblue-collarblue-collarblue-collarblue-collarblue-collarblue-collarblue-collarblue-collarblue-collarblue-collarblue-collarblue-collarblue-collarblue-collarblue-collarblue-collarblue-collarblue-collarblue-collarblue-collarblue-collarblue-collarblue-collarblue-collarblue-collarblue-collarblue-collarblue-collarblue-collarblue-collarblue-collarblue-collarblue-collarblue-collarblue-collarblue-collarblue-collarblue-collarblue-collarblue-collarblue-collarblue-collarblue-collarblue-collarblue-collarblue-collarblue-collarblue-collarblue-collarblue-collarblue-collarblue-collarblue-collarblue-collarblue-collarblue-collarblue-collarblue-collarblue-collarblue-collarblue-collarblue-collarblue-collarblue-collarblue-collarblue-collarblue-collarblue-collarblue-collarblue-collarblue-collarblue-collarblue-collarblue-collarblue-collarblue-collarblue-collarblue-collarblue-collarblue-collarblue-collarblue-collarblue-collarblue-collarblue-collarblue-collarblue-collarblue-collarblue-collarblue-collarblue-collarblue-collarblue-collarblue-collarblue-collarblue-collarblue-collarblue-collarblue-collarblue-collarblue-collarblue-collarblue-collarblue-collarblue-collarblue-collarblue-collarblue-collarblue-collarblue-collarblue-collarblue-collarblue-collarblue-collarblue-collarblue-collarblue-collarblue-collarblue-collarblue-collarblue-collarblue-collarblue-collarblue-collarblue-collarblue-collarblue-collarblue-collarblue-collarblue-collarblue-collarblue-collarblue-collarblue-collarblue-collarblue-collarblue-collarblue-collarblue-collarblue-collarblue-collarblue-collarblue-collarblue-collarblue-collarblue-collarblue-collarblue-collarblue-collarblue-collarblue-collarblue-collarblue-collarblue-collarblue-collarblue-collarblue-collarblue-collarblue-collarblue-collarblue-collarblue-collarblue-collarblue-collarblue-collarblue-collarblue-collarblue-collarblue-collarblue-collarblue-collarblue-collarblue-collarblue-collarblue-collarblue-collarblue-collarblue-collarblue-collarblue-collarblue-collarblue-collarblue-collarblue-collarblue-collarblue-collarblue-collarblue-collarblue-collarblue-collarblue-collarblue-collarblue-collarblue-collarblue-collarblue-collarblue-collarblue-collarblue-collarblue-collarblue-collarblue-collarblue-collarblue-collarblue-collarblue-collarblue-collarblue-collarblue-collarblue-collarblue-collarblue-collarblue-collarblue-collarblue-collarblue-collarblue-collarblue-collarblue-collarblue-collarblue-collarblue-collarblue-collarblue-collarblue-collarblue-collarblue-collarblue-collarblue-collarblue-collarblue-collarblue-collarblue-collarblue-collarblue-collarblue-collarblue-collarblue-collarblue-collarblue-collarblue-collarblue-collarblue-collarblue-collarblue-collarblue-collarblue-collarblue-collarblue-collarblue-collarblue-collarblue-collarblue-collarblue-collarblue-collarblue-collarblue-collarblue-collarblue-collarblue-collarblue-collarblue-collarblue-collarblue-collarblue-collarblue-collarblue-collarblue-collarblue-collarblue-collarblue-collarblue-collarblue-collarblue-collarblue-collarblue-collarblue-collarblue-collarblue-collarblue-collarblue-collarblue-collarblue-collarblue-collarblue-collarblue-collarblue-collarblue-collarblue-collarblue-collarblue-collarblue-collarblue-collarblue-collarblue-collarblue-collarblue-collarblue-collarblue-collarblue-collarblue-collarblue-collarblue-collarblue-collarblue-collarblue-collarblue-collarblue-collarblue-collarblue-collarblue-collarblue-collarblue-collarblue-collarblue-collarblue-collarblue-collarblue-collarblue-collarblue-collarblue-collarblue-collarblue-collarblue-collarblue-collarblue-collarblue-collarblue-collarblue-collarblue-collarblue-collarblue-collarblue-collarblue-collarblue-collarblue-collarblue-collarblue-collarblue-collarblue-collarblue-collarblue-collarblue-collarblue-collarblue-collarblue-collarblue-collarblue-collarblue-collarblue-collarblue-collarblue-collarblue-collarblue-collarblue-collarblue-collarblue-collarblue-collarblue-collarblue-collarblue-collarblue-collarblue-collarblue-collarblue-collarblue-collarblue-collarblue-collarblue-collarblue-collarblue-collarblue-collarblue-collarblue-collarblue-collarblue-collarblue-collarblue-collarblue-collarblue-collarblue-collarblue-collarblue-collarblue-collarblue-collarblue-collarblue-collarblue-collarblue-collarblue-collarblue-collarblue-collarblue-collarblue-collarblue-collarblue-collarblue-collarblue-collarblue-collarblue-collarblue-collarblue-collarblue-collarblue-collarblue-collarblue-collarblue-collarblue-collarblue-collarblue-collarblue-collarblue-collarblue-collarblue-collarblue-collarblue-collarblue-collarblue-collarblue-collarblue-collarblue-collarblue-collarblue-collarblue-collarblue-collarblue-collarblue-collarblue-collarblue-collarblue-collarblue-collarblue-collarblue-collarblue-collarblue-collarblue-collarblue-collarblue-collarblue-collarblue-collarblue-collarblue-collarblue-collarblue-collarblue-collarblue-collarblue-collarblue-collarblue-collarblue-collarblue-collarblue-collarblue-collarblue-collarblue-collarblue-collarblue-collarblue-collarblue-collarblue-collarblue-collarblue-collarblue-collarblue-collarblue-collarblue-collarblue-collarblue-collarblue-collarblue-collarblue-collarblue-collarblue-collarblue-collarblue-collarblue-collarblue-collarblue-collarblue-collarblue-collarblue-collarblue-collarblue-collarblue-collarblue-collarblue-collarblue-collarblue-collarblue-collarblue-collarblue-collarblue-collarblue-collarblue-collarblue-collarblue-collarblue-collarblue-collarblue-collarblue-collarblue-collarblue-collarblue-collarblue-collarblue-collarblue-collarblue-collarblue-collarblue-collarblue-collarblue-collarblue-collarblue-collarblue-collarblue-collarblue-collarblue-collarblue-collarblue-collarblue-collarblue-collarblue-collarblue-collarblue-collarblue-collarblue-collarblue-collarblue-collarblue-collarblue-collarblue-collarblue-collarblue-collarblue-collarblue-collarblue-collarblue-collarblue-collarblue-collarblue-collarblue-collarblue-collarblue-collarblue-collarblue-collarblue-collarblue-collarblue-collarblue-collarblue-collarblue-collarblue-collarblue-collarblue-collarblue-collarblue-collarblue-collarblue-collarblue-collarblue-collarblue-collarblue-collarblue-collarblue-collarblue-collarblue-collarblue-collarblue-collarblue-collarblue-collarblue-collarblue-collarblue-collarblue-collarblue-collarblue-collarblue-collarblue-collarblue-collarblue-collarblue-collarblue-collarblue-collarblue-collarblue-collarblue-collarblue-collarblue-collarblue-collarblue-collarblue-collarblue-collarblue-collarblue-collarblue-collarblue-collarblue-collarblue-collarblue-collarblue-collarblue-collarblue-collarblue-collarblue-collarblue-collarblue-collarblue-collarblue-collarblue-collarblue-collarblue-collarblue-collarblue-collarblue-collarblue-collarblue-collarblue-collarblue-collarblue-collarblue-collarblue-collarblue-collarblue-collarblue-collarblue-collarblue-collarblue-collarblue-collarblue-collarblue-collarblue-collarblue-collarblue-collarblue-collarblue-collarblue-collarblue-collarblue-collarblue-collarblue-collarblue-collarblue-collarblue-collarblue-collarblue-collarblue-collarblue-collarblue-collarblue-collarblue-collarblue-collarblue-collarblue-collarblue-collarblue-collarblue-collarblue-collarblue-collarblue-collarblue-collarblue-collarblue-collarblue-collarblue-collarblue-collarblue-collarblue-collarblue-collarblue-collarblue-collarblue-collarblue-collarblue-collarblue-collarblue-collarblue-collarblue-collarblue-collarblue-collarblue-collarblue-collarblue-collarblue-collarblue-collarblue-collarblue-collarblue-collarblue-collarblue-collarblue-collarblue-collarblue-collarblue-collarblue-collarblue-collarblue-collarblue-collarblue-collarblue-collarblue-collarblue-collarblue-collarblue-collarblue-collarblue-collarblue-collarblue-collarblue-collarblue-collarblue-collarblue-collarblue-collarblue-collarblue-collarblue-collarblue-collarblue-collarblue-collarblue-collarblue-collarblue-collarblue-collarblue-collarblue-collarblue-collarblue-collarblue-collarblue-collarblue-collarblue-collarblue-collarblue-collarblue-collarblue-collarblue-collarblue-collarblue-collarblue-collarblue-collarblue-collarblue-collarblue-collarblue-collarblue-collarblue-collarblue-collarblue-collarblue-collarblue-collarblue-collarblue-collarblue-collarblue-collarblue-collarblue-collarblue-collarblue-collarblue-collarblue-collarblue-collarblue-collarblue-collarblue-collarblue-collarblue-collarblue-collarblue-collarblue-collarblue-collarblue-collarblue-collarblue-collarblue-collarblue-collarblue-collarblue-collarblue-collarblue-collarblue-collarblue-collarblue-collarblue-collarblue-collarblue-collarblue-collarblue-collarblue-collarblue-collarblue-collarblue-collarblue-collarblue-collarblue-collarblue-collarblue-collarblue-collarblue-collarblue-collarblue-collarblue-collarblue-collarblue-collarblue-collarblue-collarblue-collarblue-collarblue-collarblue-collarblue-collarblue-collarblue-collarblue-collarblue-collarblue-collarblue-collarblue-collarblue-collarblue-collarblue-collarblue-collarblue-collarblue-collarblue-collarblue-collarblue-collarblue-collarblue-collarblue-collarblue-collarblue-collarblue-collarblue-collarblue-collarblue-collarblue-collarblue-collarblue-collarblue-collarblue-collarblue-collarblue-collarblue-collarblue-collarblue-collarblue-collarblue-collarblue-collarblue-collarblue-collarblue-collarblue-collarblue-collarblue-collarblue-collarblue-collarblue-collarblue-collarblue-collarblue-collarblue-collarblue-collarblue-collarblue-collarblue-collarblue-collarblue-collarblue-collarblue-collarblue-collarblue-collarblue-collarblue-collarblue-collarblue-collarblue-collarblue-collarblue-collarblue-collarblue-collarblue-collarblue-collarblue-collarblue-collarblue-collarblue-collarblue-collarblue-collarblue-collarblue-collarblue-collarblue-collarblue-collarblue-collarblue-collarblue-collarblue-collarblue-collarblue-collarblue-collarblue-collarblue-collarblue-collarblue-collarblue-collarblue-collarblue-collarblue-collarblue-collarblue-collarblue-collarblue-collarblue-collarblue-collarblue-collarblue-collarblue-collarblue-collarblue-collarblue-collarblue-collarblue-collarblue-collarblue-collarblue-collarblue-collarblue-collarblue-collarblue-collarblue-collarblue-collarblue-collarblue-collarblue-collarblue-collarblue-collarblue-collarblue-collarblue-collarblue-collarblue-collarblue-collarblue-collarblue-collarblue-collarblue-collarblue-collarblue-collarblue-collarblue-collarblue-collarblue-collarblue-collarblue-collarblue-collarblue-collarblue-collarblue-collarblue-collarblue-collarblue-collarblue-collarblue-collarblue-collarblue-collarblue-collarblue-collarblue-collarblue-collarblue-collarblue-collarblue-collarblue-collarblue-collarblue-collarblue-collarblue-collarblue-collarblue-collarblue-collarblue-collarblue-collarblue-collarblue-collarblue-collarblue-collarblue-collarblue-collarblue-collarblue-collarblue-collarblue-collarblue-collarblue-collarblue-collarblue-collarblue-collarblue-collarblue-collarblue-collarblue-collarblue-collarblue-collarblue-collarblue-collarblue-collarblue-collarblue-collarblue-collarblue-collarblue-collarblue-collarblue-collarblue-collarblue-collarblue-collarblue-collarblue-collarblue-collarblue-collarblue-collarblue-collarblue-collarblue-collarblue-collarblue-collarblue-collarblue-collarblue-collarblue-collarblue-collarblue-collarblue-collarblue-collarblue-collarblue-collarblue-collarblue-collarblue-collarblue-collarblue-collarblue-collarblue-collarblue-collarblue-collarblue-collarblue-collarblue-collarblue-collarblue-collarblue-collarblue-collarblue-collarblue-collarblue-collarblue-collarblue-collarblue-collarblue-collarblue-collarblue-collarblue-collarblue-collarblue-collarblue-collarblue-collarblue-collarblue-collarblue-collarblue-collarblue-collarblue-collarblue-collarblue-collarblue-collarblue-collarblue-collarblue-collarblue-collarblue-collarblue-collarblue-collarblue-collarblue-collarblue-collarblue-collarblue-collarblue-collarblue-collarblue-collarblue-collarblue-collarblue-collarblue-collarblue-collarblue-collarblue-collarblue-collarblue-collarblue-collarblue-collarblue-collarblue-collarblue-collarblue-collarblue-collarblue-collarblue-collarblue-collarblue-collarblue-collarblue-collarblue-collarblue-collarblue-collarblue-collarblue-collarblue-collarblue-collarblue-collarblue-collarblue-collarblue-collarblue-collarblue-collarblue-collarblue-collarblue-collarblue-collarblue-collarblue-collarblue-collarblue-collarblue-collarblue-collarblue-collarblue-collarblue-collarblue-collarblue-collarblue-collarblue-collarblue-collarblue-collarblue-collarblue-collarblue-collarblue-collarblue-collarblue-collarblue-collarblue-collarblue-collarblue-collarblue-collarblue-collarblue-collarblue-collarblue-collarblue-collarblue-collarblue-collarblue-collarblue-collarblue-collarblue-collarblue-collarblue-collarblue-collarblue-collarblue-collarblue-collarblue-collarblue-collarblue-collarblue-collarblue-collarblue-collarblue-collarblue-collarblue-collarblue-collarblue-collarblue-collarblue-collarblue-collarblue-collarblue-collarblue-collarblue-collarblue-collarblue-collarblue-collarblue-collarblue-collarblue-collarblue-collarblue-collarblue-collarblue-collarblue-collarblue-collarblue-collarblue-collarblue-collarblue-collarblue-collarblue-collarblue-collarblue-collarblue-collarblue-collarblue-collarblue-collarblue-collarblue-collarblue-collarblue-collarblue-collarblue-collarblue-collarblue-collarblue-collarblue-collarblue-collarblue-collarblue-collarblue-collarblue-collarblue-collarblue-collarblue-collarblue-collarblue-collarblue-collarblue-collarblue-collarblue-collarblue-collarblue-collarblue-collarblue-collarblue-collarblue-collarblue-collarblue-collarblue-collarblue-collarblue-collarblue-collarblue-collarblue-collarblue-collarblue-collarblue-collarblue-collarblue-collarblue-collarblue-collarblue-collarblue-collarblue-collarblue-collarblue-collarblue-collarblue-collarblue-collarblue-collarblue-collarblue-collarblue-collarblue-collarblue-collarblue-collarblue-collarblue-collarblue-collarblue-collarblue-collarblue-collarblue-collarblue-collarblue-collarblue-collarblue-collarblue-collarblue-collarblue-collarblue-collarblue-collarblue-collarblue-collarblue-collarblue-collarblue-collarblue-collarblue-collarblue-collarblue-collarblue-collarblue-collarblue-collarblue-collarblue-collarblue-collarblue-collarblue-collarblue-collarblue-collarblue-collarblue-collarblue-collarblue-collarblue-collarblue-collarblue-collarblue-collarblue-collarblue-collarblue-collarblue-collarblue-collarblue-collarblue-collarblue-collarblue-collarblue-collarblue-collarblue-collarblue-collarblue-collarblue-collarblue-collarblue-collarblue-collarblue-collarblue-collarblue-collarblue-collarblue-collarblue-collarblue-collarblue-collarblue-collarblue-collarblue-collarblue-collarblue-collarblue-collarblue-collarblue-collarblue-collarblue-collarblue-collarblue-collarblue-collarblue-collarblue-collarblue-collarblue-collarblue-collarblue-collarblue-collarblue-collarblue-collarblue-collarblue-collarblue-collarblue-collarblue-collarblue-collarblue-collarblue-collarblue-collarblue-collarblue-collarblue-collarblue-collarblue-collarblue-collarblue-collarblue-collarblue-collarblue-collarblue-collarblue-collarblue-collarblue-collarblue-collarblue-collarblue-collarblue-collarblue-collarblue-collarblue-collarblue-collarblue-collarblue-collarblue-collarblue-collarblue-collarblue-collarblue-collarblue-collarblue-collarblue-collarblue-collarblue-collarblue-collarblue-collarblue-collarblue-collarblue-collarblue-collarblue-collarblue-collarblue-collarblue-collarblue-collarblue-collarblue-collarblue-collarblue-collarblue-collarblue-collarblue-collarblue-collarblue-collarblue-collarblue-collarblue-collarblue-collarblue-collarblue-collarblue-collarblue-collarblue-collarblue-collarblue-collarblue-collarblue-collarblue-collarblue-collarblue-collarblue-collarblue-collarblue-collarblue-collarblue-collarblue-collarblue-collarblue-collarblue-collarblue-collarblue-collarblue-collarblue-collarblue-collarblue-collarblue-collarblue-collarblue-collarblue-collarblue-collarblue-collarblue-collarblue-collarblue-collarblue-collarblue-collarblue-collarblue-collarblue-collarblue-collarblue-collarblue-collarblue-collarblue-collarblue-collarblue-collarblue-collarblue-collarblue-collarblue-collarblue-collarblue-collarblue-collarblue-collarblue-collarblue-collarblue-collarblue-collarblue-collarblue-collarblue-collarblue-collarblue-collarblue-collarblue-collarblue-collarblue-collarblue-collarblue-collarblue-collarblue-collarblue-collarblue-collarblue-collarblue-collarblue-collarblue-collarblue-collarblue-collarblue-collarblue-collarblue-collarblue-collarblue-collarblue-collarblue-collarblue-collarblue-collarblue-collarblue-collarblue-collarblue-collarblue-collarblue-collarblue-collarblue-collarblue-collarblue-collarblue-collarblue-collarblue-collarblue-collarblue-collarblue-collarblue-collarblue-collarblue-collarblue-collarblue-collarblue-collarblue-collarblue-collarblue-collarblue-collarblue-collarblue-collarblue-collarblue-collarblue-collarblue-collarblue-collarblue-collarblue-collarblue-collarblue-collarblue-collarblue-collarblue-collarblue-collarblue-collarblue-collarblue-collarblue-collarblue-collarblue-collarblue-collarblue-collarblue-collarblue-collarblue-collarblue-collarblue-collarblue-collarblue-collarblue-collarblue-collarblue-collarblue-collarblue-collarblue-collarblue-collarblue-collarblue-collarblue-collarblue-collarblue-collarblue-collarblue-collarblue-collarblue-collarblue-collarblue-collarblue-collarblue-collarblue-collarblue-collarblue-collarblue-collarblue-collarblue-collarblue-collarblue-collarblue-collarblue-collarblue-collarblue-collarblue-collarblue-collarblue-collarblue-collarblue-collarblue-collarblue-collarblue-collarblue-collarblue-collarblue-collarblue-collarblue-collarblue-collarblue-collarblue-collarblue-collarblue-collarblue-collarblue-collarblue-collarblue-collarblue-collarblue-collarblue-collarblue-collarblue-collarblue-collarblue-collarblue-collarblue-collarblue-collarblue-collarblue-collarblue-collarblue-collarblue-collarblue-collarblue-collarblue-collarblue-collarblue-collarblue-collarblue-collarblue-collarblue-collarblue-collarblue-collarblue-collarblue-collarblue-collarblue-collarblue-collarblue-collarblue-collarblue-collarblue-collarblue-collarblue-collarblue-collarblue-collarblue-collarblue-collarblue-collarblue-collarblue-collarblue-collarblue-collarblue-collarblue-collarblue-collarblue-collarblue-collarblue-collarblue-collarblue-collarblue-collarblue-collarblue-collarblue-collarblue-collarblue-collarblue-collarblue-collarblue-collarblue-collarblue-collarblue-collarblue-collarblue-collarblue-collarblue-collarblue-collarblue-collarblue-collarblue-collarblue-collarblue-collarblue-collarblue-collarblue-collarblue-collarblue-collarblue-collarblue-collarblue-collarblue-collarblue-collarblue-collarblue-collarblue-collarblue-collarblue-collarblue-collarblue-collarblue-collarblue-collarblue-collarblue-collarblue-collarblue-collarblue-collarblue-collarblue-collarblue-collarblue-collarblue-collarblue-collarblue-collarblue-collarblue-collarblue-collarblue-collarblue-collarblue-collarblue-collarblue-collarblue-collarblue-collarblue-collarblue-collarblue-collarblue-collarblue-collarblue-collarblue-collarblue-collarblue-collarblue-collarblue-collarblue-collarblue-collarblue-collarblue-collarblue-collarblue-collarblue-collarblue-collarblue-collarblue-collarblue-collarblue-collarblue-collarblue-collarblue-collarblue-collarblue-collarblue-collarblue-collarblue-collarblue-collarblue-collarblue-collarblue-collarblue-collarblue-collarblue-collarblue-collarblue-collarblue-collarblue-collarblue-collarblue-collarblue-collarblue-collarblue-collarblue-collarblue-collarblue-collarblue-collarblue-collarblue-collarblue-collarblue-collarblue-collarblue-collarblue-collarblue-collarblue-collarblue-collarblue-collarblue-collarblue-collarblue-collarblue-collarblue-collarblue-collarblue-collarblue-collarblue-collarblue-collarblue-collarblue-collarblue-collarblue-collarblue-collarblue-collarblue-collarblue-collarblue-collarblue-collarblue-collarblue-collarblue-collarblue-collarblue-collarblue-collarblue-collarblue-collarblue-collarblue-collarblue-collarblue-collarblue-collarblue-collarblue-collarblue-collarblue-collarblue-collarblue-collarblue-collarblue-collarblue-collarblue-collarblue-collarblue-collarblue-collarblue-collarblue-collarblue-collarblue-collarblue-collarblue-collarblue-collarblue-collarblue-collarblue-collarblue-collarblue-collarblue-collarblue-collarblue-collarblue-collarblue-collarblue-collarblue-collarblue-collarblue-collarblue-collarblue-collarblue-collarblue-collarblue-collarblue-collarblue-collarblue-collarblue-collarblue-collarblue-collarblue-collarblue-collarblue-collarblue-collarblue-collarblue-collarblue-collarblue-collarblue-collarblue-collarblue-collarblue-collarblue-collarblue-collarblue-collarblue-collarblue-collarblue-collarblue-collarblue-collarblue-collarblue-collarblue-collarblue-collarblue-collarblue-collarblue-collarblue-collarblue-collarblue-collarblue-collarblue-collarblue-collarblue-collarblue-collarblue-collarblue-collarblue-collarblue-collarblue-collarblue-collarblue-collarblue-collarblue-collarblue-collarblue-collarblue-collarblue-collarblue-collarblue-collarblue-collarblue-collarblue-collarblue-collarblue-collarblue-collarblue-collarblue-collarblue-collarblue-collarblue-collarblue-collarblue-collarblue-collarblue-collarblue-collarblue-collarblue-collarblue-collarblue-collarblue-collarblue-collarblue-collarblue-collarblue-collarblue-collarblue-collarblue-collarblue-collarblue-collarblue-collarblue-collarblue-collarblue-collarblue-collarblue-collarblue-collarblue-collarblue-collarblue-collarblue-collarblue-collarblue-collarblue-collarblue-collarblue-collarblue-collarblue-collarblue-collarblue-collarblue-collarblue-collarblue-collarblue-collarblue-collarblue-collarblue-collarblue-collarblue-collarblue-collarblue-collarblue-collarblue-collarblue-collarblue-collarblue-collarblue-collarblue-collarblue-collarblue-collarblue-collarblue-collarblue-collarblue-collarblue-collarblue-collarblue-collarblue-collarblue-collarblue-collarblue-collarblue-collarblue-collarblue-collarblue-collarblue-collarblue-collarblue-collarblue-collarblue-collarblue-collarblue-collarblue-collarblue-collarblue-collarblue-collarblue-collarblue-collarblue-collarblue-collarblue-collarblue-collarblue-collarblue-collarblue-collarblue-collarblue-collarblue-collarblue-collarblue-collarblue-collarblue-collarblue-collarblue-collarblue-collarblue-collarblue-collarblue-collarblue-collarblue-collarblue-collarblue-collarblue-collarblue-collarblue-collarblue-collarblue-collarblue-collarblue-collarblue-collarblue-collarblue-collarblue-collarblue-collarblue-collarblue-collarblue-collarblue-collarblue-collarblue-collarblue-collarblue-collarblue-collarblue-collarblue-collarblue-collarblue-collarblue-collarblue-collarblue-collarblue-collarblue-collarblue-collarblue-collarblue-collarblue-collarblue-collarblue-collarblue-collarblue-collarblue-collarblue-collarblue-collarblue-collarblue-collarblue-collarblue-collarblue-collarblue-collarblue-collarblue-collarblue-collarblue-collarblue-collarblue-collarblue-collarblue-collarblue-collarblue-collarblue-collarblue-collarblue-collarblue-collarblue-collarblue-collarblue-collarblue-collarblue-collarblue-collarblue-collarblue-collarblue-collarblue-collarblue-collarblue-collarblue-collarblue-collarblue-collarblue-collarblue-collarblue-collarblue-collarblue-collarblue-collarblue-collarblue-collarblue-collarblue-collarblue-collarblue-collarblue-collarblue-collarblue-collarblue-collarblue-collarblue-collarblue-collarblue-collarblue-collarblue-collarblue-collarblue-collarblue-collarblue-collarblue-collarblue-collarblue-collarblue-collarblue-collarblue-collarblue-collarblue-collarblue-collarblue-collarblue-collarblue-collarblue-collarblue-collarblue-collarblue-collarblue-collarblue-collarblue-collarblue-collarblue-collarblue-collarblue-collarblue-collarblue-collarblue-collarblue-collarblue-collarblue-collarblue-collarblue-collarblue-collarblue-collarblue-collarblue-collarblue-collarblue-collarblue-collarblue-collarblue-collarblue-collarblue-collarblue-collarblue-collarblue-collarblue-collarblue-collarblue-collarblue-collarblue-collarblue-collarblue-collarblue-collarblue-collarblue-collarblue-collarblue-collarblue-collarblue-collarblue-collarblue-collarblue-collarblue-collarblue-collarblue-collarblue-collarblue-collarblue-collarblue-collarblue-collarblue-collarblue-collarblue-collarblue-collarblue-collarblue-collarblue-collarblue-collarblue-collarblue-collarblue-collarblue-collarblue-collarblue-collarblue-collarblue-collarblue-collarblue-collarblue-collarblue-collarblue-collarblue-collarblue-collarblue-collarblue-collarblue-collarblue-collarblue-collarblue-collarblue-collarblue-collarblue-collarblue-collarblue-collarblue-collarblue-collarblue-collarblue-collarblue-collarblue-collarblue-collarblue-collarblue-collarblue-collarblue-collarblue-collarblue-collarblue-collarblue-collarblue-collarblue-collarblue-collarblue-collarblue-collarblue-collarblue-collarblue-collarblue-collarblue-collarblue-collarblue-collarblue-collarblue-collarblue-collarblue-collarblue-collarblue-collarblue-collarblue-collarblue-collarblue-collarblue-collarblue-collarblue-collarblue-collarblue-collarblue-collarblue-collarblue-collarblue-collarblue-collarblue-collarblue-collarblue-collarblue-collarblue-collarblue-collarblue-collarblue-collarblue-collarblue-collarblue-collarblue-collarblue-collarblue-collarblue-collarblue-collarblue-collarblue-collarblue-collarblue-collarblue-collarblue-collarblue-collarblue-collarblue-collarblue-collarblue-collarblue-collarblue-collarblue-collarblue-collarblue-collarblue-collarblue-collarblue-collarblue-collarblue-collarblue-collarblue-collarblue-collarblue-collarblue-collarblue-collarblue-collarblue-collarblue-collarblue-collarblue-collarblue-collarblue-collarblue-collarblue-collarblue-collarblue-collarblue-collarblue-collarblue-collarblue-collarblue-collarblue-collarblue-collarblue-collarblue-collarblue-collarblue-collarblue-collarblue-collarblue-collarblue-collarblue-collarblue-collarblue-collarblue-collarblue-collarblue-collarblue-collarblue-collarblue-collarblue-collarblue-collarblue-collarblue-collarblue-collarblue-collarblue-collarblue-collarblue-collarblue-collarblue-collarblue-collarblue-collarblue-collarblue-collarblue-collarblue-collarblue-collarblue-collarblue-collarblue-collarblue-collarblue-collarblue-collarblue-collarblue-collarblue-collarblue-collarblue-collarblue-collarblue-collarblue-collarblue-collarblue-collarblue-collarblue-collarblue-collarblue-collarblue-collarblue-collarblue-collarblue-collarblue-collarblue-collarblue-collarblue-collarblue-collarblue-collarblue-collarblue-collarblue-collarblue-collarblue-collarblue-collarblue-collarblue-collarblue-collarblue-collarblue-collarblue-collarblue-collarblue-collarblue-collarblue-collarblue-collarblue-collarblue-collarblue-collarblue-collarblue-collarblue-collarblue-collarblue-collarblue-collarblue-collarblue-collarblue-collarblue-collarblue-collarblue-collarblue-collarblue-collarblue-collarblue-collarblue-collarblue-collarblue-collarblue-collarblue-collarblue-collarblue-collarblue-collarblue-collarblue-collarblue-collarblue-collarblue-collarblue-collarblue-collarblue-collarblue-collarblue-collarblue-collarblue-collarblue-collarblue-collarblue-collarblue-collarblue-collarblue-collarblue-collarblue-collarblue-collarblue-collarblue-collarblue-collarblue-collarblue-collarblue-collarblue-collarblue-collarblue-collarblue-collarblue-collarblue-collarblue-collarblue-collarblue-collarblue-collarblue-collarblue-collarblue-collarblue-collarblue-collarblue-collarblue-collarblue-collarblue-collarblue-collarblue-collarblue-collarblue-collarblue-collarblue-collarblue-collarblue-collarblue-collarblue-collarblue-collarblue-collarblue-collarblue-collarblue-collarblue-collarblue-collarblue-collarblue-collarblue-collarblue-collarblue-collarblue-collarblue-collarblue-collarblue-collarblue-collarblue-collarblue-collarblue-collarblue-collarblue-collarblue-collarblue-collarblue-collarblue-collarblue-collarblue-collarblue-collarblue-collarblue-collarblue-collarblue-collarblue-collarblue-collarblue-collarblue-collarblue-collarblue-collarblue-collarblue-collarblue-collarblue-collarblue-collarblue-collarblue-collarblue-collarblue-collarblue-collarblue-collarblue-collarblue-collarblue-collarblue-collarblue-collarblue-collarblue-collarblue-collarblue-collarblue-collarblue-collarblue-collarblue-collarblue-collarblue-collarblue-collarblue-collarblue-collarblue-collarblue-collarblue-collarblue-collarblue-collarblue-collarblue-collarblue-collarblue-collarblue-collarblue-collarblue-collarblue-collarblue-collarblue-collarblue-collarblue-collarblue-collarblue-collarblue-collarblue-collarblue-collarblue-collarblue-collarblue-collarblue-collarblue-collarblue-collarblue-collarblue-collarblue-collarblue-collarblue-collarblue-collarblue-collarblue-collarblue-collarblue-collarblue-collarblue-collarblue-collarblue-collarblue-collarblue-collarblue-collarblue-collarblue-collarblue-collarblue-collarblue-collarblue-collarblue-collarblue-collarblue-collarblue-collarblue-collarblue-collarblue-collarblue-collarblue-collarblue-collarblue-collarblue-collarblue-collarblue-collarblue-collarblue-collarblue-collarblue-collarblue-collarblue-collarblue-collarblue-collarblue-collarblue-collarblue-collarblue-collarblue-collarblue-collarblue-collarblue-collarblue-collarblue-collarblue-collarblue-collarblue-collarblue-collarblue-collarblue-collarblue-collarblue-collarblue-collarblue-collarblue-collarblue-collarblue-collarblue-collarblue-collarblue-collarblue-collarblue-collarblue-collarblue-collarblue-collarblue-collarblue-collarblue-collarblue-collarblue-collarblue-collarblue-collarblue-collarblue-collarblue-collarblue-collarblue-collarblue-collarblue-collarblue-collarblue-collarblue-collarblue-collarblue-collarblue-collarblue-collarblue-collarblue-collarblue-collarblue-collarblue-collarblue-collarblue-collarblue-collarblue-collarblue-collarblue-collarblue-collarblue-collarblue-collarblue-collarblue-collarblue-collarblue-collarblue-collarblue-collarblue-collarblue-collarblue-collarblue-collarblue-collarblue-collarblue-collarblue-collarblue-collarblue-collarblue-collarblue-collarblue-collarblue-collarblue-collarblue-collarblue-collarblue-collarblue-collarblue-collarblue-collarblue-collarblue-collarblue-collarblue-collarblue-collarblue-collarblue-collarblue-collarblue-collarblue-collarblue-collarblue-collarblue-collarblue-collarblue-collarblue-collarblue-collarblue-collarblue-collarblue-collarblue-collarblue-collarblue-collarblue-collarblue-collarblue-collarblue-collarblue-collarblue-collarblue-collarblue-collarblue-collarblue-collarblue-collarblue-collarblue-collarblue-collarblue-collarblue-collarblue-collarblue-collarblue-collarblue-collarblue-collarblue-collarblue-collarblue-collarblue-collarblue-collarblue-collarblue-collarblue-collarblue-collarblue-collarblue-collarblue-collarblue-collarblue-collarblue-collarblue-collarblue-collarblue-collarblue-collarblue-collarblue-collarblue-collarblue-collarblue-collarblue-collarblue-collarblue-collarblue-collarblue-collarblue-collarblue-collarblue-collarblue-collarblue-collarblue-collarblue-collarblue-collarblue-collarblue-collarblue-collarblue-collarblue-collarblue-collarblue-collarblue-collarblue-collarblue-collarblue-collarblue-collarblue-collarblue-collarblue-collarblue-collarblue-collarblue-collarblue-collarblue-collarblue-collarblue-collarblue-collarblue-collarblue-collarblue-collarblue-collarblue-collarblue-collarblue-collarblue-collarblue-collarblue-collarblue-collarblue-collarblue-collarblue-collarblue-collarblue-collarblue-collarblue-collarblue-collarblue-collarblue-collarblue-collarblue-collarblue-collarblue-collarblue-collarblue-collarblue-collarblue-collarblue-collarblue-collarblue-collarblue-collarblue-collarblue-collarblue-collarblue-collarblue-collarblue-collarblue-collarblue-collarblue-collarblue-collarblue-collarblue-collarblue-collarblue-collarblue-collarblue-collarblue-collarblue-collarblue-collarblue-collarblue-collarblue-collarblue-collarblue-collarblue-collarblue-collarblue-collarblue-collarblue-collarblue-collarblue-collarblue-collarblue-collarblue-collarblue-collarblue-collarblue-collarblue-collarblue-collarblue-collarblue-collarblue-collarblue-collarblue-collarblue-collarblue-collarblue-collarblue-collarblue-collarblue-collarblue-collarblue-collarblue-collarblue-collarblue-collarblue-collarblue-collarblue-collarblue-collarblue-collarblue-collarblue-collarblue-collarblue-collarblue-collarblue-collarblue-collarblue-collarblue-collarblue-collarblue-collarblue-collarblue-collarblue-collarblue-collarblue-collarblue-collarblue-collarblue-collarblue-collarblue-collarblue-collarblue-collarblue-collarblue-collarblue-collarblue-collarblue-collarblue-collarblue-collarblue-collarblue-collarblue-collarblue-collarblue-collarblue-collarblue-collarblue-collarblue-collarblue-collarblue-collarblue-collarblue-collarblue-collarblue-collarblue-collarblue-collarblue-collarblue-collarblue-collarblue-collarblue-collarblue-collarblue-collarblue-collarblue-collarblue-collarblue-collarblue-collarblue-collarblue-collarblue-collarblue-collarblue-collarblue-collarblue-collarblue-collarblue-collarblue-collarblue-collarblue-collarblue-collarblue-collarblue-collarblue-collarblue-collarblue-collarblue-collarblue-collarblue-collarblue-collarblue-collarblue-collarblue-collarblue-collarblue-collarblue-collarblue-collarblue-collarblue-collarblue-collarblue-collarblue-collarblue-collarblue-collarblue-collarblue-collarblue-collarblue-collarblue-collarblue-collarblue-collarblue-collarblue-collarblue-collarblue-collarblue-collarblue-collarblue-collarblue-collarblue-collarblue-collarblue-collarblue-collarblue-collarblue-collarblue-collarblue-collarblue-collarblue-collarblue-collarblue-collarblue-collarblue-collarblue-collarblue-collarblue-collarblue-collarblue-collarblue-collarblue-collarblue-collarblue-collarblue-collarblue-collarblue-collarblue-collarblue-collarblue-collarblue-collarblue-collarblue-collarblue-collarblue-collarblue-collarblue-collarblue-collarblue-collarblue-collarblue-collarblue-collarblue-collarblue-collarblue-collarblue-collarblue-collarblue-collarblue-collarblue-collarblue-collarblue-collarblue-collarblue-collarblue-collarblue-collarblue-collarblue-collarblue-collarblue-collarblue-collarblue-collarblue-collarblue-collarblue-collarblue-collarblue-collarblue-collarblue-collarblue-collarblue-collarblue-collarblue-collarblue-collarblue-collarblue-collarblue-collarblue-collarblue-collarblue-collarblue-collarblue-collarblue-collarblue-collarblue-collarblue-collarblue-collarblue-collarblue-collarblue-collarblue-collarblue-collarblue-collarblue-collarblue-collarblue-collarblue-collarblue-collarblue-collarblue-collarblue-collarblue-collarblue-collarblue-collarblue-collarblue-collarblue-collarblue-collarblue-collarblue-collarblue-collarblue-collarblue-collarblue-collarblue-collarblue-collarblue-collarblue-collarblue-collarblue-collarblue-collarblue-collarblue-collarblue-collarblue-collarblue-collarblue-collarblue-collarblue-collarblue-collarblue-collarblue-collarblue-collarblue-collarblue-collarblue-collarblue-collarblue-collarblue-collarblue-collarblue-collarblue-collarblue-collarblue-collarblue-collarblue-collarblue-collarblue-collarblue-collarblue-collarblue-collarblue-collarblue-collarblue-collarblue-collarblue-collarblue-collarblue-collarblue-collarblue-collarblue-collarblue-collarblue-collarblue-collarblue-collarblue-collarblue-collarblue-collarblue-collarblue-collarblue-collarblue-collarblue-collarblue-collarblue-collarblue-collarblue-collarblue-collarblue-collarblue-collarblue-collarblue-collarblue-collarblue-collarblue-collarblue-collarblue-collarblue-collarblue-collarblue-collarblue-collarblue-collarblue-collarblue-collarblue-collarblue-collarblue-collarblue-collarblue-collarblue-collarblue-collarblue-collarblue-collarblue-collarblue-collarblue-collarblue-collarblue-collarblue-collarblue-collarblue-collarblue-collarblue-collarblue-collarblue-collarblue-collarblue-collarblue-collarblue-collarblue-collarblue-collarblue-collarblue-collarblue-collarblue-collarblue-collarblue-collarblue-collarblue-collarblue-collarblue-collarblue-collarblue-collarblue-collarblue-collarblue-collarblue-collarblue-collarblue-collarblue-collarblue-collarblue-collarblue-collarblue-collarblue-collarblue-collarblue-collarblue-collarblue-collarblue-collarblue-collarblue-collarblue-collarblue-collarblue-collarblue-collarblue-collarblue-collarblue-collarblue-collarblue-collarblue-collarblue-collarblue-collarblue-collarblue-collarblue-collarblue-collarblue-collarblue-collarblue-collarblue-collarblue-collarblue-collarblue-collarblue-collarblue-collarblue-collarblue-collarblue-collarblue-collarblue-collarblue-collarblue-collarblue-collarblue-collarblue-collarblue-collarblue-collarblue-collarblue-collarblue-collarblue-collarblue-collarblue-collarblue-collarblue-collarblue-collarblue-collarblue-collarblue-collarblue-collarblue-collarblue-collarblue-collarblue-collarblue-collarblue-collarblue-collarblue-collarblue-collarblue-collarblue-collarblue-collarblue-collarblue-collarblue-collarblue-collarblue-collarblue-collarblue-collarblue-collarblue-collarblue-collarblue-collarblue-collarblue-collarblue-collarblue-collarblue-collarblue-collarblue-collarblue-collarblue-collarblue-collarblue-collarblue-collarblue-collarblue-collarblue-collarblue-collarblue-collarblue-collarblue-collarblue-collarblue-collarblue-collarblue-collarblue-collarblue-collarblue-collarblue-collarblue-collarblue-collarblue-collarblue-collarblue-collarblue-collarblue-collarblue-collarblue-collarblue-collarblue-collarblue-collarblue-collarblue-collarblue-collarblue-collarblue-collarblue-collarblue-collarblue-collarblue-collarblue-collarblue-collarblue-collarblue-collarblue-collarblue-collarblue-collarblue-collarblue-collarblue-collarblue-collarblue-collarblue-collarblue-collarblue-collarblue-collarblue-collarblue-collarblue-collarblue-collarblue-collarblue-collarblue-collarblue-collarblue-collarblue-collarblue-collarblue-collarblue-collarblue-collarblue-collarblue-collarblue-collarblue-collarblue-collarblue-collarblue-collarblue-collarblue-collarblue-collarblue-collarblue-collarblue-collarblue-collarblue-collarblue-collarblue-collarblue-collarblue-collarblue-collarblue-collarblue-collarblue-collarblue-collarblue-collarblue-collarblue-collarblue-collarblue-collarblue-collarblue-collarblue-collarblue-collarblue-collarblue-collarblue-collarblue-collarblue-collarblue-collarblue-collarblue-collarblue-collarblue-collarblue-collarblue-collarblue-collarblue-collarblue-collarblue-collarblue-collarblue-collarblue-collarblue-collarblue-collarblue-collarblue-collarblue-collarblue-collarblue-collarblue-collarblue-collarblue-collarblue-collarblue-collarblue-collarblue-collarblue-collarblue-collarblue-collarblue-collarblue-collarblue-collarblue-collarblue-collarblue-collarblue-collarblue-collarblue-collarblue-collarblue-collarblue-collarblue-collarblue-collarblue-collarblue-collarblue-collarblue-collarblue-collarblue-collarblue-collarblue-collarblue-collarblue-collarblue-collarblue-collarblue-collarblue-collarblue-collarblue-collarblue-collarblue-collarblue-collarblue-collarblue-collarblue-collarblue-collarblue-collarblue-collarblue-collarblue-collarblue-collarblue-collarblue-collarblue-collarblue-collarblue-collarblue-collarblue-collarblue-collarblue-collarblue-collarblue-collarblue-collarblue-collarblue-collarblue-collarblue-collarblue-collarblue-collarblue-collarblue-collarblue-collarblue-collarblue-collarblue-collarblue-collarblue-collarblue-collarblue-collarblue-collarblue-collarblue-collarblue-collarblue-collarblue-collarblue-collarblue-collarblue-collarblue-collarblue-collarblue-collarblue-collarblue-collarblue-collarblue-collarblue-collarblue-collarblue-collarblue-collarblue-collarblue-collarblue-collarblue-collarblue-collarblue-collarblue-collarblue-collarblue-collarblue-collarblue-collarblue-collarblue-collarblue-collarblue-collarblue-collarblue-collarblue-collarblue-collarblue-collarblue-collarblue-collarblue-collarblue-collarblue-collarblue-collarblue-collarblue-collarblue-collarblue-collarblue-collarblue-collarblue-collarblue-collarblue-collarblue-collarblue-collarblue-collarblue-collarblue-collarblue-collarblue-collarblue-collarblue-collarblue-collarblue-collarblue-collarblue-collarblue-collarblue-collarblue-collarblue-collarblue-collarblue-collarblue-collarblue-collarblue-collarblue-collarblue-collarblue-collarblue-collarblue-collarblue-collarblue-collarblue-collarblue-collarblue-collarblue-collarblue-collarblue-collarblue-collarblue-collarblue-collarblue-collarblue-collarblue-collarblue-collarblue-collarblue-collarblue-collarblue-collarblue-collarblue-collarblue-collarblue-collarblue-collarblue-collarblue-collarblue-collarblue-collarblue-collarblue-collarblue-collarblue-collarblue-collarblue-collarblue-collarblue-collarblue-collarblue-collarblue-collarblue-collarblue-collarblue-collarblue-collarblue-collarblue-collarblue-collarblue-collarblue-collarblue-collarblue-collarblue-collarblue-collarblue-collarblue-collarblue-collarblue-collarblue-collarblue-collarblue-collarblue-collarblue-collarblue-collarblue-collarblue-collarblue-collarblue-collarblue-collarblue-collarblue-collarblue-collarblue-collarblue-collarblue-collarblue-collarblue-collarblue-collarblue-collarblue-collarblue-collarblue-collarblue-collarblue-collarblue-collarblue-collarblue-collarblue-collarblue-collarblue-collarblue-collarblue-collarblue-collarblue-collarblue-collarblue-collarblue-collarblue-collarblue-collarblue-collarblue-collarblue-collarblue-collarblue-collarblue-collarblue-collarblue-collarblue-collarblue-collarblue-collarblue-collarblue-collarblue-collarblue-collarblue-collarblue-collarblue-collarblue-collarblue-collarblue-collarblue-collarblue-collarblue-collarblue-collarblue-collarblue-collarblue-collarblue-collarblue-collarblue-collarblue-collarblue-collarblue-collarblue-collarblue-collarblue-collarblue-collarblue-collarblue-collarblue-collarblue-collarblue-collarblue-collarblue-collarblue-collarblue-collarblue-collarblue-collarblue-collarblue-collarblue-collarblue-collarblue-collarblue-collarblue-collarblue-collarblue-collarblue-collarblue-collarblue-collarblue-collarblue-collarblue-collarblue-collarblue-collarblue-collarblue-collarblue-collarblue-collarblue-collarblue-collarblue-collarblue-collarblue-collarblue-collarblue-collarblue-collarblue-collarblue-collarblue-collarblue-collarblue-collarblue-collarblue-collarblue-collarblue-collarblue-collarblue-collarblue-collarblue-collarblue-collarblue-collarblue-collarblue-collarblue-collarblue-collarblue-collarblue-collarblue-collarblue-collarblue-collarblue-collarblue-collarblue-collarblue-collarblue-collarblue-collarblue-collarblue-collarblue-collarblue-collarblue-collarblue-collarblue-collarblue-collarblue-collarblue-collarblue-collarblue-collarblue-collarblue-collarblue-collarblue-collarblue-collarblue-collarblue-collarblue-collarblue-collarblue-collarblue-collarblue-collarblue-collarblue-collarblue-collarblue-collarblue-collarblue-collarblue-collarblue-collarblue-collarblue-collarblue-collarblue-collarblue-collarblue-collarblue-collarblue-collarblue-collarblue-collarblue-collarblue-collarblue-collarblue-collarblue-collarblue-collarblue-collarblue-collarblue-collarblue-collarblue-collarblue-collarblue-collarblue-collarblue-collarblue-collarblue-collarblue-collarblue-collarblue-collarblue-collarblue-collarblue-collarblue-collarblue-collarblue-collarblue-collarblue-collarblue-collarblue-collarblue-collarblue-collarblue-collarblue-collarblue-collarblue-collarblue-collarblue-collarblue-collarblue-collarblue-collarblue-collarblue-collarblue-collarblue-collarblue-collarblue-collarblue-collarblue-collarblue-collarblue-collarblue-collarblue-collarblue-collarblue-collarblue-collarblue-collarblue-collarblue-collarblue-collarblue-collarblue-collarblue-collarblue-collarblue-collarblue-collarblue-collarblue-collarblue-collarblue-collarblue-collarblue-collarblue-collarblue-collarblue-collarblue-collarblue-collarblue-collarblue-collarblue-collarblue-collarblue-collarblue-collarblue-collarblue-collarblue-collarblue-collarblue-collarblue-collarblue-collarblue-collarblue-collarblue-collarblue-collarblue-collarblue-collarblue-collarblue-collarblue-collarblue-collarblue-collarblue-collarblue-collarblue-collarblue-collarblue-collarblue-collarblue-collarblue-collarblue-collarblue-collarblue-collarblue-collarblue-collarblue-collarblue-collarblue-collarblue-collarblue-collarblue-collarblue-collarblue-collarblue-collarblue-collarblue-collarblue-collarblue-collarblue-collarblue-collarblue-collarblue-collarblue-collarblue-collarblue-collarblue-collarblue-collarblue-collarblue-collarblue-collarblue-collarblue-collarblue-collarblue-collarblue-collarblue-collarblue-collarblue-collarblue-collarblue-collarblue-collarblue-collarblue-collarblue-collarblue-collarblue-collarblue-collarblue-collarblue-collarblue-collarblue-collarblue-collarblue-collarblue-collarblue-collarblue-collarblue-collarblue-collarblue-collarblue-collarblue-collarblue-collarblue-collarblue-collarblue-collarblue-collarblue-collarblue-collarblue-collarblue-collarblue-collarblue-collarblue-collarblue-collarblue-collarblue-collarblue-collarblue-collarblue-collarblue-collarblue-collarblue-collarblue-collarblue-collarblue-collarblue-collarblue-collarblue-collarblue-collarblue-collarblue-collarblue-collarblue-collarblue-collarblue-collarblue-collarblue-collarblue-collarblue-collarblue-collarblue-collarblue-collarblue-collarblue-collarblue-collarblue-collarblue-collarblue-collarblue-collarblue-collarblue-collarblue-collarblue-collarblue-collarblue-collarblue-collarblue-collarblue-collarblue-collarblue-collarblue-collarblue-collarblue-collarblue-collarblue-collarblue-collarblue-collarblue-collarblue-collarblue-collarblue-collarblue-collarblue-collarblue-collarblue-collarblue-collarblue-collarblue-collarblue-collarblue-collarblue-collarblue-collarblue-collarblue-collarblue-collarblue-collarblue-collarblue-collarblue-collarblue-collarblue-collarblue-collarblue-collarblue-collarblue-collarblue-collarblue-collarblue-collarblue-collarblue-collarblue-collarblue-collarblue-collarblue-collarblue-collarblue-collarblue-collarblue-collarblue-collarblue-collarblue-collarblue-collarblue-collarblue-collarblue-collarblue-collarblue-collarblue-collarblue-collarblue-collarblue-collarblue-collarblue-collarblue-collarblue-collarblue-collarblue-collarblue-collarblue-collarblue-collarblue-collarblue-collarblue-collarblue-collarblue-collarblue-collarblue-collarblue-collarblue-collarblue-collarblue-collarblue-collarblue-collarblue-collarblue-collarblue-collarblue-collarblue-collarblue-collarblue-collarblue-collarblue-collarblue-collarblue-collarblue-collarblue-collarblue-collarblue-collarblue-collarblue-collarblue-collarblue-collarblue-collarblue-collarblue-collarblue-collarblue-collarblue-collarblue-collarblue-collarblue-collarblue-collarblue-collarblue-collarblue-collarblue-collarblue-collarblue-collarblue-collarblue-collarblue-collarblue-collarblue-collarblue-collarblue-collarblue-collarblue-collarblue-collarblue-collarblue-collarblue-collarblue-collarblue-collarblue-collarblue-collarblue-collarblue-collarblue-collarblue-collarblue-collarblue-collarblue-collarblue-collarblue-collarblue-collarblue-collarblue-collarblue-collarblue-collarblue-collarblue-collarblue-collarblue-collarblue-collarblue-collarblue-collarblue-collarblue-collarblue-collarblue-collarblue-collarblue-collarblue-collarblue-collarblue-collarblue-collarblue-collarblue-collarblue-collarblue-collarblue-collarblue-collarblue-collarblue-collarblue-collarblue-collarblue-collarblue-collarblue-collarblue-collarblue-collarblue-collarblue-collarblue-collarblue-collarblue-collarblue-collarblue-collarblue-collarblue-collarblue-collarblue-collarblue-collarblue-collarblue-collarblue-collarblue-collarblue-collarblue-collarblue-collarblue-collarblue-collarblue-collarblue-collarblue-collarblue-collarblue-collarblue-collarblue-collarblue-collarblue-collarblue-collarblue-collarblue-collarblue-collarblue-collarblue-collarblue-collarblue-collarblue-collarblue-collarblue-collarblue-collarblue-collarblue-collarblue-collarblue-collarblue-collarblue-collarblue-collarblue-collarblue-collarblue-collarblue-collarblue-collarblue-collarblue-collarblue-collarblue-collarblue-collarblue-collarblue-collarblue-collarblue-collarblue-collarblue-collarblue-collarblue-collarblue-collarblue-collarblue-collarblue-collarblue-collarblue-collarblue-collarblue-collarblue-collarblue-collarblue-collarblue-collarblue-collarblue-collarblue-collarblue-collarblue-collarblue-collarblue-collarblue-collarblue-collarblue-collarblue-collarblue-collarblue-collarblue-collarblue-collarblue-collarblue-collarblue-collarblue-collarblue-collarblue-collarblue-collarblue-collarblue-collarblue-collarblue-collarblue-collarblue-collarblue-collarblue-collarblue-collarblue-collarblue-collarblue-collarblue-collarblue-collarblue-collarblue-collarblue-collarblue-collarblue-collarblue-collarblue-collarblue-collarblue-collarblue-collarblue-collarblue-collarblue-collarblue-collarblue-collarblue-collarblue-collarblue-collarblue-collarblue-collarblue-collarblue-collarblue-collarblue-collarblue-collarblue-collarblue-collarblue-collarblue-collarblue-collarblue-collarblue-collarblue-collarblue-collarblue-collarblue-collarblue-collarblue-collarblue-collarblue-collarblue-collarblue-collarblue-collarblue-collarblue-collarblue-collarblue-collarblue-collarblue-collarblue-collarblue-collarblue-collarblue-collarblue-collarblue-collarblue-collarblue-collarblue-collarblue-collarblue-collarblue-collarblue-collarblue-collarblue-collarblue-collarblue-collarblue-collarblue-collarblue-collarblue-collarblue-collarblue-collarblue-collarblue-collarblue-collarblue-collarblue-collarblue-collarblue-collarblue-collarblue-collarblue-collarblue-collarblue-collarblue-collarblue-collarblue-collarblue-collarblue-collarblue-collarblue-collarblue-collarblue-collarblue-collarblue-collarblue-collarblue-collarblue-collarblue-collarblue-collarblue-collarblue-collarblue-collarblue-collarblue-collarblue-collarblue-collarblue-collarblue-collarblue-collarblue-collarblue-collarblue-collarblue-collarblue-collarblue-collarblue-collarblue-collarblue-collarblue-collarblue-collarblue-collarblue-collarblue-collarblue-collarblue-collarblue-collarblue-collarblue-collarblue-collarblue-collarblue-collarblue-collarblue-collarblue-collarblue-collarblue-collarblue-collarblue-collarblue-collarblue-collarblue-collarblue-collarblue-collarblue-collarblue-collarblue-collarblue-collarblue-collarblue-collarblue-collarblue-collarblue-collarblue-collarblue-collarblue-collarblue-collarblue-collarblue-collarblue-collarblue-collarblue-collarblue-collarblue-collarblue-collarblue-collarblue-collarblue-collarblue-collarblue-collarblue-collarblue-collarblue-collarblue-collarblue-collarblue-collarblue-collarblue-collarblue-collarblue-collarblue-collarblue-collarblue-collarblue-collarblue-collarblue-collarblue-collarblue-collarblue-collarblue-collarblue-collarblue-collarblue-collarblue-collarblue-collarblue-collarblue-collarblue-collarblue-collarblue-collarblue-collarblue-collarblue-collarblue-collarblue-collarblue-collarblue-collarblue-collarblue-collarblue-collarblue-collarblue-collarblue-collarblue-collarblue-collarblue-collarblue-collarblue-collarblue-collarblue-collarblue-collarblue-collarblue-collarblue-collarblue-collarblue-collarblue-collarblue-collarblue-collarblue-collarblue-collarblue-collarblue-collarblue-collarblue-collarblue-collarblue-collarblue-collarblue-collarblue-collarblue-collarblue-collarblue-collarblue-collarblue-collarblue-collarblue-collarblue-collarblue-collarblue-collarblue-collarblue-collarblue-collarblue-collarblue-collarblue-collarblue-collarblue-collarblue-collarblue-collarblue-collarblue-collarblue-collarblue-collarblue-collarblue-collarblue-collarblue-collarblue-collarblue-collarblue-collarblue-collarblue-collarblue-collarblue-collarblue-collarblue-collarblue-collarblue-collarblue-collarblue-collarblue-collarblue-collarblue-collarblue-collarblue-collarblue-collarblue-collarblue-collarblue-collarblue-collarblue-collarblue-collarblue-collarblue-collarblue-collarblue-collarblue-collarblue-collarblue-collarblue-collarblue-collarblue-collarblue-collarblue-collarblue-collarblue-collarblue-collarblue-collarblue-collarblue-collarblue-collarblue-collarblue-collarblue-collarblue-collarblue-collarblue-collarblue-collarblue-collarblue-collarblue-collarblue-collarblue-collarblue-collarblue-collarblue-collarblue-collarblue-collarblue-collarblue-collarblue-collarblue-collarblue-collarblue-collarblue-collarblue-collarblue-collarblue-collarblue-collarblue-collarblue-collarblue-collarblue-collarblue-collarblue-collarblue-collarblue-collarblue-collarblue-collarblue-collarblue-collarblue-collarblue-collarblue-collarblue-collarblue-collarblue-collarblue-collarblue-collarblue-collarblue-collarblue-collarblue-collarblue-collarblue-collarblue-collarblue-collarblue-collarblue-collarblue-collarblue-collarblue-collarblue-collarblue-collarblue-collarblue-collarblue-collarblue-collarblue-collarblue-collarblue-collarblue-collarblue-collarblue-collarblue-collarblue-collarblue-collarblue-collarblue-collarblue-collarblue-collarblue-collarblue-collarblue-collarblue-collarblue-collarblue-collarblue-collarblue-collarblue-collarblue-collarblue-collarblue-collarblue-collarblue-collarblue-collarblue-collarblue-collarblue-collarblue-collarblue-collarblue-collarblue-collarblue-collarblue-collarblue-collarblue-collarblue-collarblue-collarblue-collarblue-collarblue-collarblue-collarblue-collarblue-collarblue-collarblue-collarblue-collarblue-collarblue-collarblue-collarblue-collarblue-collarblue-collarblue-collarblue-collarblue-collarblue-collarblue-collarblue-collarblue-collarblue-collarblue-collarblue-collarblue-collarblue-collarblue-collarblue-collarblue-collarblue-collarblue-collarblue-collarblue-collarblue-collarblue-collarblue-collarblue-collarblue-collarblue-collarblue-collarblue-collarblue-collarblue-collarblue-collarblue-collarblue-collarblue-collarblue-collarblue-collarblue-collarblue-collarblue-collarblue-collarblue-collarblue-collarblue-collarblue-collarblue-collarblue-collarblue-collarblue-collarblue-collarblue-collarblue-collarblue-collarblue-collarblue-collarblue-collarblue-collarblue-collarblue-collarblue-collarblue-collarblue-collarblue-collarblue-collarblue-collarblue-collarblue-collarblue-collarblue-collarblue-collarblue-collarblue-collarblue-collarblue-collarblue-collarblue-collarblue-collarblue-collarblue-collarblue-collarblue-collarblue-collarblue-collarblue-collarblue-collarblue-collarblue-collarblue-collarblue-collarblue-collarblue-collarblue-collarblue-collarblue-collarblue-collarblue-collarblue-collarblue-collarblue-collarblue-collarblue-collarblue-collarblue-collarblue-collarblue-collarblue-collarblue-collarblue-collarblue-collarblue-collarblue-collarblue-collarblue-collarblue-collarblue-collarblue-collarblue-collarblue-collarblue-collarblue-collarblue-collarblue-collarblue-collarblue-collarblue-collarblue-collarblue-collarblue-collarblue-collarblue-collarblue-collarblue-collarblue-collarblue-collarblue-collarblue-collarblue-collarblue-collarblue-collarblue-collarblue-collarblue-collarblue-collarblue-collarblue-collarblue-collarblue-collarblue-collarblue-collarblue-collarblue-collarblue-collarblue-collarblue-collarblue-collarblue-collarblue-collarblue-collarblue-collarblue-collarblue-collarblue-collarblue-collarblue-collarblue-collarblue-collarblue-collarblue-collarblue-collarblue-collarblue-collarblue-collarblue-collarblue-collarblue-collarblue-collarblue-collarblue-collarblue-collarblue-collarblue-collarblue-collarblue-collarblue-collarblue-collarblue-collarblue-collarblue-collarblue-collarblue-collarblue-collarblue-collarblue-collarblue-collarblue-collarblue-collarblue-collarblue-collarblue-collarblue-collarblue-collarblue-collarblue-collarblue-collarblue-collarblue-collarblue-collarblue-collarblue-collarblue-collarblue-collarblue-collarblue-collarblue-collarblue-collarblue-collarblue-collarblue-collarblue-collarblue-collarblue-collarblue-collarblue-collarblue-collarblue-collarblue-collarblue-collarblue-collarblue-collarblue-collarblue-collarblue-collarblue-collarblue-collarblue-collarblue-collarblue-collarblue-collarblue-collarblue-collarblue-collarblue-collarblue-collarblue-collarblue-collarblue-collarblue-collarblue-collarblue-collarblue-collarblue-collarblue-collarblue-collarblue-collarblue-collarblue-collarblue-collarblue-collarblue-collarblue-collarblue-collarblue-collarblue-collarblue-collarblue-collarblue-collarblue-collarblue-collarblue-collarblue-collarblue-collarblue-collarblue-collarblue-collarblue-collarblue-collarblue-collarblue-collarblue-collarblue-collarblue-collarblue-collarblue-collarblue-collarblue-collarblue-collarblue-collarblue-collarblue-collarblue-collarblue-collarblue-collarblue-collarblue-collarblue-collarblue-collarblue-collarblue-collarblue-collarblue-collarblue-collarblue-collarblue-collarblue-collarblue-collarblue-collarblue-collarblue-collarblue-collarblue-collarblue-collarblue-collarblue-collarblue-collarblue-collarblue-collarblue-collarblue-collarblue-collarblue-collarblue-collarblue-collarblue-collarblue-collarblue-collarblue-collarblue-collarblue-collarblue-collarblue-collarblue-collarblue-collarblue-collarblue-collarblue-collarblue-collarblue-collarblue-collarblue-collarblue-collarblue-collarblue-collarblue-collarblue-collarblue-collarblue-collarblue-collarblue-collarblue-collarblue-collarblue-collarblue-collarblue-collarblue-collarblue-collarblue-collarblue-collarblue-collarblue-collarblue-collarblue-collarblue-collarblue-collarblue-collarblue-collarblue-collarblue-collarblue-collarblue-collarblue-collarblue-collarblue-collarblue-collarblue-collarblue-collarblue-collarblue-collarblue-collarblue-collarblue-collarblue-collarblue-collarblue-collarblue-collarblue-collarblue-collarblue-collarblue-collarblue-collarblue-collarblue-collarblue-collarblue-collarblue-collarblue-collarblue-collarblue-collarblue-collarblue-collarblue-collarblue-collarblue-collarblue-collarblue-collarblue-collarblue-collarblue-collarblue-collarblue-collarblue-collarblue-collarblue-collarblue-collarblue-collarblue-collarblue-collarblue-collarblue-collarblue-collarblue-collarblue-collarblue-collarblue-collarblue-collarblue-collarblue-collarblue-collarblue-collarblue-collarblue-collarblue-collarblue-collarblue-collarblue-collarblue-collarblue-collarblue-collarblue-collarblue-collarblue-collarblue-collarblue-collarblue-collarblue-collarblue-collarblue-collarblue-collarblue-collarblue-collarblue-collarblue-collarblue-collarblue-collarblue-collarblue-collarblue-collarblue-collarblue-collarblue-collarblue-collarblue-collarblue-collarblue-collarblue-collarblue-collarblue-collarblue-collarblue-collarblue-collarblue-collarblue-collarblue-collarblue-collarblue-collarblue-collarblue-collarblue-collarblue-collarblue-collarblue-collarblue-collarblue-collarblue-collarblue-collarblue-collarblue-collarblue-collarblue-collarblue-collarblue-collarblue-collarblue-collarblue-collarblue-collarblue-collarblue-collarblue-collarblue-collarblue-collarblue-collarblue-collarblue-collarblue-collarblue-collarblue-collarblue-collarblue-collarblue-collarblue-collarblue-collarblue-collarblue-collarblue-collarblue-collarblue-collarblue-collarblue-collarblue-collarblue-collarblue-collarblue-collarblue-collarblue-collarblue-collarblue-collarblue-collarblue-collarblue-collarblue-collarblue-collarblue-collarblue-collarblue-collarblue-collarblue-collarblue-collarblue-collarblue-collarblue-collarblue-collarblue-collarblue-collarblue-collarblue-collarblue-collarblue-collarblue-collarblue-collarblue-collarblue-collarblue-collarblue-collarblue-collarblue-collarblue-collarblue-collarblue-collarblue-collarblue-collarblue-collarblue-collarblue-collarblue-collarblue-collarblue-collarblue-collarblue-collarblue-collarblue-collarblue-collarblue-collarblue-collarblue-collarblue-collarblue-collarblue-collarblue-collarblue-collarblue-collarblue-collarblue-collarblue-collarblue-collarblue-collarblue-collarblue-collarblue-collarblue-collarblue-collarblue-collarblue-collarblue-collarblue-collarblue-collarblue-collarblue-collarblue-collarblue-collarblue-collarblue-collarblue-collarblue-collarblue-collarblue-collarblue-collarblue-collarblue-collarblue-collarblue-collarblue-collarblue-collarblue-collarblue-collarblue-collarblue-collarblue-collarblue-collarblue-collarblue-collarblue-collarblue-collarblue-collarblue-collarblue-collarblue-collarblue-collarblue-collarblue-collarblue-collarblue-collarblue-collarblue-collarblue-collarblue-collarblue-collarblue-collarblue-collarblue-collarblue-collarblue-collarblue-collarblue-collarblue-collarblue-collarblue-collarblue-collarblue-collarblue-collarblue-collarblue-collarblue-collarblue-collarblue-collarblue-collarblue-collarblue-collarblue-collarblue-collarblue-collarblue-collarblue-collarblue-collarblue-collarblue-collarblue-collarblue-collarblue-collarblue-collarblue-collarblue-collarblue-collarblue-collarblue-collarblue-collarblue-collarblue-collarblue-collarblue-collarblue-collarblue-collarblue-collarblue-collarblue-collarblue-collarblue-collarblue-collarblue-collarblue-collarblue-collarblue-collarblue-collarblue-collarblue-collarblue-collarblue-collarblue-collarblue-collarblue-collarblue-collarblue-collarblue-collarblue-collarblue-collarblue-collarblue-collarblue-collarblue-collarblue-collarblue-collarblue-collarblue-collarblue-collarblue-collarblue-collarblue-collarblue-collarblue-collarblue-collarblue-collarblue-collarblue-collarblue-collarblue-collarblue-collarblue-collarblue-collarblue-collarblue-collarblue-collarblue-collarblue-collarblue-collarblue-collarblue-collarblue-collarblue-collarblue-collarblue-collarblue-collarblue-collarblue-collarblue-collarblue-collarblue-collarblue-collarblue-collarblue-collarblue-collarblue-collarblue-collarblue-collarblue-collarblue-collarblue-collarblue-collarblue-collarblue-collarblue-collarblue-collarblue-collarblue-collarblue-collarblue-collarblue-collarblue-collarblue-collarblue-collarblue-collarblue-collarblue-collarblue-collarblue-collarblue-collarblue-collarblue-collarblue-collarblue-collarblue-collarblue-collarblue-collarblue-collarblue-collarblue-collarblue-collarblue-collarblue-collarblue-collarblue-collarblue-collarblue-collarblue-collarblue-collarblue-collarblue-collarblue-collarblue-collarblue-collarblue-collarblue-collarblue-collarblue-collarblue-collarblue-collarblue-collarblue-collarblue-collarblue-collarblue-collarblue-collarblue-collarblue-collarblue-collarblue-collarblue-collarblue-collarblue-collarblue-collarblue-collarblue-collarblue-collarblue-collarblue-collarblue-collarblue-collarblue-collarblue-collarblue-collarblue-collarblue-collarblue-collarblue-collarblue-collarblue-collarblue-collarblue-collarblue-collarblue-collarblue-collarblue-collarblue-collarblue-collarblue-collarblue-collarblue-collarblue-collarblue-collarblue-collarblue-collarblue-collarblue-collarblue-collarblue-collarblue-collarblue-collarblue-collarblue-collarblue-collarblue-collarblue-collarblue-collarblue-collarblue-collarblue-collarblue-collarblue-collarblue-collarblue-collarblue-collarblue-collarblue-collarblue-collarblue-collarblue-collarblue-collarblue-collarblue-collarblue-collarblue-collarblue-collarblue-collarblue-collarblue-collarblue-collarblue-collarblue-collarblue-collarblue-collarblue-collarblue-collarblue-collarblue-collarblue-collarblue-collarblue-collarblue-collarblue-collarblue-collarblue-collarblue-collarblue-collarblue-collarblue-collarblue-collarblue-collarblue-collarblue-collarblue-collarblue-collarblue-collarblue-collarblue-collarblue-collarblue-collarblue-collarblue-collarblue-collarblue-collarblue-collarblue-collarblue-collarblue-collarblue-collarblue-collarblue-collarblue-collarblue-collarblue-collarblue-collarblue-collarblue-collarblue-collarblue-collarblue-collarblue-collarblue-collarblue-collarblue-collarblue-collarblue-collarblue-collarblue-collarblue-collarblue-collarblue-collarblue-collarblue-collarblue-collarblue-collarblue-collarblue-collarblue-collarblue-collarblue-collarblue-collarblue-collarblue-collarblue-collarblue-collarblue-collarblue-collarblue-collarblue-collarblue-collarblue-collarblue-collarblue-collarblue-collarblue-collarblue-collarblue-collarblue-collarblue-collarblue-collarblue-collarblue-collarblue-collarblue-collarblue-collarblue-collarblue-collarblue-collarblue-collarblue-collarblue-collarblue-collarblue-collarblue-collarblue-collarblue-collarblue-collarblue-collarblue-collarblue-collarblue-collarblue-collarblue-collarblue-collarblue-collarblue-collarblue-collarblue-collarblue-collarblue-collarblue-collarblue-collarblue-collarblue-collarblue-collarblue-collarblue-collarblue-collarblue-collarblue-collarblue-collarblue-collarblue-collarblue-collarblue-collarblue-collarblue-collarblue-collarblue-collarblue-collarblue-collarblue-collarblue-collarblue-collarblue-collarblue-collarblue-collarblue-collarblue-collarblue-collarblue-collarblue-collarblue-collarblue-collarblue-collarblue-collarblue-collarblue-collarblue-collarblue-collarblue-collarblue-collarblue-collarblue-collarblue-collarblue-collarblue-collarblue-collarblue-collarblue-collarblue-collarblue-collarblue-collarblue-collarblue-collarblue-collarblue-collarblue-collarblue-collarblue-collarblue-collarblue-collarblue-collarblue-collarblue-collarblue-collarblue-collarblue-collarblue-collarblue-collarblue-collarblue-collarblue-collarblue-collarblue-collarblue-collarblue-collarblue-collarblue-collarblue-collarblue-collarblue-collarblue-collarblue-collarblue-collarblue-collarblue-collarblue-collarblue-collarblue-collarblue-collarblue-collarblue-collarblue-collarblue-collarblue-collarblue-collarblue-collarblue-collarblue-collarblue-collarblue-collarblue-collarblue-collarblue-collarblue-collarblue-collarblue-collarblue-collarblue-collarblue-collarblue-collarblue-collarblue-collarblue-collarblue-collarblue-collarblue-collarblue-collarblue-collarblue-collarblue-collarblue-collarblue-collarblue-collarblue-collarblue-collarblue-collarblue-collarblue-collarblue-collarblue-collarblue-collarblue-collarblue-collarblue-collarblue-collarblue-collarblue-collarblue-collarblue-collarblue-collarblue-collarblue-collarblue-collarblue-collarblue-collarblue-collarblue-collarblue-collarblue-collarblue-collarblue-collarblue-collarblue-collarblue-collarblue-collarblue-collarblue-collarblue-collarblue-collarblue-collarblue-collarblue-collarblue-collarblue-collarblue-collarblue-collarblue-collarblue-collarblue-collarblue-collarblue-collarblue-collarblue-collarblue-collarblue-collarblue-collarblue-collarblue-collarblue-collarblue-collarblue-collarblue-collarblue-collarblue-collarblue-collarblue-collarblue-collarblue-collarblue-collarblue-collarblue-collarblue-collarblue-collarblue-collarblue-collarblue-collarblue-collarblue-collarblue-collarblue-collarblue-collarblue-collarblue-collarblue-collarblue-collarblue-collarblue-collarblue-collarblue-collarblue-collarblue-collarblue-collarblue-collarblue-collarblue-collarblue-collarblue-collarblue-collarblue-collarblue-collarblue-collarblue-collarblue-collarblue-collarblue-collarblue-collarblue-collarblue-collarblue-collarblue-collarblue-collarblue-collarblue-collarblue-collarblue-collarblue-collarblue-collarblue-collarblue-collarblue-collarblue-collarblue-collarblue-collarblue-collarblue-collarblue-collarblue-collarblue-collarblue-collarblue-collarblue-collarblue-collarblue-collarblue-collarblue-collarblue-collarblue-collarblue-collarblue-collarblue-collarblue-collarblue-collarblue-collarblue-collarblue-collarblue-collarblue-collarblue-collarblue-collarblue-collarblue-collarblue-collarblue-collarblue-collarblue-collarblue-collarblue-collarblue-collarblue-collarblue-collarblue-collarblue-collarblue-collarblue-collarblue-collarblue-collarblue-collarblue-collarblue-collarblue-collarblue-collarblue-collarblue-collarblue-collarblue-collarblue-collarblue-collarblue-collarblue-collarblue-collarblue-collarblue-collarblue-collarblue-collarblue-collarblue-collarblue-collarblue-collarblue-collarblue-collarblue-collarblue-collarblue-collarblue-collarblue-collarblue-collarblue-collarblue-collarblue-collarblue-collarblue-collarblue-collarblue-collarblue-collarblue-collarblue-collarblue-collarblue-collarblue-collarblue-collarblue-collarblue-collarblue-collarblue-collarblue-collarblue-collarblue-collarblue-collarblue-collarblue-collarblue-collarblue-collarblue-collarblue-collarblue-collarblue-collarblue-collarblue-collarblue-collarblue-collarblue-collarblue-collarblue-collarblue-collarblue-collarblue-collarblue-collarblue-collarblue-collarblue-collarblue-collarblue-collarblue-collarblue-collarblue-collarblue-collarblue-collarblue-collarblue-collarblue-collarblue-collarblue-collarblue-collarblue-collarblue-collarblue-collarblue-collarblue-collarblue-collarblue-collarblue-collarblue-collarblue-collarblue-collarblue-collarblue-collarblue-collarblue-collarblue-collarblue-collarblue-collarblue-collarblue-collarblue-collarblue-collarblue-collarblue-collarblue-collarblue-collarblue-collarblue-collarblue-collarblue-collarblue-collarblue-collarblue-collarblue-collarblue-collarblue-collarblue-collarblue-collarblue-collarblue-collarblue-collarblue-collarblue-collarblue-collarblue-collarblue-collarblue-collarblue-collarblue-collarblue-collarblue-collarblue-collarblue-collarblue-collarblue-collarblue-collarblue-collarblue-collarblue-collarblue-collarblue-collarblue-collarblue-collarblue-collarblue-collarblue-collarblue-collarblue-collarblue-collarblue-collarblue-collarblue-collarblue-collarblue-collarblue-collarblue-collarblue-collarblue-collarblue-collarblue-collarblue-collarblue-collarblue-collarblue-collarblue-collarblue-collarblue-collarblue-collarblue-collarblue-collarblue-collarblue-collarblue-collarblue-collarblue-collarblue-collarblue-collarblue-collarblue-collarblue-collarblue-collarblue-collarblue-collarblue-collarblue-collarblue-collarblue-collarblue-collarblue-collarblue-collarblue-collarblue-collarblue-collarblue-collarblue-collarblue-collarblue-collarblue-collarblue-collarblue-collarblue-collarblue-collarblue-collarblue-collarblue-collarblue-collarblue-collarblue-collarblue-collarblue-collarblue-collarblue-collarblue-collarblue-collarblue-collarblue-collarblue-collarblue-collarblue-collarblue-collarblue-collarblue-collarblue-collarblue-collarblue-collarblue-collarblue-collarblue-collarblue-collarblue-collarblue-collarblue-collarblue-collarblue-collarblue-collarblue-collarblue-collarblue-collarblue-collarblue-collarblue-collarblue-collarblue-collarblue-collarblue-collarblue-collarblue-collarblue-collarblue-collarblue-collarblue-collarblue-collarblue-collarblue-collarblue-collarblue-collarblue-collarblue-collarblue-collarblue-collarblue-collarblue-collarblue-collarblue-collarblue-collarblue-collarblue-collarblue-collarblue-collarblue-collarblue-collarblue-collarblue-collarblue-collarblue-collarblue-collarblue-collarblue-collarblue-collarblue-collarblue-collarblue-collarblue-collarblue-collarblue-collarblue-collarblue-collarblue-collarblue-collarblue-collarblue-collarblue-collarblue-collarblue-collarblue-collarblue-collarblue-collarblue-collarblue-collarblue-collarblue-collarblue-collarblue-collarblue-collarblue-collarblue-collarblue-collarblue-collarblue-collarblue-collarblue-collarblue-collarblue-collarblue-collarblue-collarblue-collarblue-collarblue-collarblue-collarblue-collarblue-collarblue-collarblue-collarblue-collarblue-collarblue-collarblue-collarblue-collarblue-collarblue-collarblue-collarblue-collarblue-collarblue-collarblue-collarblue-collarblue-collarblue-collarblue-collarblue-collarblue-collarblue-collarblue-collarblue-collarblue-collarblue-collarblue-collarblue-collarblue-collarblue-collarblue-collarblue-collarblue-collarblue-collarblue-collarblue-collarblue-collarblue-collarblue-collarblue-collarblue-collarblue-collarblue-collarblue-collarblue-collarblue-collarblue-collarblue-collarblue-collarblue-collarblue-collarblue-collarblue-collarblue-collarblue-collarblue-collarblue-collarblue-collarblue-collarblue-collarblue-collarblue-collarblue-collarblue-collarblue-collarblue-collarblue-collarblue-collarblue-collarblue-collarblue-collarblue-collarblue-collarblue-collarblue-collarblue-collarblue-collarblue-collarblue-collarblue-collarblue-collarblue-collarblue-collarblue-collarblue-collarblue-collarblue-collarblue-collarblue-collarblue-collarblue-collarblue-collarblue-collarblue-collarblue-collarblue-collarblue-collarblue-collarblue-collarblue-collarblue-collarblue-collarblue-collarblue-collarblue-collarblue-collarblue-collarblue-collarblue-collarblue-collarblue-collarblue-collarblue-collarblue-collarblue-collarblue-collarblue-collarblue-collarblue-collarblue-collarblue-collarblue-collarblue-collarblue-collarblue-collarblue-collarblue-collarblue-collarblue-collarblue-collarblue-collarblue-collarblue-collarblue-collarblue-collarblue-collarblue-collarblue-collarblue-collarblue-collarblue-collarblue-collarblue-collarblue-collarblue-collarblue-collarblue-collarblue-collarblue-collarblue-collarblue-collarblue-collarblue-collarblue-collarblue-collarblue-collarblue-collarblue-collarblue-collarblue-collarblue-collarblue-collarblue-collarblue-collarblue-collarblue-collarblue-collarblue-collarblue-collarblue-collarblue-collarblue-collarblue-collarblue-collarblue-collarblue-collarblue-collarblue-collarblue-collarblue-collarblue-collarblue-collarblue-collarblue-collarblue-collarblue-collarblue-collarblue-collarblue-collarblue-collarblue-collarblue-collarblue-collarblue-collarblue-collarblue-collarblue-collarblue-collarblue-collarblue-collarblue-collarblue-collarblue-collarblue-collarblue-collarblue-collarblue-collarblue-collarblue-collarblue-collarblue-collarblue-collarblue-collarblue-collarblue-collarblue-collarblue-collarblue-collarblue-collarblue-collarblue-collarblue-collarblue-collarblue-collarblue-collarblue-collarblue-collarblue-collarblue-collarblue-collarblue-collarblue-collarblue-collarblue-collarblue-collarblue-collarblue-collarblue-collarblue-collarblue-collarblue-collarblue-collarblue-collarblue-collarblue-collarblue-collarblue-collarblue-collarblue-collarblue-collarblue-collarblue-collarblue-collarblue-collarblue-collarblue-collarblue-collarblue-collarblue-collarblue-collarblue-collarblue-collarblue-collarblue-collarblue-collarblue-collarblue-collarblue-collarblue-collarblue-collarblue-collarblue-collarblue-collarblue-collarblue-collarblue-collarblue-collarblue-collarblue-collarblue-collarblue-collarblue-collarblue-collarblue-collarblue-collarblue-collarblue-collarblue-collarblue-collarblue-collarblue-collarblue-collarblue-collarblue-collarblue-collarblue-collarblue-collarblue-collarblue-collarblue-collarblue-collarblue-collarblue-collarblue-collarblue-collarblue-collarblue-collarblue-collarblue-collarblue-collarblue-collarblue-collarblue-collarblue-collarblue-collarblue-collarblue-collarblue-collarblue-collarblue-collarblue-collarblue-collarblue-collarblue-collarblue-collarblue-collarblue-collarblue-collarblue-collarblue-collarblue-collarblue-collarblue-collarblue-collarblue-collarblue-collarblue-collarblue-collarblue-collarblue-collarblue-collarblue-collarblue-collarblue-collarblue-collarblue-collarblue-collarblue-collarblue-collarblue-collarblue-collarblue-collarblue-collarblue-collarblue-collarblue-collarblue-collarblue-collarblue-collarblue-collarblue-collarblue-collarblue-collarblue-collarblue-collarblue-collarblue-collarblue-collarblue-collarblue-collarblue-collarblue-collarblue-collarblue-collarblue-collarblue-collarblue-collarblue-collarblue-collarblue-collarblue-collarblue-collarblue-collarblue-collarblue-collarblue-collarblue-collarblue-collarblue-collarblue-collarblue-collarblue-collarblue-collarblue-collarblue-collarblue-collarblue-collarblue-collarblue-collarblue-collarblue-collarblue-collarblue-collarblue-collarblue-collarblue-collarblue-collarblue-collarblue-collarblue-collarblue-collarblue-collarblue-collarblue-collarblue-collarblue-collarblue-collarblue-collarblue-collarblue-collarblue-collarblue-collarblue-collarblue-collarblue-collarblue-collarblue-collarblue-collarblue-collarblue-collarblue-collarblue-collarblue-collarblue-collarblue-collarblue-collarblue-collarblue-collarblue-collarblue-collarblue-collarblue-collarblue-collarblue-collarblue-collarblue-collarblue-collarblue-collarblue-collarblue-collarblue-collarblue-collarblue-collarblue-collarblue-collarblue-collarblue-collarblue-collarblue-collarblue-collarblue-collarblue-collarblue-collarblue-collarblue-collarblue-collarblue-collarblue-collarblue-collarblue-collarblue-collarblue-collarblue-collarblue-collarblue-collarblue-collarblue-collarblue-collarblue-collarblue-collarblue-collarblue-collarblue-collarblue-collarblue-collarblue-collarblue-collarblue-collarblue-collarblue-collarblue-collarblue-collarblue-collarblue-collarblue-collarblue-collarblue-collarblue-collarblue-collarblue-collarblue-collarblue-collarblue-collarblue-collarblue-collarblue-collarblue-collarblue-collarblue-collarblue-collarblue-collarblue-collarblue-collarblue-collarblue-collarblue-collarblue-collarblue-collarblue-collarblue-collarblue-collarblue-collarblue-collarblue-collarblue-collarblue-collarblue-collarblue-collarblue-collarblue-collarblue-collarblue-collarblue-collarblue-collarblue-collarblue-collarblue-collarblue-collarblue-collarblue-collarblue-collarblue-collarblue-collarblue-collarblue-collarblue-collarblue-collarblue-collarblue-collarblue-collarblue-collarblue-collarblue-collarblue-collarblue-collarblue-collarblue-collarblue-collarblue-collarblue-collarblue-collarblue-collarblue-collarblue-collarblue-collarblue-collarblue-collarblue-collarblue-collarblue-collarblue-collarblue-collarblue-collarblue-collarblue-collarblue-collarblue-collarblue-collarblue-collarblue-collarblue-collarblue-collarblue-collarblue-collarblue-collarblue-collarblue-collarblue-collarblue-collarblue-collarblue-collarblue-collarblue-collarblue-collarblue-collarblue-collarblue-collarblue-collarblue-collarblue-collarblue-collarblue-collarblue-collarblue-collarblue-collarblue-collarblue-collarblue-collarblue-collarblue-collarblue-collarblue-collarblue-collarblue-collarblue-collarblue-collarblue-collarblue-collarblue-collarblue-collarblue-collarblue-collarblue-collarblue-collarblue-collarblue-collarblue-collarblue-collarblue-collarblue-collarblue-collarblue-collarblue-collarblue-collarblue-collarblue-collarblue-collarblue-collarblue-collarblue-collarblue-collarblue-collarblue-collarblue-collarblue-collarblue-collarblue-collarblue-collarblue-collarblue-collarblue-collarblue-collarblue-collarblue-collarblue-collarblue-collarblue-collarblue-collarblue-collarblue-collarblue-collarblue-collarblue-collarblue-collarblue-collarblue-collarblue-collarblue-collarblue-collarblue-collarblue-collarblue-collarblue-collarblue-collarblue-collarblue-collarblue-collarblue-collarblue-collarblue-collarblue-collarblue-collarblue-collarblue-collarblue-collarblue-collarblue-collarblue-collarblue-collarblue-collarblue-collarblue-collarblue-collarblue-collarblue-collarblue-collarblue-collarblue-collarblue-collarblue-collarblue-collarblue-collarblue-collarblue-collarblue-collarblue-collarblue-collarblue-collarblue-collarblue-collarblue-collarblue-collarblue-collarblue-collarblue-collarblue-collarblue-collarblue-collarblue-collarblue-collarblue-collarblue-collarblue-collarblue-collarblue-collarblue-collarblue-collarblue-collarblue-collarblue-collarblue-collarblue-collarblue-collarblue-collarblue-collarblue-collarblue-collarblue-collarblue-collarblue-collarblue-collarblue-collarblue-collarblue-collarblue-collarblue-collarblue-collarblue-collarblue-collarblue-collarblue-collarblue-collarblue-collarblue-collarblue-collarblue-collarblue-collarblue-collarblue-collarblue-collarblue-collarblue-collarblue-collarblue-collarblue-collarblue-collarblue-collarblue-collarblue-collarblue-collarblue-collarblue-collarblue-collarblue-collarblue-collarblue-collarblue-collarblue-collarblue-collarblue-collarblue-collarblue-collarblue-collarblue-collarblue-collarblue-collarblue-collarblue-collarblue-collarblue-collarblue-collarblue-collarblue-collarblue-collarblue-collarblue-collarblue-collarblue-collarblue-collarblue-collarblue-collarblue-collarblue-collarblue-collarblue-collarblue-collarblue-collarblue-collarblue-collarblue-collarblue-collarblue-collarblue-collarblue-collarblue-collarblue-collarblue-collarblue-collarblue-collarblue-collarblue-collarblue-collarblue-collarblue-collarblue-collarblue-collarblue-collarblue-collarblue-collarblue-collarblue-collarblue-collarblue-collarblue-collarblue-collarblue-collarblue-collarblue-collarblue-collarblue-collarblue-collarblue-collarblue-collarblue-collarblue-collarblue-collarblue-collarblue-collarblue-collarblue-collarblue-collarblue-collarblue-collarblue-collarblue-collarblue-collarblue-collarblue-collarblue-collarblue-collarblue-collarblue-collarblue-collarblue-collarblue-collarblue-collarblue-collarblue-collarblue-collarblue-collarblue-collarblue-collarblue-collarblue-collarblue-collarblue-collarblue-collarblue-collarblue-collarblue-collarblue-collarblue-collarblue-collarblue-collarblue-collarblue-collarblue-collarblue-collarblue-collarblue-collarblue-collarblue-collarblue-collarblue-collarblue-collarblue-collarblue-collarblue-collarblue-collarblue-collarblue-collarblue-collarblue-collarblue-collarblue-collarblue-collarblue-collarblue-collarblue-collarblue-collarblue-collarblue-collarblue-collarblue-collarblue-collarblue-collarblue-collarblue-collarblue-collarblue-collarblue-collarblue-collarblue-collarblue-collarblue-collarblue-collarblue-collarblue-collarblue-collarblue-collarblue-collarblue-collarblue-collarblue-collarblue-collarblue-collarblue-collarblue-collarblue-collarblue-collarblue-collarblue-collarblue-collarblue-collarblue-collarblue-collarblue-collarblue-collarblue-collarblue-collarblue-collarblue-collarblue-collarblue-collarblue-collarblue-collarblue-collarblue-collarblue-collarblue-collarblue-collarblue-collarblue-collarblue-collarblue-collarblue-collarblue-collarblue-collarblue-collarblue-collarblue-collarblue-collarblue-collarblue-collarblue-collarblue-collarblue-collarblue-collarblue-collarblue-collarblue-collarblue-collarblue-collarblue-collarblue-collarblue-collarblue-collarblue-collarblue-collarblue-collarblue-collarblue-collarblue-collarblue-collarblue-collarblue-collarblue-collarblue-collarblue-collarblue-collarblue-collarblue-collarblue-collarblue-collarblue-collarblue-collarblue-collarblue-collarblue-collarblue-collarblue-collarblue-collarblue-collarblue-collarblue-collarblue-collarblue-collarblue-collarblue-collarblue-collarblue-collarblue-collarblue-collarblue-collarblue-collarblue-collarblue-collarblue-collarblue-collarblue-collarblue-collarblue-collarblue-collarblue-collarblue-collarblue-collarblue-collarblue-collarblue-collarblue-collarblue-collarblue-collarblue-collarblue-collarblue-collarblue-collarblue-collarblue-collarblue-collarblue-collarblue-collarblue-collarblue-collarblue-collarblue-collarblue-collarblue-collarblue-collarblue-collarblue-collarblue-collarblue-collarblue-collarblue-collarblue-collarblue-collarblue-collarblue-collarblue-collarblue-collarblue-collarblue-collarblue-collarblue-collarblue-collarblue-collarblue-collarblue-collarblue-collarblue-collarblue-collarblue-collarblue-collarblue-collarblue-collarblue-collarblue-collarblue-collarblue-collarblue-collarblue-collarblue-collarblue-collarblue-collarblue-collarblue-collarblue-collarblue-collarblue-collarblue-collarblue-collarblue-collarblue-collarblue-collarblue-collarblue-collarblue-collarblue-collarblue-collarblue-collarblue-collarblue-collarblue-collarblue-collarblue-collarblue-collarblue-collarblue-collarblue-collarblue-collarblue-collarblue-collarblue-collarblue-collarblue-collarblue-collarblue-collarblue-collarblue-collarblue-collarblue-collarblue-collarblue-collarblue-collarblue-collarblue-collarblue-collarblue-collarblue-collarblue-collarblue-collarblue-collarblue-collarblue-collarblue-collarblue-collarblue-collarblue-collarblue-collarblue-collarblue-collarblue-collarblue-collarblue-collarblue-collarblue-collarblue-collarblue-collarblue-collarblue-collarblue-collarblue-collarblue-collarblue-collarblue-collarblue-collarblue-collarblue-collarblue-collarblue-collarblue-collarblue-collarblue-collarblue-collarblue-collarblue-collarblue-collarblue-collarblue-collarblue-collarblue-collarblue-collarblue-collarblue-collarblue-collarblue-collarblue-collarblue-collarblue-collarblue-collarblue-collarblue-collarblue-collarblue-collarblue-collarblue-collarblue-collarblue-collarblue-collarblue-collarblue-collarblue-collarblue-collarblue-collarblue-collarblue-collarblue-collarblue-collarblue-collarblue-collarblue-collarblue-collarblue-collarblue-collarblue-collarblue-collarblue-collarblue-collarblue-collarblue-collarblue-collarblue-collarblue-collarblue-collarblue-collarblue-collarblue-collarblue-collarblue-collarblue-collarblue-collarblue-collarblue-collarblue-collarblue-collarblue-collarblue-collarblue-collarblue-collarblue-collarblue-collarblue-collarblue-collarblue-collarblue-collarblue-collarblue-collarblue-collarblue-collarblue-collarblue-collarblue-collarblue-collarblue-collarblue-collarblue-collarblue-collarblue-collarblue-collarblue-collarblue-collarblue-collarblue-collarblue-collarblue-collarblue-collarblue-collarblue-collarblue-collarblue-collarblue-collarblue-collarblue-collarblue-collarblue-collarblue-collarblue-collarblue-collarblue-collarblue-collarblue-collarblue-collarblue-collarblue-collarblue-collarblue-collarblue-collarblue-collarblue-collarblue-collarblue-collarblue-collarblue-collarblue-collarblue-collarblue-collarblue-collarblue-collarblue-collarblue-collarblue-collarblue-collarblue-collarblue-collarblue-collarblue-collarblue-collarblue-collarblue-collarblue-collarblue-collarblue-collarblue-collarblue-collarblue-collarblue-collarblue-collarblue-collarblue-collarblue-collarblue-collarblue-collarblue-collarblue-collarblue-collarblue-collarblue-collarblue-collarblue-collarblue-collarblue-collarblue-collarblue-collarblue-collarblue-collarblue-collarblue-collarblue-collarblue-collarblue-collarblue-collarblue-collarblue-collarblue-collarblue-collarblue-collarblue-collarblue-collarblue-collarblue-collarblue-collarblue-collarblue-collarblue-collarblue-collarblue-collarblue-collarblue-collarblue-collarblue-collarblue-collarblue-collarblue-collarblue-collarblue-collarblue-collarblue-collarblue-collarblue-collarblue-collarblue-collarblue-collarblue-collarblue-collarblue-collarblue-collarblue-collarblue-collarblue-collarblue-collarblue-collarblue-collarblue-collarblue-collarblue-collarblue-collarblue-collarblue-collarblue-collarblue-collarblue-collarblue-collarblue-collarblue-collarblue-collarblue-collarblue-collarblue-collarblue-collarblue-collarblue-collarblue-collarblue-collarblue-collarblue-collarblue-collarblue-collarblue-collarblue-collarblue-collarblue-collarblue-collarblue-collarblue-collarblue-collarblue-collarblue-collarblue-collarblue-collarblue-collarblue-collarblue-collarblue-collarblue-collarblue-collarblue-collarblue-collarblue-collarblue-collarblue-collarblue-collarblue-collarblue-collarblue-collarblue-collarblue-collarblue-collarblue-collarblue-collarblue-collarblue-collarblue-collarblue-collarblue-collarblue-collarblue-collarblue-collarblue-collarblue-collarblue-collarblue-collarblue-collarblue-collarblue-collarblue-collarblue-collarblue-collarblue-collarblue-collarblue-collarblue-collarblue-collarblue-collarblue-collarblue-collarblue-collarblue-collarblue-collarblue-collarblue-collarblue-collarblue-collarblue-collarblue-collarblue-collarblue-collarblue-collarblue-collarblue-collarblue-collarblue-collarblue-collarblue-collarblue-collarblue-collarblue-collarblue-collarblue-collarblue-collarblue-collarblue-collarblue-collarblue-collarblue-collarblue-collarblue-collarblue-collarblue-collarblue-collarblue-collarblue-collarblue-collarblue-collarblue-collarblue-collarblue-collarblue-collarblue-collarblue-collarblue-collarblue-collarblue-collarblue-collarblue-collarblue-collarblue-collarblue-collarblue-collarblue-collarblue-collarblue-collarblue-collarblue-collarblue-collarblue-collarblue-collarblue-collarblue-collarblue-collarblue-collarblue-collarblue-collarblue-collarblue-collarblue-collarblue-collarblue-collarblue-collarblue-collarblue-collarblue-collarblue-collarblue-collarblue-collarblue-collarblue-collarblue-collarblue-collarblue-collarblue-collarblue-collarblue-collarblue-collarblue-collarblue-collarblue-collarblue-collarblue-collarblue-collarblue-collarblue-collarblue-collarblue-collarblue-collarblue-collarblue-collarblue-collarblue-collarblue-collarblue-collarblue-collarblue-collarblue-collarblue-collarblue-collarblue-collarblue-collarblue-collarblue-collarblue-collarblue-collarblue-collarblue-collarblue-collarblue-collarblue-collarblue-collarblue-collarblue-collarblue-collarblue-collarblue-collarblue-collarblue-collarblue-collarblue-collarblue-collarblue-collarblue-collarblue-collarblue-collarblue-collarblue-collarblue-collarblue-collarblue-collarblue-collarblue-collarblue-collarblue-collarblue-collarblue-collarblue-collarblue-collarblue-collarblue-collarblue-collarblue-collarblue-collarblue-collarblue-collarblue-collarblue-collarblue-collarblue-collarblue-collarblue-collarblue-collarblue-collarblue-collarblue-collarblue-collarblue-collarblue-collarblue-collarblue-collarblue-collarblue-collarblue-collarblue-collarblue-collarblue-collarblue-collarblue-collarblue-collarblue-collarblue-collarblue-collarblue-collarblue-collarblue-collarblue-collarblue-collarblue-collarblue-collarblue-collarblue-collarblue-collarblue-collarblue-collarblue-collarblue-collarblue-collarblue-collarblue-collarblue-collarblue-collarblue-collarblue-collarblue-collarblue-collarblue-collarblue-collarblue-collarblue-collarblue-collarblue-collarblue-collarblue-collarblue-collarblue-collarblue-collarblue-collarblue-collarblue-collarblue-collarblue-collarblue-collarblue-collarblue-collarblue-collarblue-collarblue-collarblue-collarblue-collarblue-collarblue-collarblue-collarblue-collarblue-collarblue-collarblue-collarblue-collarblue-collarblue-collarblue-collarblue-collarblue-collarblue-collarblue-collarblue-collarblue-collarblue-collarblue-collarblue-collarblue-collarblue-collarblue-collarblue-collarblue-collarblue-collarblue-collarblue-collarblue-collarblue-collarblue-collarblue-collarblue-collarblue-collarblue-collarblue-collarblue-collarblue-collarblue-collarblue-collarblue-collarblue-collarblue-collarblue-collarblue-collarblue-collarblue-collarblue-collarblue-collarblue-collarblue-collarblue-collarblue-collarblue-collarblue-collarblue-collarblue-collarblue-collarblue-collarblue-collarblue-collarblue-collarblue-collarblue-collarblue-collarblue-collarblue-collarblue-collarblue-collarblue-collarblue-collarblue-collarblue-collarblue-collarblue-collarblue-collarblue-collarblue-collarblue-collarblue-collarblue-collarblue-collarblue-collarblue-collarblue-collarblue-collarblue-collarblue-collarblue-collarblue-collarblue-collarblue-collarblue-collarblue-collarblue-collarblue-collarblue-collarblue-collarblue-collarblue-collarblue-collarblue-collarblue-collarblue-collarblue-collarblue-collarblue-collarblue-collarblue-collarblue-collarblue-collarblue-collarblue-collarblue-collarblue-collarblue-collarblue-collarblue-collarblue-collarblue-collarblue-collarblue-collarblue-collarblue-collarblue-collarblue-collarblue-collarblue-collarblue-collarblue-collarblue-collarblue-collarblue-collarblue-collarblue-collarblue-collarblue-collarblue-collarblue-collarblue-collarblue-collarblue-collarblue-collarblue-collarblue-collarblue-collarblue-collarblue-collarblue-collarblue-collarblue-collarblue-collarblue-collarblue-collarblue-collarblue-collarblue-collarblue-collarblue-collarblue-collarblue-collarblue-collarblue-collarblue-collarblue-collarblue-collarblue-collarblue-collarblue-collarblue-collarblue-collarblue-collarblue-collarblue-collarblue-collarblue-collarblue-collarblue-collarblue-collarblue-collarblue-collarblue-collarblue-collarblue-collarblue-collarblue-collarblue-collarblue-collarblue-collarblue-collarblue-collarblue-collarblue-collarblue-collarblue-collarblue-collarblue-collarblue-collarblue-collarblue-collarblue-collarblue-collarblue-collarblue-collarblue-collarblue-collarblue-collarblue-collarblue-collarblue-collarblue-collarblue-collarblue-collarblue-collarblue-collarblue-collarblue-collarblue-collarblue-collarblue-collarblue-collarblue-collarblue-collarblue-collarblue-collarblue-collarblue-collarblue-collarblue-collarblue-collarblue-collarblue-collarblue-collarblue-collarblue-collarblue-collarblue-collarblue-collarblue-collarblue-collarblue-collarblue-collarblue-collarblue-collarblue-collarblue-collarblue-collarblue-collarblue-collarblue-collarblue-collarblue-collarblue-collarblue-collarblue-collarblue-collarblue-collarblue-collarblue-collarblue-collarblue-collarblue-collarblue-collarblue-collarblue-collarblue-collarblue-collarblue-collarblue-collarblue-collarblue-collarblue-collarblue-collarblue-collarblue-collarblue-collarblue-collarblue-collarblue-collarblue-collarblue-collarblue-collarblue-collarblue-collarblue-collarblue-collarblue-collarblue-collarblue-collarblue-collarblue-collarblue-collarblue-collarblue-collarblue-collarblue-collarblue-collarblue-collarblue-collarblue-collarblue-collarblue-collarblue-collarblue-collarblue-collarblue-collarblue-collarblue-collarblue-collarblue-collarblue-collarblue-collarblue-collarblue-collarblue-collarblue-collarblue-collarblue-collarblue-collarblue-collarblue-collarblue-collarblue-collarblue-collarblue-collarblue-collarblue-collarblue-collarblue-collarblue-collarblue-collarblue-collarblue-collarblue-collarblue-collarblue-collarblue-collarblue-collarblue-collarblue-collarblue-collarblue-collarblue-collarblue-collarblue-collarblue-collarblue-collarblue-collarblue-collarblue-collarblue-collarblue-collarblue-collarblue-collarblue-collarblue-collarblue-collarblue-collarblue-collarblue-collarblue-collarblue-collarblue-collarblue-collarblue-collarblue-collarblue-collarblue-collarblue-collarblue-collarblue-collarblue-collarblue-collarblue-collarblue-collarblue-collarblue-collarblue-collarblue-collarblue-collarblue-collarblue-collarblue-collarblue-collarblue-collarblue-collarblue-collarblue-collarblue-collarblue-collarblue-collarblue-collarblue-collarblue-collarblue-collarblue-collarblue-collarblue-collarblue-collarblue-collarblue-collarblue-collarblue-collarblue-collarblue-collarblue-collarblue-collarblue-collarblue-collarblue-collarblue-collarblue-collarblue-collarblue-collarblue-collarblue-collarblue-collarblue-collarblue-collarblue-collarblue-collarblue-collarblue-collarblue-collarblue-collarblue-collarblue-collarblue-collarblue-collarblue-collarblue-collarblue-collarblue-collarblue-collarblue-collarblue-collarblue-collarblue-collarblue-collarblue-collarblue-collarblue-collarblue-collarblue-collarblue-collarblue-collarblue-collarblue-collarblue-collarblue-collarblue-collarblue-collarblue-collarblue-collarblue-collarblue-collarblue-collarblue-collarblue-collarblue-collarblue-collarblue-collarblue-collarblue-collarblue-collarblue-collarblue-collarblue-collarblue-collarblue-collarblue-collarblue-collarblue-collarblue-collarblue-collarblue-collarblue-collarblue-collarblue-collarblue-collarblue-collarblue-collarblue-collarblue-collarblue-collarblue-collarblue-collarblue-collarblue-collarblue-collarblue-collarblue-collarblue-collarblue-collarblue-collarblue-collarblue-collarblue-collarblue-collarblue-collarblue-collarblue-collarblue-collarblue-collarblue-collarblue-collarblue-collarblue-collarblue-collarblue-collarblue-collarblue-collarblue-collarblue-collarblue-collarblue-collarblue-collarblue-collarblue-collarblue-collarblue-collarblue-collarblue-collarblue-collarblue-collarblue-collarblue-collarblue-collarblue-collarblue-collarblue-collarblue-collarblue-collarblue-collarblue-collarblue-collarblue-collarblue-collarblue-collarblue-collarblue-collarblue-collarblue-collarblue-collarblue-collarblue-collarblue-collarblue-collarblue-collarblue-collarblue-collarblue-collarblue-collarblue-collarblue-collarblue-collarblue-collarblue-collarblue-collarblue-collarblue-collarblue-collarblue-collarblue-collarblue-collarblue-collarblue-collarblue-collarblue-collarblue-collarblue-collarblue-collarblue-collarblue-collarblue-collarblue-collarblue-collarblue-collarblue-collarblue-collarblue-collarblue-collarblue-collarblue-collarblue-collarblue-collarblue-collarblue-collarblue-collarblue-collarblue-collarblue-collarblue-collarblue-collarblue-collarblue-collarblue-collarblue-collarblue-collarblue-collarblue-collarblue-collarblue-collarblue-collarblue-collarblue-collarblue-collarblue-collarblue-collarblue-collarblue-collarblue-collarblue-collarblue-collarblue-collarblue-collarblue-collarblue-collarblue-collarblue-collarblue-collarblue-collarblue-collarblue-collarblue-collarblue-collarblue-collarblue-collarblue-collarblue-collarblue-collarblue-collarblue-collarblue-collarblue-collarblue-collarblue-collarblue-collarblue-collarblue-collarblue-collarblue-collarblue-collarblue-collarblue-collarblue-collarblue-collarblue-collarblue-collarblue-collarblue-collarblue-collarblue-collarblue-collarblue-collarblue-collarblue-collarblue-collarblue-collarblue-collarblue-collarblue-collarblue-collarblue-collarblue-collarblue-collarblue-collarblue-collarblue-collarblue-collarblue-collarblue-collarblue-collarblue-collarblue-collarblue-collarblue-collarblue-collarblue-collarblue-collarblue-collarblue-collarblue-collarblue-collarblue-collarblue-collarblue-collarblue-collarblue-collarblue-collarblue-collarblue-collarblue-collarblue-collarblue-collarblue-collarblue-collarblue-collarblue-collarblue-collarblue-collarblue-collarblue-collarblue-collarblue-collarblue-collarblue-collarblue-collarblue-collarblue-collarblue-collarblue-collarblue-collarblue-collarblue-collarblue-collarblue-collarblue-collarblue-collarblue-collarblue-collarblue-collarblue-collarblue-collarblue-collarblue-collarblue-collarblue-collarblue-collarblue-collarblue-collarblue-collarblue-collarblue-collarblue-collarblue-collarblue-collarblue-collarblue-collarblue-collarblue-collarblue-collarblue-collarblue-collarblue-collarblue-collarblue-collarblue-collarblue-collarblue-collarblue-collarblue-collarblue-collarblue-collarblue-collarblue-collarblue-collarblue-collarblue-collarblue-collarblue-collarblue-collarblue-collarblue-collarblue-collarblue-collarblue-collarblue-collarblue-collarblue-collarblue-collarblue-collarblue-collarblue-collarblue-collarblue-collarblue-collarblue-collarblue-collarblue-collarblue-collarblue-collarblue-collarblue-collarblue-collarblue-collarblue-collarblue-collarblue-collarblue-collarblue-collarblue-collarblue-collarblue-collarblue-collarblue-collarblue-collarblue-collarblue-collarblue-collarblue-collarblue-collarblue-collarblue-collarblue-collarblue-collarblue-collarblue-collarblue-collarblue-collarblue-collarblue-collarblue-collarblue-collarblue-collarblue-collarblue-collarblue-collarblue-collarblue-collarblue-collarblue-collarblue-collarblue-collarblue-collarblue-collarblue-collarblue-collarblue-collarblue-collarblue-collarblue-collarblue-collarblue-collarblue-collarblue-collarblue-collarblue-collarblue-collarblue-collarblue-collarblue-collarblue-collarblue-collarblue-collarblue-collarblue-collarblue-collarblue-collarblue-collarblue-collarblue-collarblue-collarblue-collarblue-collarblue-collarblue-collarblue-collarblue-collarblue-collarblue-collarblue-collarblue-collarblue-collarblue-collarblue-collarblue-collarblue-collarblue-collarblue-collarblue-collarblue-collarblue-collarblue-collarblue-collarblue-collarblue-collarblue-collarblue-collarblue-collarblue-collarblue-collarblue-collarblue-collarblue-collarblue-collarblue-collarblue-collarblue-collarblue-collarblue-collarblue-collarblue-collarblue-collarblue-collarblue-collarblue-collarblue-collarblue-collarblue-collarblue-collarblue-collarblue-collarblue-collarblue-collarblue-collarblue-collarblue-collarblue-collarblue-collarblue-collarblue-collarblue-collarblue-collarblue-collarblue-collarblue-collarblue-collarblue-collarblue-collarblue-collarblue-collarblue-collarblue-collarblue-collarblue-collarblue-collarblue-collarblue-collarblue-collarblue-collarblue-collarblue-collarblue-collarblue-collarblue-collarblue-collarblue-collarblue-collarblue-collarblue-collarblue-collarblue-collarblue-collarblue-collarblue-collarblue-collarblue-collarblue-collarblue-collarblue-collarblue-collarblue-collarblue-collarblue-collarblue-collarblue-collarblue-collarblue-collarblue-collarblue-collarblue-collarblue-collarblue-collarblue-collarblue-collarblue-collarblue-collarblue-collarblue-collarblue-collarblue-collarblue-collarblue-collarblue-collarblue-collarblue-collarblue-collarblue-collarblue-collarblue-collarblue-collarblue-collarblue-collarblue-collarblue-collarblue-collarblue-collarblue-collarblue-collarblue-collarblue-collarblue-collarblue-collarblue-collarblue-collarblue-collarblue-collarblue-collarblue-collarblue-collarblue-collarblue-collarblue-collarblue-collarblue-collarblue-collarblue-collarblue-collarblue-collarblue-collarblue-collarblue-collarblue-collarblue-collarblue-collarblue-collarblue-collarblue-collarblue-collarblue-collarblue-collarblue-collarblue-collarblue-collarblue-collarblue-collarblue-collarblue-collarblue-collarblue-collarblue-collarblue-collarblue-collarblue-collarblue-collarblue-collarblue-collarblue-collarblue-collarblue-collarblue-collarblue-collarblue-collarblue-collarblue-collarblue-collarblue-collarblue-collarblue-collarblue-collarblue-collarblue-collarblue-collarblue-collarblue-collarblue-collarblue-collarblue-collarblue-collarblue-collarblue-collarblue-collarblue-collarblue-collarblue-collarblue-collarblue-collarblue-collarblue-collarblue-collarblue-collarblue-collarblue-collarblue-collarblue-collarblue-collarblue-collarblue-collarblue-collarblue-collarblue-collarblue-collarblue-collarblue-collarblue-collarblue-collarblue-collarblue-collarblue-collarblue-collarblue-collarblue-collarblue-collarblue-collarblue-collarblue-collarblue-collarblue-collarblue-collarblue-collarblue-collarblue-collarblue-collarblue-collarblue-collarblue-collarblue-collarblue-collarblue-collarblue-collarblue-collarblue-collarblue-collarblue-collarblue-collarblue-collarblue-collarblue-collarblue-collarblue-collarblue-collarblue-collarblue-collarblue-collarblue-collarblue-collarblue-collarblue-collarblue-collarblue-collarblue-collarblue-collarblue-collarblue-collarblue-collarblue-collarblue-collarblue-collarblue-collarblue-collarblue-collarblue-collarblue-collarblue-collarblue-collarblue-collarblue-collarblue-collarblue-collarblue-collarblue-collarblue-collarblue-collarblue-collarblue-collarblue-collarblue-collarblue-collarblue-collarblue-collarblue-collarblue-collarblue-collarblue-collarblue-collarblue-collarblue-collarblue-collarblue-collarblue-collarblue-collarblue-collarblue-collarblue-collarblue-collarblue-collarblue-collarblue-collarblue-collarblue-collarblue-collarblue-collarblue-collarblue-collarblue-collarblue-collarblue-collarblue-collarblue-collarblue-collarblue-collarblue-collarblue-collarblue-collarblue-collarblue-collarblue-collarblue-collarblue-collarblue-collarblue-collarblue-collarblue-collarblue-collarblue-collarblue-collarblue-collarblue-collarblue-collarblue-collarblue-collarblue-collarblue-collarblue-collarblue-collarblue-collarblue-collarblue-collarblue-collarblue-collarblue-collarblue-collarblue-collarblue-collarblue-collarblue-collarblue-collarblue-collarblue-collarblue-collarblue-collarblue-collarblue-collarblue-collarblue-collarblue-collarblue-collarblue-collarblue-collarblue-collarblue-collarblue-collarblue-collarblue-collarblue-collarblue-collarblue-collarblue-collarblue-collarblue-collarblue-collarblue-collarblue-collarblue-collarblue-collarblue-collarblue-collarblue-collarblue-collarblue-collarblue-collarblue-collarblue-collarblue-collarblue-collarblue-collarblue-collarblue-collarblue-collarblue-collarblue-collarblue-collarblue-collarblue-collarblue-collarblue-collarblue-collarblue-collarblue-collarblue-collarblue-collarblue-collarblue-collarblue-collarblue-collarblue-collarblue-collarblue-collarblue-collarblue-collarblue-collarblue-collarblue-collarblue-collarblue-collarblue-collarblue-collarblue-collarblue-collarblue-collarblue-collarblue-collarblue-collarblue-collarblue-collarblue-collarblue-collarblue-collarblue-collarblue-collarblue-collarblue-collarblue-collarblue-collarblue-collarblue-collarblue-collarblue-collarblue-collarblue-collarblue-collarblue-collarblue-collarblue-collarblue-collarblue-collarblue-collarblue-collarblue-collarblue-collarblue-collarblue-collarblue-collarblue-collarblue-collarblue-collarblue-collarblue-collarblue-collarblue-collarblue-collarblue-collarblue-collarblue-collarblue-collarblue-collarblue-collarblue-collarblue-collarblue-collarblue-collarblue-collarblue-collarblue-collarblue-collarblue-collarblue-collarblue-collarblue-collarblue-collarblue-collarblue-collarblue-collarblue-collarblue-collarblue-collarblue-collarblue-collarblue-collarblue-collarblue-collarblue-collarblue-collarblue-collarblue-collarblue-collarblue-collarblue-collarblue-collarblue-collarblue-collarblue-collarblue-collarblue-collarblue-collarblue-collarblue-collarblue-collarblue-collarblue-collarblue-collarblue-collarblue-collarblue-collarblue-collarblue-collarblue-collarblue-collarblue-collarblue-collarblue-collarblue-collarblue-collarblue-collarblue-collarblue-collarblue-collarblue-collarblue-collarblue-collarblue-collarblue-collarblue-collarblue-collarblue-collarblue-collarblue-collarblue-collarblue-collarblue-collarblue-collarblue-collarblue-collarblue-collarblue-collarblue-collarblue-collarblue-collarblue-collarblue-collarblue-collarblue-collarblue-collarblue-collarblue-collarblue-collarblue-collarblue-collarblue-collarblue-collarblue-collarblue-collarblue-collarblue-collarblue-collarblue-collarblue-collarblue-collarblue-collarblue-collarblue-collarblue-collarblue-collarblue-collarblue-collarblue-collarblue-collarblue-collarblue-collarblue-collarblue-collarblue-collarblue-collarblue-collarblue-collarblue-collarblue-collarblue-collarblue-collarblue-collarblue-collarblue-collarblue-collarblue-collarblue-collarblue-collarblue-collarblue-collarblue-collarblue-collarblue-collarblue-collarblue-collarblue-collarblue-collarblue-collarblue-collarblue-collarblue-collarblue-collarblue-collarblue-collarblue-collarblue-collarblue-collarblue-collarblue-collarblue-collarblue-collarblue-collarblue-collarblue-collarblue-collarblue-collarblue-collarblue-collarblue-collarblue-collarblue-collarblue-collarblue-collarblue-collarblue-collarblue-collarblue-collarblue-collarblue-collarblue-collarblue-collarblue-collarblue-collarblue-collarblue-collarblue-collarblue-collarblue-collarblue-collarblue-collarblue-collarblue-collarblue-collarblue-collarblue-collarblue-collarblue-collarblue-collarblue-collarblue-collarblue-collarblue-collarblue-collarblue-collarblue-collarblue-collarblue-collarblue-collarblue-collarblue-collarblue-collarblue-collarblue-collarblue-collarblue-collarblue-collarblue-collarblue-collarblue-collarblue-collarblue-collarblue-collarblue-collarblue-collarblue-collarblue-collarblue-collarblue-collarblue-collarblue-collarblue-collarblue-collarblue-collarblue-collarblue-collarblue-collarblue-collarblue-collarblue-collarblue-collarblue-collarblue-collarblue-collarblue-collarblue-collarblue-collarblue-collarblue-collarblue-collarblue-collarblue-collarblue-collarblue-collarblue-collarblue-collarblue-collarblue-collarblue-collarblue-collarblue-collarblue-collarblue-collarblue-collarblue-collarblue-collarblue-collarblue-collarblue-collarblue-collarblue-collarblue-collarblue-collarblue-collarblue-collarblue-collarblue-collarblue-collarblue-collarblue-collarblue-collarblue-collarblue-collarblue-collarblue-collarblue-collarblue-collarblue-collarblue-collarblue-collarblue-collarblue-collarblue-collarblue-collarblue-collarblue-collarblue-collarblue-collarblue-collarblue-collarblue-collarblue-collarblue-collarblue-collarblue-collarblue-collarblue-collarblue-collarblue-collarblue-collarblue-collarblue-collarblue-collarblue-collarblue-collarblue-collarblue-collarblue-collarblue-collarblue-collarblue-collarblue-collarblue-collarblue-collarblue-collarblue-collarblue-collarblue-collarblue-collarblue-collarblue-collarblue-collarblue-collarblue-collarblue-collarblue-collarblue-collarblue-collarblue-collarblue-collarblue-collarblue-collarblue-collarblue-collarblue-collarblue-collarblue-collarblue-collarblue-collarblue-collarblue-collarblue-collarblue-collarblue-collarblue-collarblue-collarblue-collarblue-collarblue-collarblue-collarblue-collarblue-collarblue-collarblue-collarblue-collarblue-collarblue-collarblue-collarblue-collarblue-collarblue-collarblue-collarblue-collarblue-collarblue-collarblue-collarblue-collarblue-collarblue-collarblue-collarblue-collarblue-collarblue-collarblue-collarblue-collarblue-collarblue-collarblue-collarblue-collarblue-collarblue-collarblue-collarblue-collarblue-collarblue-collarblue-collarblue-collarblue-collarblue-collarblue-collarblue-collarblue-collarblue-collarblue-collarblue-collarblue-collarblue-collarblue-collarblue-collarblue-collarblue-collarblue-collarblue-collarblue-collarblue-collarblue-collarblue-collarblue-collarblue-collarblue-collarblue-collarblue-collarblue-collarblue-collarblue-collarblue-collarblue-collarblue-collarblue-collarblue-collarblue-collarblue-collarblue-collarblue-collarblue-collarblue-collarblue-collarblue-collarblue-collarblue-collarblue-collarblue-collarblue-collarblue-collarblue-collarblue-collarblue-collarblue-collarblue-collarblue-collarblue-collarblue-collarblue-collarblue-collarblue-collarblue-collarblue-collarblue-collarblue-collarblue-collarblue-collarblue-collarblue-collarblue-collarblue-collarblue-collarblue-collarblue-collarblue-collarblue-collarblue-collarblue-collarblue-collarblue-collarblue-collarblue-collarblue-collarblue-collarblue-collarblue-collarblue-collarblue-collarblue-collarblue-collarblue-collarblue-collarblue-collarblue-collarblue-collarblue-collarblue-collarblue-collarblue-collarblue-collarblue-collarblue-collarblue-collarblue-collarblue-collarblue-collarblue-collarblue-collarblue-collarblue-collarblue-collarblue-collarblue-collarblue-collarblue-collarblue-collarblue-collarblue-collarblue-collarblue-collarblue-collarblue-collarblue-collarblue-collarblue-collarblue-collarblue-collarblue-collarblue-collarblue-collarblue-collarblue-collarblue-collarblue-collarblue-collarblue-collarblue-collarblue-collarblue-collarblue-collarblue-collarblue-collarblue-collarblue-collarblue-collarblue-collarblue-collarblue-collarblue-collarblue-collarblue-collarblue-collarblue-collarblue-collarblue-collarblue-collarblue-collarblue-collarblue-collarblue-collarblue-collarblue-collarblue-collarblue-collarblue-collarblue-collarblue-collarblue-collarblue-collarblue-collarblue-collarblue-collarblue-collarblue-collarblue-collarblue-collarblue-collarblue-collarblue-collarblue-collarblue-collarblue-collarblue-collarblue-collarblue-collarblue-collarblue-collarblue-collarblue-collarblue-collarblue-collarblue-collarblue-collarblue-collarblue-collarblue-collarblue-collarblue-collarblue-collarblue-collarblue-collarblue-collarblue-collarblue-collarblue-collarblue-collarblue-collarblue-collarblue-collarblue-collarblue-collarblue-collarblue-collarblue-collarblue-collarblue-collarblue-collarblue-collarblue-collarblue-collarblue-collarblue-collarblue-collarblue-collarblue-collarblue-collarblue-collarblue-collarblue-collarblue-collarblue-collarblue-collarblue-collarblue-collarblue-collarblue-collarblue-collarblue-collarblue-collarblue-collarblue-collarblue-collarblue-collarblue-collarblue-collarblue-collarblue-collarblue-collarblue-collarblue-collarblue-collarblue-collarblue-collarblue-collarblue-collarblue-collarblue-collarblue-collarblue-collarblue-collarblue-collarblue-collarblue-collarblue-collarblue-collarblue-collarblue-collarblue-collarblue-collarblue-collarblue-collarblue-collarblue-collarblue-collarblue-collarblue-collarblue-collarblue-collarblue-collarblue-collarblue-collarblue-collarblue-collarblue-collarblue-collarblue-collarblue-collarblue-collarblue-collarblue-collarblue-collarblue-collarblue-collarblue-collarblue-collarblue-collarblue-collarblue-collarblue-collarblue-collarblue-collarblue-collarblue-collarblue-collarblue-collarblue-collarblue-collarblue-collarblue-collarblue-collarblue-collarblue-collarblue-collarblue-collarblue-collarblue-collarblue-collarblue-collarblue-collarblue-collarblue-collarblue-collarblue-collarblue-collarblue-collarblue-collarblue-collarblue-collarblue-collarblue-collarblue-collarblue-collarblue-collarblue-collarblue-collarblue-collarblue-collarblue-collarblue-collarblue-collarblue-collarblue-collarblue-collarblue-collarblue-collarblue-collarblue-collarblue-collarblue-collarblue-collarblue-collarblue-collarblue-collarblue-collarblue-collarblue-collarblue-collarblue-collarblue-collarblue-collarblue-collarblue-collarblue-collarblue-collarblue-collarblue-collarblue-collarblue-collarblue-collarblue-collarblue-collarblue-collarblue-collarblue-collarblue-collarblue-collarblue-collarblue-collarblue-collarblue-collarblue-collarblue-collarblue-collarblue-collarblue-collarblue-collarblue-collarblue-collarblue-collarblue-collarblue-collarblue-collarblue-collarblue-collarblue-collarblue-collarblue-collarblue-collarblue-collarblue-collarblue-collarblue-collarblue-collarblue-collarblue-collarblue-collarblue-collarblue-collarblue-collarblue-collarblue-collarblue-collarblue-collarblue-collarblue-collarblue-collarblue-collarblue-collarblue-collarblue-collarblue-collarblue-collarblue-collarblue-collarblue-collarblue-collarblue-collarblue-collarblue-collarblue-collarblue-collarblue-collarblue-collarblue-collarblue-collarblue-collarblue-collarblue-collarblue-collarblue-collarblue-collarblue-collarblue-collarblue-collarblue-collarblue-collarblue-collarblue-collarblue-collarblue-collarblue-collarblue-collarblue-collarblue-collarblue-collarblue-collarblue-collarblue-collarblue-collarblue-collarblue-collarblue-collarblue-collarblue-collarblue-collarblue-collarblue-collarblue-collarblue-collarblue-collarblue-collarblue-collarblue-collarblue-collarblue-collarblue-collarblue-collarblue-collarblue-collarblue-collarblue-collarblue-collarblue-collarblue-collarblue-collarblue-collarblue-collarblue-collarblue-collarblue-collarblue-collarblue-collarblue-collarblue-collarblue-collarblue-collarblue-collarblue-collarblue-collarblue-collarblue-collarblue-collarblue-collarblue-collarblue-collarblue-collarblue-collarblue-collarblue-collarblue-collarblue-collarblue-collarblue-collarblue-collarblue-collarblue-collarblue-collarblue-collarblue-collarblue-collarblue-collarblue-collarblue-collarblue-collarblue-collarblue-collarblue-collarblue-collarblue-collarblue-collarblue-collarblue-collarblue-collarblue-collarblue-collarblue-collarblue-collarblue-collarblue-collarblue-collarblue-collarblue-collarblue-collarblue-collarblue-collarblue-collarblue-collarblue-collarblue-collarblue-collarblue-collarblue-collarblue-collarblue-collarblue-collarblue-collarblue-collarblue-collarblue-collarblue-collarblue-collarblue-collarblue-collarblue-collarblue-collarblue-collarblue-collarblue-collarblue-collarblue-collarblue-collarblue-collarblue-collarblue-collarblue-collarblue-collarblue-collarblue-collarblue-collarblue-collarblue-collarblue-collarblue-collarblue-collarblue-collarblue-collarblue-collarblue-collarblue-collarblue-collarblue-collarblue-collarblue-collarblue-collarblue-collarblue-collarblue-collarblue-collarblue-collarblue-collarblue-collarblue-collarblue-collarblue-collarblue-collarblue-collarblue-collarblue-collarblue-collarblue-collarblue-collarblue-collarblue-collarblue-collarblue-collarblue-collarblue-collarblue-collarblue-collarblue-collarblue-collarblue-collarblue-collarblue-collarblue-collarblue-collarblue-collarblue-collarblue-collarblue-collarblue-collarblue-collarblue-collarblue-collarblue-collarblue-collarblue-collarblue-collarblue-collarblue-collarblue-collarblue-collarblue-collarblue-collarblue-collarblue-collarblue-collarblue-collarblue-collarblue-collarblue-collarblue-collarblue-collarblue-collarblue-collarblue-collarblue-collarblue-collarblue-collarblue-collarblue-collarblue-collarblue-collarblue-collarblue-collarblue-collarblue-collarblue-collarblue-collarblue-collarblue-collarblue-collarblue-collarblue-collarblue-collarblue-collarblue-collarblue-collarblue-collarblue-collarblue-collarblue-collarblue-collarblue-collarblue-collarblue-collarblue-collarblue-collarblue-collarblue-collarblue-collarblue-collarblue-collarblue-collarblue-collarblue-collarblue-collarblue-collarblue-collarblue-collarblue-collarblue-collarblue-collarblue-collarblue-collarblue-collarblue-collarblue-collarblue-collarblue-collarblue-collarblue-collarblue-collarblue-collarblue-collarblue-collarblue-collarblue-collarblue-collarblue-collarblue-collarblue-collarblue-collarblue-collarblue-collarblue-collarblue-collarblue-collarblue-collarblue-collarblue-collarblue-collarblue-collarblue-collarblue-collarblue-collarblue-collarblue-collarblue-collarblue-collarblue-collarblue-collarblue-collarblue-collarblue-collarblue-collarblue-collarblue-collarblue-collarblue-collarblue-collarblue-collarblue-collarblue-collarblue-collarblue-collarblue-collarblue-collarblue-collarblue-collarblue-collarblue-collarblue-collarblue-collarblue-collarblue-collarblue-collarblue-collarblue-collarblue-collarblue-collarblue-collarblue-collarblue-collarblue-collarblue-collarblue-collarblue-collarblue-collarblue-collarblue-collarblue-collarblue-collarblue-collarblue-collarblue-collarblue-collarblue-collarblue-collarblue-collarblue-collarblue-collarblue-collarblue-collarblue-collarblue-collarblue-collarblue-collarblue-collarblue-collarblue-collarblue-collarblue-collarblue-collarblue-collarblue-collarblue-collarblue-collarblue-collarblue-collarblue-collarblue-collarblue-collarblue-collarblue-collarblue-collarblue-collarblue-collarblue-collarblue-collarblue-collarblue-collarblue-collarblue-collarblue-collarblue-collarblue-collarblue-collarblue-collarblue-collarblue-collarblue-collarblue-collarblue-collarblue-collarblue-collarblue-collarblue-collarblue-collarblue-collarblue-collarblue-collarblue-collarblue-collarblue-collarblue-collarblue-collarblue-collarblue-collarblue-collarblue-collarblue-collarblue-collarblue-collarblue-collarblue-collarblue-collarblue-collarblue-collarblue-collarblue-collarblue-collarblue-collarblue-collarblue-collarblue-collarblue-collarblue-collarblue-collarblue-collarblue-collarblue-collarblue-collarblue-collarblue-collarblue-collarblue-collarblue-collarblue-collarblue-collarblue-collarblue-collarblue-collarblue-collarblue-collarblue-collarblue-collarblue-collarblue-collarblue-collarblue-collarblue-collarblue-collarblue-collarblue-collarblue-collarblue-collarblue-collarblue-collarblue-collarblue-collarblue-collarblue-collarblue-collarblue-collarblue-collarblue-collarblue-collarblue-collarblue-collarblue-collarblue-collarblue-collarblue-collarblue-collarblue-collarblue-collarblue-collarblue-collarblue-collarblue-collarblue-collarblue-collarblue-collarblue-collarblue-collarblue-collarblue-collarblue-collarblue-collarblue-collarblue-collarblue-collarblue-collarblue-collarblue-collarblue-collarblue-collarblue-collarblue-collarblue-collarblue-collarblue-collarblue-collarblue-collarblue-collarblue-collarblue-collarblue-collarblue-collarblue-collarblue-collarblue-collarblue-collarblue-collarblue-collarblue-collarblue-collarblue-collarblue-collarblue-collarblue-collarblue-collarblue-collarblue-collarblue-collarblue-collarblue-collarblue-collarblue-collarblue-collarblue-collarblue-collarblue-collarblue-collarblue-collarblue-collarblue-collarblue-collarblue-collarblue-collarblue-collarblue-collarblue-collarblue-collarblue-collarblue-collarblue-collarblue-collarblue-collarblue-collarblue-collarblue-collarblue-collarblue-collarblue-collarblue-collarblue-collarblue-collarblue-collarblue-collarblue-collarblue-collarblue-collarblue-collarblue-collarblue-collarblue-collarblue-collarblue-collarblue-collarblue-collarblue-collarblue-collarblue-collarblue-collarblue-collarblue-collarblue-collarblue-collarblue-collarblue-collarblue-collarblue-collarblue-collarblue-collarblue-collarblue-collarblue-collarblue-collarblue-collarblue-collarblue-collarblue-collarblue-collarblue-collarblue-collarblue-collarblue-collarblue-collarblue-collarblue-collarblue-collarblue-collarblue-collarblue-collarblue-collarblue-collarblue-collarblue-collarblue-collarblue-collarblue-collarblue-collarblue-collarblue-collarblue-collarblue-collarblue-collarblue-collarblue-collarblue-collarblue-collarblue-collarblue-collarblue-collarblue-collarblue-collarblue-collarblue-collarblue-collarblue-collarblue-collarblue-collarblue-collarblue-collarblue-collarblue-collarblue-collarblue-collarblue-collarblue-collarblue-collarblue-collarblue-collarblue-collarblue-collarblue-collarblue-collarblue-collarblue-collarblue-collarblue-collarblue-collarblue-collarblue-collarblue-collarblue-collarblue-collarblue-collarblue-collarblue-collarblue-collarblue-collarblue-collarblue-collarblue-collarblue-collarblue-collarblue-collarblue-collarblue-collarblue-collarblue-collarblue-collarblue-collarblue-collarblue-collarblue-collarblue-collarblue-collarblue-collarblue-collarblue-collarblue-collarblue-collarblue-collarblue-collarblue-collarblue-collarblue-collarblue-collarblue-collarblue-collarblue-collarblue-collarblue-collarblue-collarblue-collarblue-collarblue-collarblue-collarblue-collarblue-collarblue-collarblue-collarblue-collarblue-collarblue-collarblue-collarblue-collarblue-collarblue-collarblue-collarblue-collarblue-collarblue-collarblue-collarblue-collarblue-collarblue-collarblue-collarblue-collarblue-collarblue-collarblue-collarblue-collarblue-collarblue-collarblue-collarblue-collarblue-collarblue-collarblue-collarblue-collarblue-collarblue-collarblue-collarblue-collarblue-collarblue-collarblue-collarblue-collarblue-collarblue-collarblue-collarblue-collarblue-collarblue-collarblue-collarblue-collarblue-collarblue-collarblue-collarblue-collarblue-collarblue-collarblue-collarblue-collarblue-collarblue-collarblue-collarblue-collarblue-collarblue-collarblue-collarblue-collarblue-collarblue-collarblue-collarblue-collarblue-collarblue-collarblue-collarblue-collarblue-collarblue-collarblue-collarblue-collarblue-collarblue-collarblue-collarblue-collarblue-collarblue-collarblue-collarblue-collarblue-collarblue-collarblue-collarblue-collarblue-collarblue-collarblue-collarblue-collarblue-collarblue-collarblue-collarblue-collarblue-collarblue-collarblue-collarblue-collarblue-collarblue-collarblue-collarblue-collarblue-collarblue-collarblue-collarblue-collarblue-collarblue-collarblue-collarblue-collarblue-collarblue-collarblue-collarblue-collarblue-collarblue-collarblue-collarblue-collarblue-collarblue-collarblue-collarblue-collarblue-collarblue-collarblue-collarblue-collarblue-collarblue-collarblue-collarblue-collarblue-collarblue-collarblue-collarblue-collarblue-collarblue-collarblue-collarblue-collarblue-collarblue-collarblue-collarblue-collarblue-collarblue-collarblue-collarblue-collarblue-collarblue-collarblue-collarblue-collarblue-collarblue-collarblue-collarblue-collarblue-collarblue-collarblue-collarblue-collarblue-collarblue-collarblue-collarblue-collarblue-collarblue-collarblue-collarblue-collarblue-collarblue-collarblue-collarblue-collarblue-collarblue-collarblue-collarblue-collarblue-collarblue-collarblue-collarblue-collarblue-collarblue-collarblue-collarblue-collarblue-collarblue-collarblue-collarblue-collarblue-collarblue-collarblue-collarblue-collarblue-collarblue-collarblue-collarblue-collarblue-collarblue-collarblue-collarblue-collarblue-collarblue-collarblue-collarblue-collarblue-collarblue-collarblue-collarblue-collarblue-collarblue-collarblue-collarblue-collarblue-collarblue-collarblue-collarblue-collarblue-collarblue-collarblue-collarblue-collarblue-collarblue-collarblue-collarblue-collarblue-collarblue-collarblue-collarblue-collarblue-collarblue-collarblue-collarblue-collarblue-collarblue-collarblue-collarblue-collarblue-collarblue-collarblue-collarblue-collarblue-collarblue-collarblue-collarblue-collarblue-collarblue-collarblue-collarblue-collarblue-collarblue-collarblue-collarblue-collarblue-collarblue-collarblue-collarblue-collarblue-collarblue-collarblue-collarblue-collarblue-collarblue-collarblue-collarblue-collarblue-collarblue-collarblue-collarblue-collarblue-collarblue-collarblue-collarblue-collarblue-collarblue-collarblue-collarblue-collarblue-collarblue-collarblue-collarblue-collarblue-collarblue-collarblue-collarblue-collarblue-collarblue-collarblue-collarblue-collarblue-collarblue-collarblue-collarblue-collarblue-collarblue-collarblue-collarblue-collarblue-collarblue-collarblue-collarblue-collarblue-collarblue-collarblue-collarblue-collarblue-collarblue-collarblue-collarblue-collarblue-collarblue-collarblue-collarblue-collarblue-collarblue-collarblue-collarblue-collarblue-collarblue-collarblue-collarblue-collarblue-collarblue-collarblue-collarblue-collarblue-collarblue-collarblue-collarblue-collarblue-collarblue-collarblue-collarblue-collarblue-collarblue-collarblue-collarblue-collarblue-collarblue-collarblue-collarblue-collarblue-collarblue-collarblue-collarblue-collarblue-collarblue-collarblue-collarblue-collarblue-collarblue-collarblue-collarblue-collarblue-collarblue-collarblue-collarblue-collarblue-collarblue-collarblue-collarblue-collarblue-collarblue-collarblue-collarblue-collarblue-collarblue-collarblue-collarblue-collarblue-collarblue-collarblue-collarblue-collarblue-collarblue-collarblue-collarblue-collarblue-collarblue-collarblue-collarblue-collarblue-collarblue-collarblue-collarblue-collarblue-collarblue-collarblue-collarblue-collarblue-collarblue-collarblue-collarblue-collarblue-collarblue-collarblue-collarblue-collarblue-collarblue-collarblue-collarblue-collarblue-collarblue-collarblue-collarblue-collarblue-collarblue-collarblue-collarblue-collarblue-collarblue-collarblue-collarblue-collarblue-collarblue-collarblue-collarblue-collarblue-collarblue-collarblue-collarblue-collarblue-collarblue-collarblue-collarblue-collarblue-collarblue-collarblue-collarblue-collarblue-collarblue-collarblue-collarblue-collarblue-collarblue-collarblue-collarblue-collarblue-collarblue-collarblue-collarblue-collarblue-collarblue-collarblue-collarblue-collarblue-collarblue-collarblue-collarblue-collarblue-collarblue-collarblue-collarblue-collarblue-collarblue-collarblue-collarblue-collarblue-collarblue-collarblue-collarblue-collarblue-collarblue-collarblue-collarblue-collarblue-collarblue-collarblue-collarblue-collarblue-collarblue-collarblue-collarblue-collarblue-collarblue-collarblue-collarblue-collarblue-collarblue-collarblue-collarblue-collarblue-collarblue-collarblue-collarblue-collarblue-collarblue-collarblue-collarblue-collarblue-collarblue-collarblue-collarblue-collarblue-collarblue-collarblue-collarblue-collarblue-collarblue-collarblue-collarblue-collarblue-collarblue-collarblue-collarblue-collarblue-collarblue-collarblue-collarblue-collarblue-collarblue-collarblue-collarblue-collarblue-collarblue-collarblue-collarblue-collarblue-collarblue-collarblue-collarblue-collarblue-collarblue-collarblue-collarblue-collarblue-collarblue-collarblue-collarblue-collarblue-collarblue-collarblue-collarblue-collarblue-collarblue-collarblue-collarblue-collarblue-collarblue-collarblue-collarblue-collarblue-collarblue-collarblue-collarblue-collarblue-collarblue-collarblue-collarblue-collarblue-collarblue-collarblue-collarblue-collarblue-collarblue-collarblue-collarblue-collarblue-collarblue-collarblue-collarblue-collarblue-collarblue-collarblue-collarblue-collarblue-collarblue-collarblue-collarblue-collarblue-collarblue-collarblue-collarblue-collarblue-collarblue-collarblue-collarblue-collarblue-collarblue-collarblue-collarblue-collarblue-collarblue-collarblue-collarblue-collarblue-collarblue-collarblue-collarblue-collarblue-collarblue-collarblue-collarblue-collarblue-collarblue-collarblue-collarblue-collarblue-collarblue-collarblue-collarblue-collarblue-collarblue-collarblue-collarblue-collarblue-collarblue-collarblue-collarblue-collarblue-collarblue-collarblue-collarblue-collarblue-collarblue-collarblue-collarblue-collarblue-collarblue-collarblue-collarblue-collarblue-collarblue-collarblue-collarblue-collarblue-collarblue-collarblue-collarblue-collarblue-collarblue-collarblue-collarblue-collarblue-collarblue-collarblue-collarblue-collarblue-collarblue-collarblue-collarblue-collarblue-collarblue-collarblue-collarblue-collarblue-collarblue-collarblue-collarblue-collarblue-collarblue-collarblue-collarblue-collarblue-collarblue-collarblue-collarblue-collarblue-collarblue-collarblue-collarblue-collarblue-collarblue-collarblue-collarblue-collarblue-collarblue-collarblue-collarblue-collarblue-collarblue-collarblue-collarblue-collarblue-collarblue-collarblue-collarblue-collarblue-collarblue-collarblue-collarblue-collarblue-collarblue-collarblue-collarblue-collarblue-collarblue-collarblue-collarblue-collarblue-collarblue-collarblue-collarblue-collarblue-collarblue-collarblue-collarblue-collarblue-collarblue-collarblue-collarblue-collarblue-collarblue-collarblue-collarblue-collarblue-collarblue-collarblue-collarblue-collarblue-collarblue-collarblue-collarblue-collarblue-collarblue-collarblue-collarblue-collarblue-collarblue-collarblue-collarblue-collarblue-collarblue-collarblue-collarblue-collarblue-collarblue-collarblue-collarblue-collarblue-collarblue-collarblue-collarblue-collarblue-collarblue-collarblue-collarblue-collarblue-collarblue-collarblue-collarblue-collarblue-collarblue-collarblue-collarblue-collarblue-collarblue-collarblue-collarblue-collarblue-collarblue-collarblue-collarblue-collarblue-collarblue-collarblue-collarblue-collarblue-collarblue-collarblue-collarblue-collarblue-collarblue-collarblue-collarblue-collarblue-collarblue-collarblue-collarblue-collarblue-collarblue-collarblue-collarblue-collarblue-collarblue-collarblue-collarblue-collarblue-collarblue-collarblue-collarblue-collarblue-collarblue-collarblue-collarblue-collarblue-collarblue-collarblue-collarblue-collarblue-collarblue-collarblue-collarblue-collarblue-collarblue-collarblue-collarblue-collarblue-collarblue-collarblue-collarblue-collarblue-collarblue-collarblue-collarblue-collarblue-collarblue-collarblue-collarblue-collarblue-collarblue-collarblue-collarblue-collarblue-collarblue-collarblue-collarblue-collarblue-collarblue-collarblue-collarblue-collarblue-collarblue-collarblue-collarblue-collarblue-collarblue-collarblue-collarblue-collarblue-collarblue-collarblue-collarblue-collarblue-collarblue-collarblue-collarblue-collarblue-collarblue-collarblue-collarblue-collarblue-collarblue-collarblue-collarblue-collarblue-collarblue-collarblue-collarblue-collarblue-collarblue-collarblue-collarblue-collarblue-collarblue-collarblue-collarblue-collarblue-collarblue-collarblue-collarblue-collarblue-collarblue-collarblue-collarblue-collarblue-collarblue-collarblue-collarblue-collarblue-collarblue-collarblue-collarblue-collarblue-collarblue-collarblue-collarblue-collarblue-collarblue-collarblue-collarblue-collarblue-collarblue-collarblue-collarblue-collarblue-collarblue-collarblue-collarblue-collarblue-collarblue-collarblue-collarblue-collarblue-collarblue-collarblue-collarblue-collarblue-collarblue-collarblue-collarblue-collarblue-collarblue-collarblue-collarblue-collarblue-collarblue-collarblue-collarblue-collarblue-collarblue-collarblue-collarblue-collarblue-collarblue-collarblue-collarblue-collarblue-collarblue-collarblue-collarblue-collarblue-collarblue-collarblue-collarblue-collarblue-collarblue-collarblue-collarblue-collarblue-collarblue-collarblue-collarblue-collarblue-collarblue-collarblue-collarblue-collarblue-collarblue-collarblue-collarblue-collarblue-collarblue-collarblue-collarblue-collarblue-collarblue-collarblue-collarblue-collarblue-collarblue-collarblue-collarblue-collarblue-collarblue-collarblue-collarblue-collarblue-collarblue-collarblue-collarblue-collarblue-collarblue-collarblue-collarblue-collarblue-collarblue-collarblue-collarblue-collarblue-collarblue-collarblue-collarblue-collarblue-collarblue-collarblue-collarblue-collarblue-collarblue-collarblue-collarblue-collarblue-collarblue-collarblue-collarblue-collarblue-collarblue-collarblue-collarblue-collarblue-collarblue-collarblue-collarblue-collarblue-collarblue-collarblue-collarblue-collarblue-collarblue-collarblue-collarblue-collarblue-collarblue-collarblue-collarblue-collarblue-collarblue-collarblue-collarblue-collarblue-collarblue-collarblue-collarblue-collarblue-collarblue-collarblue-collarblue-collarblue-collarblue-collarblue-collarblue-collarblue-collarblue-collarblue-collarblue-collarblue-collarblue-collarblue-collarblue-collarblue-collarblue-collarblue-collarblue-collarblue-collarblue-collarblue-collarblue-collarblue-collarblue-collarblue-collarblue-collarblue-collarblue-collarblue-collarblue-collarblue-collarblue-collarblue-collarblue-collarblue-collarblue-collarblue-collarblue-collarblue-collarblue-collarblue-collarblue-collarblue-collarblue-collarblue-collarblue-collarblue-collarblue-collarblue-collarblue-collarblue-collarblue-collarblue-collarblue-collarblue-collarblue-collarblue-collarblue-collarblue-collarblue-collarblue-collarblue-collarblue-collarblue-collarblue-collarblue-collarblue-collarblue-collarblue-collarblue-collarblue-collarblue-collarblue-collarblue-collarblue-collarblue-collarblue-collarblue-collarblue-collarblue-collarblue-collarblue-collarblue-collarblue-collarblue-collarblue-collarblue-collarblue-collarblue-collarblue-collarblue-collarblue-collarblue-collarblue-collarblue-collarblue-collarblue-collarblue-collarblue-collarblue-collarblue-collarblue-collarblue-collarblue-collarblue-collarblue-collarblue-collarblue-collarblue-collarblue-collarblue-collarblue-collarblue-collarblue-collarblue-collarblue-collarblue-collarblue-collarblue-collarblue-collarblue-collarblue-collarblue-collarblue-collarblue-collarblue-collarblue-collarblue-collarblue-collarblue-collarblue-collarblue-collarblue-collarblue-collarblue-collarblue-collarblue-collarblue-collarblue-collarblue-collarblue-collarblue-collarblue-collarblue-collarblue-collarblue-collarblue-collarblue-collarblue-collarblue-collarblue-collarblue-collarblue-collarblue-collarblue-collarblue-collarblue-collarblue-collarblue-collarblue-collarblue-collarblue-collarblue-collarblue-collarblue-collarblue-collarblue-collarblue-collarblue-collarblue-collarblue-collarblue-collarblue-collarblue-collarblue-collarblue-collarblue-collarblue-collarblue-collarblue-collarblue-collarblue-collarblue-collarblue-collarblue-collarblue-collarblue-collarblue-collarblue-collarblue-collarblue-collarblue-collarblue-collarblue-collarblue-collarblue-collarblue-collarblue-collarblue-collarblue-collarblue-collarblue-collarblue-collarblue-collarblue-collarblue-collarblue-collarblue-collarblue-collarblue-collarblue-collarblue-collarblue-collarblue-collarblue-collarblue-collarblue-collarblue-collarblue-collarblue-collarblue-collarblue-collarblue-collarblue-collarblue-collarblue-collarblue-collarblue-collarblue-collarblue-collarblue-collarblue-collarblue-collarblue-collarblue-collarblue-collarblue-collarblue-collarblue-collarblue-collarblue-collarblue-collarblue-collarblue-collarblue-collarblue-collarblue-collarblue-collarblue-collarblue-collarblue-collarblue-collarblue-collarblue-collarblue-collarblue-collarblue-collarblue-collarblue-collarblue-collarblue-collarblue-collarblue-collarblue-collarblue-collarblue-collarblue-collarblue-collarblue-collarblue-collarblue-collarblue-collarblue-collarblue-collarblue-collarblue-collarblue-collarblue-collarblue-collarblue-collarblue-collarblue-collarblue-collarblue-collarblue-collarblue-collarblue-collarblue-collarblue-collarblue-collarblue-collarblue-collarblue-collarblue-collarblue-collarblue-collarblue-collarblue-collarblue-collarblue-collarblue-collarblue-collarblue-collarblue-collarblue-collarblue-collarblue-collarblue-collarblue-collarblue-collarblue-collarblue-collarblue-collarblue-collarblue-collarblue-collarblue-collarblue-collarblue-collarblue-collarblue-collarblue-collarblue-collarblue-collarblue-collarblue-collarblue-collarblue-collarblue-collarblue-collarblue-collarblue-collarblue-collarblue-collarblue-collarblue-collarblue-collarblue-collarblue-collarblue-collarblue-collarblue-collarblue-collarblue-collarblue-collarblue-collarblue-collarblue-collarblue-collarblue-collarblue-collarblue-collarblue-collarblue-collarblue-collarblue-collarblue-collarblue-collarblue-collarblue-collarblue-collarblue-collarblue-collarblue-collarblue-collarblue-collarblue-collarblue-collarblue-collarblue-collarblue-collarblue-collarblue-collarblue-collarblue-collarblue-collarblue-collarblue-collarblue-collarblue-collarblue-collarblue-collarblue-collarblue-collarblue-collarblue-collarblue-collarblue-collarblue-collarblue-collarblue-collarblue-collarblue-collarblue-collarblue-collarblue-collarblue-collarblue-collarblue-collarblue-collarblue-collarblue-collarblue-collarblue-collarblue-collarblue-collarblue-collarblue-collarblue-collarblue-collarblue-collarblue-collarblue-collarblue-collarblue-collarblue-collarblue-collarblue-collarblue-collarblue-collarblue-collarblue-collarblue-collarblue-collarblue-collarblue-collarblue-collarblue-collarblue-collarblue-collarblue-collarblue-collarblue-collarblue-collarblue-collarblue-collarblue-collarblue-collarblue-collarblue-collarblue-collarblue-collarblue-collarblue-collarblue-collarblue-collarblue-collarblue-collarblue-collarblue-collarblue-collarblue-collarblue-collarblue-collarblue-collarblue-collarblue-collarblue-collarblue-collarblue-collarblue-collarblue-collarblue-collarblue-collarblue-collarblue-collarblue-collarblue-collarblue-collarblue-collarblue-collarblue-collarblue-collarblue-collarblue-collarblue-collarblue-collarblue-collarblue-collarblue-collarblue-collarblue-collarblue-collarblue-collarblue-collarblue-collarblue-collarblue-collarblue-collarblue-collarblue-collarblue-collarblue-collarblue-collarblue-collarblue-collarblue-collarblue-collarblue-collarblue-collarblue-collarblue-collarblue-collarblue-collarblue-collarblue-collarblue-collarblue-collarblue-collarblue-collarblue-collarblue-collarblue-collarblue-collarblue-collarblue-collarblue-collarblue-collarblue-collarblue-collarblue-collarblue-collarblue-collarblue-collarblue-collarblue-collarblue-collarblue-collarblue-collarblue-collarblue-collarblue-collarblue-collarblue-collarblue-collarblue-collarblue-collarblue-collarblue-collarblue-collarblue-collarblue-collarblue-collarblue-collarblue-collarblue-collarblue-collarblue-collarblue-collarblue-collarblue-collarblue-collarblue-collarblue-collarblue-collarblue-collarblue-collarblue-collarblue-collarblue-collarblue-collarblue-collarblue-collarblue-collarblue-collarblue-collarblue-collarblue-collarblue-collarblue-collarblue-collarblue-collarblue-collarblue-collarblue-collarblue-collarblue-collarblue-collarblue-collarblue-collarblue-collarblue-collarblue-collarblue-collarblue-collarblue-collarblue-collarblue-collarblue-collarblue-collarblue-collarblue-collarblue-collarblue-collarblue-collarblue-collarblue-collarblue-collarblue-collarblue-collarblue-collarblue-collarblue-collarblue-collarblue-collarblue-collarblue-collarblue-collarblue-collarblue-collarblue-collarblue-collarblue-collarblue-collarblue-collarblue-collarblue-collarblue-collarblue-collarblue-collarblue-collarblue-collarblue-collarblue-collarblue-collarblue-collarblue-collarblue-collarblue-collarblue-collarblue-collarblue-collarblue-collarblue-collarblue-collarblue-collarblue-collarblue-collarblue-collarblue-collarblue-collarblue-collarblue-collarblue-collarblue-collarblue-collarblue-collarblue-collarblue-collarblue-collarblue-collarblue-collarblue-collarblue-collarblue-collarblue-collarblue-collarblue-collarblue-collarblue-collarblue-collarblue-collarblue-collarblue-collarblue-collarblue-collarblue-collarblue-collarblue-collarblue-collarblue-collarblue-collarblue-collarblue-collarblue-collarblue-collarblue-collarblue-collarblue-collarblue-collarblue-collarblue-collarblue-collarblue-collarblue-collarblue-collarblue-collarblue-collarblue-collarblue-collarblue-collarblue-collarblue-collarblue-collarblue-collarblue-collarblue-collarblue-collarblue-collarblue-collarblue-collarblue-collarblue-collarblue-collarblue-collarblue-collarblue-collarblue-collarblue-collarblue-collarblue-collarblue-collarblue-collarblue-collarblue-collarblue-collarblue-collarblue-collarblue-collarblue-collarblue-collarblue-collarblue-collarblue-collarblue-collarblue-collarblue-collarblue-collarblue-collarblue-collarblue-collarblue-collarblue-collarblue-collarblue-collarblue-collarblue-collarblue-collarblue-collarblue-collarblue-collarblue-collarblue-collarblue-collarblue-collarblue-collarblue-collarblue-collarblue-collarblue-collarblue-collarblue-collarblue-collarblue-collarblue-collarblue-collarblue-collarblue-collarblue-collarblue-collarblue-collarblue-collarblue-collarblue-collarblue-collarblue-collarblue-collarblue-collarblue-collarblue-collarblue-collarblue-collarblue-collarblue-collarblue-collarblue-collarblue-collarblue-collarblue-collarblue-collarblue-collarblue-collarblue-collarblue-collarblue-collarblue-collarblue-collarblue-collarblue-collarblue-collarblue-collarblue-collarblue-collarblue-collarblue-collarblue-collarblue-collarblue-collarblue-collarblue-collarblue-collarblue-collarblue-collarblue-collarblue-collarblue-collarblue-collarblue-collarblue-collarblue-collarblue-collarblue-collarblue-collarblue-collarblue-collarblue-collarblue-collarblue-collarblue-collarblue-collarblue-collarblue-collarblue-collarblue-collarblue-collarblue-collarblue-collarblue-collarblue-collarblue-collarblue-collarblue-collarblue-collarblue-collarblue-collarblue-collarblue-collarblue-collarblue-collarblue-collarblue-collarblue-collarblue-collarblue-collarblue-collarblue-collarblue-collarblue-collarblue-collarblue-collarblue-collarblue-collarblue-collarblue-collarblue-collarblue-collarblue-collarblue-collarblue-collarblue-collarblue-collarblue-collarblue-collarblue-collarblue-collarblue-collarblue-collarblue-collarblue-collarblue-collarblue-collarblue-collarblue-collarblue-collarblue-collarblue-collarblue-collarblue-collarblue-collarblue-collarblue-collarblue-collarblue-collarblue-collarblue-collarblue-collarblue-collarblue-collarblue-collarblue-collarblue-collarblue-collarblue-collarblue-collarblue-collarblue-collarblue-collarblue-collarblue-collarblue-collarblue-collarblue-collarblue-collarblue-collarblue-collarblue-collarblue-collarblue-collarblue-collarblue-collarblue-collarblue-collarblue-collarblue-collarblue-collarblue-collarblue-collarblue-collarblue-collarblue-collarblue-collarblue-collarblue-collarblue-collarblue-collarblue-collarblue-collarblue-collarblue-collarblue-collarblue-collarblue-collarblue-collarblue-collarblue-collarblue-collarblue-collarblue-collarblue-collarblue-collarblue-collarblue-collarblue-collarblue-collarblue-collarblue-collarblue-collarblue-collarblue-collarblue-collarblue-collarblue-collarblue-collarblue-collarblue-collarblue-collarblue-collarblue-collarblue-collarblue-collarblue-collarblue-collarblue-collarblue-collarblue-collarblue-collarblue-collarblue-collarblue-collarblue-collarblue-collarblue-collarblue-collarblue-collarblue-collarblue-collarblue-collarblue-collarblue-collarblue-collarblue-collarblue-collarblue-collarblue-collarblue-collarblue-collarblue-collarblue-collarblue-collarblue-collarblue-collarblue-collarblue-collarblue-collarblue-collarblue-collarblue-collarblue-collarblue-collarblue-collarblue-collarblue-collarblue-collarblue-collarblue-collarblue-collarblue-collarblue-collarblue-collarblue-collarblue-collarblue-collarblue-collarblue-collarblue-collarblue-collarblue-collarblue-collarblue-collarblue-collarblue-collarblue-collarblue-collarblue-collarblue-collarblue-collarblue-collarblue-collarblue-collarblue-collarblue-collarblue-collarblue-collarblue-collarblue-collarblue-collarblue-collarblue-collarblue-collarblue-collarblue-collarblue-collarblue-collarblue-collarblue-collarblue-collarblue-collarblue-collarblue-collarblue-collarblue-collarblue-collarblue-collarblue-collarblue-collarblue-collarblue-collarblue-collarblue-collarblue-collarblue-collarblue-collarblue-collarblue-collarblue-collarblue-collarblue-collarblue-collarblue-collarblue-collarblue-collarblue-collarblue-collarblue-collarblue-collarblue-collarblue-collarblue-collarblue-collarblue-collarblue-collarblue-collarblue-collarblue-collarblue-collarblue-collarblue-collarblue-collarblue-collarblue-collarblue-collarblue-collarblue-collarblue-collarblue-collarblue-collarblue-collarblue-collarblue-collarblue-collarblue-collarblue-collarblue-collarblue-collarblue-collarblue-collarblue-collarblue-collarblue-collarblue-collarblue-collarblue-collarblue-collarblue-collarblue-collarblue-collarblue-collarblue-collarblue-collarblue-collarblue-collarblue-collarblue-collarblue-collarblue-collarblue-collarblue-collarblue-collarblue-collarblue-collarblue-collarblue-collarblue-collarblue-collarblue-collarblue-collarblue-collarblue-collarblue-collarblue-collarblue-collarblue-collarblue-collarblue-collarblue-collarblue-collarblue-collarblue-collarblue-collarblue-collarblue-collarblue-collarblue-collarblue-collarblue-collarblue-collarblue-collarblue-collarblue-collarblue-collarblue-collarblue-collarblue-collarblue-collarblue-collarblue-collarblue-collarblue-collarblue-collarblue-collarblue-collarblue-collarblue-collarblue-collarblue-collarblue-collarblue-collarblue-collarblue-collarblue-collarblue-collarblue-collarblue-collarblue-collarblue-collarblue-collarblue-collarblue-collarblue-collarblue-collarblue-collarblue-collarblue-collarblue-collarblue-collarblue-collarblue-collarblue-collarblue-collarblue-collarblue-collarblue-collarblue-collarblue-collarblue-collarblue-collarblue-collarblue-collarblue-collarblue-collarblue-collarblue-collarblue-collarblue-collarblue-collarblue-collarblue-collarblue-collarblue-collarblue-collarblue-collarblue-collarblue-collarblue-collarblue-collarblue-collarblue-collarblue-collarblue-collarblue-collarblue-collarblue-collarblue-collarblue-collarblue-collarblue-collarblue-collarblue-collarblue-collarblue-collarblue-collarblue-collarblue-collarblue-collarblue-collarblue-collarblue-collarblue-collarblue-collarblue-collarblue-collarblue-collarblue-collarblue-collarblue-collarblue-collarblue-collarblue-collarblue-collarblue-collarblue-collarblue-collarblue-collarblue-collarblue-collarblue-collarblue-collarblue-collarblue-collarblue-collarblue-collarblue-collarblue-collarblue-collarblue-collarblue-collarblue-collarblue-collarblue-collarblue-collarblue-collarblue-collarblue-collarblue-collarblue-collarblue-collarblue-collarblue-collarblue-collarblue-collarblue-collarblue-collarblue-collarblue-collarblue-collarblue-collarblue-collarblue-collarblue-collarblue-collarblue-collarblue-collarblue-collarblue-collarblue-collarblue-collarblue-collarblue-collarblue-collarblue-collarblue-collarblue-collarblue-collarblue-collarblue-collarblue-collarblue-collarblue-collarblue-collarblue-collarblue-collarblue-collarblue-collarblue-collarblue-collarblue-collarblue-collarblue-collarblue-collarblue-collarblue-collarblue-collarblue-collarblue-collarblue-collarblue-collarblue-collarblue-collarblue-collarblue-collarblue-collarblue-collarblue-collarblue-collarblue-collarblue-collarblue-collarblue-collarblue-collarblue-collarblue-collarblue-collarblue-collarblue-collarblue-collarblue-collarblue-collarblue-collarblue-collarblue-collarblue-collarblue-collarblue-collarblue-collarblue-collarblue-collarblue-collarblue-collarblue-collarblue-collarblue-collarblue-collarblue-collarblue-collarblue-collarblue-collarblue-collarblue-collarblue-collarblue-collarblue-collarblue-collarblue-collarblue-collarblue-collarblue-collarblue-collarblue-collarblue-collarblue-collarblue-collarblue-collarblue-collarblue-collarblue-collarblue-collarblue-collarblue-collarblue-collarblue-collarblue-collarblue-collarblue-collarblue-collarblue-collarblue-collarblue-collarblue-collarblue-collarblue-collarblue-collarblue-collarblue-collarblue-collarblue-collarblue-collarblue-collarblue-collarblue-collarblue-collarblue-collarblue-collarblue-collarblue-collarblue-collarblue-collarblue-collarblue-collarblue-collarblue-collarblue-collarblue-collarblue-collarblue-collarblue-collarblue-collarblue-collarblue-collarblue-collarblue-collarblue-collarblue-collarblue-collarblue-collarblue-collarblue-collarblue-collarblue-collarblue-collarblue-collarblue-collarblue-collarblue-collarblue-collarblue-collarblue-collarblue-collarblue-collarblue-collarblue-collarblue-collarblue-collarblue-collarblue-collarblue-collarblue-collarblue-collarblue-collarblue-collarblue-collarblue-collarblue-collarblue-collarblue-collarblue-collarblue-collarblue-collarblue-collarblue-collarblue-collarblue-collarblue-collarblue-collarblue-collarblue-collarblue-collarblue-collarblue-collarblue-collarblue-collarblue-collarblue-collarblue-collarblue-collarblue-collarblue-collarblue-collarblue-collarblue-collarblue-collarblue-collarblue-collarblue-collarblue-collarblue-collarblue-collarblue-collarblue-collarblue-collarblue-collarblue-collarblue-collarblue-collarblue-collarblue-collarblue-collarblue-collarblue-collarblue-collarblue-collarblue-collarblue-collarblue-collarblue-collarblue-collarblue-collarblue-collarblue-collarblue-collarblue-collarblue-collarblue-collarblue-collarblue-collarblue-collarblue-collarblue-collarblue-collarblue-collarblue-collarblue-collarblue-collarblue-collarblue-collarblue-collarblue-collarblue-collarblue-collarblue-collarblue-collarblue-collarblue-collarblue-collarblue-collarblue-collarblue-collarblue-collarblue-collarblue-collarblue-collarblue-collarblue-collarblue-collarblue-collarblue-collarblue-collarblue-collarblue-collarblue-collarblue-collarblue-collarblue-collarblue-collarblue-collarblue-collarblue-collarblue-collarblue-collarblue-collarblue-collarblue-collarblue-collarblue-collarblue-collarblue-collarblue-collarblue-collarblue-collarblue-collarblue-collarblue-collarblue-collarblue-collarblue-collarblue-collarblue-collarblue-collarblue-collarblue-collarblue-collarblue-collarblue-collarblue-collarblue-collarblue-collarblue-collarblue-collarblue-collarblue-collarblue-collarblue-collarblue-collarblue-collarblue-collarblue-collarblue-collarblue-collarblue-collarblue-collarblue-collarblue-collarblue-collarblue-collarblue-collarblue-collarblue-collarblue-collarblue-collarblue-collarblue-collarblue-collarblue-collarblue-collarblue-collarblue-collarblue-collarblue-collarblue-collarblue-collarblue-collarblue-collarblue-collarblue-collarblue-collarblue-collarblue-collarblue-collarblue-collarblue-collarblue-collarblue-collarblue-collarblue-collarblue-collarblue-collarblue-collarblue-collarblue-collarblue-collarblue-collarblue-collarblue-collarblue-collarblue-collarblue-collarblue-collarblue-collarblue-collarblue-collarblue-collarblue-collarblue-collarblue-collarblue-collarblue-collarblue-collarblue-collarblue-collarblue-collarblue-collarblue-collarblue-collarblue-collarblue-collarblue-collarblue-collarblue-collarblue-collarblue-collarblue-collarblue-collarblue-collarblue-collarblue-collarblue-collarblue-collarblue-collarblue-collarblue-collarblue-collarblue-collarblue-collarblue-collarblue-collarblue-collarblue-collarblue-collarblue-collarblue-collarblue-collarblue-collarblue-collarblue-collarblue-collarblue-collarblue-collarblue-collarblue-collarblue-collarblue-collarblue-collarblue-collarblue-collarblue-collarblue-collarblue-collarblue-collarblue-collarblue-collarblue-collarblue-collarblue-collarblue-collarblue-collarblue-collarblue-collarblue-collarblue-collarblue-collarblue-collarblue-collarblue-collarblue-collarblue-collarblue-collarblue-collarblue-collarblue-collarblue-collarblue-collarblue-collarblue-collarblue-collarblue-collarblue-collarblue-collarblue-collarblue-collarblue-collarblue-collarblue-collarblue-collarblue-collarblue-collarblue-collarblue-collarblue-collarblue-collarblue-collarblue-collarblue-collarblue-collarblue-collarblue-collarblue-collarblue-collarblue-collarblue-collarblue-collarblue-collarblue-collarblue-collarblue-collarblue-collarblue-collarblue-collarblue-collarblue-collarblue-collarblue-collarblue-collarblue-collarblue-collarblue-collarblue-collarblue-collarblue-collarblue-collarblue-collarblue-collarblue-collarblue-collarblue-collarblue-collarblue-collarblue-collarblue-collarblue-collarblue-collarblue-collarblue-collarblue-collarblue-collarblue-collarblue-collarblue-collarblue-collarblue-collarblue-collarblue-collarblue-collarblue-collarblue-collarblue-collarblue-collarblue-collarblue-collarblue-collarblue-collarblue-collarblue-collarblue-collarblue-collarblue-collarblue-collarblue-collarblue-collarblue-collarblue-collarblue-collarblue-collarblue-collarblue-collarblue-collarblue-collarblue-collarblue-collarblue-collarblue-collarblue-collarblue-collarblue-collarblue-collarblue-collarblue-collarblue-collarblue-collarblue-collarblue-collarblue-collarblue-collarblue-collarblue-collarblue-collarblue-collarblue-collarblue-collarblue-collarblue-collarblue-collarblue-collarblue-collarblue-collarblue-collarblue-collarblue-collarblue-collarblue-collarblue-collarblue-collarblue-collarblue-collarblue-collarblue-collarblue-collarblue-collarblue-collarblue-collarblue-collarblue-collarblue-collarblue-collarblue-collarblue-collarblue-collarblue-collarblue-collarblue-collarblue-collarblue-collarblue-collarblue-collarblue-collarblue-collarblue-collarblue-collarblue-collarblue-collarblue-collarblue-collarblue-collarblue-collarblue-collarblue-collarblue-collarblue-collarblue-collarblue-collarblue-collarblue-collarblue-collarblue-collarblue-collarblue-collarblue-collarblue-collarblue-collarblue-collarblue-collarblue-collarblue-collarblue-collarblue-collarblue-collarblue-collarblue-collarblue-collarblue-collarblue-collarblue-collarblue-collarblue-collarblue-collarblue-collarblue-collarblue-collarblue-collarblue-collarblue-collarblue-collarblue-collarblue-collarblue-collarblue-collarblue-collarblue-collarblue-collarblue-collarblue-collarblue-collarblue-collarblue-collarblue-collarblue-collarblue-collarblue-collarblue-collarblue-collarblue-collarblue-collarblue-collarblue-collarblue-collarblue-collarblue-collarblue-collarblue-collarblue-collarblue-collarblue-collarblue-collarblue-collarblue-collarblue-collarblue-collarblue-collarblue-collarblue-collarblue-collarblue-collarblue-collarblue-collarblue-collarblue-collarblue-collarblue-collarblue-collarblue-collarblue-collarblue-collarblue-collarblue-collarblue-collarblue-collarblue-collarblue-collarblue-collarblue-collarblue-collarblue-collarblue-collarblue-collarblue-collarblue-collarblue-collarblue-collarblue-collarblue-collarblue-collarblue-collarblue-collarblue-collarblue-collarblue-collarblue-collarblue-collarblue-collarblue-collarblue-collarblue-collarblue-collarblue-collarblue-collarblue-collarblue-collarblue-collarblue-collarblue-collarblue-collarblue-collarblue-collarblue-collarblue-collarblue-collarblue-collarblue-collarblue-collarblue-collarblue-collarblue-collarblue-collarblue-collarblue-collarblue-collarblue-collarblue-collarblue-collarblue-collarblue-collarblue-collarblue-collarblue-collarblue-collarblue-collarblue-collarblue-collarblue-collarblue-collarblue-collarblue-collarblue-collarblue-collarblue-collarblue-collarblue-collarblue-collarblue-collarblue-collarblue-collarblue-collarblue-collarblue-collarblue-collarblue-collarblue-collarblue-collarblue-collarblue-collarblue-collarblue-collarblue-collarblue-collarblue-collarblue-collarblue-collarblue-collarblue-collarblue-collarblue-collarblue-collarblue-collarblue-collarblue-collarblue-collarblue-collarblue-collarblue-collarblue-collarblue-collarblue-collarblue-collarblue-collarblue-collarblue-collarblue-collarblue-collarblue-collarblue-collarblue-collarblue-collarblue-collarblue-collarblue-collarblue-collarblue-collarblue-collarblue-collarblue-collarblue-collarblue-collarblue-collarblue-collarblue-collarblue-collarblue-collarblue-collarblue-collarblue-collarblue-collarblue-collarblue-collarblue-collarblue-collarblue-collarblue-collarblue-collarblue-collarblue-collarblue-collarblue-collarblue-collarblue-collarblue-collarblue-collarblue-collarblue-collarblue-collarblue-collarblue-collarblue-collarblue-collarblue-collarblue-collarblue-collarblue-collarblue-collarblue-collarblue-collarblue-collarblue-collarblue-collarblue-collarblue-collarblue-collarblue-collarblue-collarblue-collarblue-collarblue-collarblue-collarblue-collarblue-collarblue-collarblue-collarblue-collarblue-collarblue-collarblue-collarblue-collarblue-collarblue-collarblue-collarblue-collarblue-collarblue-collarblue-collarblue-collarblue-collarblue-collarblue-collarblue-collarblue-collarblue-collarblue-collarblue-collarblue-collarblue-collarblue-collarblue-collarblue-collarblue-collarblue-collarblue-collarblue-collarblue-collarblue-collarblue-collarblue-collarblue-collarblue-collarblue-collarblue-collarblue-collarblue-collarblue-collarblue-collarblue-collarblue-collarblue-collarblue-collarblue-collarblue-collarblue-collarblue-collarblue-collarblue-collarblue-collarblue-collarblue-collarblue-collarblue-collarblue-collarblue-collarblue-collarblue-collarblue-collarblue-collarblue-collarblue-collarblue-collarblue-collarblue-collarblue-collarblue-collarblue-collarblue-collarblue-collarblue-collarblue-collarblue-collarblue-collarblue-collarblue-collarblue-collarblue-collarblue-collarblue-collarblue-collarblue-collarblue-collarblue-collarblue-collarblue-collarblue-collarblue-collarblue-collarblue-collarblue-collarblue-collarblue-collarblue-collarblue-collarblue-collarblue-collarblue-collarblue-collarblue-collarblue-collarblue-collarblue-collarblue-collarblue-collarblue-collarblue-collarblue-collarblue-collarblue-collarblue-collarblue-collarblue-collarblue-collarblue-collarblue-collarblue-collarblue-collarblue-collarblue-collarblue-collarblue-collarblue-collarblue-collarblue-collarblue-collarblue-collarblue-collarblue-collarblue-collarblue-collarblue-collarblue-collarblue-collarblue-collarblue-collarblue-collarblue-collarblue-collarblue-collarblue-collarblue-collarblue-collarblue-collarblue-collarblue-collarblue-collarblue-collarblue-collarblue-collarblue-collarblue-collarblue-collarblue-collarblue-collarblue-collarblue-collarblue-collarblue-collarblue-collarblue-collarblue-collarblue-collarblue-collarblue-collarblue-collarblue-collarblue-collarblue-collarblue-collarblue-collarblue-collarblue-collarblue-collarblue-collarblue-collarblue-collarblue-collarblue-collarblue-collarblue-collarblue-collarblue-collarblue-collarblue-collarblue-collarblue-collarblue-collarblue-collarblue-collarblue-collarblue-collarblue-collarblue-collarblue-collarblue-collarblue-collarblue-collarblue-collarblue-collarblue-collarblue-collarblue-collarblue-collarblue-collarblue-collarblue-collarblue-collarblue-collarblue-collarblue-collarblue-collarblue-collarblue-collarblue-collarblue-collarblue-collarblue-collarblue-collarblue-collarblue-collarblue-collarblue-collarblue-collarblue-collarblue-collarblue-collarblue-collarblue-collarblue-collarblue-collarblue-collarblue-collarblue-collarblue-collarblue-collarblue-collarblue-collarblue-collarblue-collarblue-collarblue-collarblue-collarblue-collarblue-collarblue-collarblue-collarblue-collarblue-collarblue-collarblue-collarblue-collarblue-collarblue-collarblue-collarblue-collarblue-collarblue-collarblue-collarblue-collarblue-collarblue-collarblue-collarblue-collarblue-collarblue-collarblue-collarblue-collarblue-collarblue-collarblue-collarblue-collarblue-collarblue-collarblue-collarblue-collarblue-collarblue-collarblue-collarblue-collarblue-collarblue-collarblue-collarblue-collarblue-collarblue-collarblue-collarblue-collarblue-collarblue-collarblue-collarblue-collarblue-collarblue-collarblue-collarblue-collarblue-collarblue-collarblue-collarblue-collarblue-collarblue-collarblue-collarblue-collarblue-collarblue-collarblue-collarblue-collarblue-collarblue-collarblue-collarblue-collarblue-collarblue-collarblue-collarblue-collarblue-collarblue-collarblue-collarblue-collarblue-collarblue-collarblue-collarblue-collarblue-collarblue-collarblue-collarblue-collarblue-collarblue-collarblue-collarblue-collarblue-collarblue-collarblue-collarblue-collarblue-collarblue-collarblue-collarblue-collarblue-collarblue-collarblue-collarblue-collarblue-collarblue-collarblue-collarblue-collarblue-collarblue-collarblue-collarblue-collarblue-collarblue-collarblue-collarblue-collarblue-collarblue-collarblue-collarblue-collarblue-collarblue-collarblue-collarblue-collarblue-collarblue-collarblue-collarblue-collarblue-collarblue-collarblue-collarblue-collarblue-collarblue-collarblue-collarblue-collarblue-collarblue-collarblue-collarblue-collarblue-collarblue-collarblue-collarblue-collarblue-collarblue-collarblue-collarblue-collarblue-collarblue-collarblue-collarblue-collarblue-collarblue-collarblue-collarblue-collarblue-collarblue-collarblue-collarblue-collarblue-collarblue-collarblue-collarblue-collarblue-collarblue-collarblue-collarblue-collarblue-collarblue-collarblue-collarblue-collarblue-collarblue-collarblue-collarblue-collarblue-collarblue-collarblue-collarblue-collarblue-collarblue-collarblue-collarblue-collarblue-collarblue-collarblue-collarblue-collarblue-collarblue-collarblue-collarblue-collarblue-collarblue-collarblue-collarblue-collarblue-collarblue-collarblue-collarblue-collarblue-collarblue-collarblue-collarblue-collarblue-collarblue-collarblue-collarblue-collarblue-collarblue-collarblue-collarblue-collarblue-collarblue-collarblue-collarblue-collarblue-collarblue-collarblue-collarblue-collarblue-collarblue-collarblue-collarblue-collarblue-collarblue-collarblue-collarblue-collarblue-collarblue-collarblue-collarblue-collarblue-collarblue-collarblue-collarblue-collarblue-collarblue-collarblue-collarblue-collarblue-collarblue-collarblue-collarblue-collarblue-collarblue-collarblue-collarblue-collarblue-collarblue-collarblue-collarblue-collarblue-collarblue-collarblue-collarblue-collarblue-collarblue-collarblue-collarblue-collarblue-collarblue-collarblue-collarblue-collarblue-collarblue-collarblue-collarblue-collarblue-collarblue-collarblue-collarblue-collarblue-collarblue-collarblue-collarblue-collarblue-collarblue-collarblue-collarblue-collarblue-collarblue-collarblue-collarblue-collarblue-collarblue-collarblue-collarblue-collarblue-collarblue-collarblue-collarblue-collarblue-collarblue-collarblue-collarblue-collarblue-collarblue-collarblue-collarblue-collarblue-collarblue-collarblue-collarblue-collarblue-collarblue-collarblue-collarblue-collarblue-collarblue-collarblue-collarblue-collarblue-collarblue-collarblue-collarblue-collarblue-collarblue-collarblue-collarblue-collarblue-collarblue-collarblue-collarblue-collarblue-collarblue-collarblue-collarblue-collarblue-collarblue-collarblue-collarblue-collarblue-collarblue-collarblue-collarblue-collarblue-collarblue-collarblue-collarblue-collarblue-collarblue-collarblue-collarblue-collarblue-collarblue-collarblue-collarblue-collarblue-collarblue-collarblue-collarblue-collarblue-collarblue-collarblue-collarblue-collarblue-collarblue-collarblue-collarblue-collarblue-collarblue-collarblue-collarblue-collarblue-collarblue-collarblue-collarblue-collarblue-collarblue-collarblue-collarblue-collarblue-collarblue-collarblue-collarblue-collarblue-collarblue-collarblue-collarblue-collarblue-collarblue-collarblue-collarblue-collarblue-collarblue-collarblue-collarblue-collarblue-collarblue-collarblue-collarblue-collarblue-collarblue-collarblue-collarblue-collarblue-collarblue-collarblue-collarblue-collarblue-collarblue-collarblue-collarblue-collarblue-collarblue-collarblue-collarblue-collarblue-collarblue-collarblue-collarblue-collarblue-collarblue-collarblue-collarblue-collarblue-collarblue-collarblue-collarblue-collarblue-collarblue-collarblue-collarblue-collarblue-collarblue-collarblue-collarblue-collarblue-collarblue-collarblue-collarblue-collarblue-collarblue-collarblue-collarblue-collarblue-collarblue-collarblue-collarblue-collarblue-collarblue-collarblue-collarblue-collarblue-collarblue-collarblue-collarblue-collarblue-collarblue-collarblue-collarblue-collarblue-collarblue-collarblue-collarblue-collarblue-collarblue-collarblue-collarblue-collarblue-collarblue-collarblue-collarblue-collarblue-collarblue-collarblue-collarblue-collarblue-collarblue-collarblue-collarblue-collarblue-collarblue-collarblue-collarblue-collarblue-collarblue-collarblue-collarblue-collarblue-collarblue-collarblue-collarblue-collarblue-collarblue-collarblue-collarblue-collarblue-collarblue-collarblue-collarblue-collarblue-collarblue-collarblue-collarblue-collarblue-collarblue-collarblue-collarblue-collarblue-collarblue-collarblue-collarblue-collarblue-collarblue-collarblue-collarblue-collarblue-collarblue-collarblue-collarblue-collarblue-collarblue-collarblue-collarblue-collarblue-collarblue-collarblue-collarblue-collarblue-collarblue-collarblue-collarblue-collarblue-collarblue-collarblue-collarblue-collarblue-collarblue-collarblue-collarblue-collarblue-collarblue-collarblue-collarblue-collarblue-collarblue-collarblue-collarblue-collarblue-collarblue-collarblue-collarblue-collarblue-collarblue-collarblue-collarblue-collarblue-collarblue-collarblue-collarblue-collarblue-collarblue-collarblue-collarblue-collarblue-collarblue-collarblue-collarblue-collarblue-collarblue-collarblue-collarblue-collarblue-collarblue-collarblue-collarblue-collarblue-collarblue-collarblue-collarblue-collarblue-collarblue-collarblue-collarblue-collarblue-collarblue-collarblue-collarblue-collarblue-collarblue-collarblue-collarblue-collarblue-collarblue-collarblue-collarblue-collarblue-collarblue-collarblue-collarblue-collarblue-collarblue-collarblue-collarblue-collarblue-collarblue-collarblue-collarblue-collarblue-collarblue-collarblue-collarblue-collarblue-collarblue-collarblue-collarblue-collarblue-collarblue-collarblue-collarblue-collarblue-collarblue-collarblue-collarblue-collarblue-collarblue-collarblue-collarblue-collarblue-collarblue-collarblue-collarblue-collarblue-collarblue-collarblue-collarblue-collarblue-collarblue-collarblue-collarblue-collarblue-collarblue-collarblue-collarblue-collarblue-collarblue-collarblue-collarblue-collarblue-collarblue-collarblue-collarblue-collarblue-collarblue-collarblue-collarblue-collarblue-collarblue-collarblue-collarblue-collarblue-collarblue-collarblue-collarblue-collarblue-collarblue-collarblue-collarblue-collarblue-collarblue-collarblue-collarblue-collarblue-collarblue-collarblue-collarblue-collarblue-collarblue-collarblue-collarblue-collarblue-collarblue-collarblue-collarblue-collarblue-collarblue-collarblue-collarblue-collarblue-collarblue-collarblue-collarblue-collarblue-collarblue-collarblue-collarblue-collarblue-collarblue-collarblue-collarblue-collarblue-collarblue-collarblue-collarblue-collarblue-collarblue-collarblue-collarblue-collarblue-collarblue-collarblue-collarblue-collarblue-collarblue-collarblue-collarblue-collarblue-collarblue-collarblue-collarblue-collarblue-collarblue-collarblue-collarblue-collarblue-collarblue-collarblue-collarblue-collarblue-collarblue-collarblue-collarblue-collarblue-collarblue-collarblue-collarblue-collarblue-collarblue-collarblue-collarblue-collarblue-collarblue-collarblue-collarblue-collarblue-collarblue-collarblue-collarblue-collarblue-collarblue-collarblue-collarblue-collarblue-collarblue-collarblue-collarblue-collarblue-collarblue-collarblue-collarblue-collarblue-collarblue-collarblue-collarblue-collarblue-collarblue-collarblue-collarblue-collarblue-collarblue-collarblue-collarblue-collarblue-collarblue-collarblue-collarblue-collarblue-collarblue-collarblue-collarblue-collarblue-collarblue-collarblue-collarblue-collarblue-collarblue-collarblue-collarblue-collarblue-collarblue-collarblue-collarblue-collarblue-collarblue-collarblue-collarblue-collarblue-collarblue-collarblue-collarblue-collarblue-collarblue-collarblue-collarblue-collarblue-collarblue-collarblue-collarblue-collarblue-collarblue-collarblue-collarblue-collarblue-collarblue-collarblue-collarblue-collarblue-collarblue-collarblue-collarblue-collarblue-collarblue-collarblue-collarblue-collarblue-collarblue-collarblue-collarblue-collarblue-collarblue-collarblue-collarblue-collarblue-collarblue-collarblue-collarblue-collarblue-collarblue-collarblue-collarblue-collarblue-collarblue-collarblue-collarblue-collarblue-collarblue-collarblue-collarblue-collarblue-collarblue-collarblue-collarblue-collarblue-collarblue-collarblue-collarblue-collarblue-collarblue-collarblue-collarblue-collarblue-collarblue-collarblue-collarblue-collarblue-collarblue-collarblue-collarblue-collarblue-collarblue-collarblue-collarblue-collarblue-collarblue-collarblue-collarblue-collarblue-collarblue-collarblue-collarblue-collarblue-collarblue-collarblue-collarblue-collarblue-collarblue-collarblue-collarblue-collarblue-collarblue-collarblue-collarblue-collarblue-collarblue-collarblue-collarblue-collarblue-collarblue-collarblue-collarblue-collarblue-collarblue-collarblue-collarblue-collarblue-collarblue-collarblue-collarblue-collarblue-collarblue-collarblue-collarblue-collarblue-collarblue-collarblue-collarblue-collarblue-collarblue-collarblue-collarblue-collarblue-collarblue-collarblue-collarblue-collarblue-collarblue-collarblue-collarblue-collarblue-collarblue-collarblue-collarblue-collarblue-collarblue-collarblue-collarblue-collarblue-collarblue-collarblue-collarblue-collarblue-collarblue-collarblue-collarblue-collarblue-collarblue-collarblue-collarblue-collarblue-collarblue-collarblue-collarblue-collarblue-collarblue-collarblue-collarblue-collarblue-collarblue-collarblue-collarblue-collarblue-collarblue-collarblue-collarblue-collarblue-collarblue-collarblue-collarblue-collarblue-collarblue-collarblue-collarblue-collarblue-collarblue-collarblue-collarblue-collarblue-collarblue-collarblue-collarblue-collarblue-collarblue-collarblue-collarblue-collarblue-collarblue-collarblue-collarblue-collarblue-collarblue-collarblue-collarblue-collarblue-collarblue-collarblue-collarblue-collarblue-collarblue-collarblue-collarblue-collarblue-collarblue-collarblue-collarblue-collarblue-collarblue-collarblue-collarblue-collarblue-collarblue-collarblue-collarblue-collarblue-collarblue-collarblue-collarblue-collarblue-collarblue-collarblue-collarblue-collarblue-collarblue-collarblue-collarblue-collarblue-collarblue-collarblue-collarblue-collarblue-collarblue-collarblue-collarblue-collarblue-collarblue-collarblue-collarblue-collarblue-collarblue-collarblue-collarblue-collarblue-collarblue-collarblue-collarblue-collarblue-collarblue-collarblue-collarblue-collarblue-collarblue-collarblue-collarblue-collarblue-collarblue-collarblue-collarblue-collarblue-collarblue-collarblue-collarblue-collarblue-collarblue-collarblue-collarblue-collarblue-collarblue-collarblue-collarblue-collarblue-collarblue-collarblue-collarblue-collarblue-collarblue-collarblue-collarblue-collarblue-collarblue-collarblue-collarblue-collarblue-collarblue-collarblue-collarblue-collarblue-collarblue-collarblue-collarblue-collarblue-collarblue-collarblue-collarblue-collarblue-collarblue-collarblue-collarblue-collarblue-collarblue-collarblue-collarblue-collarblue-collarblue-collarblue-collarblue-collarblue-collarblue-collarblue-collarblue-collarblue-collarblue-collarblue-collarblue-collarblue-collarblue-collarblue-collarblue-collarblue-collarblue-collarblue-collarblue-collarblue-collarblue-collarblue-collarblue-collarblue-collarblue-collarblue-collarblue-collarblue-collarblue-collarblue-collarblue-collarblue-collarblue-collarblue-collarblue-collarblue-collarblue-collarblue-collarblue-collarblue-collarblue-collarblue-collarblue-collarblue-collarblue-collarblue-collarblue-collarblue-collarblue-collarblue-collarblue-collarblue-collarblue-collarblue-collarblue-collarblue-collarblue-collarblue-collarblue-collarblue-collarblue-collarblue-collarblue-collarblue-collarblue-collarblue-collarblue-collarblue-collarblue-collarblue-collarblue-collarblue-collarblue-collarblue-collarblue-collarblue-collarblue-collarblue-collarblue-collarblue-collarblue-collarblue-collarblue-collarblue-collarblue-collarblue-collarblue-collarblue-collarblue-collarblue-collarblue-collarblue-collarblue-collarblue-collarblue-collarblue-collarblue-collarblue-collarblue-collarblue-collarblue-collarblue-collarblue-collarblue-collarblue-collarblue-collarblue-collarblue-collarblue-collarblue-collarblue-collarblue-collarblue-collarblue-collarblue-collarblue-collarblue-collarblue-collarblue-collarblue-collarblue-collarblue-collarblue-collarblue-collarblue-collarblue-collarblue-collarblue-collarblue-collarblue-collarblue-collarblue-collarblue-collarblue-collarblue-collarblue-collarblue-collarblue-collarblue-collarblue-collarblue-collarblue-collarblue-collarblue-collarblue-collarblue-collarblue-collarblue-collarblue-collarblue-collarblue-collarblue-collarblue-collarblue-collarblue-collarblue-collarblue-collarblue-collarblue-collarblue-collarblue-collarblue-collarblue-collarblue-collarblue-collarblue-collarblue-collarblue-collarblue-collarblue-collarblue-collarblue-collarblue-collarblue-collarblue-collarblue-collarblue-collarblue-collarblue-collarblue-collarblue-collarblue-collarblue-collarblue-collarblue-collarblue-collarblue-collarblue-collarblue-collarblue-collarblue-collarblue-collarblue-collarblue-collarblue-collarblue-collarblue-collarblue-collarblue-collarblue-collarblue-collarblue-collarblue-collarblue-collarblue-collarblue-collarblue-collarblue-collarblue-collarblue-collarblue-collarblue-collarblue-collarblue-collarblue-collarblue-collarblue-collarblue-collarblue-collarblue-collarblue-collarblue-collarblue-collarblue-collarblue-collarblue-collarblue-collarblue-collarblue-collarblue-collarblue-collarblue-collarblue-collarblue-collarblue-collarblue-collarblue-collarblue-collarblue-collarblue-collarblue-collarblue-collarblue-collarblue-collarblue-collarblue-collarblue-collarblue-collarblue-collarblue-collarblue-collarblue-collarblue-collarblue-collarblue-collarblue-collarblue-collarblue-collarblue-collarblue-collarblue-collarblue-collarblue-collarblue-collarblue-collarblue-collarblue-collarblue-collarblue-collarblue-collarblue-collarblue-collarblue-collarblue-collarblue-collarblue-collarblue-collarblue-collarblue-collarblue-collarblue-collarblue-collarblue-collarblue-collarblue-collarblue-collarblue-collarblue-collarblue-collarblue-collarblue-collarblue-collarblue-collarblue-collarblue-collarblue-collarblue-collarblue-collarblue-collarblue-collarblue-collarblue-collarblue-collarblue-collarblue-collarblue-collarblue-collarblue-collarblue-collarblue-collarblue-collarblue-collarblue-collarblue-collarblue-collarblue-collarblue-collarblue-collarblue-collarblue-collarblue-collarblue-collarblue-collarblue-collarblue-collarblue-collarblue-collarblue-collarblue-collarblue-collarblue-collarblue-collarblue-collarblue-collarblue-collarblue-collarblue-collarblue-collarblue-collarblue-collarblue-collarblue-collarblue-collarblue-collarblue-collarblue-collarblue-collarblue-collarblue-collarblue-collarblue-collarblue-collarblue-collarblue-collarblue-collarblue-collarblue-collarblue-collarblue-collarblue-collarblue-collarblue-collarblue-collarblue-collarblue-collarblue-collarblue-collarblue-collarblue-collarblue-collarblue-collarblue-collarblue-collarblue-collarblue-collarblue-collarblue-collarblue-collarblue-collarblue-collarblue-collarblue-collarblue-collarblue-collarblue-collarblue-collarblue-collarblue-collarblue-collarblue-collarblue-collarblue-collarblue-collarblue-collarblue-collarblue-collarblue-collarblue-collarblue-collarblue-collarblue-collarblue-collarblue-collarblue-collarblue-collarblue-collarblue-collarblue-collarblue-collarblue-collarblue-collarblue-collarblue-collarblue-collarblue-collarblue-collarblue-collarblue-collarblue-collarblue-collarblue-collarblue-collarblue-collarblue-collarblue-collarblue-collarblue-collarblue-collarblue-collarblue-collarblue-collarblue-collarblue-collarblue-collarblue-collarblue-collarblue-collarblue-collarblue-collarblue-collarblue-collarblue-collarblue-collarblue-collarblue-collarblue-collarblue-collarblue-collarblue-collarblue-collarblue-collarblue-collarblue-collarblue-collarblue-collarblue-collarblue-collarblue-collarblue-collarblue-collarblue-collarblue-collarblue-collarblue-collarblue-collarblue-collarblue-collarblue-collarblue-collarblue-collarblue-collarblue-collarblue-collarblue-collarblue-collarblue-collarblue-collarblue-collarblue-collarblue-collarblue-collarblue-collarblue-collarblue-collarblue-collarblue-collarblue-collarblue-collarblue-collarblue-collarblue-collarblue-collarblue-collarblue-collarblue-collarblue-collarblue-collarblue-collarblue-collarblue-collarblue-collarblue-collarblue-collarblue-collarblue-collarblue-collarblue-collarblue-collarblue-collarblue-collarblue-collarblue-collarblue-collarblue-collarblue-collarblue-collarblue-collarblue-collarblue-collarblue-collarblue-collarblue-collarblue-collarblue-collarblue-collarblue-collarblue-collarblue-collarblue-collarblue-collarblue-collarblue-collarblue-collarblue-collarblue-collarblue-collarblue-collarblue-collarblue-collarblue-collarblue-collarblue-collarblue-collarblue-collarblue-collarblue-collarblue-collarblue-collarblue-collarblue-collarblue-collarblue-collarblue-collarblue-collarblue-collarblue-collarblue-collarblue-collarblue-collarblue-collarblue-collarblue-collarblue-collarblue-collarblue-collarblue-collarblue-collarblue-collarblue-collarblue-collarblue-collarblue-collarblue-collarblue-collarblue-collarblue-collarblue-collarblue-collarblue-collarblue-collarblue-collarblue-collarblue-collarblue-collarblue-collarblue-collarblue-collarblue-collarblue-collarblue-collarblue-collarblue-collarblue-collarblue-collarblue-collarblue-collarblue-collarblue-collarblue-collarblue-collarblue-collarblue-collarblue-collarblue-collarblue-collarblue-collarblue-collarblue-collarblue-collarblue-collarblue-collarblue-collarblue-collarblue-collarblue-collarblue-collarblue-collarblue-collarblue-collarblue-collarblue-collarblue-collarblue-collarblue-collarblue-collarblue-collarblue-collarblue-collarblue-collarblue-collarblue-collarblue-collarblue-collarblue-collarblue-collarblue-collarblue-collarblue-collarblue-collarblue-collarblue-collarblue-collarblue-collarblue-collarblue-collarblue-collarblue-collarblue-collarblue-collarblue-collarblue-collarblue-collarblue-collarblue-collarblue-collarblue-collarblue-collarblue-collarblue-collarblue-collarblue-collarblue-collarblue-collarblue-collarblue-collarblue-collarblue-collarblue-collarblue-collarblue-collarblue-collarblue-collarblue-collarblue-collarblue-collarblue-collarblue-collarblue-collarblue-collarblue-collarblue-collarblue-collarblue-collarblue-collarblue-collarblue-collarblue-collarblue-collarblue-collarblue-collarblue-collarblue-collarblue-collarblue-collarblue-collarblue-collarblue-collarblue-collarblue-collarblue-collarblue-collarblue-collarblue-collarblue-collarblue-collarblue-collarblue-collarblue-collarblue-collarblue-collarblue-collarblue-collarblue-collarblue-collarblue-collarblue-collarblue-collarblue-collarblue-collarblue-collarblue-collarblue-collarblue-collarblue-collarblue-collarblue-collarblue-collarblue-collarblue-collarblue-collarblue-collarblue-collarblue-collarblue-collarblue-collarblue-collarblue-collarblue-collarblue-collarblue-collarblue-collarblue-collarblue-collarblue-collarblue-collarblue-collarblue-collarblue-collarblue-collarblue-collarblue-collarblue-collarblue-collarblue-collarblue-collarblue-collarblue-collarblue-collarblue-collarblue-collarblue-collarblue-collarblue-collarblue-collarblue-collarblue-collarblue-collarblue-collarblue-collarblue-collarblue-collarblue-collarblue-collarblue-collarblue-collarblue-collarblue-collarblue-collarblue-collarblue-collarblue-collarblue-collarblue-collarblue-collarblue-collarblue-collarblue-collarblue-collarblue-collarblue-collarblue-collarblue-collarblue-collarblue-collarblue-collarblue-collarblue-collarblue-collarblue-collarblue-collarblue-collarblue-collarblue-collarblue-collarblue-collarblue-collarblue-collarblue-collarblue-collarblue-collarblue-collarblue-collarblue-collarblue-collarblue-collarblue-collarblue-collarblue-collarblue-collarblue-collarblue-collarblue-collarblue-collarblue-collarblue-collarblue-collarblue-collarblue-collarblue-collarblue-collarblue-collarblue-collarblue-collarblue-collarblue-collarblue-collarblue-collarblue-collarblue-collarblue-collarblue-collarblue-collarblue-collarblue-collarblue-collarblue-collarblue-collarblue-collarblue-collarblue-collarblue-collarblue-collarblue-collarblue-collarblue-collarblue-collarblue-collarblue-collarblue-collarblue-collarblue-collarblue-collarblue-collarblue-collarblue-collarblue-collarblue-collarblue-collarblue-collarblue-collarblue-collarblue-collarblue-collarblue-collarblue-collarblue-collarblue-collarblue-collarblue-collarblue-collarblue-collarblue-collarblue-collarblue-collarblue-collarblue-collarblue-collarblue-collarblue-collarblue-collarblue-collarblue-collarblue-collarblue-collarblue-collarblue-collarblue-collarblue-collarblue-collarblue-collarblue-collarblue-collarblue-collarblue-collarblue-collarblue-collarblue-collarblue-collarblue-collarblue-collarblue-collarblue-collarblue-collarblue-collarblue-collarblue-collarblue-collarblue-collarblue-collarblue-collarblue-collarblue-collarblue-collarblue-collarblue-collarblue-collarblue-collarblue-collarblue-collarblue-collarblue-collarblue-collarblue-collarblue-collarblue-collarblue-collarblue-collarblue-collarblue-collarblue-collarblue-collarblue-collarblue-collarblue-collarblue-collarblue-collarblue-collarblue-collarblue-collarblue-collarblue-collarblue-collarblue-collarblue-collarblue-collarblue-collarblue-collarblue-collarblue-collarblue-collarblue-collarblue-collarblue-collarblue-collarblue-collarblue-collarblue-collarblue-collarblue-collarblue-collarblue-collarblue-collarblue-collarblue-collarblue-collarblue-collarblue-collarblue-collarblue-collarblue-collarblue-collarblue-collarblue-collarblue-collarblue-collarblue-collarblue-collarblue-collarblue-collarblue-collarblue-collarblue-collarblue-collarblue-collarblue-collarblue-collarblue-collarblue-collarblue-collarblue-collarblue-collarblue-collarblue-collarblue-collarblue-collarblue-collarblue-collarblue-collarblue-collarblue-collarblue-collarblue-collarblue-collarblue-collarblue-collarblue-collarblue-collarblue-collarblue-collarblue-collarblue-collarblue-collarblue-collarblue-collarblue-collarblue-collarblue-collarblue-collarblue-collarblue-collarblue-collarblue-collarblue-collarblue-collarblue-collarblue-collarblue-collarblue-collarblue-collarblue-collarblue-collarblue-collarblue-collarblue-collarblue-collarblue-collarblue-collarblue-collarblue-collarblue-collarblue-collarblue-collarblue-collarblue-collarblue-collarblue-collarblue-collarblue-collarblue-collarblue-collarblue-collarblue-collarblue-collarblue-collarblue-collarblue-collarblue-collarblue-collarblue-collarblue-collarblue-collarblue-collarblue-collarblue-collarblue-collarblue-collarblue-collarblue-collarblue-collarblue-collarblue-collarblue-collarblue-collarblue-collarblue-collarblue-collarblue-collarblue-collarblue-collarblue-collarblue-collarblue-collarblue-collarblue-collarblue-collarblue-collarblue-collarblue-collarblue-collarblue-collarblue-collarblue-collarblue-collarblue-collarblue-collarblue-collarblue-collarblue-collarblue-collarblue-collarblue-collarblue-collarblue-collarblue-collarblue-collarblue-collarblue-collarblue-collarblue-collarblue-collarblue-collarblue-collarblue-collarblue-collarblue-collarblue-collarblue-collarblue-collarblue-collarblue-collarblue-collarblue-collarblue-collarblue-collarblue-collarblue-collarblue-collarblue-collarblue-collarblue-collarblue-collarblue-collarblue-collarblue-collarblue-collarblue-collarblue-collarblue-collarblue-collarblue-collarblue-collarblue-collarblue-collarblue-collarblue-collarblue-collarblue-collarblue-collarblue-collarblue-collarblue-collarblue-collarblue-collarblue-collarblue-collarblue-collarblue-collarblue-collarblue-collarblue-collarblue-collarblue-collarblue-collarblue-collarblue-collarblue-collarblue-collarblue-collarblue-collarblue-collarblue-collarblue-collarblue-collarblue-collarblue-collarblue-collarblue-collarblue-collarblue-collarblue-collarblue-collarblue-collarblue-collarblue-collarblue-collarblue-collarblue-collarblue-collarblue-collarblue-collarblue-collarblue-collarblue-collarblue-collarblue-collarblue-collarblue-collarblue-collarblue-collarblue-collarblue-collarblue-collarblue-collarblue-collarblue-collarblue-collarblue-collarblue-collarblue-collarblue-collarblue-collarblue-collarblue-collarblue-collarblue-collarblue-collarblue-collarblue-collarblue-collarblue-collarblue-collarblue-collarblue-collarblue-collarblue-collarblue-collarblue-collarblue-collarblue-collarblue-collarblue-collarblue-collarblue-collarblue-collarblue-collarblue-collarblue-collarblue-collarblue-collarblue-collarblue-collarblue-collarblue-collarblue-collarblue-collarblue-collarblue-collarblue-collarblue-collarblue-collarblue-collarblue-collarblue-collarblue-collarblue-collarblue-collarblue-collarblue-collarblue-collarblue-collarblue-collarblue-collarblue-collarblue-collarblue-collarblue-collarblue-collarblue-collarblue-collarblue-collarblue-collarblue-collarblue-collarblue-collarblue-collarblue-collarblue-collarblue-collarblue-collarblue-collarblue-collarblue-collarblue-collarblue-collarblue-collarblue-collarblue-collarblue-collarblue-collarblue-collarblue-collarblue-collarblue-collarblue-collarblue-collarblue-collarblue-collarblue-collarblue-collarblue-collarblue-collarblue-collarblue-collarblue-collarblue-collarblue-collarblue-collarblue-collarblue-collarblue-collarblue-collarblue-collarblue-collarblue-collarblue-collarblue-collarblue-collarblue-collarblue-collarblue-collarblue-collarblue-collarblue-collarblue-collarblue-collarblue-collarblue-collarblue-collarblue-collarblue-collarblue-collarblue-collarblue-collarblue-collarblue-collarblue-collarblue-collarblue-collarblue-collarblue-collarblue-collarblue-collarblue-collarblue-collarblue-collarblue-collarblue-collarblue-collarblue-collarblue-collarblue-collarblue-collarblue-collarblue-collarblue-collarblue-collarblue-collarblue-collarblue-collarblue-collarblue-collarblue-collarblue-collarblue-collarblue-collarblue-collarblue-collarblue-collarblue-collarblue-collarblue-collarblue-collarblue-collarblue-collarblue-collarblue-collarblue-collarblue-collarblue-collarblue-collarblue-collarblue-collarblue-collarblue-collarblue-collarblue-collarblue-collarblue-collarblue-collarblue-collarblue-collarblue-collarblue-collarblue-collarblue-collarblue-collarblue-collarblue-collarblue-collarblue-collarblue-collarblue-collarblue-collarblue-collarblue-collarblue-collarblue-collarblue-collarblue-collarblue-collarblue-collarblue-collarblue-collarblue-collarblue-collarblue-collarblue-collarblue-collarblue-collarblue-collarblue-collarblue-collarblue-collarblue-collarblue-collarblue-collarblue-collarblue-collarblue-collarblue-collarblue-collarblue-collarblue-collarblue-collarblue-collarblue-collarblue-collarblue-collarblue-collarblue-collarblue-collarblue-collarblue-collarblue-collarblue-collarblue-collarblue-collarblue-collarblue-collarblue-collarblue-collarblue-collarblue-collarblue-collarblue-collarblue-collarblue-collarblue-collarblue-collarblue-collarblue-collarblue-collarblue-collarblue-collarblue-collarblue-collarblue-collarblue-collarblue-collarblue-collarblue-collarblue-collarblue-collarblue-collarblue-collarblue-collarblue-collarblue-collarblue-collarblue-collarblue-collarblue-collarblue-collarblue-collarblue-collarblue-collarblue-collarblue-collarblue-collarblue-collarblue-collarblue-collarblue-collarblue-collarblue-collarblue-collarblue-collarblue-collarblue-collarblue-collarblue-collarblue-collarblue-collarblue-collarblue-collarblue-collarblue-collarblue-collarblue-collarblue-collarblue-collarblue-collarblue-collarblue-collarblue-collarblue-collarblue-collarblue-collarblue-collarblue-collarblue-collarblue-collarblue-collarblue-collarblue-collarblue-collarblue-collarblue-collarblue-collarblue-collarblue-collarblue-collarblue-collarblue-collarblue-collarblue-collarblue-collarblue-collarblue-collarblue-collarblue-collarblue-collarblue-collarblue-collarblue-collarblue-collarblue-collarblue-collarblue-collarblue-collarblue-collarblue-collarblue-collarblue-collarblue-collarblue-collarblue-collarblue-collarblue-collarblue-collarblue-collarblue-collarblue-collarblue-collarblue-collarblue-collarblue-collarblue-collarblue-collarblue-collarblue-collarblue-collarblue-collarblue-collarblue-collarblue-collarblue-collarblue-collarblue-collarblue-collarblue-collarblue-collarblue-collarblue-collarblue-collarblue-collarblue-collarblue-collarblue-collarblue-collarblue-collarblue-collarblue-collarblue-collarblue-collarblue-collarblue-collarblue-collarblue-collarblue-collarblue-collarblue-collarblue-collarblue-collarblue-collarblue-collarblue-collarblue-collarblue-collarblue-collarblue-collarblue-collarblue-collarblue-collarblue-collarblue-collarblue-collarblue-collarblue-collarblue-collarblue-collarblue-collarblue-collarblue-collarblue-collarblue-collarblue-collarblue-collarblue-collarblue-collarblue-collarblue-collarblue-collarblue-collarblue-collarblue-collarblue-collarblue-collarblue-collarblue-collarblue-collarblue-collarblue-collarblue-collarblue-collarblue-collarblue-collarblue-collarblue-collarblue-collarblue-collarblue-collarblue-collarblue-collarblue-collarblue-collarblue-collarblue-collarblue-collarblue-collarblue-collarblue-collarblue-collarblue-collarblue-collarblue-collarblue-collarblue-collarblue-collarblue-collarblue-collarblue-collarblue-collarblue-collarblue-collarblue-collarblue-collarblue-collarblue-collarblue-collarblue-collarblue-collarblue-collarblue-collarblue-collarblue-collarblue-collarblue-collarblue-collarblue-collarblue-collarblue-collarblue-collarblue-collarblue-collarblue-collarblue-collarblue-collarblue-collarblue-collarblue-collarblue-collarblue-collarblue-collarblue-collarblue-collarblue-collarblue-collarblue-collarblue-collarblue-collarblue-collarblue-collarblue-collarblue-collarblue-collarblue-collarblue-collarblue-collarblue-collarblue-collarblue-collarblue-collarblue-collarblue-collarblue-collarblue-collarblue-collarblue-collarblue-collarblue-collarblue-collarblue-collarblue-collarblue-collarblue-collarblue-collarblue-collarblue-collarblue-collarblue-collarblue-collarblue-collarblue-collarblue-collarblue-collarblue-collarblue-collarblue-collarblue-collarblue-collarblue-collarblue-collarblue-collarblue-collarblue-collarblue-collarblue-collarblue-collarblue-collarblue-collarblue-collarblue-collarblue-collarblue-collarblue-collarblue-collarblue-collarblue-collarblue-collarblue-collarblue-collarblue-collarblue-collarblue-collarblue-collarblue-collarblue-collarblue-collarblue-collarblue-collarblue-collarblue-collarblue-collarblue-collarblue-collarblue-collarblue-collarblue-collarblue-collarblue-collarblue-collarblue-collarblue-collarblue-collarblue-collarblue-collarblue-collarblue-collarblue-collarblue-collarblue-collarblue-collarblue-collarblue-collarblue-collarblue-collarblue-collarblue-collarblue-collarblue-collarblue-collarblue-collarblue-collarblue-collarblue-collarblue-collarblue-collarblue-collarblue-collarblue-collarblue-collarblue-collarblue-collarblue-collarblue-collarblue-collarblue-collarblue-collarblue-collarblue-collarblue-collarblue-collarblue-collarblue-collarblue-collarblue-collarblue-collarblue-collarblue-collarblue-collarblue-collarblue-collarblue-collarblue-collarblue-collarblue-collarblue-collarblue-collarblue-collarblue-collarblue-collarblue-collarblue-collarblue-collarblue-collarblue-collarblue-collarblue-collarblue-collarblue-collarblue-collarblue-collarblue-collarblue-collarblue-collarblue-collarblue-collarblue-collarblue-collarblue-collarblue-collarblue-collarblue-collarblue-collarblue-collarblue-collarblue-collarblue-collarblue-collarblue-collarblue-collarblue-collarblue-collarblue-collarblue-collarblue-collarblue-collarblue-collarblue-collarblue-collarblue-collarblue-collarblue-collarblue-collarblue-collarblue-collarblue-collarblue-collarblue-collarblue-collarblue-collarblue-collarblue-collarblue-collarblue-collarblue-collarblue-collarblue-collarblue-collarblue-collarblue-collarblue-collarblue-collarblue-collarblue-collarblue-collarblue-collarblue-collarblue-collarblue-collarblue-collarblue-collarblue-collarblue-collarblue-collarblue-collarblue-collarblue-collarblue-collarblue-collarblue-collarblue-collarblue-collarblue-collarblue-collarblue-collarblue-collarblue-collarblue-collarblue-collarblue-collarblue-collarblue-collarblue-collarblue-collarblue-collarblue-collarblue-collarblue-collarblue-collarblue-collarblue-collarblue-collarblue-collarblue-collarblue-collarblue-collarblue-collarblue-collarblue-collarblue-collarblue-collarblue-collarblue-collarblue-collarblue-collarblue-collarblue-collarblue-collarblue-collarblue-collarblue-collarblue-collarblue-collarblue-collarblue-collarblue-collarblue-collarblue-collarblue-collarblue-collarblue-collarblue-collarblue-collarblue-collarblue-collarblue-collarblue-collarblue-collarblue-collarblue-collarblue-collarblue-collarblue-collarblue-collarblue-collarblue-collarblue-collarblue-collarblue-collarblue-collarblue-collarblue-collarblue-collarblue-collarblue-collarblue-collarblue-collarblue-collarblue-collarblue-collarblue-collarblue-collarblue-collarblue-collarblue-collarblue-collarblue-collarblue-collarblue-collarblue-collarblue-collarblue-collarblue-collarblue-collarblue-collarblue-collarblue-collarblue-collarblue-collarblue-collarblue-collarblue-collarblue-collarblue-collarblue-collarblue-collarblue-collarblue-collarblue-collarblue-collarblue-collarblue-collarblue-collarblue-collarblue-collarblue-collarblue-collarblue-collarblue-collarblue-collarblue-collarblue-collarblue-collarblue-collarblue-collarblue-collarblue-collarblue-collarblue-collarblue-collarblue-collarblue-collarblue-collarblue-collarblue-collarblue-collarblue-collarblue-collarblue-collarblue-collarblue-collarblue-collarblue-collarblue-collarblue-collarblue-collarblue-collarblue-collarblue-collarblue-collarblue-collarblue-collarblue-collarblue-collarblue-collarblue-collarblue-collarblue-collarblue-collarblue-collarblue-collarblue-collarblue-collarblue-collarblue-collarblue-collarblue-collarblue-collarblue-collarblue-collarblue-collarblue-collarblue-collarblue-collarblue-collarblue-collarblue-collarblue-collarblue-collarblue-collarblue-collarblue-collarblue-collarblue-collarblue-collarblue-collarblue-collarblue-collarblue-collarblue-collarblue-collarblue-collarblue-collarblue-collarblue-collarblue-collarblue-collarblue-collarblue-collarblue-collarblue-collarblue-collarblue-collarblue-collarblue-collarblue-collarblue-collarblue-collarblue-collarblue-collarblue-collarblue-collarblue-collarblue-collarblue-collarblue-collarblue-collarblue-collarblue-collarblue-collarblue-collarblue-collarblue-collarblue-collarblue-collarblue-collarblue-collarblue-collarblue-collarblue-collarblue-collarblue-collarblue-collarblue-collarblue-collarblue-collarblue-collarblue-collarblue-collarblue-collarblue-collarblue-collarblue-collarblue-collarblue-collarblue-collarblue-collarblue-collarblue-collarblue-collarblue-collarblue-collarblue-collarblue-collarblue-collarblue-collarblue-collarblue-collarblue-collarblue-collarblue-collarblue-collarblue-collarblue-collarblue-collarblue-collarblue-collarblue-collarblue-collarblue-collarblue-collarblue-collarblue-collarblue-collarblue-collarblue-collarblue-collarblue-collarblue-collarblue-collarblue-collarblue-collarblue-collarblue-collarblue-collarblue-collarblue-collarblue-collarblue-collarblue-collarblue-collarblue-collarblue-collarblue-collarblue-collarblue-collarblue-collarblue-collarblue-collarblue-collarblue-collarblue-collarblue-collarblue-collarblue-collarblue-collarblue-collarblue-collarblue-collarblue-collarblue-collarblue-collarblue-collarblue-collarblue-collarblue-collarblue-collarblue-collarblue-collarblue-collarblue-collarblue-collarblue-collarblue-collarblue-collarblue-collarblue-collarblue-collarblue-collarblue-collarblue-collarblue-collarblue-collarblue-collarblue-collarblue-collarblue-collarblue-collarblue-collarblue-collarblue-collarblue-collarblue-collarblue-collarblue-collarblue-collarblue-collarblue-collarblue-collarblue-collarblue-collarblue-collarblue-collarblue-collarblue-collarblue-collarblue-collarblue-collarblue-collarblue-collarblue-collarblue-collarblue-collarblue-collarblue-collarblue-collarblue-collarblue-collarblue-collarblue-collarblue-collarblue-collarblue-collarblue-collarblue-collarblue-collarblue-collarblue-collarblue-collarblue-collarblue-collarblue-collarblue-collarblue-collarblue-collarblue-collarblue-collarblue-collarblue-collarblue-collarblue-collarblue-collarblue-collarblue-collarblue-collarblue-collarblue-collarblue-collarblue-collarblue-collarblue-collarblue-collarblue-collarblue-collarblue-collarblue-collarblue-collarblue-collarblue-collarblue-collarblue-collarblue-collarblue-collarblue-collarblue-collarblue-collarblue-collarblue-collarblue-collarblue-collarblue-collarblue-collarblue-collarblue-collarblue-collarblue-collarblue-collarblue-collarblue-collarblue-collarblue-collarblue-collarblue-collarblue-collarblue-collarblue-collarblue-collarblue-collarblue-collarblue-collarblue-collarblue-collarblue-collarblue-collarblue-collarblue-collarblue-collarblue-collarblue-collarblue-collarblue-collarblue-collarblue-collarblue-collarblue-collarblue-collarblue-collarblue-collarblue-collarblue-collarblue-collarblue-collarblue-collarblue-collarblue-collarblue-collarblue-collarblue-collarblue-collarblue-collarblue-collarblue-collarblue-collarblue-collarblue-collarblue-collarblue-collarblue-collarblue-collarblue-collarblue-collarblue-collarblue-collarblue-collarblue-collarblue-collarblue-collarblue-collarblue-collarblue-collarblue-collarblue-collarblue-collarblue-collarblue-collarblue-collarblue-collarblue-collarblue-collarblue-collarblue-collarblue-collarblue-collarblue-collarblue-collarblue-collarblue-collarblue-collarblue-collarblue-collarblue-collarblue-collarblue-collarblue-collarblue-collarblue-collarblue-collarblue-collarblue-collarblue-collarblue-collarblue-collarblue-collarblue-collarblue-collarblue-collarblue-collarblue-collarblue-collarblue-collarblue-collarblue-collarblue-collarblue-collarblue-collarblue-collarblue-collarblue-collarblue-collarblue-collarblue-collarblue-collarblue-collarblue-collarblue-collarblue-collarblue-collarblue-collarblue-collarblue-collarblue-collarblue-collarblue-collarblue-collarblue-collarblue-collarblue-collarblue-collarblue-collarblue-collarblue-collarblue-collarblue-collarblue-collarblue-collarblue-collarblue-collarblue-collarblue-collarblue-collarblue-collarblue-collarblue-collarblue-collarblue-collarblue-collarblue-collarblue-collarblue-collarblue-collarblue-collarblue-collarblue-collarblue-collarblue-collarblue-collarblue-collarblue-collarblue-collarblue-collarblue-collarblue-collarblue-collarblue-collarblue-collarblue-collarblue-collarblue-collarblue-collarblue-collarblue-collarblue-collarblue-collarblue-collarblue-collarblue-collarblue-collarblue-collarblue-collarblue-collarblue-collarblue-collarblue-collarblue-collarblue-collarblue-collarblue-collarblue-collarblue-collarblue-collarblue-collarblue-collarblue-collarblue-collarblue-collarblue-collarblue-collarblue-collarblue-collarblue-collarblue-collarblue-collarblue-collarblue-collarblue-collarblue-collarblue-collarblue-collarblue-collarblue-collarblue-collarblue-collarblue-collarblue-collarblue-collarblue-collarblue-collarblue-collarblue-collarblue-collarblue-collarblue-collarblue-collarblue-collarblue-collarblue-collarblue-collarblue-collarblue-collarblue-collarblue-collarblue-collarblue-collarblue-collarblue-collarblue-collarblue-collarblue-collarblue-collarblue-collarblue-collarblue-collarblue-collarblue-collarblue-collarblue-collarblue-collarblue-collarblue-collarblue-collarblue-collarblue-collarblue-collarblue-collarblue-collarblue-collarblue-collarblue-collarblue-collarblue-collarblue-collarblue-collarblue-collarblue-collarblue-collarblue-collarblue-collarblue-collarblue-collarblue-collarblue-collarblue-collarblue-collarblue-collarblue-collarblue-collarblue-collarblue-collarblue-collarblue-collarblue-collarblue-collarblue-collarblue-collarblue-collarblue-collarblue-collarblue-collarblue-collarblue-collarblue-collarblue-collarblue-collarblue-collarblue-collarblue-collarblue-collarblue-collarblue-collarblue-collarblue-collarblue-collarblue-collarblue-collarblue-collarblue-collarblue-collarblue-collarblue-collarblue-collarblue-collarblue-collarblue-collarblue-collarblue-collarblue-collarblue-collarblue-collarblue-collarblue-collarblue-collarblue-collarblue-collarblue-collarblue-collarblue-collarblue-collarblue-collarblue-collarblue-collarblue-collarblue-collarblue-collarblue-collarblue-collarblue-collarblue-collarblue-collarblue-collarblue-collarblue-collarblue-collarblue-collarblue-collarblue-collarblue-collarblue-collarblue-collarblue-collarblue-collarblue-collarblue-collarblue-collarblue-collarblue-collarblue-collarblue-collarblue-collarblue-collarblue-collarblue-collarblue-collarblue-collarblue-collarblue-collarblue-collarblue-collarblue-collarblue-collarblue-collarblue-collarblue-collarblue-collarblue-collarblue-collarblue-collarblue-collarblue-collarblue-collarblue-collarblue-collarblue-collarblue-collarblue-collarblue-collarblue-collarblue-collarblue-collarblue-collarblue-collarblue-collarblue-collarblue-collarblue-collarblue-collarblue-collarblue-collarblue-collarblue-collarblue-collarblue-collarblue-collarblue-collarblue-collarblue-collarblue-collarblue-collarblue-collarblue-collarblue-collarblue-collarblue-collarblue-collarblue-collarblue-collarblue-collarblue-collarblue-collarblue-collarblue-collarblue-collarblue-collarblue-collarblue-collarblue-collarblue-collarblue-collarblue-collarblue-collarblue-collarblue-collarblue-collarblue-collarblue-collarblue-collarblue-collarblue-collarblue-collarblue-collarblue-collarblue-collarblue-collarblue-collarblue-collarblue-collarblue-collarblue-collarblue-collarblue-collarblue-collarblue-collarblue-collarblue-collarblue-collarblue-collarblue-collarblue-collarblue-collarblue-collarblue-collarblue-collarblue-collarblue-collarblue-collarblue-collarblue-collarblue-collarblue-collarblue-collarblue-collarblue-collarblue-collarblue-collarblue-collarblue-collarblue-collarblue-collarblue-collarblue-collarblue-collarblue-collarblue-collarblue-collarblue-collarblue-collarblue-collarblue-collarblue-collarblue-collarblue-collarblue-collarblue-collarblue-collarblue-collarblue-collarblue-collarblue-collarblue-collarblue-collarblue-collarblue-collarblue-collarblue-collarblue-collarblue-collarblue-collarblue-collarblue-collarblue-collarblue-collarblue-collarblue-collarblue-collarblue-collarblue-collarblue-collarblue-collarblue-collarblue-collarblue-collarblue-collarblue-collarblue-collarblue-collarblue-collarblue-collarblue-collarblue-collarblue-collarblue-collarblue-collarblue-collarblue-collarblue-collarblue-collarblue-collarblue-collarblue-collarblue-collarblue-collarblue-collarblue-collarblue-collarblue-collarblue-collarblue-collarblue-collarblue-collarblue-collarblue-collarblue-collarblue-collarblue-collarblue-collarblue-collarblue-collarblue-collarblue-collarblue-collarblue-collarblue-collarblue-collarblue-collarblue-collarblue-collarblue-collarblue-collarblue-collarblue-collarblue-collarblue-collarblue-collarblue-collarblue-collarblue-collarblue-collarblue-collarblue-collarblue-collarblue-collarblue-collarblue-collarblue-collarblue-collarblue-collarblue-collarblue-collarblue-collarblue-collarblue-collarblue-collarblue-collarblue-collarblue-collarblue-collarblue-collarblue-collarblue-collarblue-collarblue-collarblue-collarblue-collarblue-collarblue-collarblue-collarblue-collarblue-collarblue-collarblue-collarblue-collarblue-collarblue-collarblue-collarblue-collarblue-collarblue-collarblue-collarblue-collarblue-collarblue-collarblue-collarblue-collarblue-collarblue-collarblue-collarblue-collarblue-collarblue-collarblue-collarblue-collarblue-collarblue-collarblue-collarblue-collarblue-collarblue-collarblue-collarblue-collarblue-collarblue-collarblue-collarblue-collarblue-collarblue-collarblue-collarblue-collarblue-collarblue-collarblue-collarblue-collarblue-collarblue-collarblue-collarblue-collarblue-collarblue-collarblue-collarblue-collarblue-collarblue-collarblue-collarblue-collarblue-collarblue-collarblue-collarblue-collarblue-collarblue-collarblue-collarblue-collarblue-collarblue-collarblue-collarblue-collarblue-collarblue-collarblue-collarblue-collarblue-collarblue-collarblue-collarblue-collarblue-collarblue-collarblue-collarblue-collarblue-collarblue-collarblue-collarblue-collarblue-collarblue-collarblue-collarblue-collarblue-collarblue-collarblue-collarblue-collarblue-collarblue-collarblue-collarblue-collarblue-collarblue-collarblue-collarblue-collarblue-collarblue-collarblue-collarblue-collarblue-collarblue-collarblue-collarblue-collarblue-collarblue-collarblue-collarblue-collarblue-collarblue-collarblue-collarblue-collarblue-collarblue-collarblue-collarblue-collarblue-collarblue-collarblue-collarblue-collarblue-collarblue-collarblue-collarblue-collarblue-collarblue-collarblue-collarblue-collarblue-collarblue-collarblue-collarblue-collarblue-collarblue-collarblue-collarblue-collarblue-collarblue-collarblue-collarblue-collarblue-collarblue-collarblue-collarblue-collarblue-collarblue-collarblue-collarblue-collarblue-collarblue-collarblue-collarblue-collarblue-collarblue-collarblue-collarblue-collarblue-collarblue-collarblue-collarblue-collarblue-collarblue-collarblue-collarblue-collarblue-collarblue-collarblue-collarblue-collarblue-collarblue-collarblue-collarblue-collarblue-collarblue-collarblue-collarblue-collarblue-collarblue-collarblue-collarblue-collarblue-collarblue-collarblue-collarblue-collarblue-collarblue-collarblue-collarblue-collarblue-collarblue-collarblue-collarblue-collarblue-collarblue-collarblue-collarblue-collarblue-collarblue-collarblue-collarblue-collarblue-collarblue-collarblue-collarblue-collarblue-collarblue-collarblue-collarblue-collarblue-collarblue-collarblue-collarblue-collarblue-collarblue-collarblue-collarblue-collarblue-collarblue-collarblue-collarblue-collarblue-collarblue-collarblue-collarblue-collarblue-collarblue-collarblue-collarblue-collarblue-collarblue-collarblue-collarblue-collarblue-collarblue-collarblue-collarblue-collarblue-collarblue-collarblue-collarblue-collarblue-collarblue-collarblue-collarblue-collarblue-collarblue-collarblue-collarblue-collarblue-collarblue-collarblue-collarblue-collarblue-collarblue-collarblue-collarblue-collarblue-collarblue-collarblue-collarblue-collarblue-collarblue-collarblue-collarblue-collarblue-collarblue-collarblue-collarblue-collarblue-collarblue-collarblue-collarblue-collarblue-collarblue-collarblue-collarblue-collarblue-collarblue-collarblue-collarblue-collarblue-collarblue-collarblue-collarblue-collarblue-collarblue-collarblue-collarblue-collarblue-collarblue-collarblue-collarblue-collarblue-collarblue-collarblue-collarblue-collarblue-collarblue-collarblue-collarblue-collarblue-collarblue-collarblue-collarblue-collarblue-collarblue-collarblue-collarblue-collarblue-collarblue-collarblue-collarblue-collarblue-collarblue-collarblue-collarblue-collarblue-collarblue-collarblue-collarblue-collarblue-collarblue-collarblue-collarblue-collarblue-collarblue-collarblue-collarblue-collarblue-collarblue-collarblue-collarblue-collarblue-collarblue-collarblue-collarblue-collarblue-collarblue-collarblue-collarblue-collarblue-collarblue-collarblue-collarblue-collarblue-collarblue-collarblue-collarblue-collarblue-collarblue-collarblue-collarblue-collarblue-collarblue-collarblue-collarblue-collarblue-collarblue-collarblue-collarblue-collarblue-collarblue-collarblue-collarblue-collarblue-collarblue-collarblue-collarblue-collarblue-collarblue-collarblue-collarblue-collarblue-collarblue-collarblue-collarblue-collarblue-collarblue-collarblue-collarblue-collarblue-collarblue-collarblue-collarblue-collarblue-collarblue-collarblue-collarblue-collarblue-collarblue-collarblue-collarblue-collarblue-collarblue-collarblue-collarblue-collarblue-collarblue-collarblue-collarblue-collarblue-collarblue-collarblue-collarblue-collarblue-collarblue-collarblue-collarblue-collarblue-collarblue-collarblue-collarblue-collarblue-collarblue-collarblue-collarblue-collarblue-collarblue-collarblue-collarblue-collarblue-collarblue-collarblue-collarblue-collarblue-collarblue-collarblue-collarblue-collarblue-collarblue-collarblue-collarblue-collarblue-collarblue-collarblue-collarblue-collarblue-collarblue-collarblue-collarblue-collarblue-collarblue-collarblue-collarblue-collarblue-collarblue-collarblue-collarblue-collarblue-collarblue-collarblue-collarblue-collarblue-collarblue-collarblue-collarblue-collarblue-collarblue-collarblue-collarblue-collarblue-collarblue-collarblue-collarblue-collarblue-collarblue-collarblue-collarblue-collarblue-collarblue-collarblue-collarblue-collarblue-collarblue-collarblue-collarblue-collarblue-collarblue-collarblue-collarblue-collarblue-collarblue-collarblue-collarblue-collarblue-collarblue-collarblue-collarblue-collarblue-collarblue-collarblue-collarblue-collarblue-collarblue-collarblue-collarblue-collarblue-collarblue-collarblue-collarblue-collarblue-collarblue-collarblue-collarblue-collarblue-collarblue-collarblue-collarblue-collarblue-collarblue-collarblue-collarblue-collarblue-collarblue-collarblue-collarblue-collarblue-collarblue-collarblue-collarblue-collarblue-collarblue-collarblue-collarblue-collarblue-collarblue-collarblue-collarblue-collarblue-collarblue-collarblue-collarblue-collarblue-collarblue-collarblue-collarblue-collarblue-collarblue-collarblue-collarblue-collarblue-collarblue-collarblue-collarblue-collarblue-collarblue-collarblue-collarblue-collarblue-collarblue-collarblue-collarblue-collarblue-collarblue-collarblue-collarblue-collarblue-collarblue-collarblue-collarblue-collarblue-collarblue-collarblue-collarblue-collarblue-collarblue-collarblue-collarblue-collarblue-collarblue-collarblue-collarblue-collarblue-collarblue-collarblue-collarblue-collarblue-collarblue-collarblue-collarblue-collarblue-collarblue-collarblue-collarblue-collarblue-collarblue-collarblue-collarblue-collarblue-collarblue-collarblue-collarblue-collarblue-collarblue-collarblue-collarblue-collarblue-collarblue-collarblue-collarblue-collarblue-collarblue-collarblue-collarblue-collarblue-collarblue-collarblue-collarblue-collarblue-collarblue-collarblue-collarblue-collarblue-collarblue-collarblue-collarblue-collarblue-collarblue-collarblue-collarblue-collarblue-collarblue-collarblue-collarblue-collarblue-collarblue-collarblue-collarblue-collarblue-collarblue-collarblue-collarblue-collarblue-collarblue-collarblue-collarblue-collarblue-collarblue-collarblue-collarblue-collarblue-collarblue-collarblue-collarblue-collarblue-collarblue-collarblue-collarblue-collarblue-collarblue-collarblue-collarblue-collarblue-collarblue-collarblue-collarblue-collarblue-collarblue-collarblue-collarblue-collarblue-collarblue-collarblue-collarblue-collarblue-collarblue-collarblue-collarblue-collarblue-collarblue-collarblue-collarblue-collarblue-collarblue-collarblue-collarblue-collarblue-collarblue-collarblue-collarblue-collarblue-collarblue-collarblue-collarblue-collarblue-collarblue-collarblue-collarblue-collarblue-collarblue-collarblue-collarblue-collarblue-collarblue-collarblue-collarblue-collarblue-collarblue-collarblue-collarblue-collarblue-collarblue-collarblue-collarblue-collarblue-collarblue-collarblue-collarblue-collarblue-collarblue-collarblue-collarblue-collarblue-collarblue-collarblue-collarblue-collarblue-collarblue-collarblue-collarblue-collarblue-collarblue-collarblue-collarblue-collarblue-collarblue-collarblue-collarblue-collarblue-collarblue-collarblue-collarblue-collarblue-collarblue-collarblue-collarblue-collarblue-collarblue-collarblue-collarblue-collarblue-collarblue-collarblue-collarblue-collarblue-collarblue-collarblue-collarblue-collarblue-collarblue-collarblue-collarblue-collarblue-collarblue-collarblue-collarblue-collarblue-collarblue-collarblue-collarblue-collarblue-collarblue-collarblue-collarblue-collarblue-collarblue-collarblue-collarblue-collarblue-collarblue-collarblue-collarblue-collarblue-collarblue-collarblue-collarblue-collarblue-collarblue-collarblue-collarblue-collarblue-collarblue-collarblue-collarblue-collarblue-collarblue-collarblue-collarblue-collarblue-collarblue-collarblue-collarblue-collarblue-collarblue-collarblue-collarblue-collarblue-collarblue-collarblue-collarblue-collarblue-collarblue-collarblue-collarblue-collarblue-collarblue-collarblue-collarblue-collarblue-collarblue-collarblue-collarblue-collarblue-collarblue-collarblue-collarblue-collarblue-collarblue-collarblue-collarblue-collarblue-collarblue-collarblue-collarblue-collarblue-collarblue-collarblue-collarblue-collarblue-collarblue-collarblue-collarblue-collarblue-collarblue-collarblue-collarblue-collarblue-collarblue-collarblue-collarblue-collarblue-collarblue-collarblue-collarblue-collarblue-collarblue-collarblue-collarblue-collarblue-collarblue-collarblue-collarblue-collarblue-collarblue-collarblue-collarblue-collarblue-collarblue-collarblue-collarblue-collarblue-collarblue-collarblue-collarblue-collarblue-collarblue-collarblue-collarblue-collarblue-collarblue-collarblue-collarblue-collarblue-collarblue-collarblue-collarblue-collarblue-collarblue-collarblue-collarblue-collarblue-collarblue-collarblue-collarblue-collarblue-collarblue-collarblue-collarblue-collarblue-collarblue-collarblue-collarblue-collarblue-collarblue-collarblue-collarblue-collarblue-collarblue-collarblue-collarblue-collarblue-collarblue-collarblue-collarblue-collarblue-collarblue-collarblue-collarblue-collarblue-collarblue-collarblue-collarblue-collarblue-collarblue-collarblue-collarblue-collarblue-collarblue-collarblue-collarblue-collarblue-collarblue-collarblue-collarblue-collarblue-collarblue-collarblue-collarblue-collarblue-collarblue-collarblue-collarblue-collarblue-collarblue-collarblue-collarblue-collarblue-collarblue-collarblue-collarblue-collarblue-collarblue-collarblue-collarblue-collarblue-collarblue-collarblue-collarblue-collarblue-collarblue-collarblue-collarblue-collarblue-collarblue-collarblue-collarblue-collarblue-collarblue-collarblue-collarblue-collarblue-collarblue-collarblue-collarblue-collarblue-collarblue-collarblue-collarblue-collarblue-collarblue-collarblue-collarblue-collarblue-collarblue-collarblue-collarblue-collarblue-collarblue-collarblue-collarblue-collarblue-collarblue-collarblue-collarblue-collarblue-collarblue-collarblue-collarblue-collarblue-collarblue-collarblue-collarblue-collarblue-collarblue-collarblue-collarblue-collarblue-collarblue-collarblue-collarblue-collarblue-collarblue-collarblue-collarblue-collarblue-collarblue-collarblue-collarblue-collarblue-collarblue-collarblue-collarblue-collarblue-collarblue-collarblue-collarblue-collarblue-collarblue-collarblue-collarblue-collarblue-collarblue-collarblue-collarblue-collarblue-collarblue-collarblue-collarblue-collarblue-collarblue-collarblue-collarblue-collarblue-collarblue-collarblue-collarblue-collarblue-collarblue-collarblue-collarblue-collarblue-collarblue-collarblue-collarblue-collarblue-collarblue-collarblue-collarblue-collarblue-collarblue-collarblue-collarblue-collarblue-collarblue-collarblue-collarblue-collarblue-collarblue-collarblue-collarblue-collarblue-collarblue-collarblue-collarblue-collarblue-collarblue-collarblue-collarblue-collarblue-collarblue-collarblue-collarblue-collarblue-collarblue-collarblue-collarblue-collarblue-collarblue-collarblue-collarblue-collarblue-collarblue-collarblue-collarblue-collarblue-collarblue-collarblue-collarblue-collarblue-collarblue-collarblue-collarblue-collarblue-collarblue-collarblue-collarblue-collarblue-collarblue-collarblue-collarblue-collarblue-collarblue-collarblue-collarblue-collarblue-collarblue-collarblue-collarblue-collarblue-collarblue-collarblue-collarblue-collarblue-collarblue-collarblue-collarblue-collarblue-collarblue-collarblue-collarblue-collarblue-collarblue-collarblue-collarblue-collarblue-collarblue-collarblue-collarblue-collarblue-collarblue-collarblue-collarblue-collarblue-collarblue-collarblue-collarblue-collarblue-collarblue-collarblue-collarblue-collarblue-collarblue-collarblue-collarblue-collarblue-collarblue-collarblue-collarblue-collarblue-collarblue-collarblue-collarblue-collarblue-collarblue-collarblue-collarblue-collarblue-collarblue-collarblue-collarblue-collarblue-collarblue-collarblue-collarblue-collarblue-collarblue-collarblue-collarblue-collarblue-collarblue-collarblue-collarblue-collarblue-collarblue-collarblue-collarblue-collarblue-collarblue-collarblue-collarblue-collarblue-collarblue-collarblue-collarblue-collarblue-collarblue-collarblue-collarblue-collarblue-collarblue-collarblue-collarblue-collarblue-collarblue-collarblue-collarblue-collarblue-collarblue-collarblue-collarblue-collarblue-collarblue-collarblue-collarblue-collarblue-collarblue-collarblue-collarblue-collarblue-collarblue-collarblue-collarblue-collarblue-collarblue-collarblue-collarblue-collarblue-collarblue-collarblue-collarblue-collarblue-collarblue-collarblue-collarblue-collarblue-collarblue-collarblue-collarblue-collarblue-collarblue-collarblue-collarblue-collarblue-collarblue-collarblue-collarblue-collarblue-collarblue-collarblue-collarblue-collarblue-collarblue-collarblue-collarblue-collarblue-collarblue-collarblue-collarblue-collarblue-collarblue-collarblue-collarblue-collarblue-collarblue-collarblue-collarblue-collarblue-collarblue-collarblue-collarblue-collarblue-collarblue-collarblue-collarblue-collarblue-collarblue-collarblue-collarblue-collarblue-collarblue-collarblue-collarblue-collarblue-collarblue-collarblue-collarblue-collarblue-collarblue-collarblue-collarblue-collarblue-collarblue-collarblue-collarblue-collarblue-collarblue-collarblue-collarblue-collarblue-collarblue-collarblue-collarblue-collarblue-collarblue-collarblue-collarblue-collarblue-collarblue-collarblue-collarblue-collarblue-collarblue-collarblue-collarblue-collarblue-collarblue-collarblue-collarblue-collarblue-collarblue-collarblue-collarblue-collarblue-collarblue-collarblue-collarblue-collarblue-collarblue-collarblue-collarblue-collarblue-collarblue-collarblue-collarblue-collarblue-collarblue-collarblue-collarblue-collarblue-collarblue-collarblue-collarblue-collarblue-collarblue-collarblue-collarblue-collarblue-collarblue-collarblue-collarblue-collarblue-collarblue-collarblue-collarblue-collarblue-collarblue-collarblue-collarblue-collarblue-collarblue-collarblue-collarblue-collarblue-collarblue-collarblue-collarblue-collarblue-collarblue-collarblue-collarblue-collarblue-collarblue-collarblue-collarblue-collarblue-collarblue-collarblue-collarblue-collarblue-collarblue-collarblue-collarblue-collarblue-collarblue-collarblue-collarblue-collarblue-collarblue-collarblue-collarblue-collarblue-collarblue-collarblue-collarblue-collarblue-collarblue-collarblue-collarblue-collarblue-collarblue-collarblue-collarblue-collarblue-collarblue-collarblue-collarblue-collarblue-collarblue-collarblue-collarblue-collarblue-collarblue-collarblue-collarblue-collarblue-collarblue-collarblue-collarblue-collarblue-collarblue-collarblue-collarblue-collarblue-collarblue-collarblue-collarblue-collarblue-collarblue-collarblue-collarblue-collarblue-collarblue-collarblue-collarblue-collarblue-collarblue-collarblue-collarblue-collarblue-collarblue-collarblue-collarblue-collarblue-collarblue-collarblue-collarblue-collarblue-collarblue-collarblue-collarblue-collarblue-collarblue-collarblue-collarblue-collarblue-collarblue-collarblue-collarblue-collarblue-collarblue-collarblue-collarblue-collarblue-collarblue-collarblue-collarblue-collarblue-collarblue-collarblue-collarblue-collarblue-collarblue-collarblue-collarblue-collarblue-collarblue-collarblue-collarblue-collarblue-collarblue-collarblue-collarblue-collarblue-collarblue-collarblue-collarblue-collarblue-collarblue-collarblue-collarblue-collarblue-collarblue-collarblue-collarblue-collarblue-collarblue-collarblue-collarblue-collarblue-collarblue-collarblue-collarblue-collarblue-collarblue-collarblue-collarblue-collarblue-collarblue-collarblue-collarblue-collarblue-collarblue-collarblue-collarblue-collarblue-collarblue-collarblue-collarblue-collarblue-collarblue-collarblue-collarblue-collarblue-collarblue-collarblue-collarblue-collarblue-collarblue-collarblue-collarblue-collarblue-collarblue-collarblue-collarblue-collarblue-collarblue-collarblue-collarblue-collarblue-collarblue-collarblue-collarblue-collarblue-collarblue-collarblue-collarblue-collarblue-collarblue-collarblue-collarblue-collarblue-collarblue-collarblue-collarblue-collarblue-collarblue-collarblue-collarblue-collarblue-collarblue-collarblue-collarblue-collarblue-collarblue-collarblue-collarblue-collarblue-collarblue-collarblue-collarblue-collarblue-collarblue-collarblue-collarblue-collarblue-collarblue-collarblue-collarblue-collarblue-collarblue-collarblue-collarblue-collarblue-collarblue-collarblue-collarblue-collarblue-collarblue-collarblue-collarblue-collarblue-collarblue-collarblue-collarblue-collarblue-collarblue-collarblue-collarblue-collarblue-collarblue-collarblue-collarblue-collarblue-collarblue-collarblue-collarblue-collarblue-collarblue-collarblue-collarblue-collarblue-collarblue-collarblue-collarblue-collarblue-collarblue-collarblue-collarblue-collarblue-collarblue-collarblue-collarblue-collarblue-collarblue-collarblue-collarblue-collarblue-collarblue-collarblue-collarblue-collarblue-collarblue-collarblue-collarblue-collarblue-collarblue-collarblue-collarblue-collarblue-collarblue-collarblue-collarblue-collarblue-collarblue-collarblue-collarblue-collarblue-collarblue-collarblue-collarblue-collarblue-collarblue-collarblue-collarblue-collarblue-collarblue-collarblue-collarblue-collarblue-collarblue-collarblue-collarblue-collarblue-collarblue-collarblue-collarblue-collarblue-collarblue-collarblue-collarblue-collarblue-collarblue-collarblue-collarblue-collarblue-collarblue-collarblue-collarblue-collarblue-collarblue-collarblue-collarblue-collarblue-collarblue-collarblue-collarblue-collarblue-collarblue-collarblue-collarblue-collarblue-collarblue-collarblue-collarblue-collarblue-collarblue-collarblue-collarblue-collarblue-collarblue-collarblue-collarblue-collarblue-collarblue-collarblue-collarblue-collarblue-collarblue-collarblue-collarblue-collarblue-collarblue-collarblue-collarblue-collarblue-collarblue-collarblue-collarblue-collarblue-collarblue-collarblue-collarblue-collarblue-collarblue-collarblue-collarblue-collarblue-collarblue-collarblue-collarblue-collarblue-collarblue-collarblue-collarblue-collarblue-collarblue-collarblue-collarblue-collarblue-collarblue-collarblue-collarblue-collarblue-collarblue-collarblue-collarblue-collarblue-collarblue-collarblue-collarblue-collarblue-collarblue-collarblue-collarblue-collarblue-collarblue-collarblue-collarblue-collarblue-collarblue-collarblue-collarblue-collarblue-collarblue-collarblue-collarblue-collarblue-collarblue-collarblue-collarblue-collarblue-collarblue-collarblue-collarblue-collarblue-collarblue-collarblue-collarblue-collarblue-collarblue-collarblue-collarblue-collarblue-collarblue-collarblue-collarblue-collarblue-collarblue-collarblue-collarblue-collarblue-collarblue-collarblue-collarblue-collarblue-collarblue-collarblue-collarblue-collarblue-collarblue-collarblue-collarblue-collarblue-collarblue-collarblue-collarblue-collarblue-collarblue-collarblue-collarblue-collarblue-collarblue-collarblue-collarblue-collarblue-collarblue-collarblue-collarblue-collarblue-collarblue-collarblue-collarblue-collarblue-collarblue-collarblue-collarblue-collarblue-collarblue-collarblue-collarblue-collarblue-collarblue-collarblue-collarblue-collarblue-collarblue-collarblue-collarblue-collarblue-collarblue-collarblue-collarblue-collarblue-collarblue-collarblue-collarblue-collarblue-collarblue-collarblue-collarblue-collarblue-collarblue-collarblue-collarblue-collarblue-collarblue-collarblue-collarblue-collarblue-collarblue-collarblue-collarblue-collarblue-collarblue-collarblue-collarblue-collarblue-collarblue-collarblue-collarblue-collarblue-collarblue-collarblue-collarblue-collarblue-collarblue-collarblue-collarblue-collarblue-collarblue-collarblue-collarblue-collarblue-collarblue-collarblue-collarblue-collarblue-collarblue-collarblue-collarblue-collarblue-collarblue-collarblue-collarblue-collarblue-collarblue-collarblue-collarblue-collarblue-collarblue-collarblue-collarblue-collarblue-collarblue-collarblue-collarblue-collarblue-collarblue-collarblue-collarblue-collarblue-collarblue-collarblue-collarblue-collarblue-collarblue-collarblue-collarblue-collarblue-collarblue-collarblue-collarblue-collarblue-collarblue-collarblue-collarblue-collarblue-collarblue-collarblue-collarblue-collarblue-collarblue-collarblue-collarblue-collarblue-collarblue-collarblue-collarblue-collarblue-collarblue-collarblue-collarblue-collarblue-collarblue-collarblue-collarblue-collarblue-collarblue-collarblue-collarblue-collarblue-collarblue-collarblue-collarblue-collarblue-collarblue-collarblue-collarblue-collarblue-collarblue-collarblue-collarblue-collarblue-collarblue-collarblue-collarblue-collarblue-collarblue-collarblue-collarblue-collarblue-collarblue-collarblue-collarblue-collarblue-collarblue-collarblue-collarblue-collarblue-collarblue-collarblue-collarblue-collarblue-collarblue-collarblue-collarblue-collarblue-collarblue-collarblue-collarblue-collarblue-collarblue-collarblue-collarblue-collarblue-collarblue-collarblue-collarblue-collarblue-collarblue-collarblue-collarblue-collarblue-collarblue-collarblue-collarblue-collarblue-collarblue-collarblue-collarblue-collarblue-collarblue-collarblue-collarblue-collarblue-collarblue-collarblue-collarblue-collarblue-collarblue-collarblue-collarblue-collarblue-collarblue-collarblue-collarblue-collarblue-collarblue-collarblue-collarblue-collarblue-collarblue-collarblue-collarblue-collarblue-collarblue-collarblue-collarblue-collarblue-collarblue-collarblue-collarblue-collarblue-collarblue-collarblue-collarblue-collarblue-collarblue-collarblue-collarblue-collarblue-collarblue-collarblue-collarblue-collarblue-collarblue-collarblue-collarblue-collarblue-collarblue-collarblue-collarblue-collarblue-collarblue-collarblue-collarblue-collarblue-collarblue-collarblue-collarblue-collarblue-collarblue-collarblue-collarblue-collarblue-collarblue-collarblue-collarblue-collarblue-collarblue-collarblue-collarblue-collarblue-collarblue-collarblue-collarblue-collarblue-collarblue-collarblue-collarblue-collarblue-collarblue-collarblue-collarblue-collarblue-collarblue-collarblue-collarblue-collarblue-collarblue-collarblue-collarblue-collarblue-collarblue-collarblue-collarblue-collarblue-collarblue-collarblue-collarblue-collarblue-collarblue-collarblue-collarblue-collarblue-collarblue-collarblue-collarblue-collarblue-collarblue-collarblue-collarblue-collarblue-collarblue-collarblue-collarblue-collarblue-collarblue-collarblue-collarblue-collarblue-collarblue-collarblue-collarblue-collarblue-collarblue-collarblue-collarblue-collarblue-collarblue-collarblue-collarblue-collarblue-collarblue-collarblue-collarblue-collarblue-collarblue-collarblue-collarblue-collarblue-collarblue-collarblue-collarblue-collarblue-collarblue-collarblue-collarblue-collarblue-collarblue-collarblue-collarblue-collarblue-collarblue-collarblue-collarblue-collarblue-collarblue-collarblue-collarblue-collarblue-collarblue-collarblue-collarblue-collarblue-collarblue-collarblue-collarblue-collarblue-collarblue-collarblue-collarblue-collarblue-collarblue-collarblue-collarblue-collarblue-collarblue-collarblue-collarblue-collarblue-collarblue-collarblue-collarblue-collarblue-collarblue-collarblue-collarblue-collarblue-collarblue-collarblue-collarblue-collarblue-collarblue-collarblue-collarblue-collarblue-collarblue-collarblue-collarblue-collarblue-collarblue-collarblue-collarblue-collarblue-collarblue-collarblue-collarblue-collarblue-collarblue-collarblue-collarblue-collarblue-collarblue-collarblue-collarblue-collarblue-collarblue-collarblue-collarblue-collarblue-collarblue-collarblue-collarblue-collarblue-collarblue-collarblue-collarblue-collarblue-collarblue-collarblue-collarblue-collarblue-collarblue-collarblue-collarblue-collarblue-collarblue-collarblue-collarblue-collarblue-collarblue-collarblue-collarblue-collarblue-collarblue-collarblue-collarblue-collarblue-collarblue-collarblue-collarblue-collarblue-collarblue-collarblue-collarblue-collarblue-collarblue-collarblue-collarblue-collarblue-collarblue-collarblue-collarblue-collarblue-collarblue-collarblue-collarblue-collarblue-collarblue-collarblue-collarblue-collarblue-collarblue-collarblue-collarblue-collarblue-collarblue-collarblue-collarblue-collarblue-collarblue-collarblue-collarblue-collarblue-collarblue-collarblue-collarblue-collarblue-collarblue-collarblue-collarblue-collarblue-collarblue-collarblue-collarblue-collarblue-collarblue-collarblue-collarblue-collarblue-collarblue-collarblue-collarblue-collarblue-collarblue-collarblue-collarblue-collarblue-collarblue-collarblue-collarblue-collarblue-collarblue-collarblue-collarblue-collarblue-collarblue-collarblue-collarblue-collarblue-collarblue-collarblue-collarblue-collarblue-collarblue-collarblue-collarblue-collarblue-collarblue-collarblue-collarblue-collarblue-collarblue-collarblue-collarblue-collarblue-collarblue-collarblue-collarblue-collarblue-collarblue-collarblue-collarblue-collarblue-collarblue-collarblue-collarblue-collarblue-collarblue-collarblue-collarblue-collarblue-collarblue-collarblue-collarblue-collarblue-collarblue-collarblue-collarblue-collarblue-collarblue-collarblue-collarblue-collarblue-collarblue-collarblue-collarblue-collarblue-collarblue-collarblue-collarblue-collarblue-collarblue-collarblue-collarblue-collarblue-collarblue-collarblue-collarblue-collarblue-collarblue-collarblue-collarblue-collarblue-collarblue-collarblue-collarblue-collarblue-collarblue-collarblue-collarblue-collarblue-collarblue-collarblue-collarblue-collarblue-collarblue-collarblue-collarblue-collarblue-collarblue-collarblue-collarblue-collarblue-collarblue-collarblue-collarblue-collarblue-collarblue-collarblue-collarblue-collarblue-collarblue-collarblue-collarblue-collarblue-collarblue-collarblue-collarblue-collarblue-collarblue-collarblue-collarblue-collarblue-collarblue-collarblue-collarblue-collarblue-collarblue-collarblue-collarblue-collarblue-collarblue-collarblue-collarblue-collarblue-collarblue-collarblue-collarblue-collarblue-collarblue-collarblue-collarblue-collarblue-collarblue-collarblue-collarblue-collarblue-collarblue-collarblue-collarblue-collarblue-collarblue-collarblue-collarblue-collarblue-collarblue-collarblue-collarblue-collarblue-collarblue-collarblue-collarblue-collarblue-collarblue-collarblue-collarblue-collarblue-collarblue-collarblue-collarblue-collarblue-collarblue-collarblue-collarblue-collarblue-collarblue-collarblue-collarblue-collarblue-collarblue-collarblue-collarblue-collarblue-collarblue-collarblue-collarblue-collarblue-collarblue-collarblue-collarblue-collarblue-collarblue-collarblue-collarblue-collarblue-collarblue-collarblue-collarblue-collarblue-collarblue-collarblue-collarblue-collarblue-collarblue-collarblue-collarblue-collarblue-collarblue-collarblue-collarblue-collarblue-collarblue-collarblue-collarblue-collarblue-collarblue-collarblue-collarblue-collarblue-collarblue-collarblue-collarblue-collarblue-collarblue-collarblue-collarblue-collarblue-collarblue-collarblue-collarblue-collarblue-collarblue-collarblue-collarblue-collarblue-collarblue-collarblue-collarblue-collarblue-collarblue-collarblue-collarblue-collarblue-collarblue-collarblue-collarblue-collarblue-collarblue-collarblue-collarblue-collarblue-collarblue-collarblue-collarblue-collarblue-collarblue-collarblue-collarblue-collarblue-collarblue-collarblue-collarblue-collarblue-collarblue-collarblue-collarblue-collarblue-collarblue-collarblue-collarblue-collarblue-collarblue-collarblue-collarblue-collarblue-collarblue-collarblue-collarblue-collarblue-collarblue-collarblue-collarblue-collarblue-collarblue-collarblue-collarblue-collarblue-collarblue-collarblue-collarblue-collarblue-collarblue-collarblue-collarblue-collarblue-collarblue-collarblue-collarblue-collarblue-collarblue-collarblue-collarblue-collarblue-collarblue-collarblue-collarblue-collarblue-collarblue-collarblue-collarblue-collarblue-collarblue-collarblue-collarblue-collarblue-collarblue-collarblue-collarblue-collarblue-collarblue-collarblue-collarblue-collarblue-collarblue-collarblue-collarblue-collarblue-collarblue-collarblue-collarblue-collarblue-collarblue-collarblue-collarblue-collarblue-collarblue-collarblue-collarblue-collarblue-collarblue-collarblue-collarblue-collarblue-collarblue-collarblue-collarblue-collarblue-collarblue-collarblue-collarblue-collarblue-collarblue-collarblue-collarblue-collarblue-collarblue-collarblue-collarblue-collarblue-collarblue-collarblue-collarblue-collarblue-collarblue-collarblue-collarblue-collarblue-collarblue-collarblue-collarblue-collarblue-collarblue-collarblue-collarblue-collarblue-collarblue-collarblue-collarblue-collarblue-collarblue-collarblue-collarblue-collarblue-collarblue-collarblue-collarblue-collarblue-collarblue-collarblue-collarblue-collarblue-collarblue-collarblue-collarblue-collarblue-collarblue-collarblue-collarblue-collarblue-collarblue-collarblue-collarblue-collarblue-collarblue-collarblue-collarblue-collarblue-collarblue-collarblue-collarblue-collarblue-collarblue-collarblue-collarblue-collarblue-collarblue-collarblue-collarblue-collarblue-collarblue-collarblue-collarblue-collarblue-collarblue-collarblue-collarblue-collarblue-collarblue-collarblue-collarblue-collarblue-collarblue-collarblue-collarblue-collarblue-collarblue-collarblue-collarblue-collarblue-collarblue-collarblue-collarblue-collarblue-collarblue-collarblue-collarblue-collarblue-collarblue-collarblue-collarblue-collarblue-collarblue-collarblue-collarblue-collarblue-collarblue-collarblue-collarblue-collarblue-collarblue-collarblue-collarblue-collarblue-collarblue-collarblue-collarblue-collarblue-collarblue-collarblue-collarblue-collarblue-collarblue-collarblue-collarblue-collarblue-collarblue-collarblue-collarblue-collarblue-collarblue-collarblue-collarblue-collarblue-collarblue-collarblue-collarblue-collarblue-collarblue-collarblue-collarblue-collarblue-collarblue-collarblue-collarblue-collarblue-collarblue-collarblue-collarblue-collarblue-collarblue-collarblue-collarblue-collarblue-collarblue-collarblue-collarblue-collarblue-collarblue-collarblue-collarblue-collarblue-collarblue-collarblue-collarblue-collarblue-collarblue-collarblue-collarblue-collarblue-collarblue-collarblue-collarblue-collarblue-collarblue-collarblue-collarblue-collarblue-collarblue-collarblue-collarblue-collarblue-collarblue-collarblue-collarblue-collarblue-collarblue-collarblue-collarblue-collarblue-collarblue-collarblue-collarblue-collarblue-collarblue-collarblue-collarblue-collarblue-collarblue-collarblue-collarblue-collarblue-collarblue-collarblue-collarblue-collarblue-collarblue-collarblue-collarblue-collarblue-collarblue-collarblue-collarblue-collarblue-collarblue-collarblue-collarblue-collarblue-collarblue-collarblue-collarblue-collarblue-collarblue-collarblue-collarblue-collarblue-collarblue-collarblue-collarblue-collarblue-collarblue-collarblue-collarblue-collarblue-collarblue-collarblue-collarblue-collarblue-collarblue-collarblue-collarblue-collarblue-collarblue-collarblue-collarblue-collarblue-collarblue-collarblue-collarblue-collarblue-collarblue-collarblue-collarblue-collarblue-collarblue-collarblue-collarblue-collarblue-collarblue-collarblue-collarblue-collarblue-collarblue-collarblue-collarblue-collarblue-collarblue-collarblue-collarblue-collarblue-collarblue-collarblue-collarblue-collarblue-collarblue-collarblue-collarblue-collarblue-collarblue-collarblue-collarblue-collarblue-collarblue-collarblue-collarblue-collarblue-collarblue-collarblue-collarblue-collarblue-collarblue-collarblue-collarblue-collarblue-collarblue-collarblue-collarblue-collarblue-collarblue-collarblue-collarblue-collarblue-collarblue-collarblue-collarblue-collarblue-collarblue-collarblue-collarblue-collarblue-collarblue-collarblue-collarblue-collarblue-collarblue-collarblue-collarblue-collarblue-collarblue-collarblue-collarblue-collarblue-collarblue-collarblue-collarblue-collarblue-collarblue-collarblue-collarblue-collarblue-collarblue-collarblue-collarblue-collarblue-collarblue-collarblue-collarblue-collarblue-collarblue-collarblue-collarblue-collarblue-collarblue-collarblue-collarblue-collarblue-collarblue-collarblue-collarblue-collarblue-collarblue-collarblue-collarblue-collarblue-collarblue-collarblue-collarblue-collarblue-collarblue-collarblue-collarblue-collarblue-collarblue-collarblue-collarblue-collarblue-collarblue-collarblue-collarblue-collarblue-collarblue-collarblue-collarblue-collarblue-collarblue-collarblue-collarblue-collarblue-collarblue-collarblue-collarblue-collarblue-collarblue-collarblue-collarblue-collarblue-collarblue-collarblue-collarblue-collarblue-collarblue-collarblue-collarblue-collarblue-collarblue-collarblue-collarblue-collarblue-collarblue-collarblue-collarblue-collarblue-collarblue-collarblue-collarblue-collarblue-collarblue-collarblue-collarblue-collarblue-collarblue-collarblue-collarblue-collarblue-collarblue-collarblue-collarblue-collarblue-collarblue-collarblue-collarblue-collarblue-collarblue-collarblue-collarblue-collarblue-collarblue-collarblue-collarblue-collarblue-collarblue-collarblue-collarblue-collarblue-collarblue-collarblue-collarblue-collarblue-collarblue-collarblue-collarblue-collarblue-collarblue-collarblue-collarblue-collarblue-collarblue-collarblue-collarblue-collarblue-collarblue-collarblue-collarblue-collarblue-collarblue-collarblue-collarblue-collarblue-collarblue-collarblue-collarblue-collarblue-collarblue-collarblue-collarblue-collarblue-collarblue-collarblue-collarblue-collarblue-collarblue-collarblue-collarblue-collarblue-collarblue-collarblue-collarblue-collarblue-collarblue-collarblue-collarblue-collarblue-collarblue-collarblue-collarblue-collarblue-collarblue-collarblue-collarblue-collarblue-collarblue-collarblue-collarblue-collarblue-collarblue-collarblue-collarblue-collarblue-collarblue-collarblue-collarblue-collarblue-collarblue-collarblue-collarblue-collarblue-collarblue-collarblue-collarblue-collarblue-collarblue-collarblue-collarblue-collarblue-collarblue-collarblue-collarblue-collarblue-collarblue-collarblue-collarblue-collarblue-collarblue-collarblue-collarblue-collarblue-collarblue-collarblue-collarblue-collarblue-collarblue-collarblue-collarblue-collarblue-collarblue-collarblue-collarblue-collarblue-collarblue-collarblue-collarblue-collarblue-collarblue-collarblue-collarblue-collarblue-collarblue-collarblue-collarblue-collarblue-collarblue-collarblue-collarblue-collarblue-collarblue-collarblue-collarblue-collarblue-collarblue-collarblue-collarblue-collarblue-collarblue-collarblue-collarblue-collarblue-collarblue-collarblue-collarblue-collarblue-collarblue-collarblue-collarblue-collarblue-collarblue-collarblue-collarblue-collarblue-collarblue-collarblue-collarblue-collarblue-collarblue-collarblue-collarblue-collarblue-collarblue-collarblue-collarblue-collarblue-collarblue-collarblue-collarblue-collarblue-collarblue-collarblue-collarblue-collarblue-collarblue-collarblue-collarblue-collarblue-collarblue-collarblue-collarblue-collarblue-collarblue-collarblue-collarblue-collarblue-collarblue-collarblue-collarblue-collarblue-collarblue-collarblue-collarblue-collarblue-collarblue-collarblue-collarblue-collarblue-collarblue-collarblue-collarblue-collarblue-collarblue-collarblue-collarblue-collarblue-collarblue-collarblue-collarblue-collarblue-collarblue-collarblue-collarblue-collarblue-collarblue-collarblue-collarblue-collarblue-collarblue-collarblue-collarblue-collarblue-collarblue-collarblue-collarblue-collarblue-collarblue-collarblue-collarblue-collarblue-collarblue-collarblue-collarblue-collarblue-collarblue-collarblue-collarblue-collarblue-collarblue-collarblue-collarblue-collarblue-collarblue-collarblue-collarblue-collarblue-collarblue-collarblue-collarblue-collarblue-collarblue-collarblue-collarblue-collarblue-collarblue-collarblue-collarblue-collarblue-collarblue-collarblue-collarblue-collarblue-collarblue-collarblue-collarblue-collarblue-collarblue-collarblue-collarblue-collarblue-collarblue-collarblue-collarblue-collarblue-collarblue-collarblue-collarblue-collarblue-collarblue-collarblue-collarblue-collarblue-collarblue-collarblue-collarblue-collarblue-collarblue-collarblue-collarblue-collarblue-collarblue-collarblue-collarblue-collarblue-collarblue-collarblue-collarblue-collarblue-collarblue-collarblue-collarblue-collarblue-collarblue-collarblue-collarblue-collarblue-collarblue-collarblue-collarblue-collarblue-collarblue-collarblue-collarblue-collarblue-collarblue-collarblue-collarblue-collarblue-collarblue-collarblue-collarblue-collarblue-collarblue-collarblue-collarblue-collarblue-collarblue-collarblue-collarblue-collarblue-collarblue-collarblue-collarblue-collarblue-collarblue-collarblue-collarblue-collarblue-collarblue-collarblue-collarblue-collarblue-collarblue-collarblue-collarblue-collarblue-collarblue-collarblue-collarblue-collarblue-collarblue-collarblue-collarblue-collarblue-collarblue-collarblue-collarblue-collarblue-collarblue-collarblue-collarblue-collarblue-collarblue-collarblue-collarblue-collarblue-collarblue-collarblue-collarblue-collarblue-collarblue-collarblue-collarblue-collarblue-collarblue-collarblue-collarblue-collarblue-collarblue-collarblue-collarblue-collarblue-collarblue-collarblue-collarblue-collarblue-collarblue-collarblue-collarblue-collarblue-collarblue-collarblue-collarblue-collarblue-collarblue-collarblue-collarblue-collarblue-collarblue-collarblue-collarblue-collarblue-collarblue-collarblue-collarblue-collarblue-collarblue-collarblue-collarblue-collarblue-collarblue-collarblue-collarblue-collarblue-collarblue-collarblue-collarblue-collarblue-collarblue-collarblue-collarblue-collarblue-collarblue-collarblue-collarblue-collarblue-collarblue-collarblue-collarblue-collarblue-collarblue-collarblue-collarblue-collarblue-collarblue-collarblue-collarblue-collarblue-collarblue-collarblue-collarblue-collarblue-collarblue-collarblue-collarblue-collarblue-collarblue-collarblue-collarblue-collarblue-collarblue-collarblue-collarblue-collarblue-collarblue-collarblue-collarblue-collarblue-collarblue-collarblue-collarblue-collarblue-collarblue-collarblue-collarblue-collarblue-collarblue-collarblue-collarblue-collarblue-collarblue-collarblue-collarblue-collarblue-collarblue-collarblue-collarblue-collarblue-collarblue-collarblue-collarblue-collarblue-collarblue-collarblue-collarblue-collarblue-collarblue-collarblue-collarblue-collarblue-collarblue-collarblue-collarblue-collarblue-collarblue-collarblue-collarblue-collarblue-collarblue-collarblue-collarblue-collarblue-collarblue-collarblue-collarblue-collarblue-collarblue-collarblue-collarblue-collarblue-collarblue-collarblue-collarblue-collarblue-collarblue-collarblue-collarblue-collarblue-collarblue-collarblue-collarblue-collarblue-collarblue-collarblue-collarblue-collarblue-collarblue-collarblue-collarblue-collarblue-collarblue-collarblue-collarblue-collarblue-collarblue-collarblue-collarblue-collarblue-collarblue-collarblue-collarblue-collarblue-collarblue-collarblue-collarblue-collarblue-collarblue-collarblue-collarblue-collarblue-collarblue-collarblue-collarblue-collarblue-collarblue-collarblue-collarblue-collarblue-collarblue-collarblue-collarblue-collarblue-collarblue-collarblue-collarblue-collarblue-collarblue-collarblue-collarblue-collarblue-collarblue-collarblue-collarblue-collarblue-collarblue-collarblue-collarblue-collarblue-collarblue-collarblue-collarblue-collarblue-collarblue-collarblue-collarblue-collarblue-collarblue-collarblue-collarblue-collarblue-collarblue-collarblue-collarblue-collarblue-collarblue-collarblue-collarblue-collarblue-collarblue-collarblue-collarblue-collarblue-collarblue-collarblue-collarblue-collarblue-collarblue-collarblue-collarblue-collarblue-collarblue-collarblue-collarblue-collarblue-collarblue-collarblue-collarblue-collarblue-collarblue-collarblue-collarblue-collarblue-collarblue-collarblue-collarblue-collarblue-collarblue-collarblue-collarblue-collarblue-collarblue-collarblue-collarblue-collarblue-collarblue-collarblue-collarblue-collarblue-collarblue-collarblue-collarblue-collarblue-collarblue-collarblue-collarblue-collarblue-collarblue-collarblue-collarblue-collarblue-collarblue-collarblue-collarblue-collarblue-collarblue-collarblue-collarblue-collarblue-collarblue-collarblue-collarblue-collarblue-collarblue-collarblue-collarblue-collarblue-collarblue-collarblue-collarblue-collarblue-collarblue-collarblue-collarblue-collarblue-collarblue-collarblue-collarblue-collarblue-collarblue-collarblue-collarblue-collarblue-collarblue-collarblue-collarblue-collarblue-collarblue-collarblue-collarblue-collarblue-collarblue-collarblue-collarblue-collarblue-collarblue-collarblue-collarblue-collarblue-collarblue-collarblue-collarblue-collarblue-collarblue-collarblue-collarblue-collarblue-collarblue-collarblue-collarblue-collarblue-collarblue-collarblue-collarblue-collarblue-collarblue-collarblue-collarblue-collarblue-collarblue-collarblue-collarblue-collarblue-collarblue-collarblue-collarblue-collarblue-collarblue-collarblue-collarblue-collarblue-collarblue-collarblue-collarblue-collarblue-collarblue-collarblue-collarblue-collarblue-collarblue-collarblue-collarblue-collarblue-collarblue-collarblue-collarblue-collarblue-collarblue-collarblue-collarblue-collarblue-collarblue-collarblue-collarblue-collarblue-collarblue-collarblue-collarblue-collarblue-collarblue-collarblue-collarblue-collarblue-collarblue-collarblue-collarblue-collarblue-collarblue-collarblue-collarblue-collarblue-collarblue-collarblue-collarblue-collarblue-collarblue-collarblue-collarblue-collarblue-collarblue-collarblue-collarblue-collarblue-collarblue-collarblue-collarblue-collarblue-collarblue-collarblue-collarblue-collarblue-collarblue-collarblue-collarblue-collarblue-collarblue-collarblue-collarblue-collarblue-collarblue-collarblue-collarblue-collarblue-collarblue-collarblue-collarblue-collarblue-collarblue-collarblue-collarblue-collarblue-collarblue-collarblue-collarblue-collarblue-collarblue-collarblue-collarblue-collarblue-collarblue-collarblue-collarblue-collarblue-collarblue-collarblue-collarblue-collarblue-collarblue-collarblue-collarblue-collarblue-collarblue-collarblue-collarblue-collarblue-collarblue-collarblue-collarblue-collarblue-collarblue-collarblue-collarblue-collarblue-collarblue-collarblue-collarblue-collarblue-collarblue-collarblue-collarblue-collarblue-collarblue-collarblue-collarblue-collarblue-collarblue-collarblue-collarblue-collarblue-collarblue-collarblue-collarblue-collarblue-collarblue-collarblue-collarblue-collarblue-collarblue-collarblue-collarblue-collarblue-collarblue-collarblue-collarblue-collarblue-collarblue-collarblue-collarblue-collarblue-collarblue-collarblue-collarblue-collarblue-collarblue-collarblue-collarblue-collarblue-collarblue-collarblue-collarblue-collarblue-collarblue-collarblue-collarblue-collarblue-collarblue-collarblue-collarblue-collarblue-collarblue-collarblue-collarblue-collarblue-collarblue-collarblue-collarblue-collarblue-collarblue-collarblue-collarblue-collarblue-collarblue-collarblue-collarblue-collarblue-collarblue-collarblue-collarblue-collarblue-collarblue-collarblue-collarblue-collarblue-collarblue-collarblue-collarblue-collarblue-collarblue-collarblue-collarblue-collarblue-collarblue-collarblue-collarblue-collarblue-collarblue-collarblue-collarblue-collarblue-collarblue-collarblue-collarblue-collarblue-collarblue-collarblue-collarblue-collarblue-collarblue-collarblue-collarblue-collarblue-collarblue-collarblue-collarblue-collarblue-collarblue-collarblue-collarblue-collarblue-collarblue-collarblue-collarblue-collarblue-collarblue-collarblue-collarblue-collarblue-collarblue-collarblue-collarblue-collarblue-collarblue-collarblue-collarblue-collarblue-collarblue-collarblue-collarblue-collarblue-collarblue-collarblue-collarblue-collarblue-collarblue-collarblue-collarblue-collarblue-collarblue-collarblue-collarblue-collarblue-collarblue-collarblue-collarblue-collarblue-collarblue-collarblue-collarblue-collarblue-collarblue-collarblue-collarblue-collarblue-collarblue-collarblue-collarblue-collarblue-collarblue-collarblue-collarblue-collarblue-collarblue-collarblue-collarblue-collarblue-collarblue-collarblue-collarblue-collarblue-collarblue-collarblue-collarblue-collarblue-collarblue-collarblue-collarblue-collarblue-collarblue-collarblue-collarblue-collarblue-collarblue-collarblue-collarblue-collarblue-collarblue-collarblue-collarblue-collarblue-collarblue-collarblue-collarblue-collarblue-collarblue-collarblue-collarblue-collarblue-collarblue-collarblue-collarblue-collarblue-collarblue-collarblue-collarblue-collarblue-collarblue-collarblue-collarblue-collarblue-collarblue-collarblue-collarblue-collarblue-collarblue-collarblue-collarblue-collarblue-collarblue-collarblue-collarblue-collarblue-collarblue-collarblue-collarblue-collarblue-collarblue-collarblue-collarblue-collarblue-collarblue-collarblue-collarblue-collarblue-collarblue-collarblue-collarblue-collarblue-collarblue-collarblue-collarblue-collarblue-collarblue-collarblue-collarblue-collarblue-collarblue-collarblue-collarblue-collarblue-collarblue-collarblue-collarblue-collarblue-collarblue-collarblue-collarblue-collarblue-collarblue-collarblue-collarblue-collarblue-collarblue-collarblue-collarblue-collarblue-collarblue-collarblue-collarblue-collarblue-collarblue-collarblue-collarblue-collarblue-collarblue-collarblue-collarblue-collarblue-collarblue-collarblue-collarblue-collarblue-collarblue-collarblue-collarblue-collarblue-collarblue-collarblue-collarblue-collarblue-collarblue-collarblue-collarblue-collarblue-collarblue-collarblue-collarblue-collarblue-collarblue-collarblue-collarblue-collarblue-collarblue-collarblue-collarblue-collarblue-collarblue-collarblue-collarblue-collarblue-collarblue-collarblue-collarblue-collarblue-collarblue-collarblue-collarblue-collarblue-collarblue-collarblue-collarblue-collarblue-collarblue-collarblue-collarblue-collarblue-collarblue-collarblue-collarblue-collarblue-collarblue-collarblue-collarblue-collarblue-collarblue-collarblue-collarblue-collarblue-collarblue-collarblue-collarblue-collarblue-collarblue-collarblue-collarblue-collarblue-collarblue-collarblue-collarblue-collarblue-collarblue-collarblue-collarblue-collarblue-collarblue-collarblue-collarblue-collarblue-collarblue-collarblue-collarblue-collarblue-collarblue-collarblue-collarblue-collarblue-collarblue-collarblue-collarblue-collarblue-collarblue-collarblue-collarblue-collarblue-collarblue-collarblue-collarblue-collarblue-collarblue-collarblue-collarblue-collarblue-collarblue-collarblue-collarblue-collarblue-collarblue-collarblue-collarblue-collarblue-collarblue-collarblue-collarblue-collarblue-collarblue-collarblue-collarblue-collarblue-collarblue-collarblue-collarblue-collarblue-collarblue-collarblue-collarblue-collarblue-collarblue-collarblue-collarblue-collarblue-collarblue-collarblue-collarblue-collarblue-collarblue-collarblue-collarblue-collarblue-collarblue-collarblue-collarblue-collarblue-collarblue-collarblue-collarblue-collarblue-collarblue-collarblue-collarblue-collarblue-collarblue-collarblue-collarblue-collarblue-collarblue-collarblue-collarblue-collarblue-collarblue-collarblue-collarblue-collarblue-collarblue-collarblue-collarblue-collarblue-collarblue-collarblue-collarblue-collarblue-collarblue-collarblue-collarblue-collarblue-collarblue-collarblue-collarblue-collarblue-collarblue-collarblue-collarblue-collarblue-collarblue-collarblue-collarblue-collarblue-collarblue-collarblue-collarblue-collarblue-collarblue-collarblue-collarblue-collarblue-collarblue-collarblue-collarblue-collarblue-collarblue-collarblue-collarblue-collarblue-collarblue-collarblue-collarblue-collarblue-collarblue-collarblue-collarblue-collarblue-collarblue-collarblue-collarblue-collarblue-collarblue-collarblue-collarblue-collarblue-collarblue-collarblue-collarblue-collarblue-collarblue-collarblue-collarblue-collarblue-collarblue-collarblue-collarblue-collarblue-collarblue-collarblue-collarblue-collarblue-collarblue-collarblue-collarblue-collarblue-collarblue-collarblue-collarblue-collarblue-collarblue-collarblue-collarblue-collarblue-collarblue-collarblue-collarblue-collarblue-collarblue-collarblue-collarblue-collarblue-collarblue-collarblue-collarblue-collarblue-collarblue-collarblue-collarblue-collarblue-collarblue-collarblue-collarblue-collarblue-collarblue-collarblue-collarblue-collarblue-collarblue-collarblue-collarblue-collarblue-collarblue-collarblue-collarblue-collarblue-collarblue-collarblue-collarblue-collarblue-collarblue-collarblue-collarblue-collarblue-collarblue-collarblue-collarblue-collarblue-collarblue-collarblue-collarblue-collarblue-collarblue-collarblue-collarblue-collarblue-collarblue-collarblue-collarblue-collarblue-collarblue-collarblue-collarblue-collarblue-collarblue-collarblue-collarblue-collarblue-collarblue-collarblue-collarblue-collarblue-collarblue-collarblue-collarblue-collarblue-collarblue-collarblue-collarblue-collarblue-collarblue-collarblue-collarblue-collarblue-collarblue-collarblue-collarblue-collarblue-collarblue-collarblue-collarblue-collarblue-collarblue-collarblue-collarblue-collarblue-collarblue-collarblue-collarblue-collarblue-collarblue-collarblue-collarblue-collarblue-collarblue-collarblue-collarblue-collarblue-collarblue-collarblue-collarblue-collarblue-collarblue-collarblue-collarblue-collarblue-collarblue-collarblue-collarblue-collarblue-collarblue-collarblue-collarblue-collarblue-collarblue-collarblue-collarblue-collarblue-collarblue-collarblue-collarblue-collarblue-collarblue-collarblue-collarblue-collarblue-collarblue-collarblue-collarblue-collarblue-collarblue-collarblue-collarblue-collarblue-collarblue-collarblue-collarblue-collarblue-collarblue-collarblue-collarblue-collarblue-collarblue-collarblue-collarblue-collarblue-collarblue-collarblue-collarblue-collarblue-collarblue-collarblue-collarblue-collarblue-collarblue-collarblue-collarblue-collarblue-collarblue-collarblue-collarblue-collarblue-collarblue-collarblue-collarblue-collarblue-collarblue-collarblue-collarblue-collarblue-collarblue-collarblue-collarblue-collarblue-collarblue-collarblue-collarblue-collarblue-collarblue-collarblue-collarblue-collarblue-collarblue-collarblue-collarblue-collarblue-collarblue-collarblue-collarblue-collarblue-collarblue-collarblue-collarblue-collarblue-collarblue-collarblue-collarblue-collarblue-collarblue-collarblue-collarblue-collarblue-collarblue-collarblue-collarblue-collarblue-collarblue-collarblue-collarblue-collarblue-collarblue-collarblue-collarblue-collarblue-collarblue-collarblue-collarblue-collarblue-collarblue-collarblue-collarblue-collarblue-collarblue-collarblue-collarblue-collarblue-collarblue-collarblue-collarblue-collarblue-collarblue-collarblue-collarblue-collarblue-collarblue-collarblue-collarblue-collarblue-collarblue-collarblue-collarblue-collarblue-collarblue-collarblue-collarblue-collarblue-collarblue-collarblue-collarblue-collarblue-collarblue-collarblue-collarblue-collarblue-collarblue-collarblue-collarblue-collarblue-collarblue-collarblue-collarblue-collarblue-collarblue-collarblue-collarblue-collarblue-collarblue-collarblue-collarblue-collarblue-collarblue-collarblue-collarblue-collarblue-collarblue-collarblue-collarblue-collarblue-collarblue-collarblue-collarblue-collarblue-collarblue-collarblue-collarblue-collarblue-collarblue-collarblue-collarblue-collarblue-collarblue-collarblue-collarblue-collarblue-collarblue-collarblue-collarblue-collarblue-collarblue-collarblue-collarblue-collarblue-collarblue-collarblue-collarblue-collarblue-collarblue-collarblue-collarblue-collarblue-collarblue-collarblue-collarblue-collarblue-collarblue-collarblue-collarblue-collarblue-collarblue-collarblue-collarblue-collarblue-collarblue-collarblue-collarblue-collarblue-collarblue-collarblue-collarblue-collarblue-collarblue-collarblue-collarblue-collarblue-collarblue-collarblue-collarblue-collarblue-collarblue-collarblue-collarblue-collarblue-collarblue-collarblue-collarblue-collarblue-collarblue-collarblue-collarblue-collarblue-collarblue-collarblue-collarblue-collarblue-collarblue-collarblue-collarblue-collarblue-collarblue-collarblue-collarblue-collarblue-collarblue-collarblue-collarblue-collarblue-collarblue-collarblue-collarblue-collarblue-collarblue-collarblue-collarblue-collarblue-collarblue-collarblue-collarblue-collarblue-collarblue-collarblue-collarblue-collarblue-collarblue-collarblue-collarblue-collarblue-collarblue-collarblue-collarblue-collarblue-collarblue-collarblue-collarblue-collarblue-collarblue-collarblue-collarblue-collarblue-collarblue-collarblue-collarblue-collarblue-collarblue-collarblue-collarblue-collarblue-collarblue-collarblue-collarblue-collarblue-collarblue-collarblue-collarblue-collarblue-collarblue-collarblue-collarblue-collarblue-collarblue-collarblue-collarblue-collarblue-collarblue-collarblue-collarblue-collarblue-collarblue-collarblue-collarblue-collarblue-collarblue-collarblue-collarblue-collarblue-collarblue-collarblue-collarblue-collarblue-collarblue-collarblue-collarblue-collarblue-collarblue-collarblue-collarblue-collarblue-collarblue-collarblue-collarblue-collarblue-collarblue-collarblue-collarblue-collarblue-collarblue-collarblue-collarblue-collarblue-collarblue-collarblue-collarblue-collarblue-collarblue-collarblue-collarblue-collarblue-collarblue-collarblue-collarblue-collarblue-collarblue-collarblue-collarblue-collarblue-collarblue-collarblue-collarblue-collarblue-collarblue-collarblue-collarblue-collarblue-collarblue-collarblue-collarblue-collarblue-collarblue-collarblue-collarblue-collarblue-collarblue-collarblue-collarblue-collarblue-collarblue-collarblue-collarblue-collarblue-collarblue-collarblue-collarblue-collarblue-collarblue-collarblue-collarblue-collarblue-collarblue-collarblue-collarblue-collarblue-collarblue-collarblue-collarblue-collarblue-collarblue-collarblue-collarblue-collarblue-collarblue-collarblue-collarblue-collarblue-collarblue-collarblue-collarblue-collarblue-collarblue-collarblue-collarblue-collarblue-collarblue-collarblue-collarblue-collarblue-collarblue-collarblue-collarblue-collarblue-collarblue-collarblue-collarblue-collarblue-collarblue-collarblue-collarblue-collarblue-collarblue-collarblue-collarblue-collarblue-collarblue-collarblue-collarblue-collarblue-collarblue-collarblue-collarblue-collarblue-collarblue-collarblue-collarblue-collarblue-collarblue-collarblue-collarblue-collarblue-collarblue-collarblue-collarblue-collarblue-collarblue-collarblue-collarblue-collarblue-collarblue-collarblue-collarblue-collarblue-collarblue-collarblue-collarblue-collarblue-collarblue-collarblue-collarblue-collarblue-collarblue-collarblue-collarblue-collarblue-collarblue-collarblue-collarblue-collarblue-collarblue-collarblue-collarblue-collarblue-collarblue-collarblue-collarblue-collarblue-collarblue-collarblue-collarblue-collarblue-collarblue-collarblue-collarblue-collarblue-collarblue-collarblue-collarblue-collarblue-collarblue-collarblue-collarblue-collarblue-collarblue-collarblue-collarblue-collarblue-collarblue-collarblue-collarblue-collarblue-collarblue-collarblue-collarblue-collarblue-collarblue-collarblue-collarblue-collarblue-collarblue-collarblue-collarblue-collarblue-collarblue-collarblue-collarblue-collarblue-collarblue-collarblue-collarblue-collarblue-collarblue-collarblue-collarblue-collarblue-collarblue-collarblue-collarblue-collarblue-collarblue-collarblue-collarblue-collarblue-collarblue-collarblue-collarblue-collarblue-collarblue-collarblue-collarblue-collarblue-collarblue-collarblue-collarblue-collarblue-collarblue-collarblue-collarblue-collarblue-collarblue-collarblue-collarblue-collarblue-collarblue-collarblue-collarblue-collarblue-collarblue-collarblue-collarblue-collarblue-collarblue-collarblue-collarblue-collarblue-collarblue-collarblue-collarblue-collarblue-collarblue-collarblue-collarblue-collarblue-collarblue-collarblue-collarblue-collarblue-collarblue-collarblue-collarblue-collarblue-collarblue-collarblue-collarblue-collarblue-collarblue-collarblue-collarblue-collarblue-collarblue-collarblue-collarblue-collarblue-collarblue-collarblue-collarblue-collarblue-collarblue-collarblue-collarblue-collarblue-collarblue-collarblue-collarblue-collarblue-collarblue-collarblue-collarblue-collarblue-collarblue-collarblue-collarblue-collarblue-collarblue-collarblue-collarblue-collarblue-collarblue-collarblue-collarblue-collarblue-collarblue-collarblue-collarblue-collarblue-collarblue-collarblue-collarblue-collarblue-collarblue-collarblue-collarblue-collarblue-collarblue-collarblue-collarblue-collarblue-collarblue-collarblue-collarblue-collarblue-collarblue-collarblue-collarblue-collarblue-collarblue-collarblue-collarblue-collarblue-collarblue-collarblue-collarblue-collarblue-collarblue-collarblue-collarblue-collarblue-collarblue-collarblue-collarblue-collarblue-collarblue-collarblue-collarblue-collarblue-collarblue-collarblue-collarblue-collarblue-collarblue-collarblue-collarblue-collarblue-collarblue-collarblue-collarblue-collarblue-collarblue-collarblue-collarblue-collarblue-collarblue-collarblue-collarblue-collarblue-collarblue-collarblue-collarblue-collarblue-collarblue-collarblue-collarblue-collarblue-collarblue-collarblue-collarblue-collarblue-collarblue-collarblue-collarblue-collarblue-collarblue-collarblue-collarblue-collarblue-collarblue-collarblue-collarblue-collarblue-collarblue-collarblue-collarblue-collarblue-collarblue-collarblue-collarblue-collarblue-collarblue-collarblue-collarblue-collarblue-collarblue-collarblue-collarblue-collarblue-collarblue-collarblue-collarblue-collarblue-collarblue-collarblue-collarblue-collarblue-collarblue-collarblue-collarblue-collarblue-collarblue-collarblue-collarblue-collarblue-collarblue-collarblue-collarblue-collarblue-collarblue-collarblue-collarblue-collarblue-collarblue-collarblue-collarblue-collarblue-collarblue-collarblue-collarblue-collarblue-collarblue-collarblue-collarblue-collarblue-collarblue-collarblue-collarblue-collarblue-collarblue-collarblue-collarblue-collarblue-collarblue-collarblue-collarblue-collarblue-collarblue-collarblue-collarblue-collarblue-collarblue-collarblue-collarblue-collarblue-collarblue-collarblue-collarblue-collarblue-collarblue-collarblue-collarblue-collarblue-collarblue-collarblue-collarblue-collarblue-collarblue-collarblue-collarblue-collarblue-collarblue-collarblue-collarblue-collarblue-collarblue-collarblue-collarblue-collarblue-collarblue-collarblue-collarblue-collarblue-collarblue-collarblue-collarblue-collarblue-collarblue-collarblue-collarblue-collarblue-collarblue-collarblue-collarblue-collarblue-collarblue-collarblue-collarblue-collarblue-collarblue-collarblue-collarblue-collarblue-collarblue-collarblue-collarblue-collarblue-collarblue-collarblue-collarblue-collarblue-collarblue-collarblue-collarblue-collarblue-collarblue-collarblue-collarblue-collarblue-collarblue-collarblue-collarblue-collarblue-collarblue-collarblue-collarblue-collarblue-collarblue-collarblue-collarblue-collarblue-collarblue-collarblue-collarblue-collarblue-collarblue-collarblue-collarblue-collarblue-collarblue-collarblue-collarblue-collarblue-collarblue-collarblue-collarblue-collarblue-collarblue-collarblue-collarblue-collarblue-collarblue-collarblue-collarblue-collarblue-collarblue-collarblue-collarblue-collarblue-collarblue-collarblue-collarblue-collarblue-collarblue-collarblue-collarblue-collarblue-collarblue-collarblue-collarblue-collarblue-collarblue-collarblue-collarblue-collarblue-collarblue-collarblue-collarblue-collarblue-collarblue-collarblue-collarblue-collarblue-collarblue-collarblue-collarblue-collarblue-collarblue-collarblue-collarblue-collarblue-collarblue-collarblue-collarblue-collarblue-collarblue-collarblue-collarblue-collarblue-collarblue-collarblue-collarblue-collarblue-collarblue-collarblue-collarblue-collarblue-collarblue-collarblue-collarblue-collarblue-collarblue-collarblue-collarblue-collarblue-collarblue-collarblue-collarblue-collarblue-collarblue-collarblue-collarblue-collarblue-collarblue-collarblue-collarblue-collarblue-collarblue-collarblue-collarblue-collarblue-collarblue-collarblue-collarblue-collarblue-collarblue-collarblue-collarblue-collarblue-collarblue-collarblue-collarblue-collarblue-collarblue-collarblue-collarblue-collarblue-collarblue-collarblue-collarblue-collarblue-collarblue-collarblue-collarblue-collarblue-collarblue-collarblue-collarblue-collarblue-collarblue-collarblue-collarblue-collarblue-collarblue-collarblue-collarblue-collarblue-collarblue-collarblue-collarblue-collarblue-collarblue-collarblue-collarblue-collarblue-collarblue-collarblue-collarblue-collarblue-collarblue-collarblue-collarblue-collarblue-collarblue-collarblue-collarblue-collarblue-collarblue-collarblue-collarblue-collarblue-collarblue-collarblue-collarblue-collarblue-collarblue-collarblue-collarblue-collarblue-collarblue-collarblue-collarblue-collarblue-collarblue-collarblue-collarblue-collarblue-collarblue-collarblue-collarblue-collarblue-collarblue-collarblue-collarblue-collarblue-collarblue-collarblue-collarblue-collarblue-collarblue-collarblue-collarblue-collarblue-collarblue-collarblue-collarblue-collarblue-collarblue-collarblue-collarblue-collarblue-collarblue-collarblue-collarblue-collarblue-collarblue-collarblue-collarblue-collarblue-collarblue-collarblue-collarblue-collarblue-collarblue-collarblue-collarblue-collarblue-collarblue-collarblue-collarblue-collarblue-collarblue-collarblue-collarblue-collarblue-collarblue-collarblue-collarblue-collarblue-collarblue-collarblue-collarblue-collarblue-collarblue-collarblue-collarblue-collarblue-collarblue-collarblue-collarblue-collarblue-collarblue-collarblue-collarblue-collarblue-collarblue-collarblue-collarblue-collarblue-collarblue-collarblue-collarblue-collarblue-collarblue-collarblue-collarblue-collarblue-collarblue-collarblue-collarblue-collarblue-collarblue-collarblue-collarblue-collarblue-collarblue-collarblue-collarblue-collarblue-collarblue-collarblue-collarblue-collarblue-collarblue-collarblue-collarblue-collarblue-collarblue-collarblue-collarblue-collarblue-collarblue-collarblue-collarblue-collarblue-collarblue-collarblue-collarblue-collarblue-collarblue-collarblue-collarblue-collarblue-collarblue-collarblue-collarblue-collarblue-collarblue-collarblue-collarblue-collarblue-collarblue-collarblue-collarblue-collarblue-collarblue-collarblue-collarblue-collarblue-collarblue-collarblue-collarblue-collarblue-collarblue-collarblue-collarblue-collarblue-collarblue-collarblue-collarblue-collarblue-collarblue-collarblue-collarblue-collarblue-collarblue-collarblue-collarblue-collarblue-collarblue-collarblue-collarblue-collarblue-collarblue-collarblue-collarblue-collarblue-collarblue-collarblue-collarblue-collarblue-collarblue-collarblue-collarblue-collarblue-collarblue-collarblue-collarblue-collarblue-collarblue-collarblue-collarblue-collarblue-collarblue-collarblue-collarblue-collarblue-collarblue-collarblue-collarblue-collarblue-collarblue-collarblue-collarblue-collarblue-collarblue-collarblue-collarblue-collarblue-collarblue-collarblue-collarblue-collarblue-collarblue-collarblue-collarblue-collarblue-collarblue-collarblue-collarblue-collarblue-collarblue-collarblue-collarblue-collarblue-collarblue-collarblue-collarblue-collarblue-collarblue-collarblue-collarblue-collarblue-collarblue-collarblue-collarblue-collarblue-collarblue-collarblue-collarblue-collarblue-collarblue-collarblue-collarblue-collarblue-collarblue-collarblue-collarblue-collarblue-collarblue-collarblue-collarblue-collarblue-collarblue-collarblue-collarblue-collarblue-collarblue-collarblue-collarblue-collarblue-collarblue-collarblue-collarblue-collarblue-collarblue-collarblue-collarblue-collarblue-collarblue-collarblue-collarblue-collarblue-collarblue-collarblue-collarblue-collarblue-collarblue-collarblue-collarblue-collarblue-collarblue-collarblue-collarblue-collarblue-collarblue-collarblue-collarblue-collarblue-collarblue-collarblue-collarblue-collarblue-collarblue-collarblue-collarblue-collarblue-collarblue-collarblue-collarblue-collarblue-collarblue-collarblue-collarblue-collarblue-collarblue-collarblue-collarblue-collarblue-collarblue-collarblue-collarblue-collarblue-collarblue-collarblue-collarblue-collarblue-collarblue-collarblue-collarblue-collarblue-collarblue-collarblue-collarblue-collarblue-collarblue-collarblue-collarblue-collarblue-collarblue-collarblue-collarblue-collarblue-collarblue-collarblue-collarblue-collarblue-collarblue-collarblue-collarblue-collarblue-collarblue-collarblue-collarblue-collarblue-collarblue-collarblue-collarblue-collarblue-collarblue-collarblue-collarblue-collarblue-collarblue-collarblue-collarblue-collarblue-collarblue-collarblue-collarblue-collarblue-collarblue-collarblue-collarblue-collarblue-collarblue-collarblue-collarblue-collarblue-collarblue-collarblue-collarblue-collarblue-collarblue-collarblue-collarblue-collarblue-collarblue-collarblue-collarblue-collarblue-collarblue-collarblue-collarblue-collarblue-collarblue-collarblue-collarblue-collarblue-collarblue-collarblue-collarblue-collarblue-collarblue-collarblue-collarblue-collarblue-collarblue-collarblue-collarblue-collarblue-collarblue-collarblue-collarblue-collarblue-collarblue-collarblue-collarblue-collarblue-collarblue-collarblue-collarblue-collarblue-collarblue-collarblue-collarblue-collarblue-collarblue-collarblue-collarblue-collarblue-collarblue-collarblue-collarblue-collarblue-collarblue-collarblue-collarblue-collarblue-collarblue-collarblue-collarblue-collarblue-collarblue-collarblue-collarblue-collarblue-collarblue-collarblue-collarblue-collarblue-collarblue-collarblue-collarblue-collarblue-collarblue-collarblue-collarblue-collarblue-collarblue-collarblue-collarblue-collarblue-collarblue-collarblue-collarblue-collarblue-collarblue-collarblue-collarblue-collarblue-collarblue-collarblue-collarblue-collarblue-collarblue-collarblue-collarblue-collarblue-collarblue-collarblue-collarblue-collarblue-collarblue-collarblue-collarblue-collarblue-collarblue-collarblue-collarblue-collarblue-collarblue-collarblue-collarblue-collarblue-collarblue-collarblue-collarblue-collarblue-collarblue-collarblue-collarblue-collarblue-collarblue-collarblue-collarblue-collarblue-collarblue-collarblue-collarblue-collarblue-collarblue-collarblue-collarblue-collarblue-collarblue-collarblue-collarblue-collarblue-collarblue-collarblue-collarblue-collarblue-collarblue-collarblue-collarblue-collarblue-collarblue-collarblue-collarblue-collarblue-collarblue-collarblue-collarblue-collarblue-collarblue-collarblue-collarblue-collarblue-collarblue-collarblue-collarblue-collarblue-collarblue-collarblue-collarblue-collarblue-collarblue-collarblue-collarblue-collarblue-collarblue-collarblue-collarblue-collarblue-collarblue-collarblue-collarblue-collarblue-collarblue-collarblue-collarblue-collarblue-collarblue-collarblue-collarblue-collarblue-collarblue-collarblue-collarblue-collarblue-collarblue-collarblue-collarblue-collarblue-collarblue-collarblue-collarblue-collarblue-collarblue-collarblue-collarblue-collarblue-collarblue-collarblue-collarblue-collarblue-collarblue-collarblue-collarblue-collarblue-collarblue-collarblue-collarblue-collarblue-collarblue-collarblue-collarblue-collarblue-collarblue-collarblue-collarblue-collarblue-collarblue-collarblue-collarblue-collarblue-collarblue-collarblue-collarblue-collarblue-collarblue-collarblue-collarblue-collarblue-collarblue-collarblue-collarblue-collarblue-collarblue-collarblue-collarblue-collarblue-collarblue-collarblue-collarblue-collarblue-collarblue-collarblue-collarblue-collarblue-collarblue-collarblue-collarblue-collarblue-collarblue-collarblue-collarblue-collarblue-collarblue-collarblue-collarblue-collarblue-collarblue-collarblue-collarblue-collarblue-collarblue-collarblue-collarblue-collarblue-collarblue-collarblue-collarblue-collarblue-collarblue-collarblue-collarblue-collarblue-collarblue-collarblue-collarblue-collarblue-collarblue-collarblue-collarblue-collarblue-collarblue-collarblue-collarblue-collarblue-collarblue-collarblue-collarblue-collarblue-collarblue-collarblue-collarblue-collarblue-collarblue-collarblue-collarblue-collarblue-collarblue-collarblue-collarblue-collarblue-collarblue-collarblue-collarblue-collarblue-collarblue-collarblue-collarblue-collarblue-collarblue-collarblue-collarblue-collarblue-collarblue-collarblue-collarblue-collarblue-collarblue-collarblue-collarblue-collarblue-collarblue-collarblue-collarblue-collarblue-collarblue-collarblue-collarblue-collarblue-collarblue-collarblue-collarblue-collarblue-collarblue-collarblue-collarblue-collarblue-collarblue-collarblue-collarblue-collarblue-collarblue-collarblue-collarblue-collarblue-collarblue-collarblue-collarblue-collarblue-collarblue-collarblue-collarblue-collarblue-collarblue-collarblue-collarblue-collarblue-collarblue-collarblue-collarblue-collarblue-collarblue-collarblue-collarblue-collarblue-collarblue-collarblue-collarblue-collarblue-collarblue-collarblue-collarblue-collarblue-collarblue-collarblue-collarblue-collarblue-collarblue-collarblue-collarblue-collarblue-collarblue-collarblue-collarblue-collarblue-collarblue-collarblue-collarblue-collarblue-collarblue-collarblue-collarblue-collarblue-collarblue-collarblue-collarblue-collarblue-collarblue-collarblue-collarblue-collarblue-collarblue-collarblue-collarblue-collarblue-collarblue-collarblue-collarblue-collarblue-collarblue-collarblue-collarblue-collarblue-collarblue-collarblue-collarblue-collarblue-collarblue-collarblue-collarblue-collarblue-collarblue-collarblue-collarblue-collarblue-collarblue-collarblue-collarblue-collarblue-collarblue-collarblue-collarblue-collarblue-collarblue-collarblue-collarblue-collarblue-collarblue-collarblue-collarblue-collarblue-collarblue-collarblue-collarblue-collarblue-collarblue-collarblue-collarblue-collarblue-collarblue-collarblue-collarblue-collarblue-collarblue-collarblue-collarblue-collarblue-collarblue-collarblue-collarblue-collarblue-collarblue-collarblue-collarblue-collarblue-collarblue-collarblue-collarblue-collarblue-collarblue-collarblue-collarblue-collarblue-collarblue-collarblue-collarblue-collarblue-collarblue-collarblue-collarblue-collarblue-collarblue-collarblue-collarblue-collarblue-collarblue-collarblue-collarblue-collarblue-collarblue-collarblue-collarblue-collarblue-collarblue-collarblue-collarblue-collarblue-collarblue-collarblue-collarblue-collarblue-collarblue-collarblue-collarblue-collarblue-collarblue-collarblue-collarblue-collarblue-collarblue-collarblue-collarblue-collarblue-collarblue-collarblue-collarblue-collarblue-collarblue-collarblue-collarblue-collarblue-collarblue-collarblue-collarblue-collarblue-collarblue-collarblue-collarblue-collarblue-collarblue-collarblue-collarblue-collarblue-collarblue-collarblue-collarblue-collarblue-collarblue-collarblue-collarblue-collarblue-collarblue-collarblue-collarblue-collarblue-collarblue-collarblue-collarblue-collarblue-collarblue-collarblue-collarblue-collarblue-collarblue-collarblue-collarblue-collarblue-collarblue-collarblue-collarblue-collarblue-collarblue-collarblue-collarblue-collarblue-collarblue-collarblue-collarblue-collarblue-collarblue-collarblue-collarblue-collarblue-collarblue-collarblue-collarblue-collarblue-collarblue-collarblue-collarblue-collarblue-collarblue-collarblue-collarblue-collarblue-collarblue-collarblue-collarblue-collarblue-collarblue-collarblue-collarblue-collarblue-collarblue-collarblue-collarblue-collarblue-collarblue-collarblue-collarblue-collarblue-collarblue-collarblue-collarblue-collarblue-collarblue-collarblue-collarblue-collarblue-collarblue-collarblue-collarblue-collarblue-collarblue-collarblue-collarblue-collarblue-collarblue-collarblue-collarblue-collarblue-collarblue-collarblue-collarblue-collarblue-collarblue-collarblue-collarblue-collarblue-collarblue-collarblue-collarblue-collarblue-collarblue-collarblue-collarblue-collarblue-collarblue-collarblue-collarblue-collarblue-collarblue-collarblue-collarblue-collarblue-collarblue-collarblue-collarblue-collarblue-collarblue-collarblue-collarblue-collarblue-collarblue-collarblue-collarblue-collarblue-collarblue-collarblue-collarblue-collarblue-collarblue-collarblue-collarblue-collarblue-collarblue-collarblue-collarblue-collarblue-collarblue-collarblue-collarblue-collarblue-collarblue-collarblue-collarblue-collarblue-collarblue-collarblue-collarblue-collarblue-collarblue-collarblue-collarblue-collarblue-collarblue-collarblue-collarblue-collarblue-collarblue-collarblue-collarblue-collarblue-collarblue-collarblue-collarblue-collarblue-collarblue-collarblue-collarblue-collarblue-collarblue-collarblue-collarblue-collarblue-collarblue-collarblue-collarblue-collarblue-collarblue-collarblue-collarblue-collarblue-collarblue-collarblue-collarblue-collarblue-collarblue-collarblue-collarblue-collarblue-collarblue-collarblue-collarblue-collarblue-collarblue-collarblue-collarblue-collarblue-collarblue-collarblue-collarblue-collarblue-collarblue-collarblue-collarblue-collarblue-collarblue-collarblue-collarblue-collarblue-collarblue-collarblue-collarblue-collarblue-collarblue-collarblue-collarblue-collarblue-collarblue-collarblue-collarblue-collarblue-collarblue-collarblue-collarblue-collarblue-collarblue-collarblue-collarblue-collarblue-collarblue-collarblue-collarblue-collarblue-collarblue-collarblue-collarblue-collarblue-collarblue-collarblue-collarblue-collarblue-collarblue-collarblue-collarblue-collarblue-collarblue-collarblue-collarblue-collarblue-collarblue-collarblue-collarblue-collarblue-collarblue-collarblue-collarblue-collarblue-collarblue-collarblue-collarblue-collarblue-collarblue-collarblue-collarblue-collarblue-collarblue-collarblue-collarblue-collarblue-collarblue-collarblue-collarblue-collarblue-collarblue-collarblue-collarblue-collarblue-collarblue-collarblue-collarblue-collarblue-collarblue-collarblue-collarblue-collarblue-collarblue-collarblue-collarblue-collarblue-collarblue-collarblue-collarblue-collarblue-collarblue-collarblue-collarblue-collarblue-collarblue-collarblue-collarblue-collarblue-collarblue-collarblue-collarblue-collarblue-collarblue-collarblue-collarblue-collarblue-collarblue-collarblue-collarblue-collarblue-collarblue-collarblue-collarblue-collarblue-collarblue-collarblue-collarblue-collarblue-collarblue-collarblue-collarblue-collarblue-collarblue-collarblue-collarblue-collarblue-collarblue-collarblue-collarblue-collarblue-collarblue-collarblue-collarblue-collarblue-collarblue-collarblue-collarblue-collarblue-collarblue-collarblue-collarblue-collarblue-collarblue-collarblue-collarblue-collarblue-collarblue-collarblue-collarblue-collarblue-collarblue-collarblue-collarblue-collarblue-collarblue-collarblue-collarblue-collarblue-collarblue-collarblue-collarblue-collarblue-collarblue-collarblue-collarblue-collarblue-collarblue-collarblue-collarblue-collarblue-collarblue-collarblue-collarblue-collarblue-collarblue-collarblue-collarblue-collarblue-collarblue-collarblue-collarblue-collarblue-collarblue-collarblue-collarblue-collarblue-collarblue-collarblue-collarblue-collarblue-collarblue-collarblue-collarblue-collarblue-collarblue-collarblue-collarblue-collarblue-collarblue-collarblue-collarblue-collarblue-collarblue-collarblue-collarblue-collarblue-collarblue-collarblue-collarblue-collarblue-collarblue-collarblue-collarblue-collarblue-collarblue-collarblue-collarblue-collarblue-collarblue-collarblue-collarblue-collarblue-collarblue-collarblue-collarblue-collarblue-collarblue-collarblue-collarblue-collarblue-collarblue-collarblue-collarblue-collarblue-collarblue-collarblue-collarblue-collarblue-collarblue-collarblue-collarblue-collarblue-collarblue-collarblue-collarblue-collarblue-collarblue-collarblue-collarblue-collarblue-collarblue-collarblue-collarblue-collarblue-collarblue-collarblue-collarblue-collarblue-collarblue-collarblue-collarblue-collarblue-collarblue-collarblue-collarblue-collarblue-collarblue-collarblue-collarblue-collarblue-collarblue-collarblue-collarblue-collarblue-collarblue-collarblue-collarblue-collarblue-collarblue-collarblue-collarblue-collarblue-collarblue-collarblue-collarblue-collarblue-collarblue-collarblue-collarblue-collarblue-collarblue-collarblue-collarblue-collarblue-collarblue-collarblue-collarblue-collarblue-collarblue-collarblue-collarblue-collarblue-collarblue-collarblue-collarblue-collarblue-collarblue-collarblue-collarblue-collarblue-collarblue-collarblue-collarblue-collarblue-collarblue-collarblue-collarblue-collarblue-collarblue-collarblue-collarblue-collarblue-collarblue-collarblue-collarblue-collarblue-collarblue-collarblue-collarblue-collarblue-collarblue-collarblue-collarblue-collarblue-collarblue-collarblue-collarblue-collarblue-collarblue-collarblue-collarblue-collarblue-collarblue-collarblue-collarblue-collarblue-collarblue-collarblue-collarblue-collarblue-collarblue-collarblue-collarblue-collarblue-collarblue-collarblue-collarblue-collarblue-collarblue-collarblue-collarblue-collarblue-collarblue-collarblue-collarblue-collarblue-collarblue-collarblue-collarblue-collarblue-collarblue-collarblue-collarblue-collarblue-collarblue-collarblue-collarblue-collarblue-collarblue-collarblue-collarblue-collarblue-collarblue-collarblue-collarblue-collarblue-collarblue-collarblue-collarblue-collarblue-collarblue-collarblue-collarblue-collarblue-collarblue-collarblue-collarblue-collarblue-collarblue-collarblue-collarblue-collarblue-collarblue-collarblue-collarblue-collarblue-collarblue-collarblue-collarblue-collarblue-collarblue-collarblue-collarblue-collarblue-collarblue-collarblue-collarblue-collarblue-collarblue-collarblue-collarblue-collarblue-collarblue-collarblue-collarblue-collarblue-collarblue-collarblue-collarblue-collarblue-collarblue-collarblue-collarblue-collarblue-collarblue-collarblue-collarblue-collarblue-collarblue-collarblue-collarblue-collarblue-collarblue-collarblue-collarblue-collarblue-collarblue-collarblue-collarblue-collarblue-collarblue-collarblue-collarblue-collarblue-collarblue-collarblue-collarblue-collarblue-collarblue-collarblue-collarblue-collarblue-collarblue-collarblue-collarblue-collarblue-collarblue-collarblue-collarblue-collarblue-collarblue-collarblue-collarblue-collarblue-collarblue-collarblue-collarblue-collarblue-collarblue-collarblue-collarblue-collarblue-collarblue-collarblue-collarblue-collarblue-collarblue-collarblue-collarblue-collarblue-collarblue-collarblue-collarblue-collarblue-collarblue-collarblue-collarblue-collarblue-collarblue-collarblue-collarblue-collarblue-collarblue-collarblue-collarblue-collarblue-collarblue-collarblue-collarblue-collarblue-collarblue-collarblue-collarblue-collarblue-collarblue-collarblue-collarblue-collarblue-collarblue-collarblue-collarblue-collarblue-collarblue-collarblue-collarblue-collarblue-collarblue-collarblue-collarblue-collarblue-collarblue-collarblue-collarblue-collarblue-collarblue-collarblue-collarblue-collarblue-collarblue-collarblue-collarblue-collarblue-collarblue-collarblue-collarblue-collarblue-collarblue-collarblue-collarblue-collarblue-collarblue-collarblue-collarblue-collarblue-collarblue-collarblue-collarblue-collarblue-collarblue-collarblue-collarblue-collarblue-collarblue-collarblue-collarblue-collarblue-collarblue-collarblue-collarblue-collarblue-collarblue-collarblue-collarblue-collarblue-collarblue-collarblue-collarblue-collarblue-collarblue-collarblue-collarblue-collarblue-collarblue-collarblue-collarblue-collarblue-collarblue-collarblue-collarblue-collarblue-collarblue-collarblue-collarblue-collarblue-collarblue-collarblue-collarblue-collarblue-collarblue-collarblue-collarblue-collarblue-collarblue-collarblue-collarblue-collarblue-collarblue-collarblue-collarblue-collarblue-collarblue-collarblue-collarblue-collarblue-collarblue-collarblue-collarblue-collarblue-collarblue-collarblue-collarblue-collarblue-collarblue-collarblue-collarblue-collarblue-collarblue-collarblue-collarblue-collarblue-collarblue-collarblue-collarblue-collarblue-collarblue-collarblue-collarblue-collarblue-collarblue-collarblue-collarblue-collarblue-collarblue-collarblue-collarblue-collarblue-collarblue-collarblue-collarblue-collarblue-collarblue-collarblue-collarblue-collarblue-collarblue-collarblue-collarblue-collarblue-collarblue-collarblue-collarblue-collarblue-collarblue-collarblue-collarblue-collarblue-collarblue-collarblue-collarblue-collarblue-collarblue-collarblue-collarblue-collarblue-collarblue-collarblue-collarblue-collarblue-collarblue-collarblue-collarblue-collarblue-collarblue-collarblue-collarblue-collarblue-collarblue-collarblue-collarblue-collarblue-collarblue-collarblue-collarblue-collarblue-collarblue-collarblue-collarblue-collarblue-collarblue-collarblue-collarblue-collarblue-collarblue-collarblue-collarblue-collarblue-collarblue-collarblue-collarblue-collarblue-collarblue-collarblue-collarblue-collarblue-collarblue-collarblue-collarblue-collarblue-collarblue-collarblue-collarblue-collarblue-collarblue-collarblue-collarblue-collarblue-collarblue-collarblue-collarblue-collarblue-collarblue-collarblue-collarblue-collarblue-collarblue-collarblue-collarblue-collarblue-collarblue-collarblue-collarblue-collarblue-collarblue-collarblue-collarblue-collarblue-collarblue-collarblue-collarblue-collarblue-collarblue-collarblue-collarblue-collarblue-collarblue-collarblue-collarblue-collarblue-collarblue-collarblue-collarblue-collarblue-collarblue-collarblue-collarblue-collarblue-collarblue-collarblue-collarblue-collarblue-collarblue-collarblue-collarblue-collarblue-collarblue-collarblue-collarblue-collarblue-collarblue-collarblue-collarblue-collarblue-collarblue-collarblue-collarblue-collarblue-collarblue-collarblue-collarblue-collarblue-collarblue-collarblue-collarblue-collarblue-collarblue-collarblue-collarblue-collarblue-collarblue-collarblue-collarblue-collarblue-collarblue-collarblue-collarblue-collarblue-collarblue-collarblue-collarblue-collarblue-collarblue-collarblue-collarblue-collarblue-collarblue-collarblue-collarblue-collarblue-collarblue-collarblue-collarblue-collarblue-collarblue-collarblue-collarblue-collarblue-collarblue-collarblue-collarblue-collarblue-collarblue-collarblue-collarblue-collarblue-collarblue-collarblue-collarblue-collarblue-collarblue-collarblue-collarblue-collarblue-collarblue-collarblue-collarblue-collarblue-collarblue-collarblue-collarblue-collarblue-collarblue-collarblue-collarblue-collarblue-collarblue-collarblue-collarblue-collarblue-collarblue-collarblue-collarblue-collarblue-collarblue-collarblue-collarblue-collarblue-collarblue-collarblue-collarblue-collarblue-collarblue-collarblue-collarblue-collarblue-collarblue-collarblue-collarblue-collarblue-collarblue-collarblue-collarblue-collarblue-collarblue-collarblue-collarblue-collarblue-collarblue-collarblue-collarblue-collarblue-collarblue-collarblue-collarblue-collarblue-collarblue-collarblue-collarblue-collarblue-collarblue-collarblue-collarblue-collarblue-collarblue-collarblue-collarblue-collarblue-collarblue-collarblue-collarblue-collarblue-collarblue-collarblue-collarblue-collarblue-collarblue-collarblue-collarblue-collarblue-collarblue-collarblue-collarblue-collarblue-collarblue-collarblue-collarblue-collarblue-collarblue-collarblue-collarblue-collarblue-collarblue-collarblue-collarblue-collarblue-collarblue-collarblue-collarblue-collarblue-collarblue-collarblue-collarblue-collarblue-collarblue-collarblue-collarblue-collarblue-collarblue-collarblue-collarblue-collarblue-collarblue-collarblue-collarblue-collarblue-collarblue-collarblue-collarblue-collarblue-collarblue-collarblue-collarblue-collarblue-collarblue-collarblue-collarblue-collarblue-collarblue-collarblue-collarblue-collarblue-collarblue-collarblue-collarblue-collarblue-collarblue-collarblue-collarblue-collarblue-collarblue-collarblue-collarblue-collarblue-collarblue-collarblue-collarblue-collarblue-collarblue-collarblue-collarblue-collarblue-collarblue-collarblue-collarblue-collarblue-collarblue-collarblue-collarblue-collarblue-collarblue-collarblue-collarblue-collarblue-collarblue-collarblue-collarblue-collarblue-collarblue-collarblue-collarblue-collarblue-collarblue-collarblue-collarblue-collarblue-collarblue-collarblue-collarblue-collarblue-collarblue-collarblue-collarblue-collarblue-collarblue-collarblue-collarblue-collarblue-collarblue-collarblue-collarblue-collarblue-collarblue-collarblue-collarblue-collarblue-collarblue-collarblue-collarblue-collarblue-collarblue-collarblue-collarblue-collarblue-collarblue-collarblue-collarblue-collarblue-collarblue-collarblue-collarblue-collarblue-collarblue-collarblue-collarblue-collarblue-collarblue-collarblue-collarblue-collarblue-collarblue-collarblue-collarblue-collarblue-collarblue-collarblue-collarblue-collarblue-collarblue-collarblue-collarblue-collarblue-collarblue-collarblue-collarblue-collarblue-collarblue-collarblue-collarblue-collarblue-collarblue-collarblue-collarblue-collarblue-collarblue-collarblue-collarblue-collarblue-collarblue-collarblue-collarblue-collarblue-collarblue-collarblue-collarblue-collarblue-collarblue-collarblue-collarblue-collarblue-collarblue-collarblue-collarblue-collarblue-collarblue-collarblue-collarblue-collarblue-collarblue-collarblue-collarblue-collarblue-collarblue-collarblue-collarblue-collarblue-collarblue-collarblue-collarblue-collarblue-collarblue-collarblue-collarblue-collarblue-collarblue-collarblue-collarblue-collarblue-collarblue-collarblue-collarblue-collarblue-collarblue-collarblue-collarblue-collarblue-collarblue-collarblue-collarblue-collarblue-collarblue-collarblue-collarblue-collarblue-collarblue-collarblue-collarblue-collarblue-collarblue-collarblue-collarblue-collarblue-collarblue-collarblue-collarblue-collarblue-collarblue-collarblue-collarblue-collarblue-collarblue-collarblue-collarblue-collarblue-collarblue-collarblue-collarblue-collarblue-collarblue-collarblue-collarblue-collarblue-collarblue-collarblue-collarblue-collarblue-collarblue-collarblue-collarblue-collarblue-collarblue-collarblue-collarblue-collarblue-collarblue-collarblue-collarblue-collarblue-collarblue-collarblue-collarblue-collarblue-collarblue-collarblue-collarblue-collarblue-collarblue-collarblue-collarblue-collarblue-collarblue-collarblue-collarblue-collarblue-collarblue-collarblue-collarblue-collarblue-collarblue-collarblue-collarblue-collarblue-collarblue-collarblue-collarblue-collarblue-collarblue-collarblue-collarblue-collarblue-collarblue-collarblue-collarblue-collarblue-collarblue-collarblue-collarblue-collarblue-collarblue-collarblue-collarblue-collarblue-collarblue-collarblue-collarblue-collarblue-collarblue-collarblue-collarblue-collarblue-collarblue-collarblue-collarblue-collarblue-collarblue-collarblue-collarblue-collarblue-collarblue-collarblue-collarblue-collarblue-collarblue-collarblue-collarblue-collarblue-collarblue-collarblue-collarblue-collarblue-collarblue-collarblue-collarblue-collarblue-collarblue-collarblue-collarblue-collarblue-collarblue-collarblue-collarblue-collarblue-collarblue-collarblue-collarblue-collarblue-collarblue-collarblue-collarblue-collarblue-collarblue-collarblue-collarblue-collarblue-collarblue-collarblue-collarblue-collarblue-collarblue-collarblue-collarblue-collarblue-collarblue-collarblue-collarblue-collarblue-collarblue-collarblue-collarblue-collarblue-collarblue-collarblue-collarblue-collarblue-collarblue-collarblue-collarblue-collarblue-collarblue-collarblue-collarblue-collarblue-collarblue-collarblue-collarblue-collarblue-collarblue-collarblue-collarblue-collarblue-collarblue-collarblue-collarblue-collarblue-collarblue-collarblue-collarblue-collarblue-collarblue-collarblue-collarblue-collarblue-collarblue-collarblue-collarblue-collarblue-collarblue-collarblue-collarblue-collarblue-collarblue-collarblue-collarblue-collarblue-collarblue-collarblue-collarblue-collarblue-collarblue-collarblue-collarblue-collarblue-collarblue-collarblue-collarblue-collarblue-collarblue-collarblue-collarblue-collarblue-collarblue-collarblue-collarblue-collarblue-collarblue-collarblue-collarblue-collarblue-collarblue-collarblue-collarblue-collarblue-collarblue-collarblue-collarblue-collarblue-collarblue-collarblue-collarblue-collarblue-collarblue-collarblue-collarblue-collarblue-collarblue-collarblue-collarblue-collarblue-collarblue-collarblue-collarblue-collarblue-collarblue-collarblue-collarblue-collarblue-collarblue-collarblue-collarblue-collarblue-collarblue-collarblue-collarblue-collarblue-collarblue-collarblue-collarblue-collarblue-collarblue-collarblue-collarblue-collarblue-collarblue-collarblue-collarblue-collarblue-collarblue-collarblue-collarblue-collarblue-collarblue-collarblue-collarblue-collarblue-collarblue-collarblue-collarblue-collarblue-collarblue-collarblue-collarblue-collarblue-collarblue-collarblue-collarblue-collarblue-collarblue-collarblue-collarblue-collarblue-collarblue-collarblue-collarblue-collarblue-collarblue-collarblue-collarblue-collarblue-collarblue-collarblue-collarblue-collarblue-collarblue-collarblue-collarblue-collarblue-collarblue-collarblue-collarblue-collarblue-collarblue-collarblue-collarblue-collarblue-collarblue-collarblue-collarblue-collarblue-collarblue-collarblue-collarblue-collarblue-collarblue-collarblue-collarblue-collarblue-collarblue-collarblue-collarblue-collarblue-collarblue-collarblue-collarblue-collarblue-collarblue-collarblue-collarblue-collarblue-collarblue-collarblue-collarblue-collarblue-collarblue-collarblue-collarblue-collarblue-collarblue-collarblue-collarblue-collarblue-collarblue-collarblue-collarblue-collarblue-collarblue-collarblue-collarblue-collarblue-collarblue-collarblue-collarblue-collarblue-collarblue-collarblue-collarblue-collarblue-collarblue-collarblue-collarblue-collarblue-collarblue-collarblue-collarblue-collarblue-collarblue-collarblue-collarblue-collarblue-collarblue-collarblue-collarblue-collarblue-collarblue-collarblue-collarblue-collarblue-collarblue-collarblue-collarblue-collarblue-collarblue-collarblue-collarblue-collarblue-collarblue-collarblue-collarblue-collarblue-collarblue-collarblue-collarblue-collarblue-collarblue-collarblue-collarblue-collarblue-collarblue-collarblue-collarblue-collarblue-collarblue-collarblue-collarblue-collarblue-collarblue-collarblue-collarblue-collarblue-collarblue-collarblue-collarblue-collarblue-collarblue-collarblue-collarblue-collarblue-collarblue-collarblue-collarblue-collarblue-collarblue-collarblue-collarblue-collarblue-collarblue-collarblue-collarblue-collarblue-collarblue-collarblue-collarblue-collarblue-collarblue-collarblue-collarblue-collarblue-collarblue-collarblue-collarblue-collarblue-collarblue-collarblue-collarblue-collarblue-collarblue-collarblue-collarblue-collarblue-collarblue-collarblue-collarblue-collarblue-collarblue-collarblue-collarblue-collarblue-collarblue-collarblue-collarblue-collarblue-collarblue-collarblue-collarblue-collarblue-collarblue-collarblue-collarblue-collarblue-collarblue-collarblue-collarblue-collarblue-collarblue-collarblue-collarblue-collarblue-collarblue-collarblue-collarblue-collarblue-collarblue-collarblue-collarblue-collarblue-collarblue-collarblue-collarblue-collarblue-collarblue-collarblue-collarblue-collarblue-collarblue-collarblue-collarblue-collarblue-collarblue-collarblue-collarblue-collarblue-collarblue-collarblue-collarblue-collarblue-collarblue-collarblue-collarblue-collarblue-collarblue-collarblue-collarblue-collarblue-collarblue-collarblue-collarblue-collarblue-collarblue-collarblue-collarblue-collarblue-collarblue-collarblue-collarblue-collarblue-collarblue-collarblue-collarblue-collarblue-collarblue-collarblue-collarblue-collarblue-collarblue-collarblue-collarblue-collarblue-collarblue-collarblue-collarblue-collarblue-collarblue-collarblue-collarblue-collarblue-collarblue-collarblue-collarblue-collarblue-collarblue-collarblue-collarblue-collarblue-collarblue-collarblue-collarblue-collarblue-collarblue-collarblue-collarblue-collarblue-collarblue-collarblue-collarblue-collarblue-collarblue-collarblue-collarblue-collarblue-collarblue-collarblue-collarblue-collarblue-collarblue-collarblue-collarblue-collarblue-collarblue-collarblue-collarblue-collarblue-collarblue-collarblue-collarblue-collarblue-collarblue-collarblue-collarblue-collarblue-collarblue-collarblue-collarblue-collarblue-collarblue-collarblue-collarblue-collarblue-collarblue-collarblue-collarblue-collarblue-collarblue-collarblue-collarblue-collarblue-collarblue-collarblue-collarblue-collarblue-collarblue-collarblue-collarblue-collarblue-collarblue-collarblue-collarblue-collarblue-collarblue-collarblue-collarblue-collarblue-collarblue-collarblue-collarblue-collarblue-collarblue-collarblue-collarblue-collarblue-collarblue-collarblue-collarblue-collarblue-collarblue-collarblue-collarblue-collarblue-collarblue-collarblue-collarblue-collarblue-collarblue-collarblue-collarblue-collarblue-collarblue-collarblue-collarblue-collarblue-collarblue-collarblue-collarblue-collarblue-collarblue-collarblue-collarblue-collarblue-collarblue-collarblue-collarblue-collarblue-collarblue-collarblue-collarblue-collarblue-collarblue-collarblue-collarblue-collarblue-collarblue-collarblue-collarblue-collarblue-collarblue-collarblue-collarblue-collarblue-collarblue-collarblue-collarblue-collarblue-collarblue-collarblue-collarblue-collarblue-collarblue-collarblue-collarblue-collarblue-collarblue-collarblue-collarblue-collarblue-collarblue-collarblue-collarblue-collarblue-collarblue-collarblue-collarblue-collarblue-collarblue-collarblue-collarblue-collarblue-collarblue-collarblue-collarblue-collarblue-collarblue-collarblue-collarblue-collarblue-collarblue-collarblue-collarblue-collarblue-collarblue-collarblue-collarblue-collarblue-collarblue-collarblue-collarblue-collarblue-collarblue-collarblue-collarblue-collarblue-collarblue-collarblue-collarblue-collarblue-collarblue-collarblue-collarblue-collarblue-collarblue-collarblue-collarblue-collarblue-collarblue-collarblue-collarblue-collarblue-collarblue-collarblue-collarblue-collarblue-collarblue-collarblue-collarblue-collarblue-collarblue-collarblue-collarblue-collarblue-collarblue-collarblue-collarblue-collarblue-collarblue-collarblue-collarblue-collarblue-collarblue-collarblue-collarblue-collarblue-collarblue-collarblue-collarblue-collarblue-collarblue-collarblue-collarblue-collarblue-collarblue-collarblue-collarblue-collarblue-collarblue-collarblue-collarblue-collarblue-collarblue-collarblue-collarblue-collarblue-collarblue-collarblue-collarblue-collarblue-collarblue-collarblue-collarblue-collarblue-collarblue-collarblue-collarblue-collarblue-collarblue-collarblue-collarblue-collarblue-collarblue-collarblue-collarblue-collarblue-collarblue-collarblue-collarblue-collarblue-collarblue-collarblue-collarblue-collarblue-collarblue-collarblue-collarblue-collarblue-collarblue-collarblue-collarblue-collarblue-collarblue-collarblue-collarblue-collarblue-collarblue-collarblue-collarblue-collarblue-collarblue-collarblue-collarblue-collarblue-collarblue-collarblue-collarblue-collarblue-collarblue-collarblue-collarblue-collarblue-collarblue-collarblue-collarblue-collarblue-collarblue-collarblue-collarblue-collarblue-collarblue-collarblue-collarblue-collarblue-collarblue-collarblue-collarblue-collarblue-collarblue-collarblue-collarblue-collarblue-collarblue-collarblue-collarblue-collarblue-collarblue-collarblue-collarblue-collarblue-collarblue-collarblue-collarblue-collarblue-collarblue-collarblue-collarblue-collarblue-collarblue-collarblue-collarblue-collarblue-collarblue-collarblue-collarblue-collarblue-collarblue-collarblue-collarblue-collarblue-collarblue-collarblue-collarblue-collarblue-collarblue-collarblue-collarblue-collarblue-collarblue-collarblue-collarblue-collarblue-collarblue-collarblue-collarblue-collarblue-collarblue-collarblue-collarblue-collarblue-collarblue-collarblue-collarblue-collarblue-collarblue-collarblue-collarblue-collarblue-collarblue-collarblue-collarblue-collarblue-collarblue-collarblue-collarblue-collarblue-collarblue-collarblue-collarblue-collarblue-collarblue-collarblue-collarblue-collarblue-collarblue-collarblue-collarblue-collarblue-collarblue-collarblue-collarblue-collarblue-collarblue-collarblue-collarblue-collarblue-collarblue-collarblue-collarblue-collarblue-collarblue-collarblue-collarblue-collarblue-collarblue-collarblue-collarblue-collarblue-collarblue-collarblue-collarblue-collarblue-collarblue-collarblue-collarblue-collarblue-collarblue-collarblue-collarblue-collarblue-collarblue-collarblue-collarblue-collarblue-collarblue-collarblue-collarblue-collarblue-collarblue-collarblue-collarblue-collarblue-collarblue-collarblue-collarblue-collarblue-collarblue-collarblue-collarblue-collarblue-collarblue-collarblue-collarblue-collarblue-collarblue-collarblue-collarblue-collarblue-collarblue-collarblue-collarblue-collarblue-collarblue-collarblue-collarblue-collarblue-collarblue-collarblue-collarblue-collarblue-collarblue-collarblue-collarblue-collarblue-collarblue-collarblue-collarblue-collarblue-collarblue-collarblue-collarblue-collarblue-collarblue-collarblue-collarblue-collarblue-collarblue-collarblue-collarblue-collarblue-collarblue-collarblue-collarblue-collarblue-collarblue-collarblue-collarblue-collarblue-collarblue-collarblue-collarblue-collarblue-collarblue-collarblue-collarblue-collarblue-collarblue-collarblue-collarblue-collarblue-collarblue-collarblue-collarblue-collarblue-collarblue-collarblue-collarblue-collarblue-collarblue-collarblue-collarblue-collarblue-collarblue-collarblue-collarblue-collarblue-collarblue-collarblue-collarblue-collarblue-collarblue-collarblue-collarblue-collarblue-collarblue-collarblue-collarblue-collarblue-collarblue-collarblue-collarblue-collarblue-collarblue-collarblue-collarblue-collarblue-collarblue-collarblue-collarblue-collarblue-collarblue-collarblue-collarblue-collarblue-collarblue-collarblue-collarblue-collarblue-collarblue-collarblue-collarblue-collarblue-collarblue-collarblue-collarblue-collarblue-collarblue-collarblue-collarblue-collarblue-collarblue-collarblue-collarblue-collarblue-collarblue-collarblue-collarblue-collarblue-collarblue-collarblue-collarblue-collarblue-collarblue-collarblue-collarblue-collarblue-collarblue-collarblue-collarblue-collarblue-collarblue-collarblue-collarblue-collarblue-collarblue-collarblue-collarblue-collarblue-collarblue-collarblue-collarblue-collarblue-collarblue-collarblue-collarblue-collarblue-collarblue-collarblue-collarblue-collarblue-collarblue-collarblue-collarblue-collarblue-collarblue-collarblue-collarblue-collarblue-collarblue-collarblue-collarblue-collarblue-collarblue-collarblue-collarblue-collarblue-collarblue-collarblue-collarblue-collarblue-collarblue-collarblue-collarblue-collarblue-collarblue-collarblue-collarblue-collarblue-collarblue-collarblue-collarblue-collarblue-collarblue-collarblue-collarblue-collarblue-collarblue-collarblue-collarblue-collarblue-collarblue-collarblue-collarblue-collarblue-collarblue-collarblue-collarblue-collarblue-collarblue-collarblue-collarblue-collarblue-collarblue-collarblue-collarblue-collarblue-collarblue-collarblue-collarblue-collarblue-collarblue-collarblue-collarblue-collarblue-collarblue-collarblue-collarblue-collarblue-collarblue-collarblue-collarblue-collarblue-collarblue-collarblue-collarblue-collarblue-collarblue-collarblue-collarblue-collarblue-collarblue-collarblue-collarblue-collarblue-collarblue-collarblue-collarblue-collarblue-collarblue-collarblue-collarblue-collarblue-collarblue-collarblue-collarblue-collarblue-collarblue-collarblue-collarblue-collarblue-collarblue-collarblue-collarblue-collarblue-collarblue-collarblue-collarblue-collarblue-collarblue-collarblue-collarblue-collarblue-collarblue-collarblue-collarblue-collarblue-collarblue-collarblue-collarblue-collarblue-collarblue-collarblue-collarblue-collarblue-collarblue-collarblue-collarblue-collarblue-collarblue-collarblue-collarblue-collarblue-collarblue-collarblue-collarblue-collarblue-collarblue-collarblue-collarblue-collarblue-collarblue-collarblue-collarblue-collarblue-collarblue-collarblue-collarblue-collarblue-collarblue-collarblue-collarblue-collarblue-collarblue-collarblue-collarblue-collarblue-collarblue-collarblue-collarblue-collarblue-collarblue-collarblue-collarblue-collarblue-collarblue-collarblue-collarblue-collarblue-collarblue-collarblue-collarblue-collarblue-collarblue-collarblue-collarblue-collarblue-collarblue-collarblue-collarblue-collarblue-collarblue-collarblue-collarblue-collarblue-collarblue-collarblue-collarblue-collarblue-collarblue-collarblue-collarblue-collarblue-collarblue-collarblue-collarblue-collarblue-collarblue-collarblue-collarblue-collarblue-collarblue-collarblue-collarblue-collarblue-collarblue-collarblue-collarblue-collarblue-collarblue-collarblue-collarblue-collarblue-collarblue-collarblue-collarblue-collarblue-collarblue-collarblue-collarblue-collarblue-collarblue-collarblue-collarblue-collarblue-collarblue-collarblue-collarblue-collarblue-collarblue-collarblue-collarblue-collarblue-collarblue-collarblue-collarblue-collarblue-collarblue-collarblue-collarblue-collarblue-collarblue-collarblue-collarblue-collarblue-collarblue-collarblue-collarblue-collarblue-collarblue-collarblue-collarblue-collarblue-collarblue-collarblue-collarblue-collarblue-collarblue-collarblue-collarblue-collarblue-collarblue-collarblue-collarblue-collarblue-collarblue-collarblue-collarblue-collarblue-collarblue-collarblue-collarblue-collarblue-collarblue-collarblue-collarblue-collarblue-collarblue-collarblue-collarblue-collarblue-collarblue-collarblue-collarblue-collarblue-collarblue-collarblue-collarblue-collarblue-collarblue-collarblue-collarblue-collarblue-collarblue-collarblue-collarblue-collarblue-collarblue-collarblue-collarblue-collarblue-collarblue-collarblue-collarblue-collarblue-collarblue-collarblue-collarblue-collarblue-collarblue-collarblue-collarblue-collarblue-collarblue-collarblue-collarblue-collarblue-collarblue-collarblue-collarblue-collarblue-collarblue-collarblue-collarblue-collarblue-collarblue-collarblue-collarblue-collarblue-collarblue-collarblue-collarblue-collarblue-collarblue-collarblue-collarblue-collarblue-collarblue-collarblue-collarblue-collarblue-collarblue-collarblue-collarblue-collarblue-collarblue-collarblue-collarblue-collarblue-collarblue-collarblue-collarblue-collarblue-collarblue-collarblue-collarblue-collarblue-collarblue-collarblue-collarblue-collarblue-collarblue-collarblue-collarblue-collarblue-collarblue-collarblue-collarblue-collarblue-collarblue-collarblue-collarblue-collarblue-collarblue-collarblue-collarblue-collarblue-collarblue-collarblue-collarblue-collarblue-collarblue-collarblue-collarblue-collarblue-collarblue-collarblue-collarblue-collarblue-collarblue-collarblue-collarblue-collarblue-collarblue-collarblue-collarblue-collarblue-collarblue-collarblue-collarblue-collarblue-collarblue-collarblue-collarblue-collarblue-collarblue-collarblue-collarblue-collarblue-collarblue-collarblue-collarblue-collarblue-collarblue-collarblue-collarblue-collarblue-collarblue-collarblue-collarblue-collarblue-collarblue-collarblue-collarblue-collarblue-collarblue-collarblue-collarblue-collarblue-collarblue-collarblue-collarblue-collarblue-collarblue-collarblue-collarblue-collarblue-collarblue-collarblue-collarblue-collarblue-collarblue-collarblue-collarblue-collarblue-collarblue-collarblue-collarblue-collarblue-collarblue-collarblue-collarblue-collarblue-collarblue-collarblue-collarblue-collarblue-collarblue-collarblue-collarblue-collarblue-collarblue-collarblue-collarblue-collarblue-collarblue-collarblue-collarblue-collarblue-collarblue-collarblue-collarblue-collarblue-collarblue-collarblue-collarblue-collarblue-collarblue-collarblue-collarblue-collarblue-collarblue-collarblue-collarblue-collarblue-collarblue-collarblue-collarblue-collarblue-collarblue-collarblue-collarblue-collarblue-collarblue-collarblue-collarblue-collarblue-collarblue-collarblue-collarblue-collarblue-collarblue-collarblue-collarblue-collarblue-collarblue-collarblue-collarblue-collarblue-collarblue-collarblue-collarblue-collarblue-collarblue-collarblue-collarblue-collarblue-collarblue-collarblue-collarblue-collarblue-collarblue-collarblue-collarblue-collarblue-collarblue-collarblue-collarblue-collarblue-collarblue-collarblue-collarblue-collarblue-collarblue-collarblue-collarblue-collarblue-collarblue-collarblue-collarblue-collarblue-collarblue-collarblue-collarblue-collarblue-collarblue-collarblue-collarblue-collarblue-collarblue-collarblue-collarblue-collarblue-collarblue-collarblue-collarblue-collarblue-collarblue-collarblue-collarblue-collarblue-collarblue-collarblue-collarblue-collarblue-collarblue-collarblue-collarblue-collarblue-collarblue-collarblue-collarblue-collarblue-collarblue-collarblue-collarblue-collarblue-collarblue-collarblue-collarblue-collarblue-collarblue-collarblue-collarblue-collarblue-collarblue-collarblue-collarblue-collarblue-collarblue-collarblue-collarblue-collarblue-collarblue-collarblue-collarblue-collarblue-collarblue-collarblue-collarblue-collarblue-collarblue-collarblue-collarblue-collarblue-collarblue-collarblue-collarblue-collarblue-collarblue-collarblue-collarblue-collarblue-collarblue-collarblue-collarblue-collarblue-collarblue-collarblue-collarblue-collarblue-collarblue-collarblue-collarblue-collarblue-collarblue-collarblue-collarblue-collarblue-collarblue-collarblue-collarblue-collarblue-collarblue-collarblue-collarblue-collarblue-collarblue-collarblue-collarblue-collarblue-collarblue-collarblue-collarblue-collarblue-collarblue-collarblue-collarblue-collarblue-collarblue-collarblue-collarblue-collarblue-collarblue-collarblue-collarblue-collarblue-collarblue-collarblue-collarblue-collarblue-collarblue-collarblue-collarblue-collarblue-collarblue-collarblue-collarblue-collarblue-collarblue-collarblue-collarblue-collarblue-collarblue-collarblue-collarblue-collarblue-collarblue-collarblue-collarblue-collarblue-collarblue-collarblue-collarblue-collarblue-collarblue-collarblue-collarblue-collarblue-collarblue-collarblue-collarblue-collarblue-collarblue-collarblue-collarblue-collarblue-collarblue-collarblue-collarblue-collarblue-collarblue-collarblue-collarblue-collarblue-collarblue-collarblue-collarblue-collarblue-collarblue-collarblue-collarblue-collarblue-collarblue-collarblue-collarblue-collarblue-collarblue-collarblue-collarblue-collarblue-collarblue-collarblue-collarblue-collarblue-collarblue-collarblue-collarblue-collarblue-collarblue-collarblue-collarblue-collarblue-collarblue-collarblue-collarblue-collarblue-collarblue-collarblue-collarblue-collarblue-collarblue-collarblue-collarblue-collarblue-collarblue-collarblue-collarblue-collarblue-collarblue-collarblue-collarblue-collarblue-collarblue-collarblue-collarblue-collarblue-collarblue-collarblue-collarblue-collarblue-collarblue-collarblue-collarblue-collarblue-collarblue-collarblue-collarblue-collarblue-collarblue-collarblue-collarblue-collarblue-collarblue-collarblue-collarblue-collarblue-collarblue-collarblue-collarblue-collarblue-collarblue-collarblue-collarblue-collarblue-collarblue-collarblue-collarblue-collarblue-collarblue-collarblue-collarblue-collarblue-collarblue-collarblue-collarblue-collarblue-collarblue-collarblue-collarblue-collarblue-collarblue-collarblue-collarblue-collarblue-collarblue-collarblue-collarblue-collarblue-collarblue-collarblue-collarblue-collarblue-collarblue-collarblue-collarblue-collarblue-collarblue-collarblue-collarblue-collarblue-collarblue-collarblue-collarblue-collarblue-collarblue-collarblue-collarblue-collarblue-collarblue-collarblue-collarblue-collarblue-collarblue-collarblue-collarblue-collarblue-collarblue-collarblue-collarblue-collarblue-collarblue-collarblue-collarblue-collarblue-collarblue-collarblue-collarblue-collarblue-collarblue-collarblue-collarblue-collarblue-collarblue-collarblue-collarblue-collarblue-collarblue-collarblue-collarblue-collarblue-collarblue-collarblue-collarblue-collarblue-collarblue-collarblue-collarblue-collarblue-collarblue-collarblue-collarblue-collarblue-collarblue-collarblue-collarblue-collarblue-collarblue-collarblue-collarblue-collarblue-collarblue-collarblue-collarblue-collarblue-collarblue-collarblue-collarblue-collarblue-collarblue-collarblue-collarblue-collarblue-collarblue-collarblue-collarblue-collarblue-collarblue-collarblue-collarblue-collarblue-collarblue-collarblue-collarblue-collarblue-collarblue-collarblue-collarblue-collarblue-collarblue-collarblue-collarblue-collarblue-collarblue-collarblue-collarblue-collarblue-collarblue-collarblue-collarblue-collarblue-collarblue-collarblue-collarblue-collarblue-collarblue-collarblue-collarblue-collarblue-collarblue-collarblue-collarblue-collarblue-collarblue-collarblue-collarblue-collarblue-collarblue-collarblue-collarblue-collarblue-collarblue-collarblue-collarblue-collarblue-collarblue-collarblue-collarblue-collarblue-collarblue-collarblue-collarblue-collarblue-collarblue-collarblue-collarblue-collarblue-collarblue-collarblue-collarblue-collarblue-collarblue-collarblue-collarblue-collarblue-collarblue-collarblue-collarblue-collarblue-collarblue-collarblue-collarblue-collarblue-collarblue-collarblue-collarblue-collarblue-collarblue-collarblue-collarblue-collarblue-collarblue-collarblue-collarblue-collarblue-collarblue-collarblue-collarblue-collarblue-collarblue-collarblue-collarblue-collarblue-collarblue-collarblue-collarblue-collarblue-collarblue-collarblue-collarblue-collarblue-collarblue-collarblue-collarblue-collarblue-collarblue-collarblue-collarblue-collarblue-collarblue-collarblue-collarblue-collarblue-collarblue-collarblue-collarblue-collarblue-collarblue-collarblue-collarblue-collarblue-collarblue-collarblue-collarblue-collarblue-collarblue-collarblue-collarblue-collarblue-collarblue-collarblue-collarblue-collarblue-collarblue-collarblue-collarblue-collarblue-collarblue-collarblue-collarblue-collarblue-collarblue-collarblue-collarblue-collarblue-collarblue-collarblue-collarblue-collarblue-collarblue-collarblue-collarblue-collarblue-collarblue-collarblue-collarblue-collarblue-collarblue-collarblue-collarblue-collarblue-collarblue-collarblue-collarblue-collarblue-collarblue-collarblue-collarblue-collarblue-collarblue-collarblue-collarblue-collarblue-collarblue-collarblue-collarblue-collarblue-collarblue-collarblue-collarblue-collarblue-collarblue-collarblue-collarblue-collarblue-collarblue-collarblue-collarblue-collarblue-collarblue-collarblue-collarblue-collarblue-collarblue-collarblue-collarblue-collarblue-collarblue-collarblue-collarblue-collarblue-collarblue-collarblue-collarblue-collarblue-collarblue-collarblue-collarblue-collarblue-collarblue-collarblue-collarblue-collarblue-collarblue-collarblue-collarblue-collarblue-collarblue-collarblue-collarblue-collarblue-collarblue-collarblue-collarblue-collarblue-collarblue-collarblue-collarblue-collarblue-collarblue-collarblue-collarblue-collarblue-collarblue-collarblue-collarblue-collarblue-collarblue-collarblue-collarblue-collarblue-collarblue-collarblue-collarblue-collarblue-collarblue-collarblue-collarblue-collarblue-collarblue-collarblue-collarblue-collarblue-collarblue-collarblue-collarblue-collarblue-collarblue-collarblue-collarblue-collarblue-collarblue-collarblue-collarblue-collarblue-collarblue-collarblue-collarblue-collarblue-collarblue-collarblue-collarblue-collarblue-collarblue-collarblue-collarblue-collarblue-collarblue-collarblue-collarblue-collarblue-collarblue-collarblue-collarblue-collarblue-collarblue-collarblue-collarblue-collarblue-collarblue-collarblue-collarblue-collarblue-collarblue-collarblue-collarblue-collarblue-collarblue-collarblue-collarblue-collarblue-collarblue-collarblue-collarblue-collarblue-collarblue-collarblue-collarblue-collarblue-collarblue-collarblue-collarblue-collarblue-collarblue-collarblue-collarblue-collarblue-collarblue-collarblue-collarblue-collarblue-collarblue-collarblue-collarblue-collarblue-collarblue-collarblue-collarblue-collarblue-collarblue-collarblue-collarblue-collarblue-collarblue-collarblue-collarblue-collarblue-collarblue-collarblue-collarblue-collarblue-collarblue-collarblue-collarblue-collarblue-collarblue-collarblue-collarblue-collarblue-collarblue-collarblue-collarblue-collarblue-collarblue-collarblue-collarblue-collarblue-collarblue-collarblue-collarblue-collarblue-collarblue-collarblue-collarblue-collarblue-collarblue-collarblue-collarblue-collarblue-collarblue-collarblue-collarblue-collarblue-collarblue-collarblue-collarblue-collarblue-collarblue-collarblue-collarblue-collarblue-collarblue-collarblue-collarblue-collarblue-collarblue-collarblue-collarblue-collarblue-collarblue-collarblue-collarblue-collarblue-collarblue-collarblue-collarblue-collarblue-collarblue-collarblue-collarblue-collarblue-collarblue-collarblue-collarblue-collarblue-collarblue-collarblue-collarblue-collarblue-collarblue-collarblue-collarblue-collarblue-collarblue-collarblue-collarblue-collarblue-collarblue-collarblue-collarblue-collarblue-collarblue-collarblue-collarblue-collarblue-collarblue-collarblue-collarblue-collarblue-collarblue-collarblue-collarblue-collarblue-collarblue-collarblue-collarblue-collarblue-collarblue-collarblue-collarblue-collarblue-collarblue-collarblue-collarblue-collarblue-collarblue-collarblue-collarblue-collarblue-collarblue-collarblue-collarblue-collarblue-collarblue-collarblue-collarblue-collarblue-collarblue-collarblue-collarblue-collarblue-collarblue-collarblue-collarblue-collarblue-collarblue-collarblue-collarblue-collarblue-collarblue-collarblue-collarblue-collarblue-collarblue-collarblue-collarblue-collarblue-collarblue-collarblue-collarblue-collarblue-collarblue-collarblue-collarblue-collarblue-collarblue-collarblue-collarblue-collarblue-collarblue-collarblue-collarblue-collarblue-collarblue-collarblue-collarblue-collarblue-collarblue-collarblue-collarblue-collarblue-collarblue-collarblue-collarblue-collarblue-collarblue-collarblue-collarblue-collarblue-collarblue-collarblue-collarblue-collarblue-collarblue-collarblue-collarblue-collarblue-collarblue-collarblue-collarblue-collarblue-collarblue-collarblue-collarblue-collarblue-collarblue-collarblue-collarblue-collarblue-collarblue-collarblue-collarblue-collarblue-collarblue-collarblue-collarblue-collarblue-collarblue-collarblue-collarblue-collarblue-collarblue-collarblue-collarblue-collarblue-collarblue-collarblue-collarblue-collarblue-collarblue-collarblue-collarblue-collarblue-collarblue-collarblue-collarblue-collarblue-collarblue-collarblue-collarblue-collarblue-collarblue-collarblue-collarblue-collarblue-collarblue-collarblue-collarblue-collarblue-collarblue-collarblue-collarblue-collarblue-collarblue-collarblue-collarblue-collarblue-collarblue-collarblue-collarblue-collarblue-collarblue-collarblue-collarblue-collarblue-collarblue-collarblue-collarblue-collarblue-collarblue-collarblue-collarblue-collarblue-collarblue-collarblue-collarblue-collarblue-collarblue-collarblue-collarblue-collarblue-collarblue-collarblue-collarblue-collarblue-collarblue-collarblue-collarblue-collarblue-collarblue-collarblue-collarblue-collarblue-collarblue-collarblue-collarblue-collarblue-collarblue-collarblue-collarblue-collarblue-collarblue-collarblue-collarblue-collarblue-collarblue-collarblue-collarblue-collarblue-collarblue-collarblue-collarblue-collarblue-collarblue-collarblue-collarblue-collarblue-collarblue-collarblue-collarblue-collarblue-collarblue-collarblue-collarblue-collarblue-collarblue-collarblue-collarblue-collarblue-collarblue-collarblue-collarblue-collarblue-collarblue-collarblue-collarblue-collarblue-collarblue-collarblue-collarblue-collarblue-collarblue-collarblue-collarblue-collarblue-collarblue-collarblue-collarblue-collarblue-collarblue-collarblue-collarblue-collarblue-collarblue-collarblue-collarblue-collarblue-collarblue-collarblue-collarblue-collarblue-collarblue-collarblue-collarblue-collarblue-collarblue-collarblue-collarblue-collarblue-collarblue-collarblue-collarblue-collarblue-collarblue-collarblue-collarblue-collarblue-collarblue-collarblue-collarblue-collarblue-collarblue-collarblue-collarblue-collarblue-collarblue-collarblue-collarblue-collarblue-collarblue-collarblue-collarblue-collarblue-collarblue-collarblue-collarblue-collarblue-collarblue-collarblue-collarblue-collarblue-collarblue-collarblue-collarblue-collarblue-collarblue-collarblue-collarblue-collarblue-collarblue-collarblue-collarblue-collarblue-collarblue-collarblue-collarblue-collarblue-collarblue-collarblue-collarblue-collarblue-collarblue-collarblue-collarblue-collarblue-collarblue-collarblue-collarblue-collarblue-collarblue-collarblue-collarblue-collarblue-collarblue-collarblue-collarblue-collarblue-collarblue-collarblue-collarblue-collarblue-collarblue-collarblue-collarblue-collarblue-collarblue-collarblue-collarblue-collarblue-collarblue-collarblue-collarblue-collarblue-collarblue-collarblue-collarblue-collarblue-collarblue-collarblue-collarblue-collarblue-collarblue-collarblue-collarblue-collarblue-collarblue-collarblue-collarblue-collarblue-collarblue-collarblue-collarblue-collarblue-collarblue-collarblue-collarblue-collarblue-collarblue-collarblue-collarblue-collarblue-collarblue-collarblue-collarblue-collarblue-collarblue-collarblue-collarblue-collarblue-collarblue-collarblue-collarblue-collarblue-collarblue-collarblue-collarblue-collarblue-collarblue-collarblue-collarblue-collarblue-collarblue-collarblue-collarblue-collarblue-collarblue-collarblue-collarblue-collarblue-collarblue-collarblue-collarblue-collarblue-collarblue-collarblue-collarblue-collarblue-collarblue-collarblue-collarblue-collarblue-collarblue-collarblue-collarblue-collarblue-collarblue-collarblue-collarblue-collarblue-collarblue-collarblue-collarblue-collarblue-collarblue-collarblue-collarblue-collarblue-collarblue-collarblue-collarblue-collarblue-collarblue-collarblue-collarblue-collarblue-collarblue-collarblue-collarblue-collarblue-collarblue-collarblue-collarblue-collarblue-collarblue-collarblue-collarblue-collarblue-collarblue-collarblue-collarblue-collarblue-collarblue-collarblue-collarblue-collarblue-collarblue-collarblue-collarblue-collarblue-collarblue-collarblue-collarblue-collarblue-collarblue-collarblue-collarblue-collarblue-collarblue-collarblue-collarblue-collarblue-collarblue-collarblue-collarblue-collarblue-collarblue-collarblue-collarblue-collarblue-collarblue-collarblue-collarblue-collarblue-collarblue-collarblue-collarblue-collarblue-collarblue-collarblue-collarblue-collarblue-collarblue-collarblue-collarblue-collarblue-collarblue-collarblue-collarblue-collarblue-collarblue-collarblue-collarblue-collarblue-collarblue-collarblue-collarblue-collarblue-collarblue-collarblue-collarblue-collarblue-collarblue-collarblue-collarblue-collarblue-collarblue-collarblue-collarblue-collarblue-collarblue-collarblue-collarblue-collarblue-collarblue-collarblue-collarblue-collarblue-collarblue-collarblue-collarblue-collarblue-collarblue-collarblue-collarblue-collarblue-collarblue-collarblue-collarblue-collarblue-collarblue-collarblue-collarblue-collarblue-collarblue-collarblue-collarblue-collarblue-collarblue-collarblue-collarblue-collarblue-collarblue-collarblue-collarblue-collarblue-collarblue-collarblue-collarblue-collarblue-collarblue-collarblue-collarblue-collarblue-collarblue-collarblue-collarblue-collarblue-collarblue-collarblue-collarblue-collarblue-collarblue-collarblue-collarblue-collarblue-collarblue-collarblue-collarblue-collarblue-collarblue-collarblue-collarblue-collarblue-collarblue-collarblue-collarblue-collarblue-collarblue-collarblue-collarblue-collarblue-collarblue-collarblue-collarblue-collarblue-collarblue-collarblue-collarblue-collarblue-collarblue-collarblue-collarblue-collarblue-collarblue-collarblue-collarblue-collarblue-collarblue-collarblue-collarblue-collarblue-collarblue-collarblue-collarblue-collarblue-collarblue-collarblue-collarblue-collarblue-collarblue-collarblue-collarblue-collarblue-collarblue-collarblue-collarblue-collarblue-collarblue-collarblue-collarblue-collarblue-collarblue-collarblue-collarblue-collarblue-collarblue-collarblue-collarblue-collarblue-collarblue-collarblue-collarblue-collarblue-collarblue-collarblue-collarblue-collarblue-collarblue-collarblue-collarblue-collarblue-collarblue-collarblue-collarblue-collarblue-collarblue-collarblue-collarblue-collarblue-collarblue-collarblue-collarblue-collarblue-collarblue-collarblue-collarblue-collarblue-collarblue-collarblue-collarblue-collarblue-collarblue-collarblue-collarblue-collarblue-collarblue-collarblue-collarblue-collarblue-collarblue-collarblue-collarblue-collarblue-collarblue-collarblue-collarblue-collarblue-collarblue-collarblue-collarblue-collarblue-collarblue-collarblue-collarblue-collarblue-collarblue-collarblue-collarblue-collarblue-collarblue-collarblue-collarblue-collarblue-collarblue-collarblue-collarblue-collarblue-collarblue-collarblue-collarblue-collarblue-collarblue-collarblue-collarblue-collarblue-collarblue-collarblue-collarblue-collarblue-collarblue-collarblue-collarblue-collarblue-collarblue-collarblue-collarblue-collarblue-collarblue-collarblue-collarblue-collarblue-collarblue-collarblue-collarblue-collarblue-collarblue-collarblue-collarblue-collarblue-collarblue-collarblue-collarblue-collarblue-collarblue-collarblue-collarblue-collarblue-collarblue-collarblue-collarblue-collarblue-collarblue-collarblue-collarblue-collarblue-collarblue-collarblue-collarblue-collarblue-collarblue-collarblue-collarblue-collarblue-collarblue-collarblue-collarblue-collarblue-collarblue-collarblue-collarblue-collarblue-collarblue-collarblue-collarblue-collarblue-collarblue-collarblue-collarblue-collarblue-collarblue-collarblue-collarblue-collarblue-collarblue-collarblue-collarblue-collarblue-collarblue-collarblue-collarblue-collarblue-collarblue-collarblue-collarblue-collarblue-collarblue-collarblue-collarblue-collarblue-collarblue-collarblue-collarblue-collarblue-collarblue-collarblue-collarblue-collarblue-collarblue-collarblue-collarblue-collarblue-collarblue-collarblue-collarblue-collarblue-collarblue-collarblue-collarblue-collarblue-collarblue-collarblue-collarblue-collarblue-collarblue-collarblue-collarblue-collarblue-collarblue-collarblue-collarblue-collarblue-collarblue-collarblue-collarblue-collarblue-collarblue-collarblue-collarblue-collarblue-collarblue-collarblue-collarblue-collarblue-collarblue-collarblue-collarblue-collarblue-collarblue-collarblue-collarblue-collarblue-collarblue-collarblue-collarblue-collarblue-collarblue-collarblue-collarblue-collarblue-collarblue-collarblue-collarblue-collarblue-collarblue-collarblue-collarblue-collarblue-collarblue-collarblue-collarblue-collarblue-collarblue-collarblue-collarblue-collarblue-collarblue-collarblue-collarblue-collarblue-collarblue-collarblue-collarblue-collarblue-collarblue-collarblue-collarblue-collarblue-collarblue-collarblue-collarblue-collarblue-collarblue-collarblue-collarblue-collarblue-collarblue-collarblue-collarblue-collarblue-collarblue-collarblue-collarblue-collarblue-collarblue-collarblue-collarblue-collarblue-collarblue-collarblue-collarblue-collarblue-collarblue-collarblue-collarblue-collarblue-collarblue-collarblue-collarblue-collarblue-collarblue-collarblue-collarblue-collarblue-collarblue-collarblue-collarblue-collarblue-collarblue-collarblue-collarblue-collarblue-collarblue-collarblue-collarblue-collarblue-collarblue-collarblue-collarblue-collarblue-collarblue-collarblue-collarblue-collarblue-collarblue-collarblue-collarblue-collarblue-collarblue-collarblue-collarblue-collarblue-collarblue-collarblue-collarblue-collarblue-collarblue-collarblue-collarblue-collarblue-collarblue-collarblue-collarblue-collarblue-collarblue-collarblue-collarblue-collarblue-collarblue-collarblue-collarblue-collarblue-collarblue-collarblue-collarblue-collarblue-collarblue-collarblue-collarblue-collarblue-collarblue-collarblue-collarblue-collarblue-collarblue-collarblue-collarblue-collarblue-collarblue-collarblue-collarblue-collarblue-collarblue-collarblue-collarblue-collarblue-collarblue-collarblue-collarblue-collarblue-collarblue-collarblue-collarblue-collarblue-collarblue-collarblue-collarblue-collarblue-collarblue-collarblue-collarblue-collarblue-collarblue-collarblue-collarblue-collarblue-collarblue-collarblue-collarblue-collarblue-collarblue-collarblue-collarblue-collarblue-collarblue-collarblue-collarblue-collarblue-collarblue-collarblue-collarblue-collarblue-collarblue-collarblue-collarblue-collarblue-collarblue-collarblue-collarblue-collarblue-collarblue-collarblue-collarblue-collarblue-collarblue-collarblue-collarblue-collarblue-collarblue-collarblue-collarblue-collarblue-collarblue-collarblue-collarblue-collarblue-collarblue-collarblue-collarblue-collarblue-collarblue-collarblue-collarblue-collarblue-collarblue-collarblue-collarblue-collarblue-collarblue-collarblue-collarblue-collarblue-collarblue-collarblue-collarblue-collarblue-collarblue-collarblue-collarblue-collarblue-collarblue-collarblue-collarblue-collarblue-collarblue-collarblue-collarblue-collarblue-collarblue-collarblue-collarblue-collarblue-collarblue-collarblue-collarblue-collarblue-collarblue-collarblue-collarblue-collarblue-collarblue-collarblue-collarblue-collarblue-collarblue-collarblue-collarblue-collarblue-collarblue-collarblue-collarblue-collarblue-collarblue-collarblue-collarblue-collarblue-collarblue-collarblue-collarblue-collarblue-collarblue-collarblue-collarblue-collarblue-collarblue-collarblue-collarblue-collarblue-collarblue-collarblue-collarblue-collarblue-collarblue-collarblue-collarblue-collarblue-collarblue-collarblue-collarblue-collarblue-collarblue-collarblue-collarblue-collarblue-collarblue-collarblue-collarblue-collarblue-collarblue-collarblue-collarblue-collarblue-collarblue-collarblue-collarblue-collarblue-collarblue-collarblue-collarblue-collarblue-collarblue-collarblue-collarblue-collarblue-collarblue-collarblue-collarblue-collarblue-collarblue-collarblue-collarblue-collarblue-collarblue-collarblue-collarblue-collarblue-collarblue-collarblue-collarblue-collarblue-collarblue-collarblue-collarblue-collarblue-collarblue-collarblue-collarblue-collarblue-collarblue-collarblue-collarblue-collarblue-collarblue-collarblue-collarblue-collarblue-collarblue-collarblue-collarblue-collarblue-collarblue-collarblue-collarblue-collarblue-collarblue-collarblue-collarblue-collarblue-collarblue-collarblue-collarblue-collarblue-collarblue-collarblue-collarblue-collarblue-collarblue-collarblue-collarblue-collarblue-collarblue-collarblue-collarblue-collarblue-collarblue-collarblue-collarblue-collarblue-collarblue-collarblue-collarblue-collarblue-collarblue-collarblue-collarblue-collarblue-collarblue-collarblue-collarblue-collarblue-collarblue-collarblue-collarblue-collarblue-collarblue-collarblue-collarblue-collarblue-collarblue-collarblue-collarblue-collarblue-collarblue-collarblue-collarblue-collarblue-collarblue-collarblue-collarblue-collarblue-collarblue-collarblue-collarblue-collarblue-collarblue-collarblue-collarblue-collarblue-collarblue-collarblue-collarblue-collarblue-collarblue-collarblue-collarblue-collarblue-collarblue-collarblue-collarblue-collarblue-collarblue-collarblue-collarblue-collarblue-collarblue-collarblue-collarblue-collarblue-collarblue-collarblue-collarblue-collarblue-collarblue-collarblue-collarblue-collarblue-collarblue-collarblue-collarblue-collarblue-collarblue-collarblue-collarblue-collarblue-collarblue-collarblue-collarblue-collarblue-collarblue-collarblue-collarblue-collarblue-collarblue-collarblue-collarblue-collarblue-collarblue-collarblue-collarblue-collarblue-collarblue-collarblue-collarblue-collarblue-collarblue-collarblue-collarblue-collarblue-collarblue-collarblue-collarblue-collarblue-collarblue-collarblue-collarblue-collarblue-collarblue-collarblue-collarblue-collarblue-collarblue-collarblue-collarblue-collarblue-collarblue-collarblue-collarblue-collarblue-collarblue-collarblue-collarblue-collarblue-collarblue-collarblue-collarblue-collarblue-collarblue-collarblue-collarblue-collarblue-collarblue-collarblue-collarblue-collarblue-collarblue-collarblue-collarblue-collarblue-collarblue-collarblue-collarblue-collarblue-collarblue-collarblue-collarblue-collarblue-collarblue-collarblue-collarblue-collarblue-collarblue-collarblue-collarblue-collarblue-collarblue-collarblue-collarblue-collarblue-collarblue-collarblue-collarblue-collarblue-collarblue-collarblue-collarblue-collarblue-collarblue-collarblue-collarblue-collarblue-collarblue-collarblue-collarblue-collarblue-collarblue-collarblue-collarblue-collarblue-collarblue-collarblue-collarblue-collarblue-collarblue-collarblue-collarblue-collarblue-collarblue-collarblue-collarblue-collarblue-collarblue-collarblue-collarblue-collarblue-collarblue-collarblue-collarblue-collarblue-collarblue-collarblue-collarblue-collarblue-collarblue-collarblue-collarblue-collarblue-collarblue-collarblue-collarblue-collarblue-collarblue-collarblue-collarblue-collarblue-collarblue-collarblue-collarblue-collarblue-collarblue-collarblue-collarblue-collarblue-collarblue-collarblue-collarblue-collarblue-collarblue-collarblue-collarblue-collarblue-collarblue-collarblue-collarblue-collarblue-collarblue-collarblue-collarblue-collarblue-collarblue-collarblue-collarblue-collarblue-collarblue-collarblue-collarblue-collarblue-collarblue-collarblue-collarblue-collarblue-collarblue-collarblue-collarblue-collarblue-collarblue-collarblue-collarblue-collarblue-collarblue-collarblue-collarblue-collarblue-collarblue-collarblue-collarblue-collarblue-collarblue-collarblue-collarblue-collarblue-collarblue-collarblue-collarblue-collarblue-collarblue-collarblue-collarblue-collarblue-collarblue-collarblue-collarblue-collarblue-collarblue-collarblue-collarblue-collarblue-collarblue-collarblue-collarblue-collarblue-collarblue-collarblue-collarblue-collarblue-collarblue-collarblue-collarblue-collarblue-collarblue-collarblue-collarblue-collarblue-collarblue-collarblue-collarblue-collarblue-collarblue-collarblue-collarblue-collarblue-collarblue-collarblue-collarblue-collarblue-collarblue-collarblue-collarblue-collarblue-collarblue-collarblue-collarblue-collarblue-collarblue-collarblue-collarblue-collarblue-collarblue-collarblue-collarblue-collarblue-collarblue-collarblue-collarblue-collarblue-collarblue-collarblue-collarblue-collarblue-collarblue-collarblue-collarblue-collarblue-collarblue-collarblue-collarblue-collarblue-collarblue-collarblue-collarblue-collarblue-collarblue-collarblue-collarblue-collarblue-collarblue-collarblue-collarblue-collarblue-collarblue-collarblue-collarblue-collarblue-collarblue-collarblue-collarblue-collarblue-collarblue-collarblue-collarblue-collarblue-collarblue-collarblue-collarblue-collarblue-collarblue-collarblue-collarblue-collarblue-collarblue-collarblue-collarblue-collarblue-collarblue-collarblue-collarblue-collarblue-collarblue-collarblue-collarblue-collarblue-collarblue-collarblue-collarblue-collarblue-collarblue-collarblue-collarblue-collarblue-collarblue-collarblue-collarblue-collarblue-collarblue-collarblue-collarblue-collarblue-collarblue-collarblue-collarblue-collarblue-collarblue-collarblue-collarblue-collarblue-collarblue-collarblue-collarblue-collarblue-collarblue-collarblue-collarblue-collarblue-collarblue-collarblue-collarblue-collarblue-collarblue-collarblue-collarblue-collarblue-collarblue-collarblue-collarblue-collarblue-collarblue-collarblue-collarblue-collarblue-collarblue-collarblue-collarblue-collarblue-collarblue-collarblue-collarblue-collarblue-collarblue-collarblue-collarblue-collarblue-collarblue-collarblue-collarblue-collarblue-collarblue-collarblue-collarblue-collarblue-collarblue-collarblue-collarblue-collarblue-collarblue-collarblue-collarblue-collarblue-collarblue-collarblue-collarblue-collarblue-collarblue-collarblue-collarblue-collarblue-collarblue-collarblue-collarblue-collarblue-collarblue-collarblue-collarblue-collarblue-collarblue-collarblue-collarblue-collarblue-collarblue-collarblue-collarblue-collarblue-collarblue-collarblue-collarblue-collarblue-collarblue-collarblue-collarblue-collarblue-collarblue-collarblue-collarblue-collarblue-collarblue-collarblue-collarblue-collarblue-collarblue-collarblue-collarblue-collarblue-collarblue-collarblue-collarblue-collarblue-collarblue-collarblue-collarblue-collarblue-collarblue-collarblue-collarblue-collarblue-collarblue-collarblue-collarblue-collarblue-collarblue-collarblue-collarblue-collarblue-collarblue-collarblue-collarblue-collarblue-collarblue-collarblue-collarblue-collarblue-collarblue-collarblue-collarblue-collarblue-collarblue-collarblue-collarblue-collarblue-collarblue-collarblue-collarblue-collarblue-collarblue-collarblue-collarblue-collarblue-collarblue-collarblue-collarblue-collarblue-collarblue-collarblue-collarblue-collarblue-collarblue-collarblue-collarblue-collarblue-collarblue-collarblue-collarblue-collarblue-collarblue-collarblue-collarblue-collarblue-collarblue-collarblue-collarblue-collarblue-collarblue-collarblue-collarblue-collarblue-collarblue-collarblue-collarblue-collarblue-collarblue-collarblue-collarblue-collarblue-collarblue-collarblue-collarblue-collarblue-collarblue-collarblue-collarblue-collarblue-collarblue-collarblue-collarblue-collarblue-collarblue-collarblue-collarblue-collarblue-collarblue-collarblue-collarblue-collarblue-collarblue-collarblue-collarblue-collarblue-collarblue-collarblue-collarblue-collarblue-collarblue-collarblue-collarblue-collarblue-collarblue-collarblue-collarblue-collarblue-collarblue-collarblue-collarblue-collarblue-collarblue-collarblue-collarblue-collarblue-collarblue-collarblue-collarblue-collarblue-collarblue-collarblue-collarblue-collarblue-collarblue-collarblue-collarblue-collarblue-collarblue-collarblue-collarblue-collarblue-collarblue-collarblue-collarblue-collarblue-collarblue-collarblue-collarblue-collarblue-collarblue-collarblue-collarblue-collarblue-collarblue-collarblue-collarblue-collarblue-collarblue-collarblue-collarblue-collarblue-collarblue-collarblue-collarblue-collarblue-collarblue-collarblue-collarblue-collarblue-collarblue-collarblue-collarblue-collarblue-collarblue-collarblue-collarblue-collarblue-collarblue-collarblue-collarblue-collarblue-collarblue-collarblue-collarblue-collarblue-collarblue-collarblue-collarblue-collarblue-collarblue-collarblue-collarblue-collarblue-collarblue-collarblue-collarblue-collarblue-collarblue-collarblue-collarblue-collarblue-collarblue-collarblue-collarblue-collarblue-collarblue-collarblue-collarblue-collarblue-collarblue-collarblue-collarblue-collarblue-collarblue-collarblue-collarblue-collarblue-collarblue-collarblue-collarblue-collarblue-collarblue-collarblue-collarblue-collarblue-collarblue-collarblue-collarblue-collarblue-collarblue-collarblue-collarblue-collarblue-collarblue-collarblue-collarblue-collarblue-collarblue-collarblue-collarblue-collarblue-collarblue-collarblue-collarblue-collarblue-collarblue-collarblue-collarblue-collarblue-collarblue-collarblue-collarblue-collarblue-collarblue-collarblue-collarblue-collarblue-collarblue-collarblue-collarblue-collarblue-collarblue-collarblue-collarblue-collarblue-collarblue-collarblue-collarblue-collarblue-collarblue-collarblue-collarblue-collarblue-collarblue-collarblue-collarblue-collarblue-collarblue-collarblue-collarblue-collarblue-collarblue-collarblue-collarblue-collarblue-collarblue-collarblue-collarblue-collarblue-collarblue-collarblue-collarblue-collarblue-collarblue-collarblue-collarblue-collarblue-collarblue-collarblue-collarblue-collarblue-collarblue-collarblue-collarblue-collarblue-collarblue-collarblue-collarblue-collarblue-collarblue-collarblue-collarblue-collarblue-collarblue-collarblue-collarblue-collarblue-collarblue-collarblue-collarblue-collarblue-collarblue-collarblue-collarblue-collarblue-collarblue-collarblue-collarblue-collarblue-collarblue-collarblue-collarblue-collarblue-collarblue-collarblue-collarblue-collarblue-collarblue-collarblue-collarblue-collarblue-collarblue-collarblue-collarblue-collarblue-collarblue-collarblue-collarblue-collarblue-collarblue-collarblue-collarblue-collarblue-collarblue-collarblue-collarblue-collarblue-collarblue-collarblue-collarblue-collarblue-collarblue-collarblue-collarblue-collarblue-collarblue-collarblue-collarblue-collarblue-collarblue-collarblue-collarblue-collarblue-collarblue-collarblue-collarblue-collarblue-collarblue-collarblue-collarblue-collarblue-collarblue-collarblue-collarblue-collarblue-collarblue-collarblue-collarblue-collarblue-collarblue-collarblue-collarblue-collarblue-collarblue-collarblue-collarblue-collarblue-collarblue-collarblue-collarblue-collarblue-collarblue-collarblue-collarblue-collarblue-collarblue-collarblue-collarblue-collarblue-collarblue-collarblue-collarblue-collarblue-collarblue-collarblue-collarblue-collarblue-collarblue-collarblue-collarblue-collarblue-collarblue-collarblue-collarblue-collarblue-collarblue-collarblue-collarblue-collarblue-collarblue-collarblue-collarblue-collarblue-collarblue-collarblue-collarblue-collarblue-collarblue-collarblue-collarblue-collarblue-collarblue-collarblue-collarblue-collarblue-collarblue-collarblue-collarblue-collarblue-collarblue-collarblue-collarblue-collarblue-collarblue-collarblue-collarblue-collarblue-collarblue-collarblue-collarblue-collarblue-collarblue-collarblue-collarblue-collarblue-collarblue-collarblue-collarblue-collarblue-collarblue-collarblue-collarblue-collarblue-collarblue-collarblue-collarblue-collarblue-collarblue-collarblue-collarblue-collarblue-collarblue-collarblue-collarblue-collarblue-collarblue-collarblue-collarblue-collarblue-collarblue-collarblue-collarblue-collarblue-collarblue-collarblue-collarblue-collarblue-collarblue-collarblue-collarblue-collarblue-collarblue-collarblue-collarblue-collarblue-collarblue-collarblue-collarblue-collarblue-collarblue-collarblue-collarblue-collarblue-collarblue-collarblue-collarblue-collarblue-collarblue-collarblue-collarblue-collarblue-collarblue-collarblue-collarblue-collarblue-collarblue-collarblue-collarblue-collarblue-collarblue-collarblue-collarblue-collarblue-collarblue-collarblue-collarblue-collarblue-collarblue-collarblue-collarblue-collarblue-collarblue-collarblue-collarblue-collarblue-collarblue-collarblue-collarblue-collarblue-collarblue-collarblue-collarblue-collarblue-collarblue-collarblue-collarblue-collarblue-collarblue-collarblue-collarblue-collarblue-collarblue-collarblue-collarblue-collarblue-collarblue-collarblue-collarblue-collarblue-collarblue-collarblue-collarblue-collarblue-collarblue-collarblue-collarblue-collarblue-collarblue-collarblue-collarblue-collarblue-collarblue-collarblue-collarblue-collarblue-collarblue-collarblue-collarblue-collarblue-collarblue-collarblue-collarblue-collarblue-collarblue-collarblue-collarblue-collarblue-collarblue-collarblue-collarblue-collarblue-collarblue-collarblue-collarblue-collarblue-collarblue-collarblue-collarblue-collarblue-collarblue-collarblue-collarblue-collarblue-collarblue-collarblue-collarblue-collarblue-collarblue-collarblue-collarblue-collarblue-collarblue-collarblue-collarblue-collarblue-collarblue-collarblue-collarblue-collarblue-collarblue-collarblue-collarblue-collarblue-collarblue-collarblue-collarblue-collarblue-collarblue-collarblue-collarblue-collarblue-collarblue-collarblue-collarblue-collarblue-collarblue-collarblue-collarblue-collarblue-collarblue-collarblue-collarblue-collarblue-collarblue-collarblue-collarblue-collarblue-collarblue-collarblue-collarblue-collarblue-collarblue-collarblue-collarblue-collarblue-collarblue-collarblue-collarblue-collarblue-collarblue-collarblue-collarblue-collarblue-collarblue-collarblue-collarblue-collarblue-collarblue-collarblue-collarblue-collarblue-collarblue-collarblue-collarblue-collarblue-collarblue-collarblue-collarblue-collarblue-collarblue-collarblue-collarblue-collarblue-collarblue-collarblue-collarblue-collarblue-collarblue-collarblue-collarblue-collarblue-collarblue-collarblue-collarblue-collarblue-collarblue-collarblue-collarblue-collarblue-collarblue-collarblue-collarblue-collarblue-collarblue-collarblue-collarblue-collarblue-collarblue-collarblue-collarblue-collarblue-collarblue-collarblue-collarblue-collarblue-collarblue-collarblue-collarblue-collarblue-collarblue-collarblue-collarblue-collarblue-collarblue-collarblue-collarblue-collarblue-collarblue-collarblue-collarblue-collarblue-collarblue-collarblue-collarblue-collarblue-collarblue-collarblue-collarblue-collarblue-collarblue-collarblue-collarblue-collarblue-collarblue-collarblue-collarblue-collarblue-collarblue-collarblue-collarblue-collarblue-collarblue-collarblue-collarblue-collarblue-collarblue-collarblue-collarblue-collarblue-collarblue-collarblue-collarblue-collarblue-collarblue-collarblue-collarblue-collarblue-collarblue-collarblue-collarblue-collarblue-collarblue-collarblue-collarblue-collarblue-collarblue-collarblue-collarblue-collarblue-collarblue-collarblue-collarblue-collarblue-collarblue-collarblue-collarblue-collarblue-collarblue-collarblue-collarblue-collarblue-collarblue-collarblue-collarblue-collarblue-collarblue-collarblue-collarblue-collarblue-collarblue-collarblue-collarblue-collarblue-collarblue-collarblue-collarblue-collarblue-collarblue-collarblue-collarblue-collarblue-collarblue-collarblue-collarblue-collarblue-collarblue-collarblue-collarblue-collarblue-collarblue-collarblue-collarblue-collarblue-collarblue-collarblue-collarblue-collarblue-collarblue-collarblue-collarblue-collarblue-collarblue-collarblue-collarblue-collarblue-collarblue-collarblue-collarblue-collarblue-collarblue-collarblue-collarblue-collarblue-collarblue-collarblue-collarblue-collarblue-collarblue-collarblue-collarblue-collarblue-collarblue-collarblue-collarblue-collarblue-collarblue-collarblue-collarblue-collarblue-collarblue-collarblue-collarblue-collarblue-collarblue-collarblue-collarblue-collarblue-collarblue-collarblue-collarblue-collarblue-collarblue-collarblue-collarblue-collarblue-collarblue-collarblue-collarblue-collarblue-collarblue-collarblue-collarblue-collarblue-collarblue-collarblue-collarblue-collarblue-collarblue-collarblue-collarblue-collarblue-collarblue-collarblue-collarblue-collarblue-collarblue-collarblue-collarblue-collarblue-collarblue-collarblue-collarblue-collarblue-collarblue-collarblue-collarblue-collarblue-collarblue-collarblue-collarblue-collarblue-collarblue-collarblue-collarblue-collarblue-collarblue-collarblue-collarblue-collarblue-collarblue-collarblue-collarblue-collarblue-collarblue-collarblue-collarblue-collarblue-collarblue-collarblue-collarblue-collarblue-collarblue-collarblue-collarblue-collarblue-collarblue-collarblue-collarblue-collarblue-collarblue-collarblue-collarblue-collarblue-collarblue-collarblue-collarblue-collarblue-collarblue-collarblue-collarblue-collarblue-collarblue-collarblue-collarblue-collarblue-collarblue-collarblue-collarblue-collarblue-collarblue-collarblue-collarblue-collarblue-collarblue-collarblue-collarblue-collarblue-collarblue-collarblue-collarblue-collarblue-collarblue-collarblue-collarblue-collarblue-collarblue-collarblue-collarblue-collarblue-collarblue-collarblue-collarblue-collarblue-collarblue-collarblue-collarblue-collarblue-collarblue-collarblue-collarblue-collarblue-collarblue-collarblue-collarblue-collarblue-collarblue-collarblue-collarblue-collarblue-collarblue-collarblue-collarblue-collarblue-collarblue-collarblue-collarblue-collarblue-collarblue-collarblue-collarblue-collarblue-collarblue-collarblue-collarblue-collarblue-collarblue-collarblue-collarblue-collarblue-collarblue-collarblue-collarblue-collarblue-collarblue-collarblue-collarblue-collarblue-collarblue-collarblue-collarblue-collarblue-collarblue-collarblue-collarblue-collarblue-collarblue-collarblue-collarblue-collarblue-collarblue-collarblue-collarblue-collarblue-collarblue-collarblue-collarblue-collarblue-collarblue-collarblue-collarblue-collarblue-collarblue-collarblue-collarblue-collarblue-collarblue-collarblue-collarblue-collarblue-collarblue-collarblue-collarblue-collarblue-collarblue-collarblue-collarblue-collarblue-collarblue-collarblue-collarblue-collarblue-collarblue-collarblue-collarblue-collarblue-collarblue-collarblue-collarblue-collarblue-collarblue-collarblue-collarblue-collarblue-collarblue-collarblue-collarblue-collarblue-collarblue-collarblue-collarblue-collarblue-collarblue-collarblue-collarblue-collarblue-collarblue-collarblue-collarblue-collarblue-collarblue-collarblue-collarblue-collarblue-collarblue-collarblue-collarblue-collarblue-collarblue-collarblue-collarblue-collarblue-collarblue-collarblue-collarblue-collarblue-collarblue-collarblue-collarblue-collarblue-collarblue-collarblue-collarblue-collarblue-collarblue-collarblue-collarblue-collarblue-collarblue-collarblue-collarblue-collarblue-collarblue-collarblue-collarblue-collarblue-collarblue-collarblue-collarblue-collarblue-collarblue-collarblue-collarblue-collarblue-collarblue-collarblue-collarblue-collarblue-collarblue-collarblue-collarblue-collarblue-collarblue-collarblue-collarblue-collarblue-collarblue-collarblue-collarblue-collarblue-collarblue-collarblue-collarblue-collarblue-collarblue-collarblue-collarblue-collarblue-collarblue-collarblue-collarblue-collarblue-collarblue-collarblue-collarblue-collarblue-collarblue-collarblue-collarblue-collarblue-collarblue-collarblue-collarblue-collarblue-collarblue-collarblue-collarblue-collarblue-collarblue-collarblue-collarblue-collarblue-collarblue-collarblue-collarblue-collarblue-collarblue-collarblue-collarblue-collarblue-collarblue-collarblue-collarblue-collarblue-collarblue-collarblue-collarblue-collarblue-collarblue-collarblue-collarblue-collarblue-collarblue-collarblue-collarblue-collarblue-collarblue-collarblue-collarblue-collarblue-collarblue-collarblue-collarblue-collarblue-collarblue-collarblue-collarblue-collarblue-collarblue-collarblue-collarblue-collarblue-collarblue-collarblue-collarblue-collarblue-collarblue-collarblue-collarblue-collarblue-collarblue-collarblue-collarblue-collarblue-collarblue-collarblue-collarblue-collarblue-collarblue-collarblue-collarblue-collarblue-collarblue-collarblue-collarblue-collarblue-collarblue-collarblue-collarblue-collarblue-collarblue-collarblue-collarblue-collarblue-collarblue-collarblue-collarblue-collarblue-collarblue-collarblue-collarblue-collarblue-collarblue-collarblue-collarblue-collarblue-collarblue-collarblue-collarblue-collarblue-collarblue-collarblue-collarblue-collarblue-collarblue-collarblue-collarblue-collarblue-collarblue-collarblue-collarblue-collarblue-collarblue-collarblue-collarblue-collarblue-collarblue-collarblue-collarblue-collarblue-collarblue-collarblue-collarblue-collarblue-collarblue-collarblue-collarblue-collarblue-collarblue-collarblue-collarblue-collarblue-collarblue-collarblue-collarblue-collarblue-collarblue-collarblue-collarblue-collarblue-collarblue-collarblue-collarblue-collarblue-collarblue-collarblue-collarblue-collarblue-collarblue-collarblue-collarblue-collarblue-collarblue-collarblue-collarblue-collarblue-collarblue-collarblue-collarblue-collarblue-collarblue-collarblue-collarblue-collarblue-collarblue-collarblue-collarblue-collarblue-collarblue-collarblue-collarblue-collarblue-collarblue-collarblue-collarblue-collarblue-collarblue-collarblue-collarblue-collarblue-collarblue-collarblue-collarblue-collarblue-collarblue-collarblue-collarblue-collarblue-collarblue-collarblue-collarblue-collarblue-collarblue-collarblue-collarblue-collarblue-collarblue-collarblue-collarblue-collarblue-collarblue-collarblue-collarblue-collarblue-collarblue-collarblue-collarblue-collarblue-collarblue-collarblue-collarblue-collarblue-collarblue-collarblue-collarblue-collarblue-collarblue-collarblue-collarblue-collarblue-collarblue-collarblue-collarblue-collarblue-collarblue-collarblue-collarblue-collarblue-collarblue-collarblue-collarblue-collarblue-collarblue-collarblue-collarblue-collarblue-collarblue-collarblue-collarblue-collarblue-collarblue-collarblue-collarblue-collarblue-collarblue-collarblue-collarblue-collarblue-collarblue-collarblue-collarblue-collarblue-collarblue-collarblue-collarblue-collarblue-collarblue-collarblue-collarblue-collarblue-collarblue-collarblue-collarblue-collarblue-collarblue-collarblue-collarblue-collarblue-collarblue-collarblue-collarblue-collarblue-collarblue-collarblue-collarblue-collarblue-collarblue-collarblue-collarblue-collarblue-collarblue-collarblue-collarblue-collarblue-collarblue-collarblue-collarblue-collarblue-collarblue-collarblue-collarblue-collarblue-collarblue-collarblue-collarblue-collarblue-collarblue-collarblue-collarblue-collarblue-collarblue-collarblue-collarblue-collarblue-collarblue-collarblue-collarblue-collarblue-collarblue-collarblue-collarblue-collarblue-collarblue-collarblue-collarblue-collarblue-collarblue-collarblue-collarblue-collarblue-collarblue-collarblue-collarblue-collarblue-collarblue-collarblue-collarblue-collarblue-collarblue-collarblue-collarblue-collarblue-collarblue-collarblue-collarblue-collarblue-collarblue-collarblue-collarblue-collarblue-collarblue-collarblue-collarblue-collarblue-collarblue-collarblue-collarblue-collarblue-collarblue-collarblue-collarblue-collarblue-collarblue-collarblue-collarblue-collarblue-collarblue-collarblue-collarblue-collarblue-collarblue-collarblue-collarblue-collarblue-collarblue-collarblue-collarblue-collarblue-collarblue-collarblue-collarblue-collarblue-collarblue-collarblue-collarblue-collarblue-collarblue-collarblue-collarblue-collarblue-collarblue-collarblue-collarblue-collarblue-collarblue-collarblue-collarblue-collarblue-collarblue-collarblue-collarblue-collarblue-collarblue-collarblue-collarblue-collarblue-collarblue-collarblue-collarblue-collarblue-collarblue-collarblue-collarblue-collarblue-collarblue-collarblue-collarblue-collarblue-collarblue-collarblue-collarblue-collarblue-collarblue-collarblue-collarblue-collarblue-collarblue-collarblue-collarblue-collarblue-collarblue-collarblue-collarblue-collarblue-collarblue-collarblue-collarblue-collarblue-collarblue-collarblue-collarblue-collarblue-collarblue-collarblue-collarblue-collarblue-collarblue-collarblue-collarblue-collarblue-collarblue-collarblue-collarblue-collarblue-collarblue-collarblue-collarblue-collarblue-collarblue-collarblue-collarblue-collarblue-collarblue-collarblue-collarblue-collarblue-collarblue-collarblue-collarblue-collarblue-collarblue-collarblue-collarblue-collarblue-collarblue-collarblue-collarblue-collarblue-collarblue-collarblue-collarblue-collarblue-collarblue-collarblue-collarblue-collarblue-collarblue-collarblue-collarblue-collarblue-collarblue-collarblue-collarblue-collarblue-collarblue-collarblue-collarblue-collarblue-collarblue-collarblue-collarblue-collarblue-collarblue-collarblue-collarblue-collarblue-collarblue-collarblue-collarblue-collarblue-collarblue-collarblue-collarblue-collarblue-collarblue-collarblue-collarblue-collarblue-collarblue-collarblue-collarblue-collarblue-collarblue-collarblue-collarblue-collarblue-collarblue-collarblue-collarblue-collarblue-collarblue-collarblue-collarblue-collarblue-collarblue-collarblue-collarblue-collarblue-collarblue-collarblue-collarblue-collarblue-collarblue-collarblue-collarblue-collarblue-collarblue-collarblue-collarblue-collarblue-collarblue-collarblue-collarblue-collarblue-collarblue-collarblue-collarblue-collarblue-collarblue-collarblue-collarblue-collarblue-collarblue-collarblue-collarblue-collarblue-collarblue-collarblue-collarblue-collarblue-collarblue-collarblue-collarblue-collarblue-collarblue-collarblue-collarblue-collarblue-collarblue-collarblue-collarblue-collarblue-collarblue-collarblue-collarblue-collarblue-collarblue-collarblue-collarblue-collarblue-collarblue-collarblue-collarblue-collarblue-collarblue-collarblue-collarblue-collarblue-collarblue-collarblue-collarblue-collarblue-collarblue-collarblue-collarblue-collarblue-collarblue-collarblue-collarblue-collarblue-collarblue-collarblue-collarblue-collarblue-collarblue-collarblue-collarblue-collarblue-collarblue-collarblue-collarblue-collarblue-collarblue-collarblue-collarblue-collarblue-collarblue-collarblue-collarblue-collarblue-collarblue-collarblue-collarblue-collarblue-collarblue-collarblue-collarblue-collarblue-collarblue-collarblue-collarblue-collarblue-collarblue-collarblue-collarblue-collarblue-collarblue-collarblue-collarblue-collarblue-collarblue-collarblue-collarblue-collarblue-collarblue-collarblue-collarblue-collarblue-collarblue-collarblue-collarblue-collarblue-collarblue-collarblue-collarblue-collarblue-collarblue-collarblue-collarblue-collarblue-collarblue-collarblue-collarblue-collarblue-collarblue-collarblue-collarblue-collarblue-collarblue-collarblue-collarblue-collarblue-collarblue-collarblue-collarblue-collarblue-collarblue-collarblue-collarblue-collarblue-collarblue-collarblue-collarblue-collarblue-collarblue-collarblue-collarblue-collarblue-collarblue-collarblue-collarblue-collarblue-collarblue-collarblue-collarblue-collarblue-collarblue-collarblue-collarblue-collarblue-collarblue-collarblue-collarblue-collarblue-collarblue-collarblue-collarblue-collarblue-collarblue-collarblue-collarblue-collarblue-collarblue-collarblue-collarblue-collarblue-collarblue-collarblue-collarblue-collarblue-collarblue-collarblue-collarblue-collarblue-collarblue-collarblue-collarblue-collarblue-collarblue-collarblue-collarblue-collarblue-collarblue-collarblue-collarblue-collarblue-collarblue-collarblue-collarblue-collarblue-collarblue-collarblue-collarblue-collarblue-collarblue-collarblue-collarblue-collarblue-collarblue-collarblue-collarblue-collarblue-collarblue-collarblue-collarblue-collarblue-collarblue-collarblue-collarblue-collarblue-collarblue-collarblue-collarblue-collarblue-collarblue-collarblue-collarblue-collarblue-collarblue-collarblue-collarblue-collarblue-collarblue-collarblue-collarblue-collarblue-collarblue-collarblue-collarblue-collarblue-collarblue-collarblue-collarblue-collarblue-collarblue-collarblue-collarblue-collarblue-collarblue-collarblue-collarblue-collarblue-collarblue-collarblue-collarblue-collarblue-collarblue-collarblue-collarblue-collarblue-collarblue-collarblue-collarblue-collarblue-collarblue-collarblue-collarblue-collarblue-collarblue-collarblue-collarblue-collarblue-collarblue-collarblue-collarblue-collarblue-collarblue-collarblue-collarblue-collarblue-collarblue-collarblue-collarblue-collarblue-collarblue-collarblue-collarblue-collarblue-collarblue-collarblue-collarblue-collarblue-collarblue-collarblue-collarblue-collarblue-collarblue-collarblue-collarblue-collarblue-collarblue-collarblue-collarblue-collarblue-collarblue-collarblue-collarblue-collarblue-collarblue-collarblue-collarblue-collarblue-collarblue-collarblue-collarblue-collarblue-collarblue-collarblue-collarblue-collarblue-collarblue-collarblue-collarblue-collarblue-collarblue-collarblue-collarblue-collarblue-collarblue-collarblue-collarblue-collarblue-collarblue-collarblue-collarblue-collarblue-collarblue-collarblue-collarblue-collarblue-collarblue-collarblue-collarblue-collarblue-collarblue-collarblue-collarblue-collarblue-collarblue-collarblue-collarblue-collarblue-collarblue-collarblue-collarblue-collarblue-collarblue-collarblue-collarblue-collarblue-collarblue-collarblue-collarblue-collarblue-collarblue-collarblue-collarblue-collarblue-collarblue-collarblue-collarblue-collarblue-collarblue-collarblue-collarblue-collarblue-collarblue-collarblue-collarblue-collarblue-collarblue-collarblue-collarblue-collarblue-collarblue-collarblue-collarblue-collarblue-collarblue-collarblue-collarblue-collarblue-collarblue-collarblue-collarblue-collarblue-collarblue-collarblue-collarblue-collarblue-collarblue-collarblue-collarblue-collarblue-collarblue-collarblue-collarblue-collarblue-collarblue-collarblue-collarblue-collarblue-collarblue-collarblue-collarblue-collarblue-collarblue-collarblue-collarblue-collarblue-collarblue-collarblue-collarblue-collarblue-collarblue-collarblue-collarblue-collarblue-collarblue-collarblue-collarblue-collarblue-collarblue-collarblue-collarblue-collarblue-collarblue-collarblue-collarblue-collarblue-collarblue-collarblue-collarblue-collarblue-collarblue-collarblue-collarblue-collarblue-collarblue-collarblue-collarblue-collarblue-collarblue-collarblue-collarblue-collarblue-collarblue-collarblue-collarblue-collarblue-collarblue-collarblue-collarblue-collarblue-collarblue-collarblue-collarblue-collarblue-collarblue-collarblue-collarblue-collarblue-collarblue-collarblue-collarblue-collarblue-collarblue-collarblue-collarblue-collarblue-collarblue-collarblue-collarblue-collarblue-collarblue-collarblue-collarblue-collarblue-collarblue-collarblue-collarblue-collarblue-collarblue-collarblue-collarblue-collarblue-collarblue-collarblue-collarblue-collarblue-collarblue-collarblue-collarblue-collarblue-collarblue-collarblue-collarblue-collarblue-collarblue-collarblue-collarblue-collarblue-collarblue-collarblue-collarblue-collarblue-collarblue-collarblue-collarblue-collarblue-collarblue-collarblue-collarblue-collarblue-collarblue-collarblue-collarblue-collarblue-collarblue-collarblue-collarblue-collarblue-collarblue-collarblue-collarblue-collarblue-collarblue-collarblue-collarblue-collarblue-collarblue-collarblue-collarblue-collarblue-collarblue-collarblue-collarblue-collarblue-collarblue-collarblue-collarblue-collarblue-collarblue-collarblue-collarblue-collarblue-collarblue-collarblue-collarblue-collarblue-collarblue-collarblue-collarblue-collarblue-collarblue-collarblue-collarblue-collarblue-collarblue-collarblue-collarblue-collarblue-collarblue-collarblue-collarblue-collarblue-collarblue-collarblue-collarblue-collarblue-collarblue-collarblue-collarblue-collarblue-collarblue-collarblue-collarblue-collarblue-collarblue-collarblue-collarblue-collarblue-collarblue-collarblue-collarblue-collarblue-collarblue-collarblue-collarblue-collarblue-collarblue-collarblue-collarblue-collarblue-collarblue-collarblue-collarblue-collarblue-collarblue-collarblue-collarblue-collarblue-collarblue-collarblue-collarblue-collarblue-collarblue-collarblue-collarblue-collarblue-collarblue-collarblue-collarblue-collarblue-collarblue-collarblue-collarblue-collarblue-collarblue-collarblue-collarblue-collarblue-collarblue-collarblue-collarblue-collarblue-collarblue-collarblue-collarblue-collarblue-collarblue-collarblue-collarblue-collarblue-collarblue-collarblue-collarblue-collarblue-collarblue-collarblue-collarblue-collarblue-collarblue-collarblue-collarblue-collarblue-collarblue-collarblue-collarblue-collarblue-collarblue-collarblue-collarblue-collarblue-collarblue-collarblue-collarblue-collarblue-collarblue-collarblue-collarblue-collarblue-collarblue-collarblue-collarblue-collarblue-collarblue-collarblue-collarblue-collarblue-collarblue-collarblue-collarblue-collarblue-collarblue-collarblue-collarblue-collarblue-collarblue-collarblue-collarblue-collarblue-collarblue-collarblue-collarblue-collarblue-collarblue-collarblue-collarblue-collarblue-collarblue-collarblue-collarblue-collarblue-collarblue-collarblue-collarblue-collarblue-collarblue-collarblue-collarblue-collarblue-collarblue-collarblue-collarblue-collarblue-collarblue-collarblue-collarblue-collarblue-collarblue-collarblue-collarblue-collarblue-collarblue-collarblue-collarblue-collarblue-collarblue-collarblue-collarblue-collarblue-collarblue-collarblue-collarblue-collarblue-collarblue-collarblue-collarblue-collarblue-collarblue-collarblue-collarblue-collarblue-collarblue-collarblue-collarblue-collarblue-collarblue-collarblue-collarblue-collarblue-collarblue-collarblue-collarblue-collarblue-collarblue-collarblue-collarblue-collarblue-collarblue-collarblue-collarblue-collarblue-collarblue-collarblue-collarblue-collarblue-collarblue-collarblue-collarblue-collarblue-collarblue-collarblue-collarblue-collarblue-collarblue-collarblue-collarblue-collarblue-collarblue-collarblue-collarblue-collarblue-collarblue-collarblue-collarblue-collarblue-collarblue-collarblue-collarblue-collarblue-collarblue-collarblue-collarblue-collarblue-collarblue-collarblue-collarblue-collarblue-collarblue-collarblue-collarblue-collarblue-collarblue-collarblue-collarblue-collarblue-collarblue-collarblue-collarblue-collarblue-collarblue-collarblue-collarblue-collarblue-collarblue-collarblue-collarblue-collarblue-collarblue-collarblue-collarblue-collarblue-collarblue-collarblue-collarblue-collarblue-collarblue-collarblue-collarblue-collarblue-collarblue-collarblue-collarblue-collarblue-collarblue-collarblue-collarblue-collarblue-collarblue-collarblue-collarblue-collarblue-collarblue-collarblue-collarblue-collarblue-collarblue-collarblue-collarblue-collarblue-collarblue-collarblue-collarblue-collarblue-collarblue-collarblue-collarblue-collarblue-collarblue-collarblue-collarblue-collarblue-collarblue-collarblue-collarblue-collarblue-collarblue-collarblue-collarblue-collarblue-collarblue-collarblue-collarblue-collarblue-collarblue-collarblue-collarblue-collarblue-collarblue-collarblue-collarblue-collarblue-collarblue-collarblue-collarblue-collarblue-collarblue-collarblue-collarblue-collarblue-collarblue-collarblue-collarblue-collarblue-collarblue-collarblue-collarblue-collarblue-collarblue-collarblue-collarblue-collarblue-collarblue-collarblue-collarblue-collarblue-collarblue-collarblue-collarblue-collarblue-collarblue-collarblue-collarblue-collarblue-collarblue-collarblue-collarblue-collarblue-collarblue-collarblue-collarblue-collarblue-collarblue-collarblue-collarblue-collarblue-collarblue-collarblue-collarblue-collarblue-collarblue-collarblue-collarblue-collarblue-collarblue-collarblue-collarblue-collarblue-collarblue-collarblue-collarblue-collarblue-collarblue-collarblue-collarblue-collarblue-collarblue-collarblue-collarblue-collarblue-collarblue-collarblue-collarblue-collarblue-collarblue-collarblue-collarblue-collarblue-collarblue-collarblue-collarblue-collarblue-collarblue-collarblue-collarblue-collarblue-collarblue-collarblue-collarblue-collarblue-collarblue-collarblue-collarblue-collarblue-collarblue-collarblue-collarblue-collarblue-collarblue-collarblue-collarblue-collarblue-collarblue-collarblue-collarblue-collarblue-collarblue-collarblue-collarblue-collarblue-collarblue-collarblue-collarblue-collarblue-collarblue-collarblue-collarblue-collarblue-collarblue-collarblue-collarblue-collarblue-collarblue-collarblue-collarblue-collarblue-collarblue-collarblue-collarblue-collarblue-collarblue-collarblue-collarblue-collarblue-collarblue-collarblue-collarblue-collarblue-collarblue-collarblue-collarblue-collarblue-collarblue-collarblue-collarblue-collarblue-collarblue-collarblue-collarblue-collarblue-collarblue-collarblue-collarblue-collarblue-collarblue-collarblue-collarblue-collarblue-collarblue-collarblue-collarblue-collarblue-collarblue-collarblue-collarblue-collarblue-collarblue-collarblue-collarblue-collarblue-collarblue-collarblue-collarblue-collarblue-collarblue-collarblue-collarblue-collarblue-collarblue-collarblue-collarblue-collarblue-collarblue-collarblue-collarblue-collarblue-collarblue-collarblue-collarblue-collarblue-collarblue-collarblue-collarblue-collarblue-collarblue-collarblue-collarblue-collarblue-collarblue-collarblue-collarblue-collarblue-collarblue-collarblue-collarblue-collarblue-collarblue-collarblue-collarblue-collarblue-collarblue-collarblue-collarblue-collarblue-collarblue-collarblue-collarblue-collarblue-collarblue-collarblue-collarblue-collarblue-collarblue-collarblue-collarblue-collarblue-collarblue-collarblue-collarblue-collarblue-collarblue-collarblue-collarblue-collarblue-collarblue-collarblue-collarblue-collarblue-collarblue-collarblue-collarblue-collarblue-collarblue-collarblue-collarblue-collarblue-collarblue-collarblue-collarblue-collarblue-collarblue-collarblue-collarblue-collarblue-collarblue-collarblue-collarblue-collarblue-collarblue-collarblue-collarblue-collarblue-collarblue-collarblue-collarblue-collarblue-collarblue-collarblue-collarblue-collarblue-collarblue-collarblue-collarblue-collarblue-collarblue-collarblue-collarblue-collarblue-collarblue-collarblue-collarblue-collarblue-collarblue-collarblue-collarblue-collarblue-collarblue-collarblue-collarblue-collarblue-collarblue-collarblue-collarblue-collarblue-collarblue-collarblue-collarblue-collarblue-collarblue-collarblue-collarblue-collarblue-collarblue-collarblue-collarblue-collarblue-collarblue-collarblue-collarblue-collarblue-collarblue-collarblue-collarblue-collarblue-collarblue-collarblue-collarblue-collarblue-collarblue-collarblue-collarblue-collarblue-collarblue-collarblue-collarblue-collarblue-collarblue-collarblue-collarblue-collarblue-collarblue-collarblue-collarblue-collarblue-collarblue-collarblue-collarblue-collarblue-collarblue-collarblue-collarblue-collarblue-collarblue-collarblue-collarblue-collarblue-collarblue-collarblue-collarblue-collarblue-collarblue-collarblue-collarblue-collarblue-collarblue-collarblue-collarblue-collarblue-collarblue-collarblue-collarblue-collarblue-collarblue-collarblue-collarblue-collarblue-collarblue-collarblue-collarblue-collarblue-collarblue-collarblue-collarblue-collarblue-collarblue-collarblue-collarblue-collarblue-collarblue-collarblue-collarblue-collarblue-collarblue-collarblue-collarblue-collarblue-collarblue-collarblue-collarblue-collarblue-collarblue-collarblue-collarblue-collarblue-collarblue-collarblue-collarblue-collarblue-collarblue-collarblue-collarblue-collarblue-collarblue-collarblue-collarblue-collarblue-collarblue-collarblue-collarblue-collarblue-collarblue-collarblue-collarblue-collarblue-collarblue-collarblue-collarblue-collarblue-collarblue-collarblue-collarblue-collarblue-collarblue-collarblue-collarblue-collarblue-collarblue-collarblue-collarblue-collarblue-collarblue-collarblue-collarblue-collarblue-collarblue-collarblue-collarblue-collarblue-collarblue-collarblue-collarblue-collarblue-collarblue-collarblue-collarblue-collarblue-collarblue-collarblue-collarblue-collarblue-collarblue-collarblue-collarblue-collarblue-collarblue-collarblue-collarblue-collarblue-collarblue-collarblue-collarblue-collarblue-collarblue-collarblue-collarblue-collarblue-collarblue-collarblue-collarblue-collarblue-collarblue-collarblue-collarblue-collarblue-collarblue-collarblue-collarblue-collarblue-collarblue-collarblue-collarblue-collarblue-collarblue-collarblue-collarblue-collarblue-collarblue-collarblue-collarblue-collarblue-collarblue-collarblue-collarblue-collarblue-collarblue-collarblue-collarblue-collarblue-collarblue-collarblue-collarblue-collarblue-collarblue-collarblue-collarblue-collarblue-collarblue-collarblue-collarblue-collarblue-collarblue-collarblue-collarblue-collarblue-collarblue-collarblue-collarblue-collarblue-collarblue-collarblue-collarblue-collarblue-collarblue-collarblue-collarblue-collarblue-collarblue-collarblue-collarblue-collarblue-collarblue-collarblue-collarblue-collarblue-collarblue-collarblue-collarblue-collarblue-collarblue-collarblue-collarblue-collarblue-collarblue-collarblue-collarblue-collarblue-collarblue-collarblue-collarblue-collarblue-collarblue-collarblue-collarblue-collarblue-collarblue-collarblue-collarblue-collarblue-collarblue-collarblue-collarblue-collarblue-collarblue-collarblue-collarblue-collarblue-collarblue-collarblue-collarblue-collarblue-collarblue-collarblue-collarblue-collarblue-collarblue-collarblue-collarblue-collarblue-collarblue-collarblue-collarblue-collarblue-collarblue-collarblue-collarblue-collarblue-collarblue-collarblue-collarblue-collarblue-collarblue-collarblue-collarblue-collarblue-collarblue-collarblue-collarblue-collarblue-collarblue-collarblue-collarblue-collarblue-collarblue-collarblue-collarblue-collarblue-collarblue-collarblue-collarblue-collarblue-collarblue-collarblue-collarblue-collarblue-collarblue-collarblue-collarblue-collarblue-collarblue-collarblue-collarblue-collarblue-collarblue-collarblue-collarblue-collarblue-collarblue-collarblue-collarblue-collarblue-collarblue-collarblue-collarblue-collarblue-collarblue-collarblue-collarblue-collarblue-collarblue-collarblue-collarblue-collarblue-collarblue-collarblue-collarblue-collarblue-collarblue-collarblue-collarblue-collarblue-collarblue-collarblue-collarblue-collarblue-collarblue-collarblue-collarblue-collarblue-collarblue-collarblue-collarblue-collarblue-collarblue-collarblue-collarblue-collarblue-collarblue-collarblue-collarblue-collarblue-collarblue-collarblue-collarblue-collarblue-collarblue-collarblue-collarblue-collarblue-collarblue-collarblue-collarblue-collarblue-collarblue-collarblue-collarblue-collarblue-collarblue-collarblue-collarblue-collarblue-collarblue-collarblue-collarblue-collarblue-collarblue-collarblue-collarblue-collarblue-collarblue-collarblue-collarblue-collarblue-collarblue-collarblue-collarblue-collarblue-collarblue-collarblue-collarblue-collarblue-collarblue-collarblue-collarblue-collarblue-collarblue-collarblue-collarblue-collarblue-collarblue-collarblue-collarblue-collarblue-collarblue-collarblue-collarblue-collarblue-collarblue-collarblue-collarblue-collarblue-collarblue-collarblue-collarblue-collarblue-collarblue-collarblue-collarblue-collarblue-collarblue-collarblue-collarblue-collarblue-collarblue-collarblue-collarblue-collarblue-collarblue-collarblue-collarblue-collarblue-collarblue-collarblue-collarblue-collarblue-collarblue-collarblue-collarblue-collarblue-collarblue-collarblue-collarblue-collarblue-collarblue-collarblue-collarblue-collarblue-collarblue-collarblue-collarblue-collarblue-collarblue-collarblue-collarblue-collarblue-collarblue-collarblue-collarblue-collarblue-collarblue-collarblue-collarblue-collarblue-collarblue-collarblue-collarblue-collarblue-collarblue-collarblue-collarblue-collarblue-collarblue-collarblue-collarblue-collarblue-collarblue-collarblue-collarblue-collarblue-collarblue-collarblue-collarblue-collarblue-collarblue-collarblue-collarblue-collarblue-collarblue-collarblue-collarblue-collarblue-collarblue-collarblue-collarblue-collarblue-collarblue-collarblue-collarblue-collarblue-collarblue-collarblue-collarblue-collarblue-collarblue-collarblue-collarblue-collarblue-collarblue-collarblue-collarblue-collarblue-collarblue-collarblue-collarblue-collarblue-collarblue-collarblue-collarblue-collarblue-collarblue-collarblue-collarblue-collarblue-collarblue-collarblue-collarblue-collarblue-collarblue-collarblue-collarblue-collarblue-collarblue-collarblue-collarblue-collarblue-collarblue-collarblue-collarblue-collarblue-collarblue-collarblue-collarblue-collarblue-collarblue-collarblue-collarblue-collarblue-collarblue-collarblue-collarblue-collarblue-collarblue-collarblue-collarblue-collarblue-collarblue-collarblue-collarblue-collarblue-collarblue-collarblue-collarblue-collarblue-collarblue-collarblue-collarblue-collarblue-collarblue-collarblue-collarblue-collarblue-collarblue-collarblue-collarblue-collarblue-collarblue-collarblue-collarblue-collarblue-collarblue-collarblue-collarblue-collarblue-collarblue-collarblue-collarblue-collarblue-collarblue-collarblue-collarblue-collarblue-collarblue-collarblue-collarblue-collarblue-collarblue-collarblue-collarblue-collarblue-collarblue-collarblue-collarblue-collarblue-collarblue-collarblue-collarblue-collarblue-collarblue-collarblue-collarblue-collarblue-collarblue-collarblue-collarblue-collarblue-collarblue-collarblue-collarblue-collarblue-collarblue-collarblue-collarblue-collarblue-collarblue-collarblue-collarblue-collarblue-collarblue-collarblue-collarblue-collarblue-collarblue-collarblue-collarblue-collarblue-collarblue-collarblue-collarblue-collarblue-collarblue-collarblue-collarblue-collarblue-collarblue-collarblue-collarblue-collarblue-collarblue-collarblue-collarblue-collarblue-collarblue-collarblue-collarblue-collarblue-collarblue-collarblue-collarblue-collarblue-collarblue-collarblue-collarblue-collarblue-collarblue-collarblue-collarblue-collarblue-collarblue-collarblue-collarblue-collarblue-collarblue-collarblue-collarblue-collarblue-collarblue-collarblue-collarblue-collarblue-collarblue-collarblue-collarblue-collarblue-collarblue-collarblue-collarblue-collarblue-collarblue-collarblue-collarblue-collarblue-collarblue-collarblue-collarblue-collarblue-collarblue-collarblue-collarblue-collarblue-collarblue-collarblue-collarblue-collarblue-collarblue-collarblue-collarblue-collarblue-collarblue-collarblue-collarblue-collarblue-collarblue-collarblue-collarblue-collarblue-collarblue-collarblue-collarblue-collarblue-collarblue-collarblue-collarblue-collarblue-collarblue-collarblue-collarblue-collarblue-collarblue-collarblue-collarblue-collarblue-collarblue-collarblue-collarblue-collarblue-collarblue-collarblue-collarblue-collarblue-collarblue-collarblue-collarblue-collarblue-collarblue-collarblue-collarblue-collarblue-collarblue-collarblue-collarblue-collarblue-collarblue-collarblue-collarblue-collarblue-collarblue-collarblue-collarblue-collarblue-collarblue-collarblue-collarblue-collarblue-collarblue-collarblue-collarblue-collarblue-collarblue-collarblue-collarblue-collarblue-collarblue-collarblue-collarblue-collarblue-collarblue-collarblue-collarblue-collarblue-collarblue-collarblue-collarblue-collarblue-collarblue-collarblue-collarblue-collarblue-collarblue-collarblue-collarblue-collarblue-collarblue-collarblue-collarblue-collarblue-collarblue-collarblue-collarblue-collarblue-collarblue-collarblue-collarblue-collarblue-collarblue-collarblue-collarblue-collarblue-collarblue-collarblue-collarblue-collarblue-collarblue-collarblue-collarblue-collarblue-collarblue-collarblue-collarblue-collarblue-collarblue-collarblue-collarblue-collarblue-collarblue-collarblue-collarblue-collarblue-collarblue-collarblue-collarblue-collarblue-collarblue-collarblue-collarblue-collarblue-collarblue-collarblue-collarblue-collarblue-collarblue-collarblue-collarblue-collarblue-collarblue-collarblue-collarblue-collarblue-collarblue-collarblue-collarblue-collarblue-collarblue-collarblue-collarblue-collarblue-collarblue-collarblue-collarblue-collarblue-collarblue-collarblue-collarblue-collarblue-collarblue-collarblue-collarblue-collarblue-collarblue-collarblue-collarblue-collarblue-collarblue-collarblue-collarblue-collarblue-collarblue-collarblue-collarblue-collarblue-collarblue-collarblue-collarblue-collarblue-collarblue-collarblue-collarblue-collarblue-collarblue-collarblue-collarblue-collarblue-collarblue-collarblue-collarblue-collarblue-collarblue-collarblue-collarblue-collarblue-collarblue-collarblue-collarblue-collarblue-collarblue-collarblue-collarblue-collarblue-collarblue-collarblue-collarblue-collarblue-collarblue-collarblue-collarblue-collarblue-collarblue-collarblue-collarblue-collarblue-collarblue-collarblue-collarblue-collarblue-collarblue-collarblue-collarblue-collarblue-collarblue-collarblue-collarblue-collarblue-collarblue-collarblue-collarblue-collarblue-collarblue-collarblue-collarblue-collarblue-collarblue-collarblue-collarblue-collarblue-collarblue-collarblue-collarblue-collarblue-collarblue-collarblue-collarblue-collarblue-collarblue-collarblue-collarblue-collarblue-collarblue-collarblue-collarblue-collarblue-collarblue-collarblue-collarblue-collarblue-collarblue-collarblue-collarblue-collarblue-collarblue-collarblue-collarblue-collarblue-collarblue-collarblue-collarblue-collarblue-collarblue-collarblue-collarblue-collarblue-collarblue-collarblue-collarblue-collarblue-collarblue-collarblue-collarblue-collarblue-collarblue-collarblue-collarblue-collarblue-collarblue-collarblue-collarblue-collarblue-collarblue-collarblue-collarblue-collarblue-collarblue-collarblue-collarblue-collarblue-collarblue-collarblue-collarblue-collarblue-collarblue-collarblue-collarblue-collarblue-collarblue-collarblue-collarblue-collarblue-collarblue-collarblue-collarblue-collarblue-collarblue-collarblue-collarblue-collarblue-collarblue-collarblue-collarblue-collarblue-collarblue-collarblue-collarblue-collarblue-collarblue-collarblue-collarblue-collarblue-collarblue-collarblue-collarblue-collarblue-collarblue-collarblue-collarblue-collarblue-collarblue-collarblue-collarblue-collarblue-collarblue-collarblue-collarblue-collarblue-collarblue-collarblue-collarblue-collarblue-collarblue-collarblue-collarblue-collarblue-collarblue-collarblue-collarblue-collarblue-collarblue-collarblue-collarblue-collarblue-collarblue-collarblue-collarblue-collarblue-collarblue-collarblue-collarblue-collarblue-collarblue-collarblue-collarblue-collarblue-collarblue-collarblue-collarblue-collarblue-collarblue-collarblue-collarblue-collarblue-collarblue-collarblue-collarblue-collarblue-collarblue-collarblue-collarblue-collarblue-collarblue-collarblue-collarblue-collarblue-collarblue-collarblue-collarblue-collarblue-collarblue-collarblue-collarblue-collarblue-collarblue-collarblue-collarblue-collarblue-collarblue-collarblue-collarblue-collarblue-collarblue-collarblue-collarblue-collarblue-collarblue-collarblue-collarblue-collarblue-collarblue-collarblue-collarblue-collarblue-collarblue-collarblue-collarblue-collarblue-collarblue-collarblue-collarblue-collarblue-collarblue-collarblue-collarblue-collarblue-collarblue-collarblue-collarblue-collarblue-collarblue-collarblue-collarblue-collarblue-collarblue-collarblue-collarblue-collarblue-collarblue-collarblue-collarblue-collarblue-collarblue-collarblue-collarblue-collarblue-collarblue-collarblue-collarblue-collarblue-collarblue-collarblue-collarblue-collarblue-collarblue-collarblue-collarblue-collarblue-collarblue-collarblue-collarblue-collarblue-collarblue-collarblue-collarblue-collarblue-collarblue-collarblue-collarblue-collarblue-collarblue-collarblue-collarblue-collarblue-collarblue-collarblue-collarblue-collarblue-collarblue-collarblue-collarblue-collarblue-collarblue-collarblue-collarblue-collarblue-collarblue-collarblue-collarblue-collarblue-collarblue-collarblue-collarblue-collarblue-collarblue-collarblue-collarblue-collarblue-collarblue-collarblue-collarblue-collarblue-collarblue-collarblue-collarblue-collarblue-collarblue-collarblue-collarblue-collarblue-collarblue-collarblue-collarblue-collarblue-collarblue-collarblue-collarblue-collarblue-collarblue-collarblue-collarblue-collarblue-collarblue-collarblue-collarblue-collarblue-collarblue-collarblue-collarblue-collarblue-collarblue-collarblue-collarblue-collarblue-collarblue-collarblue-collarblue-collarblue-collarblue-collarblue-collarblue-collarblue-collarblue-collarblue-collarblue-collarblue-collarblue-collarblue-collarblue-collarblue-collarblue-collarblue-collarblue-collarblue-collarblue-collarblue-collarblue-collarblue-collarblue-collarblue-collarblue-collarblue-collarblue-collarblue-collarblue-collarblue-collarblue-collarblue-collarblue-collarblue-collarblue-collarblue-collarblue-collarblue-collarblue-collarblue-collarblue-collarblue-collarblue-collarblue-collarblue-collarblue-collarblue-collarblue-collarblue-collarblue-collarblue-collarblue-collarblue-collarblue-collarblue-collarblue-collarblue-collarblue-collarblue-collarblue-collarblue-collarblue-collarblue-collarblue-collarblue-collarblue-collarblue-collarblue-collarblue-collarblue-collarblue-collarblue-collarblue-collarblue-collarblue-collarblue-collarblue-collarblue-collarblue-collarblue-collarblue-collarblue-collarblue-collarblue-collarblue-collarblue-collarblue-collarblue-collarblue-collarblue-collarblue-collarblue-collarblue-collarblue-collarblue-collarblue-collarblue-collarblue-collarblue-collarblue-collarblue-collarblue-collarblue-collarblue-collarblue-collarblue-collarblue-collarblue-collarblue-collarblue-collarblue-collarblue-collarblue-collarblue-collarblue-collarblue-collarblue-collarblue-collarblue-collarblue-collarblue-collarblue-collarblue-collarblue-collarblue-collarblue-collarblue-collarblue-collarblue-collarblue-collarblue-collarblue-collarblue-collarblue-collarblue-collarblue-collarblue-collarblue-collarblue-collarblue-collarblue-collarblue-collarblue-collarblue-collarblue-collarblue-collarblue-collarblue-collarblue-collarblue-collarblue-collarblue-collarblue-collarblue-collarblue-collarblue-collarblue-collarblue-collarblue-collarblue-collarblue-collarblue-collarblue-collarblue-collarblue-collarblue-collarblue-collarblue-collarblue-collarblue-collarblue-collarblue-collarblue-collarblue-collarblue-collarblue-collarblue-collarblue-collarblue-collarblue-collarblue-collarblue-collarblue-collarblue-collarblue-collarblue-collarblue-collarblue-collarblue-collarblue-collarblue-collarblue-collarblue-collarblue-collarblue-collarblue-collarblue-collarblue-collarblue-collarblue-collarblue-collarblue-collarblue-collarblue-collarblue-collarblue-collarblue-collarblue-collarblue-collarblue-collarblue-collarblue-collarblue-collarblue-collarblue-collarblue-collarblue-collarblue-collarblue-collarblue-collarblue-collarblue-collarblue-collarblue-collarblue-collarblue-collarblue-collarblue-collarblue-collarblue-collarblue-collarblue-collarblue-collarblue-collarblue-collarblue-collarblue-collarblue-collarblue-collarblue-collarblue-collarblue-collarblue-collarblue-collarblue-collarblue-collarblue-collarblue-collarblue-collarblue-collarblue-collarblue-collarblue-collarblue-collarblue-collarblue-collarblue-collarblue-collarblue-collarblue-collarblue-collarblue-collarblue-collarblue-collarblue-collarblue-collarblue-collarblue-collarblue-collarblue-collarblue-collarblue-collarblue-collarblue-collarblue-collarblue-collarblue-collarblue-collarblue-collarblue-collarblue-collarblue-collarblue-collarblue-collarblue-collarblue-collarblue-collarblue-collarblue-collarblue-collarblue-collarblue-collarblue-collarblue-collarblue-collarblue-collarblue-collarblue-collarblue-collarblue-collarblue-collarblue-collarblue-collarblue-collarblue-collarblue-collarblue-collarblue-collarblue-collarblue-collarblue-collarblue-collarblue-collarblue-collarblue-collarblue-collarblue-collarblue-collarblue-collarblue-collarblue-collarblue-collarblue-collarblue-collarblue-collarblue-collarblue-collarblue-collarblue-collarblue-collarblue-collarblue-collarblue-collarblue-collarblue-collarblue-collarblue-collarblue-collarblue-collarblue-collarblue-collarblue-collarblue-collarblue-collarblue-collarblue-collarblue-collarblue-collarblue-collarblue-collarblue-collarblue-collarblue-collarblue-collarblue-collarblue-collarblue-collarblue-collarblue-collarblue-collarblue-collarblue-collarblue-collarblue-collarblue-collarblue-collarblue-collarblue-collarblue-collarblue-collarblue-collarblue-collarblue-collarblue-collarblue-collarblue-collarblue-collarblue-collarblue-collarblue-collarblue-collarblue-collarblue-collarblue-collarblue-collarblue-collarblue-collarblue-collarblue-collarblue-collarblue-collarblue-collarblue-collarblue-collarblue-collarblue-collarblue-collarblue-collarblue-collarblue-collarblue-collarblue-collarblue-collarblue-collarblue-collarblue-collarblue-collarblue-collarblue-collarblue-collarblue-collarblue-collarblue-collarblue-collarblue-collarblue-collarblue-collarblue-collarblue-collarblue-collarblue-collarblue-collarblue-collarblue-collarblue-collarblue-collarblue-collarblue-collarblue-collarblue-collarblue-collarblue-collarblue-collarblue-collarblue-collarblue-collarblue-collarblue-collarblue-collarblue-collarblue-collarblue-collarblue-collarblue-collarblue-collarblue-collarblue-collarblue-collarblue-collarblue-collarblue-collarblue-collarblue-collarblue-collarblue-collarblue-collarblue-collarblue-collarblue-collarblue-collarblue-collarblue-collarblue-collarblue-collarblue-collarblue-collarblue-collarblue-collarblue-collarblue-collarblue-collarblue-collarblue-collarblue-collarblue-collarblue-collarblue-collarblue-collarblue-collarblue-collarblue-collarblue-collarblue-collarblue-collarblue-collarblue-collarblue-collarblue-collarblue-collarblue-collarblue-collarblue-collarblue-collarblue-collarblue-collarblue-collarblue-collarblue-collarblue-collarblue-collarblue-collarblue-collarblue-collarblue-collarblue-collarblue-collarblue-collarblue-collarblue-collarblue-collarblue-collarblue-collarblue-collarblue-collarblue-collarblue-collarblue-collarblue-collarblue-collarblue-collarblue-collarblue-collarblue-collarblue-collarblue-collarblue-collarblue-collarblue-collarblue-collarblue-collarblue-collarblue-collarblue-collarblue-collarblue-collarblue-collarblue-collarblue-collarblue-collarblue-collarblue-collarblue-collarblue-collarblue-collarblue-collarblue-collarblue-collarblue-collarblue-collarblue-collarblue-collarblue-collarblue-collarblue-collarblue-collarblue-collarblue-collarblue-collarblue-collarblue-collarblue-collarblue-collarblue-collarblue-collarblue-collarblue-collarblue-collarblue-collarblue-collarblue-collarblue-collarblue-collarblue-collarblue-collarblue-collarblue-collarblue-collarblue-collarblue-collarblue-collarblue-collarblue-collarblue-collarblue-collarblue-collarblue-collarblue-collarblue-collarblue-collarblue-collarblue-collarblue-collarblue-collarblue-collarblue-collarblue-collarblue-collarblue-collarblue-collarblue-collarblue-collarblue-collarblue-collarblue-collarblue-collarblue-collarblue-collarblue-collarblue-collarblue-collarblue-collarblue-collarblue-collarblue-collarblue-collarblue-collarblue-collarblue-collarblue-collarblue-collarblue-collarblue-collarblue-collarblue-collarblue-collarblue-collarblue-collarblue-collarblue-collarblue-collarblue-collarblue-collarblue-collarblue-collarblue-collarblue-collarblue-collarblue-collarblue-collarblue-collarblue-collarblue-collarblue-collarblue-collarblue-collarblue-collarblue-collarblue-collarblue-collarblue-collarblue-collarblue-collarblue-collarblue-collarblue-collarblue-collarblue-collarblue-collarblue-collarblue-collarblue-collarblue-collarblue-collarblue-collarblue-collarblue-collarblue-collarblue-collarblue-collarblue-collarblue-collarblue-collarblue-collarblue-collarblue-collarblue-collarblue-collarblue-collarblue-collarblue-collarblue-collarblue-collarblue-collarblue-collarblue-collarblue-collarblue-collarblue-collarblue-collarblue-collarblue-collarblue-collarblue-collarblue-collarblue-collarblue-collarblue-collarblue-collarblue-collarblue-collarblue-collarblue-collarblue-collarblue-collarblue-collarblue-collarblue-collarblue-collarblue-collarblue-collarblue-collarblue-collarblue-collarblue-collarblue-collarblue-collarblue-collarblue-collarblue-collarblue-collarblue-collarblue-collarblue-collarblue-collarblue-collarblue-collarblue-collarblue-collarblue-collarblue-collarblue-collarblue-collarblue-collarblue-collarblue-collarblue-collarblue-collarblue-collarblue-collarblue-collarblue-collarblue-collarblue-collarblue-collarblue-collarblue-collarblue-collarblue-collarblue-collarblue-collarblue-collarblue-collarblue-collarblue-collarblue-collarblue-collarblue-collarblue-collarblue-collarblue-collarblue-collarblue-collarblue-collarblue-collarblue-collarblue-collarblue-collarblue-collarblue-collarblue-collarblue-collarblue-collarblue-collarblue-collarblue-collarblue-collarblue-collarblue-collarblue-collarblue-collarblue-collarblue-collarblue-collarblue-collarblue-collarblue-collarblue-collarblue-collarblue-collarblue-collarblue-collarblue-collarblue-collarblue-collarblue-collarblue-collarblue-collarblue-collarblue-collarblue-collarblue-collarblue-collarblue-collarblue-collarblue-collarblue-collarblue-collarblue-collarblue-collarblue-collarblue-collarblue-collarblue-collarblue-collarblue-collarblue-collarblue-collarblue-collarblue-collarblue-collarblue-collarblue-collarblue-collarblue-collarblue-collarblue-collarblue-collarblue-collarblue-collarblue-collarblue-collarblue-collarblue-collarblue-collarblue-collarblue-collarblue-collarblue-collarblue-collarblue-collarblue-collarblue-collarblue-collarblue-collarblue-collarblue-collarblue-collarblue-collarblue-collarblue-collarblue-collarblue-collarblue-collarblue-collarblue-collarblue-collarblue-collarblue-collarblue-collarblue-collarblue-collarblue-collarblue-collarblue-collarblue-collarblue-collarblue-collarblue-collarblue-collarblue-collarblue-collarblue-collarblue-collarblue-collarblue-collarblue-collarblue-collarblue-collarblue-collarblue-collarblue-collarblue-collarblue-collarblue-collarblue-collarblue-collarblue-collarblue-collarblue-collarblue-collarblue-collarblue-collarblue-collarblue-collarblue-collarblue-collarblue-collarblue-collarblue-collarblue-collarblue-collarblue-collarblue-collarblue-collarblue-collarblue-collarblue-collarblue-collarblue-collarblue-collarblue-collarblue-collarblue-collarblue-collarblue-collarblue-collarblue-collarblue-collarblue-collarblue-collarblue-collarblue-collarblue-collarblue-collarblue-collarblue-collarblue-collarblue-collarblue-collarblue-collarblue-collarblue-collarblue-collarblue-collarblue-collarblue-collarblue-collarblue-collarblue-collarblue-collarblue-collarblue-collarblue-collarblue-collarblue-collarblue-collarblue-collarblue-collarblue-collarblue-collarblue-collarblue-collarblue-collarblue-collarblue-collarblue-collarblue-collarblue-collarblue-collarblue-collarblue-collarblue-collarblue-collarblue-collarblue-collarblue-collarblue-collarblue-collarblue-collarblue-collarblue-collarblue-collarblue-collarblue-collarblue-collarblue-collarblue-collarblue-collarblue-collarblue-collarblue-collarblue-collarblue-collarblue-collarblue-collarblue-collarblue-collarblue-collarblue-collarblue-collarblue-collarblue-collarblue-collarblue-collarblue-collarblue-collarblue-collarblue-collarblue-collarblue-collarblue-collarblue-collarblue-collarblue-collarblue-collarblue-collarblue-collarblue-collarblue-collarblue-collarblue-collarblue-collarblue-collarblue-collarblue-collarblue-collarblue-collarblue-collarblue-collarblue-collarblue-collarblue-collarblue-collarblue-collarblue-collarblue-collarblue-collarblue-collarblue-collarblue-collarblue-collarblue-collarblue-collarblue-collarblue-collarblue-collarblue-collarblue-collarblue-collarblue-collarblue-collarblue-collarblue-collarblue-collarblue-collarblue-collarblue-collarblue-collarblue-collarblue-collarblue-collarblue-collarblue-collarblue-collarblue-collarblue-collarblue-collarblue-collarblue-collarblue-collarblue-collarblue-collarblue-collarblue-collarblue-collarblue-collarblue-collarblue-collarblue-collarblue-collarblue-collarblue-collarblue-collarblue-collarblue-collarblue-collarblue-collarblue-collarblue-collarblue-collarblue-collarblue-collarblue-collarblue-collarblue-collarblue-collarblue-collarblue-collarblue-collarblue-collarblue-collarblue-collarblue-collarblue-collarblue-collarblue-collarblue-collarblue-collarblue-collarblue-collarblue-collarblue-collarblue-collarblue-collarblue-collarblue-collarblue-collarblue-collarblue-collarblue-collarblue-collarblue-collarblue-collarblue-collarblue-collarblue-collarblue-collarblue-collarblue-collarblue-collarblue-collarblue-collarblue-collarblue-collarblue-collarblue-collarblue-collarblue-collarblue-collarblue-collarblue-collarblue-collarblue-collarblue-collarblue-collarblue-collarblue-collarblue-collarblue-collarblue-collarblue-collarblue-collarblue-collarblue-collarblue-collarblue-collarblue-collarblue-collarblue-collarblue-collarblue-collarblue-collarblue-collarblue-collarblue-collarblue-collarblue-collarblue-collarblue-collarblue-collarblue-collarblue-collarblue-collarblue-collarblue-collarblue-collarblue-collarblue-collarblue-collarblue-collarblue-collarblue-collarblue-collarblue-collarblue-collarblue-collarblue-collarblue-collarblue-collarblue-collarblue-collarblue-collarblue-collarblue-collarblue-collarblue-collarblue-collarblue-collarblue-collarblue-collarblue-collarblue-collarblue-collarblue-collarblue-collarblue-collarblue-collarblue-collarblue-collarblue-collarblue-collarblue-collarblue-collarblue-collarblue-collarblue-collarblue-collarblue-collarblue-collarblue-collarblue-collarblue-collarblue-collarblue-collarblue-collarblue-collarblue-collarblue-collarblue-collarblue-collarblue-collarblue-collarblue-collarblue-collarblue-collarblue-collarblue-collarblue-collarblue-collarblue-collarblue-collarblue-collarblue-collarblue-collarblue-collarblue-collarblue-collarblue-collarblue-collarblue-collarblue-collarblue-collarblue-collarblue-collarblue-collarblue-collarblue-collarblue-collarblue-collarblue-collarblue-collarblue-collarblue-collarblue-collarblue-collarblue-collarblue-collarblue-collarblue-collarblue-collarblue-collarblue-collarblue-collarblue-collarblue-collarblue-collarblue-collarblue-collarblue-collarblue-collarblue-collarblue-collarblue-collarblue-collarblue-collarblue-collarblue-collarblue-collarblue-collarblue-collarblue-collarblue-collarblue-collarblue-collarblue-collarblue-collarblue-collarblue-collarblue-collarblue-collarblue-collarblue-collarblue-collarblue-collarblue-collarblue-collarblue-collarblue-collarblue-collarblue-collarblue-collarblue-collarblue-collarblue-collarblue-collarblue-collarblue-collarblue-collarblue-collarblue-collarblue-collarblue-collarblue-collarblue-collarblue-collarblue-collarblue-collarblue-collarblue-collarblue-collarblue-collarblue-collarblue-collarblue-collarblue-collarblue-collarblue-collarblue-collarblue-collarblue-collarblue-collarblue-collarblue-collarblue-collarblue-collarblue-collarblue-collarblue-collarblue-collarblue-collarblue-collarblue-collarblue-collarblue-collarblue-collarblue-collarblue-collarblue-collarblue-collarblue-collarblue-collarblue-collarblue-collarblue-collarblue-collarblue-collarblue-collarblue-collarblue-collarblue-collarblue-collarblue-collarblue-collarblue-collarblue-collarblue-collarblue-collarblue-collarblue-collarblue-collarblue-collarblue-collarblue-collarblue-collarblue-collarblue-collarblue-collarblue-collarblue-collarblue-collarblue-collarblue-collarblue-collarblue-collarblue-collarblue-collarblue-collarblue-collarblue-collarblue-collarblue-collarblue-collarblue-collarblue-collarblue-collarblue-collarblue-collarblue-collarblue-collarblue-collarblue-collarblue-collarblue-collarblue-collarblue-collarblue-collarblue-collarblue-collarblue-collarblue-collarblue-collarblue-collarblue-collarblue-collarblue-collarblue-collarblue-collarblue-collarblue-collarblue-collarblue-collarblue-collarblue-collarblue-collarblue-collarblue-collarblue-collarblue-collarblue-collarblue-collarblue-collarblue-collarblue-collarblue-collarblue-collarblue-collarblue-collarblue-collarblue-collarblue-collarblue-collarblue-collarblue-collarblue-collarblue-collarblue-collarblue-collarblue-collarblue-collarblue-collarblue-collarblue-collarblue-collarblue-collarblue-collarblue-collarblue-collarblue-collarblue-collarblue-collarblue-collarblue-collarblue-collarblue-collarblue-collarblue-collarblue-collarblue-collarblue-collarblue-collarblue-collarblue-collarblue-collarblue-collarblue-collarblue-collarblue-collarblue-collarblue-collarblue-collarblue-collarblue-collarblue-collarblue-collarblue-collarblue-collarblue-collarblue-collarblue-collarblue-collarblue-collarblue-collarblue-collarblue-collarblue-collarblue-collarblue-collarblue-collarblue-collarblue-collarblue-collarblue-collarblue-collarblue-collarblue-collarblue-collarblue-collarblue-collarblue-collarblue-collarblue-collarblue-collarblue-collarblue-collarblue-collarblue-collarblue-collarblue-collarblue-collarblue-collarblue-collarblue-collarblue-collarblue-collarblue-collarblue-collarblue-collarblue-collarblue-collarblue-collarblue-collarblue-collarblue-collarblue-collarblue-collarblue-collarblue-collarblue-collarblue-collarblue-collarblue-collarblue-collarblue-collarblue-collarblue-collarblue-collarblue-collarblue-collarblue-collarblue-collarblue-collarblue-collarblue-collarblue-collarblue-collarblue-collarblue-collarblue-collarblue-collarblue-collarblue-collarblue-collarblue-collarblue-collarblue-collarblue-collarblue-collarblue-collarblue-collarblue-collarblue-collarblue-collarblue-collarblue-collarblue-collarblue-collarblue-collarblue-collarblue-collarblue-collarblue-collarblue-collarblue-collarblue-collarblue-collarblue-collarblue-collarblue-collarblue-collarblue-collarblue-collarblue-collarblue-collarblue-collarblue-collarblue-collarblue-collarblue-collarblue-collarblue-collarblue-collarblue-collarblue-collarblue-collarblue-collarblue-collarblue-collarblue-collarblue-collarblue-collarblue-collarblue-collarblue-collarblue-collarblue-collarblue-collarblue-collarblue-collarblue-collarblue-collarblue-collarblue-collarblue-collarblue-collarblue-collarblue-collarblue-collarblue-collarblue-collarblue-collarblue-collarblue-collarblue-collarblue-collarblue-collarblue-collarblue-collarblue-collarblue-collarblue-collarblue-collarblue-collarblue-collarblue-collarblue-collarblue-collarblue-collarblue-collarblue-collarblue-collarblue-collarblue-collarblue-collarblue-collarblue-collarblue-collarblue-collarblue-collarblue-collarblue-collarblue-collarblue-collarblue-collarblue-collarblue-collarblue-collarblue-collarblue-collarblue-collarblue-collarblue-collarblue-collarblue-collarblue-collarblue-collarblue-collarblue-collarblue-collarblue-collarblue-collarblue-collarblue-collarblue-collarblue-collarblue-collarblue-collarblue-collarblue-collarblue-collarblue-collarblue-collarblue-collarblue-collarblue-collarblue-collarblue-collarblue-collarblue-collarblue-collarblue-collarblue-collarblue-collarblue-collarblue-collarblue-collarblue-collarblue-collarblue-collarblue-collarblue-collarblue-collarblue-collarblue-collarblue-collarblue-collarblue-collarblue-collarblue-collarblue-collarblue-collarblue-collarblue-collarblue-collarblue-collarblue-collarblue-collarblue-collarblue-collarblue-collarblue-collarblue-collarblue-collarblue-collarblue-collarblue-collarblue-collarblue-collarblue-collarblue-collarblue-collarblue-collarblue-collarblue-collarblue-collarblue-collarblue-collarblue-collarblue-collarblue-collarblue-collarblue-collarblue-collarblue-collarblue-collarblue-collarblue-collarblue-collarblue-collarblue-collarblue-collarblue-collarblue-collarblue-collarblue-collarblue-collarblue-collarblue-collarblue-collarblue-collarblue-collarblue-collarblue-collarblue-collarblue-collarblue-collarblue-collarblue-collarblue-collarblue-collarblue-collarblue-collarblue-collarblue-collarblue-collarblue-collarblue-collarblue-collarblue-collarblue-collarblue-collarblue-collarblue-collarblue-collarblue-collarblue-collarblue-collarblue-collarblue-collarblue-collarblue-collarblue-collarblue-collarblue-collarblue-collarblue-collarblue-collarblue-collarblue-collarblue-collarblue-collarblue-collarblue-collarblue-collarblue-collarblue-collarblue-collarblue-collarblue-collarblue-collarblue-collarblue-collarblue-collarblue-collarblue-collarblue-collarblue-collarblue-collarblue-collarblue-collarblue-collarblue-collarblue-collarblue-collarblue-collarblue-collarblue-collarblue-collarblue-collarblue-collarblue-collarblue-collarblue-collarblue-collarblue-collarblue-collarblue-collarblue-collarblue-collarblue-collarblue-collarblue-collarblue-collarblue-collarblue-collarblue-collarblue-collarblue-collarblue-collarblue-collarblue-collarblue-collarblue-collarblue-collarblue-collarblue-collarblue-collarblue-collarblue-collarblue-collarblue-collarblue-collarblue-collarblue-collarblue-collarblue-collarblue-collarblue-collarblue-collarblue-collarblue-collarblue-collarblue-collarblue-collarblue-collarblue-collarblue-collarblue-collarblue-collarblue-collarblue-collarblue-collarblue-collarblue-collarblue-collarblue-collarblue-collarblue-collarblue-collarblue-collarblue-collarblue-collarblue-collarblue-collarblue-collarblue-collarblue-collarblue-collarblue-collarblue-collarblue-collarblue-collarblue-collarblue-collarblue-collarblue-collarblue-collarblue-collarblue-collarblue-collarblue-collarblue-collarblue-collarblue-collarblue-collarblue-collarblue-collarblue-collarblue-collarblue-collarblue-collarblue-collarblue-collarblue-collarblue-collarblue-collarblue-collarblue-collarblue-collarblue-collarblue-collarblue-collarblue-collarblue-collarblue-collarblue-collarblue-collarblue-collarblue-collarblue-collarblue-collarblue-collarblue-collarblue-collarblue-collarblue-collarblue-collarblue-collarblue-collarblue-collarblue-collarblue-collarblue-collarblue-collarblue-collarblue-collarblue-collarblue-collarblue-collarblue-collarblue-collarblue-collarblue-collarblue-collarblue-collarblue-collarblue-collarblue-collarblue-collarblue-collarblue-collarblue-collarblue-collarblue-collarblue-collarblue-collarblue-collarblue-collarblue-collarblue-collarblue-collarblue-collarblue-collarblue-collarblue-collarblue-collarblue-collarblue-collarblue-collarblue-collarblue-collarblue-collarblue-collarblue-collarblue-collarblue-collarblue-collarblue-collarblue-collarblue-collarblue-collarblue-collarblue-collarblue-collarblue-collarblue-collarblue-collarblue-collarblue-collarblue-collarblue-collarblue-collarblue-collarblue-collarblue-collarblue-collarblue-collarblue-collarblue-collarblue-collarblue-collarblue-collarblue-collarblue-collarblue-collarblue-collarblue-collarblue-collarblue-collarblue-collarblue-collarblue-collarblue-collarblue-collarblue-collarblue-collarblue-collarblue-collarblue-collarblue-collarblue-collarblue-collarblue-collarblue-collarblue-collarblue-collarblue-collarblue-collarblue-collarblue-collarblue-collarblue-collarblue-collarblue-collarblue-collarblue-collarblue-collarblue-collarblue-collarblue-collarblue-collarblue-collarblue-collarblue-collarblue-collarblue-collarblue-collarblue-collarblue-collarblue-collarblue-collarblue-collarblue-collarblue-collarblue-collarblue-collarblue-collarblue-collarblue-collarblue-collarblue-collarblue-collarblue-collarblue-collarblue-collarblue-collarblue-collarblue-collarblue-collarblue-collarblue-collarblue-collarblue-collarblue-collarblue-collarblue-collarblue-collarblue-collarblue-collarblue-collarblue-collarblue-collarblue-collarblue-collarblue-collarblue-collarblue-collarblue-collarblue-collarblue-collarblue-collarblue-collarblue-collarblue-collarblue-collarblue-collarblue-collarblue-collarblue-collarblue-collarblue-collarblue-collarblue-collarblue-collarblue-collarblue-collarblue-collarblue-collarblue-collarblue-collarblue-collarblue-collarblue-collarblue-collarblue-collarblue-collarblue-collarblue-collarblue-collarblue-collarblue-collarblue-collarblue-collarblue-collarblue-collarblue-collarblue-collarblue-collarblue-collarblue-collarblue-collarblue-collarblue-collarblue-collarblue-collarblue-collarblue-collarblue-collarblue-collarblue-collarblue-collarblue-collarblue-collarblue-collarblue-collarblue-collarblue-collarblue-collarblue-collarblue-collarblue-collarblue-collarblue-collarblue-collarblue-collarblue-collarblue-collarblue-collarblue-collarblue-collarblue-collarblue-collarblue-collarblue-collarblue-collarblue-collarblue-collarblue-collarblue-collarblue-collarblue-collarblue-collarblue-collarblue-collarblue-collarblue-collarblue-collarblue-collarblue-collarblue-collarblue-collarblue-collarblue-collarblue-collarblue-collarblue-collarblue-collarblue-collarblue-collarblue-collarblue-collarblue-collarblue-collarblue-collarblue-collarblue-collarblue-collarblue-collarblue-collarblue-collarblue-collarblue-collarblue-collarblue-collarblue-collarblue-collarblue-collarblue-collarblue-collarblue-collarblue-collarblue-collarblue-collarblue-collarblue-collarblue-collarblue-collarblue-collarblue-collarblue-collarblue-collarblue-collarblue-collarblue-collarblue-collarblue-collarblue-collarblue-collarblue-collarblue-collarblue-collarblue-collarblue-collarblue-collarblue-collarblue-collarblue-collarblue-collarblue-collarblue-collarblue-collarblue-collarblue-collarblue-collarblue-collarblue-collarblue-collarblue-collarblue-collarblue-collarblue-collarblue-collarblue-collarblue-collarblue-collarblue-collarblue-collarblue-collarblue-collarblue-collarblue-collarblue-collarblue-collarblue-collarblue-collarblue-collarblue-collarblue-collarblue-collarblue-collarblue-collarblue-collarblue-collarblue-collarblue-collarblue-collarblue-collarblue-collarblue-collarblue-collarblue-collarblue-collarblue-collarblue-collarblue-collarblue-collarblue-collarblue-collarblue-collarblue-collarblue-collarblue-collarblue-collarblue-collarblue-collarblue-collarblue-collarblue-collarblue-collarblue-collarblue-collarblue-collarblue-collarblue-collarblue-collarblue-collarblue-collarblue-collarblue-collarblue-collarblue-collarblue-collarblue-collarblue-collarblue-collarblue-collarblue-collarblue-collarblue-collarblue-collarblue-collarblue-collarblue-collarblue-collarblue-collarblue-collarblue-collarblue-collarblue-collarblue-collarblue-collarblue-collarblue-collarblue-collarblue-collarblue-collarblue-collarblue-collarblue-collarblue-collarblue-collarblue-collarblue-collarblue-collarblue-collarblue-collarblue-collarblue-collarblue-collarblue-collarblue-collarblue-collarblue-collarblue-collarblue-collarblue-collarblue-collarblue-collarblue-collarblue-collarblue-collarblue-collarblue-collarblue-collarblue-collarblue-collarblue-collarblue-collarblue-collarblue-collarblue-collarblue-collarblue-collarblue-collarblue-collarblue-collarblue-collarblue-collarblue-collarblue-collarblue-collarblue-collarblue-collarblue-collarblue-collarblue-collarblue-collarblue-collarblue-collarblue-collarblue-collarblue-collarblue-collarblue-collarblue-collarblue-collarblue-collarblue-collarblue-collarblue-collarblue-collarblue-collarblue-collarblue-collarblue-collarblue-collarblue-collarblue-collarblue-collarblue-collarblue-collarblue-collarblue-collarblue-collarblue-collarblue-collarblue-collarblue-collarblue-collarblue-collarblue-collarblue-collarblue-collarblue-collarblue-collarblue-collarblue-collarblue-collarblue-collarblue-collarblue-collarblue-collarblue-collarblue-collarblue-collarblue-collarblue-collarblue-collarblue-collarblue-collarblue-collarblue-collarblue-collarblue-collarblue-collarblue-collarblue-collarblue-collarblue-collarblue-collarblue-collarblue-collarblue-collarblue-collarblue-collarblue-collarblue-collarblue-collarblue-collarblue-collarblue-collarblue-collarblue-collarblue-collarblue-collarblue-collarblue-collarblue-collarblue-collarblue-collarblue-collarblue-collarblue-collarblue-collarblue-collarblue-collarblue-collarblue-collarblue-collarblue-collarblue-collarblue-collarblue-collarblue-collarblue-collarblue-collarblue-collarblue-collarblue-collarblue-collarblue-collarblue-collarblue-collarblue-collarblue-collarblue-collarblue-collarblue-collarblue-collarblue-collarblue-collarblue-collarblue-collarblue-collarblue-collarblue-collarblue-collarblue-collarblue-collarblue-collarblue-collarblue-collarblue-collarblue-collarblue-collarblue-collarblue-collarblue-collarblue-collarblue-collarblue-collarblue-collarblue-collarblue-collarblue-collarblue-collarblue-collarblue-collarblue-collarblue-collarblue-collarblue-collarblue-collarblue-collarblue-collarblue-collarblue-collarblue-collarblue-collarblue-collarblue-collarblue-collarblue-collarblue-collarblue-collarblue-collarblue-collarblue-collarblue-collarblue-collarblue-collarblue-collarblue-collarblue-collarblue-collarblue-collarblue-collarblue-collarblue-collarblue-collarblue-collarblue-collarblue-collarblue-collarblue-collarblue-collarblue-collarblue-collarblue-collarblue-collarblue-collarblue-collarblue-collarblue-collarblue-collarblue-collarblue-collarblue-collarblue-collarblue-collarblue-collarblue-collarblue-collarblue-collarblue-collarblue-collarblue-collarblue-collarblue-collarblue-collarblue-collarblue-collarblue-collarblue-collarblue-collarblue-collarblue-collarblue-collarblue-collarblue-collarblue-collarblue-collarblue-collarblue-collarblue-collarblue-collarblue-collarblue-collarblue-collarblue-collarblue-collarblue-collarblue-collarblue-collarblue-collarblue-collarblue-collarblue-collarblue-collarblue-collarblue-collarblue-collarblue-collarblue-collarblue-collarblue-collarblue-collarblue-collarblue-collarblue-collarblue-collarblue-collarblue-collarblue-collarblue-collarblue-collarblue-collarblue-collarblue-collarblue-collarblue-collarblue-collarblue-collarblue-collarblue-collarblue-collarblue-collarblue-collarblue-collarblue-collarblue-collarblue-collarblue-collarblue-collarblue-collarblue-collarblue-collarblue-collarblue-collarblue-collarblue-collarblue-collarblue-collarblue-collarblue-collarblue-collarblue-collarblue-collarblue-collarblue-collarblue-collarblue-collarblue-collarblue-collarblue-collarblue-collarblue-collarblue-collarblue-collarblue-collarblue-collarblue-collarblue-collarblue-collarblue-collarblue-collarblue-collarblue-collarblue-collarblue-collarblue-collarblue-collarblue-collarblue-collarblue-collarblue-collarblue-collarblue-collarblue-collarblue-collarblue-collarblue-collarblue-collarblue-collarblue-collarblue-collarblue-collarblue-collarblue-collarblue-collarblue-collarblue-collarblue-collarblue-collarblue-collarblue-collarblue-collarblue-collarblue-collarblue-collarblue-collarblue-collarblue-collarblue-collarblue-collarblue-collarblue-collarblue-collarblue-collarblue-collarblue-collarblue-collarblue-collarblue-collarblue-collarblue-collarblue-collarblue-collarblue-collarblue-collarblue-collarblue-collarblue-collarblue-collarblue-collarblue-collarblue-collarblue-collarblue-collarblue-collarblue-collarblue-collarblue-collarblue-collarblue-collarblue-collarblue-collarblue-collarblue-collarblue-collarblue-collarblue-collarblue-collarblue-collarblue-collarblue-collarblue-collarblue-collarblue-collarblue-collarblue-collarblue-collarblue-collarblue-collarblue-collarblue-collarblue-collarblue-collarblue-collarblue-collarblue-collarblue-collarblue-collarblue-collarblue-collarblue-collarblue-collarblue-collarblue-collarblue-collarblue-collarblue-collarblue-collarblue-collarblue-collarblue-collarblue-collarblue-collarblue-collarblue-collarblue-collarblue-collarblue-collarblue-collarblue-collarblue-collarblue-collarblue-collarblue-collarblue-collarblue-collarblue-collarblue-collarblue-collarblue-collarblue-collarblue-collarblue-collarblue-collarblue-collarblue-collarblue-collarblue-collarblue-collarblue-collarblue-collarblue-collarblue-collarblue-collarblue-collarblue-collarblue-collarblue-collarblue-collarblue-collarblue-collarblue-collarblue-collarblue-collarblue-collarblue-collarblue-collarblue-collarblue-collarblue-collarblue-collarblue-collarblue-collarblue-collarblue-collarblue-collarblue-collarblue-collarblue-collarblue-collarblue-collarblue-collarblue-collarblue-collarblue-collarblue-collarblue-collarblue-collarblue-collarblue-collarblue-collarblue-collarblue-collarblue-collarblue-collarblue-collarblue-collarblue-collarblue-collarblue-collarblue-collarblue-collarblue-collarblue-collarblue-collarblue-collarblue-collarblue-collarblue-collarblue-collarblue-collarblue-collarblue-collarblue-collarblue-collarblue-collarblue-collarblue-collarblue-collarblue-collarblue-collarblue-collarblue-collarblue-collarblue-collarblue-collarblue-collarblue-collarblue-collarblue-collarblue-collarblue-collarblue-collarblue-collarblue-collarblue-collarblue-collarblue-collarblue-collarblue-collarblue-collarblue-collarblue-collarblue-collarblue-collarblue-collarblue-collarblue-collarblue-collarblue-collarblue-collarblue-collarblue-collarblue-collarblue-collarblue-collarblue-collarblue-collarblue-collarblue-collarblue-collarblue-collarblue-collarblue-collarblue-collarblue-collarblue-collarblue-collarblue-collarblue-collarblue-collarblue-collarblue-collarblue-collarblue-collarblue-collarblue-collarblue-collarblue-collarblue-collarblue-collarblue-collarblue-collarblue-collarblue-collarblue-collarblue-collarblue-collarblue-collarblue-collarblue-collarblue-collarblue-collarblue-collarblue-collarblue-collarblue-collarblue-collarblue-collarblue-collarblue-collarblue-collarblue-collarblue-collarblue-collarblue-collarblue-collarblue-collarblue-collarblue-collarblue-collarblue-collarblue-collarblue-collarblue-collarblue-collarblue-collarblue-collarblue-collarblue-collarblue-collarblue-collarblue-collarblue-collarblue-collarblue-collarblue-collarblue-collarblue-collarblue-collarblue-collarblue-collarblue-collarblue-collarblue-collarblue-collarblue-collarblue-collarblue-collarblue-collarblue-collarblue-collarblue-collarblue-collarblue-collarblue-collarblue-collarblue-collarblue-collarblue-collarblue-collarblue-collarblue-collarblue-collarblue-collarblue-collarblue-collarblue-collarblue-collarblue-collarblue-collarblue-collarblue-collarblue-collarblue-collarblue-collarblue-collarblue-collarblue-collarblue-collarblue-collarblue-collarblue-collarblue-collarblue-collarblue-collarblue-collarblue-collarblue-collarblue-collarblue-collarblue-collarblue-collarblue-collarblue-collarblue-collarblue-collarblue-collarblue-collarblue-collarblue-collarblue-collarblue-collarblue-collarblue-collarblue-collarblue-collarblue-collarblue-collarblue-collarblue-collarblue-collarblue-collarblue-collarblue-collarblue-collarblue-collarblue-collarblue-collarblue-collarblue-collarblue-collarblue-collarblue-collarblue-collarblue-collarblue-collarblue-collarblue-collarblue-collarblue-collarblue-collarblue-collarblue-collarblue-collarblue-collarblue-collarblue-collarblue-collarblue-collarblue-collarblue-collarblue-collarblue-collarblue-collarblue-collarblue-collarblue-collarblue-collarblue-collarblue-collarblue-collarblue-collarblue-collarblue-collarblue-collarblue-collarblue-collarblue-collarblue-collarblue-collarblue-collarblue-collarblue-collarblue-collarblue-collarblue-collarblue-collarblue-collarblue-collarblue-collarblue-collarblue-collarblue-collarblue-collarblue-collarblue-collarblue-collarblue-collarblue-collarblue-collarblue-collarblue-collarblue-collarblue-collarblue-collarblue-collarblue-collarblue-collarblue-collarblue-collarblue-collarblue-collarblue-collarblue-collarblue-collarblue-collarblue-collarblue-collarblue-collarblue-collarblue-collarblue-collarblue-collarblue-collarblue-collarblue-collarblue-collarblue-collarblue-collarblue-collarblue-collarblue-collarblue-collarblue-collarblue-collarblue-collarblue-collarblue-collarblue-collarblue-collarblue-collarblue-collarblue-collarblue-collarblue-collarblue-collarblue-collarblue-collarblue-collarblue-collarblue-collarblue-collarblue-collarblue-collarblue-collarblue-collarblue-collarblue-collarblue-collarblue-collarblue-collarblue-collarblue-collarblue-collarblue-collarblue-collarblue-collarblue-collarblue-collarblue-collarblue-collarblue-collarblue-collarblue-collarblue-collarblue-collarblue-collarblue-collarblue-collarblue-collarblue-collarblue-collarblue-collarblue-collarblue-collarblue-collarblue-collarblue-collarblue-collarblue-collarblue-collarblue-collarblue-collarblue-collarblue-collarblue-collarblue-collarblue-collarblue-collarblue-collarblue-collarblue-collarblue-collarblue-collarblue-collarblue-collarblue-collarblue-collarblue-collarblue-collarblue-collarblue-collarblue-collarblue-collarblue-collarblue-collarblue-collarblue-collarblue-collarblue-collarblue-collarblue-collarblue-collarblue-collarblue-collarblue-collarblue-collarblue-collarblue-collarblue-collarblue-collarblue-collarblue-collarblue-collarblue-collarblue-collarblue-collarblue-collarblue-collarblue-collarblue-collarblue-collarblue-collarblue-collarblue-collarblue-collarblue-collarblue-collarblue-collarblue-collarblue-collarblue-collarblue-collarblue-collarblue-collarblue-collarblue-collarblue-collarblue-collarblue-collarblue-collarblue-collarblue-collarblue-collarblue-collarblue-collarblue-collarblue-collarblue-collarblue-collarblue-collarblue-collarblue-collarblue-collarblue-collarblue-collarblue-collarblue-collarblue-collarblue-collarblue-collarblue-collarblue-collarblue-collarblue-collarblue-collarblue-collarblue-collarblue-collarblue-collarblue-collarblue-collarblue-collarblue-collarblue-collarblue-collarblue-collarblue-collarblue-collarblue-collarblue-collarblue-collarblue-collarblue-collarblue-collarblue-collarblue-collarblue-collarblue-collarblue-collarblue-collarblue-collarblue-collarblue-collarblue-collarblue-collarblue-collarblue-collarblue-collarblue-collarblue-collarblue-collarblue-collarblue-collarblue-collarblue-collarblue-collarblue-collarblue-collarblue-collarblue-collarblue-collarblue-collarblue-collarblue-collarblue-collarblue-collarblue-collarblue-collarblue-collarblue-collarblue-collarblue-collarblue-collarblue-collarblue-collarblue-collarblue-collarblue-collarblue-collarblue-collarblue-collarblue-collarblue-collarblue-collarblue-collarblue-collarblue-collarblue-collarblue-collarblue-collarblue-collarblue-collarblue-collarblue-collarblue-collarblue-collarblue-collarblue-collarblue-collarblue-collarblue-collarblue-collarblue-collarblue-collarblue-collarblue-collarblue-collarblue-collarblue-collarblue-collarblue-collarblue-collarblue-collarblue-collarblue-collarblue-collarblue-collarblue-collarblue-collarblue-collarblue-collarblue-collarblue-collarblue-collarblue-collarblue-collarblue-collarblue-collarblue-collarblue-collarblue-collarblue-collarblue-collarblue-collarblue-collarblue-collarblue-collarblue-collarblue-collarblue-collarblue-collarblue-collarblue-collarblue-collarblue-collarblue-collarblue-collarblue-collarblue-collarblue-collarblue-collarblue-collarblue-collarblue-collarblue-collarblue-collarblue-collarblue-collarblue-collarblue-collarblue-collarblue-collarblue-collarblue-collarblue-collarblue-collarblue-collarblue-collarblue-collarblue-collarblue-collarblue-collarblue-collarblue-collarblue-collarblue-collarblue-collarblue-collarblue-collarblue-collarblue-collarblue-collarblue-collarblue-collarblue-collarblue-collarblue-collarblue-collarblue-collarblue-collarblue-collarblue-collarblue-collarblue-collarblue-collarblue-collarblue-collarblue-collarblue-collarblue-collarblue-collarblue-collarblue-collarblue-collarblue-collarblue-collarblue-collarblue-collarblue-collarblue-collarblue-collarblue-collarblue-collarblue-collarblue-collarblue-collarblue-collarblue-collarblue-collarblue-collarblue-collarblue-collarblue-collarblue-collarblue-collarblue-collarblue-collarblue-collarblue-collarblue-collarblue-collarblue-collarblue-collarblue-collarblue-collarblue-collarblue-collarblue-collarblue-collarblue-collarblue-collarblue-collarblue-collarblue-collarblue-collarblue-collarblue-collarblue-collarblue-collarblue-collarblue-collarblue-collarblue-collarblue-collarblue-collarblue-collarblue-collarblue-collarblue-collarblue-collarblue-collarblue-collarblue-collarblue-collarblue-collarblue-collarblue-collarblue-collarblue-collarblue-collarblue-collarblue-collarblue-collarblue-collarblue-collarblue-collarblue-collarblue-collarblue-collarblue-collarblue-collarblue-collarblue-collarblue-collarblue-collarblue-collarblue-collarblue-collarblue-collarblue-collarblue-collarblue-collarblue-collarblue-collarblue-collarblue-collarblue-collarblue-collarblue-collarblue-collarblue-collarblue-collarblue-collarblue-collarblue-collarblue-collarblue-collarblue-collarblue-collarblue-collarblue-collarblue-collarblue-collarblue-collarblue-collarblue-collarblue-collarblue-collarblue-collarblue-collarblue-collarblue-collarblue-collarblue-collarblue-collarblue-collarblue-collarblue-collarblue-collarblue-collarblue-collarblue-collarblue-collarblue-collarblue-collarblue-collarblue-collarblue-collarblue-collarblue-collarblue-collarblue-collarblue-collarblue-collarblue-collarblue-collarblue-collarblue-collarblue-collarblue-collarblue-collarblue-collarblue-collarblue-collarblue-collarblue-collarblue-collarblue-collarblue-collarblue-collarblue-collarblue-collarblue-collarblue-collarblue-collarblue-collarblue-collarblue-collarblue-collarblue-collarblue-collarblue-collarblue-collarblue-collarblue-collarblue-collarblue-collarblue-collarblue-collarblue-collarblue-collarblue-collarblue-collarblue-collarblue-collarblue-collarblue-collarblue-collarblue-collarblue-collarblue-collarblue-collarblue-collarblue-collarblue-collarblue-collarblue-collarblue-collarblue-collarblue-collarblue-collarblue-collarblue-collarblue-collarblue-collarblue-collarblue-collarblue-collarblue-collarblue-collarblue-collarblue-collarblue-collarblue-collarblue-collarblue-collarblue-collarblue-collarblue-collarblue-collarblue-collarblue-collarblue-collarblue-collarblue-collarblue-collarblue-collarblue-collarblue-collarblue-collarblue-collarblue-collarblue-collarblue-collarblue-collarblue-collarblue-collarblue-collarblue-collarblue-collarblue-collarblue-collarblue-collarblue-collarblue-collarblue-collarblue-collarblue-collarblue-collarblue-collarblue-collarblue-collarblue-collarblue-collarblue-collarblue-collarblue-collarblue-collarblue-collarblue-collarblue-collarblue-collarblue-collarblue-collarblue-collarblue-collarblue-collarblue-collarblue-collarblue-collarblue-collarblue-collarblue-collarblue-collarblue-collarblue-collarblue-collarblue-collarblue-collarblue-collarblue-collarblue-collarblue-collarblue-collarblue-collarblue-collarblue-collarblue-collarblue-collarblue-collarblue-collarblue-collarblue-collarblue-collarblue-collarblue-collarblue-collarblue-collarblue-collarblue-collarblue-collarblue-collarblue-collarblue-collarblue-collarblue-collarblue-collarblue-collarblue-collarblue-collarblue-collarblue-collarblue-collarblue-collarblue-collarblue-collarblue-collarblue-collarblue-collarblue-collarblue-collarblue-collarblue-collarblue-collarblue-collarblue-collarblue-collarblue-collarblue-collarblue-collarblue-collarblue-collarblue-collarblue-collarblue-collarblue-collarblue-collarblue-collarblue-collarblue-collarblue-collarblue-collarblue-collarblue-collarblue-collarblue-collarblue-collarblue-collarblue-collarblue-collarblue-collarblue-collarblue-collarblue-collarblue-collarblue-collarblue-collarblue-collarblue-collarblue-collarblue-collarblue-collarblue-collarblue-collarblue-collarblue-collarblue-collarblue-collarblue-collarblue-collarblue-collarblue-collarblue-collarblue-collarblue-collarblue-collarblue-collarblue-collarblue-collarblue-collarblue-collarblue-collarblue-collarblue-collarblue-collarblue-collarblue-collarblue-collarblue-collarblue-collarblue-collarblue-collarblue-collarblue-collarblue-collarblue-collarblue-collarblue-collarblue-collarblue-collarblue-collarblue-collarblue-collarblue-collarblue-collarblue-collarblue-collarblue-collarblue-collarblue-collarblue-collarblue-collarblue-collarblue-collarblue-collarblue-collarblue-collarblue-collarblue-collarblue-collarblue-collarblue-collarblue-collarblue-collarblue-collarblue-collarblue-collarblue-collarblue-collarblue-collarblue-collarblue-collarblue-collarblue-collarblue-collarblue-collarblue-collarblue-collarblue-collarblue-collarblue-collarblue-collarblue-collarblue-collarblue-collarblue-collarblue-collarblue-collarblue-collarblue-collarblue-collarblue-collarblue-collarblue-collarblue-collarblue-collarblue-collarblue-collarblue-collarblue-collarblue-collarblue-collarblue-collarblue-collarblue-collarblue-collarblue-collarblue-collarblue-collarblue-collarblue-collarblue-collarblue-collarblue-collarblue-collarblue-collarblue-collarblue-collarblue-collarblue-collarblue-collarblue-collarblue-collarblue-collarblue-collarblue-collarblue-collarblue-collarblue-collarblue-collarblue-collarblue-collarblue-collarblue-collarblue-collarblue-collarblue-collarblue-collarblue-collarblue-collarblue-collarblue-collarblue-collarblue-collarblue-collarblue-collarblue-collarblue-collarblue-collarblue-collarblue-collarblue-collarblue-collarblue-collarblue-collarblue-collarblue-collarblue-collarblue-collarblue-collarblue-collarblue-collarblue-collarblue-collarblue-collarblue-collarblue-collarblue-collarblue-collarblue-collarblue-collarblue-collarblue-collarblue-collarblue-collarblue-collarblue-collarblue-collarblue-collarblue-collarblue-collarblue-collarblue-collarblue-collarblue-collarblue-collarblue-collarblue-collarblue-collarblue-collarblue-collarblue-collarblue-collarblue-collarblue-collarblue-collarblue-collarblue-collarblue-collarblue-collarblue-collarblue-collarblue-collarblue-collarblue-collarblue-collarblue-collarblue-collarblue-collarblue-collarblue-collarblue-collarblue-collarblue-collarblue-collarblue-collarblue-collarblue-collarblue-collarblue-collarblue-collarblue-collarblue-collarblue-collarblue-collarblue-collarblue-collarblue-collarblue-collarblue-collarblue-collarblue-collarblue-collarblue-collarblue-collarblue-collarblue-collarblue-collarblue-collarblue-collarblue-collarblue-collarblue-collarblue-collarblue-collarblue-collarblue-collarblue-collarblue-collarblue-collarblue-collarblue-collarblue-collarblue-collarblue-collarblue-collarblue-collarblue-collarblue-collarblue-collarblue-collarblue-collarblue-collarblue-collarblue-collarblue-collarblue-collarblue-collarblue-collarblue-collarblue-collarblue-collarblue-collarblue-collarblue-collarblue-collarblue-collarblue-collarblue-collarblue-collarblue-collarblue-collarblue-collarblue-collarblue-collarblue-collarblue-collarblue-collarblue-collarblue-collarblue-collarblue-collarblue-collarblue-collarblue-collarblue-collarblue-collarblue-collarblue-collarblue-collarblue-collarblue-collarblue-collarblue-collarblue-collarblue-collarblue-collarblue-collarblue-collarblue-collarblue-collarblue-collarblue-collarblue-collarblue-collarblue-collarblue-collarblue-collarblue-collarblue-collarblue-collarblue-collarblue-collarblue-collarblue-collarblue-collarblue-collarblue-collarblue-collarblue-collarblue-collarblue-collarblue-collarblue-collarblue-collarblue-collarblue-collarblue-collarblue-collarblue-collarblue-collarblue-collarblue-collarblue-collarblue-collarblue-collarblue-collarblue-collarblue-collarblue-collarblue-collarblue-collarblue-collarblue-collarblue-collarblue-collarblue-collarblue-collarblue-collarblue-collarblue-collarblue-collarblue-collarblue-collarblue-collarblue-collarblue-collarblue-collarblue-collarblue-collarblue-collarblue-collarblue-collarblue-collarblue-collarblue-collarblue-collarblue-collarblue-collarblue-collarblue-collarblue-collarblue-collarblue-collarblue-collarblue-collarblue-collarblue-collarblue-collarblue-collarblue-collarblue-collarblue-collarblue-collarblue-collarblue-collarblue-collarblue-collarblue-collarblue-collarblue-collarblue-collarblue-collarblue-collarblue-collarblue-collarblue-collarblue-collarblue-collarblue-collarblue-collarblue-collarblue-collarblue-collarblue-collarblue-collarblue-collarblue-collarblue-collarblue-collarblue-collarblue-collarblue-collarblue-collarblue-collarblue-collarblue-collarblue-collarblue-collarblue-collarblue-collarblue-collarblue-collarblue-collarblue-collarblue-collarblue-collarblue-collarblue-collarblue-collarblue-collarblue-collarblue-collarblue-collarblue-collarblue-collarblue-collarblue-collarblue-collarblue-collarblue-collarblue-collarblue-collarblue-collarblue-collarblue-collarblue-collarblue-collarblue-collarblue-collarblue-collarblue-collarblue-collarblue-collarblue-collarblue-collarblue-collarblue-collarblue-collarblue-collarblue-collarblue-collarblue-collarblue-collarblue-collarblue-collarblue-collarblue-collarblue-collarblue-collarblue-collarblue-collarblue-collarblue-collarblue-collarblue-collarblue-collarblue-collarblue-collarblue-collarblue-collarblue-collarblue-collarblue-collarblue-collarblue-collarblue-collarblue-collarblue-collarblue-collarblue-collarblue-collarblue-collarblue-collarblue-collarblue-collarblue-collarblue-collarblue-collarblue-collarblue-collarblue-collarblue-collarblue-collarblue-collarblue-collarblue-collarblue-collarblue-collarblue-collarblue-collarblue-collarblue-collarblue-collarblue-collarblue-collarblue-collarblue-collarblue-collarblue-collarblue-collarblue-collarblue-collarblue-collarblue-collarblue-collarblue-collarblue-collarblue-collarblue-collarblue-collarblue-collarblue-collarblue-collarblue-collarblue-collarblue-collarblue-collarblue-collarblue-collarblue-collarblue-collarblue-collarblue-collarblue-collarblue-collarblue-collarblue-collarblue-collarblue-collarblue-collarblue-collarblue-collarblue-collarblue-collarblue-collarblue-collarblue-collarblue-collarblue-collarblue-collarblue-collarblue-collarblue-collarblue-collarblue-collarblue-collarblue-collarblue-collarblue-collarblue-collarblue-collarblue-collarblue-collarblue-collarblue-collarblue-collarblue-collarblue-collarblue-collarblue-collarblue-collarblue-collarblue-collarblue-collarblue-collarblue-collarblue-collarblue-collarblue-collarblue-collarblue-collarblue-collarblue-collarblue-collarblue-collarblue-collarblue-collarblue-collarblue-collarblue-collarblue-collarblue-collarblue-collarblue-collarblue-collarblue-collarblue-collarblue-collarblue-collarblue-collarblue-collarblue-collarblue-collarblue-collarblue-collarblue-collarblue-collarblue-collarblue-collarblue-collarblue-collarblue-collarblue-collarblue-collarblue-collarblue-collarblue-collarblue-collarblue-collarblue-collarblue-collarblue-collarblue-collarblue-collarblue-collarblue-collarblue-collarblue-collarblue-collarblue-collarblue-collarblue-collarblue-collarblue-collarblue-collarblue-collarblue-collarblue-collarblue-collarblue-collarblue-collarblue-collarblue-collarblue-collarblue-collarblue-collarblue-collarblue-collarblue-collarblue-collarblue-collarblue-collarblue-collarblue-collarblue-collarblue-collarblue-collarblue-collarblue-collarblue-collarblue-collarblue-collarblue-collarblue-collarblue-collarblue-collarblue-collarblue-collarblue-collarblue-collarblue-collarblue-collarblue-collarblue-collarblue-collarblue-collarblue-collarblue-collarblue-collarblue-collarblue-collarblue-collarblue-collarblue-collarblue-collarblue-collarblue-collarblue-collarblue-collarblue-collarblue-collarblue-collarblue-collarblue-collarblue-collarblue-collarblue-collarblue-collarblue-collarblue-collarblue-collarblue-collarblue-collarblue-collarblue-collarblue-collarblue-collarblue-collarblue-collarblue-collarblue-collarblue-collarblue-collarblue-collarblue-collarblue-collarblue-collarblue-collarblue-collarblue-collarblue-collarblue-collarblue-collarblue-collarblue-collarblue-collarblue-collarblue-collarblue-collarblue-collarblue-collarblue-collarblue-collarblue-collarblue-collarblue-collarblue-collarblue-collarblue-collarblue-collarblue-collarblue-collarblue-collarblue-collarblue-collarblue-collarblue-collarblue-collarblue-collarblue-collarblue-collarblue-collarblue-collarblue-collarblue-collarblue-collarblue-collarblue-collarblue-collarblue-collarblue-collarblue-collarblue-collarblue-collarblue-collarblue-collarblue-collarblue-collarblue-collarblue-collarblue-collarblue-collarblue-collarblue-collarblue-collarblue-collarblue-collarblue-collarblue-collarblue-collarblue-collarblue-collarblue-collarblue-collarblue-collarblue-collarblue-collarblue-collarblue-collarblue-collarblue-collarblue-collarblue-collarblue-collarblue-collarblue-collarblue-collarblue-collarblue-collarblue-collarblue-collarblue-collarblue-collarblue-collarblue-collarblue-collarblue-collarblue-collarblue-collarblue-collarblue-collarblue-collarblue-collarblue-collarblue-collarblue-collarblue-collarblue-collarblue-collarblue-collarblue-collarblue-collarblue-collarblue-collarblue-collarblue-collarblue-collarblue-collarblue-collarblue-collarblue-collarblue-collarblue-collarblue-collarblue-collarblue-collarblue-collarblue-collarblue-collarblue-collarblue-collarblue-collarblue-collarblue-collarblue-collarblue-collarblue-collarblue-collarblue-collarblue-collarblue-collarblue-collarblue-collarblue-collarblue-collarblue-collarblue-collarblue-collarblue-collarblue-collarblue-collarblue-collarblue-collarblue-collarblue-collarblue-collarblue-collarblue-collarblue-collarblue-collarblue-collarblue-collarblue-collarblue-collarblue-collarblue-collarblue-collarblue-collarblue-collarblue-collarblue-collarblue-collarblue-collarblue-collarblue-collarblue-collarblue-collarblue-collarblue-collarblue-collarblue-collarblue-collarblue-collarblue-collarblue-collarblue-collarblue-collarblue-collarblue-collarblue-collarblue-collarblue-collarblue-collarblue-collarblue-collarblue-collarblue-collarblue-collarblue-collarblue-collarblue-collarblue-collarblue-collarblue-collarblue-collarblue-collarblue-collarblue-collarblue-collarblue-collarblue-collarblue-collarblue-collarblue-collarblue-collarblue-collarblue-collarblue-collarblue-collarblue-collarblue-collarblue-collarblue-collarblue-collarblue-collarblue-collarblue-collarblue-collarblue-collarblue-collarblue-collarblue-collarblue-collarblue-collarblue-collarblue-collarblue-collarblue-collarblue-collarblue-collarblue-collarblue-collarblue-collarblue-collarblue-collarblue-collarblue-collarblue-collarblue-collarblue-collarblue-collarblue-collarblue-collarblue-collarblue-collarblue-collarblue-collarblue-collarblue-collarblue-collarblue-collarblue-collarblue-collarblue-collarblue-collarblue-collarblue-collarblue-collarblue-collarblue-collarblue-collarblue-collarblue-collarblue-collarblue-collarblue-collarblue-collarblue-collarblue-collarblue-collarblue-collarblue-collarblue-collarblue-collarblue-collarblue-collarblue-collarblue-collarblue-collarblue-collarblue-collarblue-collarblue-collarblue-collarblue-collarblue-collarblue-collarblue-collarblue-collarblue-collarblue-collarblue-collarblue-collarblue-collarblue-collarblue-collarblue-collarblue-collarblue-collarblue-collarblue-collarblue-collarblue-collarblue-collarblue-collarblue-collarblue-collarblue-collarblue-collarblue-collarblue-collarblue-collarblue-collarblue-collarblue-collarblue-collarblue-collarblue-collarblue-collarblue-collarblue-collarblue-collarblue-collarblue-collarblue-collarblue-collarblue-collarblue-collarblue-collarblue-collarblue-collarblue-collarblue-collarblue-collarblue-collarblue-collarblue-collarblue-collarblue-collarblue-collarblue-collarblue-collarblue-collarblue-collarblue-collarblue-collarblue-collarblue-collarblue-collarblue-collarblue-collarblue-collarblue-collarblue-collarblue-collarblue-collarblue-collarblue-collarblue-collarblue-collarblue-collarblue-collarblue-collarblue-collarblue-collarblue-collarblue-collarblue-collarblue-collarblue-collarblue-collarblue-collarblue-collarblue-collarblue-collarblue-collarblue-collarblue-collarblue-collarblue-collarblue-collarblue-collarblue-collarblue-collarblue-collarblue-collarblue-collarblue-collarblue-collarblue-collarblue-collarblue-collarblue-collarblue-collarblue-collarblue-collarblue-collarblue-collarblue-collarblue-collarblue-collarblue-collarblue-collarblue-collarblue-collarblue-collarblue-collarblue-collarblue-collarblue-collarblue-collarblue-collarblue-collarblue-collarblue-collarblue-collarblue-collarblue-collarblue-collarblue-collarblue-collarblue-collarblue-collarblue-collarblue-collarblue-collarblue-collarblue-collarblue-collarblue-collarblue-collarblue-collarblue-collarblue-collarblue-collarblue-collarblue-collarblue-collarblue-collarblue-collarblue-collarblue-collarblue-collarblue-collarblue-collarblue-collarblue-collarblue-collarblue-collarblue-collarblue-collarblue-collarblue-collarblue-collarblue-collarblue-collarblue-collarblue-collarblue-collarblue-collarblue-collarblue-collarblue-collarblue-collarblue-collarblue-collarblue-collarblue-collarblue-collarblue-collarblue-collarblue-collarblue-collarblue-collarblue-collarblue-collarblue-collarblue-collarblue-collarblue-collarblue-collarblue-collarblue-collarblue-collarblue-collarblue-collarblue-collarblue-collarblue-collarblue-collarblue-collarblue-collarblue-collarblue-collarblue-collarblue-collarblue-collarblue-collarblue-collarblue-collarblue-collarblue-collarblue-collarblue-collarblue-collarblue-collarblue-collarblue-collarblue-collarblue-collarblue-collarblue-collarblue-collarblue-collarblue-collarblue-collarblue-collarblue-collarblue-collarblue-collarblue-collarblue-collarblue-collarblue-collarblue-collarblue-collarblue-collarblue-collarblue-collarblue-collarblue-collarblue-collarblue-collarblue-collarblue-collarblue-collarblue-collarblue-collarblue-collarblue-collarblue-collarblue-collarblue-collarblue-collarblue-collarblue-collarblue-collarblue-collarblue-collarblue-collarblue-collarblue-collarblue-collarblue-collarblue-collarblue-collarblue-collarblue-collarblue-collarblue-collarblue-collarblue-collarblue-collarblue-collarblue-collarblue-collarblue-collarblue-collarblue-collarblue-collarblue-collarblue-collarblue-collarblue-collarblue-collarblue-collarblue-collarblue-collarblue-collarblue-collarblue-collarblue-collarblue-collarblue-collarblue-collarblue-collarblue-collarblue-collarblue-collarblue-collarblue-collarblue-collarblue-collarblue-collarblue-collarblue-collarblue-collarblue-collarblue-collarblue-collarblue-collarblue-collarblue-collarblue-collarblue-collarblue-collarblue-collarblue-collarblue-collarblue-collarblue-collarblue-collarblue-collarblue-collarblue-collarblue-collarblue-collarblue-collarblue-collarblue-collarblue-collarblue-collarblue-collarblue-collarblue-collarblue-collarblue-collarblue-collarblue-collarblue-collarblue-collarblue-collarblue-collarblue-collarblue-collarblue-collarblue-collarblue-collarblue-collarblue-collarblue-collarblue-collarblue-collarblue-collarblue-collarblue-collarblue-collarblue-collarblue-collarblue-collarblue-collarblue-collarblue-collarblue-collarblue-collarblue-collarblue-collarblue-collarblue-collarblue-collarblue-collarblue-collarblue-collarblue-collarblue-collarblue-collarblue-collarblue-collarblue-collarblue-collarblue-collarblue-collarblue-collarblue-collarblue-collarblue-collarblue-collarblue-collarblue-collarblue-collarblue-collarblue-collarblue-collarblue-collarblue-collarblue-collarblue-collarblue-collarblue-collarblue-collarblue-collarblue-collarblue-collarblue-collarblue-collarblue-collarblue-collarblue-collarblue-collarblue-collarblue-collarblue-collarblue-collarblue-collarblue-collarblue-collarblue-collarblue-collarblue-collarblue-collarblue-collarblue-collarblue-collarblue-collarblue-collarblue-collarblue-collarblue-collarblue-collarblue-collarblue-collarblue-collarblue-collarblue-collarblue-collarblue-collarblue-collarblue-collarblue-collarblue-collarblue-collarblue-collarblue-collarblue-collarblue-collarblue-collarblue-collarblue-collarblue-collarblue-collarblue-collarblue-collarblue-collarblue-collarblue-collarblue-collarblue-collarblue-collarblue-collarblue-collarblue-collarblue-collarblue-collarblue-collarblue-collarblue-collarblue-collarblue-collarblue-collarblue-collarblue-collarblue-collarblue-collarblue-collarblue-collarblue-collarblue-collarblue-collarblue-collarblue-collarblue-collarblue-collarblue-collarblue-collarblue-collarblue-collarblue-collarblue-collarblue-collarblue-collarblue-collarblue-collarblue-collarblue-collarblue-collarblue-collarblue-collarblue-collarblue-collarblue-collarblue-collarblue-collarblue-collarblue-collarblue-collarblue-collarblue-collarblue-collarblue-collarblue-collarblue-collarblue-collarblue-collarblue-collarblue-collarblue-collarblue-collarblue-collarblue-collarblue-collarblue-collarblue-collarblue-collarblue-collarblue-collarblue-collarblue-collarblue-collarblue-collarblue-collarblue-collarblue-collarblue-collarblue-collarblue-collarblue-collarblue-collarblue-collarblue-collarblue-collarblue-collarblue-collarblue-collarblue-collarblue-collarblue-collarblue-collarblue-collarblue-collarblue-collarblue-collarblue-collarblue-collarblue-collarblue-collarblue-collarblue-collarblue-collarblue-collarblue-collarblue-collarblue-collarblue-collarblue-collarblue-collarblue-collarblue-collarblue-collarblue-collarblue-collarblue-collarblue-collarblue-collarblue-collarblue-collarblue-collarblue-collarblue-collarblue-collarblue-collarblue-collarblue-collarblue-collarblue-collarblue-collarblue-collarblue-collarblue-collarblue-collarblue-collarblue-collarblue-collarblue-collarblue-collarblue-collarblue-collarblue-collarblue-collarblue-collarblue-collarblue-collarblue-collarblue-collarblue-collarblue-collarblue-collarblue-collarblue-collarblue-collarblue-collarblue-collarblue-collarblue-collarblue-collarblue-collarblue-collarblue-collarblue-collarblue-collarblue-collarblue-collarblue-collarblue-collarblue-collarblue-collarblue-collarblue-collarblue-collarblue-collarblue-collarblue-collarblue-collarblue-collarblue-collarblue-collarblue-collarblue-collarblue-collarblue-collarblue-collarblue-collarblue-collarblue-collarblue-collarblue-collarblue-collarblue-collarblue-collarblue-collarblue-collarblue-collarblue-collarblue-collarblue-collarblue-collarblue-collarblue-collarblue-collarblue-collarblue-collarblue-collarblue-collarblue-collarblue-collarblue-collarblue-collarblue-collarblue-collarblue-collarblue-collarblue-collarblue-collarblue-collarblue-collarblue-collarblue-collarblue-collarblue-collarblue-collarblue-collarblue-collarblue-collarblue-collarblue-collarblue-collarblue-collarblue-collarblue-collarblue-collarblue-collarblue-collarblue-collarblue-collarblue-collarblue-collarblue-collarblue-collarblue-collarblue-collarblue-collarblue-collarblue-collarblue-collarblue-collarblue-collarblue-collarblue-collarblue-collarblue-collarblue-collarblue-collarblue-collarblue-collarblue-collarblue-collarblue-collarblue-collarblue-collarblue-collarblue-collarblue-collarblue-collarblue-collarblue-collarblue-collarblue-collarblue-collarblue-collarblue-collarblue-collarblue-collarblue-collarblue-collarblue-collarblue-collarblue-collarblue-collarblue-collarblue-collarblue-collarblue-collarblue-collarblue-collarblue-collarblue-collarblue-collarblue-collarblue-collarblue-collarblue-collarblue-collarblue-collarblue-collarblue-collarblue-collarblue-collarblue-collarblue-collarblue-collarblue-collarblue-collarblue-collarblue-collarblue-collarblue-collarblue-collarblue-collarblue-collarblue-collarblue-collarblue-collarblue-collarblue-collarblue-collarblue-collarblue-collarblue-collarblue-collarblue-collarblue-collarblue-collarblue-collarblue-collarblue-collarblue-collarblue-collarblue-collarblue-collarblue-collarblue-collarblue-collarblue-collarblue-collarblue-collarblue-collarblue-collarblue-collarblue-collarblue-collarblue-collarblue-collarblue-collarblue-collarblue-collarblue-collarblue-collarblue-collarblue-collarblue-collarblue-collarblue-collarblue-collarblue-collarblue-collarblue-collarblue-collarblue-collarblue-collarblue-collarblue-collarblue-collarblue-collarblue-collarblue-collarblue-collarblue-collarblue-collarblue-collarblue-collarblue-collarblue-collarblue-collarblue-collarblue-collarblue-collarblue-collarblue-collarblue-collarblue-collarblue-collarblue-collarblue-collarblue-collarblue-collarblue-collarblue-collarblue-collarblue-collarblue-collarblue-collarblue-collarblue-collarblue-collarblue-collarblue-collarblue-collarblue-collarblue-collarblue-collarblue-collarblue-collarblue-collarblue-collarblue-collarblue-collarblue-collarblue-collarblue-collarblue-collarblue-collarblue-collarblue-collarblue-collarblue-collarblue-collarblue-collarblue-collarblue-collarblue-collarblue-collarblue-collarblue-collarblue-collarblue-collarblue-collarblue-collarblue-collarblue-collarblue-collarblue-collarblue-collarblue-collarblue-collarblue-collarblue-collarblue-collarblue-collarblue-collarblue-collarblue-collarblue-collarblue-collarblue-collarblue-collarblue-collarblue-collarblue-collarblue-collarblue-collarblue-collarblue-collarblue-collarblue-collarblue-collarblue-collarblue-collarblue-collarblue-collarblue-collarblue-collarblue-collarblue-collarblue-collarblue-collarblue-collarblue-collarblue-collarblue-collarblue-collarblue-collarblue-collarblue-collarblue-collarblue-collarblue-collarblue-collarblue-collarblue-collarblue-collarblue-collarblue-collarblue-collarblue-collarblue-collarblue-collarblue-collarblue-collarblue-collarblue-collarblue-collarblue-collarblue-collarblue-collarblue-collarblue-collarblue-collarblue-collarblue-collarblue-collarblue-collarblue-collarblue-collarblue-collarblue-collarblue-collarblue-collarblue-collarblue-collarblue-collarblue-collarblue-collarblue-collarblue-collarblue-collarblue-collarblue-collarblue-collarblue-collarblue-collarblue-collarblue-collarblue-collarblue-collarblue-collarblue-collarblue-collarblue-collarblue-collarblue-collarblue-collarblue-collarblue-collarblue-collarblue-collarblue-collarblue-collarblue-collarblue-collarblue-collarblue-collarblue-collarblue-collarblue-collarblue-collarblue-collarblue-collarblue-collarblue-collarblue-collarblue-collarblue-collarblue-collarblue-collarblue-collarblue-collarblue-collarblue-collarblue-collarblue-collarblue-collarblue-collarblue-collarblue-collarblue-collarblue-collarblue-collarblue-collarblue-collarblue-collarblue-collarblue-collarblue-collarblue-collarblue-collarblue-collarblue-collarblue-collarblue-collarblue-collarblue-collarblue-collarblue-collarblue-collarblue-collarblue-collarblue-collarblue-collarblue-collarblue-collarblue-collarblue-collarblue-collarblue-collarblue-collarblue-collarblue-collarblue-collarblue-collarblue-collarblue-collarblue-collarblue-collarblue-collarblue-collarblue-collarblue-collarblue-collarblue-collarblue-collarblue-collarblue-collarblue-collarblue-collarblue-collarblue-collarblue-collarblue-collarblue-collarblue-collarblue-collarblue-collarblue-collarblue-collarblue-collarblue-collarblue-collarblue-collarblue-collarblue-collarblue-collarblue-collarblue-collarblue-collarblue-collarblue-collarblue-collarblue-collarblue-collarblue-collarblue-collarblue-collarblue-collarblue-collarblue-collarblue-collarblue-collarblue-collarblue-collarblue-collarblue-collarblue-collarblue-collarblue-collarblue-collarblue-collarblue-collarblue-collarblue-collarblue-collarblue-collarblue-collarblue-collarblue-collarblue-collarblue-collarblue-collarblue-collarblue-collarblue-collarblue-collarblue-collarblue-collarblue-collarblue-collarblue-collarblue-collarblue-collarblue-collarblue-collarblue-collarblue-collarblue-collarblue-collarblue-collarblue-collarblue-collarblue-collarblue-collarblue-collarblue-collarblue-collarblue-collarblue-collarblue-collarblue-collarblue-collarblue-collarblue-collarblue-collarblue-collarblue-collarblue-collarblue-collarblue-collarblue-collarblue-collarblue-collarblue-collarblue-collarblue-collarblue-collarblue-collarblue-collarblue-collarblue-collarblue-collarblue-collarblue-collarblue-collarblue-collarblue-collarblue-collarblue-collarblue-collarblue-collarblue-collarblue-collarblue-collarblue-collarblue-collarblue-collarblue-collarblue-collarblue-collarblue-collarblue-collarblue-collarblue-collarblue-collarblue-collarblue-collarblue-collarblue-collarblue-collarblue-collarblue-collarblue-collarblue-collarblue-collarblue-collarblue-collarblue-collarblue-collarblue-collarblue-collarblue-collarblue-collarblue-collarblue-collarblue-collarblue-collarblue-collarblue-collarblue-collarblue-collarblue-collarblue-collarblue-collarblue-collarblue-collarblue-collarblue-collarblue-collarblue-collarblue-collarblue-collarblue-collarblue-collarblue-collarblue-collarblue-collarblue-collarblue-collarblue-collarblue-collarblue-collarblue-collarblue-collarblue-collarblue-collarblue-collarblue-collarblue-collarblue-collarblue-collarblue-collarblue-collarblue-collarblue-collarblue-collarblue-collarblue-collarblue-collarblue-collarblue-collarblue-collarblue-collarblue-collarblue-collarblue-collarblue-collarblue-collarblue-collarblue-collarblue-collarblue-collarblue-collarblue-collarblue-collarblue-collarblue-collarblue-collarblue-collarblue-collarblue-collarblue-collarblue-collarblue-collarblue-collarblue-collarblue-collarblue-collarblue-collarblue-collarblue-collarblue-collarblue-collarblue-collarblue-collarblue-collarblue-collarblue-collarblue-collarblue-collarblue-collarblue-collarblue-collarblue-collarblue-collarblue-collarblue-collarblue-collarblue-collarblue-collarblue-collarblue-collarblue-collarblue-collarblue-collarblue-collarblue-collarblue-collarblue-collarblue-collarblue-collarblue-collarblue-collarblue-collarblue-collarblue-collarblue-collarblue-collarblue-collarblue-collarblue-collarblue-collarblue-collarblue-collarblue-collarblue-collarblue-collarblue-collarblue-collarblue-collarblue-collarblue-collarblue-collarblue-collarblue-collarblue-collarblue-collarblue-collarblue-collarblue-collarblue-collarblue-collarblue-collarblue-collarblue-collarblue-collarblue-collarblue-collarblue-collarblue-collarblue-collarblue-collarblue-collarblue-collarblue-collarblue-collarblue-collarblue-collarblue-collarblue-collarblue-collarblue-collarblue-collarblue-collarblue-collarblue-collarblue-collarblue-collarblue-collarblue-collarblue-collarblue-collarblue-collarblue-collarblue-collarblue-collarblue-collarblue-collarblue-collarblue-collarblue-collarblue-collarblue-collarblue-collarblue-collarblue-collarblue-collarblue-collarblue-collarblue-collarblue-collarblue-collarblue-collarblue-collarblue-collarblue-collarblue-collarblue-collarblue-collarblue-collarblue-collarblue-collarblue-collarblue-collarblue-collarblue-collarblue-collarblue-collarblue-collarblue-collarblue-collarblue-collarblue-collarblue-collarblue-collarblue-collarblue-collarblue-collarblue-collarblue-collarblue-collarblue-collarblue-collarblue-collarblue-collarblue-collarblue-collarblue-collarblue-collarblue-collarblue-collarblue-collarblue-collarblue-collarblue-collarblue-collarblue-collarblue-collarblue-collarblue-collarblue-collarblue-collarblue-collarblue-collarblue-collarblue-collarblue-collarblue-collarblue-collarblue-collarblue-collarblue-collarblue-collarblue-collarblue-collarblue-collarblue-collarblue-collarblue-collarblue-collarblue-collarblue-collarblue-collarblue-collarblue-collarblue-collarblue-collarblue-collarblue-collarblue-collarblue-collarblue-collarblue-collarblue-collarblue-collarblue-collarblue-collarblue-collarblue-collarblue-collarblue-collarblue-collarblue-collarblue-collarblue-collarblue-collarblue-collarblue-collarblue-collarblue-collarblue-collarblue-collarblue-collarblue-collarblue-collarblue-collarblue-collarblue-collarblue-collarblue-collarblue-collarblue-collarblue-collarblue-collarblue-collarblue-collarblue-collarblue-collarblue-collarblue-collarblue-collarblue-collarblue-collarblue-collarblue-collarblue-collarblue-collarblue-collarblue-collarblue-collarblue-collarblue-collarblue-collarblue-collarblue-collarblue-collarblue-collarblue-collarblue-collarblue-collarblue-collarblue-collarblue-collarblue-collarblue-collarblue-collarblue-collarblue-collarblue-collarblue-collarblue-collarblue-collarblue-collarblue-collarblue-collarblue-collarblue-collarblue-collarblue-collarblue-collarblue-collarblue-collarblue-collarblue-collarblue-collarblue-collarblue-collarblue-collarblue-collarblue-collarblue-collarblue-collarblue-collarblue-collarblue-collarblue-collarblue-collarblue-collarblue-collarblue-collarblue-collarblue-collarblue-collarblue-collarblue-collarblue-collarblue-collarblue-collarblue-collarblue-collarblue-collarblue-collarblue-collarblue-collarblue-collarblue-collarblue-collarblue-collarblue-collarblue-collarblue-collarblue-collarblue-collarblue-collarblue-collarblue-collarblue-collarblue-collarblue-collarblue-collarblue-collarblue-collarblue-collarblue-collarblue-collarblue-collarblue-collarblue-collarblue-collarblue-collarblue-collarblue-collarblue-collarblue-collarblue-collarblue-collarblue-collarblue-collarblue-collarblue-collarblue-collarblue-collarblue-collarblue-collarblue-collarblue-collarblue-collarblue-collarblue-collarblue-collarblue-collarblue-collarblue-collarblue-collarblue-collarblue-collarblue-collarblue-collarblue-collarblue-collarblue-collarblue-collarblue-collarblue-collarblue-collarblue-collarblue-collarblue-collarblue-collarblue-collarblue-collarblue-collarblue-collarblue-collarblue-collarblue-collarblue-collarblue-collarblue-collarblue-collarblue-collarblue-collarblue-collarblue-collarblue-collarblue-collarblue-collarblue-collarblue-collarblue-collarblue-collarblue-collarblue-collarblue-collarblue-collarblue-collarblue-collarblue-collarblue-collarblue-collarblue-collarblue-collarblue-collarblue-collarblue-collarblue-collarblue-collarblue-collarblue-collarblue-collarblue-collarblue-collarblue-collarblue-collarblue-collarblue-collarblue-collarblue-collarblue-collarblue-collarblue-collarblue-collarblue-collarblue-collarblue-collarblue-collarblue-collarblue-collarblue-collarblue-collarblue-collarblue-collarblue-collarblue-collarblue-collarblue-collarblue-collarblue-collarblue-collarblue-collarblue-collarblue-collarblue-collarblue-collarblue-collarblue-collarblue-collarblue-collarblue-collarblue-collarblue-collarblue-collarblue-collarblue-collarblue-collarblue-collarblue-collarblue-collarblue-collarblue-collarblue-collarblue-collarblue-collarblue-collarblue-collarblue-collarblue-collarblue-collarblue-collarblue-collarblue-collarblue-collarblue-collarblue-collarblue-collarblue-collarblue-collarblue-collarblue-collarblue-collarblue-collarblue-collarblue-collarblue-collarblue-collarblue-collarblue-collarblue-collarblue-collarblue-collarblue-collarblue-collarblue-collarblue-collarblue-collarblue-collarblue-collarblue-collarblue-collarblue-collarblue-collarblue-collarblue-collarblue-collarblue-collarblue-collarblue-collarblue-collarblue-collarblue-collarblue-collarblue-collarblue-collarblue-collarblue-collarblue-collarblue-collarblue-collarblue-collarblue-collarblue-collarblue-collarblue-collarblue-collarblue-collarblue-collarblue-collarblue-collarblue-collarblue-collarblue-collarblue-collarblue-collarblue-collarblue-collarblue-collarblue-collarblue-collarblue-collarblue-collarblue-collarblue-collarblue-collarblue-collarblue-collarblue-collarblue-collarblue-collarblue-collarblue-collarblue-collarblue-collarblue-collarblue-collarblue-collarblue-collarblue-collarblue-collarblue-collarblue-collarblue-collarblue-collarblue-collarblue-collarblue-collarblue-collarblue-collarblue-collarblue-collarblue-collarblue-collarblue-collarblue-collarblue-collarblue-collarblue-collarblue-collarblue-collarblue-collarblue-collarblue-collarblue-collarblue-collarblue-collarblue-collarblue-collarblue-collarblue-collarblue-collarblue-collarblue-collarblue-collarblue-collarblue-collarblue-collarblue-collarblue-collarblue-collarblue-collarblue-collarblue-collarblue-collarblue-collarblue-collarblue-collarblue-collarblue-collarblue-collarblue-collarblue-collarblue-collarblue-collarblue-collarblue-collarblue-collarblue-collarblue-collarblue-collarblue-collarblue-collarblue-collarblue-collarblue-collarblue-collarblue-collarblue-collarblue-collarblue-collarblue-collarblue-collarblue-collarblue-collarblue-collarblue-collarblue-collarblue-collarblue-collarblue-collarblue-collarblue-collarblue-collarblue-collarblue-collarblue-collarblue-collarblue-collarblue-collarblue-collarblue-collarblue-collarblue-collarblue-collarblue-collarblue-collarblue-collarblue-collarblue-collarblue-collarblue-collarblue-collarblue-collarblue-collarblue-collarblue-collarblue-collarblue-collarblue-collarblue-collarblue-collarblue-collarblue-collarblue-collarblue-collarblue-collarblue-collarblue-collarblue-collarblue-collarblue-collarblue-collarblue-collarblue-collarblue-collarblue-collarblue-collarblue-collarblue-collarblue-collarblue-collarblue-collarblue-collarblue-collarblue-collarblue-collarblue-collarblue-collarblue-collarblue-collarblue-collarblue-collarblue-collarblue-collarblue-collarblue-collarblue-collarblue-collarblue-collarblue-collarblue-collarblue-collarblue-collarblue-collarblue-collarblue-collarblue-collarblue-collarblue-collarblue-collarblue-collarblue-collarblue-collarblue-collarblue-collarblue-collarblue-collarblue-collarblue-collarblue-collarblue-collarblue-collarblue-collarblue-collarblue-collarblue-collarblue-collarblue-collarblue-collarblue-collarblue-collarblue-collarblue-collarblue-collarblue-collarblue-collarblue-collarblue-collarblue-collarblue-collarblue-collarblue-collarblue-collarblue-collarblue-collarblue-collarblue-collarblue-collarblue-collarblue-collarblue-collarblue-collarblue-collarblue-collarblue-collarblue-collarblue-collarblue-collarblue-collarblue-collarblue-collarblue-collarblue-collarblue-collarblue-collarblue-collarblue-collarblue-collarblue-collarblue-collarblue-collarblue-collarblue-collarblue-collarblue-collarblue-collarblue-collarblue-collarblue-collarblue-collarblue-collarblue-collarblue-collarblue-collarblue-collarblue-collarblue-collarblue-collarblue-collarblue-collarblue-collarblue-collarblue-collarblue-collarblue-collarblue-collarblue-collarblue-collarblue-collarblue-collarblue-collarblue-collarblue-collarblue-collarblue-collarblue-collarblue-collarblue-collarblue-collarblue-collarblue-collarblue-collarblue-collarblue-collarblue-collarblue-collarblue-collarblue-collarblue-collarblue-collarblue-collarblue-collarblue-collarblue-collarblue-collarblue-collarblue-collarblue-collarblue-collarblue-collarblue-collarblue-collarblue-collarblue-collarblue-collarblue-collarblue-collarblue-collarblue-collarblue-collarblue-collarblue-collarblue-collarblue-collarblue-collarblue-collarblue-collarblue-collarblue-collarblue-collarblue-collarblue-collarblue-collarblue-collarblue-collarblue-collarblue-collarblue-collarblue-collarblue-collarblue-collarblue-collarblue-collarblue-collarblue-collarblue-collarblue-collarblue-collarblue-collarblue-collarblue-collarblue-collarblue-collarblue-collarblue-collarblue-collarblue-collarblue-collarblue-collarblue-collarblue-collarblue-collarblue-collarblue-collarblue-collarblue-collarblue-collarblue-collarblue-collarblue-collarblue-collarblue-collarblue-collarblue-collarblue-collarblue-collarblue-collarblue-collarblue-collarblue-collarblue-collarblue-collarblue-collarblue-collarblue-collarblue-collarblue-collarblue-collarblue-collarblue-collarblue-collarblue-collarblue-collarblue-collarblue-collarblue-collarblue-collarblue-collarblue-collarblue-collarblue-collarblue-collarblue-collarblue-collarblue-collarblue-collarblue-collarblue-collarblue-collarblue-collarblue-collarblue-collarblue-collarblue-collarblue-collarblue-collarblue-collarblue-collarblue-collarblue-collarblue-collarblue-collarblue-collarblue-collarblue-collarblue-collarblue-collarblue-collarblue-collarblue-collarblue-collarblue-collarblue-collarblue-collarblue-collarblue-collarblue-collarblue-collarblue-collarblue-collarblue-collarblue-collarblue-collarblue-collarblue-collarblue-collarblue-collarblue-collarblue-collarblue-collarblue-collarblue-collarblue-collarblue-collarblue-collarblue-collarblue-collarblue-collarblue-collarblue-collarblue-collarblue-collarblue-collarblue-collarblue-collarblue-collarblue-collarblue-collarblue-collarblue-collarblue-collarblue-collarblue-collarblue-collarblue-collarblue-collarblue-collarblue-collarblue-collarblue-collarblue-collarblue-collarblue-collarblue-collarblue-collarblue-collarblue-collarblue-collarblue-collarblue-collarblue-collarblue-collarblue-collarblue-collarblue-collarblue-collarblue-collarblue-collarblue-collarblue-collarblue-collarblue-collarblue-collarblue-collarblue-collarblue-collarblue-collarblue-collarblue-collarblue-collarblue-collarblue-collarblue-collarblue-collarblue-collarblue-collarblue-collarblue-collarblue-collarblue-collarblue-collarblue-collarblue-collarblue-collarblue-collarblue-collarblue-collarblue-collarblue-collarblue-collarblue-collarblue-collarblue-collarblue-collarblue-collarblue-collarblue-collarblue-collarblue-collarblue-collarblue-collarblue-collarblue-collarblue-collarblue-collarblue-collarblue-collarblue-collarblue-collarblue-collarblue-collarblue-collarblue-collarblue-collarblue-collarblue-collarblue-collarblue-collarblue-collarblue-collarblue-collarblue-collarblue-collarblue-collarblue-collarblue-collarblue-collarblue-collarblue-collarblue-collarblue-collarblue-collarblue-collarblue-collarblue-collarblue-collarblue-collarblue-collarblue-collarblue-collarblue-collarblue-collarblue-collarblue-collarblue-collarblue-collarblue-collarblue-collarblue-collarblue-collarblue-collarblue-collarblue-collarblue-collarblue-collarblue-collarblue-collarblue-collarblue-collarblue-collarblue-collarblue-collarblue-collarblue-collarblue-collarblue-collarblue-collarblue-collarblue-collarblue-collarblue-collarblue-collarblue-collarblue-collarblue-collarblue-collarblue-collarblue-collarblue-collarblue-collarblue-collarblue-collarblue-collarblue-collarblue-collarblue-collarblue-collarblue-collarblue-collarblue-collarblue-collarblue-collarblue-collarblue-collarblue-collarblue-collarblue-collarblue-collarblue-collarblue-collarblue-collarblue-collarblue-collarblue-collarblue-collarblue-collarblue-collarblue-collarblue-collarblue-collarblue-collarblue-collarblue-collarblue-collarblue-collarblue-collarblue-collarblue-collarblue-collarblue-collarblue-collarblue-collarblue-collarblue-collarblue-collarblue-collarblue-collarblue-collarblue-collarblue-collarblue-collarblue-collarblue-collarblue-collarblue-collarblue-collarblue-collarblue-collarblue-collarblue-collarblue-collarblue-collarblue-collarblue-collarblue-collarblue-collarblue-collarblue-collarblue-collarblue-collarblue-collarblue-collarblue-collarblue-collarblue-collarblue-collarblue-collarblue-collarblue-collarblue-collarblue-collarblue-collarblue-collarblue-collarblue-collarblue-collarblue-collarblue-collarblue-collarblue-collarblue-collarblue-collarblue-collarblue-collarblue-collarblue-collarblue-collarblue-collarblue-collarblue-collarblue-collarblue-collarblue-collarblue-collarblue-collarblue-collarblue-collarblue-collarblue-collarblue-collarblue-collarblue-collarblue-collarblue-collarblue-collarblue-collarblue-collarblue-collarblue-collarblue-collarblue-collarblue-collarblue-collarblue-collarblue-collarblue-collarblue-collarblue-collarblue-collarblue-collarblue-collarblue-collarblue-collarblue-collarblue-collarblue-collarblue-collarblue-collarblue-collarblue-collarblue-collarblue-collarblue-collarblue-collarblue-collarblue-collarblue-collarblue-collarblue-collarblue-collarblue-collarblue-collarblue-collarblue-collarblue-collarblue-collarblue-collarblue-collarblue-collarblue-collarblue-collarblue-collarblue-collarblue-collarblue-collarblue-collarblue-collarblue-collarblue-collarblue-collarblue-collarblue-collarblue-collarblue-collarblue-collarblue-collarblue-collarblue-collarblue-collarblue-collarblue-collarblue-collarblue-collarblue-collarblue-collarblue-collarblue-collarblue-collarblue-collarblue-collarblue-collarblue-collarblue-collarblue-collarblue-collarblue-collarblue-collarblue-collarblue-collarblue-collarblue-collarblue-collarblue-collarblue-collarblue-collarblue-collarblue-collarblue-collarblue-collarblue-collarblue-collarblue-collarblue-collarblue-collarblue-collarblue-collarblue-collarblue-collarblue-collarblue-collarblue-collarblue-collarblue-collarblue-collarblue-collarblue-collarblue-collarblue-collarblue-collarblue-collarblue-collarblue-collarblue-collarblue-collarblue-collarblue-collarblue-collarblue-collarblue-collarblue-collarblue-collarblue-collarblue-collarblue-collarblue-collarblue-collarblue-collarblue-collarblue-collarblue-collarblue-collarblue-collarblue-collarblue-collarblue-collarblue-collarblue-collarblue-collarblue-collarblue-collarblue-collarblue-collarblue-collarblue-collarblue-collarblue-collarblue-collarblue-collarblue-collarblue-collarblue-collarblue-collarblue-collarblue-collarblue-collarblue-collarblue-collarblue-collarblue-collarblue-collarblue-collarblue-collarblue-collarblue-collarblue-collarblue-collarblue-collarblue-collarblue-collarblue-collarblue-collarblue-collarblue-collarblue-collarblue-collarblue-collarblue-collarblue-collarblue-collarblue-collarblue-collarblue-collarblue-collarblue-collarblue-collarblue-collarblue-collarblue-collarblue-collarblue-collarblue-collarblue-collarblue-collarblue-collarblue-collarblue-collarblue-collarblue-collarblue-collarblue-collarblue-collarblue-collarblue-collarblue-collarblue-collarblue-collarblue-collarblue-collarblue-collarblue-collarblue-collarblue-collarblue-collarblue-collarblue-collarblue-collarblue-collarblue-collarblue-collarblue-collarblue-collarblue-collarblue-collarblue-collarblue-collarblue-collarblue-collarblue-collarblue-collarblue-collarblue-collarblue-collarblue-collarblue-collarblue-collarblue-collarblue-collarblue-collarblue-collarblue-collarblue-collarblue-collarblue-collarblue-collarblue-collarblue-collarblue-collarblue-collarblue-collarblue-collarblue-collarblue-collarblue-collarblue-collarblue-collarblue-collarblue-collarblue-collarblue-collarblue-collarblue-collarblue-collarblue-collarblue-collarblue-collarblue-collarblue-collarblue-collarblue-collarblue-collarblue-collarblue-collarblue-collarblue-collarblue-collarblue-collarblue-collarblue-collarblue-collarblue-collarblue-collarblue-collarblue-collarblue-collarblue-collarblue-collarblue-collarblue-collarblue-collarblue-collarblue-collarblue-collarblue-collarblue-collarblue-collarblue-collarblue-collarblue-collarblue-collarblue-collarblue-collarblue-collarblue-collarblue-collarblue-collarblue-collarblue-collarblue-collarblue-collarblue-collarblue-collarblue-collarblue-collarblue-collarblue-collarblue-collarblue-collarblue-collarblue-collarblue-collarblue-collarblue-collarblue-collarblue-collarblue-collarblue-collarblue-collarblue-collarblue-collarblue-collarblue-collarblue-collarblue-collarblue-collarblue-collarblue-collarblue-collarblue-collarblue-collarblue-collarblue-collarblue-collarblue-collarblue-collarblue-collarblue-collarblue-collarblue-collarblue-collarblue-collarblue-collarblue-collarblue-collarblue-collarblue-collarblue-collarblue-collarblue-collarblue-collarblue-collarblue-collarblue-collarblue-collarblue-collarblue-collarblue-collarblue-collarblue-collarblue-collarblue-collarblue-collarblue-collarblue-collarblue-collarblue-collarblue-collarblue-collarblue-collarblue-collarblue-collarblue-collarblue-collarblue-collarblue-collarblue-collarblue-collarblue-collarblue-collarblue-collarblue-collarblue-collarblue-collarblue-collarblue-collarblue-collarblue-collarblue-collarblue-collarblue-collarblue-collarblue-collarblue-collarblue-collarblue-collarblue-collarblue-collarblue-collarblue-collarblue-collarblue-collarblue-collarblue-collarblue-collarblue-collarblue-collarblue-collarblue-collarblue-collarblue-collarblue-collarblue-collarblue-collarblue-collarblue-collarblue-collarblue-collarblue-collarblue-collarblue-collarblue-collarblue-collarblue-collarblue-collarblue-collarblue-collarblue-collarblue-collarblue-collarblue-collarblue-collarblue-collarblue-collarblue-collarblue-collarblue-collarblue-collarblue-collarblue-collarblue-collarblue-collarblue-collarblue-collarblue-collarblue-collarblue-collarblue-collarblue-collarblue-collarblue-collarblue-collarblue-collarblue-collarblue-collarblue-collarblue-collarblue-collarblue-collarblue-collarblue-collarblue-collarblue-collarblue-collarblue-collarblue-collarblue-collarblue-collarblue-collarblue-collarblue-collarblue-collarblue-collarblue-collarblue-collarblue-collarblue-collarblue-collarblue-collarblue-collarblue-collarblue-collarblue-collarblue-collarblue-collarblue-collarblue-collarblue-collarblue-collarblue-collarblue-collarblue-collarblue-collarblue-collarblue-collarblue-collarblue-collarblue-collarblue-collarblue-collarblue-collarblue-collarblue-collarblue-collarblue-collarblue-collarblue-collarblue-collarblue-collarblue-collarblue-collarblue-collarblue-collarblue-collarblue-collarblue-collarblue-collarblue-collarblue-collarblue-collarblue-collarblue-collarblue-collarblue-collarblue-collarblue-collarblue-collarblue-collarblue-collarblue-collarblue-collarblue-collarblue-collarblue-collarblue-collarblue-collarblue-collarblue-collarblue-collarblue-collarblue-collarblue-collarblue-collarblue-collarblue-collarblue-collarblue-collarblue-collarblue-collarblue-collarblue-collarblue-collarblue-collarblue-collarblue-collarblue-collarblue-collarblue-collarblue-collarblue-collarblue-collarblue-collarblue-collarblue-collarblue-collarblue-collarblue-collarblue-collarblue-collarblue-collarblue-collarblue-collarblue-collarblue-collarblue-collarblue-collarblue-collarblue-collarblue-collarblue-collarblue-collarblue-collarblue-collarblue-collarblue-collarblue-collarblue-collarblue-collarblue-collarblue-collarblue-collarblue-collarblue-collarblue-collarblue-collarblue-collarblue-collarblue-collarblue-collarblue-collarblue-collarblue-collarblue-collarblue-collarblue-collarblue-collarblue-collarblue-collarblue-collarblue-collarblue-collarblue-collarblue-collarblue-collarblue-collarblue-collarblue-collarblue-collarblue-collarblue-collarblue-collarblue-collarblue-collarblue-collarblue-collarblue-collarblue-collarblue-collarblue-collarblue-collarblue-collarblue-collarblue-collarblue-collarblue-collarblue-collarblue-collarblue-collarblue-collarblue-collarblue-collarblue-collarblue-collarblue-collarblue-collarblue-collarblue-collarblue-collarblue-collarblue-collarblue-collarblue-collarblue-collarblue-collarblue-collarblue-collarblue-collarblue-collarblue-collarblue-collarblue-collarblue-collarblue-collarblue-collarblue-collarblue-collarblue-collarblue-collarblue-collarblue-collarblue-collarblue-collarblue-collarblue-collarblue-collarblue-collarblue-collarblue-collarblue-collarblue-collarblue-collarblue-collarblue-collarblue-collarblue-collarblue-collarblue-collarblue-collarblue-collarblue-collarblue-collarblue-collarblue-collarblue-collarblue-collarblue-collarblue-collarblue-collarblue-collarblue-collarblue-collarblue-collarblue-collarblue-collarblue-collarblue-collarblue-collarblue-collarblue-collarblue-collarblue-collarblue-collarblue-collarblue-collarblue-collarblue-collarblue-collarblue-collarblue-collarblue-collarblue-collarblue-collarblue-collarblue-collarblue-collarblue-collarblue-collarblue-collarblue-collarblue-collarblue-collarblue-collarblue-collarblue-collarblue-collarblue-collarblue-collarblue-collarblue-collarblue-collarblue-collarblue-collarblue-collarblue-collarblue-collarblue-collarblue-collarblue-collarblue-collarblue-collarblue-collarblue-collarblue-collarblue-collarblue-collarblue-collarblue-collarblue-collarblue-collarblue-collarblue-collarblue-collarblue-collarblue-collarblue-collarblue-collarblue-collarblue-collarblue-collarblue-collarblue-collarblue-collarblue-collarblue-collarblue-collarblue-collarblue-collarblue-collarblue-collarblue-collarblue-collarblue-collarblue-collarblue-collarblue-collarblue-collarblue-collarblue-collarblue-collarblue-collarblue-collarblue-collarblue-collarblue-collarblue-collarblue-collarblue-collarblue-collarblue-collarblue-collarblue-collarblue-collarblue-collarblue-collarblue-collarblue-collarblue-collarblue-collarblue-collarblue-collarblue-collarblue-collarblue-collarblue-collarblue-collarblue-collarblue-collarblue-collarblue-collarblue-collarblue-collarblue-collarblue-collarblue-collarblue-collarblue-collarblue-collarblue-collarblue-collarblue-collarblue-collarblue-collarblue-collarblue-collarblue-collarblue-collarblue-collarblue-collarblue-collarblue-collarblue-collarblue-collarblue-collarblue-collarblue-collarblue-collarblue-collarblue-collarblue-collarblue-collarblue-collarblue-collarblue-collarblue-collarblue-collarblue-collarblue-collarblue-collarblue-collarblue-collarblue-collarblue-collarblue-collarblue-collarblue-collarblue-collarblue-collarblue-collarblue-collarblue-collarblue-collarblue-collarblue-collarblue-collarblue-collarblue-collarblue-collarblue-collarblue-collarblue-collarblue-collarblue-collarblue-collarblue-collarblue-collarblue-collarblue-collarblue-collarblue-collarblue-collarblue-collarblue-collarblue-collarblue-collarblue-collarblue-collarblue-collarblue-collarblue-collarblue-collarblue-collarblue-collarblue-collarblue-collarblue-collarblue-collarblue-collarblue-collarblue-collarblue-collarblue-collarblue-collarblue-collarblue-collarblue-collarblue-collarblue-collarblue-collarblue-collarblue-collarblue-collarblue-collarblue-collarblue-collarblue-collarblue-collarblue-collarblue-collarblue-collarblue-collarblue-collarblue-collarblue-collarblue-collarblue-collarblue-collarblue-collarblue-collarblue-collarblue-collarblue-collarblue-collarblue-collarblue-collarblue-collarblue-collarblue-collarblue-collarblue-collarblue-collarblue-collarblue-collarblue-collarblue-collarblue-collarblue-collarblue-collarblue-collarblue-collarblue-collarblue-collarblue-collarblue-collarblue-collarblue-collarblue-collarblue-collarblue-collarblue-collarblue-collarblue-collarblue-collarblue-collarblue-collarblue-collarblue-collarblue-collarblue-collarblue-collarblue-collarblue-collarblue-collarblue-collarblue-collarblue-collarblue-collarblue-collarblue-collarblue-collarblue-collarblue-collarblue-collarblue-collarblue-collarblue-collarblue-collarblue-collarblue-collarblue-collarblue-collarblue-collarblue-collarblue-collarblue-collarblue-collarblue-collarblue-collarblue-collarblue-collarblue-collarblue-collarblue-collarblue-collarblue-collarblue-collarblue-collarblue-collarblue-collarblue-collarblue-collarblue-collarblue-collarblue-collarblue-collarblue-collarblue-collarblue-collarblue-collarblue-collarblue-collarblue-collarblue-collarblue-collarblue-collarblue-collarblue-collarblue-collarblue-collarblue-collarblue-collarblue-collarblue-collarblue-collarblue-collarblue-collarblue-collarblue-collarblue-collarblue-collarblue-collarblue-collarblue-collarblue-collarblue-collarblue-collarblue-collarblue-collarblue-collarblue-collarblue-collarblue-collarblue-collarblue-collarblue-collarblue-collarblue-collarblue-collarblue-collarblue-collarblue-collarblue-collarblue-collarblue-collarblue-collarblue-collarblue-collarblue-collarblue-collarblue-collarblue-collarblue-collarblue-collarblue-collarblue-collarblue-collarblue-collarblue-collarblue-collarblue-collarblue-collarblue-collarblue-collarblue-collarblue-collarblue-collarblue-collarblue-collarblue-collarblue-collarblue-collarblue-collarblue-collarblue-collarblue-collarblue-collarblue-collarblue-collarblue-collarblue-collarblue-collarblue-collarblue-collarblue-collarblue-collarblue-collarblue-collarblue-collarblue-collarblue-collarblue-collarblue-collarblue-collarblue-collarblue-collarblue-collarblue-collarblue-collarblue-collarblue-collarblue-collarblue-collarblue-collarblue-collarblue-collarblue-collarblue-collarblue-collarblue-collarblue-collarblue-collarblue-collarblue-collarblue-collarblue-collarblue-collarblue-collarblue-collarblue-collarblue-collarblue-collarblue-collarblue-collarblue-collarblue-collarblue-collarblue-collarblue-collarblue-collarblue-collarblue-collarblue-collarblue-collarblue-collarblue-collarblue-collarblue-collarblue-collarblue-collarblue-collarblue-collarblue-collarblue-collarblue-collarblue-collarblue-collarblue-collarblue-collarblue-collarblue-collarblue-collarblue-collarblue-collarblue-collarblue-collarblue-collarblue-collarblue-collarblue-collarblue-collarblue-collarblue-collarblue-collarblue-collarblue-collarblue-collarblue-collarblue-collarblue-collarblue-collarblue-collarblue-collarblue-collarblue-collarblue-collarblue-collarblue-collarblue-collarblue-collarblue-collarblue-collarblue-collarblue-collarblue-collarblue-collarblue-collarblue-collarblue-collarblue-collarblue-collarblue-collarblue-collarblue-collarblue-collarblue-collarblue-collarblue-collarblue-collarblue-collarblue-collarblue-collarblue-collarblue-collarblue-collarblue-collarblue-collarblue-collarblue-collarblue-collarblue-collarblue-collarblue-collarblue-collarblue-collarblue-collarblue-collarblue-collarblue-collarblue-collarblue-collarblue-collarblue-collarblue-collarblue-collarblue-collarblue-collarblue-collarblue-collarblue-collarblue-collarblue-collarblue-collarblue-collarblue-collarblue-collarblue-collarblue-collarblue-collarblue-collarblue-collarblue-collarblue-collarblue-collarblue-collarblue-collarblue-collarblue-collarblue-collarblue-collarblue-collarblue-collarblue-collarblue-collarblue-collarblue-collarblue-collarblue-collarblue-collarblue-collarblue-collarblue-collarblue-collarblue-collarblue-collarblue-collarblue-collarblue-collarblue-collarblue-collarblue-collarblue-collarblue-collarblue-collarblue-collarblue-collarblue-collarblue-collarblue-collarblue-collarblue-collarblue-collarblue-collarblue-collarblue-collarblue-collarblue-collarblue-collarblue-collarblue-collarblue-collarblue-collarblue-collarblue-collarblue-collarblue-collarblue-collarblue-collarblue-collarblue-collarblue-collarblue-collarblue-collarblue-collarblue-collarblue-collarblue-collarblue-collarblue-collarblue-collarblue-collarblue-collarblue-collarblue-collarblue-collarblue-collarblue-collarblue-collarblue-collarblue-collarblue-collarblue-collarblue-collarblue-collarblue-collarblue-collarblue-collarblue-collarblue-collarblue-collarblue-collarblue-collarblue-collarblue-collarblue-collarblue-collarblue-collarblue-collarblue-collarblue-collarblue-collarblue-collarblue-collarblue-collarblue-collarblue-collarblue-collarblue-collarblue-collarblue-collarblue-collarblue-collarblue-collarblue-collarblue-collarblue-collarblue-collarblue-collarblue-collarblue-collarblue-collarblue-collarblue-collarblue-collarblue-collarblue-collarblue-collarblue-collarblue-collarblue-collarblue-collarblue-collarblue-collarblue-collarblue-collarblue-collarblue-collarblue-collarblue-collarblue-collarblue-collarblue-collarblue-collarblue-collarblue-collarblue-collarblue-collarblue-collarblue-collarblue-collarblue-collarblue-collarblue-collarblue-collarblue-collarblue-collarblue-collarblue-collarblue-collarblue-collarblue-collarblue-collarblue-collarblue-collarblue-collarblue-collarblue-collarblue-collarblue-collarblue-collarblue-collarblue-collarblue-collarblue-collarblue-collarblue-collarblue-collarblue-collarblue-collarblue-collarblue-collarblue-collarblue-collarblue-collarblue-collarblue-collarblue-collarblue-collarblue-collarblue-collarblue-collarblue-collarblue-collarblue-collarblue-collarblue-collarblue-collarblue-collarblue-collarblue-collarblue-collarblue-collarblue-collarblue-collarblue-collarblue-collarblue-collarblue-collarblue-collarblue-collarblue-collarblue-collarblue-collarblue-collarblue-collarblue-collarblue-collarblue-collarblue-collarblue-collarblue-collarblue-collarblue-collarblue-collarblue-collarblue-collarblue-collarblue-collarblue-collarblue-collarblue-collarblue-collarblue-collarblue-collarblue-collarblue-collarblue-collarblue-collarblue-collarblue-collarblue-collarblue-collarblue-collarblue-collarblue-collarblue-collarblue-collarblue-collarblue-collarblue-collarblue-collarblue-collarblue-collarblue-collarblue-collarblue-collarblue-collarblue-collarblue-collarblue-collarblue-collarblue-collarblue-collarblue-collarblue-collarblue-collarblue-collarblue-collarblue-collarblue-collarblue-collarblue-collarblue-collarblue-collarblue-collarblue-collarblue-collarblue-collarblue-collarblue-collarblue-collarblue-collarblue-collarblue-collarblue-collarblue-collarblue-collarblue-collarblue-collarblue-collarblue-collarblue-collarblue-collarblue-collarblue-collarblue-collarblue-collarblue-collarblue-collarblue-collarblue-collarblue-collarblue-collarblue-collarblue-collarblue-collarblue-collarblue-collarblue-collarblue-collarblue-collarblue-collarblue-collarblue-collarblue-collarblue-collarblue-collarblue-collarblue-collarblue-collarblue-collarblue-collarblue-collarblue-collarblue-collarblue-collarblue-collarblue-collarblue-collarblue-collarblue-collarblue-collarblue-collarblue-collarblue-collarblue-collarblue-collarblue-collarblue-collarblue-collarblue-collarblue-collarblue-collarblue-collarblue-collarblue-collarblue-collarblue-collarblue-collarblue-collarblue-collarblue-collarblue-collarblue-collarblue-collarblue-collarblue-collarblue-collarblue-collarblue-collarblue-collarblue-collarblue-collarblue-collarblue-collarblue-collarblue-collarblue-collarblue-collarblue-collarblue-collarblue-collarblue-collarblue-collarblue-collarblue-collarblue-collarblue-collarblue-collarblue-collarblue-collarblue-collarblue-collarblue-collarblue-collarblue-collarblue-collarblue-collarblue-collarblue-collarblue-collarblue-collarblue-collarblue-collarblue-collarblue-collarblue-collarblue-collarblue-collarblue-collarblue-collarblue-collarblue-collarblue-collarblue-collarblue-collarblue-collarblue-collarblue-collarblue-collarblue-collarblue-collarblue-collarblue-collarblue-collarblue-collarblue-collarblue-collarblue-collarblue-collarblue-collarblue-collarblue-collarblue-collarblue-collarblue-collarblue-collarblue-collarblue-collarblue-collarblue-collarblue-collarblue-collarblue-collarblue-collarblue-collarblue-collarblue-collarblue-collarblue-collarblue-collarblue-collarblue-collarblue-collarblue-collarblue-collarblue-collarblue-collarblue-collarblue-collarblue-collarblue-collarblue-collarblue-collarblue-collarblue-collarblue-collarblue-collarblue-collarblue-collarblue-collarblue-collarblue-collarblue-collarblue-collarblue-collarblue-collarblue-collarblue-collarblue-collarblue-collarblue-collarblue-collarblue-collarblue-collarblue-collarblue-collarblue-collarblue-collarblue-collarblue-collarblue-collarblue-collarblue-collarblue-collarblue-collarblue-collarblue-collarblue-collarblue-collarblue-collarblue-collarblue-collarblue-collarblue-collarblue-collarblue-collarblue-collarblue-collarblue-collarblue-collarblue-collarblue-collarblue-collarblue-collarblue-collarblue-collarblue-collarblue-collarblue-collarblue-collarblue-collarblue-collarblue-collarblue-collarblue-collarblue-collarblue-collarblue-collarblue-collarblue-collarblue-collarblue-collarblue-collarblue-collarblue-collarblue-collarblue-collarblue-collarblue-collarblue-collarblue-collarblue-collarblue-collarblue-collarblue-collarblue-collarblue-collarblue-collarblue-collarblue-collarblue-collarblue-collarblue-collarblue-collarblue-collarblue-collarblue-collarblue-collarblue-collarblue-collarblue-collarblue-collarblue-collarblue-collarblue-collarblue-collarblue-collarblue-collarblue-collarblue-collarblue-collarblue-collarblue-collarblue-collarblue-collarblue-collarblue-collarblue-collarblue-collarblue-collarblue-collarblue-collarblue-collarblue-collarblue-collarblue-collarblue-collarblue-collarblue-collarblue-collarblue-collarblue-collarblue-collarblue-collarblue-collarblue-collarblue-collarblue-collarblue-collarblue-collarblue-collarblue-collarblue-collarblue-collarblue-collarblue-collarblue-collarblue-collarblue-collarblue-collarblue-collarblue-collarblue-collarblue-collarblue-collarblue-collarblue-collarblue-collarblue-collarblue-collarblue-collarblue-collarblue-collarblue-collarblue-collarblue-collarblue-collarblue-collarblue-collarblue-collarblue-collarblue-collarblue-collarblue-collarblue-collarblue-collarblue-collarblue-collarblue-collarblue-collarblue-collarblue-collarblue-collarblue-collarblue-collarblue-collarblue-collarblue-collarblue-collarblue-collarblue-collarblue-collarblue-collarblue-collarblue-collarblue-collarblue-collarblue-collarblue-collarblue-collarblue-collarblue-collarblue-collarblue-collarblue-collarblue-collarblue-collarblue-collarblue-collarblue-collarblue-collarblue-collarblue-collarblue-collarblue-collarblue-collarblue-collarblue-collarblue-collarblue-collarblue-collarblue-collarblue-collarblue-collarblue-collarblue-collarblue-collarblue-collarblue-collarblue-collarblue-collarblue-collarblue-collarblue-collarblue-collarblue-collarblue-collarblue-collarblue-collarblue-collarblue-collarblue-collarblue-collarblue-collarblue-collarblue-collarblue-collarblue-collarblue-collarblue-collarblue-collarblue-collarblue-collarblue-collarblue-collarblue-collarblue-collarblue-collarblue-collarblue-collarblue-collarblue-collarblue-collarblue-collarblue-collarblue-collarblue-collarblue-collarblue-collarblue-collarblue-collarblue-collarblue-collarblue-collarblue-collarblue-collarblue-collarblue-collarblue-collarblue-collarblue-collarblue-collarblue-collarblue-collarblue-collarblue-collarblue-collarblue-collarblue-collarblue-collarblue-collarblue-collarblue-collarblue-collarblue-collarblue-collarblue-collarblue-collarblue-collarblue-collarblue-collarblue-collarblue-collarblue-collarblue-collarblue-collarblue-collarblue-collarblue-collarblue-collarblue-collarblue-collarblue-collarblue-collarblue-collarblue-collarblue-collarblue-collarblue-collarblue-collarblue-collarblue-collarblue-collarblue-collarblue-collarblue-collarblue-collarblue-collarblue-collarblue-collarblue-collarblue-collarblue-collarblue-collarblue-collarblue-collarblue-collarblue-collarblue-collarblue-collarblue-collarblue-collarblue-collarblue-collarblue-collarblue-collarblue-collarblue-collarblue-collarblue-collarblue-collarblue-collarblue-collarblue-collarblue-collarblue-collarblue-collarblue-collarblue-collarblue-collarblue-collarblue-collarblue-collarblue-collarblue-collarblue-collarblue-collarblue-collarblue-collarblue-collarblue-collarblue-collarblue-collarblue-collarblue-collarblue-collarblue-collarblue-collarblue-collarblue-collarblue-collarblue-collarblue-collarblue-collarblue-collarblue-collarblue-collarblue-collarblue-collarblue-collarblue-collarblue-collarblue-collarblue-collarblue-collarblue-collarblue-collarblue-collarblue-collarblue-collarblue-collarblue-collarblue-collarblue-collarblue-collarblue-collarblue-collarblue-collarblue-collarblue-collarblue-collarblue-collarblue-collarblue-collarblue-collarblue-collarblue-collarblue-collarblue-collarblue-collarblue-collarblue-collarblue-collarblue-collarblue-collarblue-collarblue-collarblue-collarblue-collarblue-collarblue-collarblue-collarblue-collarblue-collarblue-collarblue-collarblue-collarblue-collarblue-collarblue-collarblue-collarblue-collarblue-collarblue-collarblue-collarblue-collarblue-collarblue-collarblue-collarblue-collarblue-collarblue-collarblue-collarblue-collarblue-collarblue-collarblue-collarblue-collarblue-collarblue-collarblue-collarblue-collarblue-collarblue-collarblue-collarblue-collarblue-collarblue-collarblue-collarblue-collarblue-collarblue-collarblue-collarblue-collarblue-collarblue-collarblue-collarblue-collarblue-collarblue-collarblue-collarblue-collarblue-collarblue-collarblue-collarblue-collarblue-collarblue-collarblue-collarblue-collarblue-collarblue-collarblue-collarblue-collarblue-collarblue-collarblue-collarblue-collarblue-collarblue-collarblue-collarblue-collarblue-collarblue-collarblue-collarblue-collarblue-collarblue-collarblue-collarblue-collarblue-collarblue-collarblue-collarblue-collarblue-collarblue-collarblue-collarblue-collarblue-collarblue-collarblue-collarblue-collarblue-collarblue-collarblue-collarblue-collarblue-collarblue-collarblue-collarblue-collarblue-collarblue-collarblue-collarblue-collarblue-collarblue-collarblue-collarblue-collarblue-collarblue-collarblue-collarblue-collarblue-collarblue-collarblue-collarblue-collarblue-collarblue-collarblue-collarblue-collarblue-collarblue-collarblue-collarblue-collarblue-collarblue-collarblue-collarblue-collarblue-collarblue-collarblue-collarblue-collarblue-collarblue-collarblue-collarblue-collarblue-collarblue-collarblue-collarblue-collarblue-collarblue-collarblue-collarblue-collarblue-collarblue-collarblue-collarblue-collarblue-collarblue-collarblue-collarblue-collarblue-collarblue-collarblue-collarblue-collarblue-collarblue-collarblue-collarblue-collarblue-collarblue-collarblue-collarblue-collarblue-collarblue-collarblue-collarblue-collarblue-collarblue-collarblue-collarblue-collarblue-collarblue-collarblue-collarblue-collarblue-collarblue-collarblue-collarblue-collarblue-collarblue-collarblue-collarblue-collarblue-collarblue-collarblue-collarblue-collarblue-collarblue-collarblue-collarblue-collarblue-collarblue-collarblue-collarblue-collarblue-collarblue-collarblue-collarblue-collarblue-collarblue-collarblue-collarblue-collarblue-collarblue-collarblue-collarblue-collarblue-collarblue-collarblue-collarblue-collarblue-collarblue-collarblue-collarblue-collarblue-collarblue-collarblue-collarblue-collarblue-collarblue-collarblue-collarblue-collarblue-collarblue-collarblue-collarblue-collarblue-collarblue-collarblue-collarblue-collarblue-collarblue-collarblue-collarblue-collarblue-collarblue-collarblue-collarblue-collarblue-collarblue-collarblue-collarblue-collarblue-collarblue-collarblue-collarblue-collarblue-collarblue-collarblue-collarblue-collarblue-collarblue-collarblue-collarblue-collarblue-collarblue-collarblue-collarblue-collarblue-collarblue-collarblue-collarblue-collarblue-collarblue-collarblue-collarblue-collarblue-collarblue-collarblue-collarblue-collarblue-collarblue-collarblue-collarblue-collarblue-collarblue-collarblue-collarblue-collarblue-collarblue-collarblue-collarblue-collarblue-collarblue-collarblue-collarblue-collarblue-collarblue-collarblue-collarblue-collarblue-collarblue-collarblue-collarblue-collarblue-collarblue-collarblue-collarblue-collarblue-collarblue-collarblue-collarblue-collarblue-collarblue-collarblue-collarblue-collarblue-collarblue-collarblue-collarblue-collarblue-collarblue-collarblue-collarblue-collarblue-collarblue-collarblue-collarblue-collarblue-collarblue-collarblue-collarblue-collarblue-collarblue-collarblue-collarblue-collarblue-collarblue-collarblue-collarblue-collarblue-collarblue-collarblue-collarblue-collarblue-collarblue-collarblue-collarblue-collarblue-collarblue-collarblue-collarblue-collarblue-collarblue-collarblue-collarblue-collarblue-collarblue-collarblue-collarblue-collarblue-collarblue-collarblue-collarblue-collarblue-collarblue-collarblue-collarblue-collarblue-collarblue-collarblue-collarblue-collarblue-collarblue-collarblue-collarblue-collarblue-collarblue-collarblue-collarblue-collarblue-collarblue-collarblue-collarblue-collarblue-collarblue-collarblue-collarblue-collarblue-collarblue-collarblue-collarblue-collarblue-collarblue-collarblue-collarblue-collarblue-collarblue-collarblue-collarblue-collarblue-collarblue-collarblue-collarblue-collarblue-collarblue-collarblue-collarblue-collarblue-collarblue-collarblue-collarblue-collarblue-collarblue-collarblue-collarblue-collarblue-collarblue-collarblue-collarblue-collarblue-collarblue-collarblue-collarblue-collarblue-collarblue-collarblue-collarblue-collarblue-collarblue-collarblue-collarblue-collarblue-collarblue-collarblue-collarblue-collarblue-collarblue-collarblue-collarblue-collarblue-collarblue-collarblue-collarblue-collarblue-collarblue-collarblue-collarblue-collarblue-collarblue-collarblue-collarblue-collarblue-collarblue-collarblue-collarblue-collarblue-collarblue-collarblue-collarblue-collarblue-collarblue-collarblue-collarblue-collarblue-collarblue-collarblue-collarblue-collarblue-collarblue-collarblue-collarblue-collarblue-collarblue-collarblue-collarblue-collarblue-collarblue-collarblue-collarblue-collarblue-collarblue-collarblue-collarblue-collarblue-collarblue-collarblue-collarblue-collarblue-collarblue-collarblue-collarblue-collarblue-collarblue-collarblue-collarblue-collarblue-collarblue-collarblue-collarblue-collarblue-collarblue-collarblue-collarblue-collarblue-collarblue-collarblue-collarblue-collarblue-collarblue-collarblue-collarblue-collarblue-collarblue-collarblue-collarblue-collarblue-collarblue-collarblue-collarblue-collarblue-collarblue-collarblue-collarblue-collarblue-collarblue-collarblue-collarblue-collarblue-collarblue-collarblue-collarblue-collarblue-collarblue-collarblue-collarblue-collarblue-collarblue-collarblue-collarblue-collarblue-collarblue-collarblue-collarblue-collarblue-collarblue-collarblue-collarblue-collarblue-collarblue-collarblue-collarblue-collarblue-collarblue-collarblue-collarblue-collarblue-collarblue-collarblue-collarblue-collarblue-collarblue-collarblue-collarblue-collarblue-collarblue-collarblue-collarblue-collarblue-collarblue-collarblue-collarblue-collarblue-collarblue-collarblue-collarblue-collarblue-collarblue-collarblue-collarblue-collarblue-collarblue-collarblue-collarblue-collarblue-collarblue-collarblue-collarblue-collarblue-collarblue-collarblue-collarblue-collarblue-collarblue-collarblue-collarblue-collarblue-collarblue-collarblue-collarblue-collarblue-collarblue-collarblue-collarblue-collarblue-collarblue-collarblue-collarblue-collarblue-collarblue-collarblue-collarblue-collarblue-collarblue-collarblue-collarblue-collarblue-collarblue-collarblue-collarblue-collarblue-collarblue-collarblue-collarblue-collarblue-collarblue-collarblue-collarblue-collarblue-collarblue-collarblue-collarblue-collarblue-collarblue-collarblue-collarblue-collarblue-collarblue-collarblue-collarblue-collarblue-collarblue-collarblue-collarblue-collarblue-collarblue-collarblue-collarblue-collarblue-collarblue-collarblue-collarblue-collarblue-collarblue-collarblue-collarblue-collarblue-collarblue-collarblue-collarblue-collarblue-collarblue-collarblue-collarblue-collarblue-collarblue-collarblue-collarblue-collarblue-collarblue-collarblue-collarblue-collarblue-collarblue-collarblue-collarblue-collarblue-collarblue-collarblue-collarblue-collarblue-collarblue-collarblue-collarblue-collarblue-collarblue-collarblue-collarblue-collarblue-collarblue-collarblue-collarblue-collarblue-collarblue-collarblue-collarblue-collarblue-collarblue-collarblue-collarblue-collarblue-collarblue-collarblue-collarblue-collarblue-collarblue-collarblue-collarblue-collarblue-collarblue-collarblue-collarblue-collarblue-collarblue-collarblue-collarblue-collarblue-collarblue-collarblue-collarblue-collarblue-collarblue-collarblue-collarblue-collarblue-collarblue-collarblue-collarblue-collarblue-collarblue-collarblue-collarblue-collarblue-collarblue-collarblue-collarblue-collarblue-collarblue-collarblue-collarblue-collarblue-collarblue-collarblue-collarblue-collarblue-collarblue-collarblue-collarblue-collarblue-collarblue-collarblue-collarblue-collarblue-collarblue-collarblue-collarblue-collarblue-collarblue-collarblue-collarblue-collarblue-collarblue-collarblue-collarblue-collarblue-collarblue-collarblue-collarblue-collarblue-collarblue-collarblue-collarblue-collarblue-collarblue-collarblue-collarblue-collarblue-collarblue-collarblue-collarblue-collarblue-collarblue-collarblue-collarblue-collarblue-collarblue-collarblue-collarblue-collarblue-collarblue-collarblue-collarblue-collarblue-collarblue-collarblue-collarblue-collarblue-collarblue-collarblue-collarblue-collarblue-collarblue-collarblue-collarblue-collarblue-collarblue-collarblue-collarblue-collarblue-collarblue-collarblue-collarblue-collarblue-collarblue-collarblue-collarblue-collarblue-collarblue-collarblue-collarblue-collarblue-collarblue-collarblue-collarblue-collarblue-collarblue-collarblue-collarblue-collarblue-collarblue-collarblue-collarblue-collarblue-collarblue-collarblue-collarblue-collarblue-collarblue-collarblue-collarblue-collarblue-collarblue-collarblue-collarblue-collarblue-collarblue-collarblue-collarblue-collarblue-collarblue-collarblue-collarblue-collarblue-collarblue-collarblue-collarblue-collarblue-collarblue-collarblue-collarblue-collarblue-collarblue-collarblue-collarblue-collarblue-collarblue-collarblue-collarblue-collarblue-collarblue-collarblue-collarblue-collarblue-collarblue-collarblue-collarblue-collarblue-collarblue-collarblue-collarblue-collarblue-collarblue-collarblue-collarblue-collarblue-collarblue-collarblue-collarblue-collarblue-collarblue-collarblue-collarblue-collarblue-collarblue-collarblue-collarblue-collarblue-collarblue-collarblue-collarblue-collarblue-collarblue-collarblue-collarblue-collarblue-collarblue-collarblue-collarblue-collarblue-collarblue-collarblue-collarblue-collarblue-collarblue-collarblue-collarblue-collarblue-collarblue-collarblue-collarblue-collarblue-collarblue-collarblue-collarblue-collarblue-collarblue-collarblue-collarblue-collarblue-collarblue-collarblue-collarblue-collarblue-collarblue-collarblue-collarblue-collarblue-collarblue-collarblue-collarblue-collarblue-collarblue-collarblue-collarblue-collarblue-collarblue-collarblue-collarblue-collarblue-collarblue-collarblue-collarblue-collarblue-collarblue-collarblue-collarblue-collarblue-collarblue-collarblue-collarblue-collarblue-collarblue-collarblue-collarblue-collarblue-collarblue-collarblue-collarblue-collarblue-collarblue-collarblue-collarblue-collarblue-collarblue-collarblue-collarblue-collarblue-collarblue-collarblue-collarblue-collarblue-collarblue-collarblue-collarblue-collarblue-collarblue-collarblue-collarblue-collarblue-collarblue-collarblue-collarblue-collarblue-collarblue-collarblue-collarblue-collarblue-collarblue-collarblue-collarblue-collarblue-collarblue-collarblue-collarblue-collarblue-collarblue-collarblue-collarblue-collarblue-collarblue-collarblue-collarblue-collarblue-collarblue-collarblue-collarblue-collarblue-collarblue-collarblue-collarblue-collarblue-collarblue-collarblue-collarblue-collarblue-collarblue-collarblue-collarblue-collarblue-collarblue-collarblue-collarblue-collarblue-collarblue-collarblue-collarblue-collarblue-collarblue-collarblue-collarblue-collarblue-collarblue-collarblue-collarblue-collarblue-collarblue-collarblue-collarblue-collarblue-collarblue-collarblue-collarblue-collarblue-collarblue-collarblue-collarblue-collarblue-collarblue-collarblue-collarblue-collarblue-collarblue-collarblue-collarblue-collarblue-collarblue-collarblue-collarblue-collarblue-collarblue-collarblue-collarblue-collarblue-collarblue-collarblue-collarblue-collarblue-collarblue-collarblue-collarblue-collarblue-collarblue-collarblue-collarblue-collarblue-collarblue-collarblue-collarblue-collarblue-collarblue-collarblue-collarblue-collarblue-collarblue-collarblue-collarblue-collarblue-collarblue-collarblue-collarblue-collarblue-collarblue-collarblue-collarblue-collarblue-collarblue-collarblue-collarblue-collarblue-collarblue-collarblue-collarblue-collarblue-collarblue-collarblue-collarblue-collarblue-collarblue-collarblue-collarblue-collarblue-collarblue-collarblue-collarblue-collarblue-collarblue-collarblue-collarblue-collarblue-collarblue-collarblue-collarblue-collarblue-collarblue-collarblue-collarblue-collarblue-collarblue-collarblue-collarblue-collarblue-collarblue-collarblue-collarblue-collarblue-collarblue-collarblue-collarblue-collarblue-collarblue-collarblue-collarblue-collarblue-collarblue-collarblue-collarblue-collarblue-collarblue-collarblue-collarblue-collarblue-collarblue-collarblue-collarblue-collarblue-collarblue-collarblue-collarblue-collarblue-collarblue-collarblue-collarblue-collarblue-collarblue-collarblue-collarblue-collarblue-collarblue-collarblue-collarblue-collarblue-collarblue-collarblue-collarblue-collarblue-collarblue-collarblue-collarblue-collarblue-collarblue-collarblue-collarblue-collarblue-collarblue-collarblue-collarblue-collarblue-collarblue-collarblue-collarblue-collarblue-collarblue-collarblue-collarblue-collarblue-collarblue-collarblue-collarblue-collarblue-collarblue-collarblue-collarblue-collarblue-collarblue-collarblue-collarblue-collarblue-collarblue-collarblue-collarblue-collarblue-collarblue-collarblue-collarblue-collarblue-collarblue-collarblue-collarblue-collarblue-collarblue-collarblue-collarblue-collarblue-collarblue-collarblue-collarblue-collarblue-collarblue-collarblue-collarblue-collarblue-collarblue-collarblue-collarblue-collarblue-collarblue-collarblue-collarblue-collarblue-collarblue-collarblue-collarblue-collarblue-collarblue-collarblue-collarblue-collarblue-collarblue-collarblue-collarblue-collarblue-collarblue-collarblue-collarblue-collarblue-collarblue-collarblue-collarblue-collarblue-collarblue-collarblue-collarblue-collarblue-collarblue-collarblue-collarblue-collarblue-collarblue-collarblue-collarblue-collarblue-collarblue-collarblue-collarblue-collarblue-collarblue-collarblue-collarblue-collarblue-collarblue-collarblue-collarblue-collarblue-collarblue-collarblue-collarblue-collarblue-collarblue-collarblue-collarblue-collarblue-collarblue-collarblue-collarblue-collarblue-collarblue-collarblue-collarblue-collarblue-collarblue-collarblue-collarblue-collarblue-collarblue-collarblue-collarblue-collarblue-collarblue-collarblue-collarblue-collarblue-collarblue-collarblue-collarblue-collarblue-collarblue-collarblue-collarblue-collarblue-collarblue-collarblue-collarblue-collarblue-collarblue-collarblue-collarblue-collarblue-collarblue-collarblue-collarblue-collarblue-collarblue-collarblue-collarblue-collarblue-collarblue-collarblue-collarblue-collarblue-collarblue-collarblue-collarblue-collarblue-collarblue-collarblue-collarblue-collarblue-collarblue-collarblue-collarblue-collarblue-collarblue-collarblue-collarblue-collarblue-collarblue-collarblue-collarblue-collarblue-collarblue-collarblue-collarblue-collarblue-collarblue-collarblue-collarblue-collarblue-collarblue-collarblue-collarblue-collarblue-collarblue-collarblue-collarblue-collarblue-collarblue-collarblue-collarblue-collarblue-collarblue-collarblue-collarblue-collarblue-collarblue-collarblue-collarblue-collarblue-collarblue-collarblue-collarblue-collarblue-collarblue-collarblue-collarblue-collarblue-collarblue-collarblue-collarblue-collarblue-collarblue-collarblue-collarblue-collarblue-collarblue-collarblue-collarblue-collarblue-collarblue-collarblue-collarblue-collarblue-collarblue-collarblue-collarblue-collarblue-collarblue-collarblue-collarblue-collarblue-collarblue-collarblue-collarblue-collarblue-collarblue-collarblue-collarblue-collarblue-collarblue-collarblue-collarblue-collarblue-collarblue-collarblue-collarblue-collarblue-collarblue-collarblue-collarblue-collarblue-collarblue-collarblue-collarblue-collarblue-collarblue-collarblue-collarblue-collarblue-collarblue-collarblue-collarblue-collarblue-collarblue-collarblue-collarblue-collarblue-collarblue-collarblue-collarblue-collarblue-collarblue-collarblue-collarblue-collarblue-collarblue-collarblue-collarblue-collarblue-collarblue-collarblue-collarblue-collarblue-collarblue-collarblue-collarblue-collarblue-collarblue-collarblue-collarblue-collarblue-collarblue-collarblue-collarblue-collarblue-collarblue-collarblue-collarblue-collarblue-collarblue-collarblue-collarblue-collarblue-collarblue-collarblue-collarblue-collarblue-collarblue-collarblue-collarblue-collarblue-collarblue-collarblue-collarblue-collarblue-collarblue-collarblue-collarblue-collarblue-collarblue-collarblue-collarblue-collarblue-collarblue-collarblue-collarblue-collarblue-collarblue-collarblue-collarblue-collarblue-collarblue-collarblue-collarblue-collarblue-collarblue-collarblue-collarblue-collarblue-collarblue-collarblue-collarblue-collarblue-collarblue-collarblue-collarblue-collarblue-collarblue-collarblue-collarblue-collarblue-collarblue-collarblue-collarblue-collarblue-collarblue-collarblue-collarblue-collarblue-collarblue-collarblue-collarblue-collarblue-collarblue-collarblue-collarblue-collarblue-collarblue-collarblue-collarblue-collarblue-collarblue-collarblue-collarblue-collarblue-collarblue-collarblue-collarblue-collarblue-collarblue-collarblue-collarblue-collarblue-collarblue-collarblue-collarblue-collarblue-collarblue-collarblue-collarblue-collarblue-collarblue-collarblue-collarblue-collarblue-collarblue-collarblue-collarblue-collarblue-collarblue-collarblue-collarblue-collarblue-collarblue-collarblue-collarblue-collarblue-collarblue-collarblue-collarblue-collarblue-collarblue-collarblue-collarblue-collarblue-collarblue-collarblue-collarblue-collarblue-collarblue-collarblue-collarblue-collarblue-collarblue-collarblue-collarblue-collarblue-collarblue-collarblue-collarblue-collarblue-collarblue-collarblue-collarblue-collarblue-collarblue-collarblue-collarblue-collarblue-collarblue-collarblue-collarblue-collarblue-collarblue-collarblue-collarblue-collarblue-collarblue-collarblue-collarblue-collarblue-collarblue-collarblue-collarblue-collarblue-collarblue-collarblue-collarblue-collarblue-collarblue-collarblue-collarblue-collarblue-collarblue-collarblue-collarblue-collarblue-collarblue-collarblue-collarblue-collarblue-collarblue-collarblue-collarblue-collarblue-collarblue-collarblue-collarblue-collarblue-collarblue-collarblue-collarblue-collarblue-collarblue-collarblue-collarblue-collarblue-collarblue-collarblue-collarblue-collarblue-collarblue-collarblue-collarblue-collarblue-collarblue-collarblue-collarblue-collarblue-collarblue-collarblue-collarblue-collarblue-collarblue-collarblue-collarblue-collarblue-collarblue-collarblue-collarblue-collarblue-collarblue-collarblue-collarblue-collarblue-collarblue-collarblue-collarblue-collarblue-collarblue-collarblue-collarblue-collarblue-collarblue-collarblue-collarblue-collarblue-collarblue-collarblue-collarblue-collarblue-collarblue-collarblue-collarblue-collarblue-collarblue-collarblue-collarblue-collarblue-collarblue-collarblue-collarblue-collarblue-collarblue-collarblue-collarblue-collarblue-collarblue-collarblue-collarblue-collarblue-collarblue-collarblue-collarblue-collarblue-collarblue-collarblue-collarblue-collarblue-collarblue-collarblue-collarblue-collarblue-collarblue-collarblue-collarblue-collarblue-collarblue-collarblue-collarblue-collarblue-collarblue-collarblue-collarblue-collarblue-collarblue-collarblue-collarblue-collarblue-collarblue-collarblue-collarblue-collarblue-collarblue-collarblue-collarblue-collarblue-collarblue-collarblue-collarblue-collarblue-collarblue-collarblue-collarblue-collarblue-collarblue-collarblue-collarblue-collarblue-collarblue-collarblue-collarblue-collarblue-collarblue-collarblue-collarblue-collarblue-collarblue-collarblue-collarblue-collarblue-collarblue-collarblue-collarblue-collarblue-collarblue-collarblue-collarblue-collarblue-collarblue-collarblue-collarblue-collarblue-collarblue-collarblue-collarblue-collarblue-collarblue-collarblue-collarblue-collarblue-collarblue-collarblue-collarblue-collarblue-collarblue-collarblue-collarblue-collarblue-collarblue-collarblue-collarblue-collarblue-collarblue-collarblue-collarblue-collarblue-collarblue-collarblue-collarblue-collarblue-collarblue-collarblue-collarblue-collarblue-collarblue-collarblue-collarblue-collarblue-collarblue-collarblue-collarblue-collarblue-collarblue-collarblue-collarblue-collarblue-collarblue-collarblue-collarblue-collarblue-collarblue-collarblue-collarblue-collarblue-collarblue-collarblue-collarblue-collarblue-collarblue-collarblue-collarblue-collarblue-collarblue-collarblue-collarblue-collarblue-collarblue-collarblue-collarblue-collarblue-collarblue-collarblue-collarblue-collarblue-collarblue-collarblue-collarblue-collarblue-collarblue-collarblue-collarblue-collarblue-collarblue-collarblue-collarblue-collarblue-collarblue-collarblue-collarblue-collarblue-collarblue-collarblue-collarblue-collarblue-collarblue-collarblue-collarblue-collarblue-collarblue-collarblue-collarblue-collarblue-collarblue-collarblue-collarblue-collarblue-collarblue-collarblue-collarblue-collarblue-collarblue-collarblue-collarblue-collarblue-collarblue-collarblue-collarblue-collarblue-collarblue-collarblue-collarblue-collarblue-collarblue-collarblue-collarblue-collarblue-collarblue-collarblue-collarblue-collarblue-collarblue-collarblue-collarblue-collarblue-collarblue-collarblue-collarblue-collarblue-collarblue-collarblue-collarblue-collarblue-collarblue-collarblue-collarblue-collarblue-collarblue-collarblue-collarblue-collarblue-collarblue-collarblue-collarblue-collarblue-collarblue-collarblue-collarblue-collarblue-collarblue-collarblue-collarblue-collarblue-collarblue-collarblue-collarblue-collarblue-collarblue-collarblue-collarblue-collarblue-collarblue-collarblue-collarblue-collarblue-collarblue-collarblue-collarblue-collarblue-collarblue-collarblue-collarblue-collarblue-collarblue-collarblue-collarblue-collarblue-collarblue-collarblue-collarblue-collarblue-collarblue-collarblue-collarblue-collarblue-collarblue-collarblue-collarblue-collarblue-collarblue-collarblue-collarblue-collarblue-collarblue-collarblue-collarblue-collarblue-collarblue-collarblue-collarblue-collarblue-collarblue-collarblue-collarblue-collarblue-collarblue-collarblue-collarblue-collarblue-collarblue-collarblue-collarblue-collarblue-collarblue-collarblue-collarblue-collarblue-collarblue-collarblue-collarblue-collarblue-collarblue-collarblue-collarblue-collarblue-collarblue-collarblue-collarblue-collarblue-collarblue-collarblue-collarblue-collarblue-collarblue-collarblue-collarblue-collarblue-collarblue-collarblue-collarblue-collarblue-collarblue-collarblue-collarblue-collarblue-collarblue-collarblue-collarblue-collarblue-collarblue-collarblue-collarblue-collarblue-collarblue-collarblue-collarblue-collarblue-collarblue-collarblue-collarblue-collarblue-collarblue-collarblue-collarblue-collarblue-collarblue-collarblue-collarblue-collarblue-collarblue-collarblue-collarblue-collarblue-collarblue-collarblue-collarblue-collarblue-collarblue-collarblue-collarblue-collarblue-collarblue-collarblue-collarblue-collarblue-collarblue-collarblue-collarblue-collarblue-collarblue-collarblue-collarblue-collarblue-collarblue-collarblue-collarblue-collarblue-collarblue-collarblue-collarblue-collarblue-collarblue-collarblue-collarblue-collarblue-collarblue-collarblue-collarblue-collarblue-collarblue-collarblue-collarblue-collarblue-collarblue-collarblue-collarblue-collarblue-collarblue-collarblue-collarblue-collarblue-collarblue-collarblue-collarblue-collarblue-collarblue-collarblue-collarblue-collarblue-collarblue-collarblue-collarblue-collarblue-collarblue-collarblue-collarblue-collarblue-collarblue-collarblue-collarblue-collarblue-collarblue-collarblue-collarblue-collarblue-collarblue-collarblue-collarblue-collarblue-collarblue-collarblue-collarblue-collarblue-collarblue-collarblue-collarblue-collarblue-collarblue-collarblue-collarblue-collarblue-collarblue-collarblue-collarblue-collarblue-collarblue-collarblue-collarblue-collarblue-collarblue-collarblue-collarblue-collarblue-collarblue-collarblue-collarblue-collarblue-collarblue-collarblue-collarblue-collarblue-collarblue-collarblue-collarblue-collarblue-collarblue-collarblue-collarblue-collarblue-collarblue-collarblue-collarblue-collarblue-collarblue-collarblue-collarblue-collarblue-collarblue-collarblue-collarblue-collarblue-collarblue-collarblue-collarblue-collarblue-collarblue-collarblue-collarblue-collarblue-collarblue-collarblue-collarblue-collarblue-collarblue-collarblue-collarblue-collarblue-collarblue-collarblue-collarblue-collarblue-collarblue-collarblue-collarblue-collarblue-collarblue-collarblue-collarblue-collarblue-collarblue-collarblue-collarblue-collarblue-collarblue-collarblue-collarblue-collarblue-collarblue-collarblue-collarblue-collarblue-collarblue-collarblue-collarblue-collarblue-collarblue-collarblue-collarblue-collarblue-collarblue-collarblue-collarblue-collarblue-collarblue-collarblue-collarblue-collarblue-collarblue-collarblue-collarblue-collarblue-collarblue-collarblue-collarblue-collarblue-collarblue-collarblue-collarblue-collarblue-collarblue-collarblue-collarblue-collarblue-collarblue-collarblue-collarblue-collarblue-collarblue-collarblue-collarblue-collarblue-collarblue-collarblue-collarblue-collarblue-collarblue-collarblue-collarblue-collarblue-collarblue-collarblue-collarblue-collarblue-collarblue-collarblue-collarblue-collarblue-collarblue-collarblue-collarblue-collarblue-collarblue-collarblue-collarblue-collarblue-collarblue-collarblue-collarblue-collarblue-collarblue-collarblue-collarblue-collarblue-collarblue-collarblue-collarblue-collarblue-collarblue-collarblue-collarblue-collarblue-collarblue-collarblue-collarblue-collarblue-collarblue-collarblue-collarblue-collarblue-collarblue-collarblue-collarblue-collarblue-collarblue-collarblue-collarblue-collarblue-collarblue-collarblue-collarblue-collarblue-collarblue-collarblue-collarblue-collarblue-collarblue-collarblue-collarblue-collarblue-collarblue-collarblue-collarblue-collarblue-collarblue-collarblue-collarblue-collarblue-collarblue-collarblue-collarblue-collarblue-collarblue-collarblue-collarblue-collarblue-collarblue-collarblue-collarblue-collarblue-collarblue-collarblue-collarblue-collarblue-collarblue-collarblue-collarblue-collarblue-collarblue-collarblue-collarblue-collarblue-collarblue-collarblue-collarblue-collarblue-collarblue-collarblue-collarblue-collarblue-collarblue-collarblue-collarblue-collarblue-collarblue-collarblue-collarblue-collarblue-collarblue-collarblue-collarblue-collarblue-collarblue-collarblue-collarblue-collarblue-collarblue-collarblue-collarblue-collarblue-collarblue-collarblue-collarblue-collarblue-collarblue-collarblue-collarblue-collarblue-collarblue-collarblue-collarblue-collarblue-collarblue-collarblue-collarblue-collarblue-collarblue-collarblue-collarblue-collarblue-collarblue-collarblue-collarblue-collarblue-collarblue-collarblue-collarblue-collarblue-collarblue-collarblue-collarblue-collarblue-collarblue-collarblue-collarblue-collarblue-collarblue-collarblue-collarblue-collarblue-collarblue-collarblue-collarblue-collarblue-collarblue-collarblue-collarblue-collarblue-collarblue-collarblue-collarblue-collarblue-collarblue-collarblue-collarblue-collarblue-collarblue-collarblue-collarblue-collarblue-collarblue-collarblue-collarblue-collarblue-collarblue-collarblue-collarblue-collarblue-collarblue-collarblue-collarblue-collarblue-collarblue-collarblue-collarblue-collarblue-collarblue-collarblue-collarblue-collarblue-collarblue-collarblue-collarblue-collarblue-collarblue-collarblue-collarblue-collarblue-collarblue-collarblue-collarblue-collarblue-collarblue-collarblue-collarblue-collarblue-collarblue-collarblue-collarblue-collarblue-collarblue-collarblue-collarblue-collarblue-collarblue-collarblue-collarblue-collarblue-collarblue-collarblue-collarblue-collarblue-collarblue-collarblue-collarblue-collarblue-collarblue-collarblue-collarblue-collarblue-collarblue-collarblue-collarblue-collarblue-collarblue-collarblue-collarblue-collarblue-collarblue-collarblue-collarblue-collarblue-collarblue-collarblue-collarblue-collarblue-collarblue-collarblue-collarblue-collarblue-collarblue-collarblue-collarblue-collarblue-collarblue-collarblue-collarblue-collarblue-collarblue-collarblue-collarblue-collarblue-collarblue-collarblue-collarblue-collarblue-collarblue-collarblue-collarblue-collarblue-collarblue-collarblue-collarblue-collarblue-collarblue-collarblue-collarblue-collarblue-collarblue-collarblue-collarblue-collarblue-collarblue-collarblue-collarblue-collarblue-collarblue-collarblue-collarblue-collarblue-collarblue-collarblue-collarblue-collarblue-collarblue-collarblue-collarblue-collarblue-collarblue-collarblue-collarblue-collarblue-collarblue-collarblue-collarblue-collarblue-collarblue-collarblue-collarblue-collarblue-collarblue-collarblue-collarblue-collarblue-collarblue-collarblue-collarblue-collarblue-collarblue-collarblue-collarblue-collarblue-collarblue-collarblue-collarblue-collarblue-collarblue-collarblue-collarblue-collarblue-collarblue-collarblue-collarblue-collarblue-collarblue-collarblue-collarblue-collarblue-collarblue-collarblue-collarblue-collarblue-collarblue-collarblue-collarblue-collarblue-collarblue-collarblue-collarblue-collarblue-collarblue-collarblue-collarblue-collarblue-collarblue-collarblue-collarblue-collarblue-collarblue-collarblue-collarblue-collarblue-collarblue-collarblue-collarblue-collarblue-collarblue-collarblue-collarblue-collarblue-collarblue-collarblue-collarblue-collarblue-collarblue-collarblue-collarblue-collarblue-collarblue-collarblue-collarblue-collarblue-collarblue-collarblue-collarblue-collarblue-collarblue-collarblue-collarblue-collarblue-collarblue-collarblue-collarblue-collarblue-collarblue-collarblue-collarblue-collarblue-collarblue-collarblue-collarblue-collarblue-collarblue-collarblue-collarblue-collarblue-collarblue-collarblue-collarblue-collarblue-collarblue-collarblue-collarblue-collarblue-collarblue-collarblue-collarblue-collarblue-collarblue-collarblue-collarblue-collarblue-collarblue-collarblue-collarblue-collarblue-collarblue-collarblue-collarblue-collarblue-collarblue-collarblue-collarblue-collarblue-collarblue-collarblue-collarblue-collarblue-collarblue-collarblue-collarblue-collarblue-collarblue-collarblue-collarblue-collarblue-collarblue-collarblue-collarblue-collarblue-collarblue-collarblue-collarblue-collarblue-collarblue-collarblue-collarblue-collarblue-collarblue-collarblue-collarblue-collarblue-collarblue-collarblue-collarblue-collarblue-collarblue-collarblue-collarblue-collarblue-collarblue-collarblue-collarblue-collarblue-collarblue-collarblue-collarblue-collarblue-collarblue-collarblue-collarblue-collarblue-collarblue-collarblue-collarblue-collarblue-collarblue-collarblue-collarblue-collarblue-collarblue-collarblue-collarblue-collarblue-collarblue-collarblue-collarblue-collarblue-collarblue-collarblue-collarblue-collarblue-collarblue-collarblue-collarblue-collarblue-collarblue-collarblue-collarblue-collarblue-collarblue-collarblue-collarblue-collarblue-collarblue-collarblue-collarblue-collarblue-collarblue-collarblue-collarblue-collarblue-collarblue-collarblue-collarblue-collarblue-collarblue-collarblue-collarblue-collarblue-collarblue-collarblue-collarblue-collarblue-collarblue-collarblue-collarblue-collarblue-collarblue-collarblue-collarblue-collarblue-collarblue-collarblue-collarblue-collarblue-collarblue-collarblue-collarblue-collarblue-collarblue-collarblue-collarblue-collarblue-collarblue-collarblue-collarblue-collarblue-collarblue-collarblue-collarblue-collarblue-collarblue-collarblue-collarblue-collarblue-collarblue-collarblue-collarblue-collarblue-collarblue-collarblue-collarblue-collarblue-collarblue-collarblue-collarblue-collarblue-collarblue-collarblue-collarblue-collarblue-collarblue-collarblue-collarblue-collarblue-collarblue-collarblue-collarblue-collarblue-collarblue-collarblue-collarblue-collarblue-collarblue-collarblue-collarblue-collarblue-collarblue-collarblue-collarblue-collarblue-collarblue-collarblue-collarblue-collarblue-collarblue-collarblue-collarblue-collarblue-collarblue-collarblue-collarblue-collarblue-collarblue-collarblue-collarblue-collarblue-collarblue-collarblue-collarblue-collarblue-collarblue-collarblue-collarblue-collarblue-collarblue-collarblue-collarblue-collarblue-collarblue-collarblue-collarblue-collarblue-collarblue-collarblue-collarblue-collarblue-collarblue-collarblue-collarblue-collarblue-collarblue-collarblue-collarblue-collarblue-collarblue-collarblue-collarblue-collarblue-collarblue-collarblue-collarblue-collarblue-collarblue-collarblue-collarblue-collarblue-collarblue-collarblue-collarblue-collarblue-collarblue-collarblue-collarblue-collarblue-collarblue-collarblue-collarblue-collarblue-collarblue-collarblue-collarblue-collarblue-collarblue-collarblue-collarblue-collarblue-collarblue-collarblue-collarblue-collarblue-collarblue-collarblue-collarblue-collarblue-collarblue-collarblue-collarblue-collarblue-collarblue-collarblue-collarblue-collarblue-collarblue-collarblue-collarblue-collarblue-collarblue-collarblue-collarblue-collarblue-collarblue-collarblue-collarblue-collarblue-collarblue-collarblue-collarblue-collarblue-collarblue-collarblue-collarblue-collarblue-collarblue-collarblue-collarblue-collarblue-collarblue-collarblue-collarblue-collarblue-collarblue-collarblue-collarblue-collarblue-collarblue-collarblue-collarblue-collarblue-collarblue-collarblue-collarblue-collarblue-collarblue-collarblue-collarblue-collarblue-collarblue-collarblue-collarblue-collarblue-collarblue-collarblue-collarblue-collarblue-collarblue-collarblue-collarblue-collarblue-collarblue-collarblue-collarblue-collarblue-collarblue-collarblue-collarblue-collarblue-collarblue-collarblue-collarblue-collarblue-collarblue-collarblue-collarblue-collarblue-collarblue-collarblue-collarblue-collarblue-collarblue-collarblue-collarblue-collarblue-collarblue-collarblue-collarblue-collarblue-collarblue-collarblue-collarblue-collarblue-collarblue-collarblue-collarblue-collarblue-collarblue-collarblue-collarblue-collarblue-collarblue-collarblue-collarblue-collarblue-collarblue-collarblue-collarblue-collarblue-collarblue-collarblue-collarblue-collarblue-collarblue-collarblue-collarblue-collarblue-collarblue-collarblue-collarblue-collarblue-collarblue-collarblue-collarblue-collarblue-collarblue-collarblue-collarblue-collarblue-collarblue-collarblue-collarblue-collarblue-collarblue-collarblue-collarblue-collarblue-collarblue-collarblue-collarblue-collarblue-collarblue-collarblue-collarblue-collarblue-collarblue-collarblue-collarblue-collarblue-collarblue-collarblue-collarblue-collarblue-collarblue-collarblue-collarblue-collarblue-collarblue-collarblue-collarblue-collarblue-collarblue-collarblue-collarblue-collarblue-collarblue-collarblue-collarblue-collarblue-collarblue-collarblue-collarblue-collarblue-collarblue-collarblue-collarblue-collarblue-collarblue-collarblue-collarblue-collarblue-collarblue-collarblue-collarblue-collarblue-collarblue-collarblue-collarblue-collarblue-collarblue-collarblue-collarblue-collarblue-collarblue-collarblue-collarblue-collarblue-collarblue-collarblue-collarblue-collarblue-collarblue-collarblue-collarblue-collarblue-collarblue-collarblue-collarblue-collarblue-collarblue-collarblue-collarblue-collarblue-collarblue-collarblue-collarblue-collarblue-collarblue-collarblue-collarblue-collarblue-collarblue-collarblue-collarblue-collarblue-collarblue-collarblue-collarblue-collarblue-collarblue-collarblue-collarblue-collarblue-collarblue-collarblue-collarblue-collarblue-collarblue-collarblue-collarblue-collarblue-collarblue-collarblue-collarblue-collarblue-collarblue-collarblue-collarblue-collarblue-collarblue-collarblue-collarblue-collarblue-collarblue-collarblue-collarblue-collarblue-collarblue-collarblue-collarblue-collarblue-collarblue-collarblue-collarblue-collarblue-collarblue-collarblue-collarblue-collarblue-collarblue-collarblue-collarblue-collarblue-collarblue-collarblue-collarblue-collarblue-collarblue-collarblue-collarblue-collarblue-collarblue-collarblue-collarblue-collarblue-collarblue-collarblue-collarblue-collarblue-collarblue-collarblue-collarblue-collarblue-collarblue-collarblue-collarblue-collarblue-collarblue-collarblue-collarblue-collarblue-collarblue-collarblue-collarblue-collarblue-collarblue-collarblue-collarblue-collarblue-collarblue-collarblue-collarblue-collarblue-collarblue-collarblue-collarblue-collarblue-collarblue-collarblue-collarblue-collarblue-collarblue-collarblue-collarblue-collarblue-collarblue-collarblue-collarblue-collarblue-collarblue-collarblue-collarblue-collarblue-collarblue-collarblue-collarblue-collarblue-collarblue-collarblue-collarblue-collarblue-collarblue-collarblue-collarblue-collarblue-collarblue-collarblue-collarblue-collarblue-collarblue-collarblue-collarblue-collarblue-collarblue-collarblue-collarblue-collarblue-collarblue-collarblue-collarblue-collarblue-collarblue-collarblue-collarblue-collarblue-collarblue-collarblue-collarblue-collarblue-collarblue-collarblue-collarblue-collarblue-collarblue-collarblue-collarblue-collarblue-collarblue-collarblue-collarblue-collarblue-collarblue-collarblue-collarblue-collarblue-collarblue-collarblue-collarblue-collarblue-collarblue-collarblue-collarblue-collarblue-collarblue-collarblue-collarblue-collarblue-collarblue-collarblue-collarblue-collarblue-collarblue-collarblue-collarblue-collarblue-collarblue-collarblue-collarblue-collarblue-collarblue-collarblue-collarblue-collarblue-collarblue-collarblue-collarblue-collarblue-collarblue-collarblue-collarblue-collarblue-collarblue-collarblue-collarblue-collarblue-collarblue-collarblue-collarblue-collarblue-collarblue-collarblue-collarblue-collarblue-collarblue-collarblue-collarblue-collarblue-collarblue-collarblue-collarblue-collarblue-collarblue-collarblue-collarblue-collarblue-collarblue-collarblue-collarblue-collarblue-collarblue-collarblue-collarblue-collarblue-collarblue-collarblue-collarblue-collarblue-collarblue-collarblue-collarblue-collarblue-collarblue-collarblue-collarblue-collarblue-collarblue-collarblue-collarblue-collarblue-collarblue-collarblue-collarblue-collarblue-collarblue-collarblue-collarblue-collarblue-collarblue-collarblue-collarblue-collarblue-collarblue-collarblue-collarblue-collarblue-collarblue-collarblue-collarblue-collarblue-collarblue-collarblue-collarblue-collarblue-collarblue-collarblue-collarblue-collarblue-collarblue-collarblue-collarblue-collarblue-collarblue-collarblue-collarblue-collarblue-collarblue-collarblue-collarblue-collarblue-collarblue-collarblue-collarblue-collarblue-collarblue-collarblue-collarblue-collarblue-collarblue-collarblue-collarblue-collarblue-collarblue-collarblue-collarblue-collarblue-collarblue-collarblue-collarblue-collarblue-collarblue-collarblue-collarblue-collarblue-collarblue-collarblue-collarblue-collarblue-collarblue-collarblue-collarblue-collarblue-collarblue-collarblue-collarblue-collarblue-collarblue-collarblue-collarblue-collarblue-collarblue-collarblue-collarblue-collarblue-collarblue-collarblue-collarblue-collarblue-collarblue-collarblue-collarblue-collarblue-collarblue-collarblue-collarblue-collarblue-collarblue-collarblue-collarblue-collarblue-collarblue-collarblue-collarblue-collarblue-collarblue-collarblue-collarblue-collarblue-collarblue-collarblue-collarblue-collarblue-collarblue-collarblue-collarblue-collarblue-collarblue-collarblue-collarblue-collarblue-collarblue-collarblue-collarblue-collarblue-collarblue-collarblue-collarblue-collarblue-collarblue-collarblue-collarblue-collarblue-collarblue-collarblue-collarblue-collarblue-collarblue-collarblue-collarblue-collarblue-collarblue-collarblue-collarblue-collarblue-collarblue-collarblue-collarblue-collarblue-collarblue-collarblue-collarblue-collarblue-collarblue-collarblue-collarblue-collarblue-collarblue-collarblue-collarblue-collarblue-collarblue-collarblue-collarblue-collarblue-collarblue-collarblue-collarblue-collarblue-collarblue-collarblue-collarblue-collarblue-collarblue-collarblue-collarblue-collarblue-collarblue-collarblue-collarblue-collarblue-collarblue-collarblue-collarblue-collarblue-collarblue-collarblue-collarblue-collarblue-collarblue-collarblue-collarblue-collarblue-collarblue-collarblue-collarblue-collarblue-collarblue-collarblue-collarblue-collarblue-collarblue-collarblue-collarblue-collarblue-collarblue-collarblue-collarblue-collarblue-collarblue-collarblue-collarblue-collarblue-collarblue-collarblue-collarblue-collarblue-collarblue-collarblue-collarblue-collarblue-collarblue-collarblue-collarblue-collarblue-collarblue-collarblue-collarblue-collarblue-collarblue-collarblue-collarblue-collarblue-collarblue-collarblue-collarblue-collarblue-collarblue-collarblue-collarblue-collarblue-collarblue-collarblue-collarblue-collarblue-collarblue-collarblue-collarblue-collarblue-collarblue-collarblue-collarblue-collarblue-collarblue-collarblue-collarblue-collarblue-collarblue-collarblue-collarblue-collarblue-collarblue-collarblue-collarblue-collarblue-collarblue-collarblue-collarblue-collarblue-collarblue-collarblue-collarblue-collarblue-collarblue-collarblue-collarblue-collarblue-collarblue-collarblue-collarblue-collarblue-collarblue-collarblue-collarblue-collarblue-collarblue-collarblue-collarblue-collarblue-collarblue-collarblue-collarblue-collarblue-collarblue-collarblue-collarblue-collarblue-collarblue-collarblue-collarblue-collarblue-collarblue-collarblue-collarblue-collarblue-collarblue-collarblue-collarblue-collarblue-collarblue-collarblue-collarblue-collarblue-collarblue-collarblue-collarblue-collarblue-collarblue-collarblue-collarblue-collarblue-collarblue-collarblue-collarblue-collarblue-collarblue-collarblue-collarblue-collarblue-collarblue-collarblue-collarblue-collarblue-collarblue-collarblue-collarblue-collarblue-collarblue-collarblue-collarblue-collarblue-collarblue-collarblue-collarblue-collarblue-collarblue-collarblue-collarblue-collarblue-collarblue-collarblue-collarblue-collarblue-collarblue-collarblue-collarblue-collarblue-collarblue-collarblue-collarblue-collarblue-collarblue-collarblue-collarblue-collarblue-collarblue-collarblue-collarblue-collarblue-collarblue-collarblue-collarblue-collarblue-collarblue-collarblue-collarblue-collarblue-collarblue-collarblue-collarblue-collarblue-collarblue-collarblue-collarblue-collarblue-collarblue-collarblue-collarblue-collarblue-collarblue-collarblue-collarblue-collarblue-collarblue-collarblue-collarblue-collarblue-collarblue-collarblue-collarblue-collarblue-collarblue-collarblue-collarblue-collarblue-collarblue-collarblue-collarblue-collarblue-collarblue-collarblue-collarblue-collarblue-collarblue-collarblue-collarblue-collarblue-collarblue-collarblue-collarblue-collarblue-collarblue-collarblue-collarblue-collarblue-collarblue-collarblue-collarblue-collarblue-collarblue-collarblue-collarblue-collarblue-collarblue-collarblue-collarblue-collarblue-collarblue-collarblue-collarblue-collarblue-collarblue-collarblue-collarblue-collarblue-collarblue-collarblue-collarblue-collarblue-collarblue-collarblue-collarblue-collarblue-collarblue-collarblue-collarblue-collarblue-collarblue-collarblue-collarblue-collarblue-collarblue-collarblue-collarblue-collarblue-collarblue-collarblue-collarblue-collarblue-collarblue-collarblue-collarblue-collarblue-collarblue-collarblue-collarblue-collarblue-collarblue-collarblue-collarblue-collarblue-collarblue-collarblue-collarblue-collarblue-collarblue-collarblue-collarblue-collarblue-collarblue-collarblue-collarblue-collarblue-collarblue-collarblue-collarblue-collarblue-collarblue-collarblue-collarblue-collarblue-collarblue-collarblue-collarblue-collarblue-collarblue-collarblue-collarblue-collarblue-collarblue-collarblue-collarblue-collarblue-collarblue-collarblue-collarblue-collarblue-collarblue-collarblue-collarblue-collarblue-collarblue-collarblue-collarblue-collarblue-collarblue-collarblue-collarblue-collarblue-collarblue-collarblue-collarblue-collarblue-collarblue-collarblue-collarblue-collarblue-collarblue-collarblue-collarblue-collarblue-collarblue-collarblue-collarblue-collarblue-collarblue-collarblue-collarblue-collarblue-collarblue-collarblue-collarblue-collarblue-collarblue-collarblue-collarblue-collarblue-collarblue-collarblue-collarblue-collarblue-collarblue-collarblue-collarblue-collarblue-collarblue-collarblue-collarblue-collarblue-collarblue-collarblue-collarblue-collarblue-collarblue-collarblue-collarblue-collarblue-collarblue-collarblue-collarblue-collarblue-collarblue-collarblue-collarblue-collarblue-collarblue-collarblue-collarblue-collarblue-collarblue-collarblue-collarblue-collarblue-collarblue-collarblue-collarblue-collarblue-collarblue-collarblue-collarblue-collarblue-collarblue-collarblue-collarblue-collarblue-collarblue-collarblue-collarblue-collarblue-collarblue-collarblue-collarblue-collarblue-collarblue-collarblue-collarblue-collarblue-collarblue-collarblue-collarblue-collarblue-collarblue-collarblue-collarblue-collarblue-collarblue-collarblue-collarblue-collarblue-collarblue-collarblue-collarblue-collarblue-collarblue-collarblue-collarblue-collarblue-collarblue-collarblue-collarblue-collarblue-collarblue-collarblue-collarblue-collarblue-collarblue-collarblue-collarblue-collarblue-collarblue-collarblue-collarblue-collarblue-collarblue-collarblue-collarblue-collarblue-collarblue-collarblue-collarblue-collarblue-collarblue-collarblue-collarblue-collarblue-collarblue-collarblue-collarblue-collarblue-collarblue-collarblue-collarblue-collarblue-collarblue-collarblue-collarblue-collarblue-collarblue-collarblue-collarblue-collarblue-collarblue-collarblue-collarblue-collarblue-collarblue-collarblue-collarblue-collarblue-collarblue-collarblue-collarblue-collarblue-collarblue-collarblue-collarblue-collarblue-collarblue-collarblue-collarblue-collarblue-collarblue-collarblue-collarblue-collarblue-collarblue-collarblue-collarblue-collarblue-collarblue-collarblue-collarblue-collarblue-collarblue-collarblue-collarblue-collarblue-collarblue-collarblue-collarblue-collarblue-collarblue-collarblue-collarblue-collarblue-collarblue-collarblue-collarblue-collarblue-collarblue-collarblue-collarblue-collarblue-collarblue-collarblue-collarblue-collarblue-collarblue-collarblue-collarblue-collarblue-collarblue-collarblue-collarblue-collarblue-collarblue-collarblue-collarblue-collarblue-collarblue-collarblue-collarblue-collarblue-collarblue-collarblue-collarblue-collarblue-collarblue-collarblue-collarblue-collarblue-collarblue-collarblue-collarblue-collarblue-collarblue-collarblue-collarblue-collarblue-collarblue-collarblue-collarblue-collarblue-collarblue-collarblue-collarblue-collarblue-collarblue-collarblue-collarblue-collarblue-collarblue-collarblue-collarblue-collarblue-collarblue-collarblue-collarblue-collarblue-collarblue-collarblue-collarblue-collarblue-collarblue-collarblue-collarblue-collarblue-collarblue-collarblue-collarblue-collarblue-collarblue-collarblue-collarblue-collarblue-collarblue-collarblue-collarblue-collarblue-collarblue-collarblue-collarblue-collarblue-collarblue-collarblue-collarblue-collarblue-collarblue-collarblue-collarblue-collarblue-collarblue-collarblue-collarblue-collarblue-collarblue-collarblue-collarblue-collarblue-collarblue-collarblue-collarblue-collarblue-collarblue-collarblue-collarblue-collarblue-collarblue-collarblue-collarblue-collarblue-collarblue-collarblue-collarblue-collarblue-collarblue-collarblue-collarblue-collarblue-collarblue-collarblue-collarblue-collarblue-collarblue-collarblue-collarblue-collarblue-collarblue-collarblue-collarblue-collarblue-collarblue-collarblue-collarblue-collarblue-collarblue-collarblue-collarblue-collarblue-collarblue-collarblue-collarblue-collarblue-collarblue-collarblue-collarblue-collarblue-collarblue-collarblue-collarblue-collarblue-collarblue-collarblue-collarblue-collarblue-collarblue-collarblue-collarblue-collarblue-collarblue-collarblue-collarblue-collarblue-collarblue-collarblue-collarblue-collarblue-collarblue-collarblue-collarblue-collarblue-collarblue-collarblue-collarblue-collarblue-collarblue-collarblue-collarblue-collarblue-collarblue-collarblue-collarblue-collarblue-collarblue-collarblue-collarblue-collarblue-collarblue-collarblue-collarblue-collarblue-collarblue-collarblue-collarblue-collarblue-collarblue-collarblue-collarblue-collarblue-collarblue-collarblue-collarblue-collarblue-collarblue-collarblue-collarblue-collarblue-collarblue-collarblue-collarblue-collarblue-collarblue-collarblue-collarblue-collarblue-collarblue-collarblue-collarblue-collarblue-collarblue-collarblue-collarblue-collarblue-collarblue-collarblue-collarblue-collarblue-collarblue-collarblue-collarblue-collarblue-collarblue-collarblue-collarblue-collarblue-collarblue-collarblue-collarblue-collarblue-collarblue-collarblue-collarblue-collarblue-collarblue-collarblue-collarblue-collarblue-collarblue-collarblue-collarblue-collarblue-collarblue-collarblue-collarblue-collarblue-collarblue-collarblue-collarblue-collarblue-collarblue-collarblue-collarblue-collarblue-collarblue-collarblue-collarblue-collarblue-collarblue-collarblue-collarblue-collarblue-collarblue-collarblue-collarblue-collarblue-collarblue-collarblue-collarblue-collarblue-collarblue-collarblue-collarblue-collarblue-collarblue-collarblue-collarblue-collarblue-collarblue-collarblue-collarblue-collarblue-collarblue-collarblue-collarblue-collarblue-collarblue-collarblue-collarblue-collarblue-collarblue-collarblue-collarblue-collarblue-collarblue-collarblue-collarblue-collarblue-collarblue-collarblue-collarblue-collarblue-collarblue-collarblue-collarblue-collarblue-collarblue-collarblue-collarblue-collarblue-collarblue-collarblue-collarblue-collarblue-collarblue-collarblue-collarblue-collarblue-collarblue-collarblue-collarblue-collarblue-collarblue-collarblue-collarblue-collarblue-collarblue-collarblue-collarblue-collarblue-collarblue-collarblue-collarblue-collarblue-collarblue-collarblue-collarblue-collarblue-collarblue-collarblue-collarblue-collarblue-collarblue-collarblue-collarblue-collarblue-collarblue-collarblue-collarblue-collarblue-collarblue-collarblue-collarblue-collarblue-collarblue-collarblue-collarblue-collarblue-collarblue-collarblue-collarblue-collarblue-collarblue-collarblue-collarblue-collarblue-collarblue-collarblue-collarblue-collarblue-collarblue-collarblue-collarblue-collarblue-collarblue-collarblue-collarblue-collarblue-collarblue-collarblue-collarblue-collarblue-collarblue-collarblue-collarblue-collarblue-collarblue-collarblue-collarblue-collarblue-collarblue-collarblue-collarblue-collarblue-collarblue-collarblue-collarblue-collarblue-collarblue-collarblue-collarblue-collarblue-collarblue-collarblue-collarblue-collarblue-collarblue-collarblue-collarblue-collarblue-collarblue-collarblue-collarblue-collarblue-collarblue-collarblue-collarblue-collarblue-collarblue-collarblue-collarblue-collarblue-collarblue-collarblue-collarblue-collarblue-collarblue-collarblue-collarblue-collarblue-collarblue-collarblue-collarblue-collarblue-collarblue-collarblue-collarblue-collarblue-collarblue-collarblue-collarblue-collarblue-collarblue-collarblue-collarblue-collarblue-collarblue-collarblue-collarblue-collarblue-collarblue-collarblue-collarblue-collarblue-collarblue-collarblue-collarblue-collarblue-collarblue-collarblue-collarblue-collarblue-collarblue-collarblue-collarblue-collarblue-collarblue-collarblue-collarblue-collarblue-collarblue-collarblue-collarblue-collarblue-collarblue-collarblue-collarblue-collarblue-collarblue-collarblue-collarblue-collarblue-collarblue-collarblue-collarblue-collarblue-collarblue-collarblue-collarblue-collarblue-collarblue-collarblue-collarblue-collarblue-collarblue-collarblue-collarblue-collarblue-collarblue-collarblue-collarblue-collarblue-collarblue-collarblue-collarblue-collarblue-collarblue-collarblue-collarblue-collarblue-collarblue-collarblue-collarblue-collarblue-collarblue-collarblue-collarblue-collarblue-collarblue-collarblue-collarblue-collarblue-collarblue-collarblue-collarblue-collarblue-collarblue-collarblue-collarblue-collarblue-collarblue-collarblue-collarblue-collarblue-collarblue-collarblue-collarblue-collarblue-collarblue-collarblue-collarblue-collarblue-collarblue-collarblue-collarblue-collarblue-collarblue-collarblue-collarblue-collarblue-collarblue-collarblue-collarblue-collarblue-collarblue-collarblue-collarblue-collarblue-collarblue-collarblue-collarblue-collarblue-collarblue-collarblue-collarblue-collarblue-collarblue-collarblue-collarblue-collarblue-collarblue-collarblue-collarblue-collarblue-collarblue-collarblue-collarblue-collarblue-collarblue-collarblue-collarblue-collarblue-collarblue-collarblue-collarblue-collarblue-collarblue-collarblue-collarblue-collarblue-collarblue-collarblue-collarblue-collarblue-collarblue-collarblue-collarblue-collarblue-collarblue-collarblue-collarblue-collarblue-collarblue-collarblue-collarblue-collarblue-collarblue-collarblue-collarblue-collarblue-collarblue-collarblue-collarblue-collarblue-collarblue-collarblue-collarblue-collarblue-collarblue-collarblue-collarblue-collarblue-collarblue-collarblue-collarblue-collarblue-collarblue-collarblue-collarblue-collarblue-collarblue-collarblue-collarblue-collarblue-collarblue-collarblue-collarblue-collarblue-collarblue-collarblue-collarblue-collarblue-collarblue-collarblue-collarblue-collarblue-collarblue-collarblue-collarblue-collarblue-collarblue-collarblue-collarblue-collarblue-collarblue-collarblue-collarblue-collarblue-collarblue-collarblue-collarblue-collarblue-collarblue-collarblue-collarblue-collarblue-collarblue-collarblue-collarblue-collarblue-collarblue-collarblue-collarblue-collarblue-collarblue-collarblue-collarblue-collarblue-collarblue-collarblue-collarblue-collarblue-collarblue-collarblue-collarblue-collarblue-collarblue-collarblue-collarblue-collarblue-collarblue-collarblue-collarblue-collarblue-collarblue-collarblue-collarblue-collarblue-collarblue-collarblue-collarblue-collarblue-collarblue-collarblue-collarblue-collarblue-collarblue-collarblue-collarblue-collarblue-collarblue-collarblue-collarblue-collarblue-collarblue-collarblue-collarblue-collarblue-collarblue-collarblue-collarblue-collarblue-collarblue-collarblue-collarblue-collarblue-collarblue-collarblue-collarblue-collarblue-collarblue-collarblue-collarblue-collarblue-collarblue-collarblue-collarblue-collarblue-collarblue-collarblue-collarblue-collarblue-collarblue-collarblue-collarblue-collarblue-collarblue-collarblue-collarblue-collarblue-collarblue-collarblue-collarblue-collarblue-collarblue-collarblue-collarblue-collarblue-collarblue-collarblue-collarblue-collarblue-collarblue-collarblue-collarblue-collarblue-collarblue-collarblue-collarblue-collarblue-collarblue-collarblue-collarblue-collarblue-collarblue-collarblue-collarblue-collarblue-collarblue-collarblue-collarblue-collarblue-collarblue-collarblue-collarblue-collarblue-collarblue-collarblue-collarblue-collarblue-collarblue-collarblue-collarblue-collarblue-collarblue-collarblue-collarblue-collarblue-collarblue-collarblue-collarblue-collarblue-collarblue-collarblue-collarblue-collarblue-collarblue-collarblue-collarblue-collarblue-collarblue-collarblue-collarblue-collarblue-collarblue-collarblue-collarblue-collarblue-collarblue-collarblue-collarblue-collarblue-collarblue-collarblue-collarblue-collarblue-collarblue-collarblue-collarblue-collarblue-collarblue-collarblue-collarblue-collarblue-collarblue-collarblue-collarblue-collarblue-collarblue-collarblue-collarblue-collarblue-collarblue-collarblue-collarblue-collarblue-collarblue-collarblue-collarblue-collarblue-collarblue-collarblue-collarblue-collarblue-collarblue-collarblue-collarblue-collarblue-collarblue-collarblue-collarblue-collarblue-collarblue-collarblue-collarblue-collarblue-collarblue-collarblue-collarblue-collarblue-collarblue-collarblue-collarblue-collarblue-collarblue-collarblue-collarblue-collarblue-collarblue-collarblue-collarblue-collarblue-collarblue-collarblue-collarblue-collarblue-collarblue-collarblue-collarblue-collarblue-collarblue-collarblue-collarblue-collarblue-collarblue-collarblue-collarblue-collarblue-collarblue-collarblue-collarblue-collarblue-collarblue-collarblue-collarblue-collarblue-collarblue-collarblue-collarblue-collarblue-collarblue-collarblue-collarblue-collarblue-collarblue-collarblue-collarblue-collarblue-collarblue-collarblue-collarblue-collarblue-collarblue-collarblue-collarblue-collarblue-collarblue-collarblue-collarblue-collarblue-collarblue-collarblue-collarblue-collarblue-collarblue-collarblue-collarblue-collarblue-collarblue-collarblue-collarblue-collarblue-collarblue-collarblue-collarblue-collarblue-collarblue-collarblue-collarblue-collarblue-collarblue-collarblue-collarblue-collarblue-collarblue-collarblue-collarblue-collarblue-collarblue-collarblue-collarblue-collarblue-collarblue-collarblue-collarblue-collarblue-collarblue-collarblue-collarblue-collarblue-collarblue-collarblue-collarblue-collarblue-collarblue-collarblue-collarblue-collarblue-collarblue-collarblue-collarblue-collarblue-collarblue-collarblue-collarblue-collarblue-collarblue-collarblue-collarblue-collarblue-collarblue-collarblue-collarblue-collarblue-collarblue-collarblue-collarblue-collarblue-collarblue-collarblue-collarblue-collarblue-collarblue-collarblue-collarblue-collarblue-collarblue-collarblue-collarblue-collarblue-collarblue-collarblue-collarblue-collarblue-collarblue-collarblue-collarblue-collarblue-collarblue-collarblue-collarblue-collarblue-collarblue-collarblue-collarblue-collarblue-collarblue-collarblue-collarblue-collarblue-collarblue-collarblue-collarblue-collarblue-collarblue-collarblue-collarblue-collarblue-collarblue-collarblue-collarblue-collarblue-collarblue-collarblue-collarblue-collarblue-collarblue-collarblue-collarblue-collarblue-collarblue-collarblue-collarblue-collarblue-collarblue-collarblue-collarblue-collarblue-collarblue-collarblue-collarblue-collarblue-collarblue-collarblue-collarblue-collarblue-collarblue-collarblue-collarblue-collarblue-collarblue-collarblue-collarblue-collarblue-collarblue-collarblue-collarblue-collarblue-collarblue-collarblue-collarblue-collarblue-collarblue-collarblue-collarblue-collarblue-collarblue-collarblue-collarblue-collarblue-collarblue-collarblue-collarblue-collarblue-collarblue-collarblue-collarblue-collarblue-collarblue-collarblue-collarblue-collarblue-collarblue-collarblue-collarblue-collarblue-collarblue-collarblue-collarblue-collarblue-collarblue-collarblue-collarblue-collarblue-collarblue-collarblue-collarblue-collarblue-collarblue-collarblue-collarblue-collarblue-collarblue-collarblue-collarblue-collarblue-collarblue-collarblue-collarblue-collarblue-collarblue-collarblue-collarblue-collarblue-collarblue-collarblue-collarblue-collarblue-collarblue-collarblue-collarblue-collarblue-collarblue-collarblue-collarblue-collarblue-collarblue-collarblue-collarblue-collarblue-collarblue-collarblue-collarblue-collarblue-collarblue-collarblue-collarblue-collarblue-collarblue-collarblue-collarblue-collarblue-collarblue-collarblue-collarblue-collarblue-collarblue-collarblue-collarblue-collarblue-collarblue-collarblue-collarblue-collarblue-collarblue-collarblue-collarblue-collarblue-collarblue-collarblue-collarblue-collarblue-collarblue-collarblue-collarblue-collarblue-collarblue-collarblue-collarblue-collarblue-collarblue-collarblue-collarblue-collarblue-collarblue-collarblue-collarblue-collarblue-collarblue-collarblue-collarblue-collarblue-collarblue-collarblue-collarblue-collarblue-collarblue-collarblue-collarblue-collarblue-collarblue-collarblue-collarblue-collarblue-collarblue-collarblue-collarblue-collarblue-collarblue-collarblue-collarblue-collarblue-collarblue-collarblue-collarblue-collarblue-collarblue-collarblue-collarblue-collarblue-collarblue-collarblue-collarblue-collarblue-collarblue-collarblue-collarblue-collarblue-collarblue-collarblue-collarblue-collarblue-collarblue-collarblue-collarblue-collarblue-collarblue-collarblue-collarblue-collarblue-collarblue-collarblue-collarblue-collarblue-collarblue-collarblue-collarblue-collarblue-collarblue-collarblue-collarblue-collarblue-collarblue-collarblue-collarblue-collarblue-collarblue-collarblue-collarblue-collarblue-collarblue-collarblue-collarblue-collarblue-collarblue-collarblue-collarblue-collarblue-collarblue-collarblue-collarblue-collarblue-collarblue-collarblue-collarblue-collarblue-collarblue-collarblue-collarblue-collarblue-collarblue-collarblue-collarblue-collarblue-collarblue-collarblue-collarblue-collarblue-collarblue-collarblue-collarblue-collarblue-collarblue-collarblue-collarblue-collarblue-collarblue-collarblue-collarblue-collarblue-collarblue-collarblue-collarblue-collarblue-collarblue-collarblue-collarblue-collarblue-collarblue-collarblue-collarblue-collarblue-collarblue-collarblue-collarblue-collarblue-collarblue-collarblue-collarblue-collarblue-collarblue-collarblue-collarblue-collarblue-collarblue-collarblue-collarblue-collarblue-collarblue-collarblue-collarblue-collarblue-collarblue-collarblue-collarblue-collarblue-collarblue-collarblue-collarblue-collarblue-collarblue-collarblue-collarblue-collarblue-collarblue-collarblue-collarblue-collarblue-collarblue-collarblue-collarblue-collarblue-collarblue-collarblue-collarblue-collarblue-collarblue-collarblue-collarblue-collarblue-collarblue-collarblue-collarblue-collarblue-collarblue-collarblue-collarblue-collarblue-collarblue-collarblue-collarblue-collarblue-collarblue-collarblue-collarblue-collarblue-collarblue-collarblue-collarblue-collarblue-collarblue-collarblue-collarblue-collarblue-collarblue-collarblue-collarblue-collarblue-collarblue-collarblue-collarblue-collarblue-collarblue-collarblue-collarblue-collarblue-collarblue-collarblue-collarblue-collarblue-collarblue-collarblue-collarblue-collarblue-collarblue-collarblue-collarblue-collarblue-collarblue-collarblue-collarblue-collarblue-collarblue-collarblue-collarblue-collarblue-collarblue-collarblue-collarblue-collarblue-collarblue-collarblue-collarblue-collarblue-collarblue-collarblue-collarblue-collarblue-collarblue-collarblue-collarblue-collarblue-collarblue-collarblue-collarblue-collarblue-collarblue-collarblue-collarblue-collarblue-collarblue-collarblue-collarblue-collarblue-collarblue-collarblue-collarblue-collarblue-collarblue-collarblue-collarblue-collarblue-collarblue-collarblue-collarblue-collarblue-collarblue-collarblue-collarblue-collarblue-collarblue-collarblue-collarblue-collarblue-collarblue-collarblue-collarblue-collarblue-collarblue-collarblue-collarblue-collarblue-collarblue-collarblue-collarblue-collarblue-collarblue-collarblue-collarblue-collarblue-collarblue-collarblue-collarblue-collarblue-collarblue-collarblue-collarblue-collarblue-collarblue-collarblue-collarblue-collarblue-collarblue-collarblue-collarblue-collarblue-collarblue-collarblue-collarblue-collarblue-collarblue-collarblue-collarblue-collarblue-collarblue-collarblue-collarblue-collarblue-collarblue-collarblue-collarblue-collarblue-collarblue-collarblue-collarblue-collarblue-collarblue-collarblue-collarblue-collarblue-collarblue-collarblue-collarblue-collarblue-collarblue-collarblue-collarblue-collarblue-collarblue-collarblue-collarblue-collarblue-collarblue-collarblue-collarblue-collarblue-collarblue-collarblue-collarblue-collarblue-collarblue-collarblue-collarblue-collarblue-collarblue-collarblue-collarblue-collarblue-collarblue-collarblue-collarblue-collarblue-collarblue-collarblue-collarblue-collarblue-collarblue-collarblue-collarblue-collarblue-collarblue-collarblue-collarblue-collarblue-collarblue-collarblue-collarblue-collarblue-collarblue-collarblue-collarblue-collarblue-collarblue-collarblue-collarblue-collarblue-collarblue-collarblue-collarblue-collarblue-collarblue-collarblue-collarblue-collarblue-collarblue-collarblue-collarblue-collarblue-collarblue-collarblue-collarblue-collarblue-collarblue-collarblue-collarblue-collarblue-collarblue-collarblue-collarblue-collarblue-collarblue-collarblue-collarblue-collarblue-collarblue-collarblue-collarblue-collarblue-collarblue-collarblue-collarblue-collarblue-collarblue-collarblue-collarblue-collarblue-collarblue-collarblue-collarblue-collarblue-collarblue-collarblue-collarblue-collarblue-collarblue-collarblue-collarblue-collarblue-collarblue-collarblue-collarblue-collarblue-collarblue-collarblue-collarblue-collarblue-collarblue-collarblue-collarblue-collarblue-collarblue-collarblue-collarblue-collarblue-collarblue-collarblue-collarblue-collarblue-collarblue-collarblue-collarblue-collarblue-collarblue-collarblue-collarblue-collarblue-collarblue-collarblue-collarblue-collarblue-collarblue-collarblue-collarblue-collarblue-collarblue-collarblue-collarblue-collarblue-collarblue-collarblue-collarblue-collarblue-collarblue-collarblue-collarblue-collarblue-collarblue-collarblue-collarblue-collarblue-collarblue-collarblue-collarblue-collarblue-collarblue-collarblue-collarblue-collarblue-collarblue-collarblue-collarblue-collarblue-collarblue-collarblue-collarblue-collarblue-collarblue-collarblue-collarblue-collarblue-collarblue-collarblue-collarblue-collarblue-collarblue-collarblue-collarblue-collarblue-collarblue-collarblue-collarblue-collarblue-collarblue-collarblue-collarblue-collarblue-collarblue-collarblue-collarblue-collarblue-collarblue-collarblue-collarblue-collarblue-collarblue-collarblue-collarblue-collarblue-collarblue-collarblue-collarblue-collarblue-collarblue-collarblue-collarblue-collarblue-collarblue-collarblue-collarblue-collarblue-collarblue-collarblue-collarblue-collarblue-collarblue-collarblue-collarblue-collarblue-collarblue-collarblue-collarblue-collarblue-collarblue-collarblue-collarblue-collarblue-collarblue-collarblue-collarblue-collarblue-collarblue-collarblue-collarblue-collarblue-collarblue-collarblue-collarblue-collarblue-collarblue-collarblue-collarblue-collarblue-collarblue-collarblue-collarblue-collarblue-collarblue-collarblue-collarblue-collarblue-collarblue-collarblue-collarblue-collarblue-collarblue-collarblue-collarblue-collarblue-collarblue-collarblue-collarblue-collarblue-collarblue-collarblue-collarblue-collarblue-collarblue-collarblue-collarblue-collarblue-collarblue-collarblue-collarblue-collarblue-collarblue-collarblue-collarblue-collarblue-collarblue-collarblue-collarblue-collarblue-collarblue-collarblue-collarblue-collarblue-collarblue-collarblue-collarblue-collarblue-collarblue-collarblue-collarblue-collarblue-collarblue-collarblue-collarblue-collarblue-collarblue-collarblue-collarblue-collarblue-collarblue-collarblue-collarblue-collarblue-collarblue-collarblue-collarblue-collarblue-collarblue-collarblue-collarblue-collarblue-collarblue-collarblue-collarblue-collarblue-collarblue-collarblue-collarblue-collarblue-collarblue-collarblue-collarblue-collarblue-collarblue-collarblue-collarblue-collarblue-collarblue-collarblue-collarblue-collarblue-collarblue-collarblue-collarblue-collarblue-collarblue-collarblue-collarblue-collarblue-collarblue-collarblue-collarblue-collarblue-collarblue-collarblue-collarblue-collarblue-collarblue-collarblue-collarblue-collarblue-collarblue-collarblue-collarblue-collarblue-collarblue-collarblue-collarblue-collarblue-collarblue-collarblue-collarblue-collarblue-collarblue-collarblue-collarblue-collarblue-collarblue-collarblue-collarblue-collarblue-collarblue-collarblue-collarblue-collarblue-collarblue-collarblue-collarblue-collarblue-collarblue-collarblue-collarblue-collarblue-collarblue-collarblue-collarblue-collarblue-collarblue-collarblue-collarblue-collarblue-collarblue-collarblue-collarblue-collarblue-collarblue-collarblue-collarblue-collarblue-collarblue-collarblue-collarblue-collarblue-collarblue-collarblue-collarblue-collarblue-collarblue-collarblue-collarblue-collarblue-collarblue-collarblue-collarblue-collarblue-collarblue-collarblue-collarblue-collarblue-collarblue-collarblue-collarblue-collarblue-collarblue-collarblue-collarblue-collarblue-collarblue-collarblue-collarblue-collarblue-collarblue-collarblue-collarblue-collarblue-collarblue-collarblue-collarblue-collarblue-collarblue-collarblue-collarblue-collarblue-collarblue-collarblue-collarblue-collarblue-collarblue-collarblue-collarblue-collarblue-collarblue-collarblue-collarblue-collarblue-collarblue-collarblue-collarblue-collarblue-collarblue-collarblue-collarblue-collarblue-collarblue-collarblue-collarblue-collarblue-collarblue-collarblue-collarblue-collarblue-collarblue-collarblue-collarblue-collarblue-collarblue-collarblue-collarblue-collarblue-collarblue-collarblue-collarblue-collarblue-collarblue-collarblue-collarblue-collarblue-collarblue-collarblue-collarblue-collarblue-collarblue-collarblue-collarblue-collarblue-collarblue-collarblue-collarblue-collarblue-collarblue-collarblue-collarblue-collarblue-collarblue-collarblue-collarblue-collarblue-collarblue-collarblue-collarblue-collarblue-collarblue-collarblue-collarblue-collarblue-collarblue-collarblue-collarblue-collarblue-collarblue-collarblue-collarblue-collarblue-collarblue-collarblue-collarblue-collarblue-collarblue-collarblue-collarblue-collarblue-collarblue-collarblue-collarblue-collarblue-collarblue-collarblue-collarblue-collarblue-collarblue-collarblue-collarblue-collarblue-collarblue-collarblue-collarblue-collarblue-collarblue-collarblue-collarblue-collarblue-collarblue-collarblue-collarblue-collarblue-collarblue-collarblue-collarblue-collarblue-collarblue-collarblue-collarblue-collarblue-collarblue-collarblue-collarblue-collarblue-collarblue-collarblue-collarblue-collarblue-collarblue-collarblue-collarblue-collarblue-collarblue-collarblue-collarblue-collarblue-collarblue-collarblue-collarblue-collarblue-collarblue-collarblue-collarblue-collarblue-collarblue-collarblue-collarblue-collarblue-collarblue-collarblue-collarblue-collarblue-collarblue-collarblue-collarblue-collarblue-collarblue-collarblue-collarblue-collarblue-collarblue-collarblue-collarblue-collarblue-collarblue-collarblue-collarblue-collarblue-collarblue-collarblue-collarblue-collarblue-collarblue-collarblue-collarblue-collarblue-collarblue-collarblue-collarblue-collarblue-collarblue-collarblue-collarblue-collarblue-collarblue-collarblue-collarblue-collarblue-collarblue-collarblue-collarblue-collarblue-collarblue-collarblue-collarblue-collarblue-collarblue-collarblue-collarblue-collarblue-collarblue-collarblue-collarblue-collarblue-collarblue-collarblue-collarblue-collarblue-collarblue-collarblue-collarblue-collarblue-collarblue-collarblue-collarblue-collarblue-collarblue-collarblue-collarblue-collarblue-collarblue-collarblue-collarblue-collarblue-collarblue-collarblue-collarblue-collarblue-collarblue-collarblue-collarblue-collarblue-collarblue-collarblue-collarblue-collarblue-collarblue-collarblue-collarblue-collarblue-collarblue-collarblue-collarblue-collarblue-collarblue-collarblue-collarblue-collarblue-collarblue-collarblue-collarblue-collarblue-collarblue-collarblue-collarblue-collarblue-collarblue-collarblue-collarblue-collarblue-collarblue-collarblue-collarblue-collarblue-collarblue-collarblue-collarblue-collarblue-collarblue-collarblue-collarblue-collarblue-collarblue-collarblue-collarblue-collarblue-collarblue-collarblue-collarblue-collarblue-collarblue-collarblue-collarblue-collarblue-collarblue-collarblue-collarblue-collarblue-collarblue-collarblue-collarblue-collarblue-collarblue-collarblue-collarblue-collarblue-collarblue-collarblue-collarblue-collarblue-collarblue-collarblue-collarblue-collarblue-collarblue-collarblue-collarblue-collarblue-collarblue-collarblue-collarblue-collarblue-collarblue-collarblue-collarblue-collarblue-collarblue-collarblue-collarblue-collarblue-collarblue-collarblue-collarblue-collarblue-collarblue-collarblue-collarblue-collarblue-collarblue-collarblue-collarblue-collarblue-collarblue-collarblue-collarblue-collarblue-collarblue-collarblue-collarblue-collarblue-collarblue-collarblue-collarblue-collarblue-collarblue-collarblue-collarblue-collarblue-collarblue-collarblue-collarblue-collarblue-collarblue-collarblue-collarblue-collarblue-collarblue-collarblue-collarblue-collarblue-collarblue-collarblue-collarblue-collarblue-collarblue-collarblue-collarblue-collarblue-collarblue-collarblue-collarblue-collarblue-collarblue-collarblue-collarblue-collarblue-collarblue-collarblue-collarblue-collarblue-collarblue-collarblue-collarblue-collarblue-collarblue-collarblue-collarblue-collarblue-collarblue-collarblue-collarblue-collarblue-collarblue-collarblue-collarblue-collarblue-collarblue-collarblue-collarblue-collarblue-collarblue-collarblue-collarblue-collarblue-collarblue-collarblue-collarblue-collarblue-collarblue-collarblue-collarblue-collarblue-collarblue-collarblue-collarblue-collarblue-collarblue-collarblue-collarblue-collarblue-collarblue-collarblue-collarblue-collarblue-collarblue-collarblue-collarblue-collarblue-collarblue-collarblue-collarblue-collarblue-collarblue-collarblue-collarblue-collarblue-collarblue-collarblue-collarblue-collarblue-collarblue-collarblue-collarblue-collarblue-collarblue-collarblue-collarblue-collarblue-collarblue-collarblue-collarblue-collarblue-collarblue-collarblue-collarblue-collarblue-collarblue-collarblue-collarblue-collarblue-collarblue-collarblue-collarblue-collarblue-collarblue-collarblue-collarblue-collarblue-collarblue-collarblue-collarblue-collarblue-collarblue-collarblue-collarblue-collarblue-collarblue-collarblue-collarblue-collarblue-collarblue-collarblue-collarblue-collarblue-collarblue-collarblue-collarblue-collarblue-collarblue-collarblue-collarblue-collarblue-collarblue-collarblue-collarblue-collarblue-collarblue-collarblue-collarblue-collarblue-collarblue-collarblue-collarblue-collarblue-collarblue-collarblue-collarblue-collarblue-collarblue-collarblue-collarblue-collarblue-collarblue-collarblue-collarblue-collarblue-collarblue-collarblue-collarblue-collarblue-collarblue-collarblue-collarblue-collarblue-collarblue-collarblue-collarblue-collarblue-collarblue-collarblue-collarblue-collarblue-collarblue-collarblue-collarblue-collarblue-collarblue-collarblue-collarblue-collarblue-collarblue-collarblue-collarblue-collarblue-collarblue-collarblue-collarblue-collarblue-collarblue-collarblue-collarblue-collarblue-collarblue-collarblue-collarblue-collarblue-collarblue-collarblue-collarblue-collarblue-collarblue-collarblue-collarblue-collarblue-collarblue-collarblue-collarblue-collarblue-collarblue-collarblue-collarblue-collarblue-collarblue-collarblue-collarblue-collarblue-collarblue-collarblue-collarblue-collarblue-collarblue-collarblue-collarblue-collarblue-collarblue-collarblue-collarblue-collarblue-collarblue-collarblue-collarblue-collarblue-collarblue-collarblue-collarblue-collarblue-collarblue-collarblue-collarblue-collarblue-collarblue-collarblue-collarblue-collarblue-collarblue-collarblue-collarblue-collarblue-collarblue-collarblue-collarblue-collarblue-collarblue-collarblue-collarblue-collarblue-collarblue-collarblue-collarblue-collarblue-collarblue-collarblue-collarblue-collarblue-collarblue-collarblue-collarblue-collarblue-collarblue-collarblue-collarblue-collarblue-collarblue-collarblue-collarblue-collarblue-collarblue-collarblue-collarblue-collarblue-collarblue-collarblue-collarblue-collarblue-collarblue-collarblue-collarblue-collarblue-collarblue-collarblue-collarblue-collarblue-collarblue-collarblue-collarblue-collarblue-collarblue-collarblue-collarblue-collarblue-collarblue-collarblue-collarblue-collarblue-collarblue-collarblue-collarblue-collarblue-collarblue-collarblue-collarblue-collarblue-collarblue-collarblue-collarblue-collarblue-collarblue-collarblue-collarblue-collarblue-collarblue-collarblue-collarblue-collarblue-collarblue-collarblue-collarblue-collarblue-collarblue-collarblue-collarblue-collarblue-collarblue-collarblue-collarblue-collarblue-collarblue-collarblue-collarblue-collarblue-collarblue-collarblue-collarblue-collarblue-collarblue-collarblue-collarblue-collarblue-collarblue-collarblue-collarblue-collarblue-collarblue-collarblue-collarblue-collarblue-collarblue-collarblue-collarblue-collarblue-collarblue-collarblue-collarblue-collarblue-collarblue-collarblue-collarblue-collarblue-collarblue-collarblue-collarblue-collarblue-collarblue-collarblue-collarblue-collarblue-collarblue-collarblue-collarblue-collarblue-collarblue-collarblue-collarblue-collarblue-collarblue-collarblue-collarblue-collarblue-collarblue-collarblue-collarblue-collarblue-collarblue-collarblue-collarblue-collarblue-collarblue-collarblue-collarblue-collarblue-collarblue-collarblue-collarblue-collarblue-collarblue-collarblue-collarblue-collarblue-collarblue-collarblue-collarblue-collarblue-collarblue-collarblue-collarblue-collarblue-collarblue-collarblue-collarblue-collarblue-collarblue-collarblue-collarblue-collarblue-collarblue-collarblue-collarblue-collarblue-collarblue-collarblue-collarblue-collarblue-collarblue-collarblue-collarblue-collarblue-collarblue-collarblue-collarblue-collarblue-collarblue-collarblue-collarblue-collarblue-collarblue-collarblue-collarblue-collarblue-collarblue-collarblue-collarblue-collarblue-collarblue-collarblue-collarblue-collarblue-collarblue-collarblue-collarblue-collarblue-collarblue-collarblue-collarblue-collarblue-collarblue-collarblue-collarblue-collarblue-collarblue-collarblue-collarblue-collarblue-collarblue-collarblue-collarblue-collarblue-collarblue-collarblue-collarblue-collarblue-collarblue-collarblue-collarblue-collarblue-collarblue-collarblue-collarblue-collarblue-collarblue-collarblue-collarblue-collarblue-collarblue-collarblue-collarblue-collarblue-collarblue-collarblue-collarblue-collarblue-collarblue-collarblue-collarblue-collarblue-collarblue-collarblue-collarblue-collarblue-collarblue-collarblue-collarblue-collarblue-collarblue-collarblue-collarblue-collarblue-collarblue-collarblue-collarblue-collarblue-collarblue-collarblue-collarblue-collarblue-collarblue-collarblue-collarblue-collarblue-collarblue-collarblue-collarblue-collarblue-collarblue-collarblue-collarblue-collarblue-collarblue-collarblue-collarblue-collarblue-collarblue-collarblue-collarblue-collarblue-collarblue-collarblue-collarblue-collarblue-collarblue-collarblue-collarblue-collarblue-collarblue-collarblue-collarblue-collarblue-collarblue-collarblue-collarblue-collarblue-collarblue-collarblue-collarblue-collarblue-collarblue-collarblue-collarblue-collarblue-collarblue-collarblue-collarblue-collarblue-collarblue-collarblue-collarblue-collarblue-collarblue-collarblue-collarblue-collarblue-collarblue-collarblue-collarblue-collarblue-collarblue-collarblue-collarblue-collarblue-collarblue-collarblue-collarblue-collarblue-collarblue-collarblue-collarblue-collarblue-collarblue-collarblue-collarblue-collarblue-collarblue-collarblue-collarblue-collarblue-collarblue-collarblue-collarblue-collarblue-collarblue-collarblue-collarblue-collarblue-collarblue-collarblue-collarblue-collarblue-collarblue-collarblue-collarblue-collarblue-collarblue-collarblue-collarblue-collarblue-collarblue-collarblue-collarblue-collarblue-collarblue-collarblue-collarblue-collarblue-collarblue-collarblue-collarblue-collarblue-collarblue-collarblue-collarblue-collarblue-collarblue-collarblue-collarblue-collarblue-collarblue-collarblue-collarblue-collarblue-collarblue-collarblue-collarblue-collarblue-collarblue-collarblue-collarblue-collarblue-collarblue-collarblue-collarblue-collarblue-collarblue-collarblue-collarblue-collarblue-collarblue-collarblue-collarblue-collarblue-collarblue-collarblue-collarblue-collarblue-collarblue-collarblue-collarblue-collarblue-collarblue-collarblue-collarblue-collarblue-collarblue-collarblue-collarblue-collarblue-collarblue-collarblue-collarblue-collarblue-collarblue-collarblue-collarblue-collarblue-collarblue-collarblue-collarblue-collarblue-collarblue-collarblue-collarblue-collarblue-collarblue-collarblue-collarblue-collarblue-collarblue-collarblue-collarblue-collarblue-collarblue-collarblue-collarblue-collarblue-collarblue-collarblue-collarblue-collarblue-collarblue-collarblue-collarblue-collarblue-collarblue-collarblue-collarblue-collarblue-collarblue-collarblue-collarblue-collarblue-collarblue-collarblue-collarblue-collarblue-collarblue-collarblue-collarblue-collarblue-collarblue-collarblue-collarblue-collarblue-collarblue-collarblue-collarblue-collarblue-collarblue-collarblue-collarblue-collarblue-collarblue-collarblue-collarblue-collarblue-collarblue-collarblue-collarblue-collarblue-collarblue-collarblue-collarblue-collarblue-collarblue-collarblue-collarblue-collarblue-collarblue-collarblue-collarblue-collarblue-collarblue-collarblue-collarblue-collarblue-collarblue-collarblue-collarblue-collarblue-collarblue-collarblue-collarblue-collarblue-collarblue-collarblue-collarblue-collarblue-collarblue-collarblue-collarblue-collarblue-collarblue-collarblue-collarblue-collarblue-collarblue-collarblue-collarblue-collarblue-collarblue-collarblue-collarblue-collarblue-collarblue-collarblue-collarblue-collarblue-collarblue-collarblue-collarblue-collarblue-collarblue-collarblue-collarblue-collarblue-collarblue-collarblue-collarblue-collarblue-collarblue-collarblue-collarblue-collarblue-collarblue-collarblue-collarblue-collarblue-collarblue-collarblue-collarblue-collarblue-collarblue-collarblue-collarblue-collarblue-collarblue-collarblue-collarblue-collarblue-collarblue-collarblue-collarblue-collarblue-collarblue-collarblue-collarblue-collarblue-collarblue-collarblue-collarblue-collarblue-collarblue-collarblue-collarblue-collarblue-collarblue-collarblue-collarblue-collarblue-collarblue-collarblue-collarblue-collarblue-collarblue-collarblue-collarblue-collarblue-collarblue-collarblue-collarblue-collarblue-collarblue-collarblue-collarblue-collarblue-collarblue-collarblue-collarblue-collarblue-collarblue-collarblue-collarblue-collarblue-collarblue-collarblue-collarblue-collarblue-collarblue-collarblue-collarblue-collarblue-collarblue-collarblue-collarblue-collarblue-collarblue-collarblue-collarblue-collarblue-collarblue-collarblue-collarblue-collarblue-collarblue-collarblue-collarblue-collarblue-collarblue-collarblue-collarblue-collarblue-collarblue-collarblue-collarblue-collarblue-collarblue-collarblue-collarblue-collarblue-collarblue-collarblue-collarblue-collarblue-collarblue-collarblue-collarblue-collarblue-collarblue-collarblue-collarblue-collarblue-collarblue-collarblue-collarblue-collarblue-collarblue-collarblue-collarblue-collarblue-collarblue-collarblue-collarblue-collarblue-collarblue-collarblue-collarblue-collarblue-collarblue-collarblue-collarblue-collarblue-collarblue-collarblue-collarblue-collarblue-collarblue-collarblue-collarblue-collarblue-collarblue-collarblue-collarblue-collarblue-collarblue-collarblue-collarblue-collarblue-collarblue-collarblue-collarblue-collarblue-collarblue-collarblue-collarblue-collarblue-collarblue-collarblue-collarblue-collarblue-collarblue-collarblue-collarblue-collarblue-collarblue-collarblue-collarblue-collarblue-collarblue-collarblue-collarblue-collarblue-collarblue-collarblue-collarblue-collarblue-collarblue-collarblue-collarblue-collarblue-collarblue-collarblue-collarblue-collarblue-collarblue-collarblue-collarblue-collarblue-collarblue-collarblue-collarblue-collarblue-collarblue-collarblue-collarblue-collarblue-collarblue-collarblue-collarblue-collarblue-collarblue-collarblue-collarblue-collarblue-collarblue-collarblue-collarblue-collarblue-collarblue-collarblue-collarblue-collarblue-collarblue-collarblue-collarblue-collarblue-collarblue-collarblue-collarblue-collarblue-collarblue-collarblue-collarblue-collarblue-collarblue-collarblue-collarblue-collarblue-collarblue-collarblue-collarblue-collarblue-collarblue-collarblue-collarblue-collarblue-collarblue-collarblue-collarblue-collarblue-collarblue-collarblue-collarblue-collarblue-collarblue-collarblue-collarblue-collarblue-collarblue-collarblue-collarblue-collarblue-collarblue-collarblue-collarblue-collarblue-collarblue-collarblue-collarblue-collarblue-collarblue-collarblue-collarblue-collarblue-collarblue-collarblue-collarblue-collarblue-collarblue-collarblue-collarblue-collarblue-collarblue-collarblue-collarblue-collarblue-collarblue-collarblue-collarblue-collarblue-collarblue-collarblue-collarblue-collarblue-collarblue-collarblue-collarblue-collarblue-collarblue-collarblue-collarblue-collarblue-collarblue-collarblue-collarblue-collarblue-collarblue-collarblue-collarblue-collarblue-collarblue-collarblue-collarblue-collarblue-collarblue-collarblue-collarblue-collarblue-collarblue-collarblue-collarblue-collarblue-collarblue-collarblue-collarblue-collarblue-collarblue-collarblue-collarblue-collarblue-collarblue-collarblue-collarblue-collarblue-collarblue-collarblue-collarblue-collarblue-collarblue-collarblue-collarblue-collarblue-collarblue-collarblue-collarblue-collarblue-collarblue-collarblue-collarblue-collarblue-collarblue-collarblue-collarblue-collarblue-collarblue-collarblue-collarblue-collarblue-collarblue-collarblue-collarblue-collarblue-collarblue-collarblue-collarblue-collarblue-collarblue-collarblue-collarblue-collarblue-collarblue-collarblue-collarblue-collarblue-collarblue-collarblue-collarblue-collarblue-collarblue-collarblue-collarblue-collarblue-collarblue-collarblue-collarblue-collarblue-collarblue-collarblue-collarblue-collarblue-collarblue-collarblue-collarblue-collarblue-collarblue-collarblue-collarblue-collarblue-collarblue-collarblue-collarblue-collarblue-collarblue-collarblue-collarblue-collarblue-collarblue-collarblue-collarblue-collarblue-collarblue-collarblue-collarblue-collarblue-collarblue-collarblue-collarblue-collarblue-collarblue-collarblue-collarblue-collarblue-collarblue-collarblue-collarblue-collarblue-collarblue-collarblue-collarblue-collarblue-collarblue-collarblue-collarblue-collarblue-collarblue-collarblue-collarblue-collarblue-collarblue-collarblue-collarblue-collarblue-collarblue-collarblue-collarblue-collarblue-collarblue-collarblue-collarblue-collarblue-collarblue-collarblue-collarblue-collarblue-collarblue-collarblue-collarblue-collarblue-collarblue-collarblue-collarblue-collarblue-collarblue-collarblue-collarblue-collarblue-collarblue-collarblue-collarblue-collarblue-collarblue-collarblue-collarblue-collarblue-collarblue-collarblue-collarblue-collarblue-collarblue-collarblue-collarblue-collarblue-collarblue-collarblue-collarblue-collarblue-collarblue-collarblue-collarblue-collarblue-collarblue-collarblue-collarblue-collarblue-collarblue-collarblue-collarblue-collarblue-collarblue-collarblue-collarblue-collarblue-collarblue-collarblue-collarblue-collarblue-collarblue-collarblue-collarblue-collarblue-collarblue-collarblue-collarblue-collarblue-collarblue-collarblue-collarblue-collarblue-collarblue-collarblue-collarblue-collarblue-collarblue-collarblue-collarblue-collarblue-collarblue-collarblue-collarblue-collarblue-collarblue-collarblue-collarblue-collarblue-collarblue-collarblue-collarblue-collarblue-collarblue-collarblue-collarblue-collarblue-collarblue-collarblue-collarblue-collarblue-collarblue-collarblue-collarblue-collarblue-collarblue-collarblue-collarblue-collarblue-collarblue-collarblue-collarblue-collarblue-collarblue-collarblue-collarblue-collarblue-collarblue-collarblue-collarblue-collarblue-collarblue-collarblue-collarblue-collarblue-collarblue-collarblue-collarblue-collarblue-collarblue-collarblue-collarblue-collarblue-collarblue-collarblue-collarblue-collarblue-collarblue-collarblue-collarblue-collarblue-collarblue-collarblue-collarblue-collarblue-collarblue-collarblue-collarblue-collarblue-collarblue-collarblue-collarblue-collarblue-collarblue-collarblue-collarblue-collarblue-collarblue-collarblue-collarblue-collarblue-collarblue-collarblue-collarblue-collarblue-collarblue-collarblue-collarblue-collarblue-collarblue-collarblue-collarblue-collarblue-collarblue-collarblue-collarblue-collarblue-collarblue-collarblue-collarblue-collarblue-collarblue-collarblue-collarblue-collarblue-collarblue-collarblue-collarblue-collarblue-collarblue-collarblue-collarblue-collarblue-collarblue-collarblue-collarblue-collarblue-collarblue-collarblue-collarblue-collarblue-collarblue-collarblue-collarblue-collarblue-collarblue-collarblue-collarblue-collarblue-collarblue-collarblue-collarblue-collarblue-collarblue-collarblue-collarblue-collarblue-collarblue-collarblue-collarblue-collarblue-collarblue-collarblue-collarblue-collarblue-collarblue-collarblue-collarblue-collarblue-collarblue-collarblue-collarblue-collarblue-collarblue-collarblue-collarblue-collarblue-collarblue-collarblue-collarblue-collarblue-collarblue-collarblue-collarblue-collarblue-collarblue-collarblue-collarblue-collarblue-collarblue-collarblue-collarblue-collarblue-collarblue-collarblue-collarblue-collarblue-collarblue-collarblue-collarblue-collarblue-collarblue-collarblue-collarblue-collarblue-collarblue-collarblue-collarblue-collarblue-collarblue-collarblue-collarblue-collarblue-collarblue-collarblue-collarblue-collarblue-collarblue-collarblue-collarblue-collarblue-collarblue-collarblue-collarblue-collarblue-collarblue-collarblue-collarblue-collarblue-collarblue-collarblue-collarblue-collarblue-collarblue-collarblue-collarblue-collarblue-collarblue-collarblue-collarblue-collarblue-collarblue-collarblue-collarblue-collarblue-collarblue-collarblue-collarblue-collarblue-collarblue-collarblue-collarblue-collarblue-collarblue-collarblue-collarblue-collarblue-collarblue-collarblue-collarblue-collarblue-collarblue-collarblue-collarblue-collarblue-collarblue-collarblue-collarblue-collarblue-collarblue-collarblue-collarblue-collarblue-collarblue-collarblue-collarblue-collarblue-collarblue-collarblue-collarblue-collarblue-collarblue-collarblue-collarblue-collarblue-collarblue-collarblue-collarblue-collarblue-collarblue-collarblue-collarblue-collarblue-collarblue-collarblue-collarblue-collarblue-collarblue-collarblue-collarblue-collarblue-collarblue-collarblue-collarblue-collarblue-collarblue-collarblue-collarblue-collarblue-collarblue-collarblue-collarblue-collarblue-collarblue-collarblue-collarblue-collarblue-collarblue-collarblue-collarblue-collarblue-collarblue-collarblue-collarblue-collarblue-collarblue-collarblue-collarblue-collarblue-collarblue-collarblue-collarblue-collarblue-collarblue-collarblue-collarblue-collarblue-collarblue-collarblue-collarblue-collarblue-collarblue-collarblue-collarblue-collarblue-collarblue-collarblue-collarblue-collarblue-collarblue-collarblue-collarblue-collarblue-collarblue-collarblue-collarblue-collarblue-collarblue-collarblue-collarblue-collarblue-collarblue-collarblue-collarblue-collarblue-collarblue-collarblue-collarblue-collarblue-collarblue-collarblue-collarblue-collarblue-collarblue-collarblue-collarblue-collarblue-collarblue-collarblue-collarblue-collarblue-collarblue-collarblue-collarblue-collarblue-collarblue-collarblue-collarblue-collarblue-collarblue-collarblue-collarblue-collarblue-collarblue-collarblue-collarblue-collarblue-collarblue-collarblue-collarblue-collarblue-collarblue-collarblue-collarblue-collarblue-collarblue-collarblue-collarblue-collarblue-collarblue-collarblue-collarblue-collarblue-collarblue-collarblue-collarblue-collarblue-collarblue-collarblue-collarblue-collarblue-collarblue-collarblue-collarblue-collarblue-collarblue-collarblue-collarblue-collarblue-collarblue-collarblue-collarblue-collarblue-collarblue-collarblue-collarblue-collarblue-collarblue-collarblue-collarblue-collarblue-collarblue-collarblue-collarblue-collarblue-collarblue-collarblue-collarblue-collarblue-collarblue-collarblue-collarblue-collarblue-collarblue-collarblue-collarblue-collarblue-collarblue-collarblue-collarblue-collarblue-collarblue-collarblue-collarblue-collarblue-collarblue-collarblue-collarblue-collarblue-collarblue-collarblue-collarblue-collarblue-collarblue-collarblue-collarblue-collarblue-collarblue-collarblue-collarblue-collarblue-collarblue-collarblue-collarblue-collarblue-collarblue-collarblue-collarblue-collarblue-collarblue-collarblue-collarblue-collarblue-collarblue-collarblue-collarblue-collarblue-collarblue-collarblue-collarblue-collarblue-collarblue-collarblue-collarblue-collarblue-collarblue-collarblue-collarblue-collarblue-collarblue-collarblue-collarblue-collarblue-collarblue-collarblue-collarblue-collarblue-collarblue-collarblue-collarblue-collarblue-collarblue-collarblue-collarblue-collarblue-collarblue-collarblue-collarblue-collarblue-collarblue-collarblue-collarblue-collarblue-collarblue-collarblue-collarblue-collarblue-collarblue-collarblue-collarblue-collarblue-collarblue-collarblue-collarblue-collarblue-collarblue-collarblue-collarblue-collarblue-collarblue-collarblue-collarblue-collarblue-collarblue-collarblue-collarblue-collarblue-collarblue-collarblue-collarblue-collarblue-collarblue-collarblue-collarblue-collarblue-collarblue-collarblue-collarblue-collarblue-collarblue-collarblue-collarblue-collarblue-collarblue-collarblue-collarblue-collarblue-collarblue-collarblue-collarblue-collarblue-collarblue-collarblue-collarblue-collarblue-collarblue-collarblue-collarblue-collarblue-collarblue-collarblue-collarblue-collarblue-collarblue-collarblue-collarblue-collarblue-collarblue-collarblue-collarblue-collarblue-collarblue-collarblue-collarblue-collarblue-collarblue-collarblue-collarblue-collarblue-collarblue-collarblue-collarblue-collarblue-collarblue-collarblue-collarblue-collarblue-collarblue-collarblue-collarblue-collarblue-collarblue-collarblue-collarblue-collarblue-collarblue-collarblue-collarblue-collarblue-collarblue-collarblue-collarblue-collarblue-collarblue-collarblue-collarblue-collarblue-collarblue-collarblue-collarblue-collarblue-collarblue-collarblue-collarblue-collarblue-collarblue-collarblue-collarblue-collarblue-collarblue-collarblue-collarblue-collarblue-collarblue-collarblue-collarblue-collarblue-collarblue-collarblue-collarblue-collarblue-collarblue-collarblue-collarblue-collarblue-collarblue-collarblue-collarblue-collarblue-collarblue-collarblue-collarblue-collarblue-collarblue-collarblue-collarblue-collarblue-collarblue-collarblue-collarblue-collarblue-collarblue-collarblue-collarblue-collarblue-collarblue-collarblue-collarblue-collarblue-collarblue-collarblue-collarblue-collarblue-collarblue-collarblue-collarblue-collarblue-collarblue-collarblue-collarblue-collarblue-collarblue-collarblue-collarblue-collarblue-collarblue-collarblue-collarblue-collarblue-collarblue-collarblue-collarblue-collarblue-collarblue-collarblue-collarblue-collarblue-collarblue-collarblue-collarblue-collarblue-collarblue-collarblue-collarblue-collarblue-collarblue-collarblue-collarblue-collarblue-collarblue-collarblue-collarblue-collarblue-collarblue-collarblue-collarblue-collarblue-collarblue-collarblue-collarblue-collarblue-collarblue-collarblue-collarblue-collarblue-collarblue-collarblue-collarblue-collarblue-collarblue-collarblue-collarblue-collarblue-collarblue-collarblue-collarblue-collarblue-collarblue-collarblue-collarblue-collarblue-collarblue-collarblue-collarblue-collarblue-collarblue-collarblue-collarblue-collarblue-collarblue-collarblue-collarblue-collarblue-collarblue-collarblue-collarblue-collarblue-collarblue-collarblue-collarblue-collarblue-collarblue-collarblue-collarblue-collarblue-collarblue-collarblue-collarblue-collarblue-collarblue-collarblue-collarblue-collarblue-collarblue-collarblue-collarblue-collarblue-collarblue-collarblue-collarblue-collarblue-collarblue-collarblue-collarblue-collarblue-collarblue-collarblue-collarblue-collarblue-collarblue-collarblue-collarblue-collarblue-collarblue-collarblue-collarblue-collarblue-collarblue-collarblue-collarblue-collarblue-collarblue-collarblue-collarblue-collarblue-collarblue-collarblue-collarblue-collarblue-collarblue-collarblue-collarblue-collarblue-collarblue-collarblue-collarblue-collarblue-collarblue-collarblue-collarblue-collarblue-collarblue-collarblue-collarblue-collarblue-collarblue-collarblue-collarblue-collarblue-collarblue-collarblue-collarblue-collarblue-collarblue-collarblue-collarblue-collarblue-collarblue-collarblue-collarblue-collarblue-collarblue-collarblue-collarblue-collarblue-collarblue-collarblue-collarblue-collarblue-collarblue-collarblue-collarblue-collarblue-collarblue-collarblue-collarblue-collarblue-collarblue-collarblue-collarblue-collarblue-collarblue-collarblue-collarblue-collarblue-collarblue-collarblue-collarblue-collarblue-collarblue-collarblue-collarblue-collarblue-collarblue-collarblue-collarblue-collarblue-collarblue-collarblue-collarblue-collarblue-collarblue-collarblue-collarblue-collarblue-collarblue-collarblue-collarblue-collarblue-collarblue-collarblue-collarblue-collarblue-collarblue-collarblue-collarblue-collarblue-collarblue-collarblue-collarblue-collarblue-collarblue-collarblue-collarblue-collarblue-collarblue-collarblue-collarblue-collarblue-collarblue-collarblue-collarblue-collarblue-collarblue-collarblue-collarblue-collarblue-collarblue-collarblue-collarblue-collarblue-collarblue-collarblue-collarblue-collarblue-collarblue-collarblue-collarblue-collarblue-collarblue-collarblue-collarblue-collarblue-collarblue-collarblue-collarblue-collarblue-collarblue-collarblue-collarblue-collarblue-collarblue-collarblue-collarblue-collarblue-collarblue-collarblue-collarblue-collarblue-collarblue-collarblue-collarblue-collarblue-collarblue-collarblue-collarblue-collarblue-collarblue-collarblue-collarblue-collarblue-collarblue-collarblue-collarblue-collarblue-collarblue-collarblue-collarblue-collarblue-collarblue-collarblue-collarblue-collarblue-collarblue-collarblue-collarblue-collarblue-collarblue-collarblue-collarblue-collarblue-collarblue-collarblue-collarblue-collarblue-collarblue-collarblue-collarblue-collarblue-collarblue-collarblue-collarblue-collarblue-collarblue-collarblue-collarblue-collarblue-collarblue-collarblue-collarblue-collarblue-collarblue-collarblue-collarblue-collarblue-collarblue-collarblue-collarblue-collarblue-collarblue-collarblue-collarblue-collarblue-collarblue-collarblue-collarblue-collarblue-collarblue-collarblue-collarblue-collarblue-collarblue-collarblue-collarblue-collarblue-collarblue-collarblue-collarblue-collarblue-collarblue-collarblue-collarblue-collarblue-collarblue-collarblue-collarblue-collarblue-collarblue-collarblue-collarblue-collarblue-collarblue-collarblue-collarblue-collarblue-collarblue-collarblue-collarblue-collarblue-collarblue-collarblue-collarblue-collarblue-collarblue-collarblue-collarblue-collarblue-collarblue-collarblue-collarblue-collarblue-collarblue-collarblue-collarblue-collarblue-collarblue-collarblue-collarblue-collarblue-collarblue-collarblue-collarblue-collarblue-collarblue-collarblue-collarblue-collarblue-collarblue-collarblue-collarblue-collarblue-collarblue-collarblue-collarblue-collarblue-collarblue-collarblue-collarblue-collarblue-collarblue-collarblue-collarblue-collarblue-collarblue-collarblue-collarblue-collarblue-collarblue-collarblue-collarblue-collarblue-collarblue-collarblue-collarblue-collarblue-collarblue-collarblue-collarblue-collarblue-collarblue-collarblue-collarblue-collarblue-collarblue-collarblue-collarblue-collarblue-collarblue-collarblue-collarblue-collarblue-collarblue-collarblue-collarblue-collarblue-collarblue-collarblue-collarblue-collarblue-collarblue-collarblue-collarblue-collarblue-collarblue-collarblue-collarblue-collarblue-collarblue-collarblue-collarblue-collarblue-collarblue-collarblue-collarblue-collarblue-collarblue-collarblue-collarblue-collarblue-collarblue-collarblue-collarblue-collarblue-collarblue-collarblue-collarblue-collarblue-collarblue-collarblue-collarblue-collarblue-collarblue-collarblue-collarblue-collarblue-collarblue-collarblue-collarblue-collarblue-collarblue-collarblue-collarblue-collarblue-collarblue-collarblue-collarblue-collarblue-collarblue-collarblue-collarblue-collarblue-collarblue-collarblue-collarblue-collarblue-collarblue-collarblue-collarblue-collarblue-collarblue-collarblue-collarblue-collarblue-collarblue-collarblue-collarblue-collarblue-collarblue-collarblue-collarblue-collarblue-collarblue-collarblue-collarblue-collarblue-collarblue-collarblue-collarblue-collarblue-collarblue-collarblue-collarblue-collarblue-collarblue-collarblue-collarblue-collarblue-collarblue-collarblue-collarblue-collarblue-collarblue-collarblue-collarblue-collarblue-collarblue-collarblue-collarblue-collarblue-collarblue-collarblue-collarblue-collarblue-collarblue-collarblue-collarblue-collarblue-collarblue-collarblue-collarblue-collarblue-collarblue-collarblue-collarblue-collarblue-collarblue-collarblue-collarblue-collarblue-collarblue-collarblue-collarblue-collarblue-collarblue-collarblue-collarblue-collarblue-collarblue-collarblue-collarblue-collarblue-collarblue-collarblue-collarblue-collarblue-collarblue-collarblue-collarblue-collarblue-collarblue-collarblue-collarblue-collarblue-collarblue-collarblue-collarblue-collarblue-collarblue-collarblue-collarblue-collarblue-collarblue-collarblue-collarblue-collarblue-collarblue-collarblue-collarblue-collarblue-collarblue-collarblue-collarblue-collarblue-collarblue-collarblue-collarblue-collarblue-collarblue-collarblue-collarblue-collarblue-collarblue-collarblue-collarblue-collarblue-collarblue-collarblue-collarblue-collarblue-collarblue-collarblue-collarblue-collarblue-collarblue-collarblue-collarblue-collarblue-collarblue-collarblue-collarblue-collarblue-collarblue-collarblue-collarblue-collarblue-collarblue-collarblue-collarblue-collarblue-collarblue-collarblue-collarblue-collarblue-collarblue-collarblue-collarblue-collarblue-collarblue-collarblue-collarblue-collarblue-collarblue-collarblue-collarblue-collarblue-collarblue-collarblue-collarblue-collarblue-collarblue-collarblue-collarblue-collarblue-collarblue-collarblue-collarblue-collarblue-collarblue-collarblue-collarblue-collarblue-collarblue-collarblue-collarblue-collarblue-collarblue-collarblue-collarblue-collarblue-collarblue-collarblue-collarblue-collarblue-collarblue-collarblue-collarblue-collarblue-collarblue-collarblue-collarblue-collarblue-collarblue-collarblue-collarblue-collarblue-collarblue-collarblue-collarblue-collarblue-collarblue-collarblue-collarblue-collarblue-collarblue-collarblue-collarblue-collarblue-collarblue-collarblue-collarblue-collarblue-collarblue-collarblue-collarblue-collarblue-collarblue-collarblue-collarblue-collarblue-collarblue-collarblue-collarblue-collarblue-collarblue-collarblue-collarblue-collarblue-collarblue-collarblue-collarblue-collarblue-collarblue-collarblue-collarblue-collarblue-collarblue-collarblue-collarblue-collarblue-collarblue-collarblue-collarblue-collarblue-collarblue-collarblue-collarblue-collarblue-collarblue-collarblue-collarblue-collarblue-collarblue-collarblue-collarblue-collarblue-collarblue-collarblue-collarblue-collarblue-collarblue-collarblue-collarblue-collarblue-collarblue-collarblue-collarblue-collarblue-collarblue-collarblue-collarblue-collarblue-collarblue-collarblue-collarblue-collarblue-collarblue-collarblue-collarblue-collarblue-collarblue-collarblue-collarblue-collarblue-collarblue-collarblue-collarblue-collarblue-collarblue-collarblue-collarblue-collarblue-collarblue-collarblue-collarblue-collarblue-collarblue-collarblue-collarblue-collarblue-collarblue-collarblue-collarblue-collarblue-collarblue-collarblue-collarblue-collarblue-collarblue-collarblue-collarblue-collarblue-collarblue-collarblue-collarblue-collarblue-collarblue-collarblue-collarblue-collarblue-collarblue-collarblue-collarblue-collarblue-collarblue-collarblue-collarblue-collarblue-collarblue-collarblue-collarblue-collarblue-collarblue-collarblue-collarblue-collarblue-collarblue-collarblue-collarblue-collarblue-collarblue-collarblue-collarblue-collarblue-collarblue-collarblue-collarblue-collarblue-collarblue-collarblue-collarblue-collarblue-collarblue-collarblue-collarblue-collarblue-collarblue-collarblue-collarblue-collarblue-collarblue-collarblue-collarblue-collarblue-collarblue-collarblue-collarblue-collarblue-collarblue-collarblue-collarblue-collarblue-collarblue-collarblue-collarblue-collarblue-collarblue-collarblue-collarblue-collarblue-collarblue-collarblue-collarblue-collarblue-collarblue-collarblue-collarblue-collarblue-collarblue-collarblue-collarblue-collarblue-collarblue-collarblue-collarblue-collarblue-collarblue-collarblue-collarblue-collarblue-collarblue-collarblue-collarblue-collarblue-collarblue-collarblue-collarblue-collarblue-collarblue-collarblue-collarblue-collarblue-collarblue-collarblue-collarblue-collarblue-collarblue-collarblue-collarblue-collarblue-collarblue-collarblue-collarblue-collarblue-collarblue-collarblue-collarblue-collarblue-collarblue-collarblue-collarblue-collarblue-collarblue-collarblue-collarblue-collarblue-collarblue-collarblue-collarblue-collarblue-collarblue-collarblue-collarblue-collarblue-collarblue-collarblue-collarblue-collarblue-collarblue-collarblue-collarblue-collarblue-collarblue-collarblue-collarblue-collarblue-collarblue-collarblue-collarblue-collarblue-collarblue-collarblue-collarblue-collarblue-collarblue-collarblue-collarblue-collarblue-collarblue-collarblue-collarblue-collarblue-collarblue-collarblue-collarblue-collarblue-collarblue-collarblue-collarblue-collarblue-collarblue-collarblue-collarblue-collarblue-collarblue-collarblue-collarblue-collarblue-collarblue-collarblue-collarblue-collarblue-collarblue-collarblue-collarblue-collarblue-collarblue-collarblue-collarblue-collarblue-collarblue-collarblue-collarblue-collarblue-collarblue-collarblue-collarblue-collarblue-collarblue-collarblue-collarblue-collarblue-collarblue-collarblue-collarblue-collarblue-collarblue-collarblue-collarblue-collarblue-collarblue-collarblue-collarblue-collarblue-collarblue-collarblue-collarblue-collarblue-collarblue-collarblue-collarblue-collarblue-collarblue-collarblue-collarblue-collarblue-collarblue-collarblue-collarblue-collarblue-collarblue-collarblue-collarblue-collarblue-collarblue-collarblue-collarblue-collarblue-collarblue-collarblue-collarblue-collarblue-collarblue-collarblue-collarblue-collarblue-collarblue-collarblue-collarblue-collarblue-collarblue-collarblue-collarblue-collarblue-collarblue-collarblue-collarblue-collarblue-collarblue-collarblue-collarblue-collarblue-collarblue-collarblue-collarblue-collarblue-collarblue-collarblue-collarblue-collarblue-collarblue-collarblue-collarblue-collarblue-collarblue-collarblue-collarblue-collarblue-collarblue-collarblue-collarblue-collarblue-collarblue-collarblue-collarblue-collarblue-collarblue-collarblue-collarblue-collarblue-collarblue-collarblue-collarblue-collarblue-collarblue-collarblue-collarblue-collarblue-collarblue-collarblue-collarblue-collarblue-collarblue-collarblue-collarblue-collarblue-collarblue-collarblue-collarblue-collarblue-collarblue-collarblue-collarblue-collarblue-collarblue-collarblue-collarblue-collarblue-collarblue-collarblue-collarblue-collarblue-collarblue-collarblue-collarblue-collarblue-collarblue-collarblue-collarblue-collarblue-collarblue-collarblue-collarblue-collarblue-collarblue-collarblue-collarblue-collarblue-collarblue-collarblue-collarblue-collarblue-collarblue-collarblue-collarblue-collarblue-collarblue-collarblue-collarblue-collarblue-collarblue-collarblue-collarblue-collarblue-collarblue-collarblue-collarblue-collarblue-collarblue-collarblue-collarblue-collarblue-collarblue-collarblue-collarblue-collarblue-collarblue-collarblue-collarblue-collarblue-collarblue-collarblue-collarblue-collarblue-collarblue-collarblue-collarblue-collarblue-collarblue-collarblue-collarblue-collarblue-collarblue-collarblue-collarblue-collarblue-collarblue-collarblue-collarblue-collarblue-collarblue-collarblue-collarblue-collarblue-collarblue-collarblue-collarblue-collarblue-collarblue-collarblue-collarblue-collarblue-collarblue-collarblue-collarblue-collarblue-collarblue-collarblue-collarblue-collarblue-collarblue-collarblue-collarblue-collarblue-collarblue-collarblue-collarblue-collarblue-collarblue-collarblue-collarblue-collarblue-collarblue-collarblue-collarblue-collarblue-collarblue-collarblue-collarblue-collarblue-collarblue-collarblue-collarblue-collarblue-collarblue-collarblue-collarblue-collarblue-collarblue-collarblue-collarblue-collarblue-collarblue-collarblue-collarblue-collarblue-collarblue-collarblue-collarblue-collarblue-collarblue-collarblue-collarblue-collarblue-collarblue-collarblue-collarblue-collarblue-collarblue-collarblue-collarblue-collarblue-collarblue-collarblue-collarblue-collarblue-collarblue-collarblue-collarblue-collarblue-collarblue-collarblue-collarblue-collarblue-collarblue-collarblue-collarblue-collarblue-collarblue-collarblue-collarblue-collarblue-collarblue-collarblue-collarblue-collarblue-collarblue-collarblue-collarblue-collarblue-collarblue-collarblue-collarblue-collarblue-collarblue-collarblue-collarblue-collarblue-collarblue-collarblue-collarblue-collarblue-collarblue-collarblue-collarblue-collarblue-collarblue-collarblue-collarblue-collarblue-collarblue-collarblue-collarblue-collarblue-collarblue-collarblue-collarblue-collarblue-collarblue-collarblue-collarblue-collarblue-collarblue-collarblue-collarblue-collarblue-collarblue-collarblue-collarblue-collarblue-collarblue-collarblue-collarblue-collarblue-collarblue-collarblue-collarblue-collarblue-collarblue-collarblue-collarblue-collarblue-collarblue-collarblue-collarblue-collarblue-collarblue-collarblue-collarblue-collarblue-collarblue-collarblue-collarblue-collarblue-collarblue-collarblue-collarblue-collarblue-collarblue-collarblue-collarblue-collarblue-collarblue-collarblue-collarblue-collarblue-collarblue-collarblue-collarblue-collarblue-collarblue-collarblue-collarblue-collarblue-collarblue-collarblue-collarblue-collarblue-collarblue-collarblue-collarblue-collarblue-collarblue-collarblue-collarblue-collarblue-collarblue-collarblue-collarblue-collarblue-collarblue-collarblue-collarblue-collarblue-collarblue-collarblue-collarblue-collarblue-collarblue-collarblue-collarblue-collarblue-collarblue-collarblue-collarblue-collarblue-collarblue-collarblue-collarblue-collarblue-collarblue-collarblue-collarblue-collarblue-collarblue-collarblue-collarblue-collarblue-collarblue-collarblue-collarblue-collarblue-collarblue-collarblue-collarblue-collarblue-collarblue-collarblue-collarblue-collarblue-collarblue-collarblue-collarblue-collarblue-collarblue-collarblue-collarblue-collarblue-collarblue-collarblue-collarblue-collarblue-collarblue-collarblue-collarblue-collarblue-collarblue-collarblue-collarblue-collarblue-collarblue-collarblue-collarblue-collarblue-collarblue-collarblue-collarblue-collarblue-collarblue-collarblue-collarblue-collarblue-collarblue-collarblue-collarblue-collarblue-collarblue-collarblue-collarblue-collarblue-collarblue-collarblue-collarblue-collarblue-collarblue-collarblue-collarblue-collarblue-collarblue-collarblue-collarblue-collarblue-collarblue-collarblue-collarblue-collarblue-collarblue-collarblue-collarblue-collarblue-collarblue-collarblue-collarblue-collarblue-collarblue-collarblue-collarblue-collarblue-collarblue-collarblue-collarblue-collarblue-collarblue-collarblue-collarblue-collarblue-collarblue-collarblue-collarblue-collarblue-collarblue-collarblue-collarblue-collarblue-collarblue-collarblue-collarblue-collarblue-collarblue-collarblue-collarblue-collarblue-collarblue-collarblue-collarblue-collarblue-collarblue-collarblue-collarblue-collarblue-collarblue-collarblue-collarblue-collarblue-collarblue-collarblue-collarblue-collarblue-collarblue-collarblue-collarblue-collarblue-collarblue-collarblue-collarblue-collarblue-collarblue-collarblue-collarblue-collarblue-collarblue-collarblue-collarblue-collarblue-collarblue-collarblue-collarblue-collarblue-collarblue-collarblue-collarblue-collarblue-collarblue-collarblue-collarblue-collarblue-collarblue-collarblue-collarblue-collarblue-collarblue-collarblue-collarblue-collarblue-collarblue-collarblue-collarblue-collarblue-collarblue-collarblue-collarblue-collarblue-collarblue-collarblue-collarblue-collarblue-collarblue-collarblue-collarblue-collarblue-collarblue-collarblue-collarblue-collarblue-collarblue-collarblue-collarblue-collarblue-collarblue-collarblue-collarblue-collarblue-collarblue-collarblue-collarblue-collarblue-collarblue-collarblue-collarblue-collarblue-collarblue-collarblue-collarblue-collarblue-collarblue-collarblue-collarblue-collarblue-collarblue-collarblue-collarblue-collarblue-collarblue-collarblue-collarblue-collarblue-collarblue-collarblue-collarblue-collarblue-collarblue-collarblue-collarblue-collarblue-collarblue-collarblue-collarblue-collarblue-collarblue-collarblue-collarblue-collarblue-collarblue-collarblue-collarblue-collarblue-collarblue-collarblue-collarblue-collarblue-collarblue-collarblue-collarblue-collarblue-collarblue-collarblue-collarblue-collarblue-collarblue-collarblue-collarblue-collarblue-collarblue-collarblue-collarblue-collarblue-collarblue-collarblue-collarblue-collarblue-collarblue-collarblue-collarblue-collarblue-collarblue-collarblue-collarblue-collarblue-collarblue-collarblue-collarblue-collarblue-collarblue-collarblue-collarblue-collarblue-collarblue-collarblue-collarblue-collarblue-collarblue-collarblue-collarblue-collarblue-collarblue-collarblue-collarblue-collarblue-collarblue-collarblue-collarblue-collarblue-collarblue-collarblue-collarblue-collarblue-collarblue-collarblue-collarblue-collarblue-collarblue-collarblue-collarblue-collarblue-collarblue-collarblue-collarblue-collarblue-collarblue-collarblue-collarblue-collarblue-collarblue-collarblue-collarblue-collarblue-collarblue-collarblue-collarblue-collarblue-collarblue-collarblue-collarblue-collarblue-collarblue-collarblue-collarblue-collarblue-collarblue-collarblue-collarblue-collarblue-collarblue-collarblue-collarblue-collarblue-collarblue-collarblue-collarblue-collarblue-collarblue-collarblue-collarblue-collarblue-collarblue-collarblue-collarblue-collarblue-collarblue-collarblue-collarblue-collarblue-collarblue-collarblue-collarblue-collarblue-collarblue-collarblue-collarblue-collarblue-collarblue-collarblue-collarblue-collarblue-collarblue-collarblue-collarblue-collarblue-collarblue-collarblue-collarblue-collarblue-collarblue-collarblue-collarblue-collarblue-collarblue-collarblue-collarblue-collarblue-collarblue-collarblue-collarblue-collarblue-collarblue-collarblue-collarblue-collarblue-collarblue-collarblue-collarblue-collarblue-collarblue-collarblue-collarblue-collarblue-collarblue-collarblue-collarblue-collarblue-collarblue-collarblue-collarblue-collarblue-collarblue-collarblue-collarblue-collarblue-collarblue-collarblue-collarblue-collarblue-collarblue-collarblue-collarblue-collarblue-collarblue-collarblue-collarblue-collarblue-collarblue-collarblue-collarblue-collarblue-collarblue-collarblue-collarblue-collarblue-collarblue-collarblue-collarblue-collarblue-collarblue-collarblue-collarblue-collarblue-collarblue-collarblue-collarblue-collarblue-collarblue-collarblue-collarblue-collarblue-collarblue-collarblue-collarblue-collarblue-collarblue-collarblue-collarblue-collarblue-collarblue-collarblue-collarblue-collarblue-collarblue-collarblue-collarblue-collarblue-collarblue-collarblue-collarblue-collarblue-collarblue-collarblue-collarblue-collarblue-collarblue-collarblue-collarblue-collarblue-collarblue-collarblue-collarblue-collarblue-collarblue-collarblue-collarblue-collarblue-collarblue-collarblue-collarblue-collarblue-collarblue-collarblue-collarblue-collarblue-collarblue-collarblue-collarblue-collarblue-collarblue-collarblue-collarblue-collarblue-collarblue-collarblue-collarblue-collarblue-collarblue-collarblue-collarblue-collarblue-collarblue-collarblue-collarblue-collarblue-collarblue-collarblue-collarblue-collarblue-collarblue-collarblue-collarblue-collarblue-collarblue-collarblue-collarblue-collarblue-collarblue-collarblue-collarblue-collarblue-collarblue-collarblue-collarblue-collarblue-collarblue-collarblue-collarblue-collarblue-collarblue-collarblue-collarblue-collarblue-collarblue-collarblue-collarblue-collarblue-collarblue-collarblue-collarblue-collarblue-collarblue-collarblue-collarblue-collarblue-collarblue-collarblue-collarblue-collarblue-collarblue-collarblue-collarblue-collarblue-collarblue-collarblue-collarblue-collarblue-collarblue-collarblue-collarblue-collarblue-collarblue-collarblue-collarblue-collarblue-collarblue-collarblue-collarblue-collarblue-collarblue-collarblue-collarblue-collarblue-collarblue-collarblue-collarblue-collarblue-collarblue-collarblue-collarblue-collarblue-collarblue-collarblue-collarblue-collarblue-collarblue-collarblue-collarblue-collarblue-collarblue-collarblue-collarblue-collarblue-collarblue-collarblue-collarblue-collarblue-collarblue-collarblue-collarblue-collarblue-collarblue-collarblue-collarblue-collarblue-collarblue-collarblue-collarblue-collarblue-collarblue-collarblue-collarblue-collarblue-collarblue-collarblue-collarblue-collarblue-collarblue-collarblue-collarblue-collarblue-collarblue-collarblue-collarblue-collarblue-collarblue-collarblue-collarblue-collarblue-collarblue-collarblue-collarblue-collarblue-collarblue-collarblue-collarblue-collarblue-collarblue-collarblue-collarblue-collarblue-collarblue-collarblue-collarblue-collarblue-collarblue-collarblue-collarblue-collarblue-collarblue-collarblue-collarblue-collarblue-collarblue-collarblue-collarblue-collarblue-collarblue-collarblue-collarblue-collarblue-collarblue-collarblue-collarblue-collarblue-collarblue-collarblue-collarblue-collarblue-collarblue-collarblue-collarblue-collarblue-collarblue-collarblue-collarblue-collarblue-collarblue-collarblue-collarblue-collarblue-collarblue-collarblue-collarblue-collarblue-collarblue-collarblue-collarblue-collarblue-collarblue-collarblue-collarblue-collarblue-collarblue-collarblue-collarblue-collarblue-collarblue-collarblue-collarblue-collarblue-collarblue-collarblue-collarblue-collarblue-collarblue-collarblue-collarblue-collarblue-collarblue-collarblue-collarblue-collarblue-collarblue-collarblue-collarblue-collarblue-collarblue-collarblue-collarblue-collarblue-collarblue-collarblue-collarblue-collarblue-collarblue-collarblue-collarblue-collarblue-collarblue-collarblue-collarblue-collarblue-collarblue-collarblue-collarblue-collarblue-collarblue-collarblue-collarblue-collarblue-collarblue-collarblue-collarblue-collarblue-collarblue-collarblue-collarblue-collarblue-collarblue-collarblue-collarblue-collarblue-collarblue-collarblue-collarblue-collarblue-collarblue-collarblue-collarblue-collarblue-collarblue-collarblue-collarblue-collarblue-collarblue-collarblue-collarblue-collarblue-collarblue-collarblue-collarblue-collarblue-collarblue-collarblue-collarblue-collarblue-collarblue-collarblue-collarblue-collarblue-collarblue-collarblue-collarblue-collarblue-collarblue-collarblue-collarblue-collarblue-collarblue-collarblue-collarblue-collarblue-collarblue-collarblue-collarblue-collarblue-collarblue-collarblue-collarblue-collarblue-collarblue-collarblue-collarblue-collarblue-collarblue-collarblue-collarblue-collarblue-collarblue-collarblue-collarblue-collarblue-collarblue-collarblue-collarblue-collarblue-collarblue-collarblue-collarblue-collarblue-collarblue-collarblue-collarblue-collarblue-collarblue-collarblue-collarblue-collarblue-collarblue-collarblue-collarblue-collarblue-collarblue-collarblue-collarblue-collarblue-collarblue-collarblue-collarblue-collarblue-collarblue-collarblue-collarblue-collarblue-collarblue-collarblue-collarblue-collarblue-collarblue-collarblue-collarblue-collarblue-collarblue-collarblue-collarblue-collarblue-collarblue-collarblue-collarblue-collarblue-collarblue-collarblue-collarblue-collarblue-collarblue-collarblue-collarblue-collarblue-collarblue-collarblue-collarblue-collarblue-collarblue-collarblue-collarblue-collarblue-collarblue-collarblue-collarblue-collarblue-collarblue-collarblue-collarblue-collarblue-collarblue-collarblue-collarblue-collarblue-collarblue-collarblue-collarblue-collarblue-collarblue-collarblue-collarblue-collarblue-collarblue-collarblue-collarblue-collarblue-collarblue-collarblue-collarblue-collarblue-collarblue-collarblue-collarblue-collarblue-collarblue-collarblue-collarblue-collarblue-collarblue-collarblue-collarblue-collarblue-collarblue-collarblue-collarblue-collarblue-collarblue-collarblue-collarblue-collarblue-collarblue-collarblue-collarblue-collarblue-collarblue-collarblue-collarblue-collarblue-collarblue-collarblue-collarblue-collarblue-collarblue-collarblue-collarblue-collarblue-collarblue-collarblue-collarblue-collarblue-collarblue-collarblue-collarblue-collarblue-collarblue-collarblue-collarblue-collarblue-collarblue-collarblue-collarblue-collarblue-collarblue-collarblue-collarblue-collarblue-collarblue-collarblue-collarblue-collarblue-collarblue-collarblue-collarblue-collarblue-collar'] to numeric
2025-04-22 19:28:21,333 - INFO - [HYBRID] Generated hybrid dataset shape for CTGAN: (72336, 17)
2025-04-22 19:28:21,337 - INFO - [HYBRID] Target distribution for CTGAN: {'no': 56572, 'yes': 15764}
2025-04-22 19:28:21,564 - INFO -  [HYBRID] Saved hybrid dataset to /mnt/NVMETank/Projects/Students/Dele/A-STUDY-INTO-THE-QUALITY-AND-USABILITY-OF-PRIVACY-FRIENDLY-SYNTHETIC-DATA/datasets/hybrid/bankMarketing_k10_l2_sup10_CTGAN_HYBRID.csv
2025-04-22 19:28:21,564 - INFO - [HYBRID] Generated hybrid dataset shape for TVAE: (72336, 17)
2025-04-22 19:28:21,567 - INFO - [HYBRID] Target distribution for TVAE: {'no': 70684, 'yes': 1652}
2025-04-22 19:28:21,782 - INFO -  [HYBRID] Saved hybrid dataset to /mnt/NVMETank/Projects/Students/Dele/A-STUDY-INTO-THE-QUALITY-AND-USABILITY-OF-PRIVACY-FRIENDLY-SYNTHETIC-DATA/datasets/hybrid/bankMarketing_k10_l2_sup10_TVAE_HYBRID.csv
2025-04-22 19:28:21,782 - INFO -  [HYBRID] Hybrid pipeline complete — 2 dataset(s) ready.
2025-04-22 19:28:21,782 - INFO - [HYBRID] Total rows across all hybrid datasets: 144672
2025-04-22 19:28:21,782 - INFO - Hybrid pipeline completed successfully.
2025-04-22 19:28:21,782 - INFO - Hybrid pipeline duration: 15.00 seconds
2025-04-22 19:28:21,782 - INFO - Starting Utility...
2025-04-22 19:28:21,782 - INFO - [UTILITY] Preparing datasets for machine learning...
2025-04-22 19:28:21,784 - INFO - [UTILITY] Original Data - Training Size: 36168, Testing Size: 9043
2025-04-22 19:28:21,785 - INFO - [UTILITY] Target class distribution (Original): {'no': 31937, 'yes': 4231}
2025-04-22 19:28:21,787 - INFO - [UTILITY] Processing synthetic dataset generated by CTGAN...
2025-04-22 19:28:21,790 - INFO - [UTILITY] Synthetic Data (CTGAN) - Training Size: 72336
2025-04-22 19:28:21,793 - INFO - [UTILITY] Target class distribution (CTGAN): {'no': 61757, 'yes': 10579}
2025-04-22 19:28:21,795 - INFO - [UTILITY] Processing synthetic dataset generated by TVAE...
2025-04-22 19:28:21,798 - INFO - [UTILITY] Synthetic Data (TVAE) - Training Size: 72336
2025-04-22 19:28:21,800 - INFO - [UTILITY] Target class distribution (TVAE): {'no': 66170, 'yes': 6166}
2025-04-22 19:28:21,802 - INFO - [UTILITY] Processing hybrid dataset generated by CTGAN...
2025-04-22 19:28:21,809 - INFO - [UTILITY] Hybrid Data (CTGAN_HYBRID) - Training Size: 72336
2025-04-22 19:28:21,811 - INFO - [UTILITY] Target class distribution (CTGAN_HYBRID): {'no': 56572, 'yes': 15764}
2025-04-22 19:28:21,813 - INFO - [UTILITY] Processing hybrid dataset generated by TVAE...
2025-04-22 19:28:21,822 - INFO - [UTILITY] Hybrid Data (TVAE_HYBRID) - Training Size: 72336
2025-04-22 19:28:21,824 - INFO - [UTILITY] Target class distribution (TVAE_HYBRID): {'no': 70684, 'yes': 1652}
2025-04-22 19:28:21,824 - INFO - [UTILITY] Training models on all datasets...
2025-04-22 19:28:21,824 - INFO - [UTILITY] Total datasets used for training: 5
2025-04-22 19:28:21,824 - INFO - [TRAINING] Training models from scratch...
2025-04-22 19:28:21,824 - INFO - [TRAINING] Starting training for dataset: Original — Rows: 36168, Features: 31
2025-04-22 19:28:21,825 - INFO - [TRAINING] Training DecisionTree on Original...
2025-04-22 19:28:22,039 - INFO - [TRAINING] DecisionTree trained successfully on Original in 0.21 sec
2025-04-22 19:28:22,039 - INFO - [TRAINING] Training KNN on Original...
2025-04-22 19:28:22,058 - INFO - [TRAINING] KNN trained successfully on Original in 0.02 sec
2025-04-22 19:28:22,059 - INFO - [TRAINING] Training LogisticRegression on Original...
2025-04-22 19:28:22,517 - INFO - [TRAINING] LogisticRegression trained successfully on Original in 0.46 sec
2025-04-22 19:28:22,517 - INFO - [TRAINING] Training RandomForest on Original...
2025-04-22 19:28:25,203 - INFO - [TRAINING] RandomForest trained successfully on Original in 2.69 sec
2025-04-22 19:28:25,203 - INFO - [TRAINING] Finished training 4 model(s) for dataset: Original
2025-04-22 19:28:25,203 - INFO - [TRAINING] Starting training for dataset: CTGAN — Rows: 72336, Features: 31
2025-04-22 19:28:25,203 - INFO - [TRAINING] Training DecisionTree on CTGAN...
2025-04-22 19:28:25,704 - INFO - [TRAINING] DecisionTree trained successfully on CTGAN in 0.50 sec
2025-04-22 19:28:25,704 - INFO - [TRAINING] Training KNN on CTGAN...
2025-04-22 19:28:25,744 - INFO - [TRAINING] KNN trained successfully on CTGAN in 0.04 sec
2025-04-22 19:28:25,744 - INFO - [TRAINING] Training LogisticRegression on CTGAN...
2025-04-22 19:28:26,007 - INFO - [TRAINING] LogisticRegression trained successfully on CTGAN in 0.26 sec
2025-04-22 19:28:26,007 - INFO - [TRAINING] Training RandomForest on CTGAN...
2025-04-22 19:28:32,430 - INFO - [TRAINING] RandomForest trained successfully on CTGAN in 6.42 sec
2025-04-22 19:28:32,430 - INFO - [TRAINING] Finished training 4 model(s) for dataset: CTGAN
2025-04-22 19:28:32,430 - INFO - [TRAINING] Starting training for dataset: TVAE — Rows: 72336, Features: 31
2025-04-22 19:28:32,430 - INFO - [TRAINING] Training DecisionTree on TVAE...
2025-04-22 19:28:32,724 - INFO - [TRAINING] DecisionTree trained successfully on TVAE in 0.29 sec
2025-04-22 19:28:32,724 - INFO - [TRAINING] Training KNN on TVAE...
2025-04-22 19:28:32,765 - INFO - [TRAINING] KNN trained successfully on TVAE in 0.04 sec
2025-04-22 19:28:32,765 - INFO - [TRAINING] Training LogisticRegression on TVAE...
2025-04-22 19:28:33,673 - INFO - [TRAINING] LogisticRegression trained successfully on TVAE in 0.91 sec
2025-04-22 19:28:33,673 - INFO - [TRAINING] Training RandomForest on TVAE...
2025-04-22 19:28:37,684 - INFO - [TRAINING] RandomForest trained successfully on TVAE in 4.01 sec
2025-04-22 19:28:37,684 - INFO - [TRAINING] Finished training 4 model(s) for dataset: TVAE
2025-04-22 19:28:37,684 - INFO - [TRAINING] Starting training for dataset: CTGAN_HYBRID — Rows: 72336, Features: 16
2025-04-22 19:28:37,684 - INFO - [TRAINING] Training DecisionTree on CTGAN_HYBRID...
2025-04-22 19:28:37,694 - ERROR -  ERROR Training failed for DecisionTree on CTGAN_HYBRID: could not convert string to float: 'blue-collar'
Traceback (most recent call last):
  File "/mnt/NVMETank/Projects/Students/Dele/A-STUDY-INTO-THE-QUALITY-AND-USABILITY-OF-PRIVACY-FRIENDLY-SYNTHETIC-DATA/src/modelOperations/model_training.py", line 53, in train_models
    model_instance.train(X_train, y_train)
  File "/mnt/NVMETank/Projects/Students/Dele/A-STUDY-INTO-THE-QUALITY-AND-USABILITY-OF-PRIVACY-FRIENDLY-SYNTHETIC-DATA/src/modelOperations/models.py", line 62, in train
    self.model.fit(X_train, y_train)
  File "/mnt/NVMETank/Projects/Students/Dele/A-STUDY-INTO-THE-QUALITY-AND-USABILITY-OF-PRIVACY-FRIENDLY-SYNTHETIC-DATA/.venv/lib/python3.12/site-packages/sklearn/base.py", line 1389, in wrapper
    return fit_method(estimator, *args, **kwargs)
           ^^^^^^^^^^^^^^^^^^^^^^^^^^^^^^^^^^^^^^
  File "/mnt/NVMETank/Projects/Students/Dele/A-STUDY-INTO-THE-QUALITY-AND-USABILITY-OF-PRIVACY-FRIENDLY-SYNTHETIC-DATA/.venv/lib/python3.12/site-packages/sklearn/tree/_classes.py", line 1024, in fit
    super()._fit(
  File "/mnt/NVMETank/Projects/Students/Dele/A-STUDY-INTO-THE-QUALITY-AND-USABILITY-OF-PRIVACY-FRIENDLY-SYNTHETIC-DATA/.venv/lib/python3.12/site-packages/sklearn/tree/_classes.py", line 252, in _fit
    X, y = validate_data(
           ^^^^^^^^^^^^^^
  File "/mnt/NVMETank/Projects/Students/Dele/A-STUDY-INTO-THE-QUALITY-AND-USABILITY-OF-PRIVACY-FRIENDLY-SYNTHETIC-DATA/.venv/lib/python3.12/site-packages/sklearn/utils/validation.py", line 2956, in validate_data
    X = check_array(X, input_name="X", **check_X_params)
        ^^^^^^^^^^^^^^^^^^^^^^^^^^^^^^^^^^^^^^^^^^^^^^^^
  File "/mnt/NVMETank/Projects/Students/Dele/A-STUDY-INTO-THE-QUALITY-AND-USABILITY-OF-PRIVACY-FRIENDLY-SYNTHETIC-DATA/.venv/lib/python3.12/site-packages/sklearn/utils/validation.py", line 1055, in check_array
    array = _asarray_with_order(array, order=order, dtype=dtype, xp=xp)
            ^^^^^^^^^^^^^^^^^^^^^^^^^^^^^^^^^^^^^^^^^^^^^^^^^^^^^^^^^^^
  File "/mnt/NVMETank/Projects/Students/Dele/A-STUDY-INTO-THE-QUALITY-AND-USABILITY-OF-PRIVACY-FRIENDLY-SYNTHETIC-DATA/.venv/lib/python3.12/site-packages/sklearn/utils/_array_api.py", line 839, in _asarray_with_order
    array = numpy.asarray(array, order=order, dtype=dtype)
            ^^^^^^^^^^^^^^^^^^^^^^^^^^^^^^^^^^^^^^^^^^^^^^
  File "/mnt/NVMETank/Projects/Students/Dele/A-STUDY-INTO-THE-QUALITY-AND-USABILITY-OF-PRIVACY-FRIENDLY-SYNTHETIC-DATA/.venv/lib/python3.12/site-packages/pandas/core/generic.py", line 2153, in __array__
    arr = np.asarray(values, dtype=dtype)
          ^^^^^^^^^^^^^^^^^^^^^^^^^^^^^^^
ValueError: could not convert string to float: 'blue-collar'
2025-04-22 19:28:37,700 - INFO - [TRAINING] Training KNN on CTGAN_HYBRID...
2025-04-22 19:28:37,709 - ERROR -  ERROR Training failed for KNN on CTGAN_HYBRID: could not convert string to float: 'blue-collar'
Traceback (most recent call last):
  File "/mnt/NVMETank/Projects/Students/Dele/A-STUDY-INTO-THE-QUALITY-AND-USABILITY-OF-PRIVACY-FRIENDLY-SYNTHETIC-DATA/src/modelOperations/model_training.py", line 53, in train_models
    model_instance.train(X_train, y_train)
  File "/mnt/NVMETank/Projects/Students/Dele/A-STUDY-INTO-THE-QUALITY-AND-USABILITY-OF-PRIVACY-FRIENDLY-SYNTHETIC-DATA/src/modelOperations/models.py", line 33, in train
    self.model.fit(X_train, y_train)
  File "/mnt/NVMETank/Projects/Students/Dele/A-STUDY-INTO-THE-QUALITY-AND-USABILITY-OF-PRIVACY-FRIENDLY-SYNTHETIC-DATA/.venv/lib/python3.12/site-packages/sklearn/base.py", line 1389, in wrapper
    return fit_method(estimator, *args, **kwargs)
           ^^^^^^^^^^^^^^^^^^^^^^^^^^^^^^^^^^^^^^
  File "/mnt/NVMETank/Projects/Students/Dele/A-STUDY-INTO-THE-QUALITY-AND-USABILITY-OF-PRIVACY-FRIENDLY-SYNTHETIC-DATA/.venv/lib/python3.12/site-packages/sklearn/neighbors/_classification.py", line 239, in fit
    return self._fit(X, y)
           ^^^^^^^^^^^^^^^
  File "/mnt/NVMETank/Projects/Students/Dele/A-STUDY-INTO-THE-QUALITY-AND-USABILITY-OF-PRIVACY-FRIENDLY-SYNTHETIC-DATA/.venv/lib/python3.12/site-packages/sklearn/neighbors/_base.py", line 478, in _fit
    X, y = validate_data(
           ^^^^^^^^^^^^^^
  File "/mnt/NVMETank/Projects/Students/Dele/A-STUDY-INTO-THE-QUALITY-AND-USABILITY-OF-PRIVACY-FRIENDLY-SYNTHETIC-DATA/.venv/lib/python3.12/site-packages/sklearn/utils/validation.py", line 2961, in validate_data
    X, y = check_X_y(X, y, **check_params)
           ^^^^^^^^^^^^^^^^^^^^^^^^^^^^^^^
  File "/mnt/NVMETank/Projects/Students/Dele/A-STUDY-INTO-THE-QUALITY-AND-USABILITY-OF-PRIVACY-FRIENDLY-SYNTHETIC-DATA/.venv/lib/python3.12/site-packages/sklearn/utils/validation.py", line 1370, in check_X_y
    X = check_array(
        ^^^^^^^^^^^^
  File "/mnt/NVMETank/Projects/Students/Dele/A-STUDY-INTO-THE-QUALITY-AND-USABILITY-OF-PRIVACY-FRIENDLY-SYNTHETIC-DATA/.venv/lib/python3.12/site-packages/sklearn/utils/validation.py", line 1055, in check_array
    array = _asarray_with_order(array, order=order, dtype=dtype, xp=xp)
            ^^^^^^^^^^^^^^^^^^^^^^^^^^^^^^^^^^^^^^^^^^^^^^^^^^^^^^^^^^^
  File "/mnt/NVMETank/Projects/Students/Dele/A-STUDY-INTO-THE-QUALITY-AND-USABILITY-OF-PRIVACY-FRIENDLY-SYNTHETIC-DATA/.venv/lib/python3.12/site-packages/sklearn/utils/_array_api.py", line 839, in _asarray_with_order
    array = numpy.asarray(array, order=order, dtype=dtype)
            ^^^^^^^^^^^^^^^^^^^^^^^^^^^^^^^^^^^^^^^^^^^^^^
  File "/mnt/NVMETank/Projects/Students/Dele/A-STUDY-INTO-THE-QUALITY-AND-USABILITY-OF-PRIVACY-FRIENDLY-SYNTHETIC-DATA/.venv/lib/python3.12/site-packages/pandas/core/generic.py", line 2153, in __array__
    arr = np.asarray(values, dtype=dtype)
          ^^^^^^^^^^^^^^^^^^^^^^^^^^^^^^^
ValueError: could not convert string to float: 'blue-collar'
2025-04-22 19:28:37,713 - INFO - [TRAINING] Training LogisticRegression on CTGAN_HYBRID...
2025-04-22 19:28:37,722 - ERROR -  ERROR Training failed for LogisticRegression on CTGAN_HYBRID: could not convert string to float: 'blue-collar'
Traceback (most recent call last):
  File "/mnt/NVMETank/Projects/Students/Dele/A-STUDY-INTO-THE-QUALITY-AND-USABILITY-OF-PRIVACY-FRIENDLY-SYNTHETIC-DATA/src/modelOperations/model_training.py", line 53, in train_models
    model_instance.train(X_train, y_train)
  File "/mnt/NVMETank/Projects/Students/Dele/A-STUDY-INTO-THE-QUALITY-AND-USABILITY-OF-PRIVACY-FRIENDLY-SYNTHETIC-DATA/src/modelOperations/models.py", line 18, in train
    self.model.fit(X_train, y_train)
  File "/mnt/NVMETank/Projects/Students/Dele/A-STUDY-INTO-THE-QUALITY-AND-USABILITY-OF-PRIVACY-FRIENDLY-SYNTHETIC-DATA/.venv/lib/python3.12/site-packages/sklearn/base.py", line 1389, in wrapper
    return fit_method(estimator, *args, **kwargs)
           ^^^^^^^^^^^^^^^^^^^^^^^^^^^^^^^^^^^^^^
  File "/mnt/NVMETank/Projects/Students/Dele/A-STUDY-INTO-THE-QUALITY-AND-USABILITY-OF-PRIVACY-FRIENDLY-SYNTHETIC-DATA/.venv/lib/python3.12/site-packages/sklearn/pipeline.py", line 654, in fit
    Xt = self._fit(X, y, routed_params, raw_params=params)
         ^^^^^^^^^^^^^^^^^^^^^^^^^^^^^^^^^^^^^^^^^^^^^^^^^
  File "/mnt/NVMETank/Projects/Students/Dele/A-STUDY-INTO-THE-QUALITY-AND-USABILITY-OF-PRIVACY-FRIENDLY-SYNTHETIC-DATA/.venv/lib/python3.12/site-packages/sklearn/pipeline.py", line 588, in _fit
    X, fitted_transformer = fit_transform_one_cached(
                            ^^^^^^^^^^^^^^^^^^^^^^^^^
  File "/mnt/NVMETank/Projects/Students/Dele/A-STUDY-INTO-THE-QUALITY-AND-USABILITY-OF-PRIVACY-FRIENDLY-SYNTHETIC-DATA/.venv/lib/python3.12/site-packages/joblib/memory.py", line 312, in __call__
    return self.func(*args, **kwargs)
           ^^^^^^^^^^^^^^^^^^^^^^^^^^
  File "/mnt/NVMETank/Projects/Students/Dele/A-STUDY-INTO-THE-QUALITY-AND-USABILITY-OF-PRIVACY-FRIENDLY-SYNTHETIC-DATA/.venv/lib/python3.12/site-packages/sklearn/pipeline.py", line 1551, in _fit_transform_one
    res = transformer.fit_transform(X, y, **params.get("fit_transform", {}))
          ^^^^^^^^^^^^^^^^^^^^^^^^^^^^^^^^^^^^^^^^^^^^^^^^^^^^^^^^^^^^^^^^^^
  File "/mnt/NVMETank/Projects/Students/Dele/A-STUDY-INTO-THE-QUALITY-AND-USABILITY-OF-PRIVACY-FRIENDLY-SYNTHETIC-DATA/.venv/lib/python3.12/site-packages/sklearn/utils/_set_output.py", line 319, in wrapped
    data_to_wrap = f(self, X, *args, **kwargs)
                   ^^^^^^^^^^^^^^^^^^^^^^^^^^^
  File "/mnt/NVMETank/Projects/Students/Dele/A-STUDY-INTO-THE-QUALITY-AND-USABILITY-OF-PRIVACY-FRIENDLY-SYNTHETIC-DATA/.venv/lib/python3.12/site-packages/sklearn/base.py", line 921, in fit_transform
    return self.fit(X, y, **fit_params).transform(X)
           ^^^^^^^^^^^^^^^^^^^^^^^^^^^^
  File "/mnt/NVMETank/Projects/Students/Dele/A-STUDY-INTO-THE-QUALITY-AND-USABILITY-OF-PRIVACY-FRIENDLY-SYNTHETIC-DATA/.venv/lib/python3.12/site-packages/sklearn/preprocessing/_data.py", line 894, in fit
    return self.partial_fit(X, y, sample_weight)
           ^^^^^^^^^^^^^^^^^^^^^^^^^^^^^^^^^^^^^
  File "/mnt/NVMETank/Projects/Students/Dele/A-STUDY-INTO-THE-QUALITY-AND-USABILITY-OF-PRIVACY-FRIENDLY-SYNTHETIC-DATA/.venv/lib/python3.12/site-packages/sklearn/base.py", line 1389, in wrapper
    return fit_method(estimator, *args, **kwargs)
           ^^^^^^^^^^^^^^^^^^^^^^^^^^^^^^^^^^^^^^
  File "/mnt/NVMETank/Projects/Students/Dele/A-STUDY-INTO-THE-QUALITY-AND-USABILITY-OF-PRIVACY-FRIENDLY-SYNTHETIC-DATA/.venv/lib/python3.12/site-packages/sklearn/preprocessing/_data.py", line 930, in partial_fit
    X = validate_data(
        ^^^^^^^^^^^^^^
  File "/mnt/NVMETank/Projects/Students/Dele/A-STUDY-INTO-THE-QUALITY-AND-USABILITY-OF-PRIVACY-FRIENDLY-SYNTHETIC-DATA/.venv/lib/python3.12/site-packages/sklearn/utils/validation.py", line 2944, in validate_data
    out = check_array(X, input_name="X", **check_params)
          ^^^^^^^^^^^^^^^^^^^^^^^^^^^^^^^^^^^^^^^^^^^^^^
  File "/mnt/NVMETank/Projects/Students/Dele/A-STUDY-INTO-THE-QUALITY-AND-USABILITY-OF-PRIVACY-FRIENDLY-SYNTHETIC-DATA/.venv/lib/python3.12/site-packages/sklearn/utils/validation.py", line 1055, in check_array
    array = _asarray_with_order(array, order=order, dtype=dtype, xp=xp)
            ^^^^^^^^^^^^^^^^^^^^^^^^^^^^^^^^^^^^^^^^^^^^^^^^^^^^^^^^^^^
  File "/mnt/NVMETank/Projects/Students/Dele/A-STUDY-INTO-THE-QUALITY-AND-USABILITY-OF-PRIVACY-FRIENDLY-SYNTHETIC-DATA/.venv/lib/python3.12/site-packages/sklearn/utils/_array_api.py", line 839, in _asarray_with_order
    array = numpy.asarray(array, order=order, dtype=dtype)
            ^^^^^^^^^^^^^^^^^^^^^^^^^^^^^^^^^^^^^^^^^^^^^^
  File "/mnt/NVMETank/Projects/Students/Dele/A-STUDY-INTO-THE-QUALITY-AND-USABILITY-OF-PRIVACY-FRIENDLY-SYNTHETIC-DATA/.venv/lib/python3.12/site-packages/pandas/core/generic.py", line 2153, in __array__
    arr = np.asarray(values, dtype=dtype)
          ^^^^^^^^^^^^^^^^^^^^^^^^^^^^^^^
ValueError: could not convert string to float: 'blue-collar'
2025-04-22 19:28:37,726 - INFO - [TRAINING] Training RandomForest on CTGAN_HYBRID...
2025-04-22 19:28:37,735 - ERROR -  ERROR Training failed for RandomForest on CTGAN_HYBRID: could not convert string to float: 'blue-collar'
Traceback (most recent call last):
  File "/mnt/NVMETank/Projects/Students/Dele/A-STUDY-INTO-THE-QUALITY-AND-USABILITY-OF-PRIVACY-FRIENDLY-SYNTHETIC-DATA/src/modelOperations/model_training.py", line 53, in train_models
    model_instance.train(X_train, y_train)
  File "/mnt/NVMETank/Projects/Students/Dele/A-STUDY-INTO-THE-QUALITY-AND-USABILITY-OF-PRIVACY-FRIENDLY-SYNTHETIC-DATA/src/modelOperations/models.py", line 48, in train
    self.model.fit(X_train, y_train)
  File "/mnt/NVMETank/Projects/Students/Dele/A-STUDY-INTO-THE-QUALITY-AND-USABILITY-OF-PRIVACY-FRIENDLY-SYNTHETIC-DATA/.venv/lib/python3.12/site-packages/sklearn/base.py", line 1389, in wrapper
    return fit_method(estimator, *args, **kwargs)
           ^^^^^^^^^^^^^^^^^^^^^^^^^^^^^^^^^^^^^^
  File "/mnt/NVMETank/Projects/Students/Dele/A-STUDY-INTO-THE-QUALITY-AND-USABILITY-OF-PRIVACY-FRIENDLY-SYNTHETIC-DATA/.venv/lib/python3.12/site-packages/sklearn/ensemble/_forest.py", line 360, in fit
    X, y = validate_data(
           ^^^^^^^^^^^^^^
  File "/mnt/NVMETank/Projects/Students/Dele/A-STUDY-INTO-THE-QUALITY-AND-USABILITY-OF-PRIVACY-FRIENDLY-SYNTHETIC-DATA/.venv/lib/python3.12/site-packages/sklearn/utils/validation.py", line 2961, in validate_data
    X, y = check_X_y(X, y, **check_params)
           ^^^^^^^^^^^^^^^^^^^^^^^^^^^^^^^
  File "/mnt/NVMETank/Projects/Students/Dele/A-STUDY-INTO-THE-QUALITY-AND-USABILITY-OF-PRIVACY-FRIENDLY-SYNTHETIC-DATA/.venv/lib/python3.12/site-packages/sklearn/utils/validation.py", line 1370, in check_X_y
    X = check_array(
        ^^^^^^^^^^^^
  File "/mnt/NVMETank/Projects/Students/Dele/A-STUDY-INTO-THE-QUALITY-AND-USABILITY-OF-PRIVACY-FRIENDLY-SYNTHETIC-DATA/.venv/lib/python3.12/site-packages/sklearn/utils/validation.py", line 1055, in check_array
    array = _asarray_with_order(array, order=order, dtype=dtype, xp=xp)
            ^^^^^^^^^^^^^^^^^^^^^^^^^^^^^^^^^^^^^^^^^^^^^^^^^^^^^^^^^^^
  File "/mnt/NVMETank/Projects/Students/Dele/A-STUDY-INTO-THE-QUALITY-AND-USABILITY-OF-PRIVACY-FRIENDLY-SYNTHETIC-DATA/.venv/lib/python3.12/site-packages/sklearn/utils/_array_api.py", line 839, in _asarray_with_order
    array = numpy.asarray(array, order=order, dtype=dtype)
            ^^^^^^^^^^^^^^^^^^^^^^^^^^^^^^^^^^^^^^^^^^^^^^
  File "/mnt/NVMETank/Projects/Students/Dele/A-STUDY-INTO-THE-QUALITY-AND-USABILITY-OF-PRIVACY-FRIENDLY-SYNTHETIC-DATA/.venv/lib/python3.12/site-packages/pandas/core/generic.py", line 2153, in __array__
    arr = np.asarray(values, dtype=dtype)
          ^^^^^^^^^^^^^^^^^^^^^^^^^^^^^^^
ValueError: could not convert string to float: 'blue-collar'
2025-04-22 19:28:37,738 - INFO - [TRAINING] Finished training 0 model(s) for dataset: CTGAN_HYBRID
2025-04-22 19:28:37,738 - INFO - [TRAINING] Starting training for dataset: TVAE_HYBRID — Rows: 72336, Features: 16
2025-04-22 19:28:37,738 - INFO - [TRAINING] Training DecisionTree on TVAE_HYBRID...
2025-04-22 19:28:37,748 - ERROR -  ERROR Training failed for DecisionTree on TVAE_HYBRID: could not convert string to float: 'blue-collar'
Traceback (most recent call last):
  File "/mnt/NVMETank/Projects/Students/Dele/A-STUDY-INTO-THE-QUALITY-AND-USABILITY-OF-PRIVACY-FRIENDLY-SYNTHETIC-DATA/src/modelOperations/model_training.py", line 53, in train_models
    model_instance.train(X_train, y_train)
  File "/mnt/NVMETank/Projects/Students/Dele/A-STUDY-INTO-THE-QUALITY-AND-USABILITY-OF-PRIVACY-FRIENDLY-SYNTHETIC-DATA/src/modelOperations/models.py", line 62, in train
    self.model.fit(X_train, y_train)
  File "/mnt/NVMETank/Projects/Students/Dele/A-STUDY-INTO-THE-QUALITY-AND-USABILITY-OF-PRIVACY-FRIENDLY-SYNTHETIC-DATA/.venv/lib/python3.12/site-packages/sklearn/base.py", line 1389, in wrapper
    return fit_method(estimator, *args, **kwargs)
           ^^^^^^^^^^^^^^^^^^^^^^^^^^^^^^^^^^^^^^
  File "/mnt/NVMETank/Projects/Students/Dele/A-STUDY-INTO-THE-QUALITY-AND-USABILITY-OF-PRIVACY-FRIENDLY-SYNTHETIC-DATA/.venv/lib/python3.12/site-packages/sklearn/tree/_classes.py", line 1024, in fit
    super()._fit(
  File "/mnt/NVMETank/Projects/Students/Dele/A-STUDY-INTO-THE-QUALITY-AND-USABILITY-OF-PRIVACY-FRIENDLY-SYNTHETIC-DATA/.venv/lib/python3.12/site-packages/sklearn/tree/_classes.py", line 252, in _fit
    X, y = validate_data(
           ^^^^^^^^^^^^^^
  File "/mnt/NVMETank/Projects/Students/Dele/A-STUDY-INTO-THE-QUALITY-AND-USABILITY-OF-PRIVACY-FRIENDLY-SYNTHETIC-DATA/.venv/lib/python3.12/site-packages/sklearn/utils/validation.py", line 2956, in validate_data
    X = check_array(X, input_name="X", **check_X_params)
        ^^^^^^^^^^^^^^^^^^^^^^^^^^^^^^^^^^^^^^^^^^^^^^^^
  File "/mnt/NVMETank/Projects/Students/Dele/A-STUDY-INTO-THE-QUALITY-AND-USABILITY-OF-PRIVACY-FRIENDLY-SYNTHETIC-DATA/.venv/lib/python3.12/site-packages/sklearn/utils/validation.py", line 1055, in check_array
    array = _asarray_with_order(array, order=order, dtype=dtype, xp=xp)
            ^^^^^^^^^^^^^^^^^^^^^^^^^^^^^^^^^^^^^^^^^^^^^^^^^^^^^^^^^^^
  File "/mnt/NVMETank/Projects/Students/Dele/A-STUDY-INTO-THE-QUALITY-AND-USABILITY-OF-PRIVACY-FRIENDLY-SYNTHETIC-DATA/.venv/lib/python3.12/site-packages/sklearn/utils/_array_api.py", line 839, in _asarray_with_order
    array = numpy.asarray(array, order=order, dtype=dtype)
            ^^^^^^^^^^^^^^^^^^^^^^^^^^^^^^^^^^^^^^^^^^^^^^
  File "/mnt/NVMETank/Projects/Students/Dele/A-STUDY-INTO-THE-QUALITY-AND-USABILITY-OF-PRIVACY-FRIENDLY-SYNTHETIC-DATA/.venv/lib/python3.12/site-packages/pandas/core/generic.py", line 2153, in __array__
    arr = np.asarray(values, dtype=dtype)
          ^^^^^^^^^^^^^^^^^^^^^^^^^^^^^^^
ValueError: could not convert string to float: 'blue-collar'
2025-04-22 19:28:37,751 - INFO - [TRAINING] Training KNN on TVAE_HYBRID...
2025-04-22 19:28:37,761 - ERROR -  ERROR Training failed for KNN on TVAE_HYBRID: could not convert string to float: 'blue-collar'
Traceback (most recent call last):
  File "/mnt/NVMETank/Projects/Students/Dele/A-STUDY-INTO-THE-QUALITY-AND-USABILITY-OF-PRIVACY-FRIENDLY-SYNTHETIC-DATA/src/modelOperations/model_training.py", line 53, in train_models
    model_instance.train(X_train, y_train)
  File "/mnt/NVMETank/Projects/Students/Dele/A-STUDY-INTO-THE-QUALITY-AND-USABILITY-OF-PRIVACY-FRIENDLY-SYNTHETIC-DATA/src/modelOperations/models.py", line 33, in train
    self.model.fit(X_train, y_train)
  File "/mnt/NVMETank/Projects/Students/Dele/A-STUDY-INTO-THE-QUALITY-AND-USABILITY-OF-PRIVACY-FRIENDLY-SYNTHETIC-DATA/.venv/lib/python3.12/site-packages/sklearn/base.py", line 1389, in wrapper
    return fit_method(estimator, *args, **kwargs)
           ^^^^^^^^^^^^^^^^^^^^^^^^^^^^^^^^^^^^^^
  File "/mnt/NVMETank/Projects/Students/Dele/A-STUDY-INTO-THE-QUALITY-AND-USABILITY-OF-PRIVACY-FRIENDLY-SYNTHETIC-DATA/.venv/lib/python3.12/site-packages/sklearn/neighbors/_classification.py", line 239, in fit
    return self._fit(X, y)
           ^^^^^^^^^^^^^^^
  File "/mnt/NVMETank/Projects/Students/Dele/A-STUDY-INTO-THE-QUALITY-AND-USABILITY-OF-PRIVACY-FRIENDLY-SYNTHETIC-DATA/.venv/lib/python3.12/site-packages/sklearn/neighbors/_base.py", line 478, in _fit
    X, y = validate_data(
           ^^^^^^^^^^^^^^
  File "/mnt/NVMETank/Projects/Students/Dele/A-STUDY-INTO-THE-QUALITY-AND-USABILITY-OF-PRIVACY-FRIENDLY-SYNTHETIC-DATA/.venv/lib/python3.12/site-packages/sklearn/utils/validation.py", line 2961, in validate_data
    X, y = check_X_y(X, y, **check_params)
           ^^^^^^^^^^^^^^^^^^^^^^^^^^^^^^^
  File "/mnt/NVMETank/Projects/Students/Dele/A-STUDY-INTO-THE-QUALITY-AND-USABILITY-OF-PRIVACY-FRIENDLY-SYNTHETIC-DATA/.venv/lib/python3.12/site-packages/sklearn/utils/validation.py", line 1370, in check_X_y
    X = check_array(
        ^^^^^^^^^^^^
  File "/mnt/NVMETank/Projects/Students/Dele/A-STUDY-INTO-THE-QUALITY-AND-USABILITY-OF-PRIVACY-FRIENDLY-SYNTHETIC-DATA/.venv/lib/python3.12/site-packages/sklearn/utils/validation.py", line 1055, in check_array
    array = _asarray_with_order(array, order=order, dtype=dtype, xp=xp)
            ^^^^^^^^^^^^^^^^^^^^^^^^^^^^^^^^^^^^^^^^^^^^^^^^^^^^^^^^^^^
  File "/mnt/NVMETank/Projects/Students/Dele/A-STUDY-INTO-THE-QUALITY-AND-USABILITY-OF-PRIVACY-FRIENDLY-SYNTHETIC-DATA/.venv/lib/python3.12/site-packages/sklearn/utils/_array_api.py", line 839, in _asarray_with_order
    array = numpy.asarray(array, order=order, dtype=dtype)
            ^^^^^^^^^^^^^^^^^^^^^^^^^^^^^^^^^^^^^^^^^^^^^^
  File "/mnt/NVMETank/Projects/Students/Dele/A-STUDY-INTO-THE-QUALITY-AND-USABILITY-OF-PRIVACY-FRIENDLY-SYNTHETIC-DATA/.venv/lib/python3.12/site-packages/pandas/core/generic.py", line 2153, in __array__
    arr = np.asarray(values, dtype=dtype)
          ^^^^^^^^^^^^^^^^^^^^^^^^^^^^^^^
ValueError: could not convert string to float: 'blue-collar'
2025-04-22 19:28:37,765 - INFO - [TRAINING] Training LogisticRegression on TVAE_HYBRID...
2025-04-22 19:28:37,775 - ERROR -  ERROR Training failed for LogisticRegression on TVAE_HYBRID: could not convert string to float: 'blue-collar'
Traceback (most recent call last):
  File "/mnt/NVMETank/Projects/Students/Dele/A-STUDY-INTO-THE-QUALITY-AND-USABILITY-OF-PRIVACY-FRIENDLY-SYNTHETIC-DATA/src/modelOperations/model_training.py", line 53, in train_models
    model_instance.train(X_train, y_train)
  File "/mnt/NVMETank/Projects/Students/Dele/A-STUDY-INTO-THE-QUALITY-AND-USABILITY-OF-PRIVACY-FRIENDLY-SYNTHETIC-DATA/src/modelOperations/models.py", line 18, in train
    self.model.fit(X_train, y_train)
  File "/mnt/NVMETank/Projects/Students/Dele/A-STUDY-INTO-THE-QUALITY-AND-USABILITY-OF-PRIVACY-FRIENDLY-SYNTHETIC-DATA/.venv/lib/python3.12/site-packages/sklearn/base.py", line 1389, in wrapper
    return fit_method(estimator, *args, **kwargs)
           ^^^^^^^^^^^^^^^^^^^^^^^^^^^^^^^^^^^^^^
  File "/mnt/NVMETank/Projects/Students/Dele/A-STUDY-INTO-THE-QUALITY-AND-USABILITY-OF-PRIVACY-FRIENDLY-SYNTHETIC-DATA/.venv/lib/python3.12/site-packages/sklearn/pipeline.py", line 654, in fit
    Xt = self._fit(X, y, routed_params, raw_params=params)
         ^^^^^^^^^^^^^^^^^^^^^^^^^^^^^^^^^^^^^^^^^^^^^^^^^
  File "/mnt/NVMETank/Projects/Students/Dele/A-STUDY-INTO-THE-QUALITY-AND-USABILITY-OF-PRIVACY-FRIENDLY-SYNTHETIC-DATA/.venv/lib/python3.12/site-packages/sklearn/pipeline.py", line 588, in _fit
    X, fitted_transformer = fit_transform_one_cached(
                            ^^^^^^^^^^^^^^^^^^^^^^^^^
  File "/mnt/NVMETank/Projects/Students/Dele/A-STUDY-INTO-THE-QUALITY-AND-USABILITY-OF-PRIVACY-FRIENDLY-SYNTHETIC-DATA/.venv/lib/python3.12/site-packages/joblib/memory.py", line 312, in __call__
    return self.func(*args, **kwargs)
           ^^^^^^^^^^^^^^^^^^^^^^^^^^
  File "/mnt/NVMETank/Projects/Students/Dele/A-STUDY-INTO-THE-QUALITY-AND-USABILITY-OF-PRIVACY-FRIENDLY-SYNTHETIC-DATA/.venv/lib/python3.12/site-packages/sklearn/pipeline.py", line 1551, in _fit_transform_one
    res = transformer.fit_transform(X, y, **params.get("fit_transform", {}))
          ^^^^^^^^^^^^^^^^^^^^^^^^^^^^^^^^^^^^^^^^^^^^^^^^^^^^^^^^^^^^^^^^^^
  File "/mnt/NVMETank/Projects/Students/Dele/A-STUDY-INTO-THE-QUALITY-AND-USABILITY-OF-PRIVACY-FRIENDLY-SYNTHETIC-DATA/.venv/lib/python3.12/site-packages/sklearn/utils/_set_output.py", line 319, in wrapped
    data_to_wrap = f(self, X, *args, **kwargs)
                   ^^^^^^^^^^^^^^^^^^^^^^^^^^^
  File "/mnt/NVMETank/Projects/Students/Dele/A-STUDY-INTO-THE-QUALITY-AND-USABILITY-OF-PRIVACY-FRIENDLY-SYNTHETIC-DATA/.venv/lib/python3.12/site-packages/sklearn/base.py", line 921, in fit_transform
    return self.fit(X, y, **fit_params).transform(X)
           ^^^^^^^^^^^^^^^^^^^^^^^^^^^^
  File "/mnt/NVMETank/Projects/Students/Dele/A-STUDY-INTO-THE-QUALITY-AND-USABILITY-OF-PRIVACY-FRIENDLY-SYNTHETIC-DATA/.venv/lib/python3.12/site-packages/sklearn/preprocessing/_data.py", line 894, in fit
    return self.partial_fit(X, y, sample_weight)
           ^^^^^^^^^^^^^^^^^^^^^^^^^^^^^^^^^^^^^
  File "/mnt/NVMETank/Projects/Students/Dele/A-STUDY-INTO-THE-QUALITY-AND-USABILITY-OF-PRIVACY-FRIENDLY-SYNTHETIC-DATA/.venv/lib/python3.12/site-packages/sklearn/base.py", line 1389, in wrapper
    return fit_method(estimator, *args, **kwargs)
           ^^^^^^^^^^^^^^^^^^^^^^^^^^^^^^^^^^^^^^
  File "/mnt/NVMETank/Projects/Students/Dele/A-STUDY-INTO-THE-QUALITY-AND-USABILITY-OF-PRIVACY-FRIENDLY-SYNTHETIC-DATA/.venv/lib/python3.12/site-packages/sklearn/preprocessing/_data.py", line 930, in partial_fit
    X = validate_data(
        ^^^^^^^^^^^^^^
  File "/mnt/NVMETank/Projects/Students/Dele/A-STUDY-INTO-THE-QUALITY-AND-USABILITY-OF-PRIVACY-FRIENDLY-SYNTHETIC-DATA/.venv/lib/python3.12/site-packages/sklearn/utils/validation.py", line 2944, in validate_data
    out = check_array(X, input_name="X", **check_params)
          ^^^^^^^^^^^^^^^^^^^^^^^^^^^^^^^^^^^^^^^^^^^^^^
  File "/mnt/NVMETank/Projects/Students/Dele/A-STUDY-INTO-THE-QUALITY-AND-USABILITY-OF-PRIVACY-FRIENDLY-SYNTHETIC-DATA/.venv/lib/python3.12/site-packages/sklearn/utils/validation.py", line 1055, in check_array
    array = _asarray_with_order(array, order=order, dtype=dtype, xp=xp)
            ^^^^^^^^^^^^^^^^^^^^^^^^^^^^^^^^^^^^^^^^^^^^^^^^^^^^^^^^^^^
  File "/mnt/NVMETank/Projects/Students/Dele/A-STUDY-INTO-THE-QUALITY-AND-USABILITY-OF-PRIVACY-FRIENDLY-SYNTHETIC-DATA/.venv/lib/python3.12/site-packages/sklearn/utils/_array_api.py", line 839, in _asarray_with_order
    array = numpy.asarray(array, order=order, dtype=dtype)
            ^^^^^^^^^^^^^^^^^^^^^^^^^^^^^^^^^^^^^^^^^^^^^^
  File "/mnt/NVMETank/Projects/Students/Dele/A-STUDY-INTO-THE-QUALITY-AND-USABILITY-OF-PRIVACY-FRIENDLY-SYNTHETIC-DATA/.venv/lib/python3.12/site-packages/pandas/core/generic.py", line 2153, in __array__
    arr = np.asarray(values, dtype=dtype)
          ^^^^^^^^^^^^^^^^^^^^^^^^^^^^^^^
ValueError: could not convert string to float: 'blue-collar'
2025-04-22 19:28:37,778 - INFO - [TRAINING] Training RandomForest on TVAE_HYBRID...
2025-04-22 19:28:37,789 - ERROR -  ERROR Training failed for RandomForest on TVAE_HYBRID: could not convert string to float: 'blue-collar'
Traceback (most recent call last):
  File "/mnt/NVMETank/Projects/Students/Dele/A-STUDY-INTO-THE-QUALITY-AND-USABILITY-OF-PRIVACY-FRIENDLY-SYNTHETIC-DATA/src/modelOperations/model_training.py", line 53, in train_models
    model_instance.train(X_train, y_train)
  File "/mnt/NVMETank/Projects/Students/Dele/A-STUDY-INTO-THE-QUALITY-AND-USABILITY-OF-PRIVACY-FRIENDLY-SYNTHETIC-DATA/src/modelOperations/models.py", line 48, in train
    self.model.fit(X_train, y_train)
  File "/mnt/NVMETank/Projects/Students/Dele/A-STUDY-INTO-THE-QUALITY-AND-USABILITY-OF-PRIVACY-FRIENDLY-SYNTHETIC-DATA/.venv/lib/python3.12/site-packages/sklearn/base.py", line 1389, in wrapper
    return fit_method(estimator, *args, **kwargs)
           ^^^^^^^^^^^^^^^^^^^^^^^^^^^^^^^^^^^^^^
  File "/mnt/NVMETank/Projects/Students/Dele/A-STUDY-INTO-THE-QUALITY-AND-USABILITY-OF-PRIVACY-FRIENDLY-SYNTHETIC-DATA/.venv/lib/python3.12/site-packages/sklearn/ensemble/_forest.py", line 360, in fit
    X, y = validate_data(
           ^^^^^^^^^^^^^^
  File "/mnt/NVMETank/Projects/Students/Dele/A-STUDY-INTO-THE-QUALITY-AND-USABILITY-OF-PRIVACY-FRIENDLY-SYNTHETIC-DATA/.venv/lib/python3.12/site-packages/sklearn/utils/validation.py", line 2961, in validate_data
    X, y = check_X_y(X, y, **check_params)
           ^^^^^^^^^^^^^^^^^^^^^^^^^^^^^^^
  File "/mnt/NVMETank/Projects/Students/Dele/A-STUDY-INTO-THE-QUALITY-AND-USABILITY-OF-PRIVACY-FRIENDLY-SYNTHETIC-DATA/.venv/lib/python3.12/site-packages/sklearn/utils/validation.py", line 1370, in check_X_y
    X = check_array(
        ^^^^^^^^^^^^
  File "/mnt/NVMETank/Projects/Students/Dele/A-STUDY-INTO-THE-QUALITY-AND-USABILITY-OF-PRIVACY-FRIENDLY-SYNTHETIC-DATA/.venv/lib/python3.12/site-packages/sklearn/utils/validation.py", line 1055, in check_array
    array = _asarray_with_order(array, order=order, dtype=dtype, xp=xp)
            ^^^^^^^^^^^^^^^^^^^^^^^^^^^^^^^^^^^^^^^^^^^^^^^^^^^^^^^^^^^
  File "/mnt/NVMETank/Projects/Students/Dele/A-STUDY-INTO-THE-QUALITY-AND-USABILITY-OF-PRIVACY-FRIENDLY-SYNTHETIC-DATA/.venv/lib/python3.12/site-packages/sklearn/utils/_array_api.py", line 839, in _asarray_with_order
    array = numpy.asarray(array, order=order, dtype=dtype)
            ^^^^^^^^^^^^^^^^^^^^^^^^^^^^^^^^^^^^^^^^^^^^^^
  File "/mnt/NVMETank/Projects/Students/Dele/A-STUDY-INTO-THE-QUALITY-AND-USABILITY-OF-PRIVACY-FRIENDLY-SYNTHETIC-DATA/.venv/lib/python3.12/site-packages/pandas/core/generic.py", line 2153, in __array__
    arr = np.asarray(values, dtype=dtype)
          ^^^^^^^^^^^^^^^^^^^^^^^^^^^^^^^
ValueError: could not convert string to float: 'blue-collar'
2025-04-22 19:28:37,792 - INFO - [TRAINING] Finished training 0 model(s) for dataset: TVAE_HYBRID
2025-04-22 19:28:37,792 - INFO - [TRAINING] Total models trained across all datasets: 12
2025-04-22 19:28:37,792 - INFO - [UTILITY] Trained model names: ['Original', 'CTGAN', 'TVAE', 'CTGAN_HYBRID', 'TVAE_HYBRID']
2025-04-22 19:28:37,792 - INFO - [UTILITY] Model Training Completed.
2025-04-22 19:28:37,792 - INFO - Starting the Evaluating of models...
2025-04-22 19:28:37,792 - INFO - Preparing evaluation for model 'DecisionTree' across all datasets...
2025-04-22 19:28:37,792 - INFO - Evaluating DecisionTree on Original...
2025-04-22 19:28:37,794 - INFO - Predictions completed for DecisionTree on Original
2025-04-22 19:28:37,795 - INFO - Prediction distribution for DecisionTree on Original: {'no': 7994, 'yes': 1049}
2025-04-22 19:28:37,891 - INFO - Computed 8 metric(s) for DecisionTree on Original
2025-04-22 19:28:37,891 - INFO - Evaluating DecisionTree on CTGAN...
2025-04-22 19:28:37,894 - INFO - Predictions completed for DecisionTree on CTGAN
2025-04-22 19:28:37,894 - INFO - Prediction distribution for DecisionTree on CTGAN: {'no': 7920, 'yes': 1123}
2025-04-22 19:28:37,990 - INFO - Computed 8 metric(s) for DecisionTree on CTGAN
2025-04-22 19:28:37,990 - INFO - Evaluating DecisionTree on TVAE...
2025-04-22 19:28:37,993 - INFO - Predictions completed for DecisionTree on TVAE
2025-04-22 19:28:37,993 - INFO - Prediction distribution for DecisionTree on TVAE: {'no': 7137, 'yes': 1906}
2025-04-22 19:28:38,089 - INFO - Computed 8 metric(s) for DecisionTree on TVAE
2025-04-22 19:28:38,089 - INFO - Preparing evaluation for model 'KNN' across all datasets...
2025-04-22 19:28:38,090 - INFO - Evaluating KNN on Original...
2025-04-22 19:28:40,439 - INFO - Predictions completed for KNN on Original
2025-04-22 19:28:40,440 - INFO - Prediction distribution for KNN on Original: {'no': 8435, 'yes': 608}
2025-04-22 19:28:44,920 - INFO - Computed 8 metric(s) for KNN on Original
2025-04-22 19:28:44,921 - INFO - Evaluating KNN on CTGAN...
2025-04-22 19:28:49,423 - INFO - Predictions completed for KNN on CTGAN
2025-04-22 19:28:49,424 - INFO - Prediction distribution for KNN on CTGAN: {'no': 8654, 'yes': 389}
2025-04-22 19:28:58,272 - INFO - Computed 8 metric(s) for KNN on CTGAN
2025-04-22 19:28:58,272 - INFO - Evaluating KNN on TVAE...
2025-04-22 19:29:02,867 - INFO - Predictions completed for KNN on TVAE
2025-04-22 19:29:02,868 - INFO - Prediction distribution for KNN on TVAE: {'no': 6235, 'yes': 2808}
2025-04-22 19:29:11,892 - INFO - Computed 8 metric(s) for KNN on TVAE
2025-04-22 19:29:11,892 - INFO - Preparing evaluation for model 'LogisticRegression' across all datasets...
2025-04-22 19:29:11,892 - INFO - Evaluating LogisticRegression on Original...
2025-04-22 19:29:11,894 - INFO - Predictions completed for LogisticRegression on Original
2025-04-22 19:29:11,894 - INFO - Prediction distribution for LogisticRegression on Original: {'no': 8497, 'yes': 546}
2025-04-22 19:29:11,990 - INFO - Computed 8 metric(s) for LogisticRegression on Original
2025-04-22 19:29:11,990 - INFO - Evaluating LogisticRegression on CTGAN...
2025-04-22 19:29:11,991 - INFO - Predictions completed for LogisticRegression on CTGAN
2025-04-22 19:29:11,992 - INFO - Prediction distribution for LogisticRegression on CTGAN: {'no': 8741, 'yes': 302}
2025-04-22 19:29:12,084 - INFO - Computed 8 metric(s) for LogisticRegression on CTGAN
2025-04-22 19:29:12,084 - INFO - Evaluating LogisticRegression on TVAE...
2025-04-22 19:29:12,086 - INFO - Predictions completed for LogisticRegression on TVAE
2025-04-22 19:29:12,087 - INFO - Prediction distribution for LogisticRegression on TVAE: {'no': 7235, 'yes': 1808}
2025-04-22 19:29:12,179 - INFO - Computed 8 metric(s) for LogisticRegression on TVAE
2025-04-22 19:29:12,179 - INFO - Preparing evaluation for model 'RandomForest' across all datasets...
2025-04-22 19:29:12,179 - INFO - Evaluating RandomForest on Original...
2025-04-22 19:29:12,265 - INFO - Predictions completed for RandomForest on Original
2025-04-22 19:29:12,266 - INFO - Prediction distribution for RandomForest on Original: {'no': 8437, 'yes': 606}
2025-04-22 19:29:12,532 - INFO - Computed 8 metric(s) for RandomForest on Original
2025-04-22 19:29:12,532 - INFO - Evaluating RandomForest on CTGAN...
2025-04-22 19:29:12,645 - INFO - Predictions completed for RandomForest on CTGAN
2025-04-22 19:29:12,645 - INFO - Prediction distribution for RandomForest on CTGAN: {'no': 8752, 'yes': 291}
2025-04-22 19:29:12,962 - INFO - Computed 8 metric(s) for RandomForest on CTGAN
2025-04-22 19:29:12,962 - INFO - Evaluating RandomForest on TVAE...
2025-04-22 19:29:13,032 - INFO - Predictions completed for RandomForest on TVAE
2025-04-22 19:29:13,033 - INFO - Prediction distribution for RandomForest on TVAE: {'no': 8121, 'yes': 922}
2025-04-22 19:29:13,266 - INFO - Computed 8 metric(s) for RandomForest on TVAE
2025-04-22 19:29:13,269 - INFO - Evaluation completed for all models.
2025-04-22 19:29:13,269 - INFO - Model evaluation completed in 35.48 seconds.
2025-04-22 19:29:13,271 - INFO - Evaluated models: ['DecisionTree', 'KNN', 'LogisticRegression', 'RandomForest']
2025-04-22 19:29:13,271 - INFO - Model Training and Evaluation completed.
2025-04-22 19:29:13,726 - INFO -  Visualizations saved.
2025-04-22 19:29:13,726 - INFO -  Benchmarking Completed. Results saved in output folder.
