2025-04-22 18:04:57,679 - INFO - Loaded config file: configs/generated_configs/bankMarketing/bankMarketing_synth_ep200_rows1x.yaml
2025-04-22 18:04:57,679 - INFO -  Benchmarking started for dataset: bankMarketing
2025-04-22 18:04:57,679 - INFO - Using dataset path: /mnt/NVMETank/Projects/Students/Dele/A-STUDY-INTO-THE-QUALITY-AND-USABILITY-OF-PRIVACY-FRIENDLY-SYNTHETIC-DATA/datasets/original/bankMarketing.csv
2025-04-22 18:04:57,679 - INFO - Target column: y, separator: ';'
2025-04-22 18:04:57,679 - INFO - Configuration loaded: enable_anonymization = False, enable_synthesis = True, enable_hybrid = True, enable_utility = True, delete_after_evaluation = False
2025-04-22 18:04:57,679 - INFO - Running preprocessing...
2025-04-22 18:04:57,683 - INFO - [PREPROCESSING] No preprocessed files found. Starting full preprocessing pipeline...
2025-04-22 18:04:57,788 - INFO - [PREPROCESSING] Missing value handling strategy: 'drop' applied.
2025-04-22 18:04:57,818 - INFO - [PREPROCESSING] Split data into train (36168 rows) and test (9043 rows). Test size: 0.2
2025-04-22 18:04:58,665 - INFO -  [PREPROCESSING] Saved raw train set to: datasets/train/bankMarketing_train_raw.csv
2025-04-22 18:04:58,666 - INFO -  [PREPROCESSING] Saved encoder to: artifacts/bankMarketing_binary_encoder.pkl
2025-04-22 18:04:58,666 - INFO -  [PREPROCESSING]Saved encoded train set to: datasets/cleaned/bankMarketing_cleaned.csv
2025-04-22 18:04:58,666 - INFO -  [PREPROCESSING] Saved encoded test set to: datasets/test/bankMarketing_test_set.csv
2025-04-22 18:04:58,666 - INFO - [PREPROCESSING] run_preprocessing finished executing.
2025-04-22 18:04:58,692 - INFO - Preprocessing completed. Rows before: 45211, after: 36168
2025-04-22 18:04:58,692 - INFO - Preprocessed data saved to: outputs/batch/bankMarketing_batch_2025-04-22_18-04-53/bankMarketing_synth_ep200_rows1x/preprocessing_report.txt
2025-04-22 18:04:58,692 - INFO - enable_anonymization = False
2025-04-22 18:04:58,692 - INFO - Anonymization Skipped (Disabled in Configuration).
2025-04-22 18:04:58,693 - INFO - enable_synthetic_generation = True
2025-04-22 18:04:58,693 - INFO - Starting standard Synthetic Data Generation pipeline...
2025-04-22 18:04:58,693 - INFO - Executing run_synthetic.....
2025-04-22 18:04:58,693 - INFO - [SYNTHETIC PIPELINE] executing run_synthetic for bankMarketing...
2025-04-22 18:04:58,693 - INFO - [SYNTHETIC] Processing dataset: bankMarketing
2025-04-22 18:04:58,693 - INFO - [SYNTHETIC] Original dataset size: 36168 rows
2025-04-22 18:04:58,726 - INFO - Detected metadata:
2025-04-22 18:04:58,726 - INFO - {
    "METADATA_SPEC_VERSION": "SINGLE_TABLE_V1",
    "columns": {
        "age": {
            "sdtype": "numerical"
        },
        "job_0": {
            "sdtype": "categorical"
        },
        "job_1": {
            "sdtype": "categorical"
        },
        "job_2": {
            "sdtype": "categorical"
        },
        "job_3": {
            "sdtype": "categorical"
        },
        "marital_0": {
            "sdtype": "categorical"
        },
        "marital_1": {
            "sdtype": "categorical"
        },
        "education_0": {
            "sdtype": "categorical"
        },
        "education_1": {
            "sdtype": "categorical"
        },
        "education_2": {
            "sdtype": "categorical"
        },
        "default_0": {
            "sdtype": "categorical"
        },
        "default_1": {
            "sdtype": "categorical"
        },
        "balance": {
            "sdtype": "numerical"
        },
        "housing_0": {
            "sdtype": "categorical"
        },
        "housing_1": {
            "sdtype": "categorical"
        },
        "loan_0": {
            "sdtype": "categorical"
        },
        "loan_1": {
            "sdtype": "categorical"
        },
        "contact_0": {
            "sdtype": "categorical"
        },
        "contact_1": {
            "sdtype": "categorical"
        },
        "day": {
            "sdtype": "numerical"
        },
        "month_0": {
            "sdtype": "categorical"
        },
        "month_1": {
            "sdtype": "categorical"
        },
        "month_2": {
            "sdtype": "categorical"
        },
        "month_3": {
            "sdtype": "categorical"
        },
        "duration": {
            "sdtype": "numerical"
        },
        "campaign": {
            "sdtype": "numerical"
        },
        "pdays": {
            "sdtype": "numerical"
        },
        "previous": {
            "sdtype": "numerical"
        },
        "poutcome_0": {
            "sdtype": "categorical"
        },
        "poutcome_1": {
            "sdtype": "categorical"
        },
        "poutcome_2": {
            "sdtype": "categorical"
        },
        "y": {
            "sdtype": "categorical"
        }
    }
}
2025-04-22 18:04:58,726 - INFO - [SYNTHETIC] Preparing synthesizer: CTGAN
2025-04-22 18:04:58,726 - INFO - [SYNTHETIC] Params from config: {'epochs': 200}
2025-04-22 18:04:58,727 - INFO -  [SYNTHETIC] No pre-trained synthesizer found
2025-04-22 18:04:58,727 - INFO - [SYNTHETIC] Training new CTGAN synthesizer from scratch...
2025-04-22 18:04:58,727 - WARNING - [FutureWarning] The 'SingleTableMetadata' is deprecated. Please use the new 'Metadata' class for synthesizers. (from /mnt/NVMETank/Projects/Students/Dele/A-STUDY-INTO-THE-QUALITY-AND-USABILITY-OF-PRIVACY-FRIENDLY-SYNTHETIC-DATA/.venv/lib/python3.12/site-packages/sdv/single_table/base.py:119)
2025-04-22 18:04:58,727 - WARNING - [UserWarning] We strongly recommend saving the metadata using 'save_to_json' for replicability in future SDV versions. (from /mnt/NVMETank/Projects/Students/Dele/A-STUDY-INTO-THE-QUALITY-AND-USABILITY-OF-PRIVACY-FRIENDLY-SYNTHETIC-DATA/.venv/lib/python3.12/site-packages/sdv/single_table/base.py:104)
2025-04-22 18:04:58,731 - INFO - {'EVENT': 'Instance', 'TIMESTAMP': datetime.datetime(2025, 4, 22, 18, 4, 58, 731352), 'SYNTHESIZER CLASS NAME': 'CTGANSynthesizer', 'SYNTHESIZER ID': 'CTGANSynthesizer_1.18.0_0d116db41a9e45b6a9236cdb1b873e91'}
2025-04-22 18:04:58,731 - INFO - [SYNTHETIC] CTGAN initialized with epochs: 200
2025-04-22 18:04:58,731 - INFO - [SYNTHETIC] Training parameters for CTGAN: {}
2025-04-22 18:04:58,731 - INFO - [SYNTHETIC] fitting CTGAN 
2025-04-22 18:04:58,731 - INFO - {'EVENT': 'Fit', 'TIMESTAMP': datetime.datetime(2025, 4, 22, 18, 4, 58, 731566), 'SYNTHESIZER CLASS NAME': 'CTGANSynthesizer', 'SYNTHESIZER ID': 'CTGANSynthesizer_1.18.0_0d116db41a9e45b6a9236cdb1b873e91', 'TOTAL NUMBER OF TABLES': 1, 'TOTAL NUMBER OF ROWS': 36168, 'TOTAL NUMBER OF COLUMNS': 32}
2025-04-22 18:04:58,813 - INFO - Fitting table  metadata
2025-04-22 18:04:58,815 - INFO - Fitting formatters for table 
2025-04-22 18:04:58,819 - INFO - Fitting constraints for table 
2025-04-22 18:04:58,819 - INFO - Setting the configuration for the ``HyperTransformer`` for table 
2025-04-22 18:04:58,822 - INFO - Fitting HyperTransformer for table 
2025-04-22 18:04:59,135 - INFO - {'EVENT': 'Fit processed data', 'TIMESTAMP': datetime.datetime(2025, 4, 22, 18, 4, 59, 135542), 'SYNTHESIZER CLASS NAME': 'CTGANSynthesizer', 'SYNTHESIZER ID': 'CTGANSynthesizer_1.18.0_0d116db41a9e45b6a9236cdb1b873e91', 'TOTAL NUMBER OF TABLES': 1, 'TOTAL NUMBER OF ROWS': 36168, 'TOTAL NUMBER OF COLUMNS': 32}
2025-04-22 18:04:59,375 - INFO - Guidance: There are no missing values in column age. Extra column not created.
2025-04-22 18:07:29,315 - INFO - Guidance: There are no missing values in column balance. Extra column not created.
2025-04-22 18:10:08,942 - INFO - Guidance: There are no missing values in column day. Extra column not created.
2025-04-22 18:12:44,952 - INFO - Guidance: There are no missing values in column duration. Extra column not created.
2025-04-22 18:14:58,784 - INFO - Guidance: There are no missing values in column campaign. Extra column not created.
2025-04-22 18:16:45,323 - INFO - Guidance: There are no missing values in column pdays. Extra column not created.
2025-04-22 18:18:37,002 - INFO - Guidance: There are no missing values in column previous. Extra column not created.
2025-04-22 18:55:50,378 - INFO - [SYNTHETIC] Fitting complete for CTGAN. Duration: 3051.65 seconds.
2025-04-22 18:55:50,378 - INFO - [SYNTHETIC] CONFIRMATION CTGAN actually trained with epochs = 200
2025-04-22 18:55:50,378 - INFO - {'EVENT': 'Save', 'TIMESTAMP': datetime.datetime(2025, 4, 22, 18, 55, 50, 378818), 'SYNTHESIZER CLASS NAME': 'CTGANSynthesizer', 'SYNTHESIZER ID': 'CTGANSynthesizer_1.18.0_0d116db41a9e45b6a9236cdb1b873e91'}
2025-04-22 18:55:50,432 - INFO - [SYNTHETIC] CTGAN trained and saved.
2025-04-22 18:55:50,432 - INFO - [SYNTHETIC] Preparing synthesizer: TVAE
2025-04-22 18:55:50,432 - INFO - [SYNTHETIC] Params from config: {'epochs': 200}
2025-04-22 18:55:50,433 - INFO -  [SYNTHETIC] No pre-trained synthesizer found
2025-04-22 18:55:50,433 - INFO - [SYNTHETIC] Training new TVAE synthesizer from scratch...
2025-04-22 18:55:50,433 - WARNING - [FutureWarning] The 'SingleTableMetadata' is deprecated. Please use the new 'Metadata' class for synthesizers. (from /mnt/NVMETank/Projects/Students/Dele/A-STUDY-INTO-THE-QUALITY-AND-USABILITY-OF-PRIVACY-FRIENDLY-SYNTHETIC-DATA/.venv/lib/python3.12/site-packages/sdv/single_table/base.py:119)
2025-04-22 18:55:50,435 - INFO - {'EVENT': 'Instance', 'TIMESTAMP': datetime.datetime(2025, 4, 22, 18, 55, 50, 435885), 'SYNTHESIZER CLASS NAME': 'TVAESynthesizer', 'SYNTHESIZER ID': 'TVAESynthesizer_1.18.0_0a1b50f8d89742a199132fb702436774'}
2025-04-22 18:55:50,435 - INFO - [SYNTHETIC] TVAE initialized with epochs: 200
2025-04-22 18:55:50,436 - INFO - [SYNTHETIC] Training parameters for TVAE: {}
2025-04-22 18:55:50,436 - INFO - [SYNTHETIC] fitting TVAE 
2025-04-22 18:55:50,436 - INFO - {'EVENT': 'Fit', 'TIMESTAMP': datetime.datetime(2025, 4, 22, 18, 55, 50, 436105), 'SYNTHESIZER CLASS NAME': 'TVAESynthesizer', 'SYNTHESIZER ID': 'TVAESynthesizer_1.18.0_0a1b50f8d89742a199132fb702436774', 'TOTAL NUMBER OF TABLES': 1, 'TOTAL NUMBER OF ROWS': 36168, 'TOTAL NUMBER OF COLUMNS': 32}
2025-04-22 18:55:50,517 - INFO - Fitting table  metadata
2025-04-22 18:55:50,519 - INFO - Fitting formatters for table 
2025-04-22 18:55:50,522 - INFO - Fitting constraints for table 
2025-04-22 18:55:50,522 - INFO - Setting the configuration for the ``HyperTransformer`` for table 
2025-04-22 18:55:50,525 - INFO - Fitting HyperTransformer for table 
2025-04-22 18:55:50,598 - INFO - {'EVENT': 'Fit processed data', 'TIMESTAMP': datetime.datetime(2025, 4, 22, 18, 55, 50, 598304), 'SYNTHESIZER CLASS NAME': 'TVAESynthesizer', 'SYNTHESIZER ID': 'TVAESynthesizer_1.18.0_0a1b50f8d89742a199132fb702436774', 'TOTAL NUMBER OF TABLES': 1, 'TOTAL NUMBER OF ROWS': 36168, 'TOTAL NUMBER OF COLUMNS': 32}
2025-04-22 18:55:50,600 - INFO - Guidance: There are no missing values in column age. Extra column not created.
2025-04-22 18:56:10,713 - INFO - Guidance: There are no missing values in column balance. Extra column not created.
2025-04-22 18:56:30,305 - INFO - Guidance: There are no missing values in column day. Extra column not created.
2025-04-22 18:56:49,300 - INFO - Guidance: There are no missing values in column duration. Extra column not created.
2025-04-22 18:57:04,220 - INFO - Guidance: There are no missing values in column campaign. Extra column not created.
2025-04-22 18:57:20,809 - INFO - Guidance: There are no missing values in column pdays. Extra column not created.
2025-04-22 18:57:35,861 - INFO - Guidance: There are no missing values in column previous. Extra column not created.
2025-04-22 19:01:00,971 - INFO - [SYNTHETIC] Fitting complete for TVAE. Duration: 310.54 seconds.
2025-04-22 19:01:00,971 - INFO - [SYNTHETIC] CONFIRMATION TVAE actually trained with epochs = 200
2025-04-22 19:01:00,971 - INFO - {'EVENT': 'Save', 'TIMESTAMP': datetime.datetime(2025, 4, 22, 19, 1, 0, 971454), 'SYNTHESIZER CLASS NAME': 'TVAESynthesizer', 'SYNTHESIZER ID': 'TVAESynthesizer_1.18.0_0a1b50f8d89742a199132fb702436774'}
2025-04-22 19:01:01,014 - INFO - [SYNTHETIC] TVAE trained and saved.
2025-04-22 19:01:01,014 - INFO - [SYNTHETIC] Using CTGAN to generate 36168 rows...
2025-04-22 19:01:05,795 - INFO - {'EVENT': 'Sample', 'TIMESTAMP': datetime.datetime(2025, 4, 22, 19, 1, 1, 14951), 'SYNTHESIZER CLASS NAME': 'CTGANSynthesizer', 'SYNTHESIZER ID': 'CTGANSynthesizer_1.18.0_0d116db41a9e45b6a9236cdb1b873e91', 'TOTAL NUMBER OF TABLES': 1, 'TOTAL NUMBER OF ROWS': 36168, 'TOTAL NUMBER OF COLUMNS': 32}
2025-04-22 19:01:05,795 - INFO - [SYNTHETIC] CTGAN completed: 36168 rows generated.
2025-04-22 19:01:05,797 - INFO - [SYNTHETIC] Target class distribution for CTGAN: {'no': 31936, 'yes': 4232}
2025-04-22 19:01:05,797 - INFO - [SYNTHETIC] Using TVAE to generate 36168 rows...
2025-04-22 19:01:06,316 - INFO - {'EVENT': 'Sample', 'TIMESTAMP': datetime.datetime(2025, 4, 22, 19, 1, 5, 797364), 'SYNTHESIZER CLASS NAME': 'TVAESynthesizer', 'SYNTHESIZER ID': 'TVAESynthesizer_1.18.0_0a1b50f8d89742a199132fb702436774', 'TOTAL NUMBER OF TABLES': 1, 'TOTAL NUMBER OF ROWS': 36168, 'TOTAL NUMBER OF COLUMNS': 32}
2025-04-22 19:01:06,317 - INFO - [SYNTHETIC] TVAE completed: 36168 rows generated.
2025-04-22 19:01:06,318 - INFO - [SYNTHETIC] Target class distribution for TVAE: {'no': 32630, 'yes': 3538}
2025-04-22 19:01:06,319 - INFO - [SYNTHETIC PIPELINE] Synthetic Data Generation Completed.
2025-04-22 19:01:06,319 - INFO - [SYNTHETIC PIPELINE] Synthesizers used: ['CTGAN', 'TVAE']
2025-04-22 19:01:06,319 - INFO - [SYNTHETIC PIPELINE] Evaluating synthetic dataset generated by CTGAN...
2025-04-22 19:01:06,319 - INFO - [SYNTHETIC EVAL] Real data columns     (32): ['age', 'job_0', 'job_1', 'job_2', 'job_3', 'marital_0', 'marital_1', 'education_0', 'education_1', 'education_2', 'default_0', 'default_1', 'balance', 'housing_0', 'housing_1', 'loan_0', 'loan_1', 'contact_0', 'contact_1', 'day', 'month_0', 'month_1', 'month_2', 'month_3', 'duration', 'campaign', 'pdays', 'previous', 'poutcome_0', 'poutcome_1', 'poutcome_2', 'y']
2025-04-22 19:01:06,319 - INFO - [SYNTHETIC EVAL] Synthetic data columns (32): ['age', 'job_0', 'job_1', 'job_2', 'job_3', 'marital_0', 'marital_1', 'education_0', 'education_1', 'education_2', 'default_0', 'default_1', 'balance', 'housing_0', 'housing_1', 'loan_0', 'loan_1', 'contact_0', 'contact_1', 'day', 'month_0', 'month_1', 'month_2', 'month_3', 'duration', 'campaign', 'pdays', 'previous', 'poutcome_0', 'poutcome_1', 'poutcome_2', 'y']
2025-04-22 19:01:06,319 - INFO - [SYNTHETIC EVAL] Metadata columns      (32): ['age', 'job_0', 'job_1', 'job_2', 'job_3', 'marital_0', 'marital_1', 'education_0', 'education_1', 'education_2', 'default_0', 'default_1', 'balance', 'housing_0', 'housing_1', 'loan_0', 'loan_1', 'contact_0', 'contact_1', 'day', 'month_0', 'month_1', 'month_2', 'month_3', 'duration', 'campaign', 'pdays', 'previous', 'poutcome_0', 'poutcome_1', 'poutcome_2', 'y']
2025-04-22 19:01:06,319 - INFO - [SYNTHETIC EVAL] Shape — Real: (36168, 32), Synthetic: (36168, 32)
2025-04-22 19:01:06,320 - INFO - [SYNTHETIC EVAL] Metadata structure:
{
  "METADATA_SPEC_VERSION": "SINGLE_TABLE_V1",
  "columns": {
    "age": {
      "sdtype": "numerical"
    },
    "job_0": {
      "sdtype": "categorical"
    },
    "job_1": {
      "sdtype": "categorical"
    },
    "job_2": {
      "sdtype": "categorical"
    },
    "job_3": {
      "sdtype": "categorical"
    },
    "marital_0": {
      "sdtype": "categorical"
    },
    "marital_1": {
      "sdtype": "categorical"
    },
    "education_0": {
      "sdtype": "categorical"
    },
    "education_1": {
      "sdtype": "categorical"
    },
    "education_2": {
      "sdtype": "categorical"
    },
    "default_0": {
      "sdtype": "categorical"
    },
    "default_1": {
      "sdtype": "categorical"
    },
    "balance": {
      "sdtype": "numerical"
    },
    "housing_0": {
      "sdtype": "categorical"
    },
    "housing_1": {
      "sdtype": "categorical"
    },
    "loan_0": {
      "sdtype": "categorical"
    },
    "loan_1": {
      "sdtype": "categorical"
    },
    "contact_0": {
      "sdtype": "categorical"
    },
    "contact_1": {
      "sdtype": "categorical"
    },
    "day": {
      "sdtype": "numerical"
    },
    "month_0": {
      "sdtype": "categorical"
    },
    "month_1": {
      "sdtype": "categorical"
    },
    "month_2": {
      "sdtype": "categorical"
    },
    "month_3": {
      "sdtype": "categorical"
    },
    "duration": {
      "sdtype": "numerical"
    },
    "campaign": {
      "sdtype": "numerical"
    },
    "pdays": {
      "sdtype": "numerical"
    },
    "previous": {
      "sdtype": "numerical"
    },
    "poutcome_0": {
      "sdtype": "categorical"
    },
    "poutcome_1": {
      "sdtype": "categorical"
    },
    "poutcome_2": {
      "sdtype": "categorical"
    },
    "y": {
      "sdtype": "categorical"
    }
  }
}
2025-04-22 19:01:08,220 - INFO - [SYNTHETIC PIPELINE] Evaluating synthetic dataset generated by TVAE...
2025-04-22 19:01:08,221 - INFO - [SYNTHETIC EVAL] Real data columns     (32): ['age', 'job_0', 'job_1', 'job_2', 'job_3', 'marital_0', 'marital_1', 'education_0', 'education_1', 'education_2', 'default_0', 'default_1', 'balance', 'housing_0', 'housing_1', 'loan_0', 'loan_1', 'contact_0', 'contact_1', 'day', 'month_0', 'month_1', 'month_2', 'month_3', 'duration', 'campaign', 'pdays', 'previous', 'poutcome_0', 'poutcome_1', 'poutcome_2', 'y']
2025-04-22 19:01:08,221 - INFO - [SYNTHETIC EVAL] Synthetic data columns (32): ['age', 'job_0', 'job_1', 'job_2', 'job_3', 'marital_0', 'marital_1', 'education_0', 'education_1', 'education_2', 'default_0', 'default_1', 'balance', 'housing_0', 'housing_1', 'loan_0', 'loan_1', 'contact_0', 'contact_1', 'day', 'month_0', 'month_1', 'month_2', 'month_3', 'duration', 'campaign', 'pdays', 'previous', 'poutcome_0', 'poutcome_1', 'poutcome_2', 'y']
2025-04-22 19:01:08,221 - INFO - [SYNTHETIC EVAL] Metadata columns      (32): ['age', 'job_0', 'job_1', 'job_2', 'job_3', 'marital_0', 'marital_1', 'education_0', 'education_1', 'education_2', 'default_0', 'default_1', 'balance', 'housing_0', 'housing_1', 'loan_0', 'loan_1', 'contact_0', 'contact_1', 'day', 'month_0', 'month_1', 'month_2', 'month_3', 'duration', 'campaign', 'pdays', 'previous', 'poutcome_0', 'poutcome_1', 'poutcome_2', 'y']
2025-04-22 19:01:08,221 - INFO - [SYNTHETIC EVAL] Shape — Real: (36168, 32), Synthetic: (36168, 32)
2025-04-22 19:01:08,221 - INFO - [SYNTHETIC EVAL] Metadata structure:
{
  "METADATA_SPEC_VERSION": "SINGLE_TABLE_V1",
  "columns": {
    "age": {
      "sdtype": "numerical"
    },
    "job_0": {
      "sdtype": "categorical"
    },
    "job_1": {
      "sdtype": "categorical"
    },
    "job_2": {
      "sdtype": "categorical"
    },
    "job_3": {
      "sdtype": "categorical"
    },
    "marital_0": {
      "sdtype": "categorical"
    },
    "marital_1": {
      "sdtype": "categorical"
    },
    "education_0": {
      "sdtype": "categorical"
    },
    "education_1": {
      "sdtype": "categorical"
    },
    "education_2": {
      "sdtype": "categorical"
    },
    "default_0": {
      "sdtype": "categorical"
    },
    "default_1": {
      "sdtype": "categorical"
    },
    "balance": {
      "sdtype": "numerical"
    },
    "housing_0": {
      "sdtype": "categorical"
    },
    "housing_1": {
      "sdtype": "categorical"
    },
    "loan_0": {
      "sdtype": "categorical"
    },
    "loan_1": {
      "sdtype": "categorical"
    },
    "contact_0": {
      "sdtype": "categorical"
    },
    "contact_1": {
      "sdtype": "categorical"
    },
    "day": {
      "sdtype": "numerical"
    },
    "month_0": {
      "sdtype": "categorical"
    },
    "month_1": {
      "sdtype": "categorical"
    },
    "month_2": {
      "sdtype": "categorical"
    },
    "month_3": {
      "sdtype": "categorical"
    },
    "duration": {
      "sdtype": "numerical"
    },
    "campaign": {
      "sdtype": "numerical"
    },
    "pdays": {
      "sdtype": "numerical"
    },
    "previous": {
      "sdtype": "numerical"
    },
    "poutcome_0": {
      "sdtype": "categorical"
    },
    "poutcome_1": {
      "sdtype": "categorical"
    },
    "poutcome_2": {
      "sdtype": "categorical"
    },
    "y": {
      "sdtype": "categorical"
    }
  }
}
2025-04-22 19:01:10,144 - INFO -  [SYNTHETIC PIPELINE]  Synthetic Data Evaluation Completed.
2025-04-22 19:01:10,150 - INFO -  [SYNTHETIC PIPELINE] Synthetic Data Report Generated Successfully.
2025-04-22 19:01:10,326 - INFO - Synthetic data generated with 2 synthesizer(s).
2025-04-22 19:01:10,327 - INFO - Running Hybrid Pipeline...
2025-04-22 19:01:10,327 - INFO -  [HYBRID] Executing run_hybrid...
2025-04-22 19:01:10,327 - INFO -  [HYBRID] Looking for encoded anonymized data in /mnt/NVMETank/Projects/Students/Dele/A-STUDY-INTO-THE-QUALITY-AND-USABILITY-OF-PRIVACY-FRIENDLY-SYNTHETIC-DATA/datasets/anonymized/bankMarketing_k10_l2_sup10_anonymized_encoded.csv
2025-04-22 19:01:10,327 - INFO -  [HYBRID ] Loaded cached encoded anonymous data from /mnt/NVMETank/Projects/Students/Dele/A-STUDY-INTO-THE-QUALITY-AND-USABILITY-OF-PRIVACY-FRIENDLY-SYNTHETIC-DATA/datasets/anonymized/bankMarketing_k10_l2_sup10_anonymized_encoded.csv
2025-04-22 19:01:10,357 - INFO -  [HYBRID] Starting synthetic generation for hybrid pipeline...
2025-04-22 19:01:10,357 - INFO - Executing run_synthetic.....
2025-04-22 19:01:10,357 - INFO - [SYNTHETIC PIPELINE] executing run_synthetic for bankMarketing_k10_l2_sup10...
2025-04-22 19:01:10,357 - INFO - [SYNTHETIC] Processing dataset: bankMarketing_k10_l2_sup10
2025-04-22 19:01:10,357 - INFO - [SYNTHETIC] Original dataset size: 36168 rows
2025-04-22 19:01:10,415 - INFO - Detected metadata:
2025-04-22 19:01:10,415 - INFO - {
    "METADATA_SPEC_VERSION": "SINGLE_TABLE_V1",
    "columns": {
        "age": {
            "sdtype": "numerical"
        },
        "job": {
            "sdtype": "categorical"
        },
        "marital": {
            "sdtype": "categorical"
        },
        "education": {
            "sdtype": "categorical"
        },
        "default": {
            "sdtype": "categorical"
        },
        "balance": {
            "sdtype": "numerical"
        },
        "housing": {
            "sdtype": "categorical"
        },
        "loan": {
            "sdtype": "categorical"
        },
        "contact": {
            "sdtype": "categorical"
        },
        "day": {
            "sdtype": "categorical"
        },
        "month": {
            "sdtype": "categorical"
        },
        "duration": {
            "sdtype": "categorical"
        },
        "campaign": {
            "sdtype": "categorical"
        },
        "pdays": {
            "sdtype": "numerical"
        },
        "previous": {
            "sdtype": "numerical"
        },
        "poutcome": {
            "sdtype": "categorical"
        },
        "y": {
            "sdtype": "categorical"
        }
    }
}
2025-04-22 19:01:10,415 - INFO - [SYNTHETIC] Preparing synthesizer: CTGAN
2025-04-22 19:01:10,415 - INFO - [SYNTHETIC] Params from config: {'epochs': 200}
2025-04-22 19:01:10,415 - INFO -  [SYNTHETIC] No pre-trained synthesizer found
2025-04-22 19:01:10,415 - INFO - [SYNTHETIC] Training new CTGAN synthesizer from scratch...
2025-04-22 19:01:10,415 - WARNING - [FutureWarning] The 'SingleTableMetadata' is deprecated. Please use the new 'Metadata' class for synthesizers. (from /mnt/NVMETank/Projects/Students/Dele/A-STUDY-INTO-THE-QUALITY-AND-USABILITY-OF-PRIVACY-FRIENDLY-SYNTHETIC-DATA/.venv/lib/python3.12/site-packages/sdv/single_table/base.py:119)
2025-04-22 19:01:10,415 - WARNING - [UserWarning] We strongly recommend saving the metadata using 'save_to_json' for replicability in future SDV versions. (from /mnt/NVMETank/Projects/Students/Dele/A-STUDY-INTO-THE-QUALITY-AND-USABILITY-OF-PRIVACY-FRIENDLY-SYNTHETIC-DATA/.venv/lib/python3.12/site-packages/sdv/single_table/base.py:104)
2025-04-22 19:01:10,418 - INFO - {'EVENT': 'Instance', 'TIMESTAMP': datetime.datetime(2025, 4, 22, 19, 1, 10, 418288), 'SYNTHESIZER CLASS NAME': 'CTGANSynthesizer', 'SYNTHESIZER ID': 'CTGANSynthesizer_1.18.0_804382826fe848c2ad1d891a12a82cdc'}
2025-04-22 19:01:10,418 - INFO - [SYNTHETIC] CTGAN initialized with epochs: 200
2025-04-22 19:01:10,418 - INFO - [SYNTHETIC] Training parameters for CTGAN: {}
2025-04-22 19:01:10,418 - INFO - [SYNTHETIC] fitting CTGAN 
2025-04-22 19:01:10,418 - INFO - {'EVENT': 'Fit', 'TIMESTAMP': datetime.datetime(2025, 4, 22, 19, 1, 10, 418495), 'SYNTHESIZER CLASS NAME': 'CTGANSynthesizer', 'SYNTHESIZER ID': 'CTGANSynthesizer_1.18.0_804382826fe848c2ad1d891a12a82cdc', 'TOTAL NUMBER OF TABLES': 1, 'TOTAL NUMBER OF ROWS': 36168, 'TOTAL NUMBER OF COLUMNS': 17}
2025-04-22 19:01:10,460 - INFO - Fitting table  metadata
2025-04-22 19:01:10,464 - INFO - Fitting formatters for table 
2025-04-22 19:01:10,466 - INFO - Fitting constraints for table 
2025-04-22 19:01:10,466 - INFO - Setting the configuration for the ``HyperTransformer`` for table 
2025-04-22 19:01:10,468 - INFO - Fitting HyperTransformer for table 
2025-04-22 19:01:10,557 - INFO - {'EVENT': 'Fit processed data', 'TIMESTAMP': datetime.datetime(2025, 4, 22, 19, 1, 10, 557279), 'SYNTHESIZER CLASS NAME': 'CTGANSynthesizer', 'SYNTHESIZER ID': 'CTGANSynthesizer_1.18.0_804382826fe848c2ad1d891a12a82cdc', 'TOTAL NUMBER OF TABLES': 1, 'TOTAL NUMBER OF ROWS': 36168, 'TOTAL NUMBER OF COLUMNS': 17}
2025-04-22 19:01:10,561 - INFO - Guidance: There are no missing values in column age. Extra column not created.
2025-04-22 19:01:19,212 - INFO - Guidance: There are no missing values in column balance. Extra column not created.
2025-04-22 19:01:35,612 - INFO - Guidance: There are no missing values in column pdays. Extra column not created.
2025-04-22 19:01:51,513 - INFO - Guidance: There are no missing values in column previous. Extra column not created.
2025-04-22 19:24:08,400 - INFO - [SYNTHETIC] Fitting complete for CTGAN. Duration: 1377.98 seconds.
2025-04-22 19:24:08,400 - INFO - [SYNTHETIC] CONFIRMATION CTGAN actually trained with epochs = 200
2025-04-22 19:24:08,400 - INFO - {'EVENT': 'Save', 'TIMESTAMP': datetime.datetime(2025, 4, 22, 19, 24, 8, 400957), 'SYNTHESIZER CLASS NAME': 'CTGANSynthesizer', 'SYNTHESIZER ID': 'CTGANSynthesizer_1.18.0_804382826fe848c2ad1d891a12a82cdc'}
2025-04-22 19:24:08,546 - INFO - [SYNTHETIC] CTGAN trained and saved.
2025-04-22 19:24:08,547 - INFO - [SYNTHETIC] Preparing synthesizer: TVAE
2025-04-22 19:24:08,547 - INFO - [SYNTHETIC] Params from config: {'epochs': 200}
2025-04-22 19:24:08,547 - INFO -  [SYNTHETIC] No pre-trained synthesizer found
2025-04-22 19:24:08,547 - INFO - [SYNTHETIC] Training new TVAE synthesizer from scratch...
2025-04-22 19:24:08,547 - WARNING - [FutureWarning] The 'SingleTableMetadata' is deprecated. Please use the new 'Metadata' class for synthesizers. (from /mnt/NVMETank/Projects/Students/Dele/A-STUDY-INTO-THE-QUALITY-AND-USABILITY-OF-PRIVACY-FRIENDLY-SYNTHETIC-DATA/.venv/lib/python3.12/site-packages/sdv/single_table/base.py:119)
2025-04-22 19:24:08,549 - INFO - {'EVENT': 'Instance', 'TIMESTAMP': datetime.datetime(2025, 4, 22, 19, 24, 8, 549617), 'SYNTHESIZER CLASS NAME': 'TVAESynthesizer', 'SYNTHESIZER ID': 'TVAESynthesizer_1.18.0_8bd801861b484af1b4798258fe2b1780'}
2025-04-22 19:24:08,549 - INFO - [SYNTHETIC] TVAE initialized with epochs: 200
2025-04-22 19:24:08,549 - INFO - [SYNTHETIC] Training parameters for TVAE: {}
2025-04-22 19:24:08,549 - INFO - [SYNTHETIC] fitting TVAE 
2025-04-22 19:24:08,549 - INFO - {'EVENT': 'Fit', 'TIMESTAMP': datetime.datetime(2025, 4, 22, 19, 24, 8, 549830), 'SYNTHESIZER CLASS NAME': 'TVAESynthesizer', 'SYNTHESIZER ID': 'TVAESynthesizer_1.18.0_8bd801861b484af1b4798258fe2b1780', 'TOTAL NUMBER OF TABLES': 1, 'TOTAL NUMBER OF ROWS': 36168, 'TOTAL NUMBER OF COLUMNS': 17}
2025-04-22 19:24:08,591 - INFO - Fitting table  metadata
2025-04-22 19:24:08,594 - INFO - Fitting formatters for table 
2025-04-22 19:24:08,596 - INFO - Fitting constraints for table 
2025-04-22 19:24:08,596 - INFO - Setting the configuration for the ``HyperTransformer`` for table 
2025-04-22 19:24:08,598 - INFO - Fitting HyperTransformer for table 
2025-04-22 19:24:08,664 - INFO - {'EVENT': 'Fit processed data', 'TIMESTAMP': datetime.datetime(2025, 4, 22, 19, 24, 8, 664343), 'SYNTHESIZER CLASS NAME': 'TVAESynthesizer', 'SYNTHESIZER ID': 'TVAESynthesizer_1.18.0_8bd801861b484af1b4798258fe2b1780', 'TOTAL NUMBER OF TABLES': 1, 'TOTAL NUMBER OF ROWS': 36168, 'TOTAL NUMBER OF COLUMNS': 17}
2025-04-22 19:24:08,668 - INFO - Guidance: There are no missing values in column age. Extra column not created.
2025-04-22 19:24:16,463 - INFO - Guidance: There are no missing values in column balance. Extra column not created.
2025-04-22 19:24:32,395 - INFO - Guidance: There are no missing values in column pdays. Extra column not created.
2025-04-22 19:24:46,517 - INFO - Guidance: There are no missing values in column previous. Extra column not created.
2025-04-22 19:27:06,105 - INFO - [SYNTHETIC] Fitting complete for TVAE. Duration: 177.56 seconds.
2025-04-22 19:27:06,105 - INFO - [SYNTHETIC] CONFIRMATION TVAE actually trained with epochs = 200
2025-04-22 19:27:06,106 - INFO - {'EVENT': 'Save', 'TIMESTAMP': datetime.datetime(2025, 4, 22, 19, 27, 6, 106059), 'SYNTHESIZER CLASS NAME': 'TVAESynthesizer', 'SYNTHESIZER ID': 'TVAESynthesizer_1.18.0_8bd801861b484af1b4798258fe2b1780'}
2025-04-22 19:27:06,143 - INFO - [SYNTHETIC] TVAE trained and saved.
2025-04-22 19:27:06,143 - INFO - [SYNTHETIC] Using CTGAN to generate 36168 rows...
2025-04-22 19:27:08,500 - INFO - {'EVENT': 'Sample', 'TIMESTAMP': datetime.datetime(2025, 4, 22, 19, 27, 6, 143347), 'SYNTHESIZER CLASS NAME': 'CTGANSynthesizer', 'SYNTHESIZER ID': 'CTGANSynthesizer_1.18.0_804382826fe848c2ad1d891a12a82cdc', 'TOTAL NUMBER OF TABLES': 1, 'TOTAL NUMBER OF ROWS': 36168, 'TOTAL NUMBER OF COLUMNS': 17}
2025-04-22 19:27:08,501 - INFO - [SYNTHETIC] CTGAN completed: 36168 rows generated.
2025-04-22 19:27:08,502 - INFO - [SYNTHETIC] Target class distribution for CTGAN: {'no': 33417, 'yes': 2751}
2025-04-22 19:27:08,502 - INFO - [SYNTHETIC] Using TVAE to generate 36168 rows...
2025-04-22 19:27:08,789 - INFO - {'EVENT': 'Sample', 'TIMESTAMP': datetime.datetime(2025, 4, 22, 19, 27, 8, 502789), 'SYNTHESIZER CLASS NAME': 'TVAESynthesizer', 'SYNTHESIZER ID': 'TVAESynthesizer_1.18.0_8bd801861b484af1b4798258fe2b1780', 'TOTAL NUMBER OF TABLES': 1, 'TOTAL NUMBER OF ROWS': 36168, 'TOTAL NUMBER OF COLUMNS': 17}
2025-04-22 19:27:08,789 - INFO - [SYNTHETIC] TVAE completed: 36168 rows generated.
2025-04-22 19:27:08,790 - INFO - [SYNTHETIC] Target class distribution for TVAE: {'no': 33016, 'yes': 3152}
2025-04-22 19:27:08,791 - INFO - [SYNTHETIC PIPELINE] Synthetic Data Generation Completed.
2025-04-22 19:27:08,791 - INFO - [SYNTHETIC PIPELINE] Synthesizers used: ['CTGAN', 'TVAE']
2025-04-22 19:27:08,791 - INFO - [SYNTHETIC PIPELINE] Evaluating synthetic dataset generated by CTGAN...
2025-04-22 19:27:08,791 - INFO - [SYNTHETIC EVAL] Real data columns     (17): ['age', 'job', 'marital', 'education', 'default', 'balance', 'housing', 'loan', 'contact', 'day', 'month', 'duration', 'campaign', 'pdays', 'previous', 'poutcome', 'y']
2025-04-22 19:27:08,791 - INFO - [SYNTHETIC EVAL] Synthetic data columns (17): ['age', 'job', 'marital', 'education', 'default', 'balance', 'housing', 'loan', 'contact', 'day', 'month', 'duration', 'campaign', 'pdays', 'previous', 'poutcome', 'y']
2025-04-22 19:27:08,792 - INFO - [SYNTHETIC EVAL] Metadata columns      (17): ['age', 'job', 'marital', 'education', 'default', 'balance', 'housing', 'loan', 'contact', 'day', 'month', 'duration', 'campaign', 'pdays', 'previous', 'poutcome', 'y']
2025-04-22 19:27:08,792 - INFO - [SYNTHETIC EVAL] Shape — Real: (36168, 17), Synthetic: (36168, 17)
2025-04-22 19:27:08,792 - INFO - [SYNTHETIC EVAL] Metadata structure:
{
  "METADATA_SPEC_VERSION": "SINGLE_TABLE_V1",
  "columns": {
    "age": {
      "sdtype": "numerical"
    },
    "job": {
      "sdtype": "categorical"
    },
    "marital": {
      "sdtype": "categorical"
    },
    "education": {
      "sdtype": "categorical"
    },
    "default": {
      "sdtype": "categorical"
    },
    "balance": {
      "sdtype": "numerical"
    },
    "housing": {
      "sdtype": "categorical"
    },
    "loan": {
      "sdtype": "categorical"
    },
    "contact": {
      "sdtype": "categorical"
    },
    "day": {
      "sdtype": "categorical"
    },
    "month": {
      "sdtype": "categorical"
    },
    "duration": {
      "sdtype": "categorical"
    },
    "campaign": {
      "sdtype": "categorical"
    },
    "pdays": {
      "sdtype": "numerical"
    },
    "previous": {
      "sdtype": "numerical"
    },
    "poutcome": {
      "sdtype": "categorical"
    },
    "y": {
      "sdtype": "categorical"
    }
  }
}
2025-04-22 19:27:10,165 - INFO - [SYNTHETIC PIPELINE] Evaluating synthetic dataset generated by TVAE...
2025-04-22 19:27:10,165 - INFO - [SYNTHETIC EVAL] Real data columns     (17): ['age', 'job', 'marital', 'education', 'default', 'balance', 'housing', 'loan', 'contact', 'day', 'month', 'duration', 'campaign', 'pdays', 'previous', 'poutcome', 'y']
2025-04-22 19:27:10,165 - INFO - [SYNTHETIC EVAL] Synthetic data columns (17): ['age', 'job', 'marital', 'education', 'default', 'balance', 'housing', 'loan', 'contact', 'day', 'month', 'duration', 'campaign', 'pdays', 'previous', 'poutcome', 'y']
2025-04-22 19:27:10,165 - INFO - [SYNTHETIC EVAL] Metadata columns      (17): ['age', 'job', 'marital', 'education', 'default', 'balance', 'housing', 'loan', 'contact', 'day', 'month', 'duration', 'campaign', 'pdays', 'previous', 'poutcome', 'y']
2025-04-22 19:27:10,166 - INFO - [SYNTHETIC EVAL] Shape — Real: (36168, 17), Synthetic: (36168, 17)
2025-04-22 19:27:10,166 - INFO - [SYNTHETIC EVAL] Metadata structure:
{
  "METADATA_SPEC_VERSION": "SINGLE_TABLE_V1",
  "columns": {
    "age": {
      "sdtype": "numerical"
    },
    "job": {
      "sdtype": "categorical"
    },
    "marital": {
      "sdtype": "categorical"
    },
    "education": {
      "sdtype": "categorical"
    },
    "default": {
      "sdtype": "categorical"
    },
    "balance": {
      "sdtype": "numerical"
    },
    "housing": {
      "sdtype": "categorical"
    },
    "loan": {
      "sdtype": "categorical"
    },
    "contact": {
      "sdtype": "categorical"
    },
    "day": {
      "sdtype": "categorical"
    },
    "month": {
      "sdtype": "categorical"
    },
    "duration": {
      "sdtype": "categorical"
    },
    "campaign": {
      "sdtype": "categorical"
    },
    "pdays": {
      "sdtype": "numerical"
    },
    "previous": {
      "sdtype": "numerical"
    },
    "poutcome": {
      "sdtype": "categorical"
    },
    "y": {
      "sdtype": "categorical"
    }
  }
}
2025-04-22 19:27:11,502 - INFO -  [SYNTHETIC PIPELINE]  Synthetic Data Evaluation Completed.
2025-04-22 19:27:11,507 - INFO -  [SYNTHETIC PIPELINE] Synthetic Data Report Generated Successfully.
2025-04-22 19:27:11,689 - ERROR - [SYNTHETIC PIPELINE] Failed to compare distributions: Could not convert ['blue-collarblue-collarblue-collarblue-collarblue-collarblue-collarblue-collarblue-collarblue-collarblue-collarblue-collarblue-collarblue-collarblue-collarblue-collarblue-collarblue-collarblue-collarblue-collarblue-collarblue-collarblue-collarblue-collarblue-collarblue-collarblue-collarblue-collarblue-collarblue-collarblue-collarblue-collarblue-collarblue-collarblue-collarblue-collarblue-collarblue-collarblue-collarblue-collarblue-collarblue-collarblue-collarblue-collarblue-collarblue-collarblue-collarblue-collarblue-collarblue-collarblue-collarblue-collarblue-collarblue-collarblue-collarblue-collarblue-collarblue-collarblue-collarblue-collarblue-collarblue-collarblue-collarblue-collarblue-collarblue-collarblue-collarblue-collarblue-collarblue-collarblue-collarblue-collarblue-collarblue-collarblue-collarblue-collarblue-collarblue-collarblue-collarblue-collarblue-collarblue-collarblue-collarblue-collarblue-collarblue-collarblue-collarblue-collarblue-collarblue-collarblue-collarblue-collarblue-collarblue-collarblue-collarblue-collarblue-collarblue-collarblue-collarblue-collarblue-collarblue-collarblue-collarblue-collarblue-collarblue-collarblue-collarblue-collarblue-collarblue-collarblue-collarblue-collarblue-collarblue-collarblue-collarblue-collarblue-collarblue-collarblue-collarblue-collarblue-collarblue-collarblue-collarblue-collarblue-collarblue-collarblue-collarblue-collarblue-collarblue-collarblue-collarblue-collarblue-collarblue-collarblue-collarblue-collarblue-collarblue-collarblue-collarblue-collarblue-collarblue-collarblue-collarblue-collarblue-collarblue-collarblue-collarblue-collarblue-collarblue-collarblue-collarblue-collarblue-collarblue-collarblue-collarblue-collarblue-collarblue-collarblue-collarblue-collarblue-collarblue-collarblue-collarblue-collarblue-collarblue-collarblue-collarblue-collarblue-collarblue-collarblue-collarblue-collarblue-collarblue-collarblue-collarblue-collarblue-collarblue-collarblue-collarblue-collarblue-collarblue-collarblue-collarblue-collarblue-collarblue-collarblue-collarblue-collarblue-collarblue-collarblue-collarblue-collarblue-collarblue-collarblue-collarblue-collarblue-collarblue-collarblue-collarblue-collarblue-collarblue-collarblue-collarblue-collarblue-collarblue-collarblue-collarblue-collarblue-collarblue-collarblue-collarblue-collarblue-collarblue-collarblue-collarblue-collarblue-collarblue-collarblue-collarblue-collarblue-collarblue-collarblue-collarblue-collarblue-collarblue-collarblue-collarblue-collarblue-collarblue-collarblue-collarblue-collarblue-collarblue-collarblue-collarblue-collarblue-collarblue-collarblue-collarblue-collarblue-collarblue-collarblue-collarblue-collarblue-collarblue-collarblue-collarblue-collarblue-collarblue-collarblue-collarblue-collarblue-collarblue-collarblue-collarblue-collarblue-collarblue-collarblue-collarblue-collarblue-collarblue-collarblue-collarblue-collarblue-collarblue-collarblue-collarblue-collarblue-collarblue-collarblue-collarblue-collarblue-collarblue-collarblue-collarblue-collarblue-collarblue-collarblue-collarblue-collarblue-collarblue-collarblue-collarblue-collarblue-collarblue-collarblue-collarblue-collarblue-collarblue-collarblue-collarblue-collarblue-collarblue-collarblue-collarblue-collarblue-collarblue-collarblue-collarblue-collarblue-collarblue-collarblue-collarblue-collarblue-collarblue-collarblue-collarblue-collarblue-collarblue-collarblue-collarblue-collarblue-collarblue-collarblue-collarblue-collarblue-collarblue-collarblue-collarblue-collarblue-collarblue-collarblue-collarblue-collarblue-collarblue-collarblue-collarblue-collarblue-collarblue-collarblue-collarblue-collarblue-collarblue-collarblue-collarblue-collarblue-collarblue-collarblue-collarblue-collarblue-collarblue-collarblue-collarblue-collarblue-collarblue-collarblue-collarblue-collarblue-collarblue-collarblue-collarblue-collarblue-collarblue-collarblue-collarblue-collarblue-collarblue-collarblue-collarblue-collarblue-collarblue-collarblue-collarblue-collarblue-collarblue-collarblue-collarblue-collarblue-collarblue-collarblue-collarblue-collarblue-collarblue-collarblue-collarblue-collarblue-collarblue-collarblue-collarblue-collarblue-collarblue-collarblue-collarblue-collarblue-collarblue-collarblue-collarblue-collarblue-collarblue-collarblue-collarblue-collarblue-collarblue-collarblue-collarblue-collarblue-collarblue-collarblue-collarblue-collarblue-collarblue-collarblue-collarblue-collarblue-collarblue-collarblue-collarblue-collarblue-collarblue-collarblue-collarblue-collarblue-collarblue-collarblue-collarblue-collarblue-collarblue-collarblue-collarblue-collarblue-collarblue-collarblue-collarblue-collarblue-collarblue-collarblue-collarblue-collarblue-collarblue-collarblue-collarblue-collarblue-collarblue-collarblue-collarblue-collarblue-collarblue-collarblue-collarblue-collarblue-collarblue-collarblue-collarblue-collarblue-collarblue-collarblue-collarblue-collarblue-collarblue-collarblue-collarblue-collarblue-collarblue-collarblue-collarblue-collarblue-collarblue-collarblue-collarblue-collarblue-collarblue-collarblue-collarblue-collarblue-collarblue-collarblue-collarblue-collarblue-collarblue-collarblue-collarblue-collarblue-collarblue-collarblue-collarblue-collarblue-collarblue-collarblue-collarblue-collarblue-collarblue-collarblue-collarblue-collarblue-collarblue-collarblue-collarblue-collarblue-collarblue-collarblue-collarblue-collarblue-collarblue-collarblue-collarblue-collarblue-collarblue-collarblue-collarblue-collarblue-collarblue-collarblue-collarblue-collarblue-collarblue-collarblue-collarblue-collarblue-collarblue-collarblue-collarblue-collarblue-collarblue-collarblue-collarblue-collarblue-collarblue-collarblue-collarblue-collarblue-collarblue-collarblue-collarblue-collarblue-collarblue-collarblue-collarblue-collarblue-collarblue-collarblue-collarblue-collarblue-collarblue-collarblue-collarblue-collarblue-collarblue-collarblue-collarblue-collarblue-collarblue-collarblue-collarblue-collarblue-collarblue-collarblue-collarblue-collarblue-collarblue-collarblue-collarblue-collarblue-collarblue-collarblue-collarblue-collarblue-collarblue-collarblue-collarblue-collarblue-collarblue-collarblue-collarblue-collarblue-collarblue-collarblue-collarblue-collarblue-collarblue-collarblue-collarblue-collarblue-collarblue-collarblue-collarblue-collarblue-collarblue-collarblue-collarblue-collarblue-collarblue-collarblue-collarblue-collarblue-collarblue-collarblue-collarblue-collarblue-collarblue-collarblue-collarblue-collarblue-collarblue-collarblue-collarblue-collarblue-collarblue-collarblue-collarblue-collarblue-collarblue-collarblue-collarblue-collarblue-collarblue-collarblue-collarblue-collarblue-collarblue-collarblue-collarblue-collarblue-collarblue-collarblue-collarblue-collarblue-collarblue-collarblue-collarblue-collarblue-collarblue-collarblue-collarblue-collarblue-collarblue-collarblue-collarblue-collarblue-collarblue-collarblue-collarblue-collarblue-collarblue-collarblue-collarblue-collarblue-collarblue-collarblue-collarblue-collarblue-collarblue-collarblue-collarblue-collarblue-collarblue-collarblue-collarblue-collarblue-collarblue-collarblue-collarblue-collarblue-collarblue-collarblue-collarblue-collarblue-collarblue-collarblue-collarblue-collarblue-collarblue-collarblue-collarblue-collarblue-collarblue-collarblue-collarblue-collarblue-collarblue-collarblue-collarblue-collarblue-collarblue-collarblue-collarblue-collarblue-collarblue-collarblue-collarblue-collarblue-collarblue-collarblue-collarblue-collarblue-collarblue-collarblue-collarblue-collarblue-collarblue-collarblue-collarblue-collarblue-collarblue-collarblue-collarblue-collarblue-collarblue-collarblue-collarblue-collarblue-collarblue-collarblue-collarblue-collarblue-collarblue-collarblue-collarblue-collarblue-collarblue-collarblue-collarblue-collarblue-collarblue-collarblue-collarblue-collarblue-collarblue-collarblue-collarblue-collarblue-collarblue-collarblue-collarblue-collarblue-collarblue-collarblue-collarblue-collarblue-collarblue-collarblue-collarblue-collarblue-collarblue-collarblue-collarblue-collarblue-collarblue-collarblue-collarblue-collarblue-collarblue-collarblue-collarblue-collarblue-collarblue-collarblue-collarblue-collarblue-collarblue-collarblue-collarblue-collarblue-collarblue-collarblue-collarblue-collarblue-collarblue-collarblue-collarblue-collarblue-collarblue-collarblue-collarblue-collarblue-collarblue-collarblue-collarblue-collarblue-collarblue-collarblue-collarblue-collarblue-collarblue-collarblue-collarblue-collarblue-collarblue-collarblue-collarblue-collarblue-collarblue-collarblue-collarblue-collarblue-collarblue-collarblue-collarblue-collarblue-collarblue-collarblue-collarblue-collarblue-collarblue-collarblue-collarblue-collarblue-collarblue-collarblue-collarblue-collarblue-collarblue-collarblue-collarblue-collarblue-collarblue-collarblue-collarblue-collarblue-collarblue-collarblue-collarblue-collarblue-collarblue-collarblue-collarblue-collarblue-collarblue-collarblue-collarblue-collarblue-collarblue-collarblue-collarblue-collarblue-collarblue-collarblue-collarblue-collarblue-collarblue-collarblue-collarblue-collarblue-collarblue-collarblue-collarblue-collarblue-collarblue-collarblue-collarblue-collarblue-collarblue-collarblue-collarblue-collarblue-collarblue-collarblue-collarblue-collarblue-collarblue-collarblue-collarblue-collarblue-collarblue-collarblue-collarblue-collarblue-collarblue-collarblue-collarblue-collarblue-collarblue-collarblue-collarblue-collarblue-collarblue-collarblue-collarblue-collarblue-collarblue-collarblue-collarblue-collarblue-collarblue-collarblue-collarblue-collarblue-collarblue-collarblue-collarblue-collarblue-collarblue-collarblue-collarblue-collarblue-collarblue-collarblue-collarblue-collarblue-collarblue-collarblue-collarblue-collarblue-collarblue-collarblue-collarblue-collarblue-collarblue-collarblue-collarblue-collarblue-collarblue-collarblue-collarblue-collarblue-collarblue-collarblue-collarblue-collarblue-collarblue-collarblue-collarblue-collarblue-collarblue-collarblue-collarblue-collarblue-collarblue-collarblue-collarblue-collarblue-collarblue-collarblue-collarblue-collarblue-collarblue-collarblue-collarblue-collarblue-collarblue-collarblue-collarblue-collarblue-collarblue-collarblue-collarblue-collarblue-collarblue-collarblue-collarblue-collarblue-collarblue-collarblue-collarblue-collarblue-collarblue-collarblue-collarblue-collarblue-collarblue-collarblue-collarblue-collarblue-collarblue-collarblue-collarblue-collarblue-collarblue-collarblue-collarblue-collarblue-collarblue-collarblue-collarblue-collarblue-collarblue-collarblue-collarblue-collarblue-collarblue-collarblue-collarblue-collarblue-collarblue-collarblue-collarblue-collarblue-collarblue-collarblue-collarblue-collarblue-collarblue-collarblue-collarblue-collarblue-collarblue-collarblue-collarblue-collarblue-collarblue-collarblue-collarblue-collarblue-collarblue-collarblue-collarblue-collarblue-collarblue-collarblue-collarblue-collarblue-collarblue-collarblue-collarblue-collarblue-collarblue-collarblue-collarblue-collarblue-collarblue-collarblue-collarblue-collarblue-collarblue-collarblue-collarblue-collarblue-collarblue-collarblue-collarblue-collarblue-collarblue-collarblue-collarblue-collarblue-collarblue-collarblue-collarblue-collarblue-collarblue-collarblue-collarblue-collarblue-collarblue-collarblue-collarblue-collarblue-collarblue-collarblue-collarblue-collarblue-collarblue-collarblue-collarblue-collarblue-collarblue-collarblue-collarblue-collarblue-collarblue-collarblue-collarblue-collarblue-collarblue-collarblue-collarblue-collarblue-collarblue-collarblue-collarblue-collarblue-collarblue-collarblue-collarblue-collarblue-collarblue-collarblue-collarblue-collarblue-collarblue-collarblue-collarblue-collarblue-collarblue-collarblue-collarblue-collarblue-collarblue-collarblue-collarblue-collarblue-collarblue-collarblue-collarblue-collarblue-collarblue-collarblue-collarblue-collarblue-collarblue-collarblue-collarblue-collarblue-collarblue-collarblue-collarblue-collarblue-collarblue-collarblue-collarblue-collarblue-collarblue-collarblue-collarblue-collarblue-collarblue-collarblue-collarblue-collarblue-collarblue-collarblue-collarblue-collarblue-collarblue-collarblue-collarblue-collarblue-collarblue-collarblue-collarblue-collarblue-collarblue-collarblue-collarblue-collarblue-collarblue-collarblue-collarblue-collarblue-collarblue-collarblue-collarblue-collarblue-collarblue-collarblue-collarblue-collarblue-collarblue-collarblue-collarblue-collarblue-collarblue-collarblue-collarblue-collarblue-collarblue-collarblue-collarblue-collarblue-collarblue-collarblue-collarblue-collarblue-collarblue-collarblue-collarblue-collarblue-collarblue-collarblue-collarblue-collarblue-collarblue-collarblue-collarblue-collarblue-collarblue-collarblue-collarblue-collarblue-collarblue-collarblue-collarblue-collarblue-collarblue-collarblue-collarblue-collarblue-collarblue-collarblue-collarblue-collarblue-collarblue-collarblue-collarblue-collarblue-collarblue-collarblue-collarblue-collarblue-collarblue-collarblue-collarblue-collarblue-collarblue-collarblue-collarblue-collarblue-collarblue-collarblue-collarblue-collarblue-collarblue-collarblue-collarblue-collarblue-collarblue-collarblue-collarblue-collarblue-collarblue-collarblue-collarblue-collarblue-collarblue-collarblue-collarblue-collarblue-collarblue-collarblue-collarblue-collarblue-collarblue-collarblue-collarblue-collarblue-collarblue-collarblue-collarblue-collarblue-collarblue-collarblue-collarblue-collarblue-collarblue-collarblue-collarblue-collarblue-collarblue-collarblue-collarblue-collarblue-collarblue-collarblue-collarblue-collarblue-collarblue-collarblue-collarblue-collarblue-collarblue-collarblue-collarblue-collarblue-collarblue-collarblue-collarblue-collarblue-collarblue-collarblue-collarblue-collarblue-collarblue-collarblue-collarblue-collarblue-collarblue-collarblue-collarblue-collarblue-collarblue-collarblue-collarblue-collarblue-collarblue-collarblue-collarblue-collarblue-collarblue-collarblue-collarblue-collarblue-collarblue-collarblue-collarblue-collarblue-collarblue-collarblue-collarblue-collarblue-collarblue-collarblue-collarblue-collarblue-collarblue-collarblue-collarblue-collarblue-collarblue-collarblue-collarblue-collarblue-collarblue-collarblue-collarblue-collarblue-collarblue-collarblue-collarblue-collarblue-collarblue-collarblue-collarblue-collarblue-collarblue-collarblue-collarblue-collarblue-collarblue-collarblue-collarblue-collarblue-collarblue-collarblue-collarblue-collarblue-collarblue-collarblue-collarblue-collarblue-collarblue-collarblue-collarblue-collarblue-collarblue-collarblue-collarblue-collarblue-collarblue-collarblue-collarblue-collarblue-collarblue-collarblue-collarblue-collarblue-collarblue-collarblue-collarblue-collarblue-collarblue-collarblue-collarblue-collarblue-collarblue-collarblue-collarblue-collarblue-collarblue-collarblue-collarblue-collarblue-collarblue-collarblue-collarblue-collarblue-collarblue-collarblue-collarblue-collarblue-collarblue-collarblue-collarblue-collarblue-collarblue-collarblue-collarblue-collarblue-collarblue-collarblue-collarblue-collarblue-collarblue-collarblue-collarblue-collarblue-collarblue-collarblue-collarblue-collarblue-collarblue-collarblue-collarblue-collarblue-collarblue-collarblue-collarblue-collarblue-collarblue-collarblue-collarblue-collarblue-collarblue-collarblue-collarblue-collarblue-collarblue-collarblue-collarblue-collarblue-collarblue-collarblue-collarblue-collarblue-collarblue-collarblue-collarblue-collarblue-collarblue-collarblue-collarblue-collarblue-collarblue-collarblue-collarblue-collarblue-collarblue-collarblue-collarblue-collarblue-collarblue-collarblue-collarblue-collarblue-collarblue-collarblue-collarblue-collarblue-collarblue-collarblue-collarblue-collarblue-collarblue-collarblue-collarblue-collarblue-collarblue-collarblue-collarblue-collarblue-collarblue-collarblue-collarblue-collarblue-collarblue-collarblue-collarblue-collarblue-collarblue-collarblue-collarblue-collarblue-collarblue-collarblue-collarblue-collarblue-collarblue-collarblue-collarblue-collarblue-collarblue-collarblue-collarblue-collarblue-collarblue-collarblue-collarblue-collarblue-collarblue-collarblue-collarblue-collarblue-collarblue-collarblue-collarblue-collarblue-collarblue-collarblue-collarblue-collarblue-collarblue-collarblue-collarblue-collarblue-collarblue-collarblue-collarblue-collarblue-collarblue-collarblue-collarblue-collarblue-collarblue-collarblue-collarblue-collarblue-collarblue-collarblue-collarblue-collarblue-collarblue-collarblue-collarblue-collarblue-collarblue-collarblue-collarblue-collarblue-collarblue-collarblue-collarblue-collarblue-collarblue-collarblue-collarblue-collarblue-collarblue-collarblue-collarblue-collarblue-collarblue-collarblue-collarblue-collarblue-collarblue-collarblue-collarblue-collarblue-collarblue-collarblue-collarblue-collarblue-collarblue-collarblue-collarblue-collarblue-collarblue-collarblue-collarblue-collarblue-collarblue-collarblue-collarblue-collarblue-collarblue-collarblue-collarblue-collarblue-collarblue-collarblue-collarblue-collarblue-collarblue-collarblue-collarblue-collarblue-collarblue-collarblue-collarblue-collarblue-collarblue-collarblue-collarblue-collarblue-collarblue-collarblue-collarblue-collarblue-collarblue-collarblue-collarblue-collarblue-collarblue-collarblue-collarblue-collarblue-collarblue-collarblue-collarblue-collarblue-collarblue-collarblue-collarblue-collarblue-collarblue-collarblue-collarblue-collarblue-collarblue-collarblue-collarblue-collarblue-collarblue-collarblue-collarblue-collarblue-collarblue-collarblue-collarblue-collarblue-collarblue-collarblue-collarblue-collarblue-collarblue-collarblue-collarblue-collarblue-collarblue-collarblue-collarblue-collarblue-collarblue-collarblue-collarblue-collarblue-collarblue-collarblue-collarblue-collarblue-collarblue-collarblue-collarblue-collarblue-collarblue-collarblue-collarblue-collarblue-collarblue-collarblue-collarblue-collarblue-collarblue-collarblue-collarblue-collarblue-collarblue-collarblue-collarblue-collarblue-collarblue-collarblue-collarblue-collarblue-collarblue-collarblue-collarblue-collarblue-collarblue-collarblue-collarblue-collarblue-collarblue-collarblue-collarblue-collarblue-collarblue-collarblue-collarblue-collarblue-collarblue-collarblue-collarblue-collarblue-collarblue-collarblue-collarblue-collarblue-collarblue-collarblue-collarblue-collarblue-collarblue-collarblue-collarblue-collarblue-collarblue-collarblue-collarblue-collarblue-collarblue-collarblue-collarblue-collarblue-collarblue-collarblue-collarblue-collarblue-collarblue-collarblue-collarblue-collarblue-collarblue-collarblue-collarblue-collarblue-collarblue-collarblue-collarblue-collarblue-collarblue-collarblue-collarblue-collarblue-collarblue-collarblue-collarblue-collarblue-collarblue-collarblue-collarblue-collarblue-collarblue-collarblue-collarblue-collarblue-collarblue-collarblue-collarblue-collarblue-collarblue-collarblue-collarblue-collarblue-collarblue-collarblue-collarblue-collarblue-collarblue-collarblue-collarblue-collarblue-collarblue-collarblue-collarblue-collarblue-collarblue-collarblue-collarblue-collarblue-collarblue-collarblue-collarblue-collarblue-collarblue-collarblue-collarblue-collarblue-collarblue-collarblue-collarblue-collarblue-collarblue-collarblue-collarblue-collarblue-collarblue-collarblue-collarblue-collarblue-collarblue-collarblue-collarblue-collarblue-collarblue-collarblue-collarblue-collarblue-collarblue-collarblue-collarblue-collarblue-collarblue-collarblue-collarblue-collarblue-collarblue-collarblue-collarblue-collarblue-collarblue-collarblue-collarblue-collarblue-collarblue-collarblue-collarblue-collarblue-collarblue-collarblue-collarblue-collarblue-collarblue-collarblue-collarblue-collarblue-collarblue-collarblue-collarblue-collarblue-collarblue-collarblue-collarblue-collarblue-collarblue-collarblue-collarblue-collarblue-collarblue-collarblue-collarblue-collarblue-collarblue-collarblue-collarblue-collarblue-collarblue-collarblue-collarblue-collarblue-collarblue-collarblue-collarblue-collarblue-collarblue-collarblue-collarblue-collarblue-collarblue-collarblue-collarblue-collarblue-collarblue-collarblue-collarblue-collarblue-collarblue-collarblue-collarblue-collarblue-collarblue-collarblue-collarblue-collarblue-collarblue-collarblue-collarblue-collarblue-collarblue-collarblue-collarblue-collarblue-collarblue-collarblue-collarblue-collarblue-collarblue-collarblue-collarblue-collarblue-collarblue-collarblue-collarblue-collarblue-collarblue-collarblue-collarblue-collarblue-collarblue-collarblue-collarblue-collarblue-collarblue-collarblue-collarblue-collarblue-collarblue-collarblue-collarblue-collarblue-collarblue-collarblue-collarblue-collarblue-collarblue-collarblue-collarblue-collarblue-collarblue-collarblue-collarblue-collarblue-collarblue-collarblue-collarblue-collarblue-collarblue-collarblue-collarblue-collarblue-collarblue-collarblue-collarblue-collarblue-collarblue-collarblue-collarblue-collarblue-collarblue-collarblue-collarblue-collarblue-collarblue-collarblue-collarblue-collarblue-collarblue-collarblue-collarblue-collarblue-collarblue-collarblue-collarblue-collarblue-collarblue-collarblue-collarblue-collarblue-collarblue-collarblue-collarblue-collarblue-collarblue-collarblue-collarblue-collarblue-collarblue-collarblue-collarblue-collarblue-collarblue-collarblue-collarblue-collarblue-collarblue-collarblue-collarblue-collarblue-collarblue-collarblue-collarblue-collarblue-collarblue-collarblue-collarblue-collarblue-collarblue-collarblue-collarblue-collarblue-collarblue-collarblue-collarblue-collarblue-collarblue-collarblue-collarblue-collarblue-collarblue-collarblue-collarblue-collarblue-collarblue-collarblue-collarblue-collarblue-collarblue-collarblue-collarblue-collarblue-collarblue-collarblue-collarblue-collarblue-collarblue-collarblue-collarblue-collarblue-collarblue-collarblue-collarblue-collarblue-collarblue-collarblue-collarblue-collarblue-collarblue-collarblue-collarblue-collarblue-collarblue-collarblue-collarblue-collarblue-collarblue-collarblue-collarblue-collarblue-collarblue-collarblue-collarblue-collarblue-collarblue-collarblue-collarblue-collarblue-collarblue-collarblue-collarblue-collarblue-collarblue-collarblue-collarblue-collarblue-collarblue-collarblue-collarblue-collarblue-collarblue-collarblue-collarblue-collarblue-collarblue-collarblue-collarblue-collarblue-collarblue-collarblue-collarblue-collarblue-collarblue-collarblue-collarblue-collarblue-collarblue-collarblue-collarblue-collarblue-collarblue-collarblue-collarblue-collarblue-collarblue-collarblue-collarblue-collarblue-collarblue-collarblue-collarblue-collarblue-collarblue-collarblue-collarblue-collarblue-collarblue-collarblue-collarblue-collarblue-collarblue-collarblue-collarblue-collarblue-collarblue-collarblue-collarblue-collarblue-collarblue-collarblue-collarblue-collarblue-collarblue-collarblue-collarblue-collarblue-collarblue-collarblue-collarblue-collarblue-collarblue-collarblue-collarblue-collarblue-collarblue-collarblue-collarblue-collarblue-collarblue-collarblue-collarblue-collarblue-collarblue-collarblue-collarblue-collarblue-collarblue-collarblue-collarblue-collarblue-collarblue-collarblue-collarblue-collarblue-collarblue-collarblue-collarblue-collarblue-collarblue-collarblue-collarblue-collarblue-collarblue-collarblue-collarblue-collarblue-collarblue-collarblue-collarblue-collarblue-collarblue-collarblue-collarblue-collarblue-collarblue-collarblue-collarblue-collarblue-collarblue-collarblue-collarblue-collarblue-collarblue-collarblue-collarblue-collarblue-collarblue-collarblue-collarblue-collarblue-collarblue-collarblue-collarblue-collarblue-collarblue-collarblue-collarblue-collarblue-collarblue-collarblue-collarblue-collarblue-collarblue-collarblue-collarblue-collarblue-collarblue-collarblue-collarblue-collarblue-collarblue-collarblue-collarblue-collarblue-collarblue-collarblue-collarblue-collarblue-collarblue-collarblue-collarblue-collarblue-collarblue-collarblue-collarblue-collarblue-collarblue-collarblue-collarblue-collarblue-collarblue-collarblue-collarblue-collarblue-collarblue-collarblue-collarblue-collarblue-collarblue-collarblue-collarblue-collarblue-collarblue-collarblue-collarblue-collarblue-collarblue-collarblue-collarblue-collarblue-collarblue-collarblue-collarblue-collarblue-collarblue-collarblue-collarblue-collarblue-collarblue-collarblue-collarblue-collarblue-collarblue-collarblue-collarblue-collarblue-collarblue-collarblue-collarblue-collarblue-collarblue-collarblue-collarblue-collarblue-collarblue-collarblue-collarblue-collarblue-collarblue-collarblue-collarblue-collarblue-collarblue-collarblue-collarblue-collarblue-collarblue-collarblue-collarblue-collarblue-collarblue-collarblue-collarblue-collarblue-collarblue-collarblue-collarblue-collarblue-collarblue-collarblue-collarblue-collarblue-collarblue-collarblue-collarblue-collarblue-collarblue-collarblue-collarblue-collarblue-collarblue-collarblue-collarblue-collarblue-collarblue-collarblue-collarblue-collarblue-collarblue-collarblue-collarblue-collarblue-collarblue-collarblue-collarblue-collarblue-collarblue-collarblue-collarblue-collarblue-collarblue-collarblue-collarblue-collarblue-collarblue-collarblue-collarblue-collarblue-collarblue-collarblue-collarblue-collarblue-collarblue-collarblue-collarblue-collarblue-collarblue-collarblue-collarblue-collarblue-collarblue-collarblue-collarblue-collarblue-collarblue-collarblue-collarblue-collarblue-collarblue-collarblue-collarblue-collarblue-collarblue-collarblue-collarblue-collarblue-collarblue-collarblue-collarblue-collarblue-collarblue-collarblue-collarblue-collarblue-collarblue-collarblue-collarblue-collarblue-collarblue-collarblue-collarblue-collarblue-collarblue-collarblue-collarblue-collarblue-collarblue-collarblue-collarblue-collarblue-collarblue-collarblue-collarblue-collarblue-collarblue-collarblue-collarblue-collarblue-collarblue-collarblue-collarblue-collarblue-collarblue-collarblue-collarblue-collarblue-collarblue-collarblue-collarblue-collarblue-collarblue-collarblue-collarblue-collarblue-collarblue-collarblue-collarblue-collarblue-collarblue-collarblue-collarblue-collarblue-collarblue-collarblue-collarblue-collarblue-collarblue-collarblue-collarblue-collarblue-collarblue-collarblue-collarblue-collarblue-collarblue-collarblue-collarblue-collarblue-collarblue-collarblue-collarblue-collarblue-collarblue-collarblue-collarblue-collarblue-collarblue-collarblue-collarblue-collarblue-collarblue-collarblue-collarblue-collarblue-collarblue-collarblue-collarblue-collarblue-collarblue-collarblue-collarblue-collarblue-collarblue-collarblue-collarblue-collarblue-collarblue-collarblue-collarblue-collarblue-collarblue-collarblue-collarblue-collarblue-collarblue-collarblue-collarblue-collarblue-collarblue-collarblue-collarblue-collarblue-collarblue-collarblue-collarblue-collarblue-collarblue-collarblue-collarblue-collarblue-collarblue-collarblue-collarblue-collarblue-collarblue-collarblue-collarblue-collarblue-collarblue-collarblue-collarblue-collarblue-collarblue-collarblue-collarblue-collarblue-collarblue-collarblue-collarblue-collarblue-collarblue-collarblue-collarblue-collarblue-collarblue-collarblue-collarblue-collarblue-collarblue-collarblue-collarblue-collarblue-collarblue-collarblue-collarblue-collarblue-collarblue-collarblue-collarblue-collarblue-collarblue-collarblue-collarblue-collarblue-collarblue-collarblue-collarblue-collarblue-collarblue-collarblue-collarblue-collarblue-collarblue-collarblue-collarblue-collarblue-collarblue-collarblue-collarblue-collarblue-collarblue-collarblue-collarblue-collarblue-collarblue-collarblue-collarblue-collarblue-collarblue-collarblue-collarblue-collarblue-collarblue-collarblue-collarblue-collarblue-collarblue-collarblue-collarblue-collarblue-collarblue-collarblue-collarblue-collarblue-collarblue-collarblue-collarblue-collarblue-collarblue-collarblue-collarblue-collarblue-collarblue-collarblue-collarblue-collarblue-collarblue-collarblue-collarblue-collarblue-collarblue-collarblue-collarblue-collarblue-collarblue-collarblue-collarblue-collarblue-collarblue-collarblue-collarblue-collarblue-collarblue-collarblue-collarblue-collarblue-collarblue-collarblue-collarblue-collarblue-collarblue-collarblue-collarblue-collarblue-collarblue-collarblue-collarblue-collarblue-collarblue-collarblue-collarblue-collarblue-collarblue-collarblue-collarblue-collarblue-collarblue-collarblue-collarblue-collarblue-collarblue-collarblue-collarblue-collarblue-collarblue-collarblue-collarblue-collarblue-collarblue-collarblue-collarblue-collarblue-collarblue-collarblue-collarblue-collarblue-collarblue-collarblue-collarblue-collarblue-collarblue-collarblue-collarblue-collarblue-collarblue-collarblue-collarblue-collarblue-collarblue-collarblue-collarblue-collarblue-collarblue-collarblue-collarblue-collarblue-collarblue-collarblue-collarblue-collarblue-collarblue-collarblue-collarblue-collarblue-collarblue-collarblue-collarblue-collarblue-collarblue-collarblue-collarblue-collarblue-collarblue-collarblue-collarblue-collarblue-collarblue-collarblue-collarblue-collarblue-collarblue-collarblue-collarblue-collarblue-collarblue-collarblue-collarblue-collarblue-collarblue-collarblue-collarblue-collarblue-collarblue-collarblue-collarblue-collarblue-collarblue-collarblue-collarblue-collarblue-collarblue-collarblue-collarblue-collarblue-collarblue-collarblue-collarblue-collarblue-collarblue-collarblue-collarblue-collarblue-collarblue-collarblue-collarblue-collarblue-collarblue-collarblue-collarblue-collarblue-collarblue-collarblue-collarblue-collarblue-collarblue-collarblue-collarblue-collarblue-collarblue-collarblue-collarblue-collarblue-collarblue-collarblue-collarblue-collarblue-collarblue-collarblue-collarblue-collarblue-collarblue-collarblue-collarblue-collarblue-collarblue-collarblue-collarblue-collarblue-collarblue-collarblue-collarblue-collarblue-collarblue-collarblue-collarblue-collarblue-collarblue-collarblue-collarblue-collarblue-collarblue-collarblue-collarblue-collarblue-collarblue-collarblue-collarblue-collarblue-collarblue-collarblue-collarblue-collarblue-collarblue-collarblue-collarblue-collarblue-collarblue-collarblue-collarblue-collarblue-collarblue-collarblue-collarblue-collarblue-collarblue-collarblue-collarblue-collarblue-collarblue-collarblue-collarblue-collarblue-collarblue-collarblue-collarblue-collarblue-collarblue-collarblue-collarblue-collarblue-collarblue-collarblue-collarblue-collarblue-collarblue-collarblue-collarblue-collarblue-collarblue-collarblue-collarblue-collarblue-collarblue-collarblue-collarblue-collarblue-collarblue-collarblue-collarblue-collarblue-collarblue-collarblue-collarblue-collarblue-collarblue-collarblue-collarblue-collarblue-collarblue-collarblue-collarblue-collarblue-collarblue-collarblue-collarblue-collarblue-collarblue-collarblue-collarblue-collarblue-collarblue-collarblue-collarblue-collarblue-collarblue-collarblue-collarblue-collarblue-collarblue-collarblue-collarblue-collarblue-collarblue-collarblue-collarblue-collarblue-collarblue-collarblue-collarblue-collarblue-collarblue-collarblue-collarblue-collarblue-collarblue-collarblue-collarblue-collarblue-collarblue-collarblue-collarblue-collarblue-collarblue-collarblue-collarblue-collarblue-collarblue-collarblue-collarblue-collarblue-collarblue-collarblue-collarblue-collarblue-collarblue-collarblue-collarblue-collarblue-collarblue-collarblue-collarblue-collarblue-collarblue-collarblue-collarblue-collarblue-collarblue-collarblue-collarblue-collarblue-collarblue-collarblue-collarblue-collarblue-collarblue-collarblue-collarblue-collarblue-collarblue-collarblue-collarblue-collarblue-collarblue-collarblue-collarblue-collarblue-collarblue-collarblue-collarblue-collarblue-collarblue-collarblue-collarblue-collarblue-collarblue-collarblue-collarblue-collarblue-collarblue-collarblue-collarblue-collarblue-collarblue-collarblue-collarblue-collarblue-collarblue-collarblue-collarblue-collarblue-collarblue-collarblue-collarblue-collarblue-collarblue-collarblue-collarblue-collarblue-collarblue-collarblue-collarblue-collarblue-collarblue-collarblue-collarblue-collarblue-collarblue-collarblue-collarblue-collarblue-collarblue-collarblue-collarblue-collarblue-collarblue-collarblue-collarblue-collarblue-collarblue-collarblue-collarblue-collarblue-collarblue-collarblue-collarblue-collarblue-collarblue-collarblue-collarblue-collarblue-collarblue-collarblue-collarblue-collarblue-collarblue-collarblue-collarblue-collarblue-collarblue-collarblue-collarblue-collarblue-collarblue-collarblue-collarblue-collarblue-collarblue-collarblue-collarblue-collarblue-collarblue-collarblue-collarblue-collarblue-collarblue-collarblue-collarblue-collarblue-collarblue-collarblue-collarblue-collarblue-collarblue-collarblue-collarblue-collarblue-collarblue-collarblue-collarblue-collarblue-collarblue-collarblue-collarblue-collarblue-collarblue-collarblue-collarblue-collarblue-collarblue-collarblue-collarblue-collarblue-collarblue-collarblue-collarblue-collarblue-collarblue-collarblue-collarblue-collarblue-collarblue-collarblue-collarblue-collarblue-collarblue-collarblue-collarblue-collarblue-collarblue-collarblue-collarblue-collarblue-collarblue-collarblue-collarblue-collarblue-collarblue-collarblue-collarblue-collarblue-collarblue-collarblue-collarblue-collarblue-collarblue-collarblue-collarblue-collarblue-collarblue-collarblue-collarblue-collarblue-collarblue-collarblue-collarblue-collarblue-collarblue-collarblue-collarblue-collarblue-collarblue-collarblue-collarblue-collarblue-collarblue-collarblue-collarblue-collarblue-collarblue-collarblue-collarblue-collarblue-collarblue-collarblue-collarblue-collarblue-collarblue-collarblue-collarblue-collarblue-collarblue-collarblue-collarblue-collarblue-collarblue-collarblue-collarblue-collarblue-collarblue-collarblue-collarblue-collarblue-collarblue-collarblue-collarblue-collarblue-collarblue-collarblue-collarblue-collarblue-collarblue-collarblue-collarblue-collarblue-collarblue-collarblue-collarblue-collarblue-collarblue-collarblue-collarblue-collarblue-collarblue-collarblue-collarblue-collarblue-collarblue-collarblue-collarblue-collarblue-collarblue-collarblue-collarblue-collarblue-collarblue-collarblue-collarblue-collarblue-collarblue-collarblue-collarblue-collarblue-collarblue-collarblue-collarblue-collarblue-collarblue-collarblue-collarblue-collarblue-collarblue-collarblue-collarblue-collarblue-collarblue-collarblue-collarblue-collarblue-collarblue-collarblue-collarblue-collarblue-collarblue-collarblue-collarblue-collarblue-collarblue-collarblue-collarblue-collarblue-collarblue-collarblue-collarblue-collarblue-collarblue-collarblue-collarblue-collarblue-collarblue-collarblue-collarblue-collarblue-collarblue-collarblue-collarblue-collarblue-collarblue-collarblue-collarblue-collarblue-collarblue-collarblue-collarblue-collarblue-collarblue-collarblue-collarblue-collarblue-collarblue-collarblue-collarblue-collarblue-collarblue-collarblue-collarblue-collarblue-collarblue-collarblue-collarblue-collarblue-collarblue-collarblue-collarblue-collarblue-collarblue-collarblue-collarblue-collarblue-collarblue-collarblue-collarblue-collarblue-collarblue-collarblue-collarblue-collarblue-collarblue-collarblue-collarblue-collarblue-collarblue-collarblue-collarblue-collarblue-collarblue-collarblue-collarblue-collarblue-collarblue-collarblue-collarblue-collarblue-collarblue-collarblue-collarblue-collarblue-collarblue-collarblue-collarblue-collarblue-collarblue-collarblue-collarblue-collarblue-collarblue-collarblue-collarblue-collarblue-collarblue-collarblue-collarblue-collarblue-collarblue-collarblue-collarblue-collarblue-collarblue-collarblue-collarblue-collarblue-collarblue-collarblue-collarblue-collarblue-collarblue-collarblue-collarblue-collarblue-collarblue-collarblue-collarblue-collarblue-collarblue-collarblue-collarblue-collarblue-collarblue-collarblue-collarblue-collarblue-collarblue-collarblue-collarblue-collarblue-collarblue-collarblue-collarblue-collarblue-collarblue-collarblue-collarblue-collarblue-collarblue-collarblue-collarblue-collarblue-collarblue-collarblue-collarblue-collarblue-collarblue-collarblue-collarblue-collarblue-collarblue-collarblue-collarblue-collarblue-collarblue-collarblue-collarblue-collarblue-collarblue-collarblue-collarblue-collarblue-collarblue-collarblue-collarblue-collarblue-collarblue-collarblue-collarblue-collarblue-collarblue-collarblue-collarblue-collarblue-collarblue-collarblue-collarblue-collarblue-collarblue-collarblue-collarblue-collarblue-collarblue-collarblue-collarblue-collarblue-collarblue-collarblue-collarblue-collarblue-collarblue-collarblue-collarblue-collarblue-collarblue-collarblue-collarblue-collarblue-collarblue-collarblue-collarblue-collarblue-collarblue-collarblue-collarblue-collarblue-collarblue-collarblue-collarblue-collarblue-collarblue-collarblue-collarblue-collarblue-collarblue-collarblue-collarblue-collarblue-collarblue-collarblue-collarblue-collarblue-collarblue-collarblue-collarblue-collarblue-collarblue-collarblue-collarblue-collarblue-collarblue-collarblue-collarblue-collarblue-collarblue-collarblue-collarblue-collarblue-collarblue-collarblue-collarblue-collarblue-collarblue-collarblue-collarblue-collarblue-collarblue-collarblue-collarblue-collarblue-collarblue-collarblue-collarblue-collarblue-collarblue-collarblue-collarblue-collarblue-collarblue-collarblue-collarblue-collarblue-collarblue-collarblue-collarblue-collarblue-collarblue-collarblue-collarblue-collarblue-collarblue-collarblue-collarblue-collarblue-collarblue-collarblue-collarblue-collarblue-collarblue-collarblue-collarblue-collarblue-collarblue-collarblue-collarblue-collarblue-collarblue-collarblue-collarblue-collarblue-collarblue-collarblue-collarblue-collarblue-collarblue-collarblue-collarblue-collarblue-collarblue-collarblue-collarblue-collarblue-collarblue-collarblue-collarblue-collarblue-collarblue-collarblue-collarblue-collarblue-collarblue-collarblue-collarblue-collarblue-collarblue-collarblue-collarblue-collarblue-collarblue-collarblue-collarblue-collarblue-collarblue-collarblue-collarblue-collarblue-collarblue-collarblue-collarblue-collarblue-collarblue-collarblue-collarblue-collarblue-collarblue-collarblue-collarblue-collarblue-collarblue-collarblue-collarblue-collarblue-collarblue-collarblue-collarblue-collarblue-collarblue-collarblue-collarblue-collarblue-collarblue-collarblue-collarblue-collarblue-collarblue-collarblue-collarblue-collarblue-collarblue-collarblue-collarblue-collarblue-collarblue-collarblue-collarblue-collarblue-collarblue-collarblue-collarblue-collarblue-collarblue-collarblue-collarblue-collarblue-collarblue-collarblue-collarblue-collarblue-collarblue-collarblue-collarblue-collarblue-collarblue-collarblue-collarblue-collarblue-collarblue-collarblue-collarblue-collarblue-collarblue-collarblue-collarblue-collarblue-collarblue-collarblue-collarblue-collarblue-collarblue-collarblue-collarblue-collarblue-collarblue-collarblue-collarblue-collarblue-collarblue-collarblue-collarblue-collarblue-collarblue-collarblue-collarblue-collarblue-collarblue-collarblue-collarblue-collarblue-collarblue-collarblue-collarblue-collarblue-collarblue-collarblue-collarblue-collarblue-collarblue-collarblue-collarblue-collarblue-collarblue-collarblue-collarblue-collarblue-collarblue-collarblue-collarblue-collarblue-collarblue-collarblue-collarblue-collarblue-collarblue-collarblue-collarblue-collarblue-collarblue-collarblue-collarblue-collarblue-collarblue-collarblue-collarblue-collarblue-collarblue-collarblue-collarblue-collarblue-collarblue-collarblue-collarblue-collarblue-collarblue-collarblue-collarblue-collarblue-collarblue-collarblue-collarblue-collarblue-collarblue-collarblue-collarblue-collarblue-collarblue-collarblue-collarblue-collarblue-collarblue-collarblue-collarblue-collarblue-collarblue-collarblue-collarblue-collarblue-collarblue-collarblue-collarblue-collarblue-collarblue-collarblue-collarblue-collarblue-collarblue-collarblue-collarblue-collarblue-collarblue-collarblue-collarblue-collarblue-collarblue-collarblue-collarblue-collarblue-collarblue-collarblue-collarblue-collarblue-collarblue-collarblue-collarblue-collarblue-collarblue-collarblue-collarblue-collarblue-collarblue-collarblue-collarblue-collarblue-collarblue-collarblue-collarblue-collarblue-collarblue-collarblue-collarblue-collarblue-collarblue-collarblue-collarblue-collarblue-collarblue-collarblue-collarblue-collarblue-collarblue-collarblue-collarblue-collarblue-collarblue-collarblue-collarblue-collarblue-collarblue-collarblue-collarblue-collarblue-collarblue-collarblue-collarblue-collarblue-collarblue-collarblue-collarblue-collarblue-collarblue-collarblue-collarblue-collarblue-collarblue-collarblue-collarblue-collarblue-collarblue-collarblue-collarblue-collarblue-collarblue-collarblue-collarblue-collarblue-collarblue-collarblue-collarblue-collarblue-collarblue-collarblue-collarblue-collarblue-collarblue-collarblue-collarblue-collarblue-collarblue-collarblue-collarblue-collarblue-collarblue-collarblue-collarblue-collarblue-collarblue-collarblue-collarblue-collarblue-collarblue-collarblue-collarblue-collarblue-collarblue-collarblue-collarblue-collarblue-collarblue-collarblue-collarblue-collarblue-collarblue-collarblue-collarblue-collarblue-collarblue-collarblue-collarblue-collarblue-collarblue-collarblue-collarblue-collarblue-collarblue-collarblue-collarblue-collarblue-collarblue-collarblue-collarblue-collarblue-collarblue-collarblue-collarblue-collarblue-collarblue-collarblue-collarblue-collarblue-collarblue-collarblue-collarblue-collarblue-collarblue-collarblue-collarblue-collarblue-collarblue-collarblue-collarblue-collarblue-collarblue-collarblue-collarblue-collarblue-collarblue-collarblue-collarblue-collarblue-collarblue-collarblue-collarblue-collarblue-collarblue-collarblue-collarblue-collarblue-collarblue-collarblue-collarblue-collarblue-collarblue-collarblue-collarblue-collarblue-collarblue-collarblue-collarblue-collarblue-collarblue-collarblue-collarblue-collarblue-collarblue-collarblue-collarblue-collarblue-collarblue-collarblue-collarblue-collarblue-collarblue-collarblue-collarblue-collarblue-collarblue-collarblue-collarblue-collarblue-collarblue-collarblue-collarblue-collarblue-collarblue-collarblue-collarblue-collarblue-collarblue-collarblue-collarblue-collarblue-collarblue-collarblue-collarblue-collarblue-collarblue-collarblue-collarblue-collarblue-collarblue-collarblue-collarblue-collarblue-collarblue-collarblue-collarblue-collarblue-collarblue-collarblue-collarblue-collarblue-collarblue-collarblue-collarblue-collarblue-collarblue-collarblue-collarblue-collarblue-collarblue-collarblue-collarblue-collarblue-collarblue-collarblue-collarblue-collarblue-collarblue-collarblue-collarblue-collarblue-collarblue-collarblue-collarblue-collarblue-collarblue-collarblue-collarblue-collarblue-collarblue-collarblue-collarblue-collarblue-collarblue-collarblue-collarblue-collarblue-collarblue-collarblue-collarblue-collarblue-collarblue-collarblue-collarblue-collarblue-collarblue-collarblue-collarblue-collarblue-collarblue-collarblue-collarblue-collarblue-collarblue-collarblue-collarblue-collarblue-collarblue-collarblue-collarblue-collarblue-collarblue-collarblue-collarblue-collarblue-collarblue-collarblue-collarblue-collarblue-collarblue-collarblue-collarblue-collarblue-collarblue-collarblue-collarblue-collarblue-collarblue-collarblue-collarblue-collarblue-collarblue-collarblue-collarblue-collarblue-collarblue-collarblue-collarblue-collarblue-collarblue-collarblue-collarblue-collarblue-collarblue-collarblue-collarblue-collarblue-collarblue-collarblue-collarblue-collarblue-collarblue-collarblue-collarblue-collarblue-collarblue-collarblue-collarblue-collarblue-collarblue-collarblue-collarblue-collarblue-collarblue-collarblue-collarblue-collarblue-collarblue-collarblue-collarblue-collarblue-collarblue-collarblue-collarblue-collarblue-collarblue-collarblue-collarblue-collarblue-collarblue-collarblue-collarblue-collarblue-collarblue-collarblue-collarblue-collarblue-collarblue-collarblue-collarblue-collarblue-collarblue-collarblue-collarblue-collarblue-collarblue-collarblue-collarblue-collarblue-collarblue-collarblue-collarblue-collarblue-collarblue-collarblue-collarblue-collarblue-collarblue-collarblue-collarblue-collarblue-collarblue-collarblue-collarblue-collarblue-collarblue-collarblue-collarblue-collarblue-collarblue-collarblue-collarblue-collarblue-collarblue-collarblue-collarblue-collarblue-collarblue-collarblue-collarblue-collarblue-collarblue-collarblue-collarblue-collarblue-collarblue-collarblue-collarblue-collarblue-collarblue-collarblue-collarblue-collarblue-collarblue-collarblue-collarblue-collarblue-collarblue-collarblue-collarblue-collarblue-collarblue-collarblue-collarblue-collarblue-collarblue-collarblue-collarblue-collarblue-collarblue-collarblue-collarblue-collarblue-collarblue-collarblue-collarblue-collarblue-collarblue-collarblue-collarblue-collarblue-collarblue-collarblue-collarblue-collarblue-collarblue-collarblue-collarblue-collarblue-collarblue-collarblue-collarblue-collarblue-collarblue-collarblue-collarblue-collarblue-collarblue-collarblue-collarblue-collarblue-collarblue-collarblue-collarblue-collarblue-collarblue-collarblue-collarblue-collarblue-collarblue-collarblue-collarblue-collarblue-collarblue-collarblue-collarblue-collarblue-collarblue-collarblue-collarblue-collarblue-collarblue-collarblue-collarblue-collarblue-collarblue-collarblue-collarblue-collarblue-collarblue-collarblue-collarblue-collarblue-collarblue-collarblue-collarblue-collarblue-collarblue-collarblue-collarblue-collarblue-collarblue-collarblue-collarblue-collarblue-collarblue-collarblue-collarblue-collarblue-collarblue-collarblue-collarblue-collarblue-collarblue-collarblue-collarblue-collarblue-collarblue-collarblue-collarblue-collarblue-collarblue-collarblue-collarblue-collarblue-collarblue-collarblue-collarblue-collarblue-collarblue-collarblue-collarblue-collarblue-collarblue-collarblue-collarblue-collarblue-collarblue-collarblue-collarblue-collarblue-collarblue-collarblue-collarblue-collarblue-collarblue-collarblue-collarblue-collarblue-collarblue-collarblue-collarblue-collarblue-collarblue-collarblue-collarblue-collarblue-collarblue-collarblue-collarblue-collarblue-collarblue-collarblue-collarblue-collarblue-collarblue-collarblue-collarblue-collarblue-collarblue-collarblue-collarblue-collarblue-collarblue-collarblue-collarblue-collarblue-collarblue-collarblue-collarblue-collarblue-collarblue-collarblue-collarblue-collarblue-collarblue-collarblue-collarblue-collarblue-collarblue-collarblue-collarblue-collarblue-collarblue-collarblue-collarblue-collarblue-collarblue-collarblue-collarblue-collarblue-collarblue-collarblue-collarblue-collarblue-collarblue-collarblue-collarblue-collarblue-collarblue-collarblue-collarblue-collarblue-collarblue-collarblue-collarblue-collarblue-collarblue-collarblue-collarblue-collarblue-collarblue-collarblue-collarblue-collarblue-collarblue-collarblue-collarblue-collarblue-collarblue-collarblue-collarblue-collarblue-collarblue-collarblue-collarblue-collarblue-collarblue-collarblue-collarblue-collarblue-collarblue-collarblue-collarblue-collarblue-collarblue-collarblue-collarblue-collarblue-collarblue-collarblue-collarblue-collarblue-collarblue-collarblue-collarblue-collarblue-collarblue-collarblue-collarblue-collarblue-collarblue-collarblue-collarblue-collarblue-collarblue-collarblue-collarblue-collarblue-collarblue-collarblue-collarblue-collarblue-collarblue-collarblue-collarblue-collarblue-collarblue-collarblue-collarblue-collarblue-collarblue-collarblue-collarblue-collarblue-collarblue-collarblue-collarblue-collarblue-collarblue-collarblue-collarblue-collarblue-collarblue-collarblue-collarblue-collarblue-collarblue-collarblue-collarblue-collarblue-collarblue-collarblue-collarblue-collarblue-collarblue-collarblue-collarblue-collarblue-collarblue-collarblue-collarblue-collarblue-collarblue-collarblue-collarblue-collarblue-collarblue-collarblue-collarblue-collarblue-collarblue-collarblue-collarblue-collarblue-collarblue-collarblue-collarblue-collarblue-collarblue-collarblue-collarblue-collarblue-collarblue-collarblue-collarblue-collarblue-collarblue-collarblue-collarblue-collarblue-collarblue-collarblue-collarblue-collarblue-collarblue-collarblue-collarblue-collarblue-collarblue-collarblue-collarblue-collarblue-collarblue-collarblue-collarblue-collarblue-collarblue-collarblue-collarblue-collarblue-collarblue-collarblue-collarblue-collarblue-collarblue-collarblue-collarblue-collarblue-collarblue-collarblue-collarblue-collarblue-collarblue-collarblue-collarblue-collarblue-collarblue-collarblue-collarblue-collarblue-collarblue-collarblue-collarblue-collarblue-collarblue-collarblue-collarblue-collarblue-collarblue-collarblue-collarblue-collarblue-collarblue-collarblue-collarblue-collarblue-collarblue-collarblue-collarblue-collarblue-collarblue-collarblue-collarblue-collarblue-collarblue-collarblue-collarblue-collarblue-collarblue-collarblue-collarblue-collarblue-collarblue-collarblue-collarblue-collarblue-collarblue-collarblue-collarblue-collarblue-collarblue-collarblue-collarblue-collarblue-collarblue-collarblue-collarblue-collarblue-collarblue-collarblue-collarblue-collarblue-collarblue-collarblue-collarblue-collarblue-collarblue-collarblue-collarblue-collarblue-collarblue-collarblue-collarblue-collarblue-collarblue-collarblue-collarblue-collarblue-collarblue-collarblue-collarblue-collarblue-collarblue-collarblue-collarblue-collarblue-collarblue-collarblue-collarblue-collarblue-collarblue-collarblue-collarblue-collarblue-collarblue-collarblue-collarblue-collarblue-collarblue-collarblue-collarblue-collarblue-collarblue-collarblue-collarblue-collarblue-collarblue-collarblue-collarblue-collarblue-collarblue-collarblue-collarblue-collarblue-collarblue-collarblue-collarblue-collarblue-collarblue-collarblue-collarblue-collarblue-collarblue-collarblue-collarblue-collarblue-collarblue-collarblue-collarblue-collarblue-collarblue-collarblue-collarblue-collarblue-collarblue-collarblue-collarblue-collarblue-collarblue-collarblue-collarblue-collarblue-collarblue-collarblue-collarblue-collarblue-collarblue-collarblue-collarblue-collarblue-collarblue-collarblue-collarblue-collarblue-collarblue-collarblue-collarblue-collarblue-collarblue-collarblue-collarblue-collarblue-collarblue-collarblue-collarblue-collarblue-collarblue-collarblue-collarblue-collarblue-collarblue-collarblue-collarblue-collarblue-collarblue-collarblue-collarblue-collarblue-collarblue-collarblue-collarblue-collarblue-collarblue-collarblue-collarblue-collarblue-collarblue-collarblue-collarblue-collarblue-collarblue-collarblue-collarblue-collarblue-collarblue-collarblue-collarblue-collarblue-collarblue-collarblue-collarblue-collarblue-collarblue-collarblue-collarblue-collarblue-collarblue-collarblue-collarblue-collarblue-collarblue-collarblue-collarblue-collarblue-collarblue-collarblue-collarblue-collarblue-collarblue-collarblue-collarblue-collarblue-collarblue-collarblue-collarblue-collarblue-collarblue-collarblue-collarblue-collarblue-collarblue-collarblue-collarblue-collarblue-collarblue-collarblue-collarblue-collarblue-collarblue-collarblue-collarblue-collarblue-collarblue-collarblue-collarblue-collarblue-collarblue-collarblue-collarblue-collarblue-collarblue-collarblue-collarblue-collarblue-collarblue-collarblue-collarblue-collarblue-collarblue-collarblue-collarblue-collarblue-collarblue-collarblue-collarblue-collarblue-collarblue-collarblue-collarblue-collarblue-collarblue-collarblue-collarblue-collarblue-collarblue-collarblue-collarblue-collarblue-collarblue-collarblue-collarblue-collarblue-collarblue-collarblue-collarblue-collarblue-collarblue-collarblue-collarblue-collarblue-collarblue-collarblue-collarblue-collarblue-collarblue-collarblue-collarblue-collarblue-collarblue-collarblue-collarblue-collarblue-collarblue-collarblue-collarblue-collarblue-collarblue-collarblue-collarblue-collarblue-collarblue-collarblue-collarblue-collarblue-collarblue-collarblue-collarblue-collarblue-collarblue-collarblue-collarblue-collarblue-collarblue-collarblue-collarblue-collarblue-collarblue-collarblue-collarblue-collarblue-collarblue-collarblue-collarblue-collarblue-collarblue-collarblue-collarblue-collarblue-collarblue-collarblue-collarblue-collarblue-collarblue-collarblue-collarblue-collarblue-collarblue-collarblue-collarblue-collarblue-collarblue-collarblue-collarblue-collarblue-collarblue-collarblue-collarblue-collarblue-collarblue-collarblue-collarblue-collarblue-collarblue-collarblue-collarblue-collarblue-collarblue-collarblue-collarblue-collarblue-collarblue-collarblue-collarblue-collarblue-collarblue-collarblue-collarblue-collarblue-collarblue-collarblue-collarblue-collarblue-collarblue-collarblue-collarblue-collarblue-collarblue-collarblue-collarblue-collarblue-collarblue-collarblue-collarblue-collarblue-collarblue-collarblue-collarblue-collarblue-collarblue-collarblue-collarblue-collarblue-collarblue-collarblue-collarblue-collarblue-collarblue-collarblue-collarblue-collarblue-collarblue-collarblue-collarblue-collarblue-collarblue-collarblue-collarblue-collarblue-collarblue-collarblue-collarblue-collarblue-collarblue-collarblue-collarblue-collarblue-collarblue-collarblue-collarblue-collarblue-collarblue-collarblue-collarblue-collarblue-collarblue-collarblue-collarblue-collarblue-collarblue-collarblue-collarblue-collarblue-collarblue-collarblue-collarblue-collarblue-collarblue-collarblue-collarblue-collarblue-collarblue-collarblue-collarblue-collarblue-collarblue-collarblue-collarblue-collarblue-collarblue-collarblue-collarblue-collarblue-collarblue-collarblue-collarblue-collarblue-collarblue-collarblue-collarblue-collarblue-collarblue-collarblue-collarblue-collarblue-collarblue-collarblue-collarblue-collarblue-collarblue-collarblue-collarblue-collarblue-collarblue-collarblue-collarblue-collarblue-collarblue-collarblue-collarblue-collarblue-collarblue-collarblue-collarblue-collarblue-collarblue-collarblue-collarblue-collarblue-collarblue-collarblue-collarblue-collarblue-collarblue-collarblue-collarblue-collarblue-collarblue-collarblue-collarblue-collarblue-collarblue-collarblue-collarblue-collarblue-collarblue-collarblue-collarblue-collarblue-collarblue-collarblue-collarblue-collarblue-collarblue-collarblue-collarblue-collarblue-collarblue-collarblue-collarblue-collarblue-collarblue-collarblue-collarblue-collarblue-collarblue-collarblue-collarblue-collarblue-collarblue-collarblue-collarblue-collarblue-collarblue-collarblue-collarblue-collarblue-collarblue-collarblue-collarblue-collarblue-collarblue-collarblue-collarblue-collarblue-collarblue-collarblue-collarblue-collarblue-collarblue-collarblue-collarblue-collarblue-collarblue-collarblue-collarblue-collarblue-collarblue-collarblue-collarblue-collarblue-collarblue-collarblue-collarblue-collarblue-collarblue-collarblue-collarblue-collarblue-collarblue-collarblue-collarblue-collarblue-collarblue-collarblue-collarblue-collarblue-collarblue-collarblue-collarblue-collarblue-collarblue-collarblue-collarblue-collarblue-collarblue-collarblue-collarblue-collarblue-collarblue-collarblue-collarblue-collarblue-collarblue-collarblue-collarblue-collarblue-collarblue-collarblue-collarblue-collarblue-collarblue-collarblue-collarblue-collarblue-collarblue-collarblue-collarblue-collarblue-collarblue-collarblue-collarblue-collarblue-collarblue-collarblue-collarblue-collarblue-collarblue-collarblue-collarblue-collarblue-collarblue-collarblue-collarblue-collarblue-collarblue-collarblue-collarblue-collarblue-collarblue-collarblue-collarblue-collarblue-collarblue-collarblue-collarblue-collarblue-collarblue-collarblue-collarblue-collarblue-collarblue-collarblue-collarblue-collarblue-collarblue-collarblue-collarblue-collarblue-collarblue-collarblue-collarblue-collarblue-collarblue-collarblue-collarblue-collarblue-collarblue-collarblue-collarblue-collarblue-collarblue-collarblue-collarblue-collarblue-collarblue-collarblue-collarblue-collarblue-collarblue-collarblue-collarblue-collarblue-collarblue-collarblue-collarblue-collarblue-collarblue-collarblue-collarblue-collarblue-collarblue-collarblue-collarblue-collarblue-collarblue-collarblue-collarblue-collarblue-collarblue-collarblue-collarblue-collarblue-collarblue-collarblue-collarblue-collarblue-collarblue-collarblue-collarblue-collarblue-collarblue-collarblue-collarblue-collarblue-collarblue-collarblue-collarblue-collarblue-collarblue-collarblue-collarblue-collarblue-collarblue-collarblue-collarblue-collarblue-collarblue-collarblue-collarblue-collarblue-collarblue-collarblue-collarblue-collarblue-collarblue-collarblue-collarblue-collarblue-collarblue-collarblue-collarblue-collarblue-collarblue-collarblue-collarblue-collarblue-collarblue-collarblue-collarblue-collarblue-collarblue-collarblue-collarblue-collarblue-collarblue-collarblue-collarblue-collarblue-collarblue-collarblue-collarblue-collarblue-collarblue-collarblue-collarblue-collarblue-collarblue-collarblue-collarblue-collarblue-collarblue-collarblue-collarblue-collarblue-collarblue-collarblue-collarblue-collarblue-collarblue-collarblue-collarblue-collarblue-collarblue-collarblue-collarblue-collarblue-collarblue-collarblue-collarblue-collarblue-collarblue-collarblue-collarblue-collarblue-collarblue-collarblue-collarblue-collarblue-collarblue-collarblue-collarblue-collarblue-collarblue-collarblue-collarblue-collarblue-collarblue-collarblue-collarblue-collarblue-collarblue-collarblue-collarblue-collarblue-collarblue-collarblue-collarblue-collarblue-collarblue-collarblue-collarblue-collarblue-collarblue-collarblue-collarblue-collarblue-collarblue-collarblue-collarblue-collarblue-collarblue-collarblue-collarblue-collarblue-collarblue-collarblue-collarblue-collarblue-collarblue-collarblue-collarblue-collarblue-collarblue-collarblue-collarblue-collarblue-collarblue-collarblue-collarblue-collarblue-collarblue-collarblue-collarblue-collarblue-collarblue-collarblue-collarblue-collarblue-collarblue-collarblue-collarblue-collarblue-collarblue-collarblue-collarblue-collarblue-collarblue-collarblue-collarblue-collarblue-collarblue-collarblue-collarblue-collarblue-collarblue-collarblue-collarblue-collarblue-collarblue-collarblue-collarblue-collarblue-collarblue-collarblue-collarblue-collarblue-collarblue-collarblue-collarblue-collarblue-collarblue-collarblue-collarblue-collarblue-collarblue-collarblue-collarblue-collarblue-collarblue-collarblue-collarblue-collarblue-collarblue-collarblue-collarblue-collarblue-collarblue-collarblue-collarblue-collarblue-collarblue-collarblue-collarblue-collarblue-collarblue-collarblue-collarblue-collarblue-collarblue-collarblue-collarblue-collarblue-collarblue-collarblue-collarblue-collarblue-collarblue-collarblue-collarblue-collarblue-collarblue-collarblue-collarblue-collarblue-collarblue-collarblue-collarblue-collarblue-collarblue-collarblue-collarblue-collarblue-collarblue-collarblue-collarblue-collarblue-collarblue-collarblue-collarblue-collarblue-collarblue-collarblue-collarblue-collarblue-collarblue-collarblue-collarblue-collarblue-collarblue-collarblue-collarblue-collarblue-collarblue-collarblue-collarblue-collarblue-collarblue-collarblue-collarblue-collarblue-collarblue-collarblue-collarblue-collarblue-collarblue-collarblue-collarblue-collarblue-collarblue-collarblue-collarblue-collarblue-collarblue-collarblue-collarblue-collarblue-collarblue-collarblue-collarblue-collarblue-collarblue-collarblue-collarblue-collarblue-collarblue-collarblue-collarblue-collarblue-collarblue-collarblue-collarblue-collarblue-collarblue-collarblue-collarblue-collarblue-collarblue-collarblue-collarblue-collarblue-collarblue-collarblue-collarblue-collarblue-collarblue-collarblue-collarblue-collarblue-collarblue-collarblue-collarblue-collarblue-collarblue-collarblue-collarblue-collarblue-collarblue-collarblue-collarblue-collarblue-collarblue-collarblue-collarblue-collarblue-collarblue-collarblue-collarblue-collarblue-collarblue-collarblue-collarblue-collarblue-collarblue-collarblue-collarblue-collarblue-collarblue-collarblue-collarblue-collarblue-collarblue-collarblue-collarblue-collarblue-collarblue-collarblue-collarblue-collarblue-collarblue-collarblue-collarblue-collarblue-collarblue-collarblue-collarblue-collarblue-collarblue-collarblue-collarblue-collarblue-collarblue-collarblue-collarblue-collarblue-collarblue-collarblue-collarblue-collarblue-collarblue-collarblue-collarblue-collarblue-collarblue-collarblue-collarblue-collarblue-collarblue-collarblue-collarblue-collarblue-collarblue-collarblue-collarblue-collarblue-collarblue-collarblue-collarblue-collarblue-collarblue-collarblue-collarblue-collarblue-collarblue-collarblue-collarblue-collarblue-collarblue-collarblue-collarblue-collarblue-collarblue-collarblue-collarblue-collarblue-collarblue-collarblue-collarblue-collarblue-collarblue-collarblue-collarblue-collarblue-collarblue-collarblue-collarblue-collarblue-collarblue-collarblue-collarblue-collarblue-collarblue-collarblue-collarblue-collarblue-collarblue-collarblue-collarblue-collarblue-collarblue-collarblue-collarblue-collarblue-collarblue-collarblue-collarblue-collarblue-collarblue-collarblue-collarblue-collarblue-collarblue-collarblue-collarblue-collarblue-collarblue-collarblue-collarblue-collarblue-collarblue-collarblue-collarblue-collarblue-collarblue-collarblue-collarblue-collarblue-collarblue-collarblue-collarblue-collarblue-collarblue-collarblue-collarblue-collarblue-collarblue-collarblue-collarblue-collarblue-collarblue-collarblue-collarblue-collarblue-collarblue-collarblue-collarblue-collarblue-collarblue-collarblue-collarblue-collarblue-collarblue-collarblue-collarblue-collarblue-collarblue-collarblue-collarblue-collarblue-collarblue-collarblue-collarblue-collarblue-collarblue-collarblue-collarblue-collarblue-collarblue-collarblue-collarblue-collarblue-collarblue-collarblue-collarblue-collarblue-collarblue-collarblue-collarblue-collarblue-collarblue-collarblue-collarblue-collarblue-collarblue-collarblue-collarblue-collarblue-collarblue-collarblue-collarblue-collarblue-collarblue-collarblue-collarblue-collarblue-collarblue-collarblue-collarblue-collarblue-collarblue-collarblue-collarblue-collarblue-collarblue-collarblue-collarblue-collarblue-collarblue-collarblue-collarblue-collarblue-collarblue-collarblue-collarblue-collarblue-collarblue-collarblue-collarblue-collarblue-collarblue-collarblue-collarblue-collarblue-collarblue-collarblue-collarblue-collarblue-collarblue-collarblue-collarblue-collarblue-collarblue-collarblue-collarblue-collarblue-collarblue-collarblue-collarblue-collarblue-collarblue-collarblue-collarblue-collarblue-collarblue-collarblue-collarblue-collarblue-collarblue-collarblue-collarblue-collarblue-collarblue-collarblue-collarblue-collarblue-collarblue-collarblue-collarblue-collarblue-collarblue-collarblue-collarblue-collarblue-collarblue-collarblue-collarblue-collarblue-collarblue-collarblue-collarblue-collarblue-collarblue-collarblue-collarblue-collarblue-collarblue-collarblue-collarblue-collarblue-collarblue-collarblue-collarblue-collarblue-collarblue-collarblue-collarblue-collarblue-collarblue-collarblue-collarblue-collarblue-collarblue-collarblue-collarblue-collarblue-collarblue-collarblue-collarblue-collarblue-collarblue-collarblue-collarblue-collarblue-collarblue-collarblue-collarblue-collarblue-collarblue-collarblue-collarblue-collarblue-collarblue-collarblue-collarblue-collarblue-collarblue-collarblue-collarblue-collarblue-collarblue-collarblue-collarblue-collarblue-collarblue-collarblue-collarblue-collarblue-collarblue-collarblue-collarblue-collarblue-collarblue-collarblue-collarblue-collarblue-collarblue-collarblue-collarblue-collarblue-collarblue-collarblue-collarblue-collarblue-collarblue-collarblue-collarblue-collarblue-collarblue-collarblue-collarblue-collarblue-collarblue-collarblue-collarblue-collarblue-collarblue-collarblue-collarblue-collarblue-collarblue-collarblue-collarblue-collarblue-collarblue-collarblue-collarblue-collarblue-collarblue-collarblue-collarblue-collarblue-collarblue-collarblue-collarblue-collarblue-collarblue-collarblue-collarblue-collarblue-collarblue-collarblue-collarblue-collarblue-collarblue-collarblue-collarblue-collarblue-collarblue-collarblue-collarblue-collarblue-collarblue-collarblue-collarblue-collarblue-collarblue-collarblue-collarblue-collarblue-collarblue-collarblue-collarblue-collarblue-collarblue-collarblue-collarblue-collarblue-collarblue-collarblue-collarblue-collarblue-collarblue-collarblue-collarblue-collarblue-collarblue-collarblue-collarblue-collarblue-collarblue-collarblue-collarblue-collarblue-collarblue-collarblue-collarblue-collarblue-collarblue-collarblue-collarblue-collarblue-collarblue-collarblue-collarblue-collarblue-collarblue-collarblue-collarblue-collarblue-collarblue-collarblue-collarblue-collarblue-collarblue-collarblue-collarblue-collarblue-collarblue-collarblue-collarblue-collarblue-collarblue-collarblue-collarblue-collarblue-collarblue-collarblue-collarblue-collarblue-collarblue-collarblue-collarblue-collarblue-collarblue-collarblue-collarblue-collarblue-collarblue-collarblue-collarblue-collarblue-collarblue-collarblue-collarblue-collarblue-collarblue-collarblue-collarblue-collarblue-collarblue-collarblue-collarblue-collarblue-collarblue-collarblue-collarblue-collarblue-collarblue-collarblue-collarblue-collarblue-collarblue-collarblue-collarblue-collarblue-collarblue-collarblue-collarblue-collarblue-collarblue-collarblue-collarblue-collarblue-collarblue-collarblue-collarblue-collarblue-collarblue-collarblue-collarblue-collarblue-collarblue-collarblue-collarblue-collarblue-collarblue-collarblue-collarblue-collarblue-collarblue-collarblue-collarblue-collarblue-collarblue-collarblue-collarblue-collarblue-collarblue-collarblue-collarblue-collarblue-collarblue-collarblue-collarblue-collarblue-collarblue-collarblue-collarblue-collarblue-collarblue-collarblue-collarblue-collarblue-collarblue-collarblue-collarblue-collarblue-collarblue-collarblue-collarblue-collarblue-collarblue-collarblue-collarblue-collarblue-collarblue-collarblue-collarblue-collarblue-collarblue-collarblue-collarblue-collarblue-collarblue-collarblue-collarblue-collarblue-collarblue-collarblue-collarblue-collarblue-collarblue-collarblue-collarblue-collarblue-collarblue-collarblue-collarblue-collarblue-collarblue-collarblue-collarblue-collarblue-collarblue-collarblue-collarblue-collarblue-collarblue-collarblue-collarblue-collarblue-collarblue-collarblue-collarblue-collarblue-collarblue-collarblue-collarblue-collarblue-collarblue-collarblue-collarblue-collarblue-collarblue-collarblue-collarblue-collarblue-collarblue-collarblue-collarblue-collarblue-collarblue-collarblue-collarblue-collarblue-collarblue-collarblue-collarblue-collarblue-collarblue-collarblue-collarblue-collarblue-collarblue-collarblue-collarblue-collarblue-collarblue-collarblue-collarblue-collarblue-collarblue-collarblue-collarblue-collarblue-collarblue-collarblue-collarblue-collarblue-collarblue-collarblue-collarblue-collarblue-collarblue-collarblue-collarblue-collarblue-collarblue-collarblue-collarblue-collarblue-collarblue-collarblue-collarblue-collarblue-collarblue-collarblue-collarblue-collarblue-collarblue-collarblue-collarblue-collarblue-collarblue-collarblue-collarblue-collarblue-collarblue-collarblue-collarblue-collarblue-collarblue-collarblue-collarblue-collarblue-collarblue-collarblue-collarblue-collarblue-collarblue-collarblue-collarblue-collarblue-collarblue-collarblue-collarblue-collarblue-collarblue-collarblue-collarblue-collarblue-collarblue-collarblue-collarblue-collarblue-collarblue-collarblue-collarblue-collarblue-collarblue-collarblue-collarblue-collarblue-collarblue-collarblue-collarblue-collarblue-collarblue-collarblue-collarblue-collarblue-collarblue-collarblue-collarblue-collarblue-collarblue-collarblue-collarblue-collarblue-collarblue-collarblue-collarblue-collarblue-collarblue-collarblue-collarblue-collarblue-collarblue-collarblue-collarblue-collarblue-collarblue-collarblue-collarblue-collarblue-collarblue-collarblue-collarblue-collarblue-collarblue-collarblue-collarblue-collarblue-collarblue-collarblue-collarblue-collarblue-collarblue-collarblue-collarblue-collarblue-collarblue-collarblue-collarblue-collarblue-collarblue-collarblue-collarblue-collarblue-collarblue-collarblue-collarblue-collarblue-collarblue-collarblue-collarblue-collarblue-collarblue-collarblue-collarblue-collarblue-collarblue-collarblue-collarblue-collarblue-collarblue-collarblue-collarblue-collarblue-collarblue-collarblue-collarblue-collarblue-collarblue-collarblue-collarblue-collarblue-collarblue-collarblue-collarblue-collarblue-collarblue-collarblue-collarblue-collarblue-collarblue-collarblue-collarblue-collarblue-collarblue-collarblue-collarblue-collarblue-collarblue-collarblue-collarblue-collarblue-collarblue-collarblue-collarblue-collarblue-collarblue-collarblue-collarblue-collarblue-collarblue-collarblue-collarblue-collarblue-collarblue-collarblue-collarblue-collarblue-collarblue-collarblue-collarblue-collarblue-collarblue-collarblue-collarblue-collarblue-collarblue-collarblue-collarblue-collarblue-collarblue-collarblue-collarblue-collarblue-collarblue-collarblue-collarblue-collarblue-collarblue-collarblue-collarblue-collarblue-collarblue-collarblue-collarblue-collarblue-collarblue-collarblue-collarblue-collarblue-collarblue-collarblue-collarblue-collarblue-collarblue-collarblue-collarblue-collarblue-collarblue-collarblue-collarblue-collarblue-collarblue-collarblue-collarblue-collarblue-collarblue-collarblue-collarblue-collarblue-collarblue-collarblue-collarblue-collarblue-collarblue-collarblue-collarblue-collarblue-collarblue-collarblue-collarblue-collarblue-collarblue-collarblue-collarblue-collarblue-collarblue-collarblue-collarblue-collarblue-collarblue-collarblue-collarblue-collarblue-collarblue-collarblue-collarblue-collarblue-collarblue-collarblue-collarblue-collarblue-collarblue-collarblue-collarblue-collarblue-collarblue-collarblue-collarblue-collarblue-collarblue-collarblue-collarblue-collarblue-collarblue-collarblue-collarblue-collarblue-collarblue-collarblue-collarblue-collarblue-collarblue-collarblue-collarblue-collarblue-collarblue-collarblue-collarblue-collarblue-collarblue-collarblue-collarblue-collarblue-collarblue-collarblue-collarblue-collarblue-collarblue-collarblue-collarblue-collarblue-collarblue-collarblue-collarblue-collarblue-collarblue-collarblue-collarblue-collarblue-collarblue-collarblue-collarblue-collarblue-collarblue-collarblue-collarblue-collarblue-collarblue-collarblue-collarblue-collarblue-collarblue-collarblue-collarblue-collarblue-collarblue-collarblue-collarblue-collarblue-collarblue-collarblue-collarblue-collarblue-collarblue-collarblue-collarblue-collarblue-collarblue-collarblue-collarblue-collarblue-collarblue-collarblue-collarblue-collarblue-collarblue-collarblue-collarblue-collarblue-collarblue-collarblue-collarblue-collarblue-collarblue-collarblue-collarblue-collarblue-collarblue-collarblue-collarblue-collarblue-collarblue-collarblue-collarblue-collarblue-collarblue-collarblue-collarblue-collarblue-collarblue-collarblue-collarblue-collarblue-collarblue-collarblue-collarblue-collarblue-collarblue-collarblue-collarblue-collarblue-collarblue-collarblue-collarblue-collarblue-collarblue-collarblue-collarblue-collarblue-collarblue-collarblue-collarblue-collarblue-collarblue-collarblue-collarblue-collarblue-collarblue-collarblue-collarblue-collarblue-collarblue-collarblue-collarblue-collarblue-collarblue-collarblue-collarblue-collarblue-collarblue-collarblue-collarblue-collarblue-collarblue-collarblue-collarblue-collarblue-collarblue-collarblue-collarblue-collarblue-collarblue-collarblue-collarblue-collarblue-collarblue-collarblue-collarblue-collarblue-collarblue-collarblue-collarblue-collarblue-collarblue-collarblue-collarblue-collarblue-collarblue-collarblue-collarblue-collarblue-collarblue-collarblue-collarblue-collarblue-collarblue-collarblue-collarblue-collarblue-collarblue-collarblue-collarblue-collarblue-collarblue-collarblue-collarblue-collarblue-collarblue-collarblue-collarblue-collarblue-collarblue-collarblue-collarblue-collarblue-collarblue-collarblue-collarblue-collarblue-collarblue-collarblue-collarblue-collarblue-collarblue-collarblue-collarblue-collarblue-collarblue-collarblue-collarblue-collarblue-collarblue-collarblue-collarblue-collarblue-collarblue-collarblue-collarblue-collarblue-collarblue-collarblue-collarblue-collarblue-collarblue-collarblue-collarblue-collarblue-collarblue-collarblue-collarblue-collarblue-collarblue-collarblue-collarblue-collarblue-collarblue-collarblue-collarblue-collarblue-collarblue-collarblue-collarblue-collarblue-collarblue-collarblue-collarblue-collarblue-collarblue-collarblue-collarblue-collarblue-collarblue-collarblue-collarblue-collarblue-collarblue-collarblue-collarblue-collarblue-collarblue-collarblue-collarblue-collarblue-collarblue-collarblue-collarblue-collarblue-collarblue-collarblue-collarblue-collarblue-collarblue-collarblue-collarblue-collarblue-collarblue-collarblue-collarblue-collarblue-collarblue-collarblue-collarblue-collarblue-collarblue-collarblue-collarblue-collarblue-collarblue-collarblue-collarblue-collarblue-collarblue-collarblue-collarblue-collarblue-collarblue-collarblue-collarblue-collarblue-collarblue-collarblue-collarblue-collarblue-collarblue-collarblue-collarblue-collarblue-collarblue-collarblue-collarblue-collarblue-collarblue-collarblue-collarblue-collarblue-collarblue-collarblue-collarblue-collarblue-collarblue-collarblue-collarblue-collarblue-collarblue-collarblue-collarblue-collarblue-collarblue-collarblue-collarblue-collarblue-collarblue-collarblue-collarblue-collarblue-collarblue-collarblue-collarblue-collarblue-collarblue-collarblue-collarblue-collarblue-collarblue-collarblue-collarblue-collarblue-collarblue-collarblue-collarblue-collarblue-collarblue-collarblue-collarblue-collarblue-collarblue-collarblue-collarblue-collarblue-collarblue-collarblue-collarblue-collarblue-collarblue-collarblue-collarblue-collarblue-collarblue-collarblue-collarblue-collarblue-collarblue-collarblue-collarblue-collarblue-collarblue-collarblue-collarblue-collarblue-collarblue-collarblue-collarblue-collarblue-collarblue-collarblue-collarblue-collarblue-collarblue-collarblue-collarblue-collarblue-collarblue-collarblue-collarblue-collarblue-collarblue-collarblue-collarblue-collarblue-collarblue-collarblue-collarblue-collarblue-collarblue-collarblue-collarblue-collarblue-collarblue-collarblue-collarblue-collarblue-collarblue-collarblue-collarblue-collarblue-collarblue-collarblue-collarblue-collarblue-collarblue-collarblue-collarblue-collarblue-collarblue-collarblue-collarblue-collarblue-collarblue-collarblue-collarblue-collarblue-collarblue-collarblue-collarblue-collarblue-collarblue-collarblue-collarblue-collarblue-collarblue-collarblue-collarblue-collarblue-collarblue-collarblue-collarblue-collarblue-collarblue-collarblue-collarblue-collarblue-collarblue-collarblue-collarblue-collarblue-collarblue-collarblue-collarblue-collarblue-collarblue-collarblue-collarblue-collarblue-collarblue-collarblue-collarblue-collarblue-collarblue-collarblue-collarblue-collarblue-collarblue-collarblue-collarblue-collarblue-collarblue-collarblue-collarblue-collarblue-collarblue-collarblue-collarblue-collarblue-collarblue-collarblue-collarblue-collarblue-collarblue-collarblue-collarblue-collarblue-collarblue-collarblue-collarblue-collarblue-collarblue-collarblue-collarblue-collarblue-collarblue-collarblue-collarblue-collarblue-collarblue-collarblue-collarblue-collarblue-collarblue-collarblue-collarblue-collarblue-collarblue-collarblue-collarblue-collarblue-collarblue-collarblue-collarblue-collarblue-collarblue-collarblue-collarblue-collarblue-collarblue-collarblue-collarblue-collarblue-collarblue-collarblue-collarblue-collarblue-collarblue-collarblue-collarblue-collarblue-collarblue-collarblue-collarblue-collarblue-collarblue-collarblue-collarblue-collarblue-collarblue-collarblue-collarblue-collarblue-collarblue-collarblue-collarblue-collarblue-collarblue-collarblue-collarblue-collarblue-collarblue-collarblue-collarblue-collarblue-collarblue-collarblue-collarblue-collarblue-collarblue-collarblue-collarblue-collarblue-collarblue-collarblue-collarblue-collarblue-collarblue-collarblue-collarblue-collarblue-collarblue-collarblue-collarblue-collarblue-collarblue-collarblue-collarblue-collarblue-collarblue-collarblue-collarblue-collarblue-collarblue-collarblue-collarblue-collarblue-collarblue-collarblue-collarblue-collarblue-collarblue-collarblue-collarblue-collarblue-collarblue-collarblue-collarblue-collarblue-collarblue-collarblue-collarblue-collarblue-collarblue-collarblue-collarblue-collarblue-collarblue-collarblue-collarblue-collarblue-collarblue-collarblue-collarblue-collarblue-collarblue-collarblue-collarblue-collarblue-collarblue-collarblue-collarblue-collarblue-collarblue-collarblue-collarblue-collarblue-collarblue-collarblue-collarblue-collarblue-collarblue-collarblue-collarblue-collarblue-collarblue-collarblue-collarblue-collarblue-collarblue-collarblue-collarblue-collarblue-collarblue-collarblue-collarblue-collarblue-collarblue-collarblue-collarblue-collarblue-collarblue-collarblue-collarblue-collarblue-collarblue-collarblue-collarblue-collarblue-collarblue-collarblue-collarblue-collarblue-collarblue-collarblue-collarblue-collarblue-collarblue-collarblue-collarblue-collarblue-collarblue-collarblue-collarblue-collarblue-collarblue-collarblue-collarblue-collarblue-collarblue-collarblue-collarblue-collarblue-collarblue-collarblue-collarblue-collarblue-collarblue-collarblue-collarblue-collarblue-collarblue-collarblue-collarblue-collarblue-collarblue-collarblue-collarblue-collarblue-collarblue-collarblue-collarblue-collarblue-collarblue-collarblue-collarblue-collarblue-collarblue-collarblue-collarblue-collarblue-collarblue-collarblue-collarblue-collarblue-collarblue-collarblue-collarblue-collarblue-collarblue-collarblue-collarblue-collarblue-collarblue-collarblue-collarblue-collarblue-collarblue-collarblue-collarblue-collarblue-collarblue-collarblue-collarblue-collarblue-collarblue-collarblue-collarblue-collarblue-collarblue-collarblue-collarblue-collarblue-collarblue-collarblue-collarblue-collarblue-collarblue-collarblue-collarblue-collarblue-collarblue-collarblue-collarblue-collarblue-collarblue-collarblue-collarblue-collarblue-collarblue-collarblue-collarblue-collarblue-collarblue-collarblue-collarblue-collarblue-collarblue-collarblue-collarblue-collarblue-collarblue-collarblue-collarblue-collarblue-collarblue-collarblue-collarblue-collarblue-collarblue-collarblue-collarblue-collarblue-collarblue-collarblue-collarblue-collarblue-collarblue-collarblue-collarblue-collarblue-collarblue-collarblue-collarblue-collarblue-collarblue-collarblue-collarblue-collarblue-collarblue-collarblue-collarblue-collarblue-collarblue-collarblue-collarblue-collarblue-collarblue-collarblue-collarblue-collarblue-collarblue-collarblue-collarblue-collarblue-collarblue-collarblue-collarblue-collarblue-collarblue-collarblue-collarblue-collarblue-collarblue-collarblue-collarblue-collarblue-collarblue-collarblue-collarblue-collarblue-collarblue-collarblue-collarblue-collarblue-collarblue-collarblue-collarblue-collarblue-collarblue-collarblue-collarblue-collarblue-collarblue-collarblue-collarblue-collarblue-collarblue-collarblue-collarblue-collarblue-collarblue-collarblue-collarblue-collarblue-collarblue-collarblue-collarblue-collarblue-collarblue-collarblue-collarblue-collarblue-collarblue-collarblue-collarblue-collarblue-collarblue-collarblue-collarblue-collarblue-collarblue-collarblue-collarblue-collarblue-collarblue-collarblue-collarblue-collarblue-collarblue-collarblue-collarblue-collarblue-collarblue-collarblue-collarblue-collarblue-collarblue-collarblue-collarblue-collarblue-collarblue-collarblue-collarblue-collarblue-collarblue-collarblue-collarblue-collarblue-collarblue-collarblue-collarblue-collarblue-collarblue-collarblue-collarblue-collarblue-collarblue-collarblue-collarblue-collarblue-collarblue-collarblue-collarblue-collarblue-collarblue-collarblue-collarblue-collarblue-collarblue-collarblue-collarblue-collarblue-collarblue-collarblue-collarblue-collarblue-collarblue-collarblue-collarblue-collarblue-collarblue-collarblue-collarblue-collarblue-collarblue-collarblue-collarblue-collarblue-collarblue-collarblue-collarblue-collarblue-collarblue-collarblue-collarblue-collarblue-collarblue-collarblue-collarblue-collarblue-collarblue-collarblue-collarblue-collarblue-collarblue-collarblue-collarblue-collarblue-collarblue-collarblue-collarblue-collarblue-collarblue-collarblue-collarblue-collarblue-collarblue-collarblue-collarblue-collarblue-collarblue-collarblue-collarblue-collarblue-collarblue-collarblue-collarblue-collarblue-collarblue-collarblue-collarblue-collarblue-collarblue-collarblue-collarblue-collarblue-collarblue-collarblue-collarblue-collarblue-collarblue-collarblue-collarblue-collarblue-collarblue-collarblue-collarblue-collarblue-collarblue-collarblue-collarblue-collarblue-collarblue-collarblue-collarblue-collarblue-collarblue-collarblue-collarblue-collarblue-collarblue-collarblue-collarblue-collarblue-collarblue-collarblue-collarblue-collarblue-collarblue-collarblue-collarblue-collarblue-collarblue-collarblue-collarblue-collarblue-collarblue-collarblue-collarblue-collarblue-collarblue-collarblue-collarblue-collarblue-collarblue-collarblue-collarblue-collarblue-collarblue-collarblue-collarblue-collarblue-collarblue-collarblue-collarblue-collarblue-collarblue-collarblue-collarblue-collarblue-collarblue-collarblue-collarblue-collarblue-collarblue-collarblue-collarblue-collarblue-collarblue-collarblue-collarblue-collarblue-collarblue-collarblue-collarblue-collarblue-collarblue-collarblue-collarblue-collarblue-collarblue-collarblue-collarblue-collarblue-collarblue-collarblue-collarblue-collarblue-collarblue-collarblue-collarblue-collarblue-collarblue-collarblue-collarblue-collarblue-collarblue-collarblue-collarblue-collarblue-collarblue-collarblue-collarblue-collarblue-collarblue-collarblue-collarblue-collarblue-collarblue-collarblue-collarblue-collarblue-collarblue-collarblue-collarblue-collarblue-collarblue-collarblue-collarblue-collarblue-collarblue-collarblue-collarblue-collarblue-collarblue-collarblue-collarblue-collarblue-collarblue-collarblue-collarblue-collarblue-collarblue-collarblue-collarblue-collarblue-collarblue-collarblue-collarblue-collarblue-collarblue-collarblue-collarblue-collarblue-collarblue-collarblue-collarblue-collarblue-collarblue-collarblue-collarblue-collarblue-collarblue-collarblue-collarblue-collarblue-collarblue-collarblue-collarblue-collarblue-collarblue-collarblue-collarblue-collarblue-collarblue-collarblue-collarblue-collarblue-collarblue-collarblue-collarblue-collarblue-collarblue-collarblue-collarblue-collarblue-collarblue-collarblue-collarblue-collarblue-collarblue-collarblue-collarblue-collarblue-collarblue-collarblue-collarblue-collarblue-collarblue-collarblue-collarblue-collarblue-collarblue-collarblue-collarblue-collarblue-collarblue-collarblue-collarblue-collarblue-collarblue-collarblue-collarblue-collarblue-collarblue-collarblue-collarblue-collarblue-collarblue-collarblue-collarblue-collarblue-collarblue-collarblue-collarblue-collarblue-collarblue-collarblue-collarblue-collarblue-collarblue-collarblue-collarblue-collarblue-collarblue-collarblue-collarblue-collarblue-collarblue-collarblue-collarblue-collarblue-collarblue-collarblue-collarblue-collarblue-collarblue-collarblue-collarblue-collarblue-collarblue-collarblue-collarblue-collarblue-collarblue-collarblue-collarblue-collarblue-collarblue-collarblue-collarblue-collarblue-collarblue-collarblue-collarblue-collarblue-collarblue-collarblue-collarblue-collarblue-collarblue-collarblue-collarblue-collarblue-collarblue-collarblue-collarblue-collarblue-collarblue-collarblue-collarblue-collarblue-collarblue-collarblue-collarblue-collarblue-collarblue-collarblue-collarblue-collarblue-collarblue-collarblue-collarblue-collarblue-collarblue-collarblue-collarblue-collarblue-collarblue-collarblue-collarblue-collarblue-collarblue-collarblue-collarblue-collarblue-collarblue-collarblue-collarblue-collarblue-collarblue-collarblue-collarblue-collarblue-collarblue-collarblue-collarblue-collarblue-collarblue-collarblue-collarblue-collarblue-collarblue-collarblue-collarblue-collarblue-collarblue-collarblue-collarblue-collarblue-collarblue-collarblue-collarblue-collarblue-collarblue-collarblue-collarblue-collarblue-collarblue-collarblue-collarblue-collarblue-collarblue-collarblue-collarblue-collarblue-collarblue-collarblue-collarblue-collarblue-collarblue-collarblue-collarblue-collarblue-collarblue-collarblue-collarblue-collarblue-collarblue-collarblue-collarblue-collarblue-collarblue-collarblue-collarblue-collarblue-collarblue-collarblue-collarblue-collarblue-collarblue-collarblue-collarblue-collarblue-collarblue-collarblue-collarblue-collarblue-collarblue-collarblue-collarblue-collarblue-collarblue-collarblue-collarblue-collarblue-collarblue-collarblue-collarblue-collarblue-collarblue-collarblue-collarblue-collarblue-collarblue-collarblue-collarblue-collarblue-collarblue-collarblue-collarblue-collarblue-collarblue-collarblue-collarblue-collarblue-collarblue-collarblue-collarblue-collarblue-collarblue-collarblue-collarblue-collarblue-collarblue-collarblue-collarblue-collarblue-collarblue-collarblue-collarblue-collarblue-collarblue-collarblue-collarblue-collarblue-collarblue-collarblue-collarblue-collarblue-collarblue-collarblue-collarblue-collarblue-collarblue-collarblue-collarblue-collarblue-collarblue-collarblue-collarblue-collarblue-collarblue-collarblue-collarblue-collarblue-collarblue-collarblue-collarblue-collarblue-collarblue-collarblue-collarblue-collarblue-collarblue-collarblue-collarblue-collarblue-collarblue-collarblue-collarblue-collarblue-collarblue-collarblue-collarblue-collarblue-collarblue-collarblue-collarblue-collarblue-collarblue-collarblue-collarblue-collarblue-collarblue-collarblue-collarblue-collarblue-collarblue-collarblue-collarblue-collarblue-collarblue-collarblue-collarblue-collarblue-collarblue-collarblue-collarblue-collarblue-collarblue-collarblue-collarblue-collarblue-collarblue-collarblue-collarblue-collarblue-collarblue-collarblue-collarblue-collarblue-collarblue-collarblue-collarblue-collarblue-collarblue-collarblue-collarblue-collarblue-collarblue-collarblue-collarblue-collarblue-collarblue-collarblue-collarblue-collarblue-collarblue-collarblue-collarblue-collarblue-collarblue-collarblue-collarblue-collarblue-collarblue-collarblue-collarblue-collarblue-collarblue-collarblue-collarblue-collarblue-collarblue-collarblue-collarblue-collarblue-collarblue-collarblue-collarblue-collarblue-collarblue-collarblue-collarblue-collarblue-collarblue-collarblue-collarblue-collarblue-collarblue-collarblue-collarblue-collarblue-collarblue-collarblue-collarblue-collarblue-collarblue-collarblue-collarblue-collarblue-collarblue-collarblue-collarblue-collarblue-collarblue-collarblue-collarblue-collarblue-collarblue-collarblue-collarblue-collarblue-collarblue-collarblue-collarblue-collarblue-collarblue-collarblue-collarblue-collarblue-collarblue-collarblue-collarblue-collarblue-collarblue-collarblue-collarblue-collarblue-collarblue-collarblue-collarblue-collarblue-collarblue-collarblue-collarblue-collarblue-collarblue-collarblue-collarblue-collarblue-collarblue-collarblue-collarblue-collarblue-collarblue-collarblue-collarblue-collarblue-collarblue-collarblue-collarblue-collarblue-collarblue-collarblue-collarblue-collarblue-collarblue-collarblue-collarblue-collarblue-collarblue-collarblue-collarblue-collarblue-collarblue-collarblue-collarblue-collarblue-collarblue-collarblue-collarblue-collarblue-collarblue-collarblue-collarblue-collarblue-collarblue-collarblue-collarblue-collarblue-collarblue-collarblue-collarblue-collarblue-collarblue-collarblue-collarblue-collarblue-collarblue-collarblue-collarblue-collarblue-collarblue-collarblue-collarblue-collarblue-collarblue-collarblue-collarblue-collarblue-collarblue-collarblue-collarblue-collarblue-collarblue-collarblue-collarblue-collarblue-collarblue-collarblue-collarblue-collarblue-collarblue-collarblue-collarblue-collarblue-collarblue-collarblue-collarblue-collarblue-collarblue-collarblue-collarblue-collarblue-collarblue-collarblue-collarblue-collarblue-collarblue-collarblue-collarblue-collarblue-collarblue-collarblue-collarblue-collarblue-collarblue-collarblue-collarblue-collarblue-collarblue-collarblue-collarblue-collarblue-collarblue-collarblue-collarblue-collarblue-collarblue-collarblue-collarblue-collarblue-collarblue-collarblue-collarblue-collarblue-collarblue-collarblue-collarblue-collarblue-collarblue-collarblue-collarblue-collarblue-collarblue-collarblue-collarblue-collarblue-collarblue-collarblue-collarblue-collarblue-collarblue-collarblue-collarblue-collarblue-collarblue-collarblue-collarblue-collarblue-collarblue-collarblue-collarblue-collarblue-collarblue-collarblue-collarblue-collarblue-collarblue-collarblue-collarblue-collarblue-collarblue-collarblue-collarblue-collarblue-collarblue-collarblue-collarblue-collarblue-collarblue-collarblue-collarblue-collarblue-collarblue-collarblue-collarblue-collarblue-collarblue-collarblue-collarblue-collarblue-collarblue-collarblue-collarblue-collarblue-collarblue-collarblue-collarblue-collarblue-collarblue-collarblue-collarblue-collarblue-collarblue-collarblue-collarblue-collarblue-collarblue-collarblue-collarblue-collarblue-collarblue-collarblue-collarblue-collarblue-collarblue-collarblue-collarblue-collarblue-collarblue-collarblue-collarblue-collarblue-collarblue-collarblue-collarblue-collarblue-collarblue-collarblue-collarblue-collarblue-collarblue-collarblue-collarblue-collarblue-collarblue-collarblue-collarblue-collarblue-collarblue-collarblue-collarblue-collarblue-collarblue-collarblue-collarblue-collarblue-collarblue-collarblue-collarblue-collarblue-collarblue-collarblue-collarblue-collarblue-collarblue-collarblue-collarblue-collarblue-collarblue-collarblue-collarblue-collarblue-collarblue-collarblue-collarblue-collarblue-collarblue-collarblue-collarblue-collarblue-collarblue-collarblue-collarblue-collarblue-collarblue-collarblue-collarblue-collarblue-collarblue-collarblue-collarblue-collarblue-collarblue-collarblue-collarblue-collarblue-collarblue-collarblue-collarblue-collarblue-collarblue-collarblue-collarblue-collarblue-collarblue-collarblue-collarblue-collarblue-collarblue-collarblue-collarblue-collarblue-collarblue-collarblue-collarblue-collarblue-collarblue-collarblue-collarblue-collarblue-collarblue-collarblue-collarblue-collarblue-collarblue-collarblue-collarblue-collarblue-collarblue-collarblue-collarblue-collarblue-collarblue-collarblue-collarblue-collarblue-collarblue-collarblue-collarblue-collarblue-collarblue-collarblue-collarblue-collarblue-collarblue-collarblue-collarblue-collarblue-collarblue-collarblue-collarblue-collarblue-collarblue-collarblue-collarblue-collarblue-collarblue-collarblue-collarblue-collarblue-collarblue-collarblue-collarblue-collarblue-collarblue-collarblue-collarblue-collarblue-collarblue-collarblue-collarblue-collarblue-collarblue-collarblue-collarblue-collarblue-collarblue-collarblue-collarblue-collarblue-collarblue-collarblue-collarblue-collarblue-collarblue-collarblue-collarblue-collarblue-collarblue-collarblue-collarblue-collarblue-collarblue-collarblue-collarblue-collarblue-collarblue-collarblue-collarblue-collarblue-collarblue-collarblue-collarblue-collarblue-collarblue-collarblue-collarblue-collarblue-collarblue-collarblue-collarblue-collarblue-collarblue-collarblue-collarblue-collarblue-collarblue-collarblue-collarblue-collarblue-collarblue-collarblue-collarblue-collarblue-collarblue-collarblue-collarblue-collarblue-collarblue-collarblue-collarblue-collarblue-collarblue-collarblue-collarblue-collarblue-collarblue-collarblue-collarblue-collarblue-collarblue-collarblue-collarblue-collarblue-collarblue-collarblue-collarblue-collarblue-collarblue-collarblue-collarblue-collarblue-collarblue-collarblue-collarblue-collarblue-collarblue-collarblue-collarblue-collarblue-collarblue-collarblue-collarblue-collarblue-collarblue-collarblue-collarblue-collarblue-collarblue-collarblue-collarblue-collarblue-collarblue-collarblue-collarblue-collarblue-collarblue-collarblue-collarblue-collarblue-collarblue-collarblue-collarblue-collarblue-collarblue-collarblue-collarblue-collarblue-collarblue-collarblue-collarblue-collarblue-collarblue-collarblue-collarblue-collarblue-collarblue-collarblue-collarblue-collarblue-collarblue-collarblue-collarblue-collarblue-collarblue-collarblue-collarblue-collarblue-collarblue-collarblue-collarblue-collarblue-collarblue-collarblue-collarblue-collarblue-collarblue-collarblue-collarblue-collarblue-collarblue-collarblue-collarblue-collarblue-collarblue-collarblue-collarblue-collarblue-collarblue-collarblue-collarblue-collarblue-collarblue-collarblue-collarblue-collarblue-collarblue-collarblue-collarblue-collarblue-collarblue-collarblue-collarblue-collarblue-collarblue-collarblue-collarblue-collarblue-collarblue-collarblue-collarblue-collarblue-collarblue-collarblue-collarblue-collarblue-collarblue-collarblue-collarblue-collarblue-collarblue-collarblue-collarblue-collarblue-collarblue-collarblue-collarblue-collarblue-collarblue-collarblue-collarblue-collarblue-collarblue-collarblue-collarblue-collarblue-collarblue-collarblue-collarblue-collarblue-collarblue-collarblue-collarblue-collarblue-collarblue-collarblue-collarblue-collarblue-collarblue-collarblue-collarblue-collarblue-collarblue-collarblue-collarblue-collarblue-collarblue-collarblue-collarblue-collarblue-collarblue-collarblue-collarblue-collarblue-collarblue-collarblue-collarblue-collarblue-collarblue-collarblue-collarblue-collarblue-collarblue-collarblue-collarblue-collarblue-collarblue-collarblue-collarblue-collarblue-collarblue-collarblue-collarblue-collarblue-collarblue-collarblue-collarblue-collarblue-collarblue-collarblue-collarblue-collarblue-collarblue-collarblue-collarblue-collarblue-collarblue-collarblue-collarblue-collarblue-collarblue-collarblue-collarblue-collarblue-collarblue-collarblue-collarblue-collarblue-collarblue-collarblue-collarblue-collarblue-collarblue-collarblue-collarblue-collarblue-collarblue-collarblue-collarblue-collarblue-collarblue-collarblue-collarblue-collarblue-collarblue-collarblue-collarblue-collarblue-collarblue-collarblue-collarblue-collarblue-collarblue-collarblue-collarblue-collarblue-collarblue-collarblue-collarblue-collarblue-collarblue-collarblue-collarblue-collarblue-collarblue-collarblue-collarblue-collarblue-collarblue-collarblue-collarblue-collarblue-collarblue-collarblue-collarblue-collarblue-collarblue-collarblue-collarblue-collarblue-collarblue-collarblue-collarblue-collarblue-collarblue-collarblue-collarblue-collarblue-collarblue-collarblue-collarblue-collarblue-collarblue-collarblue-collarblue-collarblue-collarblue-collarblue-collarblue-collarblue-collarblue-collarblue-collarblue-collarblue-collarblue-collarblue-collarblue-collarblue-collarblue-collarblue-collarblue-collarblue-collarblue-collarblue-collarblue-collarblue-collarblue-collarblue-collarblue-collarblue-collarblue-collarblue-collarblue-collarblue-collarblue-collarblue-collarblue-collarblue-collarblue-collarblue-collarblue-collarblue-collarblue-collarblue-collarblue-collarblue-collarblue-collarblue-collarblue-collarblue-collarblue-collarblue-collarblue-collarblue-collarblue-collarblue-collarblue-collarblue-collarblue-collarblue-collarblue-collarblue-collarblue-collarblue-collarblue-collarblue-collarblue-collarblue-collarblue-collarblue-collarblue-collarblue-collarblue-collarblue-collarblue-collarblue-collarblue-collarblue-collarblue-collarblue-collarblue-collarblue-collarblue-collarblue-collarblue-collarblue-collarblue-collarblue-collarblue-collarblue-collarblue-collarblue-collarblue-collarblue-collarblue-collarblue-collarblue-collarblue-collarblue-collarblue-collarblue-collarblue-collarblue-collarblue-collarblue-collarblue-collarblue-collarblue-collarblue-collarblue-collarblue-collarblue-collarblue-collarblue-collarblue-collarblue-collarblue-collarblue-collarblue-collarblue-collarblue-collarblue-collarblue-collarblue-collarblue-collarblue-collarblue-collarblue-collarblue-collarblue-collarblue-collarblue-collarblue-collarblue-collarblue-collarblue-collarblue-collarblue-collarblue-collarblue-collarblue-collarblue-collarblue-collarblue-collarblue-collarblue-collarblue-collarblue-collarblue-collarblue-collarblue-collarblue-collarblue-collarblue-collarblue-collarblue-collarblue-collarblue-collarblue-collarblue-collarblue-collarblue-collarblue-collarblue-collarblue-collarblue-collarblue-collarblue-collarblue-collarblue-collarblue-collarblue-collarblue-collarblue-collarblue-collarblue-collarblue-collarblue-collarblue-collarblue-collarblue-collarblue-collarblue-collarblue-collarblue-collarblue-collarblue-collarblue-collarblue-collarblue-collarblue-collarblue-collarblue-collarblue-collarblue-collarblue-collarblue-collarblue-collarblue-collarblue-collarblue-collarblue-collarblue-collarblue-collarblue-collarblue-collarblue-collarblue-collarblue-collarblue-collarblue-collarblue-collarblue-collarblue-collarblue-collarblue-collarblue-collarblue-collarblue-collarblue-collarblue-collarblue-collarblue-collarblue-collarblue-collarblue-collarblue-collarblue-collarblue-collarblue-collarblue-collarblue-collarblue-collarblue-collarblue-collarblue-collarblue-collarblue-collarblue-collarblue-collarblue-collarblue-collarblue-collarblue-collarblue-collarblue-collarblue-collarblue-collarblue-collarblue-collarblue-collarblue-collarblue-collarblue-collarblue-collarblue-collarblue-collarblue-collarblue-collarblue-collarblue-collarblue-collarblue-collarblue-collarblue-collarblue-collarblue-collarblue-collarblue-collarblue-collarblue-collarblue-collarblue-collarblue-collarblue-collarblue-collarblue-collarblue-collarblue-collarblue-collarblue-collarblue-collarblue-collarblue-collarblue-collarblue-collarblue-collarblue-collarblue-collarblue-collarblue-collarblue-collarblue-collarblue-collarblue-collarblue-collarblue-collarblue-collarblue-collarblue-collarblue-collarblue-collarblue-collarblue-collarblue-collarblue-collarblue-collarblue-collarblue-collarblue-collarblue-collarblue-collarblue-collarblue-collarblue-collarblue-collarblue-collarblue-collarblue-collarblue-collarblue-collarblue-collarblue-collarblue-collarblue-collarblue-collarblue-collarblue-collarblue-collarblue-collarblue-collarblue-collarblue-collarblue-collarblue-collarblue-collarblue-collarblue-collarblue-collarblue-collarblue-collarblue-collarblue-collarblue-collarblue-collarblue-collarblue-collarblue-collarblue-collarblue-collarblue-collarblue-collarblue-collarblue-collarblue-collarblue-collarblue-collarblue-collarblue-collarblue-collarblue-collarblue-collarblue-collarblue-collarblue-collarblue-collarblue-collarblue-collarblue-collarblue-collarblue-collarblue-collarblue-collarblue-collarblue-collarblue-collarblue-collarblue-collarblue-collarblue-collarblue-collarblue-collarblue-collarblue-collarblue-collarblue-collarblue-collarblue-collarblue-collarblue-collarblue-collarblue-collarblue-collarblue-collarblue-collarblue-collarblue-collarblue-collarblue-collarblue-collarblue-collarblue-collarblue-collarblue-collarblue-collarblue-collarblue-collarblue-collarblue-collarblue-collarblue-collarblue-collarblue-collarblue-collarblue-collarblue-collarblue-collarblue-collarblue-collarblue-collarblue-collarblue-collarblue-collarblue-collarblue-collarblue-collarblue-collarblue-collarblue-collarblue-collarblue-collarblue-collarblue-collarblue-collarblue-collarblue-collarblue-collarblue-collarblue-collarblue-collarblue-collarblue-collarblue-collarblue-collarblue-collarblue-collarblue-collarblue-collarblue-collarblue-collarblue-collarblue-collarblue-collarblue-collarblue-collarblue-collarblue-collarblue-collarblue-collarblue-collarblue-collarblue-collarblue-collarblue-collarblue-collarblue-collarblue-collarblue-collarblue-collarblue-collarblue-collarblue-collarblue-collarblue-collarblue-collarblue-collarblue-collarblue-collarblue-collarblue-collarblue-collarblue-collarblue-collarblue-collarblue-collarblue-collarblue-collarblue-collarblue-collarblue-collarblue-collarblue-collarblue-collarblue-collarblue-collarblue-collarblue-collarblue-collarblue-collarblue-collarblue-collarblue-collarblue-collarblue-collarblue-collarblue-collarblue-collarblue-collarblue-collarblue-collarblue-collarblue-collarblue-collarblue-collarblue-collarblue-collarblue-collarblue-collarblue-collarblue-collarblue-collarblue-collarblue-collarblue-collarblue-collarblue-collarblue-collarblue-collarblue-collarblue-collarblue-collarblue-collarblue-collarblue-collarblue-collarblue-collarblue-collarblue-collarblue-collarblue-collarblue-collarblue-collarblue-collarblue-collarblue-collarblue-collarblue-collarblue-collarblue-collarblue-collarblue-collarblue-collarblue-collarblue-collarblue-collarblue-collarblue-collarblue-collarblue-collarblue-collarblue-collarblue-collarblue-collarblue-collarblue-collarblue-collarblue-collarblue-collarblue-collarblue-collarblue-collarblue-collarblue-collarblue-collarblue-collarblue-collarblue-collarblue-collarblue-collarblue-collarblue-collarblue-collarblue-collarblue-collarblue-collarblue-collarblue-collarblue-collarblue-collarblue-collarblue-collarblue-collarblue-collarblue-collarblue-collarblue-collarblue-collarblue-collarblue-collarblue-collarblue-collarblue-collarblue-collarblue-collarblue-collarblue-collarblue-collarblue-collarblue-collarblue-collarblue-collarblue-collarblue-collarblue-collarblue-collarblue-collarblue-collarblue-collarblue-collarblue-collarblue-collarblue-collarblue-collarblue-collarblue-collarblue-collarblue-collarblue-collarblue-collarblue-collarblue-collarblue-collarblue-collarblue-collarblue-collarblue-collarblue-collarblue-collarblue-collarblue-collarblue-collarblue-collarblue-collarblue-collarblue-collarblue-collarblue-collarblue-collarblue-collarblue-collarblue-collarblue-collarblue-collarblue-collarblue-collarblue-collarblue-collarblue-collarblue-collarblue-collarblue-collarblue-collarblue-collarblue-collarblue-collarblue-collarblue-collarblue-collarblue-collarblue-collarblue-collarblue-collarblue-collarblue-collarblue-collarblue-collarblue-collarblue-collarblue-collarblue-collarblue-collarblue-collarblue-collarblue-collarblue-collarblue-collarblue-collarblue-collarblue-collarblue-collarblue-collarblue-collarblue-collarblue-collarblue-collarblue-collarblue-collarblue-collarblue-collarblue-collarblue-collarblue-collarblue-collarblue-collarblue-collarblue-collarblue-collarblue-collarblue-collarblue-collarblue-collarblue-collarblue-collarblue-collarblue-collarblue-collarblue-collarblue-collarblue-collarblue-collarblue-collarblue-collarblue-collarblue-collarblue-collarblue-collarblue-collarblue-collarblue-collarblue-collarblue-collarblue-collarblue-collarblue-collarblue-collarblue-collarblue-collarblue-collarblue-collarblue-collarblue-collarblue-collarblue-collarblue-collarblue-collarblue-collarblue-collarblue-collarblue-collarblue-collarblue-collarblue-collarblue-collarblue-collarblue-collarblue-collarblue-collarblue-collarblue-collarblue-collarblue-collarblue-collarblue-collarblue-collarblue-collarblue-collarblue-collarblue-collarblue-collarblue-collarblue-collarblue-collarblue-collarblue-collarblue-collarblue-collarblue-collarblue-collarblue-collarblue-collarblue-collarblue-collarblue-collarblue-collarblue-collarblue-collarblue-collarblue-collarblue-collarblue-collarblue-collarblue-collarblue-collarblue-collarblue-collarblue-collarblue-collarblue-collarblue-collarblue-collarblue-collarblue-collarblue-collarblue-collarblue-collarblue-collarblue-collarblue-collarblue-collarblue-collarblue-collarblue-collarblue-collarblue-collarblue-collarblue-collarblue-collarblue-collarblue-collarblue-collarblue-collarblue-collarblue-collarblue-collarblue-collarblue-collarblue-collarblue-collarblue-collarblue-collarblue-collarblue-collarblue-collarblue-collarblue-collarblue-collarblue-collarblue-collarblue-collarblue-collarblue-collarblue-collarblue-collarblue-collarblue-collarblue-collarblue-collarblue-collarblue-collarblue-collarblue-collarblue-collarblue-collarblue-collarblue-collarblue-collarblue-collarblue-collarblue-collarblue-collarblue-collarblue-collarblue-collarblue-collarblue-collarblue-collarblue-collarblue-collarblue-collarblue-collarblue-collarblue-collarblue-collarblue-collarblue-collarblue-collarblue-collarblue-collarblue-collarblue-collarblue-collarblue-collarblue-collarblue-collarblue-collarblue-collarblue-collarblue-collarblue-collarblue-collarblue-collarblue-collarblue-collarblue-collarblue-collarblue-collarblue-collarblue-collarblue-collarblue-collarblue-collarblue-collarblue-collarblue-collarblue-collarblue-collarblue-collarblue-collarblue-collarblue-collarblue-collarblue-collarblue-collarblue-collarblue-collarblue-collarblue-collarblue-collarblue-collarblue-collarblue-collarblue-collarblue-collarblue-collarblue-collarblue-collarblue-collarblue-collarblue-collarblue-collarblue-collarblue-collarblue-collarblue-collarblue-collarblue-collarblue-collarblue-collarblue-collarblue-collarblue-collarblue-collarblue-collarblue-collarblue-collarblue-collarblue-collarblue-collarblue-collarblue-collarblue-collarblue-collarblue-collarblue-collarblue-collarblue-collarblue-collarblue-collarblue-collarblue-collarblue-collarblue-collarblue-collarblue-collarblue-collarblue-collarblue-collarblue-collarblue-collarblue-collarblue-collarblue-collarblue-collarblue-collarblue-collarblue-collarblue-collarblue-collarblue-collarblue-collarblue-collarblue-collarblue-collarblue-collarblue-collarblue-collarblue-collarblue-collarblue-collarblue-collarblue-collarblue-collarblue-collarblue-collarblue-collarblue-collarblue-collarblue-collarblue-collarblue-collarblue-collarblue-collarblue-collarblue-collarblue-collarblue-collarblue-collarblue-collarblue-collarblue-collarblue-collarblue-collarblue-collarblue-collarblue-collarblue-collarblue-collarblue-collarblue-collarblue-collarblue-collarblue-collarblue-collarblue-collarblue-collarblue-collarblue-collarblue-collarblue-collarblue-collarblue-collarblue-collarblue-collarblue-collarblue-collarblue-collarblue-collarblue-collarblue-collarblue-collarblue-collarblue-collarblue-collarblue-collarblue-collarblue-collarblue-collarblue-collarblue-collarblue-collarblue-collarblue-collarblue-collarblue-collarblue-collarblue-collarblue-collarblue-collarblue-collarblue-collarblue-collarblue-collarblue-collarblue-collarblue-collarblue-collarblue-collarblue-collarblue-collarblue-collarblue-collarblue-collarblue-collarblue-collarblue-collarblue-collarblue-collarblue-collarblue-collarblue-collarblue-collarblue-collarblue-collarblue-collarblue-collarblue-collarblue-collarblue-collarblue-collarblue-collarblue-collarblue-collarblue-collarblue-collarblue-collarblue-collarblue-collarblue-collarblue-collarblue-collarblue-collarblue-collarblue-collarblue-collarblue-collarblue-collarblue-collarblue-collarblue-collarblue-collarblue-collarblue-collarblue-collarblue-collarblue-collarblue-collarblue-collarblue-collarblue-collarblue-collarblue-collarblue-collarblue-collarblue-collarblue-collarblue-collarblue-collarblue-collarblue-collarblue-collarblue-collarblue-collarblue-collarblue-collarblue-collarblue-collarblue-collarblue-collarblue-collarblue-collarblue-collarblue-collarblue-collarblue-collarblue-collarblue-collarblue-collarblue-collarblue-collarblue-collarblue-collarblue-collarblue-collarblue-collarblue-collarblue-collarblue-collarblue-collarblue-collarblue-collarblue-collarblue-collarblue-collarblue-collarblue-collarblue-collarblue-collarblue-collarblue-collarblue-collarblue-collarblue-collarblue-collarblue-collarblue-collarblue-collarblue-collarblue-collarblue-collarblue-collarblue-collarblue-collarblue-collarblue-collarblue-collarblue-collarblue-collarblue-collarblue-collarblue-collarblue-collarblue-collarblue-collarblue-collarblue-collarblue-collarblue-collarblue-collarblue-collarblue-collarblue-collarblue-collarblue-collarblue-collarblue-collarblue-collarblue-collarblue-collarblue-collarblue-collarblue-collarblue-collarblue-collarblue-collarblue-collarblue-collarblue-collarblue-collarblue-collarblue-collarblue-collarblue-collarblue-collarblue-collarblue-collarblue-collarblue-collarblue-collarblue-collarblue-collarblue-collarblue-collarblue-collarblue-collarblue-collarblue-collarblue-collarblue-collarblue-collarblue-collarblue-collarblue-collarblue-collarblue-collarblue-collarblue-collarblue-collarblue-collarblue-collarblue-collarblue-collarblue-collarblue-collarblue-collarblue-collarblue-collarblue-collarblue-collarblue-collarblue-collarblue-collarblue-collarblue-collarblue-collarblue-collarblue-collarblue-collarblue-collarblue-collarblue-collarblue-collarblue-collarblue-collarblue-collarblue-collarblue-collarblue-collarblue-collarblue-collarblue-collarblue-collarblue-collarblue-collarblue-collarblue-collarblue-collarblue-collarblue-collarblue-collarblue-collarblue-collarblue-collarblue-collarblue-collarblue-collarblue-collarblue-collarblue-collarblue-collarblue-collarblue-collarblue-collarblue-collarblue-collarblue-collarblue-collarblue-collarblue-collarblue-collarblue-collarblue-collarblue-collarblue-collarblue-collarblue-collarblue-collarblue-collarblue-collarblue-collarblue-collarblue-collarblue-collarblue-collarblue-collarblue-collarblue-collarblue-collarblue-collarblue-collarblue-collarblue-collarblue-collarblue-collarblue-collarblue-collarblue-collarblue-collarblue-collarblue-collarblue-collarblue-collarblue-collarblue-collarblue-collarblue-collarblue-collarblue-collarblue-collarblue-collarblue-collarblue-collarblue-collarblue-collarblue-collarblue-collarblue-collarblue-collarblue-collarblue-collarblue-collarblue-collarblue-collarblue-collarblue-collarblue-collarblue-collarblue-collarblue-collarblue-collarblue-collarblue-collarblue-collarblue-collarblue-collarblue-collarblue-collarblue-collarblue-collarblue-collarblue-collarblue-collarblue-collarblue-collarblue-collarblue-collarblue-collarblue-collarblue-collarblue-collarblue-collarblue-collarblue-collarblue-collarblue-collarblue-collarblue-collarblue-collarblue-collarblue-collarblue-collarblue-collarblue-collarblue-collarblue-collarblue-collarblue-collarblue-collarblue-collarblue-collarblue-collarblue-collarblue-collarblue-collarblue-collarblue-collarblue-collarblue-collarblue-collarblue-collarblue-collarblue-collarblue-collarblue-collarblue-collarblue-collarblue-collarblue-collarblue-collarblue-collarblue-collarblue-collarblue-collarblue-collarblue-collarblue-collarblue-collarblue-collarblue-collarblue-collarblue-collarblue-collarblue-collarblue-collarblue-collarblue-collarblue-collarblue-collarblue-collarblue-collarblue-collarblue-collarblue-collarblue-collarblue-collarblue-collarblue-collarblue-collarblue-collarblue-collarblue-collarblue-collarblue-collarblue-collarblue-collarblue-collarblue-collarblue-collarblue-collarblue-collarblue-collarblue-collarblue-collarblue-collarblue-collarblue-collarblue-collarblue-collarblue-collarblue-collarblue-collarblue-collarblue-collarblue-collarblue-collarblue-collarblue-collarblue-collarblue-collarblue-collarblue-collarblue-collarblue-collarblue-collarblue-collarblue-collarblue-collarblue-collarblue-collarblue-collarblue-collarblue-collarblue-collarblue-collarblue-collarblue-collarblue-collarblue-collarblue-collarblue-collarblue-collarblue-collarblue-collarblue-collarblue-collarblue-collarblue-collarblue-collarblue-collarblue-collarblue-collarblue-collarblue-collarblue-collarblue-collarblue-collarblue-collarblue-collarblue-collarblue-collarblue-collarblue-collarblue-collarblue-collarblue-collarblue-collarblue-collarblue-collarblue-collarblue-collarblue-collarblue-collarblue-collarblue-collarblue-collarblue-collarblue-collarblue-collarblue-collarblue-collarblue-collarblue-collarblue-collarblue-collarblue-collarblue-collarblue-collarblue-collarblue-collarblue-collarblue-collarblue-collarblue-collarblue-collarblue-collarblue-collarblue-collarblue-collarblue-collarblue-collarblue-collarblue-collarblue-collarblue-collarblue-collarblue-collarblue-collarblue-collarblue-collarblue-collarblue-collarblue-collarblue-collarblue-collarblue-collarblue-collarblue-collarblue-collarblue-collarblue-collarblue-collarblue-collarblue-collarblue-collarblue-collarblue-collarblue-collarblue-collarblue-collarblue-collarblue-collarblue-collarblue-collarblue-collarblue-collarblue-collarblue-collarblue-collarblue-collarblue-collarblue-collarblue-collarblue-collarblue-collarblue-collarblue-collarblue-collarblue-collarblue-collarblue-collarblue-collarblue-collarblue-collarblue-collarblue-collarblue-collarblue-collarblue-collarblue-collarblue-collarblue-collarblue-collarblue-collarblue-collarblue-collarblue-collarblue-collarblue-collarblue-collarblue-collarblue-collarblue-collarblue-collarblue-collarblue-collarblue-collarblue-collarblue-collarblue-collarblue-collarblue-collarblue-collarblue-collarblue-collarblue-collarblue-collarblue-collarblue-collarblue-collarblue-collarblue-collarblue-collarblue-collarblue-collarblue-collarblue-collarblue-collarblue-collarblue-collarblue-collarblue-collarblue-collarblue-collarblue-collarblue-collarblue-collarblue-collarblue-collarblue-collarblue-collarblue-collarblue-collarblue-collarblue-collarblue-collarblue-collarblue-collarblue-collarblue-collarblue-collarblue-collarblue-collarblue-collarblue-collarblue-collarblue-collarblue-collarblue-collarblue-collarblue-collarblue-collarblue-collarblue-collarblue-collarblue-collarblue-collarblue-collarblue-collarblue-collarblue-collarblue-collarblue-collarblue-collarblue-collarblue-collarblue-collarblue-collarblue-collarblue-collarblue-collarblue-collarblue-collarblue-collarblue-collarblue-collarblue-collarblue-collarblue-collarblue-collarblue-collarblue-collarblue-collarblue-collarblue-collarblue-collarblue-collarblue-collarblue-collarblue-collarblue-collarblue-collarblue-collarblue-collarblue-collarblue-collarblue-collarblue-collarblue-collarblue-collarblue-collarblue-collarblue-collarblue-collarblue-collarblue-collarblue-collarblue-collarblue-collarblue-collarblue-collarblue-collarblue-collarblue-collarblue-collarblue-collarblue-collarblue-collarblue-collarblue-collarblue-collarblue-collarblue-collarblue-collarblue-collarblue-collarblue-collarblue-collarblue-collarblue-collarblue-collarblue-collarblue-collarblue-collarblue-collarblue-collarblue-collarblue-collarblue-collarblue-collarblue-collarblue-collarblue-collarblue-collarblue-collarblue-collarblue-collarblue-collarblue-collarblue-collarblue-collarblue-collarblue-collarblue-collarblue-collarblue-collarblue-collarblue-collarblue-collarblue-collarblue-collarblue-collarblue-collarblue-collarblue-collarblue-collarblue-collarblue-collarblue-collarblue-collarblue-collarblue-collarblue-collarblue-collarblue-collarblue-collarblue-collarblue-collarblue-collarblue-collarblue-collarblue-collarblue-collarblue-collarblue-collarblue-collarblue-collarblue-collarblue-collarblue-collarblue-collarblue-collarblue-collarblue-collarblue-collarblue-collarblue-collarblue-collarblue-collarblue-collarblue-collarblue-collarblue-collarblue-collarblue-collarblue-collarblue-collarblue-collarblue-collarblue-collarblue-collarblue-collarblue-collarblue-collarblue-collarblue-collarblue-collarblue-collarblue-collarblue-collarblue-collarblue-collarblue-collarblue-collarblue-collarblue-collarblue-collarblue-collarblue-collarblue-collarblue-collarblue-collarblue-collarblue-collarblue-collarblue-collarblue-collarblue-collarblue-collarblue-collarblue-collarblue-collarblue-collarblue-collarblue-collarblue-collarblue-collarblue-collarblue-collarblue-collarblue-collarblue-collarblue-collarblue-collarblue-collarblue-collarblue-collarblue-collarblue-collarblue-collarblue-collarblue-collarblue-collarblue-collarblue-collarblue-collarblue-collarblue-collarblue-collarblue-collarblue-collarblue-collarblue-collarblue-collarblue-collarblue-collarblue-collarblue-collarblue-collarblue-collarblue-collarblue-collarblue-collarblue-collarblue-collarblue-collarblue-collarblue-collarblue-collarblue-collarblue-collarblue-collarblue-collarblue-collarblue-collarblue-collarblue-collarblue-collarblue-collarblue-collarblue-collarblue-collarblue-collarblue-collarblue-collarblue-collarblue-collarblue-collarblue-collarblue-collarblue-collarblue-collarblue-collarblue-collarblue-collarblue-collarblue-collarblue-collarblue-collarblue-collarblue-collarblue-collarblue-collarblue-collarblue-collarblue-collarblue-collarblue-collarblue-collarblue-collarblue-collarblue-collarblue-collarblue-collarblue-collarblue-collarblue-collarblue-collarblue-collarblue-collarblue-collarblue-collarblue-collarblue-collarblue-collarblue-collarblue-collarblue-collarblue-collarblue-collarblue-collarblue-collarblue-collarblue-collarblue-collarblue-collarblue-collarblue-collarblue-collarblue-collarblue-collarblue-collarblue-collarblue-collarblue-collarblue-collarblue-collarblue-collarblue-collarblue-collarblue-collarblue-collarblue-collarblue-collarblue-collarblue-collarblue-collarblue-collarblue-collarblue-collarblue-collarblue-collarblue-collarblue-collarblue-collarblue-collarblue-collarblue-collarblue-collarblue-collarblue-collarblue-collarblue-collarblue-collarblue-collarblue-collarblue-collarblue-collarblue-collarblue-collarblue-collarblue-collarblue-collarblue-collarblue-collarblue-collarblue-collarblue-collarblue-collarblue-collarblue-collarblue-collarblue-collarblue-collarblue-collarblue-collarblue-collarblue-collarblue-collarblue-collarblue-collarblue-collarblue-collarblue-collarblue-collarblue-collarblue-collarblue-collarblue-collarblue-collarblue-collarblue-collarblue-collarblue-collarblue-collarblue-collarblue-collarblue-collarblue-collarblue-collarblue-collarblue-collarblue-collarblue-collarblue-collarblue-collarblue-collarblue-collarblue-collarblue-collarblue-collarblue-collarblue-collarblue-collarblue-collarblue-collarblue-collarblue-collarblue-collarblue-collarblue-collarblue-collarblue-collarblue-collarblue-collarblue-collarblue-collarblue-collarblue-collarblue-collarblue-collarblue-collarblue-collarblue-collarblue-collarblue-collarblue-collarblue-collarblue-collarblue-collarblue-collarblue-collarblue-collarblue-collarblue-collarblue-collarblue-collarblue-collarblue-collarblue-collarblue-collarblue-collarblue-collarblue-collarblue-collarblue-collarblue-collarblue-collarblue-collarblue-collarblue-collarblue-collarblue-collarblue-collarblue-collarblue-collarblue-collarblue-collarblue-collarblue-collarblue-collarblue-collarblue-collarblue-collarblue-collarblue-collarblue-collarblue-collarblue-collarblue-collarblue-collarblue-collarblue-collarblue-collarblue-collarblue-collarblue-collarblue-collarblue-collarblue-collarblue-collarblue-collarblue-collarblue-collarblue-collarblue-collarblue-collarblue-collarblue-collarblue-collarblue-collarblue-collarblue-collarblue-collarblue-collarblue-collarblue-collarblue-collarblue-collarblue-collarblue-collarblue-collarblue-collarblue-collarblue-collarblue-collarblue-collarblue-collarblue-collarblue-collarblue-collarblue-collarblue-collarblue-collarblue-collarblue-collarblue-collarblue-collarblue-collarblue-collarblue-collarblue-collarblue-collarblue-collarblue-collarblue-collarblue-collarblue-collarblue-collarblue-collarblue-collarblue-collarblue-collarblue-collarblue-collarblue-collarblue-collarblue-collarblue-collarblue-collarblue-collarblue-collarblue-collarblue-collarblue-collarblue-collarblue-collarblue-collarblue-collarblue-collarblue-collarblue-collarblue-collarblue-collarblue-collarblue-collarblue-collarblue-collarblue-collarblue-collarblue-collarblue-collarblue-collarblue-collarblue-collarblue-collarblue-collarblue-collarblue-collarblue-collarblue-collarblue-collarblue-collarblue-collarblue-collarblue-collarblue-collarblue-collarblue-collarblue-collarblue-collarblue-collarblue-collarblue-collarblue-collarblue-collarblue-collarblue-collarblue-collarblue-collarblue-collarblue-collarblue-collarblue-collarblue-collarblue-collarblue-collarblue-collarblue-collarblue-collarblue-collarblue-collarblue-collarblue-collarblue-collarblue-collarblue-collarblue-collarblue-collarblue-collarblue-collarblue-collarblue-collarblue-collarblue-collarblue-collarblue-collarblue-collarblue-collarblue-collarblue-collarblue-collarblue-collarblue-collarblue-collarblue-collarblue-collarblue-collarblue-collarblue-collarblue-collarblue-collarblue-collarblue-collarblue-collarblue-collarblue-collarblue-collarblue-collarblue-collarblue-collarblue-collarblue-collarblue-collarblue-collarblue-collarblue-collarblue-collarblue-collarblue-collarblue-collarblue-collarblue-collarblue-collarblue-collarblue-collarblue-collarblue-collarblue-collarblue-collarblue-collarblue-collarblue-collarblue-collarblue-collarblue-collarblue-collarblue-collarblue-collarblue-collarblue-collarblue-collarblue-collarblue-collarblue-collarblue-collarblue-collarblue-collarblue-collarblue-collarblue-collarblue-collarblue-collarblue-collarblue-collarblue-collarblue-collarblue-collarblue-collarblue-collarblue-collarblue-collarblue-collarblue-collarblue-collarblue-collarblue-collarblue-collarblue-collarblue-collarblue-collarblue-collarblue-collarblue-collarblue-collarblue-collarblue-collarblue-collarblue-collarblue-collarblue-collarblue-collarblue-collarblue-collarblue-collarblue-collarblue-collarblue-collarblue-collarblue-collarblue-collarblue-collarblue-collarblue-collarblue-collarblue-collarblue-collarblue-collarblue-collarblue-collarblue-collarblue-collarblue-collarblue-collarblue-collarblue-collarblue-collarblue-collarblue-collarblue-collarblue-collarblue-collarblue-collarblue-collarblue-collarblue-collarblue-collarblue-collarblue-collarblue-collarblue-collarblue-collarblue-collarblue-collarblue-collarblue-collarblue-collarblue-collarblue-collarblue-collarblue-collarblue-collarblue-collarblue-collarblue-collarblue-collarblue-collarblue-collarblue-collarblue-collarblue-collarblue-collarblue-collarblue-collarblue-collarblue-collarblue-collarblue-collarblue-collarblue-collarblue-collarblue-collarblue-collarblue-collarblue-collarblue-collarblue-collarblue-collarblue-collarblue-collarblue-collarblue-collarblue-collarblue-collarblue-collarblue-collarblue-collarblue-collarblue-collarblue-collarblue-collarblue-collarblue-collarblue-collarblue-collarblue-collarblue-collarblue-collarblue-collarblue-collarblue-collarblue-collarblue-collarblue-collarblue-collarblue-collarblue-collarblue-collarblue-collarblue-collarblue-collarblue-collarblue-collarblue-collarblue-collarblue-collarblue-collarblue-collarblue-collarblue-collarblue-collarblue-collarblue-collarblue-collarblue-collarblue-collarblue-collarblue-collarblue-collarblue-collarblue-collarblue-collarblue-collarblue-collarblue-collarblue-collarblue-collarblue-collarblue-collarblue-collarblue-collarblue-collarblue-collarblue-collarblue-collarblue-collarblue-collarblue-collarblue-collarblue-collarblue-collarblue-collarblue-collarblue-collarblue-collarblue-collarblue-collarblue-collarblue-collarblue-collarblue-collarblue-collarblue-collarblue-collarblue-collarblue-collarblue-collarblue-collarblue-collarblue-collarblue-collarblue-collarblue-collarblue-collarblue-collarblue-collarblue-collarblue-collarblue-collarblue-collarblue-collarblue-collarblue-collarblue-collarblue-collarblue-collarblue-collarblue-collarblue-collarblue-collarblue-collarblue-collarblue-collarblue-collarblue-collarblue-collarblue-collarblue-collarblue-collarblue-collarblue-collarblue-collarblue-collarblue-collarblue-collarblue-collarblue-collarblue-collarblue-collarblue-collarblue-collarblue-collarblue-collarblue-collarblue-collarblue-collarblue-collarblue-collarblue-collarblue-collarblue-collarblue-collarblue-collarblue-collarblue-collarblue-collarblue-collarblue-collarblue-collarblue-collarblue-collarblue-collarblue-collarblue-collarblue-collarblue-collarblue-collarblue-collarblue-collarblue-collarblue-collarblue-collarblue-collarblue-collarblue-collarblue-collarblue-collarblue-collarblue-collarblue-collarblue-collarblue-collarblue-collarblue-collarblue-collarblue-collarblue-collarblue-collarblue-collarblue-collarblue-collarblue-collarblue-collarblue-collarblue-collarblue-collarblue-collarblue-collarblue-collarblue-collarblue-collarblue-collarblue-collarblue-collarblue-collarblue-collarblue-collarblue-collarblue-collarblue-collarblue-collarblue-collarblue-collarblue-collarblue-collarblue-collarblue-collarblue-collarblue-collarblue-collarblue-collarblue-collarblue-collarblue-collarblue-collarblue-collarblue-collarblue-collarblue-collarblue-collarblue-collarblue-collarblue-collarblue-collarblue-collarblue-collarblue-collarblue-collarblue-collarblue-collarblue-collarblue-collarblue-collarblue-collarblue-collarblue-collarblue-collarblue-collarblue-collarblue-collarblue-collarblue-collarblue-collarblue-collarblue-collarblue-collarblue-collarblue-collarblue-collarblue-collarblue-collarblue-collarblue-collarblue-collarblue-collarblue-collarblue-collarblue-collarblue-collarblue-collarblue-collarblue-collarblue-collarblue-collarblue-collarblue-collarblue-collarblue-collarblue-collarblue-collarblue-collarblue-collarblue-collarblue-collarblue-collarblue-collarblue-collarblue-collarblue-collarblue-collarblue-collarblue-collarblue-collarblue-collarblue-collarblue-collarblue-collarblue-collarblue-collarblue-collarblue-collarblue-collarblue-collarblue-collarblue-collarblue-collarblue-collarblue-collarblue-collarblue-collarblue-collarblue-collarblue-collarblue-collarblue-collarblue-collarblue-collarblue-collarblue-collarblue-collarblue-collarblue-collarblue-collarblue-collarblue-collarblue-collarblue-collarblue-collarblue-collarblue-collarblue-collarblue-collarblue-collarblue-collarblue-collarblue-collarblue-collarblue-collarblue-collarblue-collarblue-collarblue-collarblue-collarblue-collarblue-collarblue-collarblue-collarblue-collarblue-collarblue-collarblue-collarblue-collarblue-collarblue-collarblue-collarblue-collarblue-collarblue-collarblue-collarblue-collarblue-collarblue-collarblue-collarblue-collarblue-collarblue-collarblue-collarblue-collarblue-collarblue-collarblue-collarblue-collarblue-collarblue-collarblue-collarblue-collarblue-collarblue-collarblue-collarblue-collarblue-collarblue-collarblue-collarblue-collarblue-collarblue-collarblue-collarblue-collarblue-collarblue-collarblue-collarblue-collarblue-collarblue-collarblue-collarblue-collarblue-collarblue-collarblue-collarblue-collarblue-collarblue-collarblue-collarblue-collarblue-collarblue-collarblue-collarblue-collarblue-collarblue-collarblue-collarblue-collarblue-collarblue-collarblue-collarblue-collarblue-collarblue-collarblue-collarblue-collarblue-collarblue-collarblue-collarblue-collarblue-collarblue-collarblue-collarblue-collarblue-collarblue-collarblue-collarblue-collarblue-collarblue-collarblue-collarblue-collarblue-collarblue-collarblue-collarblue-collarblue-collarblue-collarblue-collarblue-collarblue-collarblue-collarblue-collarblue-collarblue-collarblue-collarblue-collarblue-collarblue-collarblue-collarblue-collarblue-collarblue-collarblue-collarblue-collarblue-collarblue-collarblue-collarblue-collarblue-collarblue-collarblue-collarblue-collarblue-collarblue-collarblue-collarblue-collarblue-collarblue-collarblue-collarblue-collarblue-collarblue-collarblue-collarblue-collarblue-collarblue-collarblue-collarblue-collarblue-collarblue-collarblue-collarblue-collarblue-collarblue-collarblue-collarblue-collarblue-collarblue-collarblue-collarblue-collarblue-collarblue-collarblue-collarblue-collarblue-collarblue-collarblue-collarblue-collarblue-collarblue-collarblue-collarblue-collarblue-collarblue-collarblue-collarblue-collarblue-collarblue-collarblue-collarblue-collarblue-collarblue-collarblue-collarblue-collarblue-collarblue-collarblue-collarblue-collarblue-collarblue-collarblue-collarblue-collarblue-collarblue-collarblue-collarblue-collarblue-collarblue-collarblue-collarblue-collarblue-collarblue-collarblue-collarblue-collarblue-collarblue-collarblue-collarblue-collarblue-collarblue-collarblue-collarblue-collarblue-collarblue-collarblue-collarblue-collarblue-collarblue-collarblue-collarblue-collarblue-collarblue-collarblue-collarblue-collarblue-collarblue-collarblue-collarblue-collarblue-collarblue-collarblue-collarblue-collarblue-collarblue-collarblue-collarblue-collarblue-collarblue-collarblue-collarblue-collarblue-collarblue-collarblue-collarblue-collarblue-collarblue-collarblue-collarblue-collarblue-collarblue-collarblue-collarblue-collarblue-collarblue-collarblue-collarblue-collarblue-collarblue-collarblue-collarblue-collarblue-collarblue-collarblue-collarblue-collarblue-collarblue-collarblue-collarblue-collarblue-collarblue-collarblue-collarblue-collarblue-collarblue-collarblue-collarblue-collarblue-collarblue-collarblue-collarblue-collarblue-collarblue-collarblue-collarblue-collarblue-collarblue-collarblue-collarblue-collarblue-collarblue-collarblue-collarblue-collarblue-collarblue-collarblue-collarblue-collarblue-collarblue-collarblue-collarblue-collarblue-collarblue-collarblue-collarblue-collarblue-collarblue-collarblue-collarblue-collarblue-collarblue-collarblue-collarblue-collarblue-collarblue-collarblue-collarblue-collarblue-collarblue-collarblue-collarblue-collarblue-collarblue-collarblue-collarblue-collarblue-collarblue-collarblue-collarblue-collarblue-collarblue-collarblue-collarblue-collarblue-collarblue-collarblue-collarblue-collarblue-collarblue-collarblue-collarblue-collarblue-collarblue-collarblue-collarblue-collarblue-collarblue-collarblue-collarblue-collarblue-collarblue-collarblue-collarblue-collarblue-collarblue-collarblue-collarblue-collarblue-collarblue-collarblue-collarblue-collarblue-collarblue-collarblue-collarblue-collarblue-collarblue-collarblue-collarblue-collarblue-collarblue-collarblue-collarblue-collarblue-collarblue-collarblue-collarblue-collarblue-collarblue-collarblue-collarblue-collarblue-collarblue-collarblue-collarblue-collarblue-collarblue-collarblue-collarblue-collarblue-collarblue-collarblue-collarblue-collarblue-collarblue-collarblue-collarblue-collarblue-collarblue-collarblue-collarblue-collarblue-collarblue-collarblue-collarblue-collarblue-collarblue-collarblue-collarblue-collarblue-collarblue-collarblue-collarblue-collarblue-collarblue-collarblue-collarblue-collarblue-collarblue-collarblue-collarblue-collarblue-collarblue-collarblue-collarblue-collarblue-collarblue-collarblue-collarblue-collarblue-collarblue-collarblue-collarblue-collarblue-collarblue-collarblue-collarblue-collarblue-collarblue-collarblue-collarblue-collarblue-collarblue-collarblue-collarblue-collarblue-collarblue-collarblue-collarblue-collarblue-collarblue-collarblue-collarblue-collarblue-collarblue-collarblue-collarblue-collarblue-collarblue-collarblue-collarblue-collarblue-collarblue-collarblue-collarblue-collarblue-collarblue-collarblue-collarblue-collarblue-collarblue-collarblue-collarblue-collarblue-collarblue-collarblue-collarblue-collarblue-collarblue-collarblue-collarblue-collarblue-collarblue-collarblue-collarblue-collarblue-collarblue-collarblue-collarblue-collarblue-collarblue-collarblue-collarblue-collarblue-collarblue-collarblue-collarblue-collarblue-collarblue-collarblue-collarblue-collarblue-collarblue-collarblue-collarblue-collarblue-collarblue-collarblue-collarblue-collarblue-collarblue-collarblue-collarblue-collarblue-collarblue-collarblue-collarblue-collarblue-collarblue-collarblue-collarblue-collarblue-collarblue-collarblue-collarblue-collarblue-collarblue-collarblue-collarblue-collarblue-collarblue-collarblue-collarblue-collarblue-collarblue-collarblue-collarblue-collarblue-collarblue-collarblue-collarblue-collarblue-collarblue-collarblue-collarblue-collarblue-collarblue-collarblue-collarblue-collarblue-collarblue-collarblue-collarblue-collarblue-collarblue-collarblue-collarblue-collarblue-collarblue-collarblue-collarblue-collarblue-collarblue-collarblue-collarblue-collarblue-collarblue-collarblue-collarblue-collarblue-collarblue-collarblue-collarblue-collarblue-collarblue-collarblue-collarblue-collarblue-collarblue-collarblue-collarblue-collarblue-collarblue-collarblue-collarblue-collarblue-collarblue-collarblue-collarblue-collarblue-collarblue-collarblue-collarblue-collarblue-collarblue-collarblue-collarblue-collarblue-collarblue-collarblue-collarblue-collarblue-collarblue-collarblue-collarblue-collarblue-collarblue-collarblue-collarblue-collarblue-collarblue-collarblue-collarblue-collarblue-collarblue-collarblue-collarblue-collarblue-collarblue-collarblue-collarblue-collarblue-collarblue-collarblue-collarblue-collarblue-collarblue-collarblue-collarblue-collarblue-collarblue-collarblue-collarblue-collarblue-collarblue-collarblue-collarblue-collarblue-collarblue-collarblue-collarblue-collarblue-collarblue-collarblue-collarblue-collarblue-collarblue-collarblue-collarblue-collarblue-collarblue-collarblue-collarblue-collarblue-collarblue-collarblue-collarblue-collarblue-collarblue-collarblue-collarblue-collarblue-collarblue-collarblue-collarblue-collarblue-collarblue-collarblue-collarblue-collarblue-collarblue-collarblue-collarblue-collarblue-collarblue-collarblue-collarblue-collarblue-collarblue-collarblue-collarblue-collarblue-collarblue-collarblue-collarblue-collarblue-collarblue-collarblue-collarblue-collarblue-collarblue-collarblue-collarblue-collarblue-collarblue-collarblue-collarblue-collarblue-collarblue-collarblue-collarblue-collarblue-collarblue-collarblue-collarblue-collarblue-collarblue-collarblue-collarblue-collarblue-collarblue-collarblue-collarblue-collarblue-collarblue-collarblue-collarblue-collarblue-collarblue-collarblue-collarblue-collarblue-collarblue-collarblue-collarblue-collarblue-collarblue-collarblue-collarblue-collarblue-collarblue-collarblue-collarblue-collarblue-collarblue-collarblue-collarblue-collarblue-collarblue-collarblue-collarblue-collarblue-collarblue-collarblue-collarblue-collarblue-collarblue-collarblue-collarblue-collarblue-collarblue-collarblue-collarblue-collarblue-collarblue-collarblue-collarblue-collarblue-collarblue-collarblue-collarblue-collarblue-collarblue-collarblue-collarblue-collarblue-collarblue-collarblue-collarblue-collarblue-collarblue-collarblue-collarblue-collarblue-collarblue-collarblue-collarblue-collarblue-collarblue-collarblue-collarblue-collarblue-collarblue-collarblue-collarblue-collarblue-collarblue-collarblue-collarblue-collarblue-collarblue-collarblue-collarblue-collarblue-collarblue-collarblue-collarblue-collarblue-collarblue-collarblue-collarblue-collarblue-collarblue-collarblue-collarblue-collarblue-collarblue-collarblue-collarblue-collarblue-collarblue-collarblue-collarblue-collarblue-collarblue-collarblue-collarblue-collarblue-collarblue-collarblue-collarblue-collarblue-collarblue-collarblue-collarblue-collarblue-collarblue-collarblue-collarblue-collarblue-collarblue-collarblue-collarblue-collarblue-collarblue-collarblue-collarblue-collarblue-collarblue-collarblue-collarblue-collarblue-collarblue-collarblue-collarblue-collarblue-collarblue-collarblue-collarblue-collarblue-collarblue-collarblue-collarblue-collarblue-collarblue-collarblue-collarblue-collarblue-collarblue-collarblue-collarblue-collarblue-collarblue-collarblue-collarblue-collarblue-collarblue-collarblue-collarblue-collarblue-collarblue-collarblue-collarblue-collarblue-collarblue-collarblue-collarblue-collarblue-collarblue-collarblue-collarblue-collarblue-collarblue-collarblue-collarblue-collarblue-collarblue-collarblue-collarblue-collarblue-collarblue-collarblue-collarblue-collarblue-collarblue-collarblue-collarblue-collarblue-collarblue-collarblue-collarblue-collarblue-collarblue-collarblue-collarblue-collarblue-collarblue-collarblue-collarblue-collarblue-collarblue-collarblue-collarblue-collarblue-collarblue-collarblue-collarblue-collarblue-collarblue-collarblue-collarblue-collarblue-collarblue-collarblue-collarblue-collarblue-collarblue-collarblue-collarblue-collarblue-collarblue-collarblue-collarblue-collarblue-collarblue-collarblue-collarblue-collarblue-collarblue-collarblue-collarblue-collarblue-collarblue-collarblue-collarblue-collarblue-collarblue-collarblue-collarblue-collarblue-collarblue-collarblue-collarblue-collarblue-collarblue-collarblue-collarblue-collarblue-collarblue-collarblue-collarblue-collarblue-collarblue-collarblue-collarblue-collarblue-collarblue-collarblue-collarblue-collarblue-collarblue-collarblue-collarblue-collarblue-collarblue-collarblue-collarblue-collarblue-collarblue-collarblue-collarblue-collarblue-collarblue-collarblue-collarblue-collarblue-collarblue-collarblue-collarblue-collarblue-collarblue-collarblue-collarblue-collarblue-collarblue-collarblue-collarblue-collarblue-collarblue-collarblue-collarblue-collarblue-collarblue-collarblue-collarblue-collarblue-collarblue-collarblue-collarblue-collarblue-collarblue-collarblue-collarblue-collarblue-collarblue-collarblue-collarblue-collarblue-collarblue-collarblue-collarblue-collarblue-collarblue-collarblue-collarblue-collarblue-collarblue-collarblue-collarblue-collarblue-collarblue-collarblue-collarblue-collarblue-collarblue-collarblue-collarblue-collarblue-collarblue-collarblue-collarblue-collarblue-collarblue-collarblue-collarblue-collarblue-collarblue-collarblue-collarblue-collarblue-collarblue-collarblue-collarblue-collarblue-collarblue-collarblue-collarblue-collarblue-collarblue-collarblue-collarblue-collarblue-collarblue-collarblue-collarblue-collarblue-collarblue-collarblue-collarblue-collarblue-collarblue-collarblue-collarblue-collarblue-collarblue-collarblue-collarblue-collarblue-collarblue-collarblue-collarblue-collarblue-collarblue-collarblue-collarblue-collarblue-collarblue-collarblue-collarblue-collarblue-collarblue-collarblue-collarblue-collarblue-collarblue-collarblue-collarblue-collarblue-collarblue-collarblue-collarblue-collarblue-collarblue-collarblue-collarblue-collarblue-collarblue-collarblue-collarblue-collarblue-collarblue-collarblue-collarblue-collarblue-collarblue-collarblue-collarblue-collarblue-collarblue-collarblue-collarblue-collarblue-collarblue-collarblue-collarblue-collarblue-collarblue-collarblue-collarblue-collarblue-collarblue-collarblue-collarblue-collarblue-collarblue-collarblue-collarblue-collarblue-collarblue-collarblue-collarblue-collarblue-collarblue-collarblue-collarblue-collarblue-collarblue-collarblue-collarblue-collarblue-collarblue-collarblue-collarblue-collarblue-collarblue-collarblue-collarblue-collarblue-collarblue-collarblue-collarblue-collarblue-collarblue-collarblue-collarblue-collarblue-collarblue-collarblue-collarblue-collarblue-collarblue-collarblue-collarblue-collarblue-collarblue-collarblue-collarblue-collarblue-collarblue-collarblue-collarblue-collarblue-collarblue-collarblue-collarblue-collarblue-collarblue-collarblue-collarblue-collarblue-collarblue-collarblue-collarblue-collarblue-collarblue-collarblue-collarblue-collarblue-collarblue-collarblue-collarblue-collarblue-collarblue-collarblue-collarblue-collarblue-collarblue-collarblue-collarblue-collarblue-collarblue-collarblue-collarblue-collarblue-collarblue-collarblue-collarblue-collarblue-collarblue-collarblue-collarblue-collarblue-collarblue-collarblue-collarblue-collarblue-collarblue-collarblue-collarblue-collarblue-collarblue-collarblue-collarblue-collarblue-collarblue-collarblue-collarblue-collarblue-collarblue-collarblue-collarblue-collarblue-collarblue-collarblue-collarblue-collarblue-collarblue-collarblue-collarblue-collarblue-collarblue-collarblue-collarblue-collarblue-collarblue-collarblue-collarblue-collarblue-collarblue-collarblue-collarblue-collarblue-collarblue-collarblue-collarblue-collarblue-collarblue-collarblue-collarblue-collarblue-collarblue-collarblue-collarblue-collarblue-collarblue-collarblue-collarblue-collarblue-collarblue-collarblue-collarblue-collarblue-collarblue-collarblue-collarblue-collarblue-collarblue-collarblue-collarblue-collarblue-collarblue-collarblue-collarblue-collarblue-collarblue-collarblue-collarblue-collarblue-collarblue-collarblue-collarblue-collarblue-collarblue-collarblue-collarblue-collarblue-collarblue-collarblue-collarblue-collarblue-collarblue-collarblue-collarblue-collarblue-collarblue-collarblue-collarblue-collarblue-collarblue-collarblue-collarblue-collarblue-collarblue-collarblue-collarblue-collarblue-collarblue-collarblue-collarblue-collarblue-collarblue-collarblue-collarblue-collarblue-collarblue-collarblue-collarblue-collarblue-collarblue-collarblue-collarblue-collarblue-collarblue-collarblue-collarblue-collarblue-collarblue-collarblue-collarblue-collarblue-collarblue-collarblue-collarblue-collarblue-collarblue-collarblue-collarblue-collarblue-collarblue-collarblue-collarblue-collarblue-collarblue-collarblue-collarblue-collarblue-collarblue-collarblue-collarblue-collarblue-collarblue-collarblue-collarblue-collarblue-collarblue-collarblue-collarblue-collarblue-collarblue-collarblue-collarblue-collarblue-collarblue-collarblue-collarblue-collarblue-collarblue-collarblue-collarblue-collarblue-collarblue-collarblue-collarblue-collarblue-collarblue-collarblue-collarblue-collarblue-collarblue-collarblue-collarblue-collarblue-collarblue-collarblue-collarblue-collarblue-collarblue-collarblue-collarblue-collarblue-collarblue-collarblue-collarblue-collarblue-collarblue-collarblue-collarblue-collarblue-collarblue-collarblue-collarblue-collarblue-collarblue-collarblue-collarblue-collarblue-collarblue-collarblue-collarblue-collarblue-collarblue-collarblue-collarblue-collarblue-collarblue-collarblue-collarblue-collarblue-collarblue-collarblue-collarblue-collarblue-collarblue-collarblue-collarblue-collarblue-collarblue-collarblue-collarblue-collarblue-collarblue-collarblue-collarblue-collarblue-collarblue-collarblue-collarblue-collarblue-collarblue-collarblue-collarblue-collarblue-collarblue-collarblue-collarblue-collarblue-collarblue-collarblue-collarblue-collarblue-collarblue-collarblue-collarblue-collarblue-collarblue-collarblue-collarblue-collarblue-collarblue-collarblue-collarblue-collarblue-collarblue-collarblue-collarblue-collarblue-collarblue-collarblue-collarblue-collarblue-collarblue-collarblue-collarblue-collarblue-collarblue-collarblue-collarblue-collarblue-collarblue-collarblue-collarblue-collarblue-collarblue-collarblue-collarblue-collarblue-collarblue-collarblue-collarblue-collarblue-collarblue-collarblue-collarblue-collarblue-collarblue-collarblue-collarblue-collarblue-collarblue-collarblue-collarblue-collarblue-collarblue-collarblue-collarblue-collarblue-collarblue-collarblue-collarblue-collarblue-collarblue-collarblue-collarblue-collarblue-collarblue-collarblue-collarblue-collarblue-collarblue-collarblue-collarblue-collarblue-collarblue-collarblue-collarblue-collarblue-collarblue-collarblue-collarblue-collarblue-collarblue-collarblue-collarblue-collarblue-collarblue-collarblue-collarblue-collarblue-collarblue-collarblue-collarblue-collarblue-collarblue-collarblue-collarblue-collarblue-collarblue-collarblue-collarblue-collarblue-collarblue-collarblue-collarblue-collarblue-collarblue-collarblue-collarblue-collarblue-collarblue-collarblue-collarblue-collarblue-collarblue-collarblue-collarblue-collarblue-collarblue-collarblue-collarblue-collarblue-collarblue-collarblue-collarblue-collarblue-collarblue-collarblue-collarblue-collarblue-collarblue-collarblue-collarblue-collarblue-collarblue-collarblue-collarblue-collarblue-collarblue-collarblue-collarblue-collarblue-collarblue-collarblue-collarblue-collarblue-collarblue-collarblue-collarblue-collarblue-collarblue-collarblue-collarblue-collarblue-collarblue-collarblue-collarblue-collarblue-collarblue-collarblue-collarblue-collarblue-collarblue-collarblue-collarblue-collarblue-collarblue-collarblue-collarblue-collarblue-collarblue-collarblue-collarblue-collarblue-collarblue-collarblue-collarblue-collarblue-collarblue-collarblue-collarblue-collarblue-collarblue-collarblue-collarblue-collarblue-collarblue-collarblue-collarblue-collarblue-collarblue-collarblue-collarblue-collarblue-collarblue-collarblue-collarblue-collarblue-collarblue-collarblue-collarblue-collarblue-collarblue-collarblue-collarblue-collarblue-collarblue-collarblue-collarblue-collarblue-collarblue-collarblue-collarblue-collarblue-collarblue-collarblue-collarblue-collarblue-collarblue-collarblue-collarblue-collarblue-collarblue-collarblue-collarblue-collarblue-collarblue-collarblue-collarblue-collarblue-collarblue-collarblue-collarblue-collarblue-collarblue-collarblue-collarblue-collarblue-collarblue-collarblue-collarblue-collarblue-collarblue-collarblue-collarblue-collarblue-collarblue-collarblue-collarblue-collarblue-collarblue-collarblue-collarblue-collarblue-collarblue-collarblue-collarblue-collarblue-collarblue-collarblue-collarblue-collarblue-collarblue-collarblue-collarblue-collarblue-collarblue-collarblue-collarblue-collarblue-collarblue-collarblue-collarblue-collarblue-collarblue-collarblue-collarblue-collarblue-collarblue-collarblue-collarblue-collarblue-collarblue-collarblue-collarblue-collarblue-collarblue-collarblue-collarblue-collarblue-collarblue-collarblue-collarblue-collarblue-collarblue-collarblue-collarblue-collarblue-collarblue-collarblue-collarblue-collarblue-collarblue-collarblue-collarblue-collarblue-collarblue-collarblue-collarblue-collarblue-collarblue-collarblue-collarblue-collarblue-collarblue-collarblue-collarblue-collarblue-collarblue-collarblue-collarblue-collarblue-collarblue-collarblue-collarblue-collarblue-collarblue-collarblue-collarblue-collarblue-collarblue-collarblue-collarblue-collarblue-collarblue-collarblue-collarblue-collarblue-collarblue-collarblue-collarblue-collarblue-collarblue-collarblue-collarblue-collarblue-collarblue-collarblue-collarblue-collarblue-collarblue-collarblue-collarblue-collarblue-collarblue-collarblue-collarblue-collarblue-collarblue-collarblue-collarblue-collarblue-collarblue-collarblue-collarblue-collarblue-collarblue-collarblue-collarblue-collarblue-collarblue-collarblue-collarblue-collarblue-collarblue-collarblue-collarblue-collarblue-collarblue-collarblue-collarblue-collarblue-collarblue-collarblue-collarblue-collarblue-collarblue-collarblue-collarblue-collarblue-collarblue-collarblue-collarblue-collarblue-collarblue-collarblue-collarblue-collarblue-collarblue-collarblue-collarblue-collarblue-collarblue-collarblue-collarblue-collarblue-collarblue-collarblue-collarblue-collarblue-collarblue-collarblue-collarblue-collarblue-collarblue-collarblue-collarblue-collarblue-collarblue-collarblue-collarblue-collarblue-collarblue-collarblue-collarblue-collarblue-collarblue-collarblue-collarblue-collarblue-collarblue-collarblue-collarblue-collarblue-collarblue-collarblue-collarblue-collarblue-collarblue-collarblue-collarblue-collarblue-collarblue-collarblue-collarblue-collarblue-collarblue-collarblue-collarblue-collarblue-collarblue-collarblue-collarblue-collarblue-collarblue-collarblue-collarblue-collarblue-collarblue-collarblue-collarblue-collarblue-collarblue-collarblue-collarblue-collarblue-collarblue-collarblue-collarblue-collarblue-collarblue-collarblue-collarblue-collarblue-collarblue-collarblue-collarblue-collarblue-collarblue-collarblue-collarblue-collarblue-collarblue-collarblue-collarblue-collarblue-collarblue-collarblue-collarblue-collarblue-collarblue-collarblue-collarblue-collarblue-collarblue-collarblue-collarblue-collarblue-collarblue-collarblue-collarblue-collarblue-collarblue-collarblue-collarblue-collarblue-collarblue-collarblue-collarblue-collarblue-collarblue-collarblue-collarblue-collarblue-collarblue-collarblue-collarblue-collarblue-collarblue-collarblue-collarblue-collarblue-collarblue-collarblue-collarblue-collarblue-collarblue-collarblue-collarblue-collarblue-collarblue-collarblue-collarblue-collarblue-collarblue-collarblue-collarblue-collarblue-collarblue-collarblue-collarblue-collarblue-collarblue-collarblue-collarblue-collarblue-collarblue-collarblue-collarblue-collarblue-collarblue-collarblue-collarblue-collarblue-collarblue-collarblue-collarblue-collarblue-collarblue-collarblue-collarblue-collarblue-collarblue-collarblue-collarblue-collarblue-collarblue-collarblue-collarblue-collarblue-collarblue-collarblue-collarblue-collarblue-collarblue-collarblue-collarblue-collarblue-collarblue-collarblue-collarblue-collarblue-collarblue-collarblue-collarblue-collarblue-collarblue-collarblue-collarblue-collarblue-collarblue-collarblue-collarblue-collarblue-collarblue-collarblue-collarblue-collarblue-collarblue-collarblue-collarblue-collarblue-collarblue-collarblue-collarblue-collarblue-collarblue-collarblue-collarblue-collarblue-collarblue-collarblue-collarblue-collarblue-collarblue-collarblue-collarblue-collarblue-collarblue-collarblue-collarblue-collarblue-collarblue-collarblue-collarblue-collarblue-collarblue-collarblue-collarblue-collarblue-collarblue-collarblue-collarblue-collarblue-collarblue-collarblue-collarblue-collarblue-collarblue-collarblue-collarblue-collarblue-collarblue-collarblue-collarblue-collarblue-collarblue-collarblue-collarblue-collarblue-collarblue-collarblue-collarblue-collarblue-collarblue-collarblue-collarblue-collarblue-collarblue-collarblue-collarblue-collarblue-collarblue-collarblue-collarblue-collarblue-collarblue-collarblue-collarblue-collarblue-collarblue-collarblue-collarblue-collarblue-collarblue-collarblue-collarblue-collarblue-collarblue-collarblue-collarblue-collarblue-collarblue-collarblue-collarblue-collarblue-collarblue-collarblue-collarblue-collarblue-collarblue-collarblue-collarblue-collarblue-collarblue-collarblue-collarblue-collarblue-collarblue-collarblue-collarblue-collarblue-collarblue-collarblue-collarblue-collarblue-collarblue-collarblue-collarblue-collarblue-collarblue-collarblue-collarblue-collarblue-collarblue-collarblue-collarblue-collarblue-collarblue-collarblue-collarblue-collarblue-collarblue-collarblue-collarblue-collarblue-collarblue-collarblue-collarblue-collarblue-collarblue-collarblue-collarblue-collarblue-collarblue-collarblue-collarblue-collarblue-collarblue-collarblue-collarblue-collarblue-collarblue-collarblue-collarblue-collarblue-collarblue-collarblue-collarblue-collarblue-collarblue-collarblue-collarblue-collarblue-collarblue-collarblue-collarblue-collarblue-collarblue-collarblue-collarblue-collarblue-collarblue-collarblue-collarblue-collarblue-collarblue-collarblue-collarblue-collarblue-collarblue-collarblue-collarblue-collarblue-collarblue-collarblue-collarblue-collarblue-collarblue-collarblue-collarblue-collarblue-collarblue-collarblue-collarblue-collarblue-collarblue-collarblue-collarblue-collarblue-collarblue-collarblue-collarblue-collarblue-collarblue-collarblue-collarblue-collarblue-collarblue-collarblue-collarblue-collarblue-collarblue-collarblue-collarblue-collarblue-collarblue-collarblue-collarblue-collarblue-collarblue-collarblue-collarblue-collarblue-collarblue-collarblue-collarblue-collarblue-collarblue-collarblue-collarblue-collarblue-collarblue-collarblue-collarblue-collarblue-collarblue-collarblue-collarblue-collarblue-collarblue-collarblue-collarblue-collarblue-collarblue-collarblue-collarblue-collarblue-collarblue-collarblue-collarblue-collarblue-collarblue-collarblue-collarblue-collarblue-collarblue-collarblue-collarblue-collarblue-collarblue-collarblue-collarblue-collarblue-collarblue-collarblue-collarblue-collarblue-collarblue-collarblue-collarblue-collarblue-collarblue-collarblue-collarblue-collarblue-collarblue-collarblue-collarblue-collarblue-collarblue-collarblue-collarblue-collarblue-collarblue-collarblue-collarblue-collarblue-collarblue-collarblue-collarblue-collarblue-collarblue-collarblue-collarblue-collarblue-collarblue-collarblue-collarblue-collarblue-collarblue-collarblue-collarblue-collarblue-collarblue-collarblue-collarblue-collarblue-collarblue-collarblue-collarblue-collarblue-collarblue-collarblue-collarblue-collarblue-collarblue-collarblue-collarblue-collarblue-collarblue-collarblue-collarblue-collarblue-collarblue-collarblue-collarblue-collarblue-collarblue-collarblue-collarblue-collarblue-collarblue-collarblue-collarblue-collarblue-collarblue-collarblue-collarblue-collarblue-collarblue-collarblue-collarblue-collarblue-collarblue-collarblue-collarblue-collarblue-collarblue-collarblue-collarblue-collarblue-collarblue-collarblue-collarblue-collarblue-collarblue-collarblue-collarblue-collarblue-collarblue-collarblue-collarblue-collarblue-collarblue-collarblue-collarblue-collarblue-collarblue-collarblue-collarblue-collarblue-collarblue-collarblue-collarblue-collarblue-collarblue-collarblue-collarblue-collarblue-collarblue-collarblue-collarblue-collarblue-collarblue-collarblue-collarblue-collarblue-collarblue-collarblue-collarblue-collarblue-collarblue-collarblue-collarblue-collarblue-collarblue-collarblue-collarblue-collarblue-collarblue-collarblue-collarblue-collarblue-collarblue-collarblue-collarblue-collarblue-collarblue-collarblue-collarblue-collarblue-collarblue-collarblue-collarblue-collarblue-collarblue-collarblue-collarblue-collarblue-collarblue-collarblue-collarblue-collarblue-collarblue-collarblue-collarblue-collarblue-collarblue-collarblue-collarblue-collarblue-collarblue-collarblue-collarblue-collarblue-collarblue-collarblue-collarblue-collarblue-collarblue-collarblue-collarblue-collarblue-collarblue-collarblue-collarblue-collarblue-collarblue-collarblue-collarblue-collarblue-collarblue-collarblue-collarblue-collarblue-collarblue-collarblue-collarblue-collarblue-collarblue-collarblue-collarblue-collarblue-collarblue-collarblue-collarblue-collarblue-collarblue-collarblue-collarblue-collarblue-collarblue-collarblue-collarblue-collarblue-collarblue-collarblue-collarblue-collarblue-collarblue-collarblue-collarblue-collarblue-collarblue-collarblue-collarblue-collarblue-collarblue-collarblue-collarblue-collarblue-collarblue-collarblue-collarblue-collarblue-collarblue-collarblue-collarblue-collarblue-collarblue-collarblue-collarblue-collarblue-collarblue-collarblue-collarblue-collarblue-collarblue-collarblue-collarblue-collarblue-collarblue-collarblue-collarblue-collarblue-collarblue-collarblue-collarblue-collarblue-collarblue-collarblue-collarblue-collarblue-collarblue-collarblue-collarblue-collarblue-collarblue-collarblue-collarblue-collarblue-collarblue-collarblue-collarblue-collarblue-collarblue-collarblue-collarblue-collarblue-collarblue-collarblue-collarblue-collarblue-collarblue-collarblue-collarblue-collarblue-collarblue-collarblue-collarblue-collarblue-collarblue-collarblue-collarblue-collarblue-collarblue-collarblue-collarblue-collarblue-collarblue-collarblue-collarblue-collarblue-collarblue-collarblue-collarblue-collarblue-collarblue-collarblue-collarblue-collarblue-collarblue-collarblue-collarblue-collarblue-collarblue-collarblue-collarblue-collarblue-collarblue-collarblue-collarblue-collarblue-collarblue-collarblue-collarblue-collarblue-collarblue-collarblue-collarblue-collarblue-collarblue-collarblue-collarblue-collarblue-collarblue-collarblue-collarblue-collarblue-collarblue-collarblue-collarblue-collarblue-collarblue-collarblue-collarblue-collarblue-collarblue-collarblue-collarblue-collarblue-collarblue-collarblue-collarblue-collarblue-collarblue-collarblue-collarblue-collarblue-collarblue-collarblue-collarblue-collarblue-collarblue-collarblue-collarblue-collarblue-collarblue-collarblue-collarblue-collarblue-collarblue-collarblue-collarblue-collarblue-collarblue-collarblue-collarblue-collarblue-collarblue-collarblue-collarblue-collarblue-collarblue-collarblue-collarblue-collarblue-collarblue-collarblue-collarblue-collarblue-collarblue-collarblue-collarblue-collarblue-collarblue-collarblue-collarblue-collarblue-collarblue-collarblue-collarblue-collarblue-collarblue-collarblue-collarblue-collarblue-collarblue-collarblue-collarblue-collarblue-collarblue-collarblue-collarblue-collarblue-collarblue-collarblue-collarblue-collarblue-collarblue-collarblue-collarblue-collarblue-collarblue-collarblue-collarblue-collarblue-collarblue-collarblue-collarblue-collarblue-collarblue-collarblue-collarblue-collarblue-collarblue-collarblue-collarblue-collarblue-collarblue-collarblue-collarblue-collarblue-collarblue-collarblue-collarblue-collarblue-collarblue-collarblue-collarblue-collarblue-collarblue-collarblue-collarblue-collarblue-collarblue-collarblue-collarblue-collarblue-collarblue-collarblue-collarblue-collarblue-collarblue-collarblue-collarblue-collarblue-collarblue-collarblue-collarblue-collarblue-collarblue-collarblue-collarblue-collarblue-collarblue-collarblue-collarblue-collarblue-collarblue-collarblue-collarblue-collarblue-collarblue-collarblue-collarblue-collarblue-collarblue-collarblue-collarblue-collarblue-collarblue-collarblue-collarblue-collarblue-collarblue-collarblue-collarblue-collarblue-collarblue-collarblue-collarblue-collarblue-collarblue-collarblue-collarblue-collarblue-collarblue-collarblue-collarblue-collarblue-collarblue-collarblue-collarblue-collarblue-collarblue-collarblue-collarblue-collarblue-collarblue-collarblue-collarblue-collarblue-collarblue-collarblue-collarblue-collarblue-collarblue-collarblue-collarblue-collarblue-collarblue-collarblue-collarblue-collarblue-collarblue-collarblue-collarblue-collarblue-collarblue-collarblue-collarblue-collarblue-collarblue-collarblue-collarblue-collarblue-collarblue-collarblue-collarblue-collarblue-collarblue-collarblue-collarblue-collarblue-collarblue-collarblue-collarblue-collarblue-collarblue-collarblue-collarblue-collarblue-collarblue-collarblue-collarblue-collarblue-collarblue-collarblue-collarblue-collarblue-collarblue-collarblue-collarblue-collarblue-collarblue-collarblue-collarblue-collarblue-collarblue-collarblue-collarblue-collarblue-collarblue-collarblue-collarblue-collarblue-collarblue-collarblue-collarblue-collarblue-collarblue-collarblue-collarblue-collarblue-collarblue-collarblue-collarblue-collarblue-collarblue-collarblue-collarblue-collarblue-collarblue-collarblue-collarblue-collarblue-collarblue-collarblue-collarblue-collarblue-collarblue-collarblue-collarblue-collarblue-collarblue-collarblue-collarblue-collarblue-collarblue-collarblue-collarblue-collarblue-collarblue-collarblue-collarblue-collarblue-collarblue-collarblue-collarblue-collarblue-collarblue-collarblue-collarblue-collarblue-collarblue-collarblue-collarblue-collarblue-collarblue-collarblue-collarblue-collarblue-collarblue-collarblue-collarblue-collarblue-collarblue-collarblue-collarblue-collarblue-collarblue-collarblue-collarblue-collarblue-collarblue-collarblue-collarblue-collarblue-collarblue-collarblue-collarblue-collarblue-collarblue-collarblue-collarblue-collarblue-collarblue-collarblue-collarblue-collarblue-collarblue-collarblue-collarblue-collarblue-collarblue-collarblue-collarblue-collarblue-collarblue-collarblue-collarblue-collarblue-collarblue-collarblue-collarblue-collarblue-collarblue-collarblue-collarblue-collarblue-collarblue-collarblue-collarblue-collarblue-collarblue-collarblue-collarblue-collarblue-collarblue-collarblue-collarblue-collarblue-collarblue-collarblue-collarblue-collarblue-collarblue-collarblue-collarblue-collarblue-collarblue-collarblue-collarblue-collarblue-collarblue-collarblue-collarblue-collarblue-collarblue-collarblue-collarblue-collarblue-collarblue-collarblue-collarblue-collarblue-collarblue-collarblue-collarblue-collarblue-collarblue-collarblue-collarblue-collarblue-collarblue-collarblue-collarblue-collarblue-collarblue-collarblue-collarblue-collarblue-collarblue-collarblue-collarblue-collarblue-collarblue-collarblue-collarblue-collarblue-collarblue-collarblue-collarblue-collarblue-collarblue-collarblue-collarblue-collarblue-collarblue-collarblue-collarblue-collarblue-collarblue-collarblue-collarblue-collarblue-collarblue-collarblue-collarblue-collarblue-collarblue-collarblue-collarblue-collarblue-collarblue-collarblue-collarblue-collarblue-collarblue-collarblue-collarblue-collarblue-collarblue-collarblue-collarblue-collarblue-collarblue-collarblue-collarblue-collarblue-collarblue-collarblue-collarblue-collarblue-collarblue-collarblue-collarblue-collarblue-collarblue-collarblue-collarblue-collarblue-collarblue-collarblue-collarblue-collarblue-collarblue-collarblue-collarblue-collarblue-collarblue-collarblue-collarblue-collarblue-collarblue-collarblue-collarblue-collarblue-collarblue-collarblue-collarblue-collarblue-collarblue-collarblue-collarblue-collarblue-collarblue-collarblue-collarblue-collarblue-collarblue-collarblue-collarblue-collarblue-collarblue-collarblue-collarblue-collarblue-collarblue-collarblue-collarblue-collarblue-collarblue-collarblue-collarblue-collarblue-collarblue-collarblue-collarblue-collarblue-collarblue-collarblue-collarblue-collarblue-collarblue-collarblue-collarblue-collarblue-collarblue-collarblue-collarblue-collarblue-collarblue-collarblue-collarblue-collarblue-collarblue-collarblue-collarblue-collarblue-collarblue-collarblue-collarblue-collarblue-collarblue-collarblue-collarblue-collarblue-collarblue-collarblue-collarblue-collarblue-collarblue-collarblue-collarblue-collarblue-collarblue-collarblue-collarblue-collarblue-collarblue-collarblue-collarblue-collarblue-collarblue-collarblue-collarblue-collarblue-collarblue-collarblue-collarblue-collarblue-collarblue-collarblue-collarblue-collarblue-collarblue-collarblue-collarblue-collarblue-collarblue-collarblue-collarblue-collarblue-collarblue-collarblue-collarblue-collarblue-collarblue-collarblue-collarblue-collarblue-collarblue-collarblue-collarblue-collarblue-collarblue-collarblue-collarblue-collarblue-collarblue-collarblue-collarblue-collarblue-collarblue-collarblue-collarblue-collarblue-collarblue-collarblue-collarblue-collarblue-collarblue-collarblue-collarblue-collarblue-collarblue-collarblue-collarblue-collarblue-collarblue-collarblue-collarblue-collarblue-collarblue-collarblue-collarblue-collarblue-collarblue-collarblue-collarblue-collarblue-collarblue-collarblue-collarblue-collarblue-collarblue-collarblue-collarblue-collarblue-collarblue-collarblue-collarblue-collarblue-collarblue-collarblue-collarblue-collarblue-collarblue-collarblue-collarblue-collarblue-collarblue-collarblue-collarblue-collarblue-collarblue-collarblue-collarblue-collarblue-collarblue-collarblue-collarblue-collarblue-collarblue-collarblue-collarblue-collarblue-collarblue-collarblue-collarblue-collarblue-collarblue-collarblue-collarblue-collarblue-collarblue-collarblue-collarblue-collarblue-collarblue-collarblue-collarblue-collarblue-collarblue-collarblue-collarblue-collarblue-collarblue-collarblue-collarblue-collarblue-collarblue-collarblue-collarblue-collarblue-collarblue-collarblue-collarblue-collarblue-collarblue-collarblue-collarblue-collarblue-collarblue-collarblue-collarblue-collarblue-collarblue-collarblue-collarblue-collarblue-collarblue-collarblue-collarblue-collarblue-collarblue-collarblue-collarblue-collarblue-collarblue-collarblue-collarblue-collarblue-collarblue-collarblue-collarblue-collarblue-collarblue-collarblue-collarblue-collarblue-collarblue-collarblue-collarblue-collarblue-collarblue-collarblue-collarblue-collarblue-collarblue-collarblue-collarblue-collarblue-collarblue-collarblue-collarblue-collarblue-collarblue-collarblue-collarblue-collarblue-collarblue-collarblue-collarblue-collarblue-collarblue-collarblue-collarblue-collarblue-collarblue-collarblue-collarblue-collarblue-collarblue-collarblue-collarblue-collarblue-collarblue-collarblue-collarblue-collarblue-collarblue-collarblue-collarblue-collarblue-collarblue-collarblue-collarblue-collarblue-collarblue-collarblue-collarblue-collarblue-collarblue-collarblue-collarblue-collarblue-collarblue-collarblue-collarblue-collarblue-collarblue-collarblue-collarblue-collarblue-collarblue-collarblue-collarblue-collarblue-collarblue-collarblue-collarblue-collarblue-collarblue-collarblue-collarblue-collarblue-collarblue-collarblue-collarblue-collarblue-collarblue-collarblue-collarblue-collarblue-collarblue-collarblue-collarblue-collarblue-collarblue-collarblue-collarblue-collarblue-collarblue-collarblue-collarblue-collarblue-collarblue-collarblue-collarblue-collarblue-collarblue-collarblue-collarblue-collarblue-collarblue-collarblue-collarblue-collarblue-collarblue-collarblue-collarblue-collarblue-collarblue-collarblue-collarblue-collarblue-collarblue-collarblue-collarblue-collarblue-collarblue-collarblue-collarblue-collarblue-collarblue-collarblue-collarblue-collarblue-collarblue-collarblue-collarblue-collarblue-collarblue-collarblue-collarblue-collarblue-collarblue-collarblue-collarblue-collarblue-collarblue-collarblue-collarblue-collarblue-collarblue-collarblue-collarblue-collarblue-collarblue-collarblue-collarblue-collarblue-collarblue-collarblue-collarblue-collarblue-collarblue-collarblue-collarblue-collarblue-collarblue-collarblue-collarblue-collarblue-collarblue-collarblue-collarblue-collarblue-collarblue-collarblue-collarblue-collarblue-collarblue-collarblue-collarblue-collarblue-collarblue-collarblue-collarblue-collarblue-collarblue-collarblue-collarblue-collarblue-collarblue-collarblue-collarblue-collarblue-collarblue-collarblue-collarblue-collarblue-collarblue-collarblue-collarblue-collarblue-collarblue-collarblue-collarblue-collarblue-collarblue-collarblue-collarblue-collarblue-collarblue-collarblue-collarblue-collarblue-collarblue-collarblue-collarblue-collarblue-collarblue-collarblue-collarblue-collarblue-collarblue-collarblue-collarblue-collarblue-collarblue-collarblue-collarblue-collarblue-collarblue-collarblue-collarblue-collarblue-collarblue-collarblue-collarblue-collarblue-collarblue-collarblue-collarblue-collarblue-collarblue-collarblue-collarblue-collarblue-collarblue-collarblue-collarblue-collarblue-collarblue-collarblue-collarblue-collarblue-collarblue-collarblue-collarblue-collarblue-collarblue-collarblue-collarblue-collarblue-collarblue-collarblue-collarblue-collarblue-collarblue-collarblue-collarblue-collarblue-collarblue-collarblue-collarblue-collarblue-collarblue-collarblue-collarblue-collarblue-collarblue-collarblue-collarblue-collarblue-collarblue-collarblue-collarblue-collarblue-collarblue-collarblue-collarblue-collarblue-collarblue-collarblue-collarblue-collarblue-collarblue-collarblue-collarblue-collarblue-collarblue-collarblue-collarblue-collarblue-collarblue-collarblue-collarblue-collarblue-collarblue-collarblue-collarblue-collarblue-collarblue-collarblue-collarblue-collarblue-collarblue-collarblue-collarblue-collarblue-collarblue-collarblue-collarblue-collarblue-collarblue-collarblue-collarblue-collarblue-collarblue-collarblue-collarblue-collarblue-collarblue-collarblue-collarblue-collarblue-collarblue-collarblue-collarblue-collarblue-collarblue-collarblue-collarblue-collarblue-collarblue-collarblue-collarblue-collarblue-collarblue-collarblue-collarblue-collarblue-collarblue-collarblue-collarblue-collarblue-collarblue-collarblue-collarblue-collarblue-collarblue-collarblue-collarblue-collarblue-collarblue-collarblue-collarblue-collarblue-collarblue-collarblue-collarblue-collarblue-collarblue-collarblue-collarblue-collarblue-collarblue-collarblue-collarblue-collarblue-collarblue-collarblue-collarblue-collarblue-collarblue-collarblue-collarblue-collarblue-collarblue-collarblue-collarblue-collarblue-collarblue-collarblue-collarblue-collarblue-collarblue-collarblue-collarblue-collarblue-collarblue-collarblue-collarblue-collarblue-collarblue-collarblue-collarblue-collarblue-collarblue-collarblue-collarblue-collarblue-collarblue-collarblue-collarblue-collarblue-collarblue-collarblue-collarblue-collarblue-collarblue-collarblue-collarblue-collarblue-collarblue-collarblue-collarblue-collarblue-collarblue-collarblue-collarblue-collarblue-collarblue-collarblue-collarblue-collarblue-collarblue-collarblue-collarblue-collarblue-collarblue-collarblue-collarblue-collarblue-collarblue-collarblue-collarblue-collarblue-collarblue-collarblue-collarblue-collarblue-collarblue-collarblue-collarblue-collarblue-collarblue-collarblue-collarblue-collarblue-collarblue-collarblue-collarblue-collarblue-collarblue-collarblue-collarblue-collarblue-collarblue-collarblue-collarblue-collarblue-collarblue-collarblue-collarblue-collarblue-collarblue-collarblue-collarblue-collarblue-collarblue-collarblue-collarblue-collarblue-collarblue-collarblue-collarblue-collarblue-collarblue-collarblue-collarblue-collarblue-collarblue-collarblue-collarblue-collarblue-collarblue-collarblue-collarblue-collarblue-collarblue-collarblue-collarblue-collarblue-collarblue-collarblue-collarblue-collarblue-collarblue-collarblue-collarblue-collarblue-collarblue-collarblue-collarblue-collarblue-collarblue-collarblue-collarblue-collarblue-collarblue-collarblue-collarblue-collarblue-collarblue-collarblue-collarblue-collarblue-collarblue-collarblue-collarblue-collarblue-collarblue-collarblue-collarblue-collarblue-collarblue-collarblue-collarblue-collarblue-collarblue-collarblue-collarblue-collarblue-collarblue-collarblue-collarblue-collarblue-collarblue-collarblue-collarblue-collarblue-collarblue-collarblue-collarblue-collarblue-collarblue-collarblue-collarblue-collarblue-collarblue-collarblue-collarblue-collarblue-collarblue-collarblue-collarblue-collarblue-collarblue-collarblue-collarblue-collarblue-collarblue-collarblue-collarblue-collarblue-collarblue-collarblue-collarblue-collarblue-collarblue-collarblue-collarblue-collarblue-collarblue-collarblue-collarblue-collarblue-collarblue-collarblue-collarblue-collarblue-collarblue-collarblue-collarblue-collarblue-collarblue-collarblue-collarblue-collarblue-collarblue-collarblue-collarblue-collarblue-collarblue-collarblue-collarblue-collarblue-collarblue-collarblue-collarblue-collarblue-collarblue-collarblue-collarblue-collarblue-collarblue-collarblue-collarblue-collarblue-collarblue-collarblue-collarblue-collarblue-collarblue-collarblue-collarblue-collarblue-collarblue-collarblue-collarblue-collarblue-collarblue-collarblue-collarblue-collarblue-collarblue-collarblue-collarblue-collarblue-collarblue-collarblue-collarblue-collarblue-collarblue-collarblue-collarblue-collarblue-collarblue-collarblue-collarblue-collarblue-collarblue-collarblue-collarblue-collarblue-collarblue-collarblue-collarblue-collarblue-collarblue-collarblue-collarblue-collarblue-collarblue-collarblue-collarblue-collarblue-collarblue-collarblue-collarblue-collarblue-collarblue-collarblue-collarblue-collarblue-collarblue-collarblue-collarblue-collarblue-collarblue-collarblue-collarblue-collarblue-collarblue-collarblue-collarblue-collarblue-collarblue-collarblue-collarblue-collarblue-collarblue-collarblue-collarblue-collarblue-collarblue-collarblue-collarblue-collarblue-collarblue-collarblue-collarblue-collarblue-collarblue-collarblue-collarblue-collarblue-collarblue-collarblue-collarblue-collarblue-collarblue-collarblue-collarblue-collarblue-collarblue-collarblue-collarblue-collarblue-collarblue-collarblue-collarblue-collarblue-collarblue-collarblue-collarblue-collarblue-collarblue-collarblue-collarblue-collarblue-collarblue-collarblue-collarblue-collarblue-collarblue-collarblue-collarblue-collarblue-collarblue-collarblue-collarblue-collarblue-collarblue-collarblue-collarblue-collarblue-collarblue-collarblue-collarblue-collarblue-collarblue-collarblue-collarblue-collarblue-collarblue-collarblue-collarblue-collarblue-collarblue-collarblue-collarblue-collarblue-collarblue-collarblue-collarblue-collarblue-collarblue-collarblue-collarblue-collarblue-collarblue-collarblue-collarblue-collarblue-collarblue-collarblue-collarblue-collarblue-collarblue-collarblue-collarblue-collarblue-collarblue-collarblue-collarblue-collarblue-collarblue-collarblue-collarblue-collarblue-collarblue-collarblue-collarblue-collarblue-collarblue-collarblue-collarblue-collarblue-collarblue-collarblue-collarblue-collarblue-collarblue-collarblue-collarblue-collarblue-collarblue-collarblue-collarblue-collarblue-collarblue-collarblue-collarblue-collarblue-collarblue-collarblue-collarblue-collarblue-collarblue-collarblue-collarblue-collarblue-collarblue-collarblue-collarblue-collarblue-collarblue-collarblue-collarblue-collarblue-collarblue-collarblue-collarblue-collarblue-collarblue-collarblue-collarblue-collarblue-collarblue-collarblue-collarblue-collarblue-collarblue-collarblue-collarblue-collarblue-collarblue-collarblue-collarblue-collarblue-collarblue-collarblue-collarblue-collarblue-collarblue-collarblue-collarblue-collarblue-collarblue-collarblue-collarblue-collarblue-collarblue-collarblue-collarblue-collarblue-collarblue-collarblue-collarblue-collarblue-collarblue-collarblue-collarblue-collarblue-collarblue-collarblue-collarblue-collarblue-collarblue-collarblue-collarblue-collarblue-collarblue-collarblue-collarblue-collarblue-collarblue-collarblue-collarblue-collarblue-collarblue-collarblue-collarblue-collarblue-collarblue-collarblue-collarblue-collarblue-collarblue-collarblue-collarblue-collarblue-collarblue-collarblue-collarblue-collarblue-collarblue-collarblue-collarblue-collarblue-collarblue-collarblue-collarblue-collarblue-collarblue-collarblue-collarblue-collarblue-collarblue-collarblue-collarblue-collarblue-collarblue-collarblue-collarblue-collarblue-collarblue-collarblue-collarblue-collarblue-collarblue-collarblue-collarblue-collarblue-collarblue-collarblue-collarblue-collarblue-collarblue-collarblue-collarblue-collarblue-collarblue-collarblue-collarblue-collarblue-collarblue-collarblue-collarblue-collarblue-collarblue-collarblue-collarblue-collarblue-collarblue-collarblue-collarblue-collarblue-collarblue-collarblue-collarblue-collarblue-collarblue-collarblue-collarblue-collarblue-collarblue-collarblue-collarblue-collarblue-collarblue-collarblue-collarblue-collarblue-collarblue-collarblue-collarblue-collarblue-collarblue-collarblue-collarblue-collarblue-collarblue-collarblue-collarblue-collarblue-collarblue-collarblue-collarblue-collarblue-collarblue-collarblue-collarblue-collarblue-collarblue-collarblue-collarblue-collarblue-collarblue-collarblue-collarblue-collarblue-collarblue-collarblue-collarblue-collarblue-collarblue-collarblue-collarblue-collarblue-collarblue-collarblue-collarblue-collarblue-collarblue-collarblue-collarblue-collarblue-collarblue-collarblue-collarblue-collarblue-collarblue-collarblue-collarblue-collarblue-collarblue-collarblue-collarblue-collarblue-collarblue-collarblue-collarblue-collarblue-collarblue-collarblue-collarblue-collarblue-collarblue-collarblue-collarblue-collarblue-collarblue-collarblue-collarblue-collarblue-collarblue-collarblue-collarblue-collarblue-collarblue-collarblue-collarblue-collarblue-collarblue-collarblue-collarblue-collarblue-collarblue-collarblue-collarblue-collarblue-collarblue-collarblue-collarblue-collarblue-collarblue-collarblue-collarblue-collarblue-collarblue-collarblue-collarblue-collarblue-collarblue-collarblue-collarblue-collarblue-collarblue-collarblue-collarblue-collarblue-collarblue-collarblue-collarblue-collarblue-collarblue-collarblue-collarblue-collarblue-collarblue-collarblue-collarblue-collarblue-collarblue-collarblue-collarblue-collarblue-collarblue-collarblue-collarblue-collarblue-collarblue-collarblue-collarblue-collarblue-collarblue-collarblue-collarblue-collarblue-collarblue-collarblue-collarblue-collarblue-collarblue-collarblue-collarblue-collarblue-collarblue-collarblue-collarblue-collarblue-collarblue-collarblue-collarblue-collarblue-collarblue-collarblue-collarblue-collarblue-collarblue-collarblue-collarblue-collarblue-collarblue-collarblue-collarblue-collarblue-collarblue-collarblue-collarblue-collarblue-collarblue-collarblue-collarblue-collarblue-collarblue-collarblue-collarblue-collarblue-collarblue-collarblue-collarblue-collarblue-collarblue-collarblue-collarblue-collarblue-collarblue-collarblue-collarblue-collarblue-collarblue-collarblue-collarblue-collarblue-collarblue-collarblue-collarblue-collarblue-collarblue-collarblue-collarblue-collarblue-collarblue-collarblue-collarblue-collarblue-collarblue-collarblue-collarblue-collarblue-collarblue-collarblue-collarblue-collarblue-collarblue-collarblue-collarblue-collarblue-collarblue-collarblue-collarblue-collarblue-collarblue-collarblue-collarblue-collarblue-collarblue-collarblue-collarblue-collarblue-collarblue-collarblue-collarblue-collarblue-collarblue-collarblue-collarblue-collarblue-collarblue-collarblue-collarblue-collarblue-collarblue-collarblue-collarblue-collarblue-collarblue-collarblue-collarblue-collarblue-collarblue-collarblue-collarblue-collarblue-collarblue-collarblue-collarblue-collarblue-collarblue-collarblue-collarblue-collarblue-collarblue-collarblue-collarblue-collarblue-collarblue-collarblue-collarblue-collarblue-collarblue-collarblue-collarblue-collarblue-collarblue-collarblue-collarblue-collarblue-collarblue-collarblue-collarblue-collarblue-collarblue-collarblue-collarblue-collarblue-collarblue-collarblue-collarblue-collarblue-collarblue-collarblue-collarblue-collarblue-collarblue-collarblue-collarblue-collarblue-collarblue-collarblue-collarblue-collarblue-collarblue-collarblue-collarblue-collarblue-collarblue-collarblue-collarblue-collarblue-collarblue-collarblue-collarblue-collarblue-collarblue-collarblue-collarblue-collarblue-collarblue-collarblue-collarblue-collarblue-collarblue-collarblue-collarblue-collarblue-collarblue-collarblue-collarblue-collarblue-collarblue-collarblue-collarblue-collarblue-collarblue-collarblue-collarblue-collarblue-collarblue-collarblue-collarblue-collarblue-collarblue-collarblue-collarblue-collarblue-collarblue-collarblue-collarblue-collarblue-collarblue-collarblue-collarblue-collarblue-collarblue-collarblue-collarblue-collarblue-collarblue-collarblue-collarblue-collarblue-collarblue-collarblue-collarblue-collarblue-collarblue-collarblue-collarblue-collarblue-collarblue-collarblue-collarblue-collarblue-collarblue-collarblue-collarblue-collarblue-collarblue-collarblue-collarblue-collarblue-collarblue-collarblue-collarblue-collarblue-collarblue-collarblue-collarblue-collarblue-collarblue-collarblue-collarblue-collarblue-collarblue-collarblue-collarblue-collarblue-collarblue-collarblue-collarblue-collarblue-collarblue-collarblue-collarblue-collarblue-collarblue-collarblue-collarblue-collarblue-collarblue-collarblue-collarblue-collarblue-collarblue-collarblue-collarblue-collarblue-collarblue-collarblue-collarblue-collarblue-collarblue-collarblue-collarblue-collarblue-collarblue-collarblue-collarblue-collarblue-collarblue-collarblue-collarblue-collarblue-collarblue-collarblue-collarblue-collarblue-collarblue-collarblue-collarblue-collarblue-collarblue-collarblue-collarblue-collarblue-collarblue-collarblue-collarblue-collarblue-collarblue-collarblue-collarblue-collarblue-collarblue-collarblue-collarblue-collarblue-collarblue-collarblue-collarblue-collarblue-collarblue-collarblue-collarblue-collarblue-collarblue-collarblue-collarblue-collarblue-collarblue-collarblue-collarblue-collarblue-collarblue-collarblue-collarblue-collarblue-collarblue-collarblue-collarblue-collarblue-collarblue-collarblue-collarblue-collarblue-collarblue-collarblue-collarblue-collarblue-collarblue-collarblue-collarblue-collarblue-collarblue-collarblue-collarblue-collarblue-collarblue-collarblue-collarblue-collarblue-collarblue-collarblue-collarblue-collarblue-collarblue-collarblue-collarblue-collarblue-collarblue-collarblue-collarblue-collarblue-collarblue-collarblue-collarblue-collarblue-collarblue-collarblue-collarblue-collarblue-collarblue-collarblue-collarblue-collarblue-collarblue-collarblue-collarblue-collarblue-collarblue-collarblue-collarblue-collarblue-collarblue-collarblue-collarblue-collarblue-collarblue-collarblue-collarblue-collarblue-collarblue-collarblue-collarblue-collarblue-collarblue-collarblue-collarblue-collarblue-collarblue-collarblue-collarblue-collarblue-collarblue-collarblue-collarblue-collarblue-collarblue-collarblue-collarblue-collarblue-collarblue-collarblue-collarblue-collarblue-collarblue-collarblue-collarblue-collarblue-collarblue-collarblue-collarblue-collarblue-collarblue-collarblue-collarblue-collarblue-collarblue-collarblue-collarblue-collarblue-collarblue-collarblue-collarblue-collarblue-collarblue-collarblue-collarblue-collarblue-collarblue-collarblue-collarblue-collarblue-collarblue-collarblue-collarblue-collarblue-collarblue-collarblue-collarblue-collarblue-collarblue-collarblue-collarblue-collarblue-collarblue-collarblue-collarblue-collarblue-collarblue-collarblue-collarblue-collarblue-collarblue-collarblue-collarblue-collarblue-collarblue-collarblue-collarblue-collarblue-collarblue-collarblue-collarblue-collarblue-collarblue-collarblue-collarblue-collarblue-collarblue-collarblue-collarblue-collarblue-collarblue-collarblue-collarblue-collarblue-collarblue-collarblue-collarblue-collarblue-collarblue-collarblue-collarblue-collarblue-collarblue-collarblue-collarblue-collarblue-collarblue-collarblue-collarblue-collarblue-collarblue-collarblue-collarblue-collarblue-collarblue-collarblue-collarblue-collarblue-collarblue-collarblue-collarblue-collarblue-collarblue-collarblue-collarblue-collarblue-collarblue-collarblue-collarblue-collarblue-collarblue-collarblue-collarblue-collarblue-collarblue-collarblue-collarblue-collarblue-collarblue-collarblue-collarblue-collarblue-collarblue-collarblue-collarblue-collarblue-collarblue-collarblue-collarblue-collarblue-collarblue-collarblue-collarblue-collarblue-collarblue-collarblue-collarblue-collarblue-collarblue-collarblue-collarblue-collarblue-collarblue-collarblue-collarblue-collarblue-collarblue-collarblue-collarblue-collarblue-collarblue-collarblue-collarblue-collarblue-collarblue-collarblue-collarblue-collarblue-collarblue-collarblue-collarblue-collarblue-collarblue-collarblue-collarblue-collarblue-collarblue-collarblue-collarblue-collarblue-collarblue-collarblue-collarblue-collarblue-collarblue-collarblue-collarblue-collarblue-collarblue-collarblue-collarblue-collarblue-collarblue-collarblue-collarblue-collarblue-collarblue-collarblue-collarblue-collarblue-collarblue-collarblue-collarblue-collarblue-collarblue-collarblue-collarblue-collarblue-collarblue-collarblue-collarblue-collarblue-collarblue-collarblue-collarblue-collarblue-collarblue-collarblue-collarblue-collarblue-collarblue-collarblue-collarblue-collarblue-collarblue-collarblue-collarblue-collarblue-collarblue-collarblue-collarblue-collarblue-collarblue-collarblue-collarblue-collarblue-collarblue-collarblue-collarblue-collarblue-collarblue-collarblue-collarblue-collarblue-collarblue-collarblue-collarblue-collarblue-collarblue-collarblue-collarblue-collarblue-collarblue-collarblue-collarblue-collarblue-collarblue-collarblue-collarblue-collarblue-collarblue-collarblue-collarblue-collarblue-collarblue-collarblue-collarblue-collarblue-collarblue-collarblue-collarblue-collarblue-collarblue-collarblue-collarblue-collarblue-collarblue-collarblue-collarblue-collarblue-collarblue-collarblue-collarblue-collarblue-collarblue-collarblue-collarblue-collarblue-collarblue-collarblue-collarblue-collarblue-collarblue-collarblue-collarblue-collarblue-collarblue-collarblue-collarblue-collarblue-collarblue-collarblue-collarblue-collarblue-collarblue-collarblue-collarblue-collarblue-collarblue-collarblue-collarblue-collarblue-collarblue-collarblue-collarblue-collarblue-collarblue-collarblue-collarblue-collarblue-collarblue-collarblue-collarblue-collarblue-collarblue-collarblue-collarblue-collarblue-collarblue-collarblue-collarblue-collarblue-collarblue-collarblue-collarblue-collarblue-collarblue-collarblue-collarblue-collarblue-collarblue-collarblue-collarblue-collarblue-collarblue-collarblue-collarblue-collarblue-collarblue-collarblue-collarblue-collarblue-collarblue-collarblue-collarblue-collarblue-collarblue-collarblue-collarblue-collarblue-collarblue-collarblue-collarblue-collarblue-collarblue-collarblue-collarblue-collarblue-collarblue-collarblue-collarblue-collarblue-collarblue-collarblue-collarblue-collarblue-collarblue-collarblue-collarblue-collarblue-collarblue-collarblue-collarblue-collarblue-collarblue-collarblue-collarblue-collarblue-collarblue-collarblue-collarblue-collarblue-collarblue-collarblue-collarblue-collarblue-collarblue-collarblue-collarblue-collarblue-collarblue-collarblue-collarblue-collarblue-collarblue-collarblue-collarblue-collarblue-collarblue-collarblue-collarblue-collarblue-collarblue-collarblue-collarblue-collarblue-collarblue-collarblue-collarblue-collarblue-collarblue-collarblue-collarblue-collarblue-collarblue-collarblue-collarblue-collarblue-collarblue-collarblue-collarblue-collarblue-collarblue-collarblue-collarblue-collarblue-collarblue-collarblue-collarblue-collarblue-collarblue-collarblue-collarblue-collarblue-collarblue-collarblue-collarblue-collarblue-collarblue-collarblue-collarblue-collarblue-collarblue-collarblue-collarblue-collarblue-collarblue-collarblue-collarblue-collarblue-collarblue-collarblue-collarblue-collarblue-collarblue-collarblue-collarblue-collarblue-collarblue-collarblue-collarblue-collarblue-collarblue-collarblue-collarblue-collarblue-collarblue-collarblue-collarblue-collarblue-collarblue-collarblue-collarblue-collarblue-collarblue-collarblue-collarblue-collarblue-collarblue-collarblue-collarblue-collarblue-collarblue-collarblue-collarblue-collarblue-collarblue-collarblue-collarblue-collarblue-collarblue-collarblue-collarblue-collarblue-collarblue-collarblue-collarblue-collarblue-collarblue-collarblue-collarblue-collarblue-collarblue-collarblue-collarblue-collarblue-collarblue-collarblue-collarblue-collarblue-collarblue-collarblue-collarblue-collarblue-collarblue-collarblue-collarblue-collarblue-collarblue-collarblue-collarblue-collarblue-collarblue-collarblue-collarblue-collarblue-collarblue-collarblue-collarblue-collarblue-collarblue-collarblue-collarblue-collarblue-collarblue-collarblue-collarblue-collarblue-collarblue-collarblue-collarblue-collarblue-collarblue-collarblue-collarblue-collarblue-collarblue-collarblue-collarblue-collarblue-collarblue-collarblue-collarblue-collarblue-collarblue-collarblue-collarblue-collarblue-collarblue-collarblue-collarblue-collarblue-collarblue-collarblue-collarblue-collarblue-collarblue-collarblue-collarblue-collarblue-collarblue-collarblue-collarblue-collarblue-collarblue-collarblue-collarblue-collarblue-collarblue-collarblue-collarblue-collarblue-collarblue-collarblue-collarblue-collarblue-collarblue-collarblue-collarblue-collarblue-collarblue-collarblue-collarblue-collarblue-collarblue-collarblue-collarblue-collarblue-collarblue-collarblue-collarblue-collarblue-collarblue-collarblue-collarblue-collarblue-collarblue-collarblue-collarblue-collarblue-collarblue-collarblue-collarblue-collarblue-collarblue-collarblue-collarblue-collarblue-collarblue-collarblue-collarblue-collarblue-collarblue-collarblue-collarblue-collarblue-collarblue-collarblue-collarblue-collarblue-collarblue-collarblue-collarblue-collarblue-collarblue-collarblue-collarblue-collarblue-collarblue-collarblue-collarblue-collarblue-collarblue-collarblue-collarblue-collarblue-collarblue-collarblue-collarblue-collarblue-collarblue-collarblue-collarblue-collarblue-collarblue-collarblue-collarblue-collarblue-collarblue-collarblue-collarblue-collarblue-collarblue-collarblue-collarblue-collarblue-collarblue-collarblue-collarblue-collarblue-collarblue-collarblue-collarblue-collarblue-collarblue-collarblue-collarblue-collarblue-collarblue-collarblue-collarblue-collarblue-collarblue-collarblue-collarblue-collarblue-collarblue-collarblue-collarblue-collarblue-collarblue-collarblue-collarblue-collarblue-collarblue-collarblue-collarblue-collarblue-collarblue-collarblue-collarblue-collarblue-collarblue-collarblue-collarblue-collarblue-collarblue-collarblue-collarblue-collarblue-collarblue-collarblue-collarblue-collarblue-collarblue-collarblue-collarblue-collarblue-collarblue-collarblue-collarblue-collarblue-collarblue-collarblue-collarblue-collarblue-collarblue-collarblue-collarblue-collarblue-collarblue-collarblue-collarblue-collarblue-collarblue-collarblue-collarblue-collarblue-collarblue-collarblue-collarblue-collarblue-collarblue-collarblue-collarblue-collarblue-collarblue-collarblue-collarblue-collarblue-collarblue-collarblue-collarblue-collarblue-collarblue-collarblue-collarblue-collarblue-collarblue-collarblue-collarblue-collarblue-collarblue-collarblue-collarblue-collarblue-collarblue-collarblue-collarblue-collarblue-collarblue-collarblue-collarblue-collarblue-collarblue-collarblue-collarblue-collarblue-collarblue-collarblue-collarblue-collarblue-collarblue-collarblue-collarblue-collarblue-collarblue-collarblue-collarblue-collarblue-collarblue-collarblue-collarblue-collarblue-collarblue-collarblue-collarblue-collarblue-collarblue-collarblue-collarblue-collarblue-collarblue-collarblue-collarblue-collarblue-collarblue-collarblue-collarblue-collarblue-collarblue-collarblue-collarblue-collarblue-collarblue-collarblue-collarblue-collarblue-collarblue-collarblue-collarblue-collarblue-collarblue-collarblue-collarblue-collarblue-collarblue-collarblue-collarblue-collarblue-collarblue-collarblue-collarblue-collarblue-collarblue-collarblue-collarblue-collarblue-collarblue-collarblue-collarblue-collarblue-collarblue-collarblue-collarblue-collarblue-collarblue-collarblue-collarblue-collarblue-collarblue-collarblue-collarblue-collarblue-collarblue-collarblue-collarblue-collarblue-collarblue-collarblue-collarblue-collarblue-collarblue-collarblue-collarblue-collarblue-collarblue-collarblue-collarblue-collarblue-collarblue-collarblue-collarblue-collarblue-collarblue-collarblue-collarblue-collarblue-collarblue-collarblue-collarblue-collarblue-collarblue-collarblue-collarblue-collarblue-collarblue-collarblue-collarblue-collarblue-collarblue-collarblue-collarblue-collarblue-collarblue-collarblue-collarblue-collarblue-collarblue-collarblue-collarblue-collarblue-collarblue-collarblue-collarblue-collarblue-collarblue-collarblue-collarblue-collarblue-collarblue-collarblue-collarblue-collarblue-collarblue-collarblue-collarblue-collarblue-collarblue-collarblue-collarblue-collarblue-collarblue-collarblue-collarblue-collarblue-collarblue-collarblue-collarblue-collarblue-collarblue-collarblue-collarblue-collarblue-collarblue-collarblue-collarblue-collarblue-collarblue-collarblue-collarblue-collarblue-collarblue-collarblue-collarblue-collarblue-collarblue-collarblue-collarblue-collarblue-collarblue-collarblue-collarblue-collarblue-collarblue-collarblue-collarblue-collarblue-collarblue-collarblue-collarblue-collarblue-collarblue-collarblue-collarblue-collarblue-collarblue-collarblue-collarblue-collarblue-collarblue-collarblue-collarblue-collarblue-collarblue-collarblue-collarblue-collarblue-collarblue-collarblue-collarblue-collarblue-collarblue-collarblue-collarblue-collarblue-collarblue-collarblue-collarblue-collarblue-collarblue-collarblue-collarblue-collarblue-collarblue-collarblue-collarblue-collarblue-collarblue-collarblue-collarblue-collarblue-collarblue-collarblue-collarblue-collarblue-collarblue-collarblue-collarblue-collarblue-collarblue-collarblue-collarblue-collarblue-collarblue-collarblue-collarblue-collarblue-collarblue-collarblue-collarblue-collarblue-collarblue-collarblue-collarblue-collarblue-collarblue-collarblue-collarblue-collarblue-collarblue-collarblue-collarblue-collarblue-collarblue-collarblue-collarblue-collarblue-collarblue-collarblue-collarblue-collarblue-collarblue-collarblue-collarblue-collarblue-collarblue-collarblue-collarblue-collarblue-collarblue-collarblue-collarblue-collarblue-collarblue-collarblue-collarblue-collarblue-collarblue-collarblue-collarblue-collarblue-collarblue-collarblue-collarblue-collarblue-collarblue-collarblue-collarblue-collarblue-collarblue-collarblue-collarblue-collarblue-collarblue-collarblue-collarblue-collarblue-collarblue-collarblue-collarblue-collarblue-collarblue-collarblue-collarblue-collarblue-collarblue-collarblue-collarblue-collarblue-collarblue-collarblue-collarblue-collarblue-collarblue-collarblue-collarblue-collarblue-collarblue-collarblue-collarblue-collarblue-collarblue-collarblue-collarblue-collarblue-collarblue-collarblue-collarblue-collarblue-collarblue-collarblue-collarblue-collarblue-collarblue-collarblue-collarblue-collarblue-collarblue-collarblue-collarblue-collarblue-collarblue-collarblue-collarblue-collarblue-collarblue-collarblue-collarblue-collarblue-collarblue-collarblue-collarblue-collarblue-collarblue-collarblue-collarblue-collarblue-collarblue-collarblue-collarblue-collarblue-collarblue-collarblue-collarblue-collarblue-collarblue-collarblue-collarblue-collarblue-collarblue-collarblue-collarblue-collarblue-collarblue-collarblue-collarblue-collarblue-collarblue-collarblue-collarblue-collarblue-collarblue-collarblue-collarblue-collarblue-collarblue-collarblue-collarblue-collarblue-collarblue-collarblue-collarblue-collarblue-collarblue-collarblue-collarblue-collarblue-collarblue-collarblue-collarblue-collarblue-collarblue-collarblue-collarblue-collarblue-collarblue-collarblue-collarblue-collarblue-collarblue-collarblue-collarblue-collarblue-collarblue-collarblue-collarblue-collarblue-collarblue-collarblue-collarblue-collarblue-collarblue-collarblue-collarblue-collarblue-collarblue-collarblue-collarblue-collarblue-collarblue-collarblue-collarblue-collarblue-collarblue-collarblue-collarblue-collarblue-collarblue-collarblue-collarblue-collarblue-collarblue-collarblue-collarblue-collarblue-collarblue-collarblue-collarblue-collarblue-collarblue-collarblue-collarblue-collarblue-collarblue-collarblue-collarblue-collarblue-collarblue-collarblue-collarblue-collarblue-collarblue-collarblue-collarblue-collarblue-collarblue-collarblue-collarblue-collarblue-collarblue-collarblue-collarblue-collarblue-collarblue-collarblue-collarblue-collarblue-collarblue-collarblue-collarblue-collarblue-collarblue-collarblue-collarblue-collarblue-collarblue-collarblue-collarblue-collarblue-collarblue-collarblue-collarblue-collarblue-collarblue-collarblue-collarblue-collarblue-collarblue-collarblue-collarblue-collarblue-collarblue-collarblue-collarblue-collarblue-collarblue-collarblue-collarblue-collarblue-collarblue-collarblue-collarblue-collarblue-collarblue-collarblue-collarblue-collarblue-collarblue-collarblue-collarblue-collarblue-collarblue-collarblue-collarblue-collarblue-collarblue-collarblue-collarblue-collarblue-collarblue-collarblue-collarblue-collarblue-collarblue-collarblue-collarblue-collarblue-collarblue-collarblue-collarblue-collarblue-collarblue-collarblue-collarblue-collarblue-collarblue-collarblue-collarblue-collarblue-collarblue-collarblue-collarblue-collarblue-collarblue-collarblue-collarblue-collarblue-collarblue-collarblue-collarblue-collarblue-collarblue-collarblue-collarblue-collarblue-collarblue-collarblue-collarblue-collarblue-collarblue-collarblue-collarblue-collarblue-collarblue-collarblue-collarblue-collarblue-collarblue-collarblue-collarblue-collarblue-collarblue-collarblue-collarblue-collarblue-collarblue-collarblue-collarblue-collarblue-collarblue-collarblue-collarblue-collarblue-collarblue-collarblue-collarblue-collarblue-collarblue-collarblue-collarblue-collarblue-collarblue-collarblue-collarblue-collarblue-collarblue-collarblue-collarblue-collarblue-collarblue-collarblue-collarblue-collarblue-collarblue-collarblue-collarblue-collarblue-collarblue-collarblue-collarblue-collarblue-collarblue-collarblue-collarblue-collarblue-collarblue-collarblue-collarblue-collarblue-collarblue-collarblue-collarblue-collarblue-collarblue-collarblue-collarblue-collarblue-collarblue-collarblue-collarblue-collarblue-collarblue-collarblue-collarblue-collarblue-collarblue-collarblue-collarblue-collarblue-collarblue-collarblue-collarblue-collarblue-collarblue-collarblue-collarblue-collarblue-collarblue-collarblue-collarblue-collarblue-collarblue-collarblue-collarblue-collarblue-collarblue-collarblue-collarblue-collarblue-collarblue-collarblue-collarblue-collarblue-collarblue-collarblue-collarblue-collarblue-collarblue-collarblue-collarblue-collarblue-collarblue-collarblue-collarblue-collarblue-collarblue-collarblue-collarblue-collarblue-collarblue-collarblue-collarblue-collarblue-collarblue-collarblue-collarblue-collarblue-collarblue-collarblue-collarblue-collarblue-collarblue-collarblue-collarblue-collarblue-collarblue-collarblue-collarblue-collarblue-collarblue-collarblue-collarblue-collarblue-collarblue-collarblue-collarblue-collarblue-collarblue-collarblue-collarblue-collarblue-collarblue-collarblue-collarblue-collarblue-collarblue-collarblue-collarblue-collarblue-collarblue-collarblue-collarblue-collarblue-collarblue-collarblue-collarblue-collarblue-collarblue-collarblue-collarblue-collarblue-collarblue-collarblue-collarblue-collarblue-collarblue-collarblue-collarblue-collarblue-collarblue-collarblue-collarblue-collarblue-collarblue-collarblue-collarblue-collarblue-collarblue-collarblue-collarblue-collarblue-collarblue-collarblue-collarblue-collarblue-collarblue-collarblue-collarblue-collarblue-collarblue-collarblue-collarblue-collarblue-collarblue-collarblue-collarblue-collarblue-collarblue-collarblue-collarblue-collarblue-collarblue-collarblue-collarblue-collarblue-collarblue-collarblue-collarblue-collarblue-collarblue-collarblue-collarblue-collarblue-collarblue-collarblue-collarblue-collarblue-collarblue-collarblue-collarblue-collarblue-collarblue-collarblue-collarblue-collarblue-collarblue-collarblue-collarblue-collarblue-collarblue-collarblue-collarblue-collarblue-collarblue-collarblue-collarblue-collarblue-collarblue-collarblue-collarblue-collarblue-collarblue-collarblue-collarblue-collarblue-collarblue-collarblue-collarblue-collarblue-collarblue-collarblue-collarblue-collarblue-collarblue-collarblue-collarblue-collarblue-collarblue-collarblue-collarblue-collarblue-collarblue-collarblue-collarblue-collarblue-collarblue-collarblue-collarblue-collarblue-collarblue-collarblue-collarblue-collarblue-collarblue-collarblue-collarblue-collarblue-collarblue-collarblue-collarblue-collarblue-collarblue-collarblue-collarblue-collarblue-collarblue-collarblue-collarblue-collarblue-collarblue-collarblue-collarblue-collarblue-collarblue-collarblue-collarblue-collarblue-collarblue-collarblue-collarblue-collarblue-collarblue-collarblue-collarblue-collarblue-collarblue-collarblue-collarblue-collarblue-collarblue-collarblue-collarblue-collarblue-collarblue-collarblue-collarblue-collarblue-collarblue-collarblue-collarblue-collarblue-collarblue-collarblue-collarblue-collarblue-collarblue-collarblue-collarblue-collarblue-collarblue-collarblue-collarblue-collarblue-collarblue-collarblue-collarblue-collarblue-collarblue-collarblue-collarblue-collarblue-collarblue-collarblue-collarblue-collarblue-collarblue-collarblue-collarblue-collarblue-collarblue-collarblue-collarblue-collarblue-collarblue-collarblue-collarblue-collarblue-collarblue-collarblue-collarblue-collarblue-collarblue-collarblue-collarblue-collarblue-collarblue-collarblue-collarblue-collarblue-collarblue-collarblue-collarblue-collarblue-collarblue-collarblue-collarblue-collarblue-collarblue-collarblue-collarblue-collarblue-collarblue-collarblue-collarblue-collarblue-collarblue-collarblue-collarblue-collarblue-collarblue-collarblue-collarblue-collarblue-collarblue-collarblue-collarblue-collarblue-collarblue-collarblue-collarblue-collarblue-collarblue-collarblue-collarblue-collarblue-collarblue-collarblue-collarblue-collarblue-collarblue-collarblue-collarblue-collarblue-collarblue-collarblue-collarblue-collarblue-collarblue-collarblue-collarblue-collarblue-collarblue-collarblue-collarblue-collarblue-collarblue-collarblue-collarblue-collarblue-collarblue-collarblue-collarblue-collarblue-collarblue-collarblue-collarblue-collarblue-collarblue-collarblue-collarblue-collarblue-collarblue-collarblue-collarblue-collarblue-collarblue-collarblue-collarblue-collarblue-collarblue-collarblue-collarblue-collarblue-collarblue-collarblue-collarblue-collarblue-collarblue-collarblue-collarblue-collarblue-collarblue-collarblue-collarblue-collarblue-collarblue-collarblue-collarblue-collarblue-collarblue-collarblue-collarblue-collarblue-collarblue-collarblue-collarblue-collarblue-collarblue-collarblue-collarblue-collarblue-collarblue-collarblue-collarblue-collarblue-collarblue-collarblue-collarblue-collarblue-collarblue-collarblue-collarblue-collarblue-collarblue-collarblue-collarblue-collarblue-collarblue-collarblue-collarblue-collarblue-collarblue-collarblue-collarblue-collarblue-collarblue-collarblue-collarblue-collarblue-collarblue-collarblue-collarblue-collarblue-collarblue-collarblue-collarblue-collarblue-collarblue-collarblue-collarblue-collarblue-collarblue-collarblue-collarblue-collarblue-collarblue-collarblue-collarblue-collarblue-collarblue-collarblue-collarblue-collarblue-collarblue-collarblue-collarblue-collarblue-collarblue-collarblue-collarblue-collarblue-collarblue-collarblue-collarblue-collarblue-collarblue-collarblue-collarblue-collarblue-collarblue-collarblue-collarblue-collarblue-collarblue-collarblue-collarblue-collarblue-collarblue-collarblue-collarblue-collarblue-collarblue-collarblue-collarblue-collarblue-collarblue-collarblue-collarblue-collarblue-collarblue-collarblue-collarblue-collarblue-collarblue-collarblue-collarblue-collarblue-collarblue-collarblue-collarblue-collarblue-collarblue-collarblue-collarblue-collarblue-collarblue-collarblue-collarblue-collarblue-collarblue-collarblue-collarblue-collarblue-collarblue-collarblue-collarblue-collarblue-collarblue-collarblue-collarblue-collarblue-collarblue-collarblue-collarblue-collarblue-collarblue-collarblue-collarblue-collarblue-collarblue-collarblue-collarblue-collarblue-collarblue-collarblue-collarblue-collarblue-collarblue-collarblue-collarblue-collarblue-collarblue-collarblue-collarblue-collarblue-collarblue-collarblue-collarblue-collarblue-collarblue-collarblue-collarblue-collarblue-collarblue-collarblue-collarblue-collarblue-collarblue-collarblue-collarblue-collarblue-collarblue-collarblue-collarblue-collarblue-collarblue-collarblue-collarblue-collarblue-collarblue-collarblue-collarblue-collarblue-collarblue-collarblue-collarblue-collarblue-collarblue-collarblue-collarblue-collarblue-collarblue-collarblue-collarblue-collarblue-collarblue-collarblue-collarblue-collarblue-collarblue-collarblue-collarblue-collarblue-collarblue-collarblue-collarblue-collarblue-collarblue-collarblue-collarblue-collarblue-collarblue-collarblue-collarblue-collarblue-collarblue-collarblue-collarblue-collarblue-collarblue-collarblue-collarblue-collarblue-collarblue-collarblue-collarblue-collarblue-collarblue-collarblue-collarblue-collarblue-collarblue-collarblue-collarblue-collarblue-collarblue-collarblue-collarblue-collarblue-collarblue-collarblue-collarblue-collarblue-collarblue-collarblue-collarblue-collarblue-collarblue-collarblue-collarblue-collarblue-collarblue-collarblue-collarblue-collarblue-collarblue-collarblue-collarblue-collarblue-collarblue-collarblue-collarblue-collarblue-collarblue-collarblue-collarblue-collarblue-collarblue-collarblue-collarblue-collarblue-collarblue-collarblue-collarblue-collarblue-collarblue-collarblue-collarblue-collarblue-collarblue-collarblue-collarblue-collarblue-collarblue-collarblue-collarblue-collarblue-collarblue-collarblue-collarblue-collarblue-collarblue-collarblue-collarblue-collarblue-collarblue-collarblue-collarblue-collarblue-collarblue-collarblue-collarblue-collarblue-collarblue-collarblue-collarblue-collarblue-collarblue-collarblue-collarblue-collarblue-collarblue-collarblue-collarblue-collarblue-collarblue-collarblue-collarblue-collarblue-collarblue-collarblue-collarblue-collarblue-collarblue-collarblue-collarblue-collarblue-collarblue-collarblue-collarblue-collarblue-collarblue-collarblue-collarblue-collarblue-collarblue-collarblue-collarblue-collarblue-collarblue-collarblue-collarblue-collarblue-collarblue-collarblue-collarblue-collarblue-collarblue-collarblue-collarblue-collarblue-collarblue-collarblue-collarblue-collarblue-collarblue-collarblue-collarblue-collarblue-collarblue-collarblue-collarblue-collarblue-collarblue-collarblue-collarblue-collarblue-collarblue-collarblue-collarblue-collarblue-collarblue-collarblue-collarblue-collarblue-collarblue-collarblue-collarblue-collarblue-collarblue-collarblue-collarblue-collarblue-collarblue-collarblue-collarblue-collarblue-collarblue-collarblue-collarblue-collarblue-collarblue-collarblue-collarblue-collarblue-collarblue-collarblue-collarblue-collarblue-collarblue-collarblue-collarblue-collarblue-collarblue-collarblue-collarblue-collarblue-collarblue-collarblue-collarblue-collarblue-collarblue-collarblue-collarblue-collarblue-collarblue-collarblue-collarblue-collarblue-collarblue-collarblue-collarblue-collarblue-collarblue-collarblue-collarblue-collarblue-collarblue-collarblue-collarblue-collarblue-collarblue-collarblue-collarblue-collarblue-collarblue-collarblue-collarblue-collarblue-collarblue-collarblue-collarblue-collarblue-collarblue-collarblue-collarblue-collarblue-collarblue-collarblue-collarblue-collarblue-collarblue-collarblue-collarblue-collarblue-collarblue-collarblue-collarblue-collarblue-collarblue-collarblue-collarblue-collarblue-collarblue-collarblue-collarblue-collarblue-collarblue-collarblue-collarblue-collarblue-collarblue-collarblue-collarblue-collarblue-collarblue-collarblue-collarblue-collarblue-collarblue-collarblue-collarblue-collarblue-collarblue-collarblue-collarblue-collarblue-collarblue-collarblue-collarblue-collarblue-collarblue-collarblue-collarblue-collarblue-collarblue-collarblue-collarblue-collarblue-collarblue-collarblue-collarblue-collarblue-collarblue-collarblue-collarblue-collarblue-collarblue-collarblue-collarblue-collarblue-collarblue-collarblue-collarblue-collarblue-collarblue-collarblue-collarblue-collarblue-collarblue-collarblue-collarblue-collarblue-collarblue-collarblue-collarblue-collarblue-collarblue-collarblue-collarblue-collarblue-collarblue-collarblue-collarblue-collarblue-collarblue-collarblue-collarblue-collarblue-collarblue-collarblue-collarblue-collarblue-collarblue-collarblue-collarblue-collarblue-collarblue-collarblue-collarblue-collarblue-collarblue-collarblue-collarblue-collarblue-collarblue-collarblue-collarblue-collarblue-collarblue-collarblue-collarblue-collarblue-collarblue-collarblue-collarblue-collarblue-collarblue-collarblue-collarblue-collarblue-collarblue-collarblue-collarblue-collarblue-collarblue-collarblue-collarblue-collarblue-collarblue-collarblue-collarblue-collarblue-collarblue-collarblue-collarblue-collarblue-collarblue-collarblue-collarblue-collarblue-collarblue-collarblue-collarblue-collarblue-collarblue-collarblue-collarblue-collarblue-collarblue-collarblue-collarblue-collarblue-collarblue-collarblue-collarblue-collarblue-collarblue-collarblue-collarblue-collarblue-collarblue-collarblue-collarblue-collarblue-collarblue-collarblue-collarblue-collarblue-collarblue-collarblue-collarblue-collarblue-collarblue-collarblue-collarblue-collarblue-collarblue-collarblue-collarblue-collarblue-collarblue-collarblue-collarblue-collarblue-collarblue-collarblue-collarblue-collarblue-collarblue-collarblue-collarblue-collarblue-collarblue-collarblue-collarblue-collarblue-collarblue-collarblue-collarblue-collarblue-collarblue-collarblue-collarblue-collarblue-collarblue-collarblue-collarblue-collarblue-collarblue-collarblue-collarblue-collarblue-collarblue-collarblue-collarblue-collarblue-collarblue-collarblue-collarblue-collarblue-collarblue-collarblue-collarblue-collarblue-collarblue-collarblue-collarblue-collarblue-collarblue-collarblue-collarblue-collarblue-collarblue-collarblue-collarblue-collarblue-collarblue-collarblue-collarblue-collarblue-collarblue-collarblue-collarblue-collarblue-collarblue-collarblue-collarblue-collarblue-collarblue-collarblue-collarblue-collarblue-collarblue-collarblue-collarblue-collarblue-collarblue-collarblue-collarblue-collarblue-collarblue-collarblue-collarblue-collarblue-collarblue-collarblue-collarblue-collarblue-collarblue-collarblue-collarblue-collarblue-collarblue-collarblue-collarblue-collarblue-collarblue-collarblue-collarblue-collarblue-collarblue-collarblue-collarblue-collarblue-collarblue-collarblue-collarblue-collarblue-collarblue-collarblue-collarblue-collarblue-collarblue-collarblue-collarblue-collarblue-collarblue-collarblue-collarblue-collarblue-collarblue-collarblue-collarblue-collarblue-collarblue-collarblue-collarblue-collarblue-collarblue-collarblue-collarblue-collarblue-collarblue-collarblue-collarblue-collarblue-collarblue-collarblue-collarblue-collarblue-collarblue-collarblue-collarblue-collarblue-collarblue-collarblue-collarblue-collarblue-collarblue-collarblue-collarblue-collarblue-collarblue-collarblue-collarblue-collarblue-collarblue-collarblue-collarblue-collarblue-collarblue-collarblue-collarblue-collarblue-collarblue-collarblue-collarblue-collarblue-collarblue-collarblue-collarblue-collarblue-collarblue-collarblue-collarblue-collarblue-collarblue-collarblue-collarblue-collarblue-collarblue-collarblue-collarblue-collarblue-collarblue-collarblue-collarblue-collarblue-collarblue-collarblue-collarblue-collarblue-collarblue-collarblue-collarblue-collarblue-collarblue-collarblue-collarblue-collarblue-collarblue-collarblue-collarblue-collarblue-collarblue-collarblue-collarblue-collarblue-collarblue-collarblue-collarblue-collarblue-collarblue-collarblue-collarblue-collarblue-collarblue-collarblue-collarblue-collarblue-collarblue-collarblue-collarblue-collarblue-collarblue-collarblue-collarblue-collarblue-collarblue-collarblue-collarblue-collarblue-collarblue-collarblue-collarblue-collarblue-collarblue-collarblue-collarblue-collarblue-collarblue-collarblue-collarblue-collarblue-collarblue-collarblue-collarblue-collarblue-collarblue-collarblue-collarblue-collarblue-collarblue-collarblue-collarblue-collarblue-collarblue-collarblue-collarblue-collarblue-collarblue-collarblue-collarblue-collarblue-collarblue-collarblue-collarblue-collarblue-collarblue-collarblue-collarblue-collarblue-collarblue-collarblue-collarblue-collarblue-collarblue-collarblue-collarblue-collarblue-collarblue-collarblue-collarblue-collarblue-collarblue-collarblue-collarblue-collarblue-collarblue-collarblue-collarblue-collarblue-collarblue-collarblue-collarblue-collarblue-collarblue-collarblue-collarblue-collarblue-collarblue-collarblue-collarblue-collarblue-collarblue-collarblue-collarblue-collarblue-collarblue-collarblue-collarblue-collarblue-collarblue-collarblue-collarblue-collarblue-collarblue-collarblue-collarblue-collarblue-collarblue-collarblue-collarblue-collarblue-collarblue-collarblue-collarblue-collarblue-collarblue-collarblue-collarblue-collarblue-collarblue-collarblue-collarblue-collarblue-collarblue-collarblue-collarblue-collarblue-collarblue-collarblue-collarblue-collarblue-collarblue-collarblue-collarblue-collarblue-collarblue-collarblue-collarblue-collarblue-collarblue-collarblue-collarblue-collarblue-collarblue-collarblue-collarblue-collarblue-collarblue-collarblue-collarblue-collarblue-collarblue-collarblue-collarblue-collarblue-collarblue-collarblue-collarblue-collarblue-collarblue-collarblue-collarblue-collarblue-collarblue-collarblue-collarblue-collarblue-collarblue-collarblue-collarblue-collarblue-collarblue-collarblue-collarblue-collarblue-collarblue-collarblue-collarblue-collarblue-collarblue-collarblue-collarblue-collarblue-collarblue-collarblue-collarblue-collarblue-collarblue-collarblue-collarblue-collarblue-collarblue-collarblue-collarblue-collarblue-collarblue-collarblue-collarblue-collarblue-collarblue-collarblue-collarblue-collarblue-collarblue-collarblue-collarblue-collarblue-collarblue-collarblue-collarblue-collarblue-collarblue-collarblue-collarblue-collarblue-collarblue-collarblue-collarblue-collarblue-collarblue-collarblue-collarblue-collarblue-collarblue-collarblue-collarblue-collarblue-collarblue-collarblue-collarblue-collarblue-collarblue-collarblue-collarblue-collarblue-collarblue-collarblue-collarblue-collarblue-collarblue-collarblue-collarblue-collarblue-collarblue-collarblue-collarblue-collarblue-collarblue-collarblue-collarblue-collarblue-collarblue-collarblue-collarblue-collarblue-collarblue-collarblue-collarblue-collarblue-collarblue-collarblue-collarblue-collarblue-collarblue-collarblue-collarblue-collarblue-collarblue-collarblue-collarblue-collarblue-collarblue-collarblue-collarblue-collarblue-collarblue-collarblue-collarblue-collarblue-collarblue-collarblue-collarblue-collarblue-collarblue-collarblue-collarblue-collarblue-collarblue-collarblue-collarblue-collarblue-collarblue-collarblue-collarblue-collarblue-collarblue-collarblue-collarblue-collarblue-collarblue-collarblue-collarblue-collarblue-collarblue-collarblue-collarblue-collarblue-collarblue-collarblue-collarblue-collarblue-collarblue-collarblue-collarblue-collarblue-collarblue-collarblue-collarblue-collarblue-collarblue-collarblue-collarblue-collarblue-collarblue-collarblue-collarblue-collarblue-collarblue-collarblue-collarblue-collarblue-collarblue-collarblue-collarblue-collarblue-collarblue-collarblue-collarblue-collarblue-collarblue-collarblue-collarblue-collarblue-collarblue-collarblue-collarblue-collarblue-collarblue-collarblue-collarblue-collarblue-collarblue-collarblue-collarblue-collarblue-collarblue-collarblue-collarblue-collarblue-collarblue-collarblue-collarblue-collarblue-collarblue-collarblue-collarblue-collarblue-collarblue-collarblue-collarblue-collarblue-collarblue-collarblue-collarblue-collarblue-collarblue-collarblue-collarblue-collarblue-collarblue-collarblue-collarblue-collarblue-collarblue-collarblue-collarblue-collarblue-collarblue-collarblue-collarblue-collarblue-collarblue-collarblue-collarblue-collarblue-collarblue-collarblue-collarblue-collarblue-collarblue-collarblue-collarblue-collarblue-collarblue-collarblue-collarblue-collarblue-collarblue-collarblue-collarblue-collarblue-collarblue-collarblue-collarblue-collarblue-collarblue-collarblue-collarblue-collarblue-collarblue-collarblue-collarblue-collarblue-collarblue-collarblue-collarblue-collarblue-collarblue-collarblue-collarblue-collarblue-collarblue-collarblue-collarblue-collarblue-collarblue-collarblue-collarblue-collarblue-collarblue-collarblue-collarblue-collarblue-collarblue-collarblue-collarblue-collarblue-collarblue-collarblue-collarblue-collarblue-collarblue-collarblue-collarblue-collarblue-collarblue-collarblue-collarblue-collarblue-collarblue-collarblue-collarblue-collarblue-collarblue-collarblue-collarblue-collarblue-collarblue-collarblue-collarblue-collarblue-collarblue-collarblue-collarblue-collarblue-collarblue-collarblue-collarblue-collarblue-collarblue-collarblue-collarblue-collarblue-collarblue-collarblue-collarblue-collarblue-collarblue-collarblue-collarblue-collarblue-collarblue-collarblue-collarblue-collarblue-collarblue-collarblue-collarblue-collarblue-collarblue-collarblue-collarblue-collarblue-collarblue-collarblue-collarblue-collarblue-collarblue-collarblue-collarblue-collarblue-collarblue-collarblue-collarblue-collarblue-collarblue-collarblue-collarblue-collarblue-collarblue-collarblue-collarblue-collarblue-collarblue-collarblue-collarblue-collarblue-collarblue-collarblue-collarblue-collarblue-collarblue-collarblue-collarblue-collarblue-collarblue-collarblue-collarblue-collarblue-collarblue-collarblue-collarblue-collarblue-collarblue-collarblue-collarblue-collarblue-collarblue-collarblue-collarblue-collarblue-collarblue-collarblue-collarblue-collarblue-collarblue-collarblue-collarblue-collarblue-collarblue-collarblue-collarblue-collarblue-collarblue-collarblue-collarblue-collarblue-collarblue-collarblue-collarblue-collarblue-collarblue-collarblue-collarblue-collarblue-collarblue-collarblue-collarblue-collarblue-collarblue-collarblue-collarblue-collarblue-collarblue-collarblue-collarblue-collarblue-collarblue-collarblue-collarblue-collarblue-collarblue-collarblue-collarblue-collarblue-collarblue-collarblue-collarblue-collarblue-collarblue-collarblue-collarblue-collarblue-collarblue-collarblue-collarblue-collarblue-collarblue-collarblue-collarblue-collarblue-collarblue-collarblue-collarblue-collarblue-collarblue-collarblue-collarblue-collarblue-collarblue-collarblue-collarblue-collarblue-collarblue-collarblue-collarblue-collarblue-collarblue-collarblue-collarblue-collarblue-collarblue-collarblue-collarblue-collarblue-collarblue-collarblue-collarblue-collarblue-collarblue-collarblue-collarblue-collarblue-collarblue-collarblue-collarblue-collarblue-collarblue-collarblue-collarblue-collarblue-collarblue-collarblue-collarblue-collarblue-collarblue-collarblue-collarblue-collarblue-collarblue-collarblue-collarblue-collarblue-collarblue-collarblue-collarblue-collarblue-collarblue-collarblue-collarblue-collarblue-collarblue-collarblue-collarblue-collarblue-collarblue-collarblue-collarblue-collarblue-collarblue-collarblue-collarblue-collarblue-collarblue-collarblue-collarblue-collarblue-collarblue-collarblue-collarblue-collarblue-collarblue-collarblue-collarblue-collarblue-collarblue-collarblue-collarblue-collarblue-collarblue-collarblue-collarblue-collarblue-collarblue-collarblue-collarblue-collarblue-collarblue-collarblue-collarblue-collarblue-collarblue-collarblue-collarblue-collarblue-collarblue-collarblue-collarblue-collarblue-collarblue-collarblue-collarblue-collarblue-collarblue-collarblue-collarblue-collarblue-collarblue-collarblue-collarblue-collarblue-collarblue-collarblue-collarblue-collarblue-collarblue-collarblue-collarblue-collarblue-collarblue-collarblue-collarblue-collarblue-collarblue-collarblue-collarblue-collarblue-collarblue-collarblue-collarblue-collarblue-collarblue-collarblue-collarblue-collarblue-collarblue-collarblue-collarblue-collarblue-collarblue-collarblue-collarblue-collarblue-collarblue-collarblue-collarblue-collarblue-collarblue-collarblue-collarblue-collarblue-collarblue-collarblue-collarblue-collarblue-collarblue-collarblue-collarblue-collarblue-collarblue-collarblue-collarblue-collarblue-collarblue-collarblue-collarblue-collarblue-collarblue-collarblue-collarblue-collarblue-collarblue-collarblue-collarblue-collarblue-collarblue-collarblue-collarblue-collarblue-collarblue-collarblue-collarblue-collarblue-collarblue-collarblue-collarblue-collarblue-collarblue-collarblue-collarblue-collarblue-collarblue-collarblue-collarblue-collarblue-collarblue-collarblue-collarblue-collarblue-collarblue-collarblue-collarblue-collarblue-collarblue-collarblue-collarblue-collarblue-collarblue-collarblue-collarblue-collarblue-collarblue-collarblue-collarblue-collarblue-collarblue-collarblue-collarblue-collarblue-collarblue-collarblue-collarblue-collarblue-collarblue-collarblue-collarblue-collarblue-collarblue-collarblue-collarblue-collarblue-collarblue-collarblue-collarblue-collarblue-collarblue-collarblue-collarblue-collarblue-collarblue-collarblue-collarblue-collarblue-collarblue-collarblue-collarblue-collarblue-collarblue-collarblue-collarblue-collarblue-collarblue-collarblue-collarblue-collarblue-collarblue-collarblue-collarblue-collarblue-collarblue-collarblue-collarblue-collarblue-collarblue-collarblue-collarblue-collarblue-collarblue-collarblue-collarblue-collarblue-collarblue-collarblue-collarblue-collarblue-collarblue-collarblue-collarblue-collarblue-collarblue-collarblue-collarblue-collarblue-collarblue-collarblue-collarblue-collarblue-collarblue-collarblue-collarblue-collarblue-collarblue-collarblue-collarblue-collarblue-collarblue-collarblue-collarblue-collarblue-collarblue-collarblue-collarblue-collarblue-collarblue-collarblue-collarblue-collarblue-collarblue-collarblue-collarblue-collarblue-collarblue-collarblue-collarblue-collarblue-collarblue-collarblue-collarblue-collarblue-collarblue-collarblue-collarblue-collarblue-collarblue-collarblue-collarblue-collarblue-collarblue-collarblue-collarblue-collarblue-collarblue-collarblue-collarblue-collarblue-collarblue-collarblue-collarblue-collarblue-collarblue-collarblue-collarblue-collarblue-collarblue-collarblue-collarblue-collarblue-collarblue-collarblue-collarblue-collarblue-collarblue-collarblue-collarblue-collarblue-collarblue-collarblue-collarblue-collarblue-collarblue-collarblue-collarblue-collarblue-collarblue-collarblue-collarblue-collarblue-collarblue-collarblue-collarblue-collarblue-collarblue-collarblue-collarblue-collarblue-collarblue-collarblue-collarblue-collarblue-collarblue-collarblue-collarblue-collarblue-collarblue-collarblue-collarblue-collarblue-collarblue-collarblue-collarblue-collarblue-collarblue-collarblue-collarblue-collarblue-collarblue-collarblue-collarblue-collarblue-collarblue-collarblue-collarblue-collarblue-collarblue-collarblue-collarblue-collarblue-collarblue-collarblue-collarblue-collarblue-collarblue-collarblue-collarblue-collarblue-collarblue-collarblue-collarblue-collarblue-collarblue-collarblue-collarblue-collarblue-collarblue-collarblue-collarblue-collarblue-collarblue-collarblue-collarblue-collarblue-collarblue-collarblue-collarblue-collarblue-collarblue-collarblue-collarblue-collarblue-collarblue-collarblue-collarblue-collarblue-collarblue-collarblue-collarblue-collarblue-collarblue-collarblue-collarblue-collarblue-collarblue-collarblue-collarblue-collarblue-collarblue-collarblue-collarblue-collarblue-collarblue-collarblue-collarblue-collarblue-collarblue-collarblue-collarblue-collarblue-collarblue-collarblue-collarblue-collarblue-collarblue-collarblue-collarblue-collarblue-collarblue-collarblue-collarblue-collarblue-collarblue-collarblue-collarblue-collarblue-collarblue-collarblue-collarblue-collarblue-collarblue-collarblue-collarblue-collarblue-collarblue-collarblue-collarblue-collarblue-collarblue-collarblue-collarblue-collarblue-collarblue-collarblue-collarblue-collarblue-collarblue-collarblue-collarblue-collarblue-collarblue-collarblue-collarblue-collarblue-collarblue-collarblue-collarblue-collarblue-collarblue-collarblue-collarblue-collarblue-collarblue-collarblue-collarblue-collarblue-collarblue-collarblue-collarblue-collarblue-collarblue-collarblue-collarblue-collarblue-collarblue-collarblue-collarblue-collarblue-collarblue-collarblue-collarblue-collarblue-collarblue-collarblue-collarblue-collarblue-collarblue-collarblue-collarblue-collarblue-collarblue-collarblue-collarblue-collarblue-collarblue-collarblue-collarblue-collarblue-collarblue-collarblue-collarblue-collarblue-collarblue-collarblue-collarblue-collarblue-collarblue-collarblue-collarblue-collarblue-collarblue-collarblue-collarblue-collarblue-collarblue-collarblue-collarblue-collarblue-collarblue-collarblue-collarblue-collarblue-collarblue-collarblue-collarblue-collarblue-collarblue-collarblue-collarblue-collarblue-collarblue-collarblue-collarblue-collarblue-collarblue-collarblue-collarblue-collarblue-collarblue-collarblue-collarblue-collarblue-collarblue-collarblue-collarblue-collarblue-collarblue-collarblue-collarblue-collarblue-collarblue-collarblue-collarblue-collarblue-collarblue-collarblue-collarblue-collarblue-collarblue-collarblue-collarblue-collarblue-collarblue-collarblue-collarblue-collarblue-collarblue-collarblue-collarblue-collarblue-collarblue-collarblue-collarblue-collarblue-collarblue-collarblue-collarblue-collarblue-collarblue-collarblue-collarblue-collarblue-collarblue-collarblue-collarblue-collarblue-collarblue-collarblue-collarblue-collarblue-collarblue-collarblue-collarblue-collarblue-collarblue-collarblue-collarblue-collarblue-collarblue-collarblue-collarblue-collarblue-collarblue-collarblue-collarblue-collarblue-collarblue-collarblue-collarblue-collarblue-collarblue-collarblue-collarblue-collarblue-collarblue-collarblue-collarblue-collarblue-collarblue-collarblue-collarblue-collarblue-collarblue-collarblue-collarblue-collarblue-collarblue-collarblue-collarblue-collarblue-collarblue-collarblue-collarblue-collarblue-collarblue-collarblue-collarblue-collarblue-collarblue-collarblue-collarblue-collarblue-collarblue-collarblue-collarblue-collarblue-collarblue-collarblue-collarblue-collarblue-collarblue-collarblue-collarblue-collarblue-collarblue-collarblue-collarblue-collarblue-collarblue-collarblue-collarblue-collarblue-collarblue-collarblue-collarblue-collarblue-collarblue-collarblue-collarblue-collarblue-collarblue-collarblue-collarblue-collarblue-collarblue-collarblue-collarblue-collarblue-collarblue-collarblue-collarblue-collarblue-collarblue-collarblue-collarblue-collarblue-collarblue-collarblue-collarblue-collarblue-collarblue-collarblue-collarblue-collarblue-collarblue-collarblue-collarblue-collarblue-collarblue-collarblue-collarblue-collarblue-collarblue-collarblue-collarblue-collarblue-collarblue-collarblue-collarblue-collarblue-collarblue-collarblue-collarblue-collarblue-collarblue-collarblue-collarblue-collarblue-collarblue-collarblue-collarblue-collarblue-collarblue-collarblue-collarblue-collarblue-collarblue-collarblue-collarblue-collarblue-collarblue-collarblue-collarblue-collarblue-collarblue-collarblue-collarblue-collarblue-collarblue-collarblue-collarblue-collarblue-collarblue-collarblue-collarblue-collarblue-collarblue-collarblue-collarblue-collarblue-collarblue-collarblue-collarblue-collarblue-collarblue-collarblue-collarblue-collarblue-collarblue-collarblue-collarblue-collarblue-collarblue-collarblue-collarblue-collarblue-collarblue-collarblue-collarblue-collarblue-collarblue-collarblue-collarblue-collarblue-collarblue-collarblue-collarblue-collarblue-collarblue-collarblue-collarblue-collarblue-collarblue-collarblue-collarblue-collarblue-collarblue-collarblue-collarblue-collarblue-collarblue-collarblue-collarblue-collarblue-collarblue-collarblue-collarblue-collarblue-collarblue-collarblue-collarblue-collarblue-collarblue-collarblue-collarblue-collarblue-collarblue-collarblue-collarblue-collarblue-collarblue-collarblue-collarblue-collarblue-collarblue-collarblue-collarblue-collarblue-collarblue-collarblue-collarblue-collarblue-collarblue-collarblue-collarblue-collarblue-collarblue-collarblue-collarblue-collarblue-collarblue-collarblue-collarblue-collarblue-collarblue-collarblue-collarblue-collarblue-collarblue-collarblue-collarblue-collarblue-collarblue-collarblue-collarblue-collarblue-collarblue-collarblue-collarblue-collarblue-collarblue-collarblue-collarblue-collarblue-collarblue-collarblue-collarblue-collarblue-collarblue-collarblue-collarblue-collarblue-collarblue-collarblue-collarblue-collarblue-collarblue-collarblue-collarblue-collarblue-collarblue-collarblue-collarblue-collarblue-collarblue-collarblue-collarblue-collarblue-collarblue-collarblue-collarblue-collarblue-collarblue-collarblue-collarblue-collarblue-collarblue-collarblue-collarblue-collarblue-collarblue-collarblue-collarblue-collarblue-collarblue-collarblue-collarblue-collarblue-collarblue-collarblue-collarblue-collarblue-collarblue-collarblue-collarblue-collarblue-collarblue-collarblue-collarblue-collarblue-collarblue-collarblue-collarblue-collarblue-collarblue-collarblue-collarblue-collarblue-collarblue-collarblue-collarblue-collarblue-collarblue-collarblue-collarblue-collarblue-collarblue-collarblue-collarblue-collarblue-collarblue-collarblue-collarblue-collarblue-collarblue-collarblue-collarblue-collarblue-collarblue-collarblue-collarblue-collarblue-collarblue-collarblue-collarblue-collarblue-collarblue-collarblue-collarblue-collarblue-collarblue-collarblue-collarblue-collarblue-collarblue-collarblue-collarblue-collarblue-collarblue-collarblue-collarblue-collarblue-collarblue-collarblue-collarblue-collarblue-collarblue-collarblue-collarblue-collarblue-collarblue-collarblue-collarblue-collarblue-collarblue-collarblue-collarblue-collarblue-collarblue-collarblue-collarblue-collarblue-collarblue-collarblue-collarblue-collarblue-collarblue-collarblue-collarblue-collarblue-collarblue-collarblue-collarblue-collarblue-collarblue-collarblue-collarblue-collarblue-collarblue-collarblue-collarblue-collarblue-collarblue-collarblue-collarblue-collarblue-collarblue-collarblue-collarblue-collarblue-collarblue-collarblue-collarblue-collarblue-collarblue-collarblue-collarblue-collarblue-collarblue-collarblue-collarblue-collarblue-collarblue-collarblue-collarblue-collarblue-collarblue-collarblue-collarblue-collarblue-collarblue-collarblue-collarblue-collarblue-collarblue-collarblue-collarblue-collarblue-collarblue-collarblue-collarblue-collarblue-collarblue-collarblue-collarblue-collarblue-collarblue-collarblue-collarblue-collarblue-collarblue-collarblue-collarblue-collarblue-collarblue-collarblue-collarblue-collarblue-collarblue-collarblue-collarblue-collarblue-collarblue-collarblue-collarblue-collarblue-collarblue-collarblue-collarblue-collarblue-collarblue-collarblue-collarblue-collarblue-collarblue-collarblue-collarblue-collarblue-collarblue-collarblue-collarblue-collarblue-collarblue-collarblue-collarblue-collarblue-collarblue-collarblue-collarblue-collarblue-collarblue-collarblue-collarblue-collarblue-collarblue-collarblue-collarblue-collarblue-collarblue-collarblue-collarblue-collarblue-collarblue-collarblue-collarblue-collarblue-collarblue-collarblue-collarblue-collarblue-collarblue-collarblue-collarblue-collarblue-collarblue-collarblue-collarblue-collarblue-collarblue-collarblue-collarblue-collarblue-collarblue-collarblue-collarblue-collarblue-collarblue-collarblue-collarblue-collarblue-collarblue-collarblue-collarblue-collarblue-collarblue-collarblue-collarblue-collarblue-collarblue-collarblue-collarblue-collarblue-collarblue-collarblue-collarblue-collarblue-collarblue-collarblue-collarblue-collarblue-collarblue-collarblue-collarblue-collarblue-collarblue-collarblue-collarblue-collarblue-collarblue-collarblue-collarblue-collarblue-collarblue-collarblue-collarblue-collarblue-collarblue-collarblue-collarblue-collarblue-collarblue-collarblue-collarblue-collarblue-collarblue-collarblue-collarblue-collarblue-collarblue-collarblue-collarblue-collarblue-collarblue-collarblue-collarblue-collarblue-collarblue-collarblue-collarblue-collarblue-collarblue-collarblue-collarblue-collarblue-collarblue-collarblue-collarblue-collarblue-collarblue-collarblue-collarblue-collarblue-collarblue-collarblue-collarblue-collarblue-collarblue-collarblue-collarblue-collarblue-collarblue-collarblue-collarblue-collarblue-collarblue-collarblue-collarblue-collarblue-collarblue-collarblue-collarblue-collarblue-collarblue-collarblue-collarblue-collarblue-collarblue-collarblue-collarblue-collarblue-collarblue-collarblue-collarblue-collarblue-collarblue-collarblue-collarblue-collarblue-collarblue-collarblue-collarblue-collarblue-collarblue-collarblue-collarblue-collarblue-collarblue-collarblue-collarblue-collarblue-collarblue-collarblue-collarblue-collarblue-collarblue-collarblue-collarblue-collarblue-collarblue-collarblue-collarblue-collarblue-collarblue-collarblue-collarblue-collarblue-collarblue-collarblue-collarblue-collarblue-collarblue-collarblue-collarblue-collarblue-collarblue-collarblue-collarblue-collarblue-collarblue-collarblue-collarblue-collarblue-collarblue-collarblue-collarblue-collarblue-collarblue-collarblue-collarblue-collarblue-collarblue-collarblue-collarblue-collarblue-collarblue-collarblue-collarblue-collarblue-collarblue-collarblue-collarblue-collarblue-collarblue-collarblue-collarblue-collarblue-collarblue-collarblue-collarblue-collarblue-collarblue-collarblue-collarblue-collarblue-collarblue-collarblue-collarblue-collarblue-collarblue-collarblue-collarblue-collarblue-collarblue-collarblue-collarblue-collarblue-collarblue-collarblue-collarblue-collarblue-collarblue-collarblue-collarblue-collarblue-collarblue-collarblue-collarblue-collarblue-collarblue-collarblue-collarblue-collarblue-collarblue-collarblue-collarblue-collarblue-collarblue-collarblue-collarblue-collarblue-collarblue-collarblue-collarblue-collarblue-collarblue-collarblue-collarblue-collarblue-collarblue-collarblue-collarblue-collarblue-collarblue-collarblue-collarblue-collarblue-collarblue-collarblue-collarblue-collarblue-collarblue-collarblue-collarblue-collarblue-collarblue-collarblue-collarblue-collarblue-collarblue-collarblue-collarblue-collarblue-collarblue-collarblue-collarblue-collarblue-collarblue-collarblue-collarblue-collarblue-collarblue-collarblue-collarblue-collarblue-collarblue-collarblue-collarblue-collarblue-collarblue-collarblue-collarblue-collarblue-collarblue-collarblue-collarblue-collarblue-collarblue-collarblue-collarblue-collarblue-collarblue-collarblue-collarblue-collarblue-collarblue-collarblue-collarblue-collarblue-collarblue-collarblue-collarblue-collarblue-collarblue-collarblue-collarblue-collarblue-collarblue-collarblue-collarblue-collarblue-collarblue-collarblue-collarblue-collarblue-collarblue-collarblue-collarblue-collarblue-collarblue-collarblue-collarblue-collarblue-collarblue-collarblue-collarblue-collarblue-collarblue-collarblue-collarblue-collarblue-collarblue-collarblue-collarblue-collarblue-collarblue-collarblue-collarblue-collarblue-collarblue-collarblue-collarblue-collarblue-collarblue-collarblue-collarblue-collarblue-collarblue-collarblue-collarblue-collarblue-collarblue-collarblue-collarblue-collarblue-collarblue-collarblue-collarblue-collarblue-collarblue-collarblue-collarblue-collarblue-collarblue-collarblue-collarblue-collarblue-collarblue-collarblue-collarblue-collarblue-collarblue-collarblue-collarblue-collarblue-collarblue-collarblue-collarblue-collarblue-collarblue-collarblue-collarblue-collarblue-collarblue-collarblue-collarblue-collarblue-collarblue-collarblue-collarblue-collarblue-collarblue-collarblue-collarblue-collarblue-collarblue-collarblue-collarblue-collarblue-collarblue-collarblue-collarblue-collarblue-collarblue-collarblue-collarblue-collarblue-collarblue-collarblue-collarblue-collarblue-collarblue-collarblue-collarblue-collarblue-collarblue-collarblue-collarblue-collarblue-collarblue-collarblue-collarblue-collarblue-collarblue-collarblue-collarblue-collarblue-collarblue-collarblue-collarblue-collarblue-collarblue-collarblue-collarblue-collarblue-collarblue-collarblue-collarblue-collarblue-collarblue-collarblue-collarblue-collarblue-collarblue-collarblue-collarblue-collarblue-collarblue-collarblue-collarblue-collarblue-collarblue-collarblue-collarblue-collarblue-collarblue-collarblue-collarblue-collarblue-collarblue-collarblue-collarblue-collarblue-collarblue-collarblue-collarblue-collarblue-collarblue-collarblue-collarblue-collarblue-collarblue-collarblue-collarblue-collarblue-collarblue-collarblue-collarblue-collarblue-collarblue-collarblue-collarblue-collarblue-collarblue-collarblue-collarblue-collarblue-collarblue-collarblue-collarblue-collarblue-collarblue-collarblue-collarblue-collarblue-collarblue-collarblue-collarblue-collarblue-collarblue-collarblue-collarblue-collarblue-collarblue-collarblue-collarblue-collarblue-collarblue-collarblue-collarblue-collarblue-collarblue-collarblue-collarblue-collarblue-collarblue-collarblue-collarblue-collarblue-collarblue-collarblue-collarblue-collarblue-collarblue-collarblue-collarblue-collarblue-collarblue-collarblue-collarblue-collarblue-collarblue-collarblue-collarblue-collarblue-collarblue-collarblue-collarblue-collarblue-collarblue-collarblue-collarblue-collarblue-collarblue-collarblue-collarblue-collarblue-collarblue-collarblue-collarblue-collarblue-collarblue-collarblue-collarblue-collarblue-collarblue-collarblue-collarblue-collarblue-collarblue-collarblue-collarblue-collarblue-collarblue-collarblue-collarblue-collarblue-collarblue-collarblue-collarblue-collarblue-collarblue-collarblue-collarblue-collarblue-collarblue-collarblue-collarblue-collarblue-collarblue-collarblue-collarblue-collarblue-collarblue-collarblue-collarblue-collarblue-collarblue-collarblue-collarblue-collarblue-collarblue-collarblue-collarblue-collarblue-collarblue-collarblue-collarblue-collarblue-collarblue-collarblue-collarblue-collarblue-collarblue-collarblue-collarblue-collarblue-collarblue-collarblue-collarblue-collarblue-collarblue-collarblue-collarblue-collarblue-collarblue-collarblue-collarblue-collarblue-collarblue-collarblue-collarblue-collarblue-collarblue-collarblue-collarblue-collarblue-collarblue-collarblue-collarblue-collarblue-collarblue-collarblue-collarblue-collarblue-collarblue-collarblue-collarblue-collarblue-collarblue-collarblue-collarblue-collarblue-collarblue-collarblue-collarblue-collarblue-collarblue-collarblue-collarblue-collarblue-collarblue-collarblue-collarblue-collarblue-collarblue-collarblue-collarblue-collarblue-collarblue-collarblue-collarblue-collarblue-collarblue-collarblue-collarblue-collarblue-collarblue-collarblue-collarblue-collarblue-collarblue-collarblue-collarblue-collarblue-collarblue-collarblue-collarblue-collarblue-collarblue-collarblue-collarblue-collarblue-collarblue-collarblue-collarblue-collarblue-collarblue-collarblue-collarblue-collarblue-collarblue-collarblue-collarblue-collarblue-collarblue-collarblue-collarblue-collarblue-collarblue-collarblue-collarblue-collarblue-collarblue-collarblue-collarblue-collarblue-collarblue-collarblue-collarblue-collarblue-collarblue-collarblue-collarblue-collarblue-collarblue-collarblue-collarblue-collarblue-collarblue-collarblue-collarblue-collarblue-collarblue-collarblue-collarblue-collarblue-collarblue-collarblue-collarblue-collarblue-collarblue-collarblue-collarblue-collarblue-collarblue-collarblue-collarblue-collarblue-collarblue-collarblue-collarblue-collarblue-collarblue-collarblue-collarblue-collarblue-collarblue-collarblue-collarblue-collarblue-collarblue-collarblue-collarblue-collarblue-collarblue-collarblue-collarblue-collarblue-collarblue-collarblue-collarblue-collarblue-collarblue-collarblue-collarblue-collarblue-collarblue-collarblue-collarblue-collarblue-collarblue-collarblue-collarblue-collarblue-collarblue-collarblue-collarblue-collarblue-collarblue-collarblue-collarblue-collarblue-collarblue-collarblue-collarblue-collarblue-collarblue-collarblue-collarblue-collarblue-collarblue-collarblue-collarblue-collarblue-collarblue-collarblue-collarblue-collarblue-collarblue-collarblue-collarblue-collarblue-collarblue-collarblue-collarblue-collarblue-collarblue-collarblue-collarblue-collarblue-collarblue-collarblue-collarblue-collarblue-collarblue-collarblue-collarblue-collarblue-collarblue-collarblue-collarblue-collarblue-collarblue-collarblue-collarblue-collarblue-collarblue-collarblue-collarblue-collarblue-collarblue-collarblue-collarblue-collarblue-collarblue-collarblue-collarblue-collarblue-collarblue-collarblue-collarblue-collarblue-collarblue-collarblue-collarblue-collarblue-collarblue-collarblue-collarblue-collarblue-collarblue-collarblue-collarblue-collarblue-collarblue-collarblue-collarblue-collarblue-collarblue-collarblue-collarblue-collarblue-collarblue-collarblue-collarblue-collarblue-collarblue-collarblue-collarblue-collarblue-collarblue-collarblue-collarblue-collarblue-collarblue-collarblue-collarblue-collarblue-collarblue-collarblue-collarblue-collarblue-collarblue-collarblue-collarblue-collarblue-collarblue-collarblue-collarblue-collarblue-collarblue-collarblue-collarblue-collarblue-collarblue-collarblue-collarblue-collarblue-collarblue-collarblue-collarblue-collarblue-collarblue-collarblue-collarblue-collarblue-collarblue-collarblue-collarblue-collarblue-collarblue-collarblue-collarblue-collarblue-collarblue-collarblue-collarblue-collarblue-collarblue-collarblue-collarblue-collarblue-collarblue-collarblue-collarblue-collarblue-collarblue-collarblue-collarblue-collarblue-collarblue-collarblue-collarblue-collarblue-collarblue-collarblue-collarblue-collarblue-collarblue-collarblue-collarblue-collarblue-collarblue-collarblue-collarblue-collarblue-collarblue-collarblue-collarblue-collarblue-collarblue-collarblue-collarblue-collarblue-collarblue-collarblue-collarblue-collarblue-collarblue-collarblue-collarblue-collarblue-collarblue-collarblue-collarblue-collarblue-collarblue-collarblue-collarblue-collarblue-collarblue-collarblue-collarblue-collarblue-collarblue-collarblue-collarblue-collarblue-collarblue-collarblue-collarblue-collarblue-collarblue-collarblue-collarblue-collarblue-collarblue-collarblue-collarblue-collarblue-collarblue-collarblue-collarblue-collarblue-collarblue-collarblue-collarblue-collarblue-collarblue-collarblue-collarblue-collarblue-collarblue-collarblue-collarblue-collarblue-collarblue-collarblue-collarblue-collarblue-collarblue-collarblue-collarblue-collarblue-collarblue-collarblue-collarblue-collarblue-collarblue-collarblue-collarblue-collarblue-collarblue-collarblue-collarblue-collarblue-collarblue-collarblue-collarblue-collarblue-collarblue-collarblue-collarblue-collarblue-collarblue-collarblue-collarblue-collarblue-collarblue-collarblue-collarblue-collarblue-collarblue-collarblue-collarblue-collarblue-collarblue-collarblue-collarblue-collarblue-collarblue-collarblue-collarblue-collarblue-collarblue-collarblue-collarblue-collarblue-collarblue-collarblue-collarblue-collarblue-collarblue-collarblue-collarblue-collarblue-collarblue-collarblue-collarblue-collarblue-collarblue-collarblue-collarblue-collarblue-collarblue-collarblue-collarblue-collarblue-collarblue-collarblue-collarblue-collarblue-collarblue-collarblue-collarblue-collarblue-collarblue-collarblue-collarblue-collarblue-collarblue-collarblue-collarblue-collarblue-collarblue-collarblue-collarblue-collarblue-collarblue-collarblue-collarblue-collarblue-collarblue-collarblue-collarblue-collarblue-collarblue-collarblue-collarblue-collarblue-collarblue-collarblue-collarblue-collarblue-collarblue-collarblue-collarblue-collarblue-collarblue-collarblue-collarblue-collarblue-collarblue-collarblue-collarblue-collarblue-collarblue-collarblue-collarblue-collarblue-collarblue-collarblue-collarblue-collarblue-collarblue-collarblue-collarblue-collarblue-collarblue-collarblue-collarblue-collarblue-collarblue-collarblue-collarblue-collarblue-collarblue-collarblue-collarblue-collarblue-collarblue-collarblue-collarblue-collarblue-collarblue-collarblue-collarblue-collarblue-collarblue-collarblue-collarblue-collarblue-collarblue-collarblue-collarblue-collarblue-collarblue-collarblue-collarblue-collarblue-collarblue-collarblue-collarblue-collarblue-collarblue-collarblue-collarblue-collarblue-collarblue-collarblue-collarblue-collarblue-collarblue-collarblue-collarblue-collarblue-collarblue-collarblue-collarblue-collarblue-collarblue-collarblue-collarblue-collarblue-collarblue-collarblue-collarblue-collarblue-collarblue-collarblue-collarblue-collarblue-collarblue-collarblue-collarblue-collarblue-collarblue-collarblue-collarblue-collarblue-collarblue-collarblue-collarblue-collarblue-collarblue-collarblue-collarblue-collarblue-collarblue-collarblue-collarblue-collarblue-collarblue-collarblue-collarblue-collarblue-collarblue-collarblue-collarblue-collarblue-collarblue-collarblue-collarblue-collarblue-collarblue-collarblue-collarblue-collarblue-collarblue-collarblue-collarblue-collarblue-collarblue-collarblue-collarblue-collarblue-collarblue-collarblue-collarblue-collarblue-collarblue-collarblue-collarblue-collarblue-collarblue-collarblue-collarblue-collarblue-collarblue-collarblue-collarblue-collarblue-collarblue-collarblue-collarblue-collarblue-collarblue-collarblue-collarblue-collarblue-collarblue-collarblue-collarblue-collarblue-collarblue-collarblue-collarblue-collarblue-collarblue-collarblue-collarblue-collarblue-collarblue-collarblue-collarblue-collarblue-collarblue-collarblue-collarblue-collarblue-collarblue-collarblue-collarblue-collarblue-collarblue-collarblue-collarblue-collarblue-collarblue-collarblue-collarblue-collarblue-collarblue-collarblue-collarblue-collarblue-collarblue-collarblue-collarblue-collarblue-collarblue-collarblue-collarblue-collarblue-collarblue-collarblue-collarblue-collarblue-collarblue-collarblue-collarblue-collarblue-collarblue-collarblue-collarblue-collarblue-collarblue-collarblue-collarblue-collarblue-collarblue-collarblue-collarblue-collarblue-collarblue-collarblue-collarblue-collarblue-collarblue-collarblue-collarblue-collarblue-collarblue-collarblue-collarblue-collarblue-collarblue-collarblue-collarblue-collarblue-collarblue-collarblue-collarblue-collarblue-collarblue-collarblue-collarblue-collarblue-collarblue-collarblue-collarblue-collarblue-collarblue-collarblue-collarblue-collarblue-collarblue-collarblue-collarblue-collarblue-collarblue-collarblue-collarblue-collarblue-collarblue-collarblue-collarblue-collarblue-collarblue-collarblue-collarblue-collarblue-collarblue-collarblue-collarblue-collarblue-collarblue-collarblue-collarblue-collarblue-collarblue-collarblue-collarblue-collarblue-collarblue-collarblue-collarblue-collarblue-collarblue-collarblue-collarblue-collarblue-collarblue-collarblue-collarblue-collarblue-collarblue-collarblue-collarblue-collarblue-collarblue-collarblue-collarblue-collarblue-collarblue-collarblue-collarblue-collarblue-collarblue-collarblue-collarblue-collarblue-collarblue-collarblue-collarblue-collarblue-collarblue-collarblue-collarblue-collarblue-collarblue-collarblue-collarblue-collarblue-collarblue-collarblue-collarblue-collarblue-collarblue-collarblue-collarblue-collarblue-collarblue-collarblue-collarblue-collarblue-collarblue-collarblue-collarblue-collarblue-collarblue-collarblue-collarblue-collarblue-collarblue-collarblue-collarblue-collarblue-collarblue-collarblue-collarblue-collarblue-collarblue-collarblue-collarblue-collarblue-collarblue-collarblue-collarblue-collarblue-collarblue-collarblue-collarblue-collarblue-collarblue-collarblue-collarblue-collarblue-collarblue-collarblue-collarblue-collarblue-collarblue-collarblue-collarblue-collarblue-collarblue-collarblue-collarblue-collarblue-collarblue-collarblue-collarblue-collarblue-collarblue-collarblue-collarblue-collarblue-collarblue-collarblue-collarblue-collarblue-collarblue-collarblue-collarblue-collarblue-collarblue-collarblue-collarblue-collarblue-collarblue-collarblue-collarblue-collarblue-collarblue-collarblue-collarblue-collarblue-collarblue-collarblue-collarblue-collarblue-collarblue-collarblue-collarblue-collarblue-collarblue-collarblue-collarblue-collarblue-collarblue-collarblue-collarblue-collarblue-collarblue-collarblue-collarblue-collarblue-collarblue-collarblue-collarblue-collarblue-collarblue-collarblue-collarblue-collarblue-collarblue-collarblue-collarblue-collarblue-collarblue-collarblue-collarblue-collarblue-collarblue-collarblue-collarblue-collarblue-collarblue-collarblue-collarblue-collarblue-collarblue-collarblue-collarblue-collarblue-collarblue-collarblue-collarblue-collarblue-collarblue-collarblue-collarblue-collarblue-collarblue-collarblue-collarblue-collarblue-collarblue-collarblue-collarblue-collarblue-collarblue-collarblue-collarblue-collarblue-collarblue-collarblue-collarblue-collarblue-collarblue-collarblue-collarblue-collarblue-collarblue-collarblue-collarblue-collarblue-collarblue-collarblue-collarblue-collarblue-collarblue-collarblue-collarblue-collarblue-collarblue-collarblue-collarblue-collarblue-collarblue-collarblue-collarblue-collarblue-collarblue-collarblue-collarblue-collarblue-collarblue-collarblue-collarblue-collarblue-collarblue-collarblue-collarblue-collarblue-collarblue-collarblue-collarblue-collarblue-collarblue-collarblue-collarblue-collarblue-collarblue-collarblue-collarblue-collarblue-collarblue-collarblue-collarblue-collarblue-collarblue-collarblue-collarblue-collarblue-collarblue-collarblue-collarblue-collarblue-collarblue-collarblue-collarblue-collarblue-collarblue-collarblue-collarblue-collarblue-collarblue-collarblue-collarblue-collarblue-collarblue-collarblue-collarblue-collarblue-collarblue-collarblue-collarblue-collarblue-collarblue-collarblue-collarblue-collarblue-collarblue-collarblue-collarblue-collarblue-collarblue-collarblue-collarblue-collarblue-collarblue-collarblue-collarblue-collarblue-collarblue-collarblue-collarblue-collarblue-collarblue-collarblue-collarblue-collarblue-collarblue-collarblue-collarblue-collarblue-collarblue-collarblue-collarblue-collarblue-collarblue-collarblue-collarblue-collarblue-collarblue-collarblue-collarblue-collarblue-collarblue-collarblue-collarblue-collarblue-collarblue-collarblue-collarblue-collarblue-collarblue-collarblue-collarblue-collarblue-collarblue-collarblue-collarblue-collarblue-collarblue-collarblue-collarblue-collarblue-collarblue-collarblue-collarblue-collarblue-collarblue-collarblue-collarblue-collarblue-collarblue-collarblue-collarblue-collarblue-collarblue-collarblue-collarblue-collarblue-collarblue-collarblue-collarblue-collarblue-collarblue-collarblue-collarblue-collarblue-collarblue-collarblue-collarblue-collarblue-collarblue-collarblue-collarblue-collarblue-collarblue-collarblue-collarblue-collarblue-collarblue-collarblue-collarblue-collarblue-collarblue-collarblue-collarblue-collarblue-collarblue-collarblue-collarblue-collarblue-collarblue-collarblue-collarblue-collarblue-collarblue-collarblue-collarblue-collarblue-collarblue-collarblue-collarblue-collarblue-collarblue-collarblue-collarblue-collarblue-collarblue-collarblue-collarblue-collarblue-collarblue-collarblue-collarblue-collarblue-collarblue-collarblue-collarblue-collarblue-collarblue-collarblue-collarblue-collarblue-collarblue-collarblue-collarblue-collarblue-collarblue-collarblue-collarblue-collarblue-collarblue-collarblue-collarblue-collarblue-collarblue-collarblue-collarblue-collarblue-collarblue-collarblue-collarblue-collarblue-collarblue-collarblue-collarblue-collarblue-collarblue-collarblue-collarblue-collarblue-collarblue-collarblue-collarblue-collarblue-collarblue-collarblue-collarblue-collarblue-collarblue-collarblue-collarblue-collarblue-collarblue-collarblue-collarblue-collarblue-collarblue-collarblue-collarblue-collarblue-collarblue-collarblue-collarblue-collarblue-collarblue-collarblue-collarblue-collarblue-collarblue-collarblue-collarblue-collarblue-collarblue-collarblue-collarblue-collarblue-collarblue-collarblue-collarblue-collarblue-collarblue-collarblue-collarblue-collarblue-collarblue-collarblue-collarblue-collarblue-collarblue-collarblue-collarblue-collarblue-collarblue-collarblue-collarblue-collarblue-collarblue-collarblue-collarblue-collarblue-collarblue-collarblue-collarblue-collarblue-collarblue-collarblue-collarblue-collarblue-collarblue-collarblue-collarblue-collarblue-collarblue-collarblue-collarblue-collarblue-collarblue-collarblue-collarblue-collarblue-collarblue-collarblue-collarblue-collarblue-collarblue-collarblue-collarblue-collarblue-collarblue-collarblue-collarblue-collarblue-collarblue-collarblue-collarblue-collarblue-collarblue-collarblue-collarblue-collarblue-collarblue-collarblue-collarblue-collarblue-collarblue-collarblue-collarblue-collarblue-collarblue-collarblue-collarblue-collarblue-collarblue-collarblue-collarblue-collarblue-collarblue-collarblue-collarblue-collarblue-collarblue-collarblue-collarblue-collarblue-collarblue-collarblue-collarblue-collarblue-collarblue-collarblue-collarblue-collarblue-collarblue-collarblue-collarblue-collarblue-collarblue-collarblue-collarblue-collarblue-collarblue-collarblue-collarblue-collarblue-collarblue-collarblue-collarblue-collarblue-collarblue-collarblue-collarblue-collarblue-collarblue-collarblue-collarblue-collarblue-collarblue-collarblue-collarblue-collarblue-collarblue-collarblue-collarblue-collarblue-collarblue-collarblue-collarblue-collarblue-collarblue-collarblue-collarblue-collarblue-collarblue-collarblue-collarblue-collarblue-collarblue-collarblue-collarblue-collarblue-collarblue-collarblue-collarblue-collarblue-collarblue-collarblue-collarblue-collarblue-collarblue-collarblue-collarblue-collarblue-collarblue-collarblue-collarblue-collarblue-collarblue-collarblue-collarblue-collarblue-collarblue-collarblue-collarblue-collarblue-collarblue-collarblue-collarblue-collarblue-collarblue-collarblue-collarblue-collarblue-collarblue-collarblue-collarblue-collarblue-collarblue-collarblue-collarblue-collarblue-collarblue-collarblue-collarblue-collarblue-collarblue-collarblue-collarblue-collarblue-collarblue-collarblue-collarblue-collarblue-collarblue-collarblue-collarblue-collarblue-collarblue-collarblue-collarblue-collarblue-collarblue-collarblue-collarblue-collarblue-collarblue-collarblue-collarblue-collarblue-collarblue-collarblue-collarblue-collarblue-collarblue-collarblue-collarblue-collarblue-collarblue-collarblue-collarblue-collarblue-collarblue-collarblue-collarblue-collarblue-collarblue-collarblue-collarblue-collarblue-collarblue-collarblue-collarblue-collarblue-collarblue-collarblue-collarblue-collarblue-collarblue-collarblue-collarblue-collarblue-collarblue-collarblue-collarblue-collarblue-collarblue-collarblue-collarblue-collarblue-collarblue-collarblue-collarblue-collarblue-collarblue-collarblue-collarblue-collarblue-collarblue-collarblue-collarblue-collarblue-collarblue-collarblue-collarblue-collarblue-collarblue-collarblue-collarblue-collarblue-collarblue-collarblue-collarblue-collarblue-collarblue-collarblue-collarblue-collarblue-collarblue-collarblue-collarblue-collarblue-collarblue-collarblue-collarblue-collarblue-collarblue-collarblue-collarblue-collarblue-collarblue-collarblue-collarblue-collarblue-collarblue-collarblue-collarblue-collarblue-collarblue-collarblue-collarblue-collarblue-collarblue-collarblue-collarblue-collarblue-collarblue-collarblue-collarblue-collarblue-collarblue-collarblue-collarblue-collarblue-collarblue-collarblue-collarblue-collarblue-collarblue-collarblue-collarblue-collarblue-collarblue-collarblue-collarblue-collarblue-collarblue-collarblue-collarblue-collarblue-collarblue-collarblue-collarblue-collarblue-collarblue-collarblue-collarblue-collarblue-collarblue-collarblue-collarblue-collarblue-collarblue-collarblue-collarblue-collarblue-collarblue-collarblue-collarblue-collarblue-collarblue-collarblue-collarblue-collarblue-collarblue-collarblue-collarblue-collarblue-collarblue-collarblue-collarblue-collarblue-collarblue-collarblue-collarblue-collarblue-collarblue-collarblue-collarblue-collarblue-collarblue-collarblue-collarblue-collarblue-collarblue-collarblue-collarblue-collarblue-collarblue-collarblue-collarblue-collarblue-collarblue-collarblue-collarblue-collarblue-collarblue-collarblue-collarblue-collarblue-collarblue-collarblue-collarblue-collarblue-collarblue-collarblue-collarblue-collarblue-collarblue-collarblue-collarblue-collarblue-collarblue-collarblue-collarblue-collarblue-collarblue-collarblue-collarblue-collarblue-collarblue-collarblue-collarblue-collarblue-collarblue-collarblue-collarblue-collarblue-collarblue-collarblue-collarblue-collarblue-collarblue-collarblue-collarblue-collarblue-collarblue-collarblue-collarblue-collarblue-collarblue-collarblue-collarblue-collarblue-collarblue-collarblue-collarblue-collarblue-collarblue-collarblue-collarblue-collarblue-collarblue-collarblue-collarblue-collarblue-collarblue-collarblue-collarblue-collarblue-collarblue-collarblue-collarblue-collarblue-collarblue-collarblue-collarblue-collarblue-collarblue-collarblue-collarblue-collarblue-collarblue-collarblue-collarblue-collarblue-collarblue-collarblue-collarblue-collarblue-collarblue-collarblue-collarblue-collarblue-collarblue-collarblue-collarblue-collarblue-collarblue-collarblue-collarblue-collarblue-collarblue-collarblue-collarblue-collarblue-collarblue-collarblue-collarblue-collarblue-collarblue-collarblue-collarblue-collarblue-collarblue-collarblue-collarblue-collarblue-collarblue-collarblue-collarblue-collarblue-collarblue-collarblue-collarblue-collarblue-collarblue-collarblue-collarblue-collarblue-collarblue-collarblue-collarblue-collarblue-collarblue-collarblue-collarblue-collarblue-collarblue-collarblue-collarblue-collarblue-collarblue-collarblue-collarblue-collarblue-collarblue-collarblue-collarblue-collarblue-collarblue-collarblue-collarblue-collarblue-collarblue-collarblue-collarblue-collarblue-collarblue-collarblue-collarblue-collarblue-collarblue-collarblue-collarblue-collarblue-collarblue-collarblue-collarblue-collarblue-collarblue-collarblue-collarblue-collarblue-collarblue-collarblue-collarblue-collarblue-collarblue-collarblue-collarblue-collarblue-collarblue-collarblue-collarblue-collarblue-collarblue-collarblue-collarblue-collarblue-collarblue-collarblue-collarblue-collarblue-collarblue-collarblue-collarblue-collarblue-collarblue-collarblue-collarblue-collarblue-collarblue-collarblue-collarblue-collarblue-collarblue-collarblue-collarblue-collarblue-collarblue-collarblue-collarblue-collarblue-collarblue-collarblue-collarblue-collarblue-collarblue-collarblue-collarblue-collarblue-collarblue-collarblue-collarblue-collarblue-collarblue-collarblue-collarblue-collarblue-collarblue-collarblue-collarblue-collarblue-collarblue-collarblue-collarblue-collarblue-collarblue-collarblue-collarblue-collarblue-collarblue-collarblue-collarblue-collarblue-collarblue-collarblue-collarblue-collarblue-collarblue-collarblue-collarblue-collarblue-collarblue-collarblue-collarblue-collarblue-collarblue-collarblue-collarblue-collarblue-collarblue-collarblue-collarblue-collarblue-collarblue-collarblue-collarblue-collarblue-collarblue-collarblue-collarblue-collarblue-collarblue-collarblue-collarblue-collarblue-collarblue-collarblue-collarblue-collarblue-collarblue-collarblue-collarblue-collarblue-collarblue-collarblue-collarblue-collarblue-collarblue-collarblue-collarblue-collarblue-collarblue-collarblue-collarblue-collarblue-collarblue-collarblue-collarblue-collarblue-collarblue-collarblue-collarblue-collarblue-collarblue-collarblue-collarblue-collarblue-collarblue-collarblue-collarblue-collarblue-collarblue-collarblue-collarblue-collarblue-collarblue-collarblue-collarblue-collarblue-collarblue-collarblue-collarblue-collarblue-collarblue-collarblue-collarblue-collarblue-collarblue-collarblue-collarblue-collarblue-collarblue-collarblue-collarblue-collarblue-collarblue-collarblue-collarblue-collarblue-collarblue-collarblue-collarblue-collarblue-collarblue-collarblue-collarblue-collarblue-collarblue-collarblue-collarblue-collarblue-collarblue-collarblue-collarblue-collarblue-collarblue-collarblue-collarblue-collarblue-collarblue-collarblue-collarblue-collarblue-collarblue-collarblue-collarblue-collarblue-collarblue-collarblue-collarblue-collarblue-collarblue-collarblue-collarblue-collarblue-collarblue-collarblue-collarblue-collarblue-collarblue-collarblue-collarblue-collarblue-collarblue-collarblue-collarblue-collarblue-collarblue-collarblue-collarblue-collarblue-collarblue-collarblue-collarblue-collarblue-collarblue-collarblue-collarblue-collarblue-collarblue-collarblue-collarblue-collarblue-collarblue-collarblue-collarblue-collarblue-collarblue-collarblue-collarblue-collarblue-collarblue-collarblue-collarblue-collarblue-collarblue-collarblue-collarblue-collarblue-collarblue-collarblue-collarblue-collarblue-collarblue-collarblue-collarblue-collarblue-collarblue-collarblue-collarblue-collarblue-collarblue-collarblue-collarblue-collarblue-collarblue-collarblue-collarblue-collarblue-collarblue-collarblue-collarblue-collarblue-collarblue-collarblue-collarblue-collarblue-collarblue-collarblue-collarblue-collarblue-collarblue-collarblue-collarblue-collarblue-collarblue-collarblue-collarblue-collarblue-collarblue-collarblue-collarblue-collarblue-collarblue-collarblue-collarblue-collarblue-collarblue-collarblue-collarblue-collarblue-collarblue-collarblue-collarblue-collarblue-collarblue-collarblue-collarblue-collarblue-collarblue-collarblue-collarblue-collarblue-collarblue-collarblue-collarblue-collarblue-collarblue-collarblue-collarblue-collarblue-collarblue-collarblue-collarblue-collarblue-collarblue-collarblue-collarblue-collarblue-collarblue-collarblue-collarblue-collarblue-collarblue-collarblue-collarblue-collarblue-collarblue-collarblue-collarblue-collarblue-collarblue-collarblue-collarblue-collarblue-collarblue-collarblue-collarblue-collarblue-collarblue-collarblue-collarblue-collarblue-collarblue-collarblue-collarblue-collarblue-collarblue-collarblue-collarblue-collarblue-collarblue-collarblue-collarblue-collarblue-collarblue-collarblue-collarblue-collarblue-collarblue-collarblue-collarblue-collarblue-collarblue-collarblue-collarblue-collarblue-collarblue-collarblue-collarblue-collarblue-collarblue-collarblue-collarblue-collarblue-collarblue-collarblue-collarblue-collarblue-collarblue-collarblue-collarblue-collarblue-collarblue-collarblue-collarblue-collarblue-collarblue-collarblue-collarblue-collarblue-collarblue-collarblue-collarblue-collarblue-collarblue-collarblue-collarblue-collarblue-collarblue-collarblue-collarblue-collarblue-collarblue-collarblue-collarblue-collarblue-collarblue-collarblue-collarblue-collarblue-collarblue-collarblue-collarblue-collarblue-collarblue-collarblue-collarblue-collarblue-collarblue-collarblue-collarblue-collarblue-collarblue-collarblue-collarblue-collarblue-collarblue-collarblue-collarblue-collarblue-collarblue-collarblue-collarblue-collarblue-collarblue-collarblue-collarblue-collarblue-collarblue-collarblue-collarblue-collarblue-collarblue-collarblue-collarblue-collarblue-collarblue-collarblue-collarblue-collarblue-collarblue-collarblue-collarblue-collarblue-collarblue-collarblue-collarblue-collarblue-collarblue-collarblue-collarblue-collarblue-collarblue-collarblue-collarblue-collarblue-collarblue-collarblue-collarblue-collarblue-collarblue-collarblue-collarblue-collarblue-collarblue-collarblue-collarblue-collarblue-collarblue-collarblue-collarblue-collarblue-collarblue-collarblue-collarblue-collarblue-collarblue-collarblue-collarblue-collarblue-collarblue-collarblue-collarblue-collarblue-collarblue-collarblue-collarblue-collarblue-collarblue-collarblue-collarblue-collarblue-collarblue-collarblue-collarblue-collarblue-collarblue-collarblue-collarblue-collarblue-collarblue-collarblue-collarblue-collarblue-collarblue-collarblue-collarblue-collarblue-collarblue-collarblue-collarblue-collarblue-collarblue-collarblue-collarblue-collarblue-collarblue-collarblue-collarblue-collarblue-collarblue-collarblue-collarblue-collarblue-collarblue-collarblue-collarblue-collarblue-collarblue-collarblue-collarblue-collarblue-collarblue-collarblue-collarblue-collarblue-collarblue-collarblue-collarblue-collarblue-collarblue-collarblue-collarblue-collarblue-collarblue-collarblue-collarblue-collarblue-collarblue-collarblue-collarblue-collarblue-collarblue-collarblue-collarblue-collarblue-collarblue-collarblue-collarblue-collarblue-collarblue-collarblue-collarblue-collarblue-collarblue-collarblue-collarblue-collarblue-collarblue-collarblue-collarblue-collarblue-collarblue-collarblue-collarblue-collarblue-collarblue-collarblue-collarblue-collarblue-collarblue-collarblue-collarblue-collarblue-collarblue-collarblue-collarblue-collarblue-collarblue-collarblue-collarblue-collarblue-collarblue-collarblue-collarblue-collarblue-collarblue-collarblue-collarblue-collarblue-collarblue-collarblue-collarblue-collarblue-collarblue-collarblue-collarblue-collarblue-collarblue-collarblue-collarblue-collarblue-collarblue-collarblue-collarblue-collarblue-collarblue-collarblue-collarblue-collarblue-collarblue-collarblue-collarblue-collarblue-collarblue-collarblue-collarblue-collarblue-collarblue-collarblue-collarblue-collarblue-collarblue-collarblue-collarblue-collarblue-collarblue-collarblue-collarblue-collarblue-collarblue-collarblue-collarblue-collarblue-collarblue-collarblue-collarblue-collarblue-collarblue-collarblue-collarblue-collarblue-collarblue-collarblue-collarblue-collarblue-collarblue-collarblue-collarblue-collarblue-collarblue-collarblue-collarblue-collarblue-collarblue-collarblue-collarblue-collarblue-collarblue-collarblue-collarblue-collarblue-collarblue-collarblue-collarblue-collarblue-collarblue-collarblue-collarblue-collarblue-collarblue-collarblue-collarblue-collarblue-collarblue-collarblue-collarblue-collarblue-collarblue-collarblue-collarblue-collarblue-collarblue-collarblue-collarblue-collarblue-collarblue-collarblue-collarblue-collarblue-collarblue-collarblue-collarblue-collarblue-collarblue-collarblue-collarblue-collarblue-collarblue-collarblue-collarblue-collarblue-collarblue-collarblue-collarblue-collarblue-collarblue-collarblue-collarblue-collarblue-collarblue-collarblue-collarblue-collarblue-collarblue-collarblue-collarblue-collarblue-collarblue-collarblue-collarblue-collarblue-collarblue-collarblue-collarblue-collarblue-collarblue-collarblue-collarblue-collarblue-collarblue-collarblue-collarblue-collarblue-collarblue-collarblue-collarblue-collarblue-collarblue-collarblue-collarblue-collarblue-collarblue-collarblue-collarblue-collarblue-collarblue-collarblue-collarblue-collarblue-collarblue-collarblue-collarblue-collarblue-collarblue-collarblue-collarblue-collarblue-collarblue-collarblue-collarblue-collarblue-collarblue-collarblue-collarblue-collarblue-collarblue-collarblue-collarblue-collarblue-collarblue-collarblue-collarblue-collarblue-collarblue-collarblue-collarblue-collarblue-collarblue-collarblue-collarblue-collarblue-collarblue-collarblue-collarblue-collarblue-collarblue-collarblue-collarblue-collarblue-collarblue-collarblue-collarblue-collarblue-collarblue-collarblue-collarblue-collarblue-collarblue-collarblue-collarblue-collarblue-collarblue-collarblue-collarblue-collarblue-collarblue-collarblue-collarblue-collarblue-collarblue-collarblue-collarblue-collarblue-collarblue-collarblue-collarblue-collarblue-collarblue-collarblue-collarblue-collarblue-collarblue-collarblue-collarblue-collarblue-collarblue-collarblue-collarblue-collarblue-collarblue-collarblue-collarblue-collarblue-collarblue-collarblue-collarblue-collarblue-collarblue-collarblue-collarblue-collarblue-collarblue-collarblue-collarblue-collarblue-collarblue-collarblue-collarblue-collarblue-collarblue-collarblue-collarblue-collarblue-collarblue-collarblue-collarblue-collarblue-collarblue-collarblue-collarblue-collarblue-collarblue-collarblue-collarblue-collarblue-collarblue-collarblue-collarblue-collarblue-collarblue-collarblue-collarblue-collarblue-collarblue-collarblue-collarblue-collarblue-collarblue-collarblue-collarblue-collarblue-collarblue-collarblue-collarblue-collarblue-collarblue-collarblue-collarblue-collarblue-collarblue-collarblue-collarblue-collarblue-collarblue-collarblue-collarblue-collarblue-collarblue-collarblue-collarblue-collarblue-collarblue-collarblue-collarblue-collarblue-collarblue-collarblue-collarblue-collarblue-collarblue-collarblue-collarblue-collarblue-collarblue-collarblue-collarblue-collarblue-collarblue-collarblue-collarblue-collarblue-collarblue-collarblue-collarblue-collarblue-collarblue-collarblue-collarblue-collarblue-collarblue-collarblue-collarblue-collarblue-collarblue-collarblue-collarblue-collarblue-collarblue-collarblue-collarblue-collarblue-collarblue-collarblue-collarblue-collarblue-collarblue-collarblue-collarblue-collarblue-collarblue-collarblue-collarblue-collarblue-collarblue-collarblue-collarblue-collarblue-collarblue-collarblue-collarblue-collarblue-collarblue-collarblue-collarblue-collarblue-collarblue-collarblue-collarblue-collarblue-collarblue-collarblue-collarblue-collarblue-collarblue-collarblue-collarblue-collarblue-collarblue-collarblue-collarblue-collarblue-collarblue-collarblue-collarblue-collarblue-collarblue-collarblue-collarblue-collarblue-collarblue-collarblue-collarblue-collarblue-collarblue-collarblue-collarblue-collarblue-collarblue-collarblue-collarblue-collarblue-collarblue-collarblue-collarblue-collarblue-collarblue-collarblue-collarblue-collarblue-collarblue-collarblue-collarblue-collarblue-collarblue-collarblue-collarblue-collarblue-collarblue-collarblue-collarblue-collarblue-collarblue-collarblue-collarblue-collarblue-collarblue-collarblue-collarblue-collarblue-collarblue-collarblue-collarblue-collarblue-collarblue-collarblue-collarblue-collarblue-collarblue-collarblue-collarblue-collarblue-collarblue-collarblue-collarblue-collarblue-collarblue-collarblue-collarblue-collarblue-collarblue-collarblue-collarblue-collarblue-collarblue-collarblue-collarblue-collarblue-collarblue-collarblue-collarblue-collarblue-collarblue-collarblue-collarblue-collarblue-collarblue-collarblue-collarblue-collarblue-collarblue-collarblue-collarblue-collarblue-collarblue-collarblue-collarblue-collarblue-collarblue-collarblue-collarblue-collarblue-collarblue-collarblue-collarblue-collarblue-collarblue-collarblue-collarblue-collarblue-collarblue-collarblue-collarblue-collarblue-collarblue-collarblue-collarblue-collarblue-collarblue-collarblue-collarblue-collarblue-collarblue-collarblue-collarblue-collarblue-collarblue-collarblue-collarblue-collarblue-collarblue-collarblue-collarblue-collarblue-collarblue-collarblue-collarblue-collarblue-collarblue-collarblue-collarblue-collarblue-collarblue-collarblue-collarblue-collarblue-collarblue-collarblue-collarblue-collarblue-collarblue-collarblue-collarblue-collarblue-collarblue-collarblue-collarblue-collarblue-collarblue-collarblue-collarblue-collarblue-collarblue-collarblue-collarblue-collarblue-collarblue-collarblue-collarblue-collarblue-collarblue-collarblue-collarblue-collarblue-collarblue-collarblue-collarblue-collarblue-collarblue-collarblue-collarblue-collarblue-collarblue-collarblue-collarblue-collarblue-collarblue-collarblue-collarblue-collarblue-collarblue-collarblue-collarblue-collarblue-collarblue-collarblue-collarblue-collarblue-collarblue-collarblue-collarblue-collarblue-collarblue-collarblue-collarblue-collarblue-collarblue-collarblue-collarblue-collarblue-collarblue-collarblue-collarblue-collarblue-collarblue-collarblue-collarblue-collarblue-collarblue-collarblue-collarblue-collarblue-collarblue-collarblue-collarblue-collarblue-collarblue-collarblue-collarblue-collarblue-collarblue-collarblue-collarblue-collarblue-collarblue-collarblue-collarblue-collarblue-collarblue-collarblue-collarblue-collarblue-collarblue-collarblue-collarblue-collarblue-collarblue-collarblue-collarblue-collarblue-collarblue-collarblue-collarblue-collarblue-collarblue-collarblue-collarblue-collarblue-collarblue-collarblue-collarblue-collarblue-collarblue-collarblue-collarblue-collarblue-collarblue-collarblue-collarblue-collarblue-collarblue-collarblue-collarblue-collarblue-collarblue-collarblue-collarblue-collarblue-collarblue-collarblue-collarblue-collarblue-collarblue-collarblue-collarblue-collarblue-collarblue-collarblue-collarblue-collarblue-collarblue-collarblue-collarblue-collarblue-collarblue-collarblue-collarblue-collarblue-collarblue-collarblue-collarblue-collarblue-collarblue-collarblue-collarblue-collarblue-collarblue-collarblue-collarblue-collarblue-collarblue-collarblue-collarblue-collarblue-collarblue-collarblue-collarblue-collarblue-collarblue-collarblue-collarblue-collarblue-collarblue-collarblue-collarblue-collarblue-collarblue-collarblue-collarblue-collarblue-collarblue-collarblue-collarblue-collarblue-collarblue-collarblue-collarblue-collarblue-collarblue-collarblue-collarblue-collarblue-collarblue-collarblue-collarblue-collarblue-collarblue-collarblue-collarblue-collarblue-collarblue-collarblue-collarblue-collarblue-collarblue-collarblue-collarblue-collarblue-collarblue-collarblue-collarblue-collarblue-collarblue-collarblue-collarblue-collarblue-collarblue-collarblue-collarblue-collarblue-collarblue-collarblue-collarblue-collarblue-collarblue-collarblue-collarblue-collarblue-collarblue-collarblue-collarblue-collarblue-collarblue-collarblue-collarblue-collarblue-collarblue-collarblue-collarblue-collarblue-collarblue-collarblue-collarblue-collarblue-collarblue-collarblue-collarblue-collarblue-collarblue-collarblue-collarblue-collarblue-collarblue-collarblue-collarblue-collarblue-collarblue-collarblue-collarblue-collarblue-collarblue-collarblue-collarblue-collarblue-collarblue-collarblue-collarblue-collarblue-collarblue-collarblue-collarblue-collarblue-collarblue-collarblue-collarblue-collarblue-collarblue-collarblue-collarblue-collarblue-collarblue-collarblue-collarblue-collarblue-collarblue-collarblue-collarblue-collarblue-collarblue-collarblue-collarblue-collarblue-collarblue-collarblue-collarblue-collarblue-collarblue-collarblue-collarblue-collarblue-collarblue-collarblue-collarblue-collarblue-collarblue-collarblue-collarblue-collarblue-collarblue-collarblue-collarblue-collarblue-collarblue-collarblue-collarblue-collarblue-collarblue-collarblue-collarblue-collarblue-collarblue-collarblue-collarblue-collarblue-collarblue-collarblue-collarblue-collarblue-collarblue-collarblue-collarblue-collarblue-collarblue-collarblue-collarblue-collarblue-collarblue-collarblue-collarblue-collarblue-collarblue-collarblue-collarblue-collarblue-collarblue-collarblue-collarblue-collarblue-collarblue-collarblue-collarblue-collarblue-collarblue-collarblue-collarblue-collarblue-collarblue-collarblue-collarblue-collarblue-collarblue-collarblue-collarblue-collarblue-collarblue-collarblue-collarblue-collarblue-collarblue-collarblue-collarblue-collarblue-collarblue-collarblue-collarblue-collarblue-collarblue-collarblue-collarblue-collarblue-collarblue-collarblue-collarblue-collarblue-collarblue-collarblue-collarblue-collarblue-collarblue-collarblue-collarblue-collarblue-collarblue-collarblue-collarblue-collarblue-collarblue-collarblue-collarblue-collarblue-collarblue-collarblue-collarblue-collarblue-collarblue-collarblue-collarblue-collarblue-collarblue-collarblue-collarblue-collarblue-collarblue-collarblue-collarblue-collarblue-collarblue-collarblue-collarblue-collarblue-collarblue-collarblue-collarblue-collarblue-collarblue-collarblue-collarblue-collarblue-collarblue-collarblue-collarblue-collarblue-collarblue-collarblue-collarblue-collarblue-collarblue-collarblue-collarblue-collarblue-collarblue-collarblue-collarblue-collarblue-collarblue-collarblue-collarblue-collarblue-collarblue-collarblue-collarblue-collarblue-collarblue-collarblue-collarblue-collarblue-collarblue-collarblue-collarblue-collarblue-collarblue-collarblue-collarblue-collarblue-collarblue-collarblue-collarblue-collarblue-collarblue-collarblue-collarblue-collarblue-collarblue-collarblue-collarblue-collarblue-collarblue-collarblue-collarblue-collarblue-collarblue-collarblue-collarblue-collarblue-collarblue-collarblue-collarblue-collarblue-collarblue-collarblue-collarblue-collarblue-collarblue-collarblue-collarblue-collarblue-collarblue-collarblue-collarblue-collarblue-collarblue-collarblue-collarblue-collarblue-collarblue-collarblue-collarblue-collarblue-collarblue-collarblue-collarblue-collarblue-collarblue-collarblue-collarblue-collarblue-collarblue-collarblue-collarblue-collarblue-collarblue-collarblue-collarblue-collarblue-collarblue-collarblue-collarblue-collarblue-collarblue-collarblue-collarblue-collarblue-collarblue-collarblue-collarblue-collarblue-collarblue-collarblue-collarblue-collarblue-collarblue-collarblue-collarblue-collarblue-collarblue-collarblue-collarblue-collarblue-collarblue-collarblue-collarblue-collarblue-collarblue-collarblue-collarblue-collarblue-collarblue-collarblue-collarblue-collarblue-collarblue-collarblue-collarblue-collarblue-collarblue-collarblue-collarblue-collarblue-collarblue-collarblue-collarblue-collarblue-collarblue-collarblue-collarblue-collarblue-collarblue-collarblue-collarblue-collarblue-collarblue-collarblue-collarblue-collarblue-collarblue-collarblue-collarblue-collarblue-collarblue-collarblue-collarblue-collarblue-collarblue-collarblue-collarblue-collarblue-collarblue-collarblue-collarblue-collarblue-collarblue-collarblue-collarblue-collarblue-collarblue-collarblue-collarblue-collarblue-collarblue-collarblue-collarblue-collarblue-collarblue-collarblue-collarblue-collarblue-collarblue-collarblue-collarblue-collarblue-collarblue-collarblue-collarblue-collarblue-collarblue-collarblue-collarblue-collarblue-collarblue-collarblue-collarblue-collarblue-collarblue-collarblue-collarblue-collarblue-collarblue-collarblue-collarblue-collarblue-collarblue-collarblue-collarblue-collarblue-collarblue-collarblue-collarblue-collarblue-collarblue-collarblue-collarblue-collarblue-collarblue-collarblue-collarblue-collarblue-collarblue-collarblue-collarblue-collarblue-collarblue-collarblue-collarblue-collarblue-collarblue-collarblue-collarblue-collarblue-collarblue-collarblue-collarblue-collarblue-collarblue-collarblue-collarblue-collarblue-collarblue-collarblue-collarblue-collarblue-collarblue-collarblue-collarblue-collarblue-collarblue-collarblue-collarblue-collarblue-collarblue-collarblue-collarblue-collarblue-collarblue-collarblue-collarblue-collarblue-collarblue-collarblue-collarblue-collarblue-collarblue-collarblue-collarblue-collarblue-collarblue-collarblue-collarblue-collarblue-collarblue-collarblue-collarblue-collarblue-collarblue-collarblue-collarblue-collarblue-collarblue-collarblue-collarblue-collarblue-collarblue-collarblue-collarblue-collarblue-collarblue-collarblue-collarblue-collarblue-collarblue-collarblue-collarblue-collarblue-collarblue-collarblue-collarblue-collarblue-collarblue-collarblue-collarblue-collarblue-collarblue-collarblue-collarblue-collarblue-collarblue-collarblue-collarblue-collarblue-collarblue-collarblue-collarblue-collarblue-collarblue-collarblue-collarblue-collarblue-collarblue-collarblue-collarblue-collarblue-collarblue-collarblue-collarblue-collarblue-collarblue-collarblue-collarblue-collarblue-collarblue-collarblue-collarblue-collarblue-collarblue-collarblue-collarblue-collarblue-collarblue-collarblue-collarblue-collarblue-collarblue-collarblue-collarblue-collarblue-collarblue-collarblue-collarblue-collarblue-collarblue-collarblue-collarblue-collarblue-collarblue-collarblue-collarblue-collarblue-collarblue-collarblue-collarblue-collarblue-collarblue-collarblue-collarblue-collarblue-collarblue-collarblue-collarblue-collarblue-collarblue-collarblue-collarblue-collarblue-collarblue-collarblue-collarblue-collarblue-collarblue-collarblue-collarblue-collarblue-collarblue-collarblue-collarblue-collarblue-collarblue-collarblue-collarblue-collarblue-collarblue-collarblue-collarblue-collarblue-collarblue-collarblue-collarblue-collarblue-collarblue-collarblue-collarblue-collarblue-collarblue-collarblue-collarblue-collarblue-collarblue-collarblue-collarblue-collarblue-collarblue-collarblue-collarblue-collarblue-collarblue-collarblue-collarblue-collarblue-collarblue-collarblue-collarblue-collarblue-collarblue-collarblue-collarblue-collarblue-collarblue-collarblue-collarblue-collarblue-collarblue-collarblue-collarblue-collarblue-collarblue-collarblue-collarblue-collarblue-collarblue-collarblue-collarblue-collarblue-collarblue-collarblue-collarblue-collarblue-collarblue-collarblue-collarblue-collarblue-collarblue-collarblue-collarblue-collarblue-collarblue-collarblue-collarblue-collarblue-collarblue-collarblue-collarblue-collarblue-collarblue-collarblue-collarblue-collarblue-collarblue-collarblue-collarblue-collarblue-collarblue-collarblue-collarblue-collarblue-collarblue-collarblue-collarblue-collarblue-collarblue-collarblue-collarblue-collarblue-collarblue-collarblue-collarblue-collarblue-collarblue-collarblue-collarblue-collarblue-collarblue-collarblue-collarblue-collarblue-collarblue-collarblue-collarblue-collarblue-collarblue-collarblue-collarblue-collarblue-collarblue-collarblue-collarblue-collarblue-collarblue-collarblue-collarblue-collarblue-collarblue-collarblue-collarblue-collarblue-collarblue-collarblue-collarblue-collarblue-collarblue-collarblue-collarblue-collarblue-collarblue-collarblue-collarblue-collarblue-collarblue-collarblue-collarblue-collarblue-collarblue-collarblue-collarblue-collarblue-collarblue-collarblue-collarblue-collarblue-collarblue-collarblue-collarblue-collarblue-collarblue-collarblue-collarblue-collarblue-collarblue-collarblue-collarblue-collarblue-collarblue-collarblue-collarblue-collarblue-collarblue-collarblue-collarblue-collarblue-collarblue-collarblue-collarblue-collarblue-collarblue-collarblue-collarblue-collarblue-collarblue-collarblue-collarblue-collarblue-collarblue-collarblue-collarblue-collarblue-collarblue-collarblue-collarblue-collarblue-collarblue-collarblue-collarblue-collarblue-collarblue-collarblue-collarblue-collarblue-collarblue-collarblue-collarblue-collarblue-collarblue-collarblue-collarblue-collarblue-collarblue-collarblue-collarblue-collarblue-collarblue-collarblue-collarblue-collarblue-collarblue-collarblue-collarblue-collarblue-collarblue-collarblue-collarblue-collarblue-collarblue-collarblue-collarblue-collarblue-collarblue-collarblue-collarblue-collarblue-collarblue-collarblue-collarblue-collarblue-collarblue-collarblue-collarblue-collarblue-collarblue-collarblue-collarblue-collarblue-collarblue-collarblue-collarblue-collarblue-collarblue-collarblue-collarblue-collarblue-collarblue-collarblue-collarblue-collarblue-collarblue-collarblue-collarblue-collarblue-collarblue-collarblue-collarblue-collarblue-collarblue-collarblue-collarblue-collarblue-collarblue-collarblue-collarblue-collarblue-collarblue-collarblue-collarblue-collarblue-collarblue-collarblue-collarblue-collarblue-collarblue-collarblue-collarblue-collarblue-collarblue-collarblue-collarblue-collarblue-collarblue-collarblue-collarblue-collarblue-collarblue-collarblue-collarblue-collarblue-collarblue-collarblue-collarblue-collarblue-collarblue-collarblue-collarblue-collarblue-collarblue-collarblue-collarblue-collarblue-collarblue-collarblue-collarblue-collarblue-collarblue-collarblue-collarblue-collarblue-collarblue-collarblue-collarblue-collarblue-collarblue-collarblue-collarblue-collarblue-collarblue-collarblue-collarblue-collarblue-collarblue-collarblue-collarblue-collarblue-collarblue-collarblue-collarblue-collarblue-collarblue-collarblue-collarblue-collarblue-collarblue-collarblue-collarblue-collarblue-collarblue-collarblue-collarblue-collarblue-collarblue-collarblue-collarblue-collarblue-collarblue-collarblue-collarblue-collarblue-collarblue-collarblue-collarblue-collarblue-collarblue-collarblue-collarblue-collarblue-collarblue-collarblue-collarblue-collarblue-collarblue-collarblue-collarblue-collarblue-collarblue-collarblue-collarblue-collarblue-collarblue-collarblue-collarblue-collarblue-collarblue-collarblue-collarblue-collarblue-collarblue-collarblue-collarblue-collarblue-collarblue-collarblue-collarblue-collarblue-collarblue-collarblue-collarblue-collarblue-collarblue-collarblue-collarblue-collarblue-collarblue-collarblue-collarblue-collarblue-collarblue-collarblue-collarblue-collarblue-collarblue-collarblue-collarblue-collarblue-collarblue-collarblue-collarblue-collarblue-collarblue-collarblue-collarblue-collarblue-collarblue-collarblue-collarblue-collarblue-collarblue-collarblue-collarblue-collarblue-collarblue-collarblue-collarblue-collarblue-collarblue-collarblue-collarblue-collarblue-collarblue-collarblue-collarblue-collarblue-collarblue-collarblue-collarblue-collarblue-collarblue-collarblue-collarblue-collarblue-collarblue-collarblue-collarblue-collarblue-collarblue-collarblue-collarblue-collarblue-collarblue-collarblue-collarblue-collarblue-collarblue-collarblue-collarblue-collarblue-collarblue-collarblue-collarblue-collarblue-collarblue-collarblue-collarblue-collarblue-collarblue-collarblue-collarblue-collarblue-collarblue-collarblue-collarblue-collarblue-collarblue-collarblue-collarblue-collarblue-collarblue-collarblue-collarblue-collarblue-collarblue-collarblue-collarblue-collarblue-collarblue-collarblue-collarblue-collarblue-collarblue-collarblue-collarblue-collarblue-collarblue-collarblue-collarblue-collarblue-collarblue-collarblue-collarblue-collarblue-collarblue-collarblue-collarblue-collarblue-collarblue-collarblue-collarblue-collarblue-collarblue-collarblue-collarblue-collarblue-collarblue-collarblue-collarblue-collarblue-collarblue-collarblue-collarblue-collarblue-collarblue-collarblue-collarblue-collarblue-collarblue-collarblue-collarblue-collarblue-collarblue-collarblue-collarblue-collarblue-collarblue-collarblue-collarblue-collarblue-collarblue-collarblue-collarblue-collarblue-collarblue-collarblue-collarblue-collarblue-collarblue-collarblue-collarblue-collarblue-collarblue-collarblue-collarblue-collarblue-collarblue-collarblue-collarblue-collarblue-collarblue-collarblue-collarblue-collarblue-collarblue-collarblue-collarblue-collarblue-collarblue-collarblue-collarblue-collarblue-collarblue-collarblue-collarblue-collarblue-collarblue-collarblue-collarblue-collarblue-collarblue-collarblue-collarblue-collarblue-collarblue-collarblue-collarblue-collarblue-collarblue-collarblue-collarblue-collarblue-collarblue-collarblue-collarblue-collarblue-collarblue-collarblue-collarblue-collarblue-collarblue-collarblue-collarblue-collarblue-collarblue-collarblue-collarblue-collarblue-collarblue-collarblue-collarblue-collarblue-collarblue-collarblue-collarblue-collarblue-collarblue-collarblue-collarblue-collarblue-collarblue-collarblue-collarblue-collarblue-collarblue-collarblue-collarblue-collarblue-collarblue-collarblue-collarblue-collarblue-collarblue-collarblue-collarblue-collarblue-collarblue-collarblue-collarblue-collarblue-collarblue-collarblue-collarblue-collarblue-collarblue-collarblue-collarblue-collarblue-collarblue-collarblue-collarblue-collarblue-collarblue-collarblue-collarblue-collarblue-collarblue-collarblue-collarblue-collarblue-collarblue-collarblue-collarblue-collarblue-collarblue-collarblue-collarblue-collarblue-collarblue-collarblue-collarblue-collarblue-collarblue-collarblue-collarblue-collarblue-collarblue-collarblue-collarblue-collarblue-collarblue-collarblue-collarblue-collarblue-collarblue-collarblue-collarblue-collarblue-collarblue-collarblue-collarblue-collarblue-collarblue-collarblue-collarblue-collarblue-collarblue-collarblue-collarblue-collarblue-collarblue-collarblue-collarblue-collarblue-collarblue-collarblue-collarblue-collarblue-collarblue-collarblue-collarblue-collarblue-collarblue-collarblue-collarblue-collarblue-collarblue-collarblue-collarblue-collarblue-collarblue-collarblue-collarblue-collarblue-collarblue-collarblue-collarblue-collarblue-collarblue-collarblue-collarblue-collarblue-collarblue-collarblue-collarblue-collarblue-collarblue-collarblue-collarblue-collarblue-collarblue-collarblue-collarblue-collarblue-collarblue-collarblue-collarblue-collarblue-collarblue-collarblue-collarblue-collarblue-collarblue-collarblue-collarblue-collarblue-collarblue-collarblue-collarblue-collarblue-collarblue-collarblue-collarblue-collarblue-collarblue-collarblue-collarblue-collarblue-collarblue-collarblue-collarblue-collarblue-collarblue-collarblue-collarblue-collarblue-collarblue-collarblue-collarblue-collarblue-collarblue-collarblue-collarblue-collarblue-collarblue-collarblue-collarblue-collarblue-collarblue-collarblue-collarblue-collarblue-collarblue-collarblue-collarblue-collarblue-collarblue-collarblue-collarblue-collarblue-collarblue-collarblue-collarblue-collarblue-collarblue-collarblue-collarblue-collarblue-collarblue-collarblue-collarblue-collarblue-collarblue-collarblue-collarblue-collarblue-collarblue-collarblue-collarblue-collarblue-collarblue-collarblue-collarblue-collarblue-collarblue-collarblue-collarblue-collarblue-collarblue-collarblue-collarblue-collarblue-collarblue-collarblue-collarblue-collarblue-collarblue-collarblue-collarblue-collarblue-collarblue-collarblue-collarblue-collarblue-collarblue-collarblue-collarblue-collarblue-collarblue-collarblue-collarblue-collarblue-collarblue-collarblue-collarblue-collarblue-collarblue-collarblue-collarblue-collarblue-collarblue-collarblue-collarblue-collarblue-collarblue-collarblue-collarblue-collarblue-collarblue-collarblue-collarblue-collarblue-collarblue-collarblue-collarblue-collarblue-collarblue-collarblue-collarblue-collarblue-collarblue-collarblue-collarblue-collarblue-collarblue-collarblue-collarblue-collarblue-collarblue-collarblue-collarblue-collarblue-collarblue-collarblue-collarblue-collarblue-collarblue-collarblue-collarblue-collarblue-collarblue-collarblue-collarblue-collarblue-collarblue-collarblue-collarblue-collarblue-collarblue-collarblue-collarblue-collarblue-collarblue-collarblue-collarblue-collarblue-collarblue-collarblue-collarblue-collarblue-collarblue-collarblue-collarblue-collarblue-collarblue-collarblue-collarblue-collarblue-collarblue-collarblue-collarblue-collarblue-collarblue-collarblue-collarblue-collarblue-collarblue-collarblue-collarblue-collarblue-collarblue-collarblue-collarblue-collarblue-collarblue-collarblue-collarblue-collarblue-collarblue-collarblue-collarblue-collarblue-collarblue-collarblue-collarblue-collarblue-collarblue-collarblue-collarblue-collarblue-collarblue-collarblue-collarblue-collarblue-collarblue-collarblue-collarblue-collarblue-collarblue-collarblue-collarblue-collarblue-collarblue-collarblue-collarblue-collarblue-collarblue-collarblue-collarblue-collarblue-collarblue-collarblue-collarblue-collarblue-collarblue-collarblue-collarblue-collarblue-collarblue-collarblue-collarblue-collarblue-collarblue-collarblue-collarblue-collarblue-collarblue-collarblue-collarblue-collarblue-collarblue-collarblue-collarblue-collarblue-collarblue-collarblue-collarblue-collarblue-collarblue-collarblue-collarblue-collarblue-collarblue-collarblue-collarblue-collarblue-collarblue-collarblue-collarblue-collarblue-collarblue-collarblue-collarblue-collarblue-collarblue-collarblue-collarblue-collarblue-collarblue-collarblue-collarblue-collarblue-collarblue-collarblue-collarblue-collarblue-collarblue-collarblue-collarblue-collarblue-collarblue-collarblue-collarblue-collarblue-collarblue-collarblue-collarblue-collarblue-collarblue-collarblue-collarblue-collarblue-collarblue-collarblue-collarblue-collarblue-collarblue-collarblue-collarblue-collarblue-collarblue-collarblue-collarblue-collarblue-collarblue-collarblue-collarblue-collarblue-collarblue-collarblue-collarblue-collarblue-collarblue-collarblue-collarblue-collarblue-collarblue-collarblue-collarblue-collarblue-collarblue-collarblue-collarblue-collarblue-collarblue-collarblue-collarblue-collarblue-collarblue-collarblue-collarblue-collarblue-collarblue-collarblue-collarblue-collarblue-collarblue-collarblue-collarblue-collarblue-collarblue-collarblue-collarblue-collarblue-collarblue-collarblue-collarblue-collarblue-collarblue-collarblue-collarblue-collarblue-collarblue-collarblue-collarblue-collarblue-collarblue-collarblue-collarblue-collarblue-collarblue-collarblue-collarblue-collarblue-collarblue-collarblue-collarblue-collarblue-collarblue-collarblue-collarblue-collarblue-collarblue-collarblue-collarblue-collarblue-collarblue-collarblue-collarblue-collarblue-collarblue-collarblue-collarblue-collarblue-collarblue-collarblue-collarblue-collarblue-collarblue-collarblue-collarblue-collarblue-collarblue-collarblue-collarblue-collarblue-collarblue-collarblue-collarblue-collarblue-collarblue-collarblue-collarblue-collarblue-collarblue-collarblue-collarblue-collarblue-collarblue-collarblue-collarblue-collarblue-collarblue-collarblue-collarblue-collarblue-collarblue-collarblue-collarblue-collarblue-collarblue-collarblue-collarblue-collarblue-collarblue-collarblue-collarblue-collarblue-collarblue-collarblue-collarblue-collarblue-collarblue-collarblue-collarblue-collarblue-collarblue-collarblue-collarblue-collarblue-collarblue-collarblue-collarblue-collarblue-collarblue-collarblue-collarblue-collarblue-collarblue-collarblue-collarblue-collarblue-collarblue-collarblue-collarblue-collarblue-collarblue-collarblue-collarblue-collarblue-collarblue-collarblue-collarblue-collarblue-collarblue-collarblue-collarblue-collarblue-collarblue-collarblue-collarblue-collarblue-collarblue-collarblue-collarblue-collarblue-collarblue-collarblue-collarblue-collarblue-collarblue-collarblue-collarblue-collarblue-collarblue-collarblue-collarblue-collarblue-collarblue-collarblue-collarblue-collarblue-collarblue-collarblue-collarblue-collarblue-collarblue-collarblue-collarblue-collarblue-collarblue-collarblue-collarblue-collarblue-collarblue-collarblue-collarblue-collarblue-collarblue-collarblue-collarblue-collarblue-collarblue-collarblue-collarblue-collarblue-collarblue-collarblue-collarblue-collarblue-collarblue-collarblue-collarblue-collarblue-collarblue-collarblue-collarblue-collarblue-collarblue-collarblue-collarblue-collarblue-collarblue-collarblue-collarblue-collarblue-collarblue-collarblue-collarblue-collarblue-collarblue-collarblue-collarblue-collarblue-collarblue-collarblue-collarblue-collarblue-collarblue-collarblue-collarblue-collarblue-collarblue-collarblue-collarblue-collarblue-collarblue-collarblue-collarblue-collarblue-collarblue-collarblue-collarblue-collarblue-collarblue-collarblue-collarblue-collarblue-collarblue-collarblue-collarblue-collarblue-collarblue-collarblue-collarblue-collarblue-collarblue-collarblue-collarblue-collarblue-collarblue-collarblue-collarblue-collarblue-collarblue-collarblue-collarblue-collarblue-collarblue-collarblue-collarblue-collarblue-collarblue-collarblue-collarblue-collarblue-collarblue-collarblue-collarblue-collarblue-collarblue-collarblue-collarblue-collarblue-collarblue-collarblue-collarblue-collarblue-collarblue-collarblue-collarblue-collarblue-collarblue-collarblue-collarblue-collarblue-collarblue-collarblue-collarblue-collarblue-collarblue-collarblue-collarblue-collarblue-collarblue-collarblue-collarblue-collarblue-collarblue-collarblue-collarblue-collarblue-collarblue-collarblue-collarblue-collarblue-collarblue-collarblue-collarblue-collarblue-collarblue-collarblue-collarblue-collarblue-collarblue-collarblue-collarblue-collarblue-collarblue-collarblue-collarblue-collarblue-collarblue-collarblue-collarblue-collarblue-collarblue-collarblue-collarblue-collarblue-collarblue-collarblue-collarblue-collarblue-collarblue-collarblue-collarblue-collarblue-collarblue-collarblue-collarblue-collarblue-collarblue-collarblue-collarblue-collarblue-collarblue-collarblue-collarblue-collarblue-collarblue-collarblue-collarblue-collarblue-collarblue-collarblue-collarblue-collarblue-collarblue-collarblue-collarblue-collarblue-collarblue-collarblue-collarblue-collarblue-collarblue-collarblue-collarblue-collarblue-collarblue-collarblue-collarblue-collarblue-collarblue-collarblue-collarblue-collarblue-collarblue-collarblue-collarblue-collarblue-collarblue-collarblue-collarblue-collarblue-collarblue-collarblue-collarblue-collarblue-collarblue-collarblue-collarblue-collarblue-collarblue-collarblue-collarblue-collarblue-collarblue-collarblue-collarblue-collarblue-collarblue-collarblue-collarblue-collarblue-collarblue-collarblue-collarblue-collarblue-collarblue-collarblue-collarblue-collarblue-collarblue-collarblue-collarblue-collarblue-collarblue-collarblue-collarblue-collarblue-collarblue-collarblue-collarblue-collarblue-collarblue-collarblue-collarblue-collarblue-collarblue-collarblue-collarblue-collarblue-collarblue-collarblue-collarblue-collarblue-collarblue-collarblue-collarblue-collarblue-collarblue-collarblue-collarblue-collarblue-collarblue-collarblue-collarblue-collarblue-collarblue-collarblue-collarblue-collarblue-collarblue-collarblue-collarblue-collarblue-collarblue-collarblue-collarblue-collarblue-collarblue-collarblue-collarblue-collarblue-collarblue-collarblue-collarblue-collarblue-collarblue-collarblue-collarblue-collarblue-collarblue-collarblue-collarblue-collarblue-collarblue-collarblue-collarblue-collarblue-collarblue-collarblue-collarblue-collarblue-collarblue-collarblue-collarblue-collarblue-collarblue-collarblue-collarblue-collarblue-collarblue-collarblue-collarblue-collarblue-collarblue-collarblue-collarblue-collarblue-collarblue-collarblue-collarblue-collarblue-collarblue-collarblue-collarblue-collarblue-collarblue-collarblue-collarblue-collarblue-collarblue-collarblue-collarblue-collarblue-collarblue-collarblue-collarblue-collarblue-collarblue-collarblue-collarblue-collarblue-collarblue-collarblue-collarblue-collarblue-collarblue-collarblue-collarblue-collarblue-collarblue-collarblue-collarblue-collarblue-collarblue-collarblue-collarblue-collarblue-collarblue-collarblue-collarblue-collarblue-collarblue-collarblue-collarblue-collarblue-collarblue-collarblue-collarblue-collarblue-collarblue-collarblue-collarblue-collarblue-collarblue-collarblue-collarblue-collarblue-collarblue-collarblue-collarblue-collarblue-collarblue-collarblue-collarblue-collarblue-collarblue-collarblue-collarblue-collarblue-collarblue-collarblue-collarblue-collarblue-collarblue-collarblue-collarblue-collarblue-collarblue-collarblue-collarblue-collarblue-collarblue-collarblue-collarblue-collarblue-collarblue-collarblue-collarblue-collarblue-collarblue-collarblue-collarblue-collarblue-collarblue-collarblue-collarblue-collarblue-collarblue-collarblue-collarblue-collarblue-collarblue-collarblue-collarblue-collarblue-collarblue-collarblue-collarblue-collarblue-collarblue-collarblue-collarblue-collarblue-collarblue-collarblue-collarblue-collarblue-collarblue-collarblue-collarblue-collarblue-collarblue-collarblue-collarblue-collarblue-collarblue-collarblue-collarblue-collarblue-collarblue-collarblue-collarblue-collarblue-collarblue-collarblue-collarblue-collarblue-collarblue-collarblue-collarblue-collarblue-collarblue-collarblue-collarblue-collarblue-collarblue-collarblue-collarblue-collarblue-collarblue-collarblue-collarblue-collarblue-collarblue-collarblue-collarblue-collarblue-collarblue-collarblue-collarblue-collarblue-collarblue-collarblue-collarblue-collarblue-collarblue-collarblue-collarblue-collarblue-collarblue-collarblue-collarblue-collarblue-collarblue-collarblue-collarblue-collarblue-collarblue-collarblue-collarblue-collarblue-collarblue-collarblue-collarblue-collarblue-collarblue-collarblue-collarblue-collarblue-collarblue-collarblue-collarblue-collarblue-collarblue-collarblue-collarblue-collarblue-collarblue-collarblue-collarblue-collarblue-collarblue-collarblue-collarblue-collarblue-collarblue-collarblue-collarblue-collarblue-collarblue-collarblue-collarblue-collarblue-collarblue-collarblue-collarblue-collarblue-collarblue-collarblue-collarblue-collarblue-collarblue-collarblue-collarblue-collarblue-collarblue-collarblue-collarblue-collarblue-collarblue-collarblue-collarblue-collarblue-collarblue-collarblue-collarblue-collarblue-collarblue-collarblue-collarblue-collarblue-collarblue-collarblue-collarblue-collarblue-collarblue-collarblue-collarblue-collarblue-collarblue-collarblue-collarblue-collarblue-collarblue-collarblue-collarblue-collarblue-collarblue-collarblue-collarblue-collarblue-collarblue-collarblue-collarblue-collarblue-collarblue-collarblue-collarblue-collarblue-collarblue-collarblue-collarblue-collarblue-collarblue-collarblue-collarblue-collarblue-collarblue-collarblue-collarblue-collarblue-collarblue-collarblue-collarblue-collarblue-collarblue-collarblue-collarblue-collarblue-collarblue-collarblue-collarblue-collarblue-collarblue-collarblue-collarblue-collarblue-collarblue-collarblue-collarblue-collarblue-collarblue-collarblue-collarblue-collarblue-collarblue-collarblue-collarblue-collarblue-collarblue-collarblue-collarblue-collarblue-collarblue-collarblue-collarblue-collarblue-collarblue-collarblue-collarblue-collarblue-collarblue-collarblue-collarblue-collarblue-collarblue-collarblue-collarblue-collarblue-collarblue-collarblue-collarblue-collarblue-collarblue-collarblue-collarblue-collarblue-collarblue-collarblue-collarblue-collarblue-collarblue-collarblue-collarblue-collarblue-collarblue-collarblue-collarblue-collarblue-collarblue-collarblue-collarblue-collarblue-collarblue-collarblue-collarblue-collarblue-collarblue-collarblue-collarblue-collarblue-collarblue-collarblue-collarblue-collarblue-collarblue-collarblue-collarblue-collarblue-collarblue-collarblue-collarblue-collarblue-collarblue-collarblue-collarblue-collarblue-collarblue-collarblue-collarblue-collarblue-collarblue-collarblue-collarblue-collarblue-collarblue-collarblue-collarblue-collarblue-collarblue-collarblue-collarblue-collarblue-collarblue-collarblue-collarblue-collarblue-collarblue-collarblue-collarblue-collarblue-collarblue-collarblue-collarblue-collarblue-collarblue-collarblue-collarblue-collarblue-collarblue-collarblue-collarblue-collarblue-collarblue-collarblue-collarblue-collarblue-collarblue-collarblue-collarblue-collarblue-collarblue-collarblue-collarblue-collarblue-collarblue-collarblue-collarblue-collarblue-collarblue-collarblue-collarblue-collarblue-collarblue-collarblue-collarblue-collarblue-collarblue-collarblue-collarblue-collarblue-collarblue-collarblue-collarblue-collarblue-collarblue-collarblue-collarblue-collarblue-collarblue-collarblue-collarblue-collarblue-collarblue-collarblue-collarblue-collarblue-collarblue-collarblue-collarblue-collarblue-collarblue-collarblue-collarblue-collarblue-collarblue-collarblue-collarblue-collarblue-collarblue-collarblue-collarblue-collarblue-collarblue-collarblue-collarblue-collarblue-collarblue-collarblue-collarblue-collarblue-collarblue-collarblue-collarblue-collarblue-collarblue-collarblue-collarblue-collarblue-collarblue-collarblue-collarblue-collarblue-collarblue-collarblue-collarblue-collarblue-collarblue-collarblue-collarblue-collarblue-collarblue-collarblue-collarblue-collarblue-collarblue-collarblue-collarblue-collarblue-collarblue-collarblue-collarblue-collarblue-collarblue-collarblue-collarblue-collarblue-collarblue-collarblue-collarblue-collarblue-collarblue-collarblue-collarblue-collarblue-collarblue-collarblue-collarblue-collarblue-collarblue-collarblue-collarblue-collarblue-collarblue-collarblue-collarblue-collarblue-collarblue-collarblue-collarblue-collarblue-collarblue-collarblue-collarblue-collarblue-collarblue-collarblue-collarblue-collarblue-collarblue-collarblue-collarblue-collarblue-collarblue-collarblue-collarblue-collarblue-collarblue-collarblue-collarblue-collarblue-collarblue-collarblue-collarblue-collarblue-collarblue-collarblue-collarblue-collarblue-collarblue-collarblue-collarblue-collarblue-collarblue-collarblue-collarblue-collarblue-collarblue-collarblue-collarblue-collarblue-collarblue-collarblue-collarblue-collarblue-collarblue-collarblue-collarblue-collarblue-collarblue-collarblue-collarblue-collarblue-collarblue-collarblue-collarblue-collarblue-collarblue-collarblue-collarblue-collarblue-collarblue-collarblue-collarblue-collarblue-collarblue-collarblue-collarblue-collarblue-collarblue-collarblue-collarblue-collarblue-collarblue-collarblue-collarblue-collarblue-collarblue-collarblue-collarblue-collarblue-collarblue-collarblue-collarblue-collarblue-collarblue-collarblue-collarblue-collarblue-collarblue-collarblue-collarblue-collarblue-collarblue-collarblue-collarblue-collarblue-collarblue-collarblue-collarblue-collarblue-collarblue-collarblue-collarblue-collarblue-collarblue-collarblue-collarblue-collarblue-collarblue-collarblue-collarblue-collarblue-collarblue-collarblue-collarblue-collarblue-collarblue-collarblue-collarblue-collarblue-collarblue-collarblue-collarblue-collarblue-collarblue-collarblue-collarblue-collarblue-collarblue-collarblue-collarblue-collarblue-collarblue-collarblue-collarblue-collarblue-collarblue-collarblue-collarblue-collarblue-collarblue-collarblue-collarblue-collarblue-collarblue-collarblue-collarblue-collarblue-collarblue-collarblue-collarblue-collarblue-collarblue-collarblue-collarblue-collarblue-collarblue-collarblue-collarblue-collarblue-collarblue-collarblue-collarblue-collarblue-collarblue-collarblue-collarblue-collarblue-collarblue-collarblue-collarblue-collarblue-collarblue-collarblue-collarblue-collarblue-collarblue-collarblue-collarblue-collarblue-collarblue-collarblue-collarblue-collarblue-collarblue-collarblue-collarblue-collarblue-collarblue-collarblue-collarblue-collarblue-collarblue-collarblue-collarblue-collarblue-collarblue-collarblue-collarblue-collarblue-collarblue-collarblue-collarblue-collarblue-collarblue-collarblue-collarblue-collarblue-collarblue-collarblue-collarblue-collarblue-collarblue-collarblue-collarblue-collarblue-collarblue-collarblue-collarblue-collarblue-collarblue-collarblue-collarblue-collarblue-collarblue-collarblue-collarblue-collarblue-collarblue-collarblue-collarblue-collarblue-collarblue-collarblue-collarblue-collarblue-collarblue-collarblue-collarblue-collarblue-collarblue-collarblue-collarblue-collarblue-collarblue-collarblue-collarblue-collarblue-collarblue-collarblue-collarblue-collarblue-collarblue-collarblue-collarblue-collarblue-collarblue-collarblue-collarblue-collarblue-collarblue-collarblue-collarblue-collarblue-collarblue-collarblue-collarblue-collarblue-collarblue-collarblue-collarblue-collarblue-collarblue-collarblue-collarblue-collarblue-collarblue-collarblue-collarblue-collarblue-collarblue-collarblue-collarblue-collarblue-collarblue-collarblue-collarblue-collarblue-collarblue-collarblue-collarblue-collarblue-collarblue-collarblue-collarblue-collarblue-collarblue-collarblue-collarblue-collarblue-collarblue-collarblue-collarblue-collarblue-collarblue-collarblue-collarblue-collarblue-collarblue-collarblue-collarblue-collarblue-collarblue-collarblue-collarblue-collarblue-collarblue-collarblue-collarblue-collarblue-collarblue-collarblue-collarblue-collarblue-collarblue-collarblue-collarblue-collarblue-collarblue-collarblue-collarblue-collarblue-collarblue-collarblue-collarblue-collarblue-collarblue-collarblue-collarblue-collarblue-collarblue-collarblue-collarblue-collarblue-collarblue-collarblue-collarblue-collarblue-collarblue-collarblue-collarblue-collarblue-collarblue-collarblue-collarblue-collarblue-collarblue-collarblue-collarblue-collarblue-collarblue-collarblue-collarblue-collarblue-collarblue-collarblue-collarblue-collarblue-collarblue-collarblue-collarblue-collarblue-collarblue-collarblue-collarblue-collarblue-collarblue-collarblue-collarblue-collarblue-collarblue-collarblue-collarblue-collarblue-collarblue-collarblue-collarblue-collarblue-collarblue-collarblue-collarblue-collarblue-collarblue-collarblue-collarblue-collarblue-collarblue-collarblue-collarblue-collarblue-collarblue-collarblue-collarblue-collarblue-collarblue-collarblue-collarblue-collarblue-collarblue-collarblue-collarblue-collarblue-collarblue-collarblue-collarblue-collarblue-collarblue-collarblue-collarblue-collarblue-collarblue-collarblue-collarblue-collarblue-collarblue-collarblue-collarblue-collarblue-collarblue-collarblue-collarblue-collarblue-collarblue-collarblue-collarblue-collarblue-collarblue-collarblue-collarblue-collarblue-collarblue-collarblue-collarblue-collarblue-collarblue-collarblue-collarblue-collarblue-collarblue-collarblue-collarblue-collarblue-collarblue-collarblue-collarblue-collarblue-collarblue-collarblue-collarblue-collarblue-collarblue-collarblue-collarblue-collarblue-collarblue-collarblue-collarblue-collarblue-collarblue-collarblue-collarblue-collarblue-collarblue-collarblue-collarblue-collarblue-collarblue-collarblue-collarblue-collarblue-collarblue-collarblue-collarblue-collarblue-collarblue-collarblue-collarblue-collarblue-collarblue-collarblue-collarblue-collarblue-collarblue-collarblue-collarblue-collarblue-collarblue-collarblue-collarblue-collarblue-collarblue-collarblue-collarblue-collarblue-collarblue-collarblue-collarblue-collarblue-collarblue-collarblue-collarblue-collarblue-collarblue-collarblue-collarblue-collarblue-collarblue-collarblue-collarblue-collarblue-collarblue-collarblue-collarblue-collarblue-collarblue-collarblue-collarblue-collarblue-collarblue-collarblue-collarblue-collarblue-collarblue-collarblue-collarblue-collarblue-collarblue-collarblue-collarblue-collarblue-collarblue-collarblue-collarblue-collarblue-collarblue-collarblue-collarblue-collarblue-collarblue-collarblue-collarblue-collarblue-collarblue-collarblue-collarblue-collarblue-collarblue-collarblue-collarblue-collarblue-collarblue-collarblue-collarblue-collarblue-collarblue-collarblue-collarblue-collarblue-collarblue-collarblue-collarblue-collarblue-collarblue-collarblue-collarblue-collarblue-collarblue-collarblue-collarblue-collarblue-collarblue-collarblue-collarblue-collarblue-collarblue-collarblue-collarblue-collarblue-collarblue-collarblue-collarblue-collarblue-collarblue-collarblue-collarblue-collarblue-collarblue-collarblue-collarblue-collarblue-collarblue-collarblue-collarblue-collarblue-collarblue-collarblue-collarblue-collarblue-collarblue-collarblue-collarblue-collarblue-collarblue-collarblue-collarblue-collarblue-collarblue-collarblue-collarblue-collarblue-collarblue-collarblue-collarblue-collarblue-collarblue-collarblue-collarblue-collarblue-collarblue-collarblue-collarblue-collarblue-collarblue-collarblue-collarblue-collarblue-collarblue-collarblue-collarblue-collarblue-collarblue-collarblue-collarblue-collarblue-collarblue-collarblue-collarblue-collarblue-collarblue-collarblue-collarblue-collarblue-collarblue-collarblue-collarblue-collarblue-collarblue-collarblue-collarblue-collarblue-collarblue-collarblue-collarblue-collarblue-collarblue-collarblue-collarblue-collarblue-collarblue-collarblue-collarblue-collarblue-collarblue-collarblue-collarblue-collarblue-collarblue-collarblue-collarblue-collarblue-collarblue-collarblue-collarblue-collarblue-collarblue-collarblue-collarblue-collarblue-collarblue-collarblue-collarblue-collarblue-collarblue-collarblue-collarblue-collarblue-collarblue-collarblue-collarblue-collarblue-collarblue-collarblue-collarblue-collarblue-collarblue-collarblue-collarblue-collarblue-collarblue-collarblue-collarblue-collarblue-collarblue-collarblue-collarblue-collarblue-collarblue-collarblue-collarblue-collarblue-collarblue-collarblue-collarblue-collarblue-collarblue-collarblue-collarblue-collarblue-collarblue-collarblue-collarblue-collarblue-collarblue-collarblue-collarblue-collarblue-collarblue-collarblue-collarblue-collarblue-collarblue-collarblue-collarblue-collarblue-collarblue-collarblue-collarblue-collarblue-collarblue-collarblue-collarblue-collarblue-collarblue-collarblue-collarblue-collarblue-collarblue-collarblue-collarblue-collarblue-collarblue-collarblue-collarblue-collarblue-collarblue-collarblue-collarblue-collarblue-collarblue-collarblue-collarblue-collarblue-collarblue-collarblue-collarblue-collarblue-collarblue-collarblue-collarblue-collarblue-collarblue-collarblue-collarblue-collarblue-collarblue-collarblue-collarblue-collarblue-collarblue-collarblue-collarblue-collarblue-collarblue-collarblue-collarblue-collarblue-collarblue-collarblue-collarblue-collarblue-collarblue-collarblue-collarblue-collarblue-collarblue-collarblue-collarblue-collarblue-collarblue-collarblue-collarblue-collarblue-collarblue-collarblue-collarblue-collarblue-collarblue-collarblue-collarblue-collarblue-collarblue-collarblue-collarblue-collarblue-collarblue-collarblue-collarblue-collarblue-collarblue-collarblue-collarblue-collarblue-collarblue-collarblue-collarblue-collarblue-collarblue-collarblue-collarblue-collarblue-collarblue-collarblue-collarblue-collarblue-collarblue-collarblue-collarblue-collarblue-collarblue-collarblue-collarblue-collarblue-collarblue-collarblue-collarblue-collarblue-collarblue-collarblue-collarblue-collarblue-collarblue-collarblue-collarblue-collarblue-collarblue-collarblue-collarblue-collarblue-collarblue-collarblue-collarblue-collarblue-collarblue-collarblue-collarblue-collarblue-collarblue-collarblue-collarblue-collarblue-collarblue-collarblue-collarblue-collarblue-collarblue-collarblue-collarblue-collarblue-collarblue-collarblue-collarblue-collarblue-collarblue-collarblue-collarblue-collarblue-collarblue-collarblue-collarblue-collarblue-collarblue-collarblue-collarblue-collarblue-collarblue-collarblue-collarblue-collarblue-collarblue-collarblue-collarblue-collarblue-collarblue-collarblue-collarblue-collarblue-collarblue-collarblue-collarblue-collarblue-collarblue-collarblue-collarblue-collarblue-collarblue-collarblue-collarblue-collarblue-collarblue-collarblue-collarblue-collarblue-collarblue-collarblue-collarblue-collarblue-collarblue-collarblue-collarblue-collarblue-collarblue-collarblue-collarblue-collarblue-collarblue-collarblue-collarblue-collarblue-collarblue-collarblue-collarblue-collarblue-collarblue-collarblue-collarblue-collarblue-collarblue-collarblue-collarblue-collarblue-collarblue-collarblue-collarblue-collarblue-collarblue-collarblue-collarblue-collarblue-collarblue-collarblue-collarblue-collarblue-collarblue-collarblue-collarblue-collarblue-collarblue-collarblue-collarblue-collarblue-collarblue-collarblue-collarblue-collarblue-collarblue-collarblue-collarblue-collarblue-collarblue-collarblue-collarblue-collarblue-collarblue-collarblue-collarblue-collarblue-collarblue-collarblue-collarblue-collarblue-collarblue-collarblue-collarblue-collarblue-collarblue-collarblue-collarblue-collarblue-collarblue-collarblue-collarblue-collarblue-collarblue-collarblue-collarblue-collarblue-collarblue-collarblue-collarblue-collarblue-collarblue-collarblue-collarblue-collarblue-collarblue-collarblue-collarblue-collarblue-collarblue-collarblue-collarblue-collarblue-collarblue-collarblue-collarblue-collarblue-collarblue-collarblue-collarblue-collarblue-collarblue-collarblue-collarblue-collarblue-collarblue-collarblue-collarblue-collarblue-collarblue-collarblue-collarblue-collarblue-collarblue-collarblue-collarblue-collarblue-collarblue-collarblue-collarblue-collarblue-collarblue-collarblue-collarblue-collarblue-collarblue-collarblue-collarblue-collarblue-collarblue-collarblue-collarblue-collarblue-collarblue-collarblue-collarblue-collarblue-collarblue-collarblue-collarblue-collarblue-collarblue-collarblue-collarblue-collarblue-collarblue-collarblue-collarblue-collarblue-collarblue-collarblue-collarblue-collarblue-collarblue-collarblue-collarblue-collarblue-collarblue-collarblue-collarblue-collarblue-collarblue-collarblue-collarblue-collarblue-collarblue-collarblue-collarblue-collarblue-collarblue-collarblue-collarblue-collarblue-collarblue-collarblue-collarblue-collarblue-collarblue-collarblue-collarblue-collarblue-collarblue-collarblue-collarblue-collarblue-collarblue-collarblue-collarblue-collarblue-collarblue-collarblue-collarblue-collarblue-collarblue-collarblue-collarblue-collarblue-collarblue-collarblue-collarblue-collarblue-collarblue-collarblue-collarblue-collarblue-collarblue-collarblue-collarblue-collarblue-collarblue-collarblue-collarblue-collarblue-collarblue-collarblue-collarblue-collarblue-collarblue-collarblue-collarblue-collarblue-collarblue-collarblue-collarblue-collarblue-collarblue-collarblue-collarblue-collarblue-collarblue-collarblue-collarblue-collarblue-collarblue-collarblue-collarblue-collarblue-collarblue-collarblue-collarblue-collarblue-collarblue-collarblue-collarblue-collarblue-collarblue-collarblue-collarblue-collarblue-collarblue-collarblue-collarblue-collarblue-collarblue-collarblue-collarblue-collarblue-collarblue-collarblue-collarblue-collarblue-collarblue-collarblue-collarblue-collarblue-collarblue-collarblue-collarblue-collarblue-collarblue-collarblue-collarblue-collarblue-collarblue-collarblue-collarblue-collarblue-collarblue-collarblue-collarblue-collarblue-collarblue-collarblue-collarblue-collarblue-collarblue-collarblue-collarblue-collarblue-collarblue-collarblue-collarblue-collarblue-collarblue-collarblue-collarblue-collarblue-collarblue-collarblue-collarblue-collarblue-collarblue-collarblue-collarblue-collarblue-collarblue-collarblue-collarblue-collarblue-collarblue-collarblue-collarblue-collarblue-collarblue-collarblue-collarblue-collarblue-collarblue-collarblue-collarblue-collarblue-collarblue-collarblue-collarblue-collarblue-collarblue-collarblue-collarblue-collarblue-collarblue-collarblue-collarblue-collarblue-collarblue-collarblue-collarblue-collarblue-collarblue-collarblue-collarblue-collarblue-collarblue-collarblue-collarblue-collarblue-collarblue-collarblue-collarblue-collarblue-collarblue-collarblue-collarblue-collarblue-collarblue-collarblue-collarblue-collarblue-collarblue-collarblue-collarblue-collarblue-collarblue-collarblue-collarblue-collarblue-collarblue-collarblue-collarblue-collarblue-collarblue-collarblue-collarblue-collarblue-collarblue-collarblue-collarblue-collarblue-collarblue-collarblue-collarblue-collarblue-collarblue-collarblue-collarblue-collarblue-collarblue-collarblue-collarblue-collarblue-collarblue-collarblue-collarblue-collarblue-collarblue-collarblue-collarblue-collarblue-collarblue-collarblue-collarblue-collarblue-collarblue-collarblue-collarblue-collarblue-collarblue-collarblue-collarblue-collarblue-collarblue-collarblue-collarblue-collarblue-collarblue-collarblue-collarblue-collarblue-collarblue-collarblue-collarblue-collarblue-collarblue-collarblue-collarblue-collarblue-collarblue-collarblue-collarblue-collarblue-collarblue-collarblue-collarblue-collarblue-collarblue-collarblue-collarblue-collarblue-collarblue-collarblue-collarblue-collarblue-collarblue-collarblue-collarblue-collarblue-collarblue-collarblue-collarblue-collarblue-collarblue-collarblue-collarblue-collarblue-collarblue-collarblue-collarblue-collarblue-collarblue-collarblue-collarblue-collarblue-collarblue-collarblue-collarblue-collarblue-collarblue-collarblue-collarblue-collarblue-collarblue-collarblue-collarblue-collarblue-collarblue-collarblue-collarblue-collarblue-collarblue-collarblue-collarblue-collarblue-collarblue-collarblue-collarblue-collarblue-collarblue-collarblue-collarblue-collarblue-collarblue-collarblue-collarblue-collarblue-collarblue-collarblue-collarblue-collarblue-collarblue-collarblue-collarblue-collarblue-collarblue-collarblue-collarblue-collarblue-collarblue-collarblue-collarblue-collarblue-collarblue-collarblue-collarblue-collarblue-collarblue-collarblue-collarblue-collarblue-collarblue-collarblue-collarblue-collarblue-collarblue-collarblue-collarblue-collarblue-collarblue-collarblue-collarblue-collarblue-collarblue-collarblue-collarblue-collarblue-collarblue-collarblue-collarblue-collarblue-collarblue-collarblue-collarblue-collarblue-collarblue-collarblue-collarblue-collarblue-collarblue-collarblue-collarblue-collarblue-collarblue-collarblue-collarblue-collarblue-collarblue-collarblue-collarblue-collarblue-collarblue-collarblue-collarblue-collarblue-collarblue-collarblue-collarblue-collarblue-collarblue-collarblue-collarblue-collarblue-collarblue-collarblue-collarblue-collarblue-collarblue-collarblue-collarblue-collarblue-collarblue-collarblue-collarblue-collarblue-collarblue-collarblue-collarblue-collarblue-collarblue-collarblue-collarblue-collarblue-collarblue-collarblue-collarblue-collarblue-collarblue-collarblue-collarblue-collarblue-collarblue-collarblue-collarblue-collarblue-collarblue-collarblue-collarblue-collarblue-collarblue-collarblue-collarblue-collarblue-collarblue-collarblue-collarblue-collarblue-collarblue-collarblue-collarblue-collarblue-collarblue-collarblue-collarblue-collarblue-collarblue-collarblue-collarblue-collarblue-collarblue-collarblue-collarblue-collarblue-collarblue-collarblue-collarblue-collarblue-collarblue-collarblue-collarblue-collarblue-collarblue-collarblue-collarblue-collarblue-collarblue-collarblue-collarblue-collarblue-collarblue-collarblue-collarblue-collarblue-collarblue-collarblue-collarblue-collarblue-collarblue-collarblue-collarblue-collarblue-collarblue-collarblue-collarblue-collarblue-collarblue-collarblue-collarblue-collarblue-collarblue-collarblue-collarblue-collarblue-collarblue-collarblue-collarblue-collarblue-collarblue-collarblue-collarblue-collarblue-collarblue-collarblue-collarblue-collarblue-collarblue-collarblue-collarblue-collarblue-collarblue-collarblue-collarblue-collarblue-collarblue-collarblue-collarblue-collarblue-collarblue-collarblue-collarblue-collarblue-collarblue-collarblue-collarblue-collarblue-collarblue-collarblue-collarblue-collarblue-collarblue-collarblue-collarblue-collarblue-collarblue-collarblue-collarblue-collarblue-collarblue-collarblue-collarblue-collarblue-collarblue-collarblue-collarblue-collarblue-collarblue-collarblue-collarblue-collarblue-collarblue-collarblue-collarblue-collarblue-collarblue-collarblue-collarblue-collarblue-collarblue-collarblue-collarblue-collarblue-collarblue-collarblue-collarblue-collarblue-collarblue-collarblue-collarblue-collarblue-collarblue-collarblue-collarblue-collarblue-collarblue-collarblue-collarblue-collarblue-collarblue-collarblue-collarblue-collarblue-collarblue-collarblue-collarblue-collarblue-collarblue-collarblue-collarblue-collarblue-collarblue-collarblue-collarblue-collarblue-collarblue-collarblue-collarblue-collarblue-collarblue-collarblue-collarblue-collarblue-collarblue-collarblue-collarblue-collarblue-collarblue-collarblue-collarblue-collarblue-collarblue-collarblue-collarblue-collarblue-collarblue-collarblue-collarblue-collarblue-collarblue-collarblue-collarblue-collarblue-collarblue-collarblue-collarblue-collarblue-collarblue-collarblue-collarblue-collarblue-collarblue-collarblue-collarblue-collarblue-collarblue-collarblue-collarblue-collarblue-collarblue-collarblue-collarblue-collarblue-collarblue-collarblue-collarblue-collarblue-collarblue-collarblue-collarblue-collarblue-collarblue-collarblue-collarblue-collarblue-collarblue-collarblue-collarblue-collarblue-collarblue-collarblue-collarblue-collarblue-collarblue-collarblue-collarblue-collarblue-collarblue-collarblue-collarblue-collarblue-collarblue-collarblue-collarblue-collarblue-collarblue-collarblue-collarblue-collarblue-collarblue-collarblue-collarblue-collarblue-collarblue-collarblue-collarblue-collarblue-collarblue-collarblue-collarblue-collarblue-collarblue-collarblue-collarblue-collarblue-collarblue-collarblue-collarblue-collarblue-collarblue-collarblue-collarblue-collarblue-collarblue-collarblue-collarblue-collarblue-collarblue-collarblue-collarblue-collarblue-collarblue-collarblue-collarblue-collarblue-collarblue-collarblue-collarblue-collarblue-collarblue-collarblue-collarblue-collarblue-collarblue-collarblue-collarblue-collarblue-collarblue-collarblue-collarblue-collarblue-collarblue-collarblue-collarblue-collarblue-collarblue-collarblue-collarblue-collarblue-collarblue-collarblue-collarblue-collarblue-collarblue-collarblue-collarblue-collarblue-collarblue-collarblue-collarblue-collarblue-collarblue-collarblue-collarblue-collarblue-collarblue-collarblue-collarblue-collarblue-collarblue-collarblue-collarblue-collarblue-collarblue-collarblue-collarblue-collarblue-collarblue-collarblue-collarblue-collarblue-collarblue-collarblue-collarblue-collarblue-collarblue-collarblue-collarblue-collarblue-collarblue-collarblue-collarblue-collarblue-collarblue-collarblue-collarblue-collarblue-collarblue-collarblue-collarblue-collarblue-collarblue-collarblue-collarblue-collarblue-collarblue-collarblue-collarblue-collarblue-collarblue-collarblue-collarblue-collarblue-collarblue-collarblue-collarblue-collarblue-collarblue-collarblue-collarblue-collarblue-collarblue-collarblue-collarblue-collarblue-collarblue-collarblue-collarblue-collarblue-collarblue-collarblue-collarblue-collarblue-collarblue-collarblue-collarblue-collarblue-collarblue-collarblue-collarblue-collarblue-collarblue-collarblue-collarblue-collarblue-collarblue-collarblue-collarblue-collarblue-collarblue-collarblue-collarblue-collarblue-collarblue-collarblue-collarblue-collarblue-collarblue-collarblue-collarblue-collarblue-collarblue-collarblue-collarblue-collarblue-collarblue-collarblue-collarblue-collarblue-collarblue-collarblue-collarblue-collarblue-collarblue-collarblue-collarblue-collarblue-collarblue-collarblue-collarblue-collarblue-collarblue-collarblue-collarblue-collarblue-collarblue-collarblue-collarblue-collarblue-collarblue-collarblue-collarblue-collarblue-collarblue-collarblue-collarblue-collarblue-collarblue-collarblue-collarblue-collarblue-collarblue-collarblue-collarblue-collarblue-collarblue-collarblue-collarblue-collarblue-collarblue-collarblue-collarblue-collarblue-collarblue-collarblue-collarblue-collarblue-collarblue-collarblue-collarblue-collarblue-collarblue-collarblue-collarblue-collarblue-collarblue-collarblue-collarblue-collarblue-collarblue-collarblue-collarblue-collarblue-collarblue-collarblue-collarblue-collarblue-collarblue-collarblue-collarblue-collarblue-collarblue-collarblue-collarblue-collarblue-collarblue-collarblue-collarblue-collarblue-collarblue-collarblue-collarblue-collarblue-collarblue-collarblue-collarblue-collarblue-collarblue-collarblue-collarblue-collarblue-collarblue-collarblue-collarblue-collarblue-collarblue-collarblue-collarblue-collarblue-collarblue-collarblue-collarblue-collarblue-collarblue-collarblue-collarblue-collarblue-collarblue-collarblue-collarblue-collarblue-collarblue-collarblue-collarblue-collarblue-collarblue-collarblue-collarblue-collarblue-collarblue-collarblue-collarblue-collarblue-collarblue-collarblue-collarblue-collarblue-collarblue-collarblue-collarblue-collarblue-collarblue-collarblue-collarblue-collarblue-collarblue-collarblue-collarblue-collarblue-collarblue-collarblue-collarblue-collarblue-collarblue-collarblue-collarblue-collarblue-collarblue-collarblue-collarblue-collarblue-collarblue-collarblue-collarblue-collarblue-collarblue-collarblue-collarblue-collarblue-collarblue-collarblue-collarblue-collarblue-collarblue-collarblue-collarblue-collarblue-collarblue-collarblue-collarblue-collarblue-collarblue-collarblue-collarblue-collarblue-collarblue-collarblue-collarblue-collarblue-collarblue-collarblue-collarblue-collarblue-collarblue-collarblue-collarblue-collarblue-collarblue-collarblue-collarblue-collarblue-collarblue-collarblue-collarblue-collarblue-collarblue-collarblue-collarblue-collarblue-collarblue-collarblue-collarblue-collarblue-collarblue-collarblue-collarblue-collarblue-collarblue-collarblue-collarblue-collarblue-collarblue-collarblue-collarblue-collarblue-collarblue-collarblue-collarblue-collarblue-collarblue-collarblue-collarblue-collarblue-collarblue-collarblue-collarblue-collarblue-collarblue-collarblue-collarblue-collarblue-collarblue-collarblue-collarblue-collarblue-collarblue-collarblue-collarblue-collarblue-collarblue-collarblue-collarblue-collarblue-collarblue-collarblue-collarblue-collarblue-collarblue-collarblue-collarblue-collarblue-collarblue-collarblue-collarblue-collarblue-collarblue-collarblue-collarblue-collarblue-collarblue-collarblue-collarblue-collarblue-collarblue-collarblue-collarblue-collarblue-collarblue-collarblue-collarblue-collarblue-collarblue-collarblue-collarblue-collarblue-collarblue-collarblue-collarblue-collarblue-collarblue-collarblue-collarblue-collarblue-collarblue-collarblue-collarblue-collarblue-collarblue-collarblue-collarblue-collarblue-collarblue-collarblue-collarblue-collarblue-collarblue-collarblue-collarblue-collarblue-collarblue-collarblue-collarblue-collarblue-collarblue-collarblue-collarblue-collarblue-collarblue-collarblue-collarblue-collarblue-collarblue-collarblue-collarblue-collarblue-collarblue-collarblue-collarblue-collarblue-collarblue-collarblue-collarblue-collarblue-collarblue-collarblue-collarblue-collarblue-collarblue-collarblue-collarblue-collarblue-collarblue-collarblue-collarblue-collarblue-collarblue-collarblue-collarblue-collarblue-collarblue-collarblue-collarblue-collarblue-collarblue-collarblue-collarblue-collarblue-collarblue-collarblue-collarblue-collarblue-collarblue-collarblue-collarblue-collarblue-collarblue-collarblue-collarblue-collarblue-collarblue-collarblue-collarblue-collarblue-collarblue-collarblue-collarblue-collarblue-collarblue-collarblue-collarblue-collarblue-collarblue-collarblue-collarblue-collarblue-collarblue-collarblue-collarblue-collarblue-collarblue-collarblue-collarblue-collarblue-collarblue-collarblue-collarblue-collarblue-collarblue-collarblue-collarblue-collarblue-collarblue-collarblue-collarblue-collarblue-collarblue-collarblue-collarblue-collarblue-collarblue-collarblue-collarblue-collarblue-collarblue-collarblue-collarblue-collarblue-collarblue-collarblue-collarblue-collarblue-collarblue-collarblue-collarblue-collarblue-collarblue-collarblue-collarblue-collarblue-collarblue-collarblue-collarblue-collarblue-collarblue-collarblue-collarblue-collarblue-collarblue-collarblue-collarblue-collarblue-collarblue-collarblue-collarblue-collarblue-collarblue-collarblue-collarblue-collarblue-collarblue-collarblue-collarblue-collarblue-collarblue-collarblue-collarblue-collarblue-collarblue-collarblue-collarblue-collarblue-collarblue-collarblue-collarblue-collarblue-collarblue-collarblue-collarblue-collarblue-collarblue-collarblue-collarblue-collarblue-collarblue-collarblue-collarblue-collarblue-collarblue-collarblue-collarblue-collarblue-collarblue-collarblue-collarblue-collarblue-collarblue-collarblue-collarblue-collarblue-collarblue-collarblue-collarblue-collarblue-collarblue-collarblue-collarblue-collarblue-collarblue-collarblue-collarblue-collarblue-collarblue-collarblue-collarblue-collarblue-collarblue-collarblue-collarblue-collarblue-collarblue-collarblue-collarblue-collarblue-collarblue-collarblue-collarblue-collarblue-collarblue-collarblue-collarblue-collarblue-collarblue-collarblue-collarblue-collarblue-collarblue-collarblue-collarblue-collarblue-collarblue-collarblue-collarblue-collarblue-collarblue-collarblue-collarblue-collarblue-collarblue-collarblue-collarblue-collarblue-collarblue-collarblue-collarblue-collarblue-collarblue-collarblue-collarblue-collarblue-collarblue-collarblue-collarblue-collarblue-collarblue-collarblue-collarblue-collarblue-collarblue-collarblue-collarblue-collarblue-collarblue-collarblue-collarblue-collarblue-collarblue-collarblue-collarblue-collarblue-collarblue-collarblue-collarblue-collarblue-collarblue-collarblue-collarblue-collarblue-collarblue-collarblue-collarblue-collarblue-collarblue-collarblue-collarblue-collarblue-collarblue-collarblue-collarblue-collarblue-collarblue-collarblue-collarblue-collarblue-collarblue-collarblue-collarblue-collarblue-collarblue-collarblue-collarblue-collarblue-collarblue-collarblue-collarblue-collarblue-collarblue-collarblue-collarblue-collarblue-collarblue-collarblue-collarblue-collarblue-collarblue-collarblue-collarblue-collarblue-collarblue-collarblue-collarblue-collarblue-collarblue-collarblue-collarblue-collarblue-collarblue-collarblue-collarblue-collarblue-collarblue-collarblue-collarblue-collarblue-collarblue-collarblue-collarblue-collarblue-collarblue-collarblue-collarblue-collarblue-collarblue-collarblue-collarblue-collarblue-collarblue-collarblue-collarblue-collarblue-collarblue-collarblue-collarblue-collarblue-collarblue-collarblue-collarblue-collarblue-collarblue-collarblue-collarblue-collarblue-collarblue-collarblue-collarblue-collarblue-collarblue-collarblue-collarblue-collarblue-collarblue-collarblue-collarblue-collarblue-collarblue-collarblue-collarblue-collarblue-collarblue-collarblue-collarblue-collarblue-collarblue-collarblue-collarblue-collarblue-collarblue-collarblue-collarblue-collarblue-collarblue-collarblue-collarblue-collarblue-collarblue-collarblue-collarblue-collarblue-collarblue-collarblue-collarblue-collarblue-collarblue-collarblue-collarblue-collarblue-collarblue-collarblue-collarblue-collarblue-collarblue-collarblue-collarblue-collarblue-collarblue-collarblue-collarblue-collarblue-collarblue-collarblue-collarblue-collarblue-collarblue-collarblue-collarblue-collarblue-collarblue-collarblue-collarblue-collarblue-collarblue-collarblue-collarblue-collarblue-collarblue-collarblue-collarblue-collarblue-collarblue-collarblue-collarblue-collarblue-collarblue-collarblue-collarblue-collarblue-collarblue-collarblue-collarblue-collarblue-collarblue-collarblue-collarblue-collarblue-collarblue-collarblue-collarblue-collarblue-collarblue-collarblue-collarblue-collarblue-collarblue-collarblue-collarblue-collarblue-collarblue-collarblue-collarblue-collarblue-collarblue-collarblue-collarblue-collarblue-collarblue-collarblue-collarblue-collarblue-collarblue-collarblue-collarblue-collarblue-collarblue-collarblue-collarblue-collarblue-collarblue-collarblue-collarblue-collarblue-collarblue-collarblue-collarblue-collarblue-collarblue-collarblue-collarblue-collarblue-collarblue-collarblue-collarblue-collarblue-collarblue-collarblue-collarblue-collarblue-collarblue-collarblue-collarblue-collarblue-collarblue-collarblue-collarblue-collarblue-collarblue-collarblue-collarblue-collarblue-collarblue-collarblue-collarblue-collarblue-collarblue-collarblue-collarblue-collarblue-collarblue-collarblue-collarblue-collarblue-collarblue-collarblue-collarblue-collarblue-collarblue-collarblue-collarblue-collarblue-collarblue-collarblue-collarblue-collarblue-collarblue-collarblue-collarblue-collarblue-collarblue-collarblue-collarblue-collarblue-collarblue-collarblue-collarblue-collarblue-collarblue-collarblue-collarblue-collarblue-collarblue-collarblue-collarblue-collarblue-collarblue-collarblue-collarblue-collarblue-collarblue-collarblue-collarblue-collarblue-collarblue-collarblue-collarblue-collarblue-collarblue-collarblue-collarblue-collarblue-collarblue-collarblue-collarblue-collarblue-collarblue-collarblue-collarblue-collarblue-collarblue-collarblue-collarblue-collarblue-collarblue-collarblue-collarblue-collarblue-collarblue-collarblue-collarblue-collarblue-collarblue-collarblue-collarblue-collarblue-collarblue-collarblue-collarblue-collarblue-collarblue-collarblue-collarblue-collarblue-collarblue-collarblue-collarblue-collarblue-collarblue-collarblue-collarblue-collarblue-collarblue-collarblue-collarblue-collarblue-collarblue-collarblue-collarblue-collarblue-collarblue-collarblue-collarblue-collarblue-collarblue-collarblue-collarblue-collarblue-collarblue-collarblue-collarblue-collarblue-collarblue-collarblue-collarblue-collarblue-collarblue-collarblue-collarblue-collarblue-collarblue-collarblue-collarblue-collarblue-collarblue-collarblue-collarblue-collarblue-collarblue-collarblue-collarblue-collarblue-collarblue-collarblue-collarblue-collarblue-collarblue-collarblue-collarblue-collarblue-collarblue-collarblue-collarblue-collarblue-collarblue-collarblue-collarblue-collarblue-collarblue-collarblue-collarblue-collarblue-collarblue-collarblue-collarblue-collarblue-collarblue-collarblue-collarblue-collarblue-collarblue-collarblue-collarblue-collarblue-collarblue-collarblue-collarblue-collarblue-collarblue-collarblue-collarblue-collarblue-collarblue-collarblue-collarblue-collarblue-collarblue-collarblue-collarblue-collarblue-collarblue-collarblue-collarblue-collarblue-collarblue-collarblue-collarblue-collarblue-collarblue-collarblue-collarblue-collarblue-collarblue-collarblue-collarblue-collarblue-collarblue-collarblue-collarblue-collarblue-collarblue-collarblue-collarblue-collarblue-collarblue-collarblue-collarblue-collarblue-collarblue-collarblue-collarblue-collarblue-collarblue-collarblue-collarblue-collarblue-collarblue-collarblue-collarblue-collarblue-collarblue-collarblue-collarblue-collarblue-collarblue-collarblue-collarblue-collarblue-collarblue-collarblue-collarblue-collarblue-collarblue-collarblue-collarblue-collarblue-collarblue-collarblue-collarblue-collarblue-collarblue-collarblue-collarblue-collarblue-collarblue-collarblue-collarblue-collarblue-collarblue-collarblue-collarblue-collarblue-collarblue-collarblue-collarblue-collarblue-collarblue-collarblue-collarblue-collarblue-collarblue-collarblue-collarblue-collarblue-collarblue-collarblue-collarblue-collarblue-collarblue-collarblue-collarblue-collarblue-collarblue-collarblue-collarblue-collarblue-collarblue-collarblue-collarblue-collarblue-collarblue-collarblue-collarblue-collarblue-collarblue-collarblue-collarblue-collarblue-collarblue-collarblue-collarblue-collarblue-collarblue-collarblue-collarblue-collarblue-collarblue-collarblue-collarblue-collarblue-collarblue-collarblue-collarblue-collarblue-collarblue-collarblue-collarblue-collarblue-collarblue-collarblue-collarblue-collarblue-collarblue-collarblue-collarblue-collarblue-collarblue-collarblue-collarblue-collarblue-collarblue-collarblue-collarblue-collarblue-collarblue-collarblue-collarblue-collarblue-collarblue-collarblue-collarblue-collarblue-collarblue-collarblue-collarblue-collarblue-collarblue-collarblue-collarblue-collarblue-collarblue-collarblue-collarblue-collarblue-collarblue-collarblue-collarblue-collarblue-collarblue-collarblue-collarblue-collarblue-collarblue-collarblue-collarblue-collarblue-collarblue-collarblue-collarblue-collarblue-collarblue-collarblue-collarblue-collarblue-collarblue-collarblue-collarblue-collarblue-collarblue-collarblue-collarblue-collarblue-collarblue-collarblue-collarblue-collarblue-collarblue-collarblue-collarblue-collarblue-collarblue-collarblue-collarblue-collarblue-collarblue-collarblue-collarblue-collarblue-collarblue-collarblue-collarblue-collarblue-collarblue-collarblue-collarblue-collarblue-collarblue-collarblue-collarblue-collarblue-collarblue-collarblue-collarblue-collarblue-collarblue-collarblue-collarblue-collarblue-collarblue-collarblue-collarblue-collarblue-collarblue-collarblue-collarblue-collarblue-collarblue-collarblue-collarblue-collarblue-collarblue-collarblue-collarblue-collarblue-collarblue-collarblue-collarblue-collarblue-collarblue-collarblue-collarblue-collarblue-collarblue-collarblue-collarblue-collarblue-collarblue-collarblue-collarblue-collarblue-collarblue-collarblue-collarblue-collarblue-collarblue-collarblue-collarblue-collarblue-collarblue-collarblue-collarblue-collarblue-collarblue-collarblue-collarblue-collarblue-collarblue-collarblue-collarblue-collarblue-collarblue-collarblue-collarblue-collarblue-collarblue-collarblue-collarblue-collarblue-collarblue-collarblue-collarblue-collarblue-collarblue-collarblue-collarblue-collarblue-collarblue-collarblue-collarblue-collarblue-collarblue-collarblue-collarblue-collarblue-collarblue-collarblue-collarblue-collarblue-collarblue-collarblue-collarblue-collarblue-collarblue-collarblue-collarblue-collarblue-collarblue-collarblue-collarblue-collarblue-collarblue-collarblue-collarblue-collarblue-collarblue-collarblue-collarblue-collarblue-collarblue-collarblue-collarblue-collarblue-collarblue-collarblue-collarblue-collarblue-collarblue-collarblue-collarblue-collarblue-collarblue-collarblue-collarblue-collarblue-collarblue-collarblue-collarblue-collarblue-collarblue-collarblue-collarblue-collarblue-collarblue-collarblue-collarblue-collarblue-collarblue-collarblue-collarblue-collarblue-collarblue-collarblue-collarblue-collarblue-collarblue-collarblue-collarblue-collarblue-collarblue-collarblue-collarblue-collarblue-collarblue-collarblue-collarblue-collarblue-collarblue-collarblue-collarblue-collarblue-collarblue-collarblue-collarblue-collarblue-collarblue-collarblue-collarblue-collarblue-collarblue-collarblue-collarblue-collarblue-collarblue-collarblue-collarblue-collarblue-collarblue-collarblue-collarblue-collarblue-collarblue-collarblue-collarblue-collarblue-collarblue-collarblue-collarblue-collarblue-collarblue-collarblue-collarblue-collarblue-collarblue-collarblue-collarblue-collarblue-collarblue-collarblue-collarblue-collarblue-collarblue-collarblue-collarblue-collarblue-collarblue-collarblue-collarblue-collarblue-collarblue-collarblue-collarblue-collarblue-collarblue-collarblue-collarblue-collarblue-collarblue-collarblue-collarblue-collarblue-collarblue-collarblue-collarblue-collarblue-collarblue-collarblue-collarblue-collarblue-collarblue-collarblue-collarblue-collarblue-collarblue-collarblue-collarblue-collarblue-collarblue-collarblue-collarblue-collarblue-collarblue-collarblue-collarblue-collarblue-collarblue-collarblue-collarblue-collarblue-collarblue-collarblue-collarblue-collarblue-collarblue-collarblue-collarblue-collarblue-collarblue-collarblue-collarblue-collarblue-collarblue-collarblue-collarblue-collarblue-collarblue-collarblue-collarblue-collarblue-collarblue-collarblue-collarblue-collarblue-collarblue-collarblue-collarblue-collarblue-collarblue-collarblue-collarblue-collarblue-collarblue-collarblue-collarblue-collarblue-collarblue-collarblue-collarblue-collarblue-collarblue-collarblue-collarblue-collarblue-collarblue-collarblue-collarblue-collarblue-collarblue-collarblue-collarblue-collarblue-collarblue-collarblue-collarblue-collarblue-collarblue-collarblue-collarblue-collarblue-collarblue-collarblue-collarblue-collarblue-collarblue-collarblue-collarblue-collarblue-collarblue-collarblue-collarblue-collarblue-collarblue-collarblue-collarblue-collarblue-collarblue-collarblue-collarblue-collarblue-collarblue-collarblue-collarblue-collarblue-collarblue-collarblue-collarblue-collarblue-collarblue-collarblue-collarblue-collarblue-collarblue-collarblue-collarblue-collarblue-collarblue-collarblue-collarblue-collarblue-collarblue-collarblue-collarblue-collarblue-collarblue-collarblue-collarblue-collarblue-collarblue-collarblue-collarblue-collarblue-collarblue-collarblue-collarblue-collarblue-collarblue-collarblue-collarblue-collarblue-collarblue-collarblue-collarblue-collarblue-collarblue-collarblue-collarblue-collarblue-collarblue-collarblue-collarblue-collarblue-collarblue-collarblue-collarblue-collarblue-collarblue-collarblue-collarblue-collarblue-collarblue-collarblue-collarblue-collarblue-collarblue-collarblue-collarblue-collarblue-collarblue-collarblue-collarblue-collarblue-collarblue-collarblue-collarblue-collarblue-collarblue-collarblue-collarblue-collarblue-collarblue-collarblue-collarblue-collarblue-collarblue-collarblue-collarblue-collarblue-collarblue-collarblue-collarblue-collarblue-collarblue-collarblue-collarblue-collarblue-collarblue-collarblue-collarblue-collarblue-collarblue-collarblue-collarblue-collarblue-collarblue-collarblue-collarblue-collarblue-collarblue-collarblue-collarblue-collarblue-collarblue-collarblue-collarblue-collarblue-collarblue-collarblue-collarblue-collarblue-collarblue-collarblue-collarblue-collarblue-collarblue-collarblue-collarblue-collarblue-collarblue-collarblue-collarblue-collarblue-collarblue-collarblue-collarblue-collarblue-collarblue-collarblue-collarblue-collarblue-collarblue-collarblue-collarblue-collarblue-collarblue-collarblue-collarblue-collarblue-collarblue-collarblue-collarblue-collarblue-collarblue-collarblue-collarblue-collarblue-collarblue-collarblue-collarblue-collarblue-collarblue-collarblue-collarblue-collarblue-collarblue-collarblue-collarblue-collarblue-collarblue-collarblue-collarblue-collarblue-collarblue-collarblue-collarblue-collarblue-collarblue-collarblue-collarblue-collarblue-collarblue-collarblue-collarblue-collarblue-collarblue-collarblue-collarblue-collarblue-collarblue-collarblue-collarblue-collarblue-collarblue-collarblue-collarblue-collarblue-collarblue-collarblue-collarblue-collarblue-collarblue-collarblue-collarblue-collarblue-collarblue-collarblue-collarblue-collarblue-collarblue-collarblue-collarblue-collarblue-collarblue-collarblue-collarblue-collarblue-collarblue-collarblue-collarblue-collarblue-collarblue-collarblue-collarblue-collarblue-collarblue-collarblue-collarblue-collarblue-collarblue-collarblue-collarblue-collarblue-collarblue-collarblue-collarblue-collarblue-collarblue-collarblue-collarblue-collarblue-collarblue-collarblue-collarblue-collarblue-collarblue-collarblue-collarblue-collarblue-collarblue-collarblue-collarblue-collarblue-collarblue-collarblue-collarblue-collarblue-collarblue-collarblue-collarblue-collarblue-collarblue-collarblue-collarblue-collarblue-collarblue-collarblue-collarblue-collarblue-collarblue-collarblue-collarblue-collarblue-collarblue-collarblue-collarblue-collarblue-collarblue-collarblue-collarblue-collarblue-collarblue-collarblue-collarblue-collarblue-collarblue-collarblue-collarblue-collarblue-collarblue-collarblue-collarblue-collarblue-collarblue-collarblue-collarblue-collarblue-collarblue-collarblue-collarblue-collarblue-collarblue-collarblue-collarblue-collarblue-collarblue-collarblue-collarblue-collarblue-collarblue-collarblue-collarblue-collarblue-collarblue-collarblue-collarblue-collarblue-collarblue-collarblue-collarblue-collarblue-collarblue-collarblue-collarblue-collarblue-collarblue-collarblue-collarblue-collarblue-collarblue-collarblue-collarblue-collarblue-collarblue-collarblue-collarblue-collarblue-collarblue-collarblue-collarblue-collarblue-collarblue-collarblue-collarblue-collarblue-collarblue-collarblue-collarblue-collarblue-collarblue-collarblue-collarblue-collarblue-collarblue-collarblue-collarblue-collarblue-collarblue-collarblue-collarblue-collarblue-collarblue-collarblue-collarblue-collarblue-collarblue-collarblue-collarblue-collarblue-collarblue-collarblue-collarblue-collarblue-collarblue-collarblue-collarblue-collarblue-collarblue-collarblue-collarblue-collarblue-collarblue-collarblue-collarblue-collarblue-collarblue-collarblue-collarblue-collarblue-collarblue-collarblue-collarblue-collarblue-collarblue-collarblue-collarblue-collarblue-collarblue-collarblue-collarblue-collarblue-collarblue-collarblue-collarblue-collarblue-collarblue-collarblue-collarblue-collarblue-collarblue-collarblue-collarblue-collarblue-collarblue-collarblue-collarblue-collarblue-collarblue-collarblue-collarblue-collarblue-collarblue-collarblue-collarblue-collarblue-collarblue-collarblue-collarblue-collarblue-collarblue-collarblue-collarblue-collarblue-collarblue-collarblue-collarblue-collarblue-collarblue-collarblue-collarblue-collarblue-collarblue-collarblue-collarblue-collarblue-collarblue-collarblue-collarblue-collarblue-collarblue-collarblue-collarblue-collarblue-collarblue-collarblue-collarblue-collarblue-collarblue-collarblue-collarblue-collarblue-collarblue-collarblue-collarblue-collarblue-collarblue-collarblue-collarblue-collarblue-collarblue-collarblue-collarblue-collarblue-collarblue-collarblue-collarblue-collarblue-collarblue-collarblue-collarblue-collarblue-collarblue-collarblue-collarblue-collarblue-collarblue-collarblue-collarblue-collarblue-collarblue-collarblue-collarblue-collarblue-collarblue-collarblue-collarblue-collarblue-collarblue-collarblue-collarblue-collarblue-collarblue-collarblue-collarblue-collarblue-collarblue-collarblue-collarblue-collarblue-collarblue-collarblue-collarblue-collarblue-collarblue-collarblue-collarblue-collarblue-collarblue-collarblue-collarblue-collarblue-collarblue-collarblue-collarblue-collarblue-collarblue-collarblue-collarblue-collarblue-collarblue-collarblue-collarblue-collarblue-collarblue-collarblue-collarblue-collarblue-collarblue-collarblue-collarblue-collarblue-collarblue-collarblue-collarblue-collarblue-collarblue-collarblue-collarblue-collarblue-collarblue-collarblue-collarblue-collarblue-collarblue-collarblue-collarblue-collarblue-collarblue-collarblue-collarblue-collarblue-collarblue-collarblue-collarblue-collarblue-collarblue-collarblue-collarblue-collarblue-collarblue-collarblue-collarblue-collarblue-collarblue-collarblue-collarblue-collarblue-collarblue-collarblue-collarblue-collarblue-collarblue-collarblue-collarblue-collarblue-collarblue-collarblue-collarblue-collarblue-collarblue-collarblue-collarblue-collarblue-collarblue-collarblue-collarblue-collarblue-collarblue-collarblue-collarblue-collarblue-collarblue-collarblue-collarblue-collarblue-collarblue-collarblue-collarblue-collarblue-collarblue-collarblue-collarblue-collarblue-collarblue-collarblue-collarblue-collarblue-collarblue-collarblue-collarblue-collarblue-collarblue-collarblue-collarblue-collarblue-collarblue-collarblue-collarblue-collarblue-collarblue-collarblue-collarblue-collarblue-collarblue-collarblue-collarblue-collarblue-collarblue-collarblue-collarblue-collarblue-collarblue-collarblue-collarblue-collarblue-collarblue-collarblue-collarblue-collarblue-collarblue-collarblue-collarblue-collarblue-collarblue-collarblue-collarblue-collarblue-collarblue-collarblue-collarblue-collarblue-collarblue-collarblue-collarblue-collarblue-collarblue-collarblue-collarblue-collarblue-collarblue-collarblue-collarblue-collarblue-collarblue-collarblue-collarblue-collarblue-collarblue-collarblue-collarblue-collarblue-collarblue-collarblue-collarblue-collarblue-collarblue-collarblue-collarblue-collarblue-collarblue-collarblue-collarblue-collarblue-collarblue-collarblue-collarblue-collarblue-collarblue-collarblue-collarblue-collarblue-collarblue-collarblue-collarblue-collarblue-collarblue-collarblue-collarblue-collarblue-collarblue-collarblue-collarblue-collarblue-collarblue-collarblue-collarblue-collarblue-collarblue-collarblue-collarblue-collarblue-collarblue-collarblue-collarblue-collarblue-collarblue-collarblue-collarblue-collarblue-collarblue-collarblue-collarblue-collarblue-collarblue-collarblue-collarblue-collarblue-collarblue-collarblue-collarblue-collarblue-collarblue-collarblue-collarblue-collarblue-collarblue-collarblue-collarblue-collarblue-collarblue-collarblue-collarblue-collarblue-collarblue-collarblue-collarblue-collarblue-collarblue-collarblue-collarblue-collarblue-collarblue-collarblue-collarblue-collarblue-collarblue-collarblue-collarblue-collarblue-collarblue-collarblue-collarblue-collarblue-collarblue-collarblue-collarblue-collarblue-collarblue-collarblue-collarblue-collarblue-collarblue-collarblue-collarblue-collarblue-collarblue-collarblue-collarblue-collarblue-collarblue-collarblue-collarblue-collarblue-collarblue-collarblue-collarblue-collarblue-collarblue-collarblue-collarblue-collarblue-collarblue-collarblue-collarblue-collarblue-collarblue-collarblue-collarblue-collarblue-collarblue-collarblue-collarblue-collarblue-collarblue-collarblue-collarblue-collarblue-collarblue-collarblue-collarblue-collarblue-collarblue-collarblue-collarblue-collarblue-collarblue-collarblue-collarblue-collarblue-collarblue-collarblue-collarblue-collarblue-collarblue-collarblue-collarblue-collarblue-collarblue-collarblue-collarblue-collarblue-collarblue-collarblue-collarblue-collarblue-collarblue-collarblue-collarblue-collarblue-collarblue-collarblue-collarblue-collarblue-collarblue-collarblue-collarblue-collarblue-collarblue-collarblue-collarblue-collarblue-collarblue-collarblue-collarblue-collarblue-collarblue-collarblue-collarblue-collarblue-collarblue-collarblue-collarblue-collarblue-collarblue-collarblue-collarblue-collarblue-collarblue-collarblue-collarblue-collarblue-collarblue-collarblue-collarblue-collarblue-collarblue-collarblue-collarblue-collarblue-collarblue-collarblue-collarblue-collarblue-collarblue-collarblue-collarblue-collarblue-collarblue-collarblue-collarblue-collarblue-collarblue-collarblue-collarblue-collarblue-collarblue-collarblue-collarblue-collarblue-collarblue-collarblue-collarblue-collarblue-collarblue-collarblue-collarblue-collarblue-collarblue-collarblue-collarblue-collarblue-collarblue-collarblue-collarblue-collarblue-collarblue-collarblue-collarblue-collarblue-collarblue-collarblue-collarblue-collarblue-collarblue-collarblue-collarblue-collarblue-collarblue-collarblue-collarblue-collarblue-collarblue-collarblue-collarblue-collarblue-collarblue-collarblue-collarblue-collarblue-collarblue-collarblue-collarblue-collarblue-collarblue-collarblue-collarblue-collarblue-collarblue-collarblue-collarblue-collarblue-collarblue-collarblue-collarblue-collarblue-collarblue-collarblue-collarblue-collarblue-collarblue-collarblue-collarblue-collarblue-collarblue-collarblue-collarblue-collarblue-collarblue-collarblue-collarblue-collarblue-collarblue-collarblue-collarblue-collarblue-collarblue-collarblue-collarblue-collarblue-collarblue-collarblue-collarblue-collarblue-collarblue-collarblue-collarblue-collarblue-collarblue-collarblue-collarblue-collarblue-collarblue-collarblue-collarblue-collarblue-collarblue-collarblue-collarblue-collarblue-collarblue-collarblue-collarblue-collarblue-collarblue-collarblue-collarblue-collarblue-collarblue-collarblue-collarblue-collarblue-collarblue-collarblue-collarblue-collarblue-collarblue-collarblue-collarblue-collarblue-collarblue-collarblue-collarblue-collarblue-collarblue-collarblue-collarblue-collarblue-collarblue-collarblue-collarblue-collarblue-collarblue-collarblue-collarblue-collarblue-collarblue-collarblue-collarblue-collarblue-collarblue-collarblue-collarblue-collarblue-collarblue-collarblue-collarblue-collarblue-collarblue-collarblue-collarblue-collarblue-collarblue-collarblue-collarblue-collarblue-collarblue-collarblue-collarblue-collarblue-collarblue-collarblue-collarblue-collarblue-collarblue-collarblue-collarblue-collarblue-collarblue-collarblue-collarblue-collarblue-collarblue-collarblue-collarblue-collarblue-collarblue-collarblue-collarblue-collarblue-collarblue-collarblue-collarblue-collarblue-collarblue-collarblue-collarblue-collarblue-collarblue-collarblue-collarblue-collarblue-collarblue-collarblue-collarblue-collarblue-collarblue-collarblue-collarblue-collarblue-collarblue-collarblue-collarblue-collarblue-collarblue-collarblue-collarblue-collarblue-collarblue-collarblue-collarblue-collarblue-collarblue-collarblue-collarblue-collarblue-collarblue-collarblue-collarblue-collarblue-collarblue-collarblue-collarblue-collarblue-collarblue-collarblue-collarblue-collarblue-collarblue-collarblue-collarblue-collarblue-collarblue-collarblue-collarblue-collarblue-collarblue-collarblue-collarblue-collarblue-collarblue-collarblue-collarblue-collarblue-collarblue-collarblue-collarblue-collarblue-collarblue-collarblue-collarblue-collarblue-collarblue-collarblue-collarblue-collarblue-collarblue-collarblue-collarblue-collarblue-collarblue-collarblue-collarblue-collarblue-collarblue-collarblue-collarblue-collarblue-collarblue-collarblue-collarblue-collarblue-collarblue-collarblue-collarblue-collarblue-collarblue-collarblue-collarblue-collarblue-collarblue-collarblue-collarblue-collarblue-collarblue-collarblue-collarblue-collarblue-collarblue-collarblue-collarblue-collarblue-collarblue-collarblue-collarblue-collarblue-collarblue-collarblue-collarblue-collarblue-collarblue-collarblue-collarblue-collarblue-collarblue-collarblue-collarblue-collarblue-collarblue-collarblue-collarblue-collarblue-collarblue-collarblue-collarblue-collarblue-collarblue-collarblue-collarblue-collarblue-collarblue-collarblue-collarblue-collarblue-collarblue-collarblue-collarblue-collarblue-collarblue-collarblue-collarblue-collarblue-collarblue-collarblue-collarblue-collarblue-collarblue-collarblue-collarblue-collarblue-collarblue-collarblue-collarblue-collarblue-collarblue-collarblue-collarblue-collarblue-collarblue-collarblue-collarblue-collarblue-collarblue-collarblue-collarblue-collarblue-collarblue-collarblue-collarblue-collarblue-collarblue-collarblue-collarblue-collarblue-collarblue-collarblue-collarblue-collarblue-collarblue-collarblue-collarblue-collarblue-collarblue-collarblue-collarblue-collarblue-collarblue-collarblue-collarblue-collarblue-collarblue-collarblue-collarblue-collarblue-collarblue-collarblue-collarblue-collarblue-collarblue-collarblue-collarblue-collarblue-collarblue-collarblue-collarblue-collarblue-collarblue-collarblue-collarblue-collarblue-collarblue-collarblue-collarblue-collarblue-collarblue-collarblue-collarblue-collarblue-collarblue-collarblue-collarblue-collarblue-collarblue-collarblue-collarblue-collarblue-collarblue-collarblue-collarblue-collarblue-collarblue-collarblue-collarblue-collarblue-collarblue-collarblue-collarblue-collarblue-collarblue-collarblue-collarblue-collarblue-collarblue-collarblue-collarblue-collarblue-collarblue-collarblue-collarblue-collarblue-collarblue-collarblue-collarblue-collarblue-collarblue-collarblue-collarblue-collarblue-collarblue-collarblue-collarblue-collarblue-collarblue-collarblue-collarblue-collarblue-collarblue-collarblue-collarblue-collarblue-collarblue-collarblue-collarblue-collarblue-collarblue-collarblue-collarblue-collarblue-collarblue-collarblue-collarblue-collarblue-collarblue-collarblue-collarblue-collarblue-collarblue-collarblue-collarblue-collarblue-collarblue-collarblue-collarblue-collarblue-collarblue-collarblue-collarblue-collarblue-collarblue-collarblue-collarblue-collarblue-collarblue-collarblue-collarblue-collarblue-collarblue-collarblue-collarblue-collarblue-collarblue-collarblue-collarblue-collarblue-collarblue-collarblue-collarblue-collarblue-collarblue-collarblue-collarblue-collarblue-collarblue-collarblue-collarblue-collarblue-collarblue-collarblue-collarblue-collarblue-collarblue-collarblue-collarblue-collarblue-collarblue-collarblue-collarblue-collarblue-collarblue-collarblue-collarblue-collarblue-collarblue-collarblue-collarblue-collarblue-collarblue-collarblue-collarblue-collarblue-collarblue-collarblue-collarblue-collarblue-collarblue-collarblue-collarblue-collarblue-collarblue-collarblue-collarblue-collarblue-collarblue-collarblue-collarblue-collarblue-collarblue-collarblue-collarblue-collarblue-collarblue-collarblue-collarblue-collarblue-collarblue-collarblue-collarblue-collarblue-collarblue-collarblue-collarblue-collarblue-collarblue-collarblue-collarblue-collarblue-collarblue-collarblue-collarblue-collarblue-collarblue-collarblue-collarblue-collarblue-collarblue-collarblue-collarblue-collarblue-collarblue-collarblue-collarblue-collarblue-collarblue-collarblue-collarblue-collarblue-collarblue-collarblue-collarblue-collarblue-collarblue-collarblue-collarblue-collarblue-collarblue-collarblue-collarblue-collarblue-collarblue-collarblue-collarblue-collarblue-collarblue-collarblue-collarblue-collarblue-collarblue-collarblue-collarblue-collarblue-collarblue-collarblue-collarblue-collarblue-collarblue-collarblue-collarblue-collarblue-collarblue-collarblue-collarblue-collarblue-collarblue-collarblue-collarblue-collarblue-collarblue-collarblue-collarblue-collarblue-collarblue-collarblue-collarblue-collarblue-collarblue-collarblue-collarblue-collarblue-collarblue-collarblue-collarblue-collarblue-collarblue-collarblue-collarblue-collarblue-collarblue-collarblue-collarblue-collarblue-collarblue-collarblue-collarblue-collarblue-collarblue-collarblue-collarblue-collarblue-collarblue-collarblue-collarblue-collarblue-collarblue-collarblue-collarblue-collarblue-collarblue-collarblue-collarblue-collarblue-collarblue-collarblue-collarblue-collarblue-collarblue-collarblue-collarblue-collarblue-collarblue-collarblue-collarblue-collarblue-collarblue-collarblue-collarblue-collarblue-collarblue-collarblue-collarblue-collarblue-collarblue-collarblue-collarblue-collarblue-collarblue-collarblue-collarblue-collarblue-collarblue-collarblue-collarblue-collarblue-collarblue-collarblue-collarblue-collarblue-collarblue-collarblue-collarblue-collarblue-collarblue-collarblue-collarblue-collarblue-collarblue-collarblue-collarblue-collarblue-collarblue-collarblue-collarblue-collarblue-collarblue-collarblue-collarblue-collarblue-collarblue-collarblue-collarblue-collarblue-collarblue-collarblue-collarblue-collarblue-collarblue-collarblue-collarblue-collarblue-collarblue-collarblue-collarblue-collarblue-collarblue-collarblue-collarblue-collarblue-collarblue-collarblue-collarblue-collarblue-collarblue-collarblue-collarblue-collarblue-collarblue-collarblue-collarblue-collarblue-collarblue-collarblue-collarblue-collarblue-collarblue-collarblue-collarblue-collarblue-collarblue-collarblue-collarblue-collarblue-collarblue-collarblue-collarblue-collarblue-collarblue-collarblue-collarblue-collarblue-collarblue-collarblue-collarblue-collarblue-collarblue-collarblue-collarblue-collarblue-collarblue-collarblue-collarblue-collarblue-collarblue-collarblue-collarblue-collarblue-collarblue-collarblue-collarblue-collarblue-collarblue-collarblue-collarblue-collarblue-collarblue-collarblue-collarblue-collarblue-collarblue-collarblue-collarblue-collarblue-collarblue-collarblue-collarblue-collarblue-collarblue-collarblue-collarblue-collarblue-collarblue-collarblue-collarblue-collarblue-collarblue-collarblue-collarblue-collarblue-collarblue-collarblue-collarblue-collarblue-collarblue-collarblue-collarblue-collarblue-collarblue-collarblue-collarblue-collarblue-collarblue-collarblue-collarblue-collarblue-collarblue-collarblue-collarblue-collarblue-collarblue-collarblue-collarblue-collarblue-collarblue-collarblue-collarblue-collarblue-collarblue-collarblue-collarblue-collarblue-collarblue-collarblue-collarblue-collarblue-collarblue-collarblue-collarblue-collarblue-collarblue-collarblue-collarblue-collarblue-collarblue-collarblue-collarblue-collarblue-collarblue-collarblue-collarblue-collarblue-collarblue-collarblue-collarblue-collarblue-collarblue-collarblue-collarblue-collarblue-collarblue-collarblue-collarblue-collarblue-collarblue-collarblue-collarblue-collarblue-collarblue-collarblue-collarblue-collarblue-collarblue-collarblue-collarblue-collarblue-collarblue-collarblue-collarblue-collarblue-collarblue-collarblue-collarblue-collarblue-collarblue-collarblue-collarblue-collarblue-collarblue-collarblue-collarblue-collarblue-collarblue-collarblue-collarblue-collarblue-collarblue-collarblue-collarblue-collarblue-collarblue-collarblue-collarblue-collarblue-collarblue-collarblue-collarblue-collarblue-collarblue-collarblue-collarblue-collarblue-collarblue-collarblue-collarblue-collarblue-collarblue-collarblue-collarblue-collarblue-collarblue-collarblue-collarblue-collarblue-collarblue-collarblue-collarblue-collarblue-collarblue-collarblue-collarblue-collarblue-collarblue-collarblue-collarblue-collarblue-collarblue-collarblue-collarblue-collarblue-collarblue-collarblue-collarblue-collarblue-collarblue-collarblue-collarblue-collarblue-collarblue-collarblue-collarblue-collarblue-collarblue-collarblue-collarblue-collarblue-collarblue-collarblue-collarblue-collarblue-collarblue-collarblue-collarblue-collarblue-collarblue-collarblue-collarblue-collarblue-collarblue-collarblue-collarblue-collarblue-collarblue-collarblue-collarblue-collarblue-collarblue-collarblue-collarblue-collarblue-collarblue-collarblue-collarblue-collarblue-collarblue-collarblue-collarblue-collarblue-collarblue-collarblue-collarblue-collarblue-collarblue-collarblue-collarblue-collarblue-collarblue-collarblue-collarblue-collarblue-collarblue-collarblue-collarblue-collarblue-collarblue-collarblue-collarblue-collarblue-collarblue-collarblue-collarblue-collarblue-collarblue-collarblue-collarblue-collarblue-collarblue-collarblue-collarblue-collarblue-collarblue-collarblue-collarblue-collarblue-collarblue-collarblue-collarblue-collarblue-collarblue-collarblue-collarblue-collarblue-collarblue-collarblue-collarblue-collarblue-collarblue-collarblue-collarblue-collarblue-collarblue-collarblue-collarblue-collarblue-collarblue-collarblue-collarblue-collarblue-collarblue-collarblue-collarblue-collarblue-collarblue-collarblue-collarblue-collarblue-collarblue-collarblue-collarblue-collarblue-collarblue-collarblue-collarblue-collarblue-collarblue-collarblue-collarblue-collarblue-collarblue-collarblue-collarblue-collarblue-collarblue-collarblue-collarblue-collarblue-collarblue-collarblue-collarblue-collarblue-collarblue-collarblue-collarblue-collarblue-collarblue-collarblue-collarblue-collarblue-collarblue-collarblue-collarblue-collarblue-collarblue-collarblue-collarblue-collarblue-collarblue-collarblue-collarblue-collarblue-collarblue-collarblue-collarblue-collarblue-collarblue-collarblue-collarblue-collarblue-collarblue-collarblue-collarblue-collarblue-collarblue-collarblue-collarblue-collarblue-collarblue-collarblue-collarblue-collarblue-collarblue-collarblue-collarblue-collarblue-collarblue-collarblue-collarblue-collarblue-collarblue-collarblue-collarblue-collarblue-collarblue-collarblue-collarblue-collarblue-collarblue-collarblue-collarblue-collarblue-collarblue-collarblue-collarblue-collarblue-collarblue-collarblue-collarblue-collarblue-collarblue-collarblue-collarblue-collarblue-collarblue-collarblue-collarblue-collarblue-collarblue-collarblue-collarblue-collarblue-collarblue-collarblue-collarblue-collarblue-collarblue-collarblue-collarblue-collarblue-collarblue-collarblue-collarblue-collarblue-collarblue-collarblue-collarblue-collarblue-collarblue-collarblue-collarblue-collarblue-collarblue-collarblue-collarblue-collarblue-collarblue-collarblue-collarblue-collarblue-collarblue-collarblue-collarblue-collarblue-collarblue-collarblue-collarblue-collarblue-collarblue-collarblue-collarblue-collarblue-collarblue-collarblue-collarblue-collarblue-collarblue-collarblue-collarblue-collarblue-collarblue-collarblue-collarblue-collarblue-collarblue-collarblue-collarblue-collarblue-collarblue-collarblue-collarblue-collarblue-collarblue-collarblue-collarblue-collarblue-collarblue-collarblue-collarblue-collarblue-collarblue-collarblue-collarblue-collarblue-collarblue-collarblue-collarblue-collarblue-collarblue-collarblue-collarblue-collarblue-collarblue-collarblue-collarblue-collarblue-collarblue-collarblue-collarblue-collarblue-collarblue-collarblue-collarblue-collarblue-collarblue-collarblue-collarblue-collarblue-collarblue-collarblue-collarblue-collarblue-collarblue-collarblue-collarblue-collarblue-collarblue-collarblue-collarblue-collarblue-collarblue-collarblue-collarblue-collarblue-collarblue-collarblue-collarblue-collarblue-collarblue-collarblue-collarblue-collarblue-collarblue-collarblue-collarblue-collarblue-collarblue-collarblue-collarblue-collarblue-collarblue-collarblue-collarblue-collarblue-collarblue-collarblue-collarblue-collarblue-collarblue-collarblue-collarblue-collarblue-collarblue-collarblue-collarblue-collarblue-collarblue-collarblue-collarblue-collarblue-collarblue-collarblue-collarblue-collarblue-collarblue-collarblue-collarblue-collarblue-collarblue-collarblue-collarblue-collarblue-collarblue-collarblue-collarblue-collarblue-collarblue-collarblue-collarblue-collarblue-collarblue-collarblue-collarblue-collarblue-collarblue-collarblue-collarblue-collarblue-collarblue-collarblue-collarblue-collarblue-collarblue-collarblue-collarblue-collarblue-collarblue-collarblue-collarblue-collarblue-collarblue-collarblue-collarblue-collarblue-collarblue-collarblue-collarblue-collarblue-collarblue-collarblue-collarblue-collarblue-collarblue-collarblue-collarblue-collarblue-collarblue-collarblue-collarblue-collarblue-collarblue-collarblue-collarblue-collarblue-collarblue-collarblue-collarblue-collarblue-collarblue-collarblue-collarblue-collarblue-collarblue-collarblue-collarblue-collarblue-collarblue-collarblue-collarblue-collarblue-collarblue-collarblue-collarblue-collarblue-collarblue-collarblue-collarblue-collarblue-collarblue-collarblue-collarblue-collarblue-collarblue-collarblue-collarblue-collarblue-collarblue-collarblue-collarblue-collarblue-collarblue-collarblue-collarblue-collarblue-collarblue-collarblue-collarblue-collarblue-collarblue-collarblue-collarblue-collarblue-collarblue-collarblue-collarblue-collarblue-collarblue-collarblue-collarblue-collarblue-collarblue-collarblue-collarblue-collarblue-collarblue-collarblue-collarblue-collarblue-collarblue-collarblue-collarblue-collarblue-collarblue-collarblue-collarblue-collarblue-collarblue-collarblue-collarblue-collarblue-collarblue-collarblue-collarblue-collarblue-collarblue-collarblue-collarblue-collarblue-collarblue-collarblue-collarblue-collarblue-collarblue-collarblue-collarblue-collarblue-collarblue-collarblue-collarblue-collarblue-collarblue-collarblue-collarblue-collarblue-collarblue-collarblue-collarblue-collarblue-collarblue-collarblue-collarblue-collarblue-collarblue-collarblue-collarblue-collarblue-collarblue-collarblue-collarblue-collarblue-collarblue-collarblue-collarblue-collarblue-collarblue-collarblue-collarblue-collarblue-collarblue-collarblue-collarblue-collarblue-collarblue-collarblue-collarblue-collarblue-collarblue-collarblue-collarblue-collarblue-collarblue-collarblue-collarblue-collarblue-collarblue-collarblue-collarblue-collarblue-collarblue-collarblue-collarblue-collarblue-collarblue-collarblue-collarblue-collarblue-collarblue-collarblue-collarblue-collarblue-collarblue-collarblue-collarblue-collarblue-collarblue-collarblue-collarblue-collarblue-collarblue-collarblue-collarblue-collarblue-collarblue-collarblue-collarblue-collarblue-collarblue-collarblue-collarblue-collarblue-collarblue-collarblue-collarblue-collarblue-collarblue-collarblue-collarblue-collarblue-collarblue-collarblue-collarblue-collarblue-collarblue-collarblue-collarblue-collarblue-collarblue-collarblue-collarblue-collarblue-collarblue-collarblue-collarblue-collarblue-collarblue-collarblue-collarblue-collarblue-collarblue-collarblue-collarblue-collarblue-collarblue-collarblue-collarblue-collarblue-collarblue-collarblue-collarblue-collarblue-collarblue-collarblue-collarblue-collarblue-collarblue-collarblue-collarblue-collarblue-collarblue-collarblue-collarblue-collarblue-collarblue-collarblue-collarblue-collarblue-collarblue-collarblue-collarblue-collarblue-collarblue-collarblue-collarblue-collarblue-collarblue-collarblue-collarblue-collarblue-collarblue-collarblue-collarblue-collarblue-collarblue-collarblue-collarblue-collarblue-collarblue-collarblue-collarblue-collarblue-collarblue-collarblue-collarblue-collarblue-collarblue-collarblue-collarblue-collarblue-collarblue-collarblue-collarblue-collarblue-collarblue-collarblue-collarblue-collarblue-collarblue-collarblue-collarblue-collarblue-collarblue-collarblue-collarblue-collarblue-collarblue-collarblue-collarblue-collarblue-collarblue-collarblue-collarblue-collarblue-collarblue-collarblue-collarblue-collarblue-collarblue-collarblue-collarblue-collarblue-collarblue-collarblue-collarblue-collarblue-collarblue-collarblue-collarblue-collarblue-collarblue-collarblue-collarblue-collarblue-collarblue-collarblue-collarblue-collarblue-collarblue-collarblue-collarblue-collarblue-collarblue-collarblue-collarblue-collarblue-collarblue-collarblue-collarblue-collarblue-collarblue-collarblue-collarblue-collarblue-collarblue-collarblue-collarblue-collarblue-collarblue-collarblue-collarblue-collarblue-collarblue-collarblue-collarblue-collarblue-collarblue-collarblue-collarblue-collarblue-collarblue-collarblue-collarblue-collarblue-collarblue-collarblue-collarblue-collarblue-collarblue-collarblue-collarblue-collarblue-collarblue-collarblue-collarblue-collarblue-collarblue-collarblue-collarblue-collarblue-collarblue-collarblue-collarblue-collarblue-collarblue-collarblue-collarblue-collarblue-collarblue-collarblue-collarblue-collarblue-collarblue-collarblue-collarblue-collarblue-collarblue-collarblue-collarblue-collarblue-collarblue-collarblue-collarblue-collarblue-collarblue-collarblue-collarblue-collarblue-collarblue-collarblue-collarblue-collarblue-collarblue-collarblue-collarblue-collarblue-collarblue-collarblue-collarblue-collarblue-collarblue-collarblue-collarblue-collarblue-collarblue-collarblue-collarblue-collarblue-collarblue-collarblue-collarblue-collarblue-collarblue-collarblue-collarblue-collarblue-collarblue-collarblue-collarblue-collarblue-collarblue-collarblue-collarblue-collarblue-collarblue-collarblue-collarblue-collarblue-collarblue-collarblue-collarblue-collarblue-collarblue-collarblue-collarblue-collarblue-collarblue-collarblue-collarblue-collarblue-collarblue-collarblue-collarblue-collarblue-collarblue-collarblue-collarblue-collarblue-collarblue-collarblue-collarblue-collarblue-collarblue-collarblue-collarblue-collarblue-collarblue-collarblue-collarblue-collarblue-collarblue-collarblue-collarblue-collarblue-collarblue-collarblue-collarblue-collarblue-collarblue-collarblue-collarblue-collarblue-collarblue-collarblue-collarblue-collarblue-collarblue-collarblue-collarblue-collarblue-collarblue-collarblue-collarblue-collarblue-collarblue-collarblue-collarblue-collarblue-collarblue-collarblue-collarblue-collarblue-collarblue-collarblue-collarblue-collarblue-collarblue-collarblue-collarblue-collarblue-collarblue-collarblue-collarblue-collarblue-collarblue-collarblue-collarblue-collarblue-collarblue-collarblue-collarblue-collarblue-collarblue-collarblue-collarblue-collarblue-collarblue-collarblue-collarblue-collarblue-collarblue-collarblue-collarblue-collarblue-collarblue-collarblue-collarblue-collarblue-collarblue-collarblue-collarblue-collarblue-collarblue-collarblue-collarblue-collarblue-collarblue-collarblue-collarblue-collarblue-collarblue-collarblue-collarblue-collarblue-collarblue-collarblue-collarblue-collarblue-collarblue-collarblue-collarblue-collarblue-collarblue-collarblue-collarblue-collarblue-collarblue-collarblue-collarblue-collarblue-collarblue-collarblue-collarblue-collarblue-collarblue-collarblue-collarblue-collarblue-collarblue-collarblue-collarblue-collarblue-collarblue-collarblue-collarblue-collarblue-collarblue-collarblue-collarblue-collarblue-collarblue-collarblue-collarblue-collarblue-collarblue-collarblue-collarblue-collarblue-collarblue-collarblue-collarblue-collarblue-collarblue-collarblue-collarblue-collarblue-collarblue-collarblue-collarblue-collarblue-collarblue-collarblue-collarblue-collarblue-collarblue-collarblue-collarblue-collarblue-collarblue-collarblue-collarblue-collarblue-collarblue-collarblue-collarblue-collarblue-collarblue-collarblue-collarblue-collarblue-collarblue-collarblue-collarblue-collarblue-collarblue-collarblue-collarblue-collarblue-collarblue-collarblue-collarblue-collarblue-collarblue-collarblue-collarblue-collarblue-collarblue-collarblue-collarblue-collarblue-collarblue-collarblue-collarblue-collarblue-collarblue-collarblue-collarblue-collarblue-collarblue-collarblue-collarblue-collarblue-collarblue-collarblue-collarblue-collarblue-collarblue-collarblue-collarblue-collarblue-collarblue-collarblue-collarblue-collarblue-collarblue-collarblue-collarblue-collarblue-collarblue-collarblue-collarblue-collarblue-collarblue-collarblue-collarblue-collarblue-collarblue-collarblue-collarblue-collarblue-collarblue-collarblue-collarblue-collarblue-collarblue-collarblue-collarblue-collarblue-collarblue-collarblue-collarblue-collarblue-collarblue-collarblue-collarblue-collarblue-collarblue-collarblue-collarblue-collarblue-collarblue-collarblue-collarblue-collarblue-collarblue-collarblue-collarblue-collarblue-collarblue-collarblue-collarblue-collarblue-collarblue-collarblue-collarblue-collarblue-collarblue-collarblue-collarblue-collarblue-collarblue-collarblue-collarblue-collarblue-collarblue-collarblue-collarblue-collarblue-collarblue-collarblue-collarblue-collarblue-collarblue-collarblue-collarblue-collarblue-collarblue-collarblue-collarblue-collarblue-collarblue-collarblue-collarblue-collarblue-collarblue-collarblue-collarblue-collarblue-collarblue-collarblue-collarblue-collarblue-collarblue-collarblue-collarblue-collarblue-collarblue-collarblue-collarblue-collarblue-collarblue-collarblue-collarblue-collarblue-collarblue-collarblue-collarblue-collarblue-collarblue-collarblue-collarblue-collarblue-collarblue-collarblue-collarblue-collarblue-collarblue-collarblue-collarblue-collarblue-collarblue-collarblue-collarblue-collarblue-collarblue-collarblue-collarblue-collarblue-collarblue-collarblue-collarblue-collarblue-collarblue-collarblue-collarblue-collarblue-collarblue-collarblue-collarblue-collarblue-collarblue-collarblue-collarblue-collarblue-collarblue-collarblue-collarblue-collarblue-collarblue-collarblue-collarblue-collarblue-collarblue-collarblue-collarblue-collarblue-collarblue-collarblue-collarblue-collarblue-collarblue-collarblue-collarblue-collarblue-collarblue-collarblue-collarblue-collarblue-collarblue-collarblue-collarblue-collarblue-collarblue-collarblue-collarblue-collarblue-collarblue-collarblue-collarblue-collarblue-collarblue-collarblue-collarblue-collarblue-collarblue-collarblue-collarblue-collarblue-collarblue-collarblue-collarblue-collarblue-collarblue-collarblue-collarblue-collarblue-collarblue-collarblue-collarblue-collarblue-collarblue-collarblue-collarblue-collarblue-collarblue-collarblue-collarblue-collarblue-collarblue-collarblue-collarblue-collarblue-collarblue-collarblue-collarblue-collarblue-collarblue-collarblue-collarblue-collarblue-collarblue-collarblue-collarblue-collarblue-collarblue-collarblue-collarblue-collarblue-collarblue-collarblue-collarblue-collarblue-collarblue-collarblue-collarblue-collarblue-collarblue-collarblue-collarblue-collarblue-collarblue-collarblue-collarblue-collarblue-collarblue-collarblue-collarblue-collarblue-collarblue-collarblue-collarblue-collarblue-collarblue-collarblue-collarblue-collarblue-collarblue-collarblue-collarblue-collarblue-collarblue-collarblue-collarblue-collarblue-collarblue-collarblue-collarblue-collarblue-collarblue-collarblue-collarblue-collarblue-collarblue-collarblue-collarblue-collarblue-collarblue-collarblue-collarblue-collarblue-collarblue-collarblue-collarblue-collarblue-collarblue-collarblue-collarblue-collarblue-collarblue-collarblue-collarblue-collarblue-collarblue-collarblue-collarblue-collarblue-collarblue-collarblue-collarblue-collarblue-collarblue-collarblue-collarblue-collarblue-collarblue-collarblue-collarblue-collarblue-collarblue-collarblue-collarblue-collarblue-collarblue-collarblue-collarblue-collarblue-collarblue-collarblue-collarblue-collarblue-collarblue-collarblue-collarblue-collarblue-collarblue-collarblue-collarblue-collarblue-collarblue-collarblue-collarblue-collarblue-collarblue-collarblue-collarblue-collarblue-collarblue-collarblue-collarblue-collarblue-collarblue-collarblue-collarblue-collarblue-collarblue-collarblue-collarblue-collarblue-collarblue-collarblue-collarblue-collarblue-collarblue-collarblue-collarblue-collarblue-collarblue-collarblue-collarblue-collarblue-collarblue-collarblue-collarblue-collarblue-collarblue-collarblue-collarblue-collarblue-collarblue-collarblue-collarblue-collarblue-collarblue-collarblue-collarblue-collarblue-collarblue-collarblue-collarblue-collarblue-collarblue-collarblue-collarblue-collarblue-collarblue-collarblue-collarblue-collarblue-collarblue-collarblue-collarblue-collarblue-collarblue-collarblue-collarblue-collarblue-collarblue-collarblue-collarblue-collarblue-collarblue-collarblue-collarblue-collarblue-collarblue-collarblue-collarblue-collarblue-collarblue-collarblue-collarblue-collarblue-collarblue-collarblue-collarblue-collarblue-collarblue-collarblue-collarblue-collarblue-collarblue-collarblue-collarblue-collarblue-collarblue-collarblue-collarblue-collarblue-collarblue-collarblue-collarblue-collarblue-collarblue-collarblue-collarblue-collarblue-collarblue-collarblue-collarblue-collarblue-collarblue-collarblue-collarblue-collarblue-collarblue-collarblue-collarblue-collarblue-collarblue-collarblue-collarblue-collarblue-collarblue-collarblue-collarblue-collarblue-collarblue-collarblue-collarblue-collarblue-collarblue-collarblue-collarblue-collarblue-collarblue-collarblue-collarblue-collarblue-collarblue-collarblue-collarblue-collarblue-collarblue-collarblue-collarblue-collarblue-collarblue-collarblue-collarblue-collarblue-collarblue-collarblue-collarblue-collarblue-collarblue-collarblue-collarblue-collarblue-collarblue-collarblue-collarblue-collarblue-collarblue-collarblue-collarblue-collarblue-collarblue-collarblue-collarblue-collarblue-collarblue-collarblue-collarblue-collarblue-collarblue-collarblue-collarblue-collarblue-collarblue-collarblue-collarblue-collarblue-collarblue-collarblue-collarblue-collarblue-collarblue-collarblue-collarblue-collarblue-collarblue-collarblue-collarblue-collarblue-collarblue-collarblue-collarblue-collarblue-collarblue-collarblue-collarblue-collarblue-collarblue-collarblue-collarblue-collarblue-collarblue-collarblue-collarblue-collarblue-collarblue-collarblue-collarblue-collarblue-collarblue-collarblue-collarblue-collarblue-collarblue-collarblue-collarblue-collarblue-collarblue-collarblue-collarblue-collarblue-collarblue-collarblue-collarblue-collarblue-collarblue-collarblue-collarblue-collarblue-collarblue-collarblue-collarblue-collarblue-collarblue-collarblue-collarblue-collarblue-collarblue-collarblue-collarblue-collarblue-collarblue-collarblue-collarblue-collarblue-collarblue-collarblue-collarblue-collarblue-collarblue-collarblue-collarblue-collarblue-collarblue-collarblue-collarblue-collarblue-collarblue-collarblue-collarblue-collarblue-collarblue-collarblue-collarblue-collarblue-collarblue-collarblue-collarblue-collarblue-collarblue-collarblue-collarblue-collarblue-collarblue-collarblue-collarblue-collarblue-collarblue-collarblue-collarblue-collarblue-collarblue-collarblue-collarblue-collarblue-collarblue-collarblue-collarblue-collarblue-collarblue-collarblue-collarblue-collarblue-collarblue-collarblue-collarblue-collarblue-collarblue-collarblue-collarblue-collarblue-collarblue-collarblue-collarblue-collarblue-collarblue-collarblue-collarblue-collarblue-collarblue-collarblue-collarblue-collarblue-collarblue-collarblue-collarblue-collarblue-collarblue-collarblue-collarblue-collarblue-collarblue-collarblue-collarblue-collarblue-collarblue-collarblue-collarblue-collarblue-collarblue-collarblue-collarblue-collarblue-collarblue-collarblue-collarblue-collarblue-collarblue-collarblue-collarblue-collarblue-collarblue-collarblue-collarblue-collarblue-collarblue-collarblue-collarblue-collarblue-collarblue-collarblue-collarblue-collarblue-collarblue-collarblue-collarblue-collarblue-collarblue-collarblue-collarblue-collarblue-collarblue-collarblue-collarblue-collarblue-collarblue-collarblue-collarblue-collarblue-collarblue-collarblue-collarblue-collarblue-collarblue-collarblue-collarblue-collarblue-collarblue-collarblue-collarblue-collarblue-collarblue-collarblue-collarblue-collarblue-collarblue-collarblue-collarblue-collarblue-collarblue-collarblue-collarblue-collarblue-collarblue-collarblue-collarblue-collarblue-collarblue-collarblue-collarblue-collarblue-collarblue-collarblue-collarblue-collarblue-collarblue-collarblue-collarblue-collarblue-collarblue-collarblue-collarblue-collarblue-collarblue-collarblue-collarblue-collarblue-collarblue-collarblue-collarblue-collarblue-collarblue-collarblue-collarblue-collarblue-collarblue-collarblue-collarblue-collarblue-collarblue-collarblue-collarblue-collarblue-collarblue-collarblue-collarblue-collarblue-collarblue-collarblue-collarblue-collarblue-collarblue-collarblue-collarblue-collarblue-collarblue-collarblue-collarblue-collarblue-collarblue-collarblue-collarblue-collarblue-collarblue-collarblue-collarblue-collarblue-collarblue-collarblue-collarblue-collarblue-collarblue-collarblue-collarblue-collarblue-collarblue-collarblue-collarblue-collarblue-collarblue-collarblue-collarblue-collarblue-collarblue-collarblue-collarblue-collarblue-collarblue-collarblue-collarblue-collarblue-collarblue-collarblue-collarblue-collarblue-collarblue-collarblue-collarblue-collarblue-collarblue-collarblue-collarblue-collarblue-collarblue-collarblue-collarblue-collarblue-collarblue-collarblue-collarblue-collarblue-collarblue-collarblue-collarblue-collarblue-collarblue-collarblue-collarblue-collarblue-collarblue-collarblue-collarblue-collarblue-collarblue-collarblue-collarblue-collarblue-collarblue-collarblue-collarblue-collarblue-collarblue-collarblue-collarblue-collarblue-collarblue-collarblue-collarblue-collarblue-collarblue-collarblue-collarblue-collarblue-collarblue-collarblue-collarblue-collarblue-collarblue-collarblue-collarblue-collarblue-collarblue-collarblue-collarblue-collarblue-collarblue-collarblue-collarblue-collarblue-collarblue-collarblue-collarblue-collarblue-collarblue-collarblue-collarblue-collarblue-collarblue-collarblue-collarblue-collarblue-collarblue-collarblue-collarblue-collarblue-collarblue-collarblue-collarblue-collarblue-collarblue-collarblue-collarblue-collarblue-collarblue-collarblue-collarblue-collarblue-collarblue-collarblue-collarblue-collarblue-collarblue-collarblue-collarblue-collarblue-collarblue-collarblue-collarblue-collarblue-collarblue-collarblue-collarblue-collarblue-collarblue-collarblue-collarblue-collarblue-collarblue-collarblue-collarblue-collarblue-collarblue-collarblue-collarblue-collarblue-collarblue-collarblue-collarblue-collarblue-collarblue-collarblue-collarblue-collarblue-collarblue-collarblue-collarblue-collarblue-collarblue-collarblue-collarblue-collarblue-collarblue-collarblue-collarblue-collarblue-collarblue-collarblue-collarblue-collarblue-collarblue-collarblue-collarblue-collarblue-collarblue-collarblue-collarblue-collarblue-collarblue-collarblue-collarblue-collarblue-collarblue-collarblue-collarblue-collarblue-collarblue-collarblue-collarblue-collarblue-collarblue-collarblue-collarblue-collarblue-collarblue-collarblue-collarblue-collarblue-collarblue-collarblue-collarblue-collarblue-collarblue-collarblue-collarblue-collarblue-collarblue-collarblue-collarblue-collarblue-collarblue-collarblue-collarblue-collarblue-collarblue-collarblue-collarblue-collarblue-collarblue-collarblue-collarblue-collarblue-collarblue-collarblue-collarblue-collarblue-collarblue-collarblue-collarblue-collarblue-collarblue-collarblue-collarblue-collarblue-collarblue-collarblue-collarblue-collarblue-collarblue-collarblue-collarblue-collarblue-collarblue-collarblue-collarblue-collarblue-collarblue-collarblue-collarblue-collarblue-collarblue-collarblue-collarblue-collarblue-collarblue-collarblue-collarblue-collarblue-collarblue-collarblue-collarblue-collarblue-collarblue-collarblue-collarblue-collarblue-collarblue-collarblue-collarblue-collarblue-collarblue-collarblue-collarblue-collarblue-collarblue-collarblue-collarblue-collarblue-collarblue-collarblue-collarblue-collarblue-collarblue-collarblue-collarblue-collarblue-collarblue-collarblue-collarblue-collarblue-collarblue-collarblue-collarblue-collarblue-collarblue-collarblue-collarblue-collarblue-collarblue-collarblue-collarblue-collarblue-collarblue-collarblue-collarblue-collarblue-collarblue-collarblue-collarblue-collarblue-collarblue-collarblue-collarblue-collarblue-collarblue-collarblue-collarblue-collarblue-collarblue-collarblue-collarblue-collarblue-collarblue-collarblue-collarblue-collarblue-collarblue-collarblue-collarblue-collarblue-collarblue-collarblue-collarblue-collarblue-collarblue-collarblue-collarblue-collarblue-collarblue-collarblue-collarblue-collarblue-collarblue-collarblue-collarblue-collarblue-collarblue-collarblue-collarblue-collarblue-collarblue-collarblue-collarblue-collarblue-collarblue-collarblue-collarblue-collarblue-collarblue-collarblue-collarblue-collarblue-collarblue-collarblue-collarblue-collarblue-collarblue-collarblue-collarblue-collarblue-collarblue-collarblue-collarblue-collarblue-collarblue-collarblue-collarblue-collarblue-collarblue-collarblue-collarblue-collarblue-collarblue-collarblue-collarblue-collarblue-collarblue-collarblue-collarblue-collarblue-collarblue-collarblue-collarblue-collarblue-collarblue-collarblue-collarblue-collarblue-collarblue-collarblue-collarblue-collarblue-collarblue-collarblue-collarblue-collarblue-collarblue-collarblue-collarblue-collarblue-collarblue-collarblue-collarblue-collarblue-collarblue-collarblue-collarblue-collarblue-collarblue-collarblue-collarblue-collarblue-collarblue-collarblue-collarblue-collarblue-collarblue-collarblue-collarblue-collarblue-collarblue-collarblue-collarblue-collarblue-collarblue-collarblue-collarblue-collarblue-collarblue-collarblue-collarblue-collarblue-collarblue-collarblue-collarblue-collarblue-collarblue-collarblue-collarblue-collarblue-collarblue-collarblue-collarblue-collarblue-collarblue-collarblue-collarblue-collarblue-collarblue-collarblue-collarblue-collarblue-collarblue-collarblue-collarblue-collarblue-collarblue-collarblue-collarblue-collarblue-collarblue-collarblue-collarblue-collarblue-collarblue-collarblue-collarblue-collarblue-collarblue-collarblue-collarblue-collarblue-collarblue-collarblue-collarblue-collarblue-collarblue-collarblue-collarblue-collarblue-collarblue-collarblue-collarblue-collarblue-collarblue-collarblue-collarblue-collarblue-collarblue-collarblue-collarblue-collarblue-collarblue-collarblue-collarblue-collarblue-collarblue-collarblue-collarblue-collarblue-collarblue-collarblue-collarblue-collarblue-collarblue-collarblue-collarblue-collarblue-collarblue-collarblue-collarblue-collarblue-collarblue-collarblue-collarblue-collarblue-collarblue-collarblue-collarblue-collarblue-collarblue-collarblue-collarblue-collarblue-collarblue-collarblue-collarblue-collarblue-collarblue-collarblue-collarblue-collarblue-collarblue-collarblue-collarblue-collarblue-collarblue-collarblue-collarblue-collarblue-collarblue-collarblue-collarblue-collarblue-collarblue-collarblue-collarblue-collarblue-collarblue-collarblue-collarblue-collarblue-collarblue-collarblue-collarblue-collarblue-collarblue-collarblue-collarblue-collarblue-collarblue-collarblue-collarblue-collarblue-collarblue-collarblue-collarblue-collarblue-collarblue-collarblue-collarblue-collarblue-collarblue-collarblue-collarblue-collarblue-collarblue-collarblue-collarblue-collarblue-collarblue-collarblue-collarblue-collarblue-collarblue-collarblue-collarblue-collarblue-collarblue-collarblue-collarblue-collarblue-collarblue-collarblue-collarblue-collarblue-collarblue-collarblue-collarblue-collarblue-collarblue-collarblue-collarblue-collarblue-collarblue-collarblue-collarblue-collarblue-collarblue-collarblue-collarblue-collarblue-collarblue-collarblue-collarblue-collarblue-collarblue-collarblue-collarblue-collarblue-collarblue-collarblue-collarblue-collarblue-collarblue-collarblue-collarblue-collarblue-collarblue-collarblue-collarblue-collarblue-collarblue-collarblue-collarblue-collarblue-collarblue-collarblue-collarblue-collarblue-collarblue-collarblue-collarblue-collarblue-collarblue-collarblue-collarblue-collarblue-collarblue-collarblue-collarblue-collarblue-collarblue-collarblue-collarblue-collarblue-collarblue-collarblue-collarblue-collarblue-collarblue-collarblue-collarblue-collarblue-collarblue-collarblue-collarblue-collarblue-collarblue-collarblue-collarblue-collarblue-collarblue-collarblue-collarblue-collarblue-collarblue-collarblue-collarblue-collarblue-collarblue-collarblue-collarblue-collarblue-collarblue-collarblue-collarblue-collarblue-collarblue-collarblue-collarblue-collarblue-collarblue-collarblue-collarblue-collarblue-collarblue-collarblue-collarblue-collarblue-collarblue-collarblue-collarblue-collarblue-collarblue-collarblue-collarblue-collarblue-collarblue-collarblue-collarblue-collarblue-collarblue-collarblue-collarblue-collarblue-collarblue-collarblue-collarblue-collarblue-collarblue-collarblue-collarblue-collarblue-collarblue-collarblue-collarblue-collarblue-collarblue-collarblue-collarblue-collarblue-collarblue-collarblue-collarblue-collarblue-collarblue-collarblue-collarblue-collarblue-collarblue-collarblue-collarblue-collarblue-collarblue-collarblue-collarblue-collarblue-collarblue-collarblue-collarblue-collarblue-collarblue-collarblue-collarblue-collarblue-collarblue-collarblue-collarblue-collarblue-collarblue-collarblue-collarblue-collarblue-collarblue-collarblue-collarblue-collarblue-collarblue-collarblue-collarblue-collarblue-collarblue-collarblue-collarblue-collarblue-collarblue-collarblue-collarblue-collarblue-collarblue-collarblue-collarblue-collarblue-collarblue-collarblue-collarblue-collarblue-collarblue-collarblue-collarblue-collarblue-collarblue-collarblue-collarblue-collarblue-collarblue-collarblue-collarblue-collarblue-collarblue-collarblue-collarblue-collarblue-collarblue-collarblue-collarblue-collarblue-collarblue-collarblue-collarblue-collarblue-collarblue-collarblue-collarblue-collarblue-collarblue-collarblue-collarblue-collarblue-collarblue-collarblue-collarblue-collarblue-collarblue-collarblue-collarblue-collarblue-collarblue-collarblue-collarblue-collarblue-collarblue-collarblue-collarblue-collarblue-collarblue-collarblue-collarblue-collarblue-collarblue-collarblue-collarblue-collarblue-collarblue-collarblue-collarblue-collarblue-collarblue-collarblue-collarblue-collarblue-collarblue-collarblue-collarblue-collarblue-collarblue-collarblue-collarblue-collarblue-collarblue-collarblue-collarblue-collarblue-collarblue-collarblue-collarblue-collarblue-collarblue-collarblue-collarblue-collarblue-collarblue-collarblue-collarblue-collarblue-collarblue-collarblue-collarblue-collarblue-collarblue-collarblue-collarblue-collarblue-collarblue-collarblue-collarblue-collarblue-collarblue-collarblue-collarblue-collarblue-collarblue-collarblue-collarblue-collarblue-collarblue-collarblue-collarblue-collarblue-collarblue-collarblue-collarblue-collarblue-collarblue-collarblue-collarblue-collarblue-collarblue-collarblue-collarblue-collarblue-collarblue-collarblue-collarblue-collarblue-collarblue-collarblue-collarblue-collarblue-collarblue-collarblue-collarblue-collarblue-collarblue-collarblue-collarblue-collarblue-collarblue-collarblue-collarblue-collarblue-collarblue-collarblue-collarblue-collarblue-collarblue-collarblue-collarblue-collarblue-collarblue-collarblue-collarblue-collarblue-collarblue-collarblue-collarblue-collarblue-collarblue-collarblue-collarblue-collarblue-collarblue-collarblue-collarblue-collarblue-collarblue-collarblue-collarblue-collarblue-collarblue-collarblue-collarblue-collarblue-collarblue-collarblue-collarblue-collarblue-collarblue-collarblue-collarblue-collarblue-collarblue-collarblue-collarblue-collarblue-collarblue-collarblue-collarblue-collarblue-collarblue-collarblue-collarblue-collarblue-collarblue-collarblue-collarblue-collarblue-collarblue-collarblue-collarblue-collarblue-collarblue-collarblue-collarblue-collarblue-collarblue-collarblue-collarblue-collarblue-collarblue-collarblue-collarblue-collarblue-collarblue-collarblue-collarblue-collarblue-collarblue-collarblue-collarblue-collarblue-collarblue-collarblue-collarblue-collarblue-collarblue-collarblue-collarblue-collarblue-collarblue-collarblue-collarblue-collarblue-collarblue-collarblue-collarblue-collarblue-collarblue-collarblue-collarblue-collarblue-collarblue-collarblue-collarblue-collarblue-collarblue-collarblue-collarblue-collarblue-collarblue-collarblue-collarblue-collarblue-collarblue-collarblue-collarblue-collarblue-collarblue-collarblue-collarblue-collarblue-collarblue-collarblue-collarblue-collarblue-collarblue-collarblue-collarblue-collarblue-collarblue-collarblue-collarblue-collarblue-collarblue-collarblue-collarblue-collarblue-collarblue-collarblue-collarblue-collarblue-collarblue-collarblue-collarblue-collarblue-collarblue-collarblue-collarblue-collarblue-collarblue-collarblue-collarblue-collarblue-collarblue-collarblue-collarblue-collarblue-collarblue-collarblue-collarblue-collarblue-collarblue-collarblue-collarblue-collarblue-collarblue-collarblue-collarblue-collarblue-collarblue-collarblue-collarblue-collarblue-collarblue-collarblue-collarblue-collarblue-collarblue-collarblue-collarblue-collarblue-collarblue-collarblue-collarblue-collarblue-collarblue-collarblue-collarblue-collarblue-collarblue-collarblue-collarblue-collarblue-collarblue-collarblue-collarblue-collarblue-collarblue-collarblue-collarblue-collarblue-collarblue-collarblue-collarblue-collarblue-collarblue-collarblue-collarblue-collarblue-collarblue-collarblue-collarblue-collarblue-collarblue-collarblue-collarblue-collarblue-collarblue-collarblue-collarblue-collarblue-collarblue-collarblue-collarblue-collarblue-collarblue-collarblue-collarblue-collarblue-collarblue-collarblue-collarblue-collarblue-collarblue-collarblue-collarblue-collarblue-collarblue-collarblue-collarblue-collarblue-collarblue-collarblue-collarblue-collarblue-collarblue-collarblue-collarblue-collarblue-collarblue-collarblue-collarblue-collarblue-collarblue-collarblue-collarblue-collarblue-collarblue-collarblue-collarblue-collarblue-collarblue-collarblue-collarblue-collarblue-collarblue-collarblue-collarblue-collarblue-collarblue-collarblue-collarblue-collarblue-collarblue-collarblue-collarblue-collarblue-collarblue-collarblue-collarblue-collarblue-collarblue-collarblue-collarblue-collarblue-collarblue-collarblue-collarblue-collarblue-collarblue-collarblue-collarblue-collarblue-collarblue-collarblue-collarblue-collarblue-collarblue-collarblue-collarblue-collarblue-collarblue-collarblue-collarblue-collarblue-collarblue-collarblue-collarblue-collarblue-collarblue-collarblue-collarblue-collarblue-collarblue-collarblue-collarblue-collarblue-collarblue-collarblue-collarblue-collarblue-collarblue-collarblue-collarblue-collarblue-collarblue-collarblue-collarblue-collarblue-collarblue-collarblue-collarblue-collarblue-collarblue-collarblue-collarblue-collarblue-collarblue-collarblue-collarblue-collarblue-collarblue-collarblue-collarblue-collarblue-collarblue-collarblue-collarblue-collarblue-collarblue-collarblue-collarblue-collarblue-collarblue-collarblue-collarblue-collarblue-collarblue-collarblue-collarblue-collarblue-collarblue-collarblue-collarblue-collarblue-collarblue-collarblue-collarblue-collarblue-collarblue-collarblue-collarblue-collarblue-collarblue-collarblue-collarblue-collarblue-collarblue-collarblue-collarblue-collarblue-collarblue-collarblue-collarblue-collarblue-collarblue-collarblue-collarblue-collarblue-collarblue-collarblue-collarblue-collarblue-collarblue-collarblue-collarblue-collarblue-collarblue-collarblue-collarblue-collarblue-collarblue-collarblue-collarblue-collarblue-collarblue-collarblue-collarblue-collarblue-collarblue-collarblue-collarblue-collarblue-collarblue-collarblue-collarblue-collarblue-collarblue-collarblue-collarblue-collarblue-collarblue-collarblue-collarblue-collarblue-collarblue-collarblue-collarblue-collarblue-collarblue-collarblue-collarblue-collarblue-collarblue-collarblue-collarblue-collarblue-collarblue-collarblue-collarblue-collarblue-collarblue-collarblue-collarblue-collarblue-collarblue-collarblue-collarblue-collarblue-collarblue-collarblue-collarblue-collarblue-collarblue-collarblue-collarblue-collarblue-collarblue-collarblue-collarblue-collarblue-collarblue-collarblue-collarblue-collarblue-collarblue-collarblue-collarblue-collarblue-collarblue-collarblue-collarblue-collarblue-collarblue-collarblue-collarblue-collarblue-collarblue-collarblue-collarblue-collarblue-collarblue-collarblue-collarblue-collarblue-collarblue-collarblue-collarblue-collarblue-collarblue-collarblue-collarblue-collarblue-collarblue-collarblue-collarblue-collarblue-collarblue-collarblue-collarblue-collarblue-collarblue-collarblue-collarblue-collarblue-collarblue-collarblue-collarblue-collarblue-collarblue-collarblue-collarblue-collarblue-collarblue-collarblue-collarblue-collarblue-collarblue-collarblue-collarblue-collarblue-collarblue-collarblue-collarblue-collarblue-collarblue-collarblue-collarblue-collarblue-collarblue-collarblue-collarblue-collarblue-collar'] to numeric
2025-04-22 19:27:11,794 - INFO - [HYBRID] Generated hybrid dataset shape for CTGAN: (36168, 17)
2025-04-22 19:27:11,796 - INFO - [HYBRID] Target distribution for CTGAN: {'no': 33417, 'yes': 2751}
2025-04-22 19:27:11,917 - INFO -  [HYBRID] Saved hybrid dataset to /mnt/NVMETank/Projects/Students/Dele/A-STUDY-INTO-THE-QUALITY-AND-USABILITY-OF-PRIVACY-FRIENDLY-SYNTHETIC-DATA/datasets/hybrid/bankMarketing_k10_l2_sup10_CTGAN_HYBRID.csv
2025-04-22 19:27:11,917 - INFO - [HYBRID] Generated hybrid dataset shape for TVAE: (36168, 17)
2025-04-22 19:27:11,919 - INFO - [HYBRID] Target distribution for TVAE: {'no': 33016, 'yes': 3152}
2025-04-22 19:27:12,035 - INFO -  [HYBRID] Saved hybrid dataset to /mnt/NVMETank/Projects/Students/Dele/A-STUDY-INTO-THE-QUALITY-AND-USABILITY-OF-PRIVACY-FRIENDLY-SYNTHETIC-DATA/datasets/hybrid/bankMarketing_k10_l2_sup10_TVAE_HYBRID.csv
2025-04-22 19:27:12,035 - INFO -  [HYBRID] Hybrid pipeline complete — 2 dataset(s) ready.
2025-04-22 19:27:12,035 - INFO - [HYBRID] Total rows across all hybrid datasets: 72336
2025-04-22 19:27:12,036 - INFO - Hybrid pipeline completed successfully.
2025-04-22 19:27:12,036 - INFO - Hybrid pipeline duration: 1561.71 seconds
2025-04-22 19:27:12,036 - INFO - Starting Utility...
2025-04-22 19:27:12,037 - INFO - [UTILITY] Preparing datasets for machine learning...
2025-04-22 19:27:12,038 - INFO - [UTILITY] Original Data - Training Size: 36168, Testing Size: 9043
2025-04-22 19:27:12,040 - INFO - [UTILITY] Target class distribution (Original): {'no': 31937, 'yes': 4231}
2025-04-22 19:27:12,040 - INFO - [UTILITY] Processing synthetic dataset generated by CTGAN...
2025-04-22 19:27:12,043 - INFO - [UTILITY] Synthetic Data (CTGAN) - Training Size: 36168
2025-04-22 19:27:12,044 - INFO - [UTILITY] Target class distribution (CTGAN): {'no': 31936, 'yes': 4232}
2025-04-22 19:27:12,045 - INFO - [UTILITY] Processing synthetic dataset generated by TVAE...
2025-04-22 19:27:12,047 - INFO - [UTILITY] Synthetic Data (TVAE) - Training Size: 36168
2025-04-22 19:27:12,049 - INFO - [UTILITY] Target class distribution (TVAE): {'no': 32630, 'yes': 3538}
2025-04-22 19:27:12,049 - INFO - [UTILITY] Processing hybrid dataset generated by CTGAN...
2025-04-22 19:27:12,052 - INFO - [UTILITY] Hybrid Data (CTGAN_HYBRID) - Training Size: 36168
2025-04-22 19:27:12,054 - INFO - [UTILITY] Target class distribution (CTGAN_HYBRID): {'no': 33417, 'yes': 2751}
2025-04-22 19:27:12,055 - INFO - [UTILITY] Processing hybrid dataset generated by TVAE...
2025-04-22 19:27:12,059 - INFO - [UTILITY] Hybrid Data (TVAE_HYBRID) - Training Size: 36168
2025-04-22 19:27:12,060 - INFO - [UTILITY] Target class distribution (TVAE_HYBRID): {'no': 33016, 'yes': 3152}
2025-04-22 19:27:12,060 - INFO - [UTILITY] Training models on all datasets...
2025-04-22 19:27:12,060 - INFO - [UTILITY] Total datasets used for training: 5
2025-04-22 19:27:12,060 - INFO - [TRAINING] Training models from scratch...
2025-04-22 19:27:12,060 - INFO - [TRAINING] Starting training for dataset: Original — Rows: 36168, Features: 31
2025-04-22 19:27:12,060 - INFO - [TRAINING] Training DecisionTree on Original...
2025-04-22 19:27:12,284 - INFO - [TRAINING] DecisionTree trained successfully on Original in 0.22 sec
2025-04-22 19:27:12,284 - INFO - [TRAINING] Training KNN on Original...
2025-04-22 19:27:12,308 - INFO - [TRAINING] KNN trained successfully on Original in 0.02 sec
2025-04-22 19:27:12,308 - INFO - [TRAINING] Training LogisticRegression on Original...
2025-04-22 19:27:12,728 - INFO - [TRAINING] LogisticRegression trained successfully on Original in 0.42 sec
2025-04-22 19:27:12,728 - INFO - [TRAINING] Training RandomForest on Original...
2025-04-22 19:27:15,404 - INFO - [TRAINING] RandomForest trained successfully on Original in 2.68 sec
2025-04-22 19:27:15,404 - INFO - [TRAINING] Finished training 4 model(s) for dataset: Original
2025-04-22 19:27:15,404 - INFO - [TRAINING] Starting training for dataset: CTGAN — Rows: 36168, Features: 31
2025-04-22 19:27:15,404 - INFO - [TRAINING] Training DecisionTree on CTGAN...
2025-04-22 19:27:15,642 - INFO - [TRAINING] DecisionTree trained successfully on CTGAN in 0.24 sec
2025-04-22 19:27:15,642 - INFO - [TRAINING] Training KNN on CTGAN...
2025-04-22 19:27:15,662 - INFO - [TRAINING] KNN trained successfully on CTGAN in 0.02 sec
2025-04-22 19:27:15,662 - INFO - [TRAINING] Training LogisticRegression on CTGAN...
2025-04-22 19:27:16,042 - INFO - [TRAINING] LogisticRegression trained successfully on CTGAN in 0.38 sec
2025-04-22 19:27:16,042 - INFO - [TRAINING] Training RandomForest on CTGAN...
2025-04-22 19:27:19,232 - INFO - [TRAINING] RandomForest trained successfully on CTGAN in 3.19 sec
2025-04-22 19:27:19,232 - INFO - [TRAINING] Finished training 4 model(s) for dataset: CTGAN
2025-04-22 19:27:19,232 - INFO - [TRAINING] Starting training for dataset: TVAE — Rows: 36168, Features: 31
2025-04-22 19:27:19,233 - INFO - [TRAINING] Training DecisionTree on TVAE...
2025-04-22 19:27:19,384 - INFO - [TRAINING] DecisionTree trained successfully on TVAE in 0.15 sec
2025-04-22 19:27:19,384 - INFO - [TRAINING] Training KNN on TVAE...
2025-04-22 19:27:19,403 - INFO - [TRAINING] KNN trained successfully on TVAE in 0.02 sec
2025-04-22 19:27:19,403 - INFO - [TRAINING] Training LogisticRegression on TVAE...
2025-04-22 19:27:19,778 - INFO - [TRAINING] LogisticRegression trained successfully on TVAE in 0.37 sec
2025-04-22 19:27:19,782 - INFO - [TRAINING] Training RandomForest on TVAE...
2025-04-22 19:27:21,949 - INFO - [TRAINING] RandomForest trained successfully on TVAE in 2.17 sec
2025-04-22 19:27:21,949 - INFO - [TRAINING] Finished training 4 model(s) for dataset: TVAE
2025-04-22 19:27:21,949 - INFO - [TRAINING] Starting training for dataset: CTGAN_HYBRID — Rows: 36168, Features: 16
2025-04-22 19:27:21,949 - INFO - [TRAINING] Training DecisionTree on CTGAN_HYBRID...
2025-04-22 19:27:21,956 - ERROR -  ERROR Training failed for DecisionTree on CTGAN_HYBRID: could not convert string to float: 'blue-collar'
Traceback (most recent call last):
  File "/mnt/NVMETank/Projects/Students/Dele/A-STUDY-INTO-THE-QUALITY-AND-USABILITY-OF-PRIVACY-FRIENDLY-SYNTHETIC-DATA/src/modelOperations/model_training.py", line 53, in train_models
    model_instance.train(X_train, y_train)
  File "/mnt/NVMETank/Projects/Students/Dele/A-STUDY-INTO-THE-QUALITY-AND-USABILITY-OF-PRIVACY-FRIENDLY-SYNTHETIC-DATA/src/modelOperations/models.py", line 62, in train
    self.model.fit(X_train, y_train)
  File "/mnt/NVMETank/Projects/Students/Dele/A-STUDY-INTO-THE-QUALITY-AND-USABILITY-OF-PRIVACY-FRIENDLY-SYNTHETIC-DATA/.venv/lib/python3.12/site-packages/sklearn/base.py", line 1389, in wrapper
    return fit_method(estimator, *args, **kwargs)
           ^^^^^^^^^^^^^^^^^^^^^^^^^^^^^^^^^^^^^^
  File "/mnt/NVMETank/Projects/Students/Dele/A-STUDY-INTO-THE-QUALITY-AND-USABILITY-OF-PRIVACY-FRIENDLY-SYNTHETIC-DATA/.venv/lib/python3.12/site-packages/sklearn/tree/_classes.py", line 1024, in fit
    super()._fit(
  File "/mnt/NVMETank/Projects/Students/Dele/A-STUDY-INTO-THE-QUALITY-AND-USABILITY-OF-PRIVACY-FRIENDLY-SYNTHETIC-DATA/.venv/lib/python3.12/site-packages/sklearn/tree/_classes.py", line 252, in _fit
    X, y = validate_data(
           ^^^^^^^^^^^^^^
  File "/mnt/NVMETank/Projects/Students/Dele/A-STUDY-INTO-THE-QUALITY-AND-USABILITY-OF-PRIVACY-FRIENDLY-SYNTHETIC-DATA/.venv/lib/python3.12/site-packages/sklearn/utils/validation.py", line 2956, in validate_data
    X = check_array(X, input_name="X", **check_X_params)
        ^^^^^^^^^^^^^^^^^^^^^^^^^^^^^^^^^^^^^^^^^^^^^^^^
  File "/mnt/NVMETank/Projects/Students/Dele/A-STUDY-INTO-THE-QUALITY-AND-USABILITY-OF-PRIVACY-FRIENDLY-SYNTHETIC-DATA/.venv/lib/python3.12/site-packages/sklearn/utils/validation.py", line 1055, in check_array
    array = _asarray_with_order(array, order=order, dtype=dtype, xp=xp)
            ^^^^^^^^^^^^^^^^^^^^^^^^^^^^^^^^^^^^^^^^^^^^^^^^^^^^^^^^^^^
  File "/mnt/NVMETank/Projects/Students/Dele/A-STUDY-INTO-THE-QUALITY-AND-USABILITY-OF-PRIVACY-FRIENDLY-SYNTHETIC-DATA/.venv/lib/python3.12/site-packages/sklearn/utils/_array_api.py", line 839, in _asarray_with_order
    array = numpy.asarray(array, order=order, dtype=dtype)
            ^^^^^^^^^^^^^^^^^^^^^^^^^^^^^^^^^^^^^^^^^^^^^^
  File "/mnt/NVMETank/Projects/Students/Dele/A-STUDY-INTO-THE-QUALITY-AND-USABILITY-OF-PRIVACY-FRIENDLY-SYNTHETIC-DATA/.venv/lib/python3.12/site-packages/pandas/core/generic.py", line 2153, in __array__
    arr = np.asarray(values, dtype=dtype)
          ^^^^^^^^^^^^^^^^^^^^^^^^^^^^^^^
ValueError: could not convert string to float: 'blue-collar'
2025-04-22 19:27:21,961 - INFO - [TRAINING] Training KNN on CTGAN_HYBRID...
2025-04-22 19:27:21,966 - ERROR -  ERROR Training failed for KNN on CTGAN_HYBRID: could not convert string to float: 'blue-collar'
Traceback (most recent call last):
  File "/mnt/NVMETank/Projects/Students/Dele/A-STUDY-INTO-THE-QUALITY-AND-USABILITY-OF-PRIVACY-FRIENDLY-SYNTHETIC-DATA/src/modelOperations/model_training.py", line 53, in train_models
    model_instance.train(X_train, y_train)
  File "/mnt/NVMETank/Projects/Students/Dele/A-STUDY-INTO-THE-QUALITY-AND-USABILITY-OF-PRIVACY-FRIENDLY-SYNTHETIC-DATA/src/modelOperations/models.py", line 33, in train
    self.model.fit(X_train, y_train)
  File "/mnt/NVMETank/Projects/Students/Dele/A-STUDY-INTO-THE-QUALITY-AND-USABILITY-OF-PRIVACY-FRIENDLY-SYNTHETIC-DATA/.venv/lib/python3.12/site-packages/sklearn/base.py", line 1389, in wrapper
    return fit_method(estimator, *args, **kwargs)
           ^^^^^^^^^^^^^^^^^^^^^^^^^^^^^^^^^^^^^^
  File "/mnt/NVMETank/Projects/Students/Dele/A-STUDY-INTO-THE-QUALITY-AND-USABILITY-OF-PRIVACY-FRIENDLY-SYNTHETIC-DATA/.venv/lib/python3.12/site-packages/sklearn/neighbors/_classification.py", line 239, in fit
    return self._fit(X, y)
           ^^^^^^^^^^^^^^^
  File "/mnt/NVMETank/Projects/Students/Dele/A-STUDY-INTO-THE-QUALITY-AND-USABILITY-OF-PRIVACY-FRIENDLY-SYNTHETIC-DATA/.venv/lib/python3.12/site-packages/sklearn/neighbors/_base.py", line 478, in _fit
    X, y = validate_data(
           ^^^^^^^^^^^^^^
  File "/mnt/NVMETank/Projects/Students/Dele/A-STUDY-INTO-THE-QUALITY-AND-USABILITY-OF-PRIVACY-FRIENDLY-SYNTHETIC-DATA/.venv/lib/python3.12/site-packages/sklearn/utils/validation.py", line 2961, in validate_data
    X, y = check_X_y(X, y, **check_params)
           ^^^^^^^^^^^^^^^^^^^^^^^^^^^^^^^
  File "/mnt/NVMETank/Projects/Students/Dele/A-STUDY-INTO-THE-QUALITY-AND-USABILITY-OF-PRIVACY-FRIENDLY-SYNTHETIC-DATA/.venv/lib/python3.12/site-packages/sklearn/utils/validation.py", line 1370, in check_X_y
    X = check_array(
        ^^^^^^^^^^^^
  File "/mnt/NVMETank/Projects/Students/Dele/A-STUDY-INTO-THE-QUALITY-AND-USABILITY-OF-PRIVACY-FRIENDLY-SYNTHETIC-DATA/.venv/lib/python3.12/site-packages/sklearn/utils/validation.py", line 1055, in check_array
    array = _asarray_with_order(array, order=order, dtype=dtype, xp=xp)
            ^^^^^^^^^^^^^^^^^^^^^^^^^^^^^^^^^^^^^^^^^^^^^^^^^^^^^^^^^^^
  File "/mnt/NVMETank/Projects/Students/Dele/A-STUDY-INTO-THE-QUALITY-AND-USABILITY-OF-PRIVACY-FRIENDLY-SYNTHETIC-DATA/.venv/lib/python3.12/site-packages/sklearn/utils/_array_api.py", line 839, in _asarray_with_order
    array = numpy.asarray(array, order=order, dtype=dtype)
            ^^^^^^^^^^^^^^^^^^^^^^^^^^^^^^^^^^^^^^^^^^^^^^
  File "/mnt/NVMETank/Projects/Students/Dele/A-STUDY-INTO-THE-QUALITY-AND-USABILITY-OF-PRIVACY-FRIENDLY-SYNTHETIC-DATA/.venv/lib/python3.12/site-packages/pandas/core/generic.py", line 2153, in __array__
    arr = np.asarray(values, dtype=dtype)
          ^^^^^^^^^^^^^^^^^^^^^^^^^^^^^^^
ValueError: could not convert string to float: 'blue-collar'
2025-04-22 19:27:21,969 - INFO - [TRAINING] Training LogisticRegression on CTGAN_HYBRID...
2025-04-22 19:27:21,974 - ERROR -  ERROR Training failed for LogisticRegression on CTGAN_HYBRID: could not convert string to float: 'blue-collar'
Traceback (most recent call last):
  File "/mnt/NVMETank/Projects/Students/Dele/A-STUDY-INTO-THE-QUALITY-AND-USABILITY-OF-PRIVACY-FRIENDLY-SYNTHETIC-DATA/src/modelOperations/model_training.py", line 53, in train_models
    model_instance.train(X_train, y_train)
  File "/mnt/NVMETank/Projects/Students/Dele/A-STUDY-INTO-THE-QUALITY-AND-USABILITY-OF-PRIVACY-FRIENDLY-SYNTHETIC-DATA/src/modelOperations/models.py", line 18, in train
    self.model.fit(X_train, y_train)
  File "/mnt/NVMETank/Projects/Students/Dele/A-STUDY-INTO-THE-QUALITY-AND-USABILITY-OF-PRIVACY-FRIENDLY-SYNTHETIC-DATA/.venv/lib/python3.12/site-packages/sklearn/base.py", line 1389, in wrapper
    return fit_method(estimator, *args, **kwargs)
           ^^^^^^^^^^^^^^^^^^^^^^^^^^^^^^^^^^^^^^
  File "/mnt/NVMETank/Projects/Students/Dele/A-STUDY-INTO-THE-QUALITY-AND-USABILITY-OF-PRIVACY-FRIENDLY-SYNTHETIC-DATA/.venv/lib/python3.12/site-packages/sklearn/pipeline.py", line 654, in fit
    Xt = self._fit(X, y, routed_params, raw_params=params)
         ^^^^^^^^^^^^^^^^^^^^^^^^^^^^^^^^^^^^^^^^^^^^^^^^^
  File "/mnt/NVMETank/Projects/Students/Dele/A-STUDY-INTO-THE-QUALITY-AND-USABILITY-OF-PRIVACY-FRIENDLY-SYNTHETIC-DATA/.venv/lib/python3.12/site-packages/sklearn/pipeline.py", line 588, in _fit
    X, fitted_transformer = fit_transform_one_cached(
                            ^^^^^^^^^^^^^^^^^^^^^^^^^
  File "/mnt/NVMETank/Projects/Students/Dele/A-STUDY-INTO-THE-QUALITY-AND-USABILITY-OF-PRIVACY-FRIENDLY-SYNTHETIC-DATA/.venv/lib/python3.12/site-packages/joblib/memory.py", line 312, in __call__
    return self.func(*args, **kwargs)
           ^^^^^^^^^^^^^^^^^^^^^^^^^^
  File "/mnt/NVMETank/Projects/Students/Dele/A-STUDY-INTO-THE-QUALITY-AND-USABILITY-OF-PRIVACY-FRIENDLY-SYNTHETIC-DATA/.venv/lib/python3.12/site-packages/sklearn/pipeline.py", line 1551, in _fit_transform_one
    res = transformer.fit_transform(X, y, **params.get("fit_transform", {}))
          ^^^^^^^^^^^^^^^^^^^^^^^^^^^^^^^^^^^^^^^^^^^^^^^^^^^^^^^^^^^^^^^^^^
  File "/mnt/NVMETank/Projects/Students/Dele/A-STUDY-INTO-THE-QUALITY-AND-USABILITY-OF-PRIVACY-FRIENDLY-SYNTHETIC-DATA/.venv/lib/python3.12/site-packages/sklearn/utils/_set_output.py", line 319, in wrapped
    data_to_wrap = f(self, X, *args, **kwargs)
                   ^^^^^^^^^^^^^^^^^^^^^^^^^^^
  File "/mnt/NVMETank/Projects/Students/Dele/A-STUDY-INTO-THE-QUALITY-AND-USABILITY-OF-PRIVACY-FRIENDLY-SYNTHETIC-DATA/.venv/lib/python3.12/site-packages/sklearn/base.py", line 921, in fit_transform
    return self.fit(X, y, **fit_params).transform(X)
           ^^^^^^^^^^^^^^^^^^^^^^^^^^^^
  File "/mnt/NVMETank/Projects/Students/Dele/A-STUDY-INTO-THE-QUALITY-AND-USABILITY-OF-PRIVACY-FRIENDLY-SYNTHETIC-DATA/.venv/lib/python3.12/site-packages/sklearn/preprocessing/_data.py", line 894, in fit
    return self.partial_fit(X, y, sample_weight)
           ^^^^^^^^^^^^^^^^^^^^^^^^^^^^^^^^^^^^^
  File "/mnt/NVMETank/Projects/Students/Dele/A-STUDY-INTO-THE-QUALITY-AND-USABILITY-OF-PRIVACY-FRIENDLY-SYNTHETIC-DATA/.venv/lib/python3.12/site-packages/sklearn/base.py", line 1389, in wrapper
    return fit_method(estimator, *args, **kwargs)
           ^^^^^^^^^^^^^^^^^^^^^^^^^^^^^^^^^^^^^^
  File "/mnt/NVMETank/Projects/Students/Dele/A-STUDY-INTO-THE-QUALITY-AND-USABILITY-OF-PRIVACY-FRIENDLY-SYNTHETIC-DATA/.venv/lib/python3.12/site-packages/sklearn/preprocessing/_data.py", line 930, in partial_fit
    X = validate_data(
        ^^^^^^^^^^^^^^
  File "/mnt/NVMETank/Projects/Students/Dele/A-STUDY-INTO-THE-QUALITY-AND-USABILITY-OF-PRIVACY-FRIENDLY-SYNTHETIC-DATA/.venv/lib/python3.12/site-packages/sklearn/utils/validation.py", line 2944, in validate_data
    out = check_array(X, input_name="X", **check_params)
          ^^^^^^^^^^^^^^^^^^^^^^^^^^^^^^^^^^^^^^^^^^^^^^
  File "/mnt/NVMETank/Projects/Students/Dele/A-STUDY-INTO-THE-QUALITY-AND-USABILITY-OF-PRIVACY-FRIENDLY-SYNTHETIC-DATA/.venv/lib/python3.12/site-packages/sklearn/utils/validation.py", line 1055, in check_array
    array = _asarray_with_order(array, order=order, dtype=dtype, xp=xp)
            ^^^^^^^^^^^^^^^^^^^^^^^^^^^^^^^^^^^^^^^^^^^^^^^^^^^^^^^^^^^
  File "/mnt/NVMETank/Projects/Students/Dele/A-STUDY-INTO-THE-QUALITY-AND-USABILITY-OF-PRIVACY-FRIENDLY-SYNTHETIC-DATA/.venv/lib/python3.12/site-packages/sklearn/utils/_array_api.py", line 839, in _asarray_with_order
    array = numpy.asarray(array, order=order, dtype=dtype)
            ^^^^^^^^^^^^^^^^^^^^^^^^^^^^^^^^^^^^^^^^^^^^^^
  File "/mnt/NVMETank/Projects/Students/Dele/A-STUDY-INTO-THE-QUALITY-AND-USABILITY-OF-PRIVACY-FRIENDLY-SYNTHETIC-DATA/.venv/lib/python3.12/site-packages/pandas/core/generic.py", line 2153, in __array__
    arr = np.asarray(values, dtype=dtype)
          ^^^^^^^^^^^^^^^^^^^^^^^^^^^^^^^
ValueError: could not convert string to float: 'blue-collar'
2025-04-22 19:27:21,978 - INFO - [TRAINING] Training RandomForest on CTGAN_HYBRID...
2025-04-22 19:27:21,984 - ERROR -  ERROR Training failed for RandomForest on CTGAN_HYBRID: could not convert string to float: 'blue-collar'
Traceback (most recent call last):
  File "/mnt/NVMETank/Projects/Students/Dele/A-STUDY-INTO-THE-QUALITY-AND-USABILITY-OF-PRIVACY-FRIENDLY-SYNTHETIC-DATA/src/modelOperations/model_training.py", line 53, in train_models
    model_instance.train(X_train, y_train)
  File "/mnt/NVMETank/Projects/Students/Dele/A-STUDY-INTO-THE-QUALITY-AND-USABILITY-OF-PRIVACY-FRIENDLY-SYNTHETIC-DATA/src/modelOperations/models.py", line 48, in train
    self.model.fit(X_train, y_train)
  File "/mnt/NVMETank/Projects/Students/Dele/A-STUDY-INTO-THE-QUALITY-AND-USABILITY-OF-PRIVACY-FRIENDLY-SYNTHETIC-DATA/.venv/lib/python3.12/site-packages/sklearn/base.py", line 1389, in wrapper
    return fit_method(estimator, *args, **kwargs)
           ^^^^^^^^^^^^^^^^^^^^^^^^^^^^^^^^^^^^^^
  File "/mnt/NVMETank/Projects/Students/Dele/A-STUDY-INTO-THE-QUALITY-AND-USABILITY-OF-PRIVACY-FRIENDLY-SYNTHETIC-DATA/.venv/lib/python3.12/site-packages/sklearn/ensemble/_forest.py", line 360, in fit
    X, y = validate_data(
           ^^^^^^^^^^^^^^
  File "/mnt/NVMETank/Projects/Students/Dele/A-STUDY-INTO-THE-QUALITY-AND-USABILITY-OF-PRIVACY-FRIENDLY-SYNTHETIC-DATA/.venv/lib/python3.12/site-packages/sklearn/utils/validation.py", line 2961, in validate_data
    X, y = check_X_y(X, y, **check_params)
           ^^^^^^^^^^^^^^^^^^^^^^^^^^^^^^^
  File "/mnt/NVMETank/Projects/Students/Dele/A-STUDY-INTO-THE-QUALITY-AND-USABILITY-OF-PRIVACY-FRIENDLY-SYNTHETIC-DATA/.venv/lib/python3.12/site-packages/sklearn/utils/validation.py", line 1370, in check_X_y
    X = check_array(
        ^^^^^^^^^^^^
  File "/mnt/NVMETank/Projects/Students/Dele/A-STUDY-INTO-THE-QUALITY-AND-USABILITY-OF-PRIVACY-FRIENDLY-SYNTHETIC-DATA/.venv/lib/python3.12/site-packages/sklearn/utils/validation.py", line 1055, in check_array
    array = _asarray_with_order(array, order=order, dtype=dtype, xp=xp)
            ^^^^^^^^^^^^^^^^^^^^^^^^^^^^^^^^^^^^^^^^^^^^^^^^^^^^^^^^^^^
  File "/mnt/NVMETank/Projects/Students/Dele/A-STUDY-INTO-THE-QUALITY-AND-USABILITY-OF-PRIVACY-FRIENDLY-SYNTHETIC-DATA/.venv/lib/python3.12/site-packages/sklearn/utils/_array_api.py", line 839, in _asarray_with_order
    array = numpy.asarray(array, order=order, dtype=dtype)
            ^^^^^^^^^^^^^^^^^^^^^^^^^^^^^^^^^^^^^^^^^^^^^^
  File "/mnt/NVMETank/Projects/Students/Dele/A-STUDY-INTO-THE-QUALITY-AND-USABILITY-OF-PRIVACY-FRIENDLY-SYNTHETIC-DATA/.venv/lib/python3.12/site-packages/pandas/core/generic.py", line 2153, in __array__
    arr = np.asarray(values, dtype=dtype)
          ^^^^^^^^^^^^^^^^^^^^^^^^^^^^^^^
ValueError: could not convert string to float: 'blue-collar'
2025-04-22 19:27:21,986 - INFO - [TRAINING] Finished training 0 model(s) for dataset: CTGAN_HYBRID
2025-04-22 19:27:21,986 - INFO - [TRAINING] Starting training for dataset: TVAE_HYBRID — Rows: 36168, Features: 16
2025-04-22 19:27:21,986 - INFO - [TRAINING] Training DecisionTree on TVAE_HYBRID...
2025-04-22 19:27:21,992 - ERROR -  ERROR Training failed for DecisionTree on TVAE_HYBRID: could not convert string to float: 'blue-collar'
Traceback (most recent call last):
  File "/mnt/NVMETank/Projects/Students/Dele/A-STUDY-INTO-THE-QUALITY-AND-USABILITY-OF-PRIVACY-FRIENDLY-SYNTHETIC-DATA/src/modelOperations/model_training.py", line 53, in train_models
    model_instance.train(X_train, y_train)
  File "/mnt/NVMETank/Projects/Students/Dele/A-STUDY-INTO-THE-QUALITY-AND-USABILITY-OF-PRIVACY-FRIENDLY-SYNTHETIC-DATA/src/modelOperations/models.py", line 62, in train
    self.model.fit(X_train, y_train)
  File "/mnt/NVMETank/Projects/Students/Dele/A-STUDY-INTO-THE-QUALITY-AND-USABILITY-OF-PRIVACY-FRIENDLY-SYNTHETIC-DATA/.venv/lib/python3.12/site-packages/sklearn/base.py", line 1389, in wrapper
    return fit_method(estimator, *args, **kwargs)
           ^^^^^^^^^^^^^^^^^^^^^^^^^^^^^^^^^^^^^^
  File "/mnt/NVMETank/Projects/Students/Dele/A-STUDY-INTO-THE-QUALITY-AND-USABILITY-OF-PRIVACY-FRIENDLY-SYNTHETIC-DATA/.venv/lib/python3.12/site-packages/sklearn/tree/_classes.py", line 1024, in fit
    super()._fit(
  File "/mnt/NVMETank/Projects/Students/Dele/A-STUDY-INTO-THE-QUALITY-AND-USABILITY-OF-PRIVACY-FRIENDLY-SYNTHETIC-DATA/.venv/lib/python3.12/site-packages/sklearn/tree/_classes.py", line 252, in _fit
    X, y = validate_data(
           ^^^^^^^^^^^^^^
  File "/mnt/NVMETank/Projects/Students/Dele/A-STUDY-INTO-THE-QUALITY-AND-USABILITY-OF-PRIVACY-FRIENDLY-SYNTHETIC-DATA/.venv/lib/python3.12/site-packages/sklearn/utils/validation.py", line 2956, in validate_data
    X = check_array(X, input_name="X", **check_X_params)
        ^^^^^^^^^^^^^^^^^^^^^^^^^^^^^^^^^^^^^^^^^^^^^^^^
  File "/mnt/NVMETank/Projects/Students/Dele/A-STUDY-INTO-THE-QUALITY-AND-USABILITY-OF-PRIVACY-FRIENDLY-SYNTHETIC-DATA/.venv/lib/python3.12/site-packages/sklearn/utils/validation.py", line 1055, in check_array
    array = _asarray_with_order(array, order=order, dtype=dtype, xp=xp)
            ^^^^^^^^^^^^^^^^^^^^^^^^^^^^^^^^^^^^^^^^^^^^^^^^^^^^^^^^^^^
  File "/mnt/NVMETank/Projects/Students/Dele/A-STUDY-INTO-THE-QUALITY-AND-USABILITY-OF-PRIVACY-FRIENDLY-SYNTHETIC-DATA/.venv/lib/python3.12/site-packages/sklearn/utils/_array_api.py", line 839, in _asarray_with_order
    array = numpy.asarray(array, order=order, dtype=dtype)
            ^^^^^^^^^^^^^^^^^^^^^^^^^^^^^^^^^^^^^^^^^^^^^^
  File "/mnt/NVMETank/Projects/Students/Dele/A-STUDY-INTO-THE-QUALITY-AND-USABILITY-OF-PRIVACY-FRIENDLY-SYNTHETIC-DATA/.venv/lib/python3.12/site-packages/pandas/core/generic.py", line 2153, in __array__
    arr = np.asarray(values, dtype=dtype)
          ^^^^^^^^^^^^^^^^^^^^^^^^^^^^^^^
ValueError: could not convert string to float: 'blue-collar'
2025-04-22 19:27:21,994 - INFO - [TRAINING] Training KNN on TVAE_HYBRID...
2025-04-22 19:27:21,999 - ERROR -  ERROR Training failed for KNN on TVAE_HYBRID: could not convert string to float: 'blue-collar'
Traceback (most recent call last):
  File "/mnt/NVMETank/Projects/Students/Dele/A-STUDY-INTO-THE-QUALITY-AND-USABILITY-OF-PRIVACY-FRIENDLY-SYNTHETIC-DATA/src/modelOperations/model_training.py", line 53, in train_models
    model_instance.train(X_train, y_train)
  File "/mnt/NVMETank/Projects/Students/Dele/A-STUDY-INTO-THE-QUALITY-AND-USABILITY-OF-PRIVACY-FRIENDLY-SYNTHETIC-DATA/src/modelOperations/models.py", line 33, in train
    self.model.fit(X_train, y_train)
  File "/mnt/NVMETank/Projects/Students/Dele/A-STUDY-INTO-THE-QUALITY-AND-USABILITY-OF-PRIVACY-FRIENDLY-SYNTHETIC-DATA/.venv/lib/python3.12/site-packages/sklearn/base.py", line 1389, in wrapper
    return fit_method(estimator, *args, **kwargs)
           ^^^^^^^^^^^^^^^^^^^^^^^^^^^^^^^^^^^^^^
  File "/mnt/NVMETank/Projects/Students/Dele/A-STUDY-INTO-THE-QUALITY-AND-USABILITY-OF-PRIVACY-FRIENDLY-SYNTHETIC-DATA/.venv/lib/python3.12/site-packages/sklearn/neighbors/_classification.py", line 239, in fit
    return self._fit(X, y)
           ^^^^^^^^^^^^^^^
  File "/mnt/NVMETank/Projects/Students/Dele/A-STUDY-INTO-THE-QUALITY-AND-USABILITY-OF-PRIVACY-FRIENDLY-SYNTHETIC-DATA/.venv/lib/python3.12/site-packages/sklearn/neighbors/_base.py", line 478, in _fit
    X, y = validate_data(
           ^^^^^^^^^^^^^^
  File "/mnt/NVMETank/Projects/Students/Dele/A-STUDY-INTO-THE-QUALITY-AND-USABILITY-OF-PRIVACY-FRIENDLY-SYNTHETIC-DATA/.venv/lib/python3.12/site-packages/sklearn/utils/validation.py", line 2961, in validate_data
    X, y = check_X_y(X, y, **check_params)
           ^^^^^^^^^^^^^^^^^^^^^^^^^^^^^^^
  File "/mnt/NVMETank/Projects/Students/Dele/A-STUDY-INTO-THE-QUALITY-AND-USABILITY-OF-PRIVACY-FRIENDLY-SYNTHETIC-DATA/.venv/lib/python3.12/site-packages/sklearn/utils/validation.py", line 1370, in check_X_y
    X = check_array(
        ^^^^^^^^^^^^
  File "/mnt/NVMETank/Projects/Students/Dele/A-STUDY-INTO-THE-QUALITY-AND-USABILITY-OF-PRIVACY-FRIENDLY-SYNTHETIC-DATA/.venv/lib/python3.12/site-packages/sklearn/utils/validation.py", line 1055, in check_array
    array = _asarray_with_order(array, order=order, dtype=dtype, xp=xp)
            ^^^^^^^^^^^^^^^^^^^^^^^^^^^^^^^^^^^^^^^^^^^^^^^^^^^^^^^^^^^
  File "/mnt/NVMETank/Projects/Students/Dele/A-STUDY-INTO-THE-QUALITY-AND-USABILITY-OF-PRIVACY-FRIENDLY-SYNTHETIC-DATA/.venv/lib/python3.12/site-packages/sklearn/utils/_array_api.py", line 839, in _asarray_with_order
    array = numpy.asarray(array, order=order, dtype=dtype)
            ^^^^^^^^^^^^^^^^^^^^^^^^^^^^^^^^^^^^^^^^^^^^^^
  File "/mnt/NVMETank/Projects/Students/Dele/A-STUDY-INTO-THE-QUALITY-AND-USABILITY-OF-PRIVACY-FRIENDLY-SYNTHETIC-DATA/.venv/lib/python3.12/site-packages/pandas/core/generic.py", line 2153, in __array__
    arr = np.asarray(values, dtype=dtype)
          ^^^^^^^^^^^^^^^^^^^^^^^^^^^^^^^
ValueError: could not convert string to float: 'blue-collar'
2025-04-22 19:27:22,001 - INFO - [TRAINING] Training LogisticRegression on TVAE_HYBRID...
2025-04-22 19:27:22,006 - ERROR -  ERROR Training failed for LogisticRegression on TVAE_HYBRID: could not convert string to float: 'blue-collar'
Traceback (most recent call last):
  File "/mnt/NVMETank/Projects/Students/Dele/A-STUDY-INTO-THE-QUALITY-AND-USABILITY-OF-PRIVACY-FRIENDLY-SYNTHETIC-DATA/src/modelOperations/model_training.py", line 53, in train_models
    model_instance.train(X_train, y_train)
  File "/mnt/NVMETank/Projects/Students/Dele/A-STUDY-INTO-THE-QUALITY-AND-USABILITY-OF-PRIVACY-FRIENDLY-SYNTHETIC-DATA/src/modelOperations/models.py", line 18, in train
    self.model.fit(X_train, y_train)
  File "/mnt/NVMETank/Projects/Students/Dele/A-STUDY-INTO-THE-QUALITY-AND-USABILITY-OF-PRIVACY-FRIENDLY-SYNTHETIC-DATA/.venv/lib/python3.12/site-packages/sklearn/base.py", line 1389, in wrapper
    return fit_method(estimator, *args, **kwargs)
           ^^^^^^^^^^^^^^^^^^^^^^^^^^^^^^^^^^^^^^
  File "/mnt/NVMETank/Projects/Students/Dele/A-STUDY-INTO-THE-QUALITY-AND-USABILITY-OF-PRIVACY-FRIENDLY-SYNTHETIC-DATA/.venv/lib/python3.12/site-packages/sklearn/pipeline.py", line 654, in fit
    Xt = self._fit(X, y, routed_params, raw_params=params)
         ^^^^^^^^^^^^^^^^^^^^^^^^^^^^^^^^^^^^^^^^^^^^^^^^^
  File "/mnt/NVMETank/Projects/Students/Dele/A-STUDY-INTO-THE-QUALITY-AND-USABILITY-OF-PRIVACY-FRIENDLY-SYNTHETIC-DATA/.venv/lib/python3.12/site-packages/sklearn/pipeline.py", line 588, in _fit
    X, fitted_transformer = fit_transform_one_cached(
                            ^^^^^^^^^^^^^^^^^^^^^^^^^
  File "/mnt/NVMETank/Projects/Students/Dele/A-STUDY-INTO-THE-QUALITY-AND-USABILITY-OF-PRIVACY-FRIENDLY-SYNTHETIC-DATA/.venv/lib/python3.12/site-packages/joblib/memory.py", line 312, in __call__
    return self.func(*args, **kwargs)
           ^^^^^^^^^^^^^^^^^^^^^^^^^^
  File "/mnt/NVMETank/Projects/Students/Dele/A-STUDY-INTO-THE-QUALITY-AND-USABILITY-OF-PRIVACY-FRIENDLY-SYNTHETIC-DATA/.venv/lib/python3.12/site-packages/sklearn/pipeline.py", line 1551, in _fit_transform_one
    res = transformer.fit_transform(X, y, **params.get("fit_transform", {}))
          ^^^^^^^^^^^^^^^^^^^^^^^^^^^^^^^^^^^^^^^^^^^^^^^^^^^^^^^^^^^^^^^^^^
  File "/mnt/NVMETank/Projects/Students/Dele/A-STUDY-INTO-THE-QUALITY-AND-USABILITY-OF-PRIVACY-FRIENDLY-SYNTHETIC-DATA/.venv/lib/python3.12/site-packages/sklearn/utils/_set_output.py", line 319, in wrapped
    data_to_wrap = f(self, X, *args, **kwargs)
                   ^^^^^^^^^^^^^^^^^^^^^^^^^^^
  File "/mnt/NVMETank/Projects/Students/Dele/A-STUDY-INTO-THE-QUALITY-AND-USABILITY-OF-PRIVACY-FRIENDLY-SYNTHETIC-DATA/.venv/lib/python3.12/site-packages/sklearn/base.py", line 921, in fit_transform
    return self.fit(X, y, **fit_params).transform(X)
           ^^^^^^^^^^^^^^^^^^^^^^^^^^^^
  File "/mnt/NVMETank/Projects/Students/Dele/A-STUDY-INTO-THE-QUALITY-AND-USABILITY-OF-PRIVACY-FRIENDLY-SYNTHETIC-DATA/.venv/lib/python3.12/site-packages/sklearn/preprocessing/_data.py", line 894, in fit
    return self.partial_fit(X, y, sample_weight)
           ^^^^^^^^^^^^^^^^^^^^^^^^^^^^^^^^^^^^^
  File "/mnt/NVMETank/Projects/Students/Dele/A-STUDY-INTO-THE-QUALITY-AND-USABILITY-OF-PRIVACY-FRIENDLY-SYNTHETIC-DATA/.venv/lib/python3.12/site-packages/sklearn/base.py", line 1389, in wrapper
    return fit_method(estimator, *args, **kwargs)
           ^^^^^^^^^^^^^^^^^^^^^^^^^^^^^^^^^^^^^^
  File "/mnt/NVMETank/Projects/Students/Dele/A-STUDY-INTO-THE-QUALITY-AND-USABILITY-OF-PRIVACY-FRIENDLY-SYNTHETIC-DATA/.venv/lib/python3.12/site-packages/sklearn/preprocessing/_data.py", line 930, in partial_fit
    X = validate_data(
        ^^^^^^^^^^^^^^
  File "/mnt/NVMETank/Projects/Students/Dele/A-STUDY-INTO-THE-QUALITY-AND-USABILITY-OF-PRIVACY-FRIENDLY-SYNTHETIC-DATA/.venv/lib/python3.12/site-packages/sklearn/utils/validation.py", line 2944, in validate_data
    out = check_array(X, input_name="X", **check_params)
          ^^^^^^^^^^^^^^^^^^^^^^^^^^^^^^^^^^^^^^^^^^^^^^
  File "/mnt/NVMETank/Projects/Students/Dele/A-STUDY-INTO-THE-QUALITY-AND-USABILITY-OF-PRIVACY-FRIENDLY-SYNTHETIC-DATA/.venv/lib/python3.12/site-packages/sklearn/utils/validation.py", line 1055, in check_array
    array = _asarray_with_order(array, order=order, dtype=dtype, xp=xp)
            ^^^^^^^^^^^^^^^^^^^^^^^^^^^^^^^^^^^^^^^^^^^^^^^^^^^^^^^^^^^
  File "/mnt/NVMETank/Projects/Students/Dele/A-STUDY-INTO-THE-QUALITY-AND-USABILITY-OF-PRIVACY-FRIENDLY-SYNTHETIC-DATA/.venv/lib/python3.12/site-packages/sklearn/utils/_array_api.py", line 839, in _asarray_with_order
    array = numpy.asarray(array, order=order, dtype=dtype)
            ^^^^^^^^^^^^^^^^^^^^^^^^^^^^^^^^^^^^^^^^^^^^^^
  File "/mnt/NVMETank/Projects/Students/Dele/A-STUDY-INTO-THE-QUALITY-AND-USABILITY-OF-PRIVACY-FRIENDLY-SYNTHETIC-DATA/.venv/lib/python3.12/site-packages/pandas/core/generic.py", line 2153, in __array__
    arr = np.asarray(values, dtype=dtype)
          ^^^^^^^^^^^^^^^^^^^^^^^^^^^^^^^
ValueError: could not convert string to float: 'blue-collar'
2025-04-22 19:27:22,008 - INFO - [TRAINING] Training RandomForest on TVAE_HYBRID...
2025-04-22 19:27:22,014 - ERROR -  ERROR Training failed for RandomForest on TVAE_HYBRID: could not convert string to float: 'blue-collar'
Traceback (most recent call last):
  File "/mnt/NVMETank/Projects/Students/Dele/A-STUDY-INTO-THE-QUALITY-AND-USABILITY-OF-PRIVACY-FRIENDLY-SYNTHETIC-DATA/src/modelOperations/model_training.py", line 53, in train_models
    model_instance.train(X_train, y_train)
  File "/mnt/NVMETank/Projects/Students/Dele/A-STUDY-INTO-THE-QUALITY-AND-USABILITY-OF-PRIVACY-FRIENDLY-SYNTHETIC-DATA/src/modelOperations/models.py", line 48, in train
    self.model.fit(X_train, y_train)
  File "/mnt/NVMETank/Projects/Students/Dele/A-STUDY-INTO-THE-QUALITY-AND-USABILITY-OF-PRIVACY-FRIENDLY-SYNTHETIC-DATA/.venv/lib/python3.12/site-packages/sklearn/base.py", line 1389, in wrapper
    return fit_method(estimator, *args, **kwargs)
           ^^^^^^^^^^^^^^^^^^^^^^^^^^^^^^^^^^^^^^
  File "/mnt/NVMETank/Projects/Students/Dele/A-STUDY-INTO-THE-QUALITY-AND-USABILITY-OF-PRIVACY-FRIENDLY-SYNTHETIC-DATA/.venv/lib/python3.12/site-packages/sklearn/ensemble/_forest.py", line 360, in fit
    X, y = validate_data(
           ^^^^^^^^^^^^^^
  File "/mnt/NVMETank/Projects/Students/Dele/A-STUDY-INTO-THE-QUALITY-AND-USABILITY-OF-PRIVACY-FRIENDLY-SYNTHETIC-DATA/.venv/lib/python3.12/site-packages/sklearn/utils/validation.py", line 2961, in validate_data
    X, y = check_X_y(X, y, **check_params)
           ^^^^^^^^^^^^^^^^^^^^^^^^^^^^^^^
  File "/mnt/NVMETank/Projects/Students/Dele/A-STUDY-INTO-THE-QUALITY-AND-USABILITY-OF-PRIVACY-FRIENDLY-SYNTHETIC-DATA/.venv/lib/python3.12/site-packages/sklearn/utils/validation.py", line 1370, in check_X_y
    X = check_array(
        ^^^^^^^^^^^^
  File "/mnt/NVMETank/Projects/Students/Dele/A-STUDY-INTO-THE-QUALITY-AND-USABILITY-OF-PRIVACY-FRIENDLY-SYNTHETIC-DATA/.venv/lib/python3.12/site-packages/sklearn/utils/validation.py", line 1055, in check_array
    array = _asarray_with_order(array, order=order, dtype=dtype, xp=xp)
            ^^^^^^^^^^^^^^^^^^^^^^^^^^^^^^^^^^^^^^^^^^^^^^^^^^^^^^^^^^^
  File "/mnt/NVMETank/Projects/Students/Dele/A-STUDY-INTO-THE-QUALITY-AND-USABILITY-OF-PRIVACY-FRIENDLY-SYNTHETIC-DATA/.venv/lib/python3.12/site-packages/sklearn/utils/_array_api.py", line 839, in _asarray_with_order
    array = numpy.asarray(array, order=order, dtype=dtype)
            ^^^^^^^^^^^^^^^^^^^^^^^^^^^^^^^^^^^^^^^^^^^^^^
  File "/mnt/NVMETank/Projects/Students/Dele/A-STUDY-INTO-THE-QUALITY-AND-USABILITY-OF-PRIVACY-FRIENDLY-SYNTHETIC-DATA/.venv/lib/python3.12/site-packages/pandas/core/generic.py", line 2153, in __array__
    arr = np.asarray(values, dtype=dtype)
          ^^^^^^^^^^^^^^^^^^^^^^^^^^^^^^^
ValueError: could not convert string to float: 'blue-collar'
2025-04-22 19:27:22,016 - INFO - [TRAINING] Finished training 0 model(s) for dataset: TVAE_HYBRID
2025-04-22 19:27:22,016 - INFO - [TRAINING] Total models trained across all datasets: 12
2025-04-22 19:27:22,016 - INFO - [UTILITY] Trained model names: ['Original', 'CTGAN', 'TVAE', 'CTGAN_HYBRID', 'TVAE_HYBRID']
2025-04-22 19:27:22,016 - INFO - [UTILITY] Model Training Completed.
2025-04-22 19:27:22,016 - INFO - Starting the Evaluating of models...
2025-04-22 19:27:22,016 - INFO - Preparing evaluation for model 'DecisionTree' across all datasets...
2025-04-22 19:27:22,016 - INFO - Evaluating DecisionTree on Original...
2025-04-22 19:27:22,019 - INFO - Predictions completed for DecisionTree on Original
2025-04-22 19:27:22,019 - INFO - Prediction distribution for DecisionTree on Original: {'no': 7957, 'yes': 1086}
2025-04-22 19:27:22,129 - INFO - Computed 8 metric(s) for DecisionTree on Original
2025-04-22 19:27:22,129 - INFO - Evaluating DecisionTree on CTGAN...
2025-04-22 19:27:22,132 - INFO - Predictions completed for DecisionTree on CTGAN
2025-04-22 19:27:22,132 - INFO - Prediction distribution for DecisionTree on CTGAN: {'no': 7662, 'yes': 1381}
2025-04-22 19:27:22,247 - INFO - Computed 8 metric(s) for DecisionTree on CTGAN
2025-04-22 19:27:22,247 - INFO - Evaluating DecisionTree on TVAE...
2025-04-22 19:27:22,250 - INFO - Predictions completed for DecisionTree on TVAE
2025-04-22 19:27:22,250 - INFO - Prediction distribution for DecisionTree on TVAE: {'no': 7340, 'yes': 1703}
2025-04-22 19:27:22,362 - INFO - Computed 8 metric(s) for DecisionTree on TVAE
2025-04-22 19:27:22,362 - INFO - Preparing evaluation for model 'KNN' across all datasets...
2025-04-22 19:27:22,362 - INFO - Evaluating KNN on Original...
2025-04-22 19:27:24,854 - INFO - Predictions completed for KNN on Original
2025-04-22 19:27:24,854 - INFO - Prediction distribution for KNN on Original: {'no': 8435, 'yes': 608}
2025-04-22 19:27:29,421 - INFO - Computed 8 metric(s) for KNN on Original
2025-04-22 19:27:29,421 - INFO - Evaluating KNN on CTGAN...
2025-04-22 19:27:32,056 - INFO - Predictions completed for KNN on CTGAN
2025-04-22 19:27:32,057 - INFO - Prediction distribution for KNN on CTGAN: {'no': 8798, 'yes': 245}
2025-04-22 19:27:37,252 - INFO - Computed 8 metric(s) for KNN on CTGAN
2025-04-22 19:27:37,252 - INFO - Evaluating KNN on TVAE...
2025-04-22 19:27:39,667 - INFO - Predictions completed for KNN on TVAE
2025-04-22 19:27:39,669 - INFO - Prediction distribution for KNN on TVAE: {'no': 7688, 'yes': 1355}
2025-04-22 19:27:44,312 - INFO - Computed 8 metric(s) for KNN on TVAE
2025-04-22 19:27:44,312 - INFO - Preparing evaluation for model 'LogisticRegression' across all datasets...
2025-04-22 19:27:44,312 - INFO - Evaluating LogisticRegression on Original...
2025-04-22 19:27:44,314 - INFO - Predictions completed for LogisticRegression on Original
2025-04-22 19:27:44,315 - INFO - Prediction distribution for LogisticRegression on Original: {'no': 8497, 'yes': 546}
2025-04-22 19:27:44,427 - INFO - Computed 8 metric(s) for LogisticRegression on Original
2025-04-22 19:27:44,427 - INFO - Evaluating LogisticRegression on CTGAN...
2025-04-22 19:27:44,429 - INFO - Predictions completed for LogisticRegression on CTGAN
2025-04-22 19:27:44,430 - INFO - Prediction distribution for LogisticRegression on CTGAN: {'no': 8718, 'yes': 325}
2025-04-22 19:27:44,542 - INFO - Computed 8 metric(s) for LogisticRegression on CTGAN
2025-04-22 19:27:44,542 - INFO - Evaluating LogisticRegression on TVAE...
2025-04-22 19:27:44,544 - INFO - Predictions completed for LogisticRegression on TVAE
2025-04-22 19:27:44,545 - INFO - Prediction distribution for LogisticRegression on TVAE: {'no': 7779, 'yes': 1264}
2025-04-22 19:27:44,656 - INFO - Computed 8 metric(s) for LogisticRegression on TVAE
2025-04-22 19:27:44,657 - INFO - Preparing evaluation for model 'RandomForest' across all datasets...
2025-04-22 19:27:44,657 - INFO - Evaluating RandomForest on Original...
2025-04-22 19:27:44,745 - INFO - Predictions completed for RandomForest on Original
2025-04-22 19:27:44,745 - INFO - Prediction distribution for RandomForest on Original: {'no': 8411, 'yes': 632}
2025-04-22 19:27:45,025 - INFO - Computed 8 metric(s) for RandomForest on Original
2025-04-22 19:27:45,025 - INFO - Evaluating RandomForest on CTGAN...
2025-04-22 19:27:45,135 - INFO - Predictions completed for RandomForest on CTGAN
2025-04-22 19:27:45,136 - INFO - Prediction distribution for RandomForest on CTGAN: {'no': 8783, 'yes': 260}
2025-04-22 19:27:45,467 - INFO - Computed 8 metric(s) for RandomForest on CTGAN
2025-04-22 19:27:45,467 - INFO - Evaluating RandomForest on TVAE...
2025-04-22 19:27:45,536 - INFO - Predictions completed for RandomForest on TVAE
2025-04-22 19:27:45,537 - INFO - Prediction distribution for RandomForest on TVAE: {'no': 7630, 'yes': 1413}
2025-04-22 19:27:45,783 - INFO - Computed 8 metric(s) for RandomForest on TVAE
2025-04-22 19:27:45,786 - INFO - Evaluation completed for all models.
2025-04-22 19:27:45,786 - INFO - Model evaluation completed in 23.77 seconds.
2025-04-22 19:27:45,788 - INFO - Evaluated models: ['DecisionTree', 'KNN', 'LogisticRegression', 'RandomForest']
2025-04-22 19:27:45,788 - INFO - Model Training and Evaluation completed.
2025-04-22 19:27:46,252 - INFO -  Visualizations saved.
2025-04-22 19:27:46,252 - INFO -  Benchmarking Completed. Results saved in output folder.
