2025-04-22 19:46:55,492 - INFO - Loaded config file: configs/generated_configs/bankMarketing/bankMarketing_synth_ep200_rows2x.yaml
2025-04-22 19:46:55,492 - INFO -  Benchmarking started for dataset: bankMarketing
2025-04-22 19:46:55,492 - INFO - Using dataset path: /mnt/NVMETank/Projects/Students/Dele/A-STUDY-INTO-THE-QUALITY-AND-USABILITY-OF-PRIVACY-FRIENDLY-SYNTHETIC-DATA/datasets/original/bankMarketing.csv
2025-04-22 19:46:55,492 - INFO - Target column: y, separator: ';'
2025-04-22 19:46:55,492 - INFO - Configuration loaded: enable_anonymization = False, enable_synthesis = True, enable_hybrid = True, enable_utility = True, delete_after_evaluation = False
2025-04-22 19:46:55,492 - INFO - Running preprocessing...
2025-04-22 19:46:55,498 - INFO -  [PREPROCESSING] Preprocessed files found. Skipping preprocessing.
2025-04-22 19:46:55,709 - INFO - Preprocessing completed. Rows before: 45211, after: 36168
2025-04-22 19:46:55,709 - INFO - Preprocessed data saved to: outputs/batch/bankMarketing_batch_2025-04-22_18-04-53/bankMarketing_synth_ep200_rows2x/preprocessing_report.txt
2025-04-22 19:46:55,710 - INFO - enable_anonymization = False
2025-04-22 19:46:55,710 - INFO - Anonymization Skipped (Disabled in Configuration).
2025-04-22 19:46:55,710 - INFO - enable_synthetic_generation = True
2025-04-22 19:46:55,710 - INFO - Starting standard Synthetic Data Generation pipeline...
2025-04-22 19:46:55,711 - INFO - Executing run_synthetic.....
2025-04-22 19:46:55,711 - INFO - [SYNTHETIC PIPELINE] executing run_synthetic for bankMarketing...
2025-04-22 19:46:55,711 - INFO - [SYNTHETIC] Processing dataset: bankMarketing
2025-04-22 19:46:55,711 - INFO - [SYNTHETIC] Original dataset size: 36168 rows
2025-04-22 19:46:55,807 - INFO - Detected metadata:
2025-04-22 19:46:55,808 - INFO - {
    "METADATA_SPEC_VERSION": "SINGLE_TABLE_V1",
    "columns": {
        "age": {
            "sdtype": "numerical"
        },
        "job_0": {
            "sdtype": "categorical"
        },
        "job_1": {
            "sdtype": "categorical"
        },
        "job_2": {
            "sdtype": "categorical"
        },
        "job_3": {
            "sdtype": "categorical"
        },
        "marital_0": {
            "sdtype": "categorical"
        },
        "marital_1": {
            "sdtype": "categorical"
        },
        "education_0": {
            "sdtype": "categorical"
        },
        "education_1": {
            "sdtype": "categorical"
        },
        "education_2": {
            "sdtype": "categorical"
        },
        "default_0": {
            "sdtype": "categorical"
        },
        "default_1": {
            "sdtype": "categorical"
        },
        "balance": {
            "sdtype": "numerical"
        },
        "housing_0": {
            "sdtype": "categorical"
        },
        "housing_1": {
            "sdtype": "categorical"
        },
        "loan_0": {
            "sdtype": "categorical"
        },
        "loan_1": {
            "sdtype": "categorical"
        },
        "contact_0": {
            "sdtype": "categorical"
        },
        "contact_1": {
            "sdtype": "categorical"
        },
        "day": {
            "sdtype": "numerical"
        },
        "month_0": {
            "sdtype": "categorical"
        },
        "month_1": {
            "sdtype": "categorical"
        },
        "month_2": {
            "sdtype": "categorical"
        },
        "month_3": {
            "sdtype": "categorical"
        },
        "duration": {
            "sdtype": "numerical"
        },
        "campaign": {
            "sdtype": "numerical"
        },
        "pdays": {
            "sdtype": "numerical"
        },
        "previous": {
            "sdtype": "numerical"
        },
        "poutcome_0": {
            "sdtype": "categorical"
        },
        "poutcome_1": {
            "sdtype": "categorical"
        },
        "poutcome_2": {
            "sdtype": "categorical"
        },
        "y": {
            "sdtype": "categorical"
        }
    }
}
2025-04-22 19:46:55,816 - INFO - [SYNTHETIC] Preparing synthesizer: CTGAN
2025-04-22 19:46:55,816 - INFO - [SYNTHETIC] Params from config: {'epochs': 200}
2025-04-22 19:46:55,816 - INFO - [SYNTHETIC] Found existing CTGAN synthesizer: /mnt/NVMETank/Projects/Students/Dele/A-STUDY-INTO-THE-QUALITY-AND-USABILITY-OF-PRIVACY-FRIENDLY-SYNTHETIC-DATA/artifacts/synthesizers/bankMarketing_CTGAN_epochs200_synthesizer.pkl
2025-04-22 19:46:56,354 - INFO - {'EVENT': 'Load', 'TIMESTAMP': datetime.datetime(2025, 4, 22, 19, 46, 56, 354790), 'SYNTHESIZER CLASS NAME': 'CTGANSynthesizer', 'SYNTHESIZER ID': 'CTGANSynthesizer_1.18.0_0d116db41a9e45b6a9236cdb1b873e91'}
2025-04-22 19:46:56,354 - INFO - [SYNTHETIC] Preparing synthesizer: TVAE
2025-04-22 19:46:56,355 - INFO - [SYNTHETIC] Params from config: {'epochs': 200}
2025-04-22 19:46:56,355 - INFO - [SYNTHETIC] Found existing TVAE synthesizer: /mnt/NVMETank/Projects/Students/Dele/A-STUDY-INTO-THE-QUALITY-AND-USABILITY-OF-PRIVACY-FRIENDLY-SYNTHETIC-DATA/artifacts/synthesizers/bankMarketing_TVAE_epochs200_synthesizer.pkl
2025-04-22 19:46:56,408 - INFO - {'EVENT': 'Load', 'TIMESTAMP': datetime.datetime(2025, 4, 22, 19, 46, 56, 408752), 'SYNTHESIZER CLASS NAME': 'TVAESynthesizer', 'SYNTHESIZER ID': 'TVAESynthesizer_1.18.0_0a1b50f8d89742a199132fb702436774'}
2025-04-22 19:46:56,408 - INFO - [SYNTHETIC] Using CTGAN to generate 72336 rows...
2025-04-22 19:47:20,048 - INFO - {'EVENT': 'Sample', 'TIMESTAMP': datetime.datetime(2025, 4, 22, 19, 46, 56, 409029), 'SYNTHESIZER CLASS NAME': 'CTGANSynthesizer', 'SYNTHESIZER ID': 'CTGANSynthesizer_1.18.0_0d116db41a9e45b6a9236cdb1b873e91', 'TOTAL NUMBER OF TABLES': 1, 'TOTAL NUMBER OF ROWS': 72336, 'TOTAL NUMBER OF COLUMNS': 32}
2025-04-22 19:47:20,049 - INFO - [SYNTHETIC] CTGAN completed: 72336 rows generated.
2025-04-22 19:47:20,053 - INFO - [SYNTHETIC] Target class distribution for CTGAN: {'no': 63883, 'yes': 8453}
2025-04-22 19:47:20,054 - INFO - [SYNTHETIC] Using TVAE to generate 72336 rows...
2025-04-22 19:47:41,182 - INFO - {'EVENT': 'Sample', 'TIMESTAMP': datetime.datetime(2025, 4, 22, 19, 47, 20, 54726), 'SYNTHESIZER CLASS NAME': 'TVAESynthesizer', 'SYNTHESIZER ID': 'TVAESynthesizer_1.18.0_0a1b50f8d89742a199132fb702436774', 'TOTAL NUMBER OF TABLES': 1, 'TOTAL NUMBER OF ROWS': 72336, 'TOTAL NUMBER OF COLUMNS': 32}
2025-04-22 19:47:41,182 - INFO - [SYNTHETIC] TVAE completed: 72336 rows generated.
2025-04-22 19:47:41,190 - INFO - [SYNTHETIC] Target class distribution for TVAE: {'no': 65304, 'yes': 7032}
2025-04-22 19:47:41,191 - INFO - [SYNTHETIC PIPELINE] Synthetic Data Generation Completed.
2025-04-22 19:47:41,191 - INFO - [SYNTHETIC PIPELINE] Synthesizers used: ['CTGAN', 'TVAE']
2025-04-22 19:47:41,192 - INFO - [SYNTHETIC PIPELINE] Evaluating synthetic dataset generated by CTGAN...
2025-04-22 19:47:41,192 - INFO - [SYNTHETIC EVAL] Real data columns     (32): ['age', 'job_0', 'job_1', 'job_2', 'job_3', 'marital_0', 'marital_1', 'education_0', 'education_1', 'education_2', 'default_0', 'default_1', 'balance', 'housing_0', 'housing_1', 'loan_0', 'loan_1', 'contact_0', 'contact_1', 'day', 'month_0', 'month_1', 'month_2', 'month_3', 'duration', 'campaign', 'pdays', 'previous', 'poutcome_0', 'poutcome_1', 'poutcome_2', 'y']
2025-04-22 19:47:41,196 - INFO - [SYNTHETIC EVAL] Synthetic data columns (32): ['age', 'job_0', 'job_1', 'job_2', 'job_3', 'marital_0', 'marital_1', 'education_0', 'education_1', 'education_2', 'default_0', 'default_1', 'balance', 'housing_0', 'housing_1', 'loan_0', 'loan_1', 'contact_0', 'contact_1', 'day', 'month_0', 'month_1', 'month_2', 'month_3', 'duration', 'campaign', 'pdays', 'previous', 'poutcome_0', 'poutcome_1', 'poutcome_2', 'y']
2025-04-22 19:47:41,196 - INFO - [SYNTHETIC EVAL] Metadata columns      (32): ['age', 'job_0', 'job_1', 'job_2', 'job_3', 'marital_0', 'marital_1', 'education_0', 'education_1', 'education_2', 'default_0', 'default_1', 'balance', 'housing_0', 'housing_1', 'loan_0', 'loan_1', 'contact_0', 'contact_1', 'day', 'month_0', 'month_1', 'month_2', 'month_3', 'duration', 'campaign', 'pdays', 'previous', 'poutcome_0', 'poutcome_1', 'poutcome_2', 'y']
2025-04-22 19:47:41,196 - INFO - [SYNTHETIC EVAL] Shape — Real: (36168, 32), Synthetic: (72336, 32)
2025-04-22 19:47:41,196 - INFO - [SYNTHETIC EVAL] Metadata structure:
{
  "METADATA_SPEC_VERSION": "SINGLE_TABLE_V1",
  "columns": {
    "age": {
      "sdtype": "numerical"
    },
    "job_0": {
      "sdtype": "categorical"
    },
    "job_1": {
      "sdtype": "categorical"
    },
    "job_2": {
      "sdtype": "categorical"
    },
    "job_3": {
      "sdtype": "categorical"
    },
    "marital_0": {
      "sdtype": "categorical"
    },
    "marital_1": {
      "sdtype": "categorical"
    },
    "education_0": {
      "sdtype": "categorical"
    },
    "education_1": {
      "sdtype": "categorical"
    },
    "education_2": {
      "sdtype": "categorical"
    },
    "default_0": {
      "sdtype": "categorical"
    },
    "default_1": {
      "sdtype": "categorical"
    },
    "balance": {
      "sdtype": "numerical"
    },
    "housing_0": {
      "sdtype": "categorical"
    },
    "housing_1": {
      "sdtype": "categorical"
    },
    "loan_0": {
      "sdtype": "categorical"
    },
    "loan_1": {
      "sdtype": "categorical"
    },
    "contact_0": {
      "sdtype": "categorical"
    },
    "contact_1": {
      "sdtype": "categorical"
    },
    "day": {
      "sdtype": "numerical"
    },
    "month_0": {
      "sdtype": "categorical"
    },
    "month_1": {
      "sdtype": "categorical"
    },
    "month_2": {
      "sdtype": "categorical"
    },
    "month_3": {
      "sdtype": "categorical"
    },
    "duration": {
      "sdtype": "numerical"
    },
    "campaign": {
      "sdtype": "numerical"
    },
    "pdays": {
      "sdtype": "numerical"
    },
    "previous": {
      "sdtype": "numerical"
    },
    "poutcome_0": {
      "sdtype": "categorical"
    },
    "poutcome_1": {
      "sdtype": "categorical"
    },
    "poutcome_2": {
      "sdtype": "categorical"
    },
    "y": {
      "sdtype": "categorical"
    }
  }
}
2025-04-22 19:47:50,298 - INFO - [SYNTHETIC PIPELINE] Evaluating synthetic dataset generated by TVAE...
2025-04-22 19:47:50,298 - INFO - [SYNTHETIC EVAL] Real data columns     (32): ['age', 'job_0', 'job_1', 'job_2', 'job_3', 'marital_0', 'marital_1', 'education_0', 'education_1', 'education_2', 'default_0', 'default_1', 'balance', 'housing_0', 'housing_1', 'loan_0', 'loan_1', 'contact_0', 'contact_1', 'day', 'month_0', 'month_1', 'month_2', 'month_3', 'duration', 'campaign', 'pdays', 'previous', 'poutcome_0', 'poutcome_1', 'poutcome_2', 'y']
2025-04-22 19:47:50,298 - INFO - [SYNTHETIC EVAL] Synthetic data columns (32): ['age', 'job_0', 'job_1', 'job_2', 'job_3', 'marital_0', 'marital_1', 'education_0', 'education_1', 'education_2', 'default_0', 'default_1', 'balance', 'housing_0', 'housing_1', 'loan_0', 'loan_1', 'contact_0', 'contact_1', 'day', 'month_0', 'month_1', 'month_2', 'month_3', 'duration', 'campaign', 'pdays', 'previous', 'poutcome_0', 'poutcome_1', 'poutcome_2', 'y']
2025-04-22 19:47:50,299 - INFO - [SYNTHETIC EVAL] Metadata columns      (32): ['age', 'job_0', 'job_1', 'job_2', 'job_3', 'marital_0', 'marital_1', 'education_0', 'education_1', 'education_2', 'default_0', 'default_1', 'balance', 'housing_0', 'housing_1', 'loan_0', 'loan_1', 'contact_0', 'contact_1', 'day', 'month_0', 'month_1', 'month_2', 'month_3', 'duration', 'campaign', 'pdays', 'previous', 'poutcome_0', 'poutcome_1', 'poutcome_2', 'y']
2025-04-22 19:47:50,299 - INFO - [SYNTHETIC EVAL] Shape — Real: (36168, 32), Synthetic: (72336, 32)
2025-04-22 19:47:50,299 - INFO - [SYNTHETIC EVAL] Metadata structure:
{
  "METADATA_SPEC_VERSION": "SINGLE_TABLE_V1",
  "columns": {
    "age": {
      "sdtype": "numerical"
    },
    "job_0": {
      "sdtype": "categorical"
    },
    "job_1": {
      "sdtype": "categorical"
    },
    "job_2": {
      "sdtype": "categorical"
    },
    "job_3": {
      "sdtype": "categorical"
    },
    "marital_0": {
      "sdtype": "categorical"
    },
    "marital_1": {
      "sdtype": "categorical"
    },
    "education_0": {
      "sdtype": "categorical"
    },
    "education_1": {
      "sdtype": "categorical"
    },
    "education_2": {
      "sdtype": "categorical"
    },
    "default_0": {
      "sdtype": "categorical"
    },
    "default_1": {
      "sdtype": "categorical"
    },
    "balance": {
      "sdtype": "numerical"
    },
    "housing_0": {
      "sdtype": "categorical"
    },
    "housing_1": {
      "sdtype": "categorical"
    },
    "loan_0": {
      "sdtype": "categorical"
    },
    "loan_1": {
      "sdtype": "categorical"
    },
    "contact_0": {
      "sdtype": "categorical"
    },
    "contact_1": {
      "sdtype": "categorical"
    },
    "day": {
      "sdtype": "numerical"
    },
    "month_0": {
      "sdtype": "categorical"
    },
    "month_1": {
      "sdtype": "categorical"
    },
    "month_2": {
      "sdtype": "categorical"
    },
    "month_3": {
      "sdtype": "categorical"
    },
    "duration": {
      "sdtype": "numerical"
    },
    "campaign": {
      "sdtype": "numerical"
    },
    "pdays": {
      "sdtype": "numerical"
    },
    "previous": {
      "sdtype": "numerical"
    },
    "poutcome_0": {
      "sdtype": "categorical"
    },
    "poutcome_1": {
      "sdtype": "categorical"
    },
    "poutcome_2": {
      "sdtype": "categorical"
    },
    "y": {
      "sdtype": "categorical"
    }
  }
}
2025-04-22 19:47:58,903 - INFO -  [SYNTHETIC PIPELINE]  Synthetic Data Evaluation Completed.
2025-04-22 19:47:58,915 - INFO -  [SYNTHETIC PIPELINE] Synthetic Data Report Generated Successfully.
2025-04-22 19:47:59,623 - INFO - Synthetic data generated with 2 synthesizer(s).
2025-04-22 19:47:59,623 - INFO - Running Hybrid Pipeline...
2025-04-22 19:47:59,624 - INFO -  [HYBRID] Executing run_hybrid...
2025-04-22 19:47:59,624 - INFO -  [HYBRID] Looking for encoded anonymized data in /mnt/NVMETank/Projects/Students/Dele/A-STUDY-INTO-THE-QUALITY-AND-USABILITY-OF-PRIVACY-FRIENDLY-SYNTHETIC-DATA/datasets/anonymized/bankMarketing_k10_l2_sup10_anonymized_encoded.csv
2025-04-22 19:47:59,624 - INFO -  [HYBRID ] Loaded cached encoded anonymous data from /mnt/NVMETank/Projects/Students/Dele/A-STUDY-INTO-THE-QUALITY-AND-USABILITY-OF-PRIVACY-FRIENDLY-SYNTHETIC-DATA/datasets/anonymized/bankMarketing_k10_l2_sup10_anonymized_encoded.csv
2025-04-22 19:47:59,707 - INFO -  [HYBRID] Starting synthetic generation for hybrid pipeline...
2025-04-22 19:47:59,711 - INFO - Executing run_synthetic.....
2025-04-22 19:47:59,711 - INFO - [SYNTHETIC PIPELINE] executing run_synthetic for bankMarketing_k10_l2_sup10...
2025-04-22 19:47:59,712 - INFO - [SYNTHETIC] Processing dataset: bankMarketing_k10_l2_sup10
2025-04-22 19:47:59,712 - INFO - [SYNTHETIC] Original dataset size: 36168 rows
2025-04-22 19:47:59,910 - INFO - Detected metadata:
2025-04-22 19:47:59,910 - INFO - {
    "METADATA_SPEC_VERSION": "SINGLE_TABLE_V1",
    "columns": {
        "age": {
            "sdtype": "numerical"
        },
        "job": {
            "sdtype": "categorical"
        },
        "marital": {
            "sdtype": "categorical"
        },
        "education": {
            "sdtype": "categorical"
        },
        "default": {
            "sdtype": "categorical"
        },
        "balance": {
            "sdtype": "numerical"
        },
        "housing": {
            "sdtype": "categorical"
        },
        "loan": {
            "sdtype": "categorical"
        },
        "contact": {
            "sdtype": "categorical"
        },
        "day": {
            "sdtype": "categorical"
        },
        "month": {
            "sdtype": "categorical"
        },
        "duration": {
            "sdtype": "categorical"
        },
        "campaign": {
            "sdtype": "categorical"
        },
        "pdays": {
            "sdtype": "numerical"
        },
        "previous": {
            "sdtype": "numerical"
        },
        "poutcome": {
            "sdtype": "categorical"
        },
        "y": {
            "sdtype": "categorical"
        }
    }
}
2025-04-22 19:47:59,913 - INFO - [SYNTHETIC] Preparing synthesizer: CTGAN
2025-04-22 19:47:59,913 - INFO - [SYNTHETIC] Params from config: {'epochs': 200}
2025-04-22 19:47:59,913 - INFO - [SYNTHETIC] Found existing CTGAN synthesizer: /mnt/NVMETank/Projects/Students/Dele/A-STUDY-INTO-THE-QUALITY-AND-USABILITY-OF-PRIVACY-FRIENDLY-SYNTHETIC-DATA/artifacts/synthesizers/bankMarketing_k10_l2_sup10_CTGAN_epochs200_synthesizer.pkl
2025-04-22 19:48:00,026 - INFO - {'EVENT': 'Load', 'TIMESTAMP': datetime.datetime(2025, 4, 22, 19, 48, 0, 26722), 'SYNTHESIZER CLASS NAME': 'CTGANSynthesizer', 'SYNTHESIZER ID': 'CTGANSynthesizer_1.18.0_0d91aea3596e4457a8fc9e47c2924aa3'}
2025-04-22 19:48:00,030 - INFO - [SYNTHETIC] Preparing synthesizer: TVAE
2025-04-22 19:48:00,030 - INFO - [SYNTHETIC] Params from config: {'epochs': 200}
2025-04-22 19:48:00,030 - INFO - [SYNTHETIC] Found existing TVAE synthesizer: /mnt/NVMETank/Projects/Students/Dele/A-STUDY-INTO-THE-QUALITY-AND-USABILITY-OF-PRIVACY-FRIENDLY-SYNTHETIC-DATA/artifacts/synthesizers/bankMarketing_k10_l2_sup10_TVAE_epochs200_synthesizer.pkl
2025-04-22 19:48:00,090 - INFO - {'EVENT': 'Load', 'TIMESTAMP': datetime.datetime(2025, 4, 22, 19, 48, 0, 90409), 'SYNTHESIZER CLASS NAME': 'TVAESynthesizer', 'SYNTHESIZER ID': 'TVAESynthesizer_1.18.0_8bd801861b484af1b4798258fe2b1780'}
2025-04-22 19:48:00,091 - INFO - [SYNTHETIC] Using CTGAN to generate 72336 rows...
2025-04-22 19:48:23,872 - INFO - {'EVENT': 'Sample', 'TIMESTAMP': datetime.datetime(2025, 4, 22, 19, 48, 0, 91407), 'SYNTHESIZER CLASS NAME': 'CTGANSynthesizer', 'SYNTHESIZER ID': 'CTGANSynthesizer_1.18.0_0d91aea3596e4457a8fc9e47c2924aa3', 'TOTAL NUMBER OF TABLES': 1, 'TOTAL NUMBER OF ROWS': 72336, 'TOTAL NUMBER OF COLUMNS': 17}
2025-04-22 19:48:23,872 - INFO - [SYNTHETIC] CTGAN completed: 72336 rows generated.
2025-04-22 19:48:23,882 - INFO - [SYNTHETIC] Target class distribution for CTGAN: {'no': 52864, 'yes': 19472}
2025-04-22 19:48:23,883 - INFO - [SYNTHETIC] Using TVAE to generate 72336 rows...
2025-04-22 19:48:45,121 - INFO - {'EVENT': 'Sample', 'TIMESTAMP': datetime.datetime(2025, 4, 22, 19, 48, 23, 883418), 'SYNTHESIZER CLASS NAME': 'TVAESynthesizer', 'SYNTHESIZER ID': 'TVAESynthesizer_1.18.0_8bd801861b484af1b4798258fe2b1780', 'TOTAL NUMBER OF TABLES': 1, 'TOTAL NUMBER OF ROWS': 72336, 'TOTAL NUMBER OF COLUMNS': 17}
2025-04-22 19:48:45,125 - INFO - [SYNTHETIC] TVAE completed: 72336 rows generated.
2025-04-22 19:48:45,133 - INFO - [SYNTHETIC] Target class distribution for TVAE: {'no': 66032, 'yes': 6304}
2025-04-22 19:48:45,134 - INFO - [SYNTHETIC PIPELINE] Synthetic Data Generation Completed.
2025-04-22 19:48:45,134 - INFO - [SYNTHETIC PIPELINE] Synthesizers used: ['CTGAN', 'TVAE']
2025-04-22 19:48:45,134 - INFO - [SYNTHETIC PIPELINE] Evaluating synthetic dataset generated by CTGAN...
2025-04-22 19:48:45,134 - INFO - [SYNTHETIC EVAL] Real data columns     (17): ['age', 'job', 'marital', 'education', 'default', 'balance', 'housing', 'loan', 'contact', 'day', 'month', 'duration', 'campaign', 'pdays', 'previous', 'poutcome', 'y']
2025-04-22 19:48:45,134 - INFO - [SYNTHETIC EVAL] Synthetic data columns (17): ['age', 'job', 'marital', 'education', 'default', 'balance', 'housing', 'loan', 'contact', 'day', 'month', 'duration', 'campaign', 'pdays', 'previous', 'poutcome', 'y']
2025-04-22 19:48:45,134 - INFO - [SYNTHETIC EVAL] Metadata columns      (17): ['age', 'job', 'marital', 'education', 'default', 'balance', 'housing', 'loan', 'contact', 'day', 'month', 'duration', 'campaign', 'pdays', 'previous', 'poutcome', 'y']
2025-04-22 19:48:45,135 - INFO - [SYNTHETIC EVAL] Shape — Real: (36168, 17), Synthetic: (72336, 17)
2025-04-22 19:48:45,135 - INFO - [SYNTHETIC EVAL] Metadata structure:
{
  "METADATA_SPEC_VERSION": "SINGLE_TABLE_V1",
  "columns": {
    "age": {
      "sdtype": "numerical"
    },
    "job": {
      "sdtype": "categorical"
    },
    "marital": {
      "sdtype": "categorical"
    },
    "education": {
      "sdtype": "categorical"
    },
    "default": {
      "sdtype": "categorical"
    },
    "balance": {
      "sdtype": "numerical"
    },
    "housing": {
      "sdtype": "categorical"
    },
    "loan": {
      "sdtype": "categorical"
    },
    "contact": {
      "sdtype": "categorical"
    },
    "day": {
      "sdtype": "categorical"
    },
    "month": {
      "sdtype": "categorical"
    },
    "duration": {
      "sdtype": "categorical"
    },
    "campaign": {
      "sdtype": "categorical"
    },
    "pdays": {
      "sdtype": "numerical"
    },
    "previous": {
      "sdtype": "numerical"
    },
    "poutcome": {
      "sdtype": "categorical"
    },
    "y": {
      "sdtype": "categorical"
    }
  }
}
2025-04-22 19:48:51,921 - INFO - [SYNTHETIC PIPELINE] Evaluating synthetic dataset generated by TVAE...
2025-04-22 19:48:51,922 - INFO - [SYNTHETIC EVAL] Real data columns     (17): ['age', 'job', 'marital', 'education', 'default', 'balance', 'housing', 'loan', 'contact', 'day', 'month', 'duration', 'campaign', 'pdays', 'previous', 'poutcome', 'y']
2025-04-22 19:48:51,922 - INFO - [SYNTHETIC EVAL] Synthetic data columns (17): ['age', 'job', 'marital', 'education', 'default', 'balance', 'housing', 'loan', 'contact', 'day', 'month', 'duration', 'campaign', 'pdays', 'previous', 'poutcome', 'y']
2025-04-22 19:48:51,922 - INFO - [SYNTHETIC EVAL] Metadata columns      (17): ['age', 'job', 'marital', 'education', 'default', 'balance', 'housing', 'loan', 'contact', 'day', 'month', 'duration', 'campaign', 'pdays', 'previous', 'poutcome', 'y']
2025-04-22 19:48:51,927 - INFO - [SYNTHETIC EVAL] Shape — Real: (36168, 17), Synthetic: (72336, 17)
2025-04-22 19:48:51,927 - INFO - [SYNTHETIC EVAL] Metadata structure:
{
  "METADATA_SPEC_VERSION": "SINGLE_TABLE_V1",
  "columns": {
    "age": {
      "sdtype": "numerical"
    },
    "job": {
      "sdtype": "categorical"
    },
    "marital": {
      "sdtype": "categorical"
    },
    "education": {
      "sdtype": "categorical"
    },
    "default": {
      "sdtype": "categorical"
    },
    "balance": {
      "sdtype": "numerical"
    },
    "housing": {
      "sdtype": "categorical"
    },
    "loan": {
      "sdtype": "categorical"
    },
    "contact": {
      "sdtype": "categorical"
    },
    "day": {
      "sdtype": "categorical"
    },
    "month": {
      "sdtype": "categorical"
    },
    "duration": {
      "sdtype": "categorical"
    },
    "campaign": {
      "sdtype": "categorical"
    },
    "pdays": {
      "sdtype": "numerical"
    },
    "previous": {
      "sdtype": "numerical"
    },
    "poutcome": {
      "sdtype": "categorical"
    },
    "y": {
      "sdtype": "categorical"
    }
  }
}
2025-04-22 19:48:56,606 - INFO -  [SYNTHETIC PIPELINE]  Synthetic Data Evaluation Completed.
2025-04-22 19:48:56,622 - INFO -  [SYNTHETIC PIPELINE] Synthetic Data Report Generated Successfully.
2025-04-22 19:48:58,177 - ERROR - [SYNTHETIC PIPELINE] Failed to compare distributions: Could not convert ['blue-collarblue-collarblue-collarblue-collarblue-collarblue-collarblue-collarblue-collarblue-collarblue-collarblue-collarblue-collarblue-collarblue-collarblue-collarblue-collarblue-collarblue-collarblue-collarblue-collarblue-collarblue-collarblue-collarblue-collarblue-collarblue-collarblue-collarblue-collarblue-collarblue-collarblue-collarblue-collarblue-collarblue-collarblue-collarblue-collarblue-collarblue-collarblue-collarblue-collarblue-collarblue-collarblue-collarblue-collarblue-collarblue-collarblue-collarblue-collarblue-collarblue-collarblue-collarblue-collarblue-collarblue-collarblue-collarblue-collarblue-collarblue-collarblue-collarblue-collarblue-collarblue-collarblue-collarblue-collarblue-collarblue-collarblue-collarblue-collarblue-collarblue-collarblue-collarblue-collarblue-collarblue-collarblue-collarblue-collarblue-collarblue-collarblue-collarblue-collarblue-collarblue-collarblue-collarblue-collarblue-collarblue-collarblue-collarblue-collarblue-collarblue-collarblue-collarblue-collarblue-collarblue-collarblue-collarblue-collarblue-collarblue-collarblue-collarblue-collarblue-collarblue-collarblue-collarblue-collarblue-collarblue-collarblue-collarblue-collarblue-collarblue-collarblue-collarblue-collarblue-collarblue-collarblue-collarblue-collarblue-collarblue-collarblue-collarblue-collarblue-collarblue-collarblue-collarblue-collarblue-collarblue-collarblue-collarblue-collarblue-collarblue-collarblue-collarblue-collarblue-collarblue-collarblue-collarblue-collarblue-collarblue-collarblue-collarblue-collarblue-collarblue-collarblue-collarblue-collarblue-collarblue-collarblue-collarblue-collarblue-collarblue-collarblue-collarblue-collarblue-collarblue-collarblue-collarblue-collarblue-collarblue-collarblue-collarblue-collarblue-collarblue-collarblue-collarblue-collarblue-collarblue-collarblue-collarblue-collarblue-collarblue-collarblue-collarblue-collarblue-collarblue-collarblue-collarblue-collarblue-collarblue-collarblue-collarblue-collarblue-collarblue-collarblue-collarblue-collarblue-collarblue-collarblue-collarblue-collarblue-collarblue-collarblue-collarblue-collarblue-collarblue-collarblue-collarblue-collarblue-collarblue-collarblue-collarblue-collarblue-collarblue-collarblue-collarblue-collarblue-collarblue-collarblue-collarblue-collarblue-collarblue-collarblue-collarblue-collarblue-collarblue-collarblue-collarblue-collarblue-collarblue-collarblue-collarblue-collarblue-collarblue-collarblue-collarblue-collarblue-collarblue-collarblue-collarblue-collarblue-collarblue-collarblue-collarblue-collarblue-collarblue-collarblue-collarblue-collarblue-collarblue-collarblue-collarblue-collarblue-collarblue-collarblue-collarblue-collarblue-collarblue-collarblue-collarblue-collarblue-collarblue-collarblue-collarblue-collarblue-collarblue-collarblue-collarblue-collarblue-collarblue-collarblue-collarblue-collarblue-collarblue-collarblue-collarblue-collarblue-collarblue-collarblue-collarblue-collarblue-collarblue-collarblue-collarblue-collarblue-collarblue-collarblue-collarblue-collarblue-collarblue-collarblue-collarblue-collarblue-collarblue-collarblue-collarblue-collarblue-collarblue-collarblue-collarblue-collarblue-collarblue-collarblue-collarblue-collarblue-collarblue-collarblue-collarblue-collarblue-collarblue-collarblue-collarblue-collarblue-collarblue-collarblue-collarblue-collarblue-collarblue-collarblue-collarblue-collarblue-collarblue-collarblue-collarblue-collarblue-collarblue-collarblue-collarblue-collarblue-collarblue-collarblue-collarblue-collarblue-collarblue-collarblue-collarblue-collarblue-collarblue-collarblue-collarblue-collarblue-collarblue-collarblue-collarblue-collarblue-collarblue-collarblue-collarblue-collarblue-collarblue-collarblue-collarblue-collarblue-collarblue-collarblue-collarblue-collarblue-collarblue-collarblue-collarblue-collarblue-collarblue-collarblue-collarblue-collarblue-collarblue-collarblue-collarblue-collarblue-collarblue-collarblue-collarblue-collarblue-collarblue-collarblue-collarblue-collarblue-collarblue-collarblue-collarblue-collarblue-collarblue-collarblue-collarblue-collarblue-collarblue-collarblue-collarblue-collarblue-collarblue-collarblue-collarblue-collarblue-collarblue-collarblue-collarblue-collarblue-collarblue-collarblue-collarblue-collarblue-collarblue-collarblue-collarblue-collarblue-collarblue-collarblue-collarblue-collarblue-collarblue-collarblue-collarblue-collarblue-collarblue-collarblue-collarblue-collarblue-collarblue-collarblue-collarblue-collarblue-collarblue-collarblue-collarblue-collarblue-collarblue-collarblue-collarblue-collarblue-collarblue-collarblue-collarblue-collarblue-collarblue-collarblue-collarblue-collarblue-collarblue-collarblue-collarblue-collarblue-collarblue-collarblue-collarblue-collarblue-collarblue-collarblue-collarblue-collarblue-collarblue-collarblue-collarblue-collarblue-collarblue-collarblue-collarblue-collarblue-collarblue-collarblue-collarblue-collarblue-collarblue-collarblue-collarblue-collarblue-collarblue-collarblue-collarblue-collarblue-collarblue-collarblue-collarblue-collarblue-collarblue-collarblue-collarblue-collarblue-collarblue-collarblue-collarblue-collarblue-collarblue-collarblue-collarblue-collarblue-collarblue-collarblue-collarblue-collarblue-collarblue-collarblue-collarblue-collarblue-collarblue-collarblue-collarblue-collarblue-collarblue-collarblue-collarblue-collarblue-collarblue-collarblue-collarblue-collarblue-collarblue-collarblue-collarblue-collarblue-collarblue-collarblue-collarblue-collarblue-collarblue-collarblue-collarblue-collarblue-collarblue-collarblue-collarblue-collarblue-collarblue-collarblue-collarblue-collarblue-collarblue-collarblue-collarblue-collarblue-collarblue-collarblue-collarblue-collarblue-collarblue-collarblue-collarblue-collarblue-collarblue-collarblue-collarblue-collarblue-collarblue-collarblue-collarblue-collarblue-collarblue-collarblue-collarblue-collarblue-collarblue-collarblue-collarblue-collarblue-collarblue-collarblue-collarblue-collarblue-collarblue-collarblue-collarblue-collarblue-collarblue-collarblue-collarblue-collarblue-collarblue-collarblue-collarblue-collarblue-collarblue-collarblue-collarblue-collarblue-collarblue-collarblue-collarblue-collarblue-collarblue-collarblue-collarblue-collarblue-collarblue-collarblue-collarblue-collarblue-collarblue-collarblue-collarblue-collarblue-collarblue-collarblue-collarblue-collarblue-collarblue-collarblue-collarblue-collarblue-collarblue-collarblue-collarblue-collarblue-collarblue-collarblue-collarblue-collarblue-collarblue-collarblue-collarblue-collarblue-collarblue-collarblue-collarblue-collarblue-collarblue-collarblue-collarblue-collarblue-collarblue-collarblue-collarblue-collarblue-collarblue-collarblue-collarblue-collarblue-collarblue-collarblue-collarblue-collarblue-collarblue-collarblue-collarblue-collarblue-collarblue-collarblue-collarblue-collarblue-collarblue-collarblue-collarblue-collarblue-collarblue-collarblue-collarblue-collarblue-collarblue-collarblue-collarblue-collarblue-collarblue-collarblue-collarblue-collarblue-collarblue-collarblue-collarblue-collarblue-collarblue-collarblue-collarblue-collarblue-collarblue-collarblue-collarblue-collarblue-collarblue-collarblue-collarblue-collarblue-collarblue-collarblue-collarblue-collarblue-collarblue-collarblue-collarblue-collarblue-collarblue-collarblue-collarblue-collarblue-collarblue-collarblue-collarblue-collarblue-collarblue-collarblue-collarblue-collarblue-collarblue-collarblue-collarblue-collarblue-collarblue-collarblue-collarblue-collarblue-collarblue-collarblue-collarblue-collarblue-collarblue-collarblue-collarblue-collarblue-collarblue-collarblue-collarblue-collarblue-collarblue-collarblue-collarblue-collarblue-collarblue-collarblue-collarblue-collarblue-collarblue-collarblue-collarblue-collarblue-collarblue-collarblue-collarblue-collarblue-collarblue-collarblue-collarblue-collarblue-collarblue-collarblue-collarblue-collarblue-collarblue-collarblue-collarblue-collarblue-collarblue-collarblue-collarblue-collarblue-collarblue-collarblue-collarblue-collarblue-collarblue-collarblue-collarblue-collarblue-collarblue-collarblue-collarblue-collarblue-collarblue-collarblue-collarblue-collarblue-collarblue-collarblue-collarblue-collarblue-collarblue-collarblue-collarblue-collarblue-collarblue-collarblue-collarblue-collarblue-collarblue-collarblue-collarblue-collarblue-collarblue-collarblue-collarblue-collarblue-collarblue-collarblue-collarblue-collarblue-collarblue-collarblue-collarblue-collarblue-collarblue-collarblue-collarblue-collarblue-collarblue-collarblue-collarblue-collarblue-collarblue-collarblue-collarblue-collarblue-collarblue-collarblue-collarblue-collarblue-collarblue-collarblue-collarblue-collarblue-collarblue-collarblue-collarblue-collarblue-collarblue-collarblue-collarblue-collarblue-collarblue-collarblue-collarblue-collarblue-collarblue-collarblue-collarblue-collarblue-collarblue-collarblue-collarblue-collarblue-collarblue-collarblue-collarblue-collarblue-collarblue-collarblue-collarblue-collarblue-collarblue-collarblue-collarblue-collarblue-collarblue-collarblue-collarblue-collarblue-collarblue-collarblue-collarblue-collarblue-collarblue-collarblue-collarblue-collarblue-collarblue-collarblue-collarblue-collarblue-collarblue-collarblue-collarblue-collarblue-collarblue-collarblue-collarblue-collarblue-collarblue-collarblue-collarblue-collarblue-collarblue-collarblue-collarblue-collarblue-collarblue-collarblue-collarblue-collarblue-collarblue-collarblue-collarblue-collarblue-collarblue-collarblue-collarblue-collarblue-collarblue-collarblue-collarblue-collarblue-collarblue-collarblue-collarblue-collarblue-collarblue-collarblue-collarblue-collarblue-collarblue-collarblue-collarblue-collarblue-collarblue-collarblue-collarblue-collarblue-collarblue-collarblue-collarblue-collarblue-collarblue-collarblue-collarblue-collarblue-collarblue-collarblue-collarblue-collarblue-collarblue-collarblue-collarblue-collarblue-collarblue-collarblue-collarblue-collarblue-collarblue-collarblue-collarblue-collarblue-collarblue-collarblue-collarblue-collarblue-collarblue-collarblue-collarblue-collarblue-collarblue-collarblue-collarblue-collarblue-collarblue-collarblue-collarblue-collarblue-collarblue-collarblue-collarblue-collarblue-collarblue-collarblue-collarblue-collarblue-collarblue-collarblue-collarblue-collarblue-collarblue-collarblue-collarblue-collarblue-collarblue-collarblue-collarblue-collarblue-collarblue-collarblue-collarblue-collarblue-collarblue-collarblue-collarblue-collarblue-collarblue-collarblue-collarblue-collarblue-collarblue-collarblue-collarblue-collarblue-collarblue-collarblue-collarblue-collarblue-collarblue-collarblue-collarblue-collarblue-collarblue-collarblue-collarblue-collarblue-collarblue-collarblue-collarblue-collarblue-collarblue-collarblue-collarblue-collarblue-collarblue-collarblue-collarblue-collarblue-collarblue-collarblue-collarblue-collarblue-collarblue-collarblue-collarblue-collarblue-collarblue-collarblue-collarblue-collarblue-collarblue-collarblue-collarblue-collarblue-collarblue-collarblue-collarblue-collarblue-collarblue-collarblue-collarblue-collarblue-collarblue-collarblue-collarblue-collarblue-collarblue-collarblue-collarblue-collarblue-collarblue-collarblue-collarblue-collarblue-collarblue-collarblue-collarblue-collarblue-collarblue-collarblue-collarblue-collarblue-collarblue-collarblue-collarblue-collarblue-collarblue-collarblue-collarblue-collarblue-collarblue-collarblue-collarblue-collarblue-collarblue-collarblue-collarblue-collarblue-collarblue-collarblue-collarblue-collarblue-collarblue-collarblue-collarblue-collarblue-collarblue-collarblue-collarblue-collarblue-collarblue-collarblue-collarblue-collarblue-collarblue-collarblue-collarblue-collarblue-collarblue-collarblue-collarblue-collarblue-collarblue-collarblue-collarblue-collarblue-collarblue-collarblue-collarblue-collarblue-collarblue-collarblue-collarblue-collarblue-collarblue-collarblue-collarblue-collarblue-collarblue-collarblue-collarblue-collarblue-collarblue-collarblue-collarblue-collarblue-collarblue-collarblue-collarblue-collarblue-collarblue-collarblue-collarblue-collarblue-collarblue-collarblue-collarblue-collarblue-collarblue-collarblue-collarblue-collarblue-collarblue-collarblue-collarblue-collarblue-collarblue-collarblue-collarblue-collarblue-collarblue-collarblue-collarblue-collarblue-collarblue-collarblue-collarblue-collarblue-collarblue-collarblue-collarblue-collarblue-collarblue-collarblue-collarblue-collarblue-collarblue-collarblue-collarblue-collarblue-collarblue-collarblue-collarblue-collarblue-collarblue-collarblue-collarblue-collarblue-collarblue-collarblue-collarblue-collarblue-collarblue-collarblue-collarblue-collarblue-collarblue-collarblue-collarblue-collarblue-collarblue-collarblue-collarblue-collarblue-collarblue-collarblue-collarblue-collarblue-collarblue-collarblue-collarblue-collarblue-collarblue-collarblue-collarblue-collarblue-collarblue-collarblue-collarblue-collarblue-collarblue-collarblue-collarblue-collarblue-collarblue-collarblue-collarblue-collarblue-collarblue-collarblue-collarblue-collarblue-collarblue-collarblue-collarblue-collarblue-collarblue-collarblue-collarblue-collarblue-collarblue-collarblue-collarblue-collarblue-collarblue-collarblue-collarblue-collarblue-collarblue-collarblue-collarblue-collarblue-collarblue-collarblue-collarblue-collarblue-collarblue-collarblue-collarblue-collarblue-collarblue-collarblue-collarblue-collarblue-collarblue-collarblue-collarblue-collarblue-collarblue-collarblue-collarblue-collarblue-collarblue-collarblue-collarblue-collarblue-collarblue-collarblue-collarblue-collarblue-collarblue-collarblue-collarblue-collarblue-collarblue-collarblue-collarblue-collarblue-collarblue-collarblue-collarblue-collarblue-collarblue-collarblue-collarblue-collarblue-collarblue-collarblue-collarblue-collarblue-collarblue-collarblue-collarblue-collarblue-collarblue-collarblue-collarblue-collarblue-collarblue-collarblue-collarblue-collarblue-collarblue-collarblue-collarblue-collarblue-collarblue-collarblue-collarblue-collarblue-collarblue-collarblue-collarblue-collarblue-collarblue-collarblue-collarblue-collarblue-collarblue-collarblue-collarblue-collarblue-collarblue-collarblue-collarblue-collarblue-collarblue-collarblue-collarblue-collarblue-collarblue-collarblue-collarblue-collarblue-collarblue-collarblue-collarblue-collarblue-collarblue-collarblue-collarblue-collarblue-collarblue-collarblue-collarblue-collarblue-collarblue-collarblue-collarblue-collarblue-collarblue-collarblue-collarblue-collarblue-collarblue-collarblue-collarblue-collarblue-collarblue-collarblue-collarblue-collarblue-collarblue-collarblue-collarblue-collarblue-collarblue-collarblue-collarblue-collarblue-collarblue-collarblue-collarblue-collarblue-collarblue-collarblue-collarblue-collarblue-collarblue-collarblue-collarblue-collarblue-collarblue-collarblue-collarblue-collarblue-collarblue-collarblue-collarblue-collarblue-collarblue-collarblue-collarblue-collarblue-collarblue-collarblue-collarblue-collarblue-collarblue-collarblue-collarblue-collarblue-collarblue-collarblue-collarblue-collarblue-collarblue-collarblue-collarblue-collarblue-collarblue-collarblue-collarblue-collarblue-collarblue-collarblue-collarblue-collarblue-collarblue-collarblue-collarblue-collarblue-collarblue-collarblue-collarblue-collarblue-collarblue-collarblue-collarblue-collarblue-collarblue-collarblue-collarblue-collarblue-collarblue-collarblue-collarblue-collarblue-collarblue-collarblue-collarblue-collarblue-collarblue-collarblue-collarblue-collarblue-collarblue-collarblue-collarblue-collarblue-collarblue-collarblue-collarblue-collarblue-collarblue-collarblue-collarblue-collarblue-collarblue-collarblue-collarblue-collarblue-collarblue-collarblue-collarblue-collarblue-collarblue-collarblue-collarblue-collarblue-collarblue-collarblue-collarblue-collarblue-collarblue-collarblue-collarblue-collarblue-collarblue-collarblue-collarblue-collarblue-collarblue-collarblue-collarblue-collarblue-collarblue-collarblue-collarblue-collarblue-collarblue-collarblue-collarblue-collarblue-collarblue-collarblue-collarblue-collarblue-collarblue-collarblue-collarblue-collarblue-collarblue-collarblue-collarblue-collarblue-collarblue-collarblue-collarblue-collarblue-collarblue-collarblue-collarblue-collarblue-collarblue-collarblue-collarblue-collarblue-collarblue-collarblue-collarblue-collarblue-collarblue-collarblue-collarblue-collarblue-collarblue-collarblue-collarblue-collarblue-collarblue-collarblue-collarblue-collarblue-collarblue-collarblue-collarblue-collarblue-collarblue-collarblue-collarblue-collarblue-collarblue-collarblue-collarblue-collarblue-collarblue-collarblue-collarblue-collarblue-collarblue-collarblue-collarblue-collarblue-collarblue-collarblue-collarblue-collarblue-collarblue-collarblue-collarblue-collarblue-collarblue-collarblue-collarblue-collarblue-collarblue-collarblue-collarblue-collarblue-collarblue-collarblue-collarblue-collarblue-collarblue-collarblue-collarblue-collarblue-collarblue-collarblue-collarblue-collarblue-collarblue-collarblue-collarblue-collarblue-collarblue-collarblue-collarblue-collarblue-collarblue-collarblue-collarblue-collarblue-collarblue-collarblue-collarblue-collarblue-collarblue-collarblue-collarblue-collarblue-collarblue-collarblue-collarblue-collarblue-collarblue-collarblue-collarblue-collarblue-collarblue-collarblue-collarblue-collarblue-collarblue-collarblue-collarblue-collarblue-collarblue-collarblue-collarblue-collarblue-collarblue-collarblue-collarblue-collarblue-collarblue-collarblue-collarblue-collarblue-collarblue-collarblue-collarblue-collarblue-collarblue-collarblue-collarblue-collarblue-collarblue-collarblue-collarblue-collarblue-collarblue-collarblue-collarblue-collarblue-collarblue-collarblue-collarblue-collarblue-collarblue-collarblue-collarblue-collarblue-collarblue-collarblue-collarblue-collarblue-collarblue-collarblue-collarblue-collarblue-collarblue-collarblue-collarblue-collarblue-collarblue-collarblue-collarblue-collarblue-collarblue-collarblue-collarblue-collarblue-collarblue-collarblue-collarblue-collarblue-collarblue-collarblue-collarblue-collarblue-collarblue-collarblue-collarblue-collarblue-collarblue-collarblue-collarblue-collarblue-collarblue-collarblue-collarblue-collarblue-collarblue-collarblue-collarblue-collarblue-collarblue-collarblue-collarblue-collarblue-collarblue-collarblue-collarblue-collarblue-collarblue-collarblue-collarblue-collarblue-collarblue-collarblue-collarblue-collarblue-collarblue-collarblue-collarblue-collarblue-collarblue-collarblue-collarblue-collarblue-collarblue-collarblue-collarblue-collarblue-collarblue-collarblue-collarblue-collarblue-collarblue-collarblue-collarblue-collarblue-collarblue-collarblue-collarblue-collarblue-collarblue-collarblue-collarblue-collarblue-collarblue-collarblue-collarblue-collarblue-collarblue-collarblue-collarblue-collarblue-collarblue-collarblue-collarblue-collarblue-collarblue-collarblue-collarblue-collarblue-collarblue-collarblue-collarblue-collarblue-collarblue-collarblue-collarblue-collarblue-collarblue-collarblue-collarblue-collarblue-collarblue-collarblue-collarblue-collarblue-collarblue-collarblue-collarblue-collarblue-collarblue-collarblue-collarblue-collarblue-collarblue-collarblue-collarblue-collarblue-collarblue-collarblue-collarblue-collarblue-collarblue-collarblue-collarblue-collarblue-collarblue-collarblue-collarblue-collarblue-collarblue-collarblue-collarblue-collarblue-collarblue-collarblue-collarblue-collarblue-collarblue-collarblue-collarblue-collarblue-collarblue-collarblue-collarblue-collarblue-collarblue-collarblue-collarblue-collarblue-collarblue-collarblue-collarblue-collarblue-collarblue-collarblue-collarblue-collarblue-collarblue-collarblue-collarblue-collarblue-collarblue-collarblue-collarblue-collarblue-collarblue-collarblue-collarblue-collarblue-collarblue-collarblue-collarblue-collarblue-collarblue-collarblue-collarblue-collarblue-collarblue-collarblue-collarblue-collarblue-collarblue-collarblue-collarblue-collarblue-collarblue-collarblue-collarblue-collarblue-collarblue-collarblue-collarblue-collarblue-collarblue-collarblue-collarblue-collarblue-collarblue-collarblue-collarblue-collarblue-collarblue-collarblue-collarblue-collarblue-collarblue-collarblue-collarblue-collarblue-collarblue-collarblue-collarblue-collarblue-collarblue-collarblue-collarblue-collarblue-collarblue-collarblue-collarblue-collarblue-collarblue-collarblue-collarblue-collarblue-collarblue-collarblue-collarblue-collarblue-collarblue-collarblue-collarblue-collarblue-collarblue-collarblue-collarblue-collarblue-collarblue-collarblue-collarblue-collarblue-collarblue-collarblue-collarblue-collarblue-collarblue-collarblue-collarblue-collarblue-collarblue-collarblue-collarblue-collarblue-collarblue-collarblue-collarblue-collarblue-collarblue-collarblue-collarblue-collarblue-collarblue-collarblue-collarblue-collarblue-collarblue-collarblue-collarblue-collarblue-collarblue-collarblue-collarblue-collarblue-collarblue-collarblue-collarblue-collarblue-collarblue-collarblue-collarblue-collarblue-collarblue-collarblue-collarblue-collarblue-collarblue-collarblue-collarblue-collarblue-collarblue-collarblue-collarblue-collarblue-collarblue-collarblue-collarblue-collarblue-collarblue-collarblue-collarblue-collarblue-collarblue-collarblue-collarblue-collarblue-collarblue-collarblue-collarblue-collarblue-collarblue-collarblue-collarblue-collarblue-collarblue-collarblue-collarblue-collarblue-collarblue-collarblue-collarblue-collarblue-collarblue-collarblue-collarblue-collarblue-collarblue-collarblue-collarblue-collarblue-collarblue-collarblue-collarblue-collarblue-collarblue-collarblue-collarblue-collarblue-collarblue-collarblue-collarblue-collarblue-collarblue-collarblue-collarblue-collarblue-collarblue-collarblue-collarblue-collarblue-collarblue-collarblue-collarblue-collarblue-collarblue-collarblue-collarblue-collarblue-collarblue-collarblue-collarblue-collarblue-collarblue-collarblue-collarblue-collarblue-collarblue-collarblue-collarblue-collarblue-collarblue-collarblue-collarblue-collarblue-collarblue-collarblue-collarblue-collarblue-collarblue-collarblue-collarblue-collarblue-collarblue-collarblue-collarblue-collarblue-collarblue-collarblue-collarblue-collarblue-collarblue-collarblue-collarblue-collarblue-collarblue-collarblue-collarblue-collarblue-collarblue-collarblue-collarblue-collarblue-collarblue-collarblue-collarblue-collarblue-collarblue-collarblue-collarblue-collarblue-collarblue-collarblue-collarblue-collarblue-collarblue-collarblue-collarblue-collarblue-collarblue-collarblue-collarblue-collarblue-collarblue-collarblue-collarblue-collarblue-collarblue-collarblue-collarblue-collarblue-collarblue-collarblue-collarblue-collarblue-collarblue-collarblue-collarblue-collarblue-collarblue-collarblue-collarblue-collarblue-collarblue-collarblue-collarblue-collarblue-collarblue-collarblue-collarblue-collarblue-collarblue-collarblue-collarblue-collarblue-collarblue-collarblue-collarblue-collarblue-collarblue-collarblue-collarblue-collarblue-collarblue-collarblue-collarblue-collarblue-collarblue-collarblue-collarblue-collarblue-collarblue-collarblue-collarblue-collarblue-collarblue-collarblue-collarblue-collarblue-collarblue-collarblue-collarblue-collarblue-collarblue-collarblue-collarblue-collarblue-collarblue-collarblue-collarblue-collarblue-collarblue-collarblue-collarblue-collarblue-collarblue-collarblue-collarblue-collarblue-collarblue-collarblue-collarblue-collarblue-collarblue-collarblue-collarblue-collarblue-collarblue-collarblue-collarblue-collarblue-collarblue-collarblue-collarblue-collarblue-collarblue-collarblue-collarblue-collarblue-collarblue-collarblue-collarblue-collarblue-collarblue-collarblue-collarblue-collarblue-collarblue-collarblue-collarblue-collarblue-collarblue-collarblue-collarblue-collarblue-collarblue-collarblue-collarblue-collarblue-collarblue-collarblue-collarblue-collarblue-collarblue-collarblue-collarblue-collarblue-collarblue-collarblue-collarblue-collarblue-collarblue-collarblue-collarblue-collarblue-collarblue-collarblue-collarblue-collarblue-collarblue-collarblue-collarblue-collarblue-collarblue-collarblue-collarblue-collarblue-collarblue-collarblue-collarblue-collarblue-collarblue-collarblue-collarblue-collarblue-collarblue-collarblue-collarblue-collarblue-collarblue-collarblue-collarblue-collarblue-collarblue-collarblue-collarblue-collarblue-collarblue-collarblue-collarblue-collarblue-collarblue-collarblue-collarblue-collarblue-collarblue-collarblue-collarblue-collarblue-collarblue-collarblue-collarblue-collarblue-collarblue-collarblue-collarblue-collarblue-collarblue-collarblue-collarblue-collarblue-collarblue-collarblue-collarblue-collarblue-collarblue-collarblue-collarblue-collarblue-collarblue-collarblue-collarblue-collarblue-collarblue-collarblue-collarblue-collarblue-collarblue-collarblue-collarblue-collarblue-collarblue-collarblue-collarblue-collarblue-collarblue-collarblue-collarblue-collarblue-collarblue-collarblue-collarblue-collarblue-collarblue-collarblue-collarblue-collarblue-collarblue-collarblue-collarblue-collarblue-collarblue-collarblue-collarblue-collarblue-collarblue-collarblue-collarblue-collarblue-collarblue-collarblue-collarblue-collarblue-collarblue-collarblue-collarblue-collarblue-collarblue-collarblue-collarblue-collarblue-collarblue-collarblue-collarblue-collarblue-collarblue-collarblue-collarblue-collarblue-collarblue-collarblue-collarblue-collarblue-collarblue-collarblue-collarblue-collarblue-collarblue-collarblue-collarblue-collarblue-collarblue-collarblue-collarblue-collarblue-collarblue-collarblue-collarblue-collarblue-collarblue-collarblue-collarblue-collarblue-collarblue-collarblue-collarblue-collarblue-collarblue-collarblue-collarblue-collarblue-collarblue-collarblue-collarblue-collarblue-collarblue-collarblue-collarblue-collarblue-collarblue-collarblue-collarblue-collarblue-collarblue-collarblue-collarblue-collarblue-collarblue-collarblue-collarblue-collarblue-collarblue-collarblue-collarblue-collarblue-collarblue-collarblue-collarblue-collarblue-collarblue-collarblue-collarblue-collarblue-collarblue-collarblue-collarblue-collarblue-collarblue-collarblue-collarblue-collarblue-collarblue-collarblue-collarblue-collarblue-collarblue-collarblue-collarblue-collarblue-collarblue-collarblue-collarblue-collarblue-collarblue-collarblue-collarblue-collarblue-collarblue-collarblue-collarblue-collarblue-collarblue-collarblue-collarblue-collarblue-collarblue-collarblue-collarblue-collarblue-collarblue-collarblue-collarblue-collarblue-collarblue-collarblue-collarblue-collarblue-collarblue-collarblue-collarblue-collarblue-collarblue-collarblue-collarblue-collarblue-collarblue-collarblue-collarblue-collarblue-collarblue-collarblue-collarblue-collarblue-collarblue-collarblue-collarblue-collarblue-collarblue-collarblue-collarblue-collarblue-collarblue-collarblue-collarblue-collarblue-collarblue-collarblue-collarblue-collarblue-collarblue-collarblue-collarblue-collarblue-collarblue-collarblue-collarblue-collarblue-collarblue-collarblue-collarblue-collarblue-collarblue-collarblue-collarblue-collarblue-collarblue-collarblue-collarblue-collarblue-collarblue-collarblue-collarblue-collarblue-collarblue-collarblue-collarblue-collarblue-collarblue-collarblue-collarblue-collarblue-collarblue-collarblue-collarblue-collarblue-collarblue-collarblue-collarblue-collarblue-collarblue-collarblue-collarblue-collarblue-collarblue-collarblue-collarblue-collarblue-collarblue-collarblue-collarblue-collarblue-collarblue-collarblue-collarblue-collarblue-collarblue-collarblue-collarblue-collarblue-collarblue-collarblue-collarblue-collarblue-collarblue-collarblue-collarblue-collarblue-collarblue-collarblue-collarblue-collarblue-collarblue-collarblue-collarblue-collarblue-collarblue-collarblue-collarblue-collarblue-collarblue-collarblue-collarblue-collarblue-collarblue-collarblue-collarblue-collarblue-collarblue-collarblue-collarblue-collarblue-collarblue-collarblue-collarblue-collarblue-collarblue-collarblue-collarblue-collarblue-collarblue-collarblue-collarblue-collarblue-collarblue-collarblue-collarblue-collarblue-collarblue-collarblue-collarblue-collarblue-collarblue-collarblue-collarblue-collarblue-collarblue-collarblue-collarblue-collarblue-collarblue-collarblue-collarblue-collarblue-collarblue-collarblue-collarblue-collarblue-collarblue-collarblue-collarblue-collarblue-collarblue-collarblue-collarblue-collarblue-collarblue-collarblue-collarblue-collarblue-collarblue-collarblue-collarblue-collarblue-collarblue-collarblue-collarblue-collarblue-collarblue-collarblue-collarblue-collarblue-collarblue-collarblue-collarblue-collarblue-collarblue-collarblue-collarblue-collarblue-collarblue-collarblue-collarblue-collarblue-collarblue-collarblue-collarblue-collarblue-collarblue-collarblue-collarblue-collarblue-collarblue-collarblue-collarblue-collarblue-collarblue-collarblue-collarblue-collarblue-collarblue-collarblue-collarblue-collarblue-collarblue-collarblue-collarblue-collarblue-collarblue-collarblue-collarblue-collarblue-collarblue-collarblue-collarblue-collarblue-collarblue-collarblue-collarblue-collarblue-collarblue-collarblue-collarblue-collarblue-collarblue-collarblue-collarblue-collarblue-collarblue-collarblue-collarblue-collarblue-collarblue-collarblue-collarblue-collarblue-collarblue-collarblue-collarblue-collarblue-collarblue-collarblue-collarblue-collarblue-collarblue-collarblue-collarblue-collarblue-collarblue-collarblue-collarblue-collarblue-collarblue-collarblue-collarblue-collarblue-collarblue-collarblue-collarblue-collarblue-collarblue-collarblue-collarblue-collarblue-collarblue-collarblue-collarblue-collarblue-collarblue-collarblue-collarblue-collarblue-collarblue-collarblue-collarblue-collarblue-collarblue-collarblue-collarblue-collarblue-collarblue-collarblue-collarblue-collarblue-collarblue-collarblue-collarblue-collarblue-collarblue-collarblue-collarblue-collarblue-collarblue-collarblue-collarblue-collarblue-collarblue-collarblue-collarblue-collarblue-collarblue-collarblue-collarblue-collarblue-collarblue-collarblue-collarblue-collarblue-collarblue-collarblue-collarblue-collarblue-collarblue-collarblue-collarblue-collarblue-collarblue-collarblue-collarblue-collarblue-collarblue-collarblue-collarblue-collarblue-collarblue-collarblue-collarblue-collarblue-collarblue-collarblue-collarblue-collarblue-collarblue-collarblue-collarblue-collarblue-collarblue-collarblue-collarblue-collarblue-collarblue-collarblue-collarblue-collarblue-collarblue-collarblue-collarblue-collarblue-collarblue-collarblue-collarblue-collarblue-collarblue-collarblue-collarblue-collarblue-collarblue-collarblue-collarblue-collarblue-collarblue-collarblue-collarblue-collarblue-collarblue-collarblue-collarblue-collarblue-collarblue-collarblue-collarblue-collarblue-collarblue-collarblue-collarblue-collarblue-collarblue-collarblue-collarblue-collarblue-collarblue-collarblue-collarblue-collarblue-collarblue-collarblue-collarblue-collarblue-collarblue-collarblue-collarblue-collarblue-collarblue-collarblue-collarblue-collarblue-collarblue-collarblue-collarblue-collarblue-collarblue-collarblue-collarblue-collarblue-collarblue-collarblue-collarblue-collarblue-collarblue-collarblue-collarblue-collarblue-collarblue-collarblue-collarblue-collarblue-collarblue-collarblue-collarblue-collarblue-collarblue-collarblue-collarblue-collarblue-collarblue-collarblue-collarblue-collarblue-collarblue-collarblue-collarblue-collarblue-collarblue-collarblue-collarblue-collarblue-collarblue-collarblue-collarblue-collarblue-collarblue-collarblue-collarblue-collarblue-collarblue-collarblue-collarblue-collarblue-collarblue-collarblue-collarblue-collarblue-collarblue-collarblue-collarblue-collarblue-collarblue-collarblue-collarblue-collarblue-collarblue-collarblue-collarblue-collarblue-collarblue-collarblue-collarblue-collarblue-collarblue-collarblue-collarblue-collarblue-collarblue-collarblue-collarblue-collarblue-collarblue-collarblue-collarblue-collarblue-collarblue-collarblue-collarblue-collarblue-collarblue-collarblue-collarblue-collarblue-collarblue-collarblue-collarblue-collarblue-collarblue-collarblue-collarblue-collarblue-collarblue-collarblue-collarblue-collarblue-collarblue-collarblue-collarblue-collarblue-collarblue-collarblue-collarblue-collarblue-collarblue-collarblue-collarblue-collarblue-collarblue-collarblue-collarblue-collarblue-collarblue-collarblue-collarblue-collarblue-collarblue-collarblue-collarblue-collarblue-collarblue-collarblue-collarblue-collarblue-collarblue-collarblue-collarblue-collarblue-collarblue-collarblue-collarblue-collarblue-collarblue-collarblue-collarblue-collarblue-collarblue-collarblue-collarblue-collarblue-collarblue-collarblue-collarblue-collarblue-collarblue-collarblue-collarblue-collarblue-collarblue-collarblue-collarblue-collarblue-collarblue-collarblue-collarblue-collarblue-collarblue-collarblue-collarblue-collarblue-collarblue-collarblue-collarblue-collarblue-collarblue-collarblue-collarblue-collarblue-collarblue-collarblue-collarblue-collarblue-collarblue-collarblue-collarblue-collarblue-collarblue-collarblue-collarblue-collarblue-collarblue-collarblue-collarblue-collarblue-collarblue-collarblue-collarblue-collarblue-collarblue-collarblue-collarblue-collarblue-collarblue-collarblue-collarblue-collarblue-collarblue-collarblue-collarblue-collarblue-collarblue-collarblue-collarblue-collarblue-collarblue-collarblue-collarblue-collarblue-collarblue-collarblue-collarblue-collarblue-collarblue-collarblue-collarblue-collarblue-collarblue-collarblue-collarblue-collarblue-collarblue-collarblue-collarblue-collarblue-collarblue-collarblue-collarblue-collarblue-collarblue-collarblue-collarblue-collarblue-collarblue-collarblue-collarblue-collarblue-collarblue-collarblue-collarblue-collarblue-collarblue-collarblue-collarblue-collarblue-collarblue-collarblue-collarblue-collarblue-collarblue-collarblue-collarblue-collarblue-collarblue-collarblue-collarblue-collarblue-collarblue-collarblue-collarblue-collarblue-collarblue-collarblue-collarblue-collarblue-collarblue-collarblue-collarblue-collarblue-collarblue-collarblue-collarblue-collarblue-collarblue-collarblue-collarblue-collarblue-collarblue-collarblue-collarblue-collarblue-collarblue-collarblue-collarblue-collarblue-collarblue-collarblue-collarblue-collarblue-collarblue-collarblue-collarblue-collarblue-collarblue-collarblue-collarblue-collarblue-collarblue-collarblue-collarblue-collarblue-collarblue-collarblue-collarblue-collarblue-collarblue-collarblue-collarblue-collarblue-collarblue-collarblue-collarblue-collarblue-collarblue-collarblue-collarblue-collarblue-collarblue-collarblue-collarblue-collarblue-collarblue-collarblue-collarblue-collarblue-collarblue-collarblue-collarblue-collarblue-collarblue-collarblue-collarblue-collarblue-collarblue-collarblue-collarblue-collarblue-collarblue-collarblue-collarblue-collarblue-collarblue-collarblue-collarblue-collarblue-collarblue-collarblue-collarblue-collarblue-collarblue-collarblue-collarblue-collarblue-collarblue-collarblue-collarblue-collarblue-collarblue-collarblue-collarblue-collarblue-collarblue-collarblue-collarblue-collarblue-collarblue-collarblue-collarblue-collarblue-collarblue-collarblue-collarblue-collarblue-collarblue-collarblue-collarblue-collarblue-collarblue-collarblue-collarblue-collarblue-collarblue-collarblue-collarblue-collarblue-collarblue-collarblue-collarblue-collarblue-collarblue-collarblue-collarblue-collarblue-collarblue-collarblue-collarblue-collarblue-collarblue-collarblue-collarblue-collarblue-collarblue-collarblue-collarblue-collarblue-collarblue-collarblue-collarblue-collarblue-collarblue-collarblue-collarblue-collarblue-collarblue-collarblue-collarblue-collarblue-collarblue-collarblue-collarblue-collarblue-collarblue-collarblue-collarblue-collarblue-collarblue-collarblue-collarblue-collarblue-collarblue-collarblue-collarblue-collarblue-collarblue-collarblue-collarblue-collarblue-collarblue-collarblue-collarblue-collarblue-collarblue-collarblue-collarblue-collarblue-collarblue-collarblue-collarblue-collarblue-collarblue-collarblue-collarblue-collarblue-collarblue-collarblue-collarblue-collarblue-collarblue-collarblue-collarblue-collarblue-collarblue-collarblue-collarblue-collarblue-collarblue-collarblue-collarblue-collarblue-collarblue-collarblue-collarblue-collarblue-collarblue-collarblue-collarblue-collarblue-collarblue-collarblue-collarblue-collarblue-collarblue-collarblue-collarblue-collarblue-collarblue-collarblue-collarblue-collarblue-collarblue-collarblue-collarblue-collarblue-collarblue-collarblue-collarblue-collarblue-collarblue-collarblue-collarblue-collarblue-collarblue-collarblue-collarblue-collarblue-collarblue-collarblue-collarblue-collarblue-collarblue-collarblue-collarblue-collarblue-collarblue-collarblue-collarblue-collarblue-collarblue-collarblue-collarblue-collarblue-collarblue-collarblue-collarblue-collarblue-collarblue-collarblue-collarblue-collarblue-collarblue-collarblue-collarblue-collarblue-collarblue-collarblue-collarblue-collarblue-collarblue-collarblue-collarblue-collarblue-collarblue-collarblue-collarblue-collarblue-collarblue-collarblue-collarblue-collarblue-collarblue-collarblue-collarblue-collarblue-collarblue-collarblue-collarblue-collarblue-collarblue-collarblue-collarblue-collarblue-collarblue-collarblue-collarblue-collarblue-collarblue-collarblue-collarblue-collarblue-collarblue-collarblue-collarblue-collarblue-collarblue-collarblue-collarblue-collarblue-collarblue-collarblue-collarblue-collarblue-collarblue-collarblue-collarblue-collarblue-collarblue-collarblue-collarblue-collarblue-collarblue-collarblue-collarblue-collarblue-collarblue-collarblue-collarblue-collarblue-collarblue-collarblue-collarblue-collarblue-collarblue-collarblue-collarblue-collarblue-collarblue-collarblue-collarblue-collarblue-collarblue-collarblue-collarblue-collarblue-collarblue-collarblue-collarblue-collarblue-collarblue-collarblue-collarblue-collarblue-collarblue-collarblue-collarblue-collarblue-collarblue-collarblue-collarblue-collarblue-collarblue-collarblue-collarblue-collarblue-collarblue-collarblue-collarblue-collarblue-collarblue-collarblue-collarblue-collarblue-collarblue-collarblue-collarblue-collarblue-collarblue-collarblue-collarblue-collarblue-collarblue-collarblue-collarblue-collarblue-collarblue-collarblue-collarblue-collarblue-collarblue-collarblue-collarblue-collarblue-collarblue-collarblue-collarblue-collarblue-collarblue-collarblue-collarblue-collarblue-collarblue-collarblue-collarblue-collarblue-collarblue-collarblue-collarblue-collarblue-collarblue-collarblue-collarblue-collarblue-collarblue-collarblue-collarblue-collarblue-collarblue-collarblue-collarblue-collarblue-collarblue-collarblue-collarblue-collarblue-collarblue-collarblue-collarblue-collarblue-collarblue-collarblue-collarblue-collarblue-collarblue-collarblue-collarblue-collarblue-collarblue-collarblue-collarblue-collarblue-collarblue-collarblue-collarblue-collarblue-collarblue-collarblue-collarblue-collarblue-collarblue-collarblue-collarblue-collarblue-collarblue-collarblue-collarblue-collarblue-collarblue-collarblue-collarblue-collarblue-collarblue-collarblue-collarblue-collarblue-collarblue-collarblue-collarblue-collarblue-collarblue-collarblue-collarblue-collarblue-collarblue-collarblue-collarblue-collarblue-collarblue-collarblue-collarblue-collarblue-collarblue-collarblue-collarblue-collarblue-collarblue-collarblue-collarblue-collarblue-collarblue-collarblue-collarblue-collarblue-collarblue-collarblue-collarblue-collarblue-collarblue-collarblue-collarblue-collarblue-collarblue-collarblue-collarblue-collarblue-collarblue-collarblue-collarblue-collarblue-collarblue-collarblue-collarblue-collarblue-collarblue-collarblue-collarblue-collarblue-collarblue-collarblue-collarblue-collarblue-collarblue-collarblue-collarblue-collarblue-collarblue-collarblue-collarblue-collarblue-collarblue-collarblue-collarblue-collarblue-collarblue-collarblue-collarblue-collarblue-collarblue-collarblue-collarblue-collarblue-collarblue-collarblue-collarblue-collarblue-collarblue-collarblue-collarblue-collarblue-collarblue-collarblue-collarblue-collarblue-collarblue-collarblue-collarblue-collarblue-collarblue-collarblue-collarblue-collarblue-collarblue-collarblue-collarblue-collarblue-collarblue-collarblue-collarblue-collarblue-collarblue-collarblue-collarblue-collarblue-collarblue-collarblue-collarblue-collarblue-collarblue-collarblue-collarblue-collarblue-collarblue-collarblue-collarblue-collarblue-collarblue-collarblue-collarblue-collarblue-collarblue-collarblue-collarblue-collarblue-collarblue-collarblue-collarblue-collarblue-collarblue-collarblue-collarblue-collarblue-collarblue-collarblue-collarblue-collarblue-collarblue-collarblue-collarblue-collarblue-collarblue-collarblue-collarblue-collarblue-collarblue-collarblue-collarblue-collarblue-collarblue-collarblue-collarblue-collarblue-collarblue-collarblue-collarblue-collarblue-collarblue-collarblue-collarblue-collarblue-collarblue-collarblue-collarblue-collarblue-collarblue-collarblue-collarblue-collarblue-collarblue-collarblue-collarblue-collarblue-collarblue-collarblue-collarblue-collarblue-collarblue-collarblue-collarblue-collarblue-collarblue-collarblue-collarblue-collarblue-collarblue-collarblue-collarblue-collarblue-collarblue-collarblue-collarblue-collarblue-collarblue-collarblue-collarblue-collarblue-collarblue-collarblue-collarblue-collarblue-collarblue-collarblue-collarblue-collarblue-collarblue-collarblue-collarblue-collarblue-collarblue-collarblue-collarblue-collarblue-collarblue-collarblue-collarblue-collarblue-collarblue-collarblue-collarblue-collarblue-collarblue-collarblue-collarblue-collarblue-collarblue-collarblue-collarblue-collarblue-collarblue-collarblue-collarblue-collarblue-collarblue-collarblue-collarblue-collarblue-collarblue-collarblue-collarblue-collarblue-collarblue-collarblue-collarblue-collarblue-collarblue-collarblue-collarblue-collarblue-collarblue-collarblue-collarblue-collarblue-collarblue-collarblue-collarblue-collarblue-collarblue-collarblue-collarblue-collarblue-collarblue-collarblue-collarblue-collarblue-collarblue-collarblue-collarblue-collarblue-collarblue-collarblue-collarblue-collarblue-collarblue-collarblue-collarblue-collarblue-collarblue-collarblue-collarblue-collarblue-collarblue-collarblue-collarblue-collarblue-collarblue-collarblue-collarblue-collarblue-collarblue-collarblue-collarblue-collarblue-collarblue-collarblue-collarblue-collarblue-collarblue-collarblue-collarblue-collarblue-collarblue-collarblue-collarblue-collarblue-collarblue-collarblue-collarblue-collarblue-collarblue-collarblue-collarblue-collarblue-collarblue-collarblue-collarblue-collarblue-collarblue-collarblue-collarblue-collarblue-collarblue-collarblue-collarblue-collarblue-collarblue-collarblue-collarblue-collarblue-collarblue-collarblue-collarblue-collarblue-collarblue-collarblue-collarblue-collarblue-collarblue-collarblue-collarblue-collarblue-collarblue-collarblue-collarblue-collarblue-collarblue-collarblue-collarblue-collarblue-collarblue-collarblue-collarblue-collarblue-collarblue-collarblue-collarblue-collarblue-collarblue-collarblue-collarblue-collarblue-collarblue-collarblue-collarblue-collarblue-collarblue-collarblue-collarblue-collarblue-collarblue-collarblue-collarblue-collarblue-collarblue-collarblue-collarblue-collarblue-collarblue-collarblue-collarblue-collarblue-collarblue-collarblue-collarblue-collarblue-collarblue-collarblue-collarblue-collarblue-collarblue-collarblue-collarblue-collarblue-collarblue-collarblue-collarblue-collarblue-collarblue-collarblue-collarblue-collarblue-collarblue-collarblue-collarblue-collarblue-collarblue-collarblue-collarblue-collarblue-collarblue-collarblue-collarblue-collarblue-collarblue-collarblue-collarblue-collarblue-collarblue-collarblue-collarblue-collarblue-collarblue-collarblue-collarblue-collarblue-collarblue-collarblue-collarblue-collarblue-collarblue-collarblue-collarblue-collarblue-collarblue-collarblue-collarblue-collarblue-collarblue-collarblue-collarblue-collarblue-collarblue-collarblue-collarblue-collarblue-collarblue-collarblue-collarblue-collarblue-collarblue-collarblue-collarblue-collarblue-collarblue-collarblue-collarblue-collarblue-collarblue-collarblue-collarblue-collarblue-collarblue-collarblue-collarblue-collarblue-collarblue-collarblue-collarblue-collarblue-collarblue-collarblue-collarblue-collarblue-collarblue-collarblue-collarblue-collarblue-collarblue-collarblue-collarblue-collarblue-collarblue-collarblue-collarblue-collarblue-collarblue-collarblue-collarblue-collarblue-collarblue-collarblue-collarblue-collarblue-collarblue-collarblue-collarblue-collarblue-collarblue-collarblue-collarblue-collarblue-collarblue-collarblue-collarblue-collarblue-collarblue-collarblue-collarblue-collarblue-collarblue-collarblue-collarblue-collarblue-collarblue-collarblue-collarblue-collarblue-collarblue-collarblue-collarblue-collarblue-collarblue-collarblue-collarblue-collarblue-collarblue-collarblue-collarblue-collarblue-collarblue-collarblue-collarblue-collarblue-collarblue-collarblue-collarblue-collarblue-collarblue-collarblue-collarblue-collarblue-collarblue-collarblue-collarblue-collarblue-collarblue-collarblue-collarblue-collarblue-collarblue-collarblue-collarblue-collarblue-collarblue-collarblue-collarblue-collarblue-collarblue-collarblue-collarblue-collarblue-collarblue-collarblue-collarblue-collarblue-collarblue-collarblue-collarblue-collarblue-collarblue-collarblue-collarblue-collarblue-collarblue-collarblue-collarblue-collarblue-collarblue-collarblue-collarblue-collarblue-collarblue-collarblue-collarblue-collarblue-collarblue-collarblue-collarblue-collarblue-collarblue-collarblue-collarblue-collarblue-collarblue-collarblue-collarblue-collarblue-collarblue-collarblue-collarblue-collarblue-collarblue-collarblue-collarblue-collarblue-collarblue-collarblue-collarblue-collarblue-collarblue-collarblue-collarblue-collarblue-collarblue-collarblue-collarblue-collarblue-collarblue-collarblue-collarblue-collarblue-collarblue-collarblue-collarblue-collarblue-collarblue-collarblue-collarblue-collarblue-collarblue-collarblue-collarblue-collarblue-collarblue-collarblue-collarblue-collarblue-collarblue-collarblue-collarblue-collarblue-collarblue-collarblue-collarblue-collarblue-collarblue-collarblue-collarblue-collarblue-collarblue-collarblue-collarblue-collarblue-collarblue-collarblue-collarblue-collarblue-collarblue-collarblue-collarblue-collarblue-collarblue-collarblue-collarblue-collarblue-collarblue-collarblue-collarblue-collarblue-collarblue-collarblue-collarblue-collarblue-collarblue-collarblue-collarblue-collarblue-collarblue-collarblue-collarblue-collarblue-collarblue-collarblue-collarblue-collarblue-collarblue-collarblue-collarblue-collarblue-collarblue-collarblue-collarblue-collarblue-collarblue-collarblue-collarblue-collarblue-collarblue-collarblue-collarblue-collarblue-collarblue-collarblue-collarblue-collarblue-collarblue-collarblue-collarblue-collarblue-collarblue-collarblue-collarblue-collarblue-collarblue-collarblue-collarblue-collarblue-collarblue-collarblue-collarblue-collarblue-collarblue-collarblue-collarblue-collarblue-collarblue-collarblue-collarblue-collarblue-collarblue-collarblue-collarblue-collarblue-collarblue-collarblue-collarblue-collarblue-collarblue-collarblue-collarblue-collarblue-collarblue-collarblue-collarblue-collarblue-collarblue-collarblue-collarblue-collarblue-collarblue-collarblue-collarblue-collarblue-collarblue-collarblue-collarblue-collarblue-collarblue-collarblue-collarblue-collarblue-collarblue-collarblue-collarblue-collarblue-collarblue-collarblue-collarblue-collarblue-collarblue-collarblue-collarblue-collarblue-collarblue-collarblue-collarblue-collarblue-collarblue-collarblue-collarblue-collarblue-collarblue-collarblue-collarblue-collarblue-collarblue-collarblue-collarblue-collarblue-collarblue-collarblue-collarblue-collarblue-collarblue-collarblue-collarblue-collarblue-collarblue-collarblue-collarblue-collarblue-collarblue-collarblue-collarblue-collarblue-collarblue-collarblue-collarblue-collarblue-collarblue-collarblue-collarblue-collarblue-collarblue-collarblue-collarblue-collarblue-collarblue-collarblue-collarblue-collarblue-collarblue-collarblue-collarblue-collarblue-collarblue-collarblue-collarblue-collarblue-collarblue-collarblue-collarblue-collarblue-collarblue-collarblue-collarblue-collarblue-collarblue-collarblue-collarblue-collarblue-collarblue-collarblue-collarblue-collarblue-collarblue-collarblue-collarblue-collarblue-collarblue-collarblue-collarblue-collarblue-collarblue-collarblue-collarblue-collarblue-collarblue-collarblue-collarblue-collarblue-collarblue-collarblue-collarblue-collarblue-collarblue-collarblue-collarblue-collarblue-collarblue-collarblue-collarblue-collarblue-collarblue-collarblue-collarblue-collarblue-collarblue-collarblue-collarblue-collarblue-collarblue-collarblue-collarblue-collarblue-collarblue-collarblue-collarblue-collarblue-collarblue-collarblue-collarblue-collarblue-collarblue-collarblue-collarblue-collarblue-collarblue-collarblue-collarblue-collarblue-collarblue-collarblue-collarblue-collarblue-collarblue-collarblue-collarblue-collarblue-collarblue-collarblue-collarblue-collarblue-collarblue-collarblue-collarblue-collarblue-collarblue-collarblue-collarblue-collarblue-collarblue-collarblue-collarblue-collarblue-collarblue-collarblue-collarblue-collarblue-collarblue-collarblue-collarblue-collarblue-collarblue-collarblue-collarblue-collarblue-collarblue-collarblue-collarblue-collarblue-collarblue-collarblue-collarblue-collarblue-collarblue-collarblue-collarblue-collarblue-collarblue-collarblue-collarblue-collarblue-collarblue-collarblue-collarblue-collarblue-collarblue-collarblue-collarblue-collarblue-collarblue-collarblue-collarblue-collarblue-collarblue-collarblue-collarblue-collarblue-collarblue-collarblue-collarblue-collarblue-collarblue-collarblue-collarblue-collarblue-collarblue-collarblue-collarblue-collarblue-collarblue-collarblue-collarblue-collarblue-collarblue-collarblue-collarblue-collarblue-collarblue-collarblue-collarblue-collarblue-collarblue-collarblue-collarblue-collarblue-collarblue-collarblue-collarblue-collarblue-collarblue-collarblue-collarblue-collarblue-collarblue-collarblue-collarblue-collarblue-collarblue-collarblue-collarblue-collarblue-collarblue-collarblue-collarblue-collarblue-collarblue-collarblue-collarblue-collarblue-collarblue-collarblue-collarblue-collarblue-collarblue-collarblue-collarblue-collarblue-collarblue-collarblue-collarblue-collarblue-collarblue-collarblue-collarblue-collarblue-collarblue-collarblue-collarblue-collarblue-collarblue-collarblue-collarblue-collarblue-collarblue-collarblue-collarblue-collarblue-collarblue-collarblue-collarblue-collarblue-collarblue-collarblue-collarblue-collarblue-collarblue-collarblue-collarblue-collarblue-collarblue-collarblue-collarblue-collarblue-collarblue-collarblue-collarblue-collarblue-collarblue-collarblue-collarblue-collarblue-collarblue-collarblue-collarblue-collarblue-collarblue-collarblue-collarblue-collarblue-collarblue-collarblue-collarblue-collarblue-collarblue-collarblue-collarblue-collarblue-collarblue-collarblue-collarblue-collarblue-collarblue-collarblue-collarblue-collarblue-collarblue-collarblue-collarblue-collarblue-collarblue-collarblue-collarblue-collarblue-collarblue-collarblue-collarblue-collarblue-collarblue-collarblue-collarblue-collarblue-collarblue-collarblue-collarblue-collarblue-collarblue-collarblue-collarblue-collarblue-collarblue-collarblue-collarblue-collarblue-collarblue-collarblue-collarblue-collarblue-collarblue-collarblue-collarblue-collarblue-collarblue-collarblue-collarblue-collarblue-collarblue-collarblue-collarblue-collarblue-collarblue-collarblue-collarblue-collarblue-collarblue-collarblue-collarblue-collarblue-collarblue-collarblue-collarblue-collarblue-collarblue-collarblue-collarblue-collarblue-collarblue-collarblue-collarblue-collarblue-collarblue-collarblue-collarblue-collarblue-collarblue-collarblue-collarblue-collarblue-collarblue-collarblue-collarblue-collarblue-collarblue-collarblue-collarblue-collarblue-collarblue-collarblue-collarblue-collarblue-collarblue-collarblue-collarblue-collarblue-collarblue-collarblue-collarblue-collarblue-collarblue-collarblue-collarblue-collarblue-collarblue-collarblue-collarblue-collarblue-collarblue-collarblue-collarblue-collarblue-collarblue-collarblue-collarblue-collarblue-collarblue-collarblue-collarblue-collarblue-collarblue-collarblue-collarblue-collarblue-collarblue-collarblue-collarblue-collarblue-collarblue-collarblue-collarblue-collarblue-collarblue-collarblue-collarblue-collarblue-collarblue-collarblue-collarblue-collarblue-collarblue-collarblue-collarblue-collarblue-collarblue-collarblue-collarblue-collarblue-collarblue-collarblue-collarblue-collarblue-collarblue-collarblue-collarblue-collarblue-collarblue-collarblue-collarblue-collarblue-collarblue-collarblue-collarblue-collarblue-collarblue-collarblue-collarblue-collarblue-collarblue-collarblue-collarblue-collarblue-collarblue-collarblue-collarblue-collarblue-collarblue-collarblue-collarblue-collarblue-collarblue-collarblue-collarblue-collarblue-collarblue-collarblue-collarblue-collarblue-collarblue-collarblue-collarblue-collarblue-collarblue-collarblue-collarblue-collarblue-collarblue-collarblue-collarblue-collarblue-collarblue-collarblue-collarblue-collarblue-collarblue-collarblue-collarblue-collarblue-collarblue-collarblue-collarblue-collarblue-collarblue-collarblue-collarblue-collarblue-collarblue-collarblue-collarblue-collarblue-collarblue-collarblue-collarblue-collarblue-collarblue-collarblue-collarblue-collarblue-collarblue-collarblue-collarblue-collarblue-collarblue-collarblue-collarblue-collarblue-collarblue-collarblue-collarblue-collarblue-collarblue-collarblue-collarblue-collarblue-collarblue-collarblue-collarblue-collarblue-collarblue-collarblue-collarblue-collarblue-collarblue-collarblue-collarblue-collarblue-collarblue-collarblue-collarblue-collarblue-collarblue-collarblue-collarblue-collarblue-collarblue-collarblue-collarblue-collarblue-collarblue-collarblue-collarblue-collarblue-collarblue-collarblue-collarblue-collarblue-collarblue-collarblue-collarblue-collarblue-collarblue-collarblue-collarblue-collarblue-collarblue-collarblue-collarblue-collarblue-collarblue-collarblue-collarblue-collarblue-collarblue-collarblue-collarblue-collarblue-collarblue-collarblue-collarblue-collarblue-collarblue-collarblue-collarblue-collarblue-collarblue-collarblue-collarblue-collarblue-collarblue-collarblue-collarblue-collarblue-collarblue-collarblue-collarblue-collarblue-collarblue-collarblue-collarblue-collarblue-collarblue-collarblue-collarblue-collarblue-collarblue-collarblue-collarblue-collarblue-collarblue-collarblue-collarblue-collarblue-collarblue-collarblue-collarblue-collarblue-collarblue-collarblue-collarblue-collarblue-collarblue-collarblue-collarblue-collarblue-collarblue-collarblue-collarblue-collarblue-collarblue-collarblue-collarblue-collarblue-collarblue-collarblue-collarblue-collarblue-collarblue-collarblue-collarblue-collarblue-collarblue-collarblue-collarblue-collarblue-collarblue-collarblue-collarblue-collarblue-collarblue-collarblue-collarblue-collarblue-collarblue-collarblue-collarblue-collarblue-collarblue-collarblue-collarblue-collarblue-collarblue-collarblue-collarblue-collarblue-collarblue-collarblue-collarblue-collarblue-collarblue-collarblue-collarblue-collarblue-collarblue-collarblue-collarblue-collarblue-collarblue-collarblue-collarblue-collarblue-collarblue-collarblue-collarblue-collarblue-collarblue-collarblue-collarblue-collarblue-collarblue-collarblue-collarblue-collarblue-collarblue-collarblue-collarblue-collarblue-collarblue-collarblue-collarblue-collarblue-collarblue-collarblue-collarblue-collarblue-collarblue-collarblue-collarblue-collarblue-collarblue-collarblue-collarblue-collarblue-collarblue-collarblue-collarblue-collarblue-collarblue-collarblue-collarblue-collarblue-collarblue-collarblue-collarblue-collarblue-collarblue-collarblue-collarblue-collarblue-collarblue-collarblue-collarblue-collarblue-collarblue-collarblue-collarblue-collarblue-collarblue-collarblue-collarblue-collarblue-collarblue-collarblue-collarblue-collarblue-collarblue-collarblue-collarblue-collarblue-collarblue-collarblue-collarblue-collarblue-collarblue-collarblue-collarblue-collarblue-collarblue-collarblue-collarblue-collarblue-collarblue-collarblue-collarblue-collarblue-collarblue-collarblue-collarblue-collarblue-collarblue-collarblue-collarblue-collarblue-collarblue-collarblue-collarblue-collarblue-collarblue-collarblue-collarblue-collarblue-collarblue-collarblue-collarblue-collarblue-collarblue-collarblue-collarblue-collarblue-collarblue-collarblue-collarblue-collarblue-collarblue-collarblue-collarblue-collarblue-collarblue-collarblue-collarblue-collarblue-collarblue-collarblue-collarblue-collarblue-collarblue-collarblue-collarblue-collarblue-collarblue-collarblue-collarblue-collarblue-collarblue-collarblue-collarblue-collarblue-collarblue-collarblue-collarblue-collarblue-collarblue-collarblue-collarblue-collarblue-collarblue-collarblue-collarblue-collarblue-collarblue-collarblue-collarblue-collarblue-collarblue-collarblue-collarblue-collarblue-collarblue-collarblue-collarblue-collarblue-collarblue-collarblue-collarblue-collarblue-collarblue-collarblue-collarblue-collarblue-collarblue-collarblue-collarblue-collarblue-collarblue-collarblue-collarblue-collarblue-collarblue-collarblue-collarblue-collarblue-collarblue-collarblue-collarblue-collarblue-collarblue-collarblue-collarblue-collarblue-collarblue-collarblue-collarblue-collarblue-collarblue-collarblue-collarblue-collarblue-collarblue-collarblue-collarblue-collarblue-collarblue-collarblue-collarblue-collarblue-collarblue-collarblue-collarblue-collarblue-collarblue-collarblue-collarblue-collarblue-collarblue-collarblue-collarblue-collarblue-collarblue-collarblue-collarblue-collarblue-collarblue-collarblue-collarblue-collarblue-collarblue-collarblue-collarblue-collarblue-collarblue-collarblue-collarblue-collarblue-collarblue-collarblue-collarblue-collarblue-collarblue-collarblue-collarblue-collarblue-collarblue-collarblue-collarblue-collarblue-collarblue-collarblue-collarblue-collarblue-collarblue-collarblue-collarblue-collarblue-collarblue-collarblue-collarblue-collarblue-collarblue-collarblue-collarblue-collarblue-collarblue-collarblue-collarblue-collarblue-collarblue-collarblue-collarblue-collarblue-collarblue-collarblue-collarblue-collarblue-collarblue-collarblue-collarblue-collarblue-collarblue-collarblue-collarblue-collarblue-collarblue-collarblue-collarblue-collarblue-collarblue-collarblue-collarblue-collarblue-collarblue-collarblue-collarblue-collarblue-collarblue-collarblue-collarblue-collarblue-collarblue-collarblue-collarblue-collarblue-collarblue-collarblue-collarblue-collarblue-collarblue-collarblue-collarblue-collarblue-collarblue-collarblue-collarblue-collarblue-collarblue-collarblue-collarblue-collarblue-collarblue-collarblue-collarblue-collarblue-collarblue-collarblue-collarblue-collarblue-collarblue-collarblue-collarblue-collarblue-collarblue-collarblue-collarblue-collarblue-collarblue-collarblue-collarblue-collarblue-collarblue-collarblue-collarblue-collarblue-collarblue-collarblue-collarblue-collarblue-collarblue-collarblue-collarblue-collarblue-collarblue-collarblue-collarblue-collarblue-collarblue-collarblue-collarblue-collarblue-collarblue-collarblue-collarblue-collarblue-collarblue-collarblue-collarblue-collarblue-collarblue-collarblue-collarblue-collarblue-collarblue-collarblue-collarblue-collarblue-collarblue-collarblue-collarblue-collarblue-collarblue-collarblue-collarblue-collarblue-collarblue-collarblue-collarblue-collarblue-collarblue-collarblue-collarblue-collarblue-collarblue-collarblue-collarblue-collarblue-collarblue-collarblue-collarblue-collarblue-collarblue-collarblue-collarblue-collarblue-collarblue-collarblue-collarblue-collarblue-collarblue-collarblue-collarblue-collarblue-collarblue-collarblue-collarblue-collarblue-collarblue-collarblue-collarblue-collarblue-collarblue-collarblue-collarblue-collarblue-collarblue-collarblue-collarblue-collarblue-collarblue-collarblue-collarblue-collarblue-collarblue-collarblue-collarblue-collarblue-collarblue-collarblue-collarblue-collarblue-collarblue-collarblue-collarblue-collarblue-collarblue-collarblue-collarblue-collarblue-collarblue-collarblue-collarblue-collarblue-collarblue-collarblue-collarblue-collarblue-collarblue-collarblue-collarblue-collarblue-collarblue-collarblue-collarblue-collarblue-collarblue-collarblue-collarblue-collarblue-collarblue-collarblue-collarblue-collarblue-collarblue-collarblue-collarblue-collarblue-collarblue-collarblue-collarblue-collarblue-collarblue-collarblue-collarblue-collarblue-collarblue-collarblue-collarblue-collarblue-collarblue-collarblue-collarblue-collarblue-collarblue-collarblue-collarblue-collarblue-collarblue-collarblue-collarblue-collarblue-collarblue-collarblue-collarblue-collarblue-collarblue-collarblue-collarblue-collarblue-collarblue-collarblue-collarblue-collarblue-collarblue-collarblue-collarblue-collarblue-collarblue-collarblue-collarblue-collarblue-collarblue-collarblue-collarblue-collarblue-collarblue-collarblue-collarblue-collarblue-collarblue-collarblue-collarblue-collarblue-collarblue-collarblue-collarblue-collarblue-collarblue-collarblue-collarblue-collarblue-collarblue-collarblue-collarblue-collarblue-collarblue-collarblue-collarblue-collarblue-collarblue-collarblue-collarblue-collarblue-collarblue-collarblue-collarblue-collarblue-collarblue-collarblue-collarblue-collarblue-collarblue-collarblue-collarblue-collarblue-collarblue-collarblue-collarblue-collarblue-collarblue-collarblue-collarblue-collarblue-collarblue-collarblue-collarblue-collarblue-collarblue-collarblue-collarblue-collarblue-collarblue-collarblue-collarblue-collarblue-collarblue-collarblue-collarblue-collarblue-collarblue-collarblue-collarblue-collarblue-collarblue-collarblue-collarblue-collarblue-collarblue-collarblue-collarblue-collarblue-collarblue-collarblue-collarblue-collarblue-collarblue-collarblue-collarblue-collarblue-collarblue-collarblue-collarblue-collarblue-collarblue-collarblue-collarblue-collarblue-collarblue-collarblue-collarblue-collarblue-collarblue-collarblue-collarblue-collarblue-collarblue-collarblue-collarblue-collarblue-collarblue-collarblue-collarblue-collarblue-collarblue-collarblue-collarblue-collarblue-collarblue-collarblue-collarblue-collarblue-collarblue-collarblue-collarblue-collarblue-collarblue-collarblue-collarblue-collarblue-collarblue-collarblue-collarblue-collarblue-collarblue-collarblue-collarblue-collarblue-collarblue-collarblue-collarblue-collarblue-collarblue-collarblue-collarblue-collarblue-collarblue-collarblue-collarblue-collarblue-collarblue-collarblue-collarblue-collarblue-collarblue-collarblue-collarblue-collarblue-collarblue-collarblue-collarblue-collarblue-collarblue-collarblue-collarblue-collarblue-collarblue-collarblue-collarblue-collarblue-collarblue-collarblue-collarblue-collarblue-collarblue-collarblue-collarblue-collarblue-collarblue-collarblue-collarblue-collarblue-collarblue-collarblue-collarblue-collarblue-collarblue-collarblue-collarblue-collarblue-collarblue-collarblue-collarblue-collarblue-collarblue-collarblue-collarblue-collarblue-collarblue-collarblue-collarblue-collarblue-collarblue-collarblue-collarblue-collarblue-collarblue-collarblue-collarblue-collarblue-collarblue-collarblue-collarblue-collarblue-collarblue-collarblue-collarblue-collarblue-collarblue-collarblue-collarblue-collarblue-collarblue-collarblue-collarblue-collarblue-collarblue-collarblue-collarblue-collarblue-collarblue-collarblue-collarblue-collarblue-collarblue-collarblue-collarblue-collarblue-collarblue-collarblue-collarblue-collarblue-collarblue-collarblue-collarblue-collarblue-collarblue-collarblue-collarblue-collarblue-collarblue-collarblue-collarblue-collarblue-collarblue-collarblue-collarblue-collarblue-collarblue-collarblue-collarblue-collarblue-collarblue-collarblue-collarblue-collarblue-collarblue-collarblue-collarblue-collarblue-collarblue-collarblue-collarblue-collarblue-collarblue-collarblue-collarblue-collarblue-collarblue-collarblue-collarblue-collarblue-collarblue-collarblue-collarblue-collarblue-collarblue-collarblue-collarblue-collarblue-collarblue-collarblue-collarblue-collarblue-collarblue-collarblue-collarblue-collarblue-collarblue-collarblue-collarblue-collarblue-collarblue-collarblue-collarblue-collarblue-collarblue-collarblue-collarblue-collarblue-collarblue-collarblue-collarblue-collarblue-collarblue-collarblue-collarblue-collarblue-collarblue-collarblue-collarblue-collarblue-collarblue-collarblue-collarblue-collarblue-collarblue-collarblue-collarblue-collarblue-collarblue-collarblue-collarblue-collarblue-collarblue-collarblue-collarblue-collarblue-collarblue-collarblue-collarblue-collarblue-collarblue-collarblue-collarblue-collarblue-collarblue-collarblue-collarblue-collarblue-collarblue-collarblue-collarblue-collarblue-collarblue-collarblue-collarblue-collarblue-collarblue-collarblue-collarblue-collarblue-collarblue-collarblue-collarblue-collarblue-collarblue-collarblue-collarblue-collarblue-collarblue-collarblue-collarblue-collarblue-collarblue-collarblue-collarblue-collarblue-collarblue-collarblue-collarblue-collarblue-collarblue-collarblue-collarblue-collarblue-collarblue-collarblue-collarblue-collarblue-collarblue-collarblue-collarblue-collarblue-collarblue-collarblue-collarblue-collarblue-collarblue-collarblue-collarblue-collarblue-collarblue-collarblue-collarblue-collarblue-collarblue-collarblue-collarblue-collarblue-collarblue-collarblue-collarblue-collarblue-collarblue-collarblue-collarblue-collarblue-collarblue-collarblue-collarblue-collarblue-collarblue-collarblue-collarblue-collarblue-collarblue-collarblue-collarblue-collarblue-collarblue-collarblue-collarblue-collarblue-collarblue-collarblue-collarblue-collarblue-collarblue-collarblue-collarblue-collarblue-collarblue-collarblue-collarblue-collarblue-collarblue-collarblue-collarblue-collarblue-collarblue-collarblue-collarblue-collarblue-collarblue-collarblue-collarblue-collarblue-collarblue-collarblue-collarblue-collarblue-collarblue-collarblue-collarblue-collarblue-collarblue-collarblue-collarblue-collarblue-collarblue-collarblue-collarblue-collarblue-collarblue-collarblue-collarblue-collarblue-collarblue-collarblue-collarblue-collarblue-collarblue-collarblue-collarblue-collarblue-collarblue-collarblue-collarblue-collarblue-collarblue-collarblue-collarblue-collarblue-collarblue-collarblue-collarblue-collarblue-collarblue-collarblue-collarblue-collarblue-collarblue-collarblue-collarblue-collarblue-collarblue-collarblue-collarblue-collarblue-collarblue-collarblue-collarblue-collarblue-collarblue-collarblue-collarblue-collarblue-collarblue-collarblue-collarblue-collarblue-collarblue-collarblue-collarblue-collarblue-collarblue-collarblue-collarblue-collarblue-collarblue-collarblue-collarblue-collarblue-collarblue-collarblue-collarblue-collarblue-collarblue-collarblue-collarblue-collarblue-collarblue-collarblue-collarblue-collarblue-collarblue-collarblue-collarblue-collarblue-collarblue-collarblue-collarblue-collarblue-collarblue-collarblue-collarblue-collarblue-collarblue-collarblue-collarblue-collarblue-collarblue-collarblue-collarblue-collarblue-collarblue-collarblue-collarblue-collarblue-collarblue-collarblue-collarblue-collarblue-collarblue-collarblue-collarblue-collarblue-collarblue-collarblue-collarblue-collarblue-collarblue-collarblue-collarblue-collarblue-collarblue-collarblue-collarblue-collarblue-collarblue-collarblue-collarblue-collarblue-collarblue-collarblue-collarblue-collarblue-collarblue-collarblue-collarblue-collarblue-collarblue-collarblue-collarblue-collarblue-collarblue-collarblue-collarblue-collarblue-collarblue-collarblue-collarblue-collarblue-collarblue-collarblue-collarblue-collarblue-collarblue-collarblue-collarblue-collarblue-collarblue-collarblue-collarblue-collarblue-collarblue-collarblue-collarblue-collarblue-collarblue-collarblue-collarblue-collarblue-collarblue-collarblue-collarblue-collarblue-collarblue-collarblue-collarblue-collarblue-collarblue-collarblue-collarblue-collarblue-collarblue-collarblue-collarblue-collarblue-collarblue-collarblue-collarblue-collarblue-collarblue-collarblue-collarblue-collarblue-collarblue-collarblue-collarblue-collarblue-collarblue-collarblue-collarblue-collarblue-collarblue-collarblue-collarblue-collarblue-collarblue-collarblue-collarblue-collarblue-collarblue-collarblue-collarblue-collarblue-collarblue-collarblue-collarblue-collarblue-collarblue-collarblue-collarblue-collarblue-collarblue-collarblue-collarblue-collarblue-collarblue-collarblue-collarblue-collarblue-collarblue-collarblue-collarblue-collarblue-collarblue-collarblue-collarblue-collarblue-collarblue-collarblue-collarblue-collarblue-collarblue-collarblue-collarblue-collarblue-collarblue-collarblue-collarblue-collarblue-collarblue-collarblue-collarblue-collarblue-collarblue-collarblue-collarblue-collarblue-collarblue-collarblue-collarblue-collarblue-collarblue-collarblue-collarblue-collarblue-collarblue-collarblue-collarblue-collarblue-collarblue-collarblue-collarblue-collarblue-collarblue-collarblue-collarblue-collarblue-collarblue-collarblue-collarblue-collarblue-collarblue-collarblue-collarblue-collarblue-collarblue-collarblue-collarblue-collarblue-collarblue-collarblue-collarblue-collarblue-collarblue-collarblue-collarblue-collarblue-collarblue-collarblue-collarblue-collarblue-collarblue-collarblue-collarblue-collarblue-collarblue-collarblue-collarblue-collarblue-collarblue-collarblue-collarblue-collarblue-collarblue-collarblue-collarblue-collarblue-collarblue-collarblue-collarblue-collarblue-collarblue-collarblue-collarblue-collarblue-collarblue-collarblue-collarblue-collarblue-collarblue-collarblue-collarblue-collarblue-collarblue-collarblue-collarblue-collarblue-collarblue-collarblue-collarblue-collarblue-collarblue-collarblue-collarblue-collarblue-collarblue-collarblue-collarblue-collarblue-collarblue-collarblue-collarblue-collarblue-collarblue-collarblue-collarblue-collarblue-collarblue-collarblue-collarblue-collarblue-collarblue-collarblue-collarblue-collarblue-collarblue-collarblue-collarblue-collarblue-collarblue-collarblue-collarblue-collarblue-collarblue-collarblue-collarblue-collarblue-collarblue-collarblue-collarblue-collarblue-collarblue-collarblue-collarblue-collarblue-collarblue-collarblue-collarblue-collarblue-collarblue-collarblue-collarblue-collarblue-collarblue-collarblue-collarblue-collarblue-collarblue-collarblue-collarblue-collarblue-collarblue-collarblue-collarblue-collarblue-collarblue-collarblue-collarblue-collarblue-collarblue-collarblue-collarblue-collarblue-collarblue-collarblue-collarblue-collarblue-collarblue-collarblue-collarblue-collarblue-collarblue-collarblue-collarblue-collarblue-collarblue-collarblue-collarblue-collarblue-collarblue-collarblue-collarblue-collarblue-collarblue-collarblue-collarblue-collarblue-collarblue-collarblue-collarblue-collarblue-collarblue-collarblue-collarblue-collarblue-collarblue-collarblue-collarblue-collarblue-collarblue-collarblue-collarblue-collarblue-collarblue-collarblue-collarblue-collarblue-collarblue-collarblue-collarblue-collarblue-collarblue-collarblue-collarblue-collarblue-collarblue-collarblue-collarblue-collarblue-collarblue-collarblue-collarblue-collarblue-collarblue-collarblue-collarblue-collarblue-collarblue-collarblue-collarblue-collarblue-collarblue-collarblue-collarblue-collarblue-collarblue-collarblue-collarblue-collarblue-collarblue-collarblue-collarblue-collarblue-collarblue-collarblue-collarblue-collarblue-collarblue-collarblue-collarblue-collarblue-collarblue-collarblue-collarblue-collarblue-collarblue-collarblue-collarblue-collarblue-collarblue-collarblue-collarblue-collarblue-collarblue-collarblue-collarblue-collarblue-collarblue-collarblue-collarblue-collarblue-collarblue-collarblue-collarblue-collarblue-collarblue-collarblue-collarblue-collarblue-collarblue-collarblue-collarblue-collarblue-collarblue-collarblue-collarblue-collarblue-collarblue-collarblue-collarblue-collarblue-collarblue-collarblue-collarblue-collarblue-collarblue-collarblue-collarblue-collarblue-collarblue-collarblue-collarblue-collarblue-collarblue-collarblue-collarblue-collarblue-collarblue-collarblue-collarblue-collarblue-collarblue-collarblue-collarblue-collarblue-collarblue-collarblue-collarblue-collarblue-collarblue-collarblue-collarblue-collarblue-collarblue-collarblue-collarblue-collarblue-collarblue-collarblue-collarblue-collarblue-collarblue-collarblue-collarblue-collarblue-collarblue-collarblue-collarblue-collarblue-collarblue-collarblue-collarblue-collarblue-collarblue-collarblue-collarblue-collarblue-collarblue-collarblue-collarblue-collarblue-collarblue-collarblue-collarblue-collarblue-collarblue-collarblue-collarblue-collarblue-collarblue-collarblue-collarblue-collarblue-collarblue-collarblue-collarblue-collarblue-collarblue-collarblue-collarblue-collarblue-collarblue-collarblue-collarblue-collarblue-collarblue-collarblue-collarblue-collarblue-collarblue-collarblue-collarblue-collarblue-collarblue-collarblue-collarblue-collarblue-collarblue-collarblue-collarblue-collarblue-collarblue-collarblue-collarblue-collarblue-collarblue-collarblue-collarblue-collarblue-collarblue-collarblue-collarblue-collarblue-collarblue-collarblue-collarblue-collarblue-collarblue-collarblue-collarblue-collarblue-collarblue-collarblue-collarblue-collarblue-collarblue-collarblue-collarblue-collarblue-collarblue-collarblue-collarblue-collarblue-collarblue-collarblue-collarblue-collarblue-collarblue-collarblue-collarblue-collarblue-collarblue-collarblue-collarblue-collarblue-collarblue-collarblue-collarblue-collarblue-collarblue-collarblue-collarblue-collarblue-collarblue-collarblue-collarblue-collarblue-collarblue-collarblue-collarblue-collarblue-collarblue-collarblue-collarblue-collarblue-collarblue-collarblue-collarblue-collarblue-collarblue-collarblue-collarblue-collarblue-collarblue-collarblue-collarblue-collarblue-collarblue-collarblue-collarblue-collarblue-collarblue-collarblue-collarblue-collarblue-collarblue-collarblue-collarblue-collarblue-collarblue-collarblue-collarblue-collarblue-collarblue-collarblue-collarblue-collarblue-collarblue-collarblue-collarblue-collarblue-collarblue-collarblue-collarblue-collarblue-collarblue-collarblue-collarblue-collarblue-collarblue-collarblue-collarblue-collarblue-collarblue-collarblue-collarblue-collarblue-collarblue-collarblue-collarblue-collarblue-collarblue-collarblue-collarblue-collarblue-collarblue-collarblue-collarblue-collarblue-collarblue-collarblue-collarblue-collarblue-collarblue-collarblue-collarblue-collarblue-collarblue-collarblue-collarblue-collarblue-collarblue-collarblue-collarblue-collarblue-collarblue-collarblue-collarblue-collarblue-collarblue-collarblue-collarblue-collarblue-collarblue-collarblue-collarblue-collarblue-collarblue-collarblue-collarblue-collarblue-collarblue-collarblue-collarblue-collarblue-collarblue-collarblue-collarblue-collarblue-collarblue-collarblue-collarblue-collarblue-collarblue-collarblue-collarblue-collarblue-collarblue-collarblue-collarblue-collarblue-collarblue-collarblue-collarblue-collarblue-collarblue-collarblue-collarblue-collarblue-collarblue-collarblue-collarblue-collarblue-collarblue-collarblue-collarblue-collarblue-collarblue-collarblue-collarblue-collarblue-collarblue-collarblue-collarblue-collarblue-collarblue-collarblue-collarblue-collarblue-collarblue-collarblue-collarblue-collarblue-collarblue-collarblue-collarblue-collarblue-collarblue-collarblue-collarblue-collarblue-collarblue-collarblue-collarblue-collarblue-collarblue-collarblue-collarblue-collarblue-collarblue-collarblue-collarblue-collarblue-collarblue-collarblue-collarblue-collarblue-collarblue-collarblue-collarblue-collarblue-collarblue-collarblue-collarblue-collarblue-collarblue-collarblue-collarblue-collarblue-collarblue-collarblue-collarblue-collarblue-collarblue-collarblue-collarblue-collarblue-collarblue-collarblue-collarblue-collarblue-collarblue-collarblue-collarblue-collarblue-collarblue-collarblue-collarblue-collarblue-collarblue-collarblue-collarblue-collarblue-collarblue-collarblue-collarblue-collarblue-collarblue-collarblue-collarblue-collarblue-collarblue-collarblue-collarblue-collarblue-collarblue-collarblue-collarblue-collarblue-collarblue-collarblue-collarblue-collarblue-collarblue-collarblue-collarblue-collarblue-collarblue-collarblue-collarblue-collarblue-collarblue-collarblue-collarblue-collarblue-collarblue-collarblue-collarblue-collarblue-collarblue-collarblue-collarblue-collarblue-collarblue-collarblue-collarblue-collarblue-collarblue-collarblue-collarblue-collarblue-collarblue-collarblue-collarblue-collarblue-collarblue-collarblue-collarblue-collarblue-collarblue-collarblue-collarblue-collarblue-collarblue-collarblue-collarblue-collarblue-collarblue-collarblue-collarblue-collarblue-collarblue-collarblue-collarblue-collarblue-collarblue-collarblue-collarblue-collarblue-collarblue-collarblue-collarblue-collarblue-collarblue-collarblue-collarblue-collarblue-collarblue-collarblue-collarblue-collarblue-collarblue-collarblue-collarblue-collarblue-collarblue-collarblue-collarblue-collarblue-collarblue-collarblue-collarblue-collarblue-collarblue-collarblue-collarblue-collarblue-collarblue-collarblue-collarblue-collarblue-collarblue-collarblue-collarblue-collarblue-collarblue-collarblue-collarblue-collarblue-collarblue-collarblue-collarblue-collarblue-collarblue-collarblue-collarblue-collarblue-collarblue-collarblue-collarblue-collarblue-collarblue-collarblue-collarblue-collarblue-collarblue-collarblue-collarblue-collarblue-collarblue-collarblue-collarblue-collarblue-collarblue-collarblue-collarblue-collarblue-collarblue-collarblue-collarblue-collarblue-collarblue-collarblue-collarblue-collarblue-collarblue-collarblue-collarblue-collarblue-collarblue-collarblue-collarblue-collarblue-collarblue-collarblue-collarblue-collarblue-collarblue-collarblue-collarblue-collarblue-collarblue-collarblue-collarblue-collarblue-collarblue-collarblue-collarblue-collarblue-collarblue-collarblue-collarblue-collarblue-collarblue-collarblue-collarblue-collarblue-collarblue-collarblue-collarblue-collarblue-collarblue-collarblue-collarblue-collarblue-collarblue-collarblue-collarblue-collarblue-collarblue-collarblue-collarblue-collarblue-collarblue-collarblue-collarblue-collarblue-collarblue-collarblue-collarblue-collarblue-collarblue-collarblue-collarblue-collarblue-collarblue-collarblue-collarblue-collarblue-collarblue-collarblue-collarblue-collarblue-collarblue-collarblue-collarblue-collarblue-collarblue-collarblue-collarblue-collarblue-collarblue-collarblue-collarblue-collarblue-collarblue-collarblue-collarblue-collarblue-collarblue-collarblue-collarblue-collarblue-collarblue-collarblue-collarblue-collarblue-collarblue-collarblue-collarblue-collarblue-collarblue-collarblue-collarblue-collarblue-collarblue-collarblue-collarblue-collarblue-collarblue-collarblue-collarblue-collarblue-collarblue-collarblue-collarblue-collarblue-collarblue-collarblue-collarblue-collarblue-collarblue-collarblue-collarblue-collarblue-collarblue-collarblue-collarblue-collarblue-collarblue-collarblue-collarblue-collarblue-collarblue-collarblue-collarblue-collarblue-collarblue-collarblue-collarblue-collarblue-collarblue-collarblue-collarblue-collarblue-collarblue-collarblue-collarblue-collarblue-collarblue-collarblue-collarblue-collarblue-collarblue-collarblue-collarblue-collarblue-collarblue-collarblue-collarblue-collarblue-collarblue-collarblue-collarblue-collarblue-collarblue-collarblue-collarblue-collarblue-collarblue-collarblue-collarblue-collarblue-collarblue-collarblue-collarblue-collarblue-collarblue-collarblue-collarblue-collarblue-collarblue-collarblue-collarblue-collarblue-collarblue-collarblue-collarblue-collarblue-collarblue-collarblue-collarblue-collarblue-collarblue-collarblue-collarblue-collarblue-collarblue-collarblue-collarblue-collarblue-collarblue-collarblue-collarblue-collarblue-collarblue-collarblue-collarblue-collarblue-collarblue-collarblue-collarblue-collarblue-collarblue-collarblue-collarblue-collarblue-collarblue-collarblue-collarblue-collarblue-collarblue-collarblue-collarblue-collarblue-collarblue-collarblue-collarblue-collarblue-collarblue-collarblue-collarblue-collarblue-collarblue-collarblue-collarblue-collarblue-collarblue-collarblue-collarblue-collarblue-collarblue-collarblue-collarblue-collarblue-collarblue-collarblue-collarblue-collarblue-collarblue-collarblue-collarblue-collarblue-collarblue-collarblue-collarblue-collarblue-collarblue-collarblue-collarblue-collarblue-collarblue-collarblue-collarblue-collarblue-collarblue-collarblue-collarblue-collarblue-collarblue-collarblue-collarblue-collarblue-collarblue-collarblue-collarblue-collarblue-collarblue-collarblue-collarblue-collarblue-collarblue-collarblue-collarblue-collarblue-collarblue-collarblue-collarblue-collarblue-collarblue-collarblue-collarblue-collarblue-collarblue-collarblue-collarblue-collarblue-collarblue-collarblue-collarblue-collarblue-collarblue-collarblue-collarblue-collarblue-collarblue-collarblue-collarblue-collarblue-collarblue-collarblue-collarblue-collarblue-collarblue-collarblue-collarblue-collarblue-collarblue-collarblue-collarblue-collarblue-collarblue-collarblue-collarblue-collarblue-collarblue-collarblue-collarblue-collarblue-collarblue-collarblue-collarblue-collarblue-collarblue-collarblue-collarblue-collarblue-collarblue-collarblue-collarblue-collarblue-collarblue-collarblue-collarblue-collarblue-collarblue-collarblue-collarblue-collarblue-collarblue-collarblue-collarblue-collarblue-collarblue-collarblue-collarblue-collarblue-collarblue-collarblue-collarblue-collarblue-collarblue-collarblue-collarblue-collarblue-collarblue-collarblue-collarblue-collarblue-collarblue-collarblue-collarblue-collarblue-collarblue-collarblue-collarblue-collarblue-collarblue-collarblue-collarblue-collarblue-collarblue-collarblue-collarblue-collarblue-collarblue-collarblue-collarblue-collarblue-collarblue-collarblue-collarblue-collarblue-collarblue-collarblue-collarblue-collarblue-collarblue-collarblue-collarblue-collarblue-collarblue-collarblue-collarblue-collarblue-collarblue-collarblue-collarblue-collarblue-collarblue-collarblue-collarblue-collarblue-collarblue-collarblue-collarblue-collarblue-collarblue-collarblue-collarblue-collarblue-collarblue-collarblue-collarblue-collarblue-collarblue-collarblue-collarblue-collarblue-collarblue-collarblue-collarblue-collarblue-collarblue-collarblue-collarblue-collarblue-collarblue-collarblue-collarblue-collarblue-collarblue-collarblue-collarblue-collarblue-collarblue-collarblue-collarblue-collarblue-collarblue-collarblue-collarblue-collarblue-collarblue-collarblue-collarblue-collarblue-collarblue-collarblue-collarblue-collarblue-collarblue-collarblue-collarblue-collarblue-collarblue-collarblue-collarblue-collarblue-collarblue-collarblue-collarblue-collarblue-collarblue-collarblue-collarblue-collarblue-collarblue-collarblue-collarblue-collarblue-collarblue-collarblue-collarblue-collarblue-collarblue-collarblue-collarblue-collarblue-collarblue-collarblue-collarblue-collarblue-collarblue-collarblue-collarblue-collarblue-collarblue-collarblue-collarblue-collarblue-collarblue-collarblue-collarblue-collarblue-collarblue-collarblue-collarblue-collarblue-collarblue-collarblue-collarblue-collarblue-collarblue-collarblue-collarblue-collarblue-collarblue-collarblue-collarblue-collarblue-collarblue-collarblue-collarblue-collarblue-collarblue-collarblue-collarblue-collarblue-collarblue-collarblue-collarblue-collarblue-collarblue-collarblue-collarblue-collarblue-collarblue-collarblue-collarblue-collarblue-collarblue-collarblue-collarblue-collarblue-collarblue-collarblue-collarblue-collarblue-collarblue-collarblue-collarblue-collarblue-collarblue-collarblue-collarblue-collarblue-collarblue-collarblue-collarblue-collarblue-collarblue-collarblue-collarblue-collarblue-collarblue-collarblue-collarblue-collarblue-collarblue-collarblue-collarblue-collarblue-collarblue-collarblue-collarblue-collarblue-collarblue-collarblue-collarblue-collarblue-collarblue-collarblue-collarblue-collarblue-collarblue-collarblue-collarblue-collarblue-collarblue-collarblue-collarblue-collarblue-collarblue-collarblue-collarblue-collarblue-collarblue-collarblue-collarblue-collarblue-collarblue-collarblue-collarblue-collarblue-collarblue-collarblue-collarblue-collarblue-collarblue-collarblue-collarblue-collarblue-collarblue-collarblue-collarblue-collarblue-collarblue-collarblue-collarblue-collarblue-collarblue-collarblue-collarblue-collarblue-collarblue-collarblue-collarblue-collarblue-collarblue-collarblue-collarblue-collarblue-collarblue-collarblue-collarblue-collarblue-collarblue-collarblue-collarblue-collarblue-collarblue-collarblue-collarblue-collarblue-collarblue-collarblue-collarblue-collarblue-collarblue-collarblue-collarblue-collarblue-collarblue-collarblue-collarblue-collarblue-collarblue-collarblue-collarblue-collarblue-collarblue-collarblue-collarblue-collarblue-collarblue-collarblue-collarblue-collarblue-collarblue-collarblue-collarblue-collarblue-collarblue-collarblue-collarblue-collarblue-collarblue-collarblue-collarblue-collarblue-collarblue-collarblue-collarblue-collarblue-collarblue-collarblue-collarblue-collarblue-collarblue-collarblue-collarblue-collarblue-collarblue-collarblue-collarblue-collarblue-collarblue-collarblue-collarblue-collarblue-collarblue-collarblue-collarblue-collarblue-collarblue-collarblue-collarblue-collarblue-collarblue-collarblue-collarblue-collarblue-collarblue-collarblue-collarblue-collarblue-collarblue-collarblue-collarblue-collarblue-collarblue-collarblue-collarblue-collarblue-collarblue-collarblue-collarblue-collarblue-collarblue-collarblue-collarblue-collarblue-collarblue-collarblue-collarblue-collarblue-collarblue-collarblue-collarblue-collarblue-collarblue-collarblue-collarblue-collarblue-collarblue-collarblue-collarblue-collarblue-collarblue-collarblue-collarblue-collarblue-collarblue-collarblue-collarblue-collarblue-collarblue-collarblue-collarblue-collarblue-collarblue-collarblue-collarblue-collarblue-collarblue-collarblue-collarblue-collarblue-collarblue-collarblue-collarblue-collarblue-collarblue-collarblue-collarblue-collarblue-collarblue-collarblue-collarblue-collarblue-collarblue-collarblue-collarblue-collarblue-collarblue-collarblue-collarblue-collarblue-collarblue-collarblue-collarblue-collarblue-collarblue-collarblue-collarblue-collarblue-collarblue-collarblue-collarblue-collarblue-collarblue-collarblue-collarblue-collarblue-collarblue-collarblue-collarblue-collarblue-collarblue-collarblue-collarblue-collarblue-collarblue-collarblue-collarblue-collarblue-collarblue-collarblue-collarblue-collarblue-collarblue-collarblue-collarblue-collarblue-collarblue-collarblue-collarblue-collarblue-collarblue-collarblue-collarblue-collarblue-collarblue-collarblue-collarblue-collarblue-collarblue-collarblue-collarblue-collarblue-collarblue-collarblue-collarblue-collarblue-collarblue-collarblue-collarblue-collarblue-collarblue-collarblue-collarblue-collarblue-collarblue-collarblue-collarblue-collarblue-collarblue-collarblue-collarblue-collarblue-collarblue-collarblue-collarblue-collarblue-collarblue-collarblue-collarblue-collarblue-collarblue-collarblue-collarblue-collarblue-collarblue-collarblue-collarblue-collarblue-collarblue-collarblue-collarblue-collarblue-collarblue-collarblue-collarblue-collarblue-collarblue-collarblue-collarblue-collarblue-collarblue-collarblue-collarblue-collarblue-collarblue-collarblue-collarblue-collarblue-collarblue-collarblue-collarblue-collarblue-collarblue-collarblue-collarblue-collarblue-collarblue-collarblue-collarblue-collarblue-collarblue-collarblue-collarblue-collarblue-collarblue-collarblue-collarblue-collarblue-collarblue-collarblue-collarblue-collarblue-collarblue-collarblue-collarblue-collarblue-collarblue-collarblue-collarblue-collarblue-collarblue-collarblue-collarblue-collarblue-collarblue-collarblue-collarblue-collarblue-collarblue-collarblue-collarblue-collarblue-collarblue-collarblue-collarblue-collarblue-collarblue-collarblue-collarblue-collarblue-collarblue-collarblue-collarblue-collarblue-collarblue-collarblue-collarblue-collarblue-collarblue-collarblue-collarblue-collarblue-collarblue-collarblue-collarblue-collarblue-collarblue-collarblue-collarblue-collarblue-collarblue-collarblue-collarblue-collarblue-collarblue-collarblue-collarblue-collarblue-collarblue-collarblue-collarblue-collarblue-collarblue-collarblue-collarblue-collarblue-collarblue-collarblue-collarblue-collarblue-collarblue-collarblue-collarblue-collarblue-collarblue-collarblue-collarblue-collarblue-collarblue-collarblue-collarblue-collarblue-collarblue-collarblue-collarblue-collarblue-collarblue-collarblue-collarblue-collarblue-collarblue-collarblue-collarblue-collarblue-collarblue-collarblue-collarblue-collarblue-collarblue-collarblue-collarblue-collarblue-collarblue-collarblue-collarblue-collarblue-collarblue-collarblue-collarblue-collarblue-collarblue-collarblue-collarblue-collarblue-collarblue-collarblue-collarblue-collarblue-collarblue-collarblue-collarblue-collarblue-collarblue-collarblue-collarblue-collarblue-collarblue-collarblue-collarblue-collarblue-collarblue-collarblue-collarblue-collarblue-collarblue-collarblue-collarblue-collarblue-collarblue-collarblue-collarblue-collarblue-collarblue-collarblue-collarblue-collarblue-collarblue-collarblue-collarblue-collarblue-collarblue-collarblue-collarblue-collarblue-collarblue-collarblue-collarblue-collarblue-collarblue-collarblue-collarblue-collarblue-collarblue-collarblue-collarblue-collarblue-collarblue-collarblue-collarblue-collarblue-collarblue-collarblue-collarblue-collarblue-collarblue-collarblue-collarblue-collarblue-collarblue-collarblue-collarblue-collarblue-collarblue-collarblue-collarblue-collarblue-collarblue-collarblue-collarblue-collarblue-collarblue-collarblue-collarblue-collarblue-collarblue-collarblue-collarblue-collarblue-collarblue-collarblue-collarblue-collarblue-collarblue-collarblue-collarblue-collarblue-collarblue-collarblue-collarblue-collarblue-collarblue-collarblue-collarblue-collarblue-collarblue-collarblue-collarblue-collarblue-collarblue-collarblue-collarblue-collarblue-collarblue-collarblue-collarblue-collarblue-collarblue-collarblue-collarblue-collarblue-collarblue-collarblue-collarblue-collarblue-collarblue-collarblue-collarblue-collarblue-collarblue-collarblue-collarblue-collarblue-collarblue-collarblue-collarblue-collarblue-collarblue-collarblue-collarblue-collarblue-collarblue-collarblue-collarblue-collarblue-collarblue-collarblue-collarblue-collarblue-collarblue-collarblue-collarblue-collarblue-collarblue-collarblue-collarblue-collarblue-collarblue-collarblue-collarblue-collarblue-collarblue-collarblue-collarblue-collarblue-collarblue-collarblue-collarblue-collarblue-collarblue-collarblue-collarblue-collarblue-collarblue-collarblue-collarblue-collarblue-collarblue-collarblue-collarblue-collarblue-collarblue-collarblue-collarblue-collarblue-collarblue-collarblue-collarblue-collarblue-collarblue-collarblue-collarblue-collarblue-collarblue-collarblue-collarblue-collarblue-collarblue-collarblue-collarblue-collarblue-collarblue-collarblue-collarblue-collarblue-collarblue-collarblue-collarblue-collarblue-collarblue-collarblue-collarblue-collarblue-collarblue-collarblue-collarblue-collarblue-collarblue-collarblue-collarblue-collarblue-collarblue-collarblue-collarblue-collarblue-collarblue-collarblue-collarblue-collarblue-collarblue-collarblue-collarblue-collarblue-collarblue-collarblue-collarblue-collarblue-collarblue-collarblue-collarblue-collarblue-collarblue-collarblue-collarblue-collarblue-collarblue-collarblue-collarblue-collarblue-collarblue-collarblue-collarblue-collarblue-collarblue-collarblue-collarblue-collarblue-collarblue-collarblue-collarblue-collarblue-collarblue-collarblue-collarblue-collarblue-collarblue-collarblue-collarblue-collarblue-collarblue-collarblue-collarblue-collarblue-collarblue-collarblue-collarblue-collarblue-collarblue-collarblue-collarblue-collarblue-collarblue-collarblue-collarblue-collarblue-collarblue-collarblue-collarblue-collarblue-collarblue-collarblue-collarblue-collarblue-collarblue-collarblue-collarblue-collarblue-collarblue-collarblue-collarblue-collarblue-collarblue-collarblue-collarblue-collarblue-collarblue-collarblue-collarblue-collarblue-collarblue-collarblue-collarblue-collarblue-collarblue-collarblue-collarblue-collarblue-collarblue-collarblue-collarblue-collarblue-collarblue-collarblue-collarblue-collarblue-collarblue-collarblue-collarblue-collarblue-collarblue-collarblue-collarblue-collarblue-collarblue-collarblue-collarblue-collarblue-collarblue-collarblue-collarblue-collarblue-collarblue-collarblue-collarblue-collarblue-collarblue-collarblue-collarblue-collarblue-collarblue-collarblue-collarblue-collarblue-collarblue-collarblue-collarblue-collarblue-collarblue-collarblue-collarblue-collarblue-collarblue-collarblue-collarblue-collarblue-collarblue-collarblue-collarblue-collarblue-collarblue-collarblue-collarblue-collarblue-collarblue-collarblue-collarblue-collarblue-collarblue-collarblue-collarblue-collarblue-collarblue-collarblue-collarblue-collarblue-collarblue-collarblue-collarblue-collarblue-collarblue-collarblue-collarblue-collarblue-collarblue-collarblue-collarblue-collarblue-collarblue-collarblue-collarblue-collarblue-collarblue-collarblue-collarblue-collarblue-collarblue-collarblue-collarblue-collarblue-collarblue-collarblue-collarblue-collarblue-collarblue-collarblue-collarblue-collarblue-collarblue-collarblue-collarblue-collarblue-collarblue-collarblue-collarblue-collarblue-collarblue-collarblue-collarblue-collarblue-collarblue-collarblue-collarblue-collarblue-collarblue-collarblue-collarblue-collarblue-collarblue-collarblue-collarblue-collarblue-collarblue-collarblue-collarblue-collarblue-collarblue-collarblue-collarblue-collarblue-collarblue-collarblue-collarblue-collarblue-collarblue-collarblue-collarblue-collarblue-collarblue-collarblue-collarblue-collarblue-collarblue-collarblue-collarblue-collarblue-collarblue-collarblue-collarblue-collarblue-collarblue-collarblue-collarblue-collarblue-collarblue-collarblue-collarblue-collarblue-collarblue-collarblue-collarblue-collarblue-collarblue-collarblue-collarblue-collarblue-collarblue-collarblue-collarblue-collarblue-collarblue-collarblue-collarblue-collarblue-collarblue-collarblue-collarblue-collarblue-collarblue-collarblue-collarblue-collarblue-collarblue-collarblue-collarblue-collarblue-collarblue-collarblue-collarblue-collarblue-collarblue-collarblue-collarblue-collarblue-collarblue-collarblue-collarblue-collarblue-collarblue-collarblue-collarblue-collarblue-collarblue-collarblue-collarblue-collarblue-collarblue-collarblue-collarblue-collarblue-collarblue-collarblue-collarblue-collarblue-collarblue-collarblue-collarblue-collarblue-collarblue-collarblue-collarblue-collarblue-collarblue-collarblue-collarblue-collarblue-collarblue-collarblue-collarblue-collarblue-collarblue-collarblue-collarblue-collarblue-collarblue-collarblue-collarblue-collarblue-collarblue-collarblue-collarblue-collarblue-collarblue-collarblue-collarblue-collarblue-collarblue-collarblue-collarblue-collarblue-collarblue-collarblue-collarblue-collarblue-collarblue-collarblue-collarblue-collarblue-collarblue-collarblue-collarblue-collarblue-collarblue-collarblue-collarblue-collarblue-collarblue-collarblue-collarblue-collarblue-collarblue-collarblue-collarblue-collarblue-collarblue-collarblue-collarblue-collarblue-collarblue-collarblue-collarblue-collarblue-collarblue-collarblue-collarblue-collarblue-collarblue-collarblue-collarblue-collarblue-collarblue-collarblue-collarblue-collarblue-collarblue-collarblue-collarblue-collarblue-collarblue-collarblue-collarblue-collarblue-collarblue-collarblue-collarblue-collarblue-collarblue-collarblue-collarblue-collarblue-collarblue-collarblue-collarblue-collarblue-collarblue-collarblue-collarblue-collarblue-collarblue-collarblue-collarblue-collarblue-collarblue-collarblue-collarblue-collarblue-collarblue-collarblue-collarblue-collarblue-collarblue-collarblue-collarblue-collarblue-collarblue-collarblue-collarblue-collarblue-collarblue-collarblue-collarblue-collarblue-collarblue-collarblue-collarblue-collarblue-collarblue-collarblue-collarblue-collarblue-collarblue-collarblue-collarblue-collarblue-collarblue-collarblue-collarblue-collarblue-collarblue-collarblue-collarblue-collarblue-collarblue-collarblue-collarblue-collarblue-collarblue-collarblue-collarblue-collarblue-collarblue-collarblue-collarblue-collarblue-collarblue-collarblue-collarblue-collarblue-collarblue-collarblue-collarblue-collarblue-collarblue-collarblue-collarblue-collarblue-collarblue-collarblue-collarblue-collarblue-collarblue-collarblue-collarblue-collarblue-collarblue-collarblue-collarblue-collarblue-collarblue-collarblue-collarblue-collarblue-collarblue-collarblue-collarblue-collarblue-collarblue-collarblue-collarblue-collarblue-collarblue-collarblue-collarblue-collarblue-collarblue-collarblue-collarblue-collarblue-collarblue-collarblue-collarblue-collarblue-collarblue-collarblue-collarblue-collarblue-collarblue-collarblue-collarblue-collarblue-collarblue-collarblue-collarblue-collarblue-collarblue-collarblue-collarblue-collarblue-collarblue-collarblue-collarblue-collarblue-collarblue-collarblue-collarblue-collarblue-collarblue-collarblue-collarblue-collarblue-collarblue-collarblue-collarblue-collarblue-collarblue-collarblue-collarblue-collarblue-collarblue-collarblue-collarblue-collarblue-collarblue-collarblue-collarblue-collarblue-collarblue-collarblue-collarblue-collarblue-collarblue-collarblue-collarblue-collarblue-collarblue-collarblue-collarblue-collarblue-collarblue-collarblue-collarblue-collarblue-collarblue-collarblue-collarblue-collarblue-collarblue-collarblue-collarblue-collarblue-collarblue-collarblue-collarblue-collarblue-collarblue-collarblue-collarblue-collarblue-collarblue-collarblue-collarblue-collarblue-collarblue-collarblue-collarblue-collarblue-collarblue-collarblue-collarblue-collarblue-collarblue-collarblue-collarblue-collarblue-collarblue-collarblue-collarblue-collarblue-collarblue-collarblue-collarblue-collarblue-collarblue-collarblue-collarblue-collarblue-collarblue-collarblue-collarblue-collarblue-collarblue-collarblue-collarblue-collarblue-collarblue-collarblue-collarblue-collarblue-collarblue-collarblue-collarblue-collarblue-collarblue-collarblue-collarblue-collarblue-collarblue-collarblue-collarblue-collarblue-collarblue-collarblue-collarblue-collarblue-collarblue-collarblue-collarblue-collarblue-collarblue-collarblue-collarblue-collarblue-collarblue-collarblue-collarblue-collarblue-collarblue-collarblue-collarblue-collarblue-collarblue-collarblue-collarblue-collarblue-collarblue-collarblue-collarblue-collarblue-collarblue-collarblue-collarblue-collarblue-collarblue-collarblue-collarblue-collarblue-collarblue-collarblue-collarblue-collarblue-collarblue-collarblue-collarblue-collarblue-collarblue-collarblue-collarblue-collarblue-collarblue-collarblue-collarblue-collarblue-collarblue-collarblue-collarblue-collarblue-collarblue-collarblue-collarblue-collarblue-collarblue-collarblue-collarblue-collarblue-collarblue-collarblue-collarblue-collarblue-collarblue-collarblue-collarblue-collarblue-collarblue-collarblue-collarblue-collarblue-collarblue-collarblue-collarblue-collarblue-collarblue-collarblue-collarblue-collarblue-collarblue-collarblue-collarblue-collarblue-collarblue-collarblue-collarblue-collarblue-collarblue-collarblue-collarblue-collarblue-collarblue-collarblue-collarblue-collarblue-collarblue-collarblue-collarblue-collarblue-collarblue-collarblue-collarblue-collarblue-collarblue-collarblue-collarblue-collarblue-collarblue-collarblue-collarblue-collarblue-collarblue-collarblue-collarblue-collarblue-collarblue-collarblue-collarblue-collarblue-collarblue-collarblue-collarblue-collarblue-collarblue-collarblue-collarblue-collarblue-collarblue-collarblue-collarblue-collarblue-collarblue-collarblue-collarblue-collarblue-collarblue-collarblue-collarblue-collarblue-collarblue-collarblue-collarblue-collarblue-collarblue-collarblue-collarblue-collarblue-collarblue-collarblue-collarblue-collarblue-collarblue-collarblue-collarblue-collarblue-collarblue-collarblue-collarblue-collarblue-collarblue-collarblue-collarblue-collarblue-collarblue-collarblue-collarblue-collarblue-collarblue-collarblue-collarblue-collarblue-collarblue-collarblue-collarblue-collarblue-collarblue-collarblue-collarblue-collarblue-collarblue-collarblue-collarblue-collarblue-collarblue-collarblue-collarblue-collarblue-collarblue-collarblue-collarblue-collarblue-collarblue-collarblue-collarblue-collarblue-collarblue-collarblue-collarblue-collarblue-collarblue-collarblue-collarblue-collarblue-collarblue-collarblue-collarblue-collarblue-collarblue-collarblue-collarblue-collarblue-collarblue-collarblue-collarblue-collarblue-collarblue-collarblue-collarblue-collarblue-collarblue-collarblue-collarblue-collarblue-collarblue-collarblue-collarblue-collarblue-collarblue-collarblue-collarblue-collarblue-collarblue-collarblue-collarblue-collarblue-collarblue-collarblue-collarblue-collarblue-collarblue-collarblue-collarblue-collarblue-collarblue-collarblue-collarblue-collarblue-collarblue-collarblue-collarblue-collarblue-collarblue-collarblue-collarblue-collarblue-collarblue-collarblue-collarblue-collarblue-collarblue-collarblue-collarblue-collarblue-collarblue-collarblue-collarblue-collarblue-collarblue-collarblue-collarblue-collarblue-collarblue-collarblue-collarblue-collarblue-collarblue-collarblue-collarblue-collarblue-collarblue-collarblue-collarblue-collarblue-collarblue-collarblue-collarblue-collarblue-collarblue-collarblue-collarblue-collarblue-collarblue-collarblue-collarblue-collarblue-collarblue-collarblue-collarblue-collarblue-collarblue-collarblue-collarblue-collarblue-collarblue-collarblue-collarblue-collarblue-collarblue-collarblue-collarblue-collarblue-collarblue-collarblue-collarblue-collarblue-collarblue-collarblue-collarblue-collarblue-collarblue-collarblue-collarblue-collarblue-collarblue-collarblue-collarblue-collarblue-collarblue-collarblue-collarblue-collarblue-collarblue-collarblue-collarblue-collarblue-collarblue-collarblue-collarblue-collarblue-collarblue-collarblue-collarblue-collarblue-collarblue-collarblue-collarblue-collarblue-collarblue-collarblue-collarblue-collarblue-collarblue-collarblue-collarblue-collarblue-collarblue-collarblue-collarblue-collarblue-collarblue-collarblue-collarblue-collarblue-collarblue-collarblue-collarblue-collarblue-collarblue-collarblue-collarblue-collarblue-collarblue-collarblue-collarblue-collarblue-collarblue-collarblue-collarblue-collarblue-collarblue-collarblue-collarblue-collarblue-collarblue-collarblue-collarblue-collarblue-collarblue-collarblue-collarblue-collarblue-collarblue-collarblue-collarblue-collarblue-collarblue-collarblue-collarblue-collarblue-collarblue-collarblue-collarblue-collarblue-collarblue-collarblue-collarblue-collarblue-collarblue-collarblue-collarblue-collarblue-collarblue-collarblue-collarblue-collarblue-collarblue-collarblue-collarblue-collarblue-collarblue-collarblue-collarblue-collarblue-collarblue-collarblue-collarblue-collarblue-collarblue-collarblue-collarblue-collarblue-collarblue-collarblue-collarblue-collarblue-collarblue-collarblue-collarblue-collarblue-collarblue-collarblue-collarblue-collarblue-collarblue-collarblue-collarblue-collarblue-collarblue-collarblue-collarblue-collarblue-collarblue-collarblue-collarblue-collarblue-collarblue-collarblue-collarblue-collarblue-collarblue-collarblue-collarblue-collarblue-collarblue-collarblue-collarblue-collarblue-collarblue-collarblue-collarblue-collarblue-collarblue-collarblue-collarblue-collarblue-collarblue-collarblue-collarblue-collarblue-collarblue-collarblue-collarblue-collarblue-collarblue-collarblue-collarblue-collarblue-collarblue-collarblue-collarblue-collarblue-collarblue-collarblue-collarblue-collarblue-collarblue-collarblue-collarblue-collarblue-collarblue-collarblue-collarblue-collarblue-collarblue-collarblue-collarblue-collarblue-collarblue-collarblue-collarblue-collarblue-collarblue-collarblue-collarblue-collarblue-collarblue-collarblue-collarblue-collarblue-collarblue-collarblue-collarblue-collarblue-collarblue-collarblue-collarblue-collarblue-collarblue-collarblue-collarblue-collarblue-collarblue-collarblue-collarblue-collarblue-collarblue-collarblue-collarblue-collarblue-collarblue-collarblue-collarblue-collarblue-collarblue-collarblue-collarblue-collarblue-collarblue-collarblue-collarblue-collarblue-collarblue-collarblue-collarblue-collarblue-collarblue-collarblue-collarblue-collarblue-collarblue-collarblue-collarblue-collarblue-collarblue-collarblue-collarblue-collarblue-collarblue-collarblue-collarblue-collarblue-collarblue-collarblue-collarblue-collarblue-collarblue-collarblue-collarblue-collarblue-collarblue-collarblue-collarblue-collarblue-collarblue-collarblue-collarblue-collarblue-collarblue-collarblue-collarblue-collarblue-collarblue-collarblue-collarblue-collarblue-collarblue-collarblue-collarblue-collarblue-collarblue-collarblue-collarblue-collarblue-collarblue-collarblue-collarblue-collarblue-collarblue-collarblue-collarblue-collarblue-collarblue-collarblue-collarblue-collarblue-collarblue-collarblue-collarblue-collarblue-collarblue-collarblue-collarblue-collarblue-collarblue-collarblue-collarblue-collarblue-collarblue-collarblue-collarblue-collarblue-collarblue-collarblue-collarblue-collarblue-collarblue-collarblue-collarblue-collarblue-collarblue-collarblue-collarblue-collarblue-collarblue-collarblue-collarblue-collarblue-collarblue-collarblue-collarblue-collarblue-collarblue-collarblue-collarblue-collarblue-collarblue-collarblue-collarblue-collarblue-collarblue-collarblue-collarblue-collarblue-collarblue-collarblue-collarblue-collarblue-collarblue-collarblue-collarblue-collarblue-collarblue-collarblue-collarblue-collarblue-collarblue-collarblue-collarblue-collarblue-collarblue-collarblue-collarblue-collarblue-collarblue-collarblue-collarblue-collarblue-collarblue-collarblue-collarblue-collarblue-collarblue-collarblue-collarblue-collarblue-collarblue-collarblue-collarblue-collarblue-collarblue-collarblue-collarblue-collarblue-collarblue-collarblue-collarblue-collarblue-collarblue-collarblue-collarblue-collarblue-collarblue-collarblue-collarblue-collarblue-collarblue-collarblue-collarblue-collarblue-collarblue-collarblue-collarblue-collarblue-collarblue-collarblue-collarblue-collarblue-collarblue-collarblue-collarblue-collarblue-collarblue-collarblue-collarblue-collarblue-collarblue-collarblue-collarblue-collarblue-collarblue-collarblue-collarblue-collarblue-collarblue-collarblue-collarblue-collarblue-collarblue-collarblue-collarblue-collarblue-collarblue-collarblue-collarblue-collarblue-collarblue-collarblue-collarblue-collarblue-collarblue-collarblue-collarblue-collarblue-collarblue-collarblue-collarblue-collarblue-collarblue-collarblue-collarblue-collarblue-collarblue-collarblue-collarblue-collarblue-collarblue-collarblue-collarblue-collarblue-collarblue-collarblue-collarblue-collarblue-collarblue-collarblue-collarblue-collarblue-collarblue-collarblue-collarblue-collarblue-collarblue-collarblue-collarblue-collarblue-collarblue-collarblue-collarblue-collarblue-collarblue-collarblue-collarblue-collarblue-collarblue-collarblue-collarblue-collarblue-collarblue-collarblue-collarblue-collarblue-collarblue-collarblue-collarblue-collarblue-collarblue-collarblue-collarblue-collarblue-collarblue-collarblue-collarblue-collarblue-collarblue-collarblue-collarblue-collarblue-collarblue-collarblue-collarblue-collarblue-collarblue-collarblue-collarblue-collarblue-collarblue-collarblue-collarblue-collarblue-collarblue-collarblue-collarblue-collarblue-collarblue-collarblue-collarblue-collarblue-collarblue-collarblue-collarblue-collarblue-collarblue-collarblue-collarblue-collarblue-collarblue-collarblue-collarblue-collarblue-collarblue-collarblue-collarblue-collarblue-collarblue-collarblue-collarblue-collarblue-collarblue-collarblue-collarblue-collarblue-collarblue-collarblue-collarblue-collarblue-collarblue-collarblue-collarblue-collarblue-collarblue-collarblue-collarblue-collarblue-collarblue-collarblue-collarblue-collarblue-collarblue-collarblue-collarblue-collarblue-collarblue-collarblue-collarblue-collarblue-collarblue-collarblue-collarblue-collarblue-collarblue-collarblue-collarblue-collarblue-collarblue-collarblue-collarblue-collarblue-collarblue-collarblue-collarblue-collarblue-collarblue-collarblue-collarblue-collarblue-collarblue-collarblue-collarblue-collarblue-collarblue-collarblue-collarblue-collarblue-collarblue-collarblue-collarblue-collarblue-collarblue-collarblue-collarblue-collarblue-collarblue-collarblue-collarblue-collarblue-collarblue-collarblue-collarblue-collarblue-collarblue-collarblue-collarblue-collarblue-collarblue-collarblue-collarblue-collarblue-collarblue-collarblue-collarblue-collarblue-collarblue-collarblue-collarblue-collarblue-collarblue-collarblue-collarblue-collarblue-collarblue-collarblue-collarblue-collarblue-collarblue-collarblue-collarblue-collarblue-collarblue-collarblue-collarblue-collarblue-collarblue-collarblue-collarblue-collarblue-collarblue-collarblue-collarblue-collarblue-collarblue-collarblue-collarblue-collarblue-collarblue-collarblue-collarblue-collarblue-collarblue-collarblue-collarblue-collarblue-collarblue-collarblue-collarblue-collarblue-collarblue-collarblue-collarblue-collarblue-collarblue-collarblue-collarblue-collarblue-collarblue-collarblue-collarblue-collarblue-collarblue-collarblue-collarblue-collarblue-collarblue-collarblue-collarblue-collarblue-collarblue-collarblue-collarblue-collarblue-collarblue-collarblue-collarblue-collarblue-collarblue-collarblue-collarblue-collarblue-collarblue-collarblue-collarblue-collarblue-collarblue-collarblue-collarblue-collarblue-collarblue-collarblue-collarblue-collarblue-collarblue-collarblue-collarblue-collarblue-collarblue-collarblue-collarblue-collarblue-collarblue-collarblue-collarblue-collarblue-collarblue-collarblue-collarblue-collarblue-collarblue-collarblue-collarblue-collarblue-collarblue-collarblue-collarblue-collarblue-collarblue-collarblue-collarblue-collarblue-collarblue-collarblue-collarblue-collarblue-collarblue-collarblue-collarblue-collarblue-collarblue-collarblue-collarblue-collarblue-collarblue-collarblue-collarblue-collarblue-collarblue-collarblue-collarblue-collarblue-collarblue-collarblue-collarblue-collarblue-collarblue-collarblue-collarblue-collarblue-collarblue-collarblue-collarblue-collarblue-collarblue-collarblue-collarblue-collarblue-collarblue-collarblue-collarblue-collarblue-collarblue-collarblue-collarblue-collarblue-collarblue-collarblue-collarblue-collarblue-collarblue-collarblue-collarblue-collarblue-collarblue-collarblue-collarblue-collarblue-collarblue-collarblue-collarblue-collarblue-collarblue-collarblue-collarblue-collarblue-collarblue-collarblue-collarblue-collarblue-collarblue-collarblue-collarblue-collarblue-collarblue-collarblue-collarblue-collarblue-collarblue-collarblue-collarblue-collarblue-collarblue-collarblue-collarblue-collarblue-collarblue-collarblue-collarblue-collarblue-collarblue-collarblue-collarblue-collarblue-collarblue-collarblue-collarblue-collarblue-collarblue-collarblue-collarblue-collarblue-collarblue-collarblue-collarblue-collarblue-collarblue-collarblue-collarblue-collarblue-collarblue-collarblue-collarblue-collarblue-collarblue-collarblue-collarblue-collarblue-collarblue-collarblue-collarblue-collarblue-collarblue-collarblue-collarblue-collarblue-collarblue-collarblue-collarblue-collarblue-collarblue-collarblue-collarblue-collarblue-collarblue-collarblue-collarblue-collarblue-collarblue-collarblue-collarblue-collarblue-collarblue-collarblue-collarblue-collarblue-collarblue-collarblue-collarblue-collarblue-collarblue-collarblue-collarblue-collarblue-collarblue-collarblue-collarblue-collarblue-collarblue-collarblue-collarblue-collarblue-collarblue-collarblue-collarblue-collarblue-collarblue-collarblue-collarblue-collarblue-collarblue-collarblue-collarblue-collarblue-collarblue-collarblue-collarblue-collarblue-collarblue-collarblue-collarblue-collarblue-collarblue-collarblue-collarblue-collarblue-collarblue-collarblue-collarblue-collarblue-collarblue-collarblue-collarblue-collarblue-collarblue-collarblue-collarblue-collarblue-collarblue-collarblue-collarblue-collarblue-collarblue-collarblue-collarblue-collarblue-collarblue-collarblue-collarblue-collarblue-collarblue-collarblue-collarblue-collarblue-collarblue-collarblue-collarblue-collarblue-collarblue-collarblue-collarblue-collarblue-collarblue-collarblue-collarblue-collarblue-collarblue-collarblue-collarblue-collarblue-collarblue-collarblue-collarblue-collarblue-collarblue-collarblue-collarblue-collarblue-collarblue-collarblue-collarblue-collarblue-collarblue-collarblue-collarblue-collarblue-collarblue-collarblue-collarblue-collarblue-collarblue-collarblue-collarblue-collarblue-collarblue-collarblue-collarblue-collarblue-collarblue-collarblue-collarblue-collarblue-collarblue-collarblue-collarblue-collarblue-collarblue-collarblue-collarblue-collarblue-collarblue-collarblue-collarblue-collarblue-collarblue-collarblue-collarblue-collarblue-collarblue-collarblue-collarblue-collarblue-collarblue-collarblue-collarblue-collarblue-collarblue-collarblue-collarblue-collarblue-collarblue-collarblue-collarblue-collarblue-collarblue-collarblue-collarblue-collarblue-collarblue-collarblue-collarblue-collarblue-collarblue-collarblue-collarblue-collarblue-collarblue-collarblue-collarblue-collarblue-collarblue-collarblue-collarblue-collarblue-collarblue-collarblue-collarblue-collarblue-collarblue-collarblue-collarblue-collarblue-collarblue-collarblue-collarblue-collarblue-collarblue-collarblue-collarblue-collarblue-collarblue-collarblue-collarblue-collarblue-collarblue-collarblue-collarblue-collarblue-collarblue-collarblue-collarblue-collarblue-collarblue-collarblue-collarblue-collarblue-collarblue-collarblue-collarblue-collarblue-collarblue-collarblue-collarblue-collarblue-collarblue-collarblue-collarblue-collarblue-collarblue-collarblue-collarblue-collarblue-collarblue-collarblue-collarblue-collarblue-collarblue-collarblue-collarblue-collarblue-collarblue-collarblue-collarblue-collarblue-collarblue-collarblue-collarblue-collarblue-collarblue-collarblue-collarblue-collarblue-collarblue-collarblue-collarblue-collarblue-collarblue-collarblue-collarblue-collarblue-collarblue-collarblue-collarblue-collarblue-collarblue-collarblue-collarblue-collarblue-collarblue-collarblue-collarblue-collarblue-collarblue-collarblue-collarblue-collarblue-collarblue-collarblue-collarblue-collarblue-collarblue-collarblue-collarblue-collarblue-collarblue-collarblue-collarblue-collarblue-collarblue-collarblue-collarblue-collarblue-collarblue-collarblue-collarblue-collarblue-collarblue-collarblue-collarblue-collarblue-collarblue-collarblue-collarblue-collarblue-collarblue-collarblue-collarblue-collarblue-collarblue-collarblue-collarblue-collarblue-collarblue-collarblue-collarblue-collarblue-collarblue-collarblue-collarblue-collarblue-collarblue-collarblue-collarblue-collarblue-collarblue-collarblue-collarblue-collarblue-collarblue-collarblue-collarblue-collarblue-collarblue-collarblue-collarblue-collarblue-collarblue-collarblue-collarblue-collarblue-collarblue-collarblue-collarblue-collarblue-collarblue-collarblue-collarblue-collarblue-collarblue-collarblue-collarblue-collarblue-collarblue-collarblue-collarblue-collarblue-collarblue-collarblue-collarblue-collarblue-collarblue-collarblue-collarblue-collarblue-collarblue-collarblue-collarblue-collarblue-collarblue-collarblue-collarblue-collarblue-collarblue-collarblue-collarblue-collarblue-collarblue-collarblue-collarblue-collarblue-collarblue-collarblue-collarblue-collarblue-collarblue-collarblue-collarblue-collarblue-collarblue-collarblue-collarblue-collarblue-collarblue-collarblue-collarblue-collarblue-collarblue-collarblue-collarblue-collarblue-collarblue-collarblue-collarblue-collarblue-collarblue-collarblue-collarblue-collarblue-collarblue-collarblue-collarblue-collarblue-collarblue-collarblue-collarblue-collarblue-collarblue-collarblue-collarblue-collarblue-collarblue-collarblue-collarblue-collarblue-collarblue-collarblue-collarblue-collarblue-collarblue-collarblue-collarblue-collarblue-collarblue-collarblue-collarblue-collarblue-collarblue-collarblue-collarblue-collarblue-collarblue-collarblue-collarblue-collarblue-collarblue-collarblue-collarblue-collarblue-collarblue-collarblue-collarblue-collarblue-collarblue-collarblue-collarblue-collarblue-collarblue-collarblue-collarblue-collarblue-collarblue-collarblue-collarblue-collarblue-collarblue-collarblue-collarblue-collarblue-collarblue-collarblue-collarblue-collarblue-collarblue-collarblue-collarblue-collarblue-collarblue-collarblue-collarblue-collarblue-collarblue-collarblue-collarblue-collarblue-collarblue-collarblue-collarblue-collarblue-collarblue-collarblue-collarblue-collarblue-collarblue-collarblue-collarblue-collarblue-collarblue-collarblue-collarblue-collarblue-collarblue-collarblue-collarblue-collarblue-collarblue-collarblue-collarblue-collarblue-collarblue-collarblue-collarblue-collarblue-collarblue-collarblue-collarblue-collarblue-collarblue-collarblue-collarblue-collarblue-collarblue-collarblue-collarblue-collarblue-collarblue-collarblue-collarblue-collarblue-collarblue-collarblue-collarblue-collarblue-collarblue-collarblue-collarblue-collarblue-collarblue-collarblue-collarblue-collarblue-collarblue-collarblue-collarblue-collarblue-collarblue-collarblue-collarblue-collarblue-collarblue-collarblue-collarblue-collarblue-collarblue-collarblue-collarblue-collarblue-collarblue-collarblue-collarblue-collarblue-collarblue-collarblue-collarblue-collarblue-collarblue-collarblue-collarblue-collarblue-collarblue-collarblue-collarblue-collarblue-collarblue-collarblue-collarblue-collarblue-collarblue-collarblue-collarblue-collarblue-collarblue-collarblue-collarblue-collarblue-collarblue-collarblue-collarblue-collarblue-collarblue-collarblue-collarblue-collarblue-collarblue-collarblue-collarblue-collarblue-collarblue-collarblue-collarblue-collarblue-collarblue-collarblue-collarblue-collarblue-collarblue-collarblue-collarblue-collarblue-collarblue-collarblue-collarblue-collarblue-collarblue-collarblue-collarblue-collarblue-collarblue-collarblue-collarblue-collarblue-collarblue-collarblue-collarblue-collarblue-collarblue-collarblue-collarblue-collarblue-collarblue-collarblue-collarblue-collarblue-collarblue-collarblue-collarblue-collarblue-collarblue-collarblue-collarblue-collarblue-collarblue-collarblue-collarblue-collarblue-collarblue-collarblue-collarblue-collarblue-collarblue-collarblue-collarblue-collarblue-collarblue-collarblue-collarblue-collarblue-collarblue-collarblue-collarblue-collarblue-collarblue-collarblue-collarblue-collarblue-collarblue-collarblue-collarblue-collarblue-collarblue-collarblue-collarblue-collarblue-collarblue-collarblue-collarblue-collarblue-collarblue-collarblue-collarblue-collarblue-collarblue-collarblue-collarblue-collarblue-collarblue-collarblue-collarblue-collarblue-collarblue-collarblue-collarblue-collarblue-collarblue-collarblue-collarblue-collarblue-collarblue-collarblue-collarblue-collarblue-collarblue-collarblue-collarblue-collarblue-collarblue-collarblue-collarblue-collarblue-collarblue-collarblue-collarblue-collarblue-collarblue-collarblue-collarblue-collarblue-collarblue-collarblue-collarblue-collarblue-collarblue-collarblue-collarblue-collarblue-collarblue-collarblue-collarblue-collarblue-collarblue-collarblue-collarblue-collarblue-collarblue-collarblue-collarblue-collarblue-collarblue-collarblue-collarblue-collarblue-collarblue-collarblue-collarblue-collarblue-collarblue-collarblue-collarblue-collarblue-collarblue-collarblue-collarblue-collarblue-collarblue-collarblue-collarblue-collarblue-collarblue-collarblue-collarblue-collarblue-collarblue-collarblue-collarblue-collarblue-collarblue-collarblue-collarblue-collarblue-collarblue-collarblue-collarblue-collarblue-collarblue-collarblue-collarblue-collarblue-collarblue-collarblue-collarblue-collarblue-collarblue-collarblue-collarblue-collarblue-collarblue-collarblue-collarblue-collarblue-collarblue-collarblue-collarblue-collarblue-collarblue-collarblue-collarblue-collarblue-collarblue-collarblue-collarblue-collarblue-collarblue-collarblue-collarblue-collarblue-collarblue-collarblue-collarblue-collarblue-collarblue-collarblue-collarblue-collarblue-collarblue-collarblue-collarblue-collarblue-collarblue-collarblue-collarblue-collarblue-collarblue-collarblue-collarblue-collarblue-collarblue-collarblue-collarblue-collarblue-collarblue-collarblue-collarblue-collarblue-collarblue-collarblue-collarblue-collarblue-collarblue-collarblue-collarblue-collarblue-collarblue-collarblue-collarblue-collarblue-collarblue-collarblue-collarblue-collarblue-collarblue-collarblue-collarblue-collarblue-collarblue-collarblue-collarblue-collarblue-collarblue-collarblue-collarblue-collarblue-collarblue-collarblue-collarblue-collarblue-collarblue-collarblue-collarblue-collarblue-collarblue-collarblue-collarblue-collarblue-collarblue-collarblue-collarblue-collarblue-collarblue-collarblue-collarblue-collarblue-collarblue-collarblue-collarblue-collarblue-collarblue-collarblue-collarblue-collarblue-collarblue-collarblue-collarblue-collarblue-collarblue-collarblue-collarblue-collarblue-collarblue-collarblue-collarblue-collarblue-collarblue-collarblue-collarblue-collarblue-collarblue-collarblue-collarblue-collarblue-collarblue-collarblue-collarblue-collarblue-collarblue-collarblue-collarblue-collarblue-collarblue-collarblue-collarblue-collarblue-collarblue-collarblue-collarblue-collarblue-collarblue-collarblue-collarblue-collarblue-collarblue-collarblue-collarblue-collarblue-collarblue-collarblue-collarblue-collarblue-collarblue-collarblue-collarblue-collarblue-collarblue-collarblue-collarblue-collarblue-collarblue-collarblue-collarblue-collarblue-collarblue-collarblue-collarblue-collarblue-collarblue-collarblue-collarblue-collarblue-collarblue-collarblue-collarblue-collarblue-collarblue-collarblue-collarblue-collarblue-collarblue-collarblue-collarblue-collarblue-collarblue-collarblue-collarblue-collarblue-collarblue-collarblue-collarblue-collarblue-collarblue-collarblue-collarblue-collarblue-collarblue-collarblue-collarblue-collarblue-collarblue-collarblue-collarblue-collarblue-collarblue-collarblue-collarblue-collarblue-collarblue-collarblue-collarblue-collarblue-collarblue-collarblue-collarblue-collarblue-collarblue-collarblue-collarblue-collarblue-collarblue-collarblue-collarblue-collarblue-collarblue-collarblue-collarblue-collarblue-collarblue-collarblue-collarblue-collarblue-collarblue-collarblue-collarblue-collarblue-collarblue-collarblue-collarblue-collarblue-collarblue-collarblue-collarblue-collarblue-collarblue-collarblue-collarblue-collarblue-collarblue-collarblue-collarblue-collarblue-collarblue-collarblue-collarblue-collarblue-collarblue-collarblue-collarblue-collarblue-collarblue-collarblue-collarblue-collarblue-collarblue-collarblue-collarblue-collarblue-collarblue-collarblue-collarblue-collarblue-collarblue-collarblue-collarblue-collarblue-collarblue-collarblue-collarblue-collarblue-collarblue-collarblue-collarblue-collarblue-collarblue-collarblue-collarblue-collarblue-collarblue-collarblue-collarblue-collarblue-collarblue-collarblue-collarblue-collarblue-collarblue-collarblue-collarblue-collarblue-collarblue-collarblue-collarblue-collarblue-collarblue-collarblue-collarblue-collarblue-collarblue-collarblue-collarblue-collarblue-collarblue-collarblue-collarblue-collarblue-collarblue-collarblue-collarblue-collarblue-collarblue-collarblue-collarblue-collarblue-collarblue-collarblue-collarblue-collarblue-collarblue-collarblue-collarblue-collarblue-collarblue-collarblue-collarblue-collarblue-collarblue-collarblue-collarblue-collarblue-collarblue-collarblue-collarblue-collarblue-collarblue-collarblue-collarblue-collarblue-collarblue-collarblue-collarblue-collarblue-collarblue-collarblue-collarblue-collarblue-collarblue-collarblue-collarblue-collarblue-collarblue-collarblue-collarblue-collarblue-collarblue-collarblue-collarblue-collarblue-collarblue-collarblue-collarblue-collarblue-collarblue-collarblue-collarblue-collarblue-collarblue-collarblue-collarblue-collarblue-collarblue-collarblue-collarblue-collarblue-collarblue-collarblue-collarblue-collarblue-collarblue-collarblue-collarblue-collarblue-collarblue-collarblue-collarblue-collarblue-collarblue-collarblue-collarblue-collarblue-collarblue-collarblue-collarblue-collarblue-collarblue-collarblue-collarblue-collarblue-collarblue-collarblue-collarblue-collarblue-collarblue-collarblue-collarblue-collarblue-collarblue-collarblue-collarblue-collarblue-collarblue-collarblue-collarblue-collarblue-collarblue-collarblue-collarblue-collarblue-collarblue-collarblue-collarblue-collarblue-collarblue-collarblue-collarblue-collarblue-collarblue-collarblue-collarblue-collarblue-collarblue-collarblue-collarblue-collarblue-collarblue-collarblue-collarblue-collarblue-collarblue-collarblue-collarblue-collarblue-collarblue-collarblue-collarblue-collarblue-collarblue-collarblue-collarblue-collarblue-collarblue-collarblue-collarblue-collarblue-collarblue-collarblue-collarblue-collarblue-collarblue-collarblue-collarblue-collarblue-collarblue-collarblue-collarblue-collarblue-collarblue-collarblue-collarblue-collarblue-collarblue-collarblue-collarblue-collarblue-collarblue-collarblue-collarblue-collarblue-collarblue-collarblue-collarblue-collarblue-collarblue-collarblue-collarblue-collarblue-collarblue-collarblue-collarblue-collarblue-collarblue-collarblue-collarblue-collarblue-collarblue-collarblue-collarblue-collarblue-collarblue-collarblue-collarblue-collarblue-collarblue-collarblue-collarblue-collarblue-collarblue-collarblue-collarblue-collarblue-collarblue-collarblue-collarblue-collarblue-collarblue-collarblue-collarblue-collarblue-collarblue-collarblue-collarblue-collarblue-collarblue-collarblue-collarblue-collarblue-collarblue-collarblue-collarblue-collarblue-collarblue-collarblue-collarblue-collarblue-collarblue-collarblue-collarblue-collarblue-collarblue-collarblue-collarblue-collarblue-collarblue-collarblue-collarblue-collarblue-collarblue-collarblue-collarblue-collarblue-collarblue-collarblue-collarblue-collarblue-collarblue-collarblue-collarblue-collarblue-collarblue-collarblue-collarblue-collarblue-collarblue-collarblue-collarblue-collarblue-collarblue-collarblue-collarblue-collarblue-collarblue-collarblue-collarblue-collarblue-collarblue-collarblue-collarblue-collarblue-collarblue-collarblue-collarblue-collarblue-collarblue-collarblue-collarblue-collarblue-collarblue-collarblue-collarblue-collarblue-collarblue-collarblue-collarblue-collarblue-collarblue-collarblue-collarblue-collarblue-collarblue-collarblue-collarblue-collarblue-collarblue-collarblue-collarblue-collarblue-collarblue-collarblue-collarblue-collarblue-collarblue-collarblue-collarblue-collarblue-collarblue-collarblue-collarblue-collarblue-collarblue-collarblue-collarblue-collarblue-collarblue-collarblue-collarblue-collarblue-collarblue-collarblue-collarblue-collarblue-collarblue-collarblue-collarblue-collarblue-collarblue-collarblue-collarblue-collarblue-collarblue-collarblue-collarblue-collarblue-collarblue-collarblue-collarblue-collarblue-collarblue-collarblue-collarblue-collarblue-collarblue-collarblue-collarblue-collarblue-collarblue-collarblue-collarblue-collarblue-collarblue-collarblue-collarblue-collarblue-collarblue-collarblue-collarblue-collarblue-collarblue-collarblue-collarblue-collarblue-collarblue-collarblue-collarblue-collarblue-collarblue-collarblue-collarblue-collarblue-collarblue-collarblue-collarblue-collarblue-collarblue-collarblue-collarblue-collarblue-collarblue-collarblue-collarblue-collarblue-collarblue-collarblue-collarblue-collarblue-collarblue-collarblue-collarblue-collarblue-collarblue-collarblue-collarblue-collarblue-collarblue-collarblue-collarblue-collarblue-collarblue-collarblue-collarblue-collarblue-collarblue-collarblue-collarblue-collarblue-collarblue-collarblue-collarblue-collarblue-collarblue-collarblue-collarblue-collarblue-collarblue-collarblue-collarblue-collarblue-collarblue-collarblue-collarblue-collarblue-collarblue-collarblue-collarblue-collarblue-collarblue-collarblue-collarblue-collarblue-collarblue-collarblue-collarblue-collarblue-collarblue-collarblue-collarblue-collarblue-collarblue-collarblue-collarblue-collarblue-collarblue-collarblue-collarblue-collarblue-collarblue-collarblue-collarblue-collarblue-collarblue-collarblue-collarblue-collarblue-collarblue-collarblue-collarblue-collarblue-collarblue-collarblue-collarblue-collarblue-collarblue-collarblue-collarblue-collarblue-collarblue-collarblue-collarblue-collarblue-collarblue-collarblue-collarblue-collarblue-collarblue-collarblue-collarblue-collarblue-collarblue-collarblue-collarblue-collarblue-collarblue-collarblue-collarblue-collarblue-collarblue-collarblue-collarblue-collarblue-collarblue-collarblue-collarblue-collarblue-collarblue-collarblue-collarblue-collarblue-collarblue-collarblue-collarblue-collarblue-collarblue-collarblue-collarblue-collarblue-collarblue-collarblue-collarblue-collarblue-collarblue-collarblue-collarblue-collarblue-collarblue-collarblue-collarblue-collarblue-collarblue-collarblue-collarblue-collarblue-collarblue-collarblue-collarblue-collarblue-collarblue-collarblue-collarblue-collarblue-collarblue-collarblue-collarblue-collarblue-collarblue-collarblue-collarblue-collarblue-collarblue-collarblue-collarblue-collarblue-collarblue-collarblue-collarblue-collarblue-collarblue-collarblue-collarblue-collarblue-collarblue-collarblue-collarblue-collarblue-collarblue-collarblue-collarblue-collarblue-collarblue-collarblue-collarblue-collarblue-collarblue-collarblue-collarblue-collarblue-collarblue-collarblue-collarblue-collarblue-collarblue-collarblue-collarblue-collarblue-collarblue-collarblue-collarblue-collarblue-collarblue-collarblue-collarblue-collarblue-collarblue-collarblue-collarblue-collarblue-collarblue-collarblue-collarblue-collarblue-collarblue-collarblue-collarblue-collarblue-collarblue-collarblue-collarblue-collarblue-collarblue-collarblue-collarblue-collarblue-collarblue-collarblue-collarblue-collarblue-collarblue-collarblue-collarblue-collarblue-collarblue-collarblue-collarblue-collarblue-collarblue-collarblue-collarblue-collarblue-collarblue-collarblue-collarblue-collarblue-collarblue-collarblue-collarblue-collarblue-collarblue-collarblue-collarblue-collarblue-collarblue-collarblue-collarblue-collarblue-collarblue-collarblue-collarblue-collarblue-collarblue-collarblue-collarblue-collarblue-collarblue-collarblue-collarblue-collarblue-collarblue-collarblue-collarblue-collarblue-collarblue-collarblue-collarblue-collarblue-collarblue-collarblue-collarblue-collarblue-collarblue-collarblue-collarblue-collarblue-collarblue-collarblue-collarblue-collarblue-collarblue-collarblue-collarblue-collarblue-collarblue-collarblue-collarblue-collarblue-collarblue-collarblue-collarblue-collarblue-collarblue-collarblue-collarblue-collarblue-collarblue-collarblue-collarblue-collarblue-collarblue-collarblue-collarblue-collarblue-collarblue-collarblue-collarblue-collarblue-collarblue-collarblue-collarblue-collarblue-collarblue-collarblue-collarblue-collarblue-collarblue-collarblue-collarblue-collarblue-collarblue-collarblue-collarblue-collarblue-collarblue-collarblue-collarblue-collarblue-collarblue-collarblue-collarblue-collarblue-collarblue-collarblue-collarblue-collarblue-collarblue-collarblue-collarblue-collarblue-collarblue-collarblue-collarblue-collarblue-collarblue-collarblue-collarblue-collarblue-collarblue-collarblue-collarblue-collarblue-collarblue-collarblue-collarblue-collarblue-collarblue-collarblue-collarblue-collarblue-collarblue-collarblue-collarblue-collarblue-collarblue-collarblue-collarblue-collarblue-collarblue-collarblue-collarblue-collarblue-collarblue-collarblue-collarblue-collarblue-collarblue-collarblue-collarblue-collarblue-collarblue-collarblue-collarblue-collarblue-collarblue-collarblue-collarblue-collarblue-collarblue-collarblue-collarblue-collarblue-collarblue-collarblue-collarblue-collarblue-collarblue-collarblue-collarblue-collarblue-collarblue-collarblue-collarblue-collarblue-collarblue-collarblue-collarblue-collarblue-collarblue-collarblue-collarblue-collarblue-collarblue-collarblue-collarblue-collarblue-collarblue-collarblue-collarblue-collarblue-collarblue-collarblue-collarblue-collarblue-collarblue-collarblue-collarblue-collarblue-collarblue-collarblue-collarblue-collarblue-collarblue-collarblue-collarblue-collarblue-collarblue-collarblue-collarblue-collarblue-collarblue-collarblue-collarblue-collarblue-collarblue-collarblue-collarblue-collarblue-collarblue-collarblue-collarblue-collarblue-collarblue-collarblue-collarblue-collarblue-collarblue-collarblue-collarblue-collarblue-collarblue-collarblue-collarblue-collarblue-collarblue-collarblue-collarblue-collarblue-collarblue-collarblue-collarblue-collarblue-collarblue-collarblue-collarblue-collarblue-collarblue-collarblue-collarblue-collarblue-collarblue-collarblue-collarblue-collarblue-collarblue-collarblue-collarblue-collarblue-collarblue-collarblue-collarblue-collarblue-collarblue-collarblue-collarblue-collarblue-collarblue-collarblue-collarblue-collarblue-collarblue-collarblue-collarblue-collarblue-collarblue-collarblue-collarblue-collarblue-collarblue-collarblue-collarblue-collarblue-collarblue-collarblue-collarblue-collarblue-collarblue-collarblue-collarblue-collarblue-collarblue-collarblue-collarblue-collarblue-collarblue-collarblue-collarblue-collarblue-collarblue-collarblue-collarblue-collarblue-collarblue-collarblue-collarblue-collarblue-collarblue-collarblue-collarblue-collarblue-collarblue-collarblue-collarblue-collarblue-collarblue-collarblue-collarblue-collarblue-collarblue-collarblue-collarblue-collarblue-collarblue-collarblue-collarblue-collarblue-collarblue-collarblue-collarblue-collarblue-collarblue-collarblue-collarblue-collarblue-collarblue-collarblue-collarblue-collarblue-collarblue-collarblue-collarblue-collarblue-collarblue-collarblue-collarblue-collarblue-collarblue-collarblue-collarblue-collarblue-collarblue-collarblue-collarblue-collarblue-collarblue-collarblue-collarblue-collarblue-collarblue-collarblue-collarblue-collarblue-collarblue-collarblue-collarblue-collarblue-collarblue-collarblue-collarblue-collarblue-collarblue-collarblue-collarblue-collarblue-collarblue-collarblue-collarblue-collarblue-collarblue-collarblue-collarblue-collarblue-collarblue-collarblue-collarblue-collarblue-collarblue-collarblue-collarblue-collarblue-collarblue-collarblue-collarblue-collarblue-collarblue-collarblue-collarblue-collarblue-collarblue-collarblue-collarblue-collarblue-collarblue-collarblue-collarblue-collarblue-collarblue-collarblue-collarblue-collarblue-collarblue-collarblue-collarblue-collarblue-collarblue-collarblue-collarblue-collarblue-collarblue-collarblue-collarblue-collarblue-collarblue-collarblue-collarblue-collarblue-collarblue-collarblue-collarblue-collarblue-collarblue-collarblue-collarblue-collarblue-collarblue-collarblue-collarblue-collarblue-collarblue-collarblue-collarblue-collarblue-collarblue-collarblue-collarblue-collarblue-collarblue-collarblue-collarblue-collarblue-collarblue-collarblue-collarblue-collarblue-collarblue-collarblue-collarblue-collarblue-collarblue-collarblue-collarblue-collarblue-collarblue-collarblue-collarblue-collarblue-collarblue-collarblue-collarblue-collarblue-collarblue-collarblue-collarblue-collarblue-collarblue-collarblue-collarblue-collarblue-collarblue-collarblue-collarblue-collarblue-collarblue-collarblue-collarblue-collarblue-collarblue-collarblue-collarblue-collarblue-collarblue-collarblue-collarblue-collarblue-collarblue-collarblue-collarblue-collarblue-collarblue-collarblue-collarblue-collarblue-collarblue-collarblue-collarblue-collarblue-collarblue-collarblue-collarblue-collarblue-collarblue-collarblue-collarblue-collarblue-collarblue-collarblue-collarblue-collarblue-collarblue-collarblue-collarblue-collarblue-collarblue-collarblue-collarblue-collarblue-collarblue-collarblue-collarblue-collarblue-collarblue-collarblue-collarblue-collarblue-collarblue-collarblue-collarblue-collarblue-collarblue-collarblue-collarblue-collarblue-collarblue-collarblue-collarblue-collarblue-collarblue-collarblue-collarblue-collarblue-collarblue-collarblue-collarblue-collarblue-collarblue-collarblue-collarblue-collarblue-collarblue-collarblue-collarblue-collarblue-collarblue-collarblue-collarblue-collarblue-collarblue-collarblue-collarblue-collarblue-collarblue-collarblue-collarblue-collarblue-collarblue-collarblue-collarblue-collarblue-collarblue-collarblue-collarblue-collarblue-collarblue-collarblue-collarblue-collarblue-collarblue-collarblue-collarblue-collarblue-collarblue-collarblue-collarblue-collarblue-collarblue-collarblue-collarblue-collarblue-collarblue-collarblue-collarblue-collarblue-collarblue-collarblue-collarblue-collarblue-collarblue-collarblue-collarblue-collarblue-collarblue-collarblue-collarblue-collarblue-collarblue-collarblue-collarblue-collarblue-collarblue-collarblue-collarblue-collarblue-collarblue-collarblue-collarblue-collarblue-collarblue-collarblue-collarblue-collarblue-collarblue-collarblue-collarblue-collarblue-collarblue-collarblue-collarblue-collarblue-collarblue-collarblue-collarblue-collarblue-collarblue-collarblue-collarblue-collarblue-collarblue-collarblue-collarblue-collarblue-collarblue-collarblue-collarblue-collarblue-collarblue-collarblue-collarblue-collarblue-collarblue-collarblue-collarblue-collarblue-collarblue-collarblue-collarblue-collarblue-collarblue-collarblue-collarblue-collarblue-collarblue-collarblue-collarblue-collarblue-collarblue-collarblue-collarblue-collarblue-collarblue-collarblue-collarblue-collarblue-collarblue-collarblue-collarblue-collarblue-collarblue-collarblue-collarblue-collarblue-collarblue-collarblue-collarblue-collarblue-collarblue-collarblue-collarblue-collarblue-collarblue-collarblue-collarblue-collarblue-collarblue-collarblue-collarblue-collarblue-collarblue-collarblue-collarblue-collarblue-collarblue-collarblue-collarblue-collarblue-collarblue-collarblue-collarblue-collarblue-collarblue-collarblue-collarblue-collarblue-collarblue-collarblue-collarblue-collarblue-collarblue-collarblue-collarblue-collarblue-collarblue-collarblue-collarblue-collarblue-collarblue-collarblue-collarblue-collarblue-collarblue-collarblue-collarblue-collarblue-collarblue-collarblue-collarblue-collarblue-collarblue-collarblue-collarblue-collarblue-collarblue-collarblue-collarblue-collarblue-collarblue-collarblue-collarblue-collarblue-collarblue-collarblue-collarblue-collarblue-collarblue-collarblue-collarblue-collarblue-collarblue-collarblue-collarblue-collarblue-collarblue-collarblue-collarblue-collarblue-collarblue-collarblue-collarblue-collarblue-collarblue-collarblue-collarblue-collarblue-collarblue-collarblue-collarblue-collarblue-collarblue-collarblue-collarblue-collarblue-collarblue-collarblue-collarblue-collarblue-collarblue-collarblue-collarblue-collarblue-collarblue-collarblue-collarblue-collarblue-collarblue-collarblue-collarblue-collarblue-collarblue-collarblue-collarblue-collarblue-collarblue-collarblue-collarblue-collarblue-collarblue-collarblue-collarblue-collarblue-collarblue-collarblue-collarblue-collarblue-collarblue-collarblue-collarblue-collarblue-collarblue-collarblue-collarblue-collarblue-collarblue-collarblue-collarblue-collarblue-collarblue-collarblue-collarblue-collarblue-collarblue-collarblue-collarblue-collarblue-collarblue-collarblue-collarblue-collarblue-collarblue-collarblue-collarblue-collarblue-collarblue-collarblue-collarblue-collarblue-collarblue-collarblue-collarblue-collarblue-collarblue-collarblue-collarblue-collarblue-collarblue-collarblue-collarblue-collarblue-collarblue-collarblue-collarblue-collarblue-collarblue-collarblue-collarblue-collarblue-collarblue-collarblue-collarblue-collarblue-collarblue-collarblue-collarblue-collarblue-collarblue-collarblue-collarblue-collarblue-collarblue-collarblue-collarblue-collarblue-collarblue-collarblue-collarblue-collarblue-collarblue-collarblue-collarblue-collarblue-collarblue-collarblue-collarblue-collarblue-collarblue-collarblue-collarblue-collarblue-collarblue-collarblue-collarblue-collarblue-collarblue-collarblue-collarblue-collarblue-collarblue-collarblue-collarblue-collarblue-collarblue-collarblue-collarblue-collarblue-collarblue-collarblue-collarblue-collarblue-collarblue-collarblue-collarblue-collarblue-collarblue-collarblue-collarblue-collarblue-collarblue-collarblue-collarblue-collarblue-collarblue-collarblue-collarblue-collarblue-collarblue-collarblue-collarblue-collarblue-collarblue-collarblue-collarblue-collarblue-collarblue-collarblue-collarblue-collarblue-collarblue-collarblue-collarblue-collarblue-collarblue-collarblue-collarblue-collarblue-collarblue-collarblue-collarblue-collarblue-collarblue-collarblue-collarblue-collarblue-collarblue-collarblue-collarblue-collarblue-collarblue-collarblue-collarblue-collarblue-collarblue-collarblue-collarblue-collarblue-collarblue-collarblue-collarblue-collarblue-collarblue-collarblue-collarblue-collarblue-collarblue-collarblue-collarblue-collarblue-collarblue-collarblue-collarblue-collarblue-collarblue-collarblue-collarblue-collarblue-collarblue-collarblue-collarblue-collarblue-collarblue-collarblue-collarblue-collarblue-collarblue-collarblue-collarblue-collarblue-collarblue-collarblue-collarblue-collarblue-collarblue-collarblue-collarblue-collarblue-collarblue-collarblue-collarblue-collarblue-collarblue-collarblue-collarblue-collarblue-collarblue-collarblue-collarblue-collarblue-collarblue-collarblue-collarblue-collarblue-collarblue-collarblue-collarblue-collarblue-collarblue-collarblue-collarblue-collarblue-collarblue-collarblue-collarblue-collarblue-collarblue-collarblue-collarblue-collarblue-collarblue-collarblue-collarblue-collarblue-collarblue-collarblue-collarblue-collarblue-collarblue-collarblue-collarblue-collarblue-collarblue-collarblue-collarblue-collarblue-collarblue-collarblue-collarblue-collarblue-collarblue-collarblue-collarblue-collarblue-collarblue-collarblue-collarblue-collarblue-collarblue-collarblue-collarblue-collarblue-collarblue-collarblue-collarblue-collarblue-collarblue-collarblue-collarblue-collarblue-collarblue-collarblue-collarblue-collarblue-collarblue-collarblue-collarblue-collarblue-collarblue-collarblue-collarblue-collarblue-collarblue-collarblue-collarblue-collarblue-collarblue-collarblue-collarblue-collarblue-collarblue-collarblue-collarblue-collarblue-collarblue-collarblue-collarblue-collarblue-collarblue-collarblue-collarblue-collarblue-collarblue-collarblue-collarblue-collarblue-collarblue-collarblue-collarblue-collarblue-collarblue-collarblue-collarblue-collarblue-collarblue-collarblue-collarblue-collarblue-collarblue-collarblue-collarblue-collarblue-collarblue-collarblue-collarblue-collarblue-collarblue-collarblue-collarblue-collarblue-collarblue-collarblue-collarblue-collarblue-collarblue-collarblue-collarblue-collarblue-collarblue-collarblue-collarblue-collarblue-collarblue-collarblue-collarblue-collarblue-collarblue-collarblue-collarblue-collarblue-collarblue-collarblue-collarblue-collarblue-collarblue-collarblue-collarblue-collarblue-collarblue-collarblue-collarblue-collarblue-collarblue-collarblue-collarblue-collarblue-collarblue-collarblue-collarblue-collarblue-collarblue-collarblue-collarblue-collarblue-collarblue-collarblue-collarblue-collarblue-collarblue-collarblue-collarblue-collarblue-collarblue-collarblue-collarblue-collarblue-collarblue-collarblue-collarblue-collarblue-collarblue-collarblue-collarblue-collarblue-collarblue-collarblue-collarblue-collarblue-collarblue-collarblue-collarblue-collarblue-collarblue-collarblue-collarblue-collarblue-collarblue-collarblue-collarblue-collarblue-collarblue-collarblue-collarblue-collarblue-collarblue-collarblue-collarblue-collarblue-collarblue-collarblue-collarblue-collarblue-collarblue-collarblue-collarblue-collarblue-collarblue-collarblue-collarblue-collarblue-collarblue-collarblue-collarblue-collarblue-collarblue-collarblue-collarblue-collarblue-collarblue-collarblue-collarblue-collarblue-collarblue-collarblue-collarblue-collarblue-collarblue-collarblue-collarblue-collarblue-collarblue-collarblue-collarblue-collarblue-collarblue-collarblue-collarblue-collarblue-collarblue-collarblue-collarblue-collarblue-collarblue-collarblue-collarblue-collarblue-collarblue-collarblue-collarblue-collarblue-collarblue-collarblue-collarblue-collarblue-collarblue-collarblue-collarblue-collarblue-collarblue-collarblue-collarblue-collarblue-collarblue-collarblue-collarblue-collarblue-collarblue-collarblue-collarblue-collarblue-collarblue-collarblue-collarblue-collarblue-collarblue-collarblue-collarblue-collarblue-collarblue-collarblue-collarblue-collarblue-collarblue-collarblue-collarblue-collarblue-collarblue-collarblue-collarblue-collarblue-collarblue-collarblue-collarblue-collarblue-collarblue-collarblue-collarblue-collarblue-collarblue-collarblue-collarblue-collarblue-collarblue-collarblue-collarblue-collarblue-collarblue-collarblue-collarblue-collarblue-collarblue-collarblue-collarblue-collarblue-collarblue-collarblue-collarblue-collarblue-collarblue-collarblue-collarblue-collarblue-collarblue-collarblue-collarblue-collarblue-collarblue-collarblue-collarblue-collarblue-collarblue-collarblue-collarblue-collarblue-collarblue-collarblue-collarblue-collarblue-collarblue-collarblue-collarblue-collarblue-collarblue-collarblue-collarblue-collarblue-collarblue-collarblue-collarblue-collarblue-collarblue-collarblue-collarblue-collarblue-collarblue-collarblue-collarblue-collarblue-collarblue-collarblue-collarblue-collarblue-collarblue-collarblue-collarblue-collarblue-collarblue-collarblue-collarblue-collarblue-collarblue-collarblue-collarblue-collarblue-collarblue-collarblue-collarblue-collarblue-collarblue-collarblue-collarblue-collarblue-collarblue-collarblue-collarblue-collarblue-collarblue-collarblue-collarblue-collarblue-collarblue-collarblue-collarblue-collarblue-collarblue-collarblue-collarblue-collarblue-collarblue-collarblue-collarblue-collarblue-collarblue-collarblue-collarblue-collarblue-collarblue-collarblue-collarblue-collarblue-collarblue-collarblue-collarblue-collarblue-collarblue-collarblue-collarblue-collarblue-collarblue-collarblue-collarblue-collarblue-collarblue-collarblue-collarblue-collarblue-collarblue-collarblue-collarblue-collarblue-collarblue-collarblue-collarblue-collarblue-collarblue-collarblue-collarblue-collarblue-collarblue-collarblue-collarblue-collarblue-collarblue-collarblue-collarblue-collarblue-collarblue-collarblue-collarblue-collarblue-collarblue-collarblue-collarblue-collarblue-collarblue-collarblue-collarblue-collarblue-collarblue-collarblue-collarblue-collarblue-collarblue-collarblue-collarblue-collarblue-collarblue-collarblue-collarblue-collarblue-collarblue-collarblue-collarblue-collarblue-collarblue-collarblue-collarblue-collarblue-collarblue-collarblue-collarblue-collarblue-collarblue-collarblue-collarblue-collarblue-collarblue-collarblue-collarblue-collarblue-collarblue-collarblue-collarblue-collarblue-collarblue-collarblue-collarblue-collarblue-collarblue-collarblue-collarblue-collarblue-collarblue-collarblue-collarblue-collarblue-collarblue-collarblue-collarblue-collarblue-collarblue-collarblue-collarblue-collarblue-collarblue-collarblue-collarblue-collarblue-collarblue-collarblue-collarblue-collarblue-collarblue-collarblue-collarblue-collarblue-collarblue-collarblue-collarblue-collarblue-collarblue-collarblue-collarblue-collarblue-collarblue-collarblue-collarblue-collarblue-collarblue-collarblue-collarblue-collarblue-collarblue-collarblue-collarblue-collarblue-collarblue-collarblue-collarblue-collarblue-collarblue-collarblue-collarblue-collarblue-collarblue-collarblue-collarblue-collarblue-collarblue-collarblue-collarblue-collarblue-collarblue-collarblue-collarblue-collarblue-collarblue-collarblue-collarblue-collarblue-collarblue-collarblue-collarblue-collarblue-collarblue-collarblue-collarblue-collarblue-collarblue-collarblue-collarblue-collarblue-collarblue-collarblue-collarblue-collarblue-collarblue-collarblue-collarblue-collarblue-collarblue-collarblue-collarblue-collarblue-collarblue-collarblue-collarblue-collarblue-collarblue-collarblue-collarblue-collarblue-collarblue-collarblue-collarblue-collarblue-collarblue-collarblue-collarblue-collarblue-collarblue-collarblue-collarblue-collarblue-collarblue-collarblue-collarblue-collarblue-collarblue-collarblue-collarblue-collarblue-collarblue-collarblue-collarblue-collarblue-collarblue-collarblue-collarblue-collarblue-collarblue-collarblue-collarblue-collarblue-collarblue-collarblue-collarblue-collarblue-collarblue-collarblue-collarblue-collarblue-collarblue-collarblue-collarblue-collarblue-collarblue-collarblue-collarblue-collarblue-collarblue-collarblue-collarblue-collarblue-collarblue-collarblue-collarblue-collarblue-collarblue-collarblue-collarblue-collarblue-collarblue-collarblue-collarblue-collarblue-collarblue-collarblue-collarblue-collarblue-collarblue-collarblue-collarblue-collarblue-collarblue-collarblue-collarblue-collarblue-collarblue-collarblue-collarblue-collarblue-collarblue-collarblue-collarblue-collarblue-collarblue-collarblue-collarblue-collarblue-collarblue-collarblue-collarblue-collarblue-collarblue-collarblue-collarblue-collarblue-collarblue-collarblue-collarblue-collarblue-collarblue-collarblue-collarblue-collarblue-collarblue-collarblue-collarblue-collarblue-collarblue-collarblue-collarblue-collarblue-collarblue-collarblue-collarblue-collarblue-collarblue-collarblue-collarblue-collarblue-collarblue-collarblue-collarblue-collarblue-collarblue-collarblue-collarblue-collarblue-collarblue-collarblue-collarblue-collarblue-collarblue-collarblue-collarblue-collarblue-collarblue-collarblue-collarblue-collarblue-collarblue-collarblue-collarblue-collarblue-collarblue-collarblue-collarblue-collarblue-collarblue-collarblue-collarblue-collarblue-collarblue-collarblue-collarblue-collarblue-collarblue-collarblue-collarblue-collarblue-collarblue-collarblue-collarblue-collarblue-collarblue-collarblue-collarblue-collarblue-collarblue-collarblue-collarblue-collarblue-collarblue-collarblue-collarblue-collarblue-collarblue-collarblue-collarblue-collarblue-collarblue-collarblue-collarblue-collarblue-collarblue-collarblue-collarblue-collarblue-collarblue-collarblue-collarblue-collarblue-collarblue-collarblue-collarblue-collarblue-collarblue-collarblue-collarblue-collarblue-collarblue-collarblue-collarblue-collarblue-collarblue-collarblue-collarblue-collarblue-collarblue-collarblue-collarblue-collarblue-collarblue-collarblue-collarblue-collarblue-collarblue-collarblue-collarblue-collarblue-collarblue-collarblue-collarblue-collarblue-collarblue-collarblue-collarblue-collarblue-collarblue-collarblue-collarblue-collarblue-collarblue-collarblue-collarblue-collarblue-collarblue-collarblue-collarblue-collarblue-collarblue-collarblue-collarblue-collarblue-collarblue-collarblue-collarblue-collarblue-collarblue-collarblue-collarblue-collarblue-collarblue-collarblue-collarblue-collarblue-collarblue-collarblue-collarblue-collarblue-collarblue-collarblue-collarblue-collarblue-collarblue-collarblue-collarblue-collarblue-collarblue-collarblue-collarblue-collarblue-collarblue-collarblue-collarblue-collarblue-collarblue-collarblue-collarblue-collarblue-collarblue-collarblue-collarblue-collarblue-collarblue-collarblue-collarblue-collarblue-collarblue-collarblue-collarblue-collarblue-collarblue-collarblue-collarblue-collarblue-collarblue-collarblue-collarblue-collarblue-collarblue-collarblue-collarblue-collarblue-collarblue-collarblue-collarblue-collarblue-collarblue-collarblue-collarblue-collarblue-collarblue-collarblue-collarblue-collarblue-collarblue-collarblue-collarblue-collarblue-collarblue-collarblue-collarblue-collarblue-collarblue-collarblue-collarblue-collarblue-collarblue-collarblue-collarblue-collarblue-collarblue-collarblue-collarblue-collarblue-collarblue-collarblue-collarblue-collarblue-collarblue-collarblue-collarblue-collarblue-collarblue-collarblue-collarblue-collarblue-collarblue-collarblue-collarblue-collarblue-collarblue-collarblue-collarblue-collarblue-collarblue-collarblue-collarblue-collarblue-collarblue-collarblue-collarblue-collarblue-collarblue-collarblue-collarblue-collarblue-collarblue-collarblue-collarblue-collarblue-collarblue-collarblue-collarblue-collarblue-collarblue-collarblue-collarblue-collarblue-collarblue-collarblue-collarblue-collarblue-collarblue-collarblue-collarblue-collarblue-collarblue-collarblue-collarblue-collarblue-collarblue-collarblue-collarblue-collarblue-collarblue-collarblue-collarblue-collarblue-collarblue-collarblue-collarblue-collarblue-collarblue-collarblue-collarblue-collarblue-collarblue-collarblue-collarblue-collarblue-collarblue-collarblue-collarblue-collarblue-collarblue-collarblue-collarblue-collarblue-collarblue-collarblue-collarblue-collarblue-collarblue-collarblue-collarblue-collarblue-collarblue-collarblue-collarblue-collarblue-collarblue-collarblue-collarblue-collarblue-collarblue-collarblue-collarblue-collarblue-collarblue-collarblue-collarblue-collarblue-collarblue-collarblue-collarblue-collarblue-collarblue-collarblue-collarblue-collarblue-collarblue-collarblue-collarblue-collarblue-collarblue-collarblue-collarblue-collarblue-collarblue-collarblue-collarblue-collarblue-collarblue-collarblue-collarblue-collarblue-collarblue-collarblue-collarblue-collarblue-collarblue-collarblue-collarblue-collarblue-collarblue-collarblue-collarblue-collarblue-collarblue-collarblue-collarblue-collarblue-collarblue-collarblue-collarblue-collarblue-collarblue-collarblue-collarblue-collarblue-collarblue-collarblue-collarblue-collarblue-collarblue-collarblue-collarblue-collarblue-collarblue-collarblue-collarblue-collarblue-collarblue-collarblue-collarblue-collarblue-collarblue-collarblue-collarblue-collarblue-collarblue-collarblue-collarblue-collarblue-collarblue-collarblue-collarblue-collarblue-collarblue-collarblue-collarblue-collarblue-collarblue-collarblue-collarblue-collarblue-collarblue-collarblue-collarblue-collarblue-collarblue-collarblue-collarblue-collarblue-collarblue-collarblue-collarblue-collarblue-collarblue-collarblue-collarblue-collarblue-collarblue-collarblue-collarblue-collarblue-collarblue-collarblue-collarblue-collarblue-collarblue-collarblue-collarblue-collarblue-collarblue-collarblue-collarblue-collarblue-collarblue-collarblue-collarblue-collarblue-collarblue-collarblue-collarblue-collarblue-collarblue-collarblue-collarblue-collarblue-collarblue-collarblue-collarblue-collarblue-collarblue-collarblue-collarblue-collarblue-collarblue-collarblue-collarblue-collarblue-collarblue-collarblue-collarblue-collarblue-collarblue-collarblue-collarblue-collarblue-collarblue-collarblue-collarblue-collarblue-collarblue-collarblue-collarblue-collarblue-collarblue-collarblue-collarblue-collarblue-collarblue-collarblue-collarblue-collarblue-collarblue-collarblue-collarblue-collarblue-collarblue-collarblue-collarblue-collarblue-collarblue-collarblue-collarblue-collarblue-collarblue-collarblue-collarblue-collarblue-collarblue-collarblue-collarblue-collarblue-collarblue-collarblue-collarblue-collarblue-collarblue-collarblue-collarblue-collarblue-collarblue-collarblue-collarblue-collarblue-collarblue-collarblue-collarblue-collarblue-collarblue-collarblue-collarblue-collarblue-collarblue-collarblue-collarblue-collarblue-collarblue-collarblue-collarblue-collarblue-collarblue-collarblue-collarblue-collarblue-collarblue-collarblue-collarblue-collarblue-collarblue-collarblue-collarblue-collarblue-collarblue-collarblue-collarblue-collarblue-collarblue-collarblue-collarblue-collarblue-collarblue-collarblue-collarblue-collarblue-collarblue-collarblue-collarblue-collarblue-collarblue-collarblue-collarblue-collarblue-collarblue-collarblue-collarblue-collarblue-collarblue-collarblue-collarblue-collarblue-collarblue-collarblue-collarblue-collarblue-collarblue-collarblue-collarblue-collarblue-collarblue-collarblue-collarblue-collarblue-collarblue-collarblue-collarblue-collarblue-collarblue-collarblue-collarblue-collarblue-collarblue-collarblue-collarblue-collarblue-collarblue-collarblue-collarblue-collarblue-collarblue-collarblue-collarblue-collarblue-collarblue-collarblue-collarblue-collarblue-collarblue-collarblue-collarblue-collarblue-collarblue-collarblue-collarblue-collarblue-collarblue-collarblue-collarblue-collarblue-collarblue-collarblue-collarblue-collarblue-collarblue-collarblue-collarblue-collarblue-collarblue-collarblue-collarblue-collarblue-collarblue-collarblue-collarblue-collarblue-collarblue-collarblue-collarblue-collarblue-collarblue-collarblue-collarblue-collarblue-collarblue-collarblue-collarblue-collarblue-collarblue-collarblue-collarblue-collarblue-collarblue-collarblue-collarblue-collarblue-collarblue-collarblue-collarblue-collarblue-collarblue-collarblue-collarblue-collarblue-collarblue-collarblue-collarblue-collarblue-collarblue-collarblue-collarblue-collarblue-collarblue-collarblue-collarblue-collarblue-collarblue-collarblue-collarblue-collarblue-collarblue-collarblue-collarblue-collarblue-collarblue-collarblue-collarblue-collarblue-collarblue-collarblue-collarblue-collarblue-collarblue-collarblue-collarblue-collarblue-collarblue-collarblue-collarblue-collarblue-collarblue-collarblue-collarblue-collarblue-collarblue-collarblue-collarblue-collarblue-collarblue-collarblue-collarblue-collarblue-collarblue-collarblue-collarblue-collarblue-collarblue-collarblue-collarblue-collarblue-collarblue-collarblue-collarblue-collarblue-collarblue-collarblue-collarblue-collarblue-collarblue-collarblue-collarblue-collarblue-collarblue-collarblue-collarblue-collarblue-collarblue-collarblue-collarblue-collarblue-collarblue-collarblue-collarblue-collarblue-collarblue-collarblue-collarblue-collarblue-collarblue-collarblue-collarblue-collarblue-collarblue-collarblue-collarblue-collarblue-collarblue-collarblue-collarblue-collarblue-collarblue-collarblue-collarblue-collarblue-collarblue-collarblue-collarblue-collarblue-collarblue-collarblue-collarblue-collarblue-collarblue-collarblue-collarblue-collarblue-collarblue-collarblue-collarblue-collarblue-collarblue-collarblue-collarblue-collarblue-collarblue-collarblue-collarblue-collarblue-collarblue-collarblue-collarblue-collarblue-collarblue-collarblue-collarblue-collarblue-collarblue-collarblue-collarblue-collarblue-collarblue-collarblue-collarblue-collarblue-collarblue-collarblue-collarblue-collarblue-collarblue-collarblue-collarblue-collarblue-collarblue-collarblue-collarblue-collarblue-collarblue-collarblue-collarblue-collarblue-collarblue-collarblue-collarblue-collarblue-collarblue-collarblue-collarblue-collarblue-collarblue-collarblue-collarblue-collarblue-collarblue-collarblue-collarblue-collarblue-collarblue-collarblue-collarblue-collarblue-collarblue-collarblue-collarblue-collarblue-collarblue-collarblue-collarblue-collarblue-collarblue-collarblue-collarblue-collarblue-collarblue-collarblue-collarblue-collarblue-collarblue-collarblue-collarblue-collarblue-collarblue-collarblue-collarblue-collarblue-collarblue-collarblue-collarblue-collarblue-collarblue-collarblue-collarblue-collarblue-collarblue-collarblue-collarblue-collarblue-collarblue-collarblue-collarblue-collarblue-collarblue-collarblue-collarblue-collarblue-collarblue-collarblue-collarblue-collarblue-collarblue-collarblue-collarblue-collarblue-collarblue-collarblue-collarblue-collarblue-collarblue-collarblue-collarblue-collarblue-collarblue-collarblue-collarblue-collarblue-collarblue-collarblue-collarblue-collarblue-collarblue-collarblue-collarblue-collarblue-collarblue-collarblue-collarblue-collarblue-collarblue-collarblue-collarblue-collarblue-collarblue-collarblue-collarblue-collarblue-collarblue-collarblue-collarblue-collarblue-collarblue-collarblue-collarblue-collarblue-collarblue-collarblue-collarblue-collarblue-collarblue-collarblue-collarblue-collarblue-collarblue-collarblue-collarblue-collarblue-collarblue-collarblue-collarblue-collarblue-collarblue-collarblue-collarblue-collarblue-collarblue-collarblue-collarblue-collarblue-collarblue-collarblue-collarblue-collarblue-collarblue-collarblue-collarblue-collarblue-collarblue-collarblue-collarblue-collarblue-collarblue-collarblue-collarblue-collarblue-collarblue-collarblue-collarblue-collarblue-collarblue-collarblue-collarblue-collarblue-collarblue-collarblue-collarblue-collarblue-collarblue-collarblue-collarblue-collarblue-collarblue-collarblue-collarblue-collarblue-collarblue-collarblue-collarblue-collarblue-collarblue-collarblue-collarblue-collarblue-collarblue-collarblue-collarblue-collarblue-collarblue-collarblue-collarblue-collarblue-collarblue-collarblue-collarblue-collarblue-collarblue-collarblue-collarblue-collarblue-collarblue-collarblue-collarblue-collarblue-collarblue-collarblue-collarblue-collarblue-collarblue-collarblue-collarblue-collarblue-collarblue-collarblue-collarblue-collarblue-collarblue-collarblue-collarblue-collarblue-collarblue-collarblue-collarblue-collarblue-collarblue-collarblue-collarblue-collarblue-collarblue-collarblue-collarblue-collarblue-collarblue-collarblue-collarblue-collarblue-collarblue-collarblue-collarblue-collarblue-collarblue-collarblue-collarblue-collarblue-collarblue-collarblue-collarblue-collarblue-collarblue-collarblue-collarblue-collarblue-collarblue-collarblue-collarblue-collarblue-collarblue-collarblue-collarblue-collarblue-collarblue-collarblue-collarblue-collarblue-collarblue-collarblue-collarblue-collarblue-collarblue-collarblue-collarblue-collarblue-collarblue-collarblue-collarblue-collarblue-collarblue-collarblue-collarblue-collarblue-collarblue-collarblue-collarblue-collarblue-collarblue-collarblue-collarblue-collarblue-collarblue-collarblue-collarblue-collarblue-collarblue-collarblue-collarblue-collarblue-collarblue-collarblue-collarblue-collarblue-collarblue-collarblue-collarblue-collarblue-collarblue-collarblue-collarblue-collarblue-collarblue-collarblue-collarblue-collarblue-collarblue-collarblue-collarblue-collarblue-collarblue-collarblue-collarblue-collarblue-collarblue-collarblue-collarblue-collarblue-collarblue-collarblue-collarblue-collarblue-collarblue-collarblue-collarblue-collarblue-collarblue-collarblue-collarblue-collarblue-collarblue-collarblue-collarblue-collarblue-collarblue-collarblue-collarblue-collarblue-collarblue-collarblue-collarblue-collarblue-collarblue-collarblue-collarblue-collarblue-collarblue-collarblue-collarblue-collarblue-collarblue-collarblue-collarblue-collarblue-collarblue-collarblue-collarblue-collarblue-collarblue-collarblue-collarblue-collarblue-collarblue-collarblue-collarblue-collarblue-collarblue-collarblue-collarblue-collarblue-collarblue-collarblue-collarblue-collarblue-collarblue-collarblue-collarblue-collarblue-collarblue-collarblue-collarblue-collarblue-collarblue-collarblue-collarblue-collarblue-collarblue-collarblue-collarblue-collarblue-collarblue-collarblue-collarblue-collarblue-collarblue-collarblue-collarblue-collarblue-collarblue-collarblue-collarblue-collarblue-collarblue-collarblue-collarblue-collarblue-collarblue-collarblue-collarblue-collarblue-collarblue-collarblue-collarblue-collarblue-collarblue-collarblue-collarblue-collarblue-collarblue-collarblue-collarblue-collarblue-collarblue-collarblue-collarblue-collarblue-collarblue-collarblue-collarblue-collarblue-collarblue-collarblue-collarblue-collarblue-collarblue-collarblue-collarblue-collarblue-collarblue-collarblue-collarblue-collarblue-collarblue-collarblue-collarblue-collarblue-collarblue-collarblue-collarblue-collarblue-collarblue-collarblue-collarblue-collarblue-collarblue-collarblue-collarblue-collarblue-collarblue-collarblue-collarblue-collarblue-collarblue-collarblue-collarblue-collarblue-collarblue-collarblue-collarblue-collarblue-collarblue-collarblue-collarblue-collarblue-collarblue-collarblue-collarblue-collarblue-collarblue-collarblue-collarblue-collarblue-collarblue-collarblue-collarblue-collarblue-collarblue-collarblue-collarblue-collarblue-collarblue-collarblue-collarblue-collarblue-collarblue-collarblue-collarblue-collarblue-collarblue-collarblue-collarblue-collarblue-collarblue-collarblue-collarblue-collarblue-collarblue-collarblue-collarblue-collarblue-collarblue-collarblue-collarblue-collarblue-collarblue-collarblue-collarblue-collarblue-collarblue-collarblue-collarblue-collarblue-collarblue-collarblue-collarblue-collarblue-collarblue-collarblue-collarblue-collarblue-collarblue-collarblue-collarblue-collarblue-collarblue-collarblue-collarblue-collarblue-collarblue-collarblue-collarblue-collarblue-collarblue-collarblue-collarblue-collarblue-collarblue-collarblue-collarblue-collarblue-collarblue-collarblue-collarblue-collarblue-collarblue-collarblue-collarblue-collarblue-collarblue-collarblue-collarblue-collarblue-collarblue-collarblue-collarblue-collarblue-collarblue-collarblue-collarblue-collarblue-collarblue-collarblue-collarblue-collarblue-collarblue-collarblue-collarblue-collarblue-collarblue-collarblue-collarblue-collarblue-collarblue-collarblue-collarblue-collarblue-collarblue-collarblue-collarblue-collarblue-collarblue-collarblue-collarblue-collarblue-collarblue-collarblue-collarblue-collarblue-collarblue-collarblue-collarblue-collarblue-collarblue-collarblue-collarblue-collarblue-collarblue-collarblue-collarblue-collarblue-collarblue-collarblue-collarblue-collarblue-collarblue-collarblue-collarblue-collarblue-collarblue-collarblue-collarblue-collarblue-collarblue-collarblue-collarblue-collarblue-collarblue-collarblue-collarblue-collarblue-collarblue-collarblue-collarblue-collarblue-collarblue-collarblue-collarblue-collarblue-collarblue-collarblue-collarblue-collarblue-collarblue-collarblue-collarblue-collarblue-collarblue-collarblue-collarblue-collarblue-collarblue-collarblue-collarblue-collarblue-collarblue-collarblue-collarblue-collarblue-collarblue-collarblue-collarblue-collarblue-collarblue-collarblue-collarblue-collarblue-collarblue-collarblue-collarblue-collarblue-collarblue-collarblue-collarblue-collarblue-collarblue-collarblue-collarblue-collarblue-collarblue-collarblue-collarblue-collarblue-collarblue-collarblue-collarblue-collarblue-collarblue-collarblue-collarblue-collarblue-collarblue-collarblue-collarblue-collarblue-collarblue-collarblue-collarblue-collarblue-collarblue-collarblue-collarblue-collarblue-collarblue-collarblue-collarblue-collarblue-collarblue-collarblue-collarblue-collarblue-collarblue-collarblue-collarblue-collarblue-collarblue-collarblue-collarblue-collarblue-collarblue-collarblue-collarblue-collarblue-collarblue-collarblue-collarblue-collarblue-collarblue-collarblue-collarblue-collarblue-collarblue-collarblue-collarblue-collarblue-collarblue-collarblue-collarblue-collarblue-collarblue-collarblue-collarblue-collarblue-collarblue-collarblue-collarblue-collarblue-collarblue-collarblue-collarblue-collarblue-collarblue-collarblue-collarblue-collarblue-collarblue-collarblue-collarblue-collarblue-collarblue-collarblue-collarblue-collarblue-collarblue-collarblue-collarblue-collarblue-collarblue-collarblue-collarblue-collarblue-collarblue-collarblue-collarblue-collarblue-collarblue-collarblue-collarblue-collarblue-collarblue-collarblue-collarblue-collarblue-collarblue-collarblue-collarblue-collarblue-collarblue-collarblue-collarblue-collarblue-collarblue-collarblue-collarblue-collarblue-collarblue-collarblue-collarblue-collarblue-collarblue-collarblue-collarblue-collarblue-collarblue-collarblue-collarblue-collarblue-collarblue-collarblue-collarblue-collarblue-collarblue-collarblue-collarblue-collarblue-collarblue-collarblue-collarblue-collarblue-collarblue-collarblue-collarblue-collarblue-collarblue-collarblue-collarblue-collarblue-collarblue-collarblue-collarblue-collarblue-collarblue-collarblue-collarblue-collarblue-collarblue-collarblue-collarblue-collarblue-collarblue-collarblue-collarblue-collarblue-collarblue-collarblue-collarblue-collarblue-collarblue-collarblue-collarblue-collarblue-collarblue-collarblue-collarblue-collarblue-collarblue-collarblue-collarblue-collarblue-collarblue-collarblue-collarblue-collarblue-collarblue-collarblue-collarblue-collarblue-collarblue-collarblue-collarblue-collarblue-collarblue-collarblue-collarblue-collarblue-collarblue-collarblue-collarblue-collarblue-collarblue-collarblue-collarblue-collarblue-collarblue-collarblue-collarblue-collarblue-collarblue-collarblue-collarblue-collarblue-collarblue-collarblue-collarblue-collarblue-collarblue-collarblue-collarblue-collarblue-collarblue-collarblue-collarblue-collarblue-collarblue-collarblue-collarblue-collarblue-collarblue-collarblue-collarblue-collarblue-collarblue-collarblue-collarblue-collarblue-collarblue-collarblue-collarblue-collarblue-collarblue-collarblue-collarblue-collarblue-collarblue-collarblue-collarblue-collarblue-collarblue-collarblue-collarblue-collarblue-collarblue-collarblue-collarblue-collarblue-collarblue-collarblue-collarblue-collarblue-collarblue-collarblue-collarblue-collarblue-collarblue-collarblue-collarblue-collarblue-collarblue-collarblue-collarblue-collarblue-collarblue-collarblue-collarblue-collarblue-collarblue-collarblue-collarblue-collarblue-collarblue-collarblue-collarblue-collarblue-collarblue-collarblue-collarblue-collarblue-collarblue-collarblue-collarblue-collarblue-collarblue-collarblue-collarblue-collarblue-collarblue-collarblue-collarblue-collarblue-collarblue-collarblue-collarblue-collarblue-collarblue-collarblue-collarblue-collarblue-collarblue-collarblue-collarblue-collarblue-collarblue-collarblue-collarblue-collarblue-collarblue-collarblue-collarblue-collarblue-collarblue-collarblue-collarblue-collarblue-collarblue-collarblue-collarblue-collarblue-collarblue-collarblue-collarblue-collarblue-collarblue-collarblue-collarblue-collarblue-collarblue-collarblue-collarblue-collarblue-collarblue-collarblue-collarblue-collarblue-collarblue-collarblue-collarblue-collarblue-collarblue-collarblue-collarblue-collarblue-collarblue-collarblue-collarblue-collarblue-collarblue-collarblue-collarblue-collarblue-collarblue-collarblue-collarblue-collarblue-collarblue-collarblue-collarblue-collarblue-collarblue-collarblue-collarblue-collarblue-collarblue-collarblue-collarblue-collarblue-collarblue-collarblue-collarblue-collarblue-collarblue-collarblue-collarblue-collarblue-collarblue-collarblue-collarblue-collarblue-collarblue-collarblue-collarblue-collarblue-collarblue-collarblue-collarblue-collarblue-collarblue-collarblue-collarblue-collarblue-collarblue-collarblue-collarblue-collarblue-collarblue-collarblue-collarblue-collarblue-collarblue-collarblue-collarblue-collarblue-collarblue-collarblue-collarblue-collarblue-collarblue-collarblue-collarblue-collarblue-collarblue-collarblue-collarblue-collarblue-collarblue-collarblue-collarblue-collarblue-collarblue-collarblue-collarblue-collarblue-collarblue-collarblue-collarblue-collarblue-collarblue-collarblue-collarblue-collarblue-collarblue-collarblue-collarblue-collarblue-collarblue-collarblue-collarblue-collarblue-collarblue-collarblue-collarblue-collarblue-collarblue-collarblue-collarblue-collarblue-collarblue-collarblue-collarblue-collarblue-collarblue-collarblue-collarblue-collarblue-collarblue-collarblue-collarblue-collarblue-collarblue-collarblue-collarblue-collarblue-collarblue-collarblue-collarblue-collarblue-collarblue-collarblue-collarblue-collarblue-collarblue-collarblue-collarblue-collarblue-collarblue-collarblue-collarblue-collarblue-collarblue-collarblue-collarblue-collarblue-collarblue-collarblue-collarblue-collarblue-collarblue-collarblue-collarblue-collarblue-collarblue-collarblue-collarblue-collarblue-collarblue-collarblue-collarblue-collarblue-collarblue-collarblue-collarblue-collarblue-collarblue-collarblue-collarblue-collarblue-collarblue-collarblue-collarblue-collarblue-collarblue-collarblue-collarblue-collarblue-collarblue-collarblue-collarblue-collarblue-collarblue-collarblue-collarblue-collarblue-collarblue-collarblue-collarblue-collarblue-collarblue-collarblue-collarblue-collarblue-collarblue-collarblue-collarblue-collarblue-collarblue-collarblue-collarblue-collarblue-collarblue-collarblue-collarblue-collarblue-collarblue-collarblue-collarblue-collarblue-collarblue-collarblue-collarblue-collarblue-collarblue-collarblue-collarblue-collarblue-collarblue-collarblue-collarblue-collarblue-collarblue-collarblue-collarblue-collarblue-collarblue-collarblue-collarblue-collarblue-collarblue-collarblue-collarblue-collarblue-collarblue-collarblue-collarblue-collarblue-collarblue-collarblue-collarblue-collarblue-collarblue-collarblue-collarblue-collarblue-collarblue-collarblue-collarblue-collarblue-collarblue-collarblue-collarblue-collarblue-collarblue-collarblue-collarblue-collarblue-collarblue-collarblue-collarblue-collarblue-collarblue-collarblue-collarblue-collarblue-collarblue-collarblue-collarblue-collarblue-collarblue-collarblue-collarblue-collarblue-collarblue-collarblue-collarblue-collarblue-collarblue-collarblue-collarblue-collarblue-collarblue-collarblue-collarblue-collarblue-collarblue-collarblue-collarblue-collarblue-collarblue-collarblue-collarblue-collarblue-collarblue-collarblue-collarblue-collarblue-collarblue-collarblue-collarblue-collarblue-collarblue-collarblue-collarblue-collarblue-collarblue-collarblue-collarblue-collarblue-collarblue-collarblue-collarblue-collarblue-collarblue-collarblue-collarblue-collarblue-collarblue-collarblue-collarblue-collarblue-collarblue-collarblue-collarblue-collarblue-collarblue-collarblue-collarblue-collarblue-collarblue-collarblue-collarblue-collarblue-collarblue-collarblue-collarblue-collarblue-collarblue-collarblue-collarblue-collarblue-collarblue-collarblue-collarblue-collarblue-collarblue-collarblue-collarblue-collarblue-collarblue-collarblue-collarblue-collarblue-collarblue-collarblue-collarblue-collarblue-collarblue-collarblue-collarblue-collarblue-collarblue-collarblue-collarblue-collarblue-collarblue-collarblue-collarblue-collarblue-collarblue-collarblue-collarblue-collarblue-collarblue-collarblue-collarblue-collarblue-collarblue-collarblue-collarblue-collarblue-collarblue-collarblue-collarblue-collarblue-collarblue-collarblue-collarblue-collarblue-collarblue-collarblue-collarblue-collarblue-collarblue-collarblue-collarblue-collarblue-collarblue-collarblue-collarblue-collarblue-collarblue-collarblue-collarblue-collarblue-collarblue-collarblue-collarblue-collarblue-collarblue-collarblue-collarblue-collarblue-collarblue-collarblue-collarblue-collarblue-collarblue-collarblue-collarblue-collarblue-collarblue-collarblue-collarblue-collarblue-collarblue-collarblue-collarblue-collarblue-collarblue-collarblue-collarblue-collarblue-collarblue-collarblue-collarblue-collarblue-collarblue-collarblue-collarblue-collarblue-collarblue-collarblue-collarblue-collarblue-collarblue-collarblue-collarblue-collarblue-collarblue-collarblue-collarblue-collarblue-collarblue-collarblue-collarblue-collarblue-collarblue-collarblue-collarblue-collarblue-collarblue-collarblue-collarblue-collarblue-collarblue-collarblue-collarblue-collarblue-collarblue-collarblue-collarblue-collarblue-collarblue-collarblue-collarblue-collarblue-collarblue-collarblue-collarblue-collarblue-collarblue-collarblue-collarblue-collarblue-collarblue-collarblue-collarblue-collarblue-collarblue-collarblue-collarblue-collarblue-collarblue-collarblue-collarblue-collarblue-collarblue-collarblue-collarblue-collarblue-collarblue-collarblue-collarblue-collarblue-collarblue-collarblue-collarblue-collarblue-collarblue-collarblue-collarblue-collarblue-collarblue-collarblue-collarblue-collarblue-collarblue-collarblue-collarblue-collarblue-collarblue-collarblue-collarblue-collarblue-collarblue-collarblue-collarblue-collarblue-collarblue-collarblue-collarblue-collarblue-collarblue-collarblue-collarblue-collarblue-collarblue-collarblue-collarblue-collarblue-collarblue-collarblue-collarblue-collarblue-collarblue-collarblue-collarblue-collarblue-collarblue-collarblue-collarblue-collarblue-collarblue-collarblue-collarblue-collarblue-collarblue-collarblue-collarblue-collarblue-collarblue-collarblue-collarblue-collarblue-collarblue-collarblue-collarblue-collarblue-collarblue-collarblue-collarblue-collarblue-collarblue-collarblue-collarblue-collarblue-collarblue-collarblue-collarblue-collarblue-collarblue-collarblue-collarblue-collarblue-collarblue-collarblue-collarblue-collarblue-collarblue-collarblue-collarblue-collarblue-collarblue-collarblue-collarblue-collarblue-collarblue-collarblue-collarblue-collarblue-collarblue-collarblue-collarblue-collarblue-collarblue-collarblue-collarblue-collarblue-collarblue-collarblue-collarblue-collarblue-collarblue-collarblue-collarblue-collarblue-collarblue-collarblue-collarblue-collarblue-collarblue-collarblue-collarblue-collarblue-collarblue-collarblue-collarblue-collarblue-collarblue-collarblue-collarblue-collarblue-collarblue-collarblue-collarblue-collarblue-collarblue-collarblue-collarblue-collarblue-collarblue-collarblue-collarblue-collarblue-collarblue-collarblue-collarblue-collarblue-collarblue-collarblue-collarblue-collarblue-collarblue-collarblue-collarblue-collarblue-collarblue-collarblue-collarblue-collarblue-collarblue-collarblue-collarblue-collarblue-collarblue-collarblue-collarblue-collarblue-collarblue-collarblue-collarblue-collarblue-collarblue-collarblue-collarblue-collarblue-collarblue-collarblue-collarblue-collarblue-collarblue-collarblue-collarblue-collarblue-collarblue-collarblue-collarblue-collarblue-collarblue-collarblue-collarblue-collarblue-collarblue-collarblue-collarblue-collarblue-collarblue-collarblue-collarblue-collarblue-collarblue-collarblue-collarblue-collarblue-collarblue-collarblue-collarblue-collarblue-collarblue-collarblue-collarblue-collarblue-collarblue-collarblue-collarblue-collarblue-collarblue-collarblue-collarblue-collarblue-collarblue-collarblue-collarblue-collarblue-collarblue-collarblue-collarblue-collarblue-collarblue-collarblue-collarblue-collarblue-collarblue-collarblue-collarblue-collarblue-collarblue-collarblue-collarblue-collarblue-collarblue-collarblue-collarblue-collarblue-collarblue-collarblue-collarblue-collarblue-collarblue-collarblue-collarblue-collarblue-collarblue-collarblue-collarblue-collarblue-collarblue-collarblue-collarblue-collarblue-collarblue-collarblue-collarblue-collarblue-collarblue-collarblue-collarblue-collarblue-collarblue-collarblue-collarblue-collarblue-collarblue-collarblue-collarblue-collarblue-collarblue-collarblue-collarblue-collarblue-collarblue-collarblue-collarblue-collarblue-collarblue-collarblue-collarblue-collarblue-collarblue-collarblue-collarblue-collarblue-collarblue-collarblue-collarblue-collarblue-collarblue-collarblue-collarblue-collarblue-collarblue-collarblue-collarblue-collarblue-collarblue-collarblue-collarblue-collarblue-collarblue-collarblue-collarblue-collarblue-collarblue-collarblue-collarblue-collarblue-collarblue-collarblue-collarblue-collarblue-collarblue-collarblue-collarblue-collarblue-collarblue-collarblue-collarblue-collarblue-collarblue-collarblue-collarblue-collarblue-collarblue-collarblue-collarblue-collarblue-collarblue-collarblue-collarblue-collarblue-collarblue-collarblue-collarblue-collarblue-collarblue-collarblue-collarblue-collarblue-collarblue-collarblue-collarblue-collarblue-collarblue-collarblue-collarblue-collarblue-collarblue-collarblue-collarblue-collarblue-collarblue-collarblue-collarblue-collarblue-collarblue-collarblue-collarblue-collarblue-collarblue-collarblue-collarblue-collarblue-collarblue-collarblue-collarblue-collarblue-collarblue-collarblue-collarblue-collarblue-collarblue-collarblue-collarblue-collarblue-collarblue-collarblue-collarblue-collarblue-collarblue-collarblue-collarblue-collarblue-collarblue-collarblue-collarblue-collarblue-collarblue-collarblue-collarblue-collarblue-collarblue-collarblue-collarblue-collarblue-collarblue-collarblue-collarblue-collarblue-collarblue-collarblue-collarblue-collarblue-collarblue-collarblue-collarblue-collarblue-collarblue-collarblue-collarblue-collarblue-collarblue-collarblue-collarblue-collarblue-collarblue-collarblue-collarblue-collarblue-collarblue-collarblue-collarblue-collarblue-collarblue-collarblue-collarblue-collarblue-collarblue-collarblue-collarblue-collarblue-collarblue-collarblue-collarblue-collarblue-collarblue-collarblue-collarblue-collarblue-collarblue-collarblue-collarblue-collarblue-collarblue-collarblue-collarblue-collarblue-collarblue-collarblue-collarblue-collarblue-collarblue-collarblue-collarblue-collarblue-collarblue-collarblue-collarblue-collarblue-collarblue-collarblue-collarblue-collarblue-collarblue-collarblue-collarblue-collarblue-collarblue-collarblue-collarblue-collarblue-collarblue-collarblue-collarblue-collarblue-collarblue-collarblue-collarblue-collarblue-collarblue-collarblue-collarblue-collarblue-collarblue-collarblue-collarblue-collarblue-collarblue-collarblue-collarblue-collarblue-collarblue-collarblue-collarblue-collarblue-collarblue-collarblue-collarblue-collarblue-collarblue-collarblue-collarblue-collarblue-collarblue-collarblue-collarblue-collarblue-collarblue-collarblue-collarblue-collarblue-collarblue-collarblue-collarblue-collarblue-collarblue-collarblue-collarblue-collarblue-collarblue-collarblue-collarblue-collarblue-collarblue-collarblue-collarblue-collarblue-collarblue-collarblue-collarblue-collarblue-collarblue-collarblue-collarblue-collarblue-collarblue-collarblue-collarblue-collarblue-collarblue-collarblue-collarblue-collarblue-collarblue-collarblue-collarblue-collarblue-collarblue-collarblue-collarblue-collarblue-collarblue-collarblue-collarblue-collarblue-collarblue-collarblue-collarblue-collarblue-collarblue-collarblue-collarblue-collarblue-collarblue-collarblue-collarblue-collarblue-collarblue-collarblue-collarblue-collarblue-collarblue-collarblue-collarblue-collarblue-collarblue-collarblue-collarblue-collarblue-collarblue-collarblue-collarblue-collarblue-collarblue-collarblue-collarblue-collarblue-collarblue-collarblue-collarblue-collarblue-collarblue-collarblue-collarblue-collarblue-collarblue-collarblue-collarblue-collarblue-collarblue-collarblue-collarblue-collarblue-collarblue-collarblue-collarblue-collarblue-collarblue-collarblue-collarblue-collarblue-collarblue-collarblue-collarblue-collarblue-collarblue-collarblue-collarblue-collarblue-collarblue-collarblue-collarblue-collarblue-collarblue-collarblue-collarblue-collarblue-collarblue-collarblue-collarblue-collarblue-collarblue-collarblue-collarblue-collarblue-collarblue-collarblue-collarblue-collarblue-collarblue-collarblue-collarblue-collarblue-collarblue-collarblue-collarblue-collarblue-collarblue-collarblue-collarblue-collarblue-collarblue-collarblue-collarblue-collarblue-collarblue-collarblue-collarblue-collarblue-collarblue-collarblue-collarblue-collarblue-collarblue-collarblue-collarblue-collarblue-collarblue-collarblue-collarblue-collarblue-collarblue-collarblue-collarblue-collarblue-collarblue-collarblue-collarblue-collarblue-collarblue-collarblue-collarblue-collarblue-collarblue-collarblue-collarblue-collarblue-collarblue-collarblue-collarblue-collarblue-collarblue-collarblue-collarblue-collarblue-collarblue-collarblue-collarblue-collarblue-collarblue-collarblue-collarblue-collarblue-collarblue-collarblue-collarblue-collarblue-collarblue-collarblue-collarblue-collarblue-collarblue-collarblue-collarblue-collarblue-collarblue-collarblue-collarblue-collarblue-collarblue-collarblue-collarblue-collarblue-collarblue-collarblue-collarblue-collarblue-collarblue-collarblue-collarblue-collarblue-collarblue-collarblue-collarblue-collarblue-collarblue-collarblue-collarblue-collarblue-collarblue-collarblue-collarblue-collarblue-collarblue-collarblue-collarblue-collarblue-collarblue-collarblue-collarblue-collarblue-collarblue-collarblue-collarblue-collarblue-collarblue-collarblue-collarblue-collarblue-collarblue-collarblue-collarblue-collarblue-collarblue-collarblue-collarblue-collarblue-collarblue-collarblue-collarblue-collarblue-collarblue-collarblue-collarblue-collarblue-collarblue-collarblue-collarblue-collarblue-collarblue-collarblue-collarblue-collarblue-collarblue-collarblue-collarblue-collarblue-collarblue-collarblue-collarblue-collarblue-collarblue-collarblue-collarblue-collarblue-collarblue-collarblue-collarblue-collarblue-collarblue-collarblue-collarblue-collarblue-collarblue-collarblue-collarblue-collarblue-collarblue-collarblue-collarblue-collarblue-collarblue-collarblue-collarblue-collarblue-collarblue-collarblue-collarblue-collarblue-collarblue-collarblue-collarblue-collarblue-collarblue-collarblue-collarblue-collarblue-collarblue-collarblue-collarblue-collarblue-collarblue-collarblue-collarblue-collarblue-collarblue-collarblue-collarblue-collarblue-collarblue-collarblue-collarblue-collarblue-collarblue-collarblue-collarblue-collarblue-collarblue-collarblue-collarblue-collarblue-collarblue-collarblue-collarblue-collarblue-collarblue-collarblue-collarblue-collarblue-collarblue-collarblue-collarblue-collarblue-collarblue-collarblue-collarblue-collarblue-collarblue-collarblue-collarblue-collarblue-collarblue-collarblue-collarblue-collarblue-collarblue-collarblue-collarblue-collarblue-collarblue-collarblue-collarblue-collarblue-collarblue-collarblue-collarblue-collarblue-collarblue-collarblue-collarblue-collarblue-collarblue-collarblue-collarblue-collarblue-collarblue-collarblue-collarblue-collarblue-collarblue-collarblue-collarblue-collarblue-collarblue-collarblue-collarblue-collarblue-collarblue-collarblue-collarblue-collarblue-collarblue-collarblue-collarblue-collarblue-collarblue-collarblue-collarblue-collarblue-collarblue-collarblue-collarblue-collarblue-collarblue-collarblue-collarblue-collarblue-collarblue-collarblue-collarblue-collarblue-collarblue-collarblue-collarblue-collarblue-collarblue-collarblue-collarblue-collarblue-collarblue-collarblue-collarblue-collarblue-collarblue-collarblue-collarblue-collarblue-collarblue-collarblue-collarblue-collarblue-collarblue-collarblue-collarblue-collarblue-collarblue-collarblue-collarblue-collarblue-collarblue-collarblue-collarblue-collarblue-collarblue-collarblue-collarblue-collarblue-collarblue-collarblue-collarblue-collarblue-collarblue-collarblue-collarblue-collarblue-collarblue-collarblue-collarblue-collarblue-collarblue-collarblue-collarblue-collarblue-collarblue-collarblue-collarblue-collarblue-collarblue-collarblue-collarblue-collarblue-collarblue-collarblue-collarblue-collarblue-collarblue-collarblue-collarblue-collarblue-collarblue-collarblue-collarblue-collarblue-collarblue-collarblue-collarblue-collarblue-collarblue-collarblue-collarblue-collarblue-collarblue-collarblue-collarblue-collarblue-collarblue-collarblue-collarblue-collarblue-collarblue-collarblue-collarblue-collarblue-collarblue-collarblue-collarblue-collarblue-collarblue-collarblue-collarblue-collarblue-collarblue-collarblue-collarblue-collarblue-collarblue-collarblue-collarblue-collarblue-collarblue-collarblue-collarblue-collarblue-collarblue-collarblue-collarblue-collarblue-collarblue-collarblue-collarblue-collarblue-collarblue-collarblue-collarblue-collarblue-collarblue-collarblue-collarblue-collarblue-collarblue-collarblue-collarblue-collarblue-collarblue-collarblue-collarblue-collarblue-collarblue-collarblue-collarblue-collarblue-collarblue-collarblue-collarblue-collarblue-collarblue-collarblue-collarblue-collarblue-collarblue-collarblue-collarblue-collarblue-collarblue-collarblue-collarblue-collarblue-collarblue-collarblue-collarblue-collarblue-collarblue-collarblue-collarblue-collarblue-collarblue-collarblue-collarblue-collarblue-collarblue-collarblue-collarblue-collarblue-collarblue-collarblue-collarblue-collarblue-collarblue-collarblue-collarblue-collarblue-collarblue-collarblue-collarblue-collarblue-collarblue-collarblue-collarblue-collarblue-collarblue-collarblue-collarblue-collarblue-collarblue-collarblue-collarblue-collarblue-collarblue-collarblue-collarblue-collarblue-collarblue-collarblue-collarblue-collarblue-collarblue-collarblue-collarblue-collarblue-collarblue-collarblue-collarblue-collarblue-collarblue-collarblue-collarblue-collarblue-collarblue-collarblue-collarblue-collarblue-collarblue-collarblue-collarblue-collarblue-collarblue-collarblue-collarblue-collarblue-collarblue-collarblue-collarblue-collarblue-collarblue-collarblue-collarblue-collarblue-collarblue-collarblue-collarblue-collarblue-collarblue-collarblue-collarblue-collarblue-collarblue-collarblue-collarblue-collarblue-collarblue-collarblue-collarblue-collarblue-collarblue-collarblue-collarblue-collarblue-collarblue-collarblue-collarblue-collarblue-collarblue-collarblue-collarblue-collarblue-collarblue-collarblue-collarblue-collarblue-collarblue-collarblue-collarblue-collarblue-collarblue-collarblue-collarblue-collarblue-collarblue-collarblue-collarblue-collarblue-collarblue-collarblue-collarblue-collarblue-collarblue-collarblue-collarblue-collarblue-collarblue-collarblue-collarblue-collarblue-collarblue-collarblue-collarblue-collarblue-collarblue-collarblue-collarblue-collarblue-collarblue-collarblue-collarblue-collarblue-collarblue-collarblue-collarblue-collarblue-collarblue-collarblue-collarblue-collarblue-collarblue-collarblue-collarblue-collarblue-collarblue-collarblue-collarblue-collarblue-collarblue-collarblue-collarblue-collarblue-collarblue-collarblue-collarblue-collarblue-collarblue-collarblue-collarblue-collarblue-collarblue-collarblue-collarblue-collarblue-collarblue-collarblue-collarblue-collarblue-collarblue-collarblue-collarblue-collarblue-collarblue-collarblue-collarblue-collarblue-collarblue-collarblue-collarblue-collarblue-collarblue-collarblue-collarblue-collarblue-collarblue-collarblue-collarblue-collarblue-collarblue-collarblue-collarblue-collarblue-collarblue-collarblue-collarblue-collarblue-collarblue-collarblue-collarblue-collarblue-collarblue-collarblue-collarblue-collarblue-collarblue-collarblue-collarblue-collarblue-collarblue-collarblue-collarblue-collarblue-collarblue-collarblue-collarblue-collarblue-collarblue-collarblue-collarblue-collarblue-collarblue-collarblue-collarblue-collarblue-collarblue-collarblue-collarblue-collarblue-collarblue-collarblue-collarblue-collarblue-collarblue-collarblue-collarblue-collarblue-collarblue-collarblue-collarblue-collarblue-collarblue-collarblue-collarblue-collarblue-collarblue-collarblue-collarblue-collarblue-collarblue-collarblue-collarblue-collarblue-collarblue-collarblue-collarblue-collarblue-collarblue-collarblue-collarblue-collarblue-collarblue-collarblue-collarblue-collarblue-collarblue-collarblue-collarblue-collarblue-collarblue-collarblue-collarblue-collarblue-collarblue-collarblue-collarblue-collarblue-collarblue-collarblue-collarblue-collarblue-collarblue-collarblue-collarblue-collarblue-collarblue-collarblue-collarblue-collarblue-collarblue-collarblue-collarblue-collarblue-collarblue-collarblue-collarblue-collarblue-collarblue-collarblue-collarblue-collarblue-collarblue-collarblue-collarblue-collarblue-collarblue-collarblue-collarblue-collarblue-collarblue-collarblue-collarblue-collarblue-collarblue-collarblue-collarblue-collarblue-collarblue-collarblue-collarblue-collarblue-collarblue-collarblue-collarblue-collarblue-collarblue-collarblue-collarblue-collarblue-collarblue-collarblue-collarblue-collarblue-collarblue-collarblue-collarblue-collarblue-collarblue-collarblue-collarblue-collarblue-collarblue-collarblue-collarblue-collarblue-collarblue-collarblue-collarblue-collarblue-collarblue-collarblue-collarblue-collarblue-collarblue-collarblue-collarblue-collarblue-collarblue-collarblue-collarblue-collarblue-collarblue-collarblue-collarblue-collarblue-collarblue-collarblue-collarblue-collarblue-collarblue-collarblue-collarblue-collarblue-collarblue-collarblue-collarblue-collarblue-collarblue-collarblue-collarblue-collarblue-collarblue-collarblue-collarblue-collarblue-collarblue-collarblue-collarblue-collarblue-collarblue-collarblue-collarblue-collarblue-collarblue-collarblue-collarblue-collarblue-collarblue-collarblue-collarblue-collarblue-collarblue-collarblue-collarblue-collarblue-collarblue-collarblue-collarblue-collarblue-collarblue-collarblue-collarblue-collarblue-collarblue-collarblue-collarblue-collarblue-collarblue-collarblue-collarblue-collarblue-collarblue-collarblue-collarblue-collarblue-collarblue-collarblue-collarblue-collarblue-collarblue-collarblue-collarblue-collarblue-collarblue-collarblue-collarblue-collarblue-collarblue-collarblue-collarblue-collarblue-collarblue-collarblue-collarblue-collarblue-collarblue-collarblue-collarblue-collarblue-collarblue-collarblue-collarblue-collarblue-collarblue-collarblue-collarblue-collarblue-collarblue-collarblue-collarblue-collarblue-collarblue-collarblue-collarblue-collarblue-collarblue-collarblue-collarblue-collarblue-collarblue-collarblue-collarblue-collarblue-collarblue-collarblue-collarblue-collarblue-collarblue-collarblue-collarblue-collarblue-collarblue-collarblue-collarblue-collarblue-collarblue-collarblue-collarblue-collarblue-collarblue-collarblue-collarblue-collarblue-collarblue-collarblue-collarblue-collarblue-collarblue-collarblue-collarblue-collarblue-collarblue-collarblue-collarblue-collarblue-collarblue-collarblue-collarblue-collarblue-collarblue-collarblue-collarblue-collarblue-collarblue-collarblue-collarblue-collarblue-collarblue-collarblue-collarblue-collarblue-collarblue-collarblue-collarblue-collarblue-collarblue-collarblue-collarblue-collarblue-collarblue-collarblue-collarblue-collarblue-collarblue-collarblue-collarblue-collarblue-collarblue-collarblue-collarblue-collarblue-collarblue-collarblue-collarblue-collarblue-collarblue-collarblue-collarblue-collarblue-collarblue-collarblue-collarblue-collarblue-collarblue-collarblue-collarblue-collarblue-collarblue-collarblue-collarblue-collarblue-collarblue-collarblue-collarblue-collarblue-collarblue-collarblue-collarblue-collarblue-collarblue-collarblue-collarblue-collarblue-collarblue-collarblue-collarblue-collarblue-collarblue-collarblue-collarblue-collarblue-collarblue-collarblue-collarblue-collarblue-collarblue-collarblue-collarblue-collarblue-collarblue-collarblue-collarblue-collarblue-collarblue-collarblue-collarblue-collarblue-collarblue-collarblue-collarblue-collarblue-collarblue-collarblue-collarblue-collarblue-collarblue-collarblue-collarblue-collarblue-collarblue-collarblue-collarblue-collarblue-collarblue-collarblue-collarblue-collarblue-collarblue-collarblue-collarblue-collarblue-collarblue-collarblue-collarblue-collarblue-collarblue-collarblue-collarblue-collarblue-collarblue-collarblue-collarblue-collarblue-collarblue-collarblue-collarblue-collarblue-collarblue-collarblue-collarblue-collarblue-collarblue-collarblue-collarblue-collarblue-collarblue-collarblue-collarblue-collarblue-collarblue-collarblue-collarblue-collarblue-collarblue-collarblue-collarblue-collarblue-collarblue-collarblue-collarblue-collarblue-collarblue-collarblue-collarblue-collarblue-collarblue-collarblue-collarblue-collarblue-collarblue-collarblue-collarblue-collarblue-collarblue-collarblue-collarblue-collarblue-collarblue-collarblue-collarblue-collarblue-collarblue-collarblue-collarblue-collarblue-collarblue-collarblue-collarblue-collarblue-collarblue-collarblue-collarblue-collarblue-collarblue-collarblue-collarblue-collarblue-collarblue-collarblue-collarblue-collarblue-collarblue-collarblue-collarblue-collarblue-collarblue-collarblue-collarblue-collarblue-collarblue-collarblue-collarblue-collarblue-collarblue-collarblue-collarblue-collarblue-collarblue-collarblue-collarblue-collarblue-collarblue-collarblue-collarblue-collarblue-collarblue-collarblue-collarblue-collarblue-collarblue-collarblue-collarblue-collarblue-collarblue-collarblue-collarblue-collarblue-collarblue-collarblue-collarblue-collarblue-collarblue-collarblue-collarblue-collarblue-collarblue-collarblue-collarblue-collarblue-collarblue-collarblue-collarblue-collarblue-collarblue-collarblue-collarblue-collarblue-collarblue-collarblue-collarblue-collarblue-collarblue-collarblue-collarblue-collarblue-collarblue-collarblue-collarblue-collarblue-collarblue-collarblue-collarblue-collarblue-collarblue-collarblue-collarblue-collarblue-collarblue-collarblue-collarblue-collarblue-collarblue-collarblue-collarblue-collarblue-collarblue-collarblue-collarblue-collarblue-collarblue-collarblue-collarblue-collarblue-collarblue-collarblue-collarblue-collarblue-collarblue-collarblue-collarblue-collarblue-collarblue-collarblue-collarblue-collarblue-collarblue-collarblue-collarblue-collarblue-collarblue-collarblue-collarblue-collarblue-collarblue-collarblue-collarblue-collarblue-collarblue-collarblue-collarblue-collarblue-collarblue-collarblue-collarblue-collarblue-collarblue-collarblue-collarblue-collarblue-collarblue-collarblue-collarblue-collarblue-collarblue-collarblue-collarblue-collarblue-collarblue-collarblue-collarblue-collarblue-collarblue-collarblue-collarblue-collarblue-collarblue-collarblue-collarblue-collarblue-collarblue-collarblue-collarblue-collarblue-collarblue-collarblue-collarblue-collarblue-collarblue-collarblue-collarblue-collarblue-collarblue-collarblue-collarblue-collarblue-collarblue-collarblue-collarblue-collarblue-collarblue-collarblue-collarblue-collarblue-collarblue-collarblue-collarblue-collarblue-collarblue-collarblue-collarblue-collarblue-collarblue-collarblue-collarblue-collarblue-collarblue-collarblue-collarblue-collarblue-collarblue-collarblue-collarblue-collarblue-collarblue-collarblue-collarblue-collarblue-collarblue-collarblue-collarblue-collarblue-collarblue-collarblue-collarblue-collarblue-collarblue-collarblue-collarblue-collarblue-collarblue-collarblue-collarblue-collarblue-collarblue-collarblue-collarblue-collarblue-collarblue-collarblue-collarblue-collarblue-collarblue-collarblue-collarblue-collarblue-collarblue-collarblue-collarblue-collarblue-collarblue-collarblue-collarblue-collarblue-collarblue-collarblue-collarblue-collarblue-collarblue-collarblue-collarblue-collarblue-collarblue-collarblue-collarblue-collarblue-collarblue-collarblue-collarblue-collarblue-collarblue-collarblue-collarblue-collarblue-collarblue-collarblue-collarblue-collarblue-collarblue-collarblue-collarblue-collarblue-collarblue-collarblue-collarblue-collarblue-collarblue-collarblue-collarblue-collarblue-collarblue-collarblue-collarblue-collarblue-collarblue-collarblue-collarblue-collarblue-collarblue-collarblue-collarblue-collarblue-collarblue-collarblue-collarblue-collarblue-collarblue-collarblue-collarblue-collarblue-collarblue-collarblue-collarblue-collarblue-collarblue-collarblue-collarblue-collarblue-collarblue-collarblue-collarblue-collarblue-collarblue-collarblue-collarblue-collarblue-collarblue-collarblue-collarblue-collarblue-collarblue-collarblue-collarblue-collarblue-collarblue-collarblue-collarblue-collarblue-collarblue-collarblue-collarblue-collarblue-collarblue-collarblue-collarblue-collarblue-collarblue-collarblue-collarblue-collarblue-collarblue-collarblue-collarblue-collarblue-collarblue-collarblue-collarblue-collarblue-collarblue-collarblue-collarblue-collarblue-collarblue-collarblue-collarblue-collarblue-collarblue-collarblue-collarblue-collarblue-collarblue-collarblue-collarblue-collarblue-collarblue-collarblue-collarblue-collarblue-collarblue-collarblue-collarblue-collarblue-collarblue-collarblue-collarblue-collarblue-collarblue-collarblue-collarblue-collarblue-collarblue-collarblue-collarblue-collarblue-collarblue-collarblue-collarblue-collarblue-collarblue-collarblue-collarblue-collarblue-collarblue-collarblue-collarblue-collarblue-collarblue-collarblue-collarblue-collarblue-collarblue-collarblue-collarblue-collarblue-collarblue-collarblue-collarblue-collarblue-collarblue-collarblue-collarblue-collarblue-collarblue-collarblue-collarblue-collarblue-collarblue-collarblue-collarblue-collarblue-collarblue-collarblue-collarblue-collarblue-collarblue-collarblue-collarblue-collarblue-collarblue-collarblue-collarblue-collarblue-collarblue-collarblue-collarblue-collarblue-collarblue-collarblue-collarblue-collarblue-collarblue-collarblue-collarblue-collarblue-collarblue-collarblue-collarblue-collarblue-collarblue-collarblue-collarblue-collarblue-collarblue-collarblue-collarblue-collarblue-collarblue-collarblue-collarblue-collarblue-collarblue-collarblue-collarblue-collarblue-collarblue-collarblue-collarblue-collarblue-collarblue-collarblue-collarblue-collarblue-collarblue-collarblue-collarblue-collarblue-collarblue-collarblue-collarblue-collarblue-collarblue-collarblue-collarblue-collarblue-collarblue-collarblue-collarblue-collarblue-collarblue-collarblue-collarblue-collarblue-collarblue-collarblue-collarblue-collarblue-collarblue-collarblue-collarblue-collarblue-collarblue-collarblue-collarblue-collarblue-collarblue-collarblue-collarblue-collarblue-collarblue-collarblue-collarblue-collarblue-collarblue-collarblue-collarblue-collarblue-collarblue-collarblue-collarblue-collarblue-collarblue-collarblue-collarblue-collarblue-collarblue-collarblue-collarblue-collarblue-collarblue-collarblue-collarblue-collarblue-collarblue-collarblue-collarblue-collarblue-collarblue-collarblue-collarblue-collarblue-collarblue-collarblue-collarblue-collarblue-collarblue-collarblue-collarblue-collarblue-collarblue-collarblue-collarblue-collarblue-collarblue-collarblue-collarblue-collarblue-collarblue-collarblue-collarblue-collarblue-collarblue-collarblue-collarblue-collarblue-collarblue-collarblue-collarblue-collarblue-collarblue-collarblue-collarblue-collarblue-collarblue-collarblue-collarblue-collarblue-collarblue-collarblue-collarblue-collarblue-collarblue-collarblue-collarblue-collarblue-collarblue-collarblue-collarblue-collarblue-collarblue-collarblue-collarblue-collarblue-collarblue-collarblue-collarblue-collarblue-collarblue-collarblue-collarblue-collarblue-collarblue-collarblue-collarblue-collarblue-collarblue-collarblue-collarblue-collarblue-collarblue-collarblue-collarblue-collarblue-collarblue-collarblue-collarblue-collarblue-collarblue-collarblue-collarblue-collarblue-collarblue-collarblue-collarblue-collarblue-collarblue-collarblue-collarblue-collarblue-collarblue-collarblue-collarblue-collarblue-collarblue-collarblue-collarblue-collarblue-collarblue-collarblue-collarblue-collarblue-collarblue-collarblue-collarblue-collarblue-collarblue-collarblue-collarblue-collarblue-collarblue-collarblue-collarblue-collarblue-collarblue-collarblue-collarblue-collarblue-collarblue-collarblue-collarblue-collarblue-collarblue-collarblue-collarblue-collarblue-collarblue-collarblue-collarblue-collarblue-collarblue-collarblue-collarblue-collarblue-collarblue-collarblue-collarblue-collarblue-collarblue-collarblue-collarblue-collarblue-collarblue-collarblue-collarblue-collarblue-collarblue-collarblue-collarblue-collarblue-collarblue-collarblue-collarblue-collarblue-collarblue-collarblue-collarblue-collarblue-collarblue-collarblue-collarblue-collarblue-collarblue-collarblue-collarblue-collarblue-collarblue-collarblue-collarblue-collarblue-collarblue-collarblue-collarblue-collarblue-collarblue-collarblue-collarblue-collarblue-collarblue-collarblue-collarblue-collarblue-collarblue-collarblue-collarblue-collarblue-collarblue-collarblue-collarblue-collarblue-collarblue-collarblue-collarblue-collarblue-collarblue-collarblue-collarblue-collarblue-collarblue-collarblue-collarblue-collarblue-collarblue-collarblue-collarblue-collarblue-collarblue-collarblue-collarblue-collarblue-collarblue-collarblue-collarblue-collarblue-collarblue-collarblue-collarblue-collarblue-collarblue-collarblue-collarblue-collarblue-collarblue-collarblue-collarblue-collarblue-collarblue-collarblue-collarblue-collarblue-collarblue-collarblue-collarblue-collarblue-collarblue-collarblue-collarblue-collarblue-collarblue-collarblue-collarblue-collarblue-collarblue-collarblue-collarblue-collarblue-collarblue-collarblue-collarblue-collarblue-collarblue-collarblue-collarblue-collarblue-collarblue-collarblue-collarblue-collarblue-collarblue-collarblue-collarblue-collarblue-collarblue-collarblue-collarblue-collarblue-collarblue-collarblue-collarblue-collarblue-collarblue-collarblue-collarblue-collarblue-collarblue-collarblue-collarblue-collarblue-collarblue-collarblue-collarblue-collarblue-collarblue-collarblue-collarblue-collarblue-collarblue-collarblue-collarblue-collarblue-collarblue-collarblue-collarblue-collarblue-collarblue-collarblue-collarblue-collarblue-collarblue-collarblue-collarblue-collarblue-collarblue-collarblue-collarblue-collarblue-collarblue-collarblue-collarblue-collarblue-collarblue-collarblue-collarblue-collarblue-collarblue-collarblue-collarblue-collarblue-collarblue-collarblue-collarblue-collarblue-collarblue-collarblue-collarblue-collarblue-collarblue-collarblue-collarblue-collarblue-collarblue-collarblue-collarblue-collarblue-collarblue-collarblue-collarblue-collarblue-collarblue-collarblue-collarblue-collarblue-collarblue-collarblue-collarblue-collarblue-collarblue-collarblue-collarblue-collarblue-collarblue-collarblue-collarblue-collarblue-collarblue-collarblue-collarblue-collarblue-collarblue-collarblue-collarblue-collarblue-collarblue-collarblue-collarblue-collarblue-collarblue-collarblue-collarblue-collarblue-collarblue-collarblue-collarblue-collarblue-collarblue-collarblue-collarblue-collarblue-collarblue-collarblue-collarblue-collarblue-collarblue-collarblue-collarblue-collarblue-collarblue-collarblue-collarblue-collarblue-collarblue-collarblue-collarblue-collarblue-collarblue-collarblue-collarblue-collarblue-collarblue-collarblue-collarblue-collarblue-collarblue-collarblue-collarblue-collarblue-collarblue-collarblue-collarblue-collarblue-collarblue-collarblue-collarblue-collarblue-collarblue-collarblue-collarblue-collarblue-collarblue-collarblue-collarblue-collarblue-collarblue-collarblue-collarblue-collarblue-collarblue-collarblue-collarblue-collarblue-collarblue-collarblue-collarblue-collarblue-collarblue-collarblue-collarblue-collarblue-collarblue-collarblue-collarblue-collarblue-collarblue-collarblue-collarblue-collarblue-collarblue-collarblue-collarblue-collarblue-collarblue-collarblue-collarblue-collarblue-collarblue-collarblue-collarblue-collarblue-collarblue-collarblue-collarblue-collarblue-collarblue-collarblue-collarblue-collarblue-collarblue-collarblue-collarblue-collarblue-collarblue-collarblue-collarblue-collarblue-collarblue-collarblue-collarblue-collarblue-collarblue-collarblue-collarblue-collarblue-collarblue-collarblue-collarblue-collarblue-collarblue-collarblue-collarblue-collarblue-collarblue-collarblue-collarblue-collarblue-collarblue-collarblue-collarblue-collarblue-collarblue-collarblue-collarblue-collarblue-collarblue-collarblue-collarblue-collarblue-collarblue-collarblue-collarblue-collarblue-collarblue-collarblue-collarblue-collarblue-collarblue-collarblue-collarblue-collarblue-collarblue-collarblue-collarblue-collarblue-collarblue-collarblue-collarblue-collarblue-collarblue-collarblue-collarblue-collarblue-collarblue-collarblue-collarblue-collarblue-collarblue-collarblue-collarblue-collarblue-collarblue-collarblue-collarblue-collarblue-collarblue-collarblue-collarblue-collarblue-collarblue-collarblue-collarblue-collarblue-collarblue-collarblue-collarblue-collarblue-collarblue-collarblue-collarblue-collarblue-collarblue-collarblue-collarblue-collarblue-collarblue-collarblue-collarblue-collarblue-collarblue-collarblue-collarblue-collarblue-collarblue-collarblue-collarblue-collarblue-collarblue-collarblue-collarblue-collarblue-collarblue-collarblue-collarblue-collarblue-collarblue-collarblue-collarblue-collarblue-collarblue-collarblue-collarblue-collarblue-collarblue-collarblue-collarblue-collarblue-collarblue-collarblue-collarblue-collarblue-collarblue-collarblue-collarblue-collarblue-collarblue-collarblue-collarblue-collarblue-collarblue-collarblue-collarblue-collarblue-collarblue-collarblue-collarblue-collarblue-collarblue-collarblue-collarblue-collarblue-collarblue-collarblue-collarblue-collarblue-collarblue-collarblue-collarblue-collarblue-collarblue-collarblue-collarblue-collarblue-collarblue-collarblue-collarblue-collarblue-collarblue-collarblue-collarblue-collarblue-collarblue-collarblue-collarblue-collarblue-collarblue-collarblue-collarblue-collarblue-collarblue-collarblue-collarblue-collarblue-collarblue-collarblue-collarblue-collarblue-collarblue-collarblue-collarblue-collarblue-collarblue-collarblue-collarblue-collarblue-collarblue-collarblue-collarblue-collarblue-collarblue-collarblue-collarblue-collarblue-collarblue-collarblue-collarblue-collarblue-collarblue-collarblue-collarblue-collarblue-collarblue-collarblue-collarblue-collarblue-collarblue-collarblue-collarblue-collarblue-collarblue-collarblue-collarblue-collarblue-collarblue-collarblue-collarblue-collarblue-collarblue-collarblue-collarblue-collarblue-collarblue-collarblue-collarblue-collarblue-collarblue-collarblue-collarblue-collarblue-collarblue-collarblue-collarblue-collarblue-collarblue-collarblue-collarblue-collarblue-collarblue-collarblue-collarblue-collarblue-collarblue-collarblue-collarblue-collarblue-collarblue-collarblue-collarblue-collarblue-collarblue-collarblue-collarblue-collarblue-collarblue-collarblue-collarblue-collarblue-collarblue-collarblue-collarblue-collarblue-collarblue-collarblue-collarblue-collarblue-collarblue-collarblue-collarblue-collarblue-collarblue-collarblue-collarblue-collarblue-collarblue-collarblue-collarblue-collarblue-collarblue-collarblue-collarblue-collarblue-collarblue-collarblue-collarblue-collarblue-collarblue-collarblue-collarblue-collarblue-collarblue-collarblue-collarblue-collarblue-collarblue-collarblue-collarblue-collarblue-collarblue-collarblue-collarblue-collarblue-collarblue-collarblue-collarblue-collarblue-collarblue-collarblue-collarblue-collarblue-collarblue-collarblue-collarblue-collarblue-collarblue-collarblue-collarblue-collarblue-collarblue-collarblue-collarblue-collarblue-collarblue-collarblue-collarblue-collarblue-collarblue-collarblue-collarblue-collarblue-collarblue-collarblue-collarblue-collarblue-collarblue-collarblue-collarblue-collarblue-collarblue-collarblue-collarblue-collarblue-collarblue-collarblue-collarblue-collarblue-collarblue-collarblue-collarblue-collarblue-collarblue-collarblue-collarblue-collarblue-collarblue-collarblue-collarblue-collarblue-collarblue-collarblue-collarblue-collarblue-collarblue-collarblue-collarblue-collarblue-collarblue-collarblue-collarblue-collarblue-collarblue-collarblue-collarblue-collarblue-collarblue-collarblue-collarblue-collarblue-collarblue-collarblue-collarblue-collarblue-collarblue-collarblue-collarblue-collarblue-collarblue-collarblue-collarblue-collarblue-collarblue-collarblue-collarblue-collarblue-collarblue-collarblue-collarblue-collarblue-collarblue-collarblue-collarblue-collarblue-collarblue-collarblue-collarblue-collarblue-collarblue-collarblue-collarblue-collarblue-collarblue-collarblue-collarblue-collarblue-collarblue-collarblue-collarblue-collarblue-collarblue-collarblue-collarblue-collarblue-collarblue-collarblue-collarblue-collarblue-collarblue-collarblue-collarblue-collarblue-collarblue-collarblue-collarblue-collarblue-collarblue-collarblue-collarblue-collarblue-collarblue-collarblue-collarblue-collarblue-collarblue-collarblue-collarblue-collarblue-collarblue-collarblue-collarblue-collarblue-collarblue-collarblue-collarblue-collarblue-collarblue-collarblue-collarblue-collarblue-collarblue-collarblue-collarblue-collarblue-collarblue-collarblue-collarblue-collarblue-collarblue-collarblue-collarblue-collarblue-collarblue-collarblue-collarblue-collarblue-collarblue-collarblue-collarblue-collarblue-collarblue-collarblue-collarblue-collarblue-collarblue-collarblue-collarblue-collarblue-collarblue-collarblue-collarblue-collarblue-collarblue-collarblue-collarblue-collarblue-collarblue-collarblue-collarblue-collarblue-collarblue-collarblue-collarblue-collarblue-collarblue-collarblue-collarblue-collarblue-collarblue-collarblue-collarblue-collarblue-collarblue-collarblue-collarblue-collarblue-collarblue-collarblue-collarblue-collarblue-collarblue-collarblue-collarblue-collarblue-collarblue-collarblue-collarblue-collarblue-collarblue-collarblue-collarblue-collarblue-collarblue-collarblue-collarblue-collarblue-collarblue-collarblue-collarblue-collarblue-collarblue-collarblue-collarblue-collarblue-collarblue-collarblue-collarblue-collarblue-collarblue-collarblue-collarblue-collarblue-collarblue-collarblue-collarblue-collarblue-collarblue-collarblue-collarblue-collarblue-collarblue-collarblue-collarblue-collarblue-collarblue-collarblue-collarblue-collarblue-collarblue-collarblue-collarblue-collarblue-collarblue-collarblue-collarblue-collarblue-collarblue-collarblue-collarblue-collarblue-collarblue-collarblue-collarblue-collarblue-collarblue-collarblue-collarblue-collarblue-collarblue-collarblue-collarblue-collarblue-collarblue-collarblue-collarblue-collarblue-collarblue-collarblue-collarblue-collarblue-collarblue-collarblue-collarblue-collarblue-collarblue-collarblue-collarblue-collarblue-collarblue-collarblue-collarblue-collarblue-collarblue-collarblue-collarblue-collarblue-collarblue-collarblue-collarblue-collarblue-collarblue-collarblue-collarblue-collarblue-collarblue-collarblue-collarblue-collarblue-collarblue-collarblue-collarblue-collarblue-collarblue-collarblue-collarblue-collarblue-collarblue-collarblue-collarblue-collarblue-collarblue-collarblue-collarblue-collarblue-collarblue-collarblue-collarblue-collarblue-collarblue-collarblue-collarblue-collarblue-collarblue-collarblue-collarblue-collarblue-collarblue-collarblue-collarblue-collarblue-collarblue-collarblue-collarblue-collarblue-collarblue-collarblue-collarblue-collarblue-collarblue-collarblue-collarblue-collarblue-collarblue-collarblue-collarblue-collarblue-collarblue-collarblue-collarblue-collarblue-collarblue-collarblue-collarblue-collarblue-collarblue-collarblue-collarblue-collarblue-collarblue-collarblue-collarblue-collarblue-collarblue-collarblue-collarblue-collarblue-collarblue-collarblue-collarblue-collarblue-collarblue-collarblue-collarblue-collarblue-collarblue-collarblue-collarblue-collarblue-collarblue-collarblue-collarblue-collarblue-collarblue-collarblue-collarblue-collarblue-collarblue-collarblue-collarblue-collarblue-collarblue-collarblue-collarblue-collarblue-collarblue-collarblue-collarblue-collarblue-collarblue-collarblue-collarblue-collarblue-collarblue-collarblue-collarblue-collarblue-collarblue-collarblue-collarblue-collarblue-collarblue-collarblue-collarblue-collarblue-collarblue-collarblue-collarblue-collarblue-collarblue-collarblue-collarblue-collarblue-collarblue-collarblue-collarblue-collarblue-collarblue-collarblue-collarblue-collarblue-collarblue-collarblue-collarblue-collarblue-collarblue-collarblue-collarblue-collarblue-collarblue-collarblue-collarblue-collarblue-collarblue-collarblue-collarblue-collarblue-collarblue-collarblue-collarblue-collarblue-collarblue-collarblue-collarblue-collarblue-collarblue-collarblue-collarblue-collarblue-collarblue-collarblue-collarblue-collarblue-collarblue-collarblue-collarblue-collarblue-collarblue-collarblue-collarblue-collarblue-collarblue-collarblue-collarblue-collarblue-collarblue-collarblue-collarblue-collarblue-collarblue-collarblue-collarblue-collarblue-collarblue-collarblue-collarblue-collarblue-collarblue-collarblue-collarblue-collarblue-collarblue-collarblue-collarblue-collarblue-collarblue-collarblue-collarblue-collarblue-collarblue-collarblue-collarblue-collarblue-collarblue-collarblue-collarblue-collarblue-collarblue-collarblue-collarblue-collarblue-collarblue-collarblue-collarblue-collarblue-collarblue-collarblue-collarblue-collarblue-collarblue-collarblue-collarblue-collarblue-collarblue-collarblue-collarblue-collarblue-collarblue-collarblue-collarblue-collarblue-collarblue-collarblue-collarblue-collarblue-collarblue-collarblue-collarblue-collarblue-collarblue-collarblue-collarblue-collarblue-collarblue-collarblue-collarblue-collarblue-collarblue-collarblue-collarblue-collarblue-collarblue-collarblue-collarblue-collarblue-collarblue-collarblue-collarblue-collarblue-collarblue-collarblue-collarblue-collarblue-collarblue-collarblue-collarblue-collarblue-collarblue-collarblue-collarblue-collarblue-collarblue-collarblue-collarblue-collarblue-collarblue-collarblue-collarblue-collarblue-collarblue-collarblue-collarblue-collarblue-collarblue-collarblue-collarblue-collarblue-collarblue-collarblue-collarblue-collarblue-collarblue-collarblue-collarblue-collarblue-collarblue-collarblue-collarblue-collarblue-collarblue-collarblue-collarblue-collarblue-collarblue-collarblue-collarblue-collarblue-collarblue-collarblue-collarblue-collarblue-collarblue-collarblue-collarblue-collarblue-collarblue-collarblue-collarblue-collarblue-collarblue-collarblue-collarblue-collarblue-collarblue-collarblue-collarblue-collarblue-collarblue-collarblue-collarblue-collarblue-collarblue-collarblue-collarblue-collarblue-collarblue-collarblue-collarblue-collarblue-collarblue-collarblue-collarblue-collarblue-collarblue-collarblue-collarblue-collarblue-collarblue-collarblue-collarblue-collarblue-collarblue-collarblue-collarblue-collarblue-collarblue-collarblue-collarblue-collarblue-collarblue-collarblue-collarblue-collarblue-collarblue-collarblue-collarblue-collarblue-collarblue-collarblue-collarblue-collarblue-collarblue-collarblue-collarblue-collarblue-collarblue-collarblue-collarblue-collarblue-collarblue-collarblue-collarblue-collarblue-collarblue-collarblue-collarblue-collarblue-collarblue-collarblue-collarblue-collarblue-collarblue-collarblue-collarblue-collarblue-collarblue-collarblue-collarblue-collarblue-collarblue-collarblue-collarblue-collarblue-collarblue-collarblue-collarblue-collarblue-collarblue-collarblue-collarblue-collarblue-collarblue-collarblue-collarblue-collarblue-collarblue-collarblue-collarblue-collarblue-collarblue-collarblue-collarblue-collarblue-collarblue-collarblue-collarblue-collarblue-collarblue-collarblue-collarblue-collarblue-collarblue-collarblue-collarblue-collarblue-collarblue-collarblue-collarblue-collarblue-collarblue-collarblue-collarblue-collarblue-collarblue-collarblue-collarblue-collarblue-collarblue-collarblue-collarblue-collarblue-collarblue-collarblue-collarblue-collarblue-collarblue-collarblue-collarblue-collarblue-collarblue-collarblue-collarblue-collarblue-collarblue-collarblue-collarblue-collarblue-collarblue-collarblue-collarblue-collarblue-collarblue-collarblue-collarblue-collarblue-collarblue-collarblue-collarblue-collarblue-collarblue-collarblue-collarblue-collarblue-collarblue-collarblue-collarblue-collarblue-collarblue-collarblue-collarblue-collarblue-collarblue-collarblue-collarblue-collarblue-collarblue-collarblue-collarblue-collarblue-collarblue-collarblue-collarblue-collarblue-collarblue-collarblue-collarblue-collarblue-collarblue-collarblue-collarblue-collarblue-collarblue-collarblue-collarblue-collarblue-collarblue-collarblue-collarblue-collarblue-collarblue-collarblue-collarblue-collarblue-collarblue-collarblue-collarblue-collarblue-collarblue-collarblue-collarblue-collarblue-collarblue-collarblue-collarblue-collarblue-collarblue-collarblue-collarblue-collarblue-collarblue-collarblue-collarblue-collarblue-collarblue-collarblue-collarblue-collarblue-collarblue-collarblue-collarblue-collarblue-collarblue-collarblue-collarblue-collarblue-collarblue-collarblue-collarblue-collarblue-collarblue-collarblue-collarblue-collarblue-collarblue-collarblue-collarblue-collarblue-collarblue-collarblue-collarblue-collarblue-collarblue-collarblue-collarblue-collarblue-collarblue-collarblue-collarblue-collarblue-collarblue-collarblue-collarblue-collarblue-collarblue-collarblue-collarblue-collarblue-collarblue-collarblue-collarblue-collarblue-collarblue-collarblue-collarblue-collarblue-collarblue-collarblue-collarblue-collarblue-collarblue-collarblue-collarblue-collarblue-collarblue-collarblue-collarblue-collarblue-collarblue-collarblue-collarblue-collarblue-collarblue-collarblue-collarblue-collarblue-collarblue-collarblue-collarblue-collarblue-collarblue-collarblue-collarblue-collarblue-collarblue-collarblue-collarblue-collarblue-collarblue-collarblue-collarblue-collarblue-collarblue-collarblue-collarblue-collarblue-collarblue-collarblue-collarblue-collarblue-collarblue-collarblue-collarblue-collarblue-collarblue-collarblue-collarblue-collarblue-collarblue-collarblue-collarblue-collarblue-collarblue-collarblue-collarblue-collarblue-collarblue-collarblue-collarblue-collarblue-collarblue-collarblue-collarblue-collarblue-collarblue-collarblue-collarblue-collarblue-collarblue-collarblue-collarblue-collarblue-collarblue-collarblue-collarblue-collarblue-collarblue-collarblue-collarblue-collarblue-collarblue-collarblue-collarblue-collarblue-collarblue-collarblue-collarblue-collarblue-collarblue-collarblue-collarblue-collarblue-collarblue-collarblue-collarblue-collarblue-collarblue-collarblue-collarblue-collarblue-collarblue-collarblue-collarblue-collarblue-collarblue-collarblue-collarblue-collarblue-collarblue-collarblue-collarblue-collarblue-collarblue-collarblue-collarblue-collarblue-collarblue-collarblue-collarblue-collarblue-collarblue-collarblue-collarblue-collarblue-collarblue-collarblue-collarblue-collarblue-collarblue-collarblue-collarblue-collarblue-collarblue-collarblue-collarblue-collarblue-collarblue-collarblue-collarblue-collarblue-collarblue-collarblue-collarblue-collarblue-collarblue-collarblue-collarblue-collarblue-collarblue-collarblue-collarblue-collarblue-collarblue-collarblue-collarblue-collarblue-collarblue-collarblue-collarblue-collarblue-collarblue-collarblue-collarblue-collarblue-collarblue-collarblue-collarblue-collarblue-collarblue-collarblue-collarblue-collarblue-collarblue-collarblue-collarblue-collarblue-collarblue-collarblue-collarblue-collarblue-collarblue-collarblue-collarblue-collarblue-collarblue-collarblue-collarblue-collarblue-collarblue-collarblue-collarblue-collarblue-collarblue-collarblue-collarblue-collarblue-collarblue-collarblue-collarblue-collarblue-collarblue-collarblue-collarblue-collarblue-collarblue-collarblue-collarblue-collarblue-collarblue-collarblue-collarblue-collarblue-collarblue-collarblue-collarblue-collarblue-collarblue-collarblue-collarblue-collarblue-collarblue-collarblue-collarblue-collarblue-collarblue-collarblue-collarblue-collarblue-collarblue-collarblue-collarblue-collarblue-collarblue-collarblue-collarblue-collarblue-collarblue-collarblue-collarblue-collarblue-collarblue-collarblue-collarblue-collarblue-collarblue-collarblue-collarblue-collarblue-collarblue-collarblue-collarblue-collarblue-collarblue-collarblue-collarblue-collarblue-collarblue-collarblue-collarblue-collarblue-collarblue-collarblue-collarblue-collarblue-collarblue-collarblue-collarblue-collarblue-collarblue-collarblue-collarblue-collarblue-collarblue-collarblue-collarblue-collarblue-collarblue-collarblue-collarblue-collarblue-collarblue-collarblue-collarblue-collarblue-collarblue-collarblue-collarblue-collarblue-collarblue-collarblue-collarblue-collarblue-collarblue-collarblue-collarblue-collarblue-collarblue-collarblue-collarblue-collarblue-collarblue-collarblue-collarblue-collarblue-collarblue-collarblue-collarblue-collarblue-collarblue-collarblue-collarblue-collarblue-collarblue-collarblue-collarblue-collarblue-collarblue-collarblue-collarblue-collarblue-collarblue-collarblue-collarblue-collarblue-collarblue-collarblue-collarblue-collarblue-collarblue-collarblue-collarblue-collarblue-collarblue-collarblue-collarblue-collarblue-collarblue-collarblue-collarblue-collarblue-collarblue-collarblue-collarblue-collarblue-collarblue-collarblue-collarblue-collarblue-collarblue-collarblue-collarblue-collarblue-collarblue-collarblue-collarblue-collarblue-collarblue-collarblue-collarblue-collarblue-collarblue-collarblue-collarblue-collarblue-collarblue-collarblue-collarblue-collarblue-collarblue-collarblue-collarblue-collarblue-collarblue-collarblue-collarblue-collarblue-collarblue-collarblue-collarblue-collarblue-collarblue-collarblue-collarblue-collarblue-collarblue-collarblue-collarblue-collarblue-collarblue-collarblue-collarblue-collarblue-collarblue-collarblue-collarblue-collarblue-collarblue-collarblue-collarblue-collarblue-collarblue-collarblue-collarblue-collarblue-collarblue-collarblue-collarblue-collarblue-collarblue-collarblue-collarblue-collarblue-collarblue-collarblue-collarblue-collarblue-collarblue-collarblue-collarblue-collarblue-collarblue-collarblue-collarblue-collarblue-collarblue-collarblue-collarblue-collarblue-collarblue-collarblue-collarblue-collarblue-collarblue-collarblue-collarblue-collarblue-collarblue-collarblue-collarblue-collarblue-collarblue-collarblue-collarblue-collarblue-collarblue-collarblue-collarblue-collarblue-collarblue-collarblue-collarblue-collarblue-collarblue-collarblue-collarblue-collarblue-collarblue-collarblue-collarblue-collarblue-collarblue-collarblue-collarblue-collarblue-collarblue-collarblue-collarblue-collarblue-collarblue-collarblue-collarblue-collarblue-collarblue-collarblue-collarblue-collarblue-collarblue-collarblue-collarblue-collarblue-collarblue-collarblue-collarblue-collarblue-collarblue-collarblue-collarblue-collarblue-collarblue-collarblue-collarblue-collarblue-collarblue-collarblue-collarblue-collarblue-collarblue-collarblue-collarblue-collarblue-collarblue-collarblue-collarblue-collarblue-collarblue-collarblue-collarblue-collarblue-collarblue-collarblue-collarblue-collarblue-collarblue-collarblue-collarblue-collarblue-collarblue-collarblue-collarblue-collarblue-collarblue-collarblue-collarblue-collarblue-collarblue-collarblue-collarblue-collarblue-collarblue-collarblue-collarblue-collarblue-collarblue-collarblue-collarblue-collarblue-collarblue-collarblue-collarblue-collarblue-collarblue-collarblue-collarblue-collarblue-collarblue-collarblue-collarblue-collarblue-collarblue-collarblue-collarblue-collarblue-collarblue-collarblue-collarblue-collarblue-collarblue-collarblue-collarblue-collarblue-collarblue-collarblue-collarblue-collarblue-collarblue-collarblue-collarblue-collarblue-collarblue-collarblue-collarblue-collarblue-collarblue-collarblue-collarblue-collarblue-collarblue-collarblue-collarblue-collarblue-collarblue-collarblue-collarblue-collarblue-collarblue-collarblue-collarblue-collarblue-collarblue-collarblue-collarblue-collarblue-collarblue-collarblue-collarblue-collarblue-collarblue-collarblue-collarblue-collarblue-collarblue-collarblue-collarblue-collarblue-collarblue-collarblue-collarblue-collarblue-collarblue-collarblue-collarblue-collarblue-collarblue-collarblue-collarblue-collarblue-collarblue-collarblue-collarblue-collarblue-collarblue-collarblue-collarblue-collarblue-collarblue-collarblue-collarblue-collarblue-collarblue-collarblue-collarblue-collarblue-collarblue-collarblue-collarblue-collarblue-collarblue-collarblue-collarblue-collarblue-collarblue-collarblue-collarblue-collarblue-collarblue-collarblue-collarblue-collarblue-collarblue-collarblue-collarblue-collarblue-collarblue-collarblue-collarblue-collarblue-collarblue-collarblue-collarblue-collarblue-collarblue-collarblue-collarblue-collarblue-collarblue-collarblue-collarblue-collarblue-collarblue-collarblue-collarblue-collarblue-collarblue-collarblue-collarblue-collarblue-collarblue-collarblue-collarblue-collarblue-collarblue-collarblue-collarblue-collarblue-collarblue-collarblue-collarblue-collarblue-collarblue-collarblue-collarblue-collarblue-collarblue-collarblue-collarblue-collarblue-collarblue-collarblue-collarblue-collarblue-collarblue-collarblue-collarblue-collarblue-collarblue-collarblue-collarblue-collarblue-collarblue-collarblue-collarblue-collarblue-collarblue-collarblue-collarblue-collarblue-collarblue-collarblue-collarblue-collarblue-collarblue-collarblue-collarblue-collarblue-collarblue-collarblue-collarblue-collarblue-collarblue-collarblue-collarblue-collarblue-collarblue-collarblue-collarblue-collarblue-collarblue-collarblue-collarblue-collarblue-collarblue-collarblue-collarblue-collarblue-collarblue-collarblue-collarblue-collarblue-collarblue-collarblue-collarblue-collarblue-collarblue-collarblue-collarblue-collarblue-collarblue-collarblue-collarblue-collarblue-collarblue-collarblue-collarblue-collarblue-collarblue-collarblue-collarblue-collarblue-collarblue-collarblue-collarblue-collarblue-collarblue-collarblue-collarblue-collarblue-collarblue-collarblue-collarblue-collarblue-collarblue-collarblue-collarblue-collarblue-collarblue-collarblue-collarblue-collarblue-collarblue-collarblue-collarblue-collarblue-collarblue-collarblue-collarblue-collarblue-collarblue-collarblue-collarblue-collarblue-collarblue-collarblue-collarblue-collarblue-collarblue-collarblue-collarblue-collarblue-collarblue-collarblue-collarblue-collarblue-collarblue-collarblue-collarblue-collarblue-collarblue-collarblue-collarblue-collarblue-collarblue-collarblue-collarblue-collarblue-collarblue-collarblue-collarblue-collarblue-collarblue-collarblue-collarblue-collarblue-collarblue-collarblue-collarblue-collarblue-collarblue-collarblue-collarblue-collarblue-collarblue-collarblue-collarblue-collarblue-collarblue-collarblue-collarblue-collarblue-collarblue-collarblue-collarblue-collarblue-collarblue-collarblue-collarblue-collarblue-collarblue-collarblue-collarblue-collarblue-collarblue-collarblue-collarblue-collarblue-collarblue-collarblue-collarblue-collarblue-collarblue-collarblue-collarblue-collarblue-collarblue-collarblue-collarblue-collarblue-collarblue-collarblue-collarblue-collarblue-collarblue-collarblue-collarblue-collarblue-collarblue-collarblue-collarblue-collarblue-collarblue-collarblue-collarblue-collarblue-collarblue-collarblue-collarblue-collarblue-collarblue-collarblue-collarblue-collarblue-collarblue-collarblue-collarblue-collarblue-collarblue-collarblue-collarblue-collarblue-collarblue-collarblue-collarblue-collarblue-collarblue-collarblue-collarblue-collarblue-collarblue-collarblue-collarblue-collarblue-collarblue-collarblue-collarblue-collarblue-collarblue-collarblue-collarblue-collarblue-collarblue-collarblue-collarblue-collarblue-collarblue-collarblue-collarblue-collarblue-collarblue-collarblue-collarblue-collarblue-collarblue-collarblue-collarblue-collarblue-collarblue-collarblue-collarblue-collarblue-collarblue-collarblue-collarblue-collarblue-collarblue-collarblue-collarblue-collarblue-collarblue-collarblue-collarblue-collarblue-collarblue-collarblue-collarblue-collarblue-collarblue-collarblue-collarblue-collarblue-collarblue-collarblue-collarblue-collarblue-collarblue-collarblue-collarblue-collarblue-collarblue-collarblue-collarblue-collarblue-collarblue-collarblue-collarblue-collarblue-collarblue-collarblue-collarblue-collarblue-collarblue-collarblue-collarblue-collarblue-collarblue-collarblue-collarblue-collarblue-collarblue-collarblue-collarblue-collarblue-collarblue-collarblue-collarblue-collarblue-collarblue-collarblue-collarblue-collarblue-collarblue-collarblue-collarblue-collarblue-collarblue-collarblue-collarblue-collarblue-collarblue-collarblue-collarblue-collarblue-collarblue-collarblue-collarblue-collarblue-collarblue-collarblue-collarblue-collarblue-collarblue-collarblue-collarblue-collarblue-collarblue-collarblue-collarblue-collarblue-collarblue-collarblue-collarblue-collarblue-collarblue-collarblue-collarblue-collarblue-collarblue-collarblue-collarblue-collarblue-collarblue-collarblue-collarblue-collarblue-collarblue-collarblue-collarblue-collarblue-collarblue-collarblue-collarblue-collarblue-collarblue-collarblue-collarblue-collarblue-collarblue-collarblue-collarblue-collarblue-collarblue-collarblue-collarblue-collarblue-collarblue-collarblue-collarblue-collarblue-collarblue-collarblue-collarblue-collarblue-collarblue-collarblue-collarblue-collarblue-collarblue-collarblue-collarblue-collarblue-collarblue-collarblue-collarblue-collarblue-collarblue-collarblue-collarblue-collarblue-collarblue-collarblue-collarblue-collarblue-collarblue-collarblue-collarblue-collarblue-collarblue-collarblue-collarblue-collarblue-collarblue-collarblue-collarblue-collarblue-collarblue-collarblue-collarblue-collarblue-collarblue-collarblue-collarblue-collarblue-collarblue-collarblue-collarblue-collarblue-collarblue-collarblue-collarblue-collarblue-collarblue-collarblue-collarblue-collarblue-collarblue-collarblue-collarblue-collarblue-collarblue-collarblue-collarblue-collarblue-collarblue-collarblue-collarblue-collarblue-collarblue-collarblue-collarblue-collarblue-collarblue-collarblue-collarblue-collarblue-collarblue-collarblue-collarblue-collarblue-collarblue-collarblue-collarblue-collarblue-collarblue-collarblue-collarblue-collarblue-collarblue-collarblue-collarblue-collarblue-collarblue-collarblue-collarblue-collarblue-collarblue-collarblue-collarblue-collarblue-collarblue-collarblue-collarblue-collarblue-collarblue-collarblue-collarblue-collarblue-collarblue-collarblue-collarblue-collarblue-collarblue-collarblue-collarblue-collarblue-collarblue-collarblue-collarblue-collarblue-collarblue-collarblue-collarblue-collarblue-collarblue-collarblue-collarblue-collarblue-collarblue-collarblue-collarblue-collarblue-collarblue-collarblue-collarblue-collarblue-collarblue-collarblue-collarblue-collarblue-collarblue-collarblue-collarblue-collarblue-collarblue-collarblue-collarblue-collarblue-collarblue-collarblue-collarblue-collarblue-collarblue-collarblue-collarblue-collarblue-collarblue-collarblue-collarblue-collarblue-collarblue-collarblue-collarblue-collarblue-collarblue-collarblue-collarblue-collarblue-collarblue-collarblue-collarblue-collarblue-collarblue-collarblue-collarblue-collarblue-collarblue-collarblue-collarblue-collarblue-collarblue-collarblue-collarblue-collarblue-collarblue-collarblue-collarblue-collarblue-collarblue-collarblue-collarblue-collarblue-collarblue-collarblue-collarblue-collarblue-collarblue-collarblue-collarblue-collarblue-collarblue-collarblue-collarblue-collarblue-collarblue-collarblue-collarblue-collarblue-collarblue-collarblue-collarblue-collarblue-collarblue-collarblue-collarblue-collarblue-collarblue-collarblue-collarblue-collarblue-collarblue-collarblue-collarblue-collarblue-collarblue-collarblue-collarblue-collarblue-collarblue-collarblue-collarblue-collarblue-collarblue-collarblue-collarblue-collarblue-collarblue-collarblue-collarblue-collarblue-collarblue-collarblue-collarblue-collarblue-collarblue-collarblue-collarblue-collarblue-collarblue-collarblue-collarblue-collarblue-collarblue-collarblue-collarblue-collarblue-collarblue-collarblue-collarblue-collarblue-collarblue-collarblue-collarblue-collarblue-collarblue-collarblue-collarblue-collarblue-collarblue-collarblue-collarblue-collarblue-collarblue-collarblue-collarblue-collarblue-collarblue-collarblue-collarblue-collarblue-collarblue-collarblue-collarblue-collarblue-collarblue-collarblue-collarblue-collarblue-collarblue-collarblue-collarblue-collarblue-collarblue-collarblue-collarblue-collarblue-collarblue-collarblue-collarblue-collarblue-collarblue-collarblue-collarblue-collarblue-collarblue-collarblue-collarblue-collarblue-collarblue-collarblue-collarblue-collarblue-collarblue-collarblue-collarblue-collarblue-collarblue-collarblue-collarblue-collarblue-collarblue-collarblue-collarblue-collarblue-collarblue-collarblue-collarblue-collarblue-collarblue-collarblue-collarblue-collarblue-collarblue-collarblue-collarblue-collarblue-collarblue-collarblue-collarblue-collarblue-collarblue-collarblue-collarblue-collarblue-collarblue-collarblue-collarblue-collarblue-collarblue-collarblue-collarblue-collarblue-collarblue-collarblue-collarblue-collarblue-collarblue-collarblue-collarblue-collarblue-collarblue-collarblue-collarblue-collarblue-collarblue-collarblue-collarblue-collarblue-collarblue-collarblue-collarblue-collarblue-collarblue-collarblue-collarblue-collarblue-collarblue-collarblue-collarblue-collarblue-collarblue-collarblue-collarblue-collarblue-collarblue-collarblue-collarblue-collarblue-collarblue-collarblue-collarblue-collarblue-collarblue-collarblue-collarblue-collarblue-collarblue-collarblue-collarblue-collarblue-collarblue-collarblue-collarblue-collarblue-collarblue-collarblue-collarblue-collarblue-collarblue-collarblue-collarblue-collarblue-collarblue-collarblue-collarblue-collarblue-collarblue-collarblue-collarblue-collarblue-collarblue-collarblue-collarblue-collarblue-collarblue-collarblue-collarblue-collarblue-collarblue-collarblue-collarblue-collarblue-collarblue-collarblue-collarblue-collarblue-collarblue-collarblue-collarblue-collarblue-collarblue-collarblue-collarblue-collarblue-collarblue-collarblue-collarblue-collarblue-collarblue-collarblue-collarblue-collarblue-collarblue-collarblue-collarblue-collarblue-collarblue-collarblue-collarblue-collarblue-collarblue-collarblue-collarblue-collarblue-collarblue-collarblue-collarblue-collarblue-collarblue-collarblue-collarblue-collarblue-collarblue-collarblue-collarblue-collarblue-collarblue-collarblue-collarblue-collarblue-collarblue-collarblue-collarblue-collarblue-collarblue-collarblue-collarblue-collarblue-collarblue-collarblue-collarblue-collarblue-collarblue-collarblue-collarblue-collarblue-collarblue-collarblue-collarblue-collarblue-collarblue-collarblue-collarblue-collarblue-collarblue-collarblue-collarblue-collarblue-collarblue-collarblue-collarblue-collarblue-collarblue-collarblue-collarblue-collarblue-collarblue-collarblue-collarblue-collarblue-collarblue-collarblue-collarblue-collarblue-collarblue-collarblue-collarblue-collarblue-collarblue-collarblue-collarblue-collarblue-collarblue-collarblue-collarblue-collarblue-collarblue-collarblue-collarblue-collarblue-collarblue-collarblue-collarblue-collarblue-collarblue-collarblue-collarblue-collarblue-collarblue-collarblue-collarblue-collarblue-collarblue-collarblue-collarblue-collarblue-collarblue-collarblue-collarblue-collarblue-collarblue-collarblue-collarblue-collarblue-collarblue-collarblue-collarblue-collarblue-collarblue-collarblue-collarblue-collarblue-collarblue-collarblue-collarblue-collarblue-collarblue-collarblue-collarblue-collarblue-collarblue-collarblue-collarblue-collarblue-collarblue-collarblue-collarblue-collarblue-collarblue-collarblue-collarblue-collarblue-collarblue-collarblue-collarblue-collarblue-collarblue-collarblue-collarblue-collarblue-collarblue-collarblue-collarblue-collarblue-collarblue-collarblue-collarblue-collarblue-collarblue-collarblue-collarblue-collarblue-collarblue-collarblue-collarblue-collarblue-collarblue-collarblue-collarblue-collarblue-collarblue-collarblue-collarblue-collarblue-collarblue-collarblue-collarblue-collarblue-collarblue-collarblue-collarblue-collarblue-collarblue-collarblue-collarblue-collarblue-collarblue-collarblue-collarblue-collarblue-collarblue-collarblue-collarblue-collarblue-collarblue-collarblue-collarblue-collarblue-collarblue-collarblue-collarblue-collarblue-collarblue-collarblue-collarblue-collarblue-collarblue-collarblue-collarblue-collarblue-collarblue-collarblue-collarblue-collarblue-collarblue-collarblue-collarblue-collarblue-collarblue-collarblue-collarblue-collarblue-collarblue-collarblue-collarblue-collarblue-collarblue-collarblue-collarblue-collarblue-collarblue-collarblue-collarblue-collarblue-collarblue-collarblue-collarblue-collarblue-collarblue-collarblue-collarblue-collarblue-collarblue-collarblue-collarblue-collarblue-collarblue-collarblue-collarblue-collarblue-collarblue-collarblue-collarblue-collarblue-collarblue-collarblue-collarblue-collarblue-collarblue-collarblue-collarblue-collarblue-collarblue-collarblue-collarblue-collarblue-collarblue-collarblue-collarblue-collarblue-collarblue-collarblue-collarblue-collarblue-collarblue-collarblue-collarblue-collarblue-collarblue-collarblue-collarblue-collarblue-collarblue-collarblue-collarblue-collarblue-collarblue-collarblue-collarblue-collarblue-collarblue-collarblue-collarblue-collarblue-collarblue-collarblue-collarblue-collarblue-collarblue-collarblue-collarblue-collarblue-collarblue-collarblue-collarblue-collarblue-collarblue-collarblue-collarblue-collarblue-collarblue-collarblue-collarblue-collarblue-collarblue-collarblue-collarblue-collarblue-collarblue-collarblue-collarblue-collarblue-collarblue-collarblue-collarblue-collarblue-collarblue-collarblue-collarblue-collarblue-collarblue-collarblue-collarblue-collarblue-collarblue-collarblue-collarblue-collarblue-collarblue-collarblue-collarblue-collarblue-collarblue-collarblue-collarblue-collarblue-collarblue-collarblue-collarblue-collarblue-collarblue-collarblue-collarblue-collarblue-collarblue-collarblue-collarblue-collarblue-collarblue-collarblue-collarblue-collarblue-collarblue-collarblue-collarblue-collarblue-collarblue-collarblue-collarblue-collarblue-collarblue-collarblue-collarblue-collarblue-collarblue-collarblue-collarblue-collarblue-collarblue-collarblue-collarblue-collarblue-collarblue-collarblue-collarblue-collarblue-collarblue-collarblue-collarblue-collarblue-collarblue-collarblue-collarblue-collarblue-collarblue-collarblue-collarblue-collarblue-collarblue-collarblue-collarblue-collarblue-collarblue-collarblue-collarblue-collarblue-collarblue-collarblue-collarblue-collarblue-collarblue-collarblue-collarblue-collarblue-collarblue-collarblue-collarblue-collarblue-collarblue-collarblue-collarblue-collarblue-collarblue-collarblue-collarblue-collarblue-collarblue-collarblue-collarblue-collarblue-collarblue-collarblue-collarblue-collarblue-collarblue-collarblue-collarblue-collarblue-collarblue-collarblue-collarblue-collarblue-collarblue-collarblue-collarblue-collarblue-collarblue-collarblue-collarblue-collarblue-collarblue-collarblue-collarblue-collarblue-collarblue-collarblue-collarblue-collarblue-collarblue-collarblue-collarblue-collarblue-collarblue-collarblue-collarblue-collarblue-collarblue-collarblue-collarblue-collarblue-collarblue-collarblue-collarblue-collarblue-collarblue-collarblue-collarblue-collarblue-collarblue-collarblue-collarblue-collarblue-collarblue-collarblue-collarblue-collarblue-collarblue-collarblue-collarblue-collarblue-collarblue-collarblue-collarblue-collarblue-collarblue-collarblue-collarblue-collarblue-collarblue-collarblue-collarblue-collarblue-collarblue-collarblue-collarblue-collarblue-collarblue-collarblue-collarblue-collarblue-collarblue-collarblue-collarblue-collarblue-collarblue-collarblue-collarblue-collarblue-collarblue-collarblue-collarblue-collarblue-collarblue-collarblue-collarblue-collarblue-collarblue-collarblue-collarblue-collarblue-collarblue-collarblue-collarblue-collarblue-collarblue-collarblue-collarblue-collarblue-collarblue-collarblue-collarblue-collarblue-collarblue-collarblue-collarblue-collarblue-collarblue-collarblue-collarblue-collarblue-collarblue-collarblue-collarblue-collarblue-collarblue-collarblue-collarblue-collarblue-collarblue-collarblue-collarblue-collarblue-collarblue-collarblue-collarblue-collarblue-collarblue-collarblue-collarblue-collarblue-collarblue-collarblue-collarblue-collarblue-collarblue-collarblue-collarblue-collarblue-collarblue-collarblue-collarblue-collarblue-collarblue-collarblue-collarblue-collarblue-collarblue-collarblue-collarblue-collarblue-collarblue-collarblue-collarblue-collarblue-collarblue-collarblue-collarblue-collarblue-collarblue-collarblue-collarblue-collarblue-collarblue-collarblue-collarblue-collarblue-collarblue-collarblue-collarblue-collarblue-collarblue-collarblue-collarblue-collarblue-collarblue-collarblue-collarblue-collarblue-collarblue-collarblue-collarblue-collarblue-collarblue-collarblue-collarblue-collarblue-collarblue-collarblue-collarblue-collarblue-collarblue-collarblue-collarblue-collarblue-collarblue-collarblue-collarblue-collarblue-collarblue-collarblue-collarblue-collarblue-collarblue-collarblue-collarblue-collarblue-collarblue-collarblue-collarblue-collarblue-collarblue-collarblue-collarblue-collarblue-collarblue-collarblue-collarblue-collarblue-collarblue-collarblue-collarblue-collarblue-collarblue-collarblue-collarblue-collarblue-collarblue-collarblue-collarblue-collarblue-collarblue-collarblue-collarblue-collarblue-collarblue-collarblue-collarblue-collarblue-collarblue-collarblue-collarblue-collarblue-collarblue-collarblue-collarblue-collarblue-collarblue-collarblue-collarblue-collarblue-collarblue-collarblue-collarblue-collarblue-collarblue-collarblue-collarblue-collarblue-collarblue-collarblue-collarblue-collarblue-collarblue-collarblue-collarblue-collarblue-collarblue-collarblue-collarblue-collarblue-collarblue-collarblue-collarblue-collarblue-collarblue-collarblue-collarblue-collarblue-collarblue-collarblue-collarblue-collarblue-collarblue-collarblue-collarblue-collarblue-collarblue-collarblue-collarblue-collarblue-collarblue-collarblue-collarblue-collarblue-collarblue-collarblue-collarblue-collarblue-collarblue-collarblue-collarblue-collarblue-collarblue-collarblue-collarblue-collarblue-collarblue-collarblue-collarblue-collarblue-collarblue-collarblue-collarblue-collarblue-collarblue-collarblue-collarblue-collarblue-collarblue-collarblue-collarblue-collarblue-collarblue-collarblue-collarblue-collarblue-collarblue-collarblue-collarblue-collarblue-collarblue-collarblue-collarblue-collarblue-collarblue-collarblue-collarblue-collarblue-collarblue-collarblue-collarblue-collarblue-collarblue-collarblue-collarblue-collarblue-collarblue-collarblue-collarblue-collarblue-collarblue-collarblue-collarblue-collarblue-collarblue-collarblue-collarblue-collarblue-collarblue-collarblue-collarblue-collarblue-collarblue-collarblue-collarblue-collarblue-collarblue-collarblue-collarblue-collarblue-collarblue-collarblue-collarblue-collarblue-collarblue-collarblue-collarblue-collarblue-collarblue-collarblue-collarblue-collarblue-collarblue-collarblue-collarblue-collarblue-collarblue-collarblue-collarblue-collarblue-collarblue-collarblue-collarblue-collarblue-collarblue-collarblue-collarblue-collarblue-collarblue-collarblue-collarblue-collarblue-collarblue-collarblue-collarblue-collarblue-collarblue-collarblue-collarblue-collarblue-collarblue-collarblue-collarblue-collarblue-collarblue-collarblue-collarblue-collarblue-collarblue-collarblue-collarblue-collarblue-collarblue-collarblue-collarblue-collarblue-collarblue-collarblue-collarblue-collarblue-collarblue-collarblue-collarblue-collarblue-collarblue-collarblue-collarblue-collarblue-collarblue-collarblue-collarblue-collarblue-collarblue-collarblue-collarblue-collarblue-collarblue-collarblue-collarblue-collarblue-collarblue-collarblue-collarblue-collarblue-collarblue-collarblue-collarblue-collarblue-collarblue-collarblue-collarblue-collarblue-collarblue-collarblue-collarblue-collarblue-collarblue-collarblue-collarblue-collarblue-collarblue-collarblue-collarblue-collarblue-collarblue-collarblue-collarblue-collarblue-collarblue-collarblue-collarblue-collarblue-collarblue-collarblue-collarblue-collarblue-collarblue-collarblue-collarblue-collarblue-collarblue-collarblue-collarblue-collarblue-collarblue-collarblue-collarblue-collarblue-collarblue-collarblue-collarblue-collarblue-collarblue-collarblue-collarblue-collarblue-collarblue-collarblue-collarblue-collarblue-collarblue-collarblue-collarblue-collarblue-collarblue-collarblue-collarblue-collarblue-collarblue-collarblue-collarblue-collarblue-collarblue-collarblue-collarblue-collarblue-collarblue-collarblue-collarblue-collarblue-collarblue-collarblue-collarblue-collarblue-collarblue-collarblue-collarblue-collarblue-collarblue-collarblue-collarblue-collarblue-collarblue-collarblue-collarblue-collarblue-collarblue-collarblue-collarblue-collarblue-collarblue-collarblue-collarblue-collarblue-collarblue-collarblue-collarblue-collarblue-collarblue-collarblue-collarblue-collarblue-collarblue-collarblue-collarblue-collarblue-collarblue-collarblue-collarblue-collarblue-collarblue-collarblue-collarblue-collarblue-collarblue-collarblue-collarblue-collarblue-collarblue-collarblue-collarblue-collarblue-collarblue-collarblue-collarblue-collarblue-collarblue-collarblue-collarblue-collarblue-collarblue-collarblue-collarblue-collarblue-collarblue-collarblue-collarblue-collarblue-collarblue-collarblue-collarblue-collarblue-collarblue-collarblue-collarblue-collarblue-collarblue-collarblue-collarblue-collarblue-collarblue-collarblue-collarblue-collarblue-collarblue-collarblue-collarblue-collarblue-collarblue-collarblue-collarblue-collarblue-collarblue-collarblue-collarblue-collarblue-collarblue-collarblue-collarblue-collarblue-collarblue-collarblue-collarblue-collarblue-collarblue-collarblue-collarblue-collarblue-collarblue-collarblue-collarblue-collarblue-collarblue-collarblue-collarblue-collarblue-collarblue-collarblue-collarblue-collarblue-collarblue-collarblue-collarblue-collarblue-collarblue-collarblue-collarblue-collarblue-collarblue-collarblue-collarblue-collarblue-collarblue-collarblue-collarblue-collarblue-collarblue-collarblue-collarblue-collarblue-collarblue-collarblue-collarblue-collarblue-collarblue-collarblue-collarblue-collarblue-collarblue-collarblue-collarblue-collarblue-collarblue-collarblue-collarblue-collarblue-collarblue-collarblue-collarblue-collarblue-collarblue-collarblue-collarblue-collarblue-collarblue-collarblue-collarblue-collarblue-collarblue-collarblue-collarblue-collarblue-collarblue-collarblue-collarblue-collarblue-collarblue-collarblue-collarblue-collarblue-collarblue-collarblue-collarblue-collarblue-collarblue-collarblue-collarblue-collarblue-collarblue-collarblue-collarblue-collarblue-collarblue-collarblue-collarblue-collarblue-collarblue-collarblue-collarblue-collarblue-collarblue-collarblue-collarblue-collarblue-collarblue-collarblue-collarblue-collarblue-collarblue-collarblue-collarblue-collarblue-collarblue-collarblue-collarblue-collarblue-collarblue-collarblue-collarblue-collarblue-collarblue-collarblue-collarblue-collarblue-collarblue-collarblue-collarblue-collarblue-collarblue-collarblue-collarblue-collarblue-collarblue-collarblue-collarblue-collarblue-collarblue-collarblue-collarblue-collarblue-collarblue-collarblue-collarblue-collarblue-collarblue-collarblue-collarblue-collarblue-collarblue-collarblue-collarblue-collarblue-collarblue-collarblue-collarblue-collarblue-collarblue-collarblue-collarblue-collarblue-collarblue-collarblue-collarblue-collarblue-collarblue-collarblue-collarblue-collarblue-collarblue-collarblue-collarblue-collarblue-collarblue-collarblue-collarblue-collarblue-collarblue-collarblue-collarblue-collarblue-collarblue-collarblue-collarblue-collarblue-collarblue-collarblue-collarblue-collarblue-collarblue-collarblue-collarblue-collarblue-collarblue-collarblue-collarblue-collarblue-collarblue-collarblue-collarblue-collarblue-collarblue-collarblue-collarblue-collarblue-collarblue-collarblue-collarblue-collarblue-collarblue-collarblue-collarblue-collarblue-collarblue-collarblue-collarblue-collarblue-collarblue-collarblue-collarblue-collarblue-collarblue-collarblue-collarblue-collarblue-collarblue-collarblue-collarblue-collarblue-collarblue-collarblue-collarblue-collarblue-collarblue-collarblue-collarblue-collarblue-collarblue-collarblue-collarblue-collarblue-collarblue-collarblue-collarblue-collarblue-collarblue-collarblue-collarblue-collarblue-collarblue-collarblue-collarblue-collarblue-collarblue-collarblue-collarblue-collarblue-collarblue-collarblue-collarblue-collarblue-collarblue-collarblue-collarblue-collarblue-collarblue-collarblue-collarblue-collarblue-collarblue-collarblue-collarblue-collarblue-collarblue-collarblue-collarblue-collarblue-collarblue-collarblue-collarblue-collarblue-collarblue-collarblue-collarblue-collarblue-collarblue-collarblue-collarblue-collarblue-collarblue-collarblue-collarblue-collarblue-collarblue-collarblue-collarblue-collarblue-collarblue-collarblue-collarblue-collarblue-collarblue-collarblue-collarblue-collarblue-collarblue-collarblue-collarblue-collarblue-collarblue-collarblue-collarblue-collarblue-collarblue-collarblue-collarblue-collarblue-collarblue-collarblue-collarblue-collarblue-collarblue-collarblue-collarblue-collarblue-collarblue-collarblue-collarblue-collarblue-collarblue-collarblue-collarblue-collarblue-collarblue-collarblue-collarblue-collarblue-collarblue-collarblue-collarblue-collarblue-collarblue-collarblue-collarblue-collarblue-collarblue-collarblue-collarblue-collarblue-collarblue-collarblue-collarblue-collarblue-collarblue-collarblue-collarblue-collarblue-collarblue-collarblue-collarblue-collarblue-collarblue-collarblue-collarblue-collarblue-collarblue-collarblue-collarblue-collarblue-collarblue-collarblue-collarblue-collarblue-collarblue-collarblue-collarblue-collarblue-collarblue-collarblue-collarblue-collarblue-collarblue-collarblue-collarblue-collarblue-collarblue-collarblue-collarblue-collarblue-collarblue-collarblue-collarblue-collarblue-collarblue-collarblue-collarblue-collarblue-collarblue-collarblue-collarblue-collarblue-collarblue-collarblue-collarblue-collarblue-collarblue-collarblue-collarblue-collarblue-collarblue-collarblue-collarblue-collarblue-collarblue-collarblue-collarblue-collarblue-collarblue-collarblue-collarblue-collarblue-collarblue-collarblue-collarblue-collarblue-collarblue-collarblue-collarblue-collarblue-collarblue-collarblue-collarblue-collarblue-collarblue-collarblue-collarblue-collarblue-collarblue-collarblue-collarblue-collarblue-collarblue-collarblue-collarblue-collarblue-collarblue-collarblue-collarblue-collarblue-collarblue-collarblue-collarblue-collarblue-collarblue-collarblue-collarblue-collarblue-collarblue-collarblue-collarblue-collarblue-collarblue-collarblue-collarblue-collarblue-collarblue-collarblue-collarblue-collarblue-collarblue-collarblue-collarblue-collarblue-collarblue-collarblue-collarblue-collarblue-collarblue-collarblue-collarblue-collarblue-collarblue-collarblue-collarblue-collarblue-collarblue-collarblue-collarblue-collarblue-collarblue-collarblue-collarblue-collarblue-collarblue-collarblue-collarblue-collarblue-collarblue-collarblue-collarblue-collarblue-collarblue-collarblue-collarblue-collarblue-collarblue-collarblue-collarblue-collarblue-collarblue-collarblue-collarblue-collarblue-collarblue-collarblue-collarblue-collarblue-collarblue-collarblue-collarblue-collarblue-collarblue-collarblue-collarblue-collarblue-collarblue-collarblue-collarblue-collarblue-collarblue-collarblue-collarblue-collarblue-collarblue-collarblue-collarblue-collarblue-collarblue-collarblue-collarblue-collarblue-collarblue-collarblue-collarblue-collarblue-collarblue-collarblue-collarblue-collarblue-collarblue-collarblue-collarblue-collarblue-collarblue-collarblue-collarblue-collarblue-collarblue-collarblue-collarblue-collarblue-collarblue-collarblue-collarblue-collarblue-collarblue-collarblue-collarblue-collarblue-collarblue-collarblue-collarblue-collarblue-collarblue-collarblue-collarblue-collarblue-collarblue-collarblue-collarblue-collarblue-collarblue-collarblue-collarblue-collarblue-collarblue-collarblue-collarblue-collarblue-collarblue-collarblue-collarblue-collarblue-collarblue-collarblue-collarblue-collarblue-collarblue-collarblue-collarblue-collarblue-collarblue-collarblue-collarblue-collarblue-collarblue-collarblue-collarblue-collarblue-collarblue-collarblue-collarblue-collarblue-collarblue-collarblue-collarblue-collarblue-collarblue-collarblue-collarblue-collarblue-collarblue-collarblue-collarblue-collarblue-collarblue-collarblue-collarblue-collarblue-collarblue-collarblue-collarblue-collarblue-collarblue-collarblue-collarblue-collarblue-collarblue-collarblue-collarblue-collarblue-collarblue-collarblue-collarblue-collarblue-collarblue-collarblue-collarblue-collarblue-collarblue-collarblue-collarblue-collarblue-collarblue-collarblue-collarblue-collarblue-collarblue-collarblue-collarblue-collarblue-collarblue-collarblue-collarblue-collarblue-collarblue-collarblue-collarblue-collarblue-collarblue-collarblue-collarblue-collarblue-collarblue-collarblue-collarblue-collarblue-collarblue-collarblue-collarblue-collarblue-collarblue-collarblue-collarblue-collarblue-collarblue-collarblue-collarblue-collarblue-collarblue-collarblue-collarblue-collarblue-collarblue-collarblue-collarblue-collarblue-collarblue-collarblue-collarblue-collarblue-collarblue-collarblue-collarblue-collarblue-collarblue-collarblue-collarblue-collarblue-collarblue-collarblue-collarblue-collarblue-collarblue-collarblue-collarblue-collarblue-collarblue-collarblue-collarblue-collarblue-collarblue-collarblue-collarblue-collarblue-collarblue-collarblue-collarblue-collarblue-collarblue-collarblue-collarblue-collarblue-collarblue-collarblue-collarblue-collarblue-collarblue-collarblue-collarblue-collarblue-collarblue-collarblue-collarblue-collarblue-collarblue-collarblue-collarblue-collarblue-collarblue-collarblue-collarblue-collarblue-collarblue-collarblue-collarblue-collarblue-collarblue-collarblue-collarblue-collarblue-collarblue-collarblue-collarblue-collarblue-collarblue-collarblue-collarblue-collarblue-collarblue-collarblue-collarblue-collarblue-collarblue-collarblue-collarblue-collarblue-collarblue-collarblue-collarblue-collarblue-collarblue-collarblue-collarblue-collarblue-collarblue-collarblue-collarblue-collarblue-collarblue-collarblue-collarblue-collarblue-collarblue-collarblue-collarblue-collarblue-collarblue-collarblue-collarblue-collarblue-collarblue-collarblue-collarblue-collarblue-collarblue-collarblue-collarblue-collarblue-collarblue-collarblue-collarblue-collarblue-collarblue-collarblue-collarblue-collarblue-collarblue-collarblue-collarblue-collarblue-collarblue-collarblue-collarblue-collarblue-collarblue-collarblue-collarblue-collarblue-collarblue-collarblue-collarblue-collarblue-collarblue-collarblue-collarblue-collarblue-collarblue-collarblue-collarblue-collarblue-collarblue-collarblue-collarblue-collarblue-collarblue-collarblue-collarblue-collarblue-collarblue-collarblue-collarblue-collarblue-collarblue-collarblue-collarblue-collarblue-collarblue-collarblue-collarblue-collarblue-collarblue-collarblue-collarblue-collarblue-collarblue-collarblue-collarblue-collarblue-collarblue-collarblue-collarblue-collarblue-collarblue-collarblue-collarblue-collarblue-collarblue-collarblue-collarblue-collarblue-collarblue-collarblue-collarblue-collarblue-collarblue-collarblue-collarblue-collarblue-collarblue-collarblue-collarblue-collarblue-collarblue-collarblue-collarblue-collarblue-collarblue-collarblue-collarblue-collarblue-collarblue-collarblue-collarblue-collarblue-collarblue-collarblue-collarblue-collarblue-collarblue-collarblue-collarblue-collarblue-collarblue-collarblue-collarblue-collarblue-collarblue-collarblue-collarblue-collarblue-collarblue-collarblue-collarblue-collarblue-collarblue-collarblue-collarblue-collarblue-collarblue-collarblue-collarblue-collarblue-collarblue-collarblue-collarblue-collarblue-collarblue-collarblue-collarblue-collarblue-collarblue-collarblue-collarblue-collarblue-collarblue-collarblue-collarblue-collarblue-collarblue-collarblue-collarblue-collarblue-collarblue-collarblue-collarblue-collarblue-collarblue-collarblue-collarblue-collarblue-collarblue-collarblue-collarblue-collarblue-collarblue-collarblue-collarblue-collarblue-collarblue-collarblue-collarblue-collarblue-collarblue-collarblue-collarblue-collarblue-collarblue-collarblue-collarblue-collarblue-collarblue-collarblue-collarblue-collarblue-collarblue-collarblue-collarblue-collarblue-collarblue-collarblue-collarblue-collarblue-collarblue-collarblue-collarblue-collarblue-collarblue-collarblue-collarblue-collarblue-collarblue-collarblue-collarblue-collarblue-collarblue-collarblue-collarblue-collarblue-collarblue-collarblue-collarblue-collarblue-collarblue-collarblue-collarblue-collarblue-collarblue-collarblue-collarblue-collarblue-collarblue-collarblue-collarblue-collarblue-collarblue-collarblue-collarblue-collarblue-collarblue-collarblue-collarblue-collarblue-collarblue-collarblue-collarblue-collarblue-collarblue-collarblue-collarblue-collarblue-collarblue-collarblue-collarblue-collarblue-collarblue-collarblue-collarblue-collarblue-collarblue-collarblue-collarblue-collarblue-collarblue-collarblue-collarblue-collarblue-collarblue-collarblue-collarblue-collarblue-collarblue-collarblue-collarblue-collarblue-collarblue-collarblue-collarblue-collarblue-collarblue-collarblue-collarblue-collarblue-collarblue-collarblue-collarblue-collarblue-collarblue-collarblue-collarblue-collarblue-collarblue-collarblue-collarblue-collarblue-collarblue-collarblue-collarblue-collarblue-collarblue-collarblue-collarblue-collarblue-collarblue-collarblue-collarblue-collarblue-collarblue-collarblue-collarblue-collarblue-collarblue-collarblue-collarblue-collarblue-collarblue-collarblue-collarblue-collarblue-collarblue-collarblue-collarblue-collarblue-collarblue-collarblue-collarblue-collarblue-collarblue-collarblue-collarblue-collarblue-collarblue-collarblue-collarblue-collarblue-collarblue-collarblue-collarblue-collarblue-collarblue-collarblue-collarblue-collarblue-collarblue-collarblue-collarblue-collarblue-collarblue-collarblue-collarblue-collarblue-collarblue-collarblue-collarblue-collarblue-collarblue-collarblue-collarblue-collarblue-collarblue-collarblue-collarblue-collarblue-collarblue-collarblue-collarblue-collarblue-collarblue-collarblue-collarblue-collarblue-collarblue-collarblue-collarblue-collarblue-collarblue-collarblue-collarblue-collarblue-collarblue-collarblue-collarblue-collarblue-collarblue-collarblue-collarblue-collarblue-collarblue-collarblue-collarblue-collarblue-collarblue-collarblue-collarblue-collarblue-collarblue-collarblue-collarblue-collarblue-collarblue-collarblue-collarblue-collarblue-collarblue-collarblue-collarblue-collarblue-collarblue-collarblue-collarblue-collarblue-collarblue-collarblue-collarblue-collarblue-collarblue-collarblue-collarblue-collarblue-collarblue-collarblue-collarblue-collarblue-collarblue-collarblue-collarblue-collarblue-collarblue-collarblue-collarblue-collarblue-collarblue-collarblue-collarblue-collarblue-collarblue-collarblue-collarblue-collarblue-collarblue-collarblue-collarblue-collarblue-collarblue-collarblue-collarblue-collarblue-collarblue-collarblue-collarblue-collarblue-collarblue-collarblue-collarblue-collarblue-collarblue-collarblue-collarblue-collarblue-collarblue-collarblue-collarblue-collarblue-collarblue-collarblue-collarblue-collarblue-collarblue-collarblue-collarblue-collarblue-collarblue-collarblue-collarblue-collarblue-collarblue-collarblue-collarblue-collarblue-collarblue-collarblue-collarblue-collarblue-collarblue-collarblue-collarblue-collarblue-collarblue-collarblue-collarblue-collarblue-collarblue-collarblue-collarblue-collarblue-collarblue-collarblue-collarblue-collarblue-collarblue-collarblue-collarblue-collarblue-collarblue-collarblue-collarblue-collarblue-collarblue-collarblue-collarblue-collarblue-collarblue-collarblue-collarblue-collarblue-collarblue-collarblue-collarblue-collarblue-collarblue-collarblue-collarblue-collarblue-collarblue-collarblue-collarblue-collarblue-collarblue-collarblue-collarblue-collarblue-collarblue-collarblue-collarblue-collarblue-collarblue-collarblue-collarblue-collarblue-collarblue-collarblue-collarblue-collarblue-collarblue-collarblue-collarblue-collarblue-collarblue-collarblue-collarblue-collarblue-collarblue-collarblue-collarblue-collarblue-collarblue-collarblue-collarblue-collarblue-collarblue-collarblue-collarblue-collarblue-collarblue-collarblue-collarblue-collarblue-collarblue-collarblue-collarblue-collarblue-collarblue-collarblue-collarblue-collarblue-collarblue-collarblue-collarblue-collarblue-collarblue-collarblue-collarblue-collarblue-collarblue-collarblue-collarblue-collarblue-collarblue-collarblue-collarblue-collarblue-collarblue-collarblue-collarblue-collarblue-collarblue-collarblue-collarblue-collarblue-collarblue-collarblue-collarblue-collarblue-collarblue-collarblue-collarblue-collarblue-collarblue-collarblue-collarblue-collarblue-collarblue-collarblue-collarblue-collarblue-collarblue-collarblue-collarblue-collarblue-collarblue-collarblue-collarblue-collarblue-collarblue-collarblue-collarblue-collarblue-collarblue-collarblue-collarblue-collarblue-collarblue-collarblue-collarblue-collarblue-collarblue-collarblue-collarblue-collarblue-collarblue-collarblue-collarblue-collarblue-collarblue-collarblue-collarblue-collarblue-collarblue-collarblue-collarblue-collarblue-collarblue-collarblue-collarblue-collarblue-collarblue-collarblue-collarblue-collarblue-collarblue-collarblue-collarblue-collarblue-collarblue-collarblue-collarblue-collarblue-collarblue-collarblue-collarblue-collarblue-collarblue-collarblue-collarblue-collarblue-collarblue-collarblue-collarblue-collarblue-collarblue-collarblue-collarblue-collarblue-collarblue-collarblue-collarblue-collarblue-collarblue-collarblue-collarblue-collarblue-collarblue-collarblue-collarblue-collarblue-collarblue-collarblue-collarblue-collarblue-collarblue-collarblue-collarblue-collarblue-collarblue-collarblue-collarblue-collarblue-collarblue-collarblue-collarblue-collarblue-collarblue-collarblue-collarblue-collarblue-collarblue-collarblue-collarblue-collarblue-collarblue-collarblue-collarblue-collarblue-collarblue-collarblue-collarblue-collarblue-collarblue-collarblue-collarblue-collarblue-collarblue-collarblue-collarblue-collarblue-collarblue-collarblue-collarblue-collarblue-collarblue-collarblue-collarblue-collarblue-collarblue-collarblue-collarblue-collarblue-collarblue-collarblue-collarblue-collarblue-collarblue-collarblue-collarblue-collarblue-collarblue-collarblue-collarblue-collarblue-collarblue-collarblue-collarblue-collarblue-collarblue-collarblue-collarblue-collarblue-collarblue-collarblue-collarblue-collarblue-collarblue-collarblue-collarblue-collarblue-collarblue-collarblue-collarblue-collarblue-collarblue-collarblue-collarblue-collarblue-collarblue-collarblue-collarblue-collarblue-collarblue-collarblue-collarblue-collarblue-collarblue-collarblue-collarblue-collarblue-collarblue-collarblue-collarblue-collarblue-collarblue-collarblue-collarblue-collarblue-collarblue-collarblue-collarblue-collarblue-collarblue-collarblue-collarblue-collarblue-collarblue-collarblue-collarblue-collarblue-collarblue-collarblue-collarblue-collarblue-collarblue-collarblue-collarblue-collarblue-collarblue-collarblue-collarblue-collarblue-collarblue-collarblue-collarblue-collarblue-collarblue-collarblue-collarblue-collarblue-collarblue-collarblue-collarblue-collarblue-collarblue-collarblue-collarblue-collarblue-collarblue-collarblue-collarblue-collarblue-collarblue-collarblue-collarblue-collarblue-collarblue-collarblue-collarblue-collarblue-collarblue-collarblue-collarblue-collarblue-collarblue-collarblue-collarblue-collarblue-collarblue-collarblue-collarblue-collarblue-collarblue-collarblue-collarblue-collarblue-collarblue-collarblue-collarblue-collarblue-collarblue-collarblue-collarblue-collarblue-collarblue-collarblue-collarblue-collarblue-collarblue-collarblue-collarblue-collarblue-collarblue-collarblue-collarblue-collarblue-collarblue-collarblue-collarblue-collarblue-collarblue-collarblue-collarblue-collarblue-collarblue-collarblue-collarblue-collarblue-collarblue-collarblue-collarblue-collarblue-collarblue-collarblue-collarblue-collarblue-collarblue-collarblue-collarblue-collarblue-collarblue-collarblue-collarblue-collarblue-collarblue-collarblue-collarblue-collarblue-collarblue-collarblue-collarblue-collarblue-collarblue-collarblue-collarblue-collarblue-collarblue-collarblue-collarblue-collarblue-collarblue-collarblue-collarblue-collarblue-collarblue-collarblue-collarblue-collarblue-collarblue-collarblue-collarblue-collarblue-collarblue-collarblue-collarblue-collarblue-collarblue-collarblue-collarblue-collarblue-collarblue-collarblue-collarblue-collarblue-collarblue-collarblue-collarblue-collarblue-collarblue-collarblue-collarblue-collarblue-collarblue-collarblue-collarblue-collarblue-collarblue-collarblue-collarblue-collarblue-collarblue-collarblue-collarblue-collarblue-collarblue-collarblue-collarblue-collarblue-collarblue-collarblue-collarblue-collarblue-collarblue-collarblue-collarblue-collarblue-collarblue-collarblue-collarblue-collarblue-collarblue-collarblue-collarblue-collarblue-collarblue-collarblue-collarblue-collarblue-collarblue-collarblue-collarblue-collarblue-collarblue-collarblue-collarblue-collarblue-collarblue-collarblue-collarblue-collarblue-collarblue-collarblue-collarblue-collarblue-collarblue-collarblue-collarblue-collarblue-collarblue-collarblue-collarblue-collarblue-collarblue-collarblue-collarblue-collarblue-collarblue-collarblue-collarblue-collarblue-collarblue-collarblue-collarblue-collarblue-collarblue-collarblue-collarblue-collarblue-collarblue-collarblue-collarblue-collarblue-collarblue-collarblue-collarblue-collarblue-collarblue-collarblue-collarblue-collarblue-collarblue-collarblue-collarblue-collarblue-collarblue-collarblue-collarblue-collarblue-collarblue-collarblue-collarblue-collarblue-collarblue-collarblue-collarblue-collarblue-collarblue-collarblue-collarblue-collarblue-collarblue-collarblue-collarblue-collarblue-collarblue-collarblue-collarblue-collarblue-collarblue-collarblue-collarblue-collarblue-collarblue-collarblue-collarblue-collarblue-collarblue-collarblue-collarblue-collarblue-collarblue-collarblue-collarblue-collarblue-collarblue-collarblue-collarblue-collarblue-collarblue-collarblue-collarblue-collarblue-collarblue-collarblue-collarblue-collarblue-collarblue-collarblue-collarblue-collarblue-collarblue-collarblue-collarblue-collarblue-collarblue-collarblue-collarblue-collarblue-collarblue-collarblue-collarblue-collarblue-collarblue-collarblue-collarblue-collarblue-collarblue-collarblue-collarblue-collarblue-collarblue-collarblue-collarblue-collarblue-collarblue-collarblue-collarblue-collarblue-collarblue-collarblue-collarblue-collarblue-collarblue-collarblue-collarblue-collarblue-collarblue-collarblue-collarblue-collarblue-collarblue-collarblue-collarblue-collarblue-collarblue-collarblue-collarblue-collarblue-collarblue-collarblue-collarblue-collarblue-collarblue-collarblue-collarblue-collarblue-collarblue-collarblue-collarblue-collarblue-collarblue-collarblue-collarblue-collarblue-collarblue-collarblue-collarblue-collarblue-collarblue-collarblue-collarblue-collarblue-collarblue-collarblue-collarblue-collarblue-collarblue-collarblue-collarblue-collarblue-collarblue-collarblue-collarblue-collarblue-collarblue-collarblue-collarblue-collarblue-collarblue-collarblue-collarblue-collarblue-collarblue-collarblue-collarblue-collarblue-collarblue-collarblue-collarblue-collarblue-collarblue-collarblue-collarblue-collarblue-collarblue-collarblue-collarblue-collarblue-collarblue-collarblue-collarblue-collarblue-collarblue-collarblue-collarblue-collarblue-collarblue-collarblue-collarblue-collarblue-collarblue-collarblue-collarblue-collarblue-collarblue-collarblue-collarblue-collarblue-collarblue-collarblue-collarblue-collarblue-collarblue-collarblue-collarblue-collarblue-collarblue-collarblue-collarblue-collarblue-collarblue-collarblue-collarblue-collarblue-collarblue-collarblue-collarblue-collarblue-collarblue-collarblue-collarblue-collarblue-collarblue-collarblue-collarblue-collarblue-collarblue-collarblue-collarblue-collarblue-collarblue-collarblue-collarblue-collarblue-collarblue-collarblue-collarblue-collarblue-collarblue-collarblue-collarblue-collarblue-collarblue-collarblue-collarblue-collarblue-collarblue-collarblue-collarblue-collarblue-collarblue-collarblue-collarblue-collarblue-collarblue-collarblue-collarblue-collarblue-collarblue-collarblue-collarblue-collarblue-collarblue-collarblue-collarblue-collarblue-collarblue-collarblue-collarblue-collarblue-collarblue-collarblue-collarblue-collarblue-collarblue-collarblue-collarblue-collarblue-collarblue-collarblue-collarblue-collarblue-collarblue-collarblue-collarblue-collarblue-collarblue-collarblue-collarblue-collarblue-collarblue-collarblue-collarblue-collarblue-collarblue-collarblue-collarblue-collarblue-collarblue-collarblue-collarblue-collarblue-collarblue-collarblue-collarblue-collarblue-collarblue-collarblue-collarblue-collarblue-collarblue-collarblue-collarblue-collarblue-collarblue-collarblue-collarblue-collarblue-collarblue-collarblue-collarblue-collarblue-collarblue-collarblue-collarblue-collarblue-collarblue-collarblue-collarblue-collarblue-collarblue-collarblue-collarblue-collarblue-collarblue-collarblue-collarblue-collarblue-collarblue-collarblue-collarblue-collarblue-collarblue-collarblue-collarblue-collarblue-collarblue-collarblue-collarblue-collarblue-collarblue-collarblue-collarblue-collarblue-collarblue-collarblue-collarblue-collarblue-collarblue-collarblue-collarblue-collarblue-collarblue-collarblue-collarblue-collarblue-collarblue-collarblue-collarblue-collarblue-collarblue-collarblue-collarblue-collarblue-collarblue-collarblue-collarblue-collarblue-collarblue-collarblue-collarblue-collarblue-collarblue-collarblue-collarblue-collarblue-collarblue-collarblue-collarblue-collarblue-collarblue-collarblue-collarblue-collarblue-collarblue-collarblue-collarblue-collarblue-collarblue-collarblue-collarblue-collarblue-collarblue-collarblue-collarblue-collarblue-collarblue-collarblue-collarblue-collarblue-collarblue-collarblue-collarblue-collarblue-collarblue-collarblue-collarblue-collarblue-collarblue-collarblue-collarblue-collarblue-collarblue-collarblue-collarblue-collarblue-collarblue-collarblue-collarblue-collarblue-collarblue-collarblue-collarblue-collarblue-collarblue-collarblue-collarblue-collarblue-collarblue-collarblue-collarblue-collarblue-collarblue-collarblue-collarblue-collarblue-collarblue-collarblue-collarblue-collarblue-collarblue-collarblue-collarblue-collarblue-collarblue-collarblue-collarblue-collarblue-collarblue-collarblue-collarblue-collarblue-collarblue-collarblue-collarblue-collarblue-collarblue-collarblue-collarblue-collarblue-collarblue-collarblue-collarblue-collarblue-collarblue-collarblue-collarblue-collarblue-collarblue-collarblue-collarblue-collarblue-collarblue-collarblue-collarblue-collarblue-collarblue-collarblue-collarblue-collarblue-collarblue-collarblue-collarblue-collarblue-collarblue-collarblue-collarblue-collarblue-collarblue-collarblue-collarblue-collarblue-collarblue-collarblue-collarblue-collarblue-collarblue-collarblue-collarblue-collarblue-collarblue-collarblue-collarblue-collarblue-collarblue-collarblue-collarblue-collarblue-collarblue-collarblue-collarblue-collarblue-collarblue-collarblue-collarblue-collarblue-collarblue-collarblue-collarblue-collarblue-collarblue-collarblue-collarblue-collarblue-collarblue-collarblue-collarblue-collarblue-collarblue-collarblue-collarblue-collarblue-collarblue-collarblue-collarblue-collarblue-collarblue-collarblue-collarblue-collarblue-collarblue-collarblue-collarblue-collarblue-collarblue-collarblue-collarblue-collarblue-collarblue-collarblue-collarblue-collarblue-collarblue-collarblue-collarblue-collarblue-collarblue-collarblue-collarblue-collarblue-collarblue-collarblue-collarblue-collarblue-collarblue-collarblue-collarblue-collarblue-collarblue-collarblue-collarblue-collarblue-collarblue-collarblue-collarblue-collarblue-collarblue-collarblue-collarblue-collarblue-collarblue-collarblue-collarblue-collarblue-collarblue-collarblue-collarblue-collarblue-collarblue-collarblue-collarblue-collarblue-collarblue-collarblue-collarblue-collarblue-collarblue-collarblue-collarblue-collarblue-collarblue-collarblue-collarblue-collarblue-collarblue-collarblue-collarblue-collarblue-collarblue-collarblue-collarblue-collarblue-collarblue-collarblue-collarblue-collarblue-collarblue-collarblue-collarblue-collarblue-collarblue-collarblue-collarblue-collarblue-collarblue-collarblue-collarblue-collarblue-collarblue-collarblue-collarblue-collarblue-collarblue-collarblue-collarblue-collarblue-collarblue-collarblue-collarblue-collarblue-collarblue-collarblue-collarblue-collarblue-collarblue-collarblue-collarblue-collarblue-collarblue-collarblue-collarblue-collarblue-collarblue-collarblue-collarblue-collarblue-collarblue-collarblue-collarblue-collarblue-collarblue-collarblue-collarblue-collarblue-collarblue-collarblue-collarblue-collarblue-collarblue-collarblue-collarblue-collarblue-collarblue-collarblue-collarblue-collarblue-collarblue-collarblue-collarblue-collarblue-collarblue-collarblue-collarblue-collarblue-collarblue-collarblue-collarblue-collarblue-collarblue-collarblue-collarblue-collarblue-collarblue-collarblue-collarblue-collarblue-collarblue-collarblue-collarblue-collarblue-collarblue-collarblue-collarblue-collarblue-collarblue-collarblue-collarblue-collarblue-collarblue-collarblue-collarblue-collarblue-collarblue-collarblue-collarblue-collarblue-collarblue-collarblue-collarblue-collarblue-collarblue-collarblue-collarblue-collarblue-collarblue-collarblue-collarblue-collarblue-collarblue-collarblue-collarblue-collarblue-collarblue-collarblue-collarblue-collarblue-collarblue-collarblue-collarblue-collarblue-collarblue-collarblue-collarblue-collarblue-collarblue-collarblue-collarblue-collarblue-collarblue-collarblue-collarblue-collarblue-collarblue-collarblue-collarblue-collarblue-collarblue-collarblue-collarblue-collarblue-collarblue-collarblue-collarblue-collarblue-collarblue-collarblue-collarblue-collarblue-collarblue-collarblue-collarblue-collarblue-collarblue-collarblue-collarblue-collarblue-collarblue-collarblue-collarblue-collarblue-collarblue-collarblue-collarblue-collarblue-collarblue-collarblue-collarblue-collarblue-collarblue-collarblue-collarblue-collarblue-collarblue-collarblue-collarblue-collarblue-collarblue-collarblue-collarblue-collarblue-collarblue-collarblue-collarblue-collarblue-collarblue-collarblue-collarblue-collarblue-collarblue-collarblue-collarblue-collarblue-collarblue-collarblue-collarblue-collarblue-collarblue-collarblue-collarblue-collarblue-collarblue-collarblue-collarblue-collarblue-collarblue-collarblue-collarblue-collarblue-collarblue-collarblue-collarblue-collarblue-collarblue-collarblue-collarblue-collarblue-collarblue-collarblue-collarblue-collarblue-collarblue-collarblue-collarblue-collarblue-collarblue-collarblue-collarblue-collarblue-collarblue-collarblue-collarblue-collarblue-collarblue-collarblue-collarblue-collarblue-collarblue-collarblue-collarblue-collarblue-collarblue-collarblue-collarblue-collarblue-collarblue-collarblue-collarblue-collarblue-collarblue-collarblue-collarblue-collarblue-collarblue-collarblue-collarblue-collarblue-collarblue-collarblue-collarblue-collarblue-collarblue-collarblue-collarblue-collarblue-collarblue-collarblue-collarblue-collarblue-collarblue-collarblue-collarblue-collarblue-collarblue-collarblue-collarblue-collarblue-collarblue-collarblue-collarblue-collarblue-collarblue-collarblue-collarblue-collarblue-collarblue-collarblue-collarblue-collarblue-collarblue-collarblue-collarblue-collarblue-collarblue-collarblue-collarblue-collarblue-collarblue-collarblue-collarblue-collarblue-collarblue-collarblue-collarblue-collarblue-collarblue-collarblue-collarblue-collarblue-collarblue-collarblue-collarblue-collarblue-collarblue-collarblue-collarblue-collarblue-collarblue-collarblue-collarblue-collarblue-collarblue-collarblue-collarblue-collarblue-collarblue-collarblue-collarblue-collarblue-collarblue-collarblue-collarblue-collarblue-collarblue-collarblue-collarblue-collarblue-collarblue-collarblue-collarblue-collarblue-collarblue-collarblue-collarblue-collarblue-collarblue-collarblue-collarblue-collarblue-collarblue-collarblue-collarblue-collarblue-collarblue-collarblue-collarblue-collarblue-collarblue-collarblue-collarblue-collarblue-collarblue-collarblue-collarblue-collarblue-collarblue-collarblue-collarblue-collarblue-collarblue-collarblue-collarblue-collarblue-collarblue-collarblue-collarblue-collarblue-collarblue-collarblue-collarblue-collarblue-collarblue-collarblue-collarblue-collarblue-collarblue-collarblue-collarblue-collarblue-collarblue-collarblue-collarblue-collarblue-collarblue-collarblue-collarblue-collarblue-collarblue-collarblue-collarblue-collarblue-collarblue-collarblue-collarblue-collarblue-collarblue-collarblue-collarblue-collarblue-collarblue-collarblue-collarblue-collarblue-collarblue-collarblue-collarblue-collarblue-collarblue-collarblue-collarblue-collarblue-collarblue-collarblue-collarblue-collarblue-collarblue-collarblue-collarblue-collarblue-collarblue-collarblue-collarblue-collarblue-collarblue-collarblue-collarblue-collarblue-collarblue-collarblue-collarblue-collarblue-collarblue-collarblue-collarblue-collarblue-collarblue-collarblue-collarblue-collarblue-collarblue-collarblue-collarblue-collarblue-collarblue-collarblue-collarblue-collarblue-collarblue-collarblue-collarblue-collarblue-collarblue-collarblue-collarblue-collarblue-collarblue-collarblue-collarblue-collarblue-collarblue-collarblue-collarblue-collarblue-collarblue-collarblue-collarblue-collarblue-collarblue-collarblue-collarblue-collarblue-collarblue-collarblue-collarblue-collarblue-collarblue-collarblue-collarblue-collarblue-collarblue-collarblue-collarblue-collarblue-collarblue-collarblue-collarblue-collarblue-collarblue-collarblue-collarblue-collarblue-collarblue-collarblue-collarblue-collarblue-collarblue-collarblue-collarblue-collarblue-collarblue-collarblue-collarblue-collarblue-collarblue-collarblue-collarblue-collarblue-collarblue-collarblue-collarblue-collarblue-collarblue-collarblue-collarblue-collarblue-collarblue-collarblue-collarblue-collarblue-collarblue-collarblue-collarblue-collarblue-collarblue-collarblue-collarblue-collarblue-collarblue-collarblue-collarblue-collarblue-collarblue-collarblue-collarblue-collarblue-collarblue-collarblue-collarblue-collarblue-collarblue-collarblue-collarblue-collarblue-collarblue-collarblue-collarblue-collarblue-collarblue-collarblue-collarblue-collarblue-collarblue-collarblue-collarblue-collarblue-collarblue-collarblue-collarblue-collarblue-collarblue-collarblue-collarblue-collarblue-collarblue-collarblue-collarblue-collarblue-collarblue-collarblue-collarblue-collarblue-collarblue-collarblue-collarblue-collarblue-collarblue-collarblue-collarblue-collarblue-collarblue-collarblue-collarblue-collarblue-collarblue-collarblue-collarblue-collarblue-collarblue-collarblue-collarblue-collarblue-collarblue-collarblue-collarblue-collarblue-collarblue-collarblue-collarblue-collarblue-collarblue-collarblue-collarblue-collarblue-collarblue-collarblue-collarblue-collarblue-collarblue-collarblue-collarblue-collarblue-collarblue-collarblue-collarblue-collarblue-collarblue-collarblue-collarblue-collarblue-collarblue-collarblue-collarblue-collarblue-collarblue-collarblue-collarblue-collarblue-collarblue-collarblue-collarblue-collarblue-collarblue-collarblue-collarblue-collarblue-collarblue-collarblue-collarblue-collarblue-collarblue-collarblue-collarblue-collarblue-collarblue-collarblue-collarblue-collarblue-collarblue-collarblue-collarblue-collarblue-collarblue-collarblue-collarblue-collarblue-collarblue-collarblue-collarblue-collarblue-collarblue-collarblue-collarblue-collarblue-collarblue-collarblue-collarblue-collarblue-collarblue-collarblue-collarblue-collarblue-collarblue-collarblue-collarblue-collarblue-collarblue-collarblue-collarblue-collarblue-collarblue-collarblue-collarblue-collarblue-collarblue-collarblue-collarblue-collarblue-collarblue-collarblue-collarblue-collarblue-collarblue-collarblue-collarblue-collarblue-collarblue-collarblue-collarblue-collarblue-collarblue-collarblue-collarblue-collarblue-collarblue-collarblue-collarblue-collarblue-collarblue-collarblue-collarblue-collarblue-collarblue-collarblue-collarblue-collarblue-collarblue-collarblue-collarblue-collarblue-collarblue-collarblue-collarblue-collarblue-collarblue-collarblue-collarblue-collarblue-collarblue-collarblue-collarblue-collarblue-collarblue-collarblue-collarblue-collarblue-collarblue-collarblue-collarblue-collarblue-collarblue-collarblue-collarblue-collarblue-collarblue-collarblue-collarblue-collarblue-collarblue-collarblue-collarblue-collarblue-collarblue-collarblue-collarblue-collarblue-collarblue-collarblue-collarblue-collarblue-collarblue-collarblue-collarblue-collarblue-collarblue-collarblue-collarblue-collarblue-collarblue-collarblue-collarblue-collarblue-collarblue-collarblue-collarblue-collarblue-collarblue-collarblue-collarblue-collarblue-collarblue-collarblue-collarblue-collarblue-collarblue-collarblue-collarblue-collarblue-collarblue-collarblue-collarblue-collarblue-collarblue-collarblue-collarblue-collarblue-collarblue-collarblue-collarblue-collarblue-collarblue-collarblue-collarblue-collarblue-collarblue-collarblue-collarblue-collarblue-collarblue-collarblue-collarblue-collarblue-collarblue-collarblue-collarblue-collarblue-collarblue-collarblue-collarblue-collarblue-collarblue-collarblue-collarblue-collarblue-collarblue-collarblue-collarblue-collarblue-collarblue-collarblue-collarblue-collarblue-collarblue-collarblue-collarblue-collarblue-collarblue-collarblue-collarblue-collarblue-collarblue-collarblue-collarblue-collarblue-collarblue-collarblue-collarblue-collarblue-collarblue-collarblue-collarblue-collarblue-collarblue-collarblue-collarblue-collarblue-collarblue-collarblue-collarblue-collarblue-collarblue-collarblue-collarblue-collarblue-collarblue-collarblue-collarblue-collarblue-collarblue-collarblue-collarblue-collarblue-collarblue-collarblue-collarblue-collarblue-collarblue-collarblue-collarblue-collarblue-collarblue-collarblue-collarblue-collarblue-collarblue-collarblue-collarblue-collarblue-collarblue-collarblue-collarblue-collarblue-collarblue-collarblue-collarblue-collarblue-collarblue-collarblue-collarblue-collarblue-collarblue-collarblue-collarblue-collarblue-collarblue-collarblue-collarblue-collarblue-collarblue-collarblue-collarblue-collarblue-collarblue-collarblue-collarblue-collarblue-collarblue-collarblue-collarblue-collarblue-collarblue-collarblue-collarblue-collarblue-collarblue-collarblue-collarblue-collarblue-collarblue-collarblue-collarblue-collarblue-collarblue-collarblue-collarblue-collarblue-collarblue-collarblue-collarblue-collarblue-collarblue-collarblue-collarblue-collarblue-collarblue-collarblue-collarblue-collarblue-collarblue-collarblue-collarblue-collarblue-collarblue-collarblue-collarblue-collarblue-collarblue-collarblue-collarblue-collarblue-collarblue-collarblue-collarblue-collarblue-collarblue-collarblue-collarblue-collarblue-collarblue-collarblue-collarblue-collarblue-collarblue-collarblue-collarblue-collarblue-collarblue-collarblue-collarblue-collarblue-collarblue-collarblue-collarblue-collarblue-collarblue-collarblue-collarblue-collarblue-collarblue-collarblue-collarblue-collarblue-collarblue-collarblue-collarblue-collarblue-collarblue-collarblue-collarblue-collarblue-collarblue-collarblue-collarblue-collarblue-collarblue-collarblue-collarblue-collarblue-collarblue-collarblue-collarblue-collarblue-collarblue-collarblue-collarblue-collarblue-collarblue-collarblue-collarblue-collarblue-collarblue-collarblue-collarblue-collarblue-collarblue-collarblue-collarblue-collarblue-collarblue-collarblue-collarblue-collarblue-collarblue-collarblue-collarblue-collarblue-collarblue-collarblue-collarblue-collarblue-collarblue-collarblue-collarblue-collarblue-collarblue-collarblue-collarblue-collarblue-collarblue-collarblue-collarblue-collarblue-collarblue-collarblue-collarblue-collarblue-collarblue-collarblue-collarblue-collarblue-collarblue-collarblue-collarblue-collarblue-collarblue-collarblue-collarblue-collarblue-collarblue-collarblue-collarblue-collarblue-collarblue-collarblue-collarblue-collarblue-collarblue-collarblue-collarblue-collarblue-collarblue-collarblue-collarblue-collarblue-collarblue-collarblue-collarblue-collarblue-collarblue-collarblue-collarblue-collarblue-collarblue-collarblue-collarblue-collarblue-collarblue-collarblue-collarblue-collarblue-collarblue-collarblue-collarblue-collarblue-collarblue-collarblue-collarblue-collarblue-collarblue-collarblue-collarblue-collarblue-collarblue-collarblue-collarblue-collarblue-collarblue-collarblue-collarblue-collarblue-collarblue-collarblue-collarblue-collarblue-collarblue-collarblue-collarblue-collarblue-collarblue-collarblue-collarblue-collarblue-collarblue-collarblue-collarblue-collarblue-collarblue-collarblue-collarblue-collarblue-collarblue-collarblue-collarblue-collarblue-collarblue-collarblue-collarblue-collarblue-collarblue-collarblue-collarblue-collarblue-collarblue-collarblue-collarblue-collarblue-collarblue-collarblue-collarblue-collarblue-collarblue-collarblue-collarblue-collarblue-collarblue-collarblue-collarblue-collarblue-collarblue-collarblue-collarblue-collarblue-collarblue-collarblue-collarblue-collarblue-collarblue-collarblue-collarblue-collarblue-collarblue-collarblue-collarblue-collarblue-collarblue-collarblue-collarblue-collarblue-collarblue-collarblue-collarblue-collarblue-collarblue-collarblue-collarblue-collarblue-collarblue-collarblue-collarblue-collarblue-collarblue-collarblue-collarblue-collarblue-collarblue-collarblue-collarblue-collarblue-collarblue-collarblue-collarblue-collarblue-collarblue-collarblue-collarblue-collarblue-collarblue-collarblue-collarblue-collarblue-collarblue-collarblue-collarblue-collarblue-collarblue-collarblue-collarblue-collarblue-collarblue-collarblue-collarblue-collarblue-collarblue-collarblue-collarblue-collarblue-collarblue-collarblue-collarblue-collarblue-collarblue-collarblue-collarblue-collarblue-collarblue-collarblue-collarblue-collarblue-collarblue-collarblue-collarblue-collarblue-collarblue-collarblue-collarblue-collarblue-collarblue-collarblue-collarblue-collarblue-collarblue-collarblue-collarblue-collarblue-collarblue-collarblue-collarblue-collarblue-collarblue-collarblue-collarblue-collarblue-collarblue-collarblue-collarblue-collarblue-collarblue-collarblue-collarblue-collarblue-collarblue-collarblue-collarblue-collarblue-collarblue-collarblue-collarblue-collarblue-collarblue-collarblue-collarblue-collarblue-collarblue-collarblue-collarblue-collarblue-collarblue-collarblue-collarblue-collarblue-collarblue-collarblue-collarblue-collarblue-collarblue-collarblue-collarblue-collarblue-collarblue-collarblue-collarblue-collarblue-collarblue-collarblue-collarblue-collarblue-collarblue-collarblue-collarblue-collarblue-collarblue-collarblue-collarblue-collarblue-collarblue-collarblue-collarblue-collarblue-collarblue-collarblue-collarblue-collarblue-collarblue-collarblue-collarblue-collarblue-collarblue-collarblue-collarblue-collarblue-collarblue-collarblue-collarblue-collarblue-collarblue-collarblue-collarblue-collarblue-collarblue-collarblue-collarblue-collarblue-collarblue-collarblue-collarblue-collarblue-collarblue-collarblue-collarblue-collarblue-collarblue-collarblue-collarblue-collarblue-collarblue-collarblue-collarblue-collarblue-collarblue-collarblue-collarblue-collarblue-collarblue-collarblue-collarblue-collarblue-collarblue-collarblue-collarblue-collarblue-collarblue-collarblue-collarblue-collarblue-collarblue-collarblue-collarblue-collarblue-collarblue-collarblue-collarblue-collarblue-collarblue-collarblue-collarblue-collarblue-collarblue-collarblue-collarblue-collarblue-collarblue-collarblue-collarblue-collarblue-collarblue-collarblue-collarblue-collarblue-collarblue-collarblue-collarblue-collarblue-collarblue-collarblue-collarblue-collarblue-collarblue-collarblue-collarblue-collarblue-collarblue-collarblue-collarblue-collarblue-collarblue-collarblue-collarblue-collarblue-collarblue-collarblue-collarblue-collarblue-collarblue-collarblue-collarblue-collarblue-collarblue-collarblue-collarblue-collarblue-collarblue-collarblue-collarblue-collarblue-collarblue-collarblue-collarblue-collarblue-collarblue-collarblue-collarblue-collarblue-collarblue-collarblue-collarblue-collarblue-collarblue-collarblue-collarblue-collarblue-collarblue-collarblue-collarblue-collarblue-collarblue-collarblue-collarblue-collarblue-collarblue-collarblue-collarblue-collarblue-collarblue-collarblue-collarblue-collarblue-collarblue-collarblue-collarblue-collarblue-collarblue-collarblue-collarblue-collarblue-collarblue-collarblue-collarblue-collarblue-collarblue-collarblue-collarblue-collarblue-collarblue-collarblue-collarblue-collarblue-collarblue-collarblue-collarblue-collarblue-collarblue-collarblue-collarblue-collarblue-collarblue-collarblue-collarblue-collarblue-collarblue-collarblue-collarblue-collarblue-collarblue-collarblue-collarblue-collarblue-collarblue-collarblue-collarblue-collarblue-collarblue-collarblue-collarblue-collarblue-collarblue-collarblue-collarblue-collarblue-collarblue-collarblue-collarblue-collarblue-collarblue-collarblue-collarblue-collarblue-collarblue-collarblue-collarblue-collarblue-collarblue-collarblue-collarblue-collarblue-collarblue-collarblue-collarblue-collarblue-collarblue-collarblue-collarblue-collarblue-collarblue-collarblue-collarblue-collarblue-collarblue-collarblue-collarblue-collarblue-collarblue-collarblue-collarblue-collarblue-collarblue-collarblue-collarblue-collarblue-collarblue-collarblue-collarblue-collarblue-collarblue-collarblue-collarblue-collarblue-collarblue-collarblue-collarblue-collarblue-collarblue-collarblue-collarblue-collarblue-collarblue-collarblue-collarblue-collarblue-collarblue-collarblue-collarblue-collarblue-collarblue-collarblue-collarblue-collarblue-collarblue-collarblue-collarblue-collarblue-collarblue-collarblue-collarblue-collarblue-collarblue-collarblue-collarblue-collarblue-collarblue-collarblue-collarblue-collarblue-collarblue-collarblue-collarblue-collarblue-collarblue-collarblue-collarblue-collarblue-collarblue-collarblue-collarblue-collarblue-collarblue-collarblue-collarblue-collarblue-collarblue-collarblue-collarblue-collarblue-collarblue-collarblue-collarblue-collarblue-collarblue-collarblue-collarblue-collarblue-collarblue-collarblue-collarblue-collarblue-collarblue-collarblue-collarblue-collarblue-collarblue-collarblue-collarblue-collarblue-collarblue-collarblue-collarblue-collarblue-collarblue-collarblue-collarblue-collarblue-collarblue-collarblue-collarblue-collarblue-collarblue-collarblue-collarblue-collarblue-collarblue-collarblue-collarblue-collarblue-collarblue-collarblue-collarblue-collarblue-collarblue-collarblue-collarblue-collarblue-collarblue-collarblue-collarblue-collarblue-collarblue-collarblue-collarblue-collarblue-collarblue-collarblue-collarblue-collarblue-collarblue-collarblue-collarblue-collarblue-collarblue-collarblue-collarblue-collarblue-collarblue-collarblue-collarblue-collarblue-collarblue-collarblue-collarblue-collarblue-collarblue-collarblue-collarblue-collarblue-collarblue-collarblue-collarblue-collarblue-collarblue-collarblue-collarblue-collarblue-collarblue-collarblue-collarblue-collarblue-collarblue-collarblue-collarblue-collarblue-collarblue-collarblue-collarblue-collarblue-collarblue-collarblue-collarblue-collarblue-collarblue-collarblue-collarblue-collarblue-collarblue-collarblue-collarblue-collarblue-collarblue-collarblue-collarblue-collarblue-collarblue-collarblue-collarblue-collarblue-collarblue-collarblue-collarblue-collarblue-collarblue-collarblue-collarblue-collarblue-collarblue-collarblue-collarblue-collarblue-collarblue-collarblue-collarblue-collarblue-collarblue-collarblue-collarblue-collarblue-collarblue-collarblue-collarblue-collarblue-collarblue-collarblue-collarblue-collarblue-collarblue-collarblue-collarblue-collarblue-collarblue-collarblue-collarblue-collarblue-collarblue-collarblue-collarblue-collarblue-collarblue-collarblue-collarblue-collarblue-collarblue-collarblue-collarblue-collarblue-collarblue-collarblue-collarblue-collarblue-collarblue-collarblue-collarblue-collarblue-collarblue-collarblue-collarblue-collarblue-collarblue-collarblue-collarblue-collarblue-collarblue-collarblue-collarblue-collarblue-collarblue-collarblue-collarblue-collarblue-collarblue-collarblue-collarblue-collarblue-collarblue-collarblue-collarblue-collarblue-collarblue-collarblue-collarblue-collarblue-collarblue-collarblue-collarblue-collarblue-collarblue-collarblue-collarblue-collarblue-collarblue-collarblue-collarblue-collarblue-collarblue-collarblue-collarblue-collarblue-collarblue-collarblue-collarblue-collarblue-collarblue-collarblue-collarblue-collarblue-collarblue-collarblue-collarblue-collarblue-collarblue-collarblue-collarblue-collarblue-collarblue-collarblue-collarblue-collarblue-collarblue-collarblue-collarblue-collarblue-collarblue-collarblue-collarblue-collarblue-collarblue-collarblue-collarblue-collarblue-collarblue-collarblue-collarblue-collarblue-collarblue-collarblue-collarblue-collarblue-collarblue-collarblue-collarblue-collarblue-collarblue-collarblue-collarblue-collarblue-collarblue-collarblue-collarblue-collarblue-collarblue-collarblue-collarblue-collarblue-collarblue-collarblue-collarblue-collarblue-collarblue-collarblue-collarblue-collarblue-collarblue-collarblue-collarblue-collarblue-collarblue-collarblue-collarblue-collarblue-collarblue-collarblue-collarblue-collarblue-collarblue-collarblue-collarblue-collarblue-collarblue-collarblue-collarblue-collarblue-collarblue-collarblue-collarblue-collarblue-collarblue-collarblue-collarblue-collarblue-collarblue-collarblue-collarblue-collarblue-collarblue-collarblue-collarblue-collarblue-collarblue-collarblue-collarblue-collarblue-collarblue-collarblue-collarblue-collarblue-collarblue-collarblue-collarblue-collarblue-collarblue-collarblue-collarblue-collarblue-collarblue-collarblue-collarblue-collarblue-collarblue-collarblue-collarblue-collarblue-collarblue-collarblue-collarblue-collarblue-collarblue-collarblue-collarblue-collarblue-collarblue-collarblue-collarblue-collarblue-collarblue-collarblue-collarblue-collarblue-collarblue-collarblue-collarblue-collarblue-collarblue-collarblue-collarblue-collarblue-collarblue-collarblue-collarblue-collarblue-collarblue-collarblue-collarblue-collarblue-collarblue-collarblue-collarblue-collarblue-collarblue-collarblue-collarblue-collarblue-collarblue-collarblue-collarblue-collarblue-collarblue-collarblue-collarblue-collarblue-collarblue-collarblue-collarblue-collarblue-collarblue-collarblue-collarblue-collarblue-collarblue-collarblue-collarblue-collarblue-collarblue-collarblue-collarblue-collarblue-collarblue-collarblue-collarblue-collarblue-collarblue-collarblue-collarblue-collarblue-collarblue-collarblue-collarblue-collarblue-collarblue-collarblue-collarblue-collarblue-collarblue-collarblue-collarblue-collarblue-collarblue-collarblue-collarblue-collarblue-collarblue-collarblue-collarblue-collarblue-collarblue-collarblue-collarblue-collarblue-collarblue-collarblue-collarblue-collarblue-collarblue-collarblue-collarblue-collarblue-collarblue-collarblue-collarblue-collarblue-collarblue-collarblue-collarblue-collarblue-collarblue-collarblue-collarblue-collarblue-collarblue-collarblue-collarblue-collarblue-collarblue-collarblue-collarblue-collarblue-collarblue-collarblue-collarblue-collarblue-collarblue-collarblue-collarblue-collarblue-collarblue-collarblue-collarblue-collarblue-collarblue-collarblue-collarblue-collarblue-collarblue-collarblue-collarblue-collarblue-collarblue-collarblue-collarblue-collarblue-collarblue-collarblue-collarblue-collarblue-collarblue-collarblue-collarblue-collarblue-collarblue-collarblue-collarblue-collarblue-collarblue-collarblue-collarblue-collarblue-collarblue-collarblue-collarblue-collarblue-collarblue-collarblue-collarblue-collarblue-collarblue-collarblue-collarblue-collarblue-collarblue-collarblue-collarblue-collarblue-collarblue-collarblue-collarblue-collarblue-collarblue-collarblue-collarblue-collarblue-collarblue-collarblue-collarblue-collarblue-collarblue-collarblue-collarblue-collarblue-collarblue-collarblue-collarblue-collarblue-collarblue-collarblue-collarblue-collarblue-collarblue-collarblue-collarblue-collarblue-collarblue-collarblue-collarblue-collarblue-collarblue-collarblue-collarblue-collarblue-collarblue-collarblue-collarblue-collarblue-collarblue-collarblue-collarblue-collarblue-collarblue-collarblue-collarblue-collarblue-collarblue-collarblue-collarblue-collarblue-collarblue-collarblue-collarblue-collarblue-collarblue-collarblue-collarblue-collarblue-collarblue-collarblue-collarblue-collarblue-collarblue-collarblue-collarblue-collarblue-collarblue-collarblue-collarblue-collarblue-collarblue-collarblue-collarblue-collarblue-collarblue-collarblue-collarblue-collarblue-collarblue-collarblue-collarblue-collarblue-collarblue-collarblue-collarblue-collarblue-collarblue-collarblue-collarblue-collarblue-collarblue-collarblue-collarblue-collarblue-collarblue-collarblue-collarblue-collarblue-collarblue-collarblue-collarblue-collarblue-collarblue-collarblue-collarblue-collarblue-collarblue-collarblue-collarblue-collarblue-collarblue-collarblue-collarblue-collarblue-collarblue-collarblue-collarblue-collarblue-collarblue-collarblue-collarblue-collarblue-collarblue-collarblue-collarblue-collarblue-collarblue-collarblue-collarblue-collarblue-collarblue-collarblue-collarblue-collarblue-collarblue-collarblue-collarblue-collarblue-collarblue-collarblue-collarblue-collarblue-collarblue-collarblue-collarblue-collarblue-collarblue-collarblue-collarblue-collarblue-collarblue-collarblue-collarblue-collarblue-collarblue-collarblue-collarblue-collarblue-collarblue-collarblue-collarblue-collarblue-collarblue-collarblue-collarblue-collarblue-collarblue-collarblue-collarblue-collarblue-collarblue-collarblue-collarblue-collarblue-collarblue-collarblue-collarblue-collarblue-collarblue-collarblue-collarblue-collarblue-collarblue-collarblue-collarblue-collarblue-collarblue-collarblue-collarblue-collarblue-collarblue-collarblue-collarblue-collarblue-collarblue-collarblue-collarblue-collarblue-collarblue-collarblue-collarblue-collarblue-collarblue-collarblue-collarblue-collarblue-collarblue-collarblue-collarblue-collarblue-collarblue-collarblue-collarblue-collarblue-collarblue-collarblue-collarblue-collarblue-collarblue-collarblue-collarblue-collarblue-collarblue-collarblue-collarblue-collarblue-collarblue-collarblue-collarblue-collarblue-collarblue-collarblue-collarblue-collarblue-collarblue-collarblue-collarblue-collarblue-collarblue-collarblue-collarblue-collarblue-collarblue-collarblue-collarblue-collarblue-collarblue-collarblue-collarblue-collarblue-collarblue-collarblue-collarblue-collarblue-collarblue-collarblue-collarblue-collarblue-collarblue-collarblue-collarblue-collarblue-collarblue-collarblue-collarblue-collarblue-collarblue-collarblue-collarblue-collarblue-collarblue-collarblue-collarblue-collarblue-collarblue-collarblue-collarblue-collarblue-collarblue-collarblue-collarblue-collarblue-collarblue-collarblue-collarblue-collarblue-collarblue-collarblue-collarblue-collarblue-collarblue-collarblue-collarblue-collarblue-collarblue-collarblue-collarblue-collarblue-collarblue-collarblue-collarblue-collarblue-collarblue-collarblue-collarblue-collarblue-collarblue-collarblue-collarblue-collarblue-collarblue-collarblue-collarblue-collarblue-collarblue-collarblue-collarblue-collarblue-collarblue-collarblue-collarblue-collarblue-collarblue-collarblue-collarblue-collarblue-collarblue-collarblue-collarblue-collarblue-collarblue-collarblue-collarblue-collarblue-collarblue-collarblue-collarblue-collarblue-collarblue-collarblue-collarblue-collarblue-collarblue-collarblue-collarblue-collarblue-collarblue-collarblue-collarblue-collarblue-collarblue-collarblue-collarblue-collarblue-collarblue-collarblue-collarblue-collarblue-collarblue-collarblue-collarblue-collarblue-collarblue-collarblue-collarblue-collarblue-collarblue-collarblue-collarblue-collarblue-collarblue-collarblue-collarblue-collarblue-collarblue-collarblue-collarblue-collarblue-collarblue-collarblue-collarblue-collarblue-collarblue-collarblue-collarblue-collarblue-collarblue-collarblue-collarblue-collarblue-collarblue-collarblue-collarblue-collarblue-collarblue-collarblue-collarblue-collarblue-collarblue-collarblue-collarblue-collarblue-collarblue-collarblue-collarblue-collarblue-collarblue-collarblue-collarblue-collarblue-collarblue-collarblue-collarblue-collarblue-collarblue-collarblue-collarblue-collarblue-collarblue-collarblue-collarblue-collarblue-collarblue-collarblue-collarblue-collarblue-collarblue-collarblue-collarblue-collarblue-collarblue-collarblue-collarblue-collarblue-collarblue-collarblue-collarblue-collarblue-collarblue-collarblue-collarblue-collarblue-collarblue-collarblue-collarblue-collarblue-collarblue-collarblue-collarblue-collarblue-collarblue-collarblue-collarblue-collarblue-collarblue-collarblue-collarblue-collarblue-collarblue-collarblue-collarblue-collarblue-collarblue-collarblue-collarblue-collarblue-collarblue-collarblue-collarblue-collarblue-collarblue-collarblue-collarblue-collarblue-collarblue-collarblue-collarblue-collarblue-collarblue-collarblue-collarblue-collarblue-collarblue-collarblue-collarblue-collarblue-collarblue-collarblue-collarblue-collarblue-collarblue-collarblue-collarblue-collarblue-collarblue-collarblue-collarblue-collarblue-collarblue-collarblue-collarblue-collarblue-collarblue-collarblue-collarblue-collarblue-collarblue-collarblue-collarblue-collarblue-collarblue-collarblue-collarblue-collarblue-collarblue-collarblue-collarblue-collarblue-collarblue-collarblue-collarblue-collarblue-collarblue-collarblue-collarblue-collarblue-collarblue-collarblue-collarblue-collarblue-collarblue-collarblue-collarblue-collarblue-collarblue-collarblue-collarblue-collarblue-collarblue-collarblue-collarblue-collarblue-collarblue-collarblue-collarblue-collarblue-collarblue-collarblue-collarblue-collarblue-collarblue-collarblue-collarblue-collarblue-collarblue-collarblue-collarblue-collarblue-collarblue-collarblue-collarblue-collarblue-collarblue-collarblue-collarblue-collarblue-collarblue-collarblue-collarblue-collarblue-collarblue-collarblue-collarblue-collarblue-collarblue-collarblue-collarblue-collarblue-collarblue-collarblue-collarblue-collarblue-collarblue-collarblue-collarblue-collarblue-collarblue-collarblue-collarblue-collarblue-collarblue-collarblue-collarblue-collarblue-collarblue-collarblue-collarblue-collarblue-collarblue-collarblue-collarblue-collarblue-collarblue-collarblue-collarblue-collarblue-collarblue-collarblue-collarblue-collarblue-collarblue-collarblue-collarblue-collarblue-collarblue-collarblue-collarblue-collarblue-collarblue-collarblue-collarblue-collarblue-collarblue-collarblue-collarblue-collarblue-collarblue-collarblue-collarblue-collarblue-collarblue-collarblue-collarblue-collarblue-collarblue-collarblue-collarblue-collarblue-collarblue-collarblue-collarblue-collarblue-collarblue-collarblue-collarblue-collarblue-collarblue-collarblue-collarblue-collarblue-collarblue-collarblue-collarblue-collarblue-collarblue-collarblue-collarblue-collarblue-collarblue-collarblue-collarblue-collarblue-collarblue-collarblue-collarblue-collarblue-collarblue-collarblue-collarblue-collarblue-collarblue-collarblue-collarblue-collarblue-collarblue-collarblue-collarblue-collarblue-collarblue-collarblue-collarblue-collarblue-collarblue-collarblue-collarblue-collarblue-collarblue-collarblue-collarblue-collarblue-collarblue-collarblue-collarblue-collarblue-collarblue-collarblue-collarblue-collarblue-collarblue-collarblue-collarblue-collarblue-collarblue-collarblue-collarblue-collarblue-collarblue-collarblue-collarblue-collarblue-collarblue-collarblue-collarblue-collarblue-collarblue-collarblue-collarblue-collarblue-collarblue-collarblue-collarblue-collarblue-collarblue-collarblue-collarblue-collarblue-collarblue-collarblue-collarblue-collarblue-collarblue-collarblue-collarblue-collarblue-collarblue-collarblue-collarblue-collarblue-collarblue-collarblue-collarblue-collarblue-collarblue-collarblue-collarblue-collarblue-collarblue-collarblue-collarblue-collarblue-collarblue-collarblue-collarblue-collarblue-collarblue-collarblue-collarblue-collarblue-collarblue-collarblue-collarblue-collarblue-collarblue-collarblue-collarblue-collarblue-collarblue-collarblue-collarblue-collarblue-collarblue-collarblue-collarblue-collarblue-collarblue-collarblue-collarblue-collarblue-collarblue-collarblue-collarblue-collarblue-collarblue-collarblue-collarblue-collarblue-collarblue-collarblue-collarblue-collarblue-collarblue-collarblue-collarblue-collarblue-collarblue-collarblue-collarblue-collarblue-collarblue-collarblue-collarblue-collarblue-collarblue-collarblue-collarblue-collarblue-collarblue-collarblue-collarblue-collarblue-collarblue-collarblue-collarblue-collarblue-collarblue-collarblue-collarblue-collarblue-collarblue-collarblue-collarblue-collarblue-collarblue-collarblue-collarblue-collarblue-collarblue-collarblue-collarblue-collarblue-collarblue-collarblue-collarblue-collarblue-collarblue-collarblue-collarblue-collarblue-collarblue-collarblue-collarblue-collarblue-collarblue-collarblue-collarblue-collarblue-collarblue-collarblue-collarblue-collarblue-collarblue-collarblue-collarblue-collarblue-collarblue-collarblue-collarblue-collarblue-collarblue-collarblue-collarblue-collarblue-collarblue-collarblue-collarblue-collarblue-collarblue-collarblue-collarblue-collarblue-collarblue-collarblue-collarblue-collarblue-collarblue-collarblue-collarblue-collarblue-collarblue-collarblue-collarblue-collarblue-collarblue-collarblue-collarblue-collarblue-collarblue-collarblue-collarblue-collarblue-collarblue-collarblue-collarblue-collarblue-collarblue-collarblue-collarblue-collarblue-collarblue-collarblue-collarblue-collarblue-collarblue-collarblue-collarblue-collarblue-collarblue-collarblue-collarblue-collarblue-collarblue-collarblue-collarblue-collarblue-collarblue-collarblue-collarblue-collarblue-collarblue-collarblue-collarblue-collarblue-collarblue-collarblue-collarblue-collarblue-collarblue-collarblue-collarblue-collarblue-collarblue-collarblue-collarblue-collarblue-collarblue-collarblue-collarblue-collarblue-collarblue-collarblue-collarblue-collarblue-collarblue-collarblue-collarblue-collarblue-collarblue-collarblue-collarblue-collarblue-collarblue-collarblue-collarblue-collarblue-collarblue-collarblue-collarblue-collarblue-collarblue-collarblue-collarblue-collarblue-collarblue-collarblue-collarblue-collarblue-collarblue-collarblue-collarblue-collarblue-collarblue-collarblue-collarblue-collarblue-collarblue-collarblue-collarblue-collarblue-collarblue-collarblue-collarblue-collarblue-collarblue-collarblue-collarblue-collarblue-collarblue-collarblue-collarblue-collarblue-collarblue-collarblue-collarblue-collarblue-collarblue-collarblue-collarblue-collarblue-collarblue-collarblue-collarblue-collarblue-collarblue-collarblue-collarblue-collarblue-collarblue-collarblue-collarblue-collarblue-collarblue-collarblue-collarblue-collarblue-collarblue-collarblue-collarblue-collarblue-collarblue-collarblue-collarblue-collarblue-collarblue-collarblue-collarblue-collarblue-collarblue-collarblue-collarblue-collarblue-collarblue-collarblue-collarblue-collarblue-collarblue-collarblue-collarblue-collarblue-collarblue-collarblue-collarblue-collarblue-collarblue-collarblue-collarblue-collarblue-collarblue-collarblue-collarblue-collarblue-collarblue-collarblue-collarblue-collarblue-collarblue-collarblue-collarblue-collarblue-collarblue-collarblue-collarblue-collarblue-collarblue-collarblue-collarblue-collarblue-collarblue-collarblue-collarblue-collarblue-collarblue-collarblue-collarblue-collarblue-collarblue-collarblue-collarblue-collarblue-collarblue-collarblue-collarblue-collarblue-collarblue-collarblue-collarblue-collarblue-collarblue-collarblue-collarblue-collarblue-collarblue-collarblue-collarblue-collarblue-collarblue-collarblue-collarblue-collarblue-collarblue-collarblue-collarblue-collarblue-collarblue-collarblue-collarblue-collarblue-collarblue-collarblue-collarblue-collarblue-collarblue-collarblue-collarblue-collarblue-collarblue-collarblue-collarblue-collarblue-collarblue-collarblue-collarblue-collarblue-collarblue-collarblue-collarblue-collarblue-collarblue-collarblue-collarblue-collarblue-collarblue-collarblue-collarblue-collarblue-collarblue-collarblue-collarblue-collarblue-collarblue-collarblue-collarblue-collarblue-collarblue-collarblue-collarblue-collarblue-collarblue-collarblue-collarblue-collarblue-collarblue-collarblue-collarblue-collarblue-collarblue-collarblue-collarblue-collarblue-collarblue-collarblue-collarblue-collarblue-collarblue-collarblue-collarblue-collarblue-collarblue-collarblue-collarblue-collarblue-collarblue-collarblue-collarblue-collarblue-collarblue-collarblue-collarblue-collarblue-collarblue-collarblue-collarblue-collarblue-collarblue-collarblue-collarblue-collarblue-collarblue-collarblue-collarblue-collarblue-collarblue-collarblue-collarblue-collarblue-collarblue-collarblue-collarblue-collarblue-collarblue-collarblue-collarblue-collarblue-collarblue-collarblue-collarblue-collarblue-collarblue-collarblue-collarblue-collarblue-collarblue-collarblue-collarblue-collarblue-collarblue-collarblue-collarblue-collarblue-collarblue-collarblue-collarblue-collarblue-collarblue-collarblue-collarblue-collarblue-collarblue-collarblue-collarblue-collarblue-collarblue-collarblue-collarblue-collarblue-collarblue-collarblue-collarblue-collarblue-collarblue-collarblue-collarblue-collarblue-collarblue-collarblue-collarblue-collarblue-collarblue-collarblue-collarblue-collarblue-collarblue-collarblue-collarblue-collarblue-collarblue-collarblue-collarblue-collarblue-collarblue-collarblue-collarblue-collarblue-collarblue-collarblue-collarblue-collarblue-collarblue-collarblue-collarblue-collarblue-collarblue-collarblue-collarblue-collarblue-collarblue-collarblue-collarblue-collarblue-collarblue-collarblue-collarblue-collarblue-collarblue-collarblue-collarblue-collarblue-collarblue-collarblue-collarblue-collarblue-collarblue-collarblue-collarblue-collarblue-collarblue-collarblue-collarblue-collarblue-collarblue-collarblue-collarblue-collarblue-collarblue-collarblue-collarblue-collarblue-collarblue-collarblue-collarblue-collarblue-collarblue-collarblue-collarblue-collarblue-collarblue-collarblue-collarblue-collarblue-collarblue-collarblue-collarblue-collarblue-collarblue-collarblue-collarblue-collarblue-collarblue-collarblue-collarblue-collarblue-collarblue-collarblue-collarblue-collarblue-collarblue-collarblue-collarblue-collarblue-collarblue-collarblue-collarblue-collarblue-collarblue-collarblue-collarblue-collarblue-collarblue-collarblue-collarblue-collarblue-collarblue-collarblue-collarblue-collarblue-collarblue-collarblue-collarblue-collarblue-collarblue-collarblue-collarblue-collarblue-collarblue-collarblue-collarblue-collarblue-collarblue-collarblue-collarblue-collarblue-collarblue-collarblue-collarblue-collarblue-collarblue-collarblue-collarblue-collarblue-collarblue-collarblue-collarblue-collarblue-collarblue-collarblue-collarblue-collarblue-collarblue-collarblue-collarblue-collarblue-collarblue-collarblue-collarblue-collarblue-collarblue-collarblue-collarblue-collarblue-collarblue-collarblue-collarblue-collarblue-collarblue-collarblue-collarblue-collarblue-collarblue-collarblue-collarblue-collarblue-collarblue-collarblue-collarblue-collarblue-collarblue-collarblue-collarblue-collarblue-collarblue-collarblue-collarblue-collarblue-collarblue-collarblue-collarblue-collarblue-collarblue-collarblue-collarblue-collarblue-collarblue-collarblue-collarblue-collarblue-collarblue-collarblue-collarblue-collarblue-collarblue-collarblue-collarblue-collarblue-collarblue-collarblue-collarblue-collarblue-collarblue-collarblue-collarblue-collarblue-collarblue-collarblue-collarblue-collarblue-collarblue-collarblue-collarblue-collarblue-collarblue-collarblue-collarblue-collarblue-collarblue-collarblue-collarblue-collarblue-collarblue-collarblue-collarblue-collarblue-collarblue-collarblue-collarblue-collarblue-collarblue-collarblue-collarblue-collarblue-collarblue-collarblue-collarblue-collarblue-collarblue-collarblue-collarblue-collarblue-collarblue-collarblue-collarblue-collarblue-collarblue-collarblue-collarblue-collarblue-collarblue-collarblue-collarblue-collarblue-collarblue-collarblue-collarblue-collarblue-collarblue-collarblue-collarblue-collarblue-collarblue-collarblue-collarblue-collarblue-collarblue-collarblue-collarblue-collarblue-collarblue-collarblue-collarblue-collarblue-collarblue-collarblue-collarblue-collarblue-collarblue-collarblue-collarblue-collarblue-collarblue-collarblue-collarblue-collarblue-collarblue-collarblue-collarblue-collarblue-collarblue-collarblue-collarblue-collarblue-collarblue-collarblue-collarblue-collarblue-collarblue-collarblue-collarblue-collarblue-collarblue-collarblue-collarblue-collarblue-collarblue-collarblue-collarblue-collarblue-collarblue-collarblue-collarblue-collarblue-collarblue-collarblue-collarblue-collarblue-collarblue-collarblue-collarblue-collarblue-collarblue-collarblue-collarblue-collarblue-collarblue-collarblue-collarblue-collarblue-collarblue-collarblue-collarblue-collarblue-collarblue-collarblue-collarblue-collarblue-collarblue-collarblue-collarblue-collarblue-collarblue-collarblue-collarblue-collarblue-collarblue-collarblue-collarblue-collarblue-collarblue-collarblue-collarblue-collarblue-collarblue-collarblue-collarblue-collarblue-collarblue-collarblue-collarblue-collarblue-collarblue-collarblue-collarblue-collarblue-collarblue-collarblue-collarblue-collarblue-collarblue-collarblue-collarblue-collarblue-collarblue-collarblue-collarblue-collarblue-collarblue-collarblue-collarblue-collarblue-collarblue-collarblue-collarblue-collarblue-collarblue-collarblue-collarblue-collarblue-collarblue-collarblue-collarblue-collarblue-collarblue-collarblue-collarblue-collarblue-collarblue-collarblue-collarblue-collarblue-collarblue-collarblue-collarblue-collarblue-collarblue-collarblue-collarblue-collarblue-collarblue-collarblue-collarblue-collarblue-collarblue-collarblue-collarblue-collarblue-collarblue-collarblue-collarblue-collarblue-collarblue-collarblue-collarblue-collarblue-collarblue-collarblue-collarblue-collarblue-collarblue-collarblue-collarblue-collarblue-collarblue-collarblue-collarblue-collarblue-collarblue-collarblue-collarblue-collarblue-collarblue-collarblue-collarblue-collarblue-collarblue-collarblue-collarblue-collarblue-collarblue-collarblue-collarblue-collarblue-collarblue-collarblue-collarblue-collarblue-collarblue-collarblue-collarblue-collarblue-collarblue-collarblue-collarblue-collarblue-collarblue-collarblue-collarblue-collarblue-collarblue-collarblue-collarblue-collarblue-collarblue-collarblue-collarblue-collarblue-collarblue-collarblue-collarblue-collarblue-collarblue-collarblue-collarblue-collarblue-collarblue-collarblue-collarblue-collarblue-collarblue-collarblue-collarblue-collarblue-collarblue-collarblue-collarblue-collarblue-collarblue-collarblue-collarblue-collarblue-collarblue-collarblue-collarblue-collarblue-collarblue-collarblue-collarblue-collarblue-collarblue-collarblue-collarblue-collarblue-collarblue-collarblue-collarblue-collarblue-collarblue-collarblue-collarblue-collarblue-collarblue-collarblue-collarblue-collarblue-collarblue-collarblue-collarblue-collarblue-collarblue-collarblue-collarblue-collarblue-collarblue-collarblue-collarblue-collarblue-collarblue-collarblue-collarblue-collarblue-collarblue-collarblue-collarblue-collarblue-collarblue-collarblue-collarblue-collarblue-collarblue-collarblue-collarblue-collarblue-collarblue-collarblue-collarblue-collarblue-collarblue-collarblue-collarblue-collarblue-collarblue-collarblue-collarblue-collarblue-collarblue-collarblue-collarblue-collarblue-collarblue-collarblue-collarblue-collarblue-collarblue-collarblue-collarblue-collarblue-collarblue-collarblue-collarblue-collarblue-collarblue-collarblue-collarblue-collarblue-collarblue-collarblue-collarblue-collarblue-collarblue-collarblue-collarblue-collarblue-collarblue-collarblue-collarblue-collarblue-collarblue-collarblue-collarblue-collarblue-collarblue-collarblue-collarblue-collarblue-collarblue-collarblue-collarblue-collarblue-collarblue-collarblue-collarblue-collarblue-collarblue-collarblue-collarblue-collarblue-collarblue-collarblue-collarblue-collarblue-collarblue-collarblue-collarblue-collarblue-collarblue-collarblue-collarblue-collarblue-collarblue-collarblue-collarblue-collarblue-collarblue-collarblue-collarblue-collarblue-collarblue-collarblue-collarblue-collarblue-collarblue-collarblue-collarblue-collarblue-collarblue-collarblue-collarblue-collarblue-collarblue-collarblue-collarblue-collarblue-collarblue-collarblue-collarblue-collarblue-collarblue-collarblue-collarblue-collarblue-collarblue-collarblue-collarblue-collarblue-collarblue-collarblue-collarblue-collarblue-collarblue-collarblue-collarblue-collarblue-collarblue-collarblue-collarblue-collarblue-collarblue-collarblue-collarblue-collarblue-collarblue-collarblue-collarblue-collarblue-collarblue-collarblue-collarblue-collarblue-collarblue-collarblue-collarblue-collarblue-collarblue-collarblue-collarblue-collarblue-collarblue-collarblue-collarblue-collarblue-collarblue-collarblue-collarblue-collarblue-collarblue-collarblue-collarblue-collarblue-collarblue-collarblue-collarblue-collarblue-collarblue-collarblue-collarblue-collarblue-collarblue-collarblue-collarblue-collarblue-collarblue-collarblue-collarblue-collarblue-collarblue-collarblue-collarblue-collarblue-collarblue-collarblue-collarblue-collarblue-collarblue-collarblue-collarblue-collarblue-collarblue-collarblue-collarblue-collarblue-collarblue-collarblue-collarblue-collarblue-collarblue-collarblue-collarblue-collarblue-collarblue-collarblue-collarblue-collarblue-collarblue-collarblue-collarblue-collarblue-collarblue-collarblue-collarblue-collarblue-collarblue-collarblue-collarblue-collarblue-collarblue-collarblue-collarblue-collarblue-collarblue-collarblue-collarblue-collarblue-collarblue-collarblue-collarblue-collarblue-collarblue-collarblue-collarblue-collarblue-collarblue-collarblue-collarblue-collarblue-collarblue-collarblue-collarblue-collarblue-collarblue-collarblue-collarblue-collarblue-collarblue-collarblue-collarblue-collarblue-collarblue-collarblue-collarblue-collarblue-collarblue-collarblue-collarblue-collarblue-collarblue-collarblue-collarblue-collarblue-collarblue-collarblue-collarblue-collarblue-collarblue-collarblue-collarblue-collarblue-collarblue-collarblue-collarblue-collarblue-collarblue-collarblue-collarblue-collarblue-collarblue-collarblue-collarblue-collarblue-collarblue-collarblue-collarblue-collarblue-collarblue-collarblue-collarblue-collarblue-collarblue-collarblue-collarblue-collarblue-collarblue-collarblue-collarblue-collarblue-collarblue-collarblue-collarblue-collarblue-collarblue-collarblue-collarblue-collarblue-collarblue-collarblue-collarblue-collarblue-collarblue-collarblue-collarblue-collarblue-collarblue-collarblue-collarblue-collarblue-collarblue-collarblue-collarblue-collarblue-collarblue-collarblue-collarblue-collarblue-collarblue-collarblue-collarblue-collarblue-collarblue-collarblue-collarblue-collarblue-collarblue-collarblue-collarblue-collarblue-collarblue-collarblue-collarblue-collarblue-collarblue-collarblue-collarblue-collarblue-collarblue-collarblue-collarblue-collarblue-collarblue-collarblue-collarblue-collarblue-collarblue-collarblue-collarblue-collarblue-collarblue-collarblue-collarblue-collarblue-collarblue-collarblue-collarblue-collarblue-collarblue-collarblue-collarblue-collarblue-collarblue-collarblue-collarblue-collarblue-collarblue-collarblue-collarblue-collarblue-collarblue-collarblue-collarblue-collarblue-collarblue-collarblue-collarblue-collarblue-collarblue-collarblue-collarblue-collarblue-collarblue-collarblue-collarblue-collarblue-collarblue-collarblue-collarblue-collarblue-collarblue-collarblue-collarblue-collarblue-collarblue-collarblue-collarblue-collarblue-collarblue-collarblue-collarblue-collarblue-collarblue-collarblue-collarblue-collarblue-collarblue-collarblue-collarblue-collarblue-collarblue-collarblue-collarblue-collarblue-collarblue-collarblue-collarblue-collarblue-collarblue-collarblue-collarblue-collarblue-collarblue-collarblue-collarblue-collarblue-collarblue-collarblue-collarblue-collarblue-collarblue-collarblue-collarblue-collarblue-collarblue-collarblue-collarblue-collarblue-collarblue-collarblue-collarblue-collarblue-collarblue-collarblue-collarblue-collarblue-collarblue-collarblue-collarblue-collarblue-collarblue-collarblue-collarblue-collarblue-collarblue-collarblue-collarblue-collarblue-collarblue-collarblue-collarblue-collarblue-collarblue-collarblue-collarblue-collarblue-collarblue-collarblue-collarblue-collarblue-collarblue-collarblue-collarblue-collarblue-collarblue-collarblue-collarblue-collarblue-collarblue-collarblue-collarblue-collarblue-collarblue-collarblue-collarblue-collarblue-collarblue-collarblue-collarblue-collarblue-collarblue-collarblue-collarblue-collarblue-collarblue-collarblue-collarblue-collarblue-collarblue-collarblue-collarblue-collarblue-collarblue-collarblue-collarblue-collarblue-collarblue-collarblue-collarblue-collarblue-collarblue-collarblue-collarblue-collarblue-collarblue-collarblue-collarblue-collarblue-collarblue-collarblue-collarblue-collarblue-collarblue-collarblue-collarblue-collarblue-collarblue-collarblue-collarblue-collarblue-collarblue-collarblue-collarblue-collarblue-collarblue-collarblue-collarblue-collarblue-collarblue-collarblue-collarblue-collarblue-collarblue-collarblue-collarblue-collarblue-collarblue-collarblue-collarblue-collarblue-collarblue-collarblue-collarblue-collarblue-collarblue-collarblue-collarblue-collarblue-collarblue-collarblue-collarblue-collarblue-collarblue-collarblue-collarblue-collarblue-collarblue-collarblue-collarblue-collarblue-collarblue-collarblue-collarblue-collarblue-collarblue-collarblue-collarblue-collarblue-collarblue-collarblue-collarblue-collarblue-collarblue-collarblue-collarblue-collarblue-collarblue-collarblue-collarblue-collarblue-collarblue-collarblue-collarblue-collarblue-collarblue-collarblue-collarblue-collarblue-collarblue-collarblue-collarblue-collarblue-collarblue-collarblue-collarblue-collarblue-collarblue-collarblue-collarblue-collarblue-collarblue-collarblue-collarblue-collarblue-collarblue-collarblue-collarblue-collarblue-collarblue-collarblue-collarblue-collarblue-collarblue-collarblue-collarblue-collarblue-collarblue-collarblue-collarblue-collarblue-collarblue-collarblue-collarblue-collarblue-collarblue-collarblue-collarblue-collarblue-collarblue-collarblue-collarblue-collarblue-collarblue-collarblue-collarblue-collarblue-collarblue-collarblue-collarblue-collarblue-collarblue-collarblue-collarblue-collarblue-collarblue-collarblue-collarblue-collarblue-collarblue-collarblue-collarblue-collarblue-collarblue-collarblue-collarblue-collarblue-collarblue-collarblue-collarblue-collarblue-collarblue-collarblue-collarblue-collarblue-collarblue-collarblue-collarblue-collarblue-collarblue-collarblue-collarblue-collarblue-collarblue-collarblue-collarblue-collarblue-collarblue-collarblue-collarblue-collarblue-collarblue-collarblue-collarblue-collarblue-collarblue-collarblue-collarblue-collarblue-collarblue-collarblue-collarblue-collarblue-collarblue-collarblue-collarblue-collarblue-collarblue-collarblue-collarblue-collarblue-collarblue-collarblue-collarblue-collarblue-collarblue-collarblue-collarblue-collarblue-collarblue-collarblue-collarblue-collarblue-collarblue-collarblue-collarblue-collarblue-collarblue-collarblue-collarblue-collarblue-collarblue-collarblue-collarblue-collarblue-collarblue-collarblue-collarblue-collarblue-collarblue-collarblue-collarblue-collarblue-collarblue-collarblue-collarblue-collarblue-collarblue-collarblue-collarblue-collarblue-collarblue-collarblue-collarblue-collarblue-collarblue-collarblue-collarblue-collarblue-collarblue-collarblue-collarblue-collarblue-collarblue-collarblue-collarblue-collarblue-collarblue-collarblue-collarblue-collarblue-collarblue-collarblue-collarblue-collarblue-collarblue-collarblue-collarblue-collarblue-collarblue-collarblue-collarblue-collarblue-collarblue-collarblue-collarblue-collarblue-collarblue-collarblue-collarblue-collarblue-collarblue-collarblue-collarblue-collarblue-collarblue-collarblue-collarblue-collarblue-collarblue-collarblue-collarblue-collarblue-collarblue-collarblue-collarblue-collarblue-collarblue-collarblue-collarblue-collarblue-collarblue-collarblue-collarblue-collarblue-collarblue-collarblue-collarblue-collarblue-collarblue-collarblue-collarblue-collarblue-collarblue-collarblue-collarblue-collarblue-collarblue-collarblue-collarblue-collarblue-collarblue-collarblue-collarblue-collarblue-collarblue-collarblue-collarblue-collarblue-collarblue-collarblue-collarblue-collarblue-collarblue-collarblue-collarblue-collarblue-collarblue-collarblue-collarblue-collarblue-collarblue-collarblue-collarblue-collarblue-collarblue-collarblue-collarblue-collarblue-collarblue-collarblue-collarblue-collarblue-collarblue-collarblue-collarblue-collarblue-collarblue-collarblue-collarblue-collarblue-collarblue-collarblue-collarblue-collarblue-collarblue-collarblue-collarblue-collarblue-collarblue-collarblue-collarblue-collarblue-collarblue-collarblue-collarblue-collarblue-collarblue-collarblue-collarblue-collarblue-collarblue-collarblue-collarblue-collarblue-collarblue-collarblue-collarblue-collarblue-collarblue-collarblue-collarblue-collarblue-collarblue-collarblue-collarblue-collarblue-collarblue-collarblue-collarblue-collarblue-collarblue-collarblue-collarblue-collarblue-collarblue-collarblue-collarblue-collarblue-collarblue-collarblue-collarblue-collarblue-collarblue-collarblue-collarblue-collarblue-collarblue-collarblue-collarblue-collarblue-collarblue-collarblue-collarblue-collarblue-collarblue-collarblue-collarblue-collarblue-collarblue-collarblue-collarblue-collarblue-collarblue-collarblue-collarblue-collarblue-collarblue-collarblue-collarblue-collarblue-collarblue-collarblue-collarblue-collarblue-collarblue-collarblue-collarblue-collarblue-collarblue-collarblue-collarblue-collarblue-collarblue-collarblue-collarblue-collarblue-collarblue-collarblue-collarblue-collarblue-collarblue-collarblue-collarblue-collarblue-collarblue-collarblue-collarblue-collarblue-collarblue-collarblue-collarblue-collarblue-collarblue-collarblue-collarblue-collarblue-collarblue-collarblue-collarblue-collarblue-collarblue-collarblue-collarblue-collarblue-collarblue-collarblue-collarblue-collarblue-collarblue-collarblue-collarblue-collarblue-collarblue-collarblue-collarblue-collarblue-collarblue-collarblue-collarblue-collarblue-collarblue-collarblue-collarblue-collarblue-collarblue-collarblue-collarblue-collarblue-collarblue-collarblue-collarblue-collarblue-collarblue-collarblue-collarblue-collarblue-collarblue-collarblue-collarblue-collarblue-collarblue-collarblue-collarblue-collarblue-collarblue-collarblue-collarblue-collarblue-collarblue-collarblue-collarblue-collarblue-collarblue-collarblue-collarblue-collarblue-collarblue-collarblue-collarblue-collarblue-collarblue-collarblue-collarblue-collarblue-collarblue-collarblue-collarblue-collarblue-collarblue-collarblue-collarblue-collarblue-collarblue-collarblue-collarblue-collarblue-collarblue-collarblue-collarblue-collarblue-collarblue-collarblue-collarblue-collarblue-collarblue-collarblue-collarblue-collarblue-collarblue-collarblue-collarblue-collarblue-collarblue-collarblue-collarblue-collarblue-collarblue-collarblue-collarblue-collarblue-collarblue-collarblue-collarblue-collarblue-collarblue-collarblue-collarblue-collarblue-collarblue-collarblue-collarblue-collarblue-collarblue-collarblue-collarblue-collarblue-collarblue-collarblue-collarblue-collarblue-collarblue-collarblue-collarblue-collarblue-collarblue-collarblue-collarblue-collarblue-collarblue-collarblue-collarblue-collarblue-collarblue-collarblue-collarblue-collarblue-collarblue-collarblue-collarblue-collarblue-collarblue-collarblue-collarblue-collarblue-collarblue-collarblue-collarblue-collarblue-collarblue-collarblue-collarblue-collarblue-collarblue-collarblue-collarblue-collarblue-collarblue-collarblue-collarblue-collarblue-collarblue-collarblue-collarblue-collarblue-collarblue-collarblue-collarblue-collarblue-collarblue-collarblue-collarblue-collarblue-collarblue-collarblue-collarblue-collarblue-collarblue-collarblue-collarblue-collarblue-collarblue-collarblue-collarblue-collarblue-collarblue-collarblue-collarblue-collarblue-collarblue-collarblue-collarblue-collarblue-collarblue-collarblue-collarblue-collarblue-collarblue-collarblue-collarblue-collarblue-collarblue-collarblue-collarblue-collarblue-collarblue-collarblue-collarblue-collarblue-collarblue-collarblue-collarblue-collarblue-collarblue-collarblue-collarblue-collarblue-collarblue-collarblue-collarblue-collarblue-collarblue-collarblue-collarblue-collarblue-collarblue-collarblue-collarblue-collarblue-collarblue-collarblue-collarblue-collarblue-collarblue-collarblue-collarblue-collarblue-collarblue-collarblue-collarblue-collarblue-collarblue-collarblue-collarblue-collarblue-collarblue-collarblue-collarblue-collarblue-collarblue-collarblue-collarblue-collarblue-collarblue-collarblue-collarblue-collarblue-collarblue-collarblue-collarblue-collarblue-collarblue-collarblue-collarblue-collarblue-collarblue-collarblue-collarblue-collarblue-collarblue-collarblue-collarblue-collarblue-collarblue-collarblue-collarblue-collarblue-collarblue-collarblue-collarblue-collarblue-collarblue-collarblue-collarblue-collarblue-collarblue-collarblue-collarblue-collarblue-collarblue-collarblue-collarblue-collarblue-collarblue-collarblue-collarblue-collarblue-collarblue-collarblue-collarblue-collarblue-collarblue-collarblue-collarblue-collarblue-collarblue-collarblue-collarblue-collarblue-collarblue-collarblue-collarblue-collarblue-collarblue-collarblue-collarblue-collarblue-collarblue-collarblue-collarblue-collarblue-collarblue-collarblue-collarblue-collarblue-collarblue-collarblue-collarblue-collarblue-collarblue-collarblue-collarblue-collarblue-collarblue-collarblue-collarblue-collarblue-collarblue-collarblue-collarblue-collarblue-collarblue-collarblue-collarblue-collarblue-collarblue-collarblue-collarblue-collarblue-collarblue-collarblue-collarblue-collarblue-collarblue-collarblue-collarblue-collarblue-collarblue-collarblue-collarblue-collarblue-collarblue-collarblue-collarblue-collarblue-collarblue-collarblue-collarblue-collarblue-collarblue-collarblue-collarblue-collarblue-collarblue-collarblue-collarblue-collarblue-collarblue-collarblue-collarblue-collarblue-collarblue-collarblue-collarblue-collarblue-collarblue-collarblue-collarblue-collarblue-collarblue-collarblue-collarblue-collarblue-collarblue-collarblue-collarblue-collarblue-collarblue-collarblue-collarblue-collarblue-collarblue-collarblue-collarblue-collarblue-collarblue-collarblue-collarblue-collarblue-collarblue-collarblue-collarblue-collarblue-collarblue-collarblue-collarblue-collarblue-collarblue-collarblue-collarblue-collarblue-collarblue-collarblue-collarblue-collarblue-collarblue-collarblue-collarblue-collarblue-collarblue-collarblue-collarblue-collarblue-collarblue-collarblue-collarblue-collarblue-collarblue-collarblue-collarblue-collarblue-collarblue-collarblue-collarblue-collarblue-collarblue-collarblue-collarblue-collarblue-collarblue-collarblue-collarblue-collarblue-collarblue-collarblue-collarblue-collarblue-collarblue-collarblue-collarblue-collarblue-collarblue-collarblue-collarblue-collarblue-collarblue-collarblue-collarblue-collarblue-collarblue-collarblue-collarblue-collarblue-collarblue-collarblue-collarblue-collarblue-collarblue-collarblue-collarblue-collarblue-collarblue-collarblue-collarblue-collarblue-collarblue-collarblue-collarblue-collarblue-collarblue-collarblue-collarblue-collarblue-collarblue-collarblue-collarblue-collarblue-collarblue-collarblue-collarblue-collarblue-collarblue-collarblue-collarblue-collarblue-collarblue-collarblue-collarblue-collarblue-collarblue-collarblue-collarblue-collarblue-collarblue-collarblue-collarblue-collarblue-collarblue-collarblue-collarblue-collarblue-collarblue-collarblue-collarblue-collarblue-collarblue-collarblue-collarblue-collarblue-collarblue-collarblue-collarblue-collarblue-collarblue-collarblue-collarblue-collarblue-collarblue-collarblue-collarblue-collarblue-collarblue-collarblue-collarblue-collarblue-collarblue-collarblue-collarblue-collarblue-collarblue-collarblue-collarblue-collarblue-collarblue-collarblue-collarblue-collarblue-collarblue-collarblue-collarblue-collarblue-collarblue-collarblue-collarblue-collarblue-collarblue-collarblue-collarblue-collarblue-collarblue-collarblue-collarblue-collarblue-collarblue-collarblue-collarblue-collarblue-collarblue-collarblue-collarblue-collarblue-collarblue-collarblue-collarblue-collarblue-collarblue-collarblue-collarblue-collarblue-collarblue-collarblue-collarblue-collarblue-collarblue-collarblue-collarblue-collarblue-collarblue-collarblue-collarblue-collarblue-collarblue-collarblue-collarblue-collarblue-collarblue-collarblue-collarblue-collarblue-collarblue-collarblue-collarblue-collarblue-collarblue-collarblue-collarblue-collarblue-collarblue-collarblue-collarblue-collarblue-collarblue-collarblue-collarblue-collarblue-collarblue-collarblue-collarblue-collarblue-collarblue-collarblue-collarblue-collarblue-collarblue-collarblue-collarblue-collarblue-collarblue-collarblue-collarblue-collarblue-collarblue-collarblue-collarblue-collarblue-collarblue-collarblue-collarblue-collarblue-collarblue-collarblue-collarblue-collarblue-collarblue-collarblue-collarblue-collarblue-collarblue-collarblue-collarblue-collarblue-collarblue-collarblue-collarblue-collarblue-collarblue-collarblue-collarblue-collarblue-collarblue-collarblue-collarblue-collarblue-collarblue-collarblue-collarblue-collarblue-collarblue-collarblue-collarblue-collarblue-collarblue-collarblue-collarblue-collarblue-collarblue-collarblue-collarblue-collarblue-collarblue-collarblue-collarblue-collarblue-collarblue-collarblue-collarblue-collarblue-collarblue-collarblue-collarblue-collarblue-collarblue-collarblue-collarblue-collarblue-collarblue-collarblue-collarblue-collarblue-collarblue-collarblue-collarblue-collarblue-collarblue-collarblue-collarblue-collarblue-collarblue-collarblue-collarblue-collarblue-collarblue-collarblue-collarblue-collarblue-collarblue-collarblue-collarblue-collarblue-collarblue-collarblue-collarblue-collarblue-collarblue-collarblue-collarblue-collarblue-collarblue-collarblue-collarblue-collarblue-collarblue-collarblue-collarblue-collarblue-collarblue-collarblue-collarblue-collarblue-collarblue-collarblue-collarblue-collarblue-collarblue-collarblue-collarblue-collarblue-collarblue-collarblue-collarblue-collarblue-collarblue-collarblue-collarblue-collarblue-collarblue-collarblue-collarblue-collarblue-collarblue-collarblue-collarblue-collarblue-collarblue-collarblue-collarblue-collarblue-collarblue-collarblue-collarblue-collarblue-collarblue-collarblue-collarblue-collarblue-collarblue-collarblue-collarblue-collarblue-collarblue-collarblue-collarblue-collarblue-collarblue-collarblue-collarblue-collarblue-collarblue-collarblue-collarblue-collarblue-collarblue-collarblue-collarblue-collarblue-collarblue-collarblue-collarblue-collarblue-collarblue-collarblue-collarblue-collarblue-collarblue-collarblue-collarblue-collarblue-collarblue-collarblue-collarblue-collarblue-collarblue-collarblue-collarblue-collarblue-collarblue-collarblue-collarblue-collarblue-collarblue-collarblue-collarblue-collarblue-collarblue-collarblue-collarblue-collarblue-collarblue-collarblue-collarblue-collarblue-collarblue-collarblue-collarblue-collarblue-collarblue-collarblue-collarblue-collarblue-collarblue-collarblue-collarblue-collarblue-collarblue-collarblue-collarblue-collarblue-collarblue-collarblue-collarblue-collarblue-collarblue-collarblue-collarblue-collarblue-collarblue-collarblue-collarblue-collarblue-collarblue-collarblue-collarblue-collarblue-collarblue-collarblue-collarblue-collarblue-collarblue-collarblue-collarblue-collarblue-collarblue-collarblue-collarblue-collarblue-collarblue-collarblue-collarblue-collarblue-collarblue-collarblue-collarblue-collarblue-collarblue-collarblue-collarblue-collarblue-collarblue-collarblue-collarblue-collarblue-collarblue-collarblue-collarblue-collarblue-collarblue-collarblue-collarblue-collarblue-collarblue-collarblue-collarblue-collarblue-collarblue-collarblue-collarblue-collarblue-collarblue-collarblue-collarblue-collarblue-collarblue-collarblue-collarblue-collarblue-collarblue-collarblue-collarblue-collarblue-collarblue-collarblue-collarblue-collarblue-collarblue-collarblue-collarblue-collarblue-collarblue-collarblue-collarblue-collarblue-collarblue-collarblue-collarblue-collarblue-collarblue-collarblue-collarblue-collarblue-collarblue-collarblue-collarblue-collarblue-collarblue-collarblue-collarblue-collarblue-collarblue-collarblue-collarblue-collarblue-collarblue-collarblue-collarblue-collarblue-collarblue-collarblue-collarblue-collarblue-collarblue-collarblue-collarblue-collarblue-collarblue-collarblue-collarblue-collarblue-collarblue-collarblue-collarblue-collarblue-collarblue-collarblue-collarblue-collarblue-collarblue-collarblue-collarblue-collarblue-collarblue-collarblue-collarblue-collarblue-collarblue-collarblue-collarblue-collarblue-collarblue-collarblue-collarblue-collarblue-collarblue-collarblue-collarblue-collarblue-collarblue-collarblue-collarblue-collarblue-collarblue-collarblue-collarblue-collarblue-collarblue-collarblue-collarblue-collarblue-collarblue-collarblue-collarblue-collarblue-collarblue-collarblue-collarblue-collarblue-collarblue-collarblue-collarblue-collarblue-collarblue-collarblue-collarblue-collarblue-collarblue-collarblue-collarblue-collarblue-collarblue-collarblue-collarblue-collarblue-collarblue-collarblue-collarblue-collarblue-collarblue-collarblue-collarblue-collarblue-collarblue-collarblue-collarblue-collarblue-collarblue-collarblue-collarblue-collarblue-collarblue-collarblue-collarblue-collarblue-collarblue-collarblue-collarblue-collarblue-collarblue-collarblue-collarblue-collarblue-collarblue-collarblue-collarblue-collarblue-collarblue-collarblue-collarblue-collarblue-collarblue-collarblue-collarblue-collarblue-collarblue-collarblue-collarblue-collarblue-collarblue-collarblue-collarblue-collarblue-collarblue-collarblue-collarblue-collarblue-collarblue-collarblue-collarblue-collarblue-collarblue-collarblue-collarblue-collarblue-collarblue-collarblue-collarblue-collarblue-collarblue-collarblue-collarblue-collarblue-collarblue-collarblue-collarblue-collarblue-collarblue-collarblue-collarblue-collarblue-collarblue-collarblue-collarblue-collarblue-collarblue-collarblue-collarblue-collarblue-collarblue-collarblue-collarblue-collarblue-collarblue-collarblue-collarblue-collarblue-collarblue-collarblue-collarblue-collarblue-collarblue-collarblue-collarblue-collarblue-collarblue-collarblue-collarblue-collarblue-collarblue-collarblue-collarblue-collarblue-collarblue-collarblue-collarblue-collarblue-collarblue-collarblue-collarblue-collarblue-collarblue-collarblue-collarblue-collarblue-collarblue-collarblue-collarblue-collarblue-collarblue-collarblue-collarblue-collarblue-collarblue-collarblue-collarblue-collarblue-collarblue-collarblue-collarblue-collarblue-collarblue-collarblue-collarblue-collarblue-collarblue-collarblue-collarblue-collarblue-collarblue-collarblue-collarblue-collarblue-collarblue-collarblue-collarblue-collarblue-collarblue-collarblue-collarblue-collarblue-collarblue-collarblue-collarblue-collarblue-collarblue-collarblue-collarblue-collarblue-collarblue-collarblue-collarblue-collarblue-collarblue-collarblue-collarblue-collarblue-collarblue-collarblue-collarblue-collarblue-collarblue-collarblue-collarblue-collarblue-collarblue-collarblue-collarblue-collarblue-collarblue-collarblue-collarblue-collarblue-collarblue-collarblue-collarblue-collarblue-collarblue-collarblue-collarblue-collarblue-collarblue-collarblue-collarblue-collarblue-collarblue-collarblue-collarblue-collarblue-collarblue-collarblue-collarblue-collarblue-collarblue-collarblue-collarblue-collarblue-collarblue-collarblue-collarblue-collarblue-collarblue-collarblue-collarblue-collarblue-collarblue-collarblue-collarblue-collarblue-collarblue-collarblue-collarblue-collarblue-collarblue-collarblue-collarblue-collarblue-collarblue-collarblue-collarblue-collarblue-collarblue-collarblue-collarblue-collarblue-collarblue-collarblue-collarblue-collarblue-collarblue-collarblue-collarblue-collarblue-collarblue-collarblue-collarblue-collarblue-collarblue-collarblue-collarblue-collarblue-collarblue-collarblue-collarblue-collarblue-collarblue-collarblue-collarblue-collarblue-collarblue-collarblue-collarblue-collarblue-collarblue-collarblue-collarblue-collarblue-collarblue-collarblue-collarblue-collarblue-collarblue-collarblue-collarblue-collarblue-collarblue-collarblue-collarblue-collarblue-collarblue-collarblue-collarblue-collarblue-collarblue-collarblue-collarblue-collarblue-collarblue-collarblue-collarblue-collarblue-collarblue-collarblue-collarblue-collarblue-collarblue-collarblue-collarblue-collarblue-collarblue-collarblue-collarblue-collarblue-collarblue-collarblue-collarblue-collarblue-collarblue-collarblue-collarblue-collarblue-collarblue-collarblue-collarblue-collarblue-collarblue-collarblue-collarblue-collarblue-collarblue-collarblue-collarblue-collarblue-collarblue-collarblue-collarblue-collarblue-collarblue-collarblue-collarblue-collarblue-collarblue-collarblue-collarblue-collarblue-collarblue-collarblue-collarblue-collarblue-collarblue-collarblue-collarblue-collarblue-collarblue-collarblue-collarblue-collarblue-collarblue-collarblue-collarblue-collarblue-collarblue-collarblue-collarblue-collarblue-collarblue-collarblue-collarblue-collarblue-collarblue-collarblue-collarblue-collarblue-collarblue-collarblue-collarblue-collarblue-collarblue-collarblue-collarblue-collarblue-collarblue-collarblue-collarblue-collarblue-collarblue-collarblue-collarblue-collarblue-collarblue-collarblue-collarblue-collarblue-collarblue-collarblue-collarblue-collarblue-collarblue-collarblue-collarblue-collarblue-collarblue-collarblue-collarblue-collarblue-collarblue-collarblue-collarblue-collarblue-collarblue-collarblue-collarblue-collarblue-collarblue-collarblue-collarblue-collarblue-collarblue-collarblue-collarblue-collarblue-collarblue-collarblue-collarblue-collarblue-collarblue-collarblue-collarblue-collarblue-collarblue-collarblue-collarblue-collarblue-collarblue-collarblue-collarblue-collarblue-collarblue-collarblue-collarblue-collarblue-collarblue-collarblue-collarblue-collarblue-collarblue-collarblue-collarblue-collarblue-collarblue-collarblue-collarblue-collarblue-collarblue-collarblue-collarblue-collarblue-collarblue-collarblue-collarblue-collarblue-collarblue-collarblue-collarblue-collarblue-collarblue-collarblue-collarblue-collarblue-collarblue-collarblue-collarblue-collarblue-collarblue-collarblue-collarblue-collarblue-collarblue-collarblue-collarblue-collarblue-collarblue-collarblue-collarblue-collarblue-collarblue-collarblue-collarblue-collarblue-collarblue-collarblue-collarblue-collarblue-collarblue-collarblue-collarblue-collarblue-collarblue-collarblue-collarblue-collarblue-collarblue-collarblue-collarblue-collarblue-collarblue-collarblue-collarblue-collarblue-collarblue-collarblue-collarblue-collarblue-collarblue-collarblue-collarblue-collarblue-collarblue-collarblue-collarblue-collarblue-collarblue-collarblue-collarblue-collarblue-collarblue-collarblue-collarblue-collarblue-collarblue-collarblue-collarblue-collarblue-collarblue-collarblue-collarblue-collarblue-collarblue-collarblue-collarblue-collarblue-collarblue-collarblue-collarblue-collarblue-collarblue-collarblue-collarblue-collarblue-collarblue-collarblue-collarblue-collarblue-collarblue-collarblue-collarblue-collarblue-collarblue-collarblue-collarblue-collarblue-collarblue-collarblue-collarblue-collarblue-collarblue-collarblue-collarblue-collarblue-collarblue-collarblue-collarblue-collarblue-collarblue-collarblue-collarblue-collarblue-collarblue-collarblue-collarblue-collarblue-collarblue-collarblue-collarblue-collarblue-collarblue-collarblue-collarblue-collarblue-collarblue-collarblue-collarblue-collarblue-collarblue-collarblue-collarblue-collarblue-collarblue-collarblue-collarblue-collarblue-collarblue-collarblue-collarblue-collarblue-collarblue-collarblue-collarblue-collarblue-collarblue-collarblue-collarblue-collarblue-collarblue-collarblue-collarblue-collarblue-collarblue-collarblue-collarblue-collarblue-collarblue-collarblue-collarblue-collarblue-collarblue-collarblue-collarblue-collarblue-collarblue-collarblue-collarblue-collarblue-collarblue-collarblue-collarblue-collarblue-collarblue-collarblue-collarblue-collarblue-collarblue-collarblue-collarblue-collarblue-collarblue-collarblue-collarblue-collarblue-collarblue-collarblue-collarblue-collarblue-collarblue-collarblue-collarblue-collarblue-collarblue-collarblue-collarblue-collarblue-collarblue-collarblue-collarblue-collarblue-collarblue-collarblue-collarblue-collarblue-collarblue-collarblue-collarblue-collarblue-collarblue-collarblue-collarblue-collarblue-collarblue-collarblue-collarblue-collarblue-collarblue-collarblue-collarblue-collarblue-collarblue-collarblue-collarblue-collarblue-collarblue-collarblue-collarblue-collarblue-collarblue-collarblue-collarblue-collarblue-collarblue-collarblue-collarblue-collarblue-collarblue-collarblue-collarblue-collarblue-collarblue-collarblue-collarblue-collarblue-collarblue-collarblue-collarblue-collarblue-collarblue-collarblue-collarblue-collarblue-collarblue-collarblue-collarblue-collarblue-collarblue-collarblue-collarblue-collarblue-collarblue-collarblue-collarblue-collarblue-collarblue-collarblue-collarblue-collarblue-collarblue-collarblue-collarblue-collarblue-collarblue-collarblue-collarblue-collarblue-collarblue-collarblue-collarblue-collarblue-collarblue-collarblue-collarblue-collarblue-collarblue-collarblue-collarblue-collarblue-collarblue-collarblue-collarblue-collarblue-collarblue-collarblue-collarblue-collarblue-collarblue-collarblue-collarblue-collarblue-collarblue-collarblue-collarblue-collarblue-collarblue-collarblue-collarblue-collarblue-collarblue-collarblue-collarblue-collarblue-collarblue-collarblue-collarblue-collarblue-collarblue-collarblue-collarblue-collarblue-collarblue-collarblue-collarblue-collarblue-collarblue-collarblue-collarblue-collarblue-collarblue-collarblue-collarblue-collarblue-collarblue-collarblue-collarblue-collarblue-collarblue-collarblue-collarblue-collarblue-collarblue-collarblue-collarblue-collarblue-collarblue-collarblue-collarblue-collarblue-collarblue-collarblue-collarblue-collarblue-collarblue-collarblue-collarblue-collarblue-collarblue-collarblue-collarblue-collarblue-collarblue-collarblue-collarblue-collarblue-collarblue-collarblue-collarblue-collarblue-collarblue-collarblue-collarblue-collarblue-collarblue-collarblue-collarblue-collarblue-collarblue-collarblue-collarblue-collarblue-collarblue-collarblue-collarblue-collarblue-collarblue-collarblue-collarblue-collarblue-collarblue-collarblue-collarblue-collarblue-collarblue-collarblue-collarblue-collarblue-collarblue-collarblue-collarblue-collarblue-collarblue-collarblue-collarblue-collarblue-collarblue-collarblue-collarblue-collarblue-collarblue-collarblue-collarblue-collarblue-collarblue-collarblue-collarblue-collarblue-collarblue-collarblue-collarblue-collarblue-collarblue-collarblue-collarblue-collarblue-collarblue-collarblue-collarblue-collarblue-collarblue-collarblue-collarblue-collarblue-collarblue-collarblue-collarblue-collarblue-collarblue-collarblue-collarblue-collarblue-collarblue-collarblue-collarblue-collarblue-collarblue-collarblue-collarblue-collarblue-collarblue-collarblue-collarblue-collarblue-collarblue-collarblue-collarblue-collarblue-collarblue-collarblue-collarblue-collarblue-collarblue-collarblue-collarblue-collarblue-collarblue-collarblue-collarblue-collarblue-collarblue-collarblue-collarblue-collarblue-collarblue-collarblue-collarblue-collarblue-collarblue-collarblue-collarblue-collarblue-collarblue-collarblue-collarblue-collarblue-collarblue-collarblue-collarblue-collarblue-collarblue-collarblue-collarblue-collarblue-collarblue-collarblue-collarblue-collarblue-collarblue-collarblue-collarblue-collarblue-collarblue-collarblue-collarblue-collarblue-collarblue-collarblue-collarblue-collarblue-collarblue-collarblue-collarblue-collarblue-collarblue-collarblue-collarblue-collarblue-collarblue-collarblue-collarblue-collarblue-collarblue-collarblue-collarblue-collarblue-collarblue-collarblue-collarblue-collarblue-collarblue-collarblue-collarblue-collarblue-collarblue-collarblue-collarblue-collarblue-collarblue-collarblue-collarblue-collarblue-collarblue-collarblue-collarblue-collarblue-collarblue-collarblue-collarblue-collarblue-collarblue-collarblue-collarblue-collarblue-collarblue-collarblue-collarblue-collarblue-collarblue-collarblue-collarblue-collarblue-collarblue-collarblue-collarblue-collarblue-collarblue-collarblue-collarblue-collarblue-collarblue-collarblue-collarblue-collarblue-collarblue-collarblue-collarblue-collarblue-collarblue-collarblue-collarblue-collarblue-collarblue-collarblue-collarblue-collarblue-collarblue-collarblue-collarblue-collarblue-collarblue-collarblue-collarblue-collarblue-collarblue-collarblue-collarblue-collarblue-collarblue-collarblue-collarblue-collarblue-collarblue-collarblue-collarblue-collarblue-collarblue-collarblue-collarblue-collarblue-collarblue-collarblue-collarblue-collarblue-collarblue-collarblue-collarblue-collarblue-collarblue-collarblue-collarblue-collarblue-collarblue-collarblue-collarblue-collarblue-collarblue-collarblue-collarblue-collarblue-collarblue-collarblue-collarblue-collarblue-collarblue-collarblue-collarblue-collarblue-collarblue-collarblue-collarblue-collarblue-collarblue-collarblue-collarblue-collarblue-collarblue-collarblue-collarblue-collarblue-collarblue-collarblue-collarblue-collarblue-collarblue-collarblue-collarblue-collarblue-collarblue-collarblue-collarblue-collarblue-collarblue-collarblue-collarblue-collarblue-collarblue-collarblue-collarblue-collarblue-collarblue-collarblue-collarblue-collarblue-collarblue-collarblue-collarblue-collarblue-collarblue-collarblue-collarblue-collarblue-collarblue-collarblue-collarblue-collarblue-collarblue-collarblue-collarblue-collarblue-collarblue-collarblue-collarblue-collarblue-collarblue-collarblue-collarblue-collarblue-collarblue-collarblue-collarblue-collarblue-collarblue-collarblue-collarblue-collarblue-collarblue-collarblue-collarblue-collarblue-collarblue-collarblue-collarblue-collarblue-collarblue-collarblue-collarblue-collarblue-collarblue-collarblue-collarblue-collarblue-collarblue-collarblue-collarblue-collarblue-collarblue-collarblue-collarblue-collarblue-collarblue-collarblue-collarblue-collarblue-collarblue-collarblue-collarblue-collarblue-collarblue-collarblue-collarblue-collarblue-collarblue-collarblue-collarblue-collarblue-collarblue-collarblue-collarblue-collarblue-collarblue-collarblue-collarblue-collarblue-collarblue-collarblue-collarblue-collarblue-collarblue-collarblue-collarblue-collarblue-collarblue-collarblue-collarblue-collarblue-collarblue-collarblue-collarblue-collarblue-collarblue-collarblue-collarblue-collarblue-collarblue-collarblue-collarblue-collarblue-collarblue-collarblue-collarblue-collarblue-collarblue-collarblue-collarblue-collarblue-collarblue-collarblue-collarblue-collarblue-collarblue-collarblue-collarblue-collarblue-collarblue-collarblue-collarblue-collarblue-collarblue-collarblue-collarblue-collarblue-collarblue-collarblue-collarblue-collarblue-collarblue-collarblue-collarblue-collarblue-collarblue-collarblue-collarblue-collarblue-collarblue-collarblue-collarblue-collarblue-collarblue-collarblue-collarblue-collarblue-collarblue-collarblue-collarblue-collarblue-collarblue-collarblue-collarblue-collarblue-collarblue-collarblue-collarblue-collarblue-collarblue-collarblue-collarblue-collarblue-collarblue-collarblue-collarblue-collarblue-collarblue-collarblue-collarblue-collarblue-collarblue-collarblue-collarblue-collarblue-collarblue-collarblue-collarblue-collarblue-collarblue-collarblue-collarblue-collarblue-collarblue-collarblue-collarblue-collarblue-collarblue-collarblue-collarblue-collarblue-collarblue-collarblue-collarblue-collarblue-collarblue-collarblue-collarblue-collarblue-collarblue-collarblue-collarblue-collarblue-collarblue-collarblue-collarblue-collarblue-collarblue-collarblue-collarblue-collarblue-collarblue-collarblue-collarblue-collarblue-collarblue-collarblue-collarblue-collarblue-collarblue-collarblue-collarblue-collarblue-collarblue-collarblue-collarblue-collarblue-collarblue-collarblue-collarblue-collarblue-collarblue-collarblue-collarblue-collarblue-collarblue-collarblue-collarblue-collarblue-collarblue-collarblue-collarblue-collarblue-collarblue-collarblue-collarblue-collarblue-collarblue-collarblue-collarblue-collarblue-collarblue-collarblue-collarblue-collarblue-collarblue-collarblue-collarblue-collarblue-collarblue-collarblue-collarblue-collarblue-collarblue-collarblue-collarblue-collarblue-collarblue-collarblue-collarblue-collarblue-collarblue-collarblue-collarblue-collarblue-collarblue-collarblue-collarblue-collarblue-collarblue-collarblue-collarblue-collarblue-collarblue-collarblue-collarblue-collarblue-collarblue-collarblue-collarblue-collarblue-collarblue-collarblue-collarblue-collarblue-collarblue-collarblue-collarblue-collarblue-collarblue-collarblue-collarblue-collarblue-collarblue-collarblue-collarblue-collarblue-collarblue-collarblue-collarblue-collarblue-collarblue-collarblue-collarblue-collarblue-collarblue-collarblue-collarblue-collarblue-collarblue-collarblue-collarblue-collarblue-collarblue-collarblue-collarblue-collarblue-collarblue-collarblue-collarblue-collarblue-collarblue-collarblue-collarblue-collarblue-collarblue-collarblue-collarblue-collarblue-collarblue-collarblue-collarblue-collarblue-collarblue-collarblue-collarblue-collarblue-collarblue-collarblue-collarblue-collarblue-collarblue-collarblue-collarblue-collarblue-collarblue-collarblue-collarblue-collarblue-collarblue-collarblue-collarblue-collarblue-collarblue-collarblue-collarblue-collarblue-collarblue-collarblue-collarblue-collarblue-collarblue-collarblue-collarblue-collarblue-collarblue-collarblue-collarblue-collarblue-collarblue-collarblue-collarblue-collarblue-collarblue-collarblue-collarblue-collarblue-collarblue-collarblue-collarblue-collarblue-collarblue-collarblue-collarblue-collarblue-collarblue-collarblue-collarblue-collarblue-collarblue-collarblue-collarblue-collarblue-collarblue-collarblue-collarblue-collarblue-collarblue-collarblue-collarblue-collarblue-collarblue-collarblue-collarblue-collarblue-collarblue-collarblue-collarblue-collarblue-collarblue-collarblue-collarblue-collarblue-collarblue-collarblue-collarblue-collarblue-collarblue-collarblue-collarblue-collarblue-collarblue-collarblue-collarblue-collarblue-collarblue-collarblue-collarblue-collarblue-collarblue-collarblue-collarblue-collarblue-collarblue-collarblue-collarblue-collarblue-collarblue-collarblue-collarblue-collarblue-collarblue-collarblue-collarblue-collarblue-collarblue-collarblue-collarblue-collarblue-collarblue-collarblue-collarblue-collarblue-collarblue-collarblue-collarblue-collarblue-collarblue-collarblue-collarblue-collarblue-collarblue-collarblue-collarblue-collarblue-collarblue-collarblue-collarblue-collarblue-collarblue-collarblue-collarblue-collarblue-collarblue-collarblue-collarblue-collarblue-collarblue-collarblue-collarblue-collarblue-collarblue-collarblue-collarblue-collarblue-collarblue-collarblue-collarblue-collarblue-collarblue-collarblue-collarblue-collarblue-collarblue-collarblue-collarblue-collarblue-collarblue-collarblue-collarblue-collarblue-collarblue-collarblue-collarblue-collarblue-collarblue-collarblue-collarblue-collarblue-collarblue-collarblue-collarblue-collarblue-collarblue-collarblue-collarblue-collarblue-collarblue-collarblue-collarblue-collarblue-collarblue-collarblue-collarblue-collarblue-collarblue-collarblue-collarblue-collarblue-collarblue-collarblue-collarblue-collarblue-collarblue-collarblue-collarblue-collarblue-collarblue-collarblue-collarblue-collarblue-collarblue-collarblue-collarblue-collarblue-collarblue-collarblue-collarblue-collarblue-collarblue-collarblue-collarblue-collarblue-collarblue-collarblue-collarblue-collarblue-collarblue-collarblue-collarblue-collarblue-collarblue-collarblue-collarblue-collarblue-collarblue-collarblue-collarblue-collarblue-collarblue-collarblue-collarblue-collarblue-collarblue-collarblue-collarblue-collarblue-collarblue-collarblue-collarblue-collarblue-collarblue-collarblue-collarblue-collarblue-collarblue-collarblue-collarblue-collarblue-collarblue-collarblue-collarblue-collarblue-collarblue-collarblue-collarblue-collarblue-collarblue-collarblue-collarblue-collarblue-collarblue-collarblue-collarblue-collarblue-collarblue-collarblue-collarblue-collarblue-collarblue-collarblue-collarblue-collarblue-collarblue-collarblue-collarblue-collarblue-collarblue-collarblue-collarblue-collarblue-collarblue-collarblue-collarblue-collarblue-collarblue-collarblue-collarblue-collarblue-collarblue-collarblue-collarblue-collarblue-collarblue-collarblue-collarblue-collarblue-collarblue-collarblue-collarblue-collarblue-collarblue-collarblue-collarblue-collarblue-collarblue-collarblue-collarblue-collarblue-collarblue-collarblue-collarblue-collarblue-collarblue-collarblue-collarblue-collarblue-collarblue-collarblue-collarblue-collarblue-collarblue-collarblue-collarblue-collarblue-collarblue-collarblue-collarblue-collarblue-collarblue-collarblue-collarblue-collarblue-collarblue-collarblue-collarblue-collarblue-collarblue-collarblue-collarblue-collarblue-collarblue-collarblue-collarblue-collarblue-collarblue-collarblue-collarblue-collarblue-collarblue-collarblue-collarblue-collarblue-collarblue-collarblue-collarblue-collarblue-collarblue-collarblue-collarblue-collarblue-collarblue-collarblue-collarblue-collarblue-collarblue-collarblue-collarblue-collarblue-collarblue-collarblue-collarblue-collarblue-collarblue-collarblue-collarblue-collarblue-collarblue-collarblue-collarblue-collarblue-collarblue-collarblue-collarblue-collarblue-collarblue-collarblue-collarblue-collarblue-collarblue-collarblue-collarblue-collarblue-collarblue-collarblue-collarblue-collarblue-collarblue-collarblue-collarblue-collarblue-collarblue-collarblue-collarblue-collarblue-collarblue-collarblue-collarblue-collarblue-collarblue-collarblue-collarblue-collarblue-collarblue-collarblue-collarblue-collarblue-collarblue-collarblue-collarblue-collarblue-collarblue-collarblue-collarblue-collarblue-collarblue-collarblue-collarblue-collarblue-collarblue-collarblue-collarblue-collarblue-collarblue-collarblue-collarblue-collarblue-collarblue-collarblue-collarblue-collarblue-collarblue-collarblue-collarblue-collarblue-collarblue-collarblue-collarblue-collarblue-collarblue-collarblue-collarblue-collarblue-collarblue-collarblue-collarblue-collarblue-collarblue-collarblue-collarblue-collarblue-collarblue-collarblue-collarblue-collarblue-collarblue-collarblue-collarblue-collarblue-collarblue-collarblue-collarblue-collarblue-collarblue-collarblue-collarblue-collarblue-collarblue-collarblue-collarblue-collarblue-collarblue-collarblue-collarblue-collarblue-collarblue-collarblue-collarblue-collarblue-collarblue-collarblue-collarblue-collarblue-collarblue-collarblue-collarblue-collarblue-collarblue-collarblue-collarblue-collarblue-collarblue-collarblue-collarblue-collarblue-collarblue-collarblue-collarblue-collarblue-collarblue-collarblue-collarblue-collarblue-collarblue-collarblue-collarblue-collarblue-collarblue-collarblue-collarblue-collarblue-collarblue-collarblue-collarblue-collarblue-collarblue-collarblue-collarblue-collarblue-collarblue-collarblue-collarblue-collarblue-collarblue-collarblue-collarblue-collarblue-collarblue-collarblue-collarblue-collarblue-collarblue-collarblue-collarblue-collarblue-collarblue-collarblue-collarblue-collarblue-collarblue-collarblue-collarblue-collarblue-collarblue-collarblue-collarblue-collarblue-collarblue-collarblue-collarblue-collarblue-collarblue-collarblue-collarblue-collarblue-collarblue-collarblue-collarblue-collarblue-collarblue-collarblue-collarblue-collarblue-collarblue-collarblue-collarblue-collarblue-collarblue-collarblue-collarblue-collarblue-collarblue-collarblue-collarblue-collarblue-collarblue-collarblue-collarblue-collarblue-collarblue-collarblue-collarblue-collarblue-collarblue-collarblue-collarblue-collarblue-collarblue-collarblue-collarblue-collarblue-collarblue-collarblue-collarblue-collarblue-collarblue-collarblue-collarblue-collarblue-collarblue-collarblue-collarblue-collarblue-collarblue-collarblue-collarblue-collarblue-collarblue-collarblue-collarblue-collarblue-collarblue-collarblue-collarblue-collarblue-collarblue-collarblue-collarblue-collarblue-collarblue-collarblue-collarblue-collarblue-collarblue-collarblue-collarblue-collarblue-collarblue-collarblue-collarblue-collarblue-collarblue-collarblue-collarblue-collarblue-collarblue-collarblue-collarblue-collarblue-collarblue-collarblue-collarblue-collarblue-collarblue-collarblue-collarblue-collarblue-collarblue-collarblue-collarblue-collarblue-collarblue-collarblue-collarblue-collarblue-collarblue-collarblue-collarblue-collarblue-collarblue-collarblue-collarblue-collarblue-collarblue-collarblue-collarblue-collarblue-collarblue-collarblue-collarblue-collarblue-collarblue-collarblue-collarblue-collarblue-collarblue-collarblue-collarblue-collarblue-collarblue-collarblue-collarblue-collarblue-collarblue-collarblue-collarblue-collarblue-collarblue-collarblue-collarblue-collarblue-collarblue-collarblue-collarblue-collarblue-collarblue-collarblue-collarblue-collarblue-collarblue-collarblue-collarblue-collarblue-collarblue-collarblue-collarblue-collarblue-collarblue-collarblue-collarblue-collarblue-collarblue-collarblue-collarblue-collarblue-collarblue-collarblue-collarblue-collarblue-collarblue-collarblue-collarblue-collarblue-collarblue-collarblue-collarblue-collarblue-collarblue-collarblue-collarblue-collarblue-collarblue-collarblue-collarblue-collarblue-collarblue-collarblue-collarblue-collarblue-collarblue-collarblue-collarblue-collarblue-collarblue-collarblue-collarblue-collarblue-collarblue-collarblue-collarblue-collarblue-collarblue-collarblue-collarblue-collarblue-collarblue-collarblue-collarblue-collarblue-collarblue-collarblue-collarblue-collarblue-collarblue-collarblue-collarblue-collarblue-collarblue-collarblue-collarblue-collarblue-collarblue-collarblue-collarblue-collarblue-collarblue-collarblue-collarblue-collarblue-collarblue-collarblue-collarblue-collarblue-collarblue-collarblue-collarblue-collarblue-collarblue-collarblue-collarblue-collarblue-collarblue-collarblue-collarblue-collarblue-collarblue-collarblue-collarblue-collarblue-collarblue-collarblue-collarblue-collarblue-collarblue-collarblue-collarblue-collarblue-collarblue-collarblue-collarblue-collarblue-collarblue-collarblue-collarblue-collarblue-collarblue-collarblue-collarblue-collarblue-collarblue-collarblue-collarblue-collarblue-collarblue-collarblue-collarblue-collarblue-collarblue-collarblue-collarblue-collarblue-collarblue-collarblue-collarblue-collarblue-collarblue-collarblue-collarblue-collarblue-collarblue-collarblue-collarblue-collarblue-collarblue-collarblue-collarblue-collarblue-collarblue-collarblue-collarblue-collarblue-collarblue-collarblue-collarblue-collarblue-collarblue-collarblue-collarblue-collarblue-collarblue-collarblue-collarblue-collarblue-collarblue-collarblue-collarblue-collarblue-collarblue-collarblue-collarblue-collarblue-collarblue-collarblue-collarblue-collarblue-collarblue-collarblue-collarblue-collarblue-collarblue-collarblue-collarblue-collarblue-collarblue-collarblue-collarblue-collarblue-collarblue-collarblue-collarblue-collarblue-collarblue-collarblue-collarblue-collarblue-collarblue-collarblue-collarblue-collarblue-collarblue-collarblue-collarblue-collarblue-collarblue-collarblue-collarblue-collarblue-collarblue-collarblue-collarblue-collarblue-collarblue-collarblue-collarblue-collarblue-collarblue-collarblue-collarblue-collarblue-collarblue-collarblue-collarblue-collarblue-collarblue-collarblue-collarblue-collarblue-collarblue-collarblue-collarblue-collarblue-collarblue-collarblue-collarblue-collarblue-collarblue-collarblue-collarblue-collarblue-collarblue-collarblue-collarblue-collarblue-collarblue-collarblue-collarblue-collarblue-collarblue-collarblue-collarblue-collarblue-collarblue-collarblue-collarblue-collarblue-collarblue-collarblue-collarblue-collarblue-collarblue-collarblue-collarblue-collarblue-collarblue-collarblue-collarblue-collarblue-collarblue-collarblue-collarblue-collarblue-collarblue-collarblue-collarblue-collarblue-collarblue-collarblue-collarblue-collarblue-collarblue-collarblue-collarblue-collarblue-collarblue-collarblue-collarblue-collarblue-collarblue-collarblue-collarblue-collarblue-collarblue-collarblue-collarblue-collarblue-collarblue-collarblue-collarblue-collarblue-collarblue-collarblue-collarblue-collarblue-collarblue-collarblue-collarblue-collarblue-collarblue-collarblue-collarblue-collarblue-collarblue-collarblue-collarblue-collarblue-collarblue-collarblue-collarblue-collarblue-collarblue-collarblue-collarblue-collarblue-collarblue-collarblue-collarblue-collarblue-collarblue-collarblue-collarblue-collarblue-collarblue-collarblue-collarblue-collarblue-collarblue-collarblue-collarblue-collarblue-collarblue-collarblue-collarblue-collarblue-collarblue-collarblue-collarblue-collarblue-collarblue-collarblue-collarblue-collarblue-collarblue-collarblue-collarblue-collarblue-collarblue-collarblue-collarblue-collarblue-collarblue-collarblue-collarblue-collarblue-collarblue-collarblue-collarblue-collarblue-collarblue-collarblue-collarblue-collarblue-collarblue-collarblue-collarblue-collarblue-collarblue-collarblue-collarblue-collarblue-collarblue-collarblue-collarblue-collarblue-collarblue-collarblue-collarblue-collarblue-collarblue-collarblue-collarblue-collarblue-collarblue-collarblue-collarblue-collarblue-collarblue-collarblue-collarblue-collarblue-collarblue-collarblue-collarblue-collarblue-collarblue-collarblue-collarblue-collarblue-collarblue-collarblue-collarblue-collarblue-collarblue-collarblue-collarblue-collarblue-collarblue-collarblue-collarblue-collarblue-collarblue-collarblue-collarblue-collarblue-collarblue-collarblue-collarblue-collarblue-collarblue-collarblue-collarblue-collarblue-collarblue-collarblue-collarblue-collarblue-collarblue-collarblue-collarblue-collarblue-collarblue-collarblue-collarblue-collarblue-collarblue-collarblue-collarblue-collarblue-collarblue-collarblue-collarblue-collarblue-collarblue-collarblue-collarblue-collarblue-collarblue-collarblue-collarblue-collarblue-collarblue-collarblue-collarblue-collarblue-collarblue-collarblue-collarblue-collarblue-collarblue-collarblue-collarblue-collarblue-collarblue-collarblue-collarblue-collarblue-collarblue-collarblue-collarblue-collarblue-collarblue-collarblue-collarblue-collarblue-collarblue-collarblue-collarblue-collarblue-collarblue-collarblue-collarblue-collarblue-collarblue-collarblue-collarblue-collarblue-collarblue-collarblue-collarblue-collarblue-collarblue-collarblue-collarblue-collarblue-collarblue-collarblue-collarblue-collarblue-collarblue-collarblue-collarblue-collarblue-collarblue-collarblue-collarblue-collarblue-collarblue-collarblue-collarblue-collarblue-collarblue-collarblue-collarblue-collarblue-collarblue-collarblue-collarblue-collarblue-collarblue-collarblue-collarblue-collarblue-collarblue-collarblue-collarblue-collarblue-collarblue-collarblue-collarblue-collarblue-collarblue-collarblue-collarblue-collarblue-collarblue-collarblue-collarblue-collarblue-collarblue-collarblue-collarblue-collarblue-collarblue-collarblue-collarblue-collarblue-collarblue-collarblue-collarblue-collarblue-collarblue-collarblue-collarblue-collarblue-collarblue-collarblue-collarblue-collarblue-collarblue-collarblue-collarblue-collarblue-collarblue-collarblue-collarblue-collarblue-collarblue-collarblue-collarblue-collarblue-collarblue-collarblue-collarblue-collarblue-collarblue-collarblue-collarblue-collarblue-collarblue-collarblue-collarblue-collarblue-collarblue-collarblue-collarblue-collarblue-collarblue-collarblue-collarblue-collarblue-collarblue-collarblue-collarblue-collarblue-collarblue-collarblue-collarblue-collarblue-collarblue-collarblue-collarblue-collarblue-collarblue-collarblue-collarblue-collarblue-collarblue-collarblue-collarblue-collarblue-collarblue-collarblue-collarblue-collarblue-collarblue-collarblue-collarblue-collarblue-collarblue-collarblue-collarblue-collarblue-collarblue-collarblue-collarblue-collarblue-collarblue-collarblue-collarblue-collarblue-collarblue-collarblue-collarblue-collarblue-collarblue-collarblue-collarblue-collarblue-collarblue-collarblue-collarblue-collarblue-collarblue-collarblue-collarblue-collarblue-collarblue-collarblue-collarblue-collarblue-collarblue-collarblue-collarblue-collarblue-collarblue-collarblue-collarblue-collarblue-collarblue-collarblue-collarblue-collarblue-collarblue-collarblue-collarblue-collarblue-collarblue-collarblue-collarblue-collarblue-collarblue-collarblue-collarblue-collarblue-collarblue-collarblue-collarblue-collarblue-collarblue-collarblue-collarblue-collarblue-collarblue-collarblue-collarblue-collarblue-collarblue-collarblue-collarblue-collarblue-collarblue-collarblue-collarblue-collarblue-collarblue-collarblue-collarblue-collarblue-collarblue-collarblue-collarblue-collarblue-collarblue-collarblue-collarblue-collarblue-collarblue-collarblue-collarblue-collarblue-collarblue-collarblue-collarblue-collarblue-collarblue-collarblue-collarblue-collarblue-collarblue-collarblue-collarblue-collarblue-collarblue-collarblue-collarblue-collarblue-collarblue-collarblue-collarblue-collarblue-collarblue-collarblue-collarblue-collarblue-collarblue-collarblue-collarblue-collarblue-collarblue-collarblue-collarblue-collarblue-collarblue-collarblue-collarblue-collarblue-collarblue-collarblue-collarblue-collarblue-collarblue-collarblue-collarblue-collarblue-collarblue-collarblue-collarblue-collarblue-collarblue-collarblue-collarblue-collarblue-collarblue-collarblue-collarblue-collarblue-collarblue-collarblue-collarblue-collarblue-collarblue-collarblue-collarblue-collarblue-collarblue-collarblue-collarblue-collarblue-collarblue-collarblue-collarblue-collarblue-collarblue-collarblue-collarblue-collarblue-collarblue-collarblue-collarblue-collarblue-collarblue-collarblue-collarblue-collarblue-collarblue-collarblue-collarblue-collarblue-collarblue-collarblue-collarblue-collarblue-collarblue-collarblue-collarblue-collarblue-collarblue-collarblue-collarblue-collarblue-collarblue-collarblue-collarblue-collarblue-collarblue-collarblue-collarblue-collarblue-collarblue-collarblue-collarblue-collarblue-collarblue-collarblue-collarblue-collarblue-collarblue-collarblue-collarblue-collarblue-collarblue-collarblue-collarblue-collarblue-collarblue-collarblue-collarblue-collarblue-collarblue-collarblue-collarblue-collarblue-collarblue-collarblue-collarblue-collarblue-collarblue-collarblue-collarblue-collarblue-collarblue-collarblue-collarblue-collarblue-collarblue-collarblue-collarblue-collarblue-collarblue-collarblue-collarblue-collarblue-collarblue-collarblue-collarblue-collarblue-collarblue-collarblue-collarblue-collarblue-collarblue-collarblue-collarblue-collarblue-collarblue-collarblue-collarblue-collarblue-collarblue-collarblue-collarblue-collarblue-collarblue-collarblue-collarblue-collarblue-collarblue-collarblue-collarblue-collarblue-collarblue-collarblue-collarblue-collarblue-collarblue-collarblue-collarblue-collarblue-collarblue-collarblue-collarblue-collarblue-collarblue-collarblue-collarblue-collarblue-collarblue-collarblue-collarblue-collarblue-collarblue-collarblue-collarblue-collarblue-collarblue-collarblue-collarblue-collarblue-collarblue-collarblue-collarblue-collarblue-collarblue-collarblue-collarblue-collarblue-collarblue-collarblue-collarblue-collarblue-collarblue-collarblue-collarblue-collarblue-collarblue-collarblue-collarblue-collarblue-collarblue-collarblue-collarblue-collarblue-collarblue-collarblue-collarblue-collarblue-collarblue-collarblue-collarblue-collarblue-collarblue-collarblue-collarblue-collarblue-collarblue-collarblue-collarblue-collarblue-collarblue-collarblue-collarblue-collarblue-collarblue-collarblue-collarblue-collarblue-collarblue-collarblue-collarblue-collarblue-collarblue-collarblue-collarblue-collarblue-collarblue-collarblue-collarblue-collarblue-collarblue-collarblue-collarblue-collarblue-collarblue-collarblue-collarblue-collarblue-collarblue-collarblue-collarblue-collarblue-collarblue-collarblue-collarblue-collarblue-collarblue-collarblue-collarblue-collarblue-collarblue-collarblue-collarblue-collarblue-collarblue-collarblue-collarblue-collarblue-collarblue-collarblue-collarblue-collarblue-collarblue-collarblue-collarblue-collarblue-collarblue-collarblue-collarblue-collarblue-collarblue-collarblue-collarblue-collarblue-collarblue-collarblue-collarblue-collarblue-collarblue-collarblue-collarblue-collarblue-collarblue-collarblue-collarblue-collarblue-collarblue-collarblue-collarblue-collarblue-collarblue-collarblue-collarblue-collarblue-collarblue-collarblue-collarblue-collarblue-collarblue-collarblue-collarblue-collarblue-collarblue-collarblue-collarblue-collarblue-collarblue-collarblue-collarblue-collarblue-collarblue-collarblue-collarblue-collarblue-collarblue-collarblue-collarblue-collarblue-collarblue-collarblue-collarblue-collarblue-collarblue-collarblue-collarblue-collarblue-collarblue-collarblue-collarblue-collarblue-collarblue-collarblue-collarblue-collarblue-collarblue-collarblue-collarblue-collarblue-collarblue-collarblue-collarblue-collarblue-collarblue-collarblue-collarblue-collarblue-collarblue-collarblue-collarblue-collarblue-collarblue-collarblue-collarblue-collarblue-collarblue-collarblue-collarblue-collarblue-collarblue-collarblue-collarblue-collarblue-collarblue-collarblue-collarblue-collarblue-collarblue-collarblue-collarblue-collarblue-collarblue-collarblue-collarblue-collarblue-collarblue-collarblue-collarblue-collarblue-collarblue-collarblue-collarblue-collarblue-collarblue-collarblue-collarblue-collarblue-collarblue-collarblue-collarblue-collarblue-collarblue-collarblue-collarblue-collarblue-collarblue-collarblue-collarblue-collarblue-collarblue-collarblue-collarblue-collarblue-collarblue-collarblue-collarblue-collarblue-collarblue-collarblue-collarblue-collarblue-collarblue-collarblue-collarblue-collarblue-collarblue-collarblue-collarblue-collarblue-collarblue-collarblue-collarblue-collarblue-collarblue-collarblue-collarblue-collarblue-collarblue-collarblue-collarblue-collarblue-collarblue-collarblue-collarblue-collarblue-collarblue-collarblue-collarblue-collarblue-collarblue-collarblue-collarblue-collarblue-collarblue-collarblue-collarblue-collarblue-collarblue-collarblue-collarblue-collarblue-collarblue-collarblue-collarblue-collarblue-collarblue-collarblue-collarblue-collarblue-collarblue-collarblue-collarblue-collarblue-collarblue-collarblue-collarblue-collarblue-collarblue-collarblue-collarblue-collarblue-collarblue-collarblue-collarblue-collarblue-collarblue-collarblue-collarblue-collarblue-collarblue-collarblue-collarblue-collarblue-collarblue-collarblue-collarblue-collarblue-collarblue-collarblue-collarblue-collarblue-collarblue-collarblue-collarblue-collarblue-collarblue-collarblue-collarblue-collarblue-collarblue-collarblue-collarblue-collarblue-collarblue-collarblue-collarblue-collarblue-collarblue-collarblue-collarblue-collarblue-collarblue-collarblue-collarblue-collarblue-collarblue-collarblue-collarblue-collarblue-collarblue-collarblue-collarblue-collarblue-collarblue-collarblue-collarblue-collarblue-collarblue-collarblue-collarblue-collarblue-collarblue-collarblue-collarblue-collarblue-collarblue-collarblue-collarblue-collarblue-collarblue-collarblue-collarblue-collarblue-collarblue-collarblue-collarblue-collarblue-collarblue-collarblue-collarblue-collarblue-collarblue-collarblue-collarblue-collarblue-collarblue-collarblue-collarblue-collarblue-collarblue-collarblue-collarblue-collarblue-collarblue-collarblue-collarblue-collarblue-collarblue-collarblue-collarblue-collarblue-collarblue-collarblue-collarblue-collarblue-collarblue-collarblue-collarblue-collarblue-collarblue-collarblue-collarblue-collarblue-collarblue-collarblue-collarblue-collarblue-collarblue-collarblue-collarblue-collarblue-collarblue-collarblue-collarblue-collarblue-collarblue-collarblue-collarblue-collarblue-collarblue-collarblue-collarblue-collarblue-collarblue-collarblue-collarblue-collarblue-collarblue-collarblue-collarblue-collarblue-collarblue-collarblue-collarblue-collarblue-collarblue-collarblue-collarblue-collarblue-collarblue-collarblue-collarblue-collarblue-collarblue-collarblue-collarblue-collarblue-collarblue-collarblue-collarblue-collarblue-collarblue-collarblue-collarblue-collarblue-collarblue-collarblue-collarblue-collarblue-collarblue-collarblue-collarblue-collarblue-collarblue-collarblue-collarblue-collarblue-collarblue-collarblue-collarblue-collarblue-collarblue-collarblue-collarblue-collarblue-collarblue-collarblue-collarblue-collarblue-collarblue-collarblue-collarblue-collarblue-collarblue-collarblue-collarblue-collarblue-collarblue-collarblue-collarblue-collarblue-collarblue-collarblue-collarblue-collarblue-collarblue-collarblue-collarblue-collarblue-collarblue-collarblue-collarblue-collarblue-collarblue-collarblue-collarblue-collarblue-collarblue-collarblue-collarblue-collarblue-collarblue-collarblue-collarblue-collarblue-collarblue-collarblue-collarblue-collarblue-collarblue-collarblue-collarblue-collarblue-collarblue-collarblue-collarblue-collarblue-collarblue-collarblue-collarblue-collarblue-collarblue-collarblue-collarblue-collarblue-collarblue-collarblue-collarblue-collarblue-collarblue-collarblue-collarblue-collarblue-collarblue-collarblue-collarblue-collarblue-collarblue-collarblue-collarblue-collarblue-collarblue-collarblue-collarblue-collarblue-collarblue-collarblue-collarblue-collarblue-collarblue-collarblue-collarblue-collarblue-collarblue-collarblue-collarblue-collarblue-collarblue-collarblue-collarblue-collarblue-collarblue-collarblue-collarblue-collarblue-collarblue-collarblue-collarblue-collarblue-collarblue-collarblue-collarblue-collarblue-collarblue-collarblue-collarblue-collarblue-collarblue-collarblue-collarblue-collarblue-collarblue-collarblue-collarblue-collarblue-collarblue-collarblue-collarblue-collarblue-collarblue-collarblue-collarblue-collarblue-collarblue-collarblue-collarblue-collarblue-collarblue-collarblue-collarblue-collarblue-collarblue-collarblue-collarblue-collarblue-collarblue-collarblue-collarblue-collarblue-collarblue-collarblue-collarblue-collarblue-collarblue-collarblue-collarblue-collarblue-collarblue-collarblue-collarblue-collarblue-collarblue-collarblue-collarblue-collarblue-collarblue-collarblue-collarblue-collarblue-collarblue-collarblue-collarblue-collarblue-collarblue-collarblue-collarblue-collarblue-collarblue-collarblue-collarblue-collarblue-collarblue-collarblue-collarblue-collarblue-collarblue-collarblue-collarblue-collarblue-collarblue-collarblue-collarblue-collarblue-collarblue-collarblue-collarblue-collarblue-collarblue-collarblue-collarblue-collarblue-collarblue-collarblue-collarblue-collarblue-collarblue-collarblue-collarblue-collarblue-collarblue-collarblue-collarblue-collarblue-collarblue-collarblue-collarblue-collarblue-collarblue-collarblue-collarblue-collarblue-collarblue-collarblue-collarblue-collarblue-collarblue-collarblue-collarblue-collarblue-collarblue-collarblue-collarblue-collarblue-collarblue-collarblue-collarblue-collarblue-collarblue-collarblue-collarblue-collarblue-collarblue-collarblue-collarblue-collarblue-collarblue-collarblue-collarblue-collarblue-collarblue-collarblue-collarblue-collarblue-collarblue-collarblue-collarblue-collarblue-collarblue-collarblue-collarblue-collarblue-collarblue-collarblue-collarblue-collarblue-collarblue-collarblue-collarblue-collarblue-collarblue-collarblue-collarblue-collarblue-collarblue-collarblue-collarblue-collarblue-collarblue-collarblue-collarblue-collarblue-collarblue-collarblue-collarblue-collarblue-collarblue-collarblue-collarblue-collarblue-collarblue-collarblue-collarblue-collarblue-collarblue-collarblue-collarblue-collarblue-collarblue-collarblue-collarblue-collarblue-collarblue-collarblue-collarblue-collarblue-collarblue-collarblue-collarblue-collarblue-collarblue-collarblue-collarblue-collarblue-collarblue-collarblue-collarblue-collarblue-collarblue-collarblue-collarblue-collarblue-collarblue-collarblue-collarblue-collarblue-collarblue-collarblue-collarblue-collarblue-collarblue-collarblue-collarblue-collarblue-collarblue-collarblue-collarblue-collarblue-collarblue-collarblue-collarblue-collarblue-collarblue-collarblue-collarblue-collarblue-collarblue-collarblue-collarblue-collarblue-collarblue-collarblue-collarblue-collarblue-collarblue-collarblue-collarblue-collarblue-collarblue-collarblue-collarblue-collarblue-collarblue-collarblue-collarblue-collarblue-collarblue-collarblue-collarblue-collarblue-collarblue-collarblue-collarblue-collarblue-collarblue-collarblue-collarblue-collarblue-collarblue-collarblue-collarblue-collarblue-collarblue-collarblue-collarblue-collarblue-collarblue-collarblue-collarblue-collarblue-collarblue-collarblue-collarblue-collarblue-collarblue-collarblue-collarblue-collarblue-collarblue-collarblue-collarblue-collarblue-collarblue-collarblue-collarblue-collarblue-collarblue-collarblue-collarblue-collarblue-collarblue-collarblue-collarblue-collarblue-collarblue-collarblue-collarblue-collarblue-collarblue-collarblue-collarblue-collarblue-collarblue-collarblue-collarblue-collarblue-collarblue-collarblue-collarblue-collarblue-collarblue-collarblue-collarblue-collarblue-collarblue-collarblue-collarblue-collarblue-collarblue-collarblue-collarblue-collarblue-collarblue-collarblue-collarblue-collarblue-collarblue-collarblue-collarblue-collarblue-collarblue-collarblue-collarblue-collarblue-collarblue-collarblue-collarblue-collarblue-collarblue-collarblue-collarblue-collarblue-collarblue-collarblue-collarblue-collarblue-collarblue-collarblue-collarblue-collarblue-collarblue-collarblue-collarblue-collarblue-collarblue-collarblue-collarblue-collarblue-collarblue-collarblue-collarblue-collarblue-collarblue-collarblue-collarblue-collarblue-collarblue-collarblue-collarblue-collarblue-collarblue-collarblue-collarblue-collarblue-collarblue-collarblue-collarblue-collarblue-collarblue-collarblue-collarblue-collarblue-collarblue-collarblue-collarblue-collarblue-collarblue-collarblue-collarblue-collarblue-collarblue-collarblue-collarblue-collarblue-collarblue-collarblue-collarblue-collarblue-collarblue-collarblue-collarblue-collarblue-collarblue-collarblue-collarblue-collarblue-collarblue-collarblue-collarblue-collarblue-collarblue-collarblue-collarblue-collarblue-collarblue-collarblue-collarblue-collarblue-collarblue-collarblue-collarblue-collarblue-collarblue-collarblue-collarblue-collarblue-collarblue-collarblue-collarblue-collarblue-collarblue-collarblue-collarblue-collarblue-collarblue-collarblue-collarblue-collarblue-collarblue-collarblue-collarblue-collarblue-collarblue-collarblue-collarblue-collarblue-collarblue-collarblue-collarblue-collarblue-collarblue-collarblue-collarblue-collarblue-collarblue-collarblue-collarblue-collarblue-collarblue-collarblue-collarblue-collarblue-collarblue-collarblue-collarblue-collarblue-collarblue-collarblue-collarblue-collarblue-collarblue-collarblue-collarblue-collarblue-collarblue-collarblue-collarblue-collarblue-collarblue-collarblue-collarblue-collarblue-collarblue-collarblue-collarblue-collarblue-collarblue-collarblue-collarblue-collarblue-collarblue-collarblue-collarblue-collarblue-collarblue-collarblue-collarblue-collarblue-collarblue-collarblue-collarblue-collarblue-collarblue-collarblue-collarblue-collarblue-collarblue-collarblue-collarblue-collarblue-collarblue-collarblue-collarblue-collarblue-collarblue-collarblue-collarblue-collarblue-collarblue-collarblue-collarblue-collarblue-collarblue-collarblue-collarblue-collarblue-collarblue-collarblue-collarblue-collarblue-collarblue-collarblue-collarblue-collarblue-collarblue-collarblue-collarblue-collarblue-collarblue-collarblue-collarblue-collarblue-collarblue-collarblue-collarblue-collarblue-collarblue-collarblue-collarblue-collarblue-collarblue-collarblue-collarblue-collarblue-collarblue-collarblue-collarblue-collarblue-collarblue-collarblue-collarblue-collarblue-collarblue-collarblue-collarblue-collarblue-collarblue-collarblue-collarblue-collarblue-collarblue-collarblue-collarblue-collarblue-collarblue-collarblue-collarblue-collarblue-collarblue-collarblue-collarblue-collarblue-collarblue-collarblue-collarblue-collarblue-collarblue-collarblue-collarblue-collarblue-collarblue-collarblue-collarblue-collarblue-collarblue-collarblue-collarblue-collarblue-collarblue-collarblue-collarblue-collarblue-collarblue-collarblue-collarblue-collarblue-collarblue-collarblue-collarblue-collarblue-collarblue-collarblue-collarblue-collarblue-collarblue-collarblue-collarblue-collarblue-collarblue-collarblue-collarblue-collarblue-collarblue-collarblue-collarblue-collarblue-collarblue-collarblue-collarblue-collarblue-collarblue-collarblue-collarblue-collarblue-collarblue-collarblue-collarblue-collarblue-collarblue-collarblue-collarblue-collarblue-collarblue-collarblue-collarblue-collarblue-collarblue-collarblue-collarblue-collarblue-collarblue-collarblue-collarblue-collarblue-collarblue-collarblue-collarblue-collarblue-collarblue-collarblue-collarblue-collarblue-collarblue-collarblue-collarblue-collarblue-collarblue-collarblue-collarblue-collarblue-collarblue-collarblue-collarblue-collarblue-collarblue-collarblue-collarblue-collarblue-collarblue-collarblue-collarblue-collarblue-collarblue-collarblue-collarblue-collarblue-collarblue-collarblue-collarblue-collarblue-collarblue-collarblue-collarblue-collarblue-collarblue-collarblue-collarblue-collarblue-collarblue-collarblue-collarblue-collarblue-collarblue-collarblue-collarblue-collarblue-collarblue-collarblue-collarblue-collarblue-collarblue-collarblue-collarblue-collarblue-collarblue-collarblue-collarblue-collarblue-collarblue-collarblue-collarblue-collarblue-collarblue-collarblue-collarblue-collarblue-collarblue-collarblue-collarblue-collarblue-collarblue-collarblue-collarblue-collarblue-collarblue-collarblue-collarblue-collarblue-collarblue-collarblue-collarblue-collarblue-collarblue-collarblue-collarblue-collarblue-collarblue-collarblue-collarblue-collarblue-collarblue-collarblue-collarblue-collarblue-collarblue-collarblue-collarblue-collarblue-collarblue-collarblue-collarblue-collarblue-collarblue-collarblue-collarblue-collarblue-collarblue-collarblue-collarblue-collarblue-collarblue-collarblue-collarblue-collarblue-collarblue-collarblue-collarblue-collarblue-collarblue-collarblue-collarblue-collarblue-collarblue-collarblue-collarblue-collarblue-collarblue-collarblue-collarblue-collarblue-collarblue-collarblue-collarblue-collarblue-collarblue-collarblue-collarblue-collarblue-collarblue-collarblue-collarblue-collarblue-collarblue-collarblue-collarblue-collarblue-collarblue-collarblue-collarblue-collarblue-collarblue-collarblue-collarblue-collarblue-collarblue-collarblue-collarblue-collarblue-collarblue-collarblue-collarblue-collarblue-collarblue-collarblue-collarblue-collarblue-collarblue-collarblue-collarblue-collarblue-collarblue-collarblue-collarblue-collarblue-collarblue-collarblue-collarblue-collarblue-collarblue-collarblue-collarblue-collarblue-collarblue-collarblue-collarblue-collarblue-collarblue-collarblue-collarblue-collarblue-collarblue-collarblue-collarblue-collarblue-collarblue-collarblue-collarblue-collarblue-collarblue-collarblue-collarblue-collarblue-collarblue-collarblue-collarblue-collarblue-collarblue-collarblue-collarblue-collarblue-collarblue-collarblue-collarblue-collarblue-collarblue-collarblue-collarblue-collarblue-collarblue-collarblue-collarblue-collarblue-collarblue-collarblue-collarblue-collarblue-collarblue-collarblue-collarblue-collarblue-collarblue-collarblue-collarblue-collarblue-collarblue-collarblue-collarblue-collarblue-collarblue-collarblue-collarblue-collarblue-collarblue-collarblue-collarblue-collarblue-collarblue-collarblue-collarblue-collarblue-collarblue-collarblue-collarblue-collarblue-collarblue-collarblue-collarblue-collarblue-collarblue-collarblue-collarblue-collarblue-collarblue-collarblue-collarblue-collarblue-collarblue-collarblue-collarblue-collarblue-collarblue-collarblue-collarblue-collarblue-collarblue-collarblue-collarblue-collarblue-collarblue-collarblue-collarblue-collarblue-collarblue-collarblue-collarblue-collarblue-collarblue-collarblue-collarblue-collarblue-collarblue-collarblue-collarblue-collarblue-collarblue-collarblue-collarblue-collarblue-collarblue-collarblue-collarblue-collarblue-collarblue-collarblue-collarblue-collarblue-collarblue-collarblue-collarblue-collarblue-collarblue-collarblue-collarblue-collarblue-collarblue-collarblue-collarblue-collarblue-collarblue-collarblue-collarblue-collarblue-collarblue-collarblue-collarblue-collarblue-collarblue-collarblue-collarblue-collarblue-collarblue-collarblue-collarblue-collarblue-collarblue-collarblue-collarblue-collarblue-collarblue-collarblue-collarblue-collarblue-collarblue-collarblue-collarblue-collarblue-collarblue-collarblue-collarblue-collarblue-collarblue-collarblue-collarblue-collarblue-collarblue-collarblue-collarblue-collarblue-collarblue-collarblue-collarblue-collarblue-collarblue-collarblue-collarblue-collarblue-collarblue-collarblue-collarblue-collarblue-collarblue-collarblue-collarblue-collarblue-collarblue-collarblue-collarblue-collarblue-collarblue-collarblue-collarblue-collarblue-collarblue-collarblue-collarblue-collarblue-collarblue-collarblue-collarblue-collarblue-collarblue-collarblue-collarblue-collarblue-collarblue-collarblue-collarblue-collarblue-collarblue-collarblue-collarblue-collarblue-collarblue-collarblue-collarblue-collarblue-collarblue-collarblue-collarblue-collarblue-collarblue-collarblue-collarblue-collarblue-collarblue-collarblue-collarblue-collarblue-collarblue-collarblue-collarblue-collarblue-collarblue-collarblue-collarblue-collarblue-collarblue-collarblue-collarblue-collarblue-collarblue-collarblue-collarblue-collarblue-collarblue-collarblue-collarblue-collarblue-collarblue-collarblue-collarblue-collarblue-collarblue-collarblue-collarblue-collarblue-collarblue-collarblue-collarblue-collarblue-collarblue-collarblue-collarblue-collarblue-collarblue-collarblue-collarblue-collarblue-collarblue-collarblue-collarblue-collarblue-collarblue-collarblue-collarblue-collarblue-collarblue-collarblue-collarblue-collarblue-collarblue-collarblue-collarblue-collarblue-collarblue-collarblue-collarblue-collarblue-collarblue-collarblue-collarblue-collarblue-collarblue-collarblue-collarblue-collarblue-collarblue-collarblue-collarblue-collarblue-collarblue-collarblue-collarblue-collarblue-collarblue-collarblue-collarblue-collarblue-collarblue-collarblue-collarblue-collarblue-collarblue-collarblue-collarblue-collarblue-collarblue-collarblue-collarblue-collarblue-collarblue-collarblue-collarblue-collarblue-collarblue-collarblue-collarblue-collarblue-collarblue-collarblue-collarblue-collarblue-collarblue-collarblue-collarblue-collarblue-collarblue-collarblue-collarblue-collarblue-collarblue-collarblue-collarblue-collarblue-collarblue-collarblue-collarblue-collarblue-collarblue-collarblue-collarblue-collarblue-collarblue-collarblue-collarblue-collarblue-collarblue-collarblue-collarblue-collarblue-collarblue-collarblue-collarblue-collarblue-collarblue-collarblue-collarblue-collarblue-collarblue-collarblue-collarblue-collarblue-collarblue-collarblue-collarblue-collarblue-collarblue-collarblue-collarblue-collarblue-collarblue-collarblue-collarblue-collarblue-collarblue-collarblue-collarblue-collarblue-collarblue-collarblue-collarblue-collarblue-collarblue-collarblue-collarblue-collarblue-collarblue-collarblue-collarblue-collarblue-collarblue-collarblue-collarblue-collarblue-collarblue-collarblue-collarblue-collarblue-collarblue-collarblue-collarblue-collarblue-collarblue-collarblue-collarblue-collarblue-collarblue-collarblue-collarblue-collarblue-collarblue-collarblue-collarblue-collarblue-collarblue-collarblue-collarblue-collarblue-collarblue-collarblue-collarblue-collarblue-collarblue-collarblue-collarblue-collarblue-collarblue-collarblue-collarblue-collarblue-collarblue-collarblue-collarblue-collarblue-collarblue-collarblue-collarblue-collarblue-collarblue-collarblue-collarblue-collarblue-collarblue-collarblue-collarblue-collarblue-collarblue-collarblue-collarblue-collarblue-collarblue-collarblue-collarblue-collarblue-collarblue-collarblue-collarblue-collarblue-collarblue-collarblue-collarblue-collarblue-collarblue-collarblue-collarblue-collarblue-collarblue-collarblue-collarblue-collarblue-collarblue-collarblue-collarblue-collarblue-collarblue-collarblue-collarblue-collarblue-collarblue-collarblue-collarblue-collarblue-collarblue-collarblue-collarblue-collarblue-collarblue-collarblue-collarblue-collarblue-collarblue-collarblue-collarblue-collarblue-collarblue-collarblue-collarblue-collarblue-collarblue-collarblue-collarblue-collarblue-collarblue-collarblue-collarblue-collarblue-collarblue-collarblue-collarblue-collarblue-collarblue-collarblue-collarblue-collarblue-collarblue-collarblue-collarblue-collarblue-collarblue-collarblue-collarblue-collarblue-collarblue-collarblue-collarblue-collarblue-collarblue-collarblue-collarblue-collarblue-collarblue-collarblue-collarblue-collarblue-collarblue-collarblue-collarblue-collarblue-collarblue-collarblue-collarblue-collarblue-collarblue-collarblue-collarblue-collarblue-collarblue-collarblue-collarblue-collarblue-collarblue-collarblue-collarblue-collarblue-collarblue-collarblue-collarblue-collarblue-collarblue-collarblue-collarblue-collarblue-collarblue-collarblue-collarblue-collarblue-collarblue-collarblue-collarblue-collarblue-collarblue-collarblue-collarblue-collarblue-collarblue-collarblue-collarblue-collarblue-collarblue-collarblue-collarblue-collarblue-collarblue-collarblue-collarblue-collarblue-collarblue-collarblue-collarblue-collarblue-collarblue-collarblue-collarblue-collarblue-collarblue-collarblue-collarblue-collarblue-collarblue-collarblue-collarblue-collarblue-collarblue-collarblue-collarblue-collarblue-collarblue-collarblue-collarblue-collarblue-collarblue-collarblue-collarblue-collarblue-collarblue-collarblue-collarblue-collarblue-collarblue-collarblue-collarblue-collarblue-collarblue-collarblue-collarblue-collarblue-collarblue-collarblue-collarblue-collarblue-collarblue-collarblue-collarblue-collarblue-collarblue-collarblue-collarblue-collarblue-collarblue-collarblue-collarblue-collarblue-collarblue-collarblue-collarblue-collarblue-collarblue-collarblue-collarblue-collarblue-collarblue-collarblue-collarblue-collarblue-collarblue-collarblue-collarblue-collarblue-collarblue-collarblue-collarblue-collarblue-collarblue-collarblue-collarblue-collarblue-collarblue-collarblue-collarblue-collarblue-collarblue-collarblue-collarblue-collarblue-collarblue-collarblue-collarblue-collarblue-collarblue-collarblue-collarblue-collarblue-collarblue-collarblue-collarblue-collarblue-collarblue-collarblue-collarblue-collarblue-collarblue-collarblue-collarblue-collarblue-collarblue-collarblue-collarblue-collarblue-collarblue-collarblue-collarblue-collarblue-collarblue-collarblue-collarblue-collarblue-collarblue-collarblue-collarblue-collarblue-collarblue-collarblue-collarblue-collarblue-collarblue-collarblue-collarblue-collarblue-collarblue-collarblue-collarblue-collarblue-collarblue-collarblue-collarblue-collarblue-collarblue-collarblue-collarblue-collarblue-collarblue-collarblue-collarblue-collarblue-collarblue-collarblue-collarblue-collarblue-collarblue-collarblue-collarblue-collarblue-collarblue-collarblue-collarblue-collarblue-collarblue-collarblue-collarblue-collarblue-collarblue-collarblue-collarblue-collarblue-collarblue-collarblue-collarblue-collarblue-collarblue-collarblue-collarblue-collarblue-collarblue-collarblue-collarblue-collarblue-collarblue-collarblue-collarblue-collarblue-collarblue-collarblue-collarblue-collarblue-collarblue-collarblue-collarblue-collarblue-collarblue-collarblue-collarblue-collarblue-collarblue-collarblue-collarblue-collarblue-collarblue-collarblue-collarblue-collarblue-collarblue-collarblue-collarblue-collarblue-collarblue-collarblue-collarblue-collarblue-collarblue-collarblue-collarblue-collarblue-collarblue-collarblue-collarblue-collarblue-collarblue-collarblue-collarblue-collarblue-collarblue-collarblue-collarblue-collarblue-collarblue-collarblue-collarblue-collarblue-collarblue-collarblue-collarblue-collarblue-collarblue-collarblue-collarblue-collarblue-collarblue-collarblue-collarblue-collarblue-collarblue-collarblue-collarblue-collarblue-collarblue-collarblue-collarblue-collarblue-collarblue-collarblue-collarblue-collarblue-collarblue-collarblue-collarblue-collarblue-collarblue-collarblue-collarblue-collarblue-collarblue-collarblue-collarblue-collarblue-collarblue-collarblue-collarblue-collarblue-collarblue-collarblue-collarblue-collarblue-collarblue-collarblue-collarblue-collarblue-collarblue-collarblue-collarblue-collarblue-collarblue-collarblue-collarblue-collarblue-collarblue-collarblue-collarblue-collarblue-collarblue-collarblue-collarblue-collarblue-collarblue-collarblue-collarblue-collarblue-collarblue-collarblue-collarblue-collarblue-collarblue-collarblue-collarblue-collarblue-collarblue-collarblue-collarblue-collarblue-collarblue-collarblue-collarblue-collarblue-collarblue-collarblue-collarblue-collarblue-collarblue-collarblue-collarblue-collarblue-collarblue-collarblue-collarblue-collarblue-collarblue-collarblue-collarblue-collarblue-collarblue-collarblue-collarblue-collarblue-collarblue-collarblue-collarblue-collarblue-collarblue-collarblue-collarblue-collarblue-collarblue-collarblue-collarblue-collarblue-collarblue-collarblue-collarblue-collarblue-collarblue-collarblue-collarblue-collarblue-collarblue-collarblue-collarblue-collarblue-collarblue-collarblue-collarblue-collarblue-collarblue-collarblue-collarblue-collarblue-collarblue-collarblue-collarblue-collarblue-collarblue-collarblue-collarblue-collarblue-collarblue-collarblue-collarblue-collarblue-collarblue-collarblue-collarblue-collarblue-collarblue-collarblue-collarblue-collarblue-collarblue-collarblue-collarblue-collarblue-collarblue-collarblue-collarblue-collarblue-collarblue-collarblue-collarblue-collarblue-collarblue-collarblue-collarblue-collarblue-collarblue-collarblue-collarblue-collarblue-collarblue-collarblue-collarblue-collarblue-collarblue-collarblue-collarblue-collarblue-collarblue-collarblue-collarblue-collarblue-collarblue-collarblue-collarblue-collarblue-collarblue-collarblue-collarblue-collarblue-collarblue-collarblue-collarblue-collarblue-collarblue-collarblue-collarblue-collarblue-collarblue-collarblue-collarblue-collarblue-collarblue-collarblue-collarblue-collarblue-collarblue-collarblue-collarblue-collarblue-collarblue-collarblue-collarblue-collarblue-collarblue-collarblue-collarblue-collarblue-collarblue-collarblue-collarblue-collarblue-collarblue-collarblue-collarblue-collarblue-collarblue-collarblue-collarblue-collarblue-collarblue-collarblue-collarblue-collarblue-collarblue-collarblue-collarblue-collarblue-collarblue-collarblue-collarblue-collarblue-collarblue-collarblue-collarblue-collarblue-collarblue-collarblue-collarblue-collarblue-collarblue-collarblue-collarblue-collarblue-collarblue-collarblue-collarblue-collarblue-collarblue-collarblue-collarblue-collarblue-collarblue-collarblue-collarblue-collarblue-collarblue-collarblue-collarblue-collarblue-collarblue-collarblue-collarblue-collarblue-collarblue-collarblue-collarblue-collarblue-collarblue-collarblue-collarblue-collarblue-collarblue-collarblue-collarblue-collarblue-collarblue-collarblue-collarblue-collarblue-collarblue-collarblue-collarblue-collarblue-collarblue-collarblue-collarblue-collarblue-collarblue-collarblue-collarblue-collarblue-collarblue-collarblue-collarblue-collarblue-collarblue-collarblue-collarblue-collarblue-collarblue-collarblue-collarblue-collarblue-collarblue-collarblue-collarblue-collarblue-collarblue-collarblue-collarblue-collarblue-collarblue-collarblue-collarblue-collarblue-collarblue-collarblue-collarblue-collarblue-collarblue-collarblue-collarblue-collarblue-collarblue-collarblue-collarblue-collarblue-collarblue-collarblue-collarblue-collarblue-collarblue-collarblue-collarblue-collarblue-collarblue-collarblue-collarblue-collarblue-collarblue-collarblue-collarblue-collarblue-collarblue-collarblue-collarblue-collarblue-collarblue-collarblue-collarblue-collarblue-collarblue-collarblue-collarblue-collarblue-collarblue-collarblue-collarblue-collarblue-collarblue-collarblue-collarblue-collarblue-collarblue-collarblue-collarblue-collarblue-collarblue-collarblue-collarblue-collarblue-collarblue-collarblue-collarblue-collarblue-collarblue-collarblue-collarblue-collarblue-collarblue-collarblue-collarblue-collarblue-collarblue-collarblue-collarblue-collarblue-collarblue-collarblue-collarblue-collarblue-collarblue-collarblue-collarblue-collarblue-collarblue-collarblue-collarblue-collarblue-collarblue-collarblue-collarblue-collarblue-collarblue-collarblue-collarblue-collarblue-collarblue-collarblue-collarblue-collarblue-collarblue-collarblue-collarblue-collarblue-collarblue-collarblue-collarblue-collarblue-collarblue-collarblue-collarblue-collarblue-collarblue-collarblue-collarblue-collarblue-collarblue-collarblue-collarblue-collarblue-collarblue-collarblue-collarblue-collarblue-collarblue-collarblue-collarblue-collarblue-collarblue-collarblue-collarblue-collarblue-collarblue-collarblue-collarblue-collarblue-collarblue-collarblue-collarblue-collarblue-collarblue-collarblue-collarblue-collarblue-collarblue-collarblue-collarblue-collarblue-collarblue-collarblue-collarblue-collarblue-collarblue-collarblue-collarblue-collarblue-collarblue-collarblue-collarblue-collarblue-collarblue-collarblue-collarblue-collarblue-collarblue-collarblue-collarblue-collarblue-collarblue-collarblue-collarblue-collarblue-collarblue-collarblue-collarblue-collarblue-collarblue-collarblue-collarblue-collarblue-collarblue-collarblue-collarblue-collarblue-collarblue-collarblue-collarblue-collarblue-collarblue-collarblue-collarblue-collarblue-collarblue-collarblue-collarblue-collarblue-collarblue-collarblue-collarblue-collarblue-collarblue-collarblue-collarblue-collarblue-collarblue-collarblue-collarblue-collarblue-collarblue-collarblue-collarblue-collarblue-collarblue-collarblue-collarblue-collarblue-collarblue-collarblue-collarblue-collarblue-collarblue-collarblue-collarblue-collarblue-collarblue-collarblue-collarblue-collarblue-collarblue-collarblue-collarblue-collarblue-collarblue-collarblue-collarblue-collarblue-collarblue-collarblue-collarblue-collarblue-collarblue-collarblue-collarblue-collarblue-collarblue-collarblue-collarblue-collarblue-collarblue-collarblue-collarblue-collarblue-collarblue-collarblue-collarblue-collarblue-collarblue-collarblue-collarblue-collarblue-collarblue-collarblue-collarblue-collarblue-collarblue-collarblue-collarblue-collarblue-collarblue-collarblue-collarblue-collarblue-collarblue-collarblue-collarblue-collarblue-collarblue-collarblue-collarblue-collarblue-collarblue-collarblue-collarblue-collarblue-collarblue-collarblue-collarblue-collarblue-collarblue-collarblue-collarblue-collarblue-collarblue-collarblue-collarblue-collarblue-collarblue-collarblue-collarblue-collarblue-collarblue-collarblue-collarblue-collarblue-collarblue-collarblue-collarblue-collarblue-collarblue-collarblue-collarblue-collarblue-collarblue-collarblue-collarblue-collarblue-collarblue-collarblue-collarblue-collarblue-collarblue-collarblue-collarblue-collarblue-collarblue-collarblue-collarblue-collarblue-collarblue-collarblue-collarblue-collarblue-collarblue-collarblue-collarblue-collarblue-collarblue-collarblue-collarblue-collarblue-collarblue-collarblue-collarblue-collarblue-collarblue-collarblue-collarblue-collarblue-collarblue-collarblue-collarblue-collarblue-collarblue-collarblue-collarblue-collarblue-collarblue-collarblue-collarblue-collarblue-collarblue-collarblue-collarblue-collarblue-collarblue-collarblue-collarblue-collarblue-collarblue-collarblue-collarblue-collarblue-collarblue-collarblue-collarblue-collarblue-collarblue-collarblue-collarblue-collarblue-collarblue-collarblue-collarblue-collarblue-collarblue-collarblue-collarblue-collarblue-collarblue-collarblue-collarblue-collarblue-collarblue-collarblue-collarblue-collarblue-collarblue-collarblue-collarblue-collarblue-collarblue-collarblue-collarblue-collarblue-collarblue-collarblue-collarblue-collarblue-collarblue-collarblue-collarblue-collarblue-collarblue-collarblue-collarblue-collarblue-collarblue-collarblue-collarblue-collarblue-collarblue-collarblue-collarblue-collarblue-collarblue-collarblue-collarblue-collarblue-collarblue-collarblue-collarblue-collarblue-collarblue-collarblue-collarblue-collarblue-collarblue-collarblue-collarblue-collarblue-collarblue-collarblue-collarblue-collarblue-collarblue-collarblue-collarblue-collarblue-collarblue-collarblue-collarblue-collarblue-collarblue-collarblue-collarblue-collarblue-collarblue-collarblue-collarblue-collarblue-collarblue-collarblue-collarblue-collarblue-collarblue-collarblue-collarblue-collarblue-collarblue-collarblue-collarblue-collarblue-collarblue-collarblue-collarblue-collarblue-collarblue-collarblue-collarblue-collarblue-collarblue-collarblue-collarblue-collarblue-collarblue-collarblue-collarblue-collarblue-collarblue-collarblue-collarblue-collarblue-collarblue-collarblue-collarblue-collarblue-collarblue-collarblue-collarblue-collarblue-collarblue-collarblue-collarblue-collarblue-collarblue-collarblue-collarblue-collarblue-collarblue-collarblue-collarblue-collarblue-collarblue-collarblue-collarblue-collarblue-collarblue-collarblue-collarblue-collarblue-collarblue-collarblue-collarblue-collarblue-collarblue-collarblue-collarblue-collarblue-collarblue-collarblue-collarblue-collarblue-collarblue-collarblue-collarblue-collarblue-collarblue-collarblue-collarblue-collarblue-collarblue-collarblue-collarblue-collarblue-collarblue-collarblue-collarblue-collarblue-collarblue-collarblue-collarblue-collarblue-collarblue-collarblue-collarblue-collarblue-collarblue-collarblue-collarblue-collarblue-collarblue-collarblue-collarblue-collarblue-collarblue-collarblue-collarblue-collarblue-collarblue-collarblue-collarblue-collarblue-collarblue-collarblue-collarblue-collarblue-collarblue-collarblue-collarblue-collarblue-collarblue-collarblue-collarblue-collarblue-collarblue-collarblue-collarblue-collarblue-collarblue-collarblue-collarblue-collarblue-collarblue-collarblue-collarblue-collarblue-collarblue-collarblue-collarblue-collarblue-collarblue-collarblue-collarblue-collarblue-collarblue-collarblue-collarblue-collarblue-collarblue-collarblue-collarblue-collarblue-collarblue-collarblue-collarblue-collarblue-collarblue-collarblue-collarblue-collarblue-collarblue-collarblue-collarblue-collarblue-collarblue-collarblue-collarblue-collarblue-collarblue-collarblue-collarblue-collarblue-collarblue-collarblue-collarblue-collarblue-collarblue-collarblue-collarblue-collarblue-collarblue-collarblue-collarblue-collarblue-collarblue-collarblue-collarblue-collarblue-collarblue-collarblue-collarblue-collarblue-collarblue-collarblue-collarblue-collarblue-collarblue-collarblue-collarblue-collarblue-collarblue-collarblue-collarblue-collarblue-collarblue-collarblue-collarblue-collarblue-collarblue-collarblue-collarblue-collarblue-collarblue-collarblue-collarblue-collarblue-collarblue-collarblue-collarblue-collarblue-collarblue-collarblue-collarblue-collarblue-collarblue-collarblue-collarblue-collarblue-collarblue-collarblue-collarblue-collarblue-collarblue-collarblue-collarblue-collarblue-collarblue-collarblue-collarblue-collarblue-collarblue-collarblue-collarblue-collarblue-collarblue-collarblue-collarblue-collarblue-collarblue-collarblue-collarblue-collarblue-collarblue-collarblue-collarblue-collarblue-collarblue-collarblue-collarblue-collarblue-collarblue-collarblue-collarblue-collarblue-collarblue-collarblue-collarblue-collarblue-collarblue-collarblue-collarblue-collarblue-collarblue-collarblue-collarblue-collarblue-collarblue-collarblue-collarblue-collarblue-collarblue-collarblue-collarblue-collarblue-collarblue-collarblue-collarblue-collarblue-collarblue-collarblue-collarblue-collarblue-collarblue-collarblue-collarblue-collarblue-collarblue-collarblue-collarblue-collarblue-collarblue-collarblue-collarblue-collarblue-collarblue-collarblue-collarblue-collarblue-collarblue-collarblue-collarblue-collarblue-collarblue-collarblue-collarblue-collarblue-collarblue-collarblue-collarblue-collarblue-collarblue-collarblue-collarblue-collarblue-collarblue-collarblue-collarblue-collarblue-collarblue-collarblue-collarblue-collarblue-collarblue-collarblue-collarblue-collarblue-collarblue-collarblue-collarblue-collarblue-collarblue-collarblue-collarblue-collarblue-collarblue-collarblue-collarblue-collarblue-collarblue-collarblue-collarblue-collarblue-collarblue-collarblue-collarblue-collarblue-collarblue-collarblue-collarblue-collarblue-collarblue-collarblue-collarblue-collarblue-collarblue-collarblue-collarblue-collarblue-collarblue-collarblue-collarblue-collarblue-collarblue-collarblue-collarblue-collarblue-collarblue-collarblue-collarblue-collarblue-collarblue-collarblue-collarblue-collarblue-collarblue-collarblue-collarblue-collarblue-collarblue-collarblue-collarblue-collarblue-collarblue-collarblue-collarblue-collarblue-collarblue-collarblue-collarblue-collarblue-collarblue-collarblue-collarblue-collarblue-collarblue-collarblue-collarblue-collarblue-collarblue-collarblue-collarblue-collarblue-collarblue-collarblue-collarblue-collarblue-collarblue-collarblue-collarblue-collarblue-collarblue-collarblue-collarblue-collarblue-collarblue-collarblue-collarblue-collarblue-collarblue-collarblue-collarblue-collarblue-collarblue-collarblue-collarblue-collarblue-collarblue-collarblue-collarblue-collarblue-collarblue-collarblue-collarblue-collarblue-collarblue-collarblue-collarblue-collarblue-collarblue-collarblue-collarblue-collarblue-collarblue-collarblue-collarblue-collarblue-collarblue-collarblue-collarblue-collarblue-collarblue-collarblue-collarblue-collarblue-collarblue-collarblue-collarblue-collarblue-collarblue-collarblue-collarblue-collarblue-collarblue-collarblue-collarblue-collarblue-collarblue-collarblue-collarblue-collarblue-collarblue-collarblue-collarblue-collarblue-collarblue-collarblue-collarblue-collarblue-collarblue-collarblue-collarblue-collarblue-collarblue-collarblue-collarblue-collarblue-collarblue-collarblue-collarblue-collarblue-collarblue-collarblue-collarblue-collarblue-collarblue-collarblue-collarblue-collarblue-collarblue-collarblue-collarblue-collarblue-collarblue-collarblue-collarblue-collarblue-collarblue-collarblue-collarblue-collarblue-collarblue-collarblue-collarblue-collarblue-collarblue-collarblue-collarblue-collarblue-collarblue-collarblue-collarblue-collarblue-collarblue-collarblue-collarblue-collarblue-collarblue-collarblue-collarblue-collarblue-collarblue-collarblue-collarblue-collarblue-collarblue-collarblue-collarblue-collarblue-collarblue-collarblue-collarblue-collarblue-collarblue-collarblue-collarblue-collarblue-collarblue-collarblue-collarblue-collarblue-collarblue-collarblue-collarblue-collarblue-collarblue-collarblue-collarblue-collarblue-collarblue-collarblue-collarblue-collarblue-collarblue-collarblue-collarblue-collarblue-collarblue-collarblue-collarblue-collarblue-collarblue-collarblue-collarblue-collarblue-collarblue-collarblue-collarblue-collarblue-collarblue-collarblue-collarblue-collarblue-collarblue-collarblue-collarblue-collarblue-collarblue-collarblue-collarblue-collarblue-collarblue-collarblue-collarblue-collarblue-collarblue-collarblue-collarblue-collarblue-collarblue-collarblue-collarblue-collarblue-collarblue-collarblue-collarblue-collarblue-collarblue-collarblue-collarblue-collarblue-collarblue-collarblue-collarblue-collarblue-collarblue-collarblue-collarblue-collarblue-collarblue-collarblue-collarblue-collarblue-collarblue-collarblue-collarblue-collarblue-collarblue-collarblue-collarblue-collarblue-collarblue-collarblue-collarblue-collarblue-collarblue-collarblue-collarblue-collarblue-collarblue-collarblue-collarblue-collarblue-collarblue-collarblue-collarblue-collarblue-collarblue-collarblue-collarblue-collarblue-collarblue-collarblue-collarblue-collarblue-collarblue-collarblue-collarblue-collarblue-collarblue-collarblue-collarblue-collarblue-collarblue-collarblue-collarblue-collarblue-collarblue-collarblue-collarblue-collarblue-collarblue-collarblue-collarblue-collarblue-collarblue-collarblue-collarblue-collarblue-collarblue-collarblue-collarblue-collarblue-collarblue-collarblue-collarblue-collarblue-collarblue-collarblue-collarblue-collarblue-collarblue-collarblue-collarblue-collarblue-collarblue-collarblue-collarblue-collarblue-collarblue-collarblue-collarblue-collarblue-collarblue-collarblue-collarblue-collarblue-collarblue-collarblue-collarblue-collarblue-collarblue-collarblue-collarblue-collarblue-collarblue-collarblue-collarblue-collarblue-collarblue-collarblue-collarblue-collarblue-collarblue-collarblue-collarblue-collarblue-collarblue-collarblue-collarblue-collarblue-collarblue-collarblue-collarblue-collarblue-collarblue-collarblue-collarblue-collarblue-collarblue-collarblue-collarblue-collarblue-collarblue-collarblue-collarblue-collarblue-collarblue-collarblue-collarblue-collarblue-collarblue-collarblue-collarblue-collarblue-collarblue-collarblue-collarblue-collarblue-collarblue-collarblue-collarblue-collarblue-collarblue-collarblue-collarblue-collarblue-collarblue-collarblue-collarblue-collarblue-collarblue-collarblue-collarblue-collarblue-collarblue-collarblue-collarblue-collarblue-collarblue-collarblue-collarblue-collarblue-collarblue-collarblue-collarblue-collarblue-collarblue-collarblue-collarblue-collarblue-collarblue-collarblue-collarblue-collarblue-collarblue-collarblue-collarblue-collarblue-collarblue-collarblue-collarblue-collarblue-collarblue-collarblue-collarblue-collarblue-collarblue-collarblue-collarblue-collarblue-collarblue-collarblue-collarblue-collarblue-collarblue-collarblue-collarblue-collarblue-collarblue-collarblue-collarblue-collarblue-collarblue-collarblue-collarblue-collarblue-collarblue-collarblue-collarblue-collarblue-collarblue-collarblue-collarblue-collarblue-collarblue-collarblue-collarblue-collarblue-collarblue-collarblue-collarblue-collarblue-collarblue-collarblue-collarblue-collarblue-collarblue-collarblue-collarblue-collarblue-collarblue-collarblue-collarblue-collarblue-collarblue-collarblue-collarblue-collarblue-collarblue-collarblue-collarblue-collarblue-collarblue-collarblue-collarblue-collarblue-collarblue-collarblue-collarblue-collarblue-collarblue-collarblue-collarblue-collarblue-collarblue-collarblue-collarblue-collarblue-collarblue-collarblue-collarblue-collarblue-collarblue-collarblue-collarblue-collarblue-collarblue-collarblue-collarblue-collarblue-collarblue-collarblue-collarblue-collarblue-collarblue-collarblue-collarblue-collarblue-collarblue-collarblue-collarblue-collarblue-collarblue-collarblue-collarblue-collarblue-collarblue-collarblue-collarblue-collarblue-collarblue-collarblue-collarblue-collarblue-collarblue-collarblue-collarblue-collarblue-collarblue-collarblue-collarblue-collarblue-collarblue-collarblue-collarblue-collarblue-collarblue-collarblue-collarblue-collarblue-collarblue-collarblue-collarblue-collarblue-collarblue-collarblue-collarblue-collarblue-collarblue-collarblue-collarblue-collarblue-collarblue-collarblue-collarblue-collarblue-collarblue-collarblue-collarblue-collarblue-collarblue-collarblue-collarblue-collarblue-collarblue-collarblue-collarblue-collarblue-collarblue-collarblue-collarblue-collarblue-collarblue-collarblue-collarblue-collarblue-collarblue-collarblue-collarblue-collarblue-collarblue-collarblue-collarblue-collarblue-collarblue-collarblue-collarblue-collarblue-collarblue-collarblue-collarblue-collarblue-collarblue-collarblue-collarblue-collarblue-collarblue-collarblue-collarblue-collarblue-collarblue-collarblue-collarblue-collarblue-collarblue-collarblue-collarblue-collarblue-collarblue-collarblue-collarblue-collarblue-collarblue-collarblue-collarblue-collarblue-collarblue-collarblue-collarblue-collarblue-collarblue-collarblue-collarblue-collarblue-collarblue-collarblue-collarblue-collarblue-collarblue-collarblue-collarblue-collarblue-collarblue-collarblue-collarblue-collarblue-collarblue-collarblue-collarblue-collarblue-collarblue-collarblue-collarblue-collarblue-collarblue-collarblue-collarblue-collarblue-collarblue-collarblue-collarblue-collarblue-collarblue-collarblue-collarblue-collarblue-collarblue-collarblue-collarblue-collarblue-collarblue-collarblue-collarblue-collarblue-collarblue-collarblue-collarblue-collarblue-collarblue-collarblue-collarblue-collarblue-collarblue-collarblue-collarblue-collarblue-collarblue-collarblue-collarblue-collarblue-collarblue-collarblue-collarblue-collarblue-collarblue-collarblue-collarblue-collarblue-collarblue-collarblue-collarblue-collarblue-collarblue-collarblue-collarblue-collarblue-collarblue-collarblue-collarblue-collarblue-collarblue-collarblue-collarblue-collarblue-collarblue-collarblue-collarblue-collarblue-collarblue-collarblue-collarblue-collarblue-collarblue-collarblue-collarblue-collarblue-collarblue-collarblue-collarblue-collarblue-collarblue-collarblue-collarblue-collarblue-collarblue-collarblue-collarblue-collarblue-collarblue-collarblue-collarblue-collarblue-collarblue-collarblue-collarblue-collarblue-collarblue-collarblue-collarblue-collarblue-collarblue-collarblue-collarblue-collarblue-collarblue-collarblue-collarblue-collarblue-collarblue-collarblue-collarblue-collarblue-collarblue-collarblue-collarblue-collarblue-collarblue-collarblue-collarblue-collarblue-collarblue-collarblue-collarblue-collarblue-collarblue-collarblue-collarblue-collarblue-collarblue-collarblue-collarblue-collarblue-collarblue-collarblue-collarblue-collarblue-collarblue-collarblue-collarblue-collarblue-collarblue-collarblue-collarblue-collarblue-collarblue-collarblue-collarblue-collarblue-collarblue-collarblue-collarblue-collarblue-collarblue-collarblue-collarblue-collarblue-collarblue-collarblue-collarblue-collarblue-collarblue-collarblue-collarblue-collarblue-collarblue-collarblue-collarblue-collarblue-collarblue-collarblue-collarblue-collarblue-collarblue-collarblue-collarblue-collarblue-collarblue-collarblue-collarblue-collarblue-collarblue-collarblue-collarblue-collarblue-collarblue-collarblue-collarblue-collarblue-collarblue-collarblue-collarblue-collarblue-collarblue-collarblue-collarblue-collarblue-collarblue-collarblue-collarblue-collarblue-collarblue-collarblue-collarblue-collarblue-collarblue-collarblue-collarblue-collarblue-collarblue-collarblue-collarblue-collarblue-collarblue-collarblue-collarblue-collarblue-collarblue-collarblue-collarblue-collarblue-collarblue-collarblue-collarblue-collarblue-collarblue-collarblue-collarblue-collarblue-collarblue-collarblue-collarblue-collarblue-collarblue-collarblue-collarblue-collarblue-collarblue-collarblue-collarblue-collarblue-collarblue-collarblue-collarblue-collarblue-collarblue-collarblue-collarblue-collarblue-collarblue-collarblue-collarblue-collarblue-collarblue-collarblue-collarblue-collarblue-collarblue-collarblue-collarblue-collarblue-collarblue-collarblue-collarblue-collarblue-collarblue-collarblue-collarblue-collarblue-collarblue-collarblue-collarblue-collarblue-collarblue-collarblue-collarblue-collarblue-collarblue-collarblue-collarblue-collarblue-collarblue-collarblue-collarblue-collarblue-collarblue-collarblue-collarblue-collarblue-collarblue-collarblue-collarblue-collarblue-collarblue-collarblue-collarblue-collarblue-collarblue-collarblue-collarblue-collarblue-collarblue-collarblue-collarblue-collarblue-collarblue-collarblue-collarblue-collarblue-collarblue-collarblue-collarblue-collarblue-collarblue-collarblue-collarblue-collarblue-collarblue-collarblue-collarblue-collarblue-collarblue-collarblue-collarblue-collarblue-collarblue-collarblue-collarblue-collarblue-collarblue-collarblue-collarblue-collarblue-collarblue-collarblue-collarblue-collarblue-collarblue-collarblue-collarblue-collarblue-collarblue-collarblue-collarblue-collarblue-collarblue-collarblue-collarblue-collarblue-collarblue-collarblue-collarblue-collarblue-collarblue-collarblue-collarblue-collarblue-collarblue-collarblue-collarblue-collarblue-collarblue-collarblue-collarblue-collarblue-collarblue-collarblue-collarblue-collarblue-collarblue-collarblue-collarblue-collarblue-collarblue-collarblue-collarblue-collarblue-collarblue-collarblue-collarblue-collarblue-collarblue-collarblue-collarblue-collarblue-collarblue-collarblue-collarblue-collarblue-collarblue-collarblue-collarblue-collarblue-collarblue-collarblue-collarblue-collarblue-collarblue-collarblue-collarblue-collarblue-collarblue-collarblue-collarblue-collarblue-collarblue-collarblue-collarblue-collarblue-collarblue-collarblue-collarblue-collarblue-collarblue-collarblue-collarblue-collarblue-collarblue-collarblue-collarblue-collarblue-collarblue-collarblue-collarblue-collarblue-collarblue-collarblue-collarblue-collarblue-collarblue-collarblue-collarblue-collarblue-collarblue-collarblue-collarblue-collarblue-collarblue-collarblue-collarblue-collarblue-collarblue-collarblue-collarblue-collarblue-collarblue-collarblue-collarblue-collarblue-collarblue-collarblue-collarblue-collarblue-collarblue-collarblue-collarblue-collarblue-collarblue-collarblue-collarblue-collarblue-collarblue-collarblue-collarblue-collarblue-collarblue-collarblue-collarblue-collarblue-collarblue-collarblue-collarblue-collarblue-collarblue-collarblue-collarblue-collarblue-collarblue-collarblue-collarblue-collarblue-collarblue-collarblue-collarblue-collarblue-collarblue-collarblue-collarblue-collarblue-collarblue-collarblue-collarblue-collarblue-collarblue-collarblue-collarblue-collarblue-collarblue-collarblue-collarblue-collarblue-collarblue-collarblue-collarblue-collarblue-collarblue-collarblue-collarblue-collarblue-collarblue-collarblue-collarblue-collarblue-collarblue-collarblue-collarblue-collarblue-collarblue-collarblue-collarblue-collarblue-collarblue-collarblue-collarblue-collarblue-collarblue-collarblue-collarblue-collarblue-collarblue-collarblue-collarblue-collarblue-collarblue-collarblue-collarblue-collarblue-collarblue-collarblue-collarblue-collarblue-collarblue-collarblue-collarblue-collarblue-collarblue-collarblue-collarblue-collarblue-collarblue-collarblue-collarblue-collarblue-collarblue-collarblue-collarblue-collarblue-collarblue-collarblue-collarblue-collarblue-collarblue-collarblue-collarblue-collarblue-collarblue-collarblue-collarblue-collarblue-collarblue-collarblue-collarblue-collarblue-collarblue-collarblue-collarblue-collarblue-collarblue-collarblue-collarblue-collarblue-collarblue-collarblue-collarblue-collarblue-collarblue-collarblue-collarblue-collarblue-collarblue-collarblue-collarblue-collarblue-collarblue-collarblue-collarblue-collarblue-collarblue-collarblue-collarblue-collarblue-collarblue-collarblue-collarblue-collarblue-collarblue-collarblue-collarblue-collarblue-collarblue-collarblue-collarblue-collarblue-collarblue-collarblue-collarblue-collarblue-collarblue-collarblue-collarblue-collarblue-collarblue-collarblue-collarblue-collarblue-collarblue-collarblue-collarblue-collarblue-collarblue-collarblue-collarblue-collarblue-collarblue-collarblue-collarblue-collarblue-collarblue-collarblue-collarblue-collarblue-collarblue-collarblue-collarblue-collarblue-collarblue-collarblue-collarblue-collarblue-collarblue-collarblue-collarblue-collarblue-collarblue-collarblue-collarblue-collarblue-collarblue-collarblue-collarblue-collarblue-collarblue-collarblue-collarblue-collarblue-collarblue-collarblue-collarblue-collarblue-collarblue-collarblue-collarblue-collarblue-collarblue-collarblue-collarblue-collarblue-collarblue-collarblue-collarblue-collarblue-collarblue-collarblue-collarblue-collarblue-collarblue-collarblue-collarblue-collarblue-collarblue-collarblue-collarblue-collarblue-collarblue-collarblue-collarblue-collarblue-collarblue-collarblue-collarblue-collarblue-collarblue-collarblue-collarblue-collarblue-collarblue-collarblue-collarblue-collarblue-collarblue-collarblue-collarblue-collarblue-collarblue-collarblue-collarblue-collarblue-collarblue-collarblue-collarblue-collarblue-collarblue-collarblue-collarblue-collarblue-collarblue-collarblue-collarblue-collarblue-collarblue-collarblue-collarblue-collarblue-collarblue-collarblue-collarblue-collarblue-collarblue-collarblue-collarblue-collarblue-collarblue-collarblue-collarblue-collarblue-collarblue-collarblue-collarblue-collarblue-collarblue-collarblue-collarblue-collarblue-collarblue-collarblue-collarblue-collarblue-collarblue-collarblue-collarblue-collarblue-collarblue-collarblue-collarblue-collarblue-collarblue-collarblue-collarblue-collarblue-collarblue-collarblue-collarblue-collarblue-collarblue-collarblue-collarblue-collarblue-collarblue-collarblue-collarblue-collarblue-collarblue-collarblue-collarblue-collarblue-collarblue-collarblue-collarblue-collarblue-collarblue-collarblue-collarblue-collarblue-collarblue-collarblue-collarblue-collarblue-collarblue-collarblue-collarblue-collarblue-collarblue-collarblue-collarblue-collarblue-collarblue-collarblue-collarblue-collarblue-collarblue-collarblue-collarblue-collarblue-collarblue-collarblue-collarblue-collarblue-collarblue-collarblue-collarblue-collarblue-collarblue-collarblue-collarblue-collarblue-collarblue-collarblue-collarblue-collarblue-collarblue-collarblue-collarblue-collarblue-collarblue-collarblue-collarblue-collarblue-collarblue-collarblue-collarblue-collarblue-collarblue-collarblue-collarblue-collarblue-collarblue-collarblue-collarblue-collarblue-collarblue-collarblue-collarblue-collarblue-collarblue-collarblue-collarblue-collarblue-collarblue-collarblue-collarblue-collarblue-collarblue-collarblue-collarblue-collarblue-collarblue-collarblue-collarblue-collarblue-collarblue-collarblue-collarblue-collarblue-collarblue-collarblue-collarblue-collarblue-collarblue-collarblue-collarblue-collarblue-collarblue-collarblue-collarblue-collarblue-collarblue-collarblue-collarblue-collarblue-collarblue-collarblue-collarblue-collarblue-collarblue-collarblue-collarblue-collarblue-collarblue-collarblue-collarblue-collarblue-collarblue-collarblue-collarblue-collarblue-collarblue-collarblue-collarblue-collarblue-collarblue-collarblue-collarblue-collarblue-collarblue-collarblue-collarblue-collarblue-collarblue-collarblue-collarblue-collarblue-collarblue-collarblue-collarblue-collarblue-collarblue-collarblue-collarblue-collarblue-collarblue-collarblue-collarblue-collarblue-collarblue-collarblue-collarblue-collarblue-collarblue-collarblue-collarblue-collarblue-collarblue-collarblue-collarblue-collarblue-collarblue-collarblue-collarblue-collarblue-collarblue-collarblue-collarblue-collarblue-collarblue-collarblue-collarblue-collarblue-collarblue-collarblue-collarblue-collarblue-collarblue-collarblue-collarblue-collarblue-collarblue-collarblue-collarblue-collarblue-collarblue-collarblue-collarblue-collarblue-collarblue-collarblue-collarblue-collarblue-collarblue-collarblue-collarblue-collarblue-collarblue-collarblue-collarblue-collarblue-collarblue-collarblue-collarblue-collarblue-collarblue-collarblue-collarblue-collarblue-collarblue-collarblue-collarblue-collarblue-collarblue-collarblue-collarblue-collarblue-collarblue-collarblue-collarblue-collarblue-collarblue-collarblue-collarblue-collarblue-collarblue-collarblue-collarblue-collarblue-collarblue-collarblue-collarblue-collarblue-collarblue-collarblue-collarblue-collarblue-collarblue-collarblue-collarblue-collarblue-collarblue-collarblue-collarblue-collarblue-collarblue-collarblue-collarblue-collarblue-collarblue-collarblue-collarblue-collarblue-collarblue-collarblue-collarblue-collarblue-collarblue-collarblue-collarblue-collarblue-collarblue-collarblue-collarblue-collarblue-collarblue-collarblue-collarblue-collarblue-collarblue-collarblue-collarblue-collarblue-collarblue-collarblue-collarblue-collarblue-collarblue-collarblue-collarblue-collarblue-collarblue-collarblue-collarblue-collarblue-collarblue-collarblue-collarblue-collarblue-collarblue-collarblue-collarblue-collarblue-collarblue-collarblue-collarblue-collarblue-collarblue-collarblue-collarblue-collarblue-collarblue-collarblue-collarblue-collarblue-collarblue-collarblue-collarblue-collarblue-collarblue-collarblue-collarblue-collarblue-collarblue-collarblue-collarblue-collarblue-collarblue-collarblue-collarblue-collarblue-collarblue-collarblue-collarblue-collarblue-collarblue-collarblue-collarblue-collarblue-collarblue-collarblue-collarblue-collarblue-collarblue-collarblue-collarblue-collarblue-collarblue-collarblue-collarblue-collarblue-collarblue-collarblue-collarblue-collarblue-collarblue-collarblue-collarblue-collarblue-collarblue-collarblue-collarblue-collarblue-collarblue-collarblue-collarblue-collarblue-collarblue-collarblue-collarblue-collarblue-collarblue-collarblue-collarblue-collarblue-collarblue-collarblue-collarblue-collarblue-collarblue-collarblue-collarblue-collarblue-collarblue-collarblue-collarblue-collarblue-collarblue-collarblue-collarblue-collarblue-collarblue-collarblue-collarblue-collarblue-collarblue-collarblue-collarblue-collarblue-collarblue-collarblue-collarblue-collarblue-collarblue-collarblue-collarblue-collarblue-collarblue-collarblue-collarblue-collarblue-collarblue-collarblue-collarblue-collarblue-collarblue-collarblue-collarblue-collarblue-collarblue-collarblue-collarblue-collarblue-collarblue-collarblue-collarblue-collarblue-collarblue-collarblue-collarblue-collarblue-collarblue-collarblue-collarblue-collarblue-collarblue-collarblue-collarblue-collarblue-collarblue-collarblue-collarblue-collarblue-collarblue-collarblue-collarblue-collarblue-collarblue-collarblue-collarblue-collarblue-collarblue-collarblue-collarblue-collarblue-collarblue-collarblue-collarblue-collarblue-collarblue-collarblue-collarblue-collarblue-collarblue-collarblue-collarblue-collarblue-collarblue-collarblue-collarblue-collarblue-collarblue-collarblue-collarblue-collarblue-collarblue-collarblue-collarblue-collarblue-collarblue-collarblue-collarblue-collarblue-collarblue-collarblue-collarblue-collarblue-collarblue-collarblue-collarblue-collarblue-collarblue-collarblue-collarblue-collarblue-collarblue-collarblue-collarblue-collarblue-collarblue-collarblue-collarblue-collarblue-collarblue-collarblue-collarblue-collarblue-collarblue-collarblue-collarblue-collarblue-collarblue-collarblue-collarblue-collarblue-collarblue-collarblue-collarblue-collarblue-collarblue-collarblue-collarblue-collarblue-collarblue-collarblue-collarblue-collarblue-collarblue-collarblue-collarblue-collarblue-collarblue-collarblue-collarblue-collarblue-collarblue-collarblue-collarblue-collarblue-collarblue-collarblue-collarblue-collarblue-collarblue-collarblue-collarblue-collarblue-collarblue-collarblue-collarblue-collarblue-collarblue-collarblue-collarblue-collarblue-collarblue-collarblue-collarblue-collarblue-collarblue-collarblue-collarblue-collarblue-collarblue-collarblue-collarblue-collarblue-collarblue-collarblue-collarblue-collarblue-collarblue-collarblue-collarblue-collarblue-collarblue-collarblue-collarblue-collarblue-collarblue-collarblue-collarblue-collarblue-collarblue-collarblue-collarblue-collarblue-collarblue-collarblue-collarblue-collarblue-collarblue-collarblue-collarblue-collarblue-collarblue-collarblue-collarblue-collarblue-collarblue-collarblue-collarblue-collarblue-collarblue-collarblue-collarblue-collarblue-collarblue-collarblue-collarblue-collarblue-collarblue-collarblue-collarblue-collarblue-collarblue-collarblue-collarblue-collarblue-collarblue-collarblue-collarblue-collarblue-collarblue-collarblue-collarblue-collarblue-collarblue-collarblue-collarblue-collarblue-collarblue-collarblue-collarblue-collarblue-collarblue-collarblue-collarblue-collarblue-collarblue-collarblue-collarblue-collarblue-collarblue-collarblue-collarblue-collarblue-collarblue-collarblue-collarblue-collarblue-collarblue-collarblue-collarblue-collarblue-collarblue-collarblue-collarblue-collarblue-collarblue-collarblue-collarblue-collarblue-collarblue-collarblue-collarblue-collarblue-collarblue-collarblue-collarblue-collarblue-collarblue-collarblue-collarblue-collarblue-collarblue-collarblue-collarblue-collarblue-collarblue-collarblue-collarblue-collarblue-collarblue-collarblue-collarblue-collarblue-collarblue-collarblue-collarblue-collarblue-collarblue-collarblue-collarblue-collarblue-collarblue-collarblue-collarblue-collarblue-collarblue-collarblue-collarblue-collarblue-collarblue-collarblue-collarblue-collarblue-collarblue-collarblue-collarblue-collarblue-collarblue-collarblue-collarblue-collarblue-collarblue-collarblue-collarblue-collarblue-collarblue-collarblue-collarblue-collarblue-collarblue-collarblue-collarblue-collarblue-collarblue-collarblue-collarblue-collarblue-collarblue-collarblue-collarblue-collarblue-collarblue-collarblue-collarblue-collarblue-collarblue-collarblue-collarblue-collarblue-collarblue-collarblue-collarblue-collarblue-collarblue-collarblue-collarblue-collarblue-collarblue-collarblue-collarblue-collarblue-collarblue-collarblue-collarblue-collarblue-collarblue-collarblue-collarblue-collarblue-collarblue-collarblue-collarblue-collarblue-collarblue-collarblue-collarblue-collarblue-collarblue-collarblue-collarblue-collarblue-collarblue-collarblue-collarblue-collarblue-collarblue-collarblue-collarblue-collarblue-collarblue-collarblue-collarblue-collarblue-collarblue-collarblue-collarblue-collarblue-collarblue-collarblue-collarblue-collarblue-collarblue-collarblue-collarblue-collarblue-collarblue-collarblue-collarblue-collarblue-collarblue-collarblue-collarblue-collarblue-collarblue-collarblue-collarblue-collarblue-collarblue-collarblue-collarblue-collarblue-collarblue-collarblue-collarblue-collarblue-collarblue-collarblue-collarblue-collarblue-collarblue-collarblue-collarblue-collarblue-collarblue-collarblue-collarblue-collarblue-collarblue-collarblue-collarblue-collarblue-collarblue-collarblue-collarblue-collarblue-collarblue-collarblue-collarblue-collarblue-collarblue-collarblue-collarblue-collarblue-collarblue-collarblue-collarblue-collarblue-collarblue-collarblue-collarblue-collarblue-collarblue-collarblue-collarblue-collarblue-collarblue-collarblue-collarblue-collarblue-collarblue-collarblue-collarblue-collarblue-collarblue-collarblue-collarblue-collarblue-collarblue-collarblue-collarblue-collarblue-collarblue-collarblue-collarblue-collarblue-collarblue-collarblue-collarblue-collarblue-collarblue-collarblue-collarblue-collarblue-collarblue-collarblue-collarblue-collarblue-collarblue-collarblue-collarblue-collarblue-collarblue-collarblue-collarblue-collarblue-collarblue-collarblue-collarblue-collarblue-collarblue-collarblue-collarblue-collarblue-collarblue-collarblue-collarblue-collarblue-collarblue-collarblue-collarblue-collarblue-collarblue-collarblue-collarblue-collarblue-collarblue-collarblue-collarblue-collarblue-collarblue-collarblue-collarblue-collarblue-collarblue-collarblue-collarblue-collarblue-collarblue-collarblue-collarblue-collarblue-collarblue-collarblue-collarblue-collarblue-collarblue-collarblue-collarblue-collarblue-collarblue-collarblue-collarblue-collarblue-collarblue-collarblue-collarblue-collarblue-collarblue-collarblue-collarblue-collarblue-collarblue-collarblue-collarblue-collarblue-collarblue-collarblue-collarblue-collarblue-collarblue-collarblue-collarblue-collarblue-collarblue-collarblue-collarblue-collarblue-collarblue-collarblue-collarblue-collarblue-collarblue-collarblue-collarblue-collarblue-collarblue-collarblue-collarblue-collarblue-collarblue-collarblue-collarblue-collarblue-collarblue-collarblue-collarblue-collarblue-collarblue-collarblue-collarblue-collarblue-collarblue-collarblue-collarblue-collarblue-collarblue-collarblue-collarblue-collarblue-collarblue-collarblue-collarblue-collarblue-collarblue-collarblue-collarblue-collarblue-collarblue-collarblue-collarblue-collarblue-collarblue-collarblue-collarblue-collarblue-collarblue-collarblue-collarblue-collarblue-collarblue-collarblue-collarblue-collarblue-collarblue-collarblue-collarblue-collarblue-collarblue-collarblue-collarblue-collarblue-collarblue-collarblue-collarblue-collarblue-collarblue-collarblue-collarblue-collarblue-collarblue-collarblue-collarblue-collarblue-collarblue-collarblue-collarblue-collarblue-collarblue-collarblue-collarblue-collarblue-collarblue-collarblue-collarblue-collarblue-collarblue-collarblue-collarblue-collarblue-collarblue-collarblue-collarblue-collarblue-collarblue-collarblue-collarblue-collarblue-collarblue-collarblue-collarblue-collarblue-collarblue-collarblue-collarblue-collarblue-collarblue-collarblue-collarblue-collarblue-collarblue-collarblue-collarblue-collarblue-collarblue-collarblue-collarblue-collarblue-collarblue-collarblue-collarblue-collarblue-collarblue-collarblue-collarblue-collarblue-collarblue-collarblue-collarblue-collarblue-collarblue-collarblue-collarblue-collarblue-collarblue-collarblue-collarblue-collarblue-collarblue-collarblue-collarblue-collarblue-collarblue-collarblue-collarblue-collarblue-collarblue-collarblue-collarblue-collarblue-collarblue-collarblue-collarblue-collarblue-collarblue-collarblue-collarblue-collarblue-collarblue-collarblue-collarblue-collarblue-collarblue-collarblue-collarblue-collarblue-collarblue-collarblue-collarblue-collarblue-collarblue-collarblue-collarblue-collarblue-collarblue-collarblue-collarblue-collarblue-collarblue-collarblue-collarblue-collarblue-collarblue-collarblue-collarblue-collarblue-collarblue-collarblue-collarblue-collarblue-collarblue-collarblue-collarblue-collarblue-collarblue-collarblue-collarblue-collarblue-collarblue-collarblue-collarblue-collarblue-collarblue-collarblue-collarblue-collarblue-collarblue-collarblue-collarblue-collarblue-collarblue-collarblue-collarblue-collarblue-collarblue-collarblue-collarblue-collarblue-collarblue-collarblue-collarblue-collarblue-collarblue-collarblue-collarblue-collarblue-collarblue-collarblue-collarblue-collarblue-collarblue-collarblue-collarblue-collarblue-collarblue-collarblue-collarblue-collarblue-collarblue-collarblue-collarblue-collarblue-collarblue-collarblue-collarblue-collarblue-collarblue-collarblue-collarblue-collarblue-collarblue-collarblue-collarblue-collarblue-collarblue-collarblue-collarblue-collarblue-collarblue-collarblue-collarblue-collarblue-collarblue-collarblue-collarblue-collarblue-collarblue-collarblue-collarblue-collarblue-collarblue-collarblue-collarblue-collarblue-collarblue-collarblue-collarblue-collarblue-collarblue-collarblue-collarblue-collarblue-collarblue-collarblue-collarblue-collarblue-collarblue-collarblue-collarblue-collarblue-collarblue-collarblue-collarblue-collarblue-collarblue-collarblue-collarblue-collarblue-collarblue-collarblue-collarblue-collarblue-collarblue-collarblue-collarblue-collarblue-collarblue-collarblue-collarblue-collarblue-collarblue-collarblue-collarblue-collarblue-collarblue-collarblue-collarblue-collarblue-collarblue-collarblue-collarblue-collarblue-collarblue-collarblue-collarblue-collarblue-collarblue-collarblue-collarblue-collarblue-collarblue-collarblue-collarblue-collarblue-collarblue-collarblue-collarblue-collarblue-collarblue-collarblue-collarblue-collarblue-collarblue-collarblue-collarblue-collarblue-collarblue-collarblue-collarblue-collarblue-collarblue-collarblue-collarblue-collarblue-collarblue-collarblue-collarblue-collarblue-collarblue-collarblue-collarblue-collarblue-collarblue-collarblue-collarblue-collarblue-collarblue-collarblue-collarblue-collarblue-collarblue-collarblue-collarblue-collarblue-collarblue-collarblue-collarblue-collarblue-collarblue-collarblue-collarblue-collarblue-collarblue-collarblue-collarblue-collarblue-collarblue-collarblue-collarblue-collarblue-collarblue-collarblue-collarblue-collarblue-collarblue-collarblue-collarblue-collarblue-collarblue-collarblue-collarblue-collarblue-collarblue-collarblue-collarblue-collarblue-collarblue-collarblue-collarblue-collarblue-collarblue-collarblue-collarblue-collarblue-collarblue-collarblue-collarblue-collarblue-collarblue-collarblue-collarblue-collarblue-collarblue-collarblue-collarblue-collarblue-collarblue-collarblue-collarblue-collarblue-collarblue-collarblue-collarblue-collarblue-collarblue-collarblue-collarblue-collarblue-collarblue-collarblue-collarblue-collarblue-collarblue-collarblue-collarblue-collarblue-collarblue-collarblue-collarblue-collarblue-collarblue-collarblue-collarblue-collarblue-collarblue-collarblue-collarblue-collarblue-collarblue-collarblue-collarblue-collarblue-collarblue-collarblue-collarblue-collarblue-collarblue-collarblue-collarblue-collarblue-collarblue-collarblue-collarblue-collarblue-collarblue-collarblue-collarblue-collarblue-collarblue-collarblue-collarblue-collarblue-collarblue-collarblue-collarblue-collarblue-collarblue-collarblue-collarblue-collarblue-collarblue-collarblue-collarblue-collarblue-collarblue-collarblue-collarblue-collarblue-collarblue-collarblue-collarblue-collarblue-collarblue-collarblue-collarblue-collarblue-collarblue-collarblue-collarblue-collarblue-collarblue-collarblue-collarblue-collarblue-collarblue-collarblue-collarblue-collarblue-collarblue-collarblue-collarblue-collarblue-collarblue-collarblue-collarblue-collarblue-collarblue-collarblue-collarblue-collarblue-collarblue-collarblue-collarblue-collarblue-collarblue-collarblue-collarblue-collarblue-collarblue-collarblue-collarblue-collarblue-collarblue-collarblue-collarblue-collarblue-collarblue-collarblue-collarblue-collarblue-collarblue-collarblue-collarblue-collarblue-collarblue-collarblue-collarblue-collarblue-collarblue-collarblue-collarblue-collarblue-collarblue-collarblue-collarblue-collarblue-collarblue-collarblue-collarblue-collarblue-collarblue-collarblue-collarblue-collarblue-collarblue-collarblue-collarblue-collarblue-collarblue-collarblue-collarblue-collarblue-collarblue-collarblue-collarblue-collarblue-collarblue-collarblue-collarblue-collarblue-collarblue-collarblue-collarblue-collarblue-collarblue-collarblue-collarblue-collarblue-collarblue-collarblue-collarblue-collarblue-collarblue-collarblue-collarblue-collarblue-collarblue-collarblue-collarblue-collarblue-collarblue-collarblue-collarblue-collarblue-collarblue-collarblue-collarblue-collarblue-collarblue-collarblue-collarblue-collarblue-collarblue-collarblue-collarblue-collarblue-collarblue-collarblue-collarblue-collarblue-collarblue-collarblue-collarblue-collarblue-collarblue-collarblue-collarblue-collarblue-collarblue-collarblue-collarblue-collarblue-collarblue-collarblue-collarblue-collarblue-collarblue-collarblue-collarblue-collarblue-collarblue-collarblue-collarblue-collarblue-collarblue-collarblue-collarblue-collarblue-collarblue-collarblue-collarblue-collarblue-collarblue-collarblue-collarblue-collarblue-collarblue-collarblue-collarblue-collarblue-collarblue-collarblue-collarblue-collarblue-collarblue-collarblue-collarblue-collarblue-collarblue-collarblue-collarblue-collarblue-collarblue-collarblue-collarblue-collarblue-collarblue-collarblue-collarblue-collarblue-collarblue-collarblue-collarblue-collarblue-collarblue-collarblue-collarblue-collarblue-collarblue-collarblue-collarblue-collarblue-collarblue-collarblue-collarblue-collarblue-collarblue-collarblue-collarblue-collarblue-collarblue-collarblue-collarblue-collarblue-collarblue-collarblue-collarblue-collarblue-collarblue-collarblue-collarblue-collarblue-collarblue-collarblue-collarblue-collarblue-collarblue-collarblue-collarblue-collarblue-collarblue-collarblue-collarblue-collarblue-collarblue-collarblue-collarblue-collarblue-collarblue-collarblue-collarblue-collarblue-collarblue-collarblue-collarblue-collarblue-collarblue-collarblue-collarblue-collarblue-collarblue-collarblue-collarblue-collarblue-collarblue-collarblue-collarblue-collarblue-collarblue-collarblue-collarblue-collarblue-collarblue-collarblue-collarblue-collarblue-collarblue-collarblue-collarblue-collarblue-collarblue-collarblue-collarblue-collarblue-collarblue-collarblue-collarblue-collarblue-collarblue-collarblue-collarblue-collarblue-collarblue-collarblue-collarblue-collarblue-collarblue-collarblue-collarblue-collarblue-collarblue-collarblue-collarblue-collarblue-collarblue-collarblue-collarblue-collarblue-collarblue-collarblue-collarblue-collarblue-collarblue-collarblue-collarblue-collarblue-collarblue-collarblue-collarblue-collarblue-collarblue-collarblue-collarblue-collarblue-collarblue-collarblue-collarblue-collarblue-collarblue-collarblue-collarblue-collarblue-collarblue-collarblue-collarblue-collarblue-collarblue-collarblue-collarblue-collarblue-collarblue-collarblue-collarblue-collarblue-collarblue-collarblue-collarblue-collarblue-collarblue-collarblue-collarblue-collarblue-collarblue-collarblue-collarblue-collarblue-collarblue-collarblue-collarblue-collarblue-collarblue-collarblue-collarblue-collarblue-collarblue-collarblue-collarblue-collarblue-collarblue-collarblue-collarblue-collarblue-collarblue-collarblue-collarblue-collarblue-collarblue-collarblue-collarblue-collarblue-collarblue-collarblue-collarblue-collarblue-collarblue-collarblue-collarblue-collarblue-collarblue-collarblue-collarblue-collarblue-collarblue-collarblue-collarblue-collarblue-collarblue-collarblue-collarblue-collarblue-collarblue-collarblue-collarblue-collarblue-collarblue-collarblue-collarblue-collarblue-collarblue-collarblue-collarblue-collarblue-collarblue-collarblue-collarblue-collarblue-collarblue-collarblue-collarblue-collarblue-collarblue-collarblue-collarblue-collarblue-collarblue-collarblue-collarblue-collarblue-collarblue-collarblue-collarblue-collarblue-collarblue-collarblue-collarblue-collarblue-collarblue-collarblue-collarblue-collarblue-collarblue-collarblue-collarblue-collarblue-collarblue-collarblue-collarblue-collarblue-collarblue-collarblue-collarblue-collarblue-collarblue-collarblue-collarblue-collarblue-collarblue-collarblue-collarblue-collarblue-collarblue-collarblue-collarblue-collarblue-collarblue-collarblue-collarblue-collarblue-collarblue-collarblue-collarblue-collarblue-collarblue-collarblue-collarblue-collarblue-collarblue-collarblue-collarblue-collarblue-collarblue-collarblue-collarblue-collarblue-collarblue-collarblue-collarblue-collarblue-collarblue-collarblue-collarblue-collarblue-collarblue-collarblue-collarblue-collarblue-collarblue-collarblue-collarblue-collarblue-collarblue-collarblue-collarblue-collarblue-collarblue-collarblue-collarblue-collarblue-collarblue-collarblue-collarblue-collarblue-collarblue-collarblue-collarblue-collarblue-collarblue-collarblue-collarblue-collarblue-collarblue-collarblue-collarblue-collarblue-collarblue-collarblue-collarblue-collarblue-collarblue-collarblue-collarblue-collarblue-collarblue-collarblue-collarblue-collarblue-collarblue-collarblue-collarblue-collarblue-collarblue-collarblue-collarblue-collarblue-collarblue-collarblue-collarblue-collarblue-collarblue-collarblue-collarblue-collarblue-collarblue-collarblue-collarblue-collarblue-collarblue-collarblue-collarblue-collarblue-collarblue-collarblue-collarblue-collarblue-collarblue-collarblue-collarblue-collarblue-collarblue-collarblue-collarblue-collarblue-collarblue-collarblue-collarblue-collarblue-collarblue-collarblue-collarblue-collarblue-collarblue-collarblue-collarblue-collarblue-collarblue-collarblue-collarblue-collarblue-collarblue-collarblue-collarblue-collarblue-collarblue-collarblue-collarblue-collarblue-collarblue-collarblue-collarblue-collarblue-collarblue-collarblue-collarblue-collarblue-collarblue-collarblue-collarblue-collarblue-collarblue-collarblue-collarblue-collarblue-collarblue-collarblue-collarblue-collarblue-collarblue-collarblue-collarblue-collarblue-collarblue-collarblue-collarblue-collarblue-collarblue-collarblue-collarblue-collarblue-collarblue-collarblue-collarblue-collarblue-collarblue-collarblue-collarblue-collarblue-collarblue-collarblue-collarblue-collarblue-collarblue-collarblue-collarblue-collarblue-collarblue-collarblue-collarblue-collarblue-collarblue-collarblue-collarblue-collarblue-collarblue-collarblue-collarblue-collarblue-collarblue-collarblue-collarblue-collarblue-collarblue-collarblue-collarblue-collarblue-collarblue-collarblue-collarblue-collarblue-collarblue-collarblue-collarblue-collarblue-collarblue-collarblue-collarblue-collarblue-collarblue-collarblue-collarblue-collarblue-collarblue-collarblue-collarblue-collarblue-collarblue-collarblue-collarblue-collarblue-collarblue-collarblue-collarblue-collarblue-collarblue-collarblue-collarblue-collarblue-collarblue-collarblue-collarblue-collarblue-collarblue-collarblue-collarblue-collarblue-collarblue-collarblue-collarblue-collarblue-collarblue-collarblue-collarblue-collarblue-collarblue-collarblue-collarblue-collarblue-collarblue-collarblue-collarblue-collarblue-collarblue-collarblue-collarblue-collarblue-collarblue-collarblue-collarblue-collarblue-collarblue-collarblue-collarblue-collarblue-collarblue-collarblue-collarblue-collarblue-collarblue-collarblue-collarblue-collarblue-collarblue-collarblue-collarblue-collarblue-collarblue-collarblue-collarblue-collarblue-collarblue-collarblue-collarblue-collarblue-collarblue-collarblue-collarblue-collarblue-collarblue-collarblue-collarblue-collarblue-collarblue-collarblue-collarblue-collarblue-collarblue-collarblue-collarblue-collarblue-collarblue-collarblue-collarblue-collarblue-collarblue-collarblue-collarblue-collarblue-collarblue-collarblue-collarblue-collarblue-collarblue-collarblue-collarblue-collarblue-collarblue-collarblue-collarblue-collarblue-collarblue-collarblue-collarblue-collarblue-collarblue-collarblue-collarblue-collarblue-collarblue-collarblue-collarblue-collarblue-collarblue-collarblue-collarblue-collarblue-collarblue-collarblue-collarblue-collarblue-collarblue-collarblue-collarblue-collarblue-collarblue-collarblue-collarblue-collarblue-collarblue-collarblue-collarblue-collarblue-collarblue-collarblue-collarblue-collarblue-collarblue-collarblue-collarblue-collarblue-collarblue-collarblue-collarblue-collarblue-collarblue-collarblue-collarblue-collarblue-collarblue-collarblue-collarblue-collarblue-collarblue-collarblue-collarblue-collarblue-collarblue-collarblue-collarblue-collarblue-collarblue-collarblue-collarblue-collarblue-collarblue-collarblue-collarblue-collarblue-collarblue-collarblue-collarblue-collarblue-collarblue-collarblue-collarblue-collarblue-collarblue-collarblue-collarblue-collarblue-collarblue-collarblue-collarblue-collarblue-collarblue-collarblue-collarblue-collarblue-collarblue-collarblue-collarblue-collarblue-collarblue-collarblue-collarblue-collarblue-collarblue-collarblue-collarblue-collarblue-collarblue-collarblue-collarblue-collarblue-collarblue-collarblue-collarblue-collarblue-collarblue-collarblue-collarblue-collarblue-collarblue-collarblue-collarblue-collarblue-collarblue-collarblue-collarblue-collarblue-collarblue-collarblue-collarblue-collarblue-collarblue-collarblue-collarblue-collarblue-collarblue-collarblue-collarblue-collarblue-collarblue-collarblue-collarblue-collarblue-collarblue-collarblue-collarblue-collarblue-collarblue-collarblue-collarblue-collarblue-collarblue-collarblue-collarblue-collarblue-collarblue-collarblue-collarblue-collarblue-collarblue-collarblue-collarblue-collarblue-collarblue-collarblue-collarblue-collarblue-collarblue-collarblue-collarblue-collarblue-collarblue-collarblue-collarblue-collarblue-collarblue-collarblue-collarblue-collarblue-collarblue-collarblue-collarblue-collarblue-collarblue-collarblue-collarblue-collarblue-collarblue-collarblue-collarblue-collarblue-collarblue-collarblue-collarblue-collarblue-collarblue-collarblue-collarblue-collarblue-collarblue-collarblue-collarblue-collarblue-collarblue-collarblue-collarblue-collarblue-collarblue-collarblue-collarblue-collarblue-collarblue-collarblue-collarblue-collarblue-collarblue-collarblue-collarblue-collarblue-collarblue-collarblue-collarblue-collarblue-collarblue-collarblue-collarblue-collarblue-collarblue-collarblue-collarblue-collarblue-collarblue-collarblue-collarblue-collarblue-collarblue-collarblue-collarblue-collarblue-collarblue-collarblue-collarblue-collarblue-collarblue-collarblue-collarblue-collarblue-collarblue-collarblue-collarblue-collarblue-collarblue-collarblue-collarblue-collarblue-collarblue-collarblue-collarblue-collarblue-collarblue-collarblue-collarblue-collarblue-collarblue-collarblue-collarblue-collarblue-collarblue-collarblue-collarblue-collarblue-collarblue-collarblue-collarblue-collarblue-collarblue-collarblue-collarblue-collarblue-collarblue-collarblue-collarblue-collarblue-collarblue-collarblue-collarblue-collarblue-collarblue-collarblue-collarblue-collarblue-collarblue-collarblue-collarblue-collarblue-collarblue-collarblue-collarblue-collarblue-collarblue-collarblue-collarblue-collarblue-collarblue-collarblue-collarblue-collarblue-collarblue-collarblue-collarblue-collarblue-collarblue-collarblue-collarblue-collarblue-collarblue-collarblue-collarblue-collarblue-collarblue-collarblue-collarblue-collarblue-collarblue-collarblue-collarblue-collarblue-collarblue-collarblue-collarblue-collarblue-collarblue-collarblue-collarblue-collarblue-collarblue-collarblue-collarblue-collarblue-collarblue-collarblue-collarblue-collarblue-collarblue-collarblue-collarblue-collarblue-collarblue-collarblue-collarblue-collarblue-collarblue-collarblue-collarblue-collarblue-collarblue-collarblue-collarblue-collarblue-collarblue-collarblue-collarblue-collarblue-collarblue-collarblue-collarblue-collarblue-collarblue-collarblue-collarblue-collarblue-collarblue-collarblue-collarblue-collarblue-collarblue-collarblue-collarblue-collarblue-collarblue-collarblue-collarblue-collarblue-collarblue-collarblue-collarblue-collarblue-collarblue-collarblue-collarblue-collarblue-collarblue-collarblue-collarblue-collarblue-collarblue-collarblue-collarblue-collarblue-collarblue-collarblue-collarblue-collarblue-collarblue-collarblue-collarblue-collarblue-collarblue-collarblue-collarblue-collarblue-collarblue-collarblue-collarblue-collarblue-collarblue-collarblue-collarblue-collarblue-collarblue-collarblue-collarblue-collarblue-collarblue-collarblue-collarblue-collarblue-collarblue-collarblue-collarblue-collarblue-collarblue-collarblue-collarblue-collarblue-collarblue-collarblue-collarblue-collarblue-collarblue-collarblue-collarblue-collarblue-collarblue-collarblue-collarblue-collarblue-collarblue-collarblue-collarblue-collarblue-collarblue-collarblue-collarblue-collarblue-collarblue-collarblue-collarblue-collarblue-collarblue-collarblue-collarblue-collarblue-collarblue-collarblue-collarblue-collarblue-collarblue-collarblue-collarblue-collarblue-collarblue-collarblue-collarblue-collarblue-collarblue-collarblue-collarblue-collarblue-collarblue-collarblue-collarblue-collarblue-collarblue-collarblue-collarblue-collarblue-collarblue-collarblue-collarblue-collarblue-collarblue-collarblue-collarblue-collarblue-collarblue-collarblue-collarblue-collarblue-collarblue-collarblue-collarblue-collarblue-collarblue-collarblue-collarblue-collarblue-collarblue-collarblue-collarblue-collarblue-collarblue-collarblue-collarblue-collarblue-collarblue-collarblue-collarblue-collarblue-collarblue-collarblue-collarblue-collarblue-collarblue-collarblue-collarblue-collarblue-collarblue-collarblue-collarblue-collarblue-collarblue-collarblue-collarblue-collarblue-collarblue-collarblue-collarblue-collarblue-collarblue-collarblue-collarblue-collarblue-collarblue-collarblue-collarblue-collarblue-collarblue-collarblue-collarblue-collarblue-collarblue-collarblue-collarblue-collarblue-collarblue-collarblue-collarblue-collarblue-collarblue-collarblue-collarblue-collarblue-collarblue-collarblue-collarblue-collarblue-collarblue-collarblue-collarblue-collarblue-collarblue-collarblue-collarblue-collarblue-collarblue-collarblue-collarblue-collarblue-collarblue-collarblue-collarblue-collarblue-collarblue-collarblue-collarblue-collarblue-collarblue-collarblue-collarblue-collarblue-collarblue-collarblue-collarblue-collarblue-collarblue-collarblue-collarblue-collarblue-collarblue-collarblue-collarblue-collarblue-collarblue-collarblue-collarblue-collarblue-collarblue-collarblue-collarblue-collarblue-collarblue-collarblue-collarblue-collarblue-collarblue-collarblue-collarblue-collarblue-collarblue-collarblue-collarblue-collarblue-collarblue-collarblue-collarblue-collarblue-collarblue-collarblue-collarblue-collarblue-collarblue-collarblue-collarblue-collarblue-collarblue-collarblue-collarblue-collarblue-collarblue-collarblue-collarblue-collarblue-collarblue-collarblue-collarblue-collarblue-collarblue-collarblue-collarblue-collarblue-collarblue-collarblue-collarblue-collarblue-collarblue-collarblue-collarblue-collarblue-collarblue-collarblue-collarblue-collarblue-collarblue-collarblue-collarblue-collarblue-collarblue-collarblue-collarblue-collarblue-collarblue-collarblue-collarblue-collarblue-collarblue-collarblue-collarblue-collarblue-collarblue-collarblue-collarblue-collarblue-collarblue-collarblue-collarblue-collarblue-collarblue-collarblue-collarblue-collarblue-collarblue-collarblue-collarblue-collarblue-collarblue-collarblue-collarblue-collarblue-collarblue-collarblue-collarblue-collarblue-collarblue-collarblue-collarblue-collarblue-collarblue-collarblue-collarblue-collarblue-collarblue-collarblue-collarblue-collarblue-collarblue-collarblue-collarblue-collarblue-collarblue-collarblue-collarblue-collarblue-collarblue-collarblue-collarblue-collarblue-collarblue-collarblue-collarblue-collarblue-collarblue-collarblue-collarblue-collarblue-collarblue-collarblue-collarblue-collarblue-collarblue-collarblue-collarblue-collarblue-collarblue-collarblue-collarblue-collarblue-collarblue-collarblue-collarblue-collarblue-collarblue-collarblue-collarblue-collarblue-collarblue-collarblue-collarblue-collarblue-collarblue-collarblue-collarblue-collarblue-collarblue-collarblue-collarblue-collarblue-collarblue-collarblue-collarblue-collarblue-collarblue-collarblue-collarblue-collarblue-collarblue-collarblue-collarblue-collarblue-collarblue-collarblue-collarblue-collarblue-collarblue-collarblue-collarblue-collarblue-collarblue-collarblue-collarblue-collarblue-collarblue-collarblue-collarblue-collarblue-collarblue-collarblue-collarblue-collarblue-collarblue-collarblue-collarblue-collarblue-collarblue-collarblue-collarblue-collarblue-collarblue-collarblue-collarblue-collarblue-collarblue-collarblue-collarblue-collarblue-collarblue-collarblue-collarblue-collarblue-collarblue-collarblue-collarblue-collarblue-collarblue-collarblue-collarblue-collarblue-collarblue-collarblue-collarblue-collarblue-collarblue-collarblue-collarblue-collarblue-collarblue-collarblue-collarblue-collarblue-collarblue-collarblue-collarblue-collarblue-collarblue-collarblue-collarblue-collarblue-collarblue-collarblue-collarblue-collarblue-collarblue-collarblue-collarblue-collarblue-collarblue-collarblue-collarblue-collarblue-collarblue-collarblue-collarblue-collarblue-collarblue-collarblue-collarblue-collarblue-collarblue-collarblue-collarblue-collarblue-collarblue-collarblue-collarblue-collarblue-collarblue-collarblue-collarblue-collarblue-collarblue-collarblue-collarblue-collarblue-collarblue-collarblue-collarblue-collarblue-collarblue-collarblue-collarblue-collarblue-collarblue-collarblue-collarblue-collarblue-collarblue-collarblue-collarblue-collarblue-collarblue-collarblue-collarblue-collarblue-collarblue-collarblue-collarblue-collarblue-collarblue-collarblue-collarblue-collarblue-collarblue-collarblue-collarblue-collarblue-collarblue-collarblue-collarblue-collarblue-collarblue-collarblue-collarblue-collarblue-collarblue-collarblue-collarblue-collarblue-collarblue-collarblue-collarblue-collarblue-collarblue-collarblue-collarblue-collarblue-collarblue-collarblue-collarblue-collarblue-collarblue-collarblue-collarblue-collarblue-collarblue-collarblue-collarblue-collarblue-collarblue-collarblue-collarblue-collarblue-collarblue-collarblue-collarblue-collarblue-collarblue-collarblue-collarblue-collarblue-collarblue-collarblue-collarblue-collarblue-collarblue-collarblue-collarblue-collarblue-collarblue-collarblue-collarblue-collarblue-collarblue-collarblue-collarblue-collarblue-collarblue-collarblue-collarblue-collarblue-collarblue-collarblue-collarblue-collarblue-collarblue-collarblue-collarblue-collarblue-collarblue-collarblue-collarblue-collarblue-collarblue-collarblue-collarblue-collarblue-collarblue-collarblue-collarblue-collarblue-collarblue-collarblue-collarblue-collarblue-collarblue-collarblue-collarblue-collarblue-collarblue-collarblue-collarblue-collarblue-collarblue-collarblue-collarblue-collarblue-collarblue-collarblue-collarblue-collarblue-collarblue-collarblue-collarblue-collarblue-collarblue-collarblue-collarblue-collarblue-collarblue-collarblue-collarblue-collarblue-collarblue-collarblue-collarblue-collarblue-collarblue-collarblue-collarblue-collarblue-collarblue-collarblue-collarblue-collarblue-collarblue-collarblue-collarblue-collarblue-collarblue-collarblue-collarblue-collarblue-collarblue-collarblue-collarblue-collarblue-collarblue-collarblue-collarblue-collarblue-collarblue-collarblue-collarblue-collarblue-collarblue-collarblue-collarblue-collarblue-collarblue-collarblue-collarblue-collarblue-collarblue-collarblue-collarblue-collarblue-collarblue-collarblue-collarblue-collarblue-collarblue-collarblue-collarblue-collarblue-collarblue-collarblue-collarblue-collarblue-collarblue-collarblue-collarblue-collarblue-collarblue-collarblue-collarblue-collarblue-collarblue-collarblue-collarblue-collarblue-collarblue-collarblue-collarblue-collarblue-collarblue-collarblue-collarblue-collarblue-collarblue-collarblue-collarblue-collarblue-collarblue-collarblue-collarblue-collarblue-collarblue-collarblue-collarblue-collarblue-collarblue-collarblue-collarblue-collarblue-collarblue-collarblue-collarblue-collarblue-collarblue-collarblue-collarblue-collarblue-collarblue-collarblue-collarblue-collarblue-collarblue-collarblue-collarblue-collarblue-collarblue-collarblue-collarblue-collarblue-collarblue-collarblue-collarblue-collarblue-collarblue-collarblue-collarblue-collarblue-collarblue-collarblue-collarblue-collarblue-collarblue-collarblue-collarblue-collarblue-collarblue-collarblue-collarblue-collarblue-collarblue-collarblue-collarblue-collarblue-collarblue-collarblue-collarblue-collarblue-collarblue-collarblue-collarblue-collarblue-collarblue-collarblue-collarblue-collarblue-collarblue-collarblue-collarblue-collarblue-collarblue-collarblue-collarblue-collarblue-collarblue-collarblue-collarblue-collarblue-collarblue-collarblue-collarblue-collarblue-collarblue-collarblue-collarblue-collarblue-collarblue-collarblue-collarblue-collarblue-collarblue-collarblue-collarblue-collarblue-collarblue-collarblue-collarblue-collarblue-collarblue-collarblue-collarblue-collarblue-collarblue-collarblue-collarblue-collarblue-collarblue-collarblue-collarblue-collarblue-collarblue-collarblue-collarblue-collarblue-collarblue-collarblue-collarblue-collarblue-collarblue-collarblue-collarblue-collarblue-collarblue-collarblue-collarblue-collarblue-collarblue-collarblue-collarblue-collarblue-collarblue-collarblue-collarblue-collarblue-collarblue-collarblue-collarblue-collarblue-collarblue-collarblue-collarblue-collarblue-collarblue-collarblue-collarblue-collarblue-collarblue-collarblue-collarblue-collarblue-collarblue-collarblue-collarblue-collarblue-collarblue-collarblue-collarblue-collarblue-collarblue-collarblue-collarblue-collarblue-collarblue-collarblue-collarblue-collarblue-collarblue-collarblue-collarblue-collarblue-collarblue-collarblue-collarblue-collarblue-collarblue-collarblue-collarblue-collarblue-collarblue-collarblue-collarblue-collarblue-collarblue-collarblue-collarblue-collarblue-collarblue-collarblue-collarblue-collarblue-collarblue-collarblue-collarblue-collarblue-collarblue-collarblue-collarblue-collarblue-collarblue-collarblue-collarblue-collarblue-collarblue-collarblue-collarblue-collarblue-collarblue-collarblue-collarblue-collarblue-collarblue-collarblue-collarblue-collarblue-collarblue-collarblue-collarblue-collarblue-collarblue-collarblue-collarblue-collarblue-collarblue-collarblue-collarblue-collarblue-collarblue-collarblue-collarblue-collarblue-collarblue-collarblue-collarblue-collarblue-collarblue-collarblue-collarblue-collarblue-collarblue-collarblue-collarblue-collarblue-collarblue-collarblue-collarblue-collarblue-collarblue-collarblue-collarblue-collarblue-collarblue-collarblue-collarblue-collarblue-collarblue-collarblue-collarblue-collarblue-collarblue-collarblue-collarblue-collarblue-collarblue-collarblue-collarblue-collarblue-collarblue-collarblue-collarblue-collarblue-collarblue-collarblue-collarblue-collarblue-collarblue-collarblue-collarblue-collarblue-collarblue-collarblue-collarblue-collarblue-collarblue-collarblue-collarblue-collarblue-collarblue-collarblue-collarblue-collarblue-collarblue-collarblue-collarblue-collarblue-collarblue-collarblue-collarblue-collarblue-collarblue-collarblue-collarblue-collarblue-collarblue-collarblue-collarblue-collarblue-collarblue-collarblue-collarblue-collarblue-collarblue-collarblue-collarblue-collarblue-collarblue-collarblue-collarblue-collarblue-collarblue-collarblue-collarblue-collarblue-collarblue-collarblue-collarblue-collarblue-collarblue-collarblue-collarblue-collarblue-collarblue-collarblue-collarblue-collarblue-collarblue-collarblue-collarblue-collarblue-collarblue-collarblue-collarblue-collarblue-collarblue-collarblue-collarblue-collarblue-collarblue-collarblue-collarblue-collarblue-collarblue-collarblue-collarblue-collarblue-collarblue-collarblue-collarblue-collarblue-collarblue-collarblue-collarblue-collarblue-collarblue-collarblue-collarblue-collarblue-collarblue-collarblue-collarblue-collarblue-collarblue-collarblue-collarblue-collarblue-collarblue-collarblue-collarblue-collarblue-collarblue-collarblue-collarblue-collarblue-collarblue-collarblue-collarblue-collarblue-collarblue-collarblue-collarblue-collarblue-collarblue-collarblue-collarblue-collarblue-collarblue-collarblue-collarblue-collarblue-collarblue-collarblue-collarblue-collarblue-collarblue-collarblue-collarblue-collarblue-collarblue-collarblue-collarblue-collarblue-collarblue-collarblue-collarblue-collarblue-collarblue-collarblue-collarblue-collarblue-collarblue-collarblue-collarblue-collarblue-collarblue-collarblue-collarblue-collarblue-collarblue-collarblue-collarblue-collarblue-collarblue-collarblue-collarblue-collarblue-collarblue-collarblue-collarblue-collarblue-collarblue-collarblue-collarblue-collarblue-collarblue-collarblue-collarblue-collarblue-collarblue-collarblue-collarblue-collarblue-collarblue-collarblue-collarblue-collarblue-collarblue-collarblue-collarblue-collarblue-collarblue-collarblue-collarblue-collarblue-collarblue-collarblue-collarblue-collarblue-collarblue-collarblue-collarblue-collarblue-collarblue-collarblue-collarblue-collarblue-collarblue-collarblue-collarblue-collarblue-collarblue-collarblue-collarblue-collarblue-collarblue-collarblue-collarblue-collarblue-collarblue-collarblue-collarblue-collarblue-collarblue-collarblue-collarblue-collarblue-collarblue-collarblue-collarblue-collarblue-collarblue-collarblue-collarblue-collarblue-collarblue-collarblue-collarblue-collarblue-collarblue-collarblue-collarblue-collarblue-collarblue-collarblue-collarblue-collarblue-collarblue-collarblue-collarblue-collarblue-collarblue-collarblue-collarblue-collarblue-collarblue-collarblue-collarblue-collarblue-collarblue-collarblue-collarblue-collarblue-collarblue-collarblue-collarblue-collarblue-collarblue-collarblue-collarblue-collarblue-collarblue-collarblue-collarblue-collarblue-collarblue-collarblue-collarblue-collarblue-collarblue-collarblue-collarblue-collarblue-collarblue-collarblue-collarblue-collarblue-collarblue-collarblue-collarblue-collarblue-collarblue-collarblue-collarblue-collarblue-collarblue-collarblue-collarblue-collarblue-collarblue-collarblue-collarblue-collarblue-collarblue-collarblue-collarblue-collarblue-collarblue-collarblue-collarblue-collarblue-collarblue-collarblue-collarblue-collarblue-collarblue-collarblue-collarblue-collarblue-collarblue-collarblue-collarblue-collarblue-collarblue-collarblue-collarblue-collarblue-collarblue-collarblue-collarblue-collarblue-collarblue-collarblue-collarblue-collarblue-collarblue-collarblue-collarblue-collarblue-collarblue-collarblue-collarblue-collarblue-collarblue-collarblue-collarblue-collarblue-collarblue-collarblue-collarblue-collarblue-collarblue-collarblue-collarblue-collarblue-collarblue-collarblue-collarblue-collarblue-collarblue-collarblue-collarblue-collarblue-collarblue-collarblue-collarblue-collarblue-collarblue-collarblue-collarblue-collarblue-collarblue-collarblue-collarblue-collarblue-collarblue-collarblue-collarblue-collarblue-collarblue-collarblue-collarblue-collarblue-collarblue-collarblue-collarblue-collarblue-collarblue-collarblue-collarblue-collarblue-collarblue-collarblue-collarblue-collarblue-collarblue-collarblue-collarblue-collarblue-collarblue-collarblue-collarblue-collarblue-collarblue-collarblue-collarblue-collarblue-collarblue-collarblue-collarblue-collarblue-collarblue-collarblue-collarblue-collarblue-collarblue-collarblue-collarblue-collarblue-collarblue-collarblue-collarblue-collarblue-collarblue-collarblue-collarblue-collarblue-collarblue-collarblue-collarblue-collarblue-collarblue-collarblue-collarblue-collarblue-collarblue-collarblue-collarblue-collarblue-collarblue-collarblue-collarblue-collarblue-collarblue-collarblue-collarblue-collarblue-collarblue-collarblue-collarblue-collarblue-collarblue-collarblue-collarblue-collarblue-collarblue-collarblue-collarblue-collarblue-collarblue-collarblue-collarblue-collarblue-collarblue-collarblue-collarblue-collarblue-collarblue-collarblue-collarblue-collarblue-collarblue-collarblue-collarblue-collarblue-collarblue-collarblue-collarblue-collarblue-collarblue-collarblue-collarblue-collarblue-collarblue-collarblue-collarblue-collarblue-collarblue-collarblue-collarblue-collarblue-collarblue-collarblue-collarblue-collarblue-collarblue-collarblue-collarblue-collarblue-collarblue-collarblue-collarblue-collarblue-collarblue-collarblue-collarblue-collarblue-collarblue-collarblue-collarblue-collarblue-collarblue-collarblue-collarblue-collarblue-collarblue-collarblue-collarblue-collarblue-collarblue-collarblue-collarblue-collarblue-collarblue-collarblue-collarblue-collarblue-collarblue-collarblue-collarblue-collarblue-collarblue-collarblue-collarblue-collarblue-collarblue-collarblue-collarblue-collarblue-collarblue-collarblue-collarblue-collarblue-collarblue-collarblue-collarblue-collarblue-collarblue-collarblue-collarblue-collarblue-collarblue-collarblue-collarblue-collarblue-collarblue-collarblue-collarblue-collarblue-collarblue-collarblue-collarblue-collarblue-collarblue-collarblue-collarblue-collarblue-collarblue-collarblue-collarblue-collarblue-collarblue-collarblue-collarblue-collarblue-collarblue-collarblue-collarblue-collarblue-collarblue-collarblue-collarblue-collarblue-collarblue-collarblue-collarblue-collarblue-collarblue-collarblue-collarblue-collarblue-collarblue-collarblue-collarblue-collarblue-collarblue-collarblue-collarblue-collarblue-collarblue-collarblue-collarblue-collarblue-collarblue-collarblue-collarblue-collarblue-collarblue-collarblue-collarblue-collarblue-collarblue-collarblue-collarblue-collarblue-collarblue-collarblue-collarblue-collarblue-collarblue-collarblue-collarblue-collarblue-collarblue-collarblue-collarblue-collarblue-collarblue-collarblue-collarblue-collarblue-collarblue-collarblue-collarblue-collarblue-collarblue-collarblue-collarblue-collarblue-collarblue-collarblue-collarblue-collarblue-collarblue-collarblue-collarblue-collarblue-collarblue-collarblue-collarblue-collarblue-collarblue-collarblue-collarblue-collarblue-collarblue-collarblue-collarblue-collarblue-collarblue-collarblue-collarblue-collarblue-collarblue-collarblue-collarblue-collarblue-collarblue-collarblue-collarblue-collarblue-collarblue-collarblue-collarblue-collarblue-collarblue-collarblue-collarblue-collarblue-collarblue-collarblue-collarblue-collarblue-collarblue-collarblue-collarblue-collarblue-collarblue-collarblue-collarblue-collarblue-collarblue-collarblue-collarblue-collarblue-collarblue-collarblue-collarblue-collarblue-collarblue-collarblue-collarblue-collarblue-collarblue-collarblue-collarblue-collarblue-collarblue-collarblue-collarblue-collarblue-collarblue-collarblue-collarblue-collarblue-collarblue-collarblue-collarblue-collarblue-collarblue-collarblue-collarblue-collarblue-collarblue-collarblue-collarblue-collarblue-collarblue-collarblue-collarblue-collarblue-collarblue-collarblue-collarblue-collarblue-collarblue-collarblue-collarblue-collarblue-collarblue-collarblue-collarblue-collarblue-collarblue-collarblue-collarblue-collarblue-collarblue-collarblue-collarblue-collarblue-collarblue-collarblue-collarblue-collarblue-collarblue-collarblue-collarblue-collarblue-collarblue-collarblue-collarblue-collarblue-collarblue-collarblue-collarblue-collarblue-collarblue-collarblue-collarblue-collarblue-collarblue-collarblue-collarblue-collarblue-collarblue-collarblue-collarblue-collarblue-collarblue-collarblue-collarblue-collarblue-collarblue-collarblue-collarblue-collarblue-collarblue-collarblue-collarblue-collarblue-collarblue-collarblue-collarblue-collarblue-collarblue-collarblue-collarblue-collarblue-collarblue-collarblue-collarblue-collarblue-collarblue-collarblue-collarblue-collarblue-collarblue-collarblue-collarblue-collarblue-collarblue-collarblue-collarblue-collarblue-collarblue-collarblue-collarblue-collarblue-collarblue-collarblue-collarblue-collarblue-collarblue-collarblue-collarblue-collarblue-collarblue-collarblue-collarblue-collarblue-collarblue-collarblue-collarblue-collarblue-collarblue-collarblue-collarblue-collarblue-collarblue-collarblue-collarblue-collarblue-collarblue-collarblue-collarblue-collarblue-collarblue-collarblue-collarblue-collarblue-collarblue-collarblue-collarblue-collarblue-collarblue-collarblue-collarblue-collarblue-collarblue-collarblue-collarblue-collarblue-collarblue-collarblue-collarblue-collarblue-collarblue-collarblue-collarblue-collarblue-collarblue-collarblue-collarblue-collarblue-collarblue-collarblue-collarblue-collarblue-collarblue-collarblue-collarblue-collarblue-collarblue-collarblue-collarblue-collarblue-collarblue-collarblue-collarblue-collarblue-collarblue-collarblue-collarblue-collarblue-collarblue-collarblue-collarblue-collarblue-collarblue-collarblue-collarblue-collarblue-collarblue-collarblue-collarblue-collarblue-collarblue-collarblue-collarblue-collarblue-collarblue-collarblue-collarblue-collarblue-collarblue-collarblue-collarblue-collarblue-collarblue-collarblue-collarblue-collarblue-collarblue-collarblue-collarblue-collarblue-collarblue-collarblue-collarblue-collarblue-collarblue-collarblue-collarblue-collarblue-collarblue-collarblue-collarblue-collarblue-collarblue-collarblue-collarblue-collarblue-collarblue-collarblue-collarblue-collarblue-collarblue-collarblue-collarblue-collarblue-collarblue-collarblue-collarblue-collarblue-collarblue-collarblue-collarblue-collarblue-collarblue-collarblue-collarblue-collarblue-collarblue-collarblue-collarblue-collarblue-collarblue-collarblue-collarblue-collarblue-collarblue-collarblue-collarblue-collarblue-collarblue-collarblue-collarblue-collarblue-collarblue-collarblue-collarblue-collarblue-collarblue-collarblue-collarblue-collarblue-collarblue-collarblue-collarblue-collarblue-collarblue-collarblue-collarblue-collarblue-collarblue-collarblue-collarblue-collarblue-collarblue-collarblue-collarblue-collarblue-collarblue-collarblue-collarblue-collarblue-collarblue-collarblue-collarblue-collarblue-collarblue-collarblue-collarblue-collarblue-collarblue-collarblue-collarblue-collarblue-collarblue-collarblue-collarblue-collarblue-collarblue-collarblue-collarblue-collarblue-collarblue-collarblue-collarblue-collarblue-collarblue-collarblue-collarblue-collarblue-collarblue-collarblue-collarblue-collarblue-collarblue-collarblue-collarblue-collarblue-collarblue-collarblue-collarblue-collarblue-collarblue-collarblue-collarblue-collarblue-collarblue-collarblue-collarblue-collarblue-collarblue-collarblue-collarblue-collarblue-collarblue-collarblue-collarblue-collarblue-collarblue-collarblue-collarblue-collarblue-collarblue-collarblue-collarblue-collarblue-collarblue-collarblue-collarblue-collarblue-collarblue-collarblue-collarblue-collarblue-collarblue-collarblue-collarblue-collarblue-collarblue-collarblue-collarblue-collarblue-collarblue-collarblue-collarblue-collarblue-collarblue-collarblue-collarblue-collarblue-collarblue-collarblue-collarblue-collarblue-collarblue-collarblue-collarblue-collarblue-collarblue-collarblue-collarblue-collarblue-collarblue-collarblue-collarblue-collarblue-collarblue-collarblue-collarblue-collarblue-collarblue-collarblue-collarblue-collarblue-collarblue-collarblue-collarblue-collarblue-collarblue-collarblue-collarblue-collarblue-collarblue-collarblue-collarblue-collarblue-collarblue-collarblue-collarblue-collarblue-collarblue-collarblue-collarblue-collarblue-collarblue-collarblue-collarblue-collarblue-collarblue-collarblue-collarblue-collarblue-collarblue-collarblue-collarblue-collarblue-collarblue-collarblue-collarblue-collarblue-collarblue-collarblue-collarblue-collarblue-collarblue-collarblue-collarblue-collarblue-collarblue-collarblue-collarblue-collarblue-collarblue-collarblue-collarblue-collarblue-collarblue-collarblue-collarblue-collarblue-collarblue-collarblue-collarblue-collarblue-collarblue-collarblue-collarblue-collarblue-collarblue-collarblue-collarblue-collarblue-collarblue-collarblue-collarblue-collarblue-collarblue-collarblue-collarblue-collarblue-collarblue-collarblue-collarblue-collarblue-collarblue-collarblue-collarblue-collarblue-collarblue-collarblue-collarblue-collarblue-collarblue-collarblue-collarblue-collarblue-collarblue-collarblue-collarblue-collarblue-collarblue-collarblue-collarblue-collarblue-collarblue-collarblue-collarblue-collarblue-collarblue-collarblue-collarblue-collarblue-collarblue-collarblue-collarblue-collarblue-collarblue-collarblue-collarblue-collarblue-collarblue-collarblue-collarblue-collarblue-collarblue-collarblue-collarblue-collarblue-collarblue-collarblue-collarblue-collarblue-collarblue-collarblue-collarblue-collarblue-collarblue-collarblue-collarblue-collarblue-collarblue-collarblue-collarblue-collarblue-collarblue-collarblue-collarblue-collarblue-collarblue-collarblue-collarblue-collarblue-collarblue-collarblue-collarblue-collarblue-collarblue-collarblue-collarblue-collarblue-collarblue-collarblue-collarblue-collarblue-collarblue-collarblue-collarblue-collarblue-collarblue-collarblue-collarblue-collarblue-collarblue-collarblue-collarblue-collarblue-collarblue-collarblue-collarblue-collarblue-collarblue-collarblue-collarblue-collarblue-collarblue-collarblue-collarblue-collarblue-collarblue-collarblue-collarblue-collarblue-collarblue-collarblue-collarblue-collarblue-collarblue-collarblue-collarblue-collarblue-collarblue-collarblue-collarblue-collarblue-collarblue-collarblue-collarblue-collarblue-collarblue-collarblue-collarblue-collarblue-collarblue-collarblue-collarblue-collarblue-collarblue-collarblue-collarblue-collarblue-collarblue-collarblue-collarblue-collarblue-collarblue-collarblue-collarblue-collarblue-collarblue-collarblue-collarblue-collarblue-collarblue-collarblue-collarblue-collarblue-collarblue-collarblue-collarblue-collarblue-collarblue-collarblue-collarblue-collarblue-collarblue-collarblue-collarblue-collarblue-collarblue-collarblue-collarblue-collarblue-collarblue-collarblue-collarblue-collarblue-collarblue-collarblue-collarblue-collarblue-collarblue-collarblue-collarblue-collarblue-collarblue-collarblue-collarblue-collarblue-collarblue-collarblue-collarblue-collarblue-collarblue-collarblue-collarblue-collarblue-collarblue-collarblue-collarblue-collarblue-collarblue-collarblue-collarblue-collarblue-collarblue-collarblue-collarblue-collarblue-collarblue-collarblue-collarblue-collarblue-collarblue-collarblue-collarblue-collarblue-collarblue-collarblue-collarblue-collarblue-collarblue-collarblue-collarblue-collarblue-collarblue-collarblue-collarblue-collarblue-collarblue-collarblue-collarblue-collarblue-collarblue-collarblue-collarblue-collarblue-collarblue-collarblue-collarblue-collarblue-collarblue-collarblue-collarblue-collarblue-collarblue-collarblue-collarblue-collarblue-collarblue-collarblue-collarblue-collarblue-collarblue-collarblue-collarblue-collarblue-collarblue-collarblue-collarblue-collarblue-collarblue-collarblue-collarblue-collarblue-collarblue-collarblue-collarblue-collarblue-collarblue-collarblue-collarblue-collarblue-collarblue-collarblue-collarblue-collarblue-collarblue-collarblue-collarblue-collarblue-collarblue-collarblue-collarblue-collarblue-collarblue-collarblue-collarblue-collarblue-collarblue-collarblue-collarblue-collarblue-collarblue-collarblue-collarblue-collarblue-collarblue-collarblue-collarblue-collarblue-collarblue-collarblue-collarblue-collarblue-collarblue-collarblue-collarblue-collarblue-collarblue-collarblue-collarblue-collarblue-collarblue-collarblue-collarblue-collarblue-collarblue-collarblue-collarblue-collarblue-collarblue-collarblue-collarblue-collarblue-collarblue-collarblue-collarblue-collarblue-collarblue-collarblue-collarblue-collarblue-collarblue-collarblue-collarblue-collarblue-collarblue-collarblue-collarblue-collarblue-collarblue-collarblue-collarblue-collarblue-collarblue-collarblue-collarblue-collarblue-collarblue-collarblue-collarblue-collarblue-collarblue-collarblue-collarblue-collarblue-collarblue-collarblue-collarblue-collarblue-collarblue-collarblue-collarblue-collarblue-collarblue-collarblue-collarblue-collarblue-collarblue-collarblue-collarblue-collarblue-collarblue-collarblue-collarblue-collarblue-collarblue-collarblue-collarblue-collarblue-collarblue-collarblue-collarblue-collarblue-collarblue-collarblue-collarblue-collarblue-collarblue-collarblue-collarblue-collarblue-collarblue-collarblue-collarblue-collarblue-collarblue-collarblue-collarblue-collarblue-collarblue-collarblue-collarblue-collarblue-collarblue-collarblue-collarblue-collarblue-collarblue-collarblue-collarblue-collarblue-collarblue-collarblue-collarblue-collarblue-collarblue-collarblue-collarblue-collarblue-collarblue-collarblue-collarblue-collarblue-collarblue-collarblue-collarblue-collarblue-collarblue-collarblue-collarblue-collarblue-collarblue-collarblue-collarblue-collarblue-collarblue-collarblue-collarblue-collarblue-collarblue-collarblue-collarblue-collarblue-collarblue-collarblue-collarblue-collarblue-collarblue-collarblue-collarblue-collarblue-collarblue-collarblue-collarblue-collarblue-collarblue-collarblue-collarblue-collarblue-collarblue-collarblue-collarblue-collarblue-collarblue-collarblue-collarblue-collarblue-collarblue-collarblue-collarblue-collarblue-collarblue-collarblue-collarblue-collarblue-collarblue-collarblue-collarblue-collarblue-collarblue-collarblue-collarblue-collarblue-collarblue-collarblue-collarblue-collarblue-collarblue-collarblue-collarblue-collarblue-collarblue-collarblue-collarblue-collarblue-collarblue-collarblue-collarblue-collarblue-collarblue-collarblue-collarblue-collarblue-collarblue-collarblue-collarblue-collarblue-collarblue-collarblue-collarblue-collarblue-collarblue-collarblue-collarblue-collarblue-collarblue-collarblue-collarblue-collarblue-collarblue-collarblue-collarblue-collarblue-collarblue-collarblue-collarblue-collarblue-collarblue-collarblue-collarblue-collarblue-collarblue-collarblue-collarblue-collarblue-collarblue-collarblue-collarblue-collarblue-collarblue-collarblue-collarblue-collarblue-collarblue-collarblue-collarblue-collarblue-collarblue-collarblue-collarblue-collarblue-collarblue-collarblue-collarblue-collarblue-collarblue-collarblue-collarblue-collarblue-collarblue-collarblue-collarblue-collarblue-collarblue-collarblue-collarblue-collarblue-collarblue-collarblue-collarblue-collarblue-collarblue-collarblue-collarblue-collarblue-collarblue-collarblue-collarblue-collarblue-collarblue-collarblue-collarblue-collarblue-collarblue-collarblue-collarblue-collarblue-collarblue-collarblue-collarblue-collarblue-collarblue-collarblue-collarblue-collarblue-collarblue-collarblue-collarblue-collarblue-collarblue-collarblue-collarblue-collarblue-collarblue-collarblue-collarblue-collarblue-collarblue-collarblue-collarblue-collarblue-collarblue-collarblue-collarblue-collarblue-collarblue-collarblue-collarblue-collarblue-collarblue-collarblue-collarblue-collarblue-collarblue-collarblue-collarblue-collarblue-collarblue-collarblue-collarblue-collarblue-collarblue-collarblue-collarblue-collarblue-collarblue-collarblue-collarblue-collarblue-collarblue-collarblue-collarblue-collarblue-collarblue-collarblue-collarblue-collarblue-collarblue-collarblue-collarblue-collarblue-collarblue-collarblue-collarblue-collarblue-collarblue-collarblue-collarblue-collarblue-collarblue-collarblue-collarblue-collarblue-collarblue-collarblue-collarblue-collarblue-collarblue-collarblue-collarblue-collarblue-collarblue-collarblue-collarblue-collarblue-collarblue-collarblue-collarblue-collarblue-collarblue-collarblue-collarblue-collarblue-collarblue-collarblue-collarblue-collarblue-collarblue-collarblue-collarblue-collarblue-collarblue-collarblue-collarblue-collarblue-collarblue-collarblue-collarblue-collarblue-collarblue-collarblue-collarblue-collarblue-collarblue-collarblue-collarblue-collarblue-collarblue-collarblue-collarblue-collarblue-collarblue-collarblue-collarblue-collarblue-collarblue-collarblue-collarblue-collarblue-collarblue-collarblue-collarblue-collarblue-collarblue-collarblue-collarblue-collarblue-collarblue-collarblue-collarblue-collarblue-collarblue-collarblue-collarblue-collarblue-collarblue-collarblue-collarblue-collarblue-collarblue-collarblue-collarblue-collarblue-collarblue-collarblue-collarblue-collarblue-collarblue-collarblue-collarblue-collarblue-collarblue-collarblue-collarblue-collarblue-collarblue-collarblue-collarblue-collarblue-collarblue-collarblue-collarblue-collarblue-collarblue-collarblue-collarblue-collarblue-collarblue-collarblue-collarblue-collarblue-collarblue-collarblue-collarblue-collarblue-collarblue-collarblue-collarblue-collarblue-collarblue-collarblue-collarblue-collarblue-collarblue-collarblue-collarblue-collarblue-collarblue-collarblue-collarblue-collarblue-collarblue-collarblue-collarblue-collarblue-collarblue-collarblue-collarblue-collarblue-collarblue-collarblue-collarblue-collarblue-collarblue-collarblue-collarblue-collarblue-collarblue-collarblue-collarblue-collarblue-collarblue-collarblue-collarblue-collarblue-collarblue-collarblue-collarblue-collarblue-collarblue-collarblue-collarblue-collarblue-collarblue-collarblue-collarblue-collarblue-collarblue-collarblue-collarblue-collarblue-collarblue-collarblue-collarblue-collarblue-collarblue-collarblue-collarblue-collarblue-collarblue-collarblue-collarblue-collarblue-collarblue-collarblue-collarblue-collarblue-collarblue-collarblue-collarblue-collarblue-collarblue-collarblue-collarblue-collarblue-collarblue-collarblue-collarblue-collarblue-collarblue-collarblue-collarblue-collarblue-collarblue-collarblue-collarblue-collarblue-collarblue-collarblue-collarblue-collarblue-collarblue-collarblue-collarblue-collarblue-collarblue-collarblue-collarblue-collarblue-collarblue-collarblue-collarblue-collarblue-collarblue-collarblue-collarblue-collarblue-collarblue-collarblue-collarblue-collarblue-collarblue-collarblue-collarblue-collarblue-collarblue-collarblue-collarblue-collarblue-collarblue-collarblue-collarblue-collarblue-collarblue-collarblue-collarblue-collarblue-collarblue-collarblue-collarblue-collarblue-collarblue-collarblue-collarblue-collarblue-collarblue-collarblue-collarblue-collarblue-collarblue-collarblue-collarblue-collarblue-collarblue-collarblue-collarblue-collarblue-collarblue-collarblue-collarblue-collarblue-collarblue-collarblue-collarblue-collarblue-collarblue-collarblue-collarblue-collarblue-collarblue-collarblue-collarblue-collarblue-collarblue-collarblue-collarblue-collarblue-collarblue-collarblue-collarblue-collarblue-collarblue-collarblue-collarblue-collarblue-collarblue-collarblue-collarblue-collarblue-collarblue-collarblue-collarblue-collarblue-collarblue-collarblue-collarblue-collarblue-collarblue-collarblue-collarblue-collarblue-collarblue-collarblue-collarblue-collarblue-collarblue-collarblue-collarblue-collarblue-collarblue-collarblue-collarblue-collarblue-collarblue-collarblue-collarblue-collarblue-collarblue-collarblue-collarblue-collarblue-collarblue-collarblue-collarblue-collarblue-collarblue-collarblue-collarblue-collarblue-collarblue-collarblue-collarblue-collarblue-collarblue-collarblue-collarblue-collarblue-collarblue-collarblue-collarblue-collarblue-collarblue-collarblue-collarblue-collarblue-collarblue-collarblue-collarblue-collarblue-collarblue-collarblue-collarblue-collarblue-collarblue-collarblue-collarblue-collarblue-collarblue-collarblue-collarblue-collarblue-collarblue-collarblue-collarblue-collarblue-collarblue-collarblue-collarblue-collarblue-collarblue-collarblue-collarblue-collarblue-collarblue-collarblue-collarblue-collarblue-collarblue-collarblue-collarblue-collarblue-collarblue-collarblue-collarblue-collarblue-collarblue-collarblue-collarblue-collarblue-collarblue-collarblue-collarblue-collarblue-collarblue-collarblue-collarblue-collarblue-collarblue-collarblue-collarblue-collarblue-collarblue-collarblue-collarblue-collarblue-collarblue-collarblue-collarblue-collarblue-collarblue-collarblue-collarblue-collarblue-collarblue-collarblue-collarblue-collarblue-collarblue-collarblue-collarblue-collarblue-collarblue-collarblue-collarblue-collarblue-collarblue-collarblue-collarblue-collarblue-collarblue-collarblue-collarblue-collarblue-collarblue-collarblue-collarblue-collarblue-collarblue-collarblue-collarblue-collarblue-collarblue-collarblue-collarblue-collarblue-collarblue-collarblue-collarblue-collarblue-collarblue-collarblue-collarblue-collarblue-collarblue-collarblue-collarblue-collarblue-collarblue-collarblue-collarblue-collarblue-collarblue-collarblue-collarblue-collarblue-collarblue-collarblue-collarblue-collarblue-collarblue-collarblue-collarblue-collarblue-collarblue-collarblue-collarblue-collarblue-collarblue-collarblue-collarblue-collarblue-collarblue-collarblue-collarblue-collarblue-collarblue-collarblue-collarblue-collarblue-collarblue-collarblue-collarblue-collarblue-collarblue-collarblue-collarblue-collarblue-collarblue-collarblue-collarblue-collarblue-collarblue-collarblue-collarblue-collarblue-collarblue-collarblue-collarblue-collarblue-collarblue-collarblue-collarblue-collarblue-collarblue-collarblue-collarblue-collarblue-collarblue-collarblue-collarblue-collarblue-collarblue-collarblue-collarblue-collarblue-collarblue-collarblue-collarblue-collarblue-collarblue-collarblue-collarblue-collarblue-collarblue-collarblue-collarblue-collarblue-collarblue-collarblue-collarblue-collarblue-collarblue-collarblue-collarblue-collarblue-collarblue-collarblue-collarblue-collarblue-collarblue-collarblue-collarblue-collarblue-collarblue-collarblue-collarblue-collarblue-collarblue-collarblue-collarblue-collarblue-collarblue-collarblue-collarblue-collarblue-collarblue-collarblue-collarblue-collarblue-collarblue-collarblue-collarblue-collarblue-collarblue-collarblue-collarblue-collarblue-collarblue-collarblue-collarblue-collarblue-collarblue-collarblue-collarblue-collarblue-collarblue-collarblue-collarblue-collarblue-collarblue-collarblue-collarblue-collarblue-collarblue-collarblue-collarblue-collarblue-collarblue-collarblue-collarblue-collarblue-collarblue-collarblue-collarblue-collarblue-collarblue-collarblue-collarblue-collarblue-collarblue-collarblue-collarblue-collarblue-collarblue-collarblue-collarblue-collarblue-collarblue-collarblue-collarblue-collarblue-collarblue-collarblue-collarblue-collarblue-collarblue-collarblue-collarblue-collarblue-collarblue-collarblue-collarblue-collarblue-collarblue-collarblue-collarblue-collarblue-collarblue-collarblue-collarblue-collarblue-collarblue-collarblue-collarblue-collarblue-collarblue-collarblue-collarblue-collarblue-collarblue-collarblue-collarblue-collarblue-collarblue-collarblue-collarblue-collarblue-collarblue-collarblue-collarblue-collarblue-collarblue-collarblue-collarblue-collarblue-collarblue-collarblue-collarblue-collarblue-collarblue-collarblue-collarblue-collarblue-collarblue-collarblue-collarblue-collarblue-collarblue-collarblue-collarblue-collarblue-collarblue-collarblue-collarblue-collarblue-collarblue-collarblue-collarblue-collarblue-collarblue-collarblue-collarblue-collarblue-collarblue-collarblue-collarblue-collarblue-collarblue-collarblue-collarblue-collarblue-collarblue-collarblue-collarblue-collarblue-collarblue-collarblue-collarblue-collarblue-collarblue-collarblue-collarblue-collarblue-collarblue-collarblue-collarblue-collarblue-collarblue-collarblue-collarblue-collarblue-collarblue-collarblue-collarblue-collarblue-collarblue-collarblue-collarblue-collarblue-collarblue-collarblue-collarblue-collarblue-collarblue-collarblue-collarblue-collarblue-collarblue-collarblue-collarblue-collarblue-collarblue-collarblue-collarblue-collarblue-collarblue-collarblue-collarblue-collarblue-collarblue-collarblue-collarblue-collarblue-collarblue-collarblue-collarblue-collarblue-collarblue-collarblue-collarblue-collarblue-collarblue-collarblue-collarblue-collarblue-collarblue-collarblue-collarblue-collarblue-collarblue-collarblue-collarblue-collarblue-collarblue-collarblue-collarblue-collarblue-collarblue-collarblue-collarblue-collarblue-collarblue-collarblue-collarblue-collarblue-collarblue-collarblue-collarblue-collarblue-collarblue-collarblue-collarblue-collarblue-collarblue-collarblue-collarblue-collarblue-collarblue-collarblue-collarblue-collarblue-collarblue-collarblue-collarblue-collarblue-collarblue-collarblue-collarblue-collarblue-collarblue-collarblue-collarblue-collarblue-collarblue-collarblue-collarblue-collarblue-collarblue-collarblue-collarblue-collarblue-collarblue-collarblue-collarblue-collarblue-collarblue-collarblue-collarblue-collarblue-collarblue-collarblue-collarblue-collarblue-collarblue-collarblue-collarblue-collarblue-collarblue-collarblue-collarblue-collarblue-collarblue-collarblue-collarblue-collarblue-collarblue-collarblue-collarblue-collarblue-collarblue-collarblue-collarblue-collarblue-collarblue-collarblue-collarblue-collarblue-collarblue-collarblue-collarblue-collarblue-collarblue-collarblue-collarblue-collarblue-collarblue-collarblue-collarblue-collarblue-collarblue-collarblue-collarblue-collarblue-collarblue-collarblue-collarblue-collarblue-collarblue-collarblue-collarblue-collarblue-collarblue-collarblue-collarblue-collarblue-collarblue-collarblue-collarblue-collarblue-collarblue-collarblue-collarblue-collarblue-collarblue-collarblue-collarblue-collarblue-collarblue-collarblue-collarblue-collarblue-collarblue-collarblue-collarblue-collarblue-collarblue-collarblue-collarblue-collarblue-collarblue-collarblue-collarblue-collarblue-collarblue-collarblue-collarblue-collarblue-collarblue-collarblue-collarblue-collarblue-collarblue-collarblue-collarblue-collarblue-collarblue-collarblue-collarblue-collarblue-collarblue-collarblue-collarblue-collarblue-collarblue-collarblue-collarblue-collarblue-collarblue-collarblue-collarblue-collarblue-collarblue-collarblue-collarblue-collarblue-collarblue-collarblue-collarblue-collarblue-collarblue-collarblue-collarblue-collarblue-collarblue-collarblue-collarblue-collarblue-collarblue-collarblue-collarblue-collarblue-collarblue-collarblue-collarblue-collarblue-collarblue-collarblue-collarblue-collarblue-collarblue-collarblue-collarblue-collarblue-collarblue-collarblue-collarblue-collarblue-collarblue-collarblue-collarblue-collarblue-collarblue-collarblue-collarblue-collarblue-collarblue-collarblue-collarblue-collarblue-collarblue-collarblue-collarblue-collarblue-collarblue-collarblue-collarblue-collarblue-collarblue-collarblue-collarblue-collarblue-collarblue-collarblue-collarblue-collarblue-collarblue-collarblue-collarblue-collarblue-collarblue-collarblue-collarblue-collarblue-collarblue-collarblue-collarblue-collarblue-collarblue-collarblue-collarblue-collarblue-collarblue-collarblue-collarblue-collarblue-collarblue-collarblue-collarblue-collarblue-collarblue-collarblue-collarblue-collarblue-collarblue-collarblue-collarblue-collarblue-collarblue-collarblue-collarblue-collarblue-collarblue-collarblue-collarblue-collarblue-collarblue-collarblue-collarblue-collarblue-collarblue-collarblue-collarblue-collarblue-collarblue-collarblue-collarblue-collarblue-collarblue-collarblue-collarblue-collarblue-collarblue-collarblue-collarblue-collarblue-collarblue-collarblue-collarblue-collarblue-collarblue-collarblue-collarblue-collarblue-collarblue-collarblue-collarblue-collarblue-collarblue-collarblue-collarblue-collarblue-collarblue-collarblue-collarblue-collarblue-collarblue-collarblue-collarblue-collarblue-collarblue-collarblue-collarblue-collarblue-collarblue-collarblue-collarblue-collarblue-collarblue-collarblue-collarblue-collarblue-collarblue-collarblue-collarblue-collarblue-collarblue-collarblue-collarblue-collarblue-collarblue-collarblue-collarblue-collarblue-collarblue-collarblue-collarblue-collarblue-collarblue-collarblue-collarblue-collarblue-collarblue-collarblue-collarblue-collarblue-collarblue-collarblue-collarblue-collarblue-collarblue-collarblue-collarblue-collarblue-collarblue-collarblue-collarblue-collarblue-collarblue-collarblue-collarblue-collarblue-collarblue-collarblue-collarblue-collarblue-collarblue-collarblue-collarblue-collarblue-collarblue-collarblue-collarblue-collarblue-collarblue-collarblue-collarblue-collarblue-collarblue-collarblue-collarblue-collarblue-collarblue-collarblue-collarblue-collarblue-collarblue-collarblue-collarblue-collarblue-collarblue-collarblue-collarblue-collarblue-collarblue-collarblue-collarblue-collarblue-collarblue-collarblue-collarblue-collarblue-collarblue-collarblue-collarblue-collarblue-collarblue-collarblue-collarblue-collarblue-collarblue-collarblue-collarblue-collarblue-collarblue-collarblue-collarblue-collarblue-collarblue-collarblue-collarblue-collarblue-collarblue-collarblue-collarblue-collarblue-collarblue-collarblue-collarblue-collarblue-collarblue-collarblue-collarblue-collarblue-collarblue-collarblue-collarblue-collarblue-collarblue-collarblue-collarblue-collarblue-collarblue-collarblue-collarblue-collarblue-collarblue-collarblue-collarblue-collarblue-collarblue-collarblue-collarblue-collarblue-collarblue-collarblue-collarblue-collarblue-collarblue-collarblue-collarblue-collarblue-collarblue-collarblue-collarblue-collarblue-collarblue-collarblue-collarblue-collarblue-collarblue-collarblue-collarblue-collarblue-collarblue-collarblue-collarblue-collarblue-collarblue-collarblue-collarblue-collarblue-collarblue-collarblue-collarblue-collarblue-collarblue-collarblue-collarblue-collarblue-collarblue-collarblue-collarblue-collarblue-collarblue-collarblue-collarblue-collarblue-collarblue-collarblue-collarblue-collarblue-collarblue-collarblue-collarblue-collarblue-collarblue-collarblue-collarblue-collarblue-collarblue-collarblue-collarblue-collarblue-collarblue-collarblue-collarblue-collarblue-collarblue-collarblue-collarblue-collarblue-collarblue-collarblue-collarblue-collarblue-collarblue-collarblue-collarblue-collarblue-collarblue-collarblue-collarblue-collarblue-collarblue-collarblue-collarblue-collarblue-collarblue-collarblue-collarblue-collarblue-collarblue-collarblue-collarblue-collarblue-collarblue-collarblue-collarblue-collarblue-collarblue-collarblue-collarblue-collarblue-collarblue-collarblue-collarblue-collarblue-collarblue-collarblue-collarblue-collarblue-collarblue-collarblue-collarblue-collarblue-collarblue-collarblue-collarblue-collarblue-collarblue-collarblue-collarblue-collarblue-collarblue-collarblue-collarblue-collarblue-collarblue-collarblue-collarblue-collarblue-collarblue-collarblue-collarblue-collarblue-collarblue-collarblue-collarblue-collarblue-collarblue-collarblue-collarblue-collarblue-collarblue-collarblue-collarblue-collarblue-collarblue-collarblue-collarblue-collarblue-collarblue-collarblue-collarblue-collarblue-collarblue-collarblue-collarblue-collarblue-collarblue-collarblue-collarblue-collarblue-collarblue-collarblue-collarblue-collarblue-collarblue-collarblue-collarblue-collarblue-collarblue-collarblue-collarblue-collarblue-collarblue-collarblue-collarblue-collarblue-collarblue-collarblue-collarblue-collarblue-collarblue-collarblue-collarblue-collarblue-collarblue-collarblue-collarblue-collarblue-collarblue-collarblue-collarblue-collarblue-collarblue-collarblue-collarblue-collarblue-collarblue-collarblue-collarblue-collarblue-collarblue-collarblue-collarblue-collarblue-collarblue-collarblue-collarblue-collarblue-collarblue-collarblue-collarblue-collarblue-collarblue-collarblue-collarblue-collarblue-collarblue-collarblue-collarblue-collarblue-collarblue-collarblue-collarblue-collarblue-collarblue-collarblue-collarblue-collarblue-collarblue-collarblue-collarblue-collarblue-collarblue-collarblue-collarblue-collarblue-collarblue-collarblue-collarblue-collarblue-collarblue-collarblue-collarblue-collarblue-collarblue-collarblue-collarblue-collarblue-collarblue-collarblue-collarblue-collarblue-collarblue-collarblue-collarblue-collarblue-collarblue-collarblue-collarblue-collarblue-collarblue-collarblue-collarblue-collarblue-collarblue-collarblue-collarblue-collarblue-collarblue-collarblue-collarblue-collarblue-collarblue-collarblue-collarblue-collarblue-collarblue-collarblue-collarblue-collarblue-collarblue-collarblue-collarblue-collarblue-collarblue-collarblue-collarblue-collarblue-collarblue-collarblue-collarblue-collarblue-collarblue-collarblue-collarblue-collarblue-collarblue-collarblue-collarblue-collarblue-collarblue-collarblue-collarblue-collarblue-collarblue-collarblue-collarblue-collarblue-collarblue-collarblue-collarblue-collarblue-collarblue-collarblue-collarblue-collarblue-collarblue-collarblue-collarblue-collarblue-collarblue-collarblue-collarblue-collarblue-collarblue-collarblue-collarblue-collarblue-collarblue-collarblue-collarblue-collarblue-collarblue-collarblue-collarblue-collarblue-collarblue-collarblue-collarblue-collarblue-collarblue-collarblue-collarblue-collarblue-collarblue-collarblue-collarblue-collarblue-collarblue-collarblue-collarblue-collarblue-collarblue-collarblue-collarblue-collarblue-collarblue-collarblue-collarblue-collarblue-collarblue-collarblue-collarblue-collarblue-collarblue-collarblue-collarblue-collarblue-collarblue-collarblue-collarblue-collarblue-collarblue-collarblue-collarblue-collarblue-collarblue-collarblue-collarblue-collarblue-collarblue-collarblue-collarblue-collarblue-collarblue-collarblue-collarblue-collarblue-collarblue-collarblue-collarblue-collarblue-collarblue-collarblue-collarblue-collarblue-collarblue-collarblue-collarblue-collarblue-collarblue-collarblue-collarblue-collarblue-collarblue-collarblue-collarblue-collarblue-collarblue-collarblue-collarblue-collarblue-collarblue-collarblue-collarblue-collarblue-collarblue-collarblue-collarblue-collarblue-collarblue-collarblue-collarblue-collarblue-collarblue-collarblue-collarblue-collarblue-collarblue-collarblue-collarblue-collarblue-collarblue-collarblue-collarblue-collarblue-collarblue-collarblue-collarblue-collarblue-collarblue-collarblue-collarblue-collarblue-collarblue-collarblue-collarblue-collarblue-collarblue-collarblue-collarblue-collarblue-collarblue-collarblue-collarblue-collarblue-collarblue-collarblue-collarblue-collarblue-collarblue-collarblue-collarblue-collarblue-collarblue-collarblue-collarblue-collarblue-collarblue-collarblue-collarblue-collarblue-collarblue-collarblue-collarblue-collarblue-collarblue-collarblue-collarblue-collarblue-collarblue-collarblue-collarblue-collarblue-collarblue-collarblue-collarblue-collarblue-collarblue-collarblue-collarblue-collarblue-collarblue-collarblue-collarblue-collarblue-collarblue-collarblue-collarblue-collarblue-collarblue-collarblue-collarblue-collarblue-collarblue-collarblue-collarblue-collarblue-collarblue-collarblue-collarblue-collarblue-collarblue-collarblue-collarblue-collarblue-collarblue-collarblue-collarblue-collarblue-collarblue-collarblue-collarblue-collarblue-collarblue-collarblue-collarblue-collarblue-collarblue-collarblue-collarblue-collarblue-collarblue-collarblue-collarblue-collarblue-collarblue-collarblue-collarblue-collarblue-collarblue-collarblue-collarblue-collarblue-collarblue-collarblue-collarblue-collarblue-collarblue-collarblue-collarblue-collarblue-collarblue-collarblue-collarblue-collarblue-collarblue-collarblue-collarblue-collarblue-collarblue-collarblue-collarblue-collarblue-collarblue-collarblue-collarblue-collarblue-collarblue-collarblue-collarblue-collarblue-collarblue-collarblue-collarblue-collarblue-collarblue-collarblue-collarblue-collarblue-collarblue-collarblue-collarblue-collarblue-collarblue-collarblue-collarblue-collarblue-collarblue-collarblue-collarblue-collarblue-collarblue-collarblue-collarblue-collarblue-collarblue-collarblue-collarblue-collarblue-collarblue-collarblue-collarblue-collarblue-collarblue-collarblue-collarblue-collarblue-collarblue-collarblue-collarblue-collarblue-collarblue-collarblue-collarblue-collarblue-collarblue-collarblue-collarblue-collarblue-collarblue-collarblue-collarblue-collarblue-collarblue-collarblue-collarblue-collarblue-collarblue-collarblue-collarblue-collarblue-collarblue-collarblue-collarblue-collarblue-collarblue-collarblue-collarblue-collarblue-collarblue-collarblue-collarblue-collarblue-collarblue-collarblue-collarblue-collarblue-collarblue-collarblue-collarblue-collarblue-collarblue-collarblue-collarblue-collarblue-collarblue-collarblue-collarblue-collarblue-collarblue-collarblue-collarblue-collarblue-collarblue-collarblue-collarblue-collarblue-collarblue-collarblue-collarblue-collarblue-collarblue-collarblue-collarblue-collarblue-collarblue-collarblue-collarblue-collarblue-collarblue-collarblue-collarblue-collarblue-collarblue-collarblue-collarblue-collarblue-collarblue-collarblue-collarblue-collarblue-collarblue-collarblue-collarblue-collarblue-collarblue-collarblue-collarblue-collarblue-collarblue-collarblue-collarblue-collarblue-collarblue-collarblue-collarblue-collarblue-collarblue-collarblue-collarblue-collarblue-collarblue-collarblue-collarblue-collarblue-collarblue-collarblue-collarblue-collarblue-collarblue-collarblue-collarblue-collarblue-collarblue-collarblue-collarblue-collarblue-collarblue-collarblue-collarblue-collarblue-collarblue-collarblue-collarblue-collarblue-collarblue-collarblue-collarblue-collarblue-collarblue-collarblue-collarblue-collarblue-collarblue-collarblue-collarblue-collarblue-collarblue-collarblue-collarblue-collarblue-collarblue-collarblue-collarblue-collarblue-collarblue-collarblue-collarblue-collarblue-collarblue-collarblue-collarblue-collarblue-collarblue-collarblue-collarblue-collarblue-collarblue-collarblue-collarblue-collarblue-collarblue-collarblue-collarblue-collarblue-collarblue-collarblue-collarblue-collarblue-collarblue-collarblue-collarblue-collarblue-collarblue-collarblue-collarblue-collarblue-collarblue-collarblue-collarblue-collarblue-collarblue-collarblue-collarblue-collarblue-collarblue-collarblue-collarblue-collarblue-collarblue-collarblue-collarblue-collarblue-collarblue-collarblue-collarblue-collarblue-collarblue-collarblue-collarblue-collarblue-collarblue-collarblue-collarblue-collarblue-collarblue-collarblue-collarblue-collarblue-collarblue-collarblue-collarblue-collarblue-collarblue-collarblue-collarblue-collarblue-collarblue-collarblue-collarblue-collarblue-collarblue-collarblue-collarblue-collarblue-collarblue-collarblue-collarblue-collarblue-collarblue-collarblue-collarblue-collarblue-collarblue-collarblue-collarblue-collarblue-collarblue-collarblue-collarblue-collarblue-collarblue-collarblue-collarblue-collarblue-collarblue-collarblue-collarblue-collarblue-collarblue-collarblue-collarblue-collarblue-collarblue-collarblue-collarblue-collarblue-collarblue-collarblue-collarblue-collarblue-collarblue-collarblue-collarblue-collarblue-collarblue-collarblue-collarblue-collarblue-collarblue-collarblue-collarblue-collarblue-collarblue-collarblue-collarblue-collarblue-collarblue-collarblue-collarblue-collarblue-collarblue-collarblue-collarblue-collarblue-collarblue-collarblue-collarblue-collarblue-collarblue-collarblue-collarblue-collarblue-collarblue-collarblue-collarblue-collarblue-collarblue-collarblue-collarblue-collarblue-collarblue-collarblue-collarblue-collarblue-collarblue-collarblue-collarblue-collarblue-collarblue-collarblue-collarblue-collarblue-collarblue-collarblue-collarblue-collarblue-collarblue-collarblue-collarblue-collarblue-collarblue-collarblue-collarblue-collarblue-collarblue-collarblue-collarblue-collarblue-collarblue-collarblue-collarblue-collarblue-collarblue-collarblue-collarblue-collarblue-collarblue-collarblue-collarblue-collarblue-collarblue-collarblue-collarblue-collarblue-collarblue-collarblue-collarblue-collarblue-collarblue-collarblue-collarblue-collarblue-collarblue-collarblue-collarblue-collarblue-collarblue-collarblue-collarblue-collarblue-collarblue-collarblue-collarblue-collarblue-collarblue-collarblue-collarblue-collarblue-collarblue-collarblue-collarblue-collarblue-collarblue-collarblue-collarblue-collarblue-collarblue-collarblue-collarblue-collarblue-collarblue-collarblue-collarblue-collarblue-collarblue-collarblue-collarblue-collarblue-collarblue-collarblue-collarblue-collarblue-collarblue-collarblue-collarblue-collarblue-collarblue-collarblue-collarblue-collarblue-collarblue-collarblue-collarblue-collarblue-collarblue-collarblue-collarblue-collarblue-collarblue-collarblue-collarblue-collarblue-collarblue-collarblue-collarblue-collarblue-collarblue-collarblue-collarblue-collarblue-collarblue-collarblue-collarblue-collarblue-collarblue-collarblue-collarblue-collarblue-collarblue-collarblue-collarblue-collarblue-collarblue-collarblue-collarblue-collarblue-collarblue-collarblue-collarblue-collarblue-collarblue-collarblue-collarblue-collarblue-collarblue-collarblue-collarblue-collarblue-collarblue-collarblue-collarblue-collarblue-collarblue-collarblue-collarblue-collarblue-collarblue-collarblue-collarblue-collarblue-collarblue-collarblue-collarblue-collarblue-collarblue-collarblue-collarblue-collarblue-collarblue-collarblue-collarblue-collarblue-collarblue-collarblue-collarblue-collarblue-collarblue-collarblue-collarblue-collarblue-collarblue-collarblue-collarblue-collarblue-collarblue-collarblue-collarblue-collarblue-collarblue-collarblue-collarblue-collarblue-collarblue-collarblue-collarblue-collarblue-collarblue-collarblue-collarblue-collarblue-collarblue-collarblue-collarblue-collarblue-collarblue-collarblue-collarblue-collarblue-collarblue-collarblue-collarblue-collarblue-collarblue-collarblue-collarblue-collarblue-collarblue-collarblue-collarblue-collarblue-collarblue-collarblue-collarblue-collarblue-collarblue-collarblue-collarblue-collarblue-collarblue-collarblue-collarblue-collarblue-collarblue-collarblue-collarblue-collarblue-collarblue-collarblue-collarblue-collarblue-collarblue-collarblue-collarblue-collarblue-collarblue-collarblue-collarblue-collarblue-collarblue-collarblue-collarblue-collarblue-collarblue-collarblue-collarblue-collarblue-collarblue-collarblue-collarblue-collarblue-collarblue-collarblue-collarblue-collarblue-collarblue-collarblue-collarblue-collarblue-collarblue-collarblue-collarblue-collarblue-collarblue-collarblue-collarblue-collarblue-collarblue-collarblue-collarblue-collarblue-collarblue-collarblue-collarblue-collarblue-collarblue-collarblue-collarblue-collarblue-collarblue-collarblue-collarblue-collarblue-collarblue-collarblue-collarblue-collarblue-collarblue-collarblue-collarblue-collarblue-collarblue-collarblue-collarblue-collarblue-collarblue-collarblue-collarblue-collarblue-collarblue-collarblue-collarblue-collarblue-collarblue-collarblue-collarblue-collarblue-collarblue-collarblue-collarblue-collarblue-collarblue-collarblue-collarblue-collarblue-collarblue-collarblue-collarblue-collarblue-collarblue-collarblue-collarblue-collarblue-collarblue-collarblue-collarblue-collarblue-collarblue-collarblue-collarblue-collarblue-collarblue-collarblue-collarblue-collarblue-collarblue-collarblue-collarblue-collarblue-collarblue-collarblue-collarblue-collarblue-collarblue-collarblue-collarblue-collarblue-collarblue-collarblue-collarblue-collarblue-collarblue-collarblue-collarblue-collarblue-collarblue-collarblue-collarblue-collarblue-collarblue-collarblue-collarblue-collarblue-collarblue-collarblue-collarblue-collarblue-collarblue-collarblue-collarblue-collarblue-collarblue-collarblue-collarblue-collarblue-collarblue-collarblue-collarblue-collarblue-collarblue-collarblue-collarblue-collarblue-collarblue-collarblue-collarblue-collarblue-collarblue-collarblue-collarblue-collarblue-collarblue-collarblue-collarblue-collarblue-collarblue-collarblue-collarblue-collarblue-collarblue-collarblue-collarblue-collarblue-collarblue-collarblue-collarblue-collarblue-collarblue-collarblue-collarblue-collarblue-collarblue-collarblue-collarblue-collarblue-collarblue-collarblue-collarblue-collarblue-collarblue-collarblue-collarblue-collarblue-collarblue-collarblue-collarblue-collarblue-collarblue-collarblue-collarblue-collarblue-collarblue-collarblue-collarblue-collarblue-collarblue-collarblue-collarblue-collarblue-collarblue-collarblue-collarblue-collarblue-collarblue-collarblue-collarblue-collarblue-collarblue-collarblue-collarblue-collarblue-collarblue-collarblue-collarblue-collarblue-collarblue-collarblue-collarblue-collarblue-collarblue-collarblue-collarblue-collarblue-collarblue-collarblue-collarblue-collarblue-collarblue-collarblue-collarblue-collarblue-collarblue-collarblue-collarblue-collarblue-collarblue-collarblue-collarblue-collarblue-collarblue-collarblue-collarblue-collarblue-collarblue-collarblue-collarblue-collarblue-collarblue-collarblue-collarblue-collarblue-collarblue-collarblue-collarblue-collarblue-collarblue-collarblue-collarblue-collarblue-collarblue-collarblue-collarblue-collarblue-collarblue-collarblue-collarblue-collarblue-collarblue-collarblue-collarblue-collarblue-collarblue-collarblue-collarblue-collarblue-collarblue-collarblue-collarblue-collarblue-collarblue-collarblue-collarblue-collarblue-collarblue-collarblue-collarblue-collarblue-collarblue-collarblue-collarblue-collarblue-collarblue-collarblue-collarblue-collarblue-collarblue-collarblue-collarblue-collarblue-collarblue-collarblue-collarblue-collarblue-collarblue-collarblue-collarblue-collarblue-collarblue-collarblue-collarblue-collarblue-collarblue-collarblue-collarblue-collarblue-collarblue-collarblue-collarblue-collarblue-collarblue-collarblue-collarblue-collarblue-collarblue-collarblue-collarblue-collarblue-collarblue-collarblue-collarblue-collarblue-collarblue-collarblue-collarblue-collarblue-collarblue-collarblue-collarblue-collarblue-collarblue-collarblue-collarblue-collarblue-collarblue-collarblue-collarblue-collarblue-collarblue-collarblue-collarblue-collarblue-collarblue-collarblue-collarblue-collarblue-collarblue-collarblue-collarblue-collarblue-collarblue-collarblue-collarblue-collarblue-collarblue-collarblue-collarblue-collarblue-collarblue-collarblue-collarblue-collarblue-collarblue-collarblue-collarblue-collarblue-collarblue-collarblue-collarblue-collarblue-collarblue-collarblue-collarblue-collarblue-collarblue-collarblue-collarblue-collarblue-collarblue-collarblue-collarblue-collarblue-collarblue-collarblue-collarblue-collarblue-collarblue-collarblue-collarblue-collarblue-collarblue-collarblue-collarblue-collarblue-collarblue-collarblue-collarblue-collarblue-collarblue-collarblue-collarblue-collarblue-collarblue-collarblue-collarblue-collarblue-collarblue-collarblue-collarblue-collarblue-collarblue-collarblue-collarblue-collarblue-collarblue-collarblue-collarblue-collarblue-collarblue-collarblue-collarblue-collarblue-collarblue-collarblue-collarblue-collarblue-collarblue-collarblue-collarblue-collarblue-collarblue-collarblue-collarblue-collarblue-collarblue-collarblue-collarblue-collarblue-collarblue-collarblue-collarblue-collarblue-collarblue-collarblue-collarblue-collarblue-collarblue-collarblue-collarblue-collarblue-collarblue-collarblue-collarblue-collarblue-collarblue-collarblue-collarblue-collarblue-collarblue-collarblue-collarblue-collarblue-collarblue-collarblue-collarblue-collarblue-collarblue-collarblue-collarblue-collarblue-collarblue-collarblue-collarblue-collarblue-collarblue-collarblue-collarblue-collarblue-collarblue-collarblue-collarblue-collarblue-collarblue-collarblue-collarblue-collarblue-collarblue-collarblue-collarblue-collarblue-collarblue-collarblue-collarblue-collarblue-collarblue-collarblue-collarblue-collarblue-collarblue-collarblue-collarblue-collarblue-collarblue-collarblue-collarblue-collarblue-collarblue-collarblue-collarblue-collarblue-collarblue-collarblue-collarblue-collarblue-collarblue-collarblue-collarblue-collarblue-collarblue-collarblue-collarblue-collarblue-collarblue-collarblue-collarblue-collarblue-collarblue-collarblue-collarblue-collarblue-collarblue-collarblue-collarblue-collarblue-collarblue-collarblue-collarblue-collarblue-collarblue-collarblue-collarblue-collarblue-collarblue-collarblue-collarblue-collarblue-collarblue-collarblue-collarblue-collarblue-collarblue-collarblue-collarblue-collarblue-collarblue-collarblue-collarblue-collarblue-collarblue-collarblue-collarblue-collarblue-collarblue-collarblue-collarblue-collarblue-collarblue-collarblue-collarblue-collarblue-collarblue-collarblue-collarblue-collarblue-collarblue-collarblue-collarblue-collarblue-collarblue-collarblue-collarblue-collarblue-collarblue-collarblue-collarblue-collarblue-collarblue-collarblue-collarblue-collarblue-collarblue-collarblue-collarblue-collarblue-collarblue-collarblue-collarblue-collarblue-collarblue-collarblue-collarblue-collarblue-collarblue-collarblue-collarblue-collarblue-collarblue-collarblue-collarblue-collarblue-collarblue-collarblue-collarblue-collarblue-collarblue-collarblue-collarblue-collarblue-collarblue-collarblue-collarblue-collarblue-collarblue-collarblue-collarblue-collarblue-collarblue-collarblue-collarblue-collarblue-collarblue-collarblue-collarblue-collarblue-collarblue-collarblue-collarblue-collarblue-collarblue-collarblue-collarblue-collarblue-collarblue-collarblue-collarblue-collarblue-collarblue-collarblue-collarblue-collarblue-collarblue-collarblue-collarblue-collarblue-collarblue-collarblue-collarblue-collarblue-collarblue-collarblue-collarblue-collarblue-collarblue-collarblue-collarblue-collarblue-collarblue-collarblue-collarblue-collarblue-collarblue-collarblue-collarblue-collarblue-collarblue-collarblue-collarblue-collarblue-collarblue-collarblue-collarblue-collarblue-collarblue-collarblue-collarblue-collarblue-collarblue-collarblue-collarblue-collarblue-collarblue-collarblue-collarblue-collarblue-collarblue-collarblue-collarblue-collarblue-collarblue-collarblue-collarblue-collarblue-collarblue-collarblue-collarblue-collarblue-collarblue-collarblue-collarblue-collarblue-collarblue-collarblue-collarblue-collarblue-collarblue-collarblue-collarblue-collarblue-collarblue-collarblue-collarblue-collarblue-collarblue-collarblue-collarblue-collarblue-collarblue-collarblue-collarblue-collarblue-collarblue-collarblue-collarblue-collarblue-collarblue-collarblue-collarblue-collarblue-collarblue-collarblue-collarblue-collarblue-collarblue-collarblue-collarblue-collarblue-collarblue-collarblue-collarblue-collarblue-collarblue-collarblue-collarblue-collarblue-collarblue-collarblue-collarblue-collarblue-collarblue-collarblue-collarblue-collarblue-collarblue-collarblue-collarblue-collarblue-collarblue-collarblue-collarblue-collarblue-collarblue-collarblue-collarblue-collarblue-collarblue-collarblue-collarblue-collarblue-collarblue-collarblue-collarblue-collarblue-collarblue-collarblue-collarblue-collarblue-collarblue-collarblue-collarblue-collarblue-collarblue-collarblue-collarblue-collarblue-collarblue-collarblue-collarblue-collarblue-collarblue-collarblue-collarblue-collarblue-collarblue-collarblue-collarblue-collarblue-collarblue-collarblue-collarblue-collarblue-collarblue-collarblue-collarblue-collarblue-collarblue-collarblue-collarblue-collarblue-collarblue-collarblue-collarblue-collarblue-collarblue-collarblue-collarblue-collarblue-collarblue-collarblue-collarblue-collarblue-collarblue-collarblue-collarblue-collarblue-collarblue-collarblue-collarblue-collarblue-collarblue-collarblue-collarblue-collarblue-collarblue-collarblue-collarblue-collarblue-collarblue-collarblue-collarblue-collarblue-collarblue-collarblue-collarblue-collarblue-collarblue-collarblue-collarblue-collarblue-collarblue-collarblue-collarblue-collarblue-collarblue-collarblue-collarblue-collarblue-collarblue-collarblue-collarblue-collarblue-collarblue-collarblue-collarblue-collarblue-collarblue-collarblue-collarblue-collarblue-collarblue-collarblue-collarblue-collarblue-collarblue-collarblue-collarblue-collarblue-collarblue-collarblue-collarblue-collarblue-collarblue-collarblue-collarblue-collarblue-collarblue-collarblue-collarblue-collarblue-collarblue-collarblue-collarblue-collarblue-collarblue-collarblue-collarblue-collarblue-collarblue-collarblue-collarblue-collarblue-collarblue-collarblue-collarblue-collarblue-collarblue-collarblue-collarblue-collarblue-collarblue-collarblue-collarblue-collarblue-collarblue-collarblue-collarblue-collarblue-collarblue-collarblue-collarblue-collarblue-collarblue-collarblue-collarblue-collarblue-collarblue-collarblue-collarblue-collarblue-collarblue-collarblue-collarblue-collarblue-collarblue-collarblue-collarblue-collarblue-collarblue-collarblue-collarblue-collarblue-collarblue-collarblue-collarblue-collarblue-collarblue-collarblue-collarblue-collarblue-collarblue-collarblue-collarblue-collarblue-collarblue-collarblue-collarblue-collarblue-collarblue-collarblue-collarblue-collarblue-collarblue-collarblue-collarblue-collarblue-collarblue-collarblue-collarblue-collarblue-collarblue-collarblue-collarblue-collarblue-collarblue-collarblue-collarblue-collarblue-collarblue-collarblue-collarblue-collarblue-collarblue-collarblue-collarblue-collarblue-collarblue-collarblue-collarblue-collarblue-collarblue-collarblue-collarblue-collarblue-collarblue-collarblue-collarblue-collarblue-collarblue-collarblue-collarblue-collarblue-collarblue-collarblue-collarblue-collarblue-collarblue-collarblue-collarblue-collarblue-collarblue-collarblue-collarblue-collarblue-collarblue-collarblue-collarblue-collarblue-collarblue-collarblue-collarblue-collarblue-collarblue-collarblue-collarblue-collarblue-collarblue-collarblue-collarblue-collarblue-collarblue-collarblue-collarblue-collarblue-collarblue-collarblue-collarblue-collarblue-collarblue-collarblue-collarblue-collarblue-collarblue-collarblue-collarblue-collarblue-collarblue-collarblue-collarblue-collarblue-collarblue-collarblue-collarblue-collarblue-collarblue-collarblue-collarblue-collarblue-collarblue-collarblue-collarblue-collarblue-collarblue-collarblue-collarblue-collarblue-collarblue-collarblue-collarblue-collarblue-collarblue-collarblue-collarblue-collarblue-collarblue-collarblue-collarblue-collarblue-collarblue-collarblue-collarblue-collarblue-collarblue-collarblue-collarblue-collarblue-collarblue-collarblue-collarblue-collarblue-collarblue-collarblue-collarblue-collarblue-collarblue-collarblue-collarblue-collarblue-collarblue-collarblue-collarblue-collarblue-collarblue-collarblue-collarblue-collarblue-collarblue-collarblue-collarblue-collarblue-collarblue-collarblue-collarblue-collarblue-collarblue-collarblue-collarblue-collarblue-collarblue-collarblue-collarblue-collarblue-collarblue-collarblue-collarblue-collarblue-collarblue-collarblue-collarblue-collarblue-collarblue-collarblue-collarblue-collarblue-collarblue-collarblue-collarblue-collarblue-collarblue-collarblue-collarblue-collarblue-collarblue-collarblue-collarblue-collarblue-collarblue-collarblue-collarblue-collarblue-collarblue-collarblue-collarblue-collarblue-collarblue-collarblue-collarblue-collarblue-collarblue-collarblue-collarblue-collarblue-collarblue-collarblue-collarblue-collarblue-collarblue-collarblue-collarblue-collarblue-collarblue-collarblue-collarblue-collarblue-collarblue-collarblue-collarblue-collarblue-collarblue-collarblue-collarblue-collarblue-collarblue-collarblue-collarblue-collarblue-collarblue-collarblue-collarblue-collarblue-collarblue-collarblue-collarblue-collarblue-collarblue-collarblue-collarblue-collarblue-collarblue-collarblue-collarblue-collarblue-collarblue-collarblue-collarblue-collarblue-collarblue-collarblue-collarblue-collarblue-collarblue-collarblue-collarblue-collarblue-collarblue-collarblue-collarblue-collarblue-collarblue-collarblue-collarblue-collarblue-collarblue-collarblue-collarblue-collarblue-collarblue-collarblue-collarblue-collarblue-collarblue-collarblue-collarblue-collarblue-collarblue-collarblue-collarblue-collarblue-collarblue-collarblue-collarblue-collarblue-collarblue-collarblue-collarblue-collarblue-collarblue-collarblue-collarblue-collarblue-collarblue-collarblue-collarblue-collarblue-collarblue-collarblue-collarblue-collarblue-collarblue-collarblue-collarblue-collarblue-collarblue-collarblue-collarblue-collarblue-collarblue-collarblue-collarblue-collarblue-collarblue-collarblue-collarblue-collarblue-collarblue-collarblue-collarblue-collarblue-collarblue-collarblue-collarblue-collarblue-collarblue-collarblue-collarblue-collarblue-collarblue-collarblue-collarblue-collarblue-collarblue-collarblue-collarblue-collarblue-collarblue-collarblue-collarblue-collarblue-collarblue-collarblue-collarblue-collarblue-collarblue-collarblue-collarblue-collarblue-collarblue-collarblue-collarblue-collarblue-collarblue-collarblue-collarblue-collarblue-collarblue-collarblue-collarblue-collarblue-collarblue-collarblue-collarblue-collarblue-collarblue-collarblue-collarblue-collarblue-collarblue-collarblue-collarblue-collarblue-collarblue-collarblue-collarblue-collarblue-collarblue-collarblue-collarblue-collarblue-collarblue-collarblue-collarblue-collarblue-collarblue-collarblue-collarblue-collarblue-collarblue-collarblue-collarblue-collarblue-collarblue-collarblue-collarblue-collarblue-collarblue-collarblue-collarblue-collarblue-collarblue-collarblue-collarblue-collarblue-collarblue-collarblue-collarblue-collarblue-collarblue-collarblue-collarblue-collarblue-collarblue-collarblue-collarblue-collarblue-collarblue-collarblue-collarblue-collarblue-collarblue-collarblue-collarblue-collarblue-collarblue-collarblue-collarblue-collarblue-collarblue-collarblue-collarblue-collarblue-collarblue-collarblue-collarblue-collarblue-collarblue-collarblue-collarblue-collarblue-collarblue-collarblue-collarblue-collarblue-collarblue-collarblue-collarblue-collarblue-collarblue-collarblue-collarblue-collarblue-collarblue-collarblue-collarblue-collarblue-collarblue-collarblue-collarblue-collarblue-collarblue-collarblue-collarblue-collarblue-collarblue-collarblue-collarblue-collarblue-collarblue-collarblue-collarblue-collarblue-collarblue-collarblue-collarblue-collarblue-collarblue-collarblue-collarblue-collarblue-collarblue-collarblue-collarblue-collarblue-collarblue-collarblue-collarblue-collarblue-collarblue-collarblue-collarblue-collarblue-collarblue-collarblue-collarblue-collarblue-collarblue-collarblue-collarblue-collarblue-collarblue-collarblue-collarblue-collarblue-collarblue-collarblue-collarblue-collarblue-collarblue-collarblue-collarblue-collarblue-collarblue-collarblue-collarblue-collarblue-collarblue-collarblue-collarblue-collarblue-collarblue-collarblue-collarblue-collarblue-collarblue-collarblue-collarblue-collarblue-collarblue-collarblue-collarblue-collarblue-collarblue-collarblue-collarblue-collarblue-collarblue-collarblue-collarblue-collarblue-collarblue-collarblue-collarblue-collarblue-collarblue-collarblue-collarblue-collarblue-collarblue-collarblue-collarblue-collarblue-collarblue-collarblue-collarblue-collarblue-collarblue-collarblue-collarblue-collarblue-collarblue-collarblue-collarblue-collarblue-collarblue-collarblue-collarblue-collarblue-collarblue-collarblue-collarblue-collarblue-collarblue-collarblue-collarblue-collarblue-collarblue-collarblue-collarblue-collarblue-collarblue-collarblue-collarblue-collarblue-collarblue-collarblue-collarblue-collarblue-collarblue-collarblue-collarblue-collarblue-collarblue-collarblue-collarblue-collarblue-collarblue-collarblue-collarblue-collarblue-collarblue-collarblue-collarblue-collarblue-collarblue-collarblue-collarblue-collarblue-collarblue-collarblue-collarblue-collarblue-collarblue-collarblue-collarblue-collarblue-collarblue-collarblue-collarblue-collarblue-collarblue-collarblue-collarblue-collarblue-collarblue-collarblue-collarblue-collarblue-collarblue-collarblue-collarblue-collarblue-collarblue-collarblue-collarblue-collarblue-collarblue-collarblue-collarblue-collarblue-collarblue-collarblue-collarblue-collarblue-collarblue-collarblue-collarblue-collarblue-collarblue-collarblue-collarblue-collarblue-collarblue-collarblue-collarblue-collarblue-collarblue-collarblue-collarblue-collarblue-collarblue-collarblue-collarblue-collarblue-collarblue-collarblue-collarblue-collarblue-collarblue-collarblue-collarblue-collarblue-collarblue-collarblue-collarblue-collarblue-collarblue-collarblue-collarblue-collarblue-collarblue-collarblue-collarblue-collarblue-collarblue-collarblue-collarblue-collarblue-collarblue-collarblue-collarblue-collarblue-collarblue-collarblue-collarblue-collarblue-collarblue-collarblue-collarblue-collarblue-collarblue-collarblue-collarblue-collarblue-collarblue-collarblue-collarblue-collarblue-collarblue-collarblue-collarblue-collarblue-collarblue-collarblue-collarblue-collarblue-collarblue-collarblue-collarblue-collarblue-collarblue-collarblue-collarblue-collarblue-collarblue-collarblue-collarblue-collarblue-collarblue-collarblue-collarblue-collarblue-collarblue-collarblue-collarblue-collarblue-collarblue-collarblue-collarblue-collarblue-collarblue-collarblue-collarblue-collarblue-collarblue-collarblue-collarblue-collarblue-collarblue-collarblue-collarblue-collarblue-collarblue-collarblue-collarblue-collarblue-collarblue-collarblue-collarblue-collarblue-collarblue-collarblue-collarblue-collarblue-collarblue-collarblue-collarblue-collarblue-collarblue-collarblue-collarblue-collarblue-collarblue-collarblue-collarblue-collarblue-collarblue-collarblue-collarblue-collarblue-collarblue-collarblue-collarblue-collarblue-collarblue-collarblue-collarblue-collarblue-collarblue-collarblue-collarblue-collarblue-collarblue-collarblue-collarblue-collarblue-collarblue-collarblue-collarblue-collarblue-collarblue-collarblue-collarblue-collarblue-collarblue-collarblue-collarblue-collarblue-collarblue-collarblue-collarblue-collarblue-collarblue-collarblue-collarblue-collarblue-collarblue-collarblue-collarblue-collarblue-collarblue-collarblue-collarblue-collarblue-collarblue-collarblue-collarblue-collarblue-collarblue-collarblue-collarblue-collarblue-collarblue-collarblue-collarblue-collarblue-collarblue-collarblue-collarblue-collarblue-collarblue-collarblue-collarblue-collarblue-collarblue-collarblue-collarblue-collarblue-collarblue-collarblue-collarblue-collarblue-collarblue-collarblue-collarblue-collarblue-collarblue-collarblue-collarblue-collarblue-collarblue-collarblue-collarblue-collarblue-collarblue-collarblue-collarblue-collarblue-collarblue-collarblue-collarblue-collarblue-collarblue-collarblue-collarblue-collarblue-collarblue-collarblue-collarblue-collarblue-collarblue-collarblue-collarblue-collarblue-collarblue-collarblue-collarblue-collarblue-collarblue-collarblue-collarblue-collarblue-collarblue-collarblue-collarblue-collarblue-collarblue-collarblue-collarblue-collarblue-collarblue-collarblue-collarblue-collarblue-collarblue-collarblue-collarblue-collarblue-collarblue-collarblue-collarblue-collarblue-collarblue-collarblue-collarblue-collarblue-collarblue-collarblue-collarblue-collarblue-collarblue-collarblue-collarblue-collarblue-collarblue-collarblue-collarblue-collarblue-collarblue-collarblue-collarblue-collarblue-collarblue-collarblue-collarblue-collarblue-collarblue-collarblue-collarblue-collarblue-collarblue-collarblue-collarblue-collarblue-collarblue-collarblue-collarblue-collarblue-collarblue-collarblue-collarblue-collarblue-collarblue-collarblue-collarblue-collarblue-collarblue-collarblue-collarblue-collarblue-collarblue-collarblue-collarblue-collarblue-collarblue-collarblue-collarblue-collarblue-collarblue-collarblue-collarblue-collarblue-collarblue-collarblue-collarblue-collarblue-collarblue-collarblue-collarblue-collarblue-collarblue-collarblue-collarblue-collarblue-collarblue-collarblue-collarblue-collarblue-collarblue-collarblue-collarblue-collarblue-collarblue-collarblue-collarblue-collarblue-collarblue-collarblue-collarblue-collarblue-collarblue-collarblue-collarblue-collarblue-collarblue-collarblue-collarblue-collarblue-collarblue-collarblue-collarblue-collarblue-collarblue-collarblue-collarblue-collarblue-collarblue-collarblue-collarblue-collarblue-collarblue-collarblue-collarblue-collarblue-collarblue-collarblue-collarblue-collarblue-collarblue-collarblue-collarblue-collarblue-collarblue-collarblue-collarblue-collarblue-collarblue-collarblue-collarblue-collarblue-collarblue-collarblue-collarblue-collarblue-collarblue-collarblue-collarblue-collarblue-collarblue-collarblue-collarblue-collarblue-collarblue-collarblue-collarblue-collarblue-collarblue-collarblue-collarblue-collarblue-collarblue-collarblue-collarblue-collarblue-collarblue-collarblue-collarblue-collarblue-collarblue-collarblue-collarblue-collarblue-collarblue-collarblue-collarblue-collarblue-collarblue-collarblue-collarblue-collarblue-collarblue-collarblue-collarblue-collarblue-collarblue-collarblue-collarblue-collarblue-collarblue-collarblue-collarblue-collarblue-collarblue-collarblue-collarblue-collarblue-collarblue-collarblue-collarblue-collarblue-collarblue-collarblue-collarblue-collarblue-collarblue-collarblue-collarblue-collarblue-collarblue-collarblue-collarblue-collarblue-collarblue-collarblue-collarblue-collarblue-collarblue-collarblue-collarblue-collarblue-collarblue-collarblue-collarblue-collarblue-collarblue-collarblue-collarblue-collarblue-collarblue-collarblue-collarblue-collarblue-collarblue-collarblue-collarblue-collarblue-collarblue-collarblue-collarblue-collarblue-collarblue-collarblue-collarblue-collarblue-collarblue-collarblue-collarblue-collarblue-collarblue-collarblue-collarblue-collarblue-collarblue-collarblue-collarblue-collarblue-collarblue-collarblue-collarblue-collarblue-collarblue-collarblue-collarblue-collarblue-collarblue-collarblue-collarblue-collarblue-collarblue-collarblue-collarblue-collarblue-collarblue-collarblue-collarblue-collarblue-collarblue-collarblue-collarblue-collarblue-collarblue-collarblue-collarblue-collarblue-collarblue-collarblue-collarblue-collarblue-collarblue-collarblue-collarblue-collarblue-collarblue-collarblue-collarblue-collarblue-collarblue-collarblue-collarblue-collarblue-collarblue-collarblue-collarblue-collarblue-collarblue-collarblue-collarblue-collarblue-collarblue-collarblue-collarblue-collarblue-collarblue-collarblue-collarblue-collarblue-collarblue-collarblue-collarblue-collarblue-collarblue-collarblue-collarblue-collarblue-collarblue-collarblue-collarblue-collarblue-collarblue-collarblue-collarblue-collarblue-collarblue-collarblue-collarblue-collarblue-collarblue-collarblue-collarblue-collarblue-collarblue-collarblue-collarblue-collarblue-collarblue-collarblue-collarblue-collarblue-collarblue-collarblue-collarblue-collarblue-collarblue-collarblue-collarblue-collarblue-collarblue-collarblue-collarblue-collarblue-collarblue-collarblue-collarblue-collarblue-collarblue-collarblue-collarblue-collarblue-collarblue-collarblue-collarblue-collarblue-collarblue-collarblue-collarblue-collarblue-collarblue-collarblue-collarblue-collarblue-collarblue-collarblue-collarblue-collarblue-collarblue-collarblue-collarblue-collarblue-collarblue-collarblue-collarblue-collarblue-collarblue-collarblue-collarblue-collarblue-collarblue-collarblue-collarblue-collarblue-collarblue-collarblue-collarblue-collarblue-collarblue-collarblue-collarblue-collarblue-collarblue-collarblue-collarblue-collarblue-collarblue-collarblue-collarblue-collarblue-collarblue-collarblue-collarblue-collarblue-collarblue-collarblue-collarblue-collarblue-collarblue-collarblue-collarblue-collarblue-collarblue-collarblue-collarblue-collarblue-collarblue-collarblue-collarblue-collarblue-collarblue-collarblue-collarblue-collarblue-collarblue-collarblue-collarblue-collarblue-collarblue-collarblue-collarblue-collarblue-collarblue-collarblue-collarblue-collarblue-collarblue-collarblue-collarblue-collarblue-collarblue-collarblue-collarblue-collarblue-collarblue-collarblue-collarblue-collarblue-collarblue-collarblue-collarblue-collarblue-collarblue-collarblue-collarblue-collarblue-collarblue-collarblue-collarblue-collarblue-collarblue-collarblue-collarblue-collarblue-collarblue-collarblue-collarblue-collarblue-collarblue-collarblue-collarblue-collarblue-collarblue-collarblue-collarblue-collarblue-collarblue-collarblue-collarblue-collarblue-collarblue-collarblue-collarblue-collarblue-collarblue-collarblue-collarblue-collarblue-collarblue-collarblue-collarblue-collarblue-collarblue-collarblue-collarblue-collarblue-collarblue-collarblue-collarblue-collarblue-collarblue-collarblue-collarblue-collarblue-collarblue-collarblue-collarblue-collarblue-collarblue-collarblue-collarblue-collarblue-collarblue-collarblue-collarblue-collarblue-collarblue-collarblue-collarblue-collarblue-collarblue-collarblue-collarblue-collarblue-collarblue-collarblue-collarblue-collarblue-collarblue-collarblue-collarblue-collarblue-collarblue-collarblue-collarblue-collarblue-collarblue-collarblue-collarblue-collarblue-collarblue-collarblue-collarblue-collarblue-collarblue-collarblue-collarblue-collarblue-collarblue-collarblue-collarblue-collarblue-collarblue-collarblue-collarblue-collarblue-collarblue-collarblue-collarblue-collarblue-collarblue-collarblue-collarblue-collarblue-collarblue-collarblue-collarblue-collarblue-collarblue-collarblue-collarblue-collarblue-collarblue-collarblue-collarblue-collarblue-collarblue-collarblue-collarblue-collarblue-collarblue-collarblue-collarblue-collarblue-collarblue-collarblue-collarblue-collarblue-collarblue-collarblue-collarblue-collarblue-collarblue-collarblue-collarblue-collarblue-collarblue-collarblue-collarblue-collarblue-collarblue-collarblue-collarblue-collarblue-collarblue-collarblue-collarblue-collarblue-collarblue-collarblue-collarblue-collarblue-collarblue-collarblue-collarblue-collarblue-collarblue-collarblue-collarblue-collarblue-collarblue-collarblue-collarblue-collarblue-collarblue-collarblue-collarblue-collarblue-collarblue-collarblue-collarblue-collarblue-collarblue-collarblue-collarblue-collarblue-collarblue-collarblue-collarblue-collarblue-collarblue-collarblue-collarblue-collarblue-collarblue-collarblue-collarblue-collarblue-collarblue-collarblue-collarblue-collarblue-collarblue-collarblue-collarblue-collarblue-collarblue-collarblue-collarblue-collarblue-collarblue-collarblue-collarblue-collarblue-collarblue-collarblue-collarblue-collarblue-collarblue-collarblue-collarblue-collarblue-collarblue-collarblue-collarblue-collarblue-collarblue-collarblue-collarblue-collarblue-collarblue-collarblue-collarblue-collarblue-collarblue-collarblue-collarblue-collarblue-collarblue-collarblue-collarblue-collarblue-collarblue-collarblue-collarblue-collarblue-collarblue-collarblue-collarblue-collarblue-collarblue-collarblue-collarblue-collarblue-collarblue-collarblue-collarblue-collarblue-collarblue-collarblue-collarblue-collarblue-collarblue-collarblue-collarblue-collarblue-collarblue-collarblue-collarblue-collarblue-collarblue-collarblue-collarblue-collarblue-collarblue-collarblue-collarblue-collarblue-collarblue-collarblue-collarblue-collarblue-collarblue-collarblue-collarblue-collarblue-collarblue-collarblue-collarblue-collarblue-collarblue-collarblue-collarblue-collarblue-collarblue-collarblue-collarblue-collarblue-collarblue-collarblue-collarblue-collarblue-collarblue-collarblue-collarblue-collarblue-collarblue-collarblue-collarblue-collarblue-collarblue-collarblue-collarblue-collarblue-collarblue-collarblue-collarblue-collarblue-collarblue-collarblue-collarblue-collarblue-collarblue-collarblue-collarblue-collarblue-collarblue-collarblue-collarblue-collarblue-collarblue-collarblue-collarblue-collarblue-collarblue-collarblue-collarblue-collarblue-collarblue-collarblue-collarblue-collarblue-collarblue-collarblue-collarblue-collarblue-collarblue-collarblue-collarblue-collarblue-collarblue-collarblue-collarblue-collarblue-collarblue-collarblue-collarblue-collarblue-collarblue-collarblue-collarblue-collarblue-collarblue-collarblue-collarblue-collarblue-collarblue-collarblue-collarblue-collarblue-collarblue-collarblue-collarblue-collarblue-collarblue-collarblue-collarblue-collarblue-collarblue-collarblue-collarblue-collarblue-collarblue-collarblue-collarblue-collarblue-collarblue-collarblue-collarblue-collarblue-collarblue-collarblue-collarblue-collarblue-collarblue-collarblue-collarblue-collarblue-collarblue-collarblue-collarblue-collarblue-collarblue-collarblue-collarblue-collarblue-collarblue-collarblue-collarblue-collarblue-collarblue-collarblue-collarblue-collarblue-collarblue-collarblue-collarblue-collarblue-collarblue-collarblue-collarblue-collarblue-collarblue-collarblue-collarblue-collarblue-collarblue-collarblue-collarblue-collarblue-collarblue-collarblue-collarblue-collarblue-collarblue-collarblue-collarblue-collarblue-collarblue-collarblue-collarblue-collarblue-collarblue-collarblue-collarblue-collarblue-collarblue-collarblue-collarblue-collarblue-collarblue-collarblue-collarblue-collarblue-collarblue-collarblue-collarblue-collarblue-collarblue-collarblue-collarblue-collarblue-collarblue-collarblue-collarblue-collarblue-collarblue-collarblue-collarblue-collarblue-collarblue-collarblue-collarblue-collarblue-collarblue-collarblue-collarblue-collarblue-collarblue-collarblue-collarblue-collarblue-collarblue-collarblue-collarblue-collarblue-collarblue-collarblue-collarblue-collarblue-collarblue-collarblue-collarblue-collarblue-collarblue-collarblue-collarblue-collarblue-collarblue-collarblue-collarblue-collarblue-collarblue-collarblue-collarblue-collarblue-collarblue-collarblue-collarblue-collarblue-collarblue-collarblue-collarblue-collarblue-collarblue-collarblue-collarblue-collarblue-collarblue-collarblue-collarblue-collarblue-collarblue-collarblue-collarblue-collarblue-collarblue-collarblue-collarblue-collarblue-collarblue-collarblue-collarblue-collarblue-collarblue-collarblue-collarblue-collarblue-collarblue-collarblue-collarblue-collarblue-collarblue-collarblue-collarblue-collarblue-collarblue-collarblue-collarblue-collarblue-collarblue-collarblue-collarblue-collarblue-collarblue-collarblue-collarblue-collarblue-collarblue-collarblue-collarblue-collarblue-collarblue-collarblue-collarblue-collarblue-collarblue-collarblue-collarblue-collarblue-collarblue-collarblue-collarblue-collarblue-collarblue-collarblue-collarblue-collarblue-collarblue-collarblue-collarblue-collarblue-collarblue-collarblue-collarblue-collarblue-collarblue-collarblue-collarblue-collarblue-collarblue-collarblue-collarblue-collarblue-collarblue-collarblue-collarblue-collarblue-collarblue-collarblue-collarblue-collarblue-collarblue-collarblue-collarblue-collarblue-collarblue-collarblue-collarblue-collarblue-collarblue-collarblue-collarblue-collarblue-collarblue-collarblue-collarblue-collarblue-collarblue-collarblue-collarblue-collarblue-collarblue-collarblue-collarblue-collarblue-collarblue-collarblue-collarblue-collarblue-collarblue-collarblue-collarblue-collarblue-collarblue-collarblue-collarblue-collarblue-collarblue-collarblue-collarblue-collarblue-collarblue-collarblue-collarblue-collarblue-collarblue-collarblue-collarblue-collarblue-collarblue-collarblue-collarblue-collarblue-collarblue-collarblue-collarblue-collarblue-collarblue-collarblue-collarblue-collarblue-collarblue-collarblue-collarblue-collarblue-collarblue-collarblue-collarblue-collarblue-collarblue-collarblue-collarblue-collarblue-collarblue-collarblue-collarblue-collarblue-collarblue-collarblue-collarblue-collarblue-collarblue-collarblue-collarblue-collarblue-collarblue-collarblue-collarblue-collarblue-collarblue-collarblue-collarblue-collarblue-collarblue-collarblue-collarblue-collarblue-collarblue-collarblue-collarblue-collarblue-collarblue-collarblue-collarblue-collarblue-collarblue-collarblue-collarblue-collarblue-collarblue-collarblue-collarblue-collarblue-collarblue-collarblue-collarblue-collarblue-collarblue-collarblue-collarblue-collarblue-collarblue-collarblue-collarblue-collarblue-collarblue-collarblue-collarblue-collarblue-collarblue-collarblue-collarblue-collarblue-collarblue-collarblue-collarblue-collarblue-collarblue-collarblue-collarblue-collarblue-collarblue-collarblue-collarblue-collarblue-collarblue-collarblue-collarblue-collarblue-collarblue-collarblue-collarblue-collarblue-collarblue-collarblue-collarblue-collarblue-collarblue-collarblue-collarblue-collarblue-collarblue-collarblue-collarblue-collarblue-collarblue-collarblue-collarblue-collarblue-collarblue-collarblue-collarblue-collarblue-collarblue-collarblue-collarblue-collarblue-collarblue-collarblue-collarblue-collarblue-collarblue-collarblue-collarblue-collarblue-collarblue-collarblue-collarblue-collarblue-collarblue-collarblue-collarblue-collarblue-collarblue-collarblue-collarblue-collarblue-collarblue-collarblue-collarblue-collarblue-collarblue-collarblue-collarblue-collarblue-collarblue-collarblue-collarblue-collarblue-collarblue-collarblue-collarblue-collarblue-collarblue-collarblue-collarblue-collarblue-collarblue-collarblue-collarblue-collarblue-collarblue-collarblue-collarblue-collarblue-collarblue-collarblue-collarblue-collarblue-collarblue-collarblue-collarblue-collarblue-collarblue-collarblue-collarblue-collarblue-collarblue-collarblue-collarblue-collarblue-collarblue-collarblue-collarblue-collarblue-collarblue-collarblue-collarblue-collarblue-collarblue-collarblue-collarblue-collarblue-collarblue-collarblue-collarblue-collarblue-collarblue-collarblue-collarblue-collarblue-collarblue-collarblue-collarblue-collarblue-collarblue-collarblue-collarblue-collarblue-collarblue-collarblue-collarblue-collarblue-collarblue-collarblue-collarblue-collarblue-collarblue-collarblue-collarblue-collarblue-collarblue-collarblue-collarblue-collarblue-collarblue-collarblue-collarblue-collarblue-collarblue-collarblue-collarblue-collarblue-collarblue-collarblue-collarblue-collarblue-collarblue-collarblue-collarblue-collarblue-collarblue-collarblue-collarblue-collarblue-collarblue-collarblue-collarblue-collarblue-collarblue-collarblue-collarblue-collarblue-collarblue-collarblue-collarblue-collarblue-collarblue-collarblue-collarblue-collarblue-collarblue-collarblue-collarblue-collarblue-collarblue-collarblue-collarblue-collarblue-collarblue-collarblue-collarblue-collarblue-collarblue-collarblue-collarblue-collarblue-collarblue-collarblue-collarblue-collarblue-collarblue-collarblue-collarblue-collarblue-collarblue-collarblue-collarblue-collarblue-collarblue-collarblue-collarblue-collarblue-collarblue-collarblue-collarblue-collarblue-collarblue-collarblue-collarblue-collarblue-collarblue-collarblue-collarblue-collarblue-collarblue-collarblue-collarblue-collarblue-collarblue-collarblue-collarblue-collarblue-collarblue-collarblue-collarblue-collarblue-collarblue-collarblue-collarblue-collarblue-collarblue-collarblue-collarblue-collarblue-collarblue-collarblue-collarblue-collarblue-collarblue-collarblue-collarblue-collarblue-collarblue-collarblue-collarblue-collarblue-collarblue-collarblue-collarblue-collarblue-collarblue-collarblue-collarblue-collarblue-collarblue-collarblue-collarblue-collarblue-collarblue-collarblue-collarblue-collarblue-collarblue-collarblue-collarblue-collarblue-collarblue-collarblue-collarblue-collarblue-collarblue-collarblue-collarblue-collarblue-collarblue-collarblue-collarblue-collarblue-collarblue-collarblue-collarblue-collarblue-collarblue-collarblue-collarblue-collarblue-collarblue-collarblue-collarblue-collarblue-collarblue-collarblue-collarblue-collarblue-collarblue-collarblue-collarblue-collarblue-collarblue-collarblue-collarblue-collarblue-collarblue-collarblue-collarblue-collarblue-collarblue-collarblue-collarblue-collarblue-collarblue-collarblue-collarblue-collarblue-collarblue-collarblue-collarblue-collarblue-collarblue-collarblue-collarblue-collarblue-collarblue-collarblue-collarblue-collarblue-collarblue-collarblue-collarblue-collarblue-collarblue-collarblue-collarblue-collarblue-collarblue-collarblue-collarblue-collarblue-collarblue-collarblue-collarblue-collarblue-collarblue-collarblue-collarblue-collarblue-collarblue-collarblue-collarblue-collarblue-collarblue-collarblue-collarblue-collarblue-collarblue-collarblue-collarblue-collarblue-collarblue-collarblue-collarblue-collarblue-collarblue-collarblue-collarblue-collarblue-collarblue-collarblue-collarblue-collarblue-collarblue-collarblue-collarblue-collarblue-collarblue-collarblue-collarblue-collarblue-collarblue-collarblue-collarblue-collarblue-collarblue-collarblue-collarblue-collarblue-collarblue-collarblue-collarblue-collarblue-collarblue-collarblue-collarblue-collarblue-collarblue-collarblue-collarblue-collarblue-collarblue-collarblue-collarblue-collarblue-collarblue-collarblue-collarblue-collarblue-collarblue-collarblue-collarblue-collarblue-collarblue-collarblue-collarblue-collarblue-collarblue-collarblue-collarblue-collarblue-collarblue-collarblue-collarblue-collarblue-collarblue-collarblue-collarblue-collarblue-collarblue-collarblue-collarblue-collarblue-collarblue-collarblue-collarblue-collarblue-collarblue-collarblue-collarblue-collarblue-collarblue-collarblue-collarblue-collarblue-collarblue-collarblue-collarblue-collarblue-collarblue-collarblue-collarblue-collarblue-collarblue-collarblue-collarblue-collarblue-collarblue-collarblue-collarblue-collarblue-collarblue-collarblue-collarblue-collarblue-collarblue-collarblue-collarblue-collarblue-collarblue-collarblue-collarblue-collarblue-collarblue-collarblue-collarblue-collarblue-collarblue-collarblue-collarblue-collarblue-collarblue-collarblue-collarblue-collarblue-collarblue-collarblue-collarblue-collarblue-collarblue-collarblue-collarblue-collarblue-collarblue-collarblue-collarblue-collarblue-collarblue-collarblue-collarblue-collarblue-collarblue-collarblue-collarblue-collarblue-collarblue-collarblue-collarblue-collarblue-collarblue-collarblue-collarblue-collarblue-collarblue-collarblue-collarblue-collarblue-collarblue-collarblue-collarblue-collarblue-collarblue-collarblue-collarblue-collarblue-collarblue-collarblue-collarblue-collarblue-collarblue-collarblue-collarblue-collarblue-collarblue-collarblue-collarblue-collarblue-collarblue-collarblue-collarblue-collarblue-collarblue-collarblue-collarblue-collarblue-collarblue-collarblue-collarblue-collarblue-collarblue-collarblue-collarblue-collarblue-collarblue-collarblue-collarblue-collarblue-collarblue-collarblue-collarblue-collarblue-collarblue-collarblue-collarblue-collarblue-collarblue-collarblue-collarblue-collarblue-collarblue-collarblue-collarblue-collarblue-collarblue-collarblue-collarblue-collarblue-collarblue-collarblue-collarblue-collarblue-collarblue-collarblue-collarblue-collarblue-collarblue-collarblue-collarblue-collarblue-collarblue-collarblue-collarblue-collarblue-collarblue-collarblue-collarblue-collarblue-collarblue-collarblue-collarblue-collarblue-collarblue-collarblue-collarblue-collarblue-collarblue-collarblue-collarblue-collarblue-collarblue-collarblue-collarblue-collarblue-collarblue-collarblue-collarblue-collarblue-collarblue-collarblue-collarblue-collarblue-collarblue-collarblue-collarblue-collarblue-collarblue-collarblue-collarblue-collarblue-collarblue-collarblue-collarblue-collarblue-collarblue-collarblue-collarblue-collarblue-collarblue-collarblue-collarblue-collarblue-collarblue-collarblue-collarblue-collarblue-collarblue-collarblue-collarblue-collarblue-collarblue-collarblue-collarblue-collarblue-collarblue-collarblue-collarblue-collarblue-collarblue-collarblue-collarblue-collarblue-collarblue-collarblue-collarblue-collarblue-collarblue-collarblue-collarblue-collarblue-collarblue-collarblue-collarblue-collarblue-collarblue-collarblue-collarblue-collarblue-collarblue-collarblue-collarblue-collarblue-collarblue-collarblue-collarblue-collarblue-collarblue-collarblue-collarblue-collarblue-collarblue-collarblue-collarblue-collarblue-collarblue-collarblue-collarblue-collarblue-collarblue-collarblue-collarblue-collarblue-collarblue-collarblue-collarblue-collarblue-collarblue-collarblue-collarblue-collarblue-collarblue-collarblue-collarblue-collarblue-collarblue-collarblue-collarblue-collarblue-collarblue-collarblue-collarblue-collarblue-collarblue-collarblue-collarblue-collarblue-collarblue-collarblue-collarblue-collarblue-collarblue-collarblue-collarblue-collarblue-collarblue-collarblue-collarblue-collarblue-collarblue-collarblue-collarblue-collarblue-collarblue-collarblue-collarblue-collarblue-collarblue-collarblue-collarblue-collarblue-collarblue-collarblue-collarblue-collarblue-collarblue-collarblue-collarblue-collarblue-collarblue-collarblue-collarblue-collarblue-collarblue-collarblue-collarblue-collarblue-collarblue-collarblue-collarblue-collarblue-collarblue-collarblue-collarblue-collarblue-collarblue-collarblue-collarblue-collarblue-collarblue-collarblue-collarblue-collarblue-collarblue-collarblue-collarblue-collarblue-collarblue-collarblue-collarblue-collarblue-collarblue-collarblue-collarblue-collarblue-collarblue-collarblue-collarblue-collarblue-collarblue-collarblue-collarblue-collarblue-collarblue-collarblue-collarblue-collarblue-collarblue-collarblue-collarblue-collarblue-collarblue-collarblue-collarblue-collarblue-collarblue-collarblue-collarblue-collarblue-collarblue-collarblue-collarblue-collarblue-collarblue-collarblue-collarblue-collarblue-collarblue-collarblue-collarblue-collarblue-collarblue-collarblue-collarblue-collarblue-collarblue-collarblue-collarblue-collarblue-collarblue-collarblue-collarblue-collarblue-collarblue-collarblue-collarblue-collarblue-collarblue-collarblue-collarblue-collarblue-collarblue-collarblue-collarblue-collarblue-collarblue-collarblue-collarblue-collarblue-collarblue-collarblue-collarblue-collarblue-collarblue-collarblue-collarblue-collarblue-collarblue-collarblue-collarblue-collarblue-collarblue-collarblue-collarblue-collarblue-collarblue-collarblue-collarblue-collarblue-collarblue-collarblue-collarblue-collarblue-collarblue-collarblue-collarblue-collarblue-collarblue-collarblue-collarblue-collarblue-collarblue-collarblue-collarblue-collarblue-collarblue-collarblue-collarblue-collarblue-collarblue-collarblue-collarblue-collarblue-collarblue-collarblue-collarblue-collarblue-collarblue-collarblue-collarblue-collarblue-collarblue-collarblue-collarblue-collarblue-collarblue-collarblue-collarblue-collarblue-collarblue-collarblue-collarblue-collarblue-collarblue-collarblue-collarblue-collarblue-collarblue-collarblue-collarblue-collarblue-collarblue-collarblue-collarblue-collarblue-collarblue-collarblue-collarblue-collarblue-collarblue-collarblue-collarblue-collarblue-collarblue-collarblue-collarblue-collarblue-collarblue-collarblue-collarblue-collarblue-collarblue-collarblue-collarblue-collarblue-collarblue-collarblue-collarblue-collarblue-collarblue-collarblue-collarblue-collarblue-collarblue-collarblue-collarblue-collarblue-collarblue-collarblue-collarblue-collarblue-collarblue-collarblue-collarblue-collarblue-collarblue-collarblue-collarblue-collarblue-collarblue-collarblue-collarblue-collarblue-collarblue-collarblue-collarblue-collarblue-collarblue-collarblue-collarblue-collarblue-collarblue-collarblue-collarblue-collarblue-collarblue-collarblue-collarblue-collarblue-collarblue-collarblue-collarblue-collarblue-collarblue-collarblue-collarblue-collarblue-collarblue-collarblue-collarblue-collarblue-collarblue-collarblue-collarblue-collarblue-collarblue-collarblue-collarblue-collarblue-collarblue-collarblue-collarblue-collarblue-collarblue-collarblue-collarblue-collarblue-collarblue-collarblue-collarblue-collarblue-collarblue-collarblue-collarblue-collarblue-collarblue-collarblue-collarblue-collarblue-collarblue-collarblue-collarblue-collarblue-collarblue-collarblue-collarblue-collarblue-collarblue-collarblue-collarblue-collarblue-collarblue-collarblue-collarblue-collarblue-collarblue-collarblue-collarblue-collarblue-collarblue-collarblue-collarblue-collarblue-collarblue-collarblue-collarblue-collarblue-collarblue-collarblue-collarblue-collarblue-collarblue-collarblue-collarblue-collarblue-collarblue-collarblue-collarblue-collarblue-collarblue-collarblue-collarblue-collarblue-collarblue-collarblue-collarblue-collarblue-collarblue-collarblue-collarblue-collarblue-collarblue-collarblue-collarblue-collarblue-collarblue-collarblue-collarblue-collarblue-collarblue-collarblue-collarblue-collarblue-collarblue-collarblue-collarblue-collarblue-collarblue-collarblue-collarblue-collarblue-collarblue-collarblue-collarblue-collarblue-collarblue-collarblue-collarblue-collarblue-collarblue-collarblue-collarblue-collarblue-collarblue-collarblue-collarblue-collarblue-collarblue-collarblue-collarblue-collarblue-collarblue-collarblue-collarblue-collarblue-collarblue-collarblue-collarblue-collarblue-collarblue-collarblue-collarblue-collarblue-collarblue-collarblue-collarblue-collarblue-collarblue-collarblue-collarblue-collarblue-collarblue-collarblue-collarblue-collarblue-collarblue-collarblue-collarblue-collarblue-collarblue-collarblue-collarblue-collarblue-collarblue-collarblue-collarblue-collarblue-collarblue-collarblue-collarblue-collarblue-collarblue-collarblue-collarblue-collarblue-collarblue-collarblue-collarblue-collarblue-collarblue-collarblue-collarblue-collarblue-collarblue-collarblue-collarblue-collarblue-collarblue-collarblue-collarblue-collarblue-collarblue-collarblue-collarblue-collarblue-collarblue-collarblue-collarblue-collarblue-collarblue-collarblue-collarblue-collarblue-collarblue-collarblue-collarblue-collarblue-collarblue-collarblue-collarblue-collarblue-collarblue-collarblue-collarblue-collarblue-collarblue-collarblue-collarblue-collarblue-collarblue-collarblue-collarblue-collarblue-collarblue-collarblue-collarblue-collarblue-collarblue-collarblue-collarblue-collarblue-collarblue-collarblue-collarblue-collarblue-collarblue-collarblue-collarblue-collarblue-collarblue-collarblue-collarblue-collarblue-collarblue-collarblue-collarblue-collarblue-collarblue-collarblue-collarblue-collarblue-collarblue-collarblue-collarblue-collarblue-collarblue-collarblue-collarblue-collarblue-collarblue-collarblue-collarblue-collarblue-collarblue-collarblue-collarblue-collarblue-collarblue-collarblue-collarblue-collarblue-collarblue-collarblue-collarblue-collarblue-collarblue-collarblue-collarblue-collarblue-collarblue-collarblue-collarblue-collarblue-collarblue-collarblue-collarblue-collarblue-collarblue-collarblue-collarblue-collarblue-collarblue-collarblue-collarblue-collarblue-collarblue-collarblue-collarblue-collarblue-collarblue-collarblue-collarblue-collarblue-collarblue-collarblue-collarblue-collarblue-collarblue-collarblue-collarblue-collarblue-collarblue-collarblue-collarblue-collarblue-collarblue-collarblue-collarblue-collarblue-collarblue-collarblue-collarblue-collarblue-collarblue-collarblue-collarblue-collarblue-collarblue-collarblue-collarblue-collarblue-collarblue-collarblue-collarblue-collarblue-collarblue-collarblue-collarblue-collarblue-collarblue-collarblue-collarblue-collarblue-collarblue-collarblue-collarblue-collarblue-collarblue-collarblue-collarblue-collarblue-collarblue-collarblue-collarblue-collarblue-collarblue-collarblue-collarblue-collarblue-collarblue-collarblue-collarblue-collarblue-collarblue-collarblue-collarblue-collarblue-collarblue-collarblue-collarblue-collarblue-collarblue-collarblue-collarblue-collarblue-collarblue-collarblue-collarblue-collarblue-collarblue-collarblue-collarblue-collarblue-collarblue-collarblue-collarblue-collarblue-collarblue-collarblue-collarblue-collarblue-collarblue-collarblue-collarblue-collarblue-collarblue-collarblue-collarblue-collarblue-collarblue-collarblue-collarblue-collarblue-collarblue-collarblue-collarblue-collarblue-collarblue-collarblue-collarblue-collarblue-collarblue-collarblue-collarblue-collarblue-collarblue-collarblue-collarblue-collarblue-collarblue-collarblue-collarblue-collarblue-collarblue-collarblue-collarblue-collarblue-collarblue-collarblue-collarblue-collarblue-collarblue-collarblue-collarblue-collarblue-collarblue-collarblue-collarblue-collarblue-collarblue-collarblue-collarblue-collarblue-collarblue-collarblue-collarblue-collarblue-collarblue-collarblue-collarblue-collarblue-collarblue-collarblue-collarblue-collarblue-collarblue-collarblue-collarblue-collarblue-collarblue-collarblue-collarblue-collarblue-collarblue-collarblue-collarblue-collarblue-collarblue-collarblue-collarblue-collarblue-collarblue-collarblue-collarblue-collarblue-collarblue-collarblue-collarblue-collarblue-collarblue-collarblue-collarblue-collarblue-collarblue-collarblue-collarblue-collarblue-collarblue-collarblue-collarblue-collarblue-collarblue-collarblue-collarblue-collarblue-collarblue-collarblue-collarblue-collarblue-collarblue-collarblue-collarblue-collarblue-collarblue-collarblue-collarblue-collarblue-collarblue-collarblue-collarblue-collarblue-collarblue-collarblue-collarblue-collarblue-collarblue-collarblue-collarblue-collarblue-collarblue-collarblue-collarblue-collarblue-collarblue-collarblue-collarblue-collarblue-collarblue-collarblue-collarblue-collarblue-collarblue-collarblue-collarblue-collarblue-collarblue-collarblue-collarblue-collarblue-collarblue-collarblue-collarblue-collarblue-collarblue-collarblue-collarblue-collarblue-collarblue-collarblue-collarblue-collarblue-collarblue-collarblue-collarblue-collarblue-collarblue-collarblue-collarblue-collarblue-collarblue-collarblue-collarblue-collarblue-collarblue-collarblue-collarblue-collarblue-collarblue-collarblue-collarblue-collarblue-collarblue-collarblue-collarblue-collarblue-collarblue-collarblue-collarblue-collarblue-collarblue-collarblue-collarblue-collarblue-collarblue-collarblue-collarblue-collarblue-collarblue-collarblue-collarblue-collarblue-collarblue-collarblue-collarblue-collarblue-collarblue-collarblue-collarblue-collarblue-collarblue-collarblue-collarblue-collarblue-collarblue-collarblue-collarblue-collarblue-collarblue-collarblue-collarblue-collarblue-collarblue-collarblue-collarblue-collarblue-collarblue-collarblue-collarblue-collarblue-collarblue-collarblue-collarblue-collarblue-collarblue-collarblue-collarblue-collarblue-collarblue-collarblue-collarblue-collarblue-collarblue-collarblue-collarblue-collarblue-collarblue-collarblue-collarblue-collarblue-collarblue-collarblue-collarblue-collarblue-collarblue-collarblue-collarblue-collarblue-collarblue-collarblue-collarblue-collarblue-collarblue-collarblue-collarblue-collarblue-collarblue-collarblue-collarblue-collarblue-collarblue-collarblue-collarblue-collarblue-collarblue-collarblue-collarblue-collarblue-collarblue-collarblue-collarblue-collarblue-collarblue-collarblue-collarblue-collarblue-collarblue-collarblue-collarblue-collarblue-collarblue-collarblue-collarblue-collarblue-collarblue-collarblue-collarblue-collarblue-collarblue-collarblue-collarblue-collarblue-collarblue-collarblue-collarblue-collarblue-collarblue-collarblue-collarblue-collarblue-collarblue-collarblue-collarblue-collarblue-collarblue-collarblue-collarblue-collarblue-collarblue-collarblue-collarblue-collarblue-collarblue-collarblue-collarblue-collarblue-collarblue-collarblue-collarblue-collarblue-collarblue-collarblue-collarblue-collarblue-collarblue-collarblue-collarblue-collarblue-collarblue-collarblue-collarblue-collarblue-collarblue-collarblue-collarblue-collarblue-collarblue-collarblue-collarblue-collarblue-collarblue-collarblue-collarblue-collarblue-collarblue-collarblue-collarblue-collarblue-collarblue-collarblue-collarblue-collarblue-collarblue-collarblue-collarblue-collarblue-collarblue-collarblue-collarblue-collarblue-collarblue-collarblue-collarblue-collarblue-collarblue-collarblue-collarblue-collarblue-collarblue-collarblue-collarblue-collarblue-collarblue-collarblue-collarblue-collarblue-collarblue-collarblue-collarblue-collarblue-collarblue-collarblue-collarblue-collarblue-collarblue-collarblue-collarblue-collarblue-collarblue-collarblue-collarblue-collarblue-collarblue-collarblue-collarblue-collarblue-collarblue-collarblue-collarblue-collarblue-collarblue-collarblue-collarblue-collarblue-collarblue-collarblue-collarblue-collarblue-collarblue-collarblue-collarblue-collarblue-collarblue-collarblue-collarblue-collarblue-collarblue-collarblue-collarblue-collarblue-collarblue-collarblue-collarblue-collarblue-collarblue-collarblue-collarblue-collarblue-collarblue-collarblue-collarblue-collarblue-collarblue-collarblue-collarblue-collarblue-collarblue-collarblue-collarblue-collarblue-collarblue-collarblue-collarblue-collarblue-collarblue-collarblue-collarblue-collarblue-collarblue-collarblue-collarblue-collarblue-collarblue-collarblue-collarblue-collarblue-collarblue-collarblue-collarblue-collarblue-collarblue-collarblue-collarblue-collarblue-collarblue-collarblue-collarblue-collarblue-collarblue-collarblue-collarblue-collarblue-collarblue-collarblue-collarblue-collarblue-collarblue-collarblue-collarblue-collarblue-collarblue-collarblue-collarblue-collarblue-collarblue-collarblue-collarblue-collarblue-collarblue-collarblue-collarblue-collarblue-collarblue-collarblue-collarblue-collarblue-collarblue-collarblue-collarblue-collarblue-collarblue-collarblue-collarblue-collarblue-collarblue-collarblue-collarblue-collarblue-collarblue-collarblue-collarblue-collarblue-collarblue-collarblue-collarblue-collarblue-collarblue-collarblue-collarblue-collarblue-collarblue-collarblue-collarblue-collarblue-collarblue-collarblue-collarblue-collarblue-collarblue-collarblue-collarblue-collarblue-collarblue-collarblue-collarblue-collarblue-collarblue-collarblue-collarblue-collarblue-collarblue-collarblue-collarblue-collarblue-collarblue-collarblue-collarblue-collarblue-collarblue-collarblue-collarblue-collarblue-collarblue-collarblue-collarblue-collarblue-collarblue-collarblue-collarblue-collarblue-collarblue-collarblue-collarblue-collarblue-collarblue-collarblue-collarblue-collarblue-collarblue-collarblue-collarblue-collarblue-collarblue-collarblue-collarblue-collarblue-collarblue-collarblue-collarblue-collarblue-collarblue-collarblue-collarblue-collarblue-collarblue-collarblue-collarblue-collarblue-collarblue-collarblue-collarblue-collarblue-collarblue-collarblue-collarblue-collarblue-collarblue-collarblue-collarblue-collarblue-collarblue-collarblue-collarblue-collarblue-collarblue-collarblue-collarblue-collarblue-collarblue-collarblue-collarblue-collarblue-collarblue-collarblue-collarblue-collarblue-collarblue-collarblue-collarblue-collarblue-collarblue-collarblue-collarblue-collarblue-collarblue-collarblue-collarblue-collarblue-collarblue-collarblue-collarblue-collarblue-collarblue-collarblue-collarblue-collarblue-collarblue-collarblue-collarblue-collarblue-collarblue-collarblue-collarblue-collarblue-collarblue-collarblue-collarblue-collarblue-collarblue-collarblue-collarblue-collarblue-collarblue-collarblue-collarblue-collarblue-collarblue-collarblue-collarblue-collarblue-collarblue-collarblue-collarblue-collarblue-collarblue-collarblue-collarblue-collarblue-collarblue-collarblue-collarblue-collarblue-collarblue-collarblue-collarblue-collarblue-collarblue-collarblue-collarblue-collarblue-collarblue-collarblue-collarblue-collarblue-collarblue-collarblue-collarblue-collarblue-collarblue-collarblue-collarblue-collarblue-collarblue-collarblue-collarblue-collarblue-collarblue-collarblue-collarblue-collarblue-collarblue-collarblue-collarblue-collarblue-collarblue-collarblue-collarblue-collarblue-collarblue-collarblue-collarblue-collarblue-collarblue-collarblue-collarblue-collarblue-collarblue-collarblue-collarblue-collarblue-collarblue-collarblue-collarblue-collarblue-collarblue-collarblue-collarblue-collarblue-collarblue-collarblue-collarblue-collarblue-collarblue-collarblue-collarblue-collarblue-collarblue-collarblue-collarblue-collarblue-collarblue-collarblue-collarblue-collarblue-collarblue-collarblue-collarblue-collarblue-collarblue-collarblue-collarblue-collarblue-collarblue-collarblue-collarblue-collarblue-collarblue-collarblue-collarblue-collarblue-collarblue-collarblue-collarblue-collarblue-collarblue-collarblue-collarblue-collarblue-collarblue-collarblue-collarblue-collarblue-collarblue-collarblue-collarblue-collarblue-collarblue-collarblue-collarblue-collarblue-collarblue-collarblue-collarblue-collarblue-collarblue-collarblue-collarblue-collarblue-collarblue-collarblue-collarblue-collarblue-collarblue-collarblue-collarblue-collarblue-collarblue-collarblue-collarblue-collarblue-collarblue-collarblue-collarblue-collarblue-collarblue-collarblue-collarblue-collarblue-collarblue-collarblue-collarblue-collarblue-collarblue-collarblue-collarblue-collarblue-collarblue-collarblue-collarblue-collarblue-collarblue-collarblue-collarblue-collarblue-collarblue-collarblue-collarblue-collarblue-collarblue-collarblue-collarblue-collarblue-collarblue-collarblue-collarblue-collarblue-collarblue-collarblue-collarblue-collarblue-collarblue-collarblue-collarblue-collarblue-collarblue-collarblue-collarblue-collarblue-collarblue-collarblue-collarblue-collarblue-collarblue-collarblue-collarblue-collarblue-collarblue-collarblue-collarblue-collarblue-collarblue-collarblue-collarblue-collarblue-collarblue-collarblue-collarblue-collarblue-collarblue-collarblue-collarblue-collarblue-collarblue-collarblue-collarblue-collarblue-collarblue-collarblue-collarblue-collarblue-collarblue-collarblue-collarblue-collarblue-collarblue-collarblue-collarblue-collarblue-collarblue-collarblue-collarblue-collarblue-collarblue-collarblue-collarblue-collarblue-collarblue-collarblue-collarblue-collarblue-collarblue-collarblue-collarblue-collarblue-collarblue-collarblue-collarblue-collarblue-collarblue-collarblue-collarblue-collarblue-collarblue-collarblue-collarblue-collarblue-collarblue-collarblue-collarblue-collarblue-collarblue-collarblue-collarblue-collarblue-collarblue-collarblue-collarblue-collarblue-collarblue-collarblue-collarblue-collarblue-collarblue-collarblue-collarblue-collarblue-collarblue-collarblue-collarblue-collarblue-collarblue-collarblue-collarblue-collarblue-collarblue-collarblue-collarblue-collarblue-collarblue-collarblue-collarblue-collarblue-collarblue-collarblue-collarblue-collarblue-collarblue-collarblue-collarblue-collarblue-collarblue-collarblue-collarblue-collarblue-collarblue-collarblue-collarblue-collarblue-collarblue-collarblue-collarblue-collarblue-collarblue-collarblue-collarblue-collarblue-collarblue-collarblue-collarblue-collarblue-collarblue-collarblue-collarblue-collarblue-collarblue-collarblue-collarblue-collarblue-collarblue-collarblue-collarblue-collarblue-collarblue-collarblue-collarblue-collarblue-collarblue-collarblue-collarblue-collarblue-collarblue-collarblue-collarblue-collarblue-collarblue-collarblue-collarblue-collarblue-collarblue-collarblue-collarblue-collarblue-collarblue-collarblue-collarblue-collarblue-collarblue-collarblue-collarblue-collarblue-collarblue-collarblue-collarblue-collarblue-collarblue-collarblue-collarblue-collarblue-collarblue-collarblue-collarblue-collarblue-collarblue-collarblue-collarblue-collarblue-collarblue-collarblue-collarblue-collarblue-collarblue-collarblue-collarblue-collarblue-collarblue-collarblue-collarblue-collarblue-collarblue-collarblue-collarblue-collarblue-collarblue-collarblue-collarblue-collarblue-collarblue-collarblue-collarblue-collarblue-collarblue-collarblue-collarblue-collarblue-collarblue-collarblue-collarblue-collarblue-collarblue-collarblue-collarblue-collarblue-collarblue-collarblue-collarblue-collarblue-collarblue-collarblue-collarblue-collarblue-collarblue-collarblue-collarblue-collarblue-collarblue-collarblue-collarblue-collarblue-collarblue-collarblue-collarblue-collarblue-collarblue-collarblue-collarblue-collarblue-collarblue-collarblue-collarblue-collarblue-collarblue-collarblue-collarblue-collarblue-collarblue-collarblue-collarblue-collarblue-collarblue-collarblue-collarblue-collarblue-collarblue-collarblue-collarblue-collarblue-collarblue-collarblue-collarblue-collarblue-collarblue-collarblue-collarblue-collarblue-collarblue-collarblue-collarblue-collarblue-collarblue-collarblue-collarblue-collarblue-collarblue-collarblue-collarblue-collarblue-collarblue-collarblue-collarblue-collarblue-collarblue-collarblue-collarblue-collarblue-collarblue-collarblue-collarblue-collarblue-collarblue-collarblue-collarblue-collarblue-collarblue-collarblue-collarblue-collarblue-collarblue-collarblue-collarblue-collarblue-collarblue-collarblue-collarblue-collarblue-collarblue-collarblue-collarblue-collarblue-collarblue-collarblue-collarblue-collarblue-collarblue-collarblue-collarblue-collarblue-collarblue-collarblue-collarblue-collarblue-collarblue-collarblue-collarblue-collarblue-collarblue-collarblue-collarblue-collarblue-collarblue-collarblue-collarblue-collarblue-collarblue-collarblue-collarblue-collarblue-collarblue-collarblue-collarblue-collarblue-collarblue-collarblue-collarblue-collarblue-collarblue-collarblue-collarblue-collarblue-collarblue-collarblue-collarblue-collarblue-collarblue-collarblue-collarblue-collarblue-collarblue-collarblue-collarblue-collarblue-collarblue-collarblue-collarblue-collarblue-collarblue-collarblue-collarblue-collarblue-collarblue-collarblue-collarblue-collarblue-collarblue-collarblue-collarblue-collarblue-collarblue-collarblue-collarblue-collarblue-collarblue-collarblue-collarblue-collarblue-collarblue-collarblue-collarblue-collarblue-collarblue-collarblue-collarblue-collarblue-collarblue-collarblue-collarblue-collarblue-collarblue-collarblue-collarblue-collarblue-collarblue-collarblue-collarblue-collarblue-collarblue-collarblue-collarblue-collarblue-collarblue-collarblue-collarblue-collarblue-collarblue-collarblue-collarblue-collarblue-collarblue-collarblue-collarblue-collarblue-collarblue-collarblue-collarblue-collarblue-collarblue-collarblue-collarblue-collarblue-collarblue-collarblue-collarblue-collarblue-collarblue-collarblue-collarblue-collarblue-collarblue-collarblue-collarblue-collarblue-collarblue-collarblue-collarblue-collarblue-collarblue-collarblue-collarblue-collarblue-collarblue-collarblue-collarblue-collarblue-collarblue-collarblue-collarblue-collarblue-collarblue-collarblue-collarblue-collarblue-collarblue-collarblue-collarblue-collarblue-collarblue-collarblue-collarblue-collarblue-collarblue-collarblue-collarblue-collarblue-collarblue-collarblue-collarblue-collarblue-collarblue-collarblue-collarblue-collarblue-collarblue-collarblue-collarblue-collarblue-collarblue-collarblue-collarblue-collarblue-collarblue-collarblue-collarblue-collarblue-collarblue-collarblue-collarblue-collarblue-collarblue-collarblue-collarblue-collarblue-collarblue-collarblue-collarblue-collarblue-collarblue-collarblue-collarblue-collarblue-collarblue-collarblue-collarblue-collarblue-collarblue-collarblue-collarblue-collarblue-collarblue-collarblue-collarblue-collarblue-collarblue-collarblue-collarblue-collarblue-collarblue-collarblue-collarblue-collarblue-collarblue-collarblue-collarblue-collarblue-collarblue-collarblue-collarblue-collarblue-collarblue-collarblue-collarblue-collarblue-collarblue-collarblue-collarblue-collarblue-collarblue-collarblue-collarblue-collarblue-collarblue-collarblue-collarblue-collarblue-collarblue-collarblue-collarblue-collarblue-collarblue-collarblue-collarblue-collarblue-collarblue-collarblue-collarblue-collarblue-collarblue-collarblue-collarblue-collarblue-collarblue-collarblue-collarblue-collarblue-collarblue-collarblue-collarblue-collarblue-collarblue-collarblue-collarblue-collarblue-collarblue-collarblue-collarblue-collarblue-collarblue-collarblue-collarblue-collarblue-collarblue-collarblue-collarblue-collarblue-collarblue-collarblue-collarblue-collarblue-collarblue-collarblue-collarblue-collarblue-collarblue-collarblue-collarblue-collarblue-collarblue-collarblue-collarblue-collarblue-collarblue-collarblue-collarblue-collarblue-collarblue-collarblue-collarblue-collarblue-collarblue-collarblue-collarblue-collarblue-collarblue-collarblue-collarblue-collarblue-collarblue-collarblue-collarblue-collarblue-collarblue-collarblue-collarblue-collarblue-collarblue-collarblue-collarblue-collarblue-collarblue-collarblue-collarblue-collarblue-collarblue-collarblue-collarblue-collarblue-collarblue-collarblue-collarblue-collarblue-collarblue-collarblue-collarblue-collarblue-collarblue-collarblue-collarblue-collarblue-collarblue-collarblue-collarblue-collarblue-collarblue-collarblue-collarblue-collarblue-collarblue-collarblue-collarblue-collarblue-collarblue-collarblue-collarblue-collarblue-collarblue-collarblue-collarblue-collarblue-collarblue-collarblue-collarblue-collarblue-collarblue-collarblue-collarblue-collarblue-collarblue-collarblue-collarblue-collarblue-collarblue-collarblue-collarblue-collarblue-collarblue-collarblue-collarblue-collarblue-collarblue-collarblue-collarblue-collarblue-collarblue-collarblue-collarblue-collarblue-collarblue-collarblue-collarblue-collarblue-collarblue-collarblue-collarblue-collarblue-collarblue-collarblue-collarblue-collarblue-collarblue-collarblue-collarblue-collarblue-collarblue-collarblue-collarblue-collarblue-collarblue-collarblue-collarblue-collarblue-collarblue-collarblue-collarblue-collarblue-collarblue-collarblue-collarblue-collarblue-collarblue-collarblue-collarblue-collarblue-collarblue-collarblue-collarblue-collarblue-collarblue-collarblue-collarblue-collarblue-collarblue-collarblue-collarblue-collarblue-collarblue-collarblue-collarblue-collarblue-collarblue-collarblue-collarblue-collarblue-collarblue-collarblue-collarblue-collarblue-collarblue-collarblue-collarblue-collarblue-collarblue-collarblue-collarblue-collarblue-collarblue-collarblue-collarblue-collarblue-collarblue-collarblue-collarblue-collarblue-collarblue-collarblue-collarblue-collarblue-collarblue-collarblue-collarblue-collarblue-collarblue-collarblue-collarblue-collarblue-collarblue-collarblue-collarblue-collarblue-collarblue-collarblue-collarblue-collarblue-collarblue-collarblue-collarblue-collarblue-collarblue-collarblue-collarblue-collarblue-collarblue-collarblue-collarblue-collarblue-collarblue-collarblue-collarblue-collarblue-collarblue-collarblue-collarblue-collarblue-collarblue-collarblue-collarblue-collarblue-collarblue-collarblue-collarblue-collarblue-collarblue-collarblue-collarblue-collarblue-collarblue-collarblue-collarblue-collarblue-collarblue-collarblue-collarblue-collarblue-collarblue-collarblue-collarblue-collarblue-collarblue-collarblue-collarblue-collarblue-collarblue-collarblue-collarblue-collarblue-collarblue-collarblue-collarblue-collarblue-collarblue-collarblue-collarblue-collarblue-collarblue-collarblue-collarblue-collarblue-collarblue-collarblue-collarblue-collarblue-collarblue-collarblue-collarblue-collarblue-collarblue-collarblue-collarblue-collarblue-collarblue-collarblue-collarblue-collarblue-collarblue-collarblue-collarblue-collarblue-collarblue-collarblue-collarblue-collarblue-collarblue-collarblue-collarblue-collarblue-collarblue-collarblue-collarblue-collarblue-collarblue-collarblue-collarblue-collarblue-collarblue-collarblue-collarblue-collarblue-collarblue-collarblue-collarblue-collarblue-collarblue-collarblue-collarblue-collarblue-collarblue-collarblue-collarblue-collarblue-collarblue-collarblue-collarblue-collarblue-collarblue-collarblue-collarblue-collarblue-collarblue-collarblue-collarblue-collarblue-collarblue-collarblue-collarblue-collarblue-collarblue-collarblue-collarblue-collarblue-collarblue-collarblue-collarblue-collarblue-collarblue-collarblue-collarblue-collarblue-collarblue-collarblue-collarblue-collarblue-collarblue-collarblue-collarblue-collarblue-collarblue-collarblue-collarblue-collarblue-collarblue-collarblue-collarblue-collarblue-collarblue-collarblue-collarblue-collarblue-collarblue-collarblue-collarblue-collarblue-collarblue-collarblue-collarblue-collarblue-collarblue-collarblue-collarblue-collarblue-collarblue-collarblue-collarblue-collarblue-collarblue-collarblue-collarblue-collarblue-collarblue-collarblue-collarblue-collarblue-collarblue-collarblue-collarblue-collarblue-collarblue-collarblue-collarblue-collarblue-collarblue-collarblue-collarblue-collarblue-collarblue-collarblue-collarblue-collarblue-collarblue-collarblue-collarblue-collarblue-collarblue-collarblue-collarblue-collarblue-collarblue-collarblue-collarblue-collarblue-collarblue-collarblue-collarblue-collarblue-collarblue-collarblue-collarblue-collarblue-collarblue-collarblue-collarblue-collarblue-collarblue-collarblue-collarblue-collarblue-collarblue-collarblue-collarblue-collarblue-collarblue-collarblue-collarblue-collarblue-collarblue-collarblue-collarblue-collarblue-collarblue-collarblue-collarblue-collarblue-collarblue-collarblue-collarblue-collarblue-collarblue-collarblue-collarblue-collarblue-collarblue-collarblue-collarblue-collarblue-collarblue-collarblue-collarblue-collarblue-collarblue-collarblue-collarblue-collarblue-collarblue-collarblue-collarblue-collarblue-collarblue-collarblue-collarblue-collarblue-collarblue-collarblue-collarblue-collarblue-collarblue-collarblue-collarblue-collarblue-collarblue-collarblue-collarblue-collarblue-collarblue-collarblue-collarblue-collarblue-collarblue-collarblue-collarblue-collarblue-collarblue-collarblue-collarblue-collarblue-collarblue-collarblue-collarblue-collarblue-collarblue-collarblue-collarblue-collarblue-collarblue-collarblue-collarblue-collarblue-collarblue-collarblue-collarblue-collarblue-collarblue-collarblue-collarblue-collarblue-collarblue-collarblue-collarblue-collarblue-collarblue-collarblue-collarblue-collarblue-collarblue-collarblue-collarblue-collarblue-collarblue-collarblue-collarblue-collarblue-collarblue-collarblue-collarblue-collarblue-collarblue-collarblue-collarblue-collarblue-collarblue-collarblue-collarblue-collarblue-collarblue-collarblue-collarblue-collarblue-collarblue-collarblue-collarblue-collarblue-collarblue-collarblue-collarblue-collarblue-collarblue-collarblue-collarblue-collarblue-collarblue-collarblue-collarblue-collarblue-collarblue-collarblue-collarblue-collarblue-collarblue-collarblue-collarblue-collarblue-collarblue-collarblue-collarblue-collarblue-collarblue-collarblue-collarblue-collarblue-collarblue-collarblue-collarblue-collarblue-collarblue-collarblue-collarblue-collarblue-collarblue-collarblue-collarblue-collarblue-collarblue-collarblue-collarblue-collarblue-collarblue-collarblue-collarblue-collarblue-collarblue-collarblue-collarblue-collarblue-collarblue-collarblue-collarblue-collarblue-collarblue-collarblue-collarblue-collarblue-collarblue-collarblue-collarblue-collarblue-collarblue-collarblue-collarblue-collarblue-collarblue-collarblue-collarblue-collarblue-collarblue-collarblue-collarblue-collarblue-collarblue-collarblue-collarblue-collarblue-collarblue-collarblue-collarblue-collarblue-collarblue-collarblue-collarblue-collarblue-collarblue-collarblue-collarblue-collarblue-collarblue-collarblue-collarblue-collarblue-collarblue-collarblue-collarblue-collarblue-collarblue-collarblue-collarblue-collarblue-collarblue-collarblue-collarblue-collarblue-collarblue-collarblue-collarblue-collarblue-collarblue-collarblue-collarblue-collarblue-collarblue-collarblue-collarblue-collarblue-collarblue-collarblue-collarblue-collarblue-collarblue-collarblue-collarblue-collarblue-collarblue-collarblue-collarblue-collarblue-collarblue-collarblue-collarblue-collarblue-collarblue-collarblue-collarblue-collarblue-collarblue-collarblue-collarblue-collarblue-collarblue-collarblue-collarblue-collarblue-collarblue-collarblue-collarblue-collarblue-collarblue-collarblue-collarblue-collarblue-collarblue-collarblue-collarblue-collarblue-collarblue-collarblue-collarblue-collarblue-collarblue-collarblue-collarblue-collarblue-collarblue-collarblue-collarblue-collarblue-collarblue-collarblue-collarblue-collarblue-collarblue-collarblue-collarblue-collarblue-collarblue-collarblue-collarblue-collarblue-collarblue-collarblue-collarblue-collarblue-collarblue-collarblue-collarblue-collarblue-collarblue-collarblue-collarblue-collarblue-collarblue-collarblue-collarblue-collarblue-collarblue-collarblue-collarblue-collarblue-collarblue-collarblue-collarblue-collarblue-collarblue-collarblue-collarblue-collarblue-collarblue-collarblue-collarblue-collarblue-collarblue-collarblue-collarblue-collarblue-collarblue-collarblue-collarblue-collarblue-collarblue-collarblue-collarblue-collarblue-collarblue-collarblue-collarblue-collarblue-collarblue-collarblue-collarblue-collarblue-collarblue-collarblue-collarblue-collarblue-collarblue-collarblue-collarblue-collarblue-collarblue-collarblue-collarblue-collarblue-collarblue-collarblue-collarblue-collarblue-collarblue-collarblue-collarblue-collarblue-collarblue-collarblue-collarblue-collarblue-collarblue-collarblue-collarblue-collarblue-collarblue-collarblue-collarblue-collarblue-collarblue-collarblue-collarblue-collarblue-collarblue-collarblue-collarblue-collarblue-collarblue-collarblue-collarblue-collarblue-collarblue-collarblue-collarblue-collarblue-collarblue-collarblue-collarblue-collarblue-collarblue-collarblue-collarblue-collarblue-collarblue-collarblue-collarblue-collarblue-collarblue-collarblue-collarblue-collarblue-collarblue-collarblue-collarblue-collarblue-collarblue-collarblue-collarblue-collarblue-collarblue-collarblue-collarblue-collarblue-collarblue-collarblue-collarblue-collarblue-collarblue-collarblue-collarblue-collarblue-collarblue-collarblue-collarblue-collarblue-collarblue-collarblue-collarblue-collarblue-collarblue-collarblue-collarblue-collarblue-collarblue-collarblue-collarblue-collarblue-collarblue-collarblue-collarblue-collarblue-collarblue-collarblue-collarblue-collarblue-collarblue-collarblue-collarblue-collarblue-collarblue-collarblue-collarblue-collarblue-collarblue-collarblue-collarblue-collarblue-collarblue-collarblue-collarblue-collarblue-collarblue-collarblue-collarblue-collarblue-collarblue-collarblue-collarblue-collarblue-collarblue-collarblue-collarblue-collarblue-collarblue-collarblue-collarblue-collarblue-collarblue-collarblue-collarblue-collarblue-collarblue-collarblue-collarblue-collarblue-collarblue-collarblue-collarblue-collarblue-collarblue-collarblue-collarblue-collarblue-collarblue-collarblue-collarblue-collarblue-collarblue-collarblue-collarblue-collarblue-collarblue-collarblue-collarblue-collarblue-collarblue-collarblue-collarblue-collarblue-collarblue-collarblue-collarblue-collarblue-collarblue-collarblue-collarblue-collarblue-collarblue-collarblue-collarblue-collarblue-collarblue-collarblue-collarblue-collarblue-collarblue-collarblue-collarblue-collarblue-collarblue-collarblue-collarblue-collarblue-collarblue-collarblue-collarblue-collarblue-collarblue-collarblue-collarblue-collarblue-collarblue-collarblue-collarblue-collarblue-collarblue-collarblue-collarblue-collarblue-collarblue-collarblue-collarblue-collarblue-collarblue-collarblue-collarblue-collarblue-collarblue-collarblue-collarblue-collarblue-collarblue-collarblue-collarblue-collarblue-collarblue-collarblue-collarblue-collarblue-collarblue-collarblue-collarblue-collarblue-collarblue-collarblue-collarblue-collarblue-collarblue-collarblue-collarblue-collarblue-collarblue-collarblue-collarblue-collarblue-collarblue-collarblue-collarblue-collarblue-collarblue-collarblue-collarblue-collarblue-collarblue-collarblue-collarblue-collarblue-collarblue-collarblue-collarblue-collarblue-collarblue-collarblue-collarblue-collarblue-collarblue-collarblue-collarblue-collarblue-collarblue-collarblue-collarblue-collarblue-collarblue-collarblue-collarblue-collarblue-collarblue-collarblue-collarblue-collarblue-collarblue-collarblue-collarblue-collarblue-collarblue-collarblue-collarblue-collarblue-collarblue-collarblue-collarblue-collarblue-collarblue-collarblue-collarblue-collarblue-collarblue-collarblue-collarblue-collarblue-collarblue-collarblue-collarblue-collarblue-collarblue-collarblue-collarblue-collarblue-collarblue-collarblue-collarblue-collarblue-collarblue-collarblue-collarblue-collarblue-collarblue-collarblue-collarblue-collarblue-collarblue-collarblue-collarblue-collarblue-collarblue-collarblue-collarblue-collarblue-collarblue-collarblue-collarblue-collarblue-collarblue-collarblue-collarblue-collarblue-collarblue-collarblue-collarblue-collarblue-collarblue-collarblue-collarblue-collarblue-collarblue-collarblue-collarblue-collarblue-collarblue-collarblue-collarblue-collarblue-collarblue-collarblue-collarblue-collarblue-collarblue-collarblue-collarblue-collarblue-collarblue-collarblue-collarblue-collarblue-collarblue-collarblue-collarblue-collarblue-collarblue-collarblue-collarblue-collarblue-collarblue-collarblue-collarblue-collarblue-collarblue-collarblue-collarblue-collarblue-collarblue-collarblue-collarblue-collarblue-collarblue-collarblue-collarblue-collarblue-collarblue-collarblue-collarblue-collarblue-collarblue-collarblue-collarblue-collarblue-collarblue-collarblue-collarblue-collarblue-collarblue-collarblue-collarblue-collarblue-collarblue-collarblue-collarblue-collarblue-collarblue-collarblue-collarblue-collarblue-collarblue-collarblue-collarblue-collarblue-collarblue-collarblue-collarblue-collarblue-collarblue-collarblue-collarblue-collarblue-collarblue-collarblue-collarblue-collarblue-collarblue-collarblue-collarblue-collarblue-collarblue-collarblue-collarblue-collarblue-collarblue-collarblue-collarblue-collarblue-collarblue-collarblue-collarblue-collarblue-collarblue-collarblue-collarblue-collarblue-collarblue-collarblue-collarblue-collarblue-collarblue-collarblue-collarblue-collarblue-collarblue-collarblue-collarblue-collarblue-collarblue-collarblue-collarblue-collarblue-collarblue-collarblue-collarblue-collarblue-collarblue-collarblue-collarblue-collarblue-collarblue-collarblue-collarblue-collarblue-collarblue-collarblue-collarblue-collarblue-collarblue-collarblue-collarblue-collarblue-collarblue-collarblue-collarblue-collarblue-collarblue-collarblue-collarblue-collarblue-collarblue-collarblue-collarblue-collarblue-collarblue-collarblue-collarblue-collarblue-collarblue-collarblue-collarblue-collarblue-collarblue-collarblue-collarblue-collarblue-collarblue-collarblue-collarblue-collarblue-collarblue-collarblue-collarblue-collarblue-collarblue-collarblue-collarblue-collarblue-collarblue-collarblue-collarblue-collarblue-collarblue-collarblue-collarblue-collarblue-collarblue-collarblue-collarblue-collarblue-collarblue-collarblue-collarblue-collarblue-collarblue-collarblue-collarblue-collarblue-collarblue-collarblue-collarblue-collarblue-collarblue-collarblue-collarblue-collarblue-collarblue-collarblue-collarblue-collarblue-collarblue-collarblue-collarblue-collarblue-collarblue-collarblue-collarblue-collarblue-collarblue-collarblue-collarblue-collarblue-collarblue-collarblue-collarblue-collarblue-collarblue-collarblue-collarblue-collarblue-collarblue-collarblue-collarblue-collarblue-collarblue-collarblue-collarblue-collarblue-collarblue-collarblue-collarblue-collarblue-collarblue-collarblue-collarblue-collarblue-collarblue-collarblue-collarblue-collarblue-collarblue-collarblue-collarblue-collarblue-collarblue-collarblue-collarblue-collarblue-collarblue-collarblue-collarblue-collarblue-collarblue-collarblue-collarblue-collarblue-collarblue-collarblue-collarblue-collarblue-collarblue-collarblue-collarblue-collarblue-collarblue-collarblue-collarblue-collarblue-collarblue-collarblue-collarblue-collarblue-collarblue-collarblue-collarblue-collarblue-collarblue-collarblue-collarblue-collarblue-collarblue-collarblue-collarblue-collarblue-collarblue-collarblue-collarblue-collarblue-collarblue-collarblue-collarblue-collarblue-collarblue-collarblue-collarblue-collarblue-collarblue-collarblue-collarblue-collarblue-collarblue-collarblue-collarblue-collarblue-collarblue-collarblue-collarblue-collarblue-collarblue-collarblue-collarblue-collarblue-collarblue-collarblue-collarblue-collarblue-collarblue-collarblue-collarblue-collarblue-collarblue-collarblue-collarblue-collarblue-collarblue-collarblue-collarblue-collarblue-collarblue-collarblue-collarblue-collarblue-collarblue-collarblue-collarblue-collarblue-collarblue-collarblue-collarblue-collarblue-collarblue-collarblue-collarblue-collarblue-collarblue-collarblue-collarblue-collarblue-collarblue-collarblue-collarblue-collarblue-collarblue-collarblue-collarblue-collarblue-collarblue-collarblue-collarblue-collarblue-collarblue-collarblue-collarblue-collarblue-collarblue-collarblue-collarblue-collarblue-collarblue-collarblue-collarblue-collarblue-collarblue-collarblue-collarblue-collarblue-collarblue-collarblue-collarblue-collarblue-collarblue-collarblue-collarblue-collarblue-collarblue-collarblue-collarblue-collarblue-collarblue-collarblue-collarblue-collarblue-collarblue-collarblue-collarblue-collarblue-collarblue-collarblue-collarblue-collarblue-collarblue-collarblue-collarblue-collarblue-collarblue-collarblue-collarblue-collarblue-collarblue-collarblue-collarblue-collarblue-collarblue-collarblue-collarblue-collarblue-collarblue-collarblue-collarblue-collarblue-collarblue-collarblue-collarblue-collarblue-collarblue-collarblue-collarblue-collarblue-collarblue-collarblue-collarblue-collarblue-collarblue-collarblue-collarblue-collarblue-collarblue-collarblue-collarblue-collarblue-collarblue-collarblue-collarblue-collarblue-collarblue-collarblue-collarblue-collarblue-collarblue-collarblue-collarblue-collarblue-collarblue-collarblue-collarblue-collarblue-collarblue-collarblue-collarblue-collarblue-collarblue-collarblue-collarblue-collarblue-collarblue-collarblue-collarblue-collarblue-collarblue-collarblue-collarblue-collarblue-collarblue-collarblue-collarblue-collarblue-collarblue-collarblue-collarblue-collarblue-collarblue-collarblue-collarblue-collarblue-collarblue-collarblue-collarblue-collarblue-collarblue-collarblue-collarblue-collarblue-collarblue-collarblue-collarblue-collarblue-collarblue-collarblue-collarblue-collarblue-collarblue-collarblue-collarblue-collarblue-collarblue-collarblue-collarblue-collarblue-collarblue-collarblue-collarblue-collarblue-collarblue-collarblue-collarblue-collarblue-collarblue-collarblue-collarblue-collarblue-collarblue-collarblue-collarblue-collarblue-collarblue-collarblue-collarblue-collarblue-collarblue-collarblue-collarblue-collarblue-collarblue-collarblue-collarblue-collarblue-collarblue-collarblue-collarblue-collarblue-collarblue-collarblue-collarblue-collarblue-collarblue-collarblue-collarblue-collarblue-collarblue-collarblue-collarblue-collarblue-collarblue-collarblue-collarblue-collarblue-collarblue-collarblue-collarblue-collarblue-collarblue-collarblue-collarblue-collarblue-collarblue-collarblue-collarblue-collarblue-collarblue-collarblue-collarblue-collarblue-collarblue-collarblue-collarblue-collarblue-collarblue-collarblue-collarblue-collarblue-collarblue-collarblue-collarblue-collarblue-collarblue-collarblue-collarblue-collarblue-collarblue-collarblue-collarblue-collarblue-collarblue-collarblue-collarblue-collarblue-collarblue-collarblue-collarblue-collarblue-collarblue-collarblue-collarblue-collarblue-collarblue-collarblue-collarblue-collarblue-collarblue-collarblue-collarblue-collarblue-collarblue-collarblue-collarblue-collarblue-collarblue-collarblue-collarblue-collarblue-collarblue-collarblue-collarblue-collarblue-collarblue-collarblue-collarblue-collarblue-collarblue-collarblue-collarblue-collarblue-collarblue-collarblue-collarblue-collarblue-collarblue-collarblue-collarblue-collarblue-collarblue-collarblue-collarblue-collarblue-collarblue-collarblue-collarblue-collarblue-collarblue-collarblue-collarblue-collarblue-collarblue-collarblue-collarblue-collarblue-collarblue-collarblue-collarblue-collarblue-collarblue-collarblue-collarblue-collarblue-collarblue-collarblue-collarblue-collarblue-collarblue-collarblue-collarblue-collarblue-collarblue-collarblue-collarblue-collarblue-collarblue-collarblue-collarblue-collarblue-collarblue-collarblue-collarblue-collarblue-collarblue-collarblue-collarblue-collarblue-collarblue-collarblue-collarblue-collarblue-collarblue-collarblue-collarblue-collarblue-collarblue-collarblue-collarblue-collarblue-collarblue-collarblue-collarblue-collarblue-collarblue-collarblue-collarblue-collarblue-collarblue-collarblue-collarblue-collarblue-collarblue-collarblue-collarblue-collarblue-collarblue-collarblue-collarblue-collarblue-collarblue-collarblue-collarblue-collarblue-collarblue-collarblue-collarblue-collarblue-collarblue-collarblue-collarblue-collarblue-collarblue-collarblue-collarblue-collarblue-collarblue-collarblue-collarblue-collarblue-collarblue-collarblue-collarblue-collarblue-collarblue-collarblue-collarblue-collarblue-collarblue-collarblue-collarblue-collarblue-collarblue-collarblue-collarblue-collarblue-collarblue-collarblue-collarblue-collarblue-collarblue-collarblue-collarblue-collarblue-collarblue-collarblue-collarblue-collarblue-collarblue-collarblue-collarblue-collarblue-collarblue-collarblue-collarblue-collarblue-collarblue-collarblue-collarblue-collarblue-collarblue-collarblue-collarblue-collarblue-collarblue-collarblue-collarblue-collarblue-collarblue-collarblue-collarblue-collarblue-collarblue-collarblue-collarblue-collarblue-collarblue-collarblue-collarblue-collarblue-collarblue-collarblue-collarblue-collarblue-collarblue-collarblue-collarblue-collarblue-collarblue-collarblue-collarblue-collarblue-collarblue-collarblue-collarblue-collarblue-collarblue-collarblue-collarblue-collarblue-collarblue-collarblue-collarblue-collarblue-collarblue-collarblue-collarblue-collarblue-collarblue-collarblue-collarblue-collarblue-collarblue-collarblue-collarblue-collarblue-collarblue-collarblue-collarblue-collarblue-collarblue-collarblue-collarblue-collarblue-collarblue-collarblue-collarblue-collarblue-collarblue-collarblue-collarblue-collarblue-collarblue-collarblue-collarblue-collarblue-collarblue-collarblue-collarblue-collarblue-collarblue-collarblue-collarblue-collarblue-collarblue-collarblue-collarblue-collarblue-collarblue-collarblue-collarblue-collarblue-collarblue-collarblue-collarblue-collarblue-collarblue-collarblue-collarblue-collarblue-collarblue-collarblue-collarblue-collarblue-collarblue-collarblue-collarblue-collarblue-collarblue-collarblue-collarblue-collarblue-collarblue-collarblue-collarblue-collarblue-collarblue-collarblue-collarblue-collarblue-collarblue-collarblue-collarblue-collarblue-collarblue-collarblue-collarblue-collarblue-collarblue-collarblue-collarblue-collarblue-collarblue-collarblue-collarblue-collarblue-collarblue-collarblue-collarblue-collarblue-collarblue-collarblue-collarblue-collarblue-collarblue-collarblue-collarblue-collarblue-collarblue-collarblue-collarblue-collarblue-collarblue-collarblue-collarblue-collarblue-collarblue-collarblue-collarblue-collarblue-collarblue-collarblue-collarblue-collarblue-collarblue-collarblue-collarblue-collarblue-collarblue-collarblue-collarblue-collarblue-collarblue-collarblue-collarblue-collarblue-collarblue-collarblue-collarblue-collarblue-collarblue-collarblue-collarblue-collarblue-collarblue-collarblue-collarblue-collarblue-collarblue-collarblue-collarblue-collarblue-collarblue-collarblue-collarblue-collarblue-collarblue-collarblue-collarblue-collarblue-collarblue-collarblue-collarblue-collarblue-collarblue-collarblue-collarblue-collarblue-collarblue-collarblue-collarblue-collarblue-collarblue-collarblue-collarblue-collarblue-collarblue-collarblue-collarblue-collarblue-collarblue-collarblue-collarblue-collarblue-collarblue-collarblue-collarblue-collarblue-collarblue-collarblue-collarblue-collarblue-collarblue-collarblue-collarblue-collarblue-collarblue-collarblue-collarblue-collarblue-collarblue-collarblue-collarblue-collarblue-collarblue-collarblue-collarblue-collarblue-collarblue-collarblue-collarblue-collarblue-collarblue-collarblue-collarblue-collarblue-collarblue-collarblue-collarblue-collarblue-collarblue-collarblue-collarblue-collarblue-collarblue-collarblue-collarblue-collarblue-collarblue-collarblue-collarblue-collarblue-collarblue-collarblue-collarblue-collarblue-collarblue-collarblue-collarblue-collarblue-collarblue-collarblue-collarblue-collarblue-collarblue-collarblue-collarblue-collarblue-collarblue-collarblue-collarblue-collarblue-collarblue-collarblue-collarblue-collarblue-collarblue-collarblue-collarblue-collarblue-collarblue-collarblue-collarblue-collarblue-collarblue-collarblue-collarblue-collarblue-collarblue-collarblue-collarblue-collarblue-collarblue-collarblue-collarblue-collarblue-collarblue-collarblue-collarblue-collarblue-collarblue-collarblue-collarblue-collarblue-collarblue-collarblue-collarblue-collarblue-collarblue-collarblue-collarblue-collarblue-collarblue-collarblue-collarblue-collarblue-collarblue-collarblue-collarblue-collarblue-collarblue-collarblue-collarblue-collarblue-collarblue-collarblue-collarblue-collarblue-collarblue-collarblue-collarblue-collarblue-collarblue-collarblue-collarblue-collarblue-collarblue-collarblue-collarblue-collarblue-collarblue-collarblue-collarblue-collarblue-collarblue-collarblue-collarblue-collarblue-collarblue-collarblue-collarblue-collarblue-collarblue-collarblue-collarblue-collarblue-collarblue-collarblue-collarblue-collarblue-collarblue-collarblue-collarblue-collarblue-collarblue-collarblue-collarblue-collarblue-collarblue-collarblue-collarblue-collarblue-collarblue-collarblue-collarblue-collarblue-collarblue-collarblue-collarblue-collarblue-collarblue-collarblue-collarblue-collarblue-collarblue-collarblue-collarblue-collarblue-collarblue-collarblue-collarblue-collarblue-collarblue-collarblue-collarblue-collarblue-collarblue-collarblue-collarblue-collarblue-collarblue-collarblue-collarblue-collarblue-collarblue-collarblue-collarblue-collarblue-collarblue-collarblue-collarblue-collarblue-collarblue-collarblue-collarblue-collarblue-collarblue-collarblue-collarblue-collarblue-collarblue-collarblue-collarblue-collarblue-collarblue-collarblue-collarblue-collarblue-collarblue-collarblue-collarblue-collarblue-collarblue-collarblue-collarblue-collarblue-collarblue-collarblue-collarblue-collarblue-collarblue-collarblue-collarblue-collarblue-collarblue-collarblue-collarblue-collarblue-collarblue-collarblue-collarblue-collarblue-collarblue-collarblue-collarblue-collarblue-collarblue-collarblue-collarblue-collarblue-collarblue-collarblue-collarblue-collarblue-collarblue-collarblue-collarblue-collarblue-collarblue-collarblue-collarblue-collarblue-collarblue-collarblue-collarblue-collarblue-collarblue-collarblue-collarblue-collarblue-collarblue-collarblue-collarblue-collarblue-collarblue-collarblue-collarblue-collarblue-collarblue-collarblue-collarblue-collarblue-collarblue-collarblue-collarblue-collarblue-collarblue-collarblue-collarblue-collarblue-collarblue-collarblue-collarblue-collarblue-collarblue-collarblue-collarblue-collarblue-collarblue-collarblue-collarblue-collarblue-collarblue-collarblue-collarblue-collarblue-collarblue-collarblue-collarblue-collarblue-collarblue-collarblue-collarblue-collarblue-collarblue-collarblue-collarblue-collarblue-collarblue-collarblue-collarblue-collarblue-collarblue-collarblue-collarblue-collarblue-collarblue-collarblue-collarblue-collarblue-collarblue-collarblue-collarblue-collarblue-collarblue-collarblue-collarblue-collarblue-collarblue-collarblue-collarblue-collarblue-collarblue-collarblue-collarblue-collarblue-collarblue-collarblue-collarblue-collarblue-collarblue-collarblue-collarblue-collarblue-collarblue-collarblue-collarblue-collarblue-collarblue-collarblue-collarblue-collarblue-collarblue-collarblue-collarblue-collarblue-collarblue-collarblue-collarblue-collarblue-collarblue-collarblue-collarblue-collarblue-collarblue-collarblue-collarblue-collarblue-collarblue-collarblue-collarblue-collarblue-collarblue-collarblue-collarblue-collarblue-collarblue-collarblue-collarblue-collarblue-collarblue-collarblue-collarblue-collarblue-collarblue-collarblue-collarblue-collarblue-collarblue-collarblue-collarblue-collarblue-collarblue-collarblue-collarblue-collarblue-collarblue-collarblue-collarblue-collarblue-collarblue-collarblue-collarblue-collarblue-collarblue-collarblue-collarblue-collarblue-collarblue-collarblue-collarblue-collarblue-collarblue-collarblue-collarblue-collarblue-collarblue-collarblue-collarblue-collarblue-collarblue-collarblue-collarblue-collarblue-collarblue-collarblue-collarblue-collarblue-collarblue-collarblue-collarblue-collarblue-collarblue-collarblue-collarblue-collarblue-collarblue-collarblue-collarblue-collarblue-collarblue-collarblue-collarblue-collarblue-collarblue-collarblue-collarblue-collarblue-collarblue-collarblue-collarblue-collarblue-collarblue-collarblue-collarblue-collarblue-collarblue-collarblue-collarblue-collarblue-collarblue-collarblue-collarblue-collarblue-collarblue-collarblue-collarblue-collarblue-collarblue-collarblue-collarblue-collarblue-collarblue-collarblue-collarblue-collarblue-collarblue-collarblue-collarblue-collarblue-collarblue-collarblue-collarblue-collarblue-collarblue-collarblue-collarblue-collarblue-collarblue-collarblue-collarblue-collarblue-collarblue-collarblue-collarblue-collarblue-collarblue-collarblue-collarblue-collarblue-collarblue-collarblue-collarblue-collarblue-collarblue-collarblue-collarblue-collarblue-collarblue-collarblue-collarblue-collarblue-collarblue-collarblue-collarblue-collarblue-collarblue-collarblue-collarblue-collarblue-collarblue-collarblue-collarblue-collarblue-collarblue-collarblue-collarblue-collarblue-collarblue-collarblue-collarblue-collarblue-collarblue-collarblue-collarblue-collarblue-collarblue-collarblue-collarblue-collarblue-collarblue-collarblue-collarblue-collarblue-collarblue-collarblue-collarblue-collarblue-collarblue-collarblue-collarblue-collarblue-collarblue-collarblue-collarblue-collarblue-collarblue-collarblue-collarblue-collarblue-collarblue-collarblue-collarblue-collarblue-collarblue-collarblue-collarblue-collarblue-collarblue-collarblue-collarblue-collarblue-collarblue-collarblue-collarblue-collarblue-collarblue-collarblue-collarblue-collarblue-collarblue-collarblue-collarblue-collarblue-collarblue-collarblue-collarblue-collarblue-collarblue-collarblue-collarblue-collarblue-collarblue-collarblue-collarblue-collarblue-collarblue-collarblue-collarblue-collarblue-collarblue-collarblue-collarblue-collarblue-collarblue-collarblue-collarblue-collarblue-collarblue-collarblue-collarblue-collarblue-collarblue-collarblue-collarblue-collarblue-collarblue-collarblue-collarblue-collarblue-collarblue-collarblue-collarblue-collarblue-collarblue-collarblue-collarblue-collarblue-collarblue-collarblue-collarblue-collarblue-collarblue-collarblue-collarblue-collarblue-collarblue-collarblue-collarblue-collarblue-collarblue-collarblue-collarblue-collarblue-collarblue-collarblue-collarblue-collarblue-collarblue-collarblue-collarblue-collarblue-collarblue-collarblue-collarblue-collarblue-collarblue-collarblue-collarblue-collarblue-collarblue-collarblue-collarblue-collarblue-collarblue-collarblue-collarblue-collarblue-collarblue-collarblue-collarblue-collarblue-collarblue-collarblue-collarblue-collarblue-collarblue-collarblue-collarblue-collarblue-collarblue-collarblue-collarblue-collarblue-collarblue-collarblue-collarblue-collarblue-collarblue-collarblue-collarblue-collarblue-collarblue-collarblue-collarblue-collarblue-collarblue-collarblue-collarblue-collarblue-collarblue-collarblue-collarblue-collarblue-collarblue-collarblue-collarblue-collarblue-collarblue-collarblue-collarblue-collarblue-collarblue-collarblue-collarblue-collarblue-collarblue-collarblue-collarblue-collarblue-collarblue-collarblue-collarblue-collarblue-collarblue-collarblue-collarblue-collarblue-collarblue-collarblue-collarblue-collarblue-collarblue-collarblue-collarblue-collarblue-collarblue-collarblue-collarblue-collarblue-collarblue-collarblue-collarblue-collarblue-collarblue-collarblue-collarblue-collarblue-collarblue-collarblue-collarblue-collarblue-collarblue-collarblue-collarblue-collarblue-collarblue-collarblue-collarblue-collarblue-collarblue-collarblue-collarblue-collarblue-collarblue-collarblue-collarblue-collarblue-collarblue-collarblue-collarblue-collarblue-collarblue-collarblue-collarblue-collarblue-collarblue-collarblue-collarblue-collarblue-collarblue-collarblue-collarblue-collarblue-collarblue-collarblue-collarblue-collarblue-collarblue-collarblue-collarblue-collarblue-collarblue-collarblue-collarblue-collarblue-collarblue-collarblue-collarblue-collarblue-collarblue-collarblue-collarblue-collarblue-collarblue-collarblue-collarblue-collarblue-collarblue-collarblue-collarblue-collarblue-collarblue-collarblue-collarblue-collarblue-collarblue-collarblue-collarblue-collarblue-collarblue-collarblue-collarblue-collarblue-collarblue-collarblue-collarblue-collarblue-collarblue-collarblue-collarblue-collarblue-collarblue-collarblue-collarblue-collarblue-collarblue-collarblue-collarblue-collarblue-collarblue-collarblue-collarblue-collarblue-collarblue-collarblue-collarblue-collarblue-collarblue-collarblue-collarblue-collarblue-collarblue-collarblue-collarblue-collarblue-collarblue-collarblue-collarblue-collarblue-collarblue-collarblue-collarblue-collarblue-collarblue-collarblue-collarblue-collarblue-collarblue-collarblue-collarblue-collarblue-collarblue-collarblue-collarblue-collarblue-collarblue-collarblue-collarblue-collarblue-collarblue-collarblue-collarblue-collarblue-collarblue-collarblue-collarblue-collarblue-collarblue-collarblue-collarblue-collarblue-collarblue-collarblue-collarblue-collarblue-collarblue-collarblue-collarblue-collarblue-collarblue-collarblue-collarblue-collarblue-collarblue-collarblue-collarblue-collarblue-collarblue-collarblue-collarblue-collarblue-collarblue-collarblue-collarblue-collarblue-collarblue-collarblue-collarblue-collarblue-collarblue-collarblue-collarblue-collarblue-collarblue-collarblue-collarblue-collarblue-collarblue-collarblue-collarblue-collarblue-collarblue-collarblue-collarblue-collarblue-collarblue-collarblue-collarblue-collarblue-collarblue-collarblue-collarblue-collarblue-collarblue-collarblue-collarblue-collarblue-collarblue-collarblue-collarblue-collarblue-collarblue-collarblue-collarblue-collarblue-collarblue-collarblue-collarblue-collarblue-collarblue-collarblue-collarblue-collarblue-collarblue-collarblue-collarblue-collarblue-collarblue-collarblue-collarblue-collarblue-collarblue-collarblue-collarblue-collarblue-collarblue-collarblue-collarblue-collarblue-collarblue-collarblue-collarblue-collarblue-collarblue-collarblue-collarblue-collarblue-collarblue-collarblue-collarblue-collarblue-collarblue-collarblue-collarblue-collarblue-collarblue-collarblue-collarblue-collarblue-collarblue-collarblue-collarblue-collarblue-collarblue-collarblue-collarblue-collarblue-collarblue-collarblue-collarblue-collarblue-collarblue-collarblue-collarblue-collarblue-collarblue-collarblue-collarblue-collarblue-collarblue-collarblue-collarblue-collarblue-collarblue-collarblue-collarblue-collarblue-collarblue-collarblue-collarblue-collarblue-collarblue-collarblue-collarblue-collarblue-collarblue-collarblue-collarblue-collarblue-collarblue-collarblue-collarblue-collarblue-collarblue-collarblue-collarblue-collarblue-collarblue-collarblue-collarblue-collarblue-collarblue-collarblue-collarblue-collarblue-collarblue-collarblue-collarblue-collarblue-collarblue-collarblue-collarblue-collarblue-collarblue-collarblue-collarblue-collarblue-collarblue-collarblue-collarblue-collarblue-collarblue-collarblue-collarblue-collarblue-collarblue-collarblue-collarblue-collarblue-collarblue-collarblue-collarblue-collarblue-collarblue-collarblue-collarblue-collarblue-collarblue-collarblue-collarblue-collarblue-collarblue-collarblue-collarblue-collarblue-collarblue-collarblue-collarblue-collarblue-collarblue-collarblue-collarblue-collarblue-collarblue-collarblue-collarblue-collarblue-collarblue-collarblue-collarblue-collarblue-collarblue-collarblue-collarblue-collarblue-collarblue-collarblue-collarblue-collarblue-collarblue-collarblue-collarblue-collarblue-collarblue-collarblue-collarblue-collarblue-collarblue-collarblue-collarblue-collarblue-collarblue-collarblue-collarblue-collarblue-collarblue-collarblue-collarblue-collarblue-collarblue-collarblue-collarblue-collarblue-collarblue-collarblue-collarblue-collarblue-collarblue-collarblue-collarblue-collarblue-collarblue-collarblue-collarblue-collarblue-collarblue-collarblue-collarblue-collarblue-collarblue-collarblue-collarblue-collarblue-collarblue-collarblue-collarblue-collarblue-collarblue-collarblue-collarblue-collarblue-collarblue-collarblue-collarblue-collarblue-collarblue-collarblue-collarblue-collarblue-collarblue-collarblue-collarblue-collarblue-collarblue-collarblue-collarblue-collarblue-collarblue-collarblue-collarblue-collarblue-collarblue-collarblue-collarblue-collarblue-collarblue-collarblue-collarblue-collarblue-collarblue-collarblue-collarblue-collarblue-collarblue-collarblue-collarblue-collarblue-collarblue-collarblue-collarblue-collarblue-collarblue-collarblue-collarblue-collarblue-collarblue-collarblue-collarblue-collarblue-collarblue-collarblue-collarblue-collarblue-collarblue-collarblue-collarblue-collarblue-collarblue-collarblue-collarblue-collarblue-collarblue-collarblue-collarblue-collarblue-collarblue-collarblue-collarblue-collarblue-collarblue-collarblue-collarblue-collarblue-collarblue-collarblue-collarblue-collarblue-collarblue-collarblue-collarblue-collarblue-collarblue-collarblue-collarblue-collarblue-collarblue-collarblue-collarblue-collarblue-collarblue-collarblue-collarblue-collarblue-collarblue-collarblue-collarblue-collarblue-collarblue-collarblue-collarblue-collarblue-collarblue-collarblue-collarblue-collarblue-collarblue-collarblue-collarblue-collarblue-collarblue-collarblue-collarblue-collarblue-collarblue-collarblue-collarblue-collarblue-collarblue-collarblue-collarblue-collarblue-collarblue-collarblue-collarblue-collarblue-collarblue-collarblue-collarblue-collarblue-collarblue-collarblue-collarblue-collarblue-collarblue-collarblue-collarblue-collarblue-collarblue-collarblue-collarblue-collarblue-collarblue-collarblue-collarblue-collarblue-collarblue-collarblue-collarblue-collarblue-collarblue-collarblue-collarblue-collarblue-collarblue-collarblue-collarblue-collarblue-collarblue-collarblue-collarblue-collarblue-collarblue-collarblue-collarblue-collarblue-collarblue-collarblue-collarblue-collarblue-collarblue-collarblue-collarblue-collarblue-collarblue-collarblue-collarblue-collarblue-collarblue-collarblue-collarblue-collarblue-collarblue-collarblue-collarblue-collarblue-collarblue-collarblue-collarblue-collarblue-collarblue-collarblue-collarblue-collarblue-collarblue-collarblue-collarblue-collarblue-collarblue-collarblue-collarblue-collarblue-collarblue-collarblue-collarblue-collarblue-collarblue-collarblue-collarblue-collarblue-collarblue-collarblue-collarblue-collarblue-collarblue-collarblue-collarblue-collarblue-collarblue-collarblue-collarblue-collarblue-collarblue-collarblue-collarblue-collarblue-collarblue-collarblue-collarblue-collarblue-collarblue-collarblue-collarblue-collarblue-collarblue-collarblue-collarblue-collarblue-collarblue-collarblue-collarblue-collarblue-collarblue-collarblue-collarblue-collarblue-collarblue-collarblue-collarblue-collarblue-collarblue-collarblue-collarblue-collarblue-collarblue-collarblue-collarblue-collarblue-collarblue-collarblue-collarblue-collarblue-collarblue-collarblue-collarblue-collarblue-collarblue-collarblue-collarblue-collarblue-collarblue-collarblue-collarblue-collarblue-collarblue-collarblue-collarblue-collarblue-collarblue-collarblue-collarblue-collarblue-collarblue-collarblue-collarblue-collarblue-collarblue-collarblue-collarblue-collarblue-collarblue-collarblue-collarblue-collarblue-collarblue-collarblue-collarblue-collarblue-collarblue-collarblue-collarblue-collarblue-collarblue-collarblue-collarblue-collarblue-collarblue-collarblue-collarblue-collarblue-collarblue-collarblue-collarblue-collarblue-collarblue-collarblue-collarblue-collarblue-collarblue-collarblue-collarblue-collarblue-collarblue-collarblue-collarblue-collarblue-collarblue-collarblue-collarblue-collarblue-collarblue-collarblue-collarblue-collarblue-collarblue-collarblue-collarblue-collarblue-collarblue-collarblue-collarblue-collarblue-collarblue-collarblue-collarblue-collarblue-collarblue-collarblue-collarblue-collarblue-collarblue-collarblue-collarblue-collarblue-collarblue-collarblue-collarblue-collarblue-collarblue-collarblue-collarblue-collarblue-collarblue-collarblue-collarblue-collarblue-collarblue-collarblue-collarblue-collarblue-collarblue-collarblue-collarblue-collarblue-collarblue-collarblue-collarblue-collarblue-collarblue-collarblue-collarblue-collarblue-collarblue-collarblue-collarblue-collarblue-collarblue-collarblue-collarblue-collarblue-collarblue-collarblue-collarblue-collarblue-collarblue-collarblue-collarblue-collarblue-collarblue-collarblue-collarblue-collarblue-collarblue-collarblue-collarblue-collarblue-collarblue-collarblue-collarblue-collarblue-collarblue-collarblue-collarblue-collarblue-collarblue-collarblue-collarblue-collarblue-collarblue-collarblue-collarblue-collarblue-collarblue-collarblue-collarblue-collarblue-collarblue-collarblue-collarblue-collarblue-collarblue-collarblue-collarblue-collarblue-collarblue-collarblue-collarblue-collarblue-collarblue-collarblue-collarblue-collarblue-collarblue-collarblue-collarblue-collarblue-collarblue-collarblue-collarblue-collarblue-collarblue-collarblue-collarblue-collarblue-collarblue-collarblue-collarblue-collarblue-collarblue-collarblue-collarblue-collarblue-collarblue-collarblue-collarblue-collarblue-collarblue-collarblue-collarblue-collarblue-collarblue-collarblue-collarblue-collarblue-collarblue-collarblue-collarblue-collarblue-collarblue-collarblue-collarblue-collarblue-collarblue-collarblue-collarblue-collarblue-collarblue-collarblue-collarblue-collarblue-collarblue-collarblue-collarblue-collarblue-collarblue-collarblue-collarblue-collarblue-collarblue-collarblue-collarblue-collarblue-collarblue-collarblue-collarblue-collarblue-collarblue-collarblue-collarblue-collarblue-collarblue-collarblue-collarblue-collarblue-collarblue-collarblue-collarblue-collarblue-collarblue-collarblue-collarblue-collarblue-collarblue-collarblue-collarblue-collarblue-collarblue-collarblue-collarblue-collarblue-collarblue-collarblue-collarblue-collarblue-collarblue-collarblue-collarblue-collarblue-collarblue-collarblue-collarblue-collarblue-collarblue-collarblue-collarblue-collarblue-collarblue-collarblue-collarblue-collarblue-collarblue-collarblue-collarblue-collarblue-collarblue-collarblue-collarblue-collarblue-collarblue-collarblue-collarblue-collarblue-collarblue-collarblue-collarblue-collarblue-collarblue-collarblue-collarblue-collarblue-collarblue-collarblue-collarblue-collarblue-collarblue-collarblue-collarblue-collarblue-collarblue-collarblue-collarblue-collarblue-collarblue-collarblue-collarblue-collarblue-collarblue-collarblue-collarblue-collarblue-collarblue-collarblue-collarblue-collarblue-collarblue-collarblue-collarblue-collarblue-collarblue-collarblue-collarblue-collarblue-collarblue-collarblue-collarblue-collarblue-collarblue-collarblue-collarblue-collarblue-collarblue-collarblue-collarblue-collarblue-collarblue-collarblue-collarblue-collarblue-collarblue-collarblue-collarblue-collarblue-collarblue-collarblue-collarblue-collarblue-collarblue-collarblue-collarblue-collarblue-collarblue-collarblue-collarblue-collarblue-collarblue-collarblue-collarblue-collarblue-collarblue-collarblue-collarblue-collarblue-collarblue-collarblue-collarblue-collarblue-collarblue-collarblue-collarblue-collarblue-collarblue-collarblue-collarblue-collarblue-collarblue-collarblue-collarblue-collarblue-collarblue-collarblue-collarblue-collarblue-collarblue-collarblue-collarblue-collarblue-collarblue-collarblue-collarblue-collarblue-collarblue-collarblue-collarblue-collarblue-collarblue-collarblue-collarblue-collarblue-collarblue-collarblue-collarblue-collarblue-collarblue-collarblue-collarblue-collarblue-collarblue-collarblue-collarblue-collarblue-collarblue-collarblue-collarblue-collarblue-collarblue-collarblue-collarblue-collarblue-collarblue-collarblue-collarblue-collarblue-collarblue-collarblue-collarblue-collarblue-collarblue-collarblue-collarblue-collarblue-collarblue-collarblue-collarblue-collarblue-collarblue-collarblue-collarblue-collarblue-collarblue-collarblue-collarblue-collarblue-collarblue-collarblue-collarblue-collarblue-collarblue-collarblue-collarblue-collarblue-collarblue-collarblue-collarblue-collarblue-collarblue-collarblue-collarblue-collarblue-collarblue-collarblue-collarblue-collarblue-collarblue-collarblue-collarblue-collarblue-collarblue-collarblue-collarblue-collarblue-collarblue-collarblue-collarblue-collarblue-collarblue-collarblue-collarblue-collarblue-collarblue-collarblue-collarblue-collarblue-collarblue-collarblue-collarblue-collarblue-collarblue-collarblue-collarblue-collarblue-collarblue-collarblue-collarblue-collarblue-collarblue-collarblue-collarblue-collarblue-collarblue-collarblue-collarblue-collarblue-collarblue-collarblue-collarblue-collarblue-collarblue-collarblue-collarblue-collarblue-collarblue-collarblue-collarblue-collarblue-collarblue-collarblue-collarblue-collarblue-collarblue-collarblue-collarblue-collarblue-collarblue-collarblue-collarblue-collarblue-collarblue-collarblue-collarblue-collarblue-collarblue-collarblue-collarblue-collarblue-collarblue-collarblue-collarblue-collarblue-collarblue-collarblue-collarblue-collarblue-collarblue-collarblue-collarblue-collarblue-collarblue-collarblue-collarblue-collarblue-collarblue-collarblue-collarblue-collarblue-collarblue-collarblue-collarblue-collarblue-collarblue-collarblue-collarblue-collarblue-collarblue-collarblue-collarblue-collarblue-collarblue-collarblue-collarblue-collarblue-collarblue-collarblue-collarblue-collarblue-collarblue-collarblue-collarblue-collarblue-collarblue-collarblue-collarblue-collarblue-collarblue-collarblue-collarblue-collarblue-collarblue-collarblue-collarblue-collarblue-collarblue-collarblue-collarblue-collarblue-collarblue-collarblue-collarblue-collarblue-collarblue-collarblue-collarblue-collarblue-collarblue-collarblue-collarblue-collarblue-collarblue-collarblue-collarblue-collarblue-collarblue-collarblue-collarblue-collarblue-collarblue-collarblue-collarblue-collarblue-collarblue-collarblue-collarblue-collarblue-collarblue-collarblue-collarblue-collarblue-collarblue-collarblue-collarblue-collarblue-collarblue-collarblue-collarblue-collarblue-collarblue-collarblue-collarblue-collarblue-collarblue-collarblue-collarblue-collarblue-collarblue-collarblue-collarblue-collarblue-collarblue-collarblue-collarblue-collarblue-collarblue-collarblue-collarblue-collarblue-collarblue-collarblue-collarblue-collarblue-collarblue-collarblue-collarblue-collarblue-collarblue-collarblue-collarblue-collarblue-collarblue-collarblue-collarblue-collarblue-collarblue-collarblue-collarblue-collarblue-collarblue-collarblue-collarblue-collarblue-collarblue-collarblue-collarblue-collarblue-collarblue-collarblue-collarblue-collarblue-collarblue-collarblue-collarblue-collarblue-collarblue-collarblue-collarblue-collarblue-collarblue-collarblue-collarblue-collarblue-collarblue-collarblue-collarblue-collarblue-collarblue-collarblue-collarblue-collarblue-collarblue-collarblue-collarblue-collarblue-collarblue-collarblue-collarblue-collarblue-collarblue-collarblue-collarblue-collarblue-collarblue-collarblue-collarblue-collarblue-collarblue-collarblue-collarblue-collarblue-collarblue-collarblue-collarblue-collarblue-collarblue-collarblue-collarblue-collarblue-collarblue-collarblue-collarblue-collarblue-collarblue-collarblue-collarblue-collarblue-collarblue-collarblue-collarblue-collarblue-collarblue-collarblue-collarblue-collarblue-collarblue-collarblue-collarblue-collarblue-collarblue-collarblue-collarblue-collarblue-collarblue-collarblue-collarblue-collarblue-collarblue-collarblue-collarblue-collarblue-collarblue-collarblue-collarblue-collarblue-collarblue-collarblue-collarblue-collarblue-collarblue-collarblue-collarblue-collarblue-collarblue-collarblue-collarblue-collarblue-collarblue-collarblue-collarblue-collarblue-collarblue-collarblue-collarblue-collarblue-collarblue-collarblue-collarblue-collarblue-collarblue-collarblue-collarblue-collarblue-collarblue-collarblue-collarblue-collarblue-collarblue-collarblue-collarblue-collarblue-collarblue-collarblue-collarblue-collarblue-collarblue-collarblue-collarblue-collarblue-collarblue-collarblue-collarblue-collarblue-collarblue-collarblue-collarblue-collarblue-collarblue-collarblue-collarblue-collarblue-collarblue-collarblue-collarblue-collarblue-collarblue-collarblue-collarblue-collarblue-collarblue-collarblue-collarblue-collarblue-collarblue-collarblue-collarblue-collarblue-collarblue-collarblue-collarblue-collarblue-collarblue-collarblue-collarblue-collarblue-collarblue-collarblue-collarblue-collarblue-collarblue-collarblue-collarblue-collarblue-collarblue-collarblue-collarblue-collarblue-collarblue-collarblue-collarblue-collarblue-collarblue-collarblue-collarblue-collarblue-collarblue-collarblue-collarblue-collarblue-collarblue-collarblue-collarblue-collarblue-collarblue-collarblue-collarblue-collarblue-collarblue-collarblue-collarblue-collarblue-collarblue-collarblue-collarblue-collarblue-collarblue-collarblue-collarblue-collarblue-collarblue-collarblue-collarblue-collarblue-collarblue-collarblue-collarblue-collarblue-collarblue-collarblue-collarblue-collarblue-collarblue-collarblue-collarblue-collarblue-collarblue-collarblue-collarblue-collarblue-collarblue-collarblue-collarblue-collarblue-collarblue-collarblue-collarblue-collarblue-collarblue-collarblue-collarblue-collarblue-collarblue-collarblue-collarblue-collarblue-collarblue-collarblue-collarblue-collarblue-collarblue-collarblue-collarblue-collarblue-collarblue-collarblue-collarblue-collarblue-collarblue-collarblue-collarblue-collarblue-collarblue-collarblue-collarblue-collarblue-collarblue-collarblue-collarblue-collarblue-collarblue-collarblue-collarblue-collarblue-collarblue-collarblue-collarblue-collarblue-collarblue-collarblue-collarblue-collarblue-collarblue-collarblue-collarblue-collarblue-collarblue-collarblue-collarblue-collarblue-collarblue-collarblue-collarblue-collarblue-collarblue-collarblue-collarblue-collarblue-collarblue-collarblue-collarblue-collarblue-collarblue-collarblue-collarblue-collarblue-collarblue-collarblue-collarblue-collarblue-collarblue-collarblue-collarblue-collarblue-collarblue-collarblue-collarblue-collarblue-collarblue-collarblue-collarblue-collarblue-collarblue-collarblue-collarblue-collarblue-collarblue-collarblue-collarblue-collarblue-collarblue-collarblue-collarblue-collarblue-collarblue-collarblue-collarblue-collarblue-collarblue-collarblue-collarblue-collarblue-collarblue-collarblue-collarblue-collarblue-collarblue-collarblue-collarblue-collarblue-collarblue-collarblue-collarblue-collarblue-collarblue-collarblue-collarblue-collarblue-collarblue-collarblue-collarblue-collarblue-collarblue-collarblue-collarblue-collarblue-collarblue-collarblue-collarblue-collarblue-collarblue-collarblue-collarblue-collarblue-collarblue-collarblue-collarblue-collarblue-collarblue-collarblue-collarblue-collarblue-collarblue-collarblue-collarblue-collarblue-collarblue-collarblue-collarblue-collarblue-collarblue-collarblue-collarblue-collarblue-collarblue-collarblue-collarblue-collarblue-collarblue-collarblue-collarblue-collarblue-collarblue-collarblue-collarblue-collarblue-collarblue-collarblue-collarblue-collarblue-collarblue-collarblue-collarblue-collarblue-collarblue-collarblue-collarblue-collarblue-collarblue-collarblue-collarblue-collarblue-collarblue-collarblue-collarblue-collarblue-collarblue-collarblue-collarblue-collarblue-collarblue-collarblue-collarblue-collarblue-collarblue-collarblue-collarblue-collarblue-collarblue-collarblue-collarblue-collarblue-collarblue-collarblue-collarblue-collarblue-collarblue-collarblue-collarblue-collarblue-collarblue-collarblue-collarblue-collarblue-collarblue-collarblue-collarblue-collarblue-collarblue-collarblue-collarblue-collarblue-collarblue-collarblue-collarblue-collarblue-collarblue-collarblue-collarblue-collarblue-collarblue-collarblue-collarblue-collarblue-collarblue-collarblue-collarblue-collarblue-collarblue-collarblue-collarblue-collarblue-collarblue-collarblue-collarblue-collarblue-collarblue-collarblue-collarblue-collarblue-collarblue-collarblue-collarblue-collarblue-collarblue-collarblue-collarblue-collarblue-collarblue-collarblue-collarblue-collarblue-collarblue-collarblue-collarblue-collarblue-collarblue-collarblue-collarblue-collarblue-collarblue-collarblue-collarblue-collarblue-collarblue-collarblue-collarblue-collarblue-collarblue-collarblue-collarblue-collarblue-collarblue-collarblue-collarblue-collarblue-collarblue-collarblue-collarblue-collarblue-collarblue-collarblue-collarblue-collarblue-collarblue-collarblue-collarblue-collarblue-collarblue-collarblue-collarblue-collarblue-collarblue-collarblue-collarblue-collarblue-collarblue-collarblue-collarblue-collarblue-collarblue-collarblue-collarblue-collarblue-collarblue-collarblue-collarblue-collarblue-collarblue-collarblue-collarblue-collarblue-collarblue-collarblue-collarblue-collarblue-collarblue-collarblue-collarblue-collarblue-collarblue-collarblue-collarblue-collarblue-collarblue-collarblue-collarblue-collarblue-collarblue-collarblue-collarblue-collarblue-collarblue-collarblue-collarblue-collarblue-collarblue-collarblue-collarblue-collarblue-collarblue-collarblue-collarblue-collarblue-collarblue-collarblue-collarblue-collarblue-collarblue-collarblue-collarblue-collarblue-collarblue-collarblue-collarblue-collarblue-collarblue-collarblue-collarblue-collarblue-collarblue-collarblue-collarblue-collarblue-collarblue-collarblue-collarblue-collarblue-collarblue-collarblue-collarblue-collarblue-collarblue-collarblue-collarblue-collarblue-collarblue-collarblue-collarblue-collarblue-collarblue-collarblue-collarblue-collarblue-collarblue-collarblue-collarblue-collarblue-collarblue-collarblue-collarblue-collarblue-collarblue-collarblue-collarblue-collarblue-collarblue-collarblue-collarblue-collarblue-collarblue-collarblue-collarblue-collarblue-collarblue-collarblue-collarblue-collarblue-collarblue-collarblue-collarblue-collarblue-collarblue-collarblue-collarblue-collarblue-collarblue-collarblue-collarblue-collarblue-collarblue-collarblue-collarblue-collarblue-collarblue-collarblue-collarblue-collarblue-collarblue-collarblue-collarblue-collarblue-collarblue-collarblue-collarblue-collarblue-collarblue-collarblue-collarblue-collarblue-collarblue-collarblue-collarblue-collarblue-collarblue-collarblue-collarblue-collarblue-collarblue-collarblue-collarblue-collarblue-collarblue-collarblue-collarblue-collarblue-collarblue-collarblue-collarblue-collarblue-collarblue-collarblue-collarblue-collarblue-collarblue-collarblue-collarblue-collarblue-collarblue-collarblue-collarblue-collarblue-collarblue-collarblue-collarblue-collarblue-collarblue-collarblue-collarblue-collarblue-collarblue-collarblue-collarblue-collarblue-collarblue-collarblue-collarblue-collarblue-collarblue-collarblue-collarblue-collarblue-collarblue-collarblue-collarblue-collarblue-collarblue-collarblue-collarblue-collarblue-collarblue-collarblue-collarblue-collarblue-collarblue-collarblue-collarblue-collarblue-collarblue-collarblue-collarblue-collarblue-collarblue-collarblue-collarblue-collarblue-collarblue-collarblue-collarblue-collarblue-collarblue-collarblue-collarblue-collarblue-collarblue-collarblue-collarblue-collarblue-collarblue-collarblue-collarblue-collarblue-collarblue-collarblue-collarblue-collarblue-collarblue-collarblue-collarblue-collarblue-collarblue-collarblue-collarblue-collarblue-collarblue-collarblue-collarblue-collarblue-collarblue-collarblue-collarblue-collarblue-collarblue-collarblue-collarblue-collarblue-collarblue-collarblue-collarblue-collarblue-collarblue-collarblue-collarblue-collarblue-collarblue-collarblue-collarblue-collarblue-collarblue-collarblue-collarblue-collarblue-collarblue-collarblue-collarblue-collarblue-collarblue-collarblue-collarblue-collarblue-collarblue-collarblue-collarblue-collarblue-collarblue-collarblue-collarblue-collarblue-collarblue-collarblue-collarblue-collarblue-collarblue-collarblue-collarblue-collarblue-collarblue-collarblue-collarblue-collarblue-collarblue-collarblue-collarblue-collarblue-collarblue-collarblue-collarblue-collarblue-collarblue-collarblue-collarblue-collarblue-collarblue-collarblue-collarblue-collarblue-collarblue-collarblue-collarblue-collarblue-collarblue-collarblue-collarblue-collarblue-collarblue-collarblue-collarblue-collarblue-collarblue-collarblue-collarblue-collarblue-collarblue-collarblue-collarblue-collarblue-collarblue-collarblue-collarblue-collarblue-collarblue-collarblue-collarblue-collarblue-collarblue-collarblue-collarblue-collarblue-collarblue-collarblue-collarblue-collarblue-collarblue-collarblue-collarblue-collarblue-collarblue-collarblue-collarblue-collarblue-collarblue-collarblue-collarblue-collarblue-collarblue-collarblue-collarblue-collarblue-collarblue-collarblue-collarblue-collarblue-collarblue-collarblue-collarblue-collarblue-collarblue-collarblue-collarblue-collarblue-collarblue-collarblue-collarblue-collarblue-collarblue-collarblue-collarblue-collarblue-collarblue-collarblue-collarblue-collarblue-collarblue-collarblue-collarblue-collarblue-collarblue-collarblue-collarblue-collarblue-collarblue-collarblue-collarblue-collarblue-collarblue-collarblue-collarblue-collarblue-collarblue-collarblue-collarblue-collarblue-collarblue-collarblue-collarblue-collarblue-collarblue-collarblue-collarblue-collarblue-collarblue-collarblue-collarblue-collarblue-collarblue-collarblue-collarblue-collarblue-collarblue-collarblue-collarblue-collarblue-collarblue-collarblue-collarblue-collarblue-collarblue-collarblue-collarblue-collarblue-collarblue-collarblue-collarblue-collarblue-collarblue-collarblue-collarblue-collarblue-collarblue-collarblue-collarblue-collarblue-collarblue-collarblue-collarblue-collarblue-collarblue-collarblue-collarblue-collarblue-collarblue-collarblue-collarblue-collarblue-collarblue-collarblue-collarblue-collarblue-collarblue-collarblue-collarblue-collarblue-collarblue-collarblue-collarblue-collarblue-collarblue-collarblue-collarblue-collarblue-collarblue-collarblue-collarblue-collarblue-collarblue-collarblue-collarblue-collarblue-collarblue-collarblue-collarblue-collarblue-collarblue-collarblue-collarblue-collarblue-collarblue-collarblue-collarblue-collarblue-collarblue-collarblue-collarblue-collarblue-collarblue-collarblue-collarblue-collarblue-collarblue-collarblue-collarblue-collarblue-collarblue-collarblue-collarblue-collarblue-collarblue-collarblue-collarblue-collarblue-collarblue-collarblue-collarblue-collarblue-collarblue-collarblue-collarblue-collarblue-collarblue-collarblue-collarblue-collarblue-collarblue-collarblue-collarblue-collarblue-collarblue-collarblue-collarblue-collarblue-collarblue-collarblue-collarblue-collarblue-collarblue-collarblue-collarblue-collarblue-collarblue-collarblue-collarblue-collarblue-collarblue-collarblue-collarblue-collarblue-collarblue-collarblue-collarblue-collarblue-collarblue-collarblue-collarblue-collarblue-collarblue-collarblue-collarblue-collarblue-collarblue-collarblue-collarblue-collarblue-collarblue-collarblue-collarblue-collarblue-collarblue-collarblue-collarblue-collarblue-collarblue-collarblue-collarblue-collarblue-collarblue-collarblue-collarblue-collarblue-collarblue-collarblue-collarblue-collarblue-collarblue-collarblue-collarblue-collarblue-collarblue-collarblue-collarblue-collarblue-collarblue-collarblue-collarblue-collarblue-collarblue-collarblue-collarblue-collarblue-collarblue-collarblue-collarblue-collarblue-collarblue-collarblue-collarblue-collarblue-collarblue-collarblue-collarblue-collarblue-collarblue-collarblue-collarblue-collarblue-collarblue-collarblue-collarblue-collarblue-collarblue-collarblue-collarblue-collarblue-collarblue-collarblue-collarblue-collarblue-collarblue-collarblue-collarblue-collarblue-collarblue-collarblue-collarblue-collarblue-collarblue-collarblue-collarblue-collarblue-collarblue-collarblue-collarblue-collarblue-collarblue-collarblue-collarblue-collarblue-collarblue-collarblue-collarblue-collarblue-collarblue-collarblue-collarblue-collarblue-collarblue-collarblue-collarblue-collarblue-collarblue-collarblue-collarblue-collarblue-collarblue-collarblue-collarblue-collarblue-collarblue-collarblue-collarblue-collarblue-collarblue-collarblue-collarblue-collarblue-collarblue-collarblue-collarblue-collarblue-collarblue-collarblue-collarblue-collarblue-collarblue-collarblue-collarblue-collarblue-collarblue-collarblue-collarblue-collarblue-collarblue-collarblue-collarblue-collarblue-collarblue-collarblue-collarblue-collarblue-collarblue-collarblue-collarblue-collarblue-collarblue-collarblue-collarblue-collarblue-collarblue-collarblue-collarblue-collarblue-collarblue-collarblue-collarblue-collarblue-collarblue-collarblue-collarblue-collarblue-collarblue-collarblue-collarblue-collarblue-collarblue-collarblue-collarblue-collarblue-collarblue-collarblue-collarblue-collarblue-collarblue-collarblue-collarblue-collarblue-collarblue-collarblue-collarblue-collarblue-collarblue-collarblue-collarblue-collarblue-collarblue-collarblue-collarblue-collarblue-collarblue-collarblue-collarblue-collarblue-collarblue-collarblue-collarblue-collarblue-collarblue-collarblue-collarblue-collarblue-collarblue-collarblue-collarblue-collarblue-collarblue-collarblue-collarblue-collarblue-collarblue-collarblue-collarblue-collarblue-collarblue-collarblue-collarblue-collarblue-collarblue-collarblue-collarblue-collarblue-collarblue-collarblue-collarblue-collarblue-collarblue-collarblue-collarblue-collarblue-collarblue-collarblue-collarblue-collarblue-collarblue-collarblue-collarblue-collarblue-collarblue-collarblue-collarblue-collarblue-collarblue-collarblue-collarblue-collarblue-collarblue-collarblue-collarblue-collarblue-collarblue-collarblue-collarblue-collarblue-collarblue-collarblue-collarblue-collarblue-collarblue-collarblue-collarblue-collarblue-collarblue-collarblue-collarblue-collarblue-collarblue-collarblue-collarblue-collarblue-collarblue-collarblue-collarblue-collarblue-collarblue-collarblue-collarblue-collarblue-collarblue-collarblue-collarblue-collarblue-collarblue-collarblue-collarblue-collarblue-collarblue-collarblue-collarblue-collarblue-collarblue-collarblue-collarblue-collarblue-collarblue-collarblue-collarblue-collarblue-collarblue-collarblue-collarblue-collarblue-collarblue-collarblue-collarblue-collarblue-collarblue-collarblue-collarblue-collarblue-collarblue-collarblue-collarblue-collarblue-collarblue-collarblue-collarblue-collarblue-collarblue-collarblue-collarblue-collarblue-collarblue-collarblue-collarblue-collarblue-collarblue-collarblue-collarblue-collarblue-collarblue-collarblue-collarblue-collarblue-collarblue-collarblue-collarblue-collarblue-collarblue-collarblue-collarblue-collarblue-collarblue-collarblue-collarblue-collarblue-collarblue-collarblue-collarblue-collarblue-collarblue-collarblue-collarblue-collarblue-collarblue-collarblue-collarblue-collarblue-collarblue-collarblue-collarblue-collarblue-collarblue-collarblue-collarblue-collarblue-collarblue-collarblue-collarblue-collarblue-collarblue-collarblue-collarblue-collarblue-collarblue-collarblue-collarblue-collarblue-collarblue-collarblue-collarblue-collarblue-collarblue-collarblue-collarblue-collarblue-collarblue-collarblue-collarblue-collarblue-collarblue-collarblue-collarblue-collarblue-collarblue-collarblue-collarblue-collarblue-collarblue-collarblue-collarblue-collarblue-collarblue-collarblue-collarblue-collarblue-collarblue-collarblue-collarblue-collarblue-collarblue-collarblue-collarblue-collarblue-collarblue-collarblue-collarblue-collarblue-collarblue-collarblue-collarblue-collarblue-collarblue-collarblue-collarblue-collarblue-collarblue-collarblue-collarblue-collarblue-collarblue-collarblue-collarblue-collarblue-collarblue-collarblue-collarblue-collarblue-collarblue-collarblue-collarblue-collarblue-collarblue-collarblue-collarblue-collarblue-collarblue-collarblue-collarblue-collarblue-collarblue-collarblue-collarblue-collarblue-collarblue-collarblue-collarblue-collarblue-collarblue-collarblue-collarblue-collarblue-collarblue-collarblue-collarblue-collarblue-collarblue-collarblue-collarblue-collarblue-collarblue-collarblue-collarblue-collarblue-collarblue-collarblue-collarblue-collarblue-collarblue-collarblue-collarblue-collarblue-collarblue-collarblue-collarblue-collarblue-collarblue-collarblue-collarblue-collarblue-collarblue-collarblue-collarblue-collarblue-collarblue-collarblue-collarblue-collarblue-collarblue-collarblue-collarblue-collarblue-collarblue-collarblue-collarblue-collarblue-collarblue-collarblue-collarblue-collarblue-collarblue-collarblue-collarblue-collarblue-collarblue-collarblue-collarblue-collarblue-collarblue-collarblue-collarblue-collarblue-collarblue-collarblue-collarblue-collarblue-collarblue-collarblue-collarblue-collarblue-collarblue-collarblue-collarblue-collarblue-collarblue-collarblue-collarblue-collarblue-collarblue-collarblue-collarblue-collarblue-collarblue-collarblue-collarblue-collarblue-collarblue-collarblue-collarblue-collarblue-collarblue-collarblue-collarblue-collarblue-collarblue-collarblue-collarblue-collarblue-collarblue-collarblue-collarblue-collarblue-collarblue-collarblue-collarblue-collarblue-collarblue-collarblue-collarblue-collarblue-collarblue-collarblue-collarblue-collarblue-collarblue-collarblue-collarblue-collarblue-collarblue-collarblue-collarblue-collarblue-collarblue-collarblue-collarblue-collarblue-collarblue-collarblue-collarblue-collarblue-collarblue-collarblue-collarblue-collarblue-collarblue-collarblue-collarblue-collarblue-collarblue-collarblue-collarblue-collarblue-collarblue-collarblue-collarblue-collarblue-collarblue-collarblue-collarblue-collarblue-collarblue-collarblue-collarblue-collarblue-collarblue-collarblue-collarblue-collarblue-collarblue-collarblue-collarblue-collarblue-collarblue-collarblue-collarblue-collarblue-collarblue-collarblue-collarblue-collarblue-collarblue-collarblue-collarblue-collarblue-collarblue-collarblue-collarblue-collarblue-collarblue-collarblue-collarblue-collarblue-collarblue-collarblue-collarblue-collarblue-collarblue-collarblue-collarblue-collarblue-collarblue-collarblue-collarblue-collarblue-collarblue-collarblue-collarblue-collarblue-collarblue-collarblue-collarblue-collarblue-collarblue-collarblue-collarblue-collarblue-collarblue-collarblue-collarblue-collarblue-collarblue-collarblue-collarblue-collarblue-collarblue-collarblue-collarblue-collarblue-collarblue-collarblue-collarblue-collarblue-collarblue-collarblue-collarblue-collarblue-collarblue-collarblue-collarblue-collarblue-collarblue-collarblue-collarblue-collarblue-collarblue-collarblue-collarblue-collarblue-collarblue-collarblue-collarblue-collarblue-collarblue-collarblue-collarblue-collarblue-collarblue-collarblue-collarblue-collarblue-collarblue-collarblue-collarblue-collarblue-collarblue-collarblue-collarblue-collarblue-collarblue-collarblue-collarblue-collarblue-collarblue-collarblue-collarblue-collarblue-collarblue-collarblue-collarblue-collarblue-collarblue-collarblue-collarblue-collarblue-collarblue-collarblue-collarblue-collarblue-collarblue-collarblue-collarblue-collarblue-collarblue-collarblue-collarblue-collarblue-collarblue-collarblue-collarblue-collarblue-collarblue-collarblue-collarblue-collarblue-collarblue-collarblue-collarblue-collarblue-collarblue-collarblue-collarblue-collarblue-collarblue-collarblue-collarblue-collarblue-collarblue-collarblue-collarblue-collarblue-collarblue-collarblue-collarblue-collarblue-collarblue-collarblue-collarblue-collarblue-collarblue-collarblue-collarblue-collarblue-collarblue-collarblue-collarblue-collarblue-collarblue-collarblue-collarblue-collarblue-collarblue-collarblue-collarblue-collarblue-collarblue-collarblue-collarblue-collarblue-collarblue-collarblue-collarblue-collarblue-collarblue-collarblue-collarblue-collarblue-collarblue-collarblue-collarblue-collarblue-collarblue-collarblue-collarblue-collarblue-collarblue-collarblue-collarblue-collarblue-collarblue-collarblue-collarblue-collarblue-collarblue-collarblue-collarblue-collarblue-collarblue-collarblue-collarblue-collarblue-collarblue-collarblue-collarblue-collarblue-collarblue-collarblue-collarblue-collarblue-collarblue-collarblue-collarblue-collarblue-collarblue-collarblue-collarblue-collarblue-collarblue-collarblue-collarblue-collarblue-collarblue-collarblue-collarblue-collarblue-collarblue-collarblue-collarblue-collarblue-collarblue-collarblue-collarblue-collarblue-collarblue-collarblue-collarblue-collarblue-collarblue-collarblue-collarblue-collarblue-collarblue-collarblue-collarblue-collarblue-collarblue-collarblue-collarblue-collarblue-collarblue-collarblue-collarblue-collarblue-collarblue-collarblue-collarblue-collarblue-collarblue-collarblue-collarblue-collarblue-collarblue-collarblue-collarblue-collarblue-collarblue-collarblue-collarblue-collarblue-collarblue-collarblue-collarblue-collarblue-collarblue-collarblue-collarblue-collarblue-collarblue-collarblue-collarblue-collarblue-collarblue-collarblue-collarblue-collarblue-collarblue-collarblue-collarblue-collarblue-collarblue-collarblue-collarblue-collarblue-collarblue-collarblue-collarblue-collarblue-collarblue-collarblue-collarblue-collarblue-collarblue-collarblue-collarblue-collarblue-collarblue-collarblue-collarblue-collarblue-collarblue-collarblue-collarblue-collarblue-collarblue-collarblue-collarblue-collarblue-collarblue-collarblue-collarblue-collarblue-collarblue-collarblue-collarblue-collarblue-collarblue-collarblue-collarblue-collarblue-collarblue-collarblue-collarblue-collarblue-collarblue-collarblue-collarblue-collarblue-collarblue-collarblue-collarblue-collarblue-collarblue-collarblue-collarblue-collarblue-collarblue-collarblue-collarblue-collarblue-collarblue-collarblue-collarblue-collarblue-collarblue-collarblue-collarblue-collarblue-collarblue-collarblue-collarblue-collarblue-collarblue-collarblue-collarblue-collarblue-collarblue-collarblue-collarblue-collarblue-collarblue-collarblue-collarblue-collarblue-collarblue-collarblue-collarblue-collarblue-collarblue-collarblue-collarblue-collarblue-collarblue-collarblue-collarblue-collarblue-collarblue-collarblue-collarblue-collarblue-collarblue-collarblue-collarblue-collarblue-collarblue-collarblue-collarblue-collarblue-collarblue-collarblue-collarblue-collarblue-collarblue-collarblue-collarblue-collarblue-collarblue-collarblue-collarblue-collarblue-collarblue-collarblue-collarblue-collarblue-collarblue-collarblue-collarblue-collarblue-collarblue-collarblue-collarblue-collarblue-collarblue-collarblue-collarblue-collarblue-collarblue-collarblue-collarblue-collarblue-collarblue-collarblue-collarblue-collarblue-collarblue-collarblue-collarblue-collarblue-collarblue-collarblue-collarblue-collarblue-collarblue-collarblue-collarblue-collarblue-collarblue-collarblue-collarblue-collarblue-collarblue-collarblue-collarblue-collarblue-collarblue-collarblue-collarblue-collarblue-collarblue-collarblue-collarblue-collarblue-collarblue-collarblue-collarblue-collarblue-collarblue-collarblue-collarblue-collarblue-collarblue-collarblue-collarblue-collarblue-collarblue-collarblue-collarblue-collarblue-collarblue-collarblue-collarblue-collarblue-collarblue-collarblue-collarblue-collarblue-collarblue-collarblue-collarblue-collarblue-collarblue-collarblue-collarblue-collarblue-collarblue-collarblue-collarblue-collarblue-collarblue-collarblue-collarblue-collarblue-collarblue-collarblue-collarblue-collarblue-collarblue-collarblue-collarblue-collarblue-collarblue-collarblue-collarblue-collarblue-collarblue-collarblue-collarblue-collarblue-collarblue-collarblue-collarblue-collarblue-collarblue-collarblue-collarblue-collarblue-collarblue-collarblue-collarblue-collarblue-collarblue-collarblue-collarblue-collarblue-collarblue-collarblue-collarblue-collarblue-collarblue-collarblue-collarblue-collarblue-collarblue-collarblue-collarblue-collarblue-collarblue-collarblue-collarblue-collarblue-collarblue-collarblue-collarblue-collarblue-collarblue-collarblue-collarblue-collarblue-collarblue-collarblue-collarblue-collarblue-collarblue-collarblue-collarblue-collarblue-collarblue-collarblue-collarblue-collarblue-collarblue-collarblue-collarblue-collarblue-collarblue-collarblue-collarblue-collarblue-collarblue-collarblue-collarblue-collarblue-collarblue-collarblue-collarblue-collarblue-collarblue-collarblue-collarblue-collarblue-collarblue-collarblue-collarblue-collarblue-collarblue-collarblue-collarblue-collarblue-collarblue-collarblue-collarblue-collarblue-collarblue-collarblue-collarblue-collarblue-collarblue-collarblue-collarblue-collarblue-collarblue-collarblue-collarblue-collarblue-collarblue-collarblue-collarblue-collarblue-collarblue-collarblue-collarblue-collarblue-collarblue-collarblue-collarblue-collarblue-collarblue-collarblue-collarblue-collarblue-collarblue-collarblue-collarblue-collarblue-collarblue-collarblue-collarblue-collarblue-collarblue-collarblue-collarblue-collarblue-collarblue-collarblue-collarblue-collarblue-collarblue-collarblue-collarblue-collarblue-collarblue-collarblue-collarblue-collarblue-collarblue-collarblue-collarblue-collarblue-collarblue-collarblue-collarblue-collarblue-collarblue-collarblue-collarblue-collarblue-collarblue-collarblue-collarblue-collarblue-collarblue-collarblue-collarblue-collarblue-collarblue-collarblue-collarblue-collarblue-collarblue-collarblue-collarblue-collarblue-collarblue-collarblue-collarblue-collarblue-collarblue-collarblue-collarblue-collarblue-collarblue-collarblue-collarblue-collarblue-collarblue-collarblue-collarblue-collarblue-collarblue-collarblue-collarblue-collarblue-collarblue-collarblue-collarblue-collarblue-collarblue-collarblue-collarblue-collarblue-collarblue-collarblue-collarblue-collarblue-collarblue-collarblue-collarblue-collarblue-collarblue-collarblue-collarblue-collarblue-collarblue-collarblue-collarblue-collarblue-collarblue-collarblue-collarblue-collarblue-collarblue-collarblue-collarblue-collarblue-collarblue-collarblue-collarblue-collarblue-collarblue-collarblue-collarblue-collarblue-collarblue-collarblue-collarblue-collarblue-collarblue-collarblue-collarblue-collarblue-collarblue-collarblue-collarblue-collarblue-collarblue-collarblue-collarblue-collarblue-collarblue-collarblue-collarblue-collarblue-collarblue-collarblue-collarblue-collarblue-collarblue-collarblue-collarblue-collarblue-collarblue-collarblue-collarblue-collarblue-collarblue-collarblue-collarblue-collarblue-collarblue-collarblue-collarblue-collarblue-collarblue-collarblue-collarblue-collarblue-collarblue-collarblue-collarblue-collarblue-collarblue-collarblue-collarblue-collarblue-collarblue-collarblue-collarblue-collarblue-collarblue-collarblue-collarblue-collarblue-collarblue-collarblue-collarblue-collarblue-collarblue-collarblue-collarblue-collarblue-collarblue-collarblue-collarblue-collarblue-collarblue-collarblue-collarblue-collarblue-collarblue-collarblue-collarblue-collarblue-collarblue-collarblue-collarblue-collarblue-collarblue-collarblue-collarblue-collarblue-collarblue-collarblue-collarblue-collarblue-collarblue-collarblue-collarblue-collarblue-collarblue-collarblue-collarblue-collarblue-collarblue-collarblue-collarblue-collarblue-collarblue-collarblue-collarblue-collarblue-collarblue-collarblue-collarblue-collarblue-collarblue-collarblue-collarblue-collarblue-collarblue-collarblue-collarblue-collarblue-collarblue-collarblue-collarblue-collarblue-collarblue-collarblue-collarblue-collarblue-collarblue-collarblue-collarblue-collarblue-collarblue-collarblue-collarblue-collarblue-collarblue-collarblue-collarblue-collarblue-collarblue-collarblue-collarblue-collarblue-collarblue-collarblue-collarblue-collarblue-collarblue-collarblue-collarblue-collarblue-collarblue-collarblue-collarblue-collarblue-collarblue-collarblue-collarblue-collarblue-collarblue-collarblue-collarblue-collarblue-collarblue-collarblue-collarblue-collarblue-collarblue-collarblue-collarblue-collarblue-collarblue-collarblue-collarblue-collarblue-collarblue-collarblue-collarblue-collarblue-collarblue-collarblue-collarblue-collarblue-collarblue-collarblue-collarblue-collarblue-collarblue-collarblue-collarblue-collarblue-collarblue-collarblue-collarblue-collarblue-collarblue-collarblue-collarblue-collarblue-collarblue-collarblue-collarblue-collarblue-collarblue-collarblue-collarblue-collarblue-collarblue-collarblue-collarblue-collarblue-collarblue-collarblue-collarblue-collarblue-collarblue-collarblue-collarblue-collarblue-collarblue-collarblue-collarblue-collarblue-collarblue-collarblue-collarblue-collarblue-collarblue-collarblue-collarblue-collarblue-collarblue-collarblue-collarblue-collarblue-collarblue-collarblue-collarblue-collarblue-collarblue-collarblue-collarblue-collarblue-collarblue-collarblue-collarblue-collarblue-collarblue-collarblue-collarblue-collarblue-collarblue-collarblue-collarblue-collarblue-collarblue-collarblue-collarblue-collarblue-collarblue-collarblue-collarblue-collarblue-collarblue-collarblue-collarblue-collarblue-collarblue-collarblue-collarblue-collarblue-collarblue-collarblue-collarblue-collarblue-collarblue-collarblue-collarblue-collarblue-collarblue-collarblue-collarblue-collarblue-collarblue-collarblue-collarblue-collarblue-collarblue-collarblue-collarblue-collarblue-collarblue-collarblue-collarblue-collarblue-collarblue-collarblue-collarblue-collarblue-collarblue-collarblue-collarblue-collarblue-collarblue-collarblue-collarblue-collarblue-collarblue-collarblue-collarblue-collarblue-collarblue-collarblue-collarblue-collarblue-collarblue-collarblue-collarblue-collarblue-collarblue-collarblue-collarblue-collarblue-collarblue-collarblue-collarblue-collarblue-collarblue-collarblue-collarblue-collarblue-collarblue-collarblue-collarblue-collarblue-collarblue-collarblue-collarblue-collarblue-collarblue-collarblue-collarblue-collarblue-collarblue-collarblue-collarblue-collarblue-collarblue-collarblue-collarblue-collarblue-collarblue-collarblue-collarblue-collarblue-collarblue-collarblue-collarblue-collarblue-collarblue-collarblue-collarblue-collarblue-collarblue-collarblue-collarblue-collarblue-collarblue-collarblue-collarblue-collarblue-collarblue-collarblue-collarblue-collarblue-collarblue-collarblue-collarblue-collarblue-collarblue-collarblue-collarblue-collarblue-collarblue-collarblue-collarblue-collarblue-collarblue-collarblue-collarblue-collarblue-collarblue-collarblue-collarblue-collarblue-collarblue-collarblue-collarblue-collarblue-collarblue-collarblue-collarblue-collarblue-collarblue-collarblue-collarblue-collarblue-collarblue-collarblue-collarblue-collarblue-collarblue-collarblue-collarblue-collarblue-collarblue-collarblue-collarblue-collarblue-collarblue-collarblue-collarblue-collarblue-collarblue-collarblue-collarblue-collarblue-collarblue-collarblue-collarblue-collarblue-collarblue-collarblue-collarblue-collarblue-collarblue-collarblue-collarblue-collarblue-collarblue-collarblue-collarblue-collarblue-collarblue-collarblue-collarblue-collarblue-collarblue-collarblue-collarblue-collarblue-collarblue-collarblue-collarblue-collarblue-collarblue-collarblue-collarblue-collarblue-collarblue-collarblue-collarblue-collarblue-collarblue-collarblue-collarblue-collarblue-collarblue-collarblue-collarblue-collarblue-collarblue-collarblue-collarblue-collarblue-collarblue-collarblue-collarblue-collarblue-collarblue-collarblue-collarblue-collarblue-collarblue-collarblue-collarblue-collarblue-collarblue-collarblue-collarblue-collarblue-collarblue-collarblue-collarblue-collarblue-collarblue-collarblue-collarblue-collarblue-collarblue-collarblue-collarblue-collarblue-collarblue-collarblue-collarblue-collarblue-collarblue-collarblue-collarblue-collarblue-collarblue-collarblue-collarblue-collarblue-collarblue-collarblue-collarblue-collarblue-collarblue-collarblue-collarblue-collarblue-collarblue-collarblue-collarblue-collarblue-collarblue-collarblue-collarblue-collarblue-collarblue-collarblue-collarblue-collarblue-collarblue-collarblue-collarblue-collarblue-collarblue-collarblue-collarblue-collarblue-collarblue-collarblue-collarblue-collarblue-collarblue-collarblue-collarblue-collarblue-collarblue-collarblue-collarblue-collarblue-collarblue-collarblue-collarblue-collarblue-collarblue-collarblue-collarblue-collarblue-collarblue-collarblue-collarblue-collarblue-collarblue-collarblue-collarblue-collarblue-collarblue-collarblue-collarblue-collarblue-collarblue-collarblue-collarblue-collarblue-collarblue-collarblue-collarblue-collarblue-collarblue-collarblue-collarblue-collarblue-collarblue-collarblue-collarblue-collarblue-collarblue-collarblue-collarblue-collarblue-collarblue-collarblue-collarblue-collarblue-collarblue-collarblue-collarblue-collarblue-collarblue-collarblue-collarblue-collarblue-collarblue-collarblue-collarblue-collarblue-collarblue-collarblue-collarblue-collarblue-collarblue-collarblue-collarblue-collarblue-collarblue-collarblue-collarblue-collarblue-collarblue-collarblue-collarblue-collarblue-collarblue-collarblue-collarblue-collarblue-collarblue-collarblue-collarblue-collarblue-collarblue-collarblue-collarblue-collarblue-collarblue-collarblue-collarblue-collarblue-collarblue-collarblue-collarblue-collarblue-collarblue-collarblue-collarblue-collarblue-collarblue-collarblue-collarblue-collarblue-collarblue-collarblue-collarblue-collarblue-collarblue-collarblue-collarblue-collarblue-collarblue-collarblue-collarblue-collarblue-collarblue-collarblue-collarblue-collarblue-collarblue-collarblue-collarblue-collarblue-collarblue-collarblue-collarblue-collarblue-collarblue-collarblue-collarblue-collarblue-collarblue-collarblue-collarblue-collarblue-collarblue-collarblue-collarblue-collarblue-collarblue-collarblue-collarblue-collarblue-collarblue-collarblue-collarblue-collarblue-collarblue-collarblue-collarblue-collarblue-collarblue-collarblue-collarblue-collarblue-collarblue-collarblue-collarblue-collarblue-collarblue-collarblue-collarblue-collarblue-collarblue-collarblue-collarblue-collarblue-collarblue-collarblue-collarblue-collarblue-collarblue-collarblue-collarblue-collarblue-collarblue-collarblue-collarblue-collarblue-collarblue-collarblue-collarblue-collarblue-collarblue-collarblue-collarblue-collarblue-collarblue-collarblue-collarblue-collarblue-collarblue-collarblue-collarblue-collarblue-collarblue-collarblue-collarblue-collarblue-collarblue-collarblue-collarblue-collarblue-collarblue-collarblue-collarblue-collarblue-collarblue-collarblue-collarblue-collarblue-collarblue-collarblue-collarblue-collarblue-collarblue-collarblue-collarblue-collarblue-collarblue-collarblue-collarblue-collarblue-collarblue-collarblue-collarblue-collarblue-collarblue-collarblue-collarblue-collarblue-collarblue-collarblue-collarblue-collarblue-collarblue-collarblue-collarblue-collarblue-collarblue-collarblue-collarblue-collarblue-collarblue-collarblue-collarblue-collarblue-collarblue-collarblue-collarblue-collarblue-collarblue-collarblue-collarblue-collarblue-collarblue-collarblue-collarblue-collarblue-collarblue-collarblue-collarblue-collarblue-collarblue-collarblue-collarblue-collarblue-collarblue-collarblue-collarblue-collarblue-collarblue-collarblue-collarblue-collarblue-collarblue-collarblue-collarblue-collarblue-collarblue-collarblue-collarblue-collarblue-collarblue-collarblue-collarblue-collarblue-collarblue-collarblue-collarblue-collarblue-collarblue-collarblue-collarblue-collarblue-collarblue-collarblue-collarblue-collarblue-collarblue-collarblue-collarblue-collarblue-collarblue-collarblue-collarblue-collarblue-collarblue-collarblue-collarblue-collarblue-collarblue-collarblue-collarblue-collarblue-collarblue-collarblue-collarblue-collarblue-collarblue-collarblue-collarblue-collarblue-collarblue-collarblue-collarblue-collarblue-collarblue-collarblue-collarblue-collarblue-collarblue-collarblue-collarblue-collarblue-collarblue-collarblue-collarblue-collarblue-collarblue-collarblue-collarblue-collarblue-collarblue-collarblue-collarblue-collarblue-collarblue-collarblue-collarblue-collarblue-collarblue-collarblue-collarblue-collarblue-collarblue-collarblue-collarblue-collarblue-collarblue-collarblue-collarblue-collarblue-collarblue-collarblue-collarblue-collarblue-collarblue-collarblue-collarblue-collarblue-collarblue-collarblue-collarblue-collarblue-collarblue-collarblue-collarblue-collarblue-collarblue-collarblue-collarblue-collarblue-collarblue-collarblue-collarblue-collarblue-collarblue-collarblue-collarblue-collarblue-collarblue-collarblue-collarblue-collarblue-collarblue-collarblue-collarblue-collarblue-collarblue-collarblue-collarblue-collarblue-collarblue-collarblue-collarblue-collarblue-collarblue-collarblue-collarblue-collarblue-collarblue-collarblue-collarblue-collarblue-collarblue-collarblue-collarblue-collarblue-collarblue-collarblue-collarblue-collarblue-collarblue-collarblue-collarblue-collarblue-collarblue-collarblue-collarblue-collarblue-collarblue-collarblue-collarblue-collarblue-collarblue-collarblue-collarblue-collarblue-collarblue-collarblue-collarblue-collarblue-collarblue-collarblue-collarblue-collarblue-collarblue-collarblue-collarblue-collarblue-collarblue-collarblue-collarblue-collarblue-collarblue-collarblue-collarblue-collarblue-collarblue-collarblue-collarblue-collarblue-collarblue-collarblue-collarblue-collarblue-collarblue-collarblue-collarblue-collarblue-collarblue-collarblue-collarblue-collarblue-collarblue-collarblue-collarblue-collarblue-collarblue-collarblue-collarblue-collarblue-collarblue-collarblue-collarblue-collarblue-collarblue-collarblue-collarblue-collarblue-collarblue-collarblue-collarblue-collarblue-collarblue-collarblue-collarblue-collarblue-collarblue-collarblue-collarblue-collarblue-collarblue-collarblue-collarblue-collarblue-collarblue-collarblue-collarblue-collarblue-collarblue-collarblue-collarblue-collarblue-collarblue-collarblue-collarblue-collarblue-collarblue-collarblue-collarblue-collarblue-collarblue-collarblue-collarblue-collarblue-collarblue-collarblue-collarblue-collarblue-collarblue-collarblue-collarblue-collarblue-collarblue-collarblue-collarblue-collarblue-collarblue-collarblue-collarblue-collarblue-collarblue-collarblue-collarblue-collarblue-collarblue-collarblue-collarblue-collarblue-collarblue-collarblue-collarblue-collarblue-collarblue-collarblue-collarblue-collarblue-collarblue-collarblue-collarblue-collarblue-collarblue-collarblue-collarblue-collarblue-collarblue-collarblue-collarblue-collarblue-collarblue-collarblue-collarblue-collarblue-collarblue-collarblue-collarblue-collarblue-collarblue-collarblue-collarblue-collarblue-collarblue-collarblue-collarblue-collarblue-collarblue-collarblue-collarblue-collarblue-collarblue-collarblue-collarblue-collarblue-collarblue-collarblue-collarblue-collarblue-collarblue-collarblue-collarblue-collarblue-collarblue-collarblue-collarblue-collarblue-collarblue-collarblue-collarblue-collarblue-collarblue-collarblue-collarblue-collarblue-collarblue-collarblue-collarblue-collarblue-collarblue-collarblue-collarblue-collarblue-collarblue-collarblue-collarblue-collarblue-collarblue-collarblue-collarblue-collarblue-collarblue-collarblue-collarblue-collarblue-collarblue-collarblue-collarblue-collarblue-collarblue-collarblue-collarblue-collarblue-collarblue-collarblue-collarblue-collarblue-collarblue-collarblue-collarblue-collarblue-collarblue-collarblue-collarblue-collarblue-collarblue-collarblue-collarblue-collarblue-collarblue-collarblue-collarblue-collarblue-collarblue-collarblue-collarblue-collarblue-collarblue-collarblue-collarblue-collarblue-collarblue-collarblue-collarblue-collarblue-collarblue-collarblue-collarblue-collarblue-collarblue-collarblue-collarblue-collarblue-collarblue-collarblue-collarblue-collarblue-collarblue-collarblue-collarblue-collarblue-collarblue-collarblue-collarblue-collarblue-collarblue-collarblue-collarblue-collarblue-collarblue-collarblue-collarblue-collarblue-collarblue-collarblue-collarblue-collarblue-collarblue-collarblue-collarblue-collarblue-collarblue-collarblue-collarblue-collarblue-collarblue-collarblue-collarblue-collarblue-collarblue-collarblue-collarblue-collarblue-collarblue-collarblue-collarblue-collarblue-collarblue-collarblue-collarblue-collarblue-collarblue-collarblue-collarblue-collarblue-collarblue-collarblue-collarblue-collarblue-collarblue-collarblue-collarblue-collarblue-collarblue-collarblue-collarblue-collarblue-collarblue-collarblue-collarblue-collarblue-collarblue-collarblue-collarblue-collarblue-collarblue-collarblue-collarblue-collarblue-collarblue-collarblue-collarblue-collarblue-collarblue-collarblue-collarblue-collarblue-collarblue-collarblue-collarblue-collarblue-collarblue-collarblue-collarblue-collarblue-collarblue-collarblue-collarblue-collarblue-collarblue-collarblue-collarblue-collarblue-collarblue-collarblue-collarblue-collarblue-collarblue-collarblue-collarblue-collarblue-collarblue-collarblue-collarblue-collarblue-collarblue-collarblue-collarblue-collarblue-collarblue-collarblue-collarblue-collarblue-collarblue-collarblue-collarblue-collarblue-collarblue-collarblue-collarblue-collarblue-collarblue-collarblue-collarblue-collarblue-collarblue-collarblue-collarblue-collarblue-collarblue-collarblue-collarblue-collarblue-collarblue-collarblue-collarblue-collarblue-collarblue-collarblue-collarblue-collarblue-collarblue-collarblue-collarblue-collarblue-collarblue-collarblue-collarblue-collarblue-collarblue-collarblue-collarblue-collarblue-collarblue-collarblue-collarblue-collarblue-collarblue-collarblue-collarblue-collarblue-collarblue-collarblue-collarblue-collarblue-collarblue-collarblue-collarblue-collarblue-collarblue-collarblue-collarblue-collarblue-collarblue-collarblue-collarblue-collarblue-collarblue-collarblue-collarblue-collarblue-collarblue-collarblue-collarblue-collarblue-collarblue-collarblue-collarblue-collarblue-collarblue-collarblue-collarblue-collarblue-collarblue-collarblue-collarblue-collarblue-collarblue-collarblue-collarblue-collarblue-collarblue-collarblue-collarblue-collarblue-collarblue-collarblue-collarblue-collarblue-collarblue-collarblue-collarblue-collarblue-collarblue-collarblue-collarblue-collarblue-collarblue-collarblue-collarblue-collarblue-collarblue-collarblue-collarblue-collarblue-collarblue-collarblue-collarblue-collarblue-collarblue-collarblue-collarblue-collarblue-collarblue-collarblue-collarblue-collarblue-collarblue-collarblue-collarblue-collarblue-collarblue-collarblue-collarblue-collarblue-collarblue-collarblue-collarblue-collarblue-collarblue-collarblue-collarblue-collarblue-collarblue-collarblue-collarblue-collarblue-collarblue-collarblue-collarblue-collarblue-collarblue-collarblue-collarblue-collarblue-collarblue-collarblue-collarblue-collarblue-collarblue-collarblue-collarblue-collarblue-collarblue-collarblue-collarblue-collarblue-collarblue-collarblue-collarblue-collarblue-collarblue-collarblue-collarblue-collarblue-collarblue-collarblue-collarblue-collarblue-collarblue-collarblue-collarblue-collarblue-collarblue-collarblue-collarblue-collarblue-collarblue-collarblue-collarblue-collarblue-collarblue-collarblue-collarblue-collarblue-collarblue-collarblue-collarblue-collarblue-collarblue-collarblue-collarblue-collarblue-collarblue-collarblue-collarblue-collarblue-collarblue-collarblue-collarblue-collarblue-collarblue-collarblue-collarblue-collarblue-collarblue-collarblue-collarblue-collarblue-collarblue-collarblue-collarblue-collarblue-collarblue-collarblue-collarblue-collarblue-collarblue-collarblue-collarblue-collarblue-collarblue-collarblue-collarblue-collarblue-collarblue-collarblue-collarblue-collarblue-collarblue-collarblue-collarblue-collarblue-collarblue-collarblue-collarblue-collarblue-collarblue-collarblue-collarblue-collarblue-collarblue-collarblue-collarblue-collarblue-collarblue-collarblue-collarblue-collarblue-collarblue-collarblue-collarblue-collarblue-collarblue-collarblue-collarblue-collarblue-collarblue-collarblue-collarblue-collarblue-collarblue-collarblue-collarblue-collarblue-collarblue-collarblue-collarblue-collarblue-collarblue-collarblue-collarblue-collarblue-collarblue-collarblue-collarblue-collarblue-collarblue-collarblue-collarblue-collarblue-collarblue-collarblue-collarblue-collarblue-collarblue-collarblue-collarblue-collarblue-collarblue-collarblue-collarblue-collarblue-collarblue-collarblue-collarblue-collarblue-collarblue-collarblue-collarblue-collarblue-collarblue-collarblue-collarblue-collarblue-collarblue-collarblue-collarblue-collarblue-collarblue-collarblue-collarblue-collarblue-collarblue-collarblue-collarblue-collarblue-collarblue-collarblue-collarblue-collarblue-collarblue-collarblue-collarblue-collarblue-collarblue-collarblue-collarblue-collarblue-collarblue-collarblue-collarblue-collarblue-collarblue-collarblue-collarblue-collarblue-collarblue-collarblue-collarblue-collarblue-collarblue-collarblue-collarblue-collarblue-collarblue-collarblue-collarblue-collarblue-collarblue-collarblue-collarblue-collarblue-collarblue-collarblue-collarblue-collarblue-collarblue-collarblue-collarblue-collarblue-collarblue-collarblue-collarblue-collarblue-collarblue-collarblue-collarblue-collarblue-collarblue-collarblue-collarblue-collarblue-collarblue-collarblue-collarblue-collarblue-collarblue-collarblue-collarblue-collarblue-collarblue-collarblue-collarblue-collarblue-collarblue-collarblue-collarblue-collarblue-collarblue-collarblue-collarblue-collarblue-collarblue-collarblue-collarblue-collarblue-collarblue-collarblue-collarblue-collarblue-collarblue-collarblue-collarblue-collarblue-collarblue-collarblue-collarblue-collarblue-collarblue-collarblue-collarblue-collarblue-collarblue-collarblue-collarblue-collarblue-collarblue-collarblue-collarblue-collarblue-collarblue-collarblue-collarblue-collarblue-collarblue-collarblue-collarblue-collarblue-collarblue-collarblue-collarblue-collarblue-collarblue-collarblue-collarblue-collarblue-collarblue-collarblue-collarblue-collarblue-collarblue-collarblue-collarblue-collarblue-collarblue-collarblue-collarblue-collarblue-collarblue-collarblue-collarblue-collarblue-collarblue-collarblue-collarblue-collarblue-collarblue-collarblue-collarblue-collarblue-collarblue-collarblue-collarblue-collarblue-collarblue-collarblue-collarblue-collarblue-collarblue-collarblue-collarblue-collarblue-collarblue-collarblue-collarblue-collarblue-collarblue-collarblue-collarblue-collarblue-collarblue-collarblue-collarblue-collarblue-collarblue-collarblue-collarblue-collarblue-collarblue-collarblue-collarblue-collarblue-collarblue-collarblue-collarblue-collarblue-collarblue-collarblue-collarblue-collarblue-collarblue-collarblue-collarblue-collarblue-collarblue-collarblue-collarblue-collarblue-collarblue-collarblue-collarblue-collarblue-collarblue-collarblue-collarblue-collarblue-collarblue-collarblue-collarblue-collarblue-collarblue-collarblue-collarblue-collarblue-collarblue-collarblue-collarblue-collarblue-collarblue-collarblue-collarblue-collarblue-collarblue-collarblue-collarblue-collarblue-collarblue-collarblue-collarblue-collarblue-collarblue-collarblue-collarblue-collarblue-collarblue-collarblue-collarblue-collarblue-collarblue-collarblue-collarblue-collarblue-collarblue-collarblue-collarblue-collarblue-collarblue-collarblue-collarblue-collarblue-collarblue-collarblue-collarblue-collarblue-collarblue-collarblue-collarblue-collarblue-collarblue-collarblue-collarblue-collarblue-collarblue-collarblue-collarblue-collarblue-collarblue-collarblue-collarblue-collarblue-collarblue-collarblue-collarblue-collarblue-collarblue-collarblue-collarblue-collarblue-collarblue-collarblue-collarblue-collarblue-collarblue-collarblue-collarblue-collarblue-collarblue-collarblue-collarblue-collarblue-collarblue-collarblue-collarblue-collarblue-collarblue-collarblue-collarblue-collarblue-collarblue-collarblue-collarblue-collarblue-collarblue-collarblue-collarblue-collarblue-collarblue-collarblue-collarblue-collarblue-collarblue-collarblue-collarblue-collarblue-collarblue-collarblue-collarblue-collarblue-collarblue-collarblue-collarblue-collarblue-collarblue-collarblue-collarblue-collarblue-collarblue-collarblue-collarblue-collarblue-collarblue-collarblue-collarblue-collarblue-collarblue-collarblue-collarblue-collarblue-collarblue-collarblue-collarblue-collarblue-collarblue-collarblue-collarblue-collarblue-collarblue-collarblue-collarblue-collarblue-collarblue-collarblue-collarblue-collarblue-collarblue-collarblue-collarblue-collarblue-collarblue-collarblue-collarblue-collarblue-collarblue-collarblue-collarblue-collarblue-collarblue-collarblue-collarblue-collarblue-collarblue-collarblue-collarblue-collarblue-collarblue-collarblue-collarblue-collarblue-collarblue-collarblue-collarblue-collarblue-collarblue-collarblue-collarblue-collarblue-collarblue-collarblue-collarblue-collarblue-collarblue-collarblue-collarblue-collarblue-collarblue-collarblue-collarblue-collarblue-collarblue-collarblue-collarblue-collarblue-collarblue-collarblue-collarblue-collarblue-collarblue-collarblue-collarblue-collarblue-collarblue-collarblue-collarblue-collarblue-collarblue-collarblue-collarblue-collarblue-collarblue-collarblue-collarblue-collarblue-collarblue-collarblue-collarblue-collarblue-collarblue-collarblue-collarblue-collarblue-collarblue-collarblue-collarblue-collarblue-collarblue-collarblue-collarblue-collarblue-collarblue-collarblue-collarblue-collarblue-collarblue-collarblue-collarblue-collarblue-collarblue-collarblue-collarblue-collarblue-collarblue-collarblue-collarblue-collarblue-collarblue-collarblue-collarblue-collarblue-collarblue-collarblue-collarblue-collarblue-collarblue-collarblue-collarblue-collarblue-collarblue-collarblue-collarblue-collarblue-collarblue-collarblue-collarblue-collarblue-collarblue-collarblue-collarblue-collarblue-collarblue-collarblue-collarblue-collarblue-collarblue-collarblue-collarblue-collarblue-collarblue-collarblue-collarblue-collarblue-collarblue-collarblue-collarblue-collarblue-collarblue-collarblue-collarblue-collarblue-collarblue-collarblue-collarblue-collarblue-collarblue-collarblue-collarblue-collarblue-collarblue-collarblue-collarblue-collarblue-collarblue-collarblue-collarblue-collarblue-collarblue-collarblue-collarblue-collarblue-collarblue-collarblue-collarblue-collarblue-collarblue-collarblue-collarblue-collarblue-collarblue-collarblue-collarblue-collarblue-collarblue-collarblue-collarblue-collarblue-collarblue-collarblue-collarblue-collarblue-collarblue-collarblue-collarblue-collarblue-collarblue-collarblue-collarblue-collarblue-collarblue-collarblue-collarblue-collarblue-collarblue-collarblue-collarblue-collarblue-collarblue-collarblue-collarblue-collarblue-collarblue-collarblue-collarblue-collarblue-collarblue-collarblue-collarblue-collarblue-collarblue-collarblue-collarblue-collarblue-collarblue-collarblue-collarblue-collarblue-collarblue-collarblue-collarblue-collarblue-collarblue-collarblue-collarblue-collarblue-collarblue-collarblue-collarblue-collarblue-collarblue-collarblue-collarblue-collarblue-collarblue-collarblue-collarblue-collarblue-collarblue-collarblue-collarblue-collarblue-collarblue-collarblue-collarblue-collarblue-collarblue-collarblue-collarblue-collarblue-collarblue-collarblue-collarblue-collarblue-collarblue-collarblue-collarblue-collarblue-collarblue-collarblue-collarblue-collarblue-collarblue-collarblue-collarblue-collarblue-collarblue-collarblue-collarblue-collarblue-collarblue-collarblue-collarblue-collarblue-collarblue-collarblue-collarblue-collarblue-collarblue-collarblue-collarblue-collarblue-collarblue-collarblue-collarblue-collarblue-collarblue-collarblue-collarblue-collarblue-collarblue-collarblue-collarblue-collarblue-collarblue-collarblue-collarblue-collarblue-collarblue-collarblue-collarblue-collarblue-collarblue-collarblue-collarblue-collarblue-collarblue-collarblue-collarblue-collarblue-collarblue-collarblue-collarblue-collarblue-collarblue-collarblue-collarblue-collarblue-collarblue-collarblue-collarblue-collarblue-collarblue-collarblue-collarblue-collarblue-collarblue-collarblue-collarblue-collarblue-collarblue-collarblue-collarblue-collarblue-collarblue-collarblue-collarblue-collarblue-collarblue-collarblue-collarblue-collarblue-collarblue-collarblue-collarblue-collarblue-collarblue-collarblue-collarblue-collarblue-collarblue-collarblue-collarblue-collarblue-collarblue-collarblue-collarblue-collarblue-collarblue-collarblue-collarblue-collarblue-collarblue-collarblue-collarblue-collarblue-collarblue-collarblue-collarblue-collarblue-collarblue-collarblue-collarblue-collarblue-collarblue-collarblue-collarblue-collarblue-collarblue-collarblue-collarblue-collarblue-collarblue-collarblue-collarblue-collarblue-collarblue-collarblue-collarblue-collarblue-collarblue-collarblue-collarblue-collarblue-collarblue-collarblue-collarblue-collarblue-collarblue-collarblue-collarblue-collarblue-collarblue-collarblue-collarblue-collarblue-collarblue-collarblue-collarblue-collarblue-collarblue-collarblue-collarblue-collarblue-collarblue-collarblue-collarblue-collarblue-collarblue-collarblue-collarblue-collarblue-collarblue-collarblue-collarblue-collarblue-collarblue-collarblue-collarblue-collarblue-collarblue-collarblue-collarblue-collarblue-collarblue-collarblue-collarblue-collarblue-collarblue-collarblue-collarblue-collarblue-collarblue-collarblue-collarblue-collarblue-collarblue-collarblue-collarblue-collarblue-collarblue-collarblue-collarblue-collarblue-collarblue-collarblue-collarblue-collarblue-collarblue-collarblue-collarblue-collarblue-collarblue-collarblue-collarblue-collarblue-collarblue-collarblue-collarblue-collarblue-collarblue-collarblue-collarblue-collarblue-collarblue-collarblue-collarblue-collarblue-collarblue-collarblue-collarblue-collarblue-collarblue-collarblue-collarblue-collarblue-collarblue-collarblue-collarblue-collarblue-collarblue-collarblue-collarblue-collarblue-collarblue-collarblue-collarblue-collarblue-collarblue-collarblue-collarblue-collarblue-collarblue-collarblue-collarblue-collarblue-collarblue-collarblue-collarblue-collarblue-collarblue-collarblue-collarblue-collarblue-collarblue-collarblue-collarblue-collarblue-collarblue-collarblue-collarblue-collarblue-collarblue-collarblue-collarblue-collarblue-collarblue-collarblue-collarblue-collarblue-collarblue-collarblue-collarblue-collarblue-collarblue-collarblue-collarblue-collarblue-collarblue-collarblue-collarblue-collarblue-collarblue-collarblue-collarblue-collarblue-collarblue-collarblue-collarblue-collarblue-collarblue-collarblue-collarblue-collarblue-collarblue-collarblue-collarblue-collarblue-collarblue-collarblue-collarblue-collarblue-collarblue-collarblue-collarblue-collarblue-collarblue-collarblue-collarblue-collarblue-collarblue-collarblue-collarblue-collarblue-collarblue-collarblue-collarblue-collarblue-collarblue-collarblue-collarblue-collarblue-collarblue-collarblue-collarblue-collarblue-collarblue-collarblue-collarblue-collarblue-collarblue-collarblue-collarblue-collarblue-collarblue-collarblue-collarblue-collarblue-collarblue-collarblue-collarblue-collarblue-collarblue-collarblue-collarblue-collarblue-collarblue-collarblue-collarblue-collarblue-collarblue-collarblue-collarblue-collarblue-collarblue-collarblue-collarblue-collarblue-collarblue-collarblue-collarblue-collarblue-collarblue-collarblue-collarblue-collarblue-collarblue-collarblue-collarblue-collarblue-collarblue-collarblue-collarblue-collarblue-collarblue-collarblue-collarblue-collarblue-collarblue-collarblue-collarblue-collarblue-collarblue-collarblue-collarblue-collarblue-collarblue-collarblue-collarblue-collarblue-collarblue-collarblue-collarblue-collarblue-collarblue-collarblue-collarblue-collarblue-collarblue-collarblue-collarblue-collarblue-collarblue-collarblue-collarblue-collarblue-collarblue-collarblue-collarblue-collarblue-collarblue-collarblue-collarblue-collarblue-collarblue-collarblue-collarblue-collarblue-collarblue-collarblue-collarblue-collarblue-collarblue-collarblue-collarblue-collarblue-collarblue-collarblue-collarblue-collarblue-collarblue-collarblue-collarblue-collarblue-collarblue-collarblue-collarblue-collarblue-collarblue-collarblue-collarblue-collarblue-collarblue-collarblue-collarblue-collarblue-collarblue-collarblue-collarblue-collarblue-collarblue-collarblue-collarblue-collarblue-collarblue-collarblue-collarblue-collarblue-collarblue-collarblue-collarblue-collarblue-collarblue-collarblue-collarblue-collarblue-collarblue-collarblue-collarblue-collarblue-collarblue-collarblue-collarblue-collarblue-collarblue-collarblue-collarblue-collarblue-collarblue-collarblue-collarblue-collarblue-collarblue-collarblue-collarblue-collarblue-collarblue-collarblue-collarblue-collarblue-collarblue-collarblue-collarblue-collarblue-collarblue-collarblue-collarblue-collarblue-collarblue-collarblue-collarblue-collarblue-collarblue-collarblue-collarblue-collarblue-collarblue-collarblue-collarblue-collarblue-collarblue-collarblue-collarblue-collarblue-collarblue-collarblue-collarblue-collarblue-collarblue-collarblue-collarblue-collarblue-collarblue-collarblue-collarblue-collarblue-collarblue-collarblue-collarblue-collarblue-collarblue-collarblue-collarblue-collarblue-collarblue-collarblue-collarblue-collarblue-collarblue-collarblue-collarblue-collarblue-collarblue-collarblue-collarblue-collarblue-collarblue-collarblue-collarblue-collarblue-collarblue-collarblue-collarblue-collarblue-collarblue-collarblue-collarblue-collarblue-collarblue-collarblue-collarblue-collarblue-collarblue-collarblue-collarblue-collarblue-collarblue-collarblue-collarblue-collarblue-collarblue-collarblue-collarblue-collarblue-collarblue-collarblue-collarblue-collarblue-collarblue-collarblue-collarblue-collarblue-collarblue-collarblue-collarblue-collarblue-collarblue-collarblue-collarblue-collarblue-collarblue-collarblue-collarblue-collarblue-collarblue-collarblue-collarblue-collarblue-collarblue-collarblue-collarblue-collarblue-collarblue-collarblue-collarblue-collarblue-collarblue-collarblue-collarblue-collarblue-collarblue-collarblue-collarblue-collarblue-collarblue-collarblue-collarblue-collarblue-collarblue-collarblue-collarblue-collarblue-collarblue-collarblue-collarblue-collarblue-collarblue-collarblue-collarblue-collarblue-collarblue-collarblue-collarblue-collarblue-collarblue-collarblue-collarblue-collarblue-collarblue-collarblue-collarblue-collarblue-collarblue-collarblue-collarblue-collarblue-collarblue-collarblue-collarblue-collarblue-collarblue-collarblue-collarblue-collarblue-collarblue-collarblue-collarblue-collarblue-collarblue-collarblue-collarblue-collarblue-collarblue-collarblue-collarblue-collarblue-collarblue-collarblue-collarblue-collarblue-collarblue-collarblue-collarblue-collarblue-collarblue-collarblue-collarblue-collarblue-collarblue-collarblue-collarblue-collarblue-collarblue-collarblue-collarblue-collarblue-collarblue-collarblue-collarblue-collarblue-collarblue-collarblue-collarblue-collarblue-collarblue-collarblue-collarblue-collarblue-collarblue-collarblue-collarblue-collarblue-collarblue-collarblue-collarblue-collarblue-collarblue-collarblue-collarblue-collarblue-collarblue-collarblue-collarblue-collarblue-collarblue-collarblue-collarblue-collarblue-collarblue-collarblue-collarblue-collarblue-collarblue-collarblue-collarblue-collarblue-collarblue-collarblue-collarblue-collarblue-collarblue-collarblue-collarblue-collarblue-collarblue-collarblue-collarblue-collarblue-collarblue-collarblue-collarblue-collarblue-collarblue-collarblue-collarblue-collarblue-collarblue-collarblue-collarblue-collarblue-collarblue-collarblue-collarblue-collarblue-collarblue-collarblue-collarblue-collarblue-collarblue-collarblue-collarblue-collarblue-collarblue-collarblue-collarblue-collarblue-collarblue-collarblue-collarblue-collarblue-collarblue-collarblue-collarblue-collarblue-collarblue-collarblue-collarblue-collarblue-collarblue-collarblue-collarblue-collarblue-collarblue-collarblue-collarblue-collarblue-collarblue-collarblue-collarblue-collarblue-collarblue-collarblue-collarblue-collarblue-collarblue-collarblue-collarblue-collarblue-collarblue-collarblue-collarblue-collarblue-collarblue-collarblue-collarblue-collarblue-collarblue-collarblue-collarblue-collarblue-collarblue-collarblue-collarblue-collarblue-collarblue-collarblue-collarblue-collarblue-collarblue-collarblue-collarblue-collarblue-collarblue-collarblue-collarblue-collarblue-collarblue-collarblue-collarblue-collarblue-collarblue-collarblue-collarblue-collarblue-collarblue-collarblue-collarblue-collarblue-collarblue-collarblue-collarblue-collarblue-collarblue-collarblue-collarblue-collarblue-collarblue-collarblue-collarblue-collarblue-collarblue-collarblue-collarblue-collarblue-collarblue-collarblue-collarblue-collarblue-collarblue-collarblue-collarblue-collarblue-collarblue-collarblue-collarblue-collarblue-collarblue-collarblue-collarblue-collarblue-collarblue-collarblue-collarblue-collarblue-collarblue-collarblue-collarblue-collarblue-collarblue-collarblue-collarblue-collarblue-collarblue-collarblue-collarblue-collarblue-collarblue-collarblue-collarblue-collarblue-collarblue-collarblue-collarblue-collarblue-collarblue-collarblue-collarblue-collarblue-collarblue-collarblue-collarblue-collarblue-collarblue-collarblue-collarblue-collarblue-collarblue-collarblue-collarblue-collarblue-collarblue-collarblue-collarblue-collarblue-collarblue-collarblue-collarblue-collarblue-collarblue-collarblue-collarblue-collarblue-collarblue-collarblue-collarblue-collarblue-collarblue-collarblue-collarblue-collarblue-collarblue-collarblue-collarblue-collarblue-collarblue-collarblue-collarblue-collarblue-collarblue-collarblue-collarblue-collarblue-collarblue-collarblue-collarblue-collarblue-collarblue-collarblue-collarblue-collarblue-collarblue-collarblue-collarblue-collarblue-collarblue-collarblue-collarblue-collarblue-collarblue-collarblue-collarblue-collarblue-collarblue-collarblue-collarblue-collarblue-collarblue-collarblue-collarblue-collarblue-collarblue-collarblue-collarblue-collarblue-collarblue-collarblue-collarblue-collarblue-collarblue-collarblue-collarblue-collarblue-collarblue-collarblue-collarblue-collarblue-collarblue-collarblue-collarblue-collarblue-collarblue-collarblue-collarblue-collarblue-collarblue-collarblue-collarblue-collarblue-collarblue-collarblue-collarblue-collarblue-collarblue-collarblue-collarblue-collarblue-collarblue-collarblue-collarblue-collarblue-collarblue-collarblue-collarblue-collarblue-collarblue-collarblue-collarblue-collarblue-collarblue-collarblue-collarblue-collarblue-collarblue-collarblue-collarblue-collarblue-collarblue-collarblue-collarblue-collarblue-collarblue-collarblue-collarblue-collarblue-collarblue-collarblue-collarblue-collarblue-collarblue-collarblue-collarblue-collarblue-collarblue-collarblue-collarblue-collarblue-collarblue-collarblue-collarblue-collarblue-collarblue-collarblue-collarblue-collarblue-collarblue-collarblue-collarblue-collarblue-collarblue-collarblue-collarblue-collarblue-collarblue-collarblue-collarblue-collarblue-collarblue-collarblue-collarblue-collarblue-collarblue-collarblue-collarblue-collarblue-collarblue-collarblue-collarblue-collarblue-collarblue-collarblue-collarblue-collarblue-collarblue-collarblue-collarblue-collarblue-collarblue-collarblue-collarblue-collarblue-collarblue-collarblue-collarblue-collarblue-collarblue-collarblue-collarblue-collarblue-collarblue-collarblue-collarblue-collarblue-collarblue-collarblue-collarblue-collarblue-collarblue-collarblue-collarblue-collarblue-collarblue-collarblue-collarblue-collarblue-collarblue-collarblue-collarblue-collarblue-collarblue-collarblue-collarblue-collarblue-collarblue-collarblue-collarblue-collarblue-collarblue-collarblue-collarblue-collarblue-collarblue-collarblue-collarblue-collarblue-collarblue-collarblue-collarblue-collarblue-collarblue-collarblue-collarblue-collarblue-collarblue-collarblue-collarblue-collarblue-collarblue-collarblue-collarblue-collarblue-collarblue-collarblue-collarblue-collarblue-collarblue-collarblue-collarblue-collarblue-collarblue-collarblue-collarblue-collarblue-collarblue-collarblue-collarblue-collarblue-collarblue-collarblue-collarblue-collarblue-collarblue-collarblue-collarblue-collarblue-collarblue-collarblue-collarblue-collarblue-collarblue-collarblue-collarblue-collarblue-collarblue-collarblue-collarblue-collarblue-collarblue-collarblue-collarblue-collarblue-collarblue-collarblue-collarblue-collarblue-collarblue-collarblue-collarblue-collarblue-collarblue-collarblue-collarblue-collarblue-collarblue-collarblue-collarblue-collarblue-collarblue-collarblue-collarblue-collarblue-collarblue-collarblue-collarblue-collarblue-collarblue-collarblue-collarblue-collarblue-collarblue-collarblue-collarblue-collarblue-collarblue-collarblue-collarblue-collarblue-collarblue-collarblue-collarblue-collarblue-collarblue-collarblue-collarblue-collarblue-collarblue-collarblue-collarblue-collarblue-collarblue-collarblue-collarblue-collarblue-collarblue-collarblue-collarblue-collarblue-collarblue-collarblue-collarblue-collarblue-collarblue-collarblue-collarblue-collarblue-collarblue-collarblue-collarblue-collarblue-collarblue-collarblue-collarblue-collarblue-collarblue-collarblue-collarblue-collarblue-collarblue-collarblue-collarblue-collarblue-collarblue-collarblue-collarblue-collarblue-collarblue-collarblue-collarblue-collarblue-collarblue-collarblue-collarblue-collarblue-collarblue-collarblue-collarblue-collarblue-collarblue-collarblue-collarblue-collarblue-collarblue-collarblue-collarblue-collarblue-collarblue-collarblue-collarblue-collarblue-collarblue-collarblue-collarblue-collarblue-collarblue-collarblue-collarblue-collarblue-collarblue-collarblue-collarblue-collarblue-collarblue-collarblue-collarblue-collarblue-collarblue-collarblue-collarblue-collarblue-collarblue-collarblue-collarblue-collarblue-collarblue-collarblue-collarblue-collarblue-collarblue-collarblue-collarblue-collarblue-collarblue-collarblue-collarblue-collarblue-collarblue-collarblue-collarblue-collarblue-collarblue-collarblue-collarblue-collarblue-collarblue-collarblue-collarblue-collarblue-collarblue-collarblue-collarblue-collarblue-collarblue-collarblue-collarblue-collarblue-collarblue-collarblue-collarblue-collarblue-collarblue-collarblue-collarblue-collarblue-collarblue-collarblue-collarblue-collarblue-collarblue-collarblue-collarblue-collarblue-collarblue-collarblue-collarblue-collarblue-collarblue-collarblue-collarblue-collarblue-collarblue-collarblue-collarblue-collarblue-collarblue-collarblue-collarblue-collarblue-collarblue-collarblue-collarblue-collarblue-collarblue-collarblue-collarblue-collarblue-collarblue-collarblue-collarblue-collarblue-collarblue-collarblue-collarblue-collarblue-collarblue-collarblue-collarblue-collarblue-collarblue-collarblue-collarblue-collarblue-collarblue-collarblue-collarblue-collarblue-collarblue-collarblue-collarblue-collarblue-collarblue-collarblue-collarblue-collarblue-collarblue-collarblue-collarblue-collarblue-collarblue-collarblue-collarblue-collarblue-collarblue-collarblue-collarblue-collarblue-collarblue-collarblue-collarblue-collarblue-collarblue-collarblue-collarblue-collarblue-collarblue-collarblue-collarblue-collarblue-collarblue-collarblue-collarblue-collarblue-collarblue-collarblue-collarblue-collarblue-collarblue-collarblue-collarblue-collarblue-collarblue-collarblue-collarblue-collarblue-collarblue-collarblue-collarblue-collarblue-collarblue-collarblue-collarblue-collarblue-collarblue-collarblue-collarblue-collarblue-collarblue-collarblue-collarblue-collarblue-collarblue-collarblue-collarblue-collarblue-collarblue-collarblue-collarblue-collarblue-collarblue-collarblue-collarblue-collarblue-collarblue-collarblue-collarblue-collarblue-collarblue-collarblue-collarblue-collarblue-collarblue-collarblue-collarblue-collarblue-collarblue-collarblue-collarblue-collarblue-collarblue-collarblue-collarblue-collarblue-collarblue-collarblue-collarblue-collarblue-collarblue-collarblue-collarblue-collarblue-collarblue-collarblue-collarblue-collarblue-collarblue-collarblue-collarblue-collarblue-collarblue-collarblue-collarblue-collarblue-collarblue-collarblue-collarblue-collarblue-collarblue-collarblue-collarblue-collarblue-collarblue-collarblue-collarblue-collarblue-collarblue-collarblue-collarblue-collarblue-collarblue-collarblue-collarblue-collarblue-collarblue-collarblue-collarblue-collarblue-collarblue-collarblue-collarblue-collarblue-collarblue-collarblue-collarblue-collarblue-collarblue-collarblue-collarblue-collarblue-collarblue-collarblue-collarblue-collarblue-collarblue-collarblue-collarblue-collarblue-collarblue-collarblue-collarblue-collarblue-collarblue-collarblue-collarblue-collarblue-collarblue-collarblue-collarblue-collarblue-collarblue-collarblue-collarblue-collarblue-collarblue-collarblue-collarblue-collarblue-collarblue-collarblue-collarblue-collarblue-collarblue-collarblue-collarblue-collarblue-collarblue-collarblue-collarblue-collarblue-collarblue-collarblue-collarblue-collarblue-collarblue-collarblue-collarblue-collarblue-collarblue-collarblue-collarblue-collarblue-collarblue-collarblue-collarblue-collarblue-collarblue-collarblue-collarblue-collarblue-collarblue-collarblue-collarblue-collarblue-collarblue-collarblue-collarblue-collarblue-collarblue-collarblue-collarblue-collarblue-collarblue-collarblue-collarblue-collarblue-collarblue-collarblue-collarblue-collarblue-collarblue-collarblue-collarblue-collarblue-collarblue-collarblue-collarblue-collarblue-collarblue-collarblue-collarblue-collarblue-collarblue-collarblue-collarblue-collarblue-collarblue-collarblue-collarblue-collarblue-collarblue-collarblue-collarblue-collarblue-collarblue-collarblue-collarblue-collarblue-collarblue-collarblue-collarblue-collarblue-collarblue-collarblue-collarblue-collarblue-collarblue-collarblue-collarblue-collarblue-collarblue-collarblue-collarblue-collarblue-collarblue-collarblue-collarblue-collarblue-collarblue-collarblue-collarblue-collarblue-collarblue-collarblue-collarblue-collarblue-collarblue-collarblue-collarblue-collarblue-collarblue-collarblue-collarblue-collarblue-collarblue-collarblue-collarblue-collarblue-collarblue-collarblue-collarblue-collarblue-collarblue-collarblue-collarblue-collarblue-collarblue-collarblue-collarblue-collarblue-collarblue-collarblue-collarblue-collarblue-collarblue-collarblue-collarblue-collarblue-collarblue-collarblue-collarblue-collarblue-collarblue-collarblue-collarblue-collarblue-collarblue-collarblue-collarblue-collarblue-collarblue-collarblue-collarblue-collarblue-collarblue-collarblue-collarblue-collarblue-collarblue-collarblue-collarblue-collarblue-collarblue-collarblue-collarblue-collarblue-collarblue-collarblue-collarblue-collarblue-collarblue-collarblue-collarblue-collarblue-collarblue-collarblue-collarblue-collarblue-collarblue-collarblue-collarblue-collarblue-collarblue-collarblue-collarblue-collarblue-collarblue-collarblue-collarblue-collarblue-collarblue-collarblue-collarblue-collarblue-collarblue-collarblue-collarblue-collarblue-collarblue-collarblue-collarblue-collarblue-collarblue-collarblue-collarblue-collarblue-collarblue-collarblue-collarblue-collarblue-collarblue-collarblue-collarblue-collarblue-collarblue-collarblue-collarblue-collarblue-collarblue-collarblue-collarblue-collarblue-collarblue-collarblue-collarblue-collarblue-collarblue-collarblue-collarblue-collarblue-collarblue-collarblue-collarblue-collarblue-collarblue-collarblue-collarblue-collarblue-collarblue-collarblue-collarblue-collarblue-collarblue-collarblue-collarblue-collarblue-collarblue-collarblue-collarblue-collarblue-collarblue-collarblue-collarblue-collarblue-collarblue-collarblue-collarblue-collarblue-collarblue-collarblue-collarblue-collarblue-collarblue-collarblue-collarblue-collarblue-collarblue-collarblue-collarblue-collarblue-collarblue-collarblue-collarblue-collarblue-collarblue-collarblue-collarblue-collarblue-collarblue-collarblue-collarblue-collarblue-collarblue-collarblue-collarblue-collarblue-collarblue-collarblue-collarblue-collarblue-collarblue-collarblue-collarblue-collarblue-collarblue-collarblue-collarblue-collarblue-collarblue-collarblue-collarblue-collarblue-collarblue-collarblue-collarblue-collarblue-collarblue-collarblue-collarblue-collarblue-collarblue-collarblue-collarblue-collarblue-collarblue-collarblue-collarblue-collarblue-collarblue-collarblue-collarblue-collarblue-collarblue-collarblue-collarblue-collarblue-collarblue-collarblue-collarblue-collarblue-collarblue-collarblue-collarblue-collarblue-collarblue-collarblue-collarblue-collarblue-collarblue-collarblue-collarblue-collarblue-collarblue-collarblue-collarblue-collarblue-collarblue-collarblue-collarblue-collarblue-collarblue-collarblue-collarblue-collarblue-collarblue-collarblue-collarblue-collarblue-collarblue-collarblue-collarblue-collarblue-collarblue-collarblue-collarblue-collarblue-collarblue-collarblue-collarblue-collarblue-collarblue-collarblue-collarblue-collarblue-collarblue-collarblue-collarblue-collarblue-collarblue-collarblue-collarblue-collarblue-collarblue-collarblue-collarblue-collarblue-collarblue-collarblue-collarblue-collarblue-collarblue-collarblue-collarblue-collarblue-collarblue-collarblue-collarblue-collarblue-collarblue-collarblue-collarblue-collarblue-collarblue-collarblue-collarblue-collarblue-collarblue-collarblue-collarblue-collarblue-collarblue-collarblue-collarblue-collarblue-collarblue-collarblue-collarblue-collarblue-collarblue-collarblue-collarblue-collarblue-collarblue-collarblue-collarblue-collarblue-collarblue-collarblue-collarblue-collarblue-collarblue-collarblue-collarblue-collarblue-collarblue-collarblue-collarblue-collarblue-collarblue-collarblue-collarblue-collarblue-collarblue-collarblue-collarblue-collarblue-collarblue-collarblue-collarblue-collarblue-collarblue-collarblue-collarblue-collarblue-collarblue-collarblue-collarblue-collarblue-collarblue-collarblue-collarblue-collarblue-collarblue-collarblue-collarblue-collarblue-collarblue-collarblue-collarblue-collarblue-collarblue-collarblue-collarblue-collarblue-collarblue-collarblue-collarblue-collarblue-collarblue-collarblue-collarblue-collarblue-collarblue-collarblue-collarblue-collarblue-collarblue-collarblue-collarblue-collarblue-collarblue-collarblue-collarblue-collarblue-collarblue-collarblue-collarblue-collarblue-collarblue-collarblue-collarblue-collarblue-collarblue-collarblue-collarblue-collarblue-collarblue-collarblue-collarblue-collarblue-collarblue-collarblue-collarblue-collarblue-collarblue-collarblue-collarblue-collarblue-collarblue-collarblue-collarblue-collarblue-collarblue-collarblue-collarblue-collarblue-collarblue-collarblue-collarblue-collarblue-collarblue-collarblue-collarblue-collarblue-collarblue-collarblue-collarblue-collarblue-collarblue-collarblue-collarblue-collarblue-collarblue-collarblue-collarblue-collarblue-collarblue-collarblue-collarblue-collarblue-collarblue-collarblue-collarblue-collarblue-collarblue-collarblue-collarblue-collarblue-collarblue-collarblue-collarblue-collarblue-collarblue-collarblue-collarblue-collarblue-collarblue-collarblue-collarblue-collarblue-collarblue-collarblue-collarblue-collarblue-collarblue-collarblue-collarblue-collarblue-collarblue-collarblue-collarblue-collarblue-collarblue-collarblue-collarblue-collarblue-collarblue-collarblue-collarblue-collarblue-collarblue-collarblue-collarblue-collarblue-collarblue-collarblue-collarblue-collarblue-collarblue-collarblue-collarblue-collarblue-collarblue-collarblue-collarblue-collarblue-collarblue-collarblue-collarblue-collarblue-collarblue-collarblue-collarblue-collarblue-collarblue-collarblue-collarblue-collarblue-collarblue-collarblue-collarblue-collarblue-collarblue-collarblue-collarblue-collarblue-collarblue-collarblue-collarblue-collarblue-collarblue-collarblue-collarblue-collarblue-collarblue-collarblue-collarblue-collarblue-collarblue-collarblue-collarblue-collarblue-collarblue-collarblue-collarblue-collarblue-collarblue-collarblue-collarblue-collarblue-collarblue-collarblue-collarblue-collarblue-collarblue-collarblue-collarblue-collarblue-collarblue-collarblue-collarblue-collarblue-collarblue-collarblue-collarblue-collarblue-collarblue-collarblue-collarblue-collarblue-collarblue-collarblue-collarblue-collarblue-collarblue-collarblue-collarblue-collarblue-collarblue-collarblue-collarblue-collarblue-collarblue-collarblue-collarblue-collarblue-collarblue-collarblue-collarblue-collarblue-collarblue-collarblue-collarblue-collarblue-collarblue-collarblue-collarblue-collarblue-collarblue-collarblue-collarblue-collarblue-collarblue-collarblue-collarblue-collarblue-collarblue-collarblue-collarblue-collarblue-collarblue-collarblue-collarblue-collarblue-collarblue-collarblue-collarblue-collarblue-collarblue-collarblue-collarblue-collarblue-collarblue-collarblue-collarblue-collarblue-collarblue-collarblue-collarblue-collarblue-collarblue-collarblue-collarblue-collarblue-collarblue-collarblue-collarblue-collarblue-collarblue-collarblue-collarblue-collarblue-collarblue-collarblue-collarblue-collarblue-collarblue-collarblue-collarblue-collarblue-collarblue-collarblue-collarblue-collarblue-collarblue-collarblue-collarblue-collarblue-collarblue-collarblue-collarblue-collarblue-collarblue-collarblue-collarblue-collarblue-collarblue-collarblue-collarblue-collarblue-collarblue-collarblue-collarblue-collarblue-collarblue-collarblue-collarblue-collarblue-collarblue-collarblue-collarblue-collarblue-collarblue-collarblue-collarblue-collarblue-collarblue-collarblue-collarblue-collarblue-collarblue-collarblue-collarblue-collarblue-collarblue-collarblue-collarblue-collarblue-collarblue-collarblue-collarblue-collarblue-collarblue-collarblue-collarblue-collarblue-collarblue-collarblue-collarblue-collarblue-collarblue-collarblue-collarblue-collarblue-collarblue-collarblue-collarblue-collarblue-collarblue-collarblue-collarblue-collarblue-collarblue-collarblue-collarblue-collarblue-collarblue-collarblue-collarblue-collarblue-collarblue-collarblue-collarblue-collarblue-collarblue-collarblue-collarblue-collarblue-collarblue-collarblue-collarblue-collarblue-collarblue-collarblue-collarblue-collarblue-collarblue-collarblue-collarblue-collarblue-collarblue-collarblue-collarblue-collarblue-collarblue-collarblue-collarblue-collarblue-collarblue-collarblue-collarblue-collarblue-collarblue-collarblue-collarblue-collarblue-collarblue-collarblue-collarblue-collarblue-collarblue-collarblue-collarblue-collarblue-collarblue-collarblue-collarblue-collarblue-collarblue-collarblue-collarblue-collarblue-collarblue-collarblue-collarblue-collarblue-collarblue-collarblue-collarblue-collarblue-collarblue-collarblue-collarblue-collarblue-collarblue-collarblue-collarblue-collarblue-collarblue-collarblue-collarblue-collarblue-collarblue-collarblue-collarblue-collarblue-collarblue-collarblue-collarblue-collarblue-collarblue-collarblue-collarblue-collarblue-collarblue-collarblue-collarblue-collarblue-collarblue-collarblue-collarblue-collarblue-collarblue-collarblue-collarblue-collarblue-collarblue-collarblue-collarblue-collarblue-collarblue-collarblue-collarblue-collarblue-collarblue-collarblue-collarblue-collarblue-collarblue-collarblue-collarblue-collarblue-collarblue-collarblue-collarblue-collarblue-collarblue-collarblue-collarblue-collarblue-collarblue-collarblue-collarblue-collarblue-collarblue-collarblue-collarblue-collarblue-collarblue-collarblue-collarblue-collarblue-collarblue-collarblue-collarblue-collarblue-collarblue-collarblue-collarblue-collarblue-collarblue-collarblue-collarblue-collarblue-collarblue-collarblue-collarblue-collarblue-collarblue-collarblue-collarblue-collarblue-collarblue-collarblue-collarblue-collarblue-collarblue-collarblue-collarblue-collarblue-collarblue-collarblue-collarblue-collarblue-collarblue-collarblue-collarblue-collarblue-collarblue-collarblue-collarblue-collarblue-collarblue-collarblue-collarblue-collarblue-collarblue-collarblue-collarblue-collarblue-collarblue-collarblue-collarblue-collarblue-collarblue-collarblue-collarblue-collarblue-collarblue-collarblue-collarblue-collarblue-collarblue-collarblue-collarblue-collarblue-collarblue-collarblue-collarblue-collarblue-collarblue-collarblue-collarblue-collarblue-collarblue-collarblue-collarblue-collarblue-collarblue-collarblue-collarblue-collarblue-collarblue-collarblue-collarblue-collarblue-collarblue-collarblue-collarblue-collarblue-collarblue-collarblue-collarblue-collarblue-collarblue-collarblue-collarblue-collarblue-collarblue-collarblue-collarblue-collarblue-collarblue-collarblue-collarblue-collarblue-collarblue-collarblue-collarblue-collarblue-collarblue-collarblue-collarblue-collarblue-collarblue-collarblue-collarblue-collarblue-collarblue-collarblue-collarblue-collarblue-collarblue-collarblue-collarblue-collarblue-collarblue-collarblue-collarblue-collarblue-collarblue-collarblue-collarblue-collarblue-collarblue-collarblue-collarblue-collarblue-collarblue-collarblue-collarblue-collarblue-collarblue-collarblue-collarblue-collarblue-collarblue-collarblue-collarblue-collarblue-collarblue-collarblue-collarblue-collarblue-collarblue-collarblue-collarblue-collarblue-collarblue-collarblue-collarblue-collarblue-collarblue-collarblue-collarblue-collarblue-collarblue-collarblue-collarblue-collarblue-collarblue-collarblue-collarblue-collarblue-collarblue-collarblue-collarblue-collarblue-collarblue-collarblue-collarblue-collarblue-collarblue-collarblue-collarblue-collarblue-collarblue-collarblue-collarblue-collarblue-collarblue-collarblue-collarblue-collarblue-collarblue-collarblue-collarblue-collarblue-collarblue-collarblue-collarblue-collarblue-collarblue-collarblue-collarblue-collarblue-collarblue-collarblue-collarblue-collarblue-collarblue-collarblue-collarblue-collarblue-collarblue-collarblue-collarblue-collarblue-collarblue-collarblue-collarblue-collarblue-collarblue-collarblue-collarblue-collarblue-collarblue-collarblue-collarblue-collarblue-collarblue-collarblue-collarblue-collarblue-collarblue-collarblue-collarblue-collarblue-collarblue-collarblue-collarblue-collarblue-collarblue-collarblue-collarblue-collarblue-collarblue-collarblue-collarblue-collarblue-collarblue-collarblue-collarblue-collarblue-collarblue-collarblue-collarblue-collarblue-collarblue-collarblue-collarblue-collarblue-collarblue-collarblue-collarblue-collarblue-collarblue-collarblue-collarblue-collarblue-collarblue-collarblue-collarblue-collarblue-collarblue-collarblue-collarblue-collarblue-collarblue-collarblue-collarblue-collarblue-collarblue-collarblue-collarblue-collarblue-collarblue-collarblue-collarblue-collarblue-collarblue-collarblue-collarblue-collarblue-collarblue-collarblue-collarblue-collarblue-collarblue-collarblue-collarblue-collarblue-collarblue-collarblue-collarblue-collarblue-collarblue-collarblue-collarblue-collarblue-collarblue-collarblue-collarblue-collarblue-collarblue-collarblue-collarblue-collarblue-collarblue-collarblue-collarblue-collarblue-collarblue-collarblue-collarblue-collarblue-collarblue-collarblue-collarblue-collarblue-collarblue-collarblue-collarblue-collarblue-collarblue-collarblue-collarblue-collarblue-collarblue-collarblue-collarblue-collarblue-collarblue-collarblue-collarblue-collarblue-collarblue-collarblue-collarblue-collarblue-collarblue-collarblue-collarblue-collarblue-collarblue-collarblue-collarblue-collarblue-collarblue-collarblue-collarblue-collarblue-collarblue-collarblue-collarblue-collarblue-collarblue-collarblue-collarblue-collarblue-collarblue-collarblue-collarblue-collarblue-collarblue-collarblue-collarblue-collarblue-collarblue-collarblue-collarblue-collarblue-collarblue-collarblue-collarblue-collarblue-collarblue-collarblue-collarblue-collarblue-collarblue-collarblue-collarblue-collarblue-collarblue-collarblue-collarblue-collarblue-collarblue-collarblue-collarblue-collarblue-collarblue-collarblue-collarblue-collarblue-collarblue-collarblue-collarblue-collarblue-collarblue-collarblue-collarblue-collarblue-collarblue-collarblue-collarblue-collarblue-collarblue-collarblue-collarblue-collarblue-collarblue-collarblue-collarblue-collarblue-collarblue-collarblue-collarblue-collarblue-collarblue-collarblue-collarblue-collarblue-collarblue-collarblue-collarblue-collarblue-collarblue-collarblue-collarblue-collarblue-collarblue-collarblue-collarblue-collarblue-collarblue-collarblue-collarblue-collarblue-collarblue-collarblue-collarblue-collarblue-collarblue-collarblue-collarblue-collarblue-collarblue-collarblue-collarblue-collarblue-collarblue-collarblue-collarblue-collarblue-collarblue-collarblue-collarblue-collarblue-collarblue-collarblue-collarblue-collarblue-collarblue-collarblue-collarblue-collarblue-collarblue-collarblue-collarblue-collarblue-collarblue-collarblue-collarblue-collarblue-collarblue-collarblue-collarblue-collarblue-collarblue-collarblue-collarblue-collarblue-collarblue-collarblue-collarblue-collarblue-collarblue-collarblue-collarblue-collarblue-collarblue-collarblue-collarblue-collarblue-collarblue-collarblue-collarblue-collarblue-collarblue-collarblue-collarblue-collarblue-collarblue-collarblue-collarblue-collarblue-collarblue-collarblue-collarblue-collarblue-collarblue-collarblue-collarblue-collarblue-collarblue-collarblue-collarblue-collarblue-collarblue-collarblue-collarblue-collarblue-collarblue-collarblue-collarblue-collarblue-collarblue-collarblue-collarblue-collarblue-collarblue-collarblue-collarblue-collarblue-collarblue-collarblue-collarblue-collarblue-collarblue-collarblue-collarblue-collarblue-collarblue-collarblue-collarblue-collarblue-collarblue-collarblue-collarblue-collarblue-collarblue-collarblue-collarblue-collarblue-collarblue-collarblue-collarblue-collarblue-collarblue-collarblue-collarblue-collarblue-collarblue-collarblue-collarblue-collarblue-collarblue-collarblue-collarblue-collarblue-collarblue-collarblue-collarblue-collarblue-collarblue-collarblue-collarblue-collarblue-collarblue-collarblue-collarblue-collarblue-collarblue-collarblue-collarblue-collarblue-collarblue-collarblue-collarblue-collarblue-collarblue-collarblue-collarblue-collarblue-collarblue-collarblue-collarblue-collarblue-collarblue-collarblue-collarblue-collarblue-collarblue-collarblue-collarblue-collarblue-collarblue-collarblue-collarblue-collarblue-collarblue-collarblue-collarblue-collarblue-collarblue-collarblue-collarblue-collarblue-collarblue-collarblue-collarblue-collarblue-collarblue-collarblue-collarblue-collarblue-collarblue-collarblue-collarblue-collarblue-collarblue-collarblue-collarblue-collarblue-collarblue-collarblue-collarblue-collarblue-collarblue-collarblue-collarblue-collarblue-collarblue-collarblue-collarblue-collarblue-collarblue-collarblue-collarblue-collarblue-collarblue-collarblue-collarblue-collarblue-collarblue-collarblue-collarblue-collarblue-collarblue-collarblue-collarblue-collarblue-collarblue-collarblue-collarblue-collarblue-collarblue-collarblue-collarblue-collarblue-collarblue-collarblue-collarblue-collarblue-collarblue-collarblue-collarblue-collarblue-collarblue-collarblue-collarblue-collarblue-collarblue-collarblue-collarblue-collarblue-collarblue-collarblue-collarblue-collarblue-collarblue-collarblue-collarblue-collarblue-collarblue-collarblue-collarblue-collarblue-collarblue-collarblue-collarblue-collarblue-collarblue-collarblue-collarblue-collarblue-collarblue-collarblue-collarblue-collarblue-collarblue-collarblue-collarblue-collarblue-collarblue-collarblue-collarblue-collarblue-collarblue-collarblue-collarblue-collarblue-collarblue-collarblue-collarblue-collarblue-collarblue-collarblue-collarblue-collarblue-collarblue-collarblue-collarblue-collarblue-collarblue-collarblue-collarblue-collarblue-collarblue-collarblue-collarblue-collarblue-collarblue-collarblue-collarblue-collarblue-collarblue-collarblue-collarblue-collarblue-collarblue-collarblue-collarblue-collarblue-collarblue-collarblue-collarblue-collarblue-collarblue-collarblue-collarblue-collarblue-collarblue-collarblue-collarblue-collarblue-collarblue-collarblue-collarblue-collarblue-collarblue-collarblue-collarblue-collarblue-collarblue-collarblue-collarblue-collarblue-collarblue-collarblue-collarblue-collarblue-collarblue-collarblue-collarblue-collarblue-collarblue-collarblue-collarblue-collarblue-collarblue-collarblue-collarblue-collarblue-collarblue-collarblue-collarblue-collarblue-collarblue-collarblue-collarblue-collarblue-collarblue-collarblue-collarblue-collarblue-collarblue-collarblue-collarblue-collarblue-collarblue-collarblue-collarblue-collarblue-collarblue-collarblue-collarblue-collarblue-collarblue-collarblue-collarblue-collarblue-collarblue-collarblue-collarblue-collarblue-collarblue-collarblue-collarblue-collarblue-collarblue-collarblue-collarblue-collarblue-collarblue-collarblue-collarblue-collarblue-collarblue-collarblue-collarblue-collarblue-collarblue-collarblue-collarblue-collarblue-collarblue-collarblue-collarblue-collarblue-collarblue-collarblue-collarblue-collarblue-collarblue-collarblue-collarblue-collarblue-collarblue-collarblue-collarblue-collarblue-collarblue-collarblue-collarblue-collarblue-collarblue-collarblue-collarblue-collarblue-collarblue-collarblue-collarblue-collarblue-collarblue-collarblue-collarblue-collarblue-collarblue-collarblue-collarblue-collarblue-collarblue-collarblue-collarblue-collarblue-collarblue-collarblue-collarblue-collarblue-collarblue-collarblue-collarblue-collarblue-collarblue-collarblue-collarblue-collarblue-collarblue-collarblue-collarblue-collarblue-collarblue-collarblue-collarblue-collarblue-collarblue-collarblue-collarblue-collarblue-collarblue-collarblue-collarblue-collarblue-collarblue-collarblue-collarblue-collarblue-collarblue-collarblue-collarblue-collarblue-collarblue-collarblue-collarblue-collarblue-collarblue-collarblue-collarblue-collarblue-collarblue-collarblue-collarblue-collarblue-collarblue-collarblue-collarblue-collarblue-collarblue-collarblue-collarblue-collarblue-collarblue-collarblue-collarblue-collarblue-collarblue-collarblue-collarblue-collarblue-collarblue-collarblue-collarblue-collarblue-collarblue-collarblue-collarblue-collarblue-collarblue-collarblue-collarblue-collarblue-collarblue-collarblue-collarblue-collarblue-collarblue-collarblue-collarblue-collarblue-collarblue-collarblue-collarblue-collarblue-collarblue-collarblue-collarblue-collarblue-collarblue-collarblue-collarblue-collarblue-collarblue-collarblue-collarblue-collarblue-collarblue-collarblue-collarblue-collarblue-collarblue-collarblue-collarblue-collarblue-collarblue-collarblue-collarblue-collarblue-collarblue-collarblue-collarblue-collarblue-collarblue-collarblue-collarblue-collarblue-collarblue-collarblue-collarblue-collarblue-collarblue-collarblue-collarblue-collarblue-collarblue-collarblue-collarblue-collarblue-collarblue-collarblue-collarblue-collarblue-collarblue-collarblue-collarblue-collarblue-collarblue-collarblue-collarblue-collarblue-collarblue-collarblue-collarblue-collarblue-collarblue-collarblue-collarblue-collarblue-collarblue-collarblue-collarblue-collarblue-collarblue-collarblue-collarblue-collarblue-collarblue-collarblue-collarblue-collarblue-collarblue-collarblue-collarblue-collarblue-collarblue-collarblue-collarblue-collarblue-collarblue-collarblue-collarblue-collarblue-collarblue-collarblue-collarblue-collarblue-collarblue-collarblue-collarblue-collarblue-collarblue-collarblue-collarblue-collarblue-collarblue-collarblue-collarblue-collarblue-collarblue-collarblue-collarblue-collarblue-collarblue-collarblue-collarblue-collarblue-collarblue-collarblue-collarblue-collarblue-collarblue-collarblue-collarblue-collarblue-collarblue-collarblue-collarblue-collarblue-collarblue-collarblue-collarblue-collarblue-collarblue-collarblue-collarblue-collarblue-collarblue-collarblue-collarblue-collarblue-collarblue-collarblue-collarblue-collarblue-collarblue-collarblue-collarblue-collarblue-collarblue-collarblue-collarblue-collarblue-collarblue-collarblue-collarblue-collarblue-collarblue-collarblue-collarblue-collarblue-collarblue-collarblue-collarblue-collarblue-collarblue-collarblue-collarblue-collarblue-collarblue-collarblue-collarblue-collarblue-collarblue-collarblue-collarblue-collarblue-collarblue-collarblue-collarblue-collarblue-collarblue-collarblue-collarblue-collarblue-collarblue-collarblue-collarblue-collarblue-collarblue-collarblue-collarblue-collarblue-collarblue-collarblue-collarblue-collarblue-collarblue-collarblue-collarblue-collarblue-collarblue-collarblue-collarblue-collarblue-collarblue-collarblue-collarblue-collarblue-collarblue-collarblue-collarblue-collarblue-collarblue-collarblue-collarblue-collarblue-collarblue-collarblue-collarblue-collarblue-collarblue-collarblue-collarblue-collarblue-collarblue-collarblue-collarblue-collarblue-collarblue-collarblue-collarblue-collarblue-collarblue-collarblue-collarblue-collarblue-collarblue-collarblue-collarblue-collarblue-collarblue-collarblue-collarblue-collarblue-collarblue-collarblue-collarblue-collarblue-collarblue-collarblue-collarblue-collarblue-collarblue-collarblue-collarblue-collarblue-collarblue-collarblue-collarblue-collarblue-collarblue-collarblue-collarblue-collarblue-collarblue-collarblue-collarblue-collarblue-collarblue-collarblue-collarblue-collarblue-collarblue-collarblue-collarblue-collarblue-collarblue-collarblue-collarblue-collarblue-collarblue-collarblue-collarblue-collarblue-collarblue-collarblue-collarblue-collarblue-collarblue-collarblue-collarblue-collarblue-collarblue-collarblue-collarblue-collarblue-collarblue-collarblue-collarblue-collarblue-collarblue-collarblue-collarblue-collarblue-collarblue-collarblue-collarblue-collarblue-collarblue-collarblue-collarblue-collarblue-collarblue-collarblue-collarblue-collarblue-collarblue-collarblue-collarblue-collarblue-collarblue-collarblue-collarblue-collarblue-collarblue-collarblue-collarblue-collarblue-collarblue-collarblue-collarblue-collarblue-collarblue-collarblue-collarblue-collarblue-collarblue-collarblue-collarblue-collarblue-collarblue-collarblue-collarblue-collarblue-collarblue-collarblue-collarblue-collarblue-collarblue-collarblue-collarblue-collarblue-collarblue-collarblue-collarblue-collarblue-collarblue-collarblue-collarblue-collarblue-collarblue-collarblue-collarblue-collarblue-collarblue-collarblue-collarblue-collarblue-collarblue-collarblue-collarblue-collarblue-collarblue-collarblue-collarblue-collarblue-collarblue-collarblue-collarblue-collarblue-collarblue-collarblue-collarblue-collarblue-collarblue-collarblue-collarblue-collarblue-collarblue-collarblue-collarblue-collarblue-collarblue-collarblue-collarblue-collarblue-collarblue-collarblue-collarblue-collarblue-collarblue-collarblue-collarblue-collarblue-collarblue-collarblue-collarblue-collarblue-collarblue-collarblue-collarblue-collarblue-collarblue-collarblue-collarblue-collarblue-collarblue-collarblue-collarblue-collarblue-collarblue-collarblue-collarblue-collarblue-collarblue-collarblue-collarblue-collarblue-collarblue-collarblue-collarblue-collarblue-collarblue-collarblue-collarblue-collarblue-collarblue-collarblue-collarblue-collarblue-collarblue-collarblue-collarblue-collarblue-collarblue-collarblue-collarblue-collarblue-collarblue-collarblue-collarblue-collarblue-collarblue-collarblue-collarblue-collarblue-collarblue-collarblue-collarblue-collarblue-collarblue-collarblue-collarblue-collarblue-collarblue-collarblue-collarblue-collarblue-collarblue-collarblue-collarblue-collarblue-collarblue-collarblue-collarblue-collarblue-collarblue-collarblue-collarblue-collarblue-collarblue-collarblue-collarblue-collarblue-collarblue-collarblue-collarblue-collarblue-collarblue-collarblue-collarblue-collarblue-collarblue-collarblue-collarblue-collarblue-collarblue-collarblue-collarblue-collarblue-collarblue-collarblue-collarblue-collarblue-collarblue-collarblue-collarblue-collarblue-collarblue-collarblue-collarblue-collarblue-collarblue-collarblue-collarblue-collarblue-collarblue-collarblue-collarblue-collarblue-collarblue-collarblue-collarblue-collarblue-collarblue-collarblue-collarblue-collarblue-collarblue-collarblue-collarblue-collarblue-collarblue-collarblue-collarblue-collarblue-collarblue-collarblue-collarblue-collarblue-collarblue-collarblue-collarblue-collarblue-collarblue-collarblue-collarblue-collarblue-collarblue-collarblue-collarblue-collarblue-collarblue-collarblue-collarblue-collarblue-collarblue-collarblue-collarblue-collarblue-collarblue-collarblue-collarblue-collarblue-collarblue-collarblue-collarblue-collarblue-collarblue-collarblue-collarblue-collarblue-collarblue-collarblue-collarblue-collarblue-collarblue-collarblue-collarblue-collarblue-collarblue-collarblue-collarblue-collarblue-collarblue-collarblue-collarblue-collarblue-collarblue-collarblue-collarblue-collarblue-collarblue-collarblue-collarblue-collarblue-collarblue-collarblue-collarblue-collarblue-collarblue-collarblue-collarblue-collarblue-collarblue-collarblue-collarblue-collarblue-collarblue-collarblue-collarblue-collarblue-collarblue-collarblue-collarblue-collarblue-collarblue-collarblue-collarblue-collarblue-collarblue-collarblue-collarblue-collarblue-collarblue-collarblue-collarblue-collarblue-collarblue-collarblue-collarblue-collarblue-collarblue-collarblue-collarblue-collarblue-collarblue-collarblue-collarblue-collarblue-collarblue-collarblue-collarblue-collarblue-collarblue-collarblue-collarblue-collarblue-collarblue-collarblue-collarblue-collarblue-collarblue-collarblue-collarblue-collarblue-collarblue-collarblue-collarblue-collarblue-collarblue-collarblue-collarblue-collarblue-collarblue-collarblue-collarblue-collarblue-collarblue-collarblue-collarblue-collarblue-collarblue-collarblue-collarblue-collarblue-collarblue-collarblue-collarblue-collarblue-collarblue-collarblue-collarblue-collarblue-collarblue-collarblue-collarblue-collarblue-collarblue-collarblue-collarblue-collarblue-collarblue-collarblue-collarblue-collarblue-collarblue-collarblue-collarblue-collarblue-collarblue-collarblue-collarblue-collarblue-collarblue-collarblue-collarblue-collarblue-collarblue-collarblue-collarblue-collarblue-collarblue-collarblue-collarblue-collarblue-collarblue-collarblue-collarblue-collarblue-collarblue-collarblue-collarblue-collarblue-collarblue-collarblue-collarblue-collarblue-collarblue-collarblue-collarblue-collarblue-collarblue-collarblue-collarblue-collarblue-collarblue-collarblue-collarblue-collarblue-collarblue-collarblue-collarblue-collarblue-collarblue-collarblue-collarblue-collarblue-collarblue-collarblue-collarblue-collarblue-collarblue-collarblue-collarblue-collarblue-collarblue-collarblue-collarblue-collarblue-collarblue-collarblue-collarblue-collarblue-collarblue-collarblue-collarblue-collarblue-collarblue-collarblue-collarblue-collarblue-collarblue-collarblue-collarblue-collarblue-collarblue-collarblue-collarblue-collarblue-collarblue-collarblue-collarblue-collarblue-collarblue-collarblue-collarblue-collarblue-collarblue-collarblue-collarblue-collarblue-collarblue-collarblue-collarblue-collarblue-collarblue-collarblue-collarblue-collarblue-collarblue-collarblue-collarblue-collarblue-collarblue-collarblue-collarblue-collarblue-collarblue-collarblue-collarblue-collarblue-collarblue-collarblue-collarblue-collarblue-collarblue-collarblue-collarblue-collarblue-collarblue-collarblue-collarblue-collarblue-collarblue-collarblue-collarblue-collarblue-collarblue-collarblue-collarblue-collarblue-collarblue-collarblue-collarblue-collarblue-collarblue-collarblue-collarblue-collarblue-collarblue-collarblue-collarblue-collarblue-collarblue-collarblue-collarblue-collarblue-collarblue-collarblue-collarblue-collarblue-collarblue-collarblue-collarblue-collarblue-collarblue-collarblue-collarblue-collarblue-collarblue-collarblue-collarblue-collarblue-collarblue-collarblue-collarblue-collarblue-collarblue-collarblue-collarblue-collarblue-collarblue-collarblue-collarblue-collarblue-collarblue-collarblue-collarblue-collarblue-collarblue-collarblue-collarblue-collarblue-collarblue-collarblue-collarblue-collarblue-collarblue-collarblue-collarblue-collarblue-collarblue-collarblue-collarblue-collarblue-collarblue-collarblue-collarblue-collarblue-collarblue-collarblue-collarblue-collarblue-collarblue-collarblue-collarblue-collarblue-collarblue-collarblue-collarblue-collarblue-collarblue-collarblue-collarblue-collarblue-collarblue-collarblue-collarblue-collarblue-collarblue-collarblue-collarblue-collarblue-collarblue-collarblue-collarblue-collarblue-collarblue-collarblue-collarblue-collarblue-collarblue-collarblue-collarblue-collarblue-collarblue-collarblue-collarblue-collarblue-collarblue-collarblue-collarblue-collarblue-collarblue-collarblue-collarblue-collarblue-collarblue-collarblue-collarblue-collarblue-collarblue-collarblue-collarblue-collarblue-collarblue-collarblue-collarblue-collarblue-collarblue-collarblue-collarblue-collarblue-collarblue-collarblue-collarblue-collarblue-collarblue-collarblue-collarblue-collarblue-collarblue-collarblue-collarblue-collarblue-collarblue-collarblue-collarblue-collarblue-collarblue-collarblue-collarblue-collarblue-collarblue-collarblue-collarblue-collarblue-collarblue-collarblue-collarblue-collarblue-collarblue-collarblue-collarblue-collarblue-collarblue-collarblue-collarblue-collarblue-collarblue-collarblue-collarblue-collarblue-collarblue-collarblue-collarblue-collarblue-collarblue-collarblue-collarblue-collarblue-collarblue-collarblue-collarblue-collarblue-collarblue-collarblue-collarblue-collarblue-collarblue-collarblue-collarblue-collarblue-collarblue-collarblue-collarblue-collarblue-collarblue-collarblue-collarblue-collarblue-collarblue-collarblue-collarblue-collarblue-collarblue-collarblue-collarblue-collarblue-collarblue-collarblue-collarblue-collarblue-collarblue-collarblue-collarblue-collarblue-collarblue-collarblue-collarblue-collarblue-collarblue-collarblue-collarblue-collarblue-collarblue-collarblue-collarblue-collarblue-collarblue-collarblue-collarblue-collarblue-collarblue-collarblue-collarblue-collarblue-collarblue-collarblue-collarblue-collarblue-collarblue-collarblue-collarblue-collarblue-collarblue-collarblue-collarblue-collarblue-collarblue-collarblue-collarblue-collarblue-collarblue-collarblue-collarblue-collarblue-collarblue-collarblue-collarblue-collarblue-collarblue-collarblue-collarblue-collarblue-collarblue-collarblue-collarblue-collarblue-collarblue-collarblue-collarblue-collarblue-collarblue-collarblue-collarblue-collarblue-collarblue-collarblue-collarblue-collarblue-collarblue-collarblue-collarblue-collarblue-collarblue-collarblue-collarblue-collarblue-collarblue-collarblue-collarblue-collarblue-collarblue-collarblue-collarblue-collarblue-collarblue-collarblue-collarblue-collarblue-collarblue-collarblue-collarblue-collarblue-collarblue-collarblue-collarblue-collarblue-collarblue-collarblue-collarblue-collarblue-collarblue-collarblue-collarblue-collarblue-collarblue-collarblue-collarblue-collarblue-collarblue-collarblue-collarblue-collarblue-collarblue-collarblue-collarblue-collarblue-collarblue-collarblue-collarblue-collarblue-collarblue-collarblue-collarblue-collarblue-collarblue-collarblue-collarblue-collarblue-collarblue-collarblue-collarblue-collarblue-collarblue-collarblue-collarblue-collarblue-collarblue-collarblue-collarblue-collarblue-collarblue-collarblue-collarblue-collarblue-collarblue-collarblue-collarblue-collarblue-collarblue-collarblue-collarblue-collarblue-collarblue-collarblue-collarblue-collarblue-collarblue-collarblue-collarblue-collarblue-collarblue-collarblue-collarblue-collarblue-collarblue-collarblue-collarblue-collarblue-collarblue-collarblue-collarblue-collarblue-collarblue-collarblue-collarblue-collarblue-collarblue-collarblue-collarblue-collarblue-collarblue-collarblue-collarblue-collarblue-collarblue-collarblue-collarblue-collarblue-collarblue-collarblue-collarblue-collarblue-collarblue-collarblue-collarblue-collarblue-collarblue-collarblue-collarblue-collarblue-collarblue-collarblue-collarblue-collarblue-collarblue-collarblue-collarblue-collarblue-collarblue-collarblue-collarblue-collarblue-collarblue-collarblue-collarblue-collarblue-collarblue-collarblue-collarblue-collarblue-collarblue-collarblue-collarblue-collarblue-collarblue-collarblue-collarblue-collarblue-collarblue-collarblue-collarblue-collarblue-collarblue-collarblue-collarblue-collarblue-collarblue-collarblue-collarblue-collarblue-collarblue-collarblue-collarblue-collarblue-collarblue-collarblue-collarblue-collarblue-collarblue-collarblue-collarblue-collarblue-collarblue-collarblue-collarblue-collarblue-collarblue-collarblue-collarblue-collarblue-collarblue-collarblue-collarblue-collarblue-collarblue-collarblue-collarblue-collarblue-collarblue-collarblue-collarblue-collarblue-collarblue-collarblue-collarblue-collarblue-collarblue-collarblue-collarblue-collarblue-collarblue-collarblue-collarblue-collarblue-collarblue-collarblue-collarblue-collarblue-collarblue-collarblue-collarblue-collarblue-collarblue-collarblue-collarblue-collarblue-collarblue-collarblue-collarblue-collarblue-collarblue-collarblue-collarblue-collarblue-collarblue-collarblue-collarblue-collarblue-collarblue-collarblue-collarblue-collarblue-collarblue-collarblue-collarblue-collarblue-collarblue-collarblue-collarblue-collarblue-collarblue-collarblue-collarblue-collarblue-collarblue-collarblue-collarblue-collarblue-collarblue-collarblue-collarblue-collarblue-collarblue-collarblue-collarblue-collarblue-collarblue-collarblue-collarblue-collarblue-collarblue-collarblue-collarblue-collarblue-collarblue-collarblue-collarblue-collarblue-collarblue-collarblue-collarblue-collarblue-collarblue-collarblue-collarblue-collarblue-collarblue-collarblue-collarblue-collarblue-collarblue-collarblue-collarblue-collarblue-collarblue-collarblue-collarblue-collarblue-collarblue-collarblue-collarblue-collarblue-collarblue-collarblue-collarblue-collarblue-collarblue-collarblue-collarblue-collarblue-collarblue-collarblue-collarblue-collarblue-collarblue-collarblue-collarblue-collarblue-collarblue-collarblue-collarblue-collarblue-collarblue-collarblue-collarblue-collarblue-collarblue-collarblue-collarblue-collarblue-collarblue-collarblue-collarblue-collarblue-collarblue-collarblue-collarblue-collarblue-collarblue-collarblue-collarblue-collarblue-collarblue-collarblue-collarblue-collarblue-collarblue-collarblue-collarblue-collarblue-collarblue-collarblue-collarblue-collarblue-collarblue-collarblue-collarblue-collarblue-collarblue-collarblue-collarblue-collarblue-collarblue-collarblue-collarblue-collarblue-collarblue-collarblue-collarblue-collarblue-collarblue-collarblue-collarblue-collarblue-collarblue-collarblue-collarblue-collarblue-collarblue-collarblue-collarblue-collarblue-collarblue-collarblue-collarblue-collarblue-collarblue-collarblue-collarblue-collarblue-collarblue-collarblue-collarblue-collarblue-collarblue-collarblue-collarblue-collarblue-collarblue-collarblue-collarblue-collarblue-collarblue-collarblue-collarblue-collarblue-collarblue-collarblue-collarblue-collarblue-collarblue-collarblue-collarblue-collarblue-collarblue-collarblue-collarblue-collarblue-collarblue-collarblue-collarblue-collarblue-collarblue-collarblue-collarblue-collarblue-collarblue-collarblue-collarblue-collarblue-collarblue-collarblue-collarblue-collarblue-collarblue-collarblue-collarblue-collarblue-collarblue-collarblue-collarblue-collarblue-collarblue-collarblue-collarblue-collarblue-collarblue-collarblue-collarblue-collarblue-collarblue-collarblue-collarblue-collarblue-collarblue-collarblue-collarblue-collarblue-collarblue-collarblue-collarblue-collarblue-collarblue-collarblue-collarblue-collarblue-collarblue-collarblue-collarblue-collarblue-collarblue-collarblue-collarblue-collarblue-collarblue-collarblue-collarblue-collarblue-collarblue-collarblue-collarblue-collarblue-collarblue-collarblue-collarblue-collarblue-collarblue-collarblue-collarblue-collarblue-collarblue-collarblue-collarblue-collarblue-collarblue-collarblue-collarblue-collarblue-collarblue-collarblue-collarblue-collarblue-collarblue-collarblue-collarblue-collarblue-collarblue-collarblue-collarblue-collarblue-collarblue-collarblue-collarblue-collarblue-collarblue-collarblue-collarblue-collarblue-collarblue-collarblue-collarblue-collarblue-collarblue-collarblue-collarblue-collarblue-collarblue-collarblue-collarblue-collarblue-collarblue-collarblue-collarblue-collarblue-collarblue-collarblue-collarblue-collarblue-collarblue-collarblue-collarblue-collarblue-collarblue-collarblue-collarblue-collarblue-collarblue-collarblue-collarblue-collarblue-collarblue-collarblue-collarblue-collarblue-collarblue-collarblue-collarblue-collarblue-collarblue-collarblue-collarblue-collarblue-collarblue-collarblue-collarblue-collarblue-collarblue-collarblue-collarblue-collarblue-collarblue-collarblue-collarblue-collarblue-collarblue-collarblue-collarblue-collarblue-collarblue-collarblue-collarblue-collarblue-collarblue-collarblue-collarblue-collarblue-collarblue-collarblue-collarblue-collarblue-collarblue-collarblue-collarblue-collarblue-collarblue-collarblue-collarblue-collarblue-collarblue-collarblue-collarblue-collarblue-collarblue-collarblue-collarblue-collarblue-collarblue-collarblue-collarblue-collarblue-collarblue-collarblue-collarblue-collarblue-collarblue-collarblue-collarblue-collarblue-collarblue-collarblue-collarblue-collarblue-collarblue-collarblue-collarblue-collarblue-collarblue-collarblue-collarblue-collarblue-collarblue-collarblue-collarblue-collarblue-collarblue-collarblue-collarblue-collarblue-collarblue-collarblue-collarblue-collarblue-collarblue-collarblue-collarblue-collarblue-collarblue-collarblue-collarblue-collarblue-collarblue-collarblue-collarblue-collarblue-collarblue-collarblue-collarblue-collarblue-collarblue-collarblue-collarblue-collarblue-collarblue-collarblue-collarblue-collarblue-collarblue-collarblue-collarblue-collarblue-collarblue-collarblue-collarblue-collarblue-collarblue-collarblue-collarblue-collarblue-collarblue-collarblue-collarblue-collarblue-collarblue-collarblue-collarblue-collarblue-collarblue-collarblue-collarblue-collarblue-collarblue-collarblue-collarblue-collarblue-collarblue-collarblue-collarblue-collarblue-collarblue-collarblue-collarblue-collarblue-collarblue-collarblue-collarblue-collarblue-collarblue-collarblue-collarblue-collarblue-collarblue-collarblue-collarblue-collarblue-collarblue-collarblue-collarblue-collarblue-collarblue-collarblue-collarblue-collarblue-collarblue-collarblue-collarblue-collarblue-collarblue-collarblue-collarblue-collarblue-collarblue-collarblue-collarblue-collarblue-collarblue-collarblue-collarblue-collarblue-collarblue-collarblue-collarblue-collarblue-collarblue-collarblue-collarblue-collarblue-collarblue-collarblue-collarblue-collarblue-collarblue-collarblue-collarblue-collarblue-collarblue-collarblue-collarblue-collarblue-collarblue-collarblue-collarblue-collarblue-collarblue-collarblue-collarblue-collarblue-collarblue-collarblue-collarblue-collarblue-collarblue-collarblue-collarblue-collarblue-collarblue-collarblue-collarblue-collarblue-collarblue-collarblue-collarblue-collarblue-collarblue-collarblue-collarblue-collarblue-collarblue-collarblue-collarblue-collarblue-collarblue-collarblue-collarblue-collarblue-collarblue-collarblue-collarblue-collarblue-collarblue-collarblue-collarblue-collarblue-collarblue-collarblue-collarblue-collarblue-collarblue-collarblue-collarblue-collarblue-collarblue-collarblue-collarblue-collarblue-collarblue-collarblue-collarblue-collarblue-collarblue-collarblue-collarblue-collarblue-collarblue-collarblue-collarblue-collarblue-collarblue-collarblue-collarblue-collarblue-collarblue-collarblue-collarblue-collarblue-collarblue-collarblue-collarblue-collarblue-collarblue-collarblue-collarblue-collarblue-collarblue-collarblue-collarblue-collarblue-collarblue-collarblue-collarblue-collarblue-collarblue-collarblue-collarblue-collarblue-collarblue-collarblue-collarblue-collarblue-collarblue-collarblue-collarblue-collarblue-collarblue-collarblue-collarblue-collarblue-collarblue-collarblue-collarblue-collarblue-collarblue-collarblue-collarblue-collarblue-collarblue-collarblue-collarblue-collarblue-collarblue-collarblue-collarblue-collarblue-collarblue-collarblue-collarblue-collarblue-collarblue-collarblue-collarblue-collarblue-collarblue-collarblue-collarblue-collarblue-collarblue-collarblue-collarblue-collarblue-collarblue-collarblue-collarblue-collarblue-collarblue-collarblue-collarblue-collarblue-collarblue-collarblue-collarblue-collarblue-collarblue-collarblue-collarblue-collarblue-collarblue-collarblue-collarblue-collarblue-collarblue-collarblue-collarblue-collarblue-collarblue-collarblue-collarblue-collarblue-collarblue-collarblue-collarblue-collarblue-collarblue-collarblue-collarblue-collarblue-collarblue-collarblue-collarblue-collarblue-collarblue-collarblue-collarblue-collarblue-collarblue-collarblue-collarblue-collarblue-collarblue-collarblue-collarblue-collarblue-collarblue-collarblue-collarblue-collarblue-collarblue-collarblue-collarblue-collarblue-collarblue-collarblue-collarblue-collarblue-collarblue-collarblue-collarblue-collarblue-collarblue-collarblue-collarblue-collarblue-collarblue-collarblue-collarblue-collarblue-collarblue-collarblue-collarblue-collarblue-collarblue-collarblue-collarblue-collarblue-collarblue-collarblue-collarblue-collarblue-collarblue-collarblue-collarblue-collarblue-collarblue-collarblue-collarblue-collarblue-collarblue-collarblue-collarblue-collarblue-collarblue-collarblue-collarblue-collarblue-collarblue-collarblue-collarblue-collarblue-collarblue-collarblue-collarblue-collarblue-collarblue-collarblue-collarblue-collarblue-collarblue-collarblue-collarblue-collarblue-collarblue-collarblue-collarblue-collarblue-collarblue-collarblue-collarblue-collarblue-collarblue-collarblue-collarblue-collarblue-collarblue-collarblue-collarblue-collarblue-collarblue-collarblue-collarblue-collarblue-collarblue-collarblue-collarblue-collarblue-collarblue-collarblue-collarblue-collarblue-collarblue-collarblue-collarblue-collarblue-collarblue-collarblue-collarblue-collarblue-collarblue-collarblue-collarblue-collarblue-collarblue-collarblue-collarblue-collarblue-collarblue-collarblue-collarblue-collarblue-collarblue-collarblue-collarblue-collarblue-collarblue-collarblue-collarblue-collarblue-collarblue-collarblue-collarblue-collarblue-collarblue-collarblue-collarblue-collarblue-collarblue-collarblue-collarblue-collarblue-collarblue-collarblue-collarblue-collarblue-collarblue-collarblue-collarblue-collarblue-collarblue-collarblue-collarblue-collarblue-collarblue-collarblue-collarblue-collarblue-collarblue-collarblue-collarblue-collarblue-collarblue-collarblue-collarblue-collarblue-collarblue-collarblue-collarblue-collarblue-collarblue-collarblue-collarblue-collarblue-collarblue-collarblue-collarblue-collarblue-collarblue-collarblue-collarblue-collarblue-collarblue-collarblue-collarblue-collarblue-collarblue-collarblue-collarblue-collarblue-collarblue-collarblue-collarblue-collarblue-collarblue-collarblue-collarblue-collarblue-collarblue-collarblue-collarblue-collarblue-collarblue-collarblue-collarblue-collarblue-collarblue-collarblue-collarblue-collarblue-collarblue-collarblue-collarblue-collarblue-collarblue-collarblue-collarblue-collarblue-collarblue-collarblue-collarblue-collarblue-collarblue-collarblue-collarblue-collarblue-collarblue-collarblue-collarblue-collarblue-collarblue-collarblue-collarblue-collarblue-collarblue-collarblue-collarblue-collarblue-collarblue-collarblue-collarblue-collarblue-collarblue-collarblue-collarblue-collarblue-collarblue-collarblue-collarblue-collarblue-collarblue-collarblue-collarblue-collarblue-collarblue-collarblue-collarblue-collarblue-collarblue-collarblue-collarblue-collarblue-collarblue-collarblue-collarblue-collarblue-collarblue-collarblue-collarblue-collarblue-collarblue-collarblue-collarblue-collarblue-collarblue-collarblue-collarblue-collarblue-collarblue-collarblue-collarblue-collarblue-collarblue-collarblue-collarblue-collarblue-collarblue-collarblue-collarblue-collarblue-collarblue-collarblue-collarblue-collarblue-collarblue-collarblue-collarblue-collarblue-collarblue-collarblue-collarblue-collarblue-collarblue-collarblue-collarblue-collarblue-collarblue-collarblue-collarblue-collarblue-collarblue-collarblue-collarblue-collarblue-collarblue-collarblue-collarblue-collarblue-collarblue-collarblue-collarblue-collarblue-collarblue-collarblue-collarblue-collarblue-collarblue-collarblue-collarblue-collarblue-collarblue-collarblue-collarblue-collarblue-collarblue-collarblue-collarblue-collarblue-collarblue-collarblue-collarblue-collarblue-collarblue-collarblue-collarblue-collarblue-collarblue-collarblue-collarblue-collarblue-collarblue-collarblue-collarblue-collarblue-collarblue-collarblue-collarblue-collarblue-collarblue-collarblue-collarblue-collarblue-collarblue-collarblue-collarblue-collarblue-collarblue-collarblue-collarblue-collarblue-collarblue-collarblue-collarblue-collarblue-collarblue-collarblue-collarblue-collarblue-collarblue-collarblue-collarblue-collarblue-collarblue-collarblue-collarblue-collarblue-collarblue-collarblue-collarblue-collarblue-collarblue-collarblue-collarblue-collarblue-collarblue-collarblue-collarblue-collarblue-collarblue-collarblue-collarblue-collarblue-collarblue-collarblue-collarblue-collarblue-collarblue-collarblue-collarblue-collarblue-collarblue-collarblue-collarblue-collarblue-collarblue-collarblue-collarblue-collarblue-collarblue-collarblue-collarblue-collarblue-collarblue-collarblue-collarblue-collarblue-collarblue-collarblue-collarblue-collarblue-collarblue-collarblue-collarblue-collarblue-collarblue-collarblue-collarblue-collarblue-collarblue-collarblue-collarblue-collarblue-collarblue-collarblue-collarblue-collarblue-collarblue-collarblue-collarblue-collarblue-collarblue-collarblue-collarblue-collarblue-collarblue-collarblue-collarblue-collarblue-collarblue-collarblue-collarblue-collarblue-collarblue-collarblue-collarblue-collarblue-collarblue-collarblue-collarblue-collarblue-collarblue-collarblue-collarblue-collarblue-collarblue-collarblue-collarblue-collarblue-collarblue-collarblue-collarblue-collarblue-collarblue-collarblue-collarblue-collarblue-collarblue-collarblue-collarblue-collarblue-collarblue-collarblue-collarblue-collarblue-collarblue-collarblue-collarblue-collarblue-collarblue-collarblue-collarblue-collarblue-collarblue-collarblue-collarblue-collarblue-collarblue-collarblue-collarblue-collarblue-collarblue-collarblue-collarblue-collarblue-collarblue-collarblue-collarblue-collarblue-collarblue-collarblue-collarblue-collarblue-collarblue-collarblue-collarblue-collarblue-collarblue-collarblue-collarblue-collarblue-collarblue-collarblue-collarblue-collarblue-collarblue-collarblue-collarblue-collarblue-collarblue-collarblue-collarblue-collarblue-collarblue-collarblue-collarblue-collarblue-collarblue-collarblue-collarblue-collarblue-collarblue-collarblue-collarblue-collarblue-collarblue-collarblue-collarblue-collarblue-collarblue-collarblue-collarblue-collarblue-collarblue-collarblue-collarblue-collarblue-collarblue-collarblue-collarblue-collarblue-collarblue-collarblue-collarblue-collarblue-collarblue-collarblue-collarblue-collarblue-collarblue-collarblue-collarblue-collarblue-collarblue-collarblue-collarblue-collarblue-collarblue-collarblue-collarblue-collarblue-collarblue-collarblue-collarblue-collarblue-collarblue-collarblue-collarblue-collarblue-collarblue-collarblue-collarblue-collarblue-collarblue-collarblue-collarblue-collarblue-collarblue-collarblue-collarblue-collarblue-collarblue-collarblue-collarblue-collarblue-collarblue-collarblue-collarblue-collarblue-collarblue-collarblue-collarblue-collarblue-collarblue-collarblue-collarblue-collarblue-collarblue-collarblue-collarblue-collarblue-collarblue-collarblue-collarblue-collarblue-collarblue-collarblue-collarblue-collarblue-collarblue-collarblue-collarblue-collarblue-collarblue-collarblue-collarblue-collarblue-collarblue-collarblue-collarblue-collarblue-collarblue-collarblue-collarblue-collarblue-collarblue-collarblue-collarblue-collarblue-collarblue-collarblue-collarblue-collarblue-collarblue-collarblue-collarblue-collarblue-collarblue-collarblue-collarblue-collarblue-collarblue-collarblue-collarblue-collarblue-collarblue-collarblue-collarblue-collarblue-collarblue-collarblue-collarblue-collarblue-collarblue-collarblue-collarblue-collarblue-collarblue-collarblue-collarblue-collarblue-collarblue-collarblue-collarblue-collarblue-collarblue-collarblue-collarblue-collarblue-collarblue-collarblue-collarblue-collarblue-collarblue-collarblue-collarblue-collarblue-collarblue-collarblue-collarblue-collarblue-collarblue-collarblue-collarblue-collarblue-collarblue-collarblue-collarblue-collarblue-collarblue-collarblue-collarblue-collarblue-collarblue-collarblue-collarblue-collarblue-collarblue-collarblue-collarblue-collarblue-collarblue-collarblue-collarblue-collarblue-collarblue-collarblue-collarblue-collarblue-collarblue-collarblue-collarblue-collarblue-collarblue-collarblue-collarblue-collarblue-collarblue-collarblue-collarblue-collarblue-collarblue-collarblue-collarblue-collarblue-collarblue-collarblue-collarblue-collarblue-collarblue-collarblue-collarblue-collarblue-collarblue-collarblue-collarblue-collarblue-collarblue-collarblue-collarblue-collarblue-collarblue-collarblue-collarblue-collarblue-collarblue-collarblue-collarblue-collarblue-collarblue-collarblue-collarblue-collarblue-collarblue-collarblue-collarblue-collarblue-collarblue-collarblue-collarblue-collarblue-collarblue-collarblue-collarblue-collarblue-collarblue-collarblue-collarblue-collarblue-collarblue-collarblue-collarblue-collarblue-collarblue-collarblue-collarblue-collarblue-collarblue-collarblue-collarblue-collarblue-collarblue-collarblue-collarblue-collarblue-collarblue-collarblue-collarblue-collarblue-collarblue-collarblue-collarblue-collarblue-collarblue-collarblue-collarblue-collarblue-collarblue-collarblue-collarblue-collarblue-collarblue-collarblue-collarblue-collarblue-collarblue-collarblue-collarblue-collarblue-collarblue-collarblue-collarblue-collarblue-collarblue-collarblue-collarblue-collarblue-collarblue-collarblue-collarblue-collarblue-collarblue-collarblue-collarblue-collarblue-collarblue-collarblue-collarblue-collarblue-collarblue-collarblue-collarblue-collarblue-collarblue-collarblue-collarblue-collarblue-collarblue-collarblue-collarblue-collarblue-collarblue-collarblue-collarblue-collarblue-collarblue-collarblue-collarblue-collarblue-collarblue-collarblue-collarblue-collarblue-collarblue-collarblue-collarblue-collarblue-collarblue-collarblue-collarblue-collarblue-collarblue-collarblue-collarblue-collarblue-collarblue-collarblue-collarblue-collarblue-collarblue-collarblue-collarblue-collarblue-collarblue-collarblue-collarblue-collarblue-collarblue-collarblue-collarblue-collarblue-collarblue-collarblue-collarblue-collarblue-collarblue-collarblue-collarblue-collarblue-collarblue-collarblue-collarblue-collarblue-collarblue-collarblue-collarblue-collarblue-collarblue-collarblue-collarblue-collarblue-collarblue-collarblue-collarblue-collarblue-collarblue-collarblue-collarblue-collarblue-collarblue-collarblue-collarblue-collarblue-collarblue-collarblue-collarblue-collarblue-collarblue-collarblue-collarblue-collarblue-collarblue-collarblue-collarblue-collarblue-collarblue-collarblue-collarblue-collarblue-collarblue-collarblue-collarblue-collarblue-collarblue-collarblue-collarblue-collarblue-collarblue-collarblue-collarblue-collarblue-collarblue-collarblue-collarblue-collarblue-collarblue-collarblue-collarblue-collarblue-collarblue-collarblue-collarblue-collarblue-collarblue-collarblue-collarblue-collarblue-collarblue-collarblue-collarblue-collarblue-collarblue-collarblue-collarblue-collarblue-collarblue-collarblue-collarblue-collarblue-collarblue-collarblue-collarblue-collarblue-collarblue-collarblue-collarblue-collarblue-collarblue-collarblue-collarblue-collarblue-collarblue-collarblue-collarblue-collarblue-collarblue-collarblue-collarblue-collarblue-collarblue-collarblue-collarblue-collarblue-collarblue-collarblue-collarblue-collarblue-collarblue-collarblue-collarblue-collarblue-collarblue-collarblue-collarblue-collarblue-collarblue-collarblue-collarblue-collarblue-collarblue-collarblue-collarblue-collarblue-collarblue-collarblue-collarblue-collarblue-collarblue-collarblue-collarblue-collarblue-collarblue-collarblue-collarblue-collarblue-collarblue-collarblue-collarblue-collarblue-collarblue-collarblue-collarblue-collarblue-collarblue-collarblue-collarblue-collarblue-collarblue-collarblue-collarblue-collarblue-collarblue-collarblue-collarblue-collarblue-collarblue-collarblue-collarblue-collarblue-collarblue-collarblue-collarblue-collarblue-collarblue-collarblue-collarblue-collarblue-collarblue-collarblue-collarblue-collarblue-collarblue-collarblue-collarblue-collarblue-collarblue-collarblue-collarblue-collarblue-collarblue-collarblue-collarblue-collarblue-collarblue-collarblue-collarblue-collarblue-collarblue-collarblue-collarblue-collarblue-collarblue-collarblue-collarblue-collarblue-collarblue-collarblue-collarblue-collarblue-collarblue-collarblue-collarblue-collarblue-collarblue-collarblue-collarblue-collarblue-collarblue-collarblue-collarblue-collarblue-collarblue-collarblue-collarblue-collarblue-collarblue-collarblue-collarblue-collarblue-collarblue-collarblue-collarblue-collarblue-collarblue-collarblue-collarblue-collarblue-collarblue-collarblue-collarblue-collarblue-collarblue-collarblue-collarblue-collarblue-collarblue-collarblue-collarblue-collarblue-collarblue-collarblue-collarblue-collarblue-collarblue-collarblue-collarblue-collarblue-collarblue-collarblue-collarblue-collarblue-collarblue-collarblue-collarblue-collarblue-collarblue-collarblue-collarblue-collarblue-collarblue-collarblue-collarblue-collarblue-collarblue-collarblue-collarblue-collarblue-collarblue-collarblue-collarblue-collarblue-collarblue-collarblue-collarblue-collarblue-collarblue-collarblue-collarblue-collarblue-collarblue-collarblue-collarblue-collarblue-collarblue-collarblue-collarblue-collarblue-collarblue-collarblue-collarblue-collarblue-collarblue-collarblue-collarblue-collarblue-collarblue-collarblue-collarblue-collarblue-collarblue-collarblue-collarblue-collarblue-collarblue-collarblue-collarblue-collarblue-collarblue-collarblue-collarblue-collarblue-collarblue-collarblue-collarblue-collarblue-collarblue-collarblue-collarblue-collarblue-collarblue-collarblue-collarblue-collarblue-collarblue-collarblue-collarblue-collarblue-collarblue-collarblue-collarblue-collarblue-collarblue-collarblue-collarblue-collarblue-collarblue-collarblue-collarblue-collarblue-collarblue-collarblue-collarblue-collarblue-collarblue-collarblue-collarblue-collarblue-collarblue-collarblue-collarblue-collarblue-collarblue-collarblue-collarblue-collarblue-collarblue-collarblue-collarblue-collarblue-collarblue-collarblue-collarblue-collarblue-collarblue-collarblue-collarblue-collarblue-collarblue-collarblue-collarblue-collarblue-collarblue-collarblue-collarblue-collarblue-collarblue-collarblue-collarblue-collarblue-collarblue-collarblue-collarblue-collarblue-collarblue-collarblue-collarblue-collarblue-collarblue-collarblue-collarblue-collarblue-collarblue-collarblue-collarblue-collarblue-collarblue-collarblue-collarblue-collarblue-collarblue-collarblue-collarblue-collarblue-collarblue-collarblue-collarblue-collarblue-collarblue-collarblue-collarblue-collarblue-collarblue-collarblue-collarblue-collarblue-collarblue-collarblue-collarblue-collarblue-collarblue-collarblue-collarblue-collarblue-collarblue-collarblue-collarblue-collarblue-collarblue-collarblue-collarblue-collarblue-collarblue-collarblue-collarblue-collarblue-collarblue-collarblue-collarblue-collarblue-collarblue-collarblue-collarblue-collarblue-collarblue-collarblue-collarblue-collarblue-collarblue-collarblue-collarblue-collarblue-collarblue-collarblue-collarblue-collarblue-collarblue-collarblue-collarblue-collarblue-collarblue-collarblue-collarblue-collarblue-collarblue-collarblue-collarblue-collarblue-collarblue-collarblue-collarblue-collarblue-collarblue-collarblue-collarblue-collarblue-collarblue-collarblue-collarblue-collarblue-collarblue-collarblue-collarblue-collarblue-collarblue-collarblue-collarblue-collarblue-collarblue-collarblue-collarblue-collarblue-collarblue-collarblue-collarblue-collarblue-collarblue-collarblue-collarblue-collarblue-collarblue-collarblue-collarblue-collarblue-collarblue-collarblue-collarblue-collarblue-collarblue-collarblue-collarblue-collarblue-collarblue-collarblue-collarblue-collarblue-collarblue-collarblue-collarblue-collarblue-collarblue-collarblue-collarblue-collarblue-collarblue-collarblue-collarblue-collarblue-collarblue-collarblue-collarblue-collarblue-collarblue-collarblue-collarblue-collarblue-collarblue-collarblue-collarblue-collarblue-collarblue-collarblue-collarblue-collarblue-collarblue-collarblue-collarblue-collarblue-collarblue-collarblue-collarblue-collarblue-collarblue-collarblue-collarblue-collarblue-collarblue-collarblue-collarblue-collarblue-collarblue-collarblue-collarblue-collarblue-collarblue-collarblue-collarblue-collarblue-collarblue-collarblue-collarblue-collarblue-collarblue-collarblue-collarblue-collarblue-collarblue-collarblue-collarblue-collarblue-collarblue-collarblue-collarblue-collarblue-collarblue-collarblue-collarblue-collarblue-collarblue-collarblue-collarblue-collarblue-collarblue-collarblue-collarblue-collarblue-collarblue-collarblue-collarblue-collarblue-collarblue-collarblue-collarblue-collarblue-collarblue-collarblue-collarblue-collarblue-collarblue-collarblue-collarblue-collarblue-collarblue-collarblue-collarblue-collarblue-collarblue-collarblue-collarblue-collarblue-collarblue-collarblue-collarblue-collarblue-collarblue-collarblue-collarblue-collarblue-collarblue-collarblue-collarblue-collarblue-collarblue-collarblue-collarblue-collarblue-collarblue-collarblue-collarblue-collarblue-collarblue-collarblue-collarblue-collarblue-collarblue-collarblue-collarblue-collarblue-collarblue-collarblue-collarblue-collarblue-collarblue-collarblue-collarblue-collarblue-collarblue-collarblue-collarblue-collarblue-collarblue-collarblue-collarblue-collarblue-collarblue-collarblue-collarblue-collarblue-collarblue-collarblue-collarblue-collarblue-collarblue-collarblue-collarblue-collarblue-collarblue-collarblue-collarblue-collarblue-collarblue-collarblue-collarblue-collarblue-collarblue-collarblue-collarblue-collarblue-collarblue-collarblue-collarblue-collarblue-collarblue-collarblue-collarblue-collarblue-collarblue-collarblue-collarblue-collarblue-collarblue-collarblue-collarblue-collarblue-collarblue-collarblue-collarblue-collarblue-collarblue-collarblue-collarblue-collarblue-collarblue-collarblue-collarblue-collarblue-collarblue-collarblue-collarblue-collarblue-collarblue-collarblue-collarblue-collarblue-collarblue-collarblue-collarblue-collarblue-collarblue-collarblue-collarblue-collarblue-collarblue-collarblue-collarblue-collarblue-collarblue-collarblue-collarblue-collarblue-collarblue-collarblue-collarblue-collarblue-collarblue-collarblue-collarblue-collarblue-collarblue-collarblue-collarblue-collarblue-collarblue-collarblue-collarblue-collarblue-collarblue-collarblue-collarblue-collarblue-collarblue-collarblue-collarblue-collarblue-collarblue-collarblue-collarblue-collarblue-collarblue-collarblue-collarblue-collarblue-collarblue-collarblue-collarblue-collarblue-collarblue-collarblue-collarblue-collarblue-collarblue-collarblue-collarblue-collarblue-collarblue-collarblue-collarblue-collarblue-collarblue-collarblue-collarblue-collarblue-collarblue-collarblue-collarblue-collarblue-collarblue-collarblue-collarblue-collarblue-collarblue-collarblue-collarblue-collarblue-collarblue-collarblue-collarblue-collarblue-collarblue-collarblue-collarblue-collarblue-collarblue-collarblue-collarblue-collarblue-collarblue-collarblue-collarblue-collarblue-collarblue-collarblue-collarblue-collarblue-collarblue-collarblue-collarblue-collarblue-collarblue-collarblue-collarblue-collarblue-collarblue-collarblue-collarblue-collarblue-collarblue-collarblue-collarblue-collarblue-collarblue-collarblue-collarblue-collarblue-collarblue-collarblue-collarblue-collarblue-collarblue-collarblue-collarblue-collarblue-collarblue-collarblue-collarblue-collarblue-collarblue-collarblue-collarblue-collarblue-collarblue-collarblue-collarblue-collarblue-collarblue-collarblue-collarblue-collarblue-collarblue-collarblue-collarblue-collarblue-collarblue-collarblue-collarblue-collarblue-collarblue-collarblue-collarblue-collarblue-collarblue-collarblue-collarblue-collarblue-collarblue-collarblue-collarblue-collarblue-collarblue-collarblue-collarblue-collarblue-collarblue-collarblue-collarblue-collarblue-collarblue-collarblue-collarblue-collarblue-collarblue-collarblue-collarblue-collarblue-collarblue-collarblue-collarblue-collarblue-collarblue-collarblue-collarblue-collarblue-collarblue-collarblue-collarblue-collarblue-collarblue-collarblue-collarblue-collarblue-collarblue-collarblue-collarblue-collarblue-collarblue-collarblue-collarblue-collarblue-collarblue-collarblue-collarblue-collarblue-collarblue-collarblue-collarblue-collarblue-collarblue-collarblue-collarblue-collarblue-collarblue-collarblue-collarblue-collarblue-collarblue-collarblue-collarblue-collarblue-collarblue-collarblue-collarblue-collarblue-collarblue-collarblue-collarblue-collarblue-collarblue-collarblue-collarblue-collarblue-collarblue-collarblue-collarblue-collarblue-collarblue-collarblue-collarblue-collarblue-collarblue-collarblue-collarblue-collarblue-collarblue-collarblue-collarblue-collarblue-collarblue-collarblue-collarblue-collarblue-collarblue-collarblue-collarblue-collarblue-collarblue-collarblue-collarblue-collarblue-collarblue-collarblue-collarblue-collarblue-collarblue-collarblue-collarblue-collarblue-collarblue-collarblue-collarblue-collarblue-collarblue-collarblue-collarblue-collarblue-collarblue-collarblue-collarblue-collarblue-collarblue-collarblue-collarblue-collarblue-collarblue-collarblue-collarblue-collarblue-collarblue-collarblue-collarblue-collarblue-collarblue-collarblue-collarblue-collarblue-collarblue-collarblue-collarblue-collarblue-collarblue-collarblue-collarblue-collarblue-collarblue-collarblue-collarblue-collarblue-collarblue-collarblue-collarblue-collarblue-collarblue-collarblue-collarblue-collarblue-collarblue-collarblue-collarblue-collarblue-collarblue-collarblue-collarblue-collarblue-collarblue-collarblue-collarblue-collarblue-collarblue-collarblue-collarblue-collarblue-collarblue-collarblue-collarblue-collarblue-collarblue-collarblue-collarblue-collarblue-collarblue-collarblue-collarblue-collarblue-collarblue-collarblue-collarblue-collarblue-collarblue-collarblue-collarblue-collarblue-collarblue-collarblue-collarblue-collarblue-collarblue-collarblue-collarblue-collarblue-collarblue-collarblue-collarblue-collarblue-collarblue-collarblue-collarblue-collarblue-collarblue-collarblue-collarblue-collarblue-collarblue-collarblue-collarblue-collarblue-collarblue-collarblue-collarblue-collarblue-collarblue-collarblue-collarblue-collarblue-collarblue-collarblue-collarblue-collarblue-collarblue-collarblue-collarblue-collarblue-collarblue-collarblue-collarblue-collarblue-collarblue-collarblue-collarblue-collarblue-collarblue-collarblue-collarblue-collarblue-collarblue-collarblue-collarblue-collarblue-collarblue-collarblue-collarblue-collarblue-collarblue-collarblue-collarblue-collarblue-collarblue-collarblue-collarblue-collarblue-collarblue-collarblue-collarblue-collarblue-collarblue-collarblue-collarblue-collarblue-collarblue-collarblue-collarblue-collarblue-collarblue-collarblue-collarblue-collarblue-collarblue-collarblue-collarblue-collarblue-collarblue-collarblue-collarblue-collarblue-collarblue-collarblue-collarblue-collarblue-collarblue-collarblue-collarblue-collarblue-collarblue-collarblue-collarblue-collarblue-collarblue-collarblue-collarblue-collarblue-collarblue-collarblue-collarblue-collarblue-collarblue-collarblue-collarblue-collarblue-collarblue-collarblue-collarblue-collarblue-collarblue-collarblue-collarblue-collarblue-collarblue-collarblue-collarblue-collarblue-collarblue-collarblue-collarblue-collarblue-collarblue-collarblue-collarblue-collarblue-collarblue-collarblue-collarblue-collarblue-collarblue-collarblue-collarblue-collarblue-collarblue-collarblue-collarblue-collarblue-collarblue-collarblue-collarblue-collarblue-collarblue-collarblue-collarblue-collarblue-collarblue-collarblue-collarblue-collarblue-collarblue-collarblue-collarblue-collarblue-collarblue-collarblue-collarblue-collarblue-collarblue-collarblue-collarblue-collarblue-collarblue-collarblue-collarblue-collarblue-collarblue-collarblue-collarblue-collarblue-collarblue-collarblue-collarblue-collarblue-collarblue-collarblue-collarblue-collarblue-collarblue-collarblue-collarblue-collarblue-collarblue-collarblue-collarblue-collarblue-collarblue-collarblue-collarblue-collarblue-collarblue-collarblue-collarblue-collarblue-collarblue-collarblue-collarblue-collarblue-collarblue-collarblue-collarblue-collarblue-collarblue-collarblue-collarblue-collarblue-collarblue-collarblue-collarblue-collarblue-collarblue-collarblue-collarblue-collarblue-collarblue-collarblue-collarblue-collarblue-collarblue-collarblue-collarblue-collarblue-collarblue-collarblue-collarblue-collarblue-collarblue-collarblue-collarblue-collarblue-collarblue-collarblue-collarblue-collarblue-collarblue-collarblue-collarblue-collarblue-collarblue-collarblue-collarblue-collarblue-collarblue-collarblue-collarblue-collarblue-collarblue-collarblue-collarblue-collarblue-collarblue-collarblue-collarblue-collarblue-collarblue-collarblue-collarblue-collarblue-collarblue-collarblue-collarblue-collarblue-collarblue-collarblue-collarblue-collarblue-collarblue-collarblue-collarblue-collarblue-collarblue-collarblue-collarblue-collarblue-collarblue-collarblue-collarblue-collarblue-collarblue-collarblue-collarblue-collarblue-collarblue-collarblue-collarblue-collarblue-collarblue-collarblue-collarblue-collarblue-collarblue-collarblue-collarblue-collarblue-collarblue-collarblue-collarblue-collarblue-collarblue-collarblue-collarblue-collarblue-collarblue-collarblue-collarblue-collarblue-collarblue-collarblue-collarblue-collarblue-collarblue-collarblue-collarblue-collarblue-collarblue-collarblue-collarblue-collarblue-collarblue-collarblue-collarblue-collarblue-collarblue-collarblue-collarblue-collarblue-collarblue-collarblue-collarblue-collarblue-collarblue-collarblue-collarblue-collarblue-collarblue-collarblue-collarblue-collarblue-collarblue-collarblue-collarblue-collarblue-collarblue-collarblue-collarblue-collarblue-collarblue-collarblue-collarblue-collarblue-collarblue-collarblue-collarblue-collarblue-collarblue-collarblue-collarblue-collarblue-collarblue-collarblue-collarblue-collarblue-collarblue-collarblue-collarblue-collarblue-collarblue-collarblue-collarblue-collarblue-collarblue-collarblue-collarblue-collarblue-collarblue-collarblue-collarblue-collarblue-collarblue-collarblue-collarblue-collarblue-collarblue-collarblue-collarblue-collarblue-collarblue-collarblue-collarblue-collarblue-collarblue-collarblue-collarblue-collarblue-collarblue-collarblue-collarblue-collarblue-collarblue-collarblue-collarblue-collarblue-collarblue-collarblue-collarblue-collarblue-collarblue-collarblue-collarblue-collarblue-collarblue-collarblue-collarblue-collarblue-collarblue-collarblue-collarblue-collarblue-collarblue-collarblue-collarblue-collarblue-collarblue-collarblue-collarblue-collarblue-collarblue-collarblue-collarblue-collarblue-collarblue-collarblue-collarblue-collarblue-collarblue-collarblue-collarblue-collarblue-collarblue-collarblue-collarblue-collarblue-collarblue-collarblue-collarblue-collarblue-collarblue-collarblue-collarblue-collarblue-collarblue-collarblue-collarblue-collarblue-collarblue-collarblue-collarblue-collarblue-collarblue-collarblue-collarblue-collarblue-collarblue-collarblue-collarblue-collarblue-collarblue-collarblue-collarblue-collarblue-collarblue-collarblue-collarblue-collarblue-collarblue-collarblue-collarblue-collarblue-collarblue-collarblue-collarblue-collarblue-collarblue-collarblue-collarblue-collarblue-collarblue-collarblue-collarblue-collarblue-collarblue-collarblue-collarblue-collarblue-collarblue-collarblue-collarblue-collarblue-collarblue-collarblue-collarblue-collarblue-collarblue-collarblue-collarblue-collarblue-collarblue-collarblue-collarblue-collarblue-collarblue-collarblue-collarblue-collarblue-collarblue-collarblue-collarblue-collarblue-collarblue-collarblue-collarblue-collarblue-collarblue-collarblue-collarblue-collarblue-collarblue-collarblue-collarblue-collarblue-collarblue-collarblue-collarblue-collarblue-collarblue-collarblue-collarblue-collarblue-collarblue-collarblue-collarblue-collarblue-collarblue-collarblue-collarblue-collarblue-collarblue-collarblue-collarblue-collarblue-collarblue-collarblue-collarblue-collarblue-collarblue-collarblue-collarblue-collarblue-collarblue-collarblue-collarblue-collarblue-collarblue-collarblue-collarblue-collarblue-collarblue-collarblue-collarblue-collarblue-collarblue-collarblue-collarblue-collarblue-collarblue-collarblue-collarblue-collarblue-collarblue-collarblue-collarblue-collarblue-collarblue-collarblue-collarblue-collarblue-collarblue-collarblue-collarblue-collarblue-collarblue-collarblue-collarblue-collarblue-collarblue-collarblue-collarblue-collarblue-collarblue-collarblue-collarblue-collarblue-collarblue-collarblue-collarblue-collarblue-collarblue-collarblue-collarblue-collarblue-collarblue-collarblue-collarblue-collarblue-collarblue-collarblue-collarblue-collarblue-collarblue-collarblue-collarblue-collarblue-collarblue-collarblue-collarblue-collarblue-collarblue-collarblue-collarblue-collarblue-collarblue-collarblue-collarblue-collarblue-collarblue-collarblue-collarblue-collarblue-collarblue-collarblue-collarblue-collarblue-collarblue-collarblue-collarblue-collarblue-collarblue-collarblue-collarblue-collarblue-collarblue-collarblue-collarblue-collarblue-collarblue-collarblue-collarblue-collarblue-collarblue-collarblue-collarblue-collarblue-collarblue-collarblue-collarblue-collarblue-collarblue-collarblue-collarblue-collarblue-collarblue-collarblue-collarblue-collarblue-collarblue-collarblue-collarblue-collarblue-collarblue-collarblue-collarblue-collarblue-collarblue-collarblue-collarblue-collarblue-collarblue-collarblue-collarblue-collarblue-collarblue-collarblue-collarblue-collarblue-collarblue-collarblue-collarblue-collarblue-collarblue-collarblue-collarblue-collarblue-collarblue-collarblue-collarblue-collarblue-collarblue-collarblue-collarblue-collarblue-collarblue-collarblue-collarblue-collarblue-collarblue-collarblue-collarblue-collarblue-collarblue-collarblue-collarblue-collarblue-collarblue-collarblue-collarblue-collarblue-collarblue-collarblue-collarblue-collarblue-collarblue-collarblue-collarblue-collarblue-collarblue-collarblue-collarblue-collarblue-collarblue-collarblue-collarblue-collarblue-collarblue-collarblue-collarblue-collarblue-collarblue-collarblue-collarblue-collarblue-collarblue-collarblue-collarblue-collarblue-collarblue-collarblue-collarblue-collarblue-collarblue-collarblue-collarblue-collarblue-collarblue-collarblue-collarblue-collarblue-collarblue-collarblue-collarblue-collarblue-collarblue-collarblue-collarblue-collarblue-collarblue-collarblue-collarblue-collarblue-collarblue-collarblue-collarblue-collarblue-collarblue-collarblue-collarblue-collarblue-collarblue-collarblue-collarblue-collarblue-collarblue-collarblue-collarblue-collarblue-collarblue-collarblue-collarblue-collarblue-collarblue-collarblue-collarblue-collarblue-collarblue-collarblue-collarblue-collarblue-collarblue-collarblue-collarblue-collarblue-collarblue-collarblue-collarblue-collarblue-collarblue-collarblue-collarblue-collarblue-collarblue-collarblue-collarblue-collarblue-collarblue-collarblue-collarblue-collarblue-collarblue-collarblue-collarblue-collarblue-collarblue-collarblue-collarblue-collarblue-collarblue-collarblue-collarblue-collarblue-collarblue-collarblue-collarblue-collarblue-collarblue-collarblue-collarblue-collarblue-collarblue-collarblue-collarblue-collarblue-collarblue-collarblue-collarblue-collarblue-collarblue-collarblue-collarblue-collarblue-collarblue-collarblue-collarblue-collarblue-collarblue-collarblue-collarblue-collarblue-collarblue-collarblue-collarblue-collarblue-collarblue-collarblue-collarblue-collarblue-collarblue-collarblue-collarblue-collarblue-collarblue-collarblue-collarblue-collarblue-collarblue-collarblue-collarblue-collarblue-collarblue-collarblue-collarblue-collarblue-collarblue-collarblue-collarblue-collarblue-collarblue-collarblue-collarblue-collarblue-collarblue-collarblue-collarblue-collarblue-collarblue-collarblue-collarblue-collarblue-collarblue-collarblue-collarblue-collarblue-collarblue-collarblue-collarblue-collarblue-collarblue-collarblue-collarblue-collarblue-collarblue-collarblue-collarblue-collarblue-collarblue-collarblue-collarblue-collarblue-collarblue-collarblue-collarblue-collarblue-collarblue-collarblue-collarblue-collarblue-collarblue-collarblue-collarblue-collarblue-collarblue-collarblue-collarblue-collarblue-collarblue-collarblue-collarblue-collarblue-collarblue-collarblue-collarblue-collarblue-collarblue-collarblue-collarblue-collarblue-collarblue-collarblue-collarblue-collarblue-collarblue-collarblue-collarblue-collarblue-collarblue-collarblue-collarblue-collarblue-collarblue-collarblue-collarblue-collarblue-collarblue-collarblue-collarblue-collarblue-collarblue-collarblue-collarblue-collarblue-collarblue-collarblue-collarblue-collarblue-collarblue-collarblue-collarblue-collarblue-collarblue-collarblue-collarblue-collarblue-collarblue-collarblue-collarblue-collarblue-collarblue-collarblue-collarblue-collarblue-collarblue-collarblue-collarblue-collarblue-collarblue-collarblue-collarblue-collarblue-collarblue-collarblue-collarblue-collarblue-collarblue-collarblue-collarblue-collarblue-collarblue-collarblue-collarblue-collarblue-collarblue-collarblue-collarblue-collarblue-collarblue-collarblue-collarblue-collarblue-collarblue-collarblue-collarblue-collarblue-collarblue-collarblue-collarblue-collarblue-collarblue-collarblue-collarblue-collarblue-collarblue-collarblue-collarblue-collarblue-collarblue-collarblue-collarblue-collarblue-collarblue-collarblue-collarblue-collarblue-collarblue-collarblue-collarblue-collarblue-collarblue-collarblue-collarblue-collarblue-collarblue-collarblue-collarblue-collarblue-collarblue-collarblue-collarblue-collarblue-collarblue-collarblue-collarblue-collarblue-collarblue-collarblue-collarblue-collarblue-collarblue-collarblue-collarblue-collarblue-collarblue-collarblue-collarblue-collarblue-collarblue-collarblue-collarblue-collarblue-collarblue-collarblue-collarblue-collarblue-collarblue-collarblue-collarblue-collarblue-collarblue-collarblue-collarblue-collarblue-collarblue-collarblue-collarblue-collarblue-collarblue-collarblue-collarblue-collarblue-collarblue-collarblue-collarblue-collarblue-collarblue-collarblue-collarblue-collarblue-collarblue-collarblue-collarblue-collarblue-collarblue-collarblue-collarblue-collarblue-collarblue-collarblue-collarblue-collarblue-collarblue-collarblue-collarblue-collarblue-collarblue-collarblue-collarblue-collarblue-collarblue-collarblue-collarblue-collarblue-collarblue-collarblue-collarblue-collarblue-collarblue-collarblue-collarblue-collarblue-collarblue-collarblue-collarblue-collarblue-collarblue-collarblue-collarblue-collarblue-collarblue-collarblue-collarblue-collarblue-collarblue-collarblue-collarblue-collarblue-collarblue-collarblue-collarblue-collarblue-collarblue-collarblue-collarblue-collarblue-collarblue-collarblue-collarblue-collarblue-collarblue-collarblue-collarblue-collarblue-collarblue-collarblue-collarblue-collarblue-collarblue-collarblue-collarblue-collarblue-collarblue-collarblue-collarblue-collarblue-collarblue-collarblue-collarblue-collarblue-collarblue-collarblue-collarblue-collarblue-collarblue-collarblue-collarblue-collarblue-collarblue-collarblue-collarblue-collarblue-collarblue-collarblue-collarblue-collarblue-collarblue-collarblue-collarblue-collarblue-collarblue-collarblue-collarblue-collarblue-collarblue-collarblue-collarblue-collarblue-collarblue-collarblue-collarblue-collarblue-collarblue-collarblue-collarblue-collarblue-collarblue-collarblue-collarblue-collarblue-collarblue-collarblue-collarblue-collarblue-collarblue-collarblue-collarblue-collarblue-collarblue-collarblue-collarblue-collarblue-collarblue-collarblue-collarblue-collarblue-collarblue-collarblue-collarblue-collarblue-collarblue-collarblue-collarblue-collarblue-collarblue-collarblue-collarblue-collarblue-collarblue-collarblue-collarblue-collarblue-collarblue-collarblue-collarblue-collarblue-collarblue-collarblue-collarblue-collarblue-collarblue-collarblue-collarblue-collarblue-collarblue-collarblue-collarblue-collarblue-collarblue-collarblue-collarblue-collarblue-collarblue-collarblue-collarblue-collarblue-collarblue-collarblue-collarblue-collarblue-collarblue-collarblue-collarblue-collarblue-collarblue-collarblue-collarblue-collarblue-collarblue-collarblue-collarblue-collarblue-collarblue-collarblue-collarblue-collarblue-collarblue-collarblue-collarblue-collarblue-collarblue-collarblue-collarblue-collarblue-collarblue-collarblue-collarblue-collarblue-collarblue-collarblue-collarblue-collarblue-collarblue-collarblue-collarblue-collarblue-collarblue-collarblue-collarblue-collarblue-collarblue-collarblue-collarblue-collarblue-collarblue-collarblue-collarblue-collarblue-collarblue-collarblue-collarblue-collarblue-collarblue-collarblue-collarblue-collarblue-collarblue-collarblue-collarblue-collarblue-collarblue-collarblue-collarblue-collarblue-collarblue-collarblue-collarblue-collarblue-collarblue-collarblue-collarblue-collarblue-collarblue-collarblue-collarblue-collarblue-collarblue-collarblue-collarblue-collarblue-collarblue-collarblue-collarblue-collarblue-collarblue-collarblue-collarblue-collarblue-collarblue-collarblue-collarblue-collarblue-collarblue-collarblue-collarblue-collarblue-collarblue-collarblue-collarblue-collarblue-collarblue-collarblue-collarblue-collarblue-collarblue-collarblue-collarblue-collarblue-collarblue-collarblue-collarblue-collarblue-collarblue-collarblue-collarblue-collarblue-collarblue-collarblue-collarblue-collarblue-collarblue-collarblue-collarblue-collarblue-collarblue-collarblue-collarblue-collarblue-collarblue-collarblue-collarblue-collarblue-collarblue-collarblue-collarblue-collarblue-collarblue-collarblue-collarblue-collarblue-collarblue-collarblue-collarblue-collarblue-collarblue-collarblue-collarblue-collarblue-collarblue-collarblue-collarblue-collarblue-collarblue-collarblue-collarblue-collarblue-collarblue-collarblue-collarblue-collarblue-collarblue-collarblue-collarblue-collarblue-collarblue-collarblue-collarblue-collarblue-collarblue-collarblue-collarblue-collarblue-collarblue-collarblue-collarblue-collarblue-collarblue-collarblue-collarblue-collarblue-collarblue-collarblue-collarblue-collarblue-collarblue-collarblue-collarblue-collarblue-collarblue-collarblue-collarblue-collarblue-collarblue-collarblue-collarblue-collarblue-collarblue-collarblue-collarblue-collarblue-collarblue-collarblue-collarblue-collarblue-collarblue-collarblue-collarblue-collarblue-collarblue-collarblue-collarblue-collarblue-collarblue-collarblue-collarblue-collarblue-collarblue-collarblue-collarblue-collarblue-collarblue-collarblue-collarblue-collarblue-collarblue-collarblue-collarblue-collarblue-collarblue-collarblue-collarblue-collarblue-collarblue-collarblue-collarblue-collarblue-collarblue-collarblue-collarblue-collarblue-collarblue-collarblue-collarblue-collarblue-collarblue-collarblue-collarblue-collarblue-collarblue-collarblue-collarblue-collarblue-collarblue-collarblue-collarblue-collarblue-collarblue-collarblue-collarblue-collarblue-collarblue-collarblue-collarblue-collarblue-collarblue-collarblue-collarblue-collarblue-collarblue-collarblue-collarblue-collarblue-collarblue-collarblue-collarblue-collarblue-collarblue-collarblue-collarblue-collarblue-collarblue-collarblue-collarblue-collarblue-collarblue-collarblue-collarblue-collarblue-collarblue-collarblue-collarblue-collarblue-collarblue-collarblue-collarblue-collarblue-collarblue-collarblue-collarblue-collarblue-collarblue-collarblue-collarblue-collarblue-collarblue-collarblue-collarblue-collarblue-collarblue-collarblue-collarblue-collarblue-collarblue-collarblue-collarblue-collarblue-collarblue-collarblue-collarblue-collarblue-collarblue-collarblue-collarblue-collarblue-collarblue-collarblue-collarblue-collarblue-collarblue-collarblue-collarblue-collarblue-collarblue-collarblue-collarblue-collarblue-collarblue-collarblue-collarblue-collarblue-collarblue-collarblue-collarblue-collarblue-collarblue-collarblue-collarblue-collarblue-collarblue-collarblue-collarblue-collarblue-collarblue-collarblue-collarblue-collarblue-collarblue-collarblue-collarblue-collarblue-collarblue-collarblue-collarblue-collarblue-collarblue-collarblue-collarblue-collarblue-collarblue-collarblue-collarblue-collarblue-collarblue-collarblue-collarblue-collarblue-collarblue-collarblue-collarblue-collarblue-collarblue-collarblue-collarblue-collarblue-collarblue-collarblue-collarblue-collarblue-collarblue-collarblue-collarblue-collarblue-collarblue-collarblue-collarblue-collarblue-collarblue-collarblue-collarblue-collarblue-collarblue-collarblue-collarblue-collarblue-collarblue-collarblue-collarblue-collarblue-collarblue-collarblue-collarblue-collarblue-collarblue-collarblue-collarblue-collarblue-collarblue-collarblue-collarblue-collarblue-collarblue-collarblue-collarblue-collarblue-collarblue-collarblue-collarblue-collarblue-collarblue-collarblue-collarblue-collarblue-collarblue-collarblue-collarblue-collarblue-collarblue-collarblue-collarblue-collarblue-collarblue-collarblue-collarblue-collarblue-collarblue-collarblue-collarblue-collarblue-collarblue-collarblue-collarblue-collarblue-collarblue-collarblue-collarblue-collarblue-collarblue-collarblue-collarblue-collarblue-collarblue-collarblue-collarblue-collarblue-collarblue-collarblue-collarblue-collarblue-collarblue-collarblue-collarblue-collarblue-collarblue-collarblue-collarblue-collarblue-collarblue-collarblue-collarblue-collarblue-collarblue-collarblue-collarblue-collarblue-collarblue-collarblue-collarblue-collarblue-collarblue-collarblue-collarblue-collarblue-collarblue-collarblue-collarblue-collarblue-collarblue-collarblue-collarblue-collarblue-collarblue-collarblue-collarblue-collarblue-collarblue-collarblue-collarblue-collarblue-collarblue-collarblue-collarblue-collarblue-collarblue-collarblue-collarblue-collarblue-collarblue-collarblue-collarblue-collarblue-collarblue-collarblue-collarblue-collarblue-collarblue-collarblue-collarblue-collarblue-collarblue-collarblue-collarblue-collarblue-collarblue-collarblue-collarblue-collarblue-collarblue-collarblue-collarblue-collarblue-collarblue-collarblue-collarblue-collarblue-collarblue-collarblue-collarblue-collarblue-collarblue-collarblue-collarblue-collarblue-collarblue-collarblue-collarblue-collarblue-collarblue-collarblue-collarblue-collarblue-collarblue-collarblue-collarblue-collarblue-collarblue-collarblue-collarblue-collarblue-collarblue-collarblue-collarblue-collarblue-collarblue-collarblue-collarblue-collarblue-collarblue-collarblue-collarblue-collarblue-collarblue-collarblue-collarblue-collarblue-collarblue-collarblue-collarblue-collarblue-collarblue-collarblue-collarblue-collarblue-collarblue-collarblue-collarblue-collarblue-collarblue-collarblue-collarblue-collarblue-collarblue-collarblue-collarblue-collarblue-collarblue-collarblue-collarblue-collarblue-collarblue-collarblue-collarblue-collarblue-collarblue-collarblue-collarblue-collarblue-collarblue-collarblue-collarblue-collarblue-collarblue-collarblue-collarblue-collarblue-collarblue-collarblue-collarblue-collarblue-collarblue-collarblue-collarblue-collarblue-collarblue-collarblue-collarblue-collarblue-collarblue-collarblue-collarblue-collarblue-collarblue-collarblue-collarblue-collarblue-collarblue-collarblue-collarblue-collarblue-collarblue-collarblue-collarblue-collarblue-collarblue-collarblue-collarblue-collarblue-collarblue-collarblue-collarblue-collarblue-collarblue-collarblue-collarblue-collarblue-collarblue-collarblue-collarblue-collarblue-collarblue-collarblue-collarblue-collarblue-collarblue-collarblue-collarblue-collarblue-collarblue-collarblue-collarblue-collarblue-collarblue-collarblue-collarblue-collarblue-collarblue-collarblue-collarblue-collarblue-collarblue-collarblue-collarblue-collarblue-collarblue-collarblue-collarblue-collarblue-collarblue-collarblue-collarblue-collarblue-collarblue-collarblue-collarblue-collarblue-collarblue-collarblue-collarblue-collarblue-collarblue-collarblue-collarblue-collarblue-collarblue-collarblue-collarblue-collarblue-collarblue-collarblue-collarblue-collarblue-collarblue-collarblue-collarblue-collarblue-collarblue-collarblue-collarblue-collarblue-collarblue-collarblue-collarblue-collarblue-collarblue-collarblue-collarblue-collarblue-collarblue-collarblue-collarblue-collarblue-collarblue-collarblue-collarblue-collarblue-collarblue-collarblue-collarblue-collarblue-collarblue-collarblue-collarblue-collarblue-collarblue-collarblue-collarblue-collarblue-collarblue-collarblue-collarblue-collarblue-collarblue-collarblue-collarblue-collarblue-collarblue-collarblue-collarblue-collarblue-collarblue-collarblue-collarblue-collarblue-collarblue-collarblue-collarblue-collarblue-collarblue-collarblue-collarblue-collarblue-collarblue-collarblue-collarblue-collarblue-collarblue-collarblue-collarblue-collarblue-collarblue-collarblue-collarblue-collarblue-collarblue-collarblue-collarblue-collarblue-collarblue-collarblue-collarblue-collarblue-collarblue-collarblue-collarblue-collarblue-collarblue-collarblue-collarblue-collarblue-collarblue-collarblue-collarblue-collarblue-collarblue-collarblue-collarblue-collarblue-collarblue-collarblue-collarblue-collarblue-collarblue-collarblue-collarblue-collarblue-collarblue-collarblue-collarblue-collarblue-collarblue-collarblue-collarblue-collarblue-collarblue-collarblue-collarblue-collarblue-collarblue-collarblue-collarblue-collarblue-collarblue-collarblue-collarblue-collarblue-collarblue-collarblue-collarblue-collarblue-collarblue-collarblue-collarblue-collarblue-collarblue-collarblue-collarblue-collarblue-collarblue-collarblue-collarblue-collarblue-collarblue-collarblue-collarblue-collarblue-collarblue-collarblue-collarblue-collarblue-collarblue-collarblue-collarblue-collarblue-collarblue-collarblue-collarblue-collarblue-collarblue-collarblue-collarblue-collarblue-collarblue-collarblue-collarblue-collarblue-collarblue-collarblue-collarblue-collarblue-collarblue-collarblue-collarblue-collarblue-collarblue-collarblue-collarblue-collarblue-collarblue-collarblue-collarblue-collarblue-collarblue-collarblue-collarblue-collarblue-collarblue-collarblue-collarblue-collarblue-collarblue-collarblue-collarblue-collarblue-collarblue-collarblue-collarblue-collarblue-collarblue-collarblue-collarblue-collarblue-collarblue-collarblue-collarblue-collarblue-collarblue-collarblue-collarblue-collarblue-collarblue-collarblue-collarblue-collarblue-collarblue-collarblue-collarblue-collarblue-collarblue-collarblue-collarblue-collarblue-collarblue-collarblue-collarblue-collarblue-collarblue-collarblue-collarblue-collarblue-collarblue-collarblue-collarblue-collarblue-collarblue-collarblue-collarblue-collarblue-collarblue-collarblue-collarblue-collarblue-collarblue-collarblue-collarblue-collarblue-collarblue-collarblue-collarblue-collarblue-collarblue-collarblue-collarblue-collarblue-collarblue-collarblue-collarblue-collarblue-collarblue-collarblue-collarblue-collarblue-collarblue-collarblue-collarblue-collarblue-collarblue-collarblue-collarblue-collarblue-collarblue-collarblue-collarblue-collarblue-collarblue-collarblue-collarblue-collarblue-collarblue-collarblue-collarblue-collarblue-collarblue-collarblue-collarblue-collarblue-collarblue-collarblue-collarblue-collarblue-collarblue-collarblue-collarblue-collarblue-collarblue-collarblue-collarblue-collarblue-collarblue-collarblue-collarblue-collarblue-collarblue-collarblue-collarblue-collarblue-collarblue-collarblue-collarblue-collarblue-collarblue-collarblue-collarblue-collarblue-collarblue-collarblue-collarblue-collarblue-collarblue-collarblue-collarblue-collarblue-collarblue-collarblue-collarblue-collarblue-collarblue-collarblue-collarblue-collarblue-collarblue-collarblue-collarblue-collarblue-collarblue-collarblue-collarblue-collarblue-collarblue-collarblue-collarblue-collarblue-collarblue-collarblue-collarblue-collarblue-collarblue-collarblue-collarblue-collarblue-collarblue-collarblue-collarblue-collarblue-collarblue-collarblue-collarblue-collarblue-collarblue-collarblue-collarblue-collarblue-collarblue-collarblue-collarblue-collarblue-collarblue-collarblue-collarblue-collarblue-collarblue-collarblue-collarblue-collarblue-collarblue-collarblue-collarblue-collarblue-collarblue-collarblue-collarblue-collarblue-collarblue-collarblue-collarblue-collarblue-collarblue-collarblue-collarblue-collarblue-collarblue-collarblue-collarblue-collarblue-collarblue-collarblue-collarblue-collarblue-collarblue-collarblue-collarblue-collarblue-collarblue-collarblue-collarblue-collarblue-collarblue-collarblue-collarblue-collarblue-collarblue-collarblue-collarblue-collarblue-collarblue-collarblue-collarblue-collarblue-collarblue-collarblue-collarblue-collarblue-collarblue-collarblue-collarblue-collarblue-collarblue-collarblue-collarblue-collarblue-collarblue-collarblue-collarblue-collarblue-collarblue-collarblue-collarblue-collarblue-collarblue-collarblue-collarblue-collarblue-collarblue-collarblue-collarblue-collarblue-collarblue-collarblue-collarblue-collarblue-collarblue-collarblue-collarblue-collarblue-collarblue-collarblue-collarblue-collarblue-collarblue-collarblue-collarblue-collarblue-collarblue-collarblue-collarblue-collarblue-collarblue-collarblue-collarblue-collarblue-collarblue-collarblue-collarblue-collarblue-collarblue-collarblue-collarblue-collarblue-collarblue-collarblue-collarblue-collarblue-collarblue-collarblue-collarblue-collarblue-collarblue-collarblue-collarblue-collarblue-collarblue-collarblue-collarblue-collarblue-collarblue-collarblue-collarblue-collarblue-collarblue-collarblue-collarblue-collarblue-collarblue-collarblue-collarblue-collarblue-collarblue-collarblue-collarblue-collarblue-collarblue-collarblue-collarblue-collarblue-collarblue-collarblue-collarblue-collarblue-collarblue-collarblue-collarblue-collarblue-collarblue-collarblue-collarblue-collarblue-collarblue-collarblue-collarblue-collarblue-collarblue-collarblue-collarblue-collarblue-collarblue-collarblue-collarblue-collarblue-collarblue-collarblue-collarblue-collarblue-collarblue-collarblue-collarblue-collarblue-collarblue-collarblue-collarblue-collarblue-collarblue-collarblue-collarblue-collarblue-collarblue-collarblue-collarblue-collarblue-collarblue-collarblue-collarblue-collarblue-collarblue-collarblue-collarblue-collarblue-collarblue-collarblue-collarblue-collarblue-collarblue-collarblue-collarblue-collarblue-collarblue-collarblue-collarblue-collarblue-collarblue-collarblue-collarblue-collarblue-collarblue-collarblue-collarblue-collarblue-collarblue-collarblue-collarblue-collarblue-collarblue-collarblue-collarblue-collarblue-collarblue-collarblue-collarblue-collarblue-collarblue-collarblue-collarblue-collarblue-collarblue-collarblue-collarblue-collarblue-collarblue-collarblue-collarblue-collarblue-collarblue-collarblue-collarblue-collarblue-collarblue-collarblue-collarblue-collarblue-collarblue-collarblue-collarblue-collarblue-collarblue-collarblue-collarblue-collarblue-collarblue-collarblue-collarblue-collarblue-collarblue-collarblue-collarblue-collarblue-collarblue-collarblue-collarblue-collarblue-collarblue-collarblue-collarblue-collarblue-collarblue-collarblue-collarblue-collarblue-collarblue-collarblue-collarblue-collarblue-collarblue-collarblue-collarblue-collarblue-collarblue-collarblue-collarblue-collarblue-collarblue-collarblue-collarblue-collarblue-collarblue-collarblue-collarblue-collarblue-collarblue-collarblue-collarblue-collarblue-collarblue-collarblue-collarblue-collarblue-collarblue-collarblue-collarblue-collarblue-collarblue-collarblue-collarblue-collar'] to numeric
2025-04-22 19:48:58,404 - INFO - [HYBRID] Generated hybrid dataset shape for CTGAN: (72336, 17)
2025-04-22 19:48:58,409 - INFO - [HYBRID] Target distribution for CTGAN: {'no': 52864, 'yes': 19472}
2025-04-22 19:48:58,871 - INFO -  [HYBRID] Saved hybrid dataset to /mnt/NVMETank/Projects/Students/Dele/A-STUDY-INTO-THE-QUALITY-AND-USABILITY-OF-PRIVACY-FRIENDLY-SYNTHETIC-DATA/datasets/hybrid/bankMarketing_k10_l2_sup10_CTGAN_HYBRID.csv
2025-04-22 19:48:58,872 - INFO - [HYBRID] Generated hybrid dataset shape for TVAE: (72336, 17)
2025-04-22 19:48:58,876 - INFO - [HYBRID] Target distribution for TVAE: {'no': 66032, 'yes': 6304}
2025-04-22 19:48:59,326 - INFO -  [HYBRID] Saved hybrid dataset to /mnt/NVMETank/Projects/Students/Dele/A-STUDY-INTO-THE-QUALITY-AND-USABILITY-OF-PRIVACY-FRIENDLY-SYNTHETIC-DATA/datasets/hybrid/bankMarketing_k10_l2_sup10_TVAE_HYBRID.csv
2025-04-22 19:48:59,326 - INFO -  [HYBRID] Hybrid pipeline complete — 2 dataset(s) ready.
2025-04-22 19:48:59,326 - INFO - [HYBRID] Total rows across all hybrid datasets: 144672
2025-04-22 19:48:59,327 - INFO - Hybrid pipeline completed successfully.
2025-04-22 19:48:59,327 - INFO - Hybrid pipeline duration: 59.70 seconds
2025-04-22 19:48:59,328 - INFO - Starting Utility...
2025-04-22 19:48:59,328 - INFO - [UTILITY] Preparing datasets for machine learning...
2025-04-22 19:48:59,330 - INFO - [UTILITY] Original Data - Training Size: 36168, Testing Size: 9043
2025-04-22 19:48:59,332 - INFO - [UTILITY] Target class distribution (Original): {'no': 31937, 'yes': 4231}
2025-04-22 19:48:59,335 - INFO - [UTILITY] Processing synthetic dataset generated by CTGAN...
2025-04-22 19:48:59,341 - INFO - [UTILITY] Synthetic Data (CTGAN) - Training Size: 72336
2025-04-22 19:48:59,345 - INFO - [UTILITY] Target class distribution (CTGAN): {'no': 63883, 'yes': 8453}
2025-04-22 19:48:59,348 - INFO - [UTILITY] Processing synthetic dataset generated by TVAE...
2025-04-22 19:48:59,354 - INFO - [UTILITY] Synthetic Data (TVAE) - Training Size: 72336
2025-04-22 19:48:59,358 - INFO - [UTILITY] Target class distribution (TVAE): {'no': 65304, 'yes': 7032}
2025-04-22 19:48:59,360 - INFO - [UTILITY] Processing hybrid dataset generated by CTGAN...
2025-04-22 19:48:59,368 - INFO - [UTILITY] Hybrid Data (CTGAN_HYBRID) - Training Size: 72336
2025-04-22 19:48:59,372 - INFO - [UTILITY] Target class distribution (CTGAN_HYBRID): {'no': 52864, 'yes': 19472}
2025-04-22 19:48:59,375 - INFO - [UTILITY] Processing hybrid dataset generated by TVAE...
2025-04-22 19:48:59,385 - INFO - [UTILITY] Hybrid Data (TVAE_HYBRID) - Training Size: 72336
2025-04-22 19:48:59,389 - INFO - [UTILITY] Target class distribution (TVAE_HYBRID): {'no': 66032, 'yes': 6304}
2025-04-22 19:48:59,390 - INFO - [UTILITY] Training models on all datasets...
2025-04-22 19:48:59,390 - INFO - [UTILITY] Total datasets used for training: 5
2025-04-22 19:48:59,390 - INFO - [TRAINING] Training models from scratch...
2025-04-22 19:48:59,391 - INFO - [TRAINING] Starting training for dataset: Original — Rows: 36168, Features: 31
2025-04-22 19:48:59,391 - INFO - [TRAINING] Training DecisionTree on Original...
2025-04-22 19:48:59,709 - INFO - [TRAINING] DecisionTree trained successfully on Original in 0.31 sec
2025-04-22 19:48:59,709 - INFO - [TRAINING] Training KNN on Original...
2025-04-22 19:48:59,764 - INFO - [TRAINING] KNN trained successfully on Original in 0.05 sec
2025-04-22 19:48:59,764 - INFO - [TRAINING] Training LogisticRegression on Original...
2025-04-22 19:49:00,673 - INFO - [TRAINING] LogisticRegression trained successfully on Original in 0.91 sec
2025-04-22 19:49:00,673 - INFO - [TRAINING] Training RandomForest on Original...
2025-04-22 19:49:06,410 - INFO - [TRAINING] RandomForest trained successfully on Original in 5.74 sec
2025-04-22 19:49:06,410 - INFO - [TRAINING] Finished training 4 model(s) for dataset: Original
2025-04-22 19:49:06,411 - INFO - [TRAINING] Starting training for dataset: CTGAN — Rows: 72336, Features: 31
2025-04-22 19:49:06,411 - INFO - [TRAINING] Training DecisionTree on CTGAN...
2025-04-22 19:49:08,287 - INFO - [TRAINING] DecisionTree trained successfully on CTGAN in 1.88 sec
2025-04-22 19:49:08,287 - INFO - [TRAINING] Training KNN on CTGAN...
2025-04-22 19:49:08,474 - INFO - [TRAINING] KNN trained successfully on CTGAN in 0.19 sec
2025-04-22 19:49:08,474 - INFO - [TRAINING] Training LogisticRegression on CTGAN...
2025-04-22 19:49:09,518 - INFO - [TRAINING] LogisticRegression trained successfully on CTGAN in 1.04 sec
2025-04-22 19:49:09,518 - INFO - [TRAINING] Training RandomForest on CTGAN...
2025-04-22 19:49:28,249 - INFO - [TRAINING] RandomForest trained successfully on CTGAN in 18.73 sec
2025-04-22 19:49:28,249 - INFO - [TRAINING] Finished training 4 model(s) for dataset: CTGAN
2025-04-22 19:49:28,249 - INFO - [TRAINING] Starting training for dataset: TVAE — Rows: 72336, Features: 31
2025-04-22 19:49:28,250 - INFO - [TRAINING] Training DecisionTree on TVAE...
2025-04-22 19:49:28,865 - INFO - [TRAINING] DecisionTree trained successfully on TVAE in 0.61 sec
2025-04-22 19:49:28,865 - INFO - [TRAINING] Training KNN on TVAE...
2025-04-22 19:49:28,975 - INFO - [TRAINING] KNN trained successfully on TVAE in 0.11 sec
2025-04-22 19:49:28,975 - INFO - [TRAINING] Training LogisticRegression on TVAE...
2025-04-22 19:49:29,760 - INFO - [TRAINING] LogisticRegression trained successfully on TVAE in 0.78 sec
2025-04-22 19:49:29,761 - INFO - [TRAINING] Training RandomForest on TVAE...
2025-04-22 19:49:41,925 - INFO - [TRAINING] RandomForest trained successfully on TVAE in 12.16 sec
2025-04-22 19:49:41,925 - INFO - [TRAINING] Finished training 4 model(s) for dataset: TVAE
2025-04-22 19:49:41,926 - INFO - [TRAINING] Starting training for dataset: CTGAN_HYBRID — Rows: 72336, Features: 16
2025-04-22 19:49:41,926 - INFO - [TRAINING] Training DecisionTree on CTGAN_HYBRID...
2025-04-22 19:49:41,942 - ERROR -  ERROR Training failed for DecisionTree on CTGAN_HYBRID: could not convert string to float: 'blue-collar'
Traceback (most recent call last):
  File "/mnt/NVMETank/Projects/Students/Dele/A-STUDY-INTO-THE-QUALITY-AND-USABILITY-OF-PRIVACY-FRIENDLY-SYNTHETIC-DATA/src/modelOperations/model_training.py", line 53, in train_models
    model_instance.train(X_train, y_train)
  File "/mnt/NVMETank/Projects/Students/Dele/A-STUDY-INTO-THE-QUALITY-AND-USABILITY-OF-PRIVACY-FRIENDLY-SYNTHETIC-DATA/src/modelOperations/models.py", line 62, in train
    self.model.fit(X_train, y_train)
  File "/mnt/NVMETank/Projects/Students/Dele/A-STUDY-INTO-THE-QUALITY-AND-USABILITY-OF-PRIVACY-FRIENDLY-SYNTHETIC-DATA/.venv/lib/python3.12/site-packages/sklearn/base.py", line 1389, in wrapper
    return fit_method(estimator, *args, **kwargs)
           ^^^^^^^^^^^^^^^^^^^^^^^^^^^^^^^^^^^^^^
  File "/mnt/NVMETank/Projects/Students/Dele/A-STUDY-INTO-THE-QUALITY-AND-USABILITY-OF-PRIVACY-FRIENDLY-SYNTHETIC-DATA/.venv/lib/python3.12/site-packages/sklearn/tree/_classes.py", line 1024, in fit
    super()._fit(
  File "/mnt/NVMETank/Projects/Students/Dele/A-STUDY-INTO-THE-QUALITY-AND-USABILITY-OF-PRIVACY-FRIENDLY-SYNTHETIC-DATA/.venv/lib/python3.12/site-packages/sklearn/tree/_classes.py", line 252, in _fit
    X, y = validate_data(
           ^^^^^^^^^^^^^^
  File "/mnt/NVMETank/Projects/Students/Dele/A-STUDY-INTO-THE-QUALITY-AND-USABILITY-OF-PRIVACY-FRIENDLY-SYNTHETIC-DATA/.venv/lib/python3.12/site-packages/sklearn/utils/validation.py", line 2956, in validate_data
    X = check_array(X, input_name="X", **check_X_params)
        ^^^^^^^^^^^^^^^^^^^^^^^^^^^^^^^^^^^^^^^^^^^^^^^^
  File "/mnt/NVMETank/Projects/Students/Dele/A-STUDY-INTO-THE-QUALITY-AND-USABILITY-OF-PRIVACY-FRIENDLY-SYNTHETIC-DATA/.venv/lib/python3.12/site-packages/sklearn/utils/validation.py", line 1055, in check_array
    array = _asarray_with_order(array, order=order, dtype=dtype, xp=xp)
            ^^^^^^^^^^^^^^^^^^^^^^^^^^^^^^^^^^^^^^^^^^^^^^^^^^^^^^^^^^^
  File "/mnt/NVMETank/Projects/Students/Dele/A-STUDY-INTO-THE-QUALITY-AND-USABILITY-OF-PRIVACY-FRIENDLY-SYNTHETIC-DATA/.venv/lib/python3.12/site-packages/sklearn/utils/_array_api.py", line 839, in _asarray_with_order
    array = numpy.asarray(array, order=order, dtype=dtype)
            ^^^^^^^^^^^^^^^^^^^^^^^^^^^^^^^^^^^^^^^^^^^^^^
  File "/mnt/NVMETank/Projects/Students/Dele/A-STUDY-INTO-THE-QUALITY-AND-USABILITY-OF-PRIVACY-FRIENDLY-SYNTHETIC-DATA/.venv/lib/python3.12/site-packages/pandas/core/generic.py", line 2153, in __array__
    arr = np.asarray(values, dtype=dtype)
          ^^^^^^^^^^^^^^^^^^^^^^^^^^^^^^^
ValueError: could not convert string to float: 'blue-collar'
2025-04-22 19:49:41,952 - INFO - [TRAINING] Training KNN on CTGAN_HYBRID...
2025-04-22 19:49:41,967 - ERROR -  ERROR Training failed for KNN on CTGAN_HYBRID: could not convert string to float: 'blue-collar'
Traceback (most recent call last):
  File "/mnt/NVMETank/Projects/Students/Dele/A-STUDY-INTO-THE-QUALITY-AND-USABILITY-OF-PRIVACY-FRIENDLY-SYNTHETIC-DATA/src/modelOperations/model_training.py", line 53, in train_models
    model_instance.train(X_train, y_train)
  File "/mnt/NVMETank/Projects/Students/Dele/A-STUDY-INTO-THE-QUALITY-AND-USABILITY-OF-PRIVACY-FRIENDLY-SYNTHETIC-DATA/src/modelOperations/models.py", line 33, in train
    self.model.fit(X_train, y_train)
  File "/mnt/NVMETank/Projects/Students/Dele/A-STUDY-INTO-THE-QUALITY-AND-USABILITY-OF-PRIVACY-FRIENDLY-SYNTHETIC-DATA/.venv/lib/python3.12/site-packages/sklearn/base.py", line 1389, in wrapper
    return fit_method(estimator, *args, **kwargs)
           ^^^^^^^^^^^^^^^^^^^^^^^^^^^^^^^^^^^^^^
  File "/mnt/NVMETank/Projects/Students/Dele/A-STUDY-INTO-THE-QUALITY-AND-USABILITY-OF-PRIVACY-FRIENDLY-SYNTHETIC-DATA/.venv/lib/python3.12/site-packages/sklearn/neighbors/_classification.py", line 239, in fit
    return self._fit(X, y)
           ^^^^^^^^^^^^^^^
  File "/mnt/NVMETank/Projects/Students/Dele/A-STUDY-INTO-THE-QUALITY-AND-USABILITY-OF-PRIVACY-FRIENDLY-SYNTHETIC-DATA/.venv/lib/python3.12/site-packages/sklearn/neighbors/_base.py", line 478, in _fit
    X, y = validate_data(
           ^^^^^^^^^^^^^^
  File "/mnt/NVMETank/Projects/Students/Dele/A-STUDY-INTO-THE-QUALITY-AND-USABILITY-OF-PRIVACY-FRIENDLY-SYNTHETIC-DATA/.venv/lib/python3.12/site-packages/sklearn/utils/validation.py", line 2961, in validate_data
    X, y = check_X_y(X, y, **check_params)
           ^^^^^^^^^^^^^^^^^^^^^^^^^^^^^^^
  File "/mnt/NVMETank/Projects/Students/Dele/A-STUDY-INTO-THE-QUALITY-AND-USABILITY-OF-PRIVACY-FRIENDLY-SYNTHETIC-DATA/.venv/lib/python3.12/site-packages/sklearn/utils/validation.py", line 1370, in check_X_y
    X = check_array(
        ^^^^^^^^^^^^
  File "/mnt/NVMETank/Projects/Students/Dele/A-STUDY-INTO-THE-QUALITY-AND-USABILITY-OF-PRIVACY-FRIENDLY-SYNTHETIC-DATA/.venv/lib/python3.12/site-packages/sklearn/utils/validation.py", line 1055, in check_array
    array = _asarray_with_order(array, order=order, dtype=dtype, xp=xp)
            ^^^^^^^^^^^^^^^^^^^^^^^^^^^^^^^^^^^^^^^^^^^^^^^^^^^^^^^^^^^
  File "/mnt/NVMETank/Projects/Students/Dele/A-STUDY-INTO-THE-QUALITY-AND-USABILITY-OF-PRIVACY-FRIENDLY-SYNTHETIC-DATA/.venv/lib/python3.12/site-packages/sklearn/utils/_array_api.py", line 839, in _asarray_with_order
    array = numpy.asarray(array, order=order, dtype=dtype)
            ^^^^^^^^^^^^^^^^^^^^^^^^^^^^^^^^^^^^^^^^^^^^^^
  File "/mnt/NVMETank/Projects/Students/Dele/A-STUDY-INTO-THE-QUALITY-AND-USABILITY-OF-PRIVACY-FRIENDLY-SYNTHETIC-DATA/.venv/lib/python3.12/site-packages/pandas/core/generic.py", line 2153, in __array__
    arr = np.asarray(values, dtype=dtype)
          ^^^^^^^^^^^^^^^^^^^^^^^^^^^^^^^
ValueError: could not convert string to float: 'blue-collar'
2025-04-22 19:49:41,974 - INFO - [TRAINING] Training LogisticRegression on CTGAN_HYBRID...
2025-04-22 19:49:41,988 - ERROR -  ERROR Training failed for LogisticRegression on CTGAN_HYBRID: could not convert string to float: 'blue-collar'
Traceback (most recent call last):
  File "/mnt/NVMETank/Projects/Students/Dele/A-STUDY-INTO-THE-QUALITY-AND-USABILITY-OF-PRIVACY-FRIENDLY-SYNTHETIC-DATA/src/modelOperations/model_training.py", line 53, in train_models
    model_instance.train(X_train, y_train)
  File "/mnt/NVMETank/Projects/Students/Dele/A-STUDY-INTO-THE-QUALITY-AND-USABILITY-OF-PRIVACY-FRIENDLY-SYNTHETIC-DATA/src/modelOperations/models.py", line 18, in train
    self.model.fit(X_train, y_train)
  File "/mnt/NVMETank/Projects/Students/Dele/A-STUDY-INTO-THE-QUALITY-AND-USABILITY-OF-PRIVACY-FRIENDLY-SYNTHETIC-DATA/.venv/lib/python3.12/site-packages/sklearn/base.py", line 1389, in wrapper
    return fit_method(estimator, *args, **kwargs)
           ^^^^^^^^^^^^^^^^^^^^^^^^^^^^^^^^^^^^^^
  File "/mnt/NVMETank/Projects/Students/Dele/A-STUDY-INTO-THE-QUALITY-AND-USABILITY-OF-PRIVACY-FRIENDLY-SYNTHETIC-DATA/.venv/lib/python3.12/site-packages/sklearn/pipeline.py", line 654, in fit
    Xt = self._fit(X, y, routed_params, raw_params=params)
         ^^^^^^^^^^^^^^^^^^^^^^^^^^^^^^^^^^^^^^^^^^^^^^^^^
  File "/mnt/NVMETank/Projects/Students/Dele/A-STUDY-INTO-THE-QUALITY-AND-USABILITY-OF-PRIVACY-FRIENDLY-SYNTHETIC-DATA/.venv/lib/python3.12/site-packages/sklearn/pipeline.py", line 588, in _fit
    X, fitted_transformer = fit_transform_one_cached(
                            ^^^^^^^^^^^^^^^^^^^^^^^^^
  File "/mnt/NVMETank/Projects/Students/Dele/A-STUDY-INTO-THE-QUALITY-AND-USABILITY-OF-PRIVACY-FRIENDLY-SYNTHETIC-DATA/.venv/lib/python3.12/site-packages/joblib/memory.py", line 312, in __call__
    return self.func(*args, **kwargs)
           ^^^^^^^^^^^^^^^^^^^^^^^^^^
  File "/mnt/NVMETank/Projects/Students/Dele/A-STUDY-INTO-THE-QUALITY-AND-USABILITY-OF-PRIVACY-FRIENDLY-SYNTHETIC-DATA/.venv/lib/python3.12/site-packages/sklearn/pipeline.py", line 1551, in _fit_transform_one
    res = transformer.fit_transform(X, y, **params.get("fit_transform", {}))
          ^^^^^^^^^^^^^^^^^^^^^^^^^^^^^^^^^^^^^^^^^^^^^^^^^^^^^^^^^^^^^^^^^^
  File "/mnt/NVMETank/Projects/Students/Dele/A-STUDY-INTO-THE-QUALITY-AND-USABILITY-OF-PRIVACY-FRIENDLY-SYNTHETIC-DATA/.venv/lib/python3.12/site-packages/sklearn/utils/_set_output.py", line 319, in wrapped
    data_to_wrap = f(self, X, *args, **kwargs)
                   ^^^^^^^^^^^^^^^^^^^^^^^^^^^
  File "/mnt/NVMETank/Projects/Students/Dele/A-STUDY-INTO-THE-QUALITY-AND-USABILITY-OF-PRIVACY-FRIENDLY-SYNTHETIC-DATA/.venv/lib/python3.12/site-packages/sklearn/base.py", line 921, in fit_transform
    return self.fit(X, y, **fit_params).transform(X)
           ^^^^^^^^^^^^^^^^^^^^^^^^^^^^
  File "/mnt/NVMETank/Projects/Students/Dele/A-STUDY-INTO-THE-QUALITY-AND-USABILITY-OF-PRIVACY-FRIENDLY-SYNTHETIC-DATA/.venv/lib/python3.12/site-packages/sklearn/preprocessing/_data.py", line 894, in fit
    return self.partial_fit(X, y, sample_weight)
           ^^^^^^^^^^^^^^^^^^^^^^^^^^^^^^^^^^^^^
  File "/mnt/NVMETank/Projects/Students/Dele/A-STUDY-INTO-THE-QUALITY-AND-USABILITY-OF-PRIVACY-FRIENDLY-SYNTHETIC-DATA/.venv/lib/python3.12/site-packages/sklearn/base.py", line 1389, in wrapper
    return fit_method(estimator, *args, **kwargs)
           ^^^^^^^^^^^^^^^^^^^^^^^^^^^^^^^^^^^^^^
  File "/mnt/NVMETank/Projects/Students/Dele/A-STUDY-INTO-THE-QUALITY-AND-USABILITY-OF-PRIVACY-FRIENDLY-SYNTHETIC-DATA/.venv/lib/python3.12/site-packages/sklearn/preprocessing/_data.py", line 930, in partial_fit
    X = validate_data(
        ^^^^^^^^^^^^^^
  File "/mnt/NVMETank/Projects/Students/Dele/A-STUDY-INTO-THE-QUALITY-AND-USABILITY-OF-PRIVACY-FRIENDLY-SYNTHETIC-DATA/.venv/lib/python3.12/site-packages/sklearn/utils/validation.py", line 2944, in validate_data
    out = check_array(X, input_name="X", **check_params)
          ^^^^^^^^^^^^^^^^^^^^^^^^^^^^^^^^^^^^^^^^^^^^^^
  File "/mnt/NVMETank/Projects/Students/Dele/A-STUDY-INTO-THE-QUALITY-AND-USABILITY-OF-PRIVACY-FRIENDLY-SYNTHETIC-DATA/.venv/lib/python3.12/site-packages/sklearn/utils/validation.py", line 1055, in check_array
    array = _asarray_with_order(array, order=order, dtype=dtype, xp=xp)
            ^^^^^^^^^^^^^^^^^^^^^^^^^^^^^^^^^^^^^^^^^^^^^^^^^^^^^^^^^^^
  File "/mnt/NVMETank/Projects/Students/Dele/A-STUDY-INTO-THE-QUALITY-AND-USABILITY-OF-PRIVACY-FRIENDLY-SYNTHETIC-DATA/.venv/lib/python3.12/site-packages/sklearn/utils/_array_api.py", line 839, in _asarray_with_order
    array = numpy.asarray(array, order=order, dtype=dtype)
            ^^^^^^^^^^^^^^^^^^^^^^^^^^^^^^^^^^^^^^^^^^^^^^
  File "/mnt/NVMETank/Projects/Students/Dele/A-STUDY-INTO-THE-QUALITY-AND-USABILITY-OF-PRIVACY-FRIENDLY-SYNTHETIC-DATA/.venv/lib/python3.12/site-packages/pandas/core/generic.py", line 2153, in __array__
    arr = np.asarray(values, dtype=dtype)
          ^^^^^^^^^^^^^^^^^^^^^^^^^^^^^^^
ValueError: could not convert string to float: 'blue-collar'
2025-04-22 19:49:41,998 - INFO - [TRAINING] Training RandomForest on CTGAN_HYBRID...
2025-04-22 19:49:42,012 - ERROR -  ERROR Training failed for RandomForest on CTGAN_HYBRID: could not convert string to float: 'blue-collar'
Traceback (most recent call last):
  File "/mnt/NVMETank/Projects/Students/Dele/A-STUDY-INTO-THE-QUALITY-AND-USABILITY-OF-PRIVACY-FRIENDLY-SYNTHETIC-DATA/src/modelOperations/model_training.py", line 53, in train_models
    model_instance.train(X_train, y_train)
  File "/mnt/NVMETank/Projects/Students/Dele/A-STUDY-INTO-THE-QUALITY-AND-USABILITY-OF-PRIVACY-FRIENDLY-SYNTHETIC-DATA/src/modelOperations/models.py", line 48, in train
    self.model.fit(X_train, y_train)
  File "/mnt/NVMETank/Projects/Students/Dele/A-STUDY-INTO-THE-QUALITY-AND-USABILITY-OF-PRIVACY-FRIENDLY-SYNTHETIC-DATA/.venv/lib/python3.12/site-packages/sklearn/base.py", line 1389, in wrapper
    return fit_method(estimator, *args, **kwargs)
           ^^^^^^^^^^^^^^^^^^^^^^^^^^^^^^^^^^^^^^
  File "/mnt/NVMETank/Projects/Students/Dele/A-STUDY-INTO-THE-QUALITY-AND-USABILITY-OF-PRIVACY-FRIENDLY-SYNTHETIC-DATA/.venv/lib/python3.12/site-packages/sklearn/ensemble/_forest.py", line 360, in fit
    X, y = validate_data(
           ^^^^^^^^^^^^^^
  File "/mnt/NVMETank/Projects/Students/Dele/A-STUDY-INTO-THE-QUALITY-AND-USABILITY-OF-PRIVACY-FRIENDLY-SYNTHETIC-DATA/.venv/lib/python3.12/site-packages/sklearn/utils/validation.py", line 2961, in validate_data
    X, y = check_X_y(X, y, **check_params)
           ^^^^^^^^^^^^^^^^^^^^^^^^^^^^^^^
  File "/mnt/NVMETank/Projects/Students/Dele/A-STUDY-INTO-THE-QUALITY-AND-USABILITY-OF-PRIVACY-FRIENDLY-SYNTHETIC-DATA/.venv/lib/python3.12/site-packages/sklearn/utils/validation.py", line 1370, in check_X_y
    X = check_array(
        ^^^^^^^^^^^^
  File "/mnt/NVMETank/Projects/Students/Dele/A-STUDY-INTO-THE-QUALITY-AND-USABILITY-OF-PRIVACY-FRIENDLY-SYNTHETIC-DATA/.venv/lib/python3.12/site-packages/sklearn/utils/validation.py", line 1055, in check_array
    array = _asarray_with_order(array, order=order, dtype=dtype, xp=xp)
            ^^^^^^^^^^^^^^^^^^^^^^^^^^^^^^^^^^^^^^^^^^^^^^^^^^^^^^^^^^^
  File "/mnt/NVMETank/Projects/Students/Dele/A-STUDY-INTO-THE-QUALITY-AND-USABILITY-OF-PRIVACY-FRIENDLY-SYNTHETIC-DATA/.venv/lib/python3.12/site-packages/sklearn/utils/_array_api.py", line 839, in _asarray_with_order
    array = numpy.asarray(array, order=order, dtype=dtype)
            ^^^^^^^^^^^^^^^^^^^^^^^^^^^^^^^^^^^^^^^^^^^^^^
  File "/mnt/NVMETank/Projects/Students/Dele/A-STUDY-INTO-THE-QUALITY-AND-USABILITY-OF-PRIVACY-FRIENDLY-SYNTHETIC-DATA/.venv/lib/python3.12/site-packages/pandas/core/generic.py", line 2153, in __array__
    arr = np.asarray(values, dtype=dtype)
          ^^^^^^^^^^^^^^^^^^^^^^^^^^^^^^^
ValueError: could not convert string to float: 'blue-collar'
2025-04-22 19:49:42,021 - INFO - [TRAINING] Finished training 0 model(s) for dataset: CTGAN_HYBRID
2025-04-22 19:49:42,021 - INFO - [TRAINING] Starting training for dataset: TVAE_HYBRID — Rows: 72336, Features: 16
2025-04-22 19:49:42,021 - INFO - [TRAINING] Training DecisionTree on TVAE_HYBRID...
2025-04-22 19:49:42,036 - ERROR -  ERROR Training failed for DecisionTree on TVAE_HYBRID: could not convert string to float: 'blue-collar'
Traceback (most recent call last):
  File "/mnt/NVMETank/Projects/Students/Dele/A-STUDY-INTO-THE-QUALITY-AND-USABILITY-OF-PRIVACY-FRIENDLY-SYNTHETIC-DATA/src/modelOperations/model_training.py", line 53, in train_models
    model_instance.train(X_train, y_train)
  File "/mnt/NVMETank/Projects/Students/Dele/A-STUDY-INTO-THE-QUALITY-AND-USABILITY-OF-PRIVACY-FRIENDLY-SYNTHETIC-DATA/src/modelOperations/models.py", line 62, in train
    self.model.fit(X_train, y_train)
  File "/mnt/NVMETank/Projects/Students/Dele/A-STUDY-INTO-THE-QUALITY-AND-USABILITY-OF-PRIVACY-FRIENDLY-SYNTHETIC-DATA/.venv/lib/python3.12/site-packages/sklearn/base.py", line 1389, in wrapper
    return fit_method(estimator, *args, **kwargs)
           ^^^^^^^^^^^^^^^^^^^^^^^^^^^^^^^^^^^^^^
  File "/mnt/NVMETank/Projects/Students/Dele/A-STUDY-INTO-THE-QUALITY-AND-USABILITY-OF-PRIVACY-FRIENDLY-SYNTHETIC-DATA/.venv/lib/python3.12/site-packages/sklearn/tree/_classes.py", line 1024, in fit
    super()._fit(
  File "/mnt/NVMETank/Projects/Students/Dele/A-STUDY-INTO-THE-QUALITY-AND-USABILITY-OF-PRIVACY-FRIENDLY-SYNTHETIC-DATA/.venv/lib/python3.12/site-packages/sklearn/tree/_classes.py", line 252, in _fit
    X, y = validate_data(
           ^^^^^^^^^^^^^^
  File "/mnt/NVMETank/Projects/Students/Dele/A-STUDY-INTO-THE-QUALITY-AND-USABILITY-OF-PRIVACY-FRIENDLY-SYNTHETIC-DATA/.venv/lib/python3.12/site-packages/sklearn/utils/validation.py", line 2956, in validate_data
    X = check_array(X, input_name="X", **check_X_params)
        ^^^^^^^^^^^^^^^^^^^^^^^^^^^^^^^^^^^^^^^^^^^^^^^^
  File "/mnt/NVMETank/Projects/Students/Dele/A-STUDY-INTO-THE-QUALITY-AND-USABILITY-OF-PRIVACY-FRIENDLY-SYNTHETIC-DATA/.venv/lib/python3.12/site-packages/sklearn/utils/validation.py", line 1055, in check_array
    array = _asarray_with_order(array, order=order, dtype=dtype, xp=xp)
            ^^^^^^^^^^^^^^^^^^^^^^^^^^^^^^^^^^^^^^^^^^^^^^^^^^^^^^^^^^^
  File "/mnt/NVMETank/Projects/Students/Dele/A-STUDY-INTO-THE-QUALITY-AND-USABILITY-OF-PRIVACY-FRIENDLY-SYNTHETIC-DATA/.venv/lib/python3.12/site-packages/sklearn/utils/_array_api.py", line 839, in _asarray_with_order
    array = numpy.asarray(array, order=order, dtype=dtype)
            ^^^^^^^^^^^^^^^^^^^^^^^^^^^^^^^^^^^^^^^^^^^^^^
  File "/mnt/NVMETank/Projects/Students/Dele/A-STUDY-INTO-THE-QUALITY-AND-USABILITY-OF-PRIVACY-FRIENDLY-SYNTHETIC-DATA/.venv/lib/python3.12/site-packages/pandas/core/generic.py", line 2153, in __array__
    arr = np.asarray(values, dtype=dtype)
          ^^^^^^^^^^^^^^^^^^^^^^^^^^^^^^^
ValueError: could not convert string to float: 'blue-collar'
2025-04-22 19:49:42,044 - INFO - [TRAINING] Training KNN on TVAE_HYBRID...
2025-04-22 19:49:42,058 - ERROR -  ERROR Training failed for KNN on TVAE_HYBRID: could not convert string to float: 'blue-collar'
Traceback (most recent call last):
  File "/mnt/NVMETank/Projects/Students/Dele/A-STUDY-INTO-THE-QUALITY-AND-USABILITY-OF-PRIVACY-FRIENDLY-SYNTHETIC-DATA/src/modelOperations/model_training.py", line 53, in train_models
    model_instance.train(X_train, y_train)
  File "/mnt/NVMETank/Projects/Students/Dele/A-STUDY-INTO-THE-QUALITY-AND-USABILITY-OF-PRIVACY-FRIENDLY-SYNTHETIC-DATA/src/modelOperations/models.py", line 33, in train
    self.model.fit(X_train, y_train)
  File "/mnt/NVMETank/Projects/Students/Dele/A-STUDY-INTO-THE-QUALITY-AND-USABILITY-OF-PRIVACY-FRIENDLY-SYNTHETIC-DATA/.venv/lib/python3.12/site-packages/sklearn/base.py", line 1389, in wrapper
    return fit_method(estimator, *args, **kwargs)
           ^^^^^^^^^^^^^^^^^^^^^^^^^^^^^^^^^^^^^^
  File "/mnt/NVMETank/Projects/Students/Dele/A-STUDY-INTO-THE-QUALITY-AND-USABILITY-OF-PRIVACY-FRIENDLY-SYNTHETIC-DATA/.venv/lib/python3.12/site-packages/sklearn/neighbors/_classification.py", line 239, in fit
    return self._fit(X, y)
           ^^^^^^^^^^^^^^^
  File "/mnt/NVMETank/Projects/Students/Dele/A-STUDY-INTO-THE-QUALITY-AND-USABILITY-OF-PRIVACY-FRIENDLY-SYNTHETIC-DATA/.venv/lib/python3.12/site-packages/sklearn/neighbors/_base.py", line 478, in _fit
    X, y = validate_data(
           ^^^^^^^^^^^^^^
  File "/mnt/NVMETank/Projects/Students/Dele/A-STUDY-INTO-THE-QUALITY-AND-USABILITY-OF-PRIVACY-FRIENDLY-SYNTHETIC-DATA/.venv/lib/python3.12/site-packages/sklearn/utils/validation.py", line 2961, in validate_data
    X, y = check_X_y(X, y, **check_params)
           ^^^^^^^^^^^^^^^^^^^^^^^^^^^^^^^
  File "/mnt/NVMETank/Projects/Students/Dele/A-STUDY-INTO-THE-QUALITY-AND-USABILITY-OF-PRIVACY-FRIENDLY-SYNTHETIC-DATA/.venv/lib/python3.12/site-packages/sklearn/utils/validation.py", line 1370, in check_X_y
    X = check_array(
        ^^^^^^^^^^^^
  File "/mnt/NVMETank/Projects/Students/Dele/A-STUDY-INTO-THE-QUALITY-AND-USABILITY-OF-PRIVACY-FRIENDLY-SYNTHETIC-DATA/.venv/lib/python3.12/site-packages/sklearn/utils/validation.py", line 1055, in check_array
    array = _asarray_with_order(array, order=order, dtype=dtype, xp=xp)
            ^^^^^^^^^^^^^^^^^^^^^^^^^^^^^^^^^^^^^^^^^^^^^^^^^^^^^^^^^^^
  File "/mnt/NVMETank/Projects/Students/Dele/A-STUDY-INTO-THE-QUALITY-AND-USABILITY-OF-PRIVACY-FRIENDLY-SYNTHETIC-DATA/.venv/lib/python3.12/site-packages/sklearn/utils/_array_api.py", line 839, in _asarray_with_order
    array = numpy.asarray(array, order=order, dtype=dtype)
            ^^^^^^^^^^^^^^^^^^^^^^^^^^^^^^^^^^^^^^^^^^^^^^
  File "/mnt/NVMETank/Projects/Students/Dele/A-STUDY-INTO-THE-QUALITY-AND-USABILITY-OF-PRIVACY-FRIENDLY-SYNTHETIC-DATA/.venv/lib/python3.12/site-packages/pandas/core/generic.py", line 2153, in __array__
    arr = np.asarray(values, dtype=dtype)
          ^^^^^^^^^^^^^^^^^^^^^^^^^^^^^^^
ValueError: could not convert string to float: 'blue-collar'
2025-04-22 19:49:42,065 - INFO - [TRAINING] Training LogisticRegression on TVAE_HYBRID...
2025-04-22 19:49:42,079 - ERROR -  ERROR Training failed for LogisticRegression on TVAE_HYBRID: could not convert string to float: 'blue-collar'
Traceback (most recent call last):
  File "/mnt/NVMETank/Projects/Students/Dele/A-STUDY-INTO-THE-QUALITY-AND-USABILITY-OF-PRIVACY-FRIENDLY-SYNTHETIC-DATA/src/modelOperations/model_training.py", line 53, in train_models
    model_instance.train(X_train, y_train)
  File "/mnt/NVMETank/Projects/Students/Dele/A-STUDY-INTO-THE-QUALITY-AND-USABILITY-OF-PRIVACY-FRIENDLY-SYNTHETIC-DATA/src/modelOperations/models.py", line 18, in train
    self.model.fit(X_train, y_train)
  File "/mnt/NVMETank/Projects/Students/Dele/A-STUDY-INTO-THE-QUALITY-AND-USABILITY-OF-PRIVACY-FRIENDLY-SYNTHETIC-DATA/.venv/lib/python3.12/site-packages/sklearn/base.py", line 1389, in wrapper
    return fit_method(estimator, *args, **kwargs)
           ^^^^^^^^^^^^^^^^^^^^^^^^^^^^^^^^^^^^^^
  File "/mnt/NVMETank/Projects/Students/Dele/A-STUDY-INTO-THE-QUALITY-AND-USABILITY-OF-PRIVACY-FRIENDLY-SYNTHETIC-DATA/.venv/lib/python3.12/site-packages/sklearn/pipeline.py", line 654, in fit
    Xt = self._fit(X, y, routed_params, raw_params=params)
         ^^^^^^^^^^^^^^^^^^^^^^^^^^^^^^^^^^^^^^^^^^^^^^^^^
  File "/mnt/NVMETank/Projects/Students/Dele/A-STUDY-INTO-THE-QUALITY-AND-USABILITY-OF-PRIVACY-FRIENDLY-SYNTHETIC-DATA/.venv/lib/python3.12/site-packages/sklearn/pipeline.py", line 588, in _fit
    X, fitted_transformer = fit_transform_one_cached(
                            ^^^^^^^^^^^^^^^^^^^^^^^^^
  File "/mnt/NVMETank/Projects/Students/Dele/A-STUDY-INTO-THE-QUALITY-AND-USABILITY-OF-PRIVACY-FRIENDLY-SYNTHETIC-DATA/.venv/lib/python3.12/site-packages/joblib/memory.py", line 312, in __call__
    return self.func(*args, **kwargs)
           ^^^^^^^^^^^^^^^^^^^^^^^^^^
  File "/mnt/NVMETank/Projects/Students/Dele/A-STUDY-INTO-THE-QUALITY-AND-USABILITY-OF-PRIVACY-FRIENDLY-SYNTHETIC-DATA/.venv/lib/python3.12/site-packages/sklearn/pipeline.py", line 1551, in _fit_transform_one
    res = transformer.fit_transform(X, y, **params.get("fit_transform", {}))
          ^^^^^^^^^^^^^^^^^^^^^^^^^^^^^^^^^^^^^^^^^^^^^^^^^^^^^^^^^^^^^^^^^^
  File "/mnt/NVMETank/Projects/Students/Dele/A-STUDY-INTO-THE-QUALITY-AND-USABILITY-OF-PRIVACY-FRIENDLY-SYNTHETIC-DATA/.venv/lib/python3.12/site-packages/sklearn/utils/_set_output.py", line 319, in wrapped
    data_to_wrap = f(self, X, *args, **kwargs)
                   ^^^^^^^^^^^^^^^^^^^^^^^^^^^
  File "/mnt/NVMETank/Projects/Students/Dele/A-STUDY-INTO-THE-QUALITY-AND-USABILITY-OF-PRIVACY-FRIENDLY-SYNTHETIC-DATA/.venv/lib/python3.12/site-packages/sklearn/base.py", line 921, in fit_transform
    return self.fit(X, y, **fit_params).transform(X)
           ^^^^^^^^^^^^^^^^^^^^^^^^^^^^
  File "/mnt/NVMETank/Projects/Students/Dele/A-STUDY-INTO-THE-QUALITY-AND-USABILITY-OF-PRIVACY-FRIENDLY-SYNTHETIC-DATA/.venv/lib/python3.12/site-packages/sklearn/preprocessing/_data.py", line 894, in fit
    return self.partial_fit(X, y, sample_weight)
           ^^^^^^^^^^^^^^^^^^^^^^^^^^^^^^^^^^^^^
  File "/mnt/NVMETank/Projects/Students/Dele/A-STUDY-INTO-THE-QUALITY-AND-USABILITY-OF-PRIVACY-FRIENDLY-SYNTHETIC-DATA/.venv/lib/python3.12/site-packages/sklearn/base.py", line 1389, in wrapper
    return fit_method(estimator, *args, **kwargs)
           ^^^^^^^^^^^^^^^^^^^^^^^^^^^^^^^^^^^^^^
  File "/mnt/NVMETank/Projects/Students/Dele/A-STUDY-INTO-THE-QUALITY-AND-USABILITY-OF-PRIVACY-FRIENDLY-SYNTHETIC-DATA/.venv/lib/python3.12/site-packages/sklearn/preprocessing/_data.py", line 930, in partial_fit
    X = validate_data(
        ^^^^^^^^^^^^^^
  File "/mnt/NVMETank/Projects/Students/Dele/A-STUDY-INTO-THE-QUALITY-AND-USABILITY-OF-PRIVACY-FRIENDLY-SYNTHETIC-DATA/.venv/lib/python3.12/site-packages/sklearn/utils/validation.py", line 2944, in validate_data
    out = check_array(X, input_name="X", **check_params)
          ^^^^^^^^^^^^^^^^^^^^^^^^^^^^^^^^^^^^^^^^^^^^^^
  File "/mnt/NVMETank/Projects/Students/Dele/A-STUDY-INTO-THE-QUALITY-AND-USABILITY-OF-PRIVACY-FRIENDLY-SYNTHETIC-DATA/.venv/lib/python3.12/site-packages/sklearn/utils/validation.py", line 1055, in check_array
    array = _asarray_with_order(array, order=order, dtype=dtype, xp=xp)
            ^^^^^^^^^^^^^^^^^^^^^^^^^^^^^^^^^^^^^^^^^^^^^^^^^^^^^^^^^^^
  File "/mnt/NVMETank/Projects/Students/Dele/A-STUDY-INTO-THE-QUALITY-AND-USABILITY-OF-PRIVACY-FRIENDLY-SYNTHETIC-DATA/.venv/lib/python3.12/site-packages/sklearn/utils/_array_api.py", line 839, in _asarray_with_order
    array = numpy.asarray(array, order=order, dtype=dtype)
            ^^^^^^^^^^^^^^^^^^^^^^^^^^^^^^^^^^^^^^^^^^^^^^
  File "/mnt/NVMETank/Projects/Students/Dele/A-STUDY-INTO-THE-QUALITY-AND-USABILITY-OF-PRIVACY-FRIENDLY-SYNTHETIC-DATA/.venv/lib/python3.12/site-packages/pandas/core/generic.py", line 2153, in __array__
    arr = np.asarray(values, dtype=dtype)
          ^^^^^^^^^^^^^^^^^^^^^^^^^^^^^^^
ValueError: could not convert string to float: 'blue-collar'
2025-04-22 19:49:42,089 - INFO - [TRAINING] Training RandomForest on TVAE_HYBRID...
2025-04-22 19:49:42,104 - ERROR -  ERROR Training failed for RandomForest on TVAE_HYBRID: could not convert string to float: 'blue-collar'
Traceback (most recent call last):
  File "/mnt/NVMETank/Projects/Students/Dele/A-STUDY-INTO-THE-QUALITY-AND-USABILITY-OF-PRIVACY-FRIENDLY-SYNTHETIC-DATA/src/modelOperations/model_training.py", line 53, in train_models
    model_instance.train(X_train, y_train)
  File "/mnt/NVMETank/Projects/Students/Dele/A-STUDY-INTO-THE-QUALITY-AND-USABILITY-OF-PRIVACY-FRIENDLY-SYNTHETIC-DATA/src/modelOperations/models.py", line 48, in train
    self.model.fit(X_train, y_train)
  File "/mnt/NVMETank/Projects/Students/Dele/A-STUDY-INTO-THE-QUALITY-AND-USABILITY-OF-PRIVACY-FRIENDLY-SYNTHETIC-DATA/.venv/lib/python3.12/site-packages/sklearn/base.py", line 1389, in wrapper
    return fit_method(estimator, *args, **kwargs)
           ^^^^^^^^^^^^^^^^^^^^^^^^^^^^^^^^^^^^^^
  File "/mnt/NVMETank/Projects/Students/Dele/A-STUDY-INTO-THE-QUALITY-AND-USABILITY-OF-PRIVACY-FRIENDLY-SYNTHETIC-DATA/.venv/lib/python3.12/site-packages/sklearn/ensemble/_forest.py", line 360, in fit
    X, y = validate_data(
           ^^^^^^^^^^^^^^
  File "/mnt/NVMETank/Projects/Students/Dele/A-STUDY-INTO-THE-QUALITY-AND-USABILITY-OF-PRIVACY-FRIENDLY-SYNTHETIC-DATA/.venv/lib/python3.12/site-packages/sklearn/utils/validation.py", line 2961, in validate_data
    X, y = check_X_y(X, y, **check_params)
           ^^^^^^^^^^^^^^^^^^^^^^^^^^^^^^^
  File "/mnt/NVMETank/Projects/Students/Dele/A-STUDY-INTO-THE-QUALITY-AND-USABILITY-OF-PRIVACY-FRIENDLY-SYNTHETIC-DATA/.venv/lib/python3.12/site-packages/sklearn/utils/validation.py", line 1370, in check_X_y
    X = check_array(
        ^^^^^^^^^^^^
  File "/mnt/NVMETank/Projects/Students/Dele/A-STUDY-INTO-THE-QUALITY-AND-USABILITY-OF-PRIVACY-FRIENDLY-SYNTHETIC-DATA/.venv/lib/python3.12/site-packages/sklearn/utils/validation.py", line 1055, in check_array
    array = _asarray_with_order(array, order=order, dtype=dtype, xp=xp)
            ^^^^^^^^^^^^^^^^^^^^^^^^^^^^^^^^^^^^^^^^^^^^^^^^^^^^^^^^^^^
  File "/mnt/NVMETank/Projects/Students/Dele/A-STUDY-INTO-THE-QUALITY-AND-USABILITY-OF-PRIVACY-FRIENDLY-SYNTHETIC-DATA/.venv/lib/python3.12/site-packages/sklearn/utils/_array_api.py", line 839, in _asarray_with_order
    array = numpy.asarray(array, order=order, dtype=dtype)
            ^^^^^^^^^^^^^^^^^^^^^^^^^^^^^^^^^^^^^^^^^^^^^^
  File "/mnt/NVMETank/Projects/Students/Dele/A-STUDY-INTO-THE-QUALITY-AND-USABILITY-OF-PRIVACY-FRIENDLY-SYNTHETIC-DATA/.venv/lib/python3.12/site-packages/pandas/core/generic.py", line 2153, in __array__
    arr = np.asarray(values, dtype=dtype)
          ^^^^^^^^^^^^^^^^^^^^^^^^^^^^^^^
ValueError: could not convert string to float: 'blue-collar'
2025-04-22 19:49:42,112 - INFO - [TRAINING] Finished training 0 model(s) for dataset: TVAE_HYBRID
2025-04-22 19:49:42,113 - INFO - [TRAINING] Total models trained across all datasets: 12
2025-04-22 19:49:42,113 - INFO - [UTILITY] Trained model names: ['Original', 'CTGAN', 'TVAE', 'CTGAN_HYBRID', 'TVAE_HYBRID']
2025-04-22 19:49:42,114 - INFO - [UTILITY] Model Training Completed.
2025-04-22 19:49:42,114 - INFO - Starting the Evaluating of models...
2025-04-22 19:49:42,115 - INFO - Preparing evaluation for model 'DecisionTree' across all datasets...
2025-04-22 19:49:42,115 - INFO - Evaluating DecisionTree on Original...
2025-04-22 19:49:42,119 - INFO - Predictions completed for DecisionTree on Original
2025-04-22 19:49:42,120 - INFO - Prediction distribution for DecisionTree on Original: {'no': 7995, 'yes': 1048}
2025-04-22 19:49:42,291 - INFO - Computed 8 metric(s) for DecisionTree on Original
2025-04-22 19:49:42,292 - INFO - Evaluating DecisionTree on CTGAN...
2025-04-22 19:49:42,296 - INFO - Predictions completed for DecisionTree on CTGAN
2025-04-22 19:49:42,298 - INFO - Prediction distribution for DecisionTree on CTGAN: {'no': 7625, 'yes': 1418}
2025-04-22 19:49:42,480 - INFO - Computed 8 metric(s) for DecisionTree on CTGAN
2025-04-22 19:49:42,481 - INFO - Evaluating DecisionTree on TVAE...
2025-04-22 19:49:42,484 - INFO - Predictions completed for DecisionTree on TVAE
2025-04-22 19:49:42,485 - INFO - Prediction distribution for DecisionTree on TVAE: {'no': 7438, 'yes': 1605}
2025-04-22 19:49:42,673 - INFO - Computed 8 metric(s) for DecisionTree on TVAE
2025-04-22 19:49:42,674 - INFO - Preparing evaluation for model 'KNN' across all datasets...
2025-04-22 19:49:42,674 - INFO - Evaluating KNN on Original...
2025-04-22 19:49:46,024 - INFO - Predictions completed for KNN on Original
2025-04-22 19:49:46,025 - INFO - Prediction distribution for KNN on Original: {'no': 8435, 'yes': 608}
2025-04-22 19:49:52,967 - INFO - Computed 8 metric(s) for KNN on Original
2025-04-22 19:49:52,967 - INFO - Evaluating KNN on CTGAN...
2025-04-22 19:49:59,226 - INFO - Predictions completed for KNN on CTGAN
2025-04-22 19:49:59,228 - INFO - Prediction distribution for KNN on CTGAN: {'no': 8738, 'yes': 305}
2025-04-22 19:50:11,514 - INFO - Computed 8 metric(s) for KNN on CTGAN
2025-04-22 19:50:11,515 - INFO - Evaluating KNN on TVAE...
2025-04-22 19:50:18,720 - INFO - Predictions completed for KNN on TVAE
2025-04-22 19:50:18,722 - INFO - Prediction distribution for KNN on TVAE: {'no': 7835, 'yes': 1208}
2025-04-22 19:50:29,378 - INFO - Computed 8 metric(s) for KNN on TVAE
2025-04-22 19:50:29,378 - INFO - Preparing evaluation for model 'LogisticRegression' across all datasets...
2025-04-22 19:50:29,378 - INFO - Evaluating LogisticRegression on Original...
2025-04-22 19:50:29,380 - INFO - Predictions completed for LogisticRegression on Original
2025-04-22 19:50:29,381 - INFO - Prediction distribution for LogisticRegression on Original: {'no': 8497, 'yes': 546}
2025-04-22 19:50:29,472 - INFO - Computed 8 metric(s) for LogisticRegression on Original
2025-04-22 19:50:29,472 - INFO - Evaluating LogisticRegression on CTGAN...
2025-04-22 19:50:29,474 - INFO - Predictions completed for LogisticRegression on CTGAN
2025-04-22 19:50:29,474 - INFO - Prediction distribution for LogisticRegression on CTGAN: {'no': 8705, 'yes': 338}
2025-04-22 19:50:29,565 - INFO - Computed 8 metric(s) for LogisticRegression on CTGAN
2025-04-22 19:50:29,565 - INFO - Evaluating LogisticRegression on TVAE...
2025-04-22 19:50:29,567 - INFO - Predictions completed for LogisticRegression on TVAE
2025-04-22 19:50:29,568 - INFO - Prediction distribution for LogisticRegression on TVAE: {'no': 7750, 'yes': 1293}
2025-04-22 19:50:29,663 - INFO - Computed 8 metric(s) for LogisticRegression on TVAE
2025-04-22 19:50:29,663 - INFO - Preparing evaluation for model 'RandomForest' across all datasets...
2025-04-22 19:50:29,663 - INFO - Evaluating RandomForest on Original...
2025-04-22 19:50:29,752 - INFO - Predictions completed for RandomForest on Original
2025-04-22 19:50:29,753 - INFO - Prediction distribution for RandomForest on Original: {'no': 8442, 'yes': 601}
2025-04-22 19:50:30,028 - INFO - Computed 8 metric(s) for RandomForest on Original
2025-04-22 19:50:30,028 - INFO - Evaluating RandomForest on CTGAN...
2025-04-22 19:50:30,163 - INFO - Predictions completed for RandomForest on CTGAN
2025-04-22 19:50:30,163 - INFO - Prediction distribution for RandomForest on CTGAN: {'no': 8772, 'yes': 271}
2025-04-22 19:50:30,518 - INFO - Computed 8 metric(s) for RandomForest on CTGAN
2025-04-22 19:50:30,518 - INFO - Evaluating RandomForest on TVAE...
2025-04-22 19:50:30,596 - INFO - Predictions completed for RandomForest on TVAE
2025-04-22 19:50:30,597 - INFO - Prediction distribution for RandomForest on TVAE: {'no': 7633, 'yes': 1410}
2025-04-22 19:50:30,850 - INFO - Computed 8 metric(s) for RandomForest on TVAE
2025-04-22 19:50:30,853 - INFO - Evaluation completed for all models.
2025-04-22 19:50:30,853 - INFO - Model evaluation completed in 48.74 seconds.
2025-04-22 19:50:30,854 - INFO - Evaluated models: ['DecisionTree', 'KNN', 'LogisticRegression', 'RandomForest']
2025-04-22 19:50:30,854 - INFO - Model Training and Evaluation completed.
2025-04-22 19:50:31,407 - INFO -  Visualizations saved.
2025-04-22 19:50:31,407 - INFO -  Benchmarking Completed. Results saved in output folder.
